{
  "param_sensitivity": {
    "mom_w": {
      "baseline": 0.35,
      "baseline_sharpe": 1.215626903096881,
      "+10%": {
        "value": 0.38499999999999995,
        "sharpe": 1.0198520443261971,
        "delta_sharpe": -0.1957748587706838,
        "annual_return": 0.13773863214350368,
        "max_drawdown": 0.15497514970694043,
        "delta_ret": -0.018809522296634462,
        "delta_dd": 0.07913780725374137
      },
      "-10%": {
        "value": 0.315,
        "sharpe": 1.1038421141336514,
        "delta_sharpe": -0.11178478896322952,
        "annual_return": 0.1411418209395039,
        "max_drawdown": 0.09659035776221263,
        "delta_ret": -0.01540633350063425,
        "delta_dd": 0.020753015309013564
      }
    },
    "vol_w": {
      "baseline": 0.3,
      "baseline_sharpe": 1.215626903096881,
      "+10%": {
        "value": 0.32999999999999996,
        "sharpe": 1.105918633291804,
        "delta_sharpe": -0.10970826980507686,
        "annual_return": 0.1413845780806542,
        "max_drawdown": 0.09659035776221239,
        "delta_ret": -0.015163576359483955,
        "delta_dd": 0.02075301530901333
      },
      "-10%": {
        "value": 0.27,
        "sharpe": 1.0142355627927235,
        "delta_sharpe": -0.2013913403041574,
        "annual_return": 0.1371559480406661,
        "max_drawdown": 0.15497514970694043,
        "delta_ret": -0.019392206399472034,
        "delta_dd": 0.07913780725374137
      }
    },
    "def_alloc": {
      "baseline": 0.25,
      "baseline_sharpe": 1.215626903096881,
      "+10%": {
        "value": 0.275,
        "sharpe": 1.2008060223636832,
        "delta_sharpe": -0.014820880733197761,
        "annual_return": 0.15338296082916414,
        "max_drawdown": 0.07696757191622013,
        "delta_ret": -0.003165193610974004,
        "delta_dd": 0.0011302294630210624
      },
      "-10%": {
        "value": 0.225,
        "sharpe": 1.223385792513886,
        "delta_sharpe": 0.007758889417005088,
        "annual_return": 0.159008696997607,
        "max_drawdown": 0.07584431022279702,
        "delta_ret": 0.002460542557468859,
        "delta_dd": 6.967769597951423e-06
      }
    },
    "stop_loss": {
      "baseline": 0.08,
      "baseline_sharpe": 1.215626903096881,
      "+10%": {
        "value": 0.088,
        "sharpe": 1.215626903096881,
        "delta_sharpe": 0.0,
        "annual_return": 0.15654815444013814,
        "max_drawdown": 0.07583734245319906,
        "delta_ret": 0.0,
        "delta_dd": 0.0
      },
      "-10%": {
        "value": 0.07200000000000001,
        "sharpe": 1.1772356899677239,
        "delta_sharpe": -0.038391213129157054,
        "annual_return": 0.15034395473859896,
        "max_drawdown": 0.07583734245319906,
        "delta_ret": -0.006204199701539181,
        "delta_dd": 0.0
      }
    },
    "top_n": {
      "baseline": 2,
      "baseline_sharpe": 1.215626903096881,
      "+10%": {
        "value": 3,
        "sharpe": 0.7555216573081204,
        "delta_sharpe": -0.46010524578876055,
        "annual_return": 0.10404835348401353,
        "max_drawdown": 0.187804942521529,
        "delta_ret": -0.05249980095612461,
        "delta_dd": 0.11196760006832993
      },
      "-10%": {
        "value": 1,
        "sharpe": 0.8655610094134335,
        "delta_sharpe": -0.3500658936834474,
        "annual_return": 0.11245713804096424,
        "max_drawdown": 0.1488720538533186,
        "delta_ret": -0.0440910163991739,
        "delta_dd": 0.07303471140011952
      }
    }
  },
  "walk_forward": {
    "windows": [
      {
        "window": 0,
        "test_start": "2016-05-20",
        "test_end": "2017-05-20",
        "annual_return": 0.03605700469273976,
        "max_drawdown": 0.034822595338969434,
        "sharpe_ratio": 0.1666633885138962,
        "calmar_ratio": 1.0354485167390415,
        "win_rate": 0.5483870967741935,
        "total_weeks": 31
      },
      {
        "window": 1,
        "test_start": "2017-05-20",
        "test_end": "2018-05-20",
        "annual_return": 0.03103269388483798,
        "max_drawdown": 0.07188213658943142,
        "sharpe_ratio": 0.1045116398332403,
        "calmar_ratio": 0.43171635342570785,
        "win_rate": 0.5483870967741935,
        "total_weeks": 31
      },
      {
        "window": 2,
        "test_start": "2018-05-20",
        "test_end": "2019-05-20",
        "annual_return": 0.08065244701299878,
        "max_drawdown": 0.04397027405787167,
        "sharpe_ratio": 0.596907508160655,
        "calmar_ratio": 1.83424935916587,
        "win_rate": 0.53125,
        "total_weeks": 32
      },
      {
        "window": 3,
        "test_start": "2019-05-20",
        "test_end": "2020-05-20",
        "annual_return": 0.15508140448169083,
        "max_drawdown": 0.07241106395628362,
        "sharpe_ratio": 1.119727749281136,
        "calmar_ratio": 2.1416810637572925,
        "win_rate": 0.6451612903225806,
        "total_weeks": 31
      },
      {
        "window": 4,
        "test_start": "2020-05-20",
        "test_end": "2021-05-20",
        "annual_return": 0.06447045011752706,
        "max_drawdown": 0.06611155999171743,
        "sharpe_ratio": 0.4954293014213099,
        "calmar_ratio": 0.975176657843258,
        "win_rate": 0.5483870967741935,
        "total_weeks": 31
      },
      {
        "window": 5,
        "test_start": "2021-05-20",
        "test_end": "2022-05-20",
        "annual_return": -0.014711238779836266,
        "max_drawdown": 0.04685976024271928,
        "sharpe_ratio": -0.3867627139475527,
        "calmar_ratio": -0.3139418277779598,
        "win_rate": 0.5161290322580645,
        "total_weeks": 31
      },
      {
        "window": 6,
        "test_start": "2022-05-20",
        "test_end": "2023-05-20",
        "annual_return": 0.2608650238088399,
        "max_drawdown": 0.02997040115938884,
        "sharpe_ratio": 2.597196284632326,
        "calmar_ratio": 8.704088491225237,
        "win_rate": 0.7096774193548387,
        "total_weeks": 31
      },
      {
        "window": 7,
        "test_start": "2023-05-20",
        "test_end": "2024-05-20",
        "annual_return": 0.2945299663553025,
        "max_drawdown": 0.023607413568585027,
        "sharpe_ratio": 3.532542447741056,
        "calmar_ratio": 12.47616412952755,
        "win_rate": 0.75,
        "total_weeks": 32
      },
      {
        "window": 8,
        "test_start": "2024-05-20",
        "test_end": "2025-05-20",
        "annual_return": 0.18311397354747938,
        "max_drawdown": 0.034636629009197145,
        "sharpe_ratio": 1.6224040062681269,
        "calmar_ratio": 5.28671463665984,
        "win_rate": 0.7,
        "total_weeks": 30
      }
    ],
    "std_dev": 1.2075248668049527,
    "mean_sharpe": 1.094291067989355,
    "n_windows": 9
  }
}