ts_code,ann_date,nav_date,unit_nav,accum_nav,accum_div,net_asset,adj_nav,update_flag
510500.SH,20130207,20130206,1.0,1.0,,1147553216.0,1.0,0
510500.SH,20130209,20130208,1.0022,1.0022,,1150122399.49,1.0022,0
510500.SH,20130223,20130222,0.9954,0.9954,,1142261708.14,0.9954,0
510500.SH,20130302,20130301,1.0135,1.0135,,1163071549.68,1.0135,0
510500.SH,20130309,20130308,0.998,0.998,,4606977546.62,0.998,0
510500.SH,20130315,20130314,0.9682,0.9682,,,0.9682,0
510500.SH,20130316,20130315,0.9699,0.9699,,,0.9699,0
510500.SH,20130319,20130318,0.9575,0.9575,,,0.9575,0
510500.SH,20130320,20130319,0.9605,0.9605,,,0.9605,0
510500.SH,20130321,20130320,0.9851,0.9851,,,0.9851,0
510500.SH,20130322,20130321,0.9954,0.9954,,,0.9954,0
510500.SH,20130323,20130322,0.9995,0.9995,,,0.9995,0
510500.SH,20130326,20130325,0.9963,0.9963,,,0.9963,0
510500.SH,20130327,20130326,0.9894,0.9894,,,0.9894,0
510500.SH,20130328,20130327,0.9917,0.9917,,,0.9917,0
510500.SH,20130329,20130328,0.9631,0.9631,,,0.9631,0
510500.SH,20130330,20130329,0.9626,0.9626,,,0.9626,0
510500.SH,20130402,20130401,0.9691,0.9691,,,0.9691,0
510500.SH,20130403,20130402,0.9573,0.9573,,,0.9573,0
510500.SH,20130404,20130403,0.9487,0.9487,,,0.9487,0
510500.SH,20130409,20130408,0.9525,0.9525,,,0.9525,0
510500.SH,20130410,20130409,0.9618,0.9618,,,0.9618,0
510500.SH,20130411,20130410,0.9598,0.9598,,,0.9598,0
510500.SH,20130412,20130411,0.9559,0.9559,,,0.9559,0
510500.SH,20130413,20130412,0.9478,0.9478,,,0.9478,0
510500.SH,20130416,20130415,0.9345,0.9345,,,0.9345,0
510500.SH,20130417,20130416,0.9446,0.9446,,,0.9446,0
510500.SH,20130418,20130417,0.9529,0.9529,,,0.9529,0
510500.SH,20130419,20130418,0.9558,0.9558,,,0.9558,0
510500.SH,20130420,20130419,0.976,0.976,,,0.976,0
510500.SH,20130423,20130422,0.9805,0.9805,,,0.9805,0
510500.SH,20130424,20130423,0.954,0.954,,,0.954,0
510500.SH,20130425,20130424,0.973,0.973,,,0.973,0
510500.SH,20130426,20130425,0.9582,0.9582,,,0.9582,0
510500.SH,20130427,20130426,0.9428,0.9428,,,0.9428,0
510500.SH,20130503,20130502,0.9471,0.9471,,,0.9471,0
510500.SH,20130504,20130503,0.9656,0.9656,,,0.9656,0
510500.SH,20130507,20130506,0.9838,0.9838,,,0.9838,0
510500.SH,20130508,20130507,0.9859,0.9859,,,0.9859,0
510500.SH,20130509,20130508,0.9949,0.9949,,,0.9949,0
510500.SH,20130510,20130509,0.9955,0.9955,,,0.9955,0
510500.SH,20130511,20130510,1.0018,1.0018,,,1.0018,0
510500.SH,20130514,20130513,1.0056,1.0056,,,1.0056,0
510500.SH,20130515,20130514,0.9944,0.9944,,,0.9944,0
510500.SH,20130516,20130515,1.0077,1.0077,,,1.0077,0
510500.SH,20130517,20130516,1.018,1.018,,,1.018,0
510500.SH,20130518,20130517,1.0335,1.0335,,,1.0335,0
510500.SH,20130521,20130520,1.0462,1.0462,,,1.0462,0
510500.SH,20130522,20130521,1.0598,1.0598,,,1.0598,0
510500.SH,20130523,20130522,1.0516,1.0516,,,1.0516,0
510500.SH,20130524,20130523,1.0428,1.0428,,,1.0428,0
510500.SH,20130525,20130524,1.0591,1.0591,,,1.0591,0
510500.SH,20130528,20130527,1.0699,1.0699,,,1.0699,0
510500.SH,20130529,20130528,1.0721,1.0721,,,1.0721,0
510500.SH,20130530,20130529,1.0802,1.0802,,,1.0802,0
510500.SH,20130531,20130530,1.0829,1.0829,,,1.0829,0
510500.SH,20130601,20130531,1.0763,1.0763,,,1.0763,0
510500.SH,20130604,20130603,1.0691,1.0691,,,1.0691,0
510500.SH,20130605,20130604,1.0483,1.0483,,,1.0483,0
510500.SH,20130606,20130605,1.0527,1.0527,,,1.0527,0
510500.SH,20130607,20130606,1.0344,1.0344,,,1.0344,0
510500.SH,20130608,20130607,1.0142,1.0142,,,1.0142,0
510500.SH,20130614,20130613,0.986,0.986,,,0.986,0
510500.SH,20130615,20130614,1.0057,1.0057,,,1.0057,0
510500.SH,20130618,20130617,1.0081,1.0081,,,1.0081,0
510500.SH,20130619,20130618,1.0119,1.0119,,,1.0119,0
510500.SH,20130620,20130619,1.0059,1.0059,,,1.0059,0
510500.SH,20130621,20130620,0.9729,0.9729,,,0.9729,0
510500.SH,20130622,20130621,0.968,0.968,,,0.968,0
510500.SH,20130625,20130624,0.9083,0.9083,,,0.9083,0
510500.SH,20130626,20130625,0.9046,0.9046,,,0.9046,0
510500.SH,20130627,20130626,0.9234,0.9234,,,0.9234,0
510500.SH,20130628,20130627,0.9086,0.9086,,,0.9086,0
510500.SH,20130629,20130628,0.9095,0.9095,,4071127668.16,0.9095,0
510500.SH,20130701,20130630,0.9095,0.9095,,4070985253.64,0.9095,0
510500.SH,20130702,20130701,0.9266,0.9266,,,0.9266,0
510500.SH,20130703,20130702,0.9416,0.9416,,,0.9416,0
510500.SH,20130704,20130703,0.9431,0.9431,,,0.9431,0
510500.SH,20130705,20130704,0.9506,0.9506,,,0.9506,0
510500.SH,20130706,20130705,0.9454,0.9454,,,0.9454,0
510500.SH,20130709,20130708,0.9089,0.9089,,,0.9089,0
510500.SH,20130710,20130709,0.9143,0.9143,,,0.9143,0
510500.SH,20130711,20130710,0.9429,0.9429,,,0.9429,0
510500.SH,20130712,20130711,0.9694,0.9694,,,0.9694,0
510500.SH,20130713,20130712,0.9609,0.9609,,,0.9609,0
510500.SH,20130716,20130715,0.9803,0.9803,,,0.9803,0
510500.SH,20130717,20130716,0.9925,0.9925,,,0.9925,0
510500.SH,20130718,20130717,0.9782,0.9782,,,0.9782,0
510500.SH,20130719,20130718,0.9772,0.9772,,,0.9772,0
510500.SH,20130720,20130719,0.9529,0.9529,,,0.9529,0
510500.SH,20130723,20130722,0.9716,0.9716,,,0.9716,0
510500.SH,20130724,20130723,0.9951,0.9951,,,0.9951,0
510500.SH,20130725,20130724,1.001,1.001,,,1.001,0
510500.SH,20130726,20130725,0.982,0.982,,,0.982,0
510500.SH,20130727,20130726,0.9809,0.9809,,,0.9809,0
510500.SH,20130730,20130729,0.962,0.962,,,0.962,0
510500.SH,20130731,20130730,0.9577,0.9577,,,0.9577,0
510500.SH,20130801,20130731,0.963,0.963,,,0.963,0
510500.SH,20130802,20130801,0.9884,0.9884,,,0.9884,0
510500.SH,20130803,20130802,0.9919,0.9919,,,0.9919,0
510500.SH,20130806,20130805,1.0084,1.0084,,,1.0084,0
510500.SH,20130807,20130806,1.0192,1.0192,,,1.0192,0
510500.SH,20130808,20130807,1.0094,1.0094,,,1.0094,0
510500.SH,20130809,20130808,1.0121,1.0121,,,1.0121,0
510500.SH,20130810,20130809,1.0158,1.0158,,,1.0158,0
510500.SH,20130813,20130812,1.032,1.032,,,1.032,0
510500.SH,20130814,20130813,1.0374,1.0374,,,1.0374,0
510500.SH,20130815,20130814,1.0334,1.0334,,,1.0334,0
510500.SH,20130816,20130815,1.0194,1.0194,,,1.0194,0
510500.SH,20130817,20130816,0.9978,0.9978,,,0.9978,0
510500.SH,20130820,20130819,1.0131,1.0131,,,1.0131,0
510500.SH,20130821,20130820,1.0105,1.0105,,,1.0105,0
510500.SH,20130822,20130821,1.0183,1.0183,,,1.0183,0
510500.SH,20130823,20130822,1.0209,1.0209,,,1.0209,0
510500.SH,20130824,20130823,1.0185,1.0185,,,1.0185,0
510500.SH,20130827,20130826,1.0396,1.0396,,,1.0396,0
510500.SH,20130828,20130827,1.0476,1.0476,,,1.0476,0
510500.SH,20130829,20130828,1.0397,1.0397,,,1.0397,0
510500.SH,20130830,20130829,1.0389,1.0389,,,1.0389,0
510500.SH,20130831,20130830,1.0285,1.0285,,,1.0285,0
510500.SH,20130903,20130902,1.0357,1.0357,,,1.0357,0
510500.SH,20130904,20130903,1.0511,1.0511,,,1.0511,0
510500.SH,20130905,20130904,1.054,1.054,,,1.054,0
510500.SH,20130906,20130905,1.056,1.056,,,1.056,0
510500.SH,20130907,20130906,1.0645,1.0645,,,1.0645,0
510500.SH,20130910,20130909,1.0754,1.0754,,,1.0754,0
510500.SH,20130911,20130910,1.0863,1.0863,,,1.0863,0
510500.SH,20130912,20130911,1.076,1.076,,,1.076,0
510500.SH,20130913,20130912,1.079,1.079,,,1.079,0
510500.SH,20130914,20130913,1.0803,1.0803,,,1.0803,0
510500.SH,20130917,20130916,1.0815,1.0815,,,1.0815,0
510500.SH,20130918,20130917,1.0624,1.0624,,,1.0624,0
510500.SH,20130919,20130918,1.0725,1.0725,,,1.0725,0
510500.SH,20130924,20130923,1.0941,1.0941,,,1.0941,0
510500.SH,20130925,20130924,1.0951,1.0951,,,1.0951,0
510500.SH,20130926,20130925,1.0911,1.0911,,,1.0911,0
510500.SH,20130927,20130926,1.0684,1.0684,,,1.0684,0
510500.SH,20130928,20130927,1.0725,1.0725,,,1.0725,0
510500.SH,20131001,20130930,1.0865,1.0865,,4504546643.32,1.0865,0
510500.SH,20131009,20131008,1.1046,1.1046,,,1.1046,0
510500.SH,20131010,20131009,1.1166,1.1166,,,1.1166,0
510500.SH,20131011,20131010,1.1106,1.1106,,,1.1106,0
510500.SH,20131012,20131011,1.1294,1.1294,,,1.1294,0
510500.SH,20131015,20131014,1.141,1.141,,,1.141,0
510500.SH,20131016,20131015,1.1426,1.1426,,,1.1426,0
510500.SH,20131017,20131016,1.1115,1.1115,,,1.1115,0
510500.SH,20131018,20131017,1.1097,1.1097,,,1.1097,0
510500.SH,20131019,20131018,1.1135,1.1135,,,1.1135,0
510500.SH,20131022,20131021,1.1411,1.1411,,,1.1411,0
510500.SH,20131023,20131022,1.1291,1.1291,,,1.1291,0
510500.SH,20131024,20131023,1.1005,1.1005,,,1.1005,0
510500.SH,20131025,20131024,1.0932,1.0932,,,1.0932,0
510500.SH,20131026,20131025,1.0717,1.0717,,,1.0717,0
510500.SH,20131029,20131028,1.068,1.068,,,1.068,0
510500.SH,20131030,20131029,1.0386,1.0386,,,1.0386,0
510500.SH,20131031,20131030,1.0555,1.0555,,,1.0555,0
510500.SH,20131101,20131031,1.0413,1.0413,,,1.0413,0
510500.SH,20131102,20131101,1.0381,1.0381,,,1.0381,0
510500.SH,20131105,20131104,1.0453,1.0453,,,1.0453,0
510500.SH,20131106,20131105,1.059,1.059,,,1.059,0
510500.SH,20131107,20131106,1.0477,1.0477,,,1.0477,0
510500.SH,20131108,20131107,1.0331,1.0331,,,1.0331,0
510500.SH,20131109,20131108,1.0177,1.0177,,,1.0177,0
510500.SH,20131112,20131111,1.0221,1.0221,,,1.0221,0
510500.SH,20131113,20131112,1.0317,1.0317,,,1.0317,0
510500.SH,20131114,20131113,1.0124,1.0124,,,1.0124,0
510500.SH,20131115,20131114,1.0259,1.0259,,,1.0259,0
510500.SH,20131116,20131115,1.0473,1.0473,,,1.0473,0
510500.SH,20131119,20131118,1.0729,1.0729,,,1.0729,0
510500.SH,20131120,20131119,1.0763,1.0763,,,1.0763,0
510500.SH,20131121,20131120,1.087,1.087,,,1.087,0
510500.SH,20131122,20131121,1.0833,1.0833,,,1.0833,0
510500.SH,20131123,20131122,1.0769,1.0769,,,1.0769,0
510500.SH,20131126,20131125,1.0761,1.0761,,,1.0761,0
510500.SH,20131127,20131126,1.0777,1.0777,,,1.0777,0
510500.SH,20131128,20131127,1.0901,1.0901,,,1.0901,0
510500.SH,20131129,20131128,1.0993,1.0993,,,1.0993,0
510500.SH,20131130,20131129,1.1059,1.1059,,,1.1059,0
510500.SH,20131203,20131202,1.0567,1.0567,,,1.0567,0
510500.SH,20131204,20131203,1.0816,1.0816,,,1.0816,0
510500.SH,20131205,20131204,1.1021,1.1021,,,1.1021,0
510500.SH,20131206,20131205,1.1008,1.1008,,,1.1008,0
510500.SH,20131207,20131206,1.098,1.098,,,1.098,0
510500.SH,20131210,20131209,1.1061,1.1061,,,1.1061,0
510500.SH,20131211,20131210,1.1068,1.1068,,,1.1068,0
510500.SH,20131212,20131211,1.0945,1.0945,,,1.0945,0
510500.SH,20131213,20131212,1.0972,1.0972,,,1.0972,0
510500.SH,20131214,20131213,1.0993,1.0993,,,1.0993,0
510500.SH,20131217,20131216,1.0801,1.0801,,,1.0801,0
510500.SH,20131218,20131217,1.0733,1.0733,,,1.0733,0
510500.SH,20131219,20131218,1.0733,1.0733,,,1.0733,0
510500.SH,20131220,20131219,1.0624,1.0624,,,1.0624,0
510500.SH,20131221,20131220,1.0489,1.0489,,,1.0489,0
510500.SH,20131224,20131223,1.0477,1.0477,,,1.0477,0
510500.SH,20131225,20131224,1.0549,1.0549,,,1.0549,0
510500.SH,20131226,20131225,1.066,1.066,,,1.066,0
510500.SH,20131227,20131226,1.0477,1.0477,,,1.0477,0
510500.SH,20131228,20131227,1.0639,1.0639,,,1.0639,0
510500.SH,20131231,20131230,1.0672,1.0672,,,1.0672,0
510500.SH,20140101,20131231,1.0717,1.0717,,4469145341.32,1.0717,0
510500.SH,20140103,20140102,1.0769,1.0769,,,1.0769,0
510500.SH,20140104,20140103,1.0681,1.0681,,,1.0681,0
510500.SH,20140107,20140106,1.0384,1.0384,,,1.0384,0
510500.SH,20140108,20140107,1.0447,1.0447,,,1.0447,0
510500.SH,20140109,20140108,1.046,1.046,,,1.046,0
510500.SH,20140110,20140109,1.0342,1.0342,,,1.0342,0
510500.SH,20140111,20140110,1.0153,1.0153,,,1.0153,0
510500.SH,20140114,20140113,1.0105,1.0105,,,1.0105,0
510500.SH,20140115,20140114,1.0305,1.0305,,,1.0305,0
510500.SH,20140116,20140115,1.0374,1.0374,,,1.0374,0
510500.SH,20140117,20140116,1.039,1.039,,,1.039,0
510500.SH,20140118,20140117,1.0271,1.0271,,,1.0271,0
510500.SH,20140121,20140120,1.0193,1.0193,,,1.0193,0
510500.SH,20140122,20140121,1.0349,1.0349,,,1.0349,0
510500.SH,20140123,20140122,1.0626,1.0626,,,1.0626,0
510500.SH,20140124,20140123,1.07,1.07,,,1.07,0
510500.SH,20140125,20140124,1.0859,1.0859,,,1.0859,0
510500.SH,20140128,20140127,1.0857,1.0857,,,1.0857,0
510500.SH,20140129,20140128,1.0833,1.0833,,,1.0833,0
510500.SH,20140130,20140129,1.093,1.093,,,1.093,0
510500.SH,20140131,20140130,1.0866,1.0866,,,1.0866,0
510500.SH,20140208,20140207,1.1066,1.1066,,,1.1066,0
510500.SH,20140211,20140210,1.1392,1.1392,,,1.1392,0
510500.SH,20140212,20140211,1.1408,1.1408,,,1.1408,0
510500.SH,20140213,20140212,1.1534,1.1534,,,1.1534,0
510500.SH,20140214,20140213,1.1363,1.1363,,,1.1363,0
510500.SH,20140215,20140214,1.1558,1.1558,,,1.1558,0
510500.SH,20140218,20140217,1.1777,1.1777,,,1.1777,0
510500.SH,20140219,20140218,1.1762,1.1762,,,1.1762,0
510500.SH,20140220,20140219,1.1763,1.1763,,,1.1763,0
510500.SH,20140221,20140220,1.1597,1.1597,,,1.1597,0
510500.SH,20140222,20140221,1.1521,1.1521,,,1.1521,0
510500.SH,20140225,20140224,1.1475,1.1475,,,1.1475,0
510500.SH,20140226,20140225,1.1071,1.1071,,,1.1071,0
510500.SH,20140227,20140226,1.1144,1.1144,,,1.1144,0
510500.SH,20140228,20140227,1.0996,1.0996,,,1.0996,0
510500.SH,20140301,20140228,1.1111,1.1111,,,1.1111,0
510500.SH,20140304,20140303,1.1342,1.1342,,,1.1342,0
510500.SH,20140305,20140304,1.1344,1.1344,,,1.1344,0
510500.SH,20140306,20140305,1.1285,1.1285,,,1.1285,0
510500.SH,20140307,20140306,1.127,1.127,,,1.127,0
510500.SH,20140308,20140307,1.1213,1.1213,,,1.1213,0
510500.SH,20140311,20140310,1.0787,1.0787,,,1.0787,0
510500.SH,20140312,20140311,1.0798,1.0798,,,1.0798,0
510500.SH,20140313,20140312,1.0801,1.0801,,,1.0801,0
510500.SH,20140314,20140313,1.0917,1.0917,,,1.0917,0
510500.SH,20140315,20140314,1.0866,1.0866,,,1.0866,0
510500.SH,20140318,20140317,1.1084,1.1084,,,1.1084,0
510500.SH,20140319,20140318,1.1144,1.1144,,,1.1144,0
510500.SH,20140320,20140319,1.112,1.112,,,1.112,0
510500.SH,20140321,20140320,1.0829,1.0829,,,1.0829,0
510500.SH,20140322,20140321,1.1041,1.1041,,,1.1041,0
510500.SH,20140325,20140324,1.1134,1.1134,,,1.1134,0
510500.SH,20140326,20140325,1.1149,1.1149,,,1.1149,0
510500.SH,20140327,20140326,1.1178,1.1178,,,1.1178,0
510500.SH,20140328,20140327,1.1017,1.1017,,,1.1017,0
510500.SH,20140329,20140328,1.0797,1.0797,,,1.0797,0
510500.SH,20140401,20140331,1.0728,1.0728,,4900534674.37,1.0728,0
510500.SH,20140402,20140401,1.0892,1.0892,,,1.0892,0
510500.SH,20140403,20140402,1.0899,1.0899,,,1.0899,0
510500.SH,20140404,20140403,1.0883,1.0883,,,1.0883,0
510500.SH,20140405,20140404,1.1003,1.1003,,,1.1003,0
510500.SH,20140409,20140408,1.1119,1.1119,,,1.1119,0
510500.SH,20140410,20140409,1.1222,1.1222,,,1.1222,0
510500.SH,20140411,20140410,1.1279,1.1279,,,1.1279,0
510500.SH,20140412,20140411,1.1229,1.1229,,,1.1229,0
510500.SH,20140415,20140414,1.1312,1.1312,,,1.1312,0
510500.SH,20140416,20140415,1.123,1.123,,,1.123,0
510500.SH,20140417,20140416,1.1224,1.1224,,,1.1224,0
510500.SH,20140418,20140417,1.121,1.121,,,1.121,0
510500.SH,20140419,20140418,1.125,1.125,,,1.125,0
510500.SH,20140422,20140421,1.1071,1.1071,,,1.1071,0
510500.SH,20140423,20140422,1.102,1.102,,,1.102,0
510500.SH,20140424,20140423,1.097,1.097,,,1.097,0
510500.SH,20140425,20140424,1.0846,1.0846,,,1.0846,0
510500.SH,20140426,20140425,1.061,1.061,,,1.061,0
510500.SH,20140429,20140428,1.0287,1.0287,,,1.0287,0
510500.SH,20140430,20140429,1.0439,1.0439,,,1.0439,0
510500.SH,20140501,20140430,1.0516,1.0516,,,1.0516,0
510500.SH,20140506,20140505,1.0605,1.0605,,,1.0605,0
510500.SH,20140507,20140506,1.066,1.066,,,1.066,0
510500.SH,20140508,20140507,1.0471,1.0471,,,1.0471,0
510500.SH,20140509,20140508,1.0483,1.0483,,,1.0483,0
510500.SH,20140510,20140509,1.0378,1.0378,,,1.0378,0
510500.SH,20140513,20140512,1.0647,1.0647,,,1.0647,0
510500.SH,20140514,20140513,1.0632,1.0632,,,1.0632,0
510500.SH,20140515,20140514,1.0623,1.0623,,,1.0623,0
510500.SH,20140516,20140515,1.0425,1.0425,,,1.0425,0
510500.SH,20140517,20140516,1.0412,1.0412,,,1.0412,0
510500.SH,20140520,20140519,1.0356,1.0356,,,1.0356,0
510500.SH,20140521,20140520,1.0385,1.0385,,,1.0385,0
510500.SH,20140522,20140521,1.0476,1.0476,,,1.0476,0
510500.SH,20140523,20140522,1.0476,1.0476,,,1.0476,0
510500.SH,20140524,20140523,1.0593,1.0593,,,1.0593,0
510500.SH,20140527,20140526,1.0707,1.0707,,,1.0707,0
510500.SH,20140528,20140527,1.0682,1.0682,,,1.0682,0
510500.SH,20140529,20140528,1.0804,1.0804,,,1.0804,0
510500.SH,20140530,20140529,1.0693,1.0693,,,1.0693,0
510500.SH,20140531,20140530,1.0714,1.0714,,,1.0714,0
510500.SH,20140604,20140603,1.0695,1.0695,,,1.0695,0
510500.SH,20140605,20140604,1.0602,1.0602,,,1.0602,0
510500.SH,20140606,20140605,1.0723,1.0723,,,1.0723,0
510500.SH,20140607,20140606,1.0685,1.0685,,,1.0685,0
510500.SH,20140610,20140609,1.0628,1.0628,,,1.0628,0
510500.SH,20140611,20140610,1.0748,1.0748,,,1.0748,0
510500.SH,20140612,20140611,1.0799,1.0799,,,1.0799,0
510500.SH,20140613,20140612,1.078,1.078,,,1.078,0
510500.SH,20140614,20140613,1.0893,1.0893,,,1.0893,0
510500.SH,20140617,20140616,1.0959,1.0959,,,1.0959,0
510500.SH,20140618,20140617,1.0865,1.0865,,,1.0865,0
510500.SH,20140619,20140618,1.081,1.081,,,1.081,0
510500.SH,20140620,20140619,1.0528,1.0528,,,1.0528,0
510500.SH,20140621,20140620,1.0626,1.0626,,,1.0626,0
510500.SH,20140624,20140623,1.07,1.07,,,1.07,0
510500.SH,20140625,20140624,1.077,1.077,,,1.077,0
510500.SH,20140626,20140625,1.0702,1.0702,,,1.0702,0
510500.SH,20140627,20140626,1.0837,1.0837,,,1.0837,0
510500.SH,20140628,20140627,1.0916,1.0916,,,1.0916,0
510500.SH,20140701,20140630,1.1017,1.1017,,5006211211.82,1.1017,0
510500.SH,20140702,20140701,1.1092,1.1092,,,1.1092,0
510500.SH,20140703,20140702,1.1171,1.1171,,,1.1171,0
510500.SH,20140704,20140703,1.1284,1.1284,,,1.1284,0
510500.SH,20140705,20140704,1.1246,1.1246,,,1.1246,0
510500.SH,20140708,20140707,1.1274,1.1274,,,1.1274,0
510500.SH,20140709,20140708,1.1345,1.1345,,,1.1345,0
510500.SH,20140710,20140709,1.1189,1.1189,,,1.1189,0
510500.SH,20140711,20140710,1.1189,1.1189,,,1.1189,0
510500.SH,20140712,20140711,1.1324,1.1324,,,1.1324,0
510500.SH,20140715,20140714,1.1495,1.1495,,,1.1495,0
510500.SH,20140716,20140715,1.1504,1.1504,,,1.1504,0
510500.SH,20140717,20140716,1.1417,1.1417,,,1.1417,0
510500.SH,20140718,20140717,1.1331,1.1331,,,1.1331,0
510500.SH,20140719,20140718,1.1363,1.1363,,,1.1363,0
510500.SH,20140722,20140721,1.1328,1.1328,,,1.1328,0
510500.SH,20140723,20140722,1.1477,1.1477,,,1.1477,0
510500.SH,20140724,20140723,1.1403,1.1403,,,1.1403,0
510500.SH,20140725,20140724,1.1396,1.1396,,,1.1396,0
510500.SH,20140726,20140725,1.1495,1.1495,,,1.1495,0
510500.SH,20140729,20140728,1.1714,1.1714,,,1.1714,0
510500.SH,20140730,20140729,1.1826,1.1826,,,1.1826,0
510500.SH,20140731,20140730,1.1849,1.1849,,,1.1849,0
510500.SH,20140801,20140731,1.1967,1.1967,,,1.1967,0
510500.SH,20140802,20140801,1.1836,1.1836,,,1.1836,0
510500.SH,20140805,20140804,1.2028,1.2028,,,1.2028,0
510500.SH,20140806,20140805,1.2087,1.2087,,,1.2087,0
510500.SH,20140807,20140806,1.2167,1.2167,,,1.2167,0
510500.SH,20140808,20140807,1.2048,1.2048,,,1.2048,0
510500.SH,20140809,20140808,1.212,1.212,,,1.212,0
510500.SH,20140812,20140811,1.2303,1.2303,,,1.2303,0
510500.SH,20140813,20140812,1.2366,1.2366,,,1.2366,0
510500.SH,20140814,20140813,1.2372,1.2372,,,1.2372,0
510500.SH,20140815,20140814,1.2292,1.2292,,,1.2292,0
510500.SH,20140816,20140815,1.2433,1.2433,,,1.2433,0
510500.SH,20140819,20140818,1.2601,1.2601,,,1.2601,0
510500.SH,20140820,20140819,1.2639,1.2639,,,1.2639,0
510500.SH,20140821,20140820,1.264,1.264,,,1.264,0
510500.SH,20140822,20140821,1.2637,1.2637,,,1.2637,0
510500.SH,20140823,20140822,1.2711,1.2711,,,1.2711,0
510500.SH,20140826,20140825,1.2613,1.2613,,,1.2613,0
510500.SH,20140827,20140826,1.2391,1.2391,,,1.2391,0
510500.SH,20140828,20140827,1.2429,1.2429,,,1.2429,0
510500.SH,20140829,20140828,1.2317,1.2317,,,1.2317,0
510500.SH,20140830,20140829,1.2447,1.2447,,,1.2447,0
510500.SH,20140902,20140901,1.2669,1.2669,,,1.2669,0
510500.SH,20140903,20140902,1.2861,1.2861,,,1.2861,0
510500.SH,20140904,20140903,1.2952,1.2952,,,1.2952,0
510500.SH,20140905,20140904,1.3062,1.3062,,,1.3062,0
510500.SH,20140906,20140905,1.3113,1.3113,,,1.3113,0
510500.SH,20140910,20140909,1.3211,1.3211,,,1.3211,0
510500.SH,20140911,20140910,1.3234,1.3234,,,1.3234,0
510500.SH,20140912,20140911,1.322,1.322,,,1.322,0
510500.SH,20140913,20140912,1.3365,1.3365,,,1.3365,0
510500.SH,20140916,20140915,1.3506,1.3506,,,1.3506,0
510500.SH,20140917,20140916,1.305,1.305,,,1.305,0
510500.SH,20140918,20140917,1.3165,1.3165,,,1.3165,0
510500.SH,20140919,20140918,1.3257,1.3257,,,1.3257,0
510500.SH,20140920,20140919,1.3368,1.3368,,,1.3368,0
510500.SH,20140923,20140922,1.3187,1.3187,,,1.3187,0
510500.SH,20140924,20140923,1.3355,1.3355,,,1.3355,0
510500.SH,20140925,20140924,1.3527,1.3527,,,1.3527,0
510500.SH,20140926,20140925,1.3528,1.3528,,,1.3528,0
510500.SH,20140927,20140926,1.3576,1.3576,,,1.3576,0
510500.SH,20140930,20140929,1.371,1.371,,,1.371,0
510500.SH,20141001,20140930,1.3819,1.3819,,5417303362.4,1.3819,0
510500.SH,20141009,20141008,1.4036,1.4036,,,1.4036,0
510500.SH,20141010,20141009,1.4065,1.4065,,,1.4065,0
510500.SH,20141011,20141010,1.4003,1.4003,,,1.4003,0
510500.SH,20141014,20141013,1.4004,1.4004,,,1.4004,0
510500.SH,20141015,20141014,1.3958,1.3958,,,1.3958,0
510500.SH,20141016,20141015,1.4018,1.4018,,,1.4018,0
510500.SH,20141017,20141016,1.3789,1.3789,,,1.3789,0
510500.SH,20141018,20141017,1.3661,1.3661,,,1.3661,0
510500.SH,20141021,20141020,1.3852,1.3852,,,1.3852,0
510500.SH,20141022,20141021,1.3725,1.3725,,,1.3725,0
510500.SH,20141023,20141022,1.3561,1.3561,,,1.3561,0
510500.SH,20141024,20141023,1.3363,1.3363,,,1.3363,0
510500.SH,20141025,20141024,1.3417,1.3417,,,1.3417,0
510500.SH,20141028,20141027,1.3515,1.3515,,,1.3515,0
510500.SH,20141029,20141028,1.3839,1.3839,,,1.3839,0
510500.SH,20141030,20141029,1.4027,1.4027,,,1.4027,0
510500.SH,20141031,20141030,1.4029,1.4029,,,1.4029,0
510500.SH,20141101,20141031,1.4011,1.4011,,,1.4011,0
510500.SH,20141104,20141103,1.4129,1.4129,,,1.4129,0
510500.SH,20141105,20141104,1.4058,1.4058,,,1.4058,0
510500.SH,20141106,20141105,1.4035,1.4035,,,1.4035,0
510500.SH,20141107,20141106,1.4117,1.4117,,,1.4117,0
510500.SH,20141108,20141107,1.3983,1.3983,,,1.3983,0
510500.SH,20141111,20141110,1.4132,1.4132,,,1.4132,0
510500.SH,20141112,20141111,1.3712,1.3712,,,1.3712,0
510500.SH,20141113,20141112,1.3947,1.3947,,,1.3947,0
510500.SH,20141114,20141113,1.3824,1.3824,,,1.3824,0
510500.SH,20141115,20141114,1.379,1.379,,,1.379,0
510500.SH,20141118,20141117,1.3926,1.3926,,,1.3926,0
510500.SH,20141119,20141118,1.3952,1.3952,,,1.3952,0
510500.SH,20141120,20141119,1.4001,1.4001,,,1.4001,0
510500.SH,20141121,20141120,1.3971,1.3971,,,1.3971,0
510500.SH,20141122,20141121,1.4126,1.4126,,,1.4126,0
510500.SH,20141125,20141124,1.4357,1.4357,,,1.4357,0
510500.SH,20141126,20141125,1.4573,1.4573,,,1.4573,0
510500.SH,20141127,20141126,1.4644,1.4644,,,1.4644,0
510500.SH,20141128,20141127,1.4749,1.4749,,,1.4749,0
510500.SH,20141129,20141128,1.4732,1.4732,,,1.4732,0
510500.SH,20141202,20141201,1.4627,1.4627,,,1.4627,0
510500.SH,20141203,20141202,1.4822,1.4822,,,1.4822,0
510500.SH,20141204,20141203,1.4994,1.4994,,,1.4994,0
510500.SH,20141205,20141204,1.5311,1.5311,,,1.5311,0
510500.SH,20141206,20141205,1.4979,1.4979,,,1.4979,0
510500.SH,20141209,20141208,1.5198,1.5198,,,1.5198,0
510500.SH,20141210,20141209,1.4586,1.4586,,,1.4586,0
510500.SH,20141211,20141210,1.5088,1.5088,,,1.5088,0
510500.SH,20141212,20141211,1.531,1.531,,,1.531,0
510500.SH,20141213,20141212,1.5415,1.5415,,,1.5415,0
510500.SH,20141216,20141215,1.5656,1.5656,,,1.5656,0
510500.SH,20141217,20141216,1.5716,1.5716,,,1.5716,0
510500.SH,20141218,20141217,1.5574,1.5574,,,1.5574,0
510500.SH,20141219,20141218,1.5574,1.5574,,,1.5574,0
510500.SH,20141220,20141219,1.5482,1.5482,,,1.5482,0
510500.SH,20141223,20141222,1.4872,1.4872,,,1.4872,0
510500.SH,20141224,20141223,1.4561,1.4561,,,1.4561,0
510500.SH,20141225,20141224,1.4752,1.4752,,,1.4752,0
510500.SH,20141226,20141225,1.5037,1.5037,,,1.5037,0
510500.SH,20141227,20141226,1.5199,1.5199,,,1.5199,0
510500.SH,20141230,20141229,1.5045,1.5045,,,1.5045,0
510500.SH,20141231,20141230,1.4786,1.4786,,,1.4786,0
510500.SH,20150101,20141231,1.4918,1.4918,,4723287249.13,1.4918,0
510500.SH,20150106,20150105,1.518,1.518,,,1.518,0
510500.SH,20150107,20150106,1.5354,1.5354,,,1.5354,0
510500.SH,20150108,20150107,1.5377,1.5377,,,1.5377,0
510500.SH,20150109,20150108,1.5254,1.5254,,,1.5254,0
510500.SH,20150110,20150109,1.5157,1.5157,,,1.5157,0
510500.SH,20150113,20150112,1.4943,1.4943,,,1.4943,0
510500.SH,20150114,20150113,1.5144,1.5144,,,1.5144,0
510500.SH,20150115,20150114,1.5074,1.5074,,,1.5074,0
510500.SH,20150116,20150115,1.5266,1.5266,,,1.5266,0
510500.SH,20150117,20150116,1.5466,1.5466,,,1.5466,0
510500.SH,20150120,20150119,1.4808,1.4808,,,1.4808,0
510500.SH,20150121,20150120,1.534,1.534,,,1.534,0
510500.SH,20150122,20150121,1.573,1.573,,,1.573,0
510500.SH,20150123,20150122,1.5952,1.5952,,,1.5952,0
510500.SH,20150124,20150123,1.5799,1.5799,,,1.5799,0
510500.SH,20150127,20150126,1.6154,1.6154,,,1.6154,0
510500.SH,20150128,20150127,1.6202,1.6202,,,1.6202,0
510500.SH,20150129,20150128,1.6114,1.6114,,,1.6114,0
510500.SH,20150130,20150129,1.6005,1.6005,,,1.6005,0
510500.SH,20150131,20150130,1.5812,1.5812,,,1.5812,0
510500.SH,20150203,20150202,1.5746,1.5746,,,1.5746,0
510500.SH,20150204,20150203,1.602,1.602,,,1.602,0
510500.SH,20150205,20150204,1.5952,1.5952,,,1.5952,0
510500.SH,20150206,20150205,1.5869,1.5869,,,1.5869,0
510500.SH,20150207,20150206,1.5534,1.5534,,,1.5534,0
510500.SH,20150210,20150209,1.545,1.545,,,1.545,0
510500.SH,20150211,20150210,1.5661,1.5661,,,1.5661,0
510500.SH,20150212,20150211,1.5832,1.5832,,,1.5832,0
510500.SH,20150213,20150212,1.5943,1.5943,,,1.5943,0
510500.SH,20150214,20150213,1.6189,1.6189,,,1.6189,0
510500.SH,20150217,20150216,1.6469,1.6469,,,1.6469,0
510500.SH,20150218,20150217,1.6584,1.6584,,,1.6584,0
510500.SH,20150226,20150225,1.6569,1.6569,,,1.6569,0
510500.SH,20150227,20150226,1.6745,1.6745,,,1.6745,0
510500.SH,20150228,20150227,1.6882,1.6882,,,1.6882,0
510500.SH,20150303,20150302,1.722,1.722,,,1.722,0
510500.SH,20150304,20150303,1.7161,1.7161,,,1.7161,0
510500.SH,20150305,20150304,1.7417,1.7417,,,1.7417,0
510500.SH,20150306,20150305,1.7413,1.7413,,,1.7413,0
510500.SH,20150307,20150306,1.7201,1.7201,,,1.7201,0
510500.SH,20150310,20150309,1.7422,1.7422,,,1.7422,0
510500.SH,20150311,20150310,1.7601,1.7601,,,1.7601,0
510500.SH,20150312,20150311,1.7563,1.7563,,,1.7563,0
510500.SH,20150313,20150312,1.7555,1.7555,,,1.7555,0
510500.SH,20150314,20150313,1.775,1.775,,,1.775,0
510500.SH,20150317,20150316,1.8272,1.8272,,,1.8272,0
510500.SH,20150318,20150317,1.8555,1.8555,,,1.8555,0
510500.SH,20150319,20150318,1.8863,1.8863,,,1.8863,0
510500.SH,20150320,20150319,1.9016,1.9016,,,1.9016,0
510500.SH,20150321,20150320,1.9209,1.9209,,,1.9209,0
510500.SH,20150324,20150323,1.9674,1.9674,,,1.9674,0
510500.SH,20150325,20150324,1.9755,1.9755,,,1.9755,0
510500.SH,20150326,20150325,1.9976,1.9976,,,1.9976,0
510500.SH,20150327,20150326,1.9835,1.9835,,,1.9835,0
510500.SH,20150328,20150327,2.0063,2.0063,,,2.0063,0
510500.SH,20150331,20150330,2.0313,2.0313,,,2.0313,0
510500.SH,20150401,20150331,2.0334,2.0334,,6287608097.78,2.0334,0
510500.SH,20150402,20150401,2.0819,2.0819,,,2.0819,0
510500.SH,20150403,20150402,2.1198,2.1198,,,2.1198,0
510500.SH,20150404,20150403,2.153,2.153,,,2.153,0
510500.SH,20150408,20150407,2.2047,2.2047,,,2.2047,0
510500.SH,20150409,20150408,2.189,2.189,,,2.189,0
510500.SH,20150410,20150409,2.1716,2.1716,,,2.1716,0
510500.SH,20150411,20150410,2.2293,2.2293,,,2.2293,0
510500.SH,20150414,20150413,2.277,2.277,,,2.277,0
510500.SH,20150415,20150414,8.1198,2.2762,,6753939734.31,2.2762,0
510500.SH,20150416,20150415,7.803,2.1874,,,2.1874,0
510500.SH,20150417,20150416,7.913,2.2182,,,2.2182,0
510500.SH,20150418,20150417,7.9833,2.2379,,,2.2379,0
510500.SH,20150421,20150420,7.8435,2.1987,,,2.1987,0
510500.SH,20150422,20150421,8.1262,2.278,,,2.278,0
510500.SH,20150423,20150422,8.3384,2.3375,,,2.3375,0
510500.SH,20150424,20150423,8.4288,2.3628,,,2.3628,0
510500.SH,20150425,20150424,8.4437,2.367,,,2.367,0
510500.SH,20150428,20150427,8.5392,2.3937,,,2.3938,0
510500.SH,20150429,20150428,8.2978,2.3261,,,2.3261,0
510500.SH,20150430,20150429,8.4659,2.3732,,,2.3732,0
510500.SH,20150501,20150430,8.5157,2.3872,,,2.3872,0
510500.SH,20150505,20150504,8.5499,2.3967,,,2.3968,0
510500.SH,20150506,20150505,8.2427,2.3106,,,2.3106,0
510500.SH,20150507,20150506,8.1276,2.2784,,,2.2784,0
510500.SH,20150508,20150507,7.9494,2.2284,,,2.2284,0
510500.SH,20150509,20150508,8.2476,2.312,,,2.312,0
510500.SH,20150512,20150511,8.6051,2.4122,,,2.4122,0
510500.SH,20150513,20150512,8.7922,2.4647,,,2.4647,0
510500.SH,20150514,20150513,8.8712,2.4868,,,2.4868,0
510500.SH,20150515,20150514,8.8607,2.4839,,,2.4839,0
510500.SH,20150516,20150515,8.7917,2.4645,,,2.4645,0
510500.SH,20150519,20150518,8.9523,2.5096,,,2.5096,0
510500.SH,20150520,20150519,9.1746,2.5719,,,2.5719,0
510500.SH,20150521,20150520,9.3278,2.6148,,,2.6148,0
510500.SH,20150522,20150521,9.6723,2.7114,,,2.7114,0
510500.SH,20150523,20150522,9.832,2.7562,,,2.7562,0
510500.SH,20150526,20150525,10.0939,2.8296,,,2.8296,0
510500.SH,20150527,20150526,10.4294,2.9236,,,2.9236,0
510500.SH,20150528,20150527,10.553,2.9583,,,2.9583,0
510500.SH,20150529,20150528,9.9197,2.7807,,,2.7807,0
510500.SH,20150530,20150529,10.0214,2.8092,,,2.8092,0
510500.SH,20150602,20150601,10.5448,2.956,,,2.956,0
510500.SH,20150603,20150602,10.949,3.0693,,,3.0693,0
510500.SH,20150604,20150603,11.0435,3.0958,,,3.0958,0
510500.SH,20150605,20150604,11.04,3.0948,,,3.0948,0
510500.SH,20150606,20150605,11.2211,3.1456,,,3.1456,0
510500.SH,20150609,20150608,11.107,3.1136,,,3.1136,0
510500.SH,20150610,20150609,11.09,3.1088,,,3.1088,0
510500.SH,20150611,20150610,11.2967,3.1667,,,3.1667,0
510500.SH,20150612,20150611,11.4519,3.2103,,,3.2103,0
510500.SH,20150613,20150612,11.6401,3.263,,,3.263,0
510500.SH,20150616,20150615,11.4214,3.2017,,,3.2017,0
510500.SH,20150617,20150616,10.9665,3.0742,,,3.0742,0
510500.SH,20150618,20150617,11.1923,3.1375,,,3.1375,0
510500.SH,20150619,20150618,10.8258,3.0347,,,3.0347,0
510500.SH,20150620,20150619,10.0809,2.8259,,,2.8259,0
510500.SH,20150624,20150623,10.1334,2.8406,,,2.8406,0
510500.SH,20150625,20150624,10.3549,2.9027,,,2.9027,0
510500.SH,20150626,20150625,9.9873,2.7997,,,2.7997,0
510500.SH,20150627,20150626,9.1415,2.5626,,,2.5626,0
510500.SH,20150630,20150629,8.5256,2.3899,,,2.3899,0
510500.SH,20150701,20150630,8.9441,2.5073,,6213172958.82,2.5073,0
510500.SH,20150702,20150701,8.447,2.3679,,,2.3679,0
510500.SH,20150703,20150702,7.8715,2.2066,,,2.2066,0
510500.SH,20150704,20150703,7.3907,2.0718,,,2.0718,0
510500.SH,20150707,20150706,7.2853,2.0423,,,2.0423,0
510500.SH,20150708,20150707,6.8019,1.9067,,,1.9067,0
510500.SH,20150709,20150708,6.6381,1.8608,,,1.8608,0
510500.SH,20150710,20150709,6.9377,1.9448,,,1.9448,0
510500.SH,20150711,20150710,7.2888,2.0432,,,2.0432,0
510500.SH,20150714,20150713,7.7429,2.1705,,,2.1705,0
510500.SH,20150715,20150714,7.9015,2.215,,,2.215,0
510500.SH,20150716,20150715,7.4478,2.0878,,,2.0878,0
510500.SH,20150717,20150716,7.6261,2.1378,,,2.1378,0
510500.SH,20150718,20150717,8.0467,2.2557,,,2.2557,0
510500.SH,20150721,20150720,8.1706,2.2904,,,2.2904,0
510500.SH,20150722,20150721,8.2787,2.3207,,,2.3207,0
510500.SH,20150723,20150722,8.3836,2.3501,,,2.3501,0
510500.SH,20150724,20150723,8.6411,2.4223,,,2.4223,0
510500.SH,20150725,20150724,8.5088,2.3852,,,2.3852,0
510500.SH,20150728,20150727,7.8685,2.2057,,,2.2057,0
510500.SH,20150729,20150728,7.7169,2.1632,,,2.1632,0
510500.SH,20150730,20150729,8.0904,2.2679,,,2.2679,0
510500.SH,20150731,20150730,7.8685,2.2057,,,2.2057,0
510500.SH,20150801,20150731,7.7991,2.1863,,,2.1863,0
510500.SH,20150804,20150803,7.6093,2.1331,,,2.1331,0
510500.SH,20150805,20150804,8.0205,2.2483,,,2.2483,0
510500.SH,20150806,20150805,7.9173,2.2194,,,2.2194,0
510500.SH,20150807,20150806,7.8706,2.2063,,,2.2063,0
510500.SH,20150808,20150807,8.0962,2.2696,,,2.2696,0
510500.SH,20150811,20150810,8.4854,2.3787,,,2.3787,0
510500.SH,20150812,20150811,8.5239,2.3895,,,2.3895,0
510500.SH,20150813,20150812,8.4258,2.362,,,2.362,0
510500.SH,20150814,20150813,8.6277,2.4186,,,2.4186,0
510500.SH,20150815,20150814,8.7212,2.4448,,,2.4448,0
510500.SH,20150818,20150817,8.918,2.4999,,,2.4999,0
510500.SH,20150819,20150818,8.2516,2.3131,,,2.3131,0
510500.SH,20150820,20150819,8.4378,2.3653,,,2.3653,0
510500.SH,20150821,20150820,8.1521,2.2852,,,2.2852,0
510500.SH,20150822,20150821,7.7156,2.1629,,,2.1629,0
510500.SH,20150825,20150824,7.0954,1.989,,,1.989,0
510500.SH,20150826,20150825,6.5581,1.8384,,,1.8384,0
510500.SH,20150827,20150826,6.3109,1.7691,,,1.7691,0
510500.SH,20150828,20150827,6.534,1.8316,,,1.8316,0
510500.SH,20150829,20150828,6.9306,1.9428,,,1.9428,0
510500.SH,20150901,20150831,6.661,1.8672,,,1.8672,0
510500.SH,20150902,20150901,6.2357,1.748,,,1.748,0
510500.SH,20150903,20150902,6.1875,1.7345,,,1.7345,0
510500.SH,20150908,20150907,6.2293,1.7462,,,1.7462,0
510500.SH,20150909,20150908,6.4809,1.8168,,,1.8168,0
510500.SH,20150910,20150909,6.6646,1.8683,,,1.8683,0
510500.SH,20150911,20150910,6.5565,1.8379,,,1.838,0
510500.SH,20150912,20150911,6.6138,1.854,,,1.854,0
510500.SH,20150915,20150914,6.1674,1.7289,,,1.7289,0
510500.SH,20150916,20150915,5.8256,1.6331,,,1.6331,0
510500.SH,20150917,20150916,6.2173,1.7429,,,1.7429,0
510500.SH,20150918,20150917,6.1025,1.7107,,,1.7107,0
510500.SH,20150919,20150918,6.1812,1.7327,,,1.7327,0
510500.SH,20150922,20150921,6.4027,1.7948,,,1.7948,0
510500.SH,20150923,20150922,6.451,1.8084,,,1.8084,0
510500.SH,20150924,20150923,6.3779,1.7879,,,1.7879,0
510500.SH,20150925,20150924,6.4708,1.8139,,,1.8139,0
510500.SH,20150926,20150925,6.2593,1.7546,,,1.7546,0
510500.SH,20150929,20150928,6.3733,1.7866,,,1.7866,0
510500.SH,20150930,20150929,6.2546,1.7533,,,1.7533,0
510500.SH,20151027,20150930,6.2751,1.7591,,16219012317.27,1.7591,0
510500.SH,20151009,20151008,6.5296,1.8304,,,1.8304,0
510500.SH,20151010,20151009,6.6292,1.8583,,,1.8583,0
510500.SH,20151013,20151012,6.8871,1.9306,,,1.9306,0
510500.SH,20151014,20151013,6.9753,1.9553,,,1.9554,0
510500.SH,20151015,20151014,6.8981,1.9337,,,1.9337,0
510500.SH,20151016,20151015,7.1108,1.9933,,,1.9933,0
510500.SH,20151017,20151016,7.2325,2.0274,,,2.0275,0
510500.SH,20151020,20151019,7.2326,2.0275,,,2.0275,0
510500.SH,20151021,20151020,7.3537,2.0614,,,2.0614,0
510500.SH,20151022,20151021,6.8983,1.9338,,,1.9338,0
510500.SH,20151023,20151022,7.1631,2.008,,,2.008,0
510500.SH,20151024,20151023,7.3424,2.0583,,,2.0583,0
510500.SH,20151027,20151026,7.3977,2.0738,,,2.0738,0
510500.SH,20151028,20151027,7.447,2.0876,,,2.0876,0
510500.SH,20151029,20151028,7.2638,2.0362,,,2.0362,0
510500.SH,20151030,20151029,7.3277,2.0541,,,2.0541,0
510500.SH,20151031,20151030,7.3045,2.0476,,,2.0476,0
510500.SH,20151103,20151102,7.1552,2.0058,,,2.0058,0
510500.SH,20151104,20151103,7.1405,2.0017,,,2.0017,0
510500.SH,20151105,20151104,7.4995,2.1023,,,2.1023,0
510500.SH,20151106,20151105,7.5071,2.1044,,,2.1044,0
510500.SH,20151107,20151106,7.6813,2.1533,,,2.1533,0
510500.SH,20151110,20151109,7.7807,2.1811,,,2.1811,0
510500.SH,20151111,20151110,7.8106,2.1895,,,2.1895,0
510500.SH,20151112,20151111,7.9238,2.2212,,,2.2212,0
510500.SH,20151113,20151112,7.9205,2.2203,,,2.2203,0
510500.SH,20151114,20151113,7.8038,2.1876,,,2.1876,0
510500.SH,20151117,20151116,7.9581,2.2309,,,2.2309,0
510500.SH,20151118,20151117,7.8854,2.2105,,,2.2105,0
510500.SH,20151119,20151118,7.7566,2.1744,,,2.1744,0
510500.SH,20151120,20151119,7.9544,2.2298,,,2.2298,0
510500.SH,20151121,20151120,8.0445,2.2551,,,2.2551,0
510500.SH,20151124,20151123,7.98,2.237,,,2.237,0
510500.SH,20151125,20151124,8.0358,2.2526,,,2.2526,0
510500.SH,20151126,20151125,8.1627,2.2882,,,2.2882,0
510500.SH,20151127,20151126,8.1118,2.2739,,,2.2739,0
510500.SH,20151128,20151127,7.5975,2.1298,,,2.1298,0
510500.SH,20151201,20151130,7.6311,2.1392,,,2.1392,0
510500.SH,20151202,20151201,7.6675,2.1494,,,2.1494,0
510500.SH,20151203,20151202,7.6295,2.1387,,,2.1387,0
510500.SH,20151204,20151203,7.7981,2.186,,,2.186,0
510500.SH,20151205,20151204,7.7392,2.1695,,,2.1695,0
510500.SH,20151208,20151207,7.8283,2.1945,,,2.1945,0
510500.SH,20151209,20151208,7.6252,2.1375,,,2.1375,0
510500.SH,20151210,20151209,7.5955,2.1292,,,2.1292,0
510500.SH,20151211,20151210,7.5733,2.123,,,2.123,0
510500.SH,20151212,20151211,7.5153,2.1067,,,2.1067,0
510500.SH,20151215,20151214,7.6699,2.1501,,,2.1501,0
510500.SH,20151216,20151215,7.7301,2.1669,,,2.1669,0
510500.SH,20151217,20151216,7.7619,2.1759,,,2.1759,0
510500.SH,20151218,20151217,7.954,2.2297,,,2.2297,0
510500.SH,20151219,20151218,7.9361,2.2247,,,2.2247,0
510500.SH,20151222,20151221,8.0276,2.2503,,,2.2503,0
510500.SH,20151223,20151222,8.0976,2.27,,,2.27,0
510500.SH,20151224,20151223,8.0119,2.2459,,,2.2459,0
510500.SH,20151225,20151224,7.9908,2.24,,,2.24,0
510500.SH,20151226,20151225,8.0314,2.2514,,,2.2514,0
510500.SH,20151229,20151228,7.8377,2.1971,,,2.1971,0
510500.SH,20151230,20151229,7.9114,2.2178,,,2.2178,0
510500.SH,20151231,20151230,7.9797,2.2369,,,2.2369,0
510500.SH,20160101,20151231,7.8528,2.2013,,20475912485.14,2.2013,0
510500.SH,20160105,20160104,7.2007,2.0185,,,2.0185,0
510500.SH,20160106,20160105,7.1011,1.9906,,,1.9906,0
510500.SH,20160107,20160106,7.2825,2.0415,,,2.0415,0
510500.SH,20160108,20160107,6.664,1.8681,,,1.8681,0
510500.SH,20160109,20160108,6.7728,1.8986,,,1.8986,0
510500.SH,20160112,20160111,6.3173,1.7709,,,1.7709,0
510500.SH,20160113,20160112,6.3255,1.7732,,,1.7732,0
510500.SH,20160114,20160113,6.1064,1.7118,,,1.7118,0
510500.SH,20160115,20160114,6.3132,1.7697,,,1.7697,0
510500.SH,20160116,20160115,6.0747,1.7029,,,1.7029,0
510500.SH,20160119,20160118,6.1636,1.7278,,,1.7278,0
510500.SH,20160120,20160119,6.3883,1.7908,,,1.7908,0
510500.SH,20160121,20160120,6.3273,1.7737,,,1.7737,0
510500.SH,20160122,20160121,6.0753,1.7031,,,1.7031,0
510500.SH,20160123,20160122,6.1749,1.731,,,1.731,0
510500.SH,20160126,20160125,6.24,1.7492,,,1.7492,0
510500.SH,20160127,20160126,5.7791,1.62,,,1.62,0
510500.SH,20160128,20160127,5.7018,1.5984,,,1.5984,0
510500.SH,20160129,20160128,5.4571,1.5298,,,1.5298,0
510500.SH,20160130,20160129,5.6609,1.5869,,,1.5869,0
510500.SH,20160202,20160201,5.5883,1.5665,,,1.5665,0
510500.SH,20160203,20160202,5.7827,1.621,,,1.621,0
510500.SH,20160204,20160203,5.8069,1.6278,,,1.6278,0
510500.SH,20160205,20160204,5.9227,1.6603,,,1.6603,0
510500.SH,20160206,20160205,5.8636,1.6437,,,1.6437,0
510500.SH,20160216,20160215,5.8672,1.6447,,,1.6447,0
510500.SH,20160217,20160216,6.1095,1.7126,,,1.7126,0
510500.SH,20160218,20160217,6.1804,1.7325,,,1.7325,0
510500.SH,20160219,20160218,6.1658,1.7284,,,1.7284,0
510500.SH,20160220,20160219,6.1889,1.7349,,,1.7349,0
510500.SH,20160223,20160222,6.3173,1.7709,,,1.7709,0
510500.SH,20160224,20160223,6.2827,1.7612,,,1.7612,0
510500.SH,20160225,20160224,6.3243,1.7729,,,1.7729,0
510500.SH,20160226,20160225,5.8225,1.6322,,,1.6322,0
510500.SH,20160227,20160226,5.8464,1.6389,,,1.6389,0
510500.SH,20160301,20160229,5.5381,1.5525,,,1.5525,0
510500.SH,20160302,20160301,5.6663,1.5884,,,1.5884,0
510500.SH,20160303,20160302,5.9563,1.6697,,,1.6697,0
510500.SH,20160304,20160303,5.9813,1.6767,,,1.6767,0
510500.SH,20160305,20160304,5.8202,1.6315,,,1.6315,0
510500.SH,20160308,20160307,5.9556,1.6695,,,1.6695,0
510500.SH,20160309,20160308,5.9676,1.6729,,,1.6729,0
510500.SH,20160310,20160309,5.8151,1.6301,,,1.6301,0
510500.SH,20160311,20160310,5.7223,1.6041,,,1.6041,0
510500.SH,20160312,20160311,5.714,1.6018,,,1.6018,0
510500.SH,20160315,20160314,5.9061,1.6556,,,1.6556,0
510500.SH,20160316,20160315,5.8569,1.6418,,,1.6418,0
510500.SH,20160317,20160316,5.7778,1.6197,,,1.6197,0
510500.SH,20160318,20160317,5.9683,1.6731,,,1.6731,0
510500.SH,20160319,20160318,6.1795,1.7323,,,1.7323,0
510500.SH,20160322,20160321,6.3349,1.7758,,,1.7758,0
510500.SH,20160323,20160322,6.3098,1.7688,,,1.7688,0
510500.SH,20160324,20160323,6.3549,1.7814,,,1.7814,0
510500.SH,20160325,20160324,6.2511,1.7523,,,1.7523,0
510500.SH,20160326,20160325,6.3109,1.7691,,,1.7691,0
510500.SH,20160329,20160328,6.2703,1.7577,,,1.7577,0
510500.SH,20160330,20160329,6.1497,1.7239,,,1.7239,0
510500.SH,20160331,20160330,6.3738,1.7867,,,1.7867,0
510500.SH,20160420,20160331,6.3933,1.7922,,18005252827.79,1.7922,0
510500.SH,20160402,20160401,6.3604,1.783,,,1.783,0
510500.SH,20160406,20160405,6.5295,1.8304,,,1.8304,0
510500.SH,20160407,20160406,6.5673,1.841,,,1.841,0
510500.SH,20160408,20160407,6.4706,1.8139,,,1.8139,0
510500.SH,20160409,20160408,6.4072,1.7961,,,1.7961,0
510500.SH,20160412,20160411,6.5491,1.8359,,,1.8359,0
510500.SH,20160413,20160412,6.4956,1.8209,,,1.8209,0
510500.SH,20160414,20160413,6.5927,1.8481,,,1.8481,0
510500.SH,20160415,20160414,6.6517,1.8646,,,1.8646,0
510500.SH,20160416,20160415,6.6319,1.8591,,,1.8591,0
510500.SH,20160419,20160418,6.5242,1.8289,,,1.8289,0
510500.SH,20160420,20160419,6.5499,1.8361,,,1.8361,0
510500.SH,20160421,20160420,6.2517,1.7525,,,1.7525,0
510500.SH,20160422,20160421,6.2018,1.7385,,,1.7385,0
510500.SH,20160423,20160422,6.2414,1.7496,,,1.7496,0
510500.SH,20160426,20160425,6.2086,1.7404,,,1.7404,0
510500.SH,20160427,20160426,6.2793,1.7602,,,1.7602,0
510500.SH,20160428,20160427,6.2494,1.7519,,,1.7519,0
510500.SH,20160429,20160428,6.2217,1.7441,,,1.7441,0
510500.SH,20160430,20160429,6.2186,1.7432,,,1.7432,0
510500.SH,20160504,20160503,6.407,1.796,,,1.796,0
510500.SH,20160505,20160504,6.4112,1.7972,,,1.7972,0
510500.SH,20160506,20160505,6.4464,1.8071,,,1.8071,0
510500.SH,20160507,20160506,6.1993,1.7378,,,1.7378,0
510500.SH,20160510,20160509,5.9712,1.6739,,,1.6739,0
510500.SH,20160511,20160510,5.9665,1.6726,,,1.6726,0
510500.SH,20160512,20160511,5.9519,1.6685,,,1.6685,0
510500.SH,20160513,20160512,5.9544,1.6692,,,1.6692,0
510500.SH,20160514,20160513,5.9422,1.6657,,,1.6657,0
510500.SH,20160517,20160516,6.0445,1.6944,,,1.6944,0
510500.SH,20160518,20160517,6.0254,1.6891,,,1.6891,0
510500.SH,20160519,20160518,5.8585,1.6423,,,1.6423,0
510500.SH,20160520,20160519,5.8975,1.6532,,,1.6532,0
510500.SH,20160521,20160520,5.9674,1.6728,,,1.6728,0
510500.SH,20160524,20160523,6.0477,1.6953,,,1.6953,0
510500.SH,20160525,20160524,5.9795,1.6762,,,1.6762,0
510500.SH,20160526,20160525,5.9513,1.6683,,,1.6683,0
510500.SH,20160527,20160526,5.9809,1.6766,,,1.6766,0
510500.SH,20160528,20160527,5.9792,1.6761,,,1.6761,0
510500.SH,20160531,20160530,5.9517,1.6684,,,1.6684,0
510500.SH,20160601,20160531,6.1996,1.7379,,,1.7379,0
510500.SH,20160602,20160601,6.2279,1.7458,,,1.7458,0
510500.SH,20160603,20160602,6.2684,1.7572,,,1.7572,0
510500.SH,20160604,20160603,6.2922,1.7639,,,1.7639,0
510500.SH,20160607,20160606,6.3098,1.7688,,,1.7688,0
510500.SH,20160608,20160607,6.3048,1.7674,,,1.7674,0
510500.SH,20160609,20160608,6.2885,1.7628,,,1.7628,0
510500.SH,20160614,20160613,6.004,1.6831,,,1.6831,0
510500.SH,20160615,20160614,6.0155,1.6863,,,1.6863,0
510500.SH,20160616,20160615,6.2161,1.7425,,,1.7425,0
510500.SH,20160617,20160616,6.1929,1.736,,,1.736,0
510500.SH,20160618,20160617,6.229,1.7461,,,1.7461,0
510500.SH,20160621,20160620,6.2528,1.7528,,,1.7528,0
510500.SH,20160622,20160621,6.1821,1.733,,,1.733,0
510500.SH,20160623,20160622,6.2774,1.7597,,,1.7597,0
510500.SH,20160624,20160623,6.247,1.7512,,,1.7512,0
510500.SH,20160625,20160624,6.1684,1.7292,,,1.7292,0
510500.SH,20160628,20160627,6.3166,1.7707,,,1.7707,0
510500.SH,20160629,20160628,6.3838,1.7895,,,1.7895,0
510500.SH,20160630,20160629,6.3988,1.7937,,,1.7937,0
510500.SH,20160701,20160630,6.403,1.7949,,18316720519.57,1.7949,0
510500.SH,20160702,20160701,6.3915,1.7917,,,1.7917,0
510500.SH,20160705,20160704,6.5183,1.8272,,,1.8272,0
510500.SH,20160706,20160705,6.557,1.8381,,,1.8381,0
510500.SH,20160707,20160706,6.5859,1.8462,,,1.8462,0
510500.SH,20160708,20160707,6.6112,1.8533,,,1.8533,0
510500.SH,20160709,20160708,6.5937,1.8484,,,1.8484,0
510500.SH,20160712,20160711,6.6069,1.8521,,,1.8521,0
510500.SH,20160713,20160712,6.6918,1.8759,,,1.8759,0
510500.SH,20160714,20160713,6.7462,1.8911,,,1.8911,0
510500.SH,20160715,20160714,6.7562,1.8939,,,1.8939,0
510500.SH,20160716,20160715,6.7426,1.8901,,,1.8901,0
510500.SH,20160719,20160718,6.7093,1.8808,,,1.8808,0
510500.SH,20160720,20160719,6.7262,1.8855,,,1.8855,0
510500.SH,20160721,20160720,6.7119,1.8815,,,1.8815,0
510500.SH,20160722,20160721,6.7378,1.8888,,,1.8888,0
510500.SH,20160723,20160722,6.6852,1.874,,,1.874,0
510500.SH,20160726,20160725,6.7031,1.879,,,1.879,0
510500.SH,20160727,20160726,6.792,1.904,,,1.904,0
510500.SH,20160728,20160727,6.5136,1.8259,,,1.8259,0
510500.SH,20160729,20160728,6.5265,1.8295,,,1.8295,0
510500.SH,20160730,20160729,6.4841,1.8177,,,1.8177,0
510500.SH,20160802,20160801,6.3854,1.79,,,1.79,0
510500.SH,20160803,20160802,6.447,1.8073,,,1.8073,0
510500.SH,20160804,20160803,6.4782,1.816,,,1.816,0
510500.SH,20160805,20160804,6.5199,1.8277,,,1.8277,0
510500.SH,20160806,20160805,6.4852,1.818,,,1.818,0
510500.SH,20160809,20160808,6.5785,1.8441,,,1.8441,0
510500.SH,20160810,20160809,6.6322,1.8592,,,1.8592,0
510500.SH,20160811,20160810,6.6086,1.8526,,,1.8526,0
510500.SH,20160812,20160811,6.5136,1.8259,,,1.8259,0
510500.SH,20160813,20160812,6.588,1.8468,,,1.8468,0
510500.SH,20160816,20160815,6.7395,1.8892,,,1.8893,0
510500.SH,20160817,20160816,6.7672,1.897,,,1.897,0
510500.SH,20160818,20160817,6.7872,1.9026,,,1.9026,0
510500.SH,20160819,20160818,6.7884,1.903,,,1.903,0
510500.SH,20160820,20160819,6.7991,1.906,,,1.906,0
510500.SH,20160823,20160822,6.7167,1.8829,,,1.8829,0
510500.SH,20160824,20160823,6.7236,1.8848,,,1.8848,0
510500.SH,20160825,20160824,6.7311,1.8869,,,1.8869,0
510500.SH,20160826,20160825,6.6759,1.8714,,,1.8714,0
510500.SH,20160827,20160826,6.7054,1.8797,,,1.8797,0
510500.SH,20160830,20160829,6.723,1.8846,,,1.8846,0
510500.SH,20160831,20160830,6.7218,1.8843,,,1.8843,0
510500.SH,20160901,20160831,6.7308,1.8868,,,1.8868,0
510500.SH,20160902,20160901,6.6769,1.8717,,,1.8717,0
510500.SH,20160903,20160902,6.6507,1.8644,,,1.8644,0
510500.SH,20160906,20160905,6.6872,1.8746,,,1.8746,0
510500.SH,20160907,20160906,6.7941,1.9046,,,1.9046,0
510500.SH,20160908,20160907,6.7957,1.905,,,1.905,0
510500.SH,20160909,20160908,6.8198,1.9118,,,1.9118,0
510500.SH,20160910,20160909,6.7736,1.8988,,,1.8988,0
510500.SH,20160913,20160912,6.5856,1.8461,,,1.8461,0
510500.SH,20160914,20160913,6.6145,1.8542,,,1.8542,0
510500.SH,20160915,20160914,6.572,1.8423,,,1.8423,0
510500.SH,20160920,20160919,6.6401,1.8614,,,1.8614,0
510500.SH,20160921,20160920,6.6378,1.8607,,,1.8607,0
510500.SH,20160922,20160921,6.641,1.8616,,,1.8616,0
510500.SH,20160923,20160922,6.685,1.874,,,1.874,0
510500.SH,20160924,20160923,6.67,1.8698,,,1.8698,0
510500.SH,20160927,20160926,6.5378,1.8327,,,1.8327,0
510500.SH,20160928,20160927,6.5826,1.8453,,,1.8453,0
510500.SH,20160929,20160928,6.5784,1.8441,,,1.8441,0
510500.SH,20160930,20160929,6.5987,1.8498,,,1.8498,0
510500.SH,20161025,20160930,6.6289,1.8582,,17541913701.95,1.8582,0
510500.SH,20161011,20161010,6.7526,1.8929,,,1.8929,0
510500.SH,20161012,20161011,6.7919,1.9039,,,1.9039,0
510500.SH,20161013,20161012,6.788,1.9028,,,1.9028,0
510500.SH,20161014,20161013,6.7907,1.9036,,,1.9036,0
510500.SH,20161015,20161014,6.7749,1.8992,,,1.8992,0
510500.SH,20161018,20161017,6.7163,1.8827,,,1.8827,0
510500.SH,20161019,20161018,6.8164,1.9108,,,1.9108,0
510500.SH,20161020,20161019,6.8018,1.9067,,,1.9067,0
510500.SH,20161021,20161020,6.8053,1.9077,,,1.9077,0
510500.SH,20161022,20161021,6.781,1.9009,,,1.9009,0
510500.SH,20161025,20161024,6.8491,1.92,,,1.92,0
510500.SH,20161026,20161025,6.8733,1.9268,,,1.9268,0
510500.SH,20161027,20161026,6.839,1.9171,,,1.9171,0
510500.SH,20161028,20161027,6.8253,1.9133,,,1.9133,0
510500.SH,20161029,20161028,6.7617,1.8955,,,1.8955,0
510500.SH,20161101,20161031,6.7574,1.8943,,,1.8943,0
510500.SH,20161102,20161101,6.8158,1.9106,,,1.9106,0
510500.SH,20161103,20161102,6.7608,1.8952,,,1.8952,0
510500.SH,20161104,20161103,6.7908,1.9036,,,1.9036,0
510500.SH,20161105,20161104,6.7684,1.8974,,,1.8974,0
510500.SH,20161108,20161107,6.7744,1.899,,,1.899,0
510500.SH,20161109,20161108,6.8104,1.9091,,,1.9091,0
510500.SH,20161110,20161109,6.7586,1.8946,,,1.8946,0
510500.SH,20161111,20161110,6.846,1.9191,,,1.9191,0
510500.SH,20161112,20161111,6.8958,1.9331,,,1.9331,0
510500.SH,20161115,20161114,6.9278,1.942,,,1.942,0
510500.SH,20161116,20161115,6.9545,1.9495,,,1.9495,0
510500.SH,20161117,20161116,6.9593,1.9509,,,1.9509,0
510500.SH,20161118,20161117,6.9518,1.9488,,,1.9488,0
510500.SH,20161119,20161118,6.9163,1.9388,,,1.9388,0
510500.SH,20161122,20161121,6.9252,1.9413,,,1.9413,0
510500.SH,20161123,20161122,6.9766,1.9557,,,1.9557,0
510500.SH,20161124,20161123,6.9448,1.9468,,,1.9468,0
510500.SH,20161125,20161124,6.9351,1.9441,,,1.9441,0
510500.SH,20161126,20161125,6.965,1.9525,,,1.9525,0
510500.SH,20161129,20161128,6.9841,1.9578,,,1.9578,0
510500.SH,20161130,20161129,6.9311,1.943,,,1.943,0
510500.SH,20161201,20161130,6.8943,1.9326,,,1.9326,0
510500.SH,20161202,20161201,6.9348,1.944,,,1.944,0
510500.SH,20161203,20161202,6.8273,1.9139,,,1.9139,0
510500.SH,20161206,20161205,6.7924,1.9041,,,1.9041,0
510500.SH,20161207,20161206,6.7977,1.9056,,,1.9056,0
510500.SH,20161208,20161207,6.8638,1.9241,,,1.9241,0
510500.SH,20161209,20161208,6.8317,1.9151,,,1.9151,0
510500.SH,20161210,20161209,6.8152,1.9105,,,1.9105,0
510500.SH,20161213,20161212,6.5382,1.8328,,,1.8328,0
510500.SH,20161214,20161213,6.5676,1.8411,,,1.8411,0
510500.SH,20161215,20161214,6.529,1.8302,,,1.8302,0
510500.SH,20161216,20161215,6.57,1.8417,,,1.8417,0
510500.SH,20161217,20161216,6.6109,1.8532,,,1.8532,0
510500.SH,20161220,20161219,6.6123,1.8536,,,1.8536,0
510500.SH,20161221,20161220,6.5914,1.8477,,,1.8477,0
510500.SH,20161222,20161221,6.6405,1.8615,,,1.8615,0
510500.SH,20161223,20161222,6.6341,1.8597,,,1.8597,0
510500.SH,20161224,20161223,6.573,1.8426,,,1.8426,0
510500.SH,20161227,20161226,6.5863,1.8463,,,1.8463,0
510500.SH,20161228,20161227,6.581,1.8448,,,1.8448,0
510500.SH,20161229,20161228,6.562,1.8395,,,1.8395,0
510500.SH,20161230,20161229,6.5448,1.8347,,,1.8347,0
510500.SH,20161231,20161230,6.5555,1.8377,,16728693067.66,1.8377,0
510500.SH,20170101,20161231,6.5554,1.8376,,16728437054.32,1.8376,0
510500.SH,20170104,20170103,6.6141,1.8541,,,1.8541,0
510500.SH,20170105,20170104,6.6916,1.8758,,,1.8758,0
510500.SH,20170106,20170105,6.696,1.8771,,,1.8771,0
510500.SH,20170107,20170106,6.6671,1.869,,,1.869,0
510500.SH,20170110,20170109,6.712,1.8815,,,1.8815,0
510500.SH,20170111,20170110,6.69,1.8754,,,1.8754,0
510500.SH,20170112,20170111,6.6258,1.8574,,,1.8574,0
510500.SH,20170113,20170112,6.5641,1.8401,,,1.8401,0
510500.SH,20170114,20170113,6.4829,1.8173,,,1.8173,0
510500.SH,20170117,20170116,6.3093,1.7687,,,1.7687,0
510500.SH,20170118,20170117,6.3645,1.7841,,,1.7841,0
510500.SH,20170119,20170118,6.3521,1.7807,,,1.7807,0
510500.SH,20170120,20170119,6.3266,1.7735,,,1.7735,0
510500.SH,20170121,20170120,6.409,1.7966,,,1.7966,0
510500.SH,20170124,20170123,6.4604,1.811,,,1.811,0
510500.SH,20170125,20170124,6.4534,1.809,,,1.809,0
510500.SH,20170126,20170125,6.4689,1.8134,,,1.8134,0
510500.SH,20170127,20170126,6.5146,1.8262,,,1.8262,0
510500.SH,20170204,20170203,6.4962,1.821,,,1.821,0
510500.SH,20170207,20170206,6.5498,1.8361,,,1.8361,0
510500.SH,20170208,20170207,6.5462,1.8351,,,1.8351,0
510500.SH,20170209,20170208,6.5842,1.8457,,,1.8457,0
510500.SH,20170210,20170209,6.6256,1.8573,,,1.8573,0
510500.SH,20170211,20170210,6.6317,1.859,,,1.859,0
510500.SH,20170214,20170213,6.6659,1.8686,,,1.8686,0
510500.SH,20170215,20170214,6.6709,1.87,,,1.87,0
510500.SH,20170216,20170215,6.6039,1.8512,,,1.8512,0
510500.SH,20170217,20170216,6.6532,1.8651,,,1.8651,0
510500.SH,20170218,20170217,6.5992,1.8499,,,1.8499,0
510500.SH,20170221,20170220,6.6806,1.8727,,,1.8727,0
510500.SH,20170222,20170221,6.7324,1.8873,,,1.8873,0
510500.SH,20170223,20170222,6.7737,1.8988,,,1.8988,0
510500.SH,20170224,20170223,6.7734,1.8988,,,1.8988,0
510500.SH,20170225,20170224,6.7766,1.8996,,,1.8997,0
510500.SH,20170228,20170227,6.7217,1.8843,,,1.8843,0
510500.SH,20170301,20170228,6.7496,1.8921,,,1.8921,0
510500.SH,20170302,20170301,6.7678,1.8972,,,1.8972,0
510500.SH,20170303,20170302,6.7338,1.8877,,,1.8877,0
510500.SH,20170304,20170303,6.753,1.893,,,1.893,0
510500.SH,20170307,20170306,6.82,1.9118,,,1.9118,0
510500.SH,20170308,20170307,6.8258,1.9134,,,1.9134,0
510500.SH,20170309,20170308,6.7988,1.9059,,,1.9059,0
510500.SH,20170310,20170309,6.7387,1.889,,,1.889,0
510500.SH,20170311,20170310,6.7481,1.8917,,,1.8917,0
510500.SH,20170314,20170313,6.8112,1.9093,,,1.9093,0
510500.SH,20170315,20170314,6.7961,1.9051,,,1.9051,0
510500.SH,20170316,20170315,6.7886,1.903,,,1.903,0
510500.SH,20170317,20170316,6.8492,1.92,,,1.92,0
510500.SH,20170318,20170317,6.7874,1.9027,,,1.9027,0
510500.SH,20170321,20170320,6.8016,1.9067,,,1.9067,0
510500.SH,20170322,20170321,6.8195,1.9117,,,1.9117,0
510500.SH,20170323,20170322,6.803,1.907,,,1.9071,0
510500.SH,20170324,20170323,6.8159,1.9107,,,1.9107,0
510500.SH,20170325,20170324,6.8536,1.9212,,,1.9212,0
510500.SH,20170328,20170327,6.8214,1.9122,,,1.9122,0
510500.SH,20170329,20170328,6.8036,1.9072,,,1.9072,0
510500.SH,20170330,20170329,6.7845,1.9019,,,1.9019,0
510500.SH,20170331,20170330,6.6758,1.8714,,,1.8714,0
510500.SH,20170424,20170331,6.7024,1.8788,,17049988196.1,1.8789,0
510500.SH,20170406,20170405,6.8471,1.9194,,,1.9194,0
510500.SH,20170407,20170406,6.8669,1.925,,,1.925,0
510500.SH,20170408,20170407,6.887,1.9306,,,1.9306,0
510500.SH,20170411,20170410,6.874,1.927,,,1.927,0
510500.SH,20170412,20170411,6.9387,1.9451,,,1.9451,0
510500.SH,20170413,20170412,6.8848,1.93,,,1.93,0
510500.SH,20170414,20170413,6.9271,1.9418,,,1.9418,0
510500.SH,20170415,20170414,6.8356,1.9162,,,1.9162,0
510500.SH,20170418,20170417,6.7601,1.895,,,1.895,0
510500.SH,20170419,20170418,6.7208,1.884,,,1.884,0
510500.SH,20170420,20170419,6.6497,1.8641,,,1.8641,0
510500.SH,20170421,20170420,6.6468,1.8633,,,1.8633,0
510500.SH,20170422,20170421,6.5979,1.8496,,,1.8496,0
510500.SH,20170425,20170424,6.4292,1.8023,,,1.8023,0
510500.SH,20170426,20170425,6.4513,1.8085,,,1.8085,0
510500.SH,20170427,20170426,6.468,1.8131,,,1.8131,0
510500.SH,20170428,20170427,6.4852,1.818,,,1.818,0
510500.SH,20170429,20170428,6.5055,1.8237,,,1.8237,0
510500.SH,20170503,20170502,6.5094,1.8247,,,1.8247,0
510500.SH,20170504,20170503,6.4899,1.8193,,,1.8193,0
510500.SH,20170505,20170504,6.4679,1.8131,,,1.8131,0
510500.SH,20170506,20170505,6.3778,1.7879,,,1.7879,0
510500.SH,20170509,20170508,6.2586,1.7544,,,1.7544,0
510500.SH,20170510,20170509,6.2958,1.7649,,,1.7649,0
510500.SH,20170511,20170510,6.1654,1.7283,,,1.7283,0
510500.SH,20170512,20170511,6.151,1.7243,,,1.7243,0
510500.SH,20170513,20170512,6.1425,1.7219,,,1.7219,0
510500.SH,20170516,20170515,6.1745,1.7309,,,1.7309,0
510500.SH,20170517,20170516,6.3023,1.7667,,,1.7667,0
510500.SH,20170518,20170517,6.3167,1.7707,,,1.7707,0
510500.SH,20170519,20170518,6.2633,1.7558,,,1.7558,0
510500.SH,20170520,20170519,6.2623,1.7555,,,1.7555,0
510500.SH,20170523,20170522,6.172,1.7302,,,1.7302,0
510500.SH,20170524,20170523,6.043,1.694,,,1.694,0
510500.SH,20170525,20170524,6.079,1.7041,,,1.7041,0
510500.SH,20170526,20170525,6.134,1.7195,,,1.7195,0
510500.SH,20170527,20170526,6.1224,1.7163,,,1.7163,0
510500.SH,20170601,20170531,6.1081,1.7123,,,1.7123,0
510500.SH,20170602,20170601,5.989,1.6789,,,1.6789,0
510500.SH,20170603,20170602,6.0554,1.6975,,,1.6975,0
510500.SH,20170606,20170605,6.101,1.7103,,,1.7103,0
510500.SH,20170607,20170606,6.1271,1.7176,,,1.7176,0
510500.SH,20170608,20170607,6.2479,1.7514,,,1.7514,0
510500.SH,20170609,20170608,6.2547,1.7533,,,1.7533,0
510500.SH,20170610,20170609,6.2691,1.7574,,,1.7574,0
510500.SH,20170613,20170612,6.2007,1.7382,,,1.7382,0
510500.SH,20170614,20170613,6.282,1.761,,,1.761,0
510500.SH,20170615,20170614,6.2683,1.7572,,,1.7572,0
510500.SH,20170616,20170615,6.3267,1.7735,,,1.7735,0
510500.SH,20170617,20170616,6.3206,1.7718,,,1.7718,0
510500.SH,20170620,20170619,6.3675,1.785,,,1.785,0
510500.SH,20170621,20170620,6.3781,1.7879,,,1.7879,0
510500.SH,20170622,20170621,6.3898,1.7912,,,1.7912,0
510500.SH,20170623,20170622,6.3016,1.7665,,,1.7665,0
510500.SH,20170624,20170623,6.3189,1.7713,,,1.7713,0
510500.SH,20170627,20170626,6.4266,1.8015,,,1.8015,0
510500.SH,20170628,20170627,6.4285,1.8021,,,1.8021,0
510500.SH,20170629,20170628,6.4005,1.7942,,,1.7942,0
510500.SH,20170630,20170629,6.4341,1.8036,,,1.8036,0
510500.SH,20170701,20170630,6.4572,1.8101,,18528683569.47,1.8101,0
510500.SH,20170704,20170703,6.4987,1.8217,,,1.8217,0
510500.SH,20170705,20170704,6.4659,1.8126,,,1.8126,0
510500.SH,20170706,20170705,6.5154,1.8264,,,1.8264,0
510500.SH,20170707,20170706,6.5239,1.8288,,,1.8288,0
510500.SH,20170708,20170707,6.551,1.8364,,,1.8364,0
510500.SH,20170711,20170710,6.5307,1.8307,,,1.8307,0
510500.SH,20170712,20170711,6.4499,1.8081,,,1.8081,0
510500.SH,20170713,20170712,6.4529,1.8089,,,1.8089,0
510500.SH,20170714,20170713,6.4721,1.8143,,,1.8143,0
510500.SH,20170715,20170714,6.4513,1.8085,,,1.8085,0
510500.SH,20170718,20170717,6.1869,1.7343,,,1.7343,0
510500.SH,20170719,20170718,6.251,1.7523,,,1.7523,0
510500.SH,20170720,20170719,6.3792,1.7882,,,1.7882,0
510500.SH,20170721,20170720,6.4217,1.8002,,,1.8002,0
510500.SH,20170722,20170721,6.4519,1.8086,,,1.8086,0
510500.SH,20170725,20170724,6.4951,1.8207,,,1.8207,0
510500.SH,20170726,20170725,6.48,1.8165,,,1.8165,0
510500.SH,20170727,20170726,6.4734,1.8147,,,1.8147,0
510500.SH,20170728,20170727,6.5144,1.8261,,,1.8261,0
510500.SH,20170729,20170728,6.5485,1.8357,,,1.8357,0
510500.SH,20170801,20170731,6.6352,1.86,,,1.86,0
510500.SH,20170802,20170801,6.6228,1.8565,,,1.8565,0
510500.SH,20170803,20170802,6.5869,1.8465,,,1.8465,0
510500.SH,20170804,20170803,6.5977,1.8495,,,1.8495,0
510500.SH,20170805,20170804,6.5596,1.8388,,,1.8388,0
510500.SH,20170808,20170807,6.6406,1.8615,,,1.8615,0
510500.SH,20170809,20170808,6.6406,1.8615,,,1.8615,0
510500.SH,20170810,20170809,6.6796,1.8725,,,1.8725,0
510500.SH,20170811,20170810,6.6255,1.8573,,,1.8573,0
510500.SH,20170812,20170811,6.4918,1.8198,,,1.8198,0
510500.SH,20170815,20170814,6.6295,1.8584,,,1.8584,0
510500.SH,20170816,20170815,6.6523,1.8648,,,1.8648,0
510500.SH,20170817,20170816,6.6573,1.8662,,,1.8662,0
510500.SH,20170818,20170817,6.7073,1.8802,,,1.8802,0
510500.SH,20170819,20170818,6.6875,1.8747,,,1.8747,0
510500.SH,20170822,20170821,6.7467,1.8913,,,1.8913,0
510500.SH,20170823,20170822,6.7172,1.883,,,1.883,0
510500.SH,20170824,20170823,6.6617,1.8674,,,1.8674,0
510500.SH,20170825,20170824,6.6152,1.8544,,,1.8544,0
510500.SH,20170826,20170825,6.6873,1.8746,,,1.8746,0
510500.SH,20170829,20170828,6.7697,1.8977,,,1.8977,0
510500.SH,20170830,20170829,6.7516,1.8926,,,1.8926,0
510500.SH,20170831,20170830,6.7996,1.9061,,,1.9061,0
510500.SH,20170901,20170831,6.8177,1.9112,,,1.9112,0
510500.SH,20170902,20170901,6.8769,1.9278,,,1.9278,0
510500.SH,20170905,20170904,6.916,1.9387,,,1.9387,0
510500.SH,20170906,20170905,6.9243,1.9411,,,1.9411,0
510500.SH,20170907,20170906,6.9613,1.9514,,,1.9514,0
510500.SH,20170908,20170907,6.9106,1.9372,,,1.9372,0
510500.SH,20170909,20170908,6.9253,1.9413,,,1.9413,0
510500.SH,20170912,20170911,7.0056,1.9638,,,1.9638,0
510500.SH,20170913,20170912,7.0005,1.9624,,,1.9624,0
510500.SH,20170914,20170913,7.0423,1.9741,,,1.9741,0
510500.SH,20170915,20170914,7.0295,1.9705,,,1.9705,0
510500.SH,20170916,20170915,6.9766,1.9557,,,1.9557,0
510500.SH,20170919,20170918,7.0275,1.97,,,1.97,0
510500.SH,20170920,20170919,6.9918,1.96,,,1.96,0
510500.SH,20170921,20170920,7.0512,1.9766,,,1.9766,0
510500.SH,20170922,20170921,6.9665,1.9529,,,1.9529,0
510500.SH,20170923,20170922,6.9236,1.9409,,,1.9409,0
510500.SH,20170926,20170925,6.8371,1.9166,,,1.9166,0
510500.SH,20170927,20170926,6.8675,1.9251,,,1.9251,0
510500.SH,20170928,20170927,6.9346,1.9439,,,1.9439,0
510500.SH,20170929,20170928,6.9188,1.9395,,,1.9395,0
510500.SH,20170930,20170929,6.9555,1.9498,,,1.9498,0
510500.SH,20171025,20170930,6.9554,1.9497,,19193065488.45,1.9498,0
510500.SH,20171010,20171009,7.0345,1.9719,,,1.9719,0
510500.SH,20171011,20171010,7.0629,1.9799,,,1.9799,0
510500.SH,20171012,20171011,7.0217,1.9684,,,1.9684,0
510500.SH,20171013,20171012,7.0128,1.9659,,,1.9659,0
510500.SH,20171014,20171013,7.0677,1.9813,,,1.9813,0
510500.SH,20171017,20171016,6.9723,1.9545,,,1.9545,0
510500.SH,20171018,20171017,6.9647,1.9524,,,1.9524,0
510500.SH,20171019,20171018,6.9126,1.9378,,,1.9378,0
510500.SH,20171020,20171019,6.8474,1.9195,,,1.9195,0
510500.SH,20171021,20171020,6.9212,1.9402,,,1.9402,0
510500.SH,20171024,20171023,6.9642,1.9522,,,1.9522,0
510500.SH,20171025,20171024,6.9531,1.9491,,,1.9491,0
510500.SH,20171026,20171025,7.001,1.9626,,,1.9626,0
510500.SH,20171027,20171026,7.0267,1.9698,,,1.9698,0
510500.SH,20171028,20171027,6.983,1.9575,,,1.9575,0
510500.SH,20171031,20171030,6.8576,1.9224,,,1.9224,0
510500.SH,20171101,20171031,6.9083,1.9366,,,1.9366,0
510500.SH,20171102,20171101,6.9007,1.9344,,,1.9344,0
510500.SH,20171103,20171102,6.8288,1.9143,,,1.9143,0
510500.SH,20171104,20171103,6.7671,1.897,,,1.897,0
510500.SH,20171107,20171106,6.8565,1.922,,,1.922,0
510500.SH,20171108,20171107,6.8993,1.934,,,1.934,0
510500.SH,20171109,20171108,6.9111,1.9374,,,1.9374,0
510500.SH,20171110,20171109,6.9624,1.9517,,,1.9517,0
510500.SH,20171111,20171110,6.9946,1.9608,,,1.9608,0
510500.SH,20171114,20171113,7.0258,1.9695,,,1.9695,0
510500.SH,20171115,20171114,6.9657,1.9527,,,1.9527,0
510500.SH,20171116,20171115,6.8851,1.9301,,,1.9301,0
510500.SH,20171117,20171116,6.9072,1.9363,,,1.9363,0
510500.SH,20171118,20171117,6.702,1.8787,,,1.8787,0
510500.SH,20171121,20171120,6.7753,1.8993,,,1.8993,0
510500.SH,20171122,20171121,6.8002,1.9063,,,1.9063,0
510500.SH,20171123,20171122,6.7817,1.9011,,,1.9011,0
510500.SH,20171124,20171123,6.6103,1.853,,,1.853,0
510500.SH,20171125,20171124,6.6134,1.8539,,,1.8539,0
510500.SH,20171128,20171127,6.5246,1.829,,,1.829,0
510500.SH,20171129,20171128,6.6343,1.8598,,,1.8598,0
510500.SH,20171130,20171129,6.655,1.8656,,,1.8656,0
510500.SH,20171201,20171130,6.5964,1.8491,,,1.8491,0
510500.SH,20171202,20171201,6.651,1.8644,,,1.8644,0
510500.SH,20171205,20171204,6.6122,1.8536,,,1.8536,0
510500.SH,20171206,20171205,6.4591,1.8106,,,1.8106,0
510500.SH,20171207,20171206,6.5013,1.8225,,,1.8225,0
510500.SH,20171208,20171207,6.4703,1.8138,,,1.8138,0
510500.SH,20171209,20171208,6.5406,1.8335,,,1.8335,0
510500.SH,20171212,20171211,6.6273,1.8578,,,1.8578,0
510500.SH,20171213,20171212,6.5729,1.8425,,,1.8425,0
510500.SH,20171214,20171213,6.6186,1.8554,,,1.8554,0
510500.SH,20171215,20171214,6.626,1.8574,,,1.8574,0
510500.SH,20171216,20171215,6.5726,1.8425,,,1.8425,0
510500.SH,20171219,20171218,6.5332,1.8314,,,1.8314,0
510500.SH,20171220,20171219,6.5881,1.8468,,,1.8468,0
510500.SH,20171221,20171220,6.5324,1.8312,,,1.8312,0
510500.SH,20171222,20171221,6.5756,1.8433,,,1.8433,0
510500.SH,20171223,20171222,6.5796,1.8444,,,1.8444,0
510500.SH,20171226,20171225,6.5178,1.8271,,,1.8271,0
510500.SH,20171227,20171226,6.5553,1.8376,,,1.8376,0
510500.SH,20171228,20171227,6.5058,1.8237,,,1.8237,0
510500.SH,20171229,20171228,6.5395,1.8332,,,1.8332,0
510500.SH,20171230,20171229,6.5884,1.8469,,,1.8469,0
510500.SH,20180101,20171231,6.5882,1.8468,,18517132829.56,1.8468,0
510500.SH,20180103,20180102,6.6741,1.8709,,,1.8709,0
510500.SH,20180104,20180103,6.7328,1.8874,,,1.8874,0
510500.SH,20180105,20180104,6.7627,1.8958,,,1.8958,0
510500.SH,20180106,20180105,6.7625,1.8957,,,1.8957,0
510500.SH,20180109,20180108,6.7924,1.9041,,,1.9041,0
510500.SH,20180110,20180109,6.7917,1.9039,,,1.9039,0
510500.SH,20180111,20180110,6.7499,1.8922,,,1.8922,0
510500.SH,20180112,20180111,6.7715,1.8982,,,1.8982,0
510500.SH,20180113,20180112,6.7433,1.8903,,,1.8903,0
510500.SH,20180116,20180115,6.5895,1.8472,,,1.8472,0
510500.SH,20180117,20180116,6.6384,1.8609,,,1.8609,0
510500.SH,20180118,20180117,6.6015,1.8506,,,1.8506,0
510500.SH,20180119,20180118,6.6197,1.8557,,,1.8557,0
510500.SH,20180120,20180119,6.6026,1.8509,,,1.8509,0
510500.SH,20180123,20180122,6.683,1.8734,,,1.8734,0
510500.SH,20180124,20180123,6.69,1.8754,,,1.8754,0
510500.SH,20180125,20180124,6.7327,1.8873,,,1.8873,0
510500.SH,20180126,20180125,6.7204,1.8839,,,1.8839,0
510500.SH,20180127,20180126,6.721,1.8841,,,1.8841,0
510500.SH,20180130,20180129,6.6424,1.862,,,1.862,0
510500.SH,20180131,20180130,6.6459,1.863,,,1.863,0
510500.SH,20180201,20180131,6.5149,1.8263,,,1.8263,0
510500.SH,20180202,20180201,6.2998,1.766,,,1.766,0
510500.SH,20180203,20180202,6.3196,1.7715,,,1.7715,0
510500.SH,20180206,20180205,6.3126,1.7696,,,1.7696,0
510500.SH,20180207,20180206,6.005,1.6834,,,1.6834,0
510500.SH,20180208,20180207,6.0105,1.6849,,,1.6849,0
510500.SH,20180209,20180208,6.0688,1.7012,,,1.7012,0
510500.SH,20180210,20180209,5.8444,1.6383,,,1.6383,0
510500.SH,20180213,20180212,5.9977,1.6813,,,1.6813,0
510500.SH,20180214,20180213,6.0369,1.6923,,,1.6923,0
510500.SH,20180215,20180214,6.0561,1.6977,,,1.6977,0
510500.SH,20180223,20180222,6.1836,1.7334,,,1.7334,0
510500.SH,20180224,20180223,6.2065,1.7398,,,1.7398,0
510500.SH,20180227,20180226,6.3463,1.779,,,1.779,0
510500.SH,20180228,20180227,6.3266,1.7735,,,1.7735,0
510500.SH,20180301,20180228,6.3398,1.7772,,,1.7772,0
510500.SH,20180302,20180301,6.4093,1.7967,,,1.7967,0
510500.SH,20180303,20180302,6.374,1.7868,,,1.7868,0
510500.SH,20180306,20180305,6.3813,1.7888,,,1.7888,0
510500.SH,20180307,20180306,6.4677,1.8131,,,1.8131,0
510500.SH,20180308,20180307,6.406,1.7958,,,1.7958,0
510500.SH,20180309,20180308,6.4542,1.8093,,,1.8093,0
510500.SH,20180310,20180309,6.5348,1.8319,,,1.8319,0
510500.SH,20180313,20180312,6.6279,1.858,,,1.858,0
510500.SH,20180314,20180313,6.5858,1.8462,,,1.8462,0
510500.SH,20180315,20180314,6.5173,1.827,,,1.827,0
510500.SH,20180316,20180315,6.5057,1.8237,,,1.8237,0
510500.SH,20180317,20180316,6.4708,1.8139,,,1.8139,0
510500.SH,20180320,20180319,6.4771,1.8157,,,1.8157,0
510500.SH,20180321,20180320,6.4974,1.8214,,,1.8214,0
510500.SH,20180322,20180321,6.4503,1.8082,,,1.8082,0
510500.SH,20180323,20180322,6.4201,1.7997,,,1.7997,0
510500.SH,20180324,20180323,6.0879,1.7066,,,1.7066,0
510500.SH,20180327,20180326,6.2102,1.7409,,,1.7409,0
510500.SH,20180328,20180327,6.349,1.7798,,,1.7798,0
510500.SH,20180329,20180328,6.2845,1.7617,,,1.7617,0
510500.SH,20180330,20180329,6.3492,1.7798,,,1.7798,0
510500.SH,20180331,20180330,6.4335,1.8035,,,1.8035,0
510500.SH,20180421,20180331,6.4334,1.8034,,22374449685.63,1.8034,0
510500.SH,20180403,20180402,6.4409,1.8055,,,1.8055,0
510500.SH,20180404,20180403,6.3756,1.7872,,,1.7872,0
510500.SH,20180405,20180404,6.3325,1.7752,,,1.7752,0
510500.SH,20180410,20180409,6.3402,1.7773,,,1.7773,0
510500.SH,20180411,20180410,6.3801,1.7885,,,1.7885,0
510500.SH,20180412,20180411,6.4045,1.7953,,,1.7953,0
510500.SH,20180413,20180412,6.3671,1.7849,,,1.7849,0
510500.SH,20180414,20180413,6.3417,1.7777,,,1.7777,0
510500.SH,20180417,20180416,6.325,1.7731,,,1.7731,0
510500.SH,20180418,20180417,6.1985,1.7376,,,1.7376,0
510500.SH,20180419,20180418,6.2823,1.7611,,,1.7611,0
510500.SH,20180420,20180419,6.3182,1.7711,,,1.7711,0
510500.SH,20180421,20180420,6.1874,1.7345,,,1.7345,0
510500.SH,20180424,20180423,6.1258,1.7172,,,1.7172,0
510500.SH,20180425,20180424,6.2677,1.757,,,1.757,0
510500.SH,20180426,20180425,6.2698,1.7576,,,1.7576,0
510500.SH,20180427,20180426,6.1536,1.725,,,1.725,0
510500.SH,20180428,20180427,6.1689,1.7293,,,1.7293,0
510500.SH,20180503,20180502,6.162,1.7274,,,1.7274,0
510500.SH,20180504,20180503,6.2215,1.744,,,1.744,0
510500.SH,20180505,20180504,6.2219,1.7442,,,1.7442,0
510500.SH,20180508,20180507,6.3383,1.7768,,,1.7768,0
510500.SH,20180509,20180508,6.3622,1.7835,,,1.7835,0
510500.SH,20180510,20180509,6.3488,1.7797,,,1.7797,0
510500.SH,20180511,20180510,6.361,1.7831,,,1.7831,0
510500.SH,20180512,20180511,6.3109,1.7691,,,1.7691,0
510500.SH,20180515,20180514,6.2861,1.7621,,,1.7622,0
510500.SH,20180516,20180515,6.3427,1.778,,,1.778,0
510500.SH,20180517,20180516,6.3275,1.7738,,,1.7738,0
510500.SH,20180518,20180517,6.2973,1.7653,,,1.7653,0
510500.SH,20180519,20180518,6.3215,1.7721,,,1.7721,0
510500.SH,20180522,20180521,6.4033,1.795,,,1.795,0
510500.SH,20180523,20180522,6.4259,1.8013,,,1.8013,0
510500.SH,20180524,20180523,6.3439,1.7784,,,1.7784,0
510500.SH,20180525,20180524,6.3226,1.7724,,,1.7724,0
510500.SH,20180526,20180525,6.2478,1.7514,,,1.7514,0
510500.SH,20180529,20180528,6.2195,1.7435,,,1.7435,0
510500.SH,20180530,20180529,6.1603,1.7269,,,1.7269,0
510500.SH,20180531,20180530,5.999,1.6817,,,1.6817,0
510500.SH,20180601,20180531,6.0754,1.7031,,,1.7031,0
510500.SH,20180602,20180601,6.004,1.6831,,,1.6831,0
510500.SH,20180605,20180604,6.0025,1.6826,,,1.6827,0
510500.SH,20180606,20180605,6.1023,1.7106,,,1.7106,0
510500.SH,20180607,20180606,6.1015,1.7104,,,1.7104,0
510500.SH,20180608,20180607,6.0616,1.6992,,,1.6992,0
510500.SH,20180609,20180608,5.9891,1.6789,,,1.6789,0
510500.SH,20180612,20180611,5.9511,1.6682,,,1.6682,0
510500.SH,20180613,20180612,6.0163,1.6865,,,1.6865,0
510500.SH,20180614,20180613,5.9264,1.6613,,,1.6613,0
510500.SH,20180615,20180614,5.9063,1.6557,,,1.6557,0
510500.SH,20180616,20180615,5.8004,1.626,,,1.626,0
510500.SH,20180620,20180619,5.4358,1.5238,,,1.5238,0
510500.SH,20180621,20180620,5.499,1.5415,,,1.5415,0
510500.SH,20180622,20180621,5.384,1.5093,,,1.5093,0
510500.SH,20180623,20180622,5.461,1.5309,,,1.5309,0
510500.SH,20180626,20180625,5.4244,1.5206,,,1.5206,0
510500.SH,20180627,20180626,5.4618,1.5311,,,1.5311,0
510500.SH,20180628,20180627,5.4084,1.5161,,,1.5161,0
510500.SH,20180629,20180628,5.3527,1.5005,,,1.5005,0
510500.SH,20180630,20180629,5.5274,1.5495,,,1.5495,0
510500.SH,20180701,20180630,5.5273,1.5494,,24213246851.55,1.5494,0
510500.SH,20180703,20180702,5.442,1.5255,,,1.5255,0
510500.SH,20180704,20180703,5.5047,1.5431,,,1.5431,0
510500.SH,20180705,20180704,5.4259,1.521,,,1.521,0
510500.SH,20180706,20180705,5.2813,1.4805,,,1.4805,0
510500.SH,20180707,20180706,5.2969,1.4849,,,1.4849,0
510500.SH,20180710,20180709,5.4169,1.5185,,,1.5185,0
510500.SH,20180711,20180710,5.4492,1.5275,,,1.5275,0
510500.SH,20180712,20180711,5.3429,1.4977,,,1.4977,0
510500.SH,20180713,20180712,5.4905,1.5391,,,1.5391,0
510500.SH,20180714,20180713,5.5249,1.5488,,,1.5488,0
510500.SH,20180717,20180716,5.5158,1.5462,,,1.5462,0
510500.SH,20180718,20180717,5.5162,1.5463,,,1.5463,0
510500.SH,20180719,20180718,5.4767,1.5353,,,1.5353,0
510500.SH,20180720,20180719,5.4284,1.5217,,,1.5217,0
510500.SH,20180721,20180720,5.4979,1.5412,,,1.5412,0
510500.SH,20180724,20180723,5.5391,1.5527,,,1.5527,0
510500.SH,20180725,20180724,5.6358,1.5799,,,1.5799,0
510500.SH,20180726,20180725,5.6403,1.5811,,,1.5811,0
510500.SH,20180727,20180726,5.6026,1.5705,,,1.5705,0
510500.SH,20180728,20180727,5.5775,1.5635,,,1.5635,0
510500.SH,20180731,20180730,5.5081,1.5441,,,1.5441,0
510500.SH,20180801,20180731,5.5105,1.5447,,,1.5447,0
510500.SH,20180802,20180801,5.4211,1.5197,,,1.5197,0
510500.SH,20180803,20180802,5.3022,1.4863,,,1.4863,0
510500.SH,20180804,20180803,5.2335,1.4671,,,1.4671,0
510500.SH,20180807,20180806,5.1217,1.4357,,,1.4357,0
510500.SH,20180808,20180807,5.2617,1.475,,,1.475,0
510500.SH,20180809,20180808,5.1808,1.4523,,,1.4523,0
510500.SH,20180810,20180809,5.3143,1.4897,,,1.4897,0
510500.SH,20180811,20180810,5.3428,1.4977,,,1.4977,0
510500.SH,20180814,20180813,5.3698,1.5053,,,1.5053,0
510500.SH,20180815,20180814,5.3512,1.5001,,,1.5001,0
510500.SH,20180816,20180815,5.2402,1.469,,,1.469,0
510500.SH,20180817,20180816,5.1942,1.4561,,,1.4561,0
510500.SH,20180818,20180817,5.1028,1.4304,,,1.4304,0
510500.SH,20180821,20180820,5.1344,1.4393,,,1.4393,0
510500.SH,20180822,20180821,5.1986,1.4573,,,1.4573,0
510500.SH,20180823,20180822,5.1407,1.4411,,,1.4411,0
510500.SH,20180824,20180823,5.1696,1.4492,,,1.4492,0
510500.SH,20180825,20180824,5.1577,1.4458,,,1.4458,0
510500.SH,20180828,20180827,5.2737,1.4783,,,1.4783,0
510500.SH,20180829,20180828,5.2883,1.4824,,,1.4824,0
510500.SH,20180830,20180829,5.254,1.4728,,,1.4728,0
510500.SH,20180831,20180830,5.1753,1.4508,,,1.4508,0
510500.SH,20180901,20180831,5.1196,1.4352,,,1.4352,0
510500.SH,20180904,20180903,5.1443,1.4421,,,1.4421,0
510500.SH,20180905,20180904,5.1995,1.4575,,,1.4575,0
510500.SH,20180906,20180905,5.1193,1.4351,,,1.4351,0
510500.SH,20180907,20180906,5.0955,1.4284,,,1.4284,0
510500.SH,20180908,20180907,5.0932,1.4278,,,1.4278,0
510500.SH,20180911,20180910,5.0009,1.4019,,,1.4019,0
510500.SH,20180912,20180911,4.9988,1.4013,,,1.4013,0
510500.SH,20180913,20180912,4.9892,1.3986,,,1.3986,0
510500.SH,20180914,20180913,5.0185,1.4068,,,1.4068,0
510500.SH,20180915,20180914,4.9652,1.3919,,,1.3919,0
510500.SH,20180918,20180917,4.8934,1.3717,,,1.3717,0
510500.SH,20180919,20180918,4.9797,1.3959,,,1.3959,0
510500.SH,20180920,20180919,5.0374,1.4121,,,1.4121,0
510500.SH,20180921,20180920,5.0342,1.4112,,,1.4112,0
510500.SH,20180922,20180921,5.1122,1.4331,,,1.4331,0
510500.SH,20180926,20180925,5.0991,1.4294,,,1.4294,0
510500.SH,20180927,20180926,5.1248,1.4366,,,1.4366,0
510500.SH,20180928,20180927,5.0619,1.419,,,1.419,0
510500.SH,20180929,20180928,5.1106,1.4326,,,1.4326,0
510500.SH,20181026,20180930,5.1104,1.4324,,29799281369.15,1.4326,0
510500.SH,20181009,20181008,4.946,1.3865,,,1.3865,1
510500.SH,20181010,20181009,4.933,1.3828,,,1.3828,1
510500.SH,20181011,20181010,4.9285,1.3816,,,1.3816,1
510500.SH,20181012,20181011,4.585,1.2853,,,1.2853,1
510500.SH,20181013,20181012,4.5542,1.2767,,,1.2767,1
510500.SH,20181016,20181015,4.4708,1.2533,,,1.2533,1
510500.SH,20181017,20181016,4.3653,1.2237,,,1.2237,1
510500.SH,20181018,20181017,4.4014,1.2338,,,1.2338,1
510500.SH,20181019,20181018,4.2809,1.2,,,1.2,1
510500.SH,20181020,20181019,4.3974,1.2327,,,1.2327,1
510500.SH,20181023,20181022,4.6166,1.2941,,,1.2941,0
510500.SH,20181024,20181023,4.5307,1.2701,,,1.2701,0
510500.SH,20181025,20181024,4.5224,1.2677,,,1.2677,0
510500.SH,20181026,20181025,4.51,1.2643,,,1.2643,0
510500.SH,20181027,20181026,4.5089,1.264,,,1.264,0
510500.SH,20181030,20181029,4.4337,1.2429,,,1.2429,0
510500.SH,20181031,20181030,4.4792,1.2556,,,1.2556,0
510500.SH,20181101,20181031,4.5523,1.2761,,,1.2761,0
510500.SH,20181102,20181101,4.5818,1.2844,,,1.2844,0
510500.SH,20181103,20181102,4.732,1.3265,,,1.3265,0
510500.SH,20181106,20181105,4.7358,1.3276,,,1.3276,0
510500.SH,20181107,20181106,4.7348,1.3273,,,1.3273,0
510500.SH,20181108,20181107,4.7122,1.3209,,,1.3209,0
510500.SH,20181109,20181108,4.6791,1.3117,,,1.3117,0
510500.SH,20181110,20181109,4.6671,1.3083,,,1.3083,0
510500.SH,20181113,20181112,4.7887,1.3424,,,1.3424,0
510500.SH,20181114,20181113,4.8769,1.3671,,,1.3671,0
510500.SH,20181115,20181114,4.8579,1.3618,,,1.3618,0
510500.SH,20181116,20181115,4.9384,1.3844,,,1.3844,0
510500.SH,20181117,20181116,4.9813,1.3964,,,1.3964,0
510500.SH,20181120,20181119,4.993,1.3997,,,1.3997,0
510500.SH,20181121,20181120,4.851,1.3599,,,1.3599,0
510500.SH,20181122,20181121,4.869,1.3649,,,1.3649,0
510500.SH,20181123,20181122,4.8662,1.3641,,,1.3641,0
510500.SH,20181124,20181123,4.6774,1.3112,,,1.3112,0
510500.SH,20181127,20181126,4.668,1.3086,,,1.3086,0
510500.SH,20181128,20181127,4.689,1.3144,,,1.3144,0
510500.SH,20181129,20181128,4.7483,1.3311,,,1.3311,0
510500.SH,20181130,20181129,4.6472,1.3027,,,1.3027,0
510500.SH,20181201,20181130,4.6793,1.3117,,,1.3117,0
510500.SH,20181204,20181203,4.8289,1.3537,,,1.3537,0
510500.SH,20181205,20181204,4.8521,1.3602,,,1.3602,0
510500.SH,20181206,20181205,4.8174,1.3504,,,1.3504,0
510500.SH,20181207,20181206,4.7184,1.3227,,,1.3227,0
510500.SH,20181208,20181207,4.7201,1.3232,,,1.3232,0
510500.SH,20181211,20181210,4.667,1.3083,,,1.3083,0
510500.SH,20181212,20181211,4.708,1.3198,,,1.3198,0
510500.SH,20181213,20181212,4.7086,1.3199,,,1.3199,0
510500.SH,20181214,20181213,4.7632,1.3352,,,1.3352,0
510500.SH,20181215,20181214,4.645,1.3021,,,1.3021,0
510500.SH,20181218,20181217,4.6361,1.2996,,,1.2996,0
510500.SH,20181219,20181218,4.6112,1.2926,,,1.2926,0
510500.SH,20181220,20181219,4.5475,1.2748,,,1.2748,0
510500.SH,20181221,20181220,4.5598,1.2782,,,1.2782,0
510500.SH,20181222,20181221,4.5289,1.2696,,,1.2696,0
510500.SH,20181225,20181224,4.5773,1.2831,,,1.2831,0
510500.SH,20181226,20181225,4.5249,1.2684,,,1.2684,0
510500.SH,20181227,20181226,4.5067,1.2633,,,1.2633,0
510500.SH,20181228,20181227,4.4568,1.2494,,,1.2494,0
510500.SH,20181229,20181228,4.4626,1.251,,,1.251,0
510500.SH,20190101,20181231,4.4624,1.2509,,33467648130.29,1.2509,0
510500.SH,20190103,20190102,4.4239,1.2401,,,1.2401,0
510500.SH,20190104,20190103,4.4037,1.2345,,,1.2345,0
510500.SH,20190105,20190104,4.5084,1.2638,,,1.2638,0
510500.SH,20190108,20190107,4.5925,1.2874,,,1.2874,0
510500.SH,20190109,20190108,4.5808,1.2841,,,1.2841,0
510500.SH,20190110,20190109,4.5937,1.2877,,,1.2877,0
510500.SH,20190111,20190110,4.5862,1.2856,,,1.2856,0
510500.SH,20190112,20190111,4.621,1.2954,,,1.2954,0
510500.SH,20190115,20190114,4.5908,1.2869,,,1.2869,0
510500.SH,20190116,20190115,4.6564,1.3053,,,1.3053,0
510500.SH,20190117,20190116,4.6457,1.3023,,,1.3023,0
510500.SH,20190118,20190117,4.6103,1.2924,,,1.2924,0
510500.SH,20190119,20190118,4.657,1.3055,,,1.3055,0
510500.SH,20190122,20190121,4.6843,1.3131,,,1.3131,0
510500.SH,20190123,20190122,4.6139,1.2934,,,1.2934,0
510500.SH,20190124,20190123,4.6218,1.2956,,,1.2956,0
510500.SH,20190125,20190124,4.6468,1.3026,,,1.3026,0
510500.SH,20190126,20190125,4.6262,1.2968,,,1.2968,0
510500.SH,20190129,20190128,4.6132,1.2932,,,1.2932,0
510500.SH,20190130,20190129,4.5565,1.2773,,,1.2773,0
510500.SH,20190131,20190130,4.5111,1.2646,,,1.2646,0
510500.SH,20190201,20190131,4.4725,1.2538,,,1.2538,0
510500.SH,20190202,20190201,4.5997,1.2894,,,1.2894,0
510500.SH,20190212,20190211,4.7152,1.3218,,,1.3218,0
510500.SH,20190213,20190212,4.7542,1.3327,,,1.3327,0
510500.SH,20190214,20190213,4.8331,1.3548,,,1.3548,0
510500.SH,20190215,20190214,4.8545,1.3608,,,1.3608,0
510500.SH,20190216,20190215,4.8226,1.3519,,,1.3519,0
510500.SH,20190219,20190218,4.9924,1.3995,,,1.3995,0
510500.SH,20190220,20190219,4.9981,1.4011,,,1.4011,0
510500.SH,20190221,20190220,4.9985,1.4012,,,1.4012,0
510500.SH,20190222,20190221,4.9896,1.3987,,,1.3987,0
510500.SH,20190223,20190222,5.1155,1.434,,,1.434,0
510500.SH,20190226,20190225,5.4026,1.5145,,,1.5145,0
510500.SH,20190227,20190226,5.398,1.5132,,,1.5132,0
510500.SH,20190228,20190227,5.3729,1.5062,,,1.5062,0
510500.SH,20190301,20190228,5.3809,1.5084,,,1.5084,0
510500.SH,20190302,20190301,5.4249,1.5207,,,1.5207,0
510500.SH,20190305,20190304,5.522,1.548,,,1.548,0
510500.SH,20190306,20190305,5.6674,1.5887,,,1.5887,0
510500.SH,20190307,20190306,5.7682,1.617,,,1.617,0
510500.SH,20190308,20190307,5.843,1.6379,,,1.6379,0
510500.SH,20190309,20190308,5.6178,1.5748,,,1.5748,0
510500.SH,20190312,20190311,5.8388,1.6368,,,1.6368,0
510500.SH,20190313,20190312,5.939,1.6648,,,1.6649,0
510500.SH,20190314,20190313,5.8044,1.6271,,,1.6271,0
510500.SH,20190315,20190314,5.6689,1.5891,,,1.5891,0
510500.SH,20190316,20190315,5.7334,1.6072,,,1.6072,0
510500.SH,20190319,20190318,5.8861,1.65,,,1.65,0
510500.SH,20190320,20190319,5.9078,1.6561,,,1.6561,0
510500.SH,20190321,20190320,5.8995,1.6538,,,1.6538,0
510500.SH,20190322,20190321,5.9809,1.6766,,,1.6766,0
510500.SH,20190323,20190322,6.015,1.6862,,,1.6862,0
510500.SH,20190326,20190325,5.9382,1.6646,,,1.6646,0
510500.SH,20190327,20190326,5.7718,1.618,,,1.618,0
510500.SH,20190328,20190327,5.827,1.6335,,,1.6335,0
510500.SH,20190329,20190328,5.7451,1.6105,,,1.6105,0
510500.SH,20190330,20190329,5.9357,1.6639,,,1.6639,0
510500.SH,20190419,20190331,5.9356,1.6638,,43062962220.26,1.6639,0
510500.SH,20190402,20190401,6.1615,1.7272,,,1.7272,0
510500.SH,20190403,20190402,6.1802,1.7325,,,1.7325,0
510500.SH,20190404,20190403,6.2454,1.7507,,,1.7507,0
510500.SH,20190405,20190404,6.284,1.7616,,,1.7616,0
510500.SH,20190409,20190408,6.2562,1.7538,,,1.7538,0
510500.SH,20190410,20190409,6.267,1.7568,,,1.7568,0
510500.SH,20190411,20190410,6.2612,1.7552,,,1.7552,0
510500.SH,20190412,20190411,6.1296,1.7183,,,1.7183,0
510500.SH,20190413,20190412,6.1141,1.7139,,,1.7139,0
510500.SH,20190416,20190415,6.051,1.6962,,,1.6962,0
510500.SH,20190417,20190416,6.1797,1.7323,,,1.7323,0
510500.SH,20190418,20190417,6.2123,1.7415,,,1.7415,0
510500.SH,20190419,20190418,6.1776,1.7317,,,1.7317,0
510500.SH,20190420,20190419,6.2144,1.7421,,,1.7421,0
510500.SH,20190423,20190422,6.1214,1.716,,,1.716,0
510500.SH,20190424,20190423,6.0215,1.688,,,1.688,0
510500.SH,20190425,20190424,6.077,1.7035,,,1.7035,0
510500.SH,20190426,20190425,5.8419,1.6376,,,1.6376,0
510500.SH,20190427,20190426,5.7894,1.6229,,,1.6229,0
510500.SH,20190430,20190429,5.6374,1.5803,,,1.5803,0
510500.SH,20190501,20190430,5.6794,1.5921,,,1.5921,0
510500.SH,20190507,20190506,5.2485,1.4713,,,1.4713,0
510500.SH,20190508,20190507,5.3193,1.4911,,,1.4911,0
510500.SH,20190509,20190508,5.2954,1.4844,,,1.4844,0
510500.SH,20190510,20190509,5.2322,1.4667,,,1.4667,0
510500.SH,20190511,20190510,5.42,1.5194,,,1.5194,0
510500.SH,20190514,20190513,5.3556,1.5013,,,1.5013,0
510500.SH,20190515,20190514,5.3151,1.49,,,1.49,0
510500.SH,20190516,20190515,5.4334,1.5231,,,1.5231,0
510500.SH,20190517,20190516,5.4679,1.5328,,,1.5328,0
510500.SH,20190518,20190517,5.2913,1.4833,,,1.4833,0
510500.SH,20190521,20190520,5.2713,1.4777,,,1.4777,0
510500.SH,20190522,20190521,5.3658,1.5042,,,1.5042,0
510500.SH,20190523,20190522,5.3311,1.4944,,,1.4944,0
510500.SH,20190524,20190523,5.2225,1.464,,,1.464,0
510500.SH,20190525,20190524,5.1915,1.4553,,,1.4553,0
510500.SH,20190528,20190527,5.3229,1.4921,,,1.4921,0
510500.SH,20190529,20190528,5.3153,1.49,,,1.49,0
510500.SH,20190530,20190529,5.3173,1.4906,,,1.4906,0
510500.SH,20190531,20190530,5.2841,1.4813,,,1.4813,0
510500.SH,20190601,20190531,5.2698,1.4773,,,1.4773,0
510500.SH,20190604,20190603,5.2094,1.4603,,,1.4603,0
510500.SH,20190605,20190604,5.1479,1.4431,,,1.4431,0
510500.SH,20190606,20190605,5.1403,1.441,,,1.441,0
510500.SH,20190607,20190606,5.0307,1.4102,,,1.4102,0
510500.SH,20190611,20190610,5.0816,1.4245,,,1.4245,0
510500.SH,20190612,20190611,5.2724,1.478,,,1.478,0
510500.SH,20190613,20190612,5.2332,1.467,,,1.467,0
510500.SH,20190614,20190613,5.2506,1.4719,,,1.4719,0
510500.SH,20190615,20190614,5.1467,1.4427,,,1.4427,0
510500.SH,20190618,20190617,5.1544,1.4449,,,1.4449,0
510500.SH,20190619,20190618,5.1485,1.4433,,,1.4433,0
510500.SH,20190620,20190619,5.2183,1.4628,,,1.4628,0
510500.SH,20190621,20190620,5.3258,1.493,,,1.493,0
510500.SH,20190622,20190621,5.3989,1.5134,,,1.5134,0
510500.SH,20190625,20190624,5.4019,1.5143,,,1.5143,0
510500.SH,20190626,20190625,5.3484,1.4993,,,1.4993,0
510500.SH,20190627,20190626,5.3386,1.4965,,,1.4965,0
510500.SH,20190628,20190627,5.3868,1.5101,,,1.5101,0
510500.SH,20190629,20190628,5.3285,1.4937,,,1.4937,0
510500.SH,20190701,20190630,5.3283,1.4937,,48141988752.15,1.4937,0
510500.SH,20190702,20190701,5.49,1.539,,,1.539,0
510500.SH,20190703,20190702,5.4725,1.5341,,,1.5341,0
510500.SH,20190704,20190703,5.426,1.521,,,1.521,0
510500.SH,20190705,20190704,5.4096,1.5164,,,1.5164,0
510500.SH,20190706,20190705,5.4319,1.5227,,,1.5227,0
510500.SH,20190709,20190708,5.2467,1.4708,,,1.4708,0
510500.SH,20190710,20190709,5.2578,1.4739,,,1.4739,0
510500.SH,20190711,20190710,5.219,1.463,,,1.463,0
510500.SH,20190712,20190711,5.2198,1.4632,,,1.4632,0
510500.SH,20190713,20190712,5.2414,1.4693,,,1.4693,0
510500.SH,20190716,20190715,5.3105,1.4887,,,1.4887,0
510500.SH,20190717,20190716,5.3187,1.491,,,1.491,0
510500.SH,20190718,20190717,5.3158,1.4902,,,1.4902,0
510500.SH,20190719,20190718,5.2263,1.4651,,,1.4651,0
510500.SH,20190720,20190719,5.2635,1.4755,,,1.4755,0
510500.SH,20190723,20190722,5.1558,1.4453,,,1.4453,0
510500.SH,20190724,20190723,5.2062,1.4594,,,1.4594,0
510500.SH,20190725,20190724,5.2594,1.4743,,,1.4743,0
510500.SH,20190726,20190725,5.2796,1.48,,,1.48,0
510500.SH,20190727,20190726,5.2871,1.4821,,,1.4821,0
510500.SH,20190730,20190729,5.2858,1.4817,,,1.4817,0
510500.SH,20190731,20190730,5.3148,1.4899,,,1.4899,0
510500.SH,20190801,20190731,5.2944,1.4842,,,1.4842,0
510500.SH,20190802,20190801,5.2585,1.4741,,,1.4741,0
510500.SH,20190803,20190802,5.1934,1.4558,,,1.4558,0
510500.SH,20190806,20190805,5.1317,1.4385,,,1.4385,0
510500.SH,20190807,20190806,5.021,1.4075,,,1.4075,0
510500.SH,20190808,20190807,4.9958,1.4004,,,1.4004,0
510500.SH,20190809,20190808,5.0274,1.4093,,,1.4093,0
510500.SH,20190810,20190809,4.9673,1.3925,,,1.3925,0
510500.SH,20190813,20190812,5.0583,1.418,,,1.418,0
510500.SH,20190814,20190813,5.0306,1.4102,,,1.4102,0
510500.SH,20190815,20190814,5.0592,1.4182,,,1.4182,0
510500.SH,20190816,20190815,5.0847,1.4254,,,1.4254,0
510500.SH,20190817,20190816,5.1031,1.4305,,,1.4305,0
510500.SH,20190820,20190819,5.2682,1.4768,,,1.4768,0
510500.SH,20190821,20190820,5.2658,1.4761,,,1.4761,0
510500.SH,20190822,20190821,5.276,1.479,,,1.479,0
510500.SH,20190823,20190822,5.2815,1.4805,,,1.4805,0
510500.SH,20190824,20190823,5.2819,1.4806,,,1.4806,0
510500.SH,20190827,20190826,5.2462,1.4706,,,1.4706,0
510500.SH,20190828,20190827,5.3336,1.4951,,,1.4951,0
510500.SH,20190829,20190828,5.326,1.493,,,1.493,0
510500.SH,20190830,20190829,5.3318,1.4946,,,1.4946,0
510500.SH,20190831,20190830,5.2797,1.48,,,1.48,0
510500.SH,20190903,20190902,5.4127,1.5173,,,1.5173,0
510500.SH,20190904,20190903,5.45,1.5278,,,1.5278,0
510500.SH,20190905,20190904,5.5034,1.5427,,,1.5427,0
510500.SH,20190906,20190905,5.5551,1.5572,,,1.5572,0
510500.SH,20190907,20190906,5.5716,1.5619,,,1.5619,0
510500.SH,20190910,20190909,5.6889,1.5947,,,1.5947,0
510500.SH,20190911,20190910,5.67,1.5894,,,1.5894,0
510500.SH,20190912,20190911,5.6406,1.5812,,,1.5812,0
510500.SH,20190913,20190912,5.6684,1.589,,,1.589,0
510500.SH,20190917,20190916,5.6748,1.5908,,,1.5908,0
510500.SH,20190918,20190917,5.556,1.5575,,,1.5575,0
510500.SH,20190919,20190918,5.5569,1.5577,,,1.5577,0
510500.SH,20190920,20190919,5.6101,1.5727,,,1.5727,0
510500.SH,20190921,20190920,5.6242,1.5766,,,1.5766,0
510500.SH,20190924,20190923,5.588,1.5665,,,1.5665,0
510500.SH,20190925,20190924,5.5987,1.5695,,,1.5695,0
510500.SH,20190926,20190925,5.4983,1.5413,,,1.5413,0
510500.SH,20190927,20190926,5.3729,1.5062,,,1.5062,0
510500.SH,20190928,20190927,5.4101,1.5166,,,1.5166,0
510500.SH,20191025,20190930,5.3404,1.497,,43495546173.14,1.497,1
510500.SH,20191009,20191008,5.3401,1.497,,,1.497,0
510500.SH,20191010,20191009,5.3842,1.5093,,,1.5093,0
510500.SH,20191011,20191010,5.4523,1.5284,,,1.5284,0
510500.SH,20191012,20191011,5.4634,1.5315,,,1.5315,0
510500.SH,20191015,20191014,5.5446,1.5543,,,1.5543,0
510500.SH,20191016,20191015,5.4693,1.5332,,,1.5332,0
510500.SH,20191017,20191016,5.4442,1.5261,,,1.5261,0
510500.SH,20191018,20191017,5.4341,1.5233,,,1.5233,0
510500.SH,20191019,20191018,5.3599,1.5025,,,1.5025,0
510500.SH,20191022,20191021,5.3483,1.4993,,,1.4993,0
510500.SH,20191023,20191022,5.4079,1.516,,,1.516,0
510500.SH,20191024,20191023,5.3669,1.5045,,,1.5045,0
510500.SH,20191025,20191024,5.358,1.502,,,1.502,0
510500.SH,20191026,20191025,5.3983,1.5133,,,1.5133,0
510500.SH,20191029,20191028,5.4949,1.5404,,,1.5404,0
510500.SH,20191030,20191029,5.4131,1.5174,,,1.5174,0
510500.SH,20191031,20191030,5.348,1.4992,,,1.4992,0
510500.SH,20191101,20191031,5.3154,1.49,,,1.49,0
510500.SH,20191102,20191101,5.3639,1.5036,,,1.5036,0
510500.SH,20191105,20191104,5.3909,1.5112,,,1.5112,0
510500.SH,20191106,20191105,5.4314,1.5226,,,1.5226,0
510500.SH,20191107,20191106,5.376,1.507,,,1.507,0
510500.SH,20191108,20191107,5.412,1.5171,,,1.5171,0
510500.SH,20191109,20191108,5.3926,1.5117,,,1.5117,0
510500.SH,20191112,20191111,5.2713,1.4777,,,1.4777,0
510500.SH,20191113,20191112,5.2758,1.4789,,,1.4789,0
510500.SH,20191114,20191113,5.2689,1.477,,,1.477,0
510500.SH,20191115,20191114,5.3084,1.4881,,,1.4881,0
510500.SH,20191116,20191115,5.2625,1.4752,,,1.4752,0
510500.SH,20191119,20191118,5.2884,1.4825,,,1.4825,0
510500.SH,20191120,20191119,5.378,1.5076,,,1.5076,0
510500.SH,20191121,20191120,5.3471,1.4989,,,1.4989,0
510500.SH,20191122,20191121,5.346,1.4986,,,1.4986,0
510500.SH,20191123,20191122,5.3004,1.4858,,,1.4858,0
510500.SH,20191126,20191125,5.298,1.4852,,,1.4852,0
510500.SH,20191127,20191126,5.2782,1.4796,,,1.4796,0
510500.SH,20191128,20191127,5.3012,1.4861,,,1.4861,0
510500.SH,20191129,20191128,5.2857,1.4817,,,1.4817,0
510500.SH,20191130,20191129,5.2918,1.4834,,,1.4834,0
510500.SH,20191203,20191202,5.3031,1.4866,,,1.4866,0
510500.SH,20191204,20191203,5.326,1.493,,,1.493,0
510500.SH,20191205,20191204,5.3209,1.4916,,,1.4916,0
510500.SH,20191206,20191205,5.3729,1.5062,,,1.5062,0
510500.SH,20191207,20191206,5.4184,1.5189,,,1.5189,0
510500.SH,20191210,20191209,5.4352,1.5236,,,1.52362244,0
510500.SH,20191211,20191210,5.4629,1.5314,,,1.53138744,0
510500.SH,20191212,20191211,5.441,1.5252,,,1.52524833,0
510500.SH,20191213,20191212,5.4286,1.5218,,,1.5217723,0
510500.SH,20191214,20191213,5.4971,1.541,,,1.54097456,0
510500.SH,20191217,20191216,5.5959,1.5687,,,1.56867067,0
510500.SH,20191218,20191217,5.674,1.5906,,,1.59056405,0
510500.SH,20191219,20191218,5.6727,1.5902,,,1.59019963,0
510500.SH,20191220,20191219,5.6803,1.5923,,,1.5923301,0
510500.SH,20191221,20191220,5.6197,1.5753,,,1.5753424,0
510500.SH,20191224,20191223,5.509,1.5443,,,1.54431043,0
510500.SH,20191225,20191224,5.5918,1.5675,,,1.56752134,0
510500.SH,20191226,20191225,5.6135,1.5736,,,1.57360439,0
510500.SH,20191227,20191226,5.6527,1.5846,,,1.58459313,0
510500.SH,20191228,20191227,5.6113,1.573,,,1.57298767,0
510500.SH,20191231,20191230,5.6799,1.5922,,,1.59221797,0
510500.SH,20200120,20191231,5.7077,1.6,,44539669173.68,1.600011,1
510500.SH,20200103,20200102,5.8147,1.63,,,1.63000578,0
510500.SH,20200104,20200103,5.8307,1.6345,,,1.63449098,0
510500.SH,20200107,20200106,5.8883,1.6506,,,1.6506377,0
510500.SH,20200108,20200107,5.9593,1.6705,,,1.67054077,0
510500.SH,20200109,20200108,5.8778,1.6477,,,1.64769429,0
510500.SH,20200110,20200109,5.9563,1.6697,,,1.6696998,0
510500.SH,20200111,20200110,5.9387,1.6648,,,1.66476608,0
510500.SH,20200114,20200113,6.0237,1.6886,,,1.6885937,0
510500.SH,20200115,20200114,6.0065,1.6838,,,1.68377211,0
510500.SH,20200116,20200115,5.9929,1.68,,,1.67995969,0
510500.SH,20200117,20200116,5.9901,1.6792,,,1.67917478,0
510500.SH,20200118,20200117,5.9713,1.6739,,,1.67390467,0
510500.SH,20200121,20200120,6.055,1.6974,,,1.69736788,0
510500.SH,20200122,20200121,5.9856,1.6779,,,1.67791332,0
510500.SH,20200123,20200122,6.0416,1.6936,,,1.69361152,0
510500.SH,20200124,20200123,5.8247,1.6328,,,1.63280903,0
510500.SH,20200204,20200203,5.3142,1.4897,,,1.48970312,0
510500.SH,20200205,20200204,5.4099,1.5165,,,1.51653022,0
510500.SH,20200206,20200205,5.5464,1.5548,,,1.55479458,0
510500.SH,20200207,20200206,5.7192,1.6032,,,1.60323474,0
510500.SH,20200208,20200207,5.7664,1.6165,,,1.61646608,0
510500.SH,20200211,20200210,5.8317,1.6348,,,1.6347713,0
510500.SH,20200212,20200211,5.8043,1.6271,,,1.6270904,0
510500.SH,20200213,20200212,5.91,1.6567,,,1.65672075,0
510500.SH,20200214,20200213,5.8606,1.6429,,,1.6428727,0
510500.SH,20200215,20200214,5.8689,1.6452,,,1.64519939,0
510500.SH,20200218,20200217,6.0587,1.6984,,,1.69840508,0
510500.SH,20200219,20200218,6.1287,1.718,,,1.71802783,0
510500.SH,20200220,20200219,6.0681,1.701,,,1.70104013,0
510500.SH,20200221,20200220,6.1794,1.7322,,,1.73224031,0
510500.SH,20200222,20200221,6.263,1.7557,,,1.75567548,0
510500.SH,20200225,20200224,6.3498,1.78,,,1.78000769,0
510500.SH,20200226,20200225,6.3831,1.7893,,,1.78934251,0
510500.SH,20200227,20200226,6.218,1.7431,,,1.74306085,0
510500.SH,20200228,20200227,6.228,1.7459,,,1.7458641,0
510500.SH,20200229,20200228,5.9006,1.6541,,,1.6540857,0
510500.SH,20200303,20200302,6.1232,1.7165,,,1.71648604,0
510500.SH,20200304,20200303,6.179,1.7321,,,1.73212818,0
510500.SH,20200305,20200304,6.1849,1.7338,,,1.73378209,0
510500.SH,20200306,20200305,6.2781,1.7599,,,1.75990838,0
510500.SH,20200307,20200306,6.2375,1.7485,,,1.74852719,0
510500.SH,20200310,20200309,5.9796,1.6762,,,1.67623137,0
510500.SH,20200311,20200310,6.1426,1.7219,,,1.72192435,0
510500.SH,20200312,20200311,6.0505,1.6961,,,1.69610641,0
510500.SH,20200313,20200312,5.9455,1.6667,,,1.66667229,0
510500.SH,20200314,20200313,5.9067,1.6558,,,1.65579568,0
510500.SH,20200317,20200316,5.6294,1.5781,,,1.57806156,0
510500.SH,20200318,20200317,5.6401,1.5811,,,1.58106103,0
510500.SH,20200319,20200318,5.5407,1.5532,,,1.55319673,0
510500.SH,20200320,20200319,5.5817,1.5647,,,1.56469005,0
510500.SH,20200321,20200320,5.6485,1.5834,,,1.58341576,0
510500.SH,20200324,20200323,5.412,1.5171,,,1.5171189,0
510500.SH,20200325,20200324,5.5159,1.5462,,,1.54624467,0
510500.SH,20200326,20200325,5.6473,1.5831,,,1.58307937,0
510500.SH,20200327,20200326,5.5911,1.5673,,,1.56732511,0
510500.SH,20200328,20200327,5.5611,1.5589,,,1.55891536,0
510500.SH,20200331,20200330,5.442,1.5255,,,1.52552865,0
510500.SH,20200421,20200331,5.4561,1.5295,,39460023771.16,1.52948123,1
510500.SH,20200402,20200401,5.4324,1.5228,,,1.52283753,0
510500.SH,20200403,20200402,5.571,1.5617,,,1.56169058,0
510500.SH,20200404,20200403,5.5281,1.5497,,,1.54966463,0
510500.SH,20200408,20200407,5.702,1.5984,,,1.59841315,0
510500.SH,20200409,20200408,5.7065,1.5997,,,1.59967461,0
510500.SH,20200410,20200409,5.7613,1.615,,,1.61503642,0
510500.SH,20200411,20200410,5.6387,1.5807,,,1.58066858,0
510500.SH,20200414,20200413,5.5959,1.5687,,,1.56867067,0
510500.SH,20200415,20200414,5.7243,1.6047,,,1.6046644,0
510500.SH,20200416,20200415,5.7037,1.5989,,,1.5988897,0
510500.SH,20200417,20200416,5.756,1.6135,,,1.6135507,0
510500.SH,20200418,20200417,5.7576,1.614,,,1.61399922,0
510500.SH,20200421,20200420,5.8248,1.6328,,,1.63283706,0
510500.SH,20200422,20200421,5.7829,1.6211,,,1.62109144,0
510500.SH,20200423,20200422,5.8307,1.6345,,,1.63449098,0
510500.SH,20200424,20200423,5.8,1.6259,,,1.625885,0
510500.SH,20200425,20200424,5.7096,1.6005,,,1.60054362,0
510500.SH,20200428,20200427,5.7019,1.5984,,,1.59838512,0
510500.SH,20200429,20200428,5.6608,1.5869,,,1.58686376,0
510500.SH,20200430,20200429,5.6614,1.587,,,1.58703196,0
510500.SH,20200501,20200430,5.8005,1.626,,,1.62602516,0
510500.SH,20200507,20200506,5.9046,1.6552,,,1.655207,0
510500.SH,20200508,20200507,5.8985,1.6535,,,1.65349701,0
510500.SH,20200509,20200508,5.9659,1.6724,,,1.67239092,0
510500.SH,20200512,20200511,5.9532,1.6688,,,1.66883079,0
510500.SH,20200513,20200512,5.9707,1.6737,,,1.67373648,0
510500.SH,20200514,20200513,5.9981,1.6814,,,1.68141738,0
510500.SH,20200515,20200514,5.9461,1.6668,,,1.66684048,0
510500.SH,20200516,20200515,5.9703,1.6736,,,1.67362435,0
510500.SH,20200519,20200518,5.9412,1.6655,,,1.66546689,0
510500.SH,20200520,20200519,6.0145,1.686,,,1.68601471,0
510500.SH,20200521,20200520,5.9542,1.6691,,,1.66911112,0
510500.SH,20200522,20200521,5.8868,1.6502,,,1.65021721,0
510500.SH,20200523,20200522,5.7824,1.621,,,1.62095128,0
510500.SH,20200526,20200525,5.7687,1.6171,,,1.61711083,0
510500.SH,20200527,20200526,5.8817,1.6488,,,1.64878755,0
510500.SH,20200528,20200527,5.8275,1.6336,,,1.63359394,0
510500.SH,20200529,20200528,5.82,1.6315,,,1.6314915,0
510500.SH,20200530,20200529,5.8716,1.646,,,1.64595627,0
510500.SH,20200602,20200601,6.0521,1.6966,,,1.69655493,0
510500.SH,20200603,20200602,6.0498,1.6959,,,1.69591019,0
510500.SH,20200604,20200603,6.0568,1.6979,,,1.69787246,0
510500.SH,20200605,20200604,6.0617,1.6992,,,1.69924605,0
510500.SH,20200606,20200605,6.0729,1.7024,,,1.70238569,0
510500.SH,20200609,20200608,6.0622,1.6994,,,1.69938622,0
510500.SH,20200610,20200609,6.101,1.7103,,,1.71026283,0
510500.SH,20200611,20200610,6.1083,1.7123,,,1.7123092,0
510500.SH,20200612,20200611,6.0838,1.7054,,,1.70544124,0
510500.SH,20200613,20200612,6.093,1.708,,,1.70802023,0
510500.SH,20200616,20200615,6.0911,1.7075,,,1.70748761,0
510500.SH,20200617,20200616,6.206,1.7397,,,1.73969695,0
510500.SH,20200618,20200617,6.2489,1.7517,,,1.75172289,0
510500.SH,20200619,20200618,6.2515,1.7525,,,1.75245174,0
510500.SH,20200620,20200619,6.3163,1.7706,,,1.7706168,0
510500.SH,20200623,20200622,6.3151,1.7703,,,1.77028041,0
510500.SH,20200624,20200623,6.3369,1.7764,,,1.77639149,0
510500.SH,20200625,20200624,6.3247,1.773,,,1.77297153,0
510500.SH,20200630,20200629,6.2973,1.7653,,,1.76529062,0
510500.SH,20200721,20200630,6.4106,1.7971,,38459955867.99,1.79705145,1
510500.SH,20200702,20200701,6.4304,1.8026,,,1.80260188,0
510500.SH,20200703,20200702,6.5369,1.8325,,,1.83245649,0
510500.SH,20200704,20200703,6.6229,1.8566,,,1.85656444,0
510500.SH,20200707,20200706,6.9031,1.9351,,,1.93511151,0
510500.SH,20200708,20200707,6.9938,1.9605,,,1.96053699,0
510500.SH,20200709,20200708,7.1632,2.008,,,2.00802404,0
510500.SH,20200710,20200709,7.3358,2.0564,,,2.05640814,0
510500.SH,20200711,20200710,7.32,2.052,,,2.051979,0
510500.SH,20200714,20200713,7.5643,2.1205,,,2.1204624,0
510500.SH,20200715,20200714,7.4625,2.0919,,,2.09192531,0
510500.SH,20200716,20200715,7.2823,2.0414,,,2.04141075,0
510500.SH,20200717,20200716,6.9368,1.9446,,,1.94455846,0
510500.SH,20200718,20200717,6.9636,1.9521,,,1.95207117,0
510500.SH,20200721,20200720,7.1625,2.0078,,,2.00782781,0
510500.SH,20200722,20200721,7.2031,2.0192,,,2.01920901,0
510500.SH,20200723,20200722,7.2677,2.0373,,,2.037318,0
510500.SH,20200724,20200723,7.2681,2.0374,,,2.03743013,0
510500.SH,20200725,20200724,6.8996,1.9341,,,1.93413037,0
510500.SH,20200728,20200727,6.9146,1.9383,,,1.93833525,0
510500.SH,20200729,20200728,6.9793,1.9565,,,1.95647227,0
510500.SH,20200730,20200729,7.172,2.0105,,,2.0104909,0
510500.SH,20200731,20200730,7.1515,2.0047,,,2.00474424,0
510500.SH,20200801,20200731,7.2259,2.0256,,,2.02560042,0
510500.SH,20200804,20200803,7.4024,2.0751,,,2.07507778,0
510500.SH,20200805,20200804,7.3568,2.0623,,,2.06229496,0
510500.SH,20200806,20200805,7.4375,2.0849,,,2.08491719,0
510500.SH,20200807,20200806,7.4348,2.0842,,,2.08416031,0
510500.SH,20200808,20200807,7.3458,2.0592,,,2.05921139,0
510500.SH,20200811,20200810,7.388,2.071,,,2.0710411,0
510500.SH,20200812,20200811,7.2517,2.0328,,,2.0328328,0
510500.SH,20200813,20200812,7.1697,2.0098,,,2.00984615,0
510500.SH,20200814,20200813,7.197,2.0175,,,2.01749903,0
510500.SH,20200815,20200814,7.2779,2.0402,,,2.04017732,0
510500.SH,20200818,20200817,7.4123,2.0779,,,2.077853,0
510500.SH,20200819,20200818,7.4616,2.0917,,,2.09167302,0
510500.SH,20200820,20200819,7.327,2.0539,,,2.05394128,0
510500.SH,20200821,20200820,7.2474,2.0316,,,2.03162741,0
510500.SH,20200822,20200821,7.3009,2.0466,,,2.04662479,0
510500.SH,20200825,20200824,7.3521,2.061,,,2.06097743,0
510500.SH,20200826,20200825,7.3121,2.0498,,,2.04976443,0
510500.SH,20200827,20200826,7.1745,2.0112,,,2.01119171,0
510500.SH,20200828,20200827,7.2339,2.0278,,,2.02784302,0
510500.SH,20200829,20200828,7.3601,2.0632,,,2.06322003,0
510500.SH,20200901,20200831,7.3355,2.0563,,,2.05632404,0
510500.SH,20200902,20200901,7.3804,2.0689,,,2.06891063,0
510500.SH,20200903,20200902,7.3881,2.0711,,,2.07106913,0
510500.SH,20200904,20200903,7.3267,2.0539,,,2.05385718,0
510500.SH,20200905,20200904,7.2803,2.0408,,,2.0408501,0
510500.SH,20200908,20200907,7.1281,1.9982,,,1.99818463,0
510500.SH,20200909,20200908,7.1791,2.0125,,,2.01248121,0
510500.SH,20200910,20200909,6.9876,1.9588,,,1.95879897,0
510500.SH,20200911,20200910,6.8629,1.9238,,,1.92384244,0
510500.SH,20200912,20200911,6.9449,1.9468,,,1.94682909,0
510500.SH,20200915,20200914,6.9872,1.9587,,,1.95868684,0
510500.SH,20200916,20200915,7.0278,1.9701,,,1.97006804,0
510500.SH,20200917,20200916,6.9905,1.9596,,,1.95961191,0
510500.SH,20200918,20200917,7.0091,1.9648,,,1.96482596,0
510500.SH,20200919,20200918,7.1217,1.9964,,,1.99639055,0
510500.SH,20200922,20200921,7.0949,1.9889,,,1.98887784,0
510500.SH,20200923,20200922,6.999,1.962,,,1.96199468,0
510500.SH,20200924,20200923,7.0358,1.9723,,,1.97231064,0
510500.SH,20200925,20200924,6.8737,1.9269,,,1.92686995,0
510500.SH,20200926,20200925,6.8661,1.9247,,,1.92473948,0
510500.SH,20200929,20200928,6.8044,1.9074,,,1.90744343,0
510500.SH,20200930,20200929,6.8613,1.9234,,,1.92339392,0
510500.SH,20201028,20200930,6.8185,1.9114,,36565372180.88,1.91139601,1
510500.SH,20201010,20201009,7.0019,1.9628,,,1.96280762,0
510500.SH,20201013,20201012,7.2049,2.0197,,,2.01971359,0
510500.SH,20201014,20201013,7.2163,2.0229,,,2.0229093,0
510500.SH,20201015,20201014,7.17,2.0099,,,2.00993025,0
510500.SH,20201016,20201015,7.1184,1.9955,,,1.99546548,0
510500.SH,20201017,20201016,7.0833,1.9856,,,1.98562607,0
510500.SH,20201020,20201019,7.0051,1.9637,,,1.96370466,0
510500.SH,20201021,20201020,7.077,1.9839,,,1.98386003,0
510500.SH,20201022,20201021,6.9967,1.9613,,,1.96134993,0
510500.SH,20201023,20201022,6.9617,1.9515,,,1.95153855,0
510500.SH,20201024,20201023,6.8489,1.9199,,,1.91991789,0
510500.SH,20201027,20201026,6.8494,1.9201,,,1.92005806,0
510500.SH,20201028,20201027,6.8579,1.9224,,,1.92244082,0
510500.SH,20201029,20201028,6.8859,1.9303,,,1.93028992,0
510500.SH,20201030,20201029,6.8969,1.9334,,,1.93337349,0
510500.SH,20201031,20201030,6.738,1.8888,,,1.88882985,0
510500.SH,20201103,20201102,6.7728,1.8986,,,1.89858516,0
510500.SH,20201104,20201103,6.8814,1.929,,,1.92902846,0
510500.SH,20201105,20201104,6.8728,1.9266,,,1.92661766,0
510500.SH,20201106,20201105,7.0038,1.9633,,,1.96334024,0
510500.SH,20201107,20201106,6.9473,1.9475,,,1.94750187,0
510500.SH,20201110,20201109,7.0806,1.9849,,,1.9848692,0
510500.SH,20201111,20201110,7.0262,1.9696,,,1.96961952,0
510500.SH,20201112,20201111,6.9412,1.9458,,,1.94579189,0
510500.SH,20201113,20201112,6.9637,1.9521,,,1.9520992,0
510500.SH,20201114,20201113,6.9548,1.9496,,,1.94960431,0
510500.SH,20201117,20201116,7.0443,1.9747,,,1.9746934,0
510500.SH,20201118,20201117,6.9899,1.9594,,,1.95944372,0
510500.SH,20201119,20201118,6.9961,1.9612,,,1.96118173,0
510500.SH,20201120,20201119,7.0185,1.9675,,,1.96746101,0
510500.SH,20201121,20201120,7.0889,1.9872,,,1.98719589,0
510500.SH,20201124,20201123,7.1464,2.0033,,,2.00331458,0
510500.SH,20201125,20201124,7.1484,2.0039,,,2.00387523,0
510500.SH,20201126,20201125,7.0125,1.9658,,,1.96577906,0
510500.SH,20201127,20201126,6.9943,1.9607,,,1.96067715,0
510500.SH,20201128,20201127,7.0133,1.966,,,1.96600332,0
510500.SH,20201201,20201130,6.9803,1.9568,,,1.9567526,0
510500.SH,20201202,20201201,7.0984,1.9899,,,1.98985898,0
510500.SH,20201203,20201202,7.1074,1.9924,,,1.99238191,0
510500.SH,20201204,20201203,7.1136,1.9941,,,1.99411992,0
510500.SH,20201205,20201204,7.14,2.0015,,,2.0015205,0
510500.SH,20201208,20201207,7.0954,1.989,,,1.98901801,0
510500.SH,20201209,20201208,7.0955,1.989,,,1.98904604,0
510500.SH,20201210,20201209,6.9697,1.9538,,,1.95378115,0
510500.SH,20201211,20201210,6.9859,1.9583,,,1.95832242,0
510500.SH,20201212,20201211,6.8742,1.927,,,1.92701012,0
510500.SH,20201215,20201214,6.9291,1.9424,,,1.94239996,0
510500.SH,20201216,20201215,6.9373,1.9447,,,1.94469862,0
510500.SH,20201217,20201216,6.905,1.9356,,,1.93564413,0
510500.SH,20201218,20201217,6.9875,1.9588,,,1.95877094,0
510500.SH,20201219,20201218,6.9684,1.9534,,,1.95341673,0
510500.SH,20201222,20201221,7.0876,1.9868,,,1.98683147,0
510500.SH,20201223,20201222,6.9254,1.9414,,,1.94136276,0
510500.SH,20201224,20201223,6.9881,1.9589,,,1.95893913,0
510500.SH,20201225,20201224,6.8762,1.9276,,,1.92757077,0
510500.SH,20201226,20201225,6.957,1.9502,,,1.95022103,0
510500.SH,20201229,20201228,6.9185,1.9394,,,1.93942851,0
510500.SH,20201230,20201229,6.8711,1.9261,,,1.92614111,0
510500.SH,20201231,20201230,6.9474,1.9475,,,1.94752991,0
510500.SH,20210122,20201231,7.055,1.9777,,38237045257.24,1.97769288,1
510500.SH,20210105,20210104,7.1819,2.0133,,,2.01326612,0
510500.SH,20210106,20210105,7.2426,2.0303,,,2.03028185,0
510500.SH,20210107,20210106,7.23,2.0267,,,2.02674975,0
510500.SH,20210108,20210107,7.2408,2.0298,,,2.02977726,0
510500.SH,20210109,20210108,7.2641,2.0363,,,2.03630883,0
510500.SH,20210112,20210111,7.1511,2.0046,,,2.00463211,0
510500.SH,20210113,20210112,7.2476,2.0317,,,2.03168347,0
510500.SH,20210114,20210113,7.197,2.0175,,,2.01749903,0
510500.SH,20210115,20210114,7.1358,2.0003,,,2.00034314,0
510500.SH,20210116,20210115,7.1106,1.9933,,,1.99327895,0
510500.SH,20210119,20210118,7.2172,2.0232,,,2.02316159,0
510500.SH,20210120,20210119,7.1753,2.0114,,,2.01141597,0
510500.SH,20210121,20210120,7.2413,2.0299,,,2.02991742,0
510500.SH,20210122,20210121,7.338,2.057,,,2.05702485,0
510500.SH,20210123,20210122,7.3535,2.0614,,,2.06136989,0
510500.SH,20210126,20210125,7.3607,2.0634,,,2.06338823,0
510500.SH,20210127,20210126,7.2368,2.0287,,,2.02865596,0
510500.SH,20210128,20210127,7.2628,2.0359,,,2.03594441,0
510500.SH,20210129,20210128,7.1063,1.9921,,,1.99207355,0
510500.SH,20210130,20210129,7.0295,1.9705,,,1.97054459,0
510500.SH,20210202,20210201,7.082,1.9853,,,1.98526165,0
510500.SH,20210203,20210202,7.1498,2.0043,,,2.00426769,0
510500.SH,20210204,20210203,7.0888,1.9872,,,1.98716786,0
510500.SH,20210205,20210204,7.0105,1.9652,,,1.96521841,0
510500.SH,20210206,20210205,6.9129,1.9379,,,1.93785869,0
510500.SH,20210209,20210208,7.0048,1.9636,,,1.96362056,0
510500.SH,20210210,20210209,7.1536,2.0053,,,2.00533292,0
510500.SH,20210211,20210210,7.2275,2.026,,,2.02604894,0
510500.SH,20210219,20210218,7.3263,2.0537,,,2.05374505,0
510500.SH,20210220,20210219,7.4258,2.0816,,,2.08163739,0
510500.SH,20210223,20210222,7.3756,2.0676,,,2.06756507,0
510500.SH,20210224,20210223,7.3473,2.0596,,,2.05963187,0
510500.SH,20210225,20210224,7.242,2.0301,,,2.03011365,0
510500.SH,20210226,20210225,7.2011,2.0186,,,2.01864836,0
510500.SH,20210227,20210226,7.0526,1.977,,,1.9770201,0
510500.SH,20210302,20210301,7.1886,2.0151,,,2.0151443,0
510500.SH,20210303,20210302,7.1273,1.998,,,1.99796037,0
510500.SH,20210304,20210303,7.2286,2.0264,,,2.0263573,0
510500.SH,20210305,20210304,7.0941,1.9887,,,1.98865358,0
510500.SH,20210306,20210305,7.0968,1.9894,,,1.98941046,0
510500.SH,20210309,20210308,6.9346,1.9439,,,1.94394175,0
510500.SH,20210310,20210309,6.7709,1.8981,,,1.89805254,0
510500.SH,20210311,20210310,6.7193,1.8836,,,1.88358777,0
510500.SH,20210312,20210311,6.8863,1.9304,,,1.93040205,0
510500.SH,20210313,20210312,6.8966,1.9333,,,1.9332894,0
510500.SH,20210316,20210315,6.8428,1.9182,,,1.91820791,0
510500.SH,20210317,20210316,6.8668,1.9249,,,1.92493571,0
510500.SH,20210318,20210317,6.9007,1.9344,,,1.93443873,0
510500.SH,20210319,20210318,6.954,1.9494,,,1.94938005,0
510500.SH,20210320,20210319,6.8801,1.9287,,,1.92866403,0
510500.SH,20210323,20210322,6.9904,1.9596,,,1.95958388,0
510500.SH,20210324,20210323,6.8949,1.9328,,,1.93281284,0
510500.SH,20210325,20210324,6.8118,1.9095,,,1.90951784,0
510500.SH,20210326,20210325,6.8287,1.9143,,,1.91425533,0
510500.SH,20210327,20210326,6.9335,1.9436,,,1.94363339,0
510500.SH,20210330,20210329,6.9362,1.9444,,,1.94439027,0
510500.SH,20210331,20210330,6.9641,1.9522,,,1.95221133,0
510500.SH,20210422,20210331,6.9356,1.9442,,37762288491.25,1.94422207,1
510500.SH,20210402,20210401,6.9998,1.9622,,,1.96221894,0
510500.SH,20210403,20210402,7.016,1.9668,,,1.9667602,0
510500.SH,20210407,20210406,7.0347,1.972,,,1.97200228,0
510500.SH,20210408,20210407,7.0397,1.9734,,,1.9734039,0
510500.SH,20210409,20210408,7.0505,1.9764,,,1.97643141,0
510500.SH,20210410,20210409,7.0266,1.9697,,,1.96973165,0
510500.SH,20210413,20210412,6.9075,1.9363,,,1.93634494,0
510500.SH,20210414,20210413,6.8899,1.9314,,,1.93141122,0
510500.SH,20210415,20210414,6.9644,1.9523,,,1.95229543,0
510500.SH,20210416,20210415,6.9639,1.9522,,,1.95215527,0
510500.SH,20210417,20210416,7.0351,1.9721,,,1.97211441,0
510500.SH,20210420,20210419,7.1297,1.9986,,,1.99863315,0
510500.SH,20210421,20210420,7.1341,1.9999,,,1.99986658,0
510500.SH,20210422,20210421,7.1249,1.9973,,,1.99728759,0
510500.SH,20210423,20210422,7.1522,2.0049,,,2.00494047,0
510500.SH,20210424,20210423,7.1722,2.0105,,,2.01054697,0
510500.SH,20210427,20210426,7.1505,2.0045,,,2.00446391,0
510500.SH,20210428,20210427,7.1545,2.0056,,,2.00558521,0
510500.SH,20210429,20210428,7.2031,2.0192,,,2.01920901,0
510500.SH,20210430,20210429,7.2061,2.02,,,2.02004998,0
510500.SH,20210501,20210430,7.2011,2.0186,,,2.01864836,0
510500.SH,20210507,20210506,7.2054,2.0199,,,2.01985376,0
510500.SH,20210508,20210507,7.1564,2.0061,,,2.00611783,0
510500.SH,20210511,20210510,7.191,2.0158,,,2.01581708,0
510500.SH,20210512,20210511,7.1702,2.01,,,2.00998632,0
510500.SH,20210513,20210512,7.2336,2.0278,,,2.02775892,0
510500.SH,20210514,20210513,7.1545,2.0056,,,2.00558521,0
510500.SH,20210515,20210514,7.2521,2.0329,,,2.03294493,0
510500.SH,20210518,20210517,7.3109,2.0494,,,2.04942804,0
510500.SH,20210519,20210518,7.3354,2.0563,,,2.05629601,0
510500.SH,20210520,20210519,7.32,2.052,,,2.051979,0
510500.SH,20210521,20210520,7.2838,2.0418,,,2.04183124,0
510500.SH,20210522,20210521,7.2623,2.0358,,,2.03580425,0
510500.SH,20210525,20210524,7.2809,2.041,,,2.04101829,0
510500.SH,20210526,20210525,7.3662,2.0649,,,2.06493002,0
510500.SH,20210527,20210526,7.3765,2.0678,,,2.06781736,0
510500.SH,20210528,20210527,7.4406,2.0858,,,2.0857862,0
510500.SH,20210529,20210528,7.423,2.0809,,,2.08085248,0
510500.SH,20210601,20210531,7.4912,2.1,,,2.09997064,0
510500.SH,20210602,20210601,7.5041,2.1036,,,2.10358683,0
510500.SH,20210603,20210602,7.4413,2.086,,,2.08598242,0
510500.SH,20210604,20210603,7.4286,2.0824,,,2.0824223,0
510500.SH,20210605,20210604,7.4578,2.0906,,,2.09060779,0
510500.SH,20210608,20210607,7.4899,2.0996,,,2.09960622,0
510500.SH,20210609,20210608,7.4504,2.0885,,,2.08853338,0
510500.SH,20210610,20210609,7.4613,2.0916,,,2.09158892,0
510500.SH,20210611,20210610,7.5434,2.1146,,,2.11460361,0
510500.SH,20210612,20210611,7.4912,2.1,,,2.09997064,0
510500.SH,20210616,20210615,7.4212,2.0803,,,2.08034789,0
510500.SH,20210617,20210616,7.3141,2.0503,,,2.05032508,0
510500.SH,20210618,20210617,7.3731,2.0669,,,2.06686426,0
510500.SH,20210619,20210618,7.4269,2.0819,,,2.08194574,0
510500.SH,20210622,20210621,7.4824,2.0975,,,2.09750378,0
510500.SH,20210623,20210622,7.521,2.1083,,,2.10832433,0
510500.SH,20210624,20210623,7.5804,2.125,,,2.12497563,0
510500.SH,20210625,20210624,7.5433,2.1146,,,2.11457557,0
510500.SH,20210626,20210625,7.6129,2.1341,,,2.13408619,0
510500.SH,20210629,20210628,7.6309,2.1391,,,2.13913204,0
510500.SH,20210630,20210629,7.5624,2.1199,,,2.11992978,0
510500.SH,20210721,20210630,7.6102,2.1333,,39176523474.39,2.13332932,1
510500.SH,20210702,20210701,7.5096,2.1051,,,2.10512862,0
510500.SH,20210703,20210702,7.4447,2.0869,,,2.08693553,0
510500.SH,20210706,20210705,7.5058,2.1041,,,2.10406339,0
510500.SH,20210707,20210706,7.5035,2.1034,,,2.10341864,0
510500.SH,20210708,20210707,7.5708,2.1223,,,2.12228451,0
510500.SH,20210709,20210708,7.5573,2.1185,,,2.11850012,0
510500.SH,20210710,20210709,7.6216,2.1365,,,2.13652502,0
510500.SH,20210713,20210712,7.7335,2.1679,,,2.16789339,0
510500.SH,20210714,20210713,7.7996,2.1864,,,2.18642287,0
510500.SH,20210715,20210714,7.7337,2.1679,,,2.16794945,0
510500.SH,20210716,20210715,7.7711,2.1784,,,2.17843361,0
510500.SH,20210717,20210716,7.7682,2.1776,,,2.17762067,0
510500.SH,20210720,20210719,7.7295,2.1668,,,2.16677209,0
510500.SH,20210721,20210720,7.7436,2.1707,,,2.17072467,0
510500.SH,20210722,20210721,7.8366,2.1968,,,2.1967949,0
510500.SH,20210723,20210722,7.8842,2.2101,,,2.21013837,0
510500.SH,20210724,20210723,7.8422,2.1984,,,2.19836472,0
510500.SH,20210727,20210726,7.7098,2.1612,,,2.16124969,0
510500.SH,20210728,20210727,7.5476,2.1158,,,2.11578097,0
510500.SH,20210729,20210728,7.4373,2.0849,,,2.08486112,0
510500.SH,20210730,20210729,7.5899,2.1276,,,2.12763872,0
510500.SH,20210731,20210730,7.5994,2.1303,,,2.13030181,0
510500.SH,20210803,20210802,7.7167,2.1632,,,2.16318393,0
510500.SH,20210804,20210803,7.6544,2.1457,,,2.14571968,0
510500.SH,20210805,20210804,7.7825,2.1816,,,2.18162931,0
510500.SH,20210806,20210805,7.7606,2.1755,,,2.1754902,0
510500.SH,20210807,20210806,7.79,2.1837,,,2.18373175,0
510500.SH,20210810,20210809,7.8363,2.1967,,,2.1967108,0
510500.SH,20210811,20210810,7.8798,2.2089,,,2.20890494,0
510500.SH,20210812,20210811,7.94,2.2258,,,2.2257805,0
510500.SH,20210813,20210812,7.9662,2.2331,,,2.23312502,0
510500.SH,20210814,20210813,7.9603,2.2315,,,2.2314711,0
510500.SH,20210817,20210816,7.9205,2.2203,,,2.22031416,0
510500.SH,20210818,20210817,7.7455,2.1713,,,2.17125729,0
510500.SH,20210819,20210818,7.7962,2.1855,,,2.18546977,0
510500.SH,20210820,20210819,7.8026,2.1873,,,2.18726385,0
510500.SH,20210821,20210820,7.7722,2.1787,,,2.17874197,0
510500.SH,20210824,20210823,7.8895,2.2116,,,2.21162409,0
510500.SH,20210825,20210824,7.9639,2.2325,,,2.23248027,0
510500.SH,20210826,20210825,8.0324,2.2517,,,2.25168253,0
510500.SH,20210827,20210826,7.9961,2.2415,,,2.24150673,0
510500.SH,20210828,20210827,8.0642,2.2606,,,2.26059687,0
510500.SH,20210831,20210830,8.1148,2.2748,,,2.27478131,0
510500.SH,20210901,20210831,8.1464,2.2836,,,2.2836,0
510500.SH,20210902,20210901,8.0776,2.2644,,,2.26435322,0
510500.SH,20210903,20210902,8.2043,2.2999,,,2.2998704,0
510500.SH,20210904,20210903,8.1734,2.2912,,,2.29120836,0
510500.SH,20210907,20210906,8.2585,2.3151,,,2.31506401,0
510500.SH,20210908,20210907,8.4207,2.3605,,,2.36053273,0
510500.SH,20210909,20210908,8.4726,2.3751,,,2.3750816,0
510500.SH,20210910,20210909,8.5544,2.398,,,2.39801218,0
510500.SH,20210911,20210910,8.5478,2.3962,,,2.39616204,0
510500.SH,20210914,20210913,8.5922,2.4086,,,2.40860847,0
510500.SH,20210915,20210914,8.49,2.38,,,2.37995925,0
510500.SH,20210916,20210915,8.5305,2.3913,,,2.39131241,0
510500.SH,20210917,20210916,8.3665,2.3453,,,2.34533911,0
510500.SH,20210918,20210917,8.3079,2.3289,,,2.32891207,0
510500.SH,20210923,20210922,8.3744,2.3476,,,2.34755368,0
510500.SH,20210924,20210923,8.4289,2.3628,,,2.36283139,0
510500.SH,20210925,20210924,8.2951,2.3253,,,2.32532391,0
510500.SH,20210928,20210927,8.0613,2.2598,,,2.25978392,0
510500.SH,20210929,20210928,8.0878,2.2672,,,2.26721254,0
510500.SH,20210930,20210929,7.8772,2.2082,,,2.20817609,0
510500.SH,20211027,20210930,7.9798,2.2369,,47516758247.89,2.23693744,1
510500.SH,20211009,20211008,7.9664,2.2332,,,2.23318108,0
510500.SH,20211012,20211011,7.9653,2.2329,,,2.23287272,0
510500.SH,20211013,20211012,7.8092,2.1891,,,2.18911399,0
510500.SH,20211014,20211013,7.8439,2.1988,,,2.19884127,0
510500.SH,20211015,20211014,7.8743,2.2074,,,2.20736315,0
510500.SH,20211016,20211015,7.8932,2.2127,,,2.21266129,0
510500.SH,20211019,20211018,7.9402,2.2258,,,2.22583657,0
510500.SH,20211020,20211019,7.9994,2.2424,,,2.24243181,0
510500.SH,20211021,20211020,7.9967,2.2417,,,2.24167493,0
510500.SH,20211022,20211021,7.9731,2.2351,,,2.23505926,0
510500.SH,20211023,20211022,7.8938,2.2128,,,2.21282949,0
510500.SH,20211026,20211025,7.9805,2.2371,,,2.23713366,0
510500.SH,20211027,20211026,7.9784,2.2365,,,2.23654498,0
510500.SH,20211028,20211027,7.9173,2.2194,,,2.21941712,0
510500.SH,20211029,20211028,7.8095,2.1892,,,2.18919809,0
510500.SH,20211030,20211029,7.8909,2.212,,,2.21201654,0
510500.SH,20211102,20211101,7.9343,2.2242,,,2.22418265,0
510500.SH,20211103,20211102,7.8488,2.2002,,,2.20021486,0
510500.SH,20211104,20211103,7.8865,2.2108,,,2.21078311,0
510500.SH,20211105,20211104,7.9494,2.2284,,,2.22841556,0
510500.SH,20211106,20211105,7.8592,2.2031,,,2.20313024,0
510500.SH,20211109,20211108,7.8978,2.2139,,,2.21395079,0
510500.SH,20211110,20211109,7.9589,2.2311,,,2.23107864,0
510500.SH,20211111,20211110,7.9362,2.2247,,,2.22471527,0
510500.SH,20211112,20211111,8.0018,2.2431,,,2.24310459,0
510500.SH,20211113,20211112,8.0435,2.2548,,,2.25479414,0
510500.SH,20211116,20211115,7.9777,2.2363,,,2.23634875,0
510500.SH,20211117,20211116,7.9197,2.2201,,,2.2200899,0
510500.SH,20211118,20211117,7.9846,2.2383,,,2.238283,0
510500.SH,20211119,20211118,7.963,2.2322,,,2.23222798,0
510500.SH,20211120,20211119,8.0594,2.2592,,,2.25925131,0
510500.SH,20211123,20211122,8.1539,2.2857,,,2.28574202,0
510500.SH,20211124,20211123,8.1637,2.2885,,,2.2884892,0
510500.SH,20211125,20211124,8.1578,2.2868,,,2.28683529,0
510500.SH,20211126,20211125,8.1345,2.2803,,,2.28030371,0
510500.SH,20211127,20211126,8.1194,2.2761,,,2.27607081,0
510500.SH,20211130,20211129,8.1224,2.2769,,,2.27691178,0
510500.SH,20211201,20211130,8.1559,2.2863,,,2.28630267,0
510500.SH,20211202,20211201,8.1801,2.2931,,,2.29308653,0
510500.SH,20211203,20211202,8.1313,2.2794,,,2.27940667,0
510500.SH,20211204,20211203,8.2121,2.3021,,,2.30205693,0
510500.SH,20211207,20211206,8.1438,2.2829,,,2.28291074,0
510500.SH,20211208,20211207,8.1046,2.2719,,,2.271922,0
510500.SH,20211209,20211208,8.2143,2.3027,,,2.30267365,0
510500.SH,20211210,20211209,8.2395,2.3097,,,2.30973784,0
510500.SH,20211211,20211210,8.203,2.2995,,,2.29950598,0
510500.SH,20211214,20211213,8.253,2.3135,,,2.31352223,0
510500.SH,20211215,20211214,8.2216,2.3047,,,2.30472002,0
510500.SH,20211216,20211215,8.211,2.3017,,,2.30174858,0
510500.SH,20211217,20211216,8.284,2.3222,,,2.3222123,0
510500.SH,20211218,20211217,8.2117,2.3019,,,2.3019448,0
510500.SH,20211221,20211220,8.0809,2.2653,,,2.26527829,0
510500.SH,20211222,20211221,8.1702,2.2903,,,2.29031132,0
510500.SH,20211223,20211222,8.2005,2.2988,,,2.29880516,0
510500.SH,20211224,20211223,8.2403,2.31,,,2.3099621,0
510500.SH,20211225,20211224,8.175,2.2917,,,2.29165688,0
510500.SH,20211228,20211227,8.1691,2.29,,,2.29000296,0
510500.SH,20211229,20211228,8.1836,2.2941,,,2.29406767,0
510500.SH,20211230,20211229,8.1419,2.2824,,,2.28237812,0
510500.SH,20211231,20211230,8.2123,2.3021,,,2.302113,0
510500.SH,20220124,20211231,8.2669,2.3174,,54543720989.01,2.31741874,1
510500.SH,20220105,20220104,8.2625,2.3162,,,2.31618531,0
510500.SH,20220106,20220105,8.1151,2.2749,,,2.27486541,0
510500.SH,20220107,20220106,8.123,2.2771,,,2.27707998,0
510500.SH,20220108,20220107,8.0636,2.2604,,,2.26042867,0
510500.SH,20220111,20220110,8.0806,2.2652,,,2.2651942,0
510500.SH,20220112,20220111,8.0188,2.2479,,,2.24787011,0
510500.SH,20220113,20220112,8.0876,2.2672,,,2.26715647,0
510500.SH,20220114,20220113,7.978,2.2364,,,2.23643285,0
510500.SH,20220115,20220114,7.958,2.2308,,,2.23082635,0
510500.SH,20220118,20220117,8.0445,2.2551,,,2.25507446,0
510500.SH,20220119,20220118,8.0503,2.2567,,,2.25670035,0
510500.SH,20220120,20220119,8.001,2.2429,,,2.24288033,0
510500.SH,20220121,20220120,7.9324,2.2236,,,2.22365003,0
510500.SH,20220122,20220121,7.8416,2.1982,,,2.19819652,0
510500.SH,20220125,20220124,7.8437,2.1988,,,2.1987852,0
510500.SH,20220126,20220125,7.5801,2.1249,,,2.12489153,0
510500.SH,20220127,20220126,7.6215,2.1365,,,2.13649699,0
510500.SH,20220128,20220127,7.424,2.0811,,,2.0811328,0
510500.SH,20220129,20220128,7.3951,2.073,,,2.07303141,0
510500.SH,20220208,20220207,7.5024,2.1031,,,2.10311028,0
510500.SH,20220209,20220208,7.5773,2.1241,,,2.12410662,0
510500.SH,20220210,20220209,7.6913,2.1561,,,2.15606367,0
510500.SH,20220211,20220210,7.6887,2.1553,,,2.15533483,0
510500.SH,20220212,20220211,7.5824,2.1255,,,2.12553628,0
510500.SH,20220215,20220214,7.5267,2.1099,,,2.10992218,0
510500.SH,20220216,20220215,7.5978,2.1299,,,2.12985329,0
510500.SH,20220217,20220216,7.6117,2.1337,,,2.1337498,0
510500.SH,20220218,20220217,7.6081,2.1327,,,2.13274063,0
510500.SH,20220219,20220218,7.6825,2.1536,,,2.15359681,0
510500.SH,20220222,20220221,7.7187,2.1637,,,2.16374458,0
510500.SH,20220223,20220222,7.6261,2.1378,,,2.13778648,0
510500.SH,20220224,20220223,7.7414,2.1701,,,2.17010796,0
510500.SH,20220225,20220224,7.6038,2.1315,,,2.13153524,0
510500.SH,20220226,20220225,7.6653,2.1488,,,2.14877522,0
510500.SH,20220301,20220228,7.703,2.1593,,,2.15934348,0
510500.SH,20220302,20220301,7.7256,2.1657,,,2.16567882,0
510500.SH,20220303,20220302,7.7283,2.1664,,,2.1664357,0
510500.SH,20220304,20220303,7.7119,2.1618,,,2.16183837,0
510500.SH,20220305,20220304,7.6496,2.1444,,,2.14437412,0
510500.SH,20220308,20220307,7.4871,2.0988,,,2.09882131,0
510500.SH,20220309,20220308,7.2294,2.0266,,,2.02658156,0
510500.SH,20220310,20220309,7.0814,1.9851,,,1.98509346,0
510500.SH,20220311,20220310,7.2091,2.0209,,,2.02089096,0
510500.SH,20220312,20220311,7.2745,2.0392,,,2.03922421,0
510500.SH,20220315,20220314,7.1085,1.9927,,,1.99269026,0
510500.SH,20220316,20220315,6.7037,1.8792,,,1.8792147,0
510500.SH,20220317,20220316,6.9168,1.939,,,1.93895196,0
510500.SH,20220318,20220317,7.0416,1.9739,,,1.97393652,0
510500.SH,20220319,20220318,7.1157,1.9947,,,1.9947086,0
510500.SH,20220322,20220321,7.1429,2.0023,,,2.00233344,0
510500.SH,20220323,20220322,7.1432,2.0024,,,2.00241754,0
510500.SH,20220324,20220323,7.1887,2.0152,,,2.01517233,0
510500.SH,20220325,20220324,7.129,1.9984,,,1.99843693,0
510500.SH,20220326,20220325,7.0443,1.9747,,,1.9746934,0
510500.SH,20220329,20220328,7.061,1.9794,,,1.97937483,0
510500.SH,20220330,20220329,7.0281,1.9702,,,1.97015213,0
510500.SH,20220331,20220330,7.1692,2.0097,,,2.00970599,0
510500.SH,20220422,20220331,7.1107,1.9933,,40281122419.13,1.99330698,1
510500.SH,20220402,20220401,7.1558,2.0059,,,2.00594964,0
510500.SH,20220407,20220406,7.1461,2.0032,,,2.00323048,0
510500.SH,20220408,20220407,6.9949,1.9608,,,1.96084534,0
510500.SH,20220409,20220408,6.9963,1.9612,,,1.9612378,0
510500.SH,20220412,20220411,6.7788,1.9003,,,1.90026711,0
510500.SH,20220413,20220412,6.8892,1.9312,,,1.93121499,0
510500.SH,20220414,20220413,6.7982,1.9057,,,1.90570542,0
510500.SH,20220415,20220414,6.8899,1.9314,,,1.93141122,0
510500.SH,20220416,20220415,6.8266,1.9137,,,1.91366665,0
510500.SH,20220419,20220418,6.8311,1.9149,,,1.91492811,0
510500.SH,20220420,20220419,6.8522,1.9208,,,1.92084297,0
510500.SH,20220421,20220420,6.7001,1.8782,,,1.87820553,0
510500.SH,20220422,20220421,6.4784,1.8161,,,1.81605748,0
510500.SH,20220423,20220422,6.4563,1.8099,,,1.8098623,0
510500.SH,20220426,20220425,6.0398,1.6931,,,1.69310694,0
510500.SH,20220427,20220426,5.8851,1.6497,,,1.64974066,0
510500.SH,20220428,20220427,6.1128,1.7136,,,1.71357066,0
510500.SH,20220429,20220428,6.0928,1.708,,,1.70796416,0
510500.SH,20220430,20220429,6.3319,1.775,,,1.77498987,0
510500.SH,20220506,20220505,6.3985,1.7937,,,1.79365951,0
510500.SH,20220507,20220506,6.2588,1.7545,,,1.75449811,0
510500.SH,20220510,20220509,6.3093,1.7687,,,1.76865452,0
510500.SH,20220511,20220510,6.4039,1.7952,,,1.79517327,0
510500.SH,20220512,20220511,6.4609,1.8112,,,1.81115179,0
510500.SH,20220513,20220512,6.4653,1.8124,,,1.81238522,0
510500.SH,20220514,20220513,6.5286,1.8301,,,1.8301298,0
510500.SH,20220517,20220516,6.5217,1.8282,,,1.82819555,0
510500.SH,20220518,20220517,6.5512,1.8365,,,1.83646514,0
510500.SH,20220519,20220518,6.5319,1.8311,,,1.83105487,0
510500.SH,20220520,20220519,6.5783,1.8441,,,1.84406195,0
510500.SH,20220521,20220520,6.6838,1.8736,,,1.87363624,0
510500.SH,20220524,20220523,6.7258,1.8854,,,1.88540989,0
510500.SH,20220525,20220524,6.4796,1.8164,,,1.81639387,0
510500.SH,20220526,20220525,6.5893,1.8471,,,1.84714552,0
510500.SH,20220527,20220526,6.6675,1.8691,,,1.86906694,0
510500.SH,20220528,20220527,6.659,1.8667,,,1.86668418,0
510500.SH,20220531,20220530,6.7093,1.8808,,,1.88078452,0
510500.SH,20220601,20220531,6.8068,1.9081,,,1.90811621,0
510500.SH,20220602,20220601,6.8041,1.9074,,,1.90735933,0
510500.SH,20220603,20220602,6.8733,1.9268,,,1.92675782,0
510500.SH,20220607,20220606,6.9985,1.9619,,,1.96185451,0
510500.SH,20220608,20220607,6.999,1.962,,,1.96199468,0
510500.SH,20220609,20220608,7.0371,1.9727,,,1.97267506,0
510500.SH,20220610,20220609,6.9431,1.9463,,,1.94632451,0
510500.SH,20220611,20220610,7.0774,1.984,,,1.98397216,0
510500.SH,20220614,20220613,7.071,1.9822,,,1.98217808,0
510500.SH,20220615,20220614,7.1175,1.9952,,,1.99521319,0
510500.SH,20220616,20220615,7.1108,1.9933,,,1.99333501,0
510500.SH,20220617,20220616,7.1145,1.9944,,,1.99437221,0
510500.SH,20220618,20220617,7.1749,2.0113,,,2.01130384,0
510500.SH,20220621,20220620,7.1928,2.0163,,,2.01632166,0
510500.SH,20220622,20220621,7.1339,1.9998,,,1.99981052,0
510500.SH,20220623,20220622,7.024,1.969,,,1.9690028,0
510500.SH,20220624,20220623,7.1655,2.0087,,,2.00866879,0
510500.SH,20220625,20220624,7.2459,2.0312,,,2.03120692,0
510500.SH,20220628,20220627,7.2924,2.0442,,,2.04424203,0
510500.SH,20220629,20220628,7.4002,2.0745,,,2.07446107,0
510500.SH,20220630,20220629,7.2636,2.0362,,,2.03616867,0
510500.SH,20220721,20220630,7.3547,2.0617,,42420344057.09,2.06170628,1
510500.SH,20220702,20220701,7.3365,2.0566,,,2.05660436,0
510500.SH,20220705,20220704,7.4322,2.0834,,,2.08343147,0
510500.SH,20220706,20220705,7.4178,2.0794,,,2.07939479,0
510500.SH,20220707,20220706,7.3149,2.0505,,,2.05054934,0
510500.SH,20220708,20220707,7.3586,2.0628,,,2.06279955,0
510500.SH,20220709,20220708,7.3069,2.0483,,,2.04830674,0
510500.SH,20220712,20220711,7.209,2.0209,,,2.02086293,0
510500.SH,20220713,20220712,7.1213,1.9963,,,1.99627842,0
510500.SH,20220714,20220713,7.1545,2.0056,,,2.00558521,0
510500.SH,20220715,20220714,7.1957,2.0171,,,2.0171346,0
510500.SH,20220716,20220715,7.0814,1.9851,,,1.98509346,0
510500.SH,20220719,20220718,7.2131,2.022,,,2.02201226,0
510500.SH,20220720,20220719,7.2408,2.0298,,,2.02977726,0
510500.SH,20220721,20220720,7.3276,2.0541,,,2.05410947,0
510500.SH,20220722,20220721,7.2599,2.0351,,,2.03513147,0
510500.SH,20220723,20220722,7.1905,2.0157,,,2.01567691,0
510500.SH,20220726,20220725,7.1238,1.997,,,1.99697924,0
510500.SH,20220727,20220726,7.2122,2.0218,,,2.02175997,0
510500.SH,20220728,20220727,7.2411,2.0299,,,2.02986136,0
510500.SH,20220729,20220728,7.2635,2.0361,,,2.03614064,0
510500.SH,20220730,20220729,7.202,2.0189,,,2.01890065,0
510500.SH,20220802,20220801,7.263,2.036,,,2.03600048,0
510500.SH,20220803,20220802,7.0651,1.9805,,,1.98052416,0
510500.SH,20220804,20220803,7.0118,1.9656,,,1.96558284,0
510500.SH,20220805,20220804,7.0483,1.9758,,,1.9758147,0
510500.SH,20220806,20220805,7.1782,2.0122,,,2.01222892,0
510500.SH,20220809,20220808,7.2389,2.0292,,,2.02924464,0
510500.SH,20220810,20220809,7.2594,2.035,,,2.03499131,0
510500.SH,20220811,20220810,7.2369,2.0287,,,2.02868399,0
510500.SH,20220812,20220811,7.3724,2.0667,,,2.06666803,0
510500.SH,20220813,20220812,7.3524,2.0611,,,2.06106153,0
510500.SH,20220816,20220815,7.3772,2.068,,,2.06801359,0
510500.SH,20220817,20220816,7.4033,2.0753,,,2.07533007,0
510500.SH,20220818,20220817,7.4364,2.0846,,,2.08460883,0
510500.SH,20220819,20220818,7.4094,2.077,,,2.07704006,0
510500.SH,20220820,20220819,7.321,2.0523,,,2.05225933,0
510500.SH,20220823,20220822,7.4134,2.0782,,,2.07816136,0
510500.SH,20220824,20220823,7.4056,2.076,,,2.07597482,0
510500.SH,20220825,20220824,7.1973,2.0176,,,2.01758312,0
510500.SH,20220826,20220825,7.239,2.0293,,,2.02927268,0
510500.SH,20220827,20220826,6.2977,2.0221,,,2.02207465,0
510500.SH,20220830,20220829,6.3104,2.0262,,,2.02615238,0
510500.SH,20220831,20220830,6.2863,2.0184,,,2.01841432,0
510500.SH,20220901,20220831,6.1566,1.9768,,,1.97677006,0
510500.SH,20220902,20220901,6.1279,1.9676,,,1.96755502,0
510500.SH,20220903,20220902,6.15,1.9746,,,1.97465092,0
510500.SH,20220906,20220905,6.1823,1.985,,,1.98502185,0
510500.SH,20220907,20220906,6.2914,2.0201,,,2.02005183,0
510500.SH,20220908,20220907,6.3021,2.0235,,,2.02348741,0
510500.SH,20220909,20220908,6.2739,2.0144,,,2.01443291,0
510500.SH,20220910,20220909,6.3185,2.0288,,,2.02875314,0
510500.SH,20220914,20220913,6.3025,2.0236,,,2.02361584,0
510500.SH,20220915,20220914,6.2527,2.0076,,,2.00762598,0
510500.SH,20220916,20220915,6.1089,1.9615,,,1.96145447,0
510500.SH,20220917,20220916,5.9566,1.9126,,,1.91255377,0
510500.SH,20220920,20220919,5.9142,1.8989,,,1.89893991,0
510500.SH,20220921,20220920,5.9593,1.9134,,,1.91342068,0
510500.SH,20220922,20220921,5.9805,1.9202,,,1.92022761,0
510500.SH,20220923,20220922,5.968,1.9162,,,1.91621409,0
510500.SH,20220924,20220923,5.8926,1.892,,,1.89200455,0
510500.SH,20220927,20220926,5.8107,1.8657,,,1.86570798,0
510500.SH,20220928,20220927,5.9239,1.9021,,,1.9020544,0
510500.SH,20220929,20220928,5.7754,1.8544,,,1.85437381,0
510500.SH,20220930,20220929,5.7776,1.8551,,,1.85508019,0
510500.SH,20221026,20220930,5.7202,1.8366,,38769864097.59,1.83665011,1
510500.SH,20221011,20221010,5.6417,1.8114,,,1.81144522,0
510500.SH,20221012,20221011,5.6906,1.8271,,,1.8271461,0
510500.SH,20221013,20221012,5.8254,1.8704,,,1.87042788,0
510500.SH,20221014,20221013,5.8362,1.8739,,,1.87389556,0
510500.SH,20221015,20221014,5.9797,1.92,,,1.91997075,0
510500.SH,20221018,20221017,6.0226,1.9337,,,1.93374514,0
510500.SH,20221019,20221018,6.0419,1.9399,,,1.93994201,0
510500.SH,20221020,20221019,5.9801,1.9201,,,1.92009918,0
510500.SH,20221021,20221020,5.9561,1.9124,,,1.91239322,0
510500.SH,20221022,20221021,5.9644,1.9151,,,1.9150582,0
510500.SH,20221025,20221024,5.9044,1.8958,,,1.89579331,0
510500.SH,20221026,20221025,5.878,1.8873,,,1.88731676,0
510500.SH,20221027,20221026,5.9798,1.92,,,1.92000285,0
510500.SH,20221028,20221027,5.9728,1.9178,,,1.91775528,0
510500.SH,20221029,20221028,5.7916,1.8596,,,1.85957533,0
510500.SH,20221101,20221031,5.8171,1.8678,,,1.8677629,0
510500.SH,20221102,20221101,5.9511,1.9108,,,1.91078782,0
510500.SH,20221103,20221102,6.0081,1.9291,,,1.92908946,0
510500.SH,20221104,20221103,6.0073,1.9288,,,1.92883259,0
510500.SH,20221105,20221104,6.1445,1.9729,,,1.97288497,0
510500.SH,20221108,20221107,6.152,1.9753,,,1.97529308,0
510500.SH,20221109,20221108,6.1451,1.9731,,,1.97307762,0
510500.SH,20221110,20221109,6.1323,1.969,,,1.96896778,0
510500.SH,20221111,20221110,6.1013,1.959,,,1.95901425,0
510500.SH,20221112,20221111,6.1511,1.975,,,1.97500411,0
510500.SH,20221115,20221114,6.1407,1.9717,,,1.97166486,0
510500.SH,20221116,20221115,6.2478,2.0061,,,2.00605268,0
510500.SH,20221117,20221116,6.2153,1.9956,,,1.99561754,0
510500.SH,20221118,20221117,6.2283,1.9998,,,1.9997916,0
510500.SH,20221119,20221118,6.2045,1.9921,,,1.99214986,0
510500.SH,20221122,20221121,6.202,1.9913,,,1.99134715,0
510500.SH,20221123,20221122,6.1369,1.9704,,,1.97044475,0
510500.SH,20221124,20221123,6.1276,1.9675,,,1.96745869,0
510500.SH,20221125,20221124,6.1325,1.969,,,1.96903199,0
510500.SH,20221126,20221125,6.1001,1.9586,,,1.95862895,0
510500.SH,20221129,20221128,6.0677,1.9482,,,1.94822591,0
510500.SH,20221130,20221129,6.1758,1.9829,,,1.98293482,0
510500.SH,20221201,20221130,6.1679,1.9804,,,1.98039828,0
510500.SH,20221202,20221201,6.1997,1.9906,,,1.99060867,0
510500.SH,20221203,20221202,6.1831,1.9853,,,1.98527871,0
510500.SH,20221206,20221205,6.2275,1.9995,,,1.99953473,0
510500.SH,20221207,20221206,6.2256,1.9989,,,1.99892468,0
510500.SH,20221208,20221207,6.2157,1.9957,,,1.99574597,0
510500.SH,20221209,20221208,6.1983,1.9902,,,1.99015915,0
510500.SH,20221210,20221209,6.2146,1.9954,,,1.99539278,0
510500.SH,20221213,20221212,6.177,1.9833,,,1.98332012,0
510500.SH,20221214,20221213,6.1445,1.9729,,,1.97288497,0
510500.SH,20221215,20221214,6.1186,1.9646,,,1.96456896,0
510500.SH,20221216,20221215,6.1241,1.9663,,,1.96633491,0
510500.SH,20221217,20221216,6.0955,1.9572,,,1.95715198,0
510500.SH,20221220,20221219,5.9586,1.9132,,,1.91319593,0
510500.SH,20221221,20221220,5.9002,1.8944,,,1.89444477,0
510500.SH,20221222,20221221,5.8679,1.8841,,,1.88407384,0
510500.SH,20221223,20221222,5.8011,1.8626,,,1.8626256,0
510500.SH,20221224,20221223,5.7853,1.8576,,,1.85755251,0
510500.SH,20221227,20221226,5.8652,1.8832,,,1.88320692,0
510500.SH,20221228,20221227,5.9078,1.8969,,,1.89688499,0
510500.SH,20221229,20221228,5.8844,1.8894,,,1.88937168,0
510500.SH,20221230,20221229,5.8797,1.8879,,,1.8878626,0
510500.SH,20221231,20221230,5.8866,1.8901,,,1.89007806,0
510500.SH,20230120,20221231,5.8865,1.89,,60344883738.11,1.89004596,1
510500.SH,20230104,20230103,5.9777,1.9193,,,1.91932858,0
510500.SH,20230105,20230104,5.9738,1.9181,,,1.91807637,0
510500.SH,20230106,20230105,6.0323,1.9369,,,1.93685963,0
510500.SH,20230107,20230106,6.0347,1.9376,,,1.93763023,0
510500.SH,20230110,20230109,6.0616,1.9463,,,1.94626732,0
510500.SH,20230111,20230110,6.0698,1.9489,,,1.94890019,0
510500.SH,20230112,20230111,6.0358,1.938,,,1.93798342,0
510500.SH,20230113,20230112,6.037,1.9384,,,1.93836871,0
510500.SH,20230114,20230113,6.0794,1.952,,,1.95198257,0
510500.SH,20230117,20230116,6.1484,1.9741,,,1.97413719,0
510500.SH,20230118,20230117,6.1552,1.9763,,,1.97632054,0
510500.SH,20230119,20230118,6.1744,1.9825,,,1.9824853,0
510500.SH,20230120,20230119,6.227,1.9994,,,1.99937419,0
510500.SH,20230121,20230120,6.274,2.0145,,,2.01446502,0
510500.SH,20230131,20230130,6.3055,2.0246,,,2.02457908,0
510500.SH,20230201,20230131,6.3119,2.0266,,,2.026634,0
510500.SH,20230202,20230201,6.3883,2.0512,,,2.05116463,0
510500.SH,20230203,20230202,6.3925,2.0525,,,2.05251317,0
510500.SH,20230204,20230203,6.3656,2.0439,,,2.04387608,0
510500.SH,20230207,20230206,6.324,2.0305,,,2.03051909,0
510500.SH,20230208,20230207,6.3386,2.0352,,,2.03520688,0
510500.SH,20230209,20230208,6.2893,2.0194,,,2.01937756,0
510500.SH,20230210,20230209,6.3757,2.0471,,,2.047119,0
510500.SH,20230211,20230210,6.3557,2.0407,,,2.04069737,0
510500.SH,20230214,20230213,6.4046,2.0564,,,2.05639825,0
510500.SH,20230215,20230214,6.4175,2.0605,,,2.06054021,0
510500.SH,20230216,20230215,6.4045,2.0564,,,2.05636615,0
510500.SH,20230217,20230216,6.3101,2.0261,,,2.02605606,0
510500.SH,20230218,20230217,6.258,2.0093,,,2.00932771,0
510500.SH,20230221,20230220,6.3663,2.0441,,,2.04410084,0
510500.SH,20230222,20230221,6.4033,2.056,,,2.05598085,0
510500.SH,20230223,20230222,6.395,2.0533,,,2.05331587,0
510500.SH,20230224,20230223,6.3802,2.0486,,,2.04856387,0
510500.SH,20230225,20230224,6.3604,2.0422,,,2.04220645,0
510500.SH,20230228,20230227,6.3265,2.0313,,,2.03132179,0
510500.SH,20230301,20230228,6.3766,2.0474,,,2.04740797,0
510500.SH,20230302,20230301,6.4217,2.0619,,,2.06188875,0
510500.SH,20230303,20230302,6.4017,2.0555,,,2.05546712,0
510500.SH,20230304,20230303,6.41,2.0581,,,2.05813209,0
510500.SH,20230307,20230306,6.4148,2.0597,,,2.05967329,0
510500.SH,20230308,20230307,6.3049,2.0244,,,2.02438643,0
510500.SH,20230309,20230308,6.3211,2.0296,,,2.02958795,0
510500.SH,20230310,20230309,6.306,2.0247,,,2.02473962,0
510500.SH,20230311,20230310,6.2247,1.9986,,,1.9986357,0
510500.SH,20230314,20230313,6.2641,2.0113,,,2.01128631,0
510500.SH,20230315,20230314,6.2092,1.9937,,,1.99365894,0
510500.SH,20230316,20230315,6.2445,2.005,,,2.00499311,0
510500.SH,20230317,20230316,6.1607,1.9781,,,1.97808649,0
510500.SH,20230318,20230317,6.2032,1.9917,,,1.99173245,0
510500.SH,20230321,20230320,6.1804,1.9844,,,1.98441179,0
510500.SH,20230322,20230321,6.2545,2.0082,,,2.00820393,0
510500.SH,20230323,20230322,6.2892,2.0193,,,2.01934546,0
510500.SH,20230324,20230323,6.3248,2.0308,,,2.03077595,0
510500.SH,20230325,20230324,6.329,2.0321,,,2.0321245,0
510500.SH,20230328,20230327,6.3297,2.0323,,,2.03234925,0
510500.SH,20230329,20230328,6.2987,2.0224,,,2.02239573,0
510500.SH,20230330,20230329,6.2795,2.0162,,,2.01623097,0
510500.SH,20230331,20230330,6.3055,2.0246,,,2.02457908,0
510500.SH,20230422,20230331,6.3593,2.0419,,49919072792.8,2.04185326,1
510500.SH,20230404,20230403,6.4328,2.0655,,,2.06545275,0
510500.SH,20230405,20230404,6.428,2.0639,,,2.06391156,0
510500.SH,20230407,20230406,6.4357,2.0664,,,2.06638389,0
510500.SH,20230408,20230407,6.4833,2.0817,,,2.08166736,0
510500.SH,20230411,20230410,6.4299,2.0645,,,2.06452162,0
510500.SH,20230412,20230411,6.44,2.0678,,,2.06776454,0
510500.SH,20230413,20230412,6.4625,2.075,,,2.07498887,0
510500.SH,20230414,20230413,6.4239,2.0626,,,2.06259513,0
510500.SH,20230415,20230414,6.4504,2.0711,,,2.07110379,0
510500.SH,20230418,20230417,6.4783,2.0801,,,2.08006196,0
510500.SH,20230419,20230418,6.469,2.0771,,,2.0770759,0
510500.SH,20230420,20230419,6.4354,2.0663,,,2.06628756,0
510500.SH,20230421,20230420,6.4303,2.0646,,,2.06465005,0
510500.SH,20230422,20230421,6.2698,2.0131,,,2.01311648,0
510500.SH,20230425,20230424,6.2274,1.9995,,,1.99950262,0
510500.SH,20230426,20230425,6.1375,1.9706,,,1.9706374,0
510500.SH,20230427,20230426,6.1616,1.9784,,,1.97837546,0
510500.SH,20230428,20230427,6.178,1.9836,,,1.9836412,0
510500.SH,20230429,20230428,6.2625,2.0108,,,2.01077258,0
510500.SH,20230505,20230504,6.2836,2.0175,,,2.0175474,0
510500.SH,20230506,20230505,6.2242,1.9985,,,1.99847516,0
510500.SH,20230509,20230508,6.2737,2.0144,,,2.01436869,0
510500.SH,20230510,20230509,6.2084,1.9934,,,1.99340207,0
510500.SH,20230511,20230510,6.2001,1.9907,,,1.9907371,0
510500.SH,20230512,20230511,6.1816,1.9848,,,1.98479709,0
510500.SH,20230513,20230512,6.1196,1.9649,,,1.96489004,0
510500.SH,20230516,20230515,6.1877,1.9868,,,1.98675569,0
510500.SH,20230517,20230516,6.1405,1.9716,,,1.97160064,0
510500.SH,20230518,20230517,6.1516,1.9752,,,1.97516465,0
510500.SH,20230519,20230518,6.1607,1.9781,,,1.97808649,0
510500.SH,20230520,20230519,6.1539,1.9759,,,1.97590314,0
510500.SH,20230523,20230522,6.1533,1.9757,,,1.97571049,0
510500.SH,20230524,20230523,6.0907,1.9556,,,1.95561079,0
510500.SH,20230525,20230524,6.0444,1.9407,,,1.94074472,0
510500.SH,20230526,20230525,6.0266,1.935,,,1.93502947,0
510500.SH,20230527,20230526,6.074,1.9502,,,1.95024873,0
510500.SH,20230530,20230529,6.0666,1.9479,,,1.94787272,0
510500.SH,20230531,20230530,6.1044,1.96,,,1.9600096,0
510500.SH,20230601,20230531,6.0948,1.9569,,,1.95692722,0
510500.SH,20230602,20230601,6.0999,1.9586,,,1.95856474,0
510500.SH,20230603,20230602,6.1545,1.9761,,,1.97609578,0
510500.SH,20230606,20230605,6.1478,1.9739,,,1.97394454,0
510500.SH,20230607,20230606,6.0339,1.9374,,,1.93737336,0
510500.SH,20230608,20230607,6.0355,1.9379,,,1.93788709,0
510500.SH,20230609,20230608,6.0216,1.9334,,,1.93342406,0
510500.SH,20230610,20230609,6.0752,1.9506,,,1.95063403,0
510500.SH,20230613,20230612,6.0922,1.9561,,,1.95609241,0
510500.SH,20230614,20230613,6.1114,1.9623,,,1.96225717,0
510500.SH,20230615,20230614,6.1134,1.9629,,,1.96289934,0
510500.SH,20230616,20230615,6.17,1.9811,,,1.98107255,0
510500.SH,20230617,20230616,6.2249,1.9987,,,1.99869992,0
510500.SH,20230620,20230619,6.2087,1.9935,,,1.9934984,0
510500.SH,20230621,20230620,6.2053,1.9924,,,1.99240672,0
510500.SH,20230622,20230621,6.0704,1.9491,,,1.94909283,0
510500.SH,20230627,20230626,5.9656,1.9154,,,1.9154435,0
510500.SH,20230628,20230627,6.0269,1.9351,,,1.93512579,0
510500.SH,20230629,20230628,6.0233,1.934,,,1.9339699,0
510500.SH,20230630,20230629,6.0258,1.9348,,,1.9347726,0
510500.SH,20230721,20230630,6.0882,1.9548,,48395021793.52,1.95480808,1
510500.SH,20230704,20230703,6.1328,1.9691,,,1.96912832,0
510500.SH,20230705,20230704,6.1467,1.9736,,,1.97359135,0
510500.SH,20230706,20230705,6.1123,1.9625,,,1.96254615,0
510500.SH,20230707,20230706,6.082,1.9528,,,1.95281738,0
510500.SH,20230708,20230707,6.0578,1.945,,,1.94504721,0
510500.SH,20230711,20230710,6.0809,1.9525,,,1.95246419,0
510500.SH,20230712,20230711,6.1276,1.9675,,,1.96745869,0
510500.SH,20230713,20230712,6.0612,1.9461,,,1.94613888,0
510500.SH,20230714,20230713,6.1447,1.9729,,,1.97294919,0
510500.SH,20230715,20230714,6.1329,1.9692,,,1.96916042,0
510500.SH,20230718,20230717,6.1144,1.9632,,,1.96322042,0
510500.SH,20230719,20230718,6.1035,1.9597,,,1.95972063,0
510500.SH,20230720,20230719,6.0956,1.9572,,,1.95718409,0
510500.SH,20230721,20230720,6.0289,1.9358,,,1.93576795,0
510500.SH,20230722,20230721,6.0296,1.936,,,1.93599271,0
510500.SH,20230725,20230724,6.0208,1.9332,,,1.93316719,0
510500.SH,20230726,20230725,6.1226,1.9659,,,1.96585329,0
510500.SH,20230727,20230726,6.1076,1.961,,,1.96103706,0
510500.SH,20230728,20230727,6.0671,1.948,,,1.94803327,0
510500.SH,20230729,20230728,6.1512,1.975,,,1.97503622,0
510500.SH,20230801,20230731,6.1978,1.99,,,1.98999861,0
510500.SH,20230802,20230801,6.2086,1.9935,,,1.99346629,0
510500.SH,20230803,20230802,6.1866,1.9864,,,1.9864025,0
510500.SH,20230804,20230803,6.208,1.9933,,,1.99327364,0
510500.SH,20230805,20230804,6.24,2.0035,,,2.00354825,0
510500.SH,20230808,20230807,6.2023,1.9914,,,1.99144348,0
510500.SH,20230809,20230808,6.1774,1.9834,,,1.98344855,0
510500.SH,20230810,20230809,6.1323,1.969,,,1.96896778,0
510500.SH,20230811,20230810,6.1426,1.9723,,,1.97227491,0
510500.SH,20230812,20230811,6.0229,1.9338,,,1.93384147,0
510500.SH,20230815,20230814,6.0258,1.9348,,,1.9347726,0
510500.SH,20230816,20230815,5.9881,1.9227,,,1.92266783,0
510500.SH,20230817,20230816,5.9414,1.9077,,,1.90767333,0
510500.SH,20230818,20230817,5.9832,1.9211,,,1.92109453,0
510500.SH,20230819,20230818,5.8862,1.8899,,,1.88994963,0
510500.SH,20230822,20230821,5.8177,1.868,,,1.86795555,0
510500.SH,20230823,20230822,5.8479,1.8777,,,1.87765221,0
510500.SH,20230824,20230823,5.735,1.8414,,,1.84140212,0
510500.SH,20230825,20230824,5.7582,1.8489,,,1.84885121,0
510500.SH,20230826,20230825,5.6854,1.8255,,,1.82547648,0
510500.SH,20230829,20230828,5.7496,1.8461,,,1.8460899,0
510500.SH,20230830,20230829,5.8787,1.8875,,,1.88754152,0
510500.SH,20230831,20230830,5.8831,1.889,,,1.88895428,0
510500.SH,20230901,20230831,5.8462,1.8771,,,1.87710637,0
510500.SH,20230902,20230901,5.8578,1.8808,,,1.88083092,0
510500.SH,20230905,20230904,5.9388,1.9068,,,1.90683852,0
510500.SH,20230906,20230905,5.8971,1.8934,,,1.89344942,0
510500.SH,20230907,20230906,5.8991,1.8941,,,1.89409158,0
510500.SH,20230908,20230907,5.8095,1.8653,,,1.86532268,0
510500.SH,20230909,20230908,5.8154,1.8672,,,1.86721706,0
510500.SH,20230912,20230911,5.8818,1.8885,,,1.88853687,0
510500.SH,20230913,20230912,5.8781,1.8873,,,1.88734887,0
510500.SH,20230914,20230913,5.8208,1.8689,,,1.8689509,0
510500.SH,20230915,20230914,5.8071,1.8646,,,1.86455209,0
510500.SH,20230916,20230915,5.8093,1.8653,,,1.86525847,0
510500.SH,20230919,20230918,5.8255,1.8705,,,1.87045999,0
510500.SH,20230920,20230919,5.7929,1.86,,,1.85999273,0
510500.SH,20230921,20230920,5.7556,1.848,,,1.84801639,0
510500.SH,20230922,20230921,5.7158,1.8352,,,1.83523735,0
510500.SH,20230923,20230922,5.8043,1.8637,,,1.86365306,0
510500.SH,20230926,20230925,5.7715,1.8531,,,1.85312159,0
510500.SH,20230927,20230926,5.7518,1.8468,,,1.84679628,0
510500.SH,20230928,20230927,5.7805,1.856,,,1.85601132,0
510500.SH,20230929,20230928,5.7964,1.8611,,,1.86111652,0
510500.SH,20231025,20230930,5.7963,1.861,,57692288584.14,1.86108441,0
510500.SH,20231010,20231009,5.7624,1.8502,,,1.85019975,0
510500.SH,20231011,20231010,5.7341,1.8411,,,1.84111314,0
510500.SH,20231012,20231011,5.7336,1.841,,,1.8409526,0
510500.SH,20231013,20231012,5.776,1.8546,,,1.85456646,0
510500.SH,20231014,20231013,5.7368,1.842,,,1.84198006,0
510500.SH,20231017,20231016,5.6827,1.8246,,,1.82460956,0
510500.SH,20231018,20231017,5.6973,1.8293,,,1.82929735,0
510500.SH,20231019,20231018,5.6254,1.8062,,,1.80621159,0
510500.SH,20231020,20231019,5.5642,1.7866,,,1.7865614,0
510500.SH,20231021,20231020,5.5228,1.7733,,,1.77326863,0
510500.SH,20231024,20231023,5.3862,1.7294,,,1.72940891,0
510500.SH,20231025,20231024,5.4488,1.7495,,,1.7495086,0
510500.SH,20231026,20231025,5.4728,1.7572,,,1.75721456,0
510500.SH,20231027,20231026,5.4953,1.7644,,,1.76443889,0
510500.SH,20231028,20231027,5.5914,1.7953,,,1.79529482,0
510500.SH,20231031,20231030,5.6468,1.8131,,,1.81308273,0
510500.SH,20231101,20231031,5.6278,1.807,,,1.80698218,0
510500.SH,20231102,20231101,5.6091,1.801,,,1.80097796,0
510500.SH,20231103,20231102,5.5576,1.7844,,,1.78444227,0
510500.SH,20231104,20231103,5.6101,1.8013,,,1.80129904,0
510500.SH,20231107,20231106,5.7063,1.8322,,,1.83218708,0
510500.SH,20231108,20231107,5.7125,1.8342,,,1.83417778,0
510500.SH,20231109,20231108,5.709,1.8331,,,1.833054,0
510500.SH,20231110,20231109,5.6928,1.8279,,,1.82785248,0
510500.SH,20231111,20231110,5.6734,1.8216,,,1.8216235,0
510500.SH,20231114,20231113,5.7057,1.832,,,1.83199443,0
510500.SH,20231115,20231114,5.7311,1.8401,,,1.8401499,0
510500.SH,20231116,20231115,5.765,1.851,,,1.85103456,0
510500.SH,20231117,20231116,5.7091,1.8331,,,1.83308611,0
510500.SH,20231118,20231117,5.7312,1.8402,,,1.84018201,0
510500.SH,20231121,20231120,5.76,1.8494,,,1.84942915,0
510500.SH,20231122,20231121,5.7406,1.8432,,,1.84320017,0
510500.SH,20231123,20231122,5.6703,1.8206,,,1.82062815,0
510500.SH,20231124,20231123,5.7214,1.837,,,1.83703541,0
510500.SH,20231125,20231124,5.667,1.8196,,,1.81956858,0
510500.SH,20231128,20231127,5.6638,1.8185,,,1.81854112,0
510500.SH,20231129,20231128,5.6887,1.8265,,,1.82653604,0
510500.SH,20231130,20231129,5.6509,1.8144,,,1.81439917,0
510500.SH,20231201,20231130,5.6429,1.8118,,,1.81183051,0
510500.SH,20231202,20231201,5.6652,1.819,,,1.81899063,0
510500.SH,20231205,20231204,5.6573,1.8165,,,1.81645409,0
510500.SH,20231206,20231205,5.5574,1.7844,,,1.78437805,0
510500.SH,20231207,20231206,5.5792,1.7914,,,1.79137763,0
510500.SH,20231208,20231207,5.5779,1.791,,,1.79096022,0
510500.SH,20231209,20231208,5.594,1.7961,,,1.79612963,0
510500.SH,20231212,20231211,5.6616,1.8178,,,1.81783474,0
510500.SH,20231213,20231212,5.663,1.8183,,,1.81828425,0
510500.SH,20231214,20231213,5.6031,1.7991,,,1.79905147,0
510500.SH,20231215,20231214,5.5846,1.7931,,,1.79311147,0
510500.SH,20231216,20231215,5.5444,1.7802,,,1.78020399,0
510500.SH,20231219,20231218,5.4799,1.7595,,,1.75949424,0
510500.SH,20231220,20231219,5.4738,1.7575,,,1.75753564,0
510500.SH,20231221,20231220,5.4032,1.7349,,,1.73486729,0
510500.SH,20231222,20231221,5.4325,1.7443,,,1.74427498,0
510500.SH,20231223,20231222,5.405,1.7354,,,1.73544524,0
510500.SH,20231226,20231225,5.4084,1.7365,,,1.73653691,0
510500.SH,20231227,20231226,5.3505,1.7179,,,1.7179463,0
510500.SH,20231228,20231227,5.3777,1.7267,,,1.72667971,0
510500.SH,20231229,20231228,5.4768,1.7585,,,1.75849889,0
510500.SH,20231230,20231229,5.5242,1.7737,,,1.77371815,0
510500.SH,20240122,20231231,5.5241,1.7737,,46748226459.26,1.77368604,1
510500.SH,20240103,20240102,5.5041,1.7673,,,1.76726441,0
510500.SH,20240104,20240103,5.495,1.7643,,,1.76434257,0
510500.SH,20240105,20240104,5.4477,1.7492,,,1.74915542,0
510500.SH,20240106,20240105,5.3732,1.7252,,,1.72523485,0
510500.SH,20240109,20240108,5.2557,1.6875,,,1.68750778,0
510500.SH,20240110,20240109,5.2684,1.6916,,,1.69158551,0
510500.SH,20240111,20240110,5.2465,1.6846,,,1.68455383,0
510500.SH,20240112,20240111,5.3131,1.7059,,,1.70593785,0
510500.SH,20240113,20240112,5.2953,1.7002,,,1.7002226,0
510500.SH,20240116,20240115,5.2819,1.6959,,,1.69592011,0
510500.SH,20240117,20240116,5.2777,1.6946,,,1.69457157,0
510500.SH,20240118,20240117,5.1475,1.6528,,,1.65276676,0
510500.SH,20240119,20240118,5.1481,1.653,,,1.65295941,0
510500.SH,20240120,20240119,5.1029,1.6384,,,1.63844653,0
510500.SH,20240123,20240122,4.8579,1.5598,,,1.55978158,0
510500.SH,20240124,20240123,4.947,1.5884,,,1.58838993,0
510500.SH,20240125,20240124,5.0149,1.6102,,,1.61019136,0
510500.SH,20240126,20240125,5.1597,1.6567,,,1.65668396,0
510500.SH,20240127,20240126,5.1125,1.6415,,,1.64152891,0
510500.SH,20240130,20240129,5.0117,1.6092,,,1.6091639,0
510500.SH,20240131,20240130,4.8968,1.5723,,,1.57227164,0
510500.SH,20240201,20240131,4.7766,1.5337,,,1.53367765,0
510500.SH,20240202,20240201,4.7574,1.5275,,,1.52751289,0
510500.SH,20240203,20240202,4.6373,1.489,,,1.48895101,0
510500.SH,20240206,20240205,4.5346,1.456,,,1.45597594,0
510500.SH,20240207,20240206,4.8846,1.5684,,,1.56835445,0
510500.SH,20240208,20240207,5.1926,1.6672,,,1.66724754,0
510500.SH,20240209,20240208,5.2347,1.6808,,,1.68076507,0
510500.SH,20240220,20240219,5.2245,1.6775,,,1.67749004,0
510500.SH,20240221,20240220,5.2247,1.6776,,,1.67755425,0
510500.SH,20240222,20240221,5.2234,1.6771,,,1.67713685,0
510500.SH,20240223,20240222,5.2606,1.6891,,,1.68908108,0
510500.SH,20240224,20240223,5.282,1.696,,,1.69595222,0
510500.SH,20240227,20240226,5.2795,1.6951,,,1.69514952,0
510500.SH,20240228,20240227,5.393,1.7316,,,1.73159226,0
510500.SH,20240229,20240228,5.2695,1.6919,,,1.6919387,0
510500.SH,20240301,20240229,5.4326,1.7443,,,1.74430709,0
510500.SH,20240302,20240301,5.4659,1.755,,,1.7549991,0
510500.SH,20240305,20240304,5.4753,1.758,,,1.75801726,0
510500.SH,20240306,20240305,5.4383,1.7461,,,1.74613725,0
510500.SH,20240307,20240306,5.4366,1.7456,,,1.74559141,0
510500.SH,20240308,20240307,5.3633,1.7221,,,1.72205614,0
510500.SH,20240309,20240308,5.4361,1.7454,,,1.74543087,0
510500.SH,20240312,20240311,5.5277,1.7748,,,1.77484193,0
510500.SH,20240313,20240312,5.51,1.7692,,,1.76915879,0
510500.SH,20240314,20240313,5.5014,1.7664,,,1.76639749,0
510500.SH,20240315,20240314,5.4783,1.759,,,1.75898051,0
510500.SH,20240316,20240315,5.5405,1.779,,,1.77895177,0
510500.SH,20240319,20240318,5.616,1.8032,,,1.80319342,0
510500.SH,20240320,20240319,5.5653,1.7869,,,1.78691459,0
510500.SH,20240321,20240320,5.5803,1.7917,,,1.79173082,0
510500.SH,20240322,20240321,5.5525,1.7828,,,1.78280475,0
510500.SH,20240323,20240322,5.4701,1.7563,,,1.75634764,0
510500.SH,20240326,20240325,5.3791,1.7271,,,1.72712923,0
510500.SH,20240327,20240326,5.3683,1.7237,,,1.72366155,0
510500.SH,20240328,20240327,5.2393,1.6822,,,1.68224204,0
510500.SH,20240329,20240328,5.3064,1.7038,,,1.70378661,0
510500.SH,20240330,20240329,5.3697,1.7241,,,1.72411106,0
510500.SH,20240422,20240331,5.3695,1.7241,,78224296414.46,1.72404685,0
510500.SH,20240402,20240401,5.4869,1.7617,,,1.76174181,0
510500.SH,20240403,20240402,5.4665,1.7552,,,1.75519175,0
510500.SH,20240404,20240403,5.46,1.7531,,,1.75310472,0
510500.SH,20240409,20240408,5.3825,1.7282,,,1.7282209,0
510500.SH,20240410,20240409,5.4264,1.7423,,,1.74231638,0
510500.SH,20240411,20240410,5.3581,1.7204,,,1.72038652,0
510500.SH,20240412,20240411,5.3854,1.7292,,,1.72915204,0
510500.SH,20240413,20240412,5.3605,1.7212,,,1.72115711,0
510500.SH,20240416,20240415,5.4233,1.7413,,,1.74132103,0
510500.SH,20240417,20240416,5.2737,1.6933,,,1.69328724,0
510500.SH,20240418,20240417,5.4238,1.7415,,,1.74148157,0
510500.SH,20240419,20240418,5.4343,1.7449,,,1.74485292,0
510500.SH,20240420,20240419,5.3986,1.7334,,,1.73339032,0
510500.SH,20240423,20240422,5.3512,1.7182,,,1.71817106,0
510500.SH,20240424,20240423,5.291,1.6988,,,1.69884195,0
510500.SH,20240425,20240424,5.3463,1.7166,,,1.71659776,0
510500.SH,20240426,20240425,5.3427,1.7154,,,1.71544186,0
510500.SH,20240427,20240426,5.4584,1.7526,,,1.75259099,0
510500.SH,20240430,20240429,5.5664,1.7873,,,1.78726778,0
510500.SH,20240501,20240430,5.5284,1.7751,,,1.77506669,0
510500.SH,20240507,20240506,5.6164,1.8033,,,1.80332186,0
510500.SH,20240508,20240507,5.6148,1.8028,,,1.80280813,0
510500.SH,20240509,20240508,5.5452,1.7805,,,1.78046086,0
510500.SH,20240510,20240509,5.6447,1.8124,,,1.81240846,0
510500.SH,20240511,20240510,5.625,1.8061,,,1.80608316,0
510500.SH,20240514,20240513,5.5943,1.7962,,,1.79622596,0
510500.SH,20240515,20240514,5.5902,1.7949,,,1.79490952,0
510500.SH,20240516,20240515,5.5365,1.7777,,,1.77766745,0
510500.SH,20240517,20240516,5.5173,1.7715,,,1.77150268,0
510500.SH,20240518,20240517,5.4982,1.7933,,,1.79365337,0
510500.SH,20240521,20240520,5.5308,1.8038,,,1.80428833,0
510500.SH,20240522,20240521,5.488,1.79,,,1.79032587,0
510500.SH,20240523,20240522,5.4811,1.7878,,,1.78807492,0
510500.SH,20240524,20240523,5.3761,1.7541,,,1.75382123,0
510500.SH,20240525,20240524,5.3293,1.7391,,,1.73855388,0
510500.SH,20240528,20240527,5.3876,1.7578,,,1.75757283,0
510500.SH,20240529,20240528,5.333,1.7403,,,1.73976091,0
510500.SH,20240530,20240529,5.3478,1.745,,,1.74458905,0
510500.SH,20240531,20240530,5.3325,1.7401,,,1.7395978,0
510500.SH,20240601,20240531,5.3344,1.7407,,,1.74021763,0
510500.SH,20240604,20240603,5.3002,1.7297,,,1.72906071,0
510500.SH,20240605,20240604,5.3695,1.752,,,1.75166814,0
510500.SH,20240606,20240605,5.3085,1.7324,,,1.73176839,0
510500.SH,20240607,20240606,5.2636,1.718,,,1.71712086,0
510500.SH,20240608,20240607,5.2481,1.713,,,1.71206436,0
510500.SH,20240612,20240611,5.2578,1.7161,,,1.71522875,0
510500.SH,20240613,20240612,5.2756,1.7218,,,1.72103556,0
510500.SH,20240614,20240613,5.2397,1.7103,,,1.70932407,0
510500.SH,20240615,20240614,5.2608,1.7171,,,1.71620743,0
510500.SH,20240618,20240617,5.2543,1.715,,,1.71408696,0
510500.SH,20240619,20240618,5.2799,1.7232,,,1.72243833,0
510500.SH,20240620,20240619,5.2197,1.7039,,,1.70279956,0
510500.SH,20240621,20240620,5.1453,1.68,,,1.67852837,0
510500.SH,20240622,20240621,5.1548,1.683,,,1.68162752,0
510500.SH,20240625,20240624,5.0454,1.6479,,,1.64593844,0
510500.SH,20240626,20240625,5.0006,1.6335,,,1.63132354,0
510500.SH,20240627,20240626,5.0767,1.658,,,1.6561493,0
510500.SH,20240628,20240627,4.9847,1.6284,,,1.62613655,0
510500.SH,20240629,20240628,5.0017,1.6339,,,1.63168238,0
510500.SH,20240719,20240630,5.0016,1.6339,,73891822990.96,1.63164976,1
510500.SH,20240702,20240701,5.0625,1.6534,,,1.6515169,0
510500.SH,20240703,20240702,5.0089,1.6362,,,1.63403121,0
510500.SH,20240704,20240703,4.9704,1.6238,,,1.62147152,0
510500.SH,20240705,20240704,4.8939,1.5993,,,1.59651527,0
510500.SH,20240706,20240705,4.9292,1.6106,,,1.60803103,0
510500.SH,20240709,20240708,4.8457,1.5838,,,1.5807912,0
510500.SH,20240710,20240709,4.9421,1.6147,,,1.61223934,0
510500.SH,20240711,20240710,4.9103,1.6045,,,1.60186537,0
510500.SH,20240712,20240711,5.0084,1.636,,,1.63386809,0
510500.SH,20240713,20240712,4.9903,1.6302,,,1.62796341,0
510500.SH,20240716,20240715,4.9538,1.6185,,,1.61605618,0
510500.SH,20240717,20240716,4.9695,1.6235,,,1.62117792,0
510500.SH,20240718,20240717,4.9281,1.6103,,,1.60767218,0
510500.SH,20240719,20240718,4.9505,1.6174,,,1.61497963,0
510500.SH,20240720,20240719,4.945,1.6157,,,1.61318539,0
510500.SH,20240723,20240722,4.9383,1.6135,,,1.61099968,0
510500.SH,20240724,20240723,4.7937,1.5671,,,1.56382747,0
510500.SH,20240725,20240724,4.738,1.5492,,,1.5456567,0
510500.SH,20240726,20240725,4.735,1.5483,,,1.54467803,0
510500.SH,20240727,20240726,4.8083,1.5718,,,1.56859036,0
510500.SH,20240730,20240729,4.7808,1.563,,,1.55961916,0
510500.SH,20240731,20240730,4.7722,1.5602,,,1.55681362,0
510500.SH,20240801,20240731,4.9636,1.6217,,,1.61925319,0
510500.SH,20240802,20240801,4.9297,1.6108,,,1.60819414,0
510500.SH,20240803,20240802,4.8642,1.5897,,,1.58682637,0
510500.SH,20240806,20240805,4.7679,1.5588,,,1.55541085,0
510500.SH,20240807,20240806,4.8253,1.5772,,,1.57413619,0
510500.SH,20240808,20240807,4.8268,1.5777,,,1.57462553,0
510500.SH,20240809,20240808,4.8316,1.5793,,,1.57619142,0
510500.SH,20240810,20240809,4.7957,1.5677,,,1.56447992,0
510500.SH,20240813,20240812,4.7893,1.5657,,,1.56239207,0
510500.SH,20240814,20240813,4.8067,1.5713,,,1.5680684,0
510500.SH,20240815,20240814,4.7413,1.5503,,,1.54673325,0
510500.SH,20240816,20240815,4.7732,1.5605,,,1.55713984,0
510500.SH,20240817,20240816,4.7458,1.5517,,,1.54820126,0
510500.SH,20240820,20240819,4.7585,1.5558,,,1.55234433,0
510500.SH,20240821,20240820,4.676,1.5293,,,1.52543072,0
510500.SH,20240822,20240821,4.6609,1.5245,,,1.52050471,0
510500.SH,20240823,20240822,4.606,1.5068,,,1.50259493,0
510500.SH,20240824,20240823,4.6101,1.5082,,,1.50393245,0
510500.SH,20240827,20240826,4.6172,1.5104,,,1.50624866,0
510500.SH,20240828,20240827,4.5673,1.4944,,,1.48997,0
510500.SH,20240829,20240828,4.5721,1.4959,,,1.49153588,0
510500.SH,20240830,20240829,4.6311,1.5149,,,1.51078319,0
510500.SH,20240831,20240830,4.7138,1.5414,,,1.53776204,0
510500.SH,20240903,20240902,4.6197,1.5112,,,1.50706422,0
510500.SH,20240904,20240903,4.6699,1.5274,,,1.52344074,0
510500.SH,20240905,20240904,4.6552,1.5226,,,1.51864523,0
510500.SH,20240906,20240905,4.6752,1.5291,,,1.52516974,0
510500.SH,20240907,20240906,4.6106,1.5083,,,1.50409557,0
510500.SH,20240910,20240909,4.5797,1.4984,,,1.4940152,0
510500.SH,20240911,20240910,4.5806,1.4987,,,1.4943088,0
510500.SH,20240912,20240911,4.5877,1.501,,,1.496625,0
510500.SH,20240913,20240912,4.5693,1.4951,,,1.49062245,0
510500.SH,20240914,20240913,4.5233,1.4803,,,1.47561608,0
510500.SH,20240919,20240918,4.5346,1.4839,,,1.47930242,0
510500.SH,20240920,20240919,4.5934,1.5028,,,1.49848449,0
510500.SH,20240921,20240920,4.5713,1.4957,,,1.4912749,0
510500.SH,20240924,20240923,4.5678,1.4946,,,1.49013311,0
510500.SH,20240925,20240924,4.766,1.5582,,,1.55479102,0
510500.SH,20240926,20240925,4.8095,1.5722,,,1.56898183,0
510500.SH,20240927,20240926,5.0199,1.6397,,,1.63761969,0
510500.SH,20240928,20240927,5.2912,1.7268,,,1.72612468,0
510500.SH,20241025,20240930,5.8408,1.9033,,123912553271.74,1.90541825,1
510500.SH,20241009,20241008,6.254,2.036,,,2.04021465,0
510500.SH,20241010,20241009,5.8294,1.8996,,,1.90169928,0
510500.SH,20241011,20241010,5.7836,1.8849,,,1.88675815,0
510500.SH,20241012,20241011,5.5598,1.8131,,,1.81374887,0
510500.SH,20241015,20241014,5.6989,1.8577,,,1.85912684,0
510500.SH,20241016,20241015,5.5622,1.8139,,,1.81453181,0
510500.SH,20241017,20241016,5.5506,1.8101,,,1.81074759,0
510500.SH,20241018,20241017,5.5089,1.7967,,,1.79714399,0
510500.SH,20241019,20241018,5.7348,1.8693,,,1.87083834,0
510500.SH,20241022,20241021,5.7988,1.8898,,,1.89171678,0
510500.SH,20241023,20241022,5.8489,1.9059,,,1.90806068,0
510500.SH,20241024,20241023,5.8721,1.9134,,,1.91562911,0
510500.SH,20241025,20241024,5.8213,1.897,,,1.89905685,0
510500.SH,20241026,20241025,5.9063,1.9243,,,1.92678603,0
510500.SH,20241029,20241028,5.9811,1.9484,,,1.9511877,0
510500.SH,20241030,20241029,5.9087,1.9251,,,1.92756897,0
510500.SH,20241031,20241030,5.9341,1.9333,,,1.9358551,0
510500.SH,20241101,20241031,5.9983,1.9539,,,1.95679878,0
510500.SH,20241102,20241101,5.9276,1.9312,,,1.93373463,0
510500.SH,20241105,20241104,6.0254,1.9626,,,1.96563949,0
510500.SH,20241106,20241105,6.2115,2.0223,,,2.02635007,0
510500.SH,20241107,20241106,6.2253,2.0268,,,2.03085198,0
510500.SH,20241108,20241107,6.3404,2.0637,,,2.06840054,0
510500.SH,20241109,20241108,6.3231,2.0582,,,2.06275684,0
510500.SH,20241112,20241111,6.4322,2.0932,,,2.09834805,0
510500.SH,20241113,20241112,6.364,2.0713,,,2.07609946,0
510500.SH,20241114,20241113,6.3602,2.0701,,,2.07485981,0
510500.SH,20241115,20241114,6.1759,2.0109,,,2.01473644,0
510500.SH,20241116,20241115,6.0205,1.961,,,1.96404098,0
510500.SH,20241119,20241118,5.9273,1.9311,,,1.93363676,0
510500.SH,20241120,20241119,6.0322,1.9648,,,1.96785782,0
510500.SH,20241121,20241120,6.0888,1.9829,,,1.98632219,0
510500.SH,20241122,20241121,6.0816,1.9806,,,1.98397337,0
510500.SH,20241123,20241122,5.8438,1.9043,,,1.90639693,0
510500.SH,20241126,20241125,5.8278,1.8991,,,1.90117732,0
510500.SH,20241127,20241126,5.7827,1.8847,,,1.88646455,0
510500.SH,20241128,20241127,5.898,1.9217,,,1.92407835,0
510500.SH,20241129,20241128,5.8511,1.9066,,,1.90877837,0
510500.SH,20241130,20241129,5.9471,1.9374,,,1.94009603,0
510500.SH,20241203,20241202,6.0402,1.9673,,,1.97046763,0
510500.SH,20241204,20241203,6.0283,1.9635,,,1.96658554,0
510500.SH,20241205,20241204,5.9739,1.946,,,1.94883887,0
510500.SH,20241206,20241205,5.9974,1.9536,,,1.95650517,0
510500.SH,20241207,20241206,6.0764,1.979,,,1.98227699,0
510500.SH,20241210,20241209,6.0428,1.9682,,,1.97131581,0
510500.SH,20241211,20241210,6.0897,1.9832,,,1.98661579,0
510500.SH,20241212,20241211,6.1452,2.001,,,2.00472131,0
510500.SH,20241213,20241212,6.1992,2.0184,,,2.02233749,0
510500.SH,20241214,20241213,6.0839,1.9814,,,1.98472368,0
510500.SH,20241217,20241216,6.0055,1.9562,,,1.9591476,0
510500.SH,20241218,20241217,5.9407,1.9354,,,1.93800818,0
510500.SH,20241219,20241218,5.9816,1.9485,,,1.95135081,0
510500.SH,20241220,20241219,5.9953,1.9529,,,1.9558201,0
510500.SH,20241221,20241220,6.0112,1.958,,,1.96100709,0
510500.SH,20241224,20241223,5.9111,1.9259,,,1.92835191,0
510500.SH,20241225,20241224,5.9888,1.9508,,,1.95369963,0
510500.SH,20241226,20241225,5.9329,1.9329,,,1.93546362,0
510500.SH,20241227,20241226,5.9803,1.9481,,,1.95092672,0
510500.SH,20241228,20241227,5.993,1.9522,,,1.95506978,0
510500.SH,20241231,20241230,5.9927,1.9521,,,1.95497191,0
510500.SH,20250122,20241231,5.8167,1.8956,,101749746068.89,1.89755621,1
510500.SH,20250103,20250102,5.633,1.8366,,,1.83762858,0
510500.SH,20250104,20250103,5.5139,1.7983,,,1.79877512,0
510500.SH,20250107,20250106,5.5127,1.798,,,1.79838364,0
510500.SH,20250108,20250107,5.5709,1.8166,,,1.81736997,0
510500.SH,20250109,20250108,5.548,1.8093,,,1.80989941,0
510500.SH,20250110,20250109,5.5425,1.8075,,,1.80810517,0
510500.SH,20250111,20250110,5.4545,1.7793,,,1.77939732,0
510500.SH,20250114,20250113,5.4664,1.7831,,,1.7832794,0
510500.SH,20250115,20250114,5.6602,1.8453,,,1.84650191,0
510500.SH,20250116,20250115,5.6095,1.829,,,1.82996228,0
510500.SH,20250117,20250116,5.5413,1.8364,,,1.8375229,0
510500.SH,20250118,20250117,5.5837,1.85,,,1.85158295,0
510500.SH,20250121,20250120,5.6111,1.8588,,,1.86066893,0
510500.SH,20250122,20250121,5.6306,1.865,,,1.86713523,0
510500.SH,20250123,20250122,5.6039,1.8565,,,1.85828137,0
510500.SH,20250124,20250123,5.5819,1.8494,,,1.85098606,0
510500.SH,20250125,20250124,5.6483,1.8707,,,1.87300463,0
510500.SH,20250128,20250127,5.5874,1.8512,,,1.85280989,0
510500.SH,20250206,20250205,5.6117,1.859,,,1.86086789,0
510500.SH,20250207,20250206,5.7454,1.9019,,,1.90520348,0
510500.SH,20250208,20250207,5.831,1.9294,,,1.93358887,0
510500.SH,20250211,20250210,5.886,1.947,,,1.95182715,0
510500.SH,20250212,20250211,5.8557,1.9373,,,1.94177952,0
510500.SH,20250213,20250212,5.9375,1.9636,,,1.96890481,0
510500.SH,20250214,20250213,5.8961,1.9503,,,1.95517636,0
510500.SH,20250215,20250214,5.9451,1.966,,,1.971425,0
510500.SH,20250218,20250217,5.9455,1.9661,,,1.97155765,0
510500.SH,20250219,20250218,5.838,1.9316,,,1.93591011,0
510500.SH,20250220,20250219,5.9409,1.9647,,,1.97003226,0
510500.SH,20250221,20250220,5.9547,1.9691,,,1.97460841,0
510500.SH,20250222,20250221,6.0545,2.0011,,,2.00770259,0
510500.SH,20250225,20250224,6.0414,1.9969,,,2.00335857,0
510500.SH,20250226,20250225,5.9772,1.9763,,,1.98206953,0
510500.SH,20250227,20250226,6.0475,1.9989,,,2.00538136,0
510500.SH,20250228,20250227,6.0243,1.9914,,,1.99768812,0
510500.SH,20250301,20250228,5.8559,1.9374,,,1.94184584,0
510500.SH,20250304,20250303,5.8817,1.9457,,,1.95040125,0
510500.SH,20250305,20250304,5.9336,1.9623,,,1.96761155,0
510500.SH,20250306,20250305,5.9463,1.9664,,,1.97182293,0
510500.SH,20250307,20250306,6.0441,1.9978,,,2.0042539,0
510500.SH,20250308,20250307,6.01,1.9869,,,1.99294617,0
510500.SH,20250311,20250310,6.0089,1.9865,,,1.9925814,0
510500.SH,20250312,20250311,6.04,1.9965,,,2.00289432,0
510500.SH,20250313,20250312,6.0362,1.9953,,,2.00163422,0
510500.SH,20250314,20250313,5.9889,1.9801,,,1.9859493,0
510500.SH,20250315,20250314,6.0961,2.0145,,,2.02149736,0
510500.SH,20250318,20250317,6.104,2.017,,,2.02411704,0
510500.SH,20250319,20250318,6.129,2.0251,,,2.03240717,0
510500.SH,20250320,20250319,6.0972,2.0148,,,2.02186213,0
510500.SH,20250321,20250320,6.0555,2.0015,,,2.0080342,0
510500.SH,20250322,20250321,5.9674,1.9732,,,1.9788198,0
510500.SH,20250325,20250324,5.9641,1.9721,,,1.9777255,0
510500.SH,20250326,20250325,5.9427,1.9652,,,1.97062915,0
510500.SH,20250327,20250326,5.9449,1.9659,,,1.97135868,0
510500.SH,20250328,20250327,5.9541,1.9689,,,1.97440945,0
510500.SH,20250329,20250328,5.9126,1.9556,,,1.96064784,0
510500.SH,20250422,20250331,5.8541,1.9368,,94871842351.25,1.94124895,1
510500.SH,20250402,20250401,5.8894,1.9481,,,1.9529546,0
510500.SH,20250403,20250402,5.8959,1.9502,,,1.95511004,0
510500.SH,20250404,20250403,5.8425,1.9331,,,1.93740233,0
510500.SH,20250408,20250407,5.2832,1.7535,,,1.75193564,0
510500.SH,20250409,20250408,5.3209,1.7656,,,1.76443715,0
510500.SH,20250410,20250409,5.4346,1.8021,,,1.80214064,0
510500.SH,20250411,20250410,5.5392,1.8357,,,1.83682653,0
510500.SH,20250412,20250411,5.5763,1.8476,,,1.84912907,0
510500.SH,20250415,20250414,5.6211,1.862,,,1.86398498,0
510500.SH,20250416,20250415,5.5961,1.854,,,1.85569485,0
510500.SH,20250417,20250416,5.5504,1.8393,,,1.8405405,0
510500.SH,20250418,20250417,5.5524,1.8399,,,1.84120371,0
510500.SH,20250419,20250418,5.5561,1.8411,,,1.84243065,0
510500.SH,20250422,20250421,5.6377,1.8673,,,1.86948962,0
510500.SH,20250423,20250422,5.62,1.8616,,,1.86362021,0
510500.SH,20250424,20250423,5.6306,1.865,,,1.86713523,0
510500.SH,20250425,20250424,5.6023,1.8559,,,1.8577508,0
510500.SH,20250426,20250425,5.6237,1.8628,,,1.86484715,0
510500.SH,20250429,20250428,5.5948,1.8535,,,1.85526377,0
510500.SH,20250430,20250429,5.6017,1.8558,,,1.85755184,0
510500.SH,20250501,20250430,5.6288,1.8645,,,1.86653834,0
510500.SH,20250507,20250506,5.7373,1.8993,,,1.90251748,0
510500.SH,20250508,20250507,5.7467,1.9023,,,1.90563457,0
510500.SH,20250509,20250508,5.7713,1.9102,,,1.91379205,0
510500.SH,20250510,20250509,5.7194,1.8935,,,1.89658175,0
510500.SH,20250513,20250512,5.7917,1.9168,,,1.92055679,0
510500.SH,20250514,20250513,5.7795,1.9128,,,1.91651121,0
510500.SH,20250515,20250514,5.798,1.9188,,,1.92264591,0
510500.SH,20250516,20250515,5.7148,1.8921,,,1.89505637,0
510500.SH,20250517,20250516,5.7153,1.8922,,,1.89522217,0
510500.SH,20250520,20250519,5.7207,1.894,,,1.89701284,0
510500.SH,20250521,20250520,5.7474,1.9025,,,1.90586669,0
510500.SH,20250522,20250521,5.7583,1.906,,,1.90948119,0
510500.SH,20250523,20250522,5.7066,1.8894,,,1.89233721,0
510500.SH,20250524,20250523,5.6574,1.8736,,,1.87602224,0
510500.SH,20250527,20250526,5.6756,1.8795,,,1.88205745,0
510500.SH,20250528,20250527,5.6582,1.8739,,,1.87628752,0
510500.SH,20250529,20250528,5.6456,1.8698,,,1.8721093,0
510500.SH,20250530,20250529,5.7299,1.8969,,,1.9000636,0
510500.SH,20250531,20250530,5.6848,1.8824,,,1.88510822,0
510500.SH,20250604,20250603,5.709,1.8902,,,1.89313306,0
510500.SH,20250605,20250604,5.7546,1.9048,,,1.90825425,0
510500.SH,20250606,20250605,5.789,1.9159,,,1.91966146,0
510500.SH,20250607,20250606,5.7847,1.9145,,,1.91823556,0
510500.SH,20250610,20250609,5.8295,1.9289,,,1.93309146,0
510500.SH,20250611,20250610,5.7807,1.9132,,,1.91690914,0
510500.SH,20250612,20250611,5.8177,1.9251,,,1.92917852,0
510500.SH,20250613,20250612,5.8242,1.9272,,,1.93133396,0
510500.SH,20250614,20250613,5.7716,1.9103,,,1.91389153,0
510500.SH,20250617,20250616,5.7988,1.919,,,1.92291119,0
510500.SH,20250618,20250617,5.7838,1.9142,,,1.91793711,0
510500.SH,20250619,20250618,5.7807,1.9132,,,1.91690914,0
510500.SH,20250620,20250619,5.7132,1.8916,,,1.8945258,0
510500.SH,20250621,20250620,5.6802,1.881,,,1.88358283,0
510500.SH,20250624,20250623,5.7159,1.8924,,,1.89542113,0
510500.SH,20250625,20250624,5.8087,1.9222,,,1.92619408,0
510500.SH,20250626,20250625,5.9077,1.954,,,1.95902298,0
510500.SH,20250627,20250626,5.8851,1.9467,,,1.9515287,0
510500.SH,20250628,20250627,5.9136,1.9559,,,1.96097945,0
510500.SH,20250721,20250630,5.9666,1.9729,,113437962094.11,1.97855451,1
510500.SH,20250702,20250701,5.9855,1.979,,,1.98482185,0
510500.SH,20250703,20250702,5.9441,1.9657,,,1.9710934,0
510500.SH,20250704,20250703,5.9742,1.9754,,,1.98107471,0
510500.SH,20250705,20250704,5.9651,1.9724,,,1.9780571,0
510500.SH,20250708,20250707,5.9547,1.9691,,,1.97460841,0
510500.SH,20250709,20250708,6.0335,1.9944,,,2.00073889,0
510500.SH,20250710,20250709,6.0108,1.9871,,,1.99321145,0
510500.SH,20250711,20250710,6.042,1.9971,,,2.00355753,0
510500.SH,20250712,20250711,6.0889,2.0122,,,2.01910981,0
510500.SH,20250715,20250714,6.0827,2.0102,,,2.01705386,0
510500.SH,20250716,20250715,6.0807,2.0096,,,2.01639065,0
510500.SH,20250717,20250716,6.0802,2.0094,,,2.01622484,0
510500.SH,20250718,20250717,6.1472,2.0309,,,2.03844238,0
510500.SH,20250719,20250718,6.1651,2.0367,,,2.04437811,0
510500.SH,20250722,20250721,6.2278,2.0568,,,2.06516974,0
510500.SH,20250723,20250722,6.2807,2.0738,,,2.08271165,0
510500.SH,20250724,20250723,6.2648,2.0687,,,2.07743913,0
510500.SH,20250725,20250724,6.3628,2.1001,,,2.10993642,0
510500.SH,20250726,20250725,6.37,2.1024,,,2.11232398,0
510500.SH,20250729,20250728,6.3945,2.1103,,,2.1204483,0
510500.SH,20250730,20250729,6.4276,2.1209,,,2.13142443,0
510500.SH,20250731,20250730,6.3861,2.1076,,,2.11766282,0
510500.SH,20250801,20250731,6.2972,2.0791,,,2.08818313,0
510500.SH,20250802,20250801,6.2846,2.075,,,2.08400491,0
510500.SH,20250805,20250804,6.3335,2.0907,,,2.10022039,0
510500.SH,20250806,20250805,6.3754,2.1042,,,2.11411464,0
510500.SH,20250807,20250806,6.431,2.122,,,2.13255188,0
510500.SH,20250808,20250807,6.4104,2.1154,,,2.12572082,0
510500.SH,20250809,20250808,6.398,2.1114,,,2.12160892,0
510500.SH,20250812,20250811,6.4675,2.1337,,,2.14465547,0
510500.SH,20250813,20250812,6.4945,2.1424,,,2.1536088,0
510500.SH,20250814,20250813,6.5866,2.172,,,2.18414962,0
510500.SH,20250815,20250814,6.5086,2.1469,,,2.15828443,0
510500.SH,20250816,20250815,6.6503,2.1924,,,2.20527286,0
510500.SH,20250819,20250818,6.7508,2.2247,,,2.23859917,0
510500.SH,20250820,20250819,6.7381,2.2206,,,2.23438779,0
510500.SH,20250821,20250820,6.8114,2.2442,,,2.25869443,0
510500.SH,20250822,20250821,6.7875,2.2365,,,2.25076907,0
510500.SH,20250823,20250822,6.9093,2.2756,,,2.29115856,0
510500.SH,20250826,20250825,7.0397,2.3175,,,2.33439986,0
510500.SH,20250827,20250826,7.0527,2.3216,,,2.33871072,0
510500.SH,20250828,20250827,6.9513,2.2891,,,2.30508598,0
510500.SH,20250829,20250828,7.0967,2.3358,,,2.35330135,0
510500.SH,20250830,20250829,7.1305,2.3466,,,2.3645096,0
510500.SH,20250902,20250901,7.1967,2.3679,,,2.38646185,0
510500.SH,20250903,20250902,7.0463,2.3196,,,2.33658845,0
510500.SH,20250904,20250903,6.9528,2.2896,,,2.30558338,0
510500.SH,20250905,20250904,6.7788,2.2337,,,2.24788411,0
510500.SH,20250906,20250905,6.9999,2.3047,,,2.32120198,0
510500.SH,20250909,20250908,7.0782,2.3298,,,2.34716665,0
510500.SH,20250910,20250909,7.0138,2.3092,,,2.32581129,0
510500.SH,20250911,20250910,7.018,2.3105,,,2.32720403,0
510500.SH,20250912,20250911,7.213,2.3731,,,2.39186701,0
510500.SH,20250913,20250912,7.2402,2.3818,,,2.40088667,0
510500.SH,20250916,20250915,7.2283,2.378,,,2.39694057,0
510500.SH,20250917,20250916,7.2823,2.3954,,,2.41484724,0
510500.SH,20250918,20250917,7.3529,2.418,,,2.43825855,0
510500.SH,20250919,20250918,7.29,2.3978,,,2.4174006,0
510500.SH,20250920,20250919,7.263,2.3892,,,2.40844726,0
510500.SH,20250923,20250922,7.3162,2.4062,,,2.42608865,0
510500.SH,20250924,20250923,7.2694,2.3912,,,2.41056953,0
510500.SH,20250925,20250924,7.4197,2.4395,,,2.46040977,0
510500.SH,20250926,20250925,7.4394,2.4458,,,2.46694239,0
510500.SH,20250927,20250926,7.3388,2.4135,,,2.43358292,0
510500.SH,20250930,20250929,7.4504,2.4493,,,2.47059004,0
510500.SH,20251028,20250930,7.5142,2.4698,,140098215812.86,2.49174644,1
510500.SH,20251010,20251009,7.653,2.5144,,,2.53777322,0
510500.SH,20251011,20251010,7.4992,2.465,,,2.48677237,0
510500.SH,20251014,20251013,7.4762,2.4576,,,2.47914545,0
510500.SH,20251015,20251014,7.2908,2.3981,,,2.41766588,0
510500.SH,20251016,20251015,7.3927,2.4308,,,2.45145643,0
510500.SH,20251017,20251016,7.3283,2.4101,,,2.43010107,0
510500.SH,20251018,20251017,7.1116,2.3406,,,2.35824226,0
510500.SH,20251021,20251020,7.1657,2.3579,,,2.37618209,0
510500.SH,20251022,20251021,7.2853,2.3963,,,2.41584205,0
510500.SH,20251023,20251022,7.228,2.3779,,,2.39684108,0
510500.SH,20251024,20251023,7.2415,2.3823,,,2.40131775,0
510500.SH,20251025,20251024,7.3602,2.4204,,,2.44067927,0
510500.SH,20251028,20251027,7.4841,2.4602,,,2.48176513,0
510500.SH,20251029,20251028,7.4461,2.448,,,2.46916414,0
510500.SH,20251030,20251029,7.5881,2.4935,,,2.51625205,0
510500.SH,20251031,20251030,7.4934,2.4631,,,2.48484906,0
510500.SH,20251101,20251031,7.4386,2.4455,,,2.4666771,0
510500.SH,20251104,20251103,7.4397,2.4459,,,2.46704187,0
510500.SH,20251105,20251104,7.3133,2.4053,,,2.42512699,0
510500.SH,20251106,20251105,7.3338,2.4119,,,2.4319249,0
510500.SH,20251107,20251106,7.4526,2.45,,,2.47131957,0
510500.SH,20251108,20251107,7.4348,2.4443,,,2.465417,0
510500.SH,20251111,20251110,7.4501,2.4492,,,2.47049056,0
510500.SH,20251112,20251111,7.3974,2.4323,,,2.45301497,0
510500.SH,20251113,20251112,7.3489,2.4167,,,2.43693213,0
510500.SH,20251114,20251113,7.4623,2.4532,,,2.47453614,0
510500.SH,20251115,20251114,7.3424,2.4147,,,2.4347767,0
510500.SH,20251118,20251117,7.3414,2.4143,,,2.43444509,0
510500.SH,20251119,20251118,7.2558,2.3869,,,2.4060597,0
510500.SH,20251120,20251119,7.2286,2.3781,,,2.39704005,0
510500.SH,20251121,20251120,7.1673,2.3584,,,2.37671266,0
510500.SH,20251122,20251121,6.9199,2.279,,,2.29467358,0
510500.SH,20251125,20251124,6.972,2.2957,,,2.3119502,0
510500.SH,20251126,20251125,7.0586,2.3235,,,2.34066719,0
510500.SH,20251127,20251126,7.0693,2.327,,,2.34421537,0
510500.SH,20251128,20251127,7.0556,2.3226,,,2.33967238,0
510500.SH,20251129,20251128,7.1363,2.3485,,,2.3664329,0
510500.SH,20251202,20251201,7.2073,2.3713,,,2.38997686,0
510500.SH,20251203,20251202,7.1449,2.3512,,,2.36928471,0
510500.SH,20251204,20251203,7.1007,2.3371,,,2.35462777,0
510500.SH,20251205,20251204,7.1199,2.3432,,,2.36099458,0
510500.SH,20251206,20251205,7.2066,2.3711,,,2.38974474,0
510500.SH,20251209,20251208,7.2813,2.395,,,2.41451563,0
510500.SH,20251210,20251209,7.229,2.3782,,,2.39717269,0
510500.SH,20251211,20251210,7.2627,2.3891,,,2.40834778,0
510500.SH,20251212,20251211,7.1909,2.366,,,2.38453854,0
510500.SH,20251213,20251212,7.2894,2.3976,,,2.41720163,0
510500.SH,20251216,20251215,7.2292,2.3783,,,2.39723901,0
510500.SH,20251217,20251216,7.1133,2.3411,,,2.35880599,0
510500.SH,20251218,20251217,7.2531,2.386,,,2.40516437,0
510500.SH,20251219,20251218,7.2167,2.3743,,,2.39309395,0
510500.SH,20251220,20251219,7.2871,2.3969,,,2.41643894,0
510500.SH,20251223,20251222,7.3744,2.4249,,,2.44538806,0
510500.SH,20251224,20251223,7.3755,2.4253,,,2.44575283,0
510500.SH,20251225,20251224,7.4738,2.4568,,,2.4783496,0
510500.SH,20251226,20251225,7.5344,2.4763,,,2.49844486,0
510500.SH,20251227,20251226,7.5837,2.4921,,,2.51479299,0
510500.SH,20251230,20251229,7.5543,2.4827,,,2.5050438,0
510500.SH,20251231,20251230,7.584,2.4922,,,2.51489247,0
510500.SH,20260122,20251231,7.5895,2.494,,144690474667.85,2.5167163,1
510500.SH,20260106,20260105,7.7794,2.555,,,2.57968809,0
510500.SH,20260107,20260106,7.9458,2.6084,,,2.63486717,0
510500.SH,20260108,20260107,8.0072,2.6281,,,2.65522772,0
510500.SH,20260109,20260108,8.0268,2.6344,,,2.66172717,0
510500.SH,20260110,20260109,8.1927,2.6877,,,2.71674045,0
510500.SH,20260113,20260112,8.3896,2.7509,,,2.78203348,0
510500.SH,20260114,20260113,8.2817,2.7163,,,2.74625329,0
510500.SH,20260115,20260114,8.3667,2.7435,,,2.77443972,0
510500.SH,20260116,20260115,8.3629,2.7423,,,2.77317962,0
510500.SH,20260117,20260116,8.3104,2.7454,,,2.77635339,0
510500.SH,20260120,20260119,8.3677,2.7638,,,2.79549628,0
510500.SH,20260121,20260120,8.3254,2.7502,,,2.78136462,0
510500.SH,20260122,20260121,8.4204,2.7807,,,2.81310239,0
510500.SH,20260123,20260122,8.4668,2.7956,,,2.82860378,0
510500.SH,20260124,20260123,8.6712,2.8612,,,2.8968901,0
510500.SH,20260127,20260126,8.5869,2.8342,,,2.86872701,0
510500.SH,20260128,20260127,8.6299,2.848,,,2.88309253,0
510500.SH,20260129,20260128,8.683,2.865,,,2.90083227,0
510500.SH,20260130,20260129,8.5989,2.838,,,2.87273599,0
510500.SH,20260131,20260130,8.4511,2.7905,,,2.8233587,0
510500.SH,20260203,20260202,8.1135,2.6822,,,2.71057268,0
510500.SH,20260204,20260203,8.3643,2.7627,,,2.7943604,0
510500.SH,20260205,20260204,8.3764,2.7666,,,2.79840279,0
510500.SH,20260206,20260205,8.2217,2.7169,,,2.74672034,0
510500.SH,20260207,20260206,8.2225,2.7172,,,2.7469876,0
510500.SH,20260210,20260209,8.3885,2.7704,,,2.80244518,0
510500.SH,20260211,20260210,8.3838,2.7689,,,2.80087499,0
510500.SH,20260212,20260211,8.4046,2.7756,,,2.8078239,0
510500.SH,20260213,20260212,8.504,2.8075,,,2.84103163,0
510500.SH,20260214,20260213,8.3782,2.7671,,,2.79900414,0
510500.SH,20260225,20260224,8.4712,2.797,,,2.83007374,0
510500.SH,20260226,20260225,8.6072,2.8407,,,2.87550887,0
510500.SH,20260227,20260226,8.637,2.8502,,,2.88546451,0
510500.SH,20260228,20260227,8.7381,2.8827,,,2.91924018,0
510500.SH,20260303,20260302,8.7364,2.8822,,,2.91867224,0
510500.SH,20260304,20260303,8.3541,2.7594,,,2.79095277,0
510500.SH,20260305,20260304,8.3178,2.7477,,,2.7788256,0
510500.SH,20260306,20260305,8.3759,2.7664,,,2.79823575,0
510500.SH,20260307,20260306,8.4286,2.7833,,,2.81584186,0
510500.SH,20260310,20260309,8.3477,2.7573,,,2.78881464,0
510500.SH,20260311,20260310,8.4812,2.8002,,,2.83341456,0
510500.SH,20260312,20260311,8.4742,2.798,,,2.83107599,0
510500.SH,20260313,20260312,8.4278,2.7831,,,2.81557459,0
510500.SH,20260314,20260313,8.3079,2.7446,,,2.77551819,0
510500.SH,20260317,20260316,8.2524,2.7268,,,2.75697665,0
510500.SH,20260318,20260317,8.0825,2.6722,,,2.70021615,0
510500.SH,20260319,20260318,8.1625,2.6979,,,2.72694269,0
510500.SH,20260320,20260319,7.94,2.6264,,,2.65260949,0
510500.SH,20260321,20260320,7.825,2.5895,,,2.61419009,0
510500.SH,20260324,20260323,7.4998,2.4851,,,2.50554668,0
510500.SH,20260325,20260324,7.658,2.5359,,,2.55839842,0
510500.SH,20260326,20260325,7.8306,2.5913,,,2.61606094,0
510500.SH,20260327,20260326,7.7039,2.5506,,,2.57373278,0
510500.SH,20260328,20260327,7.8013,2.5819,,,2.60627235,0
510500.SH,20260331,20260330,7.8175,2.5871,,,2.61168447,0
510500.SH,20260422,20260331,7.6805,2.5431,,72477175278.45,2.56591526,1
510500.SH,20260402,20260401,7.8152,2.5864,,,2.61091608,0
510500.SH,20260403,20260402,7.6676,2.539,,,2.56160561,0
510500.SH,20260404,20260403,7.5987,2.5169,,,2.53858737,0
510500.SH,20260408,20260407,7.6351,2.5285,,,2.55074795,0
510500.SH,20260409,20260408,8.0148,2.6505,,,2.67759881,0
510500.SH,20260410,20260409,7.9677,2.6353,,,2.66186356,0
510500.SH,20260411,20260410,8.0401,2.6586,,,2.68605108,0
510500.SH,20260414,20260413,8.0379,2.6579,,,2.6853161,0
510500.SH,20260415,20260414,8.1595,2.6969,,,2.72594045,0
510500.SH,20260416,20260415,8.1162,2.683,,,2.71147471,0
510500.SH,20260417,20260416,8.2543,2.7274,,,2.7576114,0
510500.SH,20260418,20260417,8.2884,2.7383,,,2.76900359,0
510500.SH,20260421,20260420,8.3645,2.7627,,,2.79442722,0
510500.SH,20260422,20260421,8.3447,2.7564,,,2.7878124,0
510500.SH,20260423,20260422,8.4523,2.7909,,,2.8237596,0
510500.SH,20260424,20260423,8.3707,2.7647,,,2.79649852,0
510500.SH,20260425,20260424,8.3241,2.7498,,,2.78093031,0
510500.SH,20260428,20260427,8.375,2.7661,,,2.79793508,0
510500.SH,20260429,20260428,8.2785,2.7351,,,2.76569618,0
510500.SH,20260430,20260429,8.4212,2.7809,,,2.81336965,0
510500.SH,20260501,20260430,8.4285,2.7833,,,2.81580845,0
510500.SH,20260507,20260506,8.6682,2.8603,,,2.89588786,0
510500.SH,20260508,20260507,8.7779,2.8955,,,2.93253663,0
510500.SH,20260509,20260508,8.774,2.8942,,,2.93123371,0
510500.SH,20260512,20260511,8.9215,2.9416,,,2.98051078,0
510500.SH,20260513,20260512,8.8685,2.9246,,,2.96280444,0
510500.SH,20260514,20260513,9.0026,2.9676,,,3.00760481,0
510500.SH,20260515,20260514,8.7566,2.8886,,,2.92542069,0
510500.SH,20260516,20260515,8.6175,2.844,,,2.87894991,0
510500.SH,20260519,20260518,8.6361,2.8499,,,2.88516383,0
510500.SH,20260520,20260519,8.7112,2.8741,,,2.91025338,0
510500.SH,20260521,20260520,8.7413,2.8837,,,2.92030924,0
510500.SH,20260522,20260521,8.5077,2.8087,,,2.84226773,0
510500.SH,20260523,20260522,8.6639,2.8589,,,2.89445131,0
510500.SH,20260526,20260525,8.7902,2.8994,,,2.93664584,0
510500.SH,20260527,20260526,8.7455,2.8851,,,2.92171238,0
510500.SH,20260528,20260527,8.6183,2.8442,,,2.87921718,0
510500.SH,20260529,20260528,8.6539,2.8557,,,2.89111049,0
510500.SH,20260530,20260529,8.4476,2.7894,,,2.82218941,0
510500.SH,20260602,20260601,8.3645,2.7627,,,2.79442722,0
510500.SH,20260602,20260602,8.4133,2.7784,0.01,,2.80997,0
510500.SH,20260603,20260603,8.4555,2.792,0.01,,2.824064,0
510500.SH,20260604,20260604,8.4522,2.7909,0.01,,2.822962,0
510500.SH,20260605,20260605,8.3457,2.7567,0.01,,2.787392,0
510500.SH,20260608,20260608,8.0584,2.6645,0.01,,2.691436,0
510500.SH,20260609,20260609,8.2738,2.7336,0.01,,2.763378,0
510500.SH,20260610,20260610,8.1612,2.6975,0.01,,2.725771,0
510500.SH,20260611,20260611,8.1329,2.6884,0.01,,2.716319,0
510500.SH,20260612,20260612,8.2257,2.7182,0.01,,2.747313,0
510500.SH,20260615,20260615,8.532,2.8165,0.01,,2.849615,0
510500.SH,20260616,20260616,8.6367,2.8501,0.01,,2.884584,0
510500.SH,20260617,20260617,8.7596,2.8896,0.01,,2.925631,0
510500.SH,20260618,20260618,8.8139,2.907,0.01,,2.943767,0
510500.SH,20260622,20260622,9.008,2.9694,0.01,,3.008595,0
510500.SH,20260623,20260623,8.8236,2.9102,0.01,,2.947007,0
510500.SH,20260624,20260624,8.9832,2.9614,0.01,,3.000312,0
510500.SH,20260625,20260625,9.0809,2.9928,0.01,,3.032943,0
510500.SH,20260626,20260626,8.8452,2.9171,0.01,,2.954221,0
510500.SH,20260629,20260629,8.963,2.9549,0.01,,2.993565,0
510500.SH,20260630,20260630,9.1808,3.0248,0.01,,3.066308,0
510500.SH,20260701,20260701,9.1766,3.0235,0.01,,3.064906,0
510500.SH,20260702,20260702,8.8433,2.9165,0.01,,2.953586,0
510500.SH,20260703,20260703,8.8972,2.9338,0.01,,2.971588,0
510500.SH,20260706,20260706,8.8016,2.9031,0.01,,2.939659,0
510500.SH,20260707,20260707,8.6558,2.8563,0.01,,2.890963,0
510500.SH,20260708,20260708,8.541,2.8194,0.01,,2.852621,0
510500.SH,20260709,20260709,8.807,2.9048,0.01,,2.941462,0
510500.SH,20260710,20260710,8.6625,2.8584,0.01,,2.893201,0
510500.SH,20260713,20260713,8.2877,2.7381,0.01,,2.768021,0
510500.SH,20260714,20260714,8.4262,2.7826,0.01,,2.814278,0
510500.SH,20260715,20260715,8.148,2.7411,0.01,,2.771127,0
510500.SH,20260716,20260716,7.9555,2.6793,0.01,,2.705658,0
510500.SH,20260717,20260717,7.5187,2.539,0.01,,2.557102,0
510500.SH,20260720,20260720,7.4129,2.505,0.01,,2.52112,0
510500.SH,20260721,20260721,7.8051,2.631,0.01,,2.654507,0
510500.SH,20260722,20260722,7.7588,2.6161,0.01,,2.63876,0
510500.SH,20260723,20260723,7.7414,2.6105,0.01,,2.632843,0
510500.SH,20260724,20260724,7.5404,2.546,0.01,,2.564483,0
510500.SH,20260727,20260727,7.7303,2.607,0.01,,2.629067,0
510500.SH,20260728,20260728,7.4549,2.5185,0.01,,2.535404,0
510500.SH,20260729,20260729,7.5375,2.5451,0.01,,2.563496,0
510500.SH,20260730,20260730,7.3264,2.4773,0.01,,2.491701,0
