ts_code,trade_date,pre_close,open,high,low,close,change,pct_chg,vol,amount
512890.SH,20190118,1.001,0.998,1.004,0.995,1.003,0.002,0.1998,3244582.58,324300.571
512890.SH,20190121,1.003,1.003,1.009,1.002,1.003,0.0,0.0,765523.25,77018.053
512890.SH,20190122,1.003,1.004,1.006,0.999,1.0,-0.003,-0.2991,150599.26,15106.892
512890.SH,20190123,1.0,1.001,1.005,0.999,1.003,0.003,0.3,174368.06,17497.3
512890.SH,20190124,1.003,1.004,1.008,1.002,1.006,0.003,0.2991,310158.6,31218.191
512890.SH,20190125,1.006,1.006,1.017,1.006,1.011,0.005,0.497,245661.72,24852.597
512890.SH,20190128,1.011,1.014,1.022,1.009,1.012,0.001,0.0989,87140.0,8865.923
512890.SH,20190129,1.012,1.009,1.017,1.002,1.016,0.004,0.3953,76703.72,7773.591
512890.SH,20190130,1.016,1.013,1.022,1.011,1.015,-0.001,-0.0984,110679.72,11253.832
512890.SH,20190131,1.015,1.015,1.024,1.014,1.017,0.002,0.197,86907.34,8872.826
512890.SH,20190201,1.017,1.019,1.028,1.018,1.026,0.009,0.885,124237.0,12704.967
512890.SH,20190211,1.026,1.026,1.038,1.026,1.038,0.012,1.1696,100244.0,10350.513
512890.SH,20190212,1.038,1.038,1.044,1.034,1.041,0.003,0.289,121299.8,12608.597
512890.SH,20190213,1.041,1.042,1.055,1.038,1.052,0.011,1.0567,151193.47,15814.535
512890.SH,20190214,1.052,1.053,1.055,1.046,1.051,-0.001,-0.0951,167734.66,17611.645
512890.SH,20190215,1.051,1.051,1.051,1.032,1.032,-0.019,-1.8078,204129.0,21261.552
512890.SH,20190218,1.032,1.034,1.054,1.034,1.053,0.021,2.0349,674672.95,70827.691
512890.SH,20190219,1.053,1.051,1.06,1.046,1.051,-0.002,-0.1899,186497.22,19615.296
512890.SH,20190220,1.051,1.053,1.057,1.048,1.054,0.003,0.2854,83425.13,8777.305
512890.SH,20190221,1.054,1.054,1.061,1.045,1.046,-0.008,-0.759,110962.12,11662.248
512890.SH,20190222,1.046,1.045,1.055,1.038,1.055,0.009,0.8604,67564.12,7061.514
512890.SH,20190225,1.055,1.055,1.101,1.055,1.099,0.044,4.1706,114679.0,12360.479
512890.SH,20190226,1.099,1.098,1.102,1.071,1.089,-0.01,-0.9099,89123.0,9731.792
512890.SH,20190227,1.089,1.088,1.102,1.082,1.091,0.002,0.1837,63472.0,6945.531
512890.SH,20190228,1.091,1.088,1.097,1.085,1.087,-0.004,-0.3666,65663.0,7154.348
512890.SH,20190301,1.087,1.086,1.1,1.084,1.1,0.013,1.196,50057.92,5446.409
512890.SH,20190304,1.1,1.1,1.131,1.1,1.115,0.015,1.3636,62721.75,7013.722
512890.SH,20190305,1.115,1.114,1.127,1.108,1.127,0.012,1.0762,61024.0,6822.737
512890.SH,20190306,1.127,1.123,1.135,1.121,1.135,0.008,0.7098,67813.39,7649.695
512890.SH,20190307,1.135,1.135,1.135,1.12,1.13,-0.005,-0.4405,60382.8,6805.632
512890.SH,20190308,1.13,1.127,1.127,1.087,1.088,-0.042,-3.7168,51811.81,5721.904
512890.SH,20190311,1.088,1.088,1.107,1.087,1.095,0.007,0.6434,40726.0,4469.644
512890.SH,20190312,1.095,1.097,1.124,1.097,1.113,0.018,1.6438,33888.0,3780.935
512890.SH,20190313,1.113,1.113,1.121,1.107,1.11,-0.003,-0.2695,59674.5,6649.219
512890.SH,20190314,1.11,1.109,1.118,1.093,1.097,-0.013,-1.1712,57945.7,6401.65
512890.SH,20190315,1.097,1.097,1.126,1.097,1.117,0.02,1.8232,41023.0,4574.97
512890.SH,20190318,1.117,1.115,1.152,1.115,1.152,0.035,3.1334,37232.0,4230.722
512890.SH,20190319,1.152,1.152,1.161,1.142,1.15,-0.002,-0.1736,23070.0,2651.274
512890.SH,20190320,1.15,1.147,1.155,1.138,1.153,0.003,0.2609,34155.0,3913.756
512890.SH,20190321,1.153,1.131,1.161,1.131,1.151,-0.002,-0.1735,24552.0,2837.207
512890.SH,20190322,1.151,1.153,1.162,1.145,1.157,0.006,0.5213,33004.0,3805.653
512890.SH,20190325,1.157,1.154,1.162,1.147,1.149,-0.008,-0.6914,17323.0,1999.5
512890.SH,20190326,1.149,1.149,1.157,1.128,1.133,-0.016,-1.3925,23206.0,2650.981
512890.SH,20190327,1.133,1.135,1.149,1.128,1.146,0.013,1.1474,43716.0,4970.128
512890.SH,20190328,1.146,1.145,1.146,1.135,1.14,-0.006,-0.5236,18979.0,2163.166
512890.SH,20190329,1.14,1.137,1.17,1.135,1.17,0.03,2.6316,38740.0,4471.592
512890.SH,20190401,1.17,1.2,1.2,1.171,1.192,0.022,1.8803,46019.0,5475.249
512890.SH,20190402,1.192,1.192,1.203,1.191,1.192,0.0,0.0,15014.0,1793.791
512890.SH,20190403,1.192,1.188,1.21,1.188,1.205,0.013,1.0906,21610.0,2589.65
512890.SH,20190404,1.205,1.206,1.224,1.206,1.223,0.018,1.4938,13385.0,1632.106
512890.SH,20190408,1.223,1.223,1.234,1.209,1.223,0.0,0.0,41192.0,5036.939
512890.SH,20190409,1.223,1.217,1.229,1.216,1.226,0.003,0.2453,14156.0,1728.993
512890.SH,20190410,1.226,1.218,1.237,1.217,1.232,0.006,0.4894,17102.93,2100.085
512890.SH,20190411,1.232,1.232,1.232,1.214,1.215,-0.017,-1.3799,30535.0,3739.724
512890.SH,20190412,1.215,1.217,1.217,1.202,1.21,-0.005,-0.4115,12795.0,1548.453
512890.SH,20190415,1.21,1.222,1.259,1.209,1.209,-0.001,-0.0826,43660.0,5354.883
512890.SH,20190416,1.209,1.209,1.221,1.187,1.219,0.01,0.8271,46169.0,5530.702
512890.SH,20190417,1.219,1.23,1.23,1.217,1.225,0.006,0.4922,14899.0,1822.597
512890.SH,20190418,1.225,1.216,1.225,1.213,1.213,-0.012,-0.9796,42730.25,5205.535
512890.SH,20190419,1.213,1.215,1.225,1.206,1.221,0.008,0.6595,25611.0,3106.158
512890.SH,20190422,1.221,1.22,1.22,1.189,1.192,-0.029,-2.3751,20365.0,2451.335
512890.SH,20190423,1.192,1.196,1.202,1.18,1.18,-0.012,-1.0067,37540.0,4455.427
512890.SH,20190424,1.18,1.18,1.186,1.173,1.186,0.006,0.5085,37690.0,4455.637
512890.SH,20190425,1.186,1.186,1.186,1.15,1.154,-0.032,-2.6981,29853.0,3466.993
512890.SH,20190426,1.154,1.153,1.154,1.13,1.14,-0.014,-1.2132,112001.0,12730.499
512890.SH,20190429,1.14,1.14,1.154,1.14,1.14,0.0,0.0,16969.15,1942.534
512890.SH,20190430,1.14,1.143,1.156,1.143,1.153,0.013,1.1404,12890.15,1480.741
512890.SH,20190506,1.153,1.1,1.165,1.084,1.11,-0.043,-3.7294,109458.0,12066.711
512890.SH,20190507,1.11,1.11,1.114,1.098,1.11,0.0,0.0,35449.0,3923.449
512890.SH,20190508,1.11,1.099,1.11,1.089,1.098,-0.012,-1.0811,19354.0,2135.519
512890.SH,20190509,1.098,1.1,1.108,1.081,1.083,-0.015,-1.3661,26740.0,2906.827
512890.SH,20190510,1.083,1.094,1.116,1.086,1.116,0.033,3.0471,43290.66,4771.767
512890.SH,20190513,1.116,1.1,1.109,1.097,1.106,-0.01,-0.8961,19251.0,2126.831
512890.SH,20190514,1.106,1.102,1.108,1.051,1.099,-0.007,-0.6329,18489.89,2039.413
512890.SH,20190515,1.099,1.091,1.118,1.091,1.114,0.015,1.3649,24249.0,2685.465
512890.SH,20190516,1.114,1.105,1.121,1.105,1.121,0.007,0.6284,15058.0,1677.06
512890.SH,20190517,1.121,1.12,1.12,1.096,1.098,-0.023,-2.0517,25169.0,2797.049
512890.SH,20190520,1.098,1.095,1.095,1.079,1.086,-0.012,-1.0929,25802.0,2800.847
512890.SH,20190521,1.086,1.086,1.106,1.084,1.1,0.014,1.2891,15248.0,1670.543
512890.SH,20190522,1.1,1.099,1.102,1.092,1.095,-0.005,-0.4545,21872.0,2396.411
512890.SH,20190523,1.095,1.086,1.091,1.08,1.083,-0.012,-1.0959,36460.0,3966.859
512890.SH,20190524,1.083,1.073,1.091,1.073,1.086,0.003,0.277,14028.0,1527.551
512890.SH,20190527,1.086,1.087,1.102,1.08,1.102,0.016,1.4733,29764.0,3238.087
512890.SH,20190528,1.102,1.102,1.11,1.1,1.1,-0.002,-0.1815,8485.0,939.347
512890.SH,20190529,1.1,1.1,1.106,1.098,1.1,0.0,0.0,8884.0,979.95
512890.SH,20190530,1.1,1.098,1.107,1.096,1.103,0.003,0.2727,25819.0,2837.567
512890.SH,20190531,1.103,1.1,1.113,1.1,1.103,0.0,0.0,101914.37,11255.278
512890.SH,20190603,1.103,1.104,1.115,1.098,1.104,0.001,0.0907,10876.0,1198.365
512890.SH,20190604,1.104,1.104,1.104,1.094,1.094,-0.01,-0.9058,5934.0,650.569
512890.SH,20190605,1.094,1.103,1.108,1.099,1.099,0.005,0.457,11107.0,1226.288
512890.SH,20190606,1.099,1.099,1.099,1.092,1.093,-0.006,-0.546,9314.0,1018.503
512890.SH,20190610,1.093,1.102,1.105,1.092,1.101,0.008,0.7319,7758.0,853.409
512890.SH,20190611,1.101,1.107,1.126,1.107,1.123,0.022,1.9982,6015.83,671.466
512890.SH,20190612,1.123,1.119,1.119,1.114,1.117,-0.006,-0.5343,17930.0,1998.21
512890.SH,20190613,1.117,1.112,1.115,1.105,1.112,-0.005,-0.4476,4406.0,489.12
512890.SH,20190614,1.112,1.112,1.112,1.102,1.103,-0.009,-0.8094,10004.0,1109.132
512890.SH,20190617,1.103,1.101,1.107,1.099,1.103,0.0,0.0,14966.0,1649.997
512890.SH,20190618,1.103,1.104,1.106,1.101,1.105,0.002,0.1813,18934.0,2090.488
512890.SH,20190619,1.105,1.116,1.122,1.115,1.115,0.01,0.905,25743.0,2883.141
512890.SH,20190620,1.115,1.115,1.138,1.113,1.133,0.018,1.6143,13941.0,1569.191
512890.SH,20190621,1.133,1.139,1.144,1.131,1.136,0.003,0.2648,8766.0,997.33
512890.SH,20190624,1.136,1.136,1.136,1.131,1.135,-0.001,-0.088,5507.0,624.515
512890.SH,20190625,1.135,1.132,1.132,1.116,1.126,-0.009,-0.793,10291.0,1154.731
512890.SH,20190626,1.126,1.125,1.127,1.121,1.123,-0.003,-0.2664,3771.0,423.588
512890.SH,20190627,1.123,1.123,1.136,1.123,1.129,0.006,0.5343,17190.7,1945.595
512890.SH,20190628,1.129,1.129,1.13,1.12,1.125,-0.004,-0.3543,17325.0,1950.094
512890.SH,20190701,1.125,1.125,1.156,1.125,1.147,0.022,1.9556,3750.0,428.812
512890.SH,20190702,1.147,1.147,1.155,1.146,1.155,0.008,0.6975,16074.0,1847.203
512890.SH,20190703,1.155,1.143,1.155,1.143,1.153,-0.002,-0.1732,5375.0,619.822
512890.SH,20190704,1.153,1.158,1.162,1.152,1.152,-0.001,-0.0867,2497.0,288.957
512890.SH,20190705,1.152,1.152,1.16,1.151,1.157,0.005,0.434,3857.0,446.051
512890.SH,20190708,1.157,1.156,1.156,1.1,1.134,-0.023,-1.9879,29253.0,3308.416
512890.SH,20190709,1.134,1.134,1.137,1.13,1.133,-0.001,-0.0882,6959.0,788.741
512890.SH,20190710,1.133,1.132,1.137,1.124,1.125,-0.008,-0.7061,20246.0,2286.52
512890.SH,20190711,1.125,1.134,1.137,1.125,1.125,0.0,0.0,26761.0,3028.545
512890.SH,20190712,1.125,1.127,1.136,1.127,1.134,0.009,0.8,10846.84,1226.813
512890.SH,20190715,1.134,1.128,1.142,1.117,1.136,0.002,0.1764,22611.0,2556.708
512890.SH,20190716,1.136,1.136,1.138,1.134,1.135,-0.001,-0.088,6282.0,713.664
512890.SH,20190717,1.135,1.134,1.142,1.134,1.139,0.004,0.3524,39391.0,4488.439
512890.SH,20190718,1.139,1.134,1.136,1.13,1.13,-0.009,-0.7902,46877.0,5309.161
512890.SH,20190719,1.13,1.141,1.146,1.135,1.141,0.011,0.9735,8842.0,1011.621
512890.SH,20190722,1.141,1.14,1.142,1.128,1.136,-0.005,-0.4382,24748.0,2818.178
512890.SH,20190723,1.136,1.137,1.138,1.134,1.138,0.002,0.1761,13013.0,1477.994
512890.SH,20190724,1.138,1.142,1.149,1.142,1.143,0.005,0.4394,73074.0,8358.936
512890.SH,20190725,1.143,1.142,1.148,1.142,1.147,0.004,0.35,8906.61,1019.131
512890.SH,20190726,1.147,1.146,1.154,1.145,1.153,0.006,0.5231,20794.0,2389.103
512890.SH,20190729,1.153,1.148,1.156,1.148,1.151,-0.002,-0.1735,15560.0,1789.273
512890.SH,20190730,1.151,1.152,1.16,1.152,1.157,0.006,0.5213,35701.0,4130.473
512890.SH,20190731,1.157,1.151,1.151,1.146,1.148,-0.009,-0.7779,26192.0,3006.093
512890.SH,20190801,1.148,1.148,1.148,1.137,1.138,-0.01,-0.8711,22264.0,2541.264
512890.SH,20190802,1.138,1.133,1.133,1.117,1.124,-0.014,-1.2302,24139.0,2702.137
512890.SH,20190805,1.124,1.121,1.122,1.106,1.106,-0.018,-1.6014,30705.0,3422.334
512890.SH,20190806,1.106,1.103,1.103,1.075,1.09,-0.016,-1.4467,35796.0,3880.269
512890.SH,20190807,1.09,1.101,1.12,1.085,1.088,-0.002,-0.1835,17811.0,1943.399
512890.SH,20190808,1.088,1.094,1.101,1.094,1.1,0.012,1.1029,2909.0,318.699
512890.SH,20190809,1.1,1.102,1.102,1.09,1.092,-0.008,-0.7273,11988.0,1311.872
512890.SH,20190812,1.092,1.09,1.102,1.09,1.102,0.01,0.9158,14921.0,1633.174
512890.SH,20190813,1.102,1.097,1.099,1.094,1.097,-0.005,-0.4537,15109.0,1657.573
512890.SH,20190814,1.097,1.103,1.106,1.099,1.099,0.002,0.1823,16528.0,1822.176
512890.SH,20190815,1.099,1.093,1.103,1.082,1.101,0.002,0.182,24643.0,2690.252
512890.SH,20190816,1.101,1.098,1.106,1.098,1.102,0.001,0.0908,27356.0,3012.192
512890.SH,20190819,1.102,1.101,1.121,1.101,1.118,0.016,1.4519,19280.0,2142.732
512890.SH,20190820,1.118,1.117,1.123,1.116,1.119,0.001,0.0894,20297.0,2272.039
512890.SH,20190821,1.119,1.118,1.12,1.116,1.118,-0.001,-0.0894,5567.0,622.15
512890.SH,20190822,1.118,1.115,1.118,1.113,1.118,0.0,0.0,5317.0,593.541
512890.SH,20190823,1.118,1.117,1.123,1.117,1.121,0.003,0.2683,14160.0,1586.502
512890.SH,20190826,1.121,1.115,1.115,1.108,1.112,-0.009,-0.8029,168330.0,18706.232
512890.SH,20190827,1.112,1.117,1.13,1.116,1.127,0.015,1.3489,28601.0,3210.468
512890.SH,20190828,1.127,1.127,1.129,1.123,1.125,-0.002,-0.1775,123964.0,13948.085
512890.SH,20190829,1.125,1.135,1.135,1.115,1.116,-0.009,-0.8,227786.0,25456.546
512890.SH,20190830,1.116,1.12,1.123,1.112,1.113,-0.003,-0.2688,58445.0,6516.811
512890.SH,20190902,1.113,1.114,1.124,1.114,1.122,0.009,0.8086,32331.0,3619.339
512890.SH,20190903,1.122,1.121,1.121,1.116,1.12,-0.002,-0.1783,28705.53,3207.614
512890.SH,20190904,1.12,1.119,1.128,1.118,1.127,0.007,0.625,24844.99,2787.4
512890.SH,20190905,1.127,1.13,1.147,1.13,1.139,0.012,1.0648,77235.0,8819.605
512890.SH,20190906,1.139,1.139,1.141,1.136,1.141,0.002,0.1756,67586.0,7692.193
512890.SH,20190909,1.141,1.152,1.152,1.142,1.147,0.006,0.5259,53685.0,6152.747
512890.SH,20190910,1.147,1.147,1.147,1.14,1.144,-0.003,-0.2616,26340.0,3007.219
512890.SH,20190911,1.144,1.142,1.146,1.142,1.144,0.0,0.0,27977.0,3201.767
512890.SH,20190912,1.144,1.145,1.151,1.145,1.151,0.007,0.6119,96909.0,11127.205
512890.SH,20190916,1.151,1.151,1.155,1.144,1.154,0.003,0.2606,19618.0,2259.053
512890.SH,20190917,1.154,1.149,1.149,1.137,1.139,-0.015,-1.2998,44383.0,5072.817
512890.SH,20190918,1.139,1.139,1.146,1.139,1.142,0.003,0.2634,12301.0,1405.889
512890.SH,20190919,1.142,1.141,1.145,1.141,1.144,0.002,0.1751,7259.0,829.928
512890.SH,20190920,1.144,1.144,1.146,1.143,1.145,0.001,0.0874,17144.0,1961.851
512890.SH,20190923,1.145,1.139,1.139,1.128,1.134,-0.011,-0.9607,45264.0,5124.419
512890.SH,20190924,1.134,1.134,1.14,1.133,1.139,0.005,0.4409,25767.0,2928.525
512890.SH,20190925,1.139,1.135,1.135,1.126,1.127,-0.012,-1.0536,70067.0,7909.298
512890.SH,20190926,1.127,1.127,1.132,1.125,1.127,0.0,0.0,32676.82,3692.357
512890.SH,20190927,1.127,1.12,1.126,1.12,1.125,-0.002,-0.1775,38126.0,4279.378
512890.SH,20190930,1.125,1.136,1.153,1.119,1.12,-0.005,-0.4444,105002.0,11795.787
512890.SH,20191008,1.12,1.12,1.13,1.12,1.127,0.007,0.625,42259.0,4750.55
512890.SH,20191009,1.127,1.123,1.136,1.123,1.136,0.009,0.7986,25385.2,2875.447
512890.SH,20191010,1.136,1.137,1.143,1.137,1.143,0.007,0.6162,7516.0,857.23
512890.SH,20191011,1.143,1.144,1.152,1.143,1.15,0.007,0.6124,17235.0,1978.546
512890.SH,20191014,1.15,1.153,1.168,1.153,1.165,0.015,1.3043,27592.0,3207.211
512890.SH,20191015,1.165,1.165,1.165,1.158,1.158,-0.007,-0.6009,7136.0,827.641
512890.SH,20191016,1.158,1.159,1.168,1.156,1.157,-0.001,-0.0864,11687.0,1356.597
512890.SH,20191017,1.157,1.157,1.161,1.152,1.153,-0.004,-0.3457,27055.0,3127.139
512890.SH,20191018,1.153,1.158,1.158,1.138,1.14,-0.013,-1.1275,38173.0,4384.856
512890.SH,20191021,1.14,1.138,1.146,1.136,1.144,0.004,0.3509,16641.0,1899.875
512890.SH,20191022,1.144,1.141,1.147,1.141,1.147,0.003,0.2622,3107.0,355.332
512890.SH,20191023,1.147,1.147,1.147,1.139,1.141,-0.006,-0.5231,13693.0,1564.084
512890.SH,20191024,1.141,1.141,1.145,1.138,1.143,0.002,0.1753,7143.0,815.016
512890.SH,20191025,1.143,1.143,1.149,1.14,1.148,0.005,0.4374,4383.0,501.942
512890.SH,20191028,1.148,1.152,1.153,1.148,1.152,0.004,0.3484,10719.0,1233.825
512890.SH,20191029,1.152,1.149,1.151,1.144,1.145,-0.007,-0.6076,7113.0,815.183
512890.SH,20191030,1.145,1.143,1.143,1.138,1.141,-0.004,-0.3493,13798.0,1572.632
512890.SH,20191031,1.141,1.141,1.141,1.132,1.132,-0.009,-0.7888,11893.0,1351.831
512890.SH,20191101,1.132,1.13,1.147,1.13,1.143,0.011,0.9717,10110.0,1152.54
512890.SH,20191104,1.143,1.151,1.152,1.149,1.149,0.006,0.5249,1817.0,208.97
512890.SH,20191105,1.149,1.149,1.164,1.149,1.159,0.01,0.8703,9536.0,1106.68
512890.SH,20191106,1.159,1.157,1.157,1.151,1.151,-0.008,-0.6903,5283.0,609.496
512890.SH,20191107,1.151,1.154,1.161,1.154,1.157,0.006,0.5213,89096.0,10296.377
512890.SH,20191108,1.157,1.157,1.161,1.149,1.149,-0.008,-0.6914,24745.0,2861.151
512890.SH,20191111,1.149,1.146,1.146,1.131,1.132,-0.017,-1.4795,32715.0,3711.488
512890.SH,20191112,1.132,1.134,1.135,1.127,1.132,0.0,0.0,30202.0,3414.297
512890.SH,20191113,1.132,1.128,1.129,1.124,1.127,-0.005,-0.4417,15017.0,1692.208
512890.SH,20191114,1.127,1.128,1.129,1.125,1.126,-0.001,-0.0887,13234.0,1489.657
512890.SH,20191115,1.126,1.122,1.128,1.122,1.123,-0.003,-0.2664,5297.0,595.498
512890.SH,20191118,1.123,1.117,1.139,1.117,1.135,0.012,1.0686,72368.0,8130.871
512890.SH,20191119,1.135,1.137,1.149,1.137,1.149,0.014,1.2335,14588.0,1664.804
512890.SH,20191120,1.149,1.146,1.148,1.14,1.143,-0.006,-0.5222,14474.0,1657.24
512890.SH,20191121,1.143,1.137,1.142,1.135,1.14,-0.003,-0.2625,1323.0,150.596
512890.SH,20191122,1.14,1.141,1.149,1.137,1.139,-0.001,-0.0877,10850.0,1239.028
512890.SH,20191125,1.139,1.145,1.155,1.145,1.155,0.016,1.4047,6251.0,719.368
512890.SH,20191126,1.155,1.155,1.159,1.152,1.155,0.0,0.0,4938.0,570.822
512890.SH,20191127,1.155,1.152,1.156,1.15,1.151,-0.004,-0.3463,4160.0,480.222
512890.SH,20191128,1.151,1.152,1.153,1.146,1.147,-0.004,-0.3475,3109.0,357.162
512890.SH,20191129,1.147,1.146,1.147,1.142,1.146,-0.001,-0.0872,10249.0,1171.756
512890.SH,20191202,1.146,1.147,1.152,1.146,1.148,0.002,0.1745,14683.0,1689.584
512890.SH,20191203,1.148,1.145,1.15,1.144,1.15,0.002,0.1742,4874.0,559.011
512890.SH,20191204,1.15,1.149,1.151,1.147,1.147,-0.003,-0.2609,869.0,99.71
512890.SH,20191205,1.147,1.152,1.152,1.148,1.151,0.004,0.3487,468.0,53.875
512890.SH,20191206,1.151,1.152,1.154,1.15,1.153,0.002,0.1738,1334.08,153.753
512890.SH,20191209,1.153,1.157,1.161,1.157,1.161,0.008,0.6938,3535.0,409.732
512890.SH,20191210,1.161,1.158,1.16,1.157,1.16,-0.001,-0.0861,7922.26,917.371
512890.SH,20191211,1.16,1.161,1.162,1.156,1.16,0.0,0.0,94036.0,10882.808
512890.SH,20191212,1.16,1.162,1.164,1.161,1.163,0.003,0.2586,11619.0,1350.871
512890.SH,20191213,1.163,1.163,1.172,1.163,1.171,0.008,0.6879,49355.0,5764.562
512890.SH,20191216,1.171,1.169,1.178,1.169,1.178,0.007,0.5978,13877.0,1629.675
512890.SH,20191217,1.178,1.17,1.196,1.17,1.188,0.01,0.8489,106056.2,12527.458
512890.SH,20191218,1.188,1.177,1.192,1.177,1.185,-0.003,-0.2525,175713.0,20865.022
512890.SH,20191219,1.185,1.187,1.19,1.185,1.188,0.003,0.2532,130299.5,15483.591
512890.SH,20191220,1.188,1.189,1.191,1.187,1.188,0.0,0.0,82159.5,9775.071
512890.SH,20191223,1.188,1.186,1.191,1.175,1.175,-0.013,-1.0943,80727.0,9557.347
512890.SH,20191224,1.175,1.176,1.178,1.169,1.178,0.003,0.2553,21697.0,2542.55
512890.SH,20191225,1.178,1.175,1.177,1.173,1.175,-0.003,-0.2547,26357.0,3098.101
512890.SH,20191226,1.175,1.178,1.185,1.178,1.184,0.009,0.766,4030.0,476.545
512890.SH,20191227,1.184,1.188,1.198,1.187,1.187,0.003,0.2534,18372.5,2189.979
512890.SH,20191230,1.187,1.191,1.207,1.191,1.205,0.018,1.5164,72124.3,8633.453
512890.SH,20191231,1.205,1.206,1.214,1.203,1.212,0.007,0.5809,157902.0,19070.856
512890.SH,20200102,1.212,1.205,1.234,1.205,1.228,0.016,1.3201,76885.0,9447.043
512890.SH,20200103,1.228,1.227,1.227,1.221,1.223,-0.005,-0.4072,70568.0,8640.854
512890.SH,20200106,1.223,1.227,1.232,1.218,1.222,-0.001,-0.0818,121321.0,14886.793
512890.SH,20200107,1.222,1.223,1.228,1.222,1.226,0.004,0.3273,56562.0,6932.065
512890.SH,20200108,1.226,1.223,1.223,1.209,1.21,-0.016,-1.3051,40401.0,4907.154
512890.SH,20200109,1.21,1.227,1.227,1.217,1.221,0.011,0.9091,59845.0,7302.113
512890.SH,20200110,1.221,1.226,1.226,1.214,1.218,-0.003,-0.2457,27058.0,3294.222
512890.SH,20200113,1.218,1.213,1.222,1.211,1.222,0.004,0.3284,22002.0,2675.631
512890.SH,20200114,1.222,1.224,1.226,1.22,1.223,0.001,0.0818,36876.32,4508.195
512890.SH,20200115,1.223,1.223,1.223,1.211,1.216,-0.007,-0.5724,23523.0,2852.404
512890.SH,20200116,1.216,1.215,1.215,1.206,1.208,-0.008,-0.6579,17115.0,2070.234
512890.SH,20200117,1.208,1.21,1.211,1.203,1.206,-0.002,-0.1656,24071.0,2911.815
512890.SH,20200120,1.206,1.205,1.205,1.201,1.205,-0.001,-0.0829,16570.0,1994.16
512890.SH,20200121,1.205,1.207,1.207,1.185,1.186,-0.019,-1.5768,9754.0,1159.196
512890.SH,20200122,1.186,1.183,1.19,1.173,1.187,0.001,0.0843,33587.0,3961.919
512890.SH,20200123,1.187,1.176,1.181,1.15,1.156,-0.031,-2.6116,13167.0,1533.207
512890.SH,20200203,1.156,1.129,1.129,1.04,1.047,-0.109,-9.4291,22880.0,2431.331
512890.SH,20200204,1.047,1.057,1.089,1.057,1.086,0.039,3.7249,67132.0,7212.095
512890.SH,20200205,1.086,1.083,1.102,1.083,1.093,0.007,0.6446,7023.0,766.902
512890.SH,20200206,1.093,1.093,1.108,1.091,1.106,0.013,1.1894,9592.0,1053.02
512890.SH,20200207,1.106,1.12,1.12,1.089,1.1,-0.006,-0.5425,15774.13,1725.241
512890.SH,20200210,1.1,1.1,1.116,1.092,1.116,0.016,1.4545,4752.0,526.693
512890.SH,20200211,1.116,1.114,1.128,1.114,1.122,0.006,0.5376,10005.0,1122.396
512890.SH,20200212,1.122,1.122,1.128,1.119,1.128,0.006,0.5348,3881.0,435.71
512890.SH,20200213,1.128,1.128,1.134,1.123,1.123,-0.005,-0.4433,12043.0,1359.1
512890.SH,20200214,1.123,1.125,1.131,1.123,1.13,0.007,0.6233,4077.0,459.963
512890.SH,20200217,1.13,1.13,1.152,1.13,1.152,0.022,1.9469,9207.0,1047.167
512890.SH,20200218,1.152,1.146,1.151,1.14,1.146,-0.006,-0.5208,18734.0,2141.669
512890.SH,20200219,1.146,1.146,1.15,1.142,1.143,-0.003,-0.2618,12713.0,1457.481
512890.SH,20200220,1.143,1.145,1.157,1.14,1.157,0.014,1.2248,180420.0,20714.348
512890.SH,20200221,1.157,1.148,1.161,1.148,1.158,0.001,0.0864,25554.0,2949.72
512890.SH,20200224,1.158,1.158,1.158,1.14,1.144,-0.014,-1.209,41004.0,4694.579
512890.SH,20200225,1.144,1.12,1.134,1.109,1.133,-0.011,-0.9615,23463.0,2644.025
512890.SH,20200226,1.133,1.122,1.15,1.119,1.14,0.007,0.6178,23723.0,2707.313
512890.SH,20200227,1.14,1.145,1.15,1.144,1.147,0.007,0.614,21949.0,2515.751
512890.SH,20200228,1.147,1.14,1.141,1.116,1.12,-0.027,-2.354,36003.0,4045.758
512890.SH,20200302,1.12,1.13,1.163,1.13,1.16,0.04,3.5714,14932.0,1725.392
512890.SH,20200303,1.16,1.17,1.171,1.15,1.16,0.0,0.0,13078.32,1518.567
512890.SH,20200304,1.16,1.169,1.175,1.158,1.175,0.015,1.2931,19250.0,2241.196
512890.SH,20200305,1.175,1.175,1.19,1.175,1.189,0.014,1.1915,5210.0,615.482
512890.SH,20200306,1.189,1.18,1.18,1.168,1.171,-0.018,-1.5139,13204.0,1546.815
512890.SH,20200309,1.171,1.159,1.159,1.14,1.141,-0.03,-2.5619,13636.0,1563.507
512890.SH,20200310,1.141,1.142,1.156,1.13,1.155,0.014,1.227,21441.0,2461.127
512890.SH,20200311,1.155,1.15,1.156,1.144,1.145,-0.01,-0.8658,17998.0,2074.478
512890.SH,20200312,1.145,1.144,1.144,1.123,1.129,-0.016,-1.3974,29857.0,3361.176
512890.SH,20200313,1.129,1.118,1.118,1.086,1.109,-0.02,-1.7715,16230.0,1789.779
512890.SH,20200316,1.109,1.11,1.11,1.08,1.082,-0.027,-2.4346,31696.0,3456.754
512890.SH,20200317,1.082,1.093,1.093,1.063,1.081,-0.001,-0.0924,24689.0,2659.843
512890.SH,20200318,1.081,1.084,1.093,1.061,1.063,-0.018,-1.6651,18183.0,1969.514
512890.SH,20200319,1.063,1.06,1.063,1.029,1.044,-0.019,-1.7874,57969.0,6060.828
512890.SH,20200320,1.044,1.054,1.065,1.05,1.065,0.021,2.0115,17940.0,1891.988
512890.SH,20200323,1.065,1.054,1.054,1.032,1.034,-0.031,-2.9108,49148.0,5102.054
512890.SH,20200324,1.034,1.04,1.06,1.04,1.06,0.026,2.5145,22263.0,2344.256
512890.SH,20200325,1.06,1.066,1.086,1.066,1.083,0.023,2.1698,31859.0,3425.83
512890.SH,20200326,1.083,1.072,1.082,1.048,1.075,-0.008,-0.7387,17710.0,1909.107
512890.SH,20200327,1.075,1.081,1.091,1.079,1.083,0.008,0.7442,7080.0,765.515
512890.SH,20200330,1.083,1.069,1.078,1.068,1.075,-0.008,-0.7387,20093.0,2151.766
512890.SH,20200331,1.075,1.083,1.083,1.069,1.071,-0.004,-0.3721,24972.0,2679.898
512890.SH,20200401,1.071,1.073,1.079,1.066,1.066,-0.005,-0.4669,24703.0,2654.006
512890.SH,20200402,1.066,1.064,1.077,1.061,1.077,0.011,1.0319,9946.0,1064.688
512890.SH,20200403,1.077,1.075,1.078,1.07,1.074,-0.003,-0.2786,10364.0,1114.287
512890.SH,20200407,1.074,1.087,1.09,1.085,1.09,0.016,1.4898,1908.0,207.365
512890.SH,20200408,1.09,1.09,1.09,1.079,1.087,-0.003,-0.2752,11757.0,1277.714
512890.SH,20200409,1.087,1.089,1.091,1.087,1.09,0.003,0.276,10536.0,1147.132
512890.SH,20200410,1.09,1.09,1.096,1.084,1.085,-0.005,-0.4587,7638.0,834.34
512890.SH,20200413,1.085,1.081,1.085,1.079,1.085,0.0,0.0,9203.0,998.021
512890.SH,20200414,1.085,1.09,1.094,1.088,1.094,0.009,0.8295,635.0,69.264
512890.SH,20200415,1.094,1.091,1.092,1.088,1.088,-0.006,-0.5484,11417.0,1244.312
512890.SH,20200416,1.088,1.083,1.087,1.083,1.086,-0.002,-0.1838,13126.0,1422.529
512890.SH,20200417,1.086,1.089,1.097,1.089,1.092,0.006,0.5525,28643.0,3127.364
512890.SH,20200420,1.092,1.091,1.096,1.089,1.096,0.004,0.3663,26344.0,2877.552
512890.SH,20200421,1.096,1.091,1.091,1.082,1.086,-0.01,-0.9124,49627.0,5381.363
512890.SH,20200422,1.086,1.081,1.087,1.08,1.086,0.0,0.0,6825.0,739.776
512890.SH,20200423,1.086,1.089,1.09,1.086,1.086,0.0,0.0,4408.0,479.647
512890.SH,20200424,1.086,1.084,1.086,1.077,1.078,-0.008,-0.7366,5652.0,610.402
512890.SH,20200427,1.078,1.085,1.092,1.085,1.087,0.009,0.8349,9375.0,1019.937
512890.SH,20200428,1.087,1.094,1.094,1.073,1.088,0.001,0.092,1902.0,206.164
512890.SH,20200429,1.088,1.096,1.107,1.096,1.107,0.019,1.7463,28884.0,3186.105
512890.SH,20200430,1.107,1.107,1.118,1.107,1.118,0.011,0.9937,2754.0,307.152
512890.SH,20200506,1.118,1.118,1.118,1.105,1.116,-0.002,-0.1789,40886.0,4526.94
512890.SH,20200507,1.116,1.111,1.116,1.11,1.116,0.0,0.0,18762.0,2086.25
512890.SH,20200508,1.116,1.117,1.125,1.117,1.122,0.006,0.5376,11763.0,1316.815
512890.SH,20200511,1.122,1.125,1.13,1.125,1.129,0.007,0.6239,66356.0,7484.079
512890.SH,20200512,1.129,1.118,1.13,1.118,1.121,-0.008,-0.7086,13929.0,1566.736
512890.SH,20200513,1.121,1.118,1.124,1.118,1.124,0.003,0.2676,14271.0,1600.688
512890.SH,20200514,1.124,1.119,1.119,1.109,1.111,-0.013,-1.1566,24313.0,2711.338
512890.SH,20200515,1.111,1.116,1.116,1.108,1.108,-0.003,-0.27,3219.0,358.744
512890.SH,20200518,1.108,1.108,1.115,1.106,1.113,0.005,0.4513,17408.0,1933.878
512890.SH,20200519,1.113,1.102,1.13,1.061,1.116,0.003,0.2695,2597.0,289.342
512890.SH,20200520,1.116,1.116,1.116,1.111,1.111,-0.005,-0.448,14249.0,1584.302
512890.SH,20200521,1.111,1.114,1.116,1.11,1.111,0.0,0.0,26346.0,2932.999
512890.SH,20200522,1.111,1.104,1.106,1.089,1.091,-0.02,-1.8002,19258.0,2104.92
512890.SH,20200525,1.091,1.087,1.095,1.087,1.095,0.004,0.3666,36008.0,3930.433
512890.SH,20200526,1.095,1.097,1.099,1.094,1.099,0.004,0.3653,48617.0,5328.829
512890.SH,20200527,1.099,1.101,1.103,1.099,1.101,0.002,0.182,6296.0,693.71
512890.SH,20200528,1.101,1.109,1.112,1.103,1.106,0.005,0.4541,15250.0,1686.677
512890.SH,20200529,1.106,1.095,1.112,1.095,1.104,-0.002,-0.1808,40254.0,4440.863
512890.SH,20200601,1.104,1.111,1.122,1.109,1.121,0.017,1.5399,34155.0,3803.782
512890.SH,20200602,1.121,1.13,1.14,1.11,1.125,0.004,0.3568,16283.0,1829.664
512890.SH,20200603,1.125,1.13,1.137,1.126,1.126,0.001,0.0889,21320.0,2405.821
512890.SH,20200604,1.126,1.126,1.13,1.124,1.129,0.003,0.2664,74873.0,8436.894
512890.SH,20200605,1.129,1.129,1.129,1.122,1.125,-0.004,-0.3543,27252.0,3065.436
512890.SH,20200608,1.125,1.126,1.135,1.126,1.132,0.007,0.6222,25038.0,2832.26
512890.SH,20200609,1.132,1.134,1.138,1.134,1.137,0.005,0.4417,30203.0,3432.04
512890.SH,20200610,1.137,1.137,1.137,1.134,1.137,0.0,0.0,21600.0,2454.309
512890.SH,20200611,1.137,1.135,1.136,1.125,1.126,-0.011,-0.9675,27779.0,3143.749
512890.SH,20200612,1.126,1.115,1.128,1.115,1.128,0.002,0.1776,31731.0,3562.509
512890.SH,20200615,1.128,1.128,1.129,1.118,1.118,-0.01,-0.8865,38328.0,4308.758
512890.SH,20200616,1.118,1.122,1.13,1.122,1.13,0.012,1.0733,20340.0,2288.563
512890.SH,20200617,1.13,1.129,1.135,1.129,1.135,0.005,0.4425,20223.0,2290.835
512890.SH,20200618,1.135,1.131,1.14,1.131,1.14,0.005,0.4405,28553.0,3246.333
512890.SH,20200619,1.14,1.141,1.144,1.139,1.144,0.004,0.3509,75724.0,8635.038
512890.SH,20200622,1.144,1.144,1.144,1.136,1.136,-0.008,-0.6993,42782.0,4880.518
512890.SH,20200623,1.136,1.135,1.136,1.132,1.132,-0.004,-0.3521,29144.0,3304.942
512890.SH,20200624,1.132,1.132,1.14,1.132,1.137,0.005,0.4417,67014.0,7631.821
512890.SH,20200629,1.137,1.138,1.139,1.13,1.131,-0.006,-0.5277,17322.0,1960.349
512890.SH,20200630,1.131,1.138,1.143,1.138,1.142,0.011,0.9726,57500.0,6549.216
512890.SH,20200701,1.142,1.146,1.173,1.146,1.173,0.031,2.7145,67359.0,7833.961
512890.SH,20200702,1.173,1.174,1.207,1.174,1.206,0.033,2.8133,66628.0,7922.216
512890.SH,20200703,1.206,1.207,1.224,1.207,1.223,0.017,1.4096,68792.08,8394.212
512890.SH,20200706,1.223,1.225,1.308,1.225,1.304,0.081,6.6231,90349.95,11490.697
512890.SH,20200707,1.304,1.306,1.359,1.295,1.301,-0.003,-0.2301,79218.0,10363.783
512890.SH,20200708,1.301,1.322,1.322,1.286,1.304,0.003,0.2306,25717.0,3335.95
512890.SH,20200709,1.304,1.304,1.316,1.294,1.315,0.011,0.8436,48018.33,6258.307
512890.SH,20200710,1.315,1.317,1.317,1.281,1.286,-0.029,-2.2053,70846.0,9146.832
512890.SH,20200713,1.286,1.286,1.322,1.286,1.319,0.033,2.5661,46888.0,6141.376
512890.SH,20200714,1.319,1.32,1.328,1.292,1.312,-0.007,-0.5307,70687.0,9283.074
512890.SH,20200715,1.312,1.319,1.319,1.285,1.298,-0.014,-1.0671,98192.0,12824.147
512890.SH,20200716,1.298,1.301,1.332,1.278,1.281,-0.017,-1.3097,55673.0,7308.217
512890.SH,20200717,1.281,1.281,1.299,1.27,1.276,-0.005,-0.3903,29387.0,3793.623
512890.SH,20200720,1.276,1.275,1.33,1.275,1.328,0.052,4.0752,14873.0,1931.942
512890.SH,20200721,1.328,1.328,1.333,1.321,1.325,-0.003,-0.2259,31687.0,4201.37
512890.SH,20200722,1.325,1.325,1.339,1.32,1.326,0.001,0.0755,23074.0,3064.638
512890.SH,20200723,1.326,1.325,1.325,1.298,1.314,-0.012,-0.905,16733.0,2186.83
512890.SH,20200724,1.314,1.309,1.313,1.268,1.274,-0.04,-3.0441,10573.0,1375.821
512890.SH,20200727,1.274,1.28,1.281,1.262,1.265,-0.009,-0.7064,40279.0,5115.732
512890.SH,20200728,1.265,1.272,1.277,1.266,1.273,0.008,0.6324,5059.0,642.049
512890.SH,20200729,1.273,1.267,1.29,1.267,1.29,0.017,1.3354,4207.0,535.339
512890.SH,20200730,1.29,1.291,1.307,1.291,1.301,0.011,0.8527,11535.0,1504.36
512890.SH,20200731,1.301,1.302,1.316,1.298,1.311,0.01,0.7686,63964.0,8353.158
512890.SH,20200803,1.311,1.311,1.348,1.311,1.346,0.035,2.6697,32638.0,4363.288
512890.SH,20200804,1.346,1.346,1.359,1.343,1.349,0.003,0.2229,6778.0,915.92
512890.SH,20200805,1.349,1.339,1.346,1.33,1.341,-0.008,-0.593,3805.0,510.525
512890.SH,20200806,1.341,1.339,1.34,1.33,1.338,-0.003,-0.2237,1014.0,135.546
512890.SH,20200807,1.338,1.337,1.343,1.325,1.341,0.003,0.2242,899.0,119.736
512890.SH,20200810,1.341,1.342,1.358,1.338,1.353,0.012,0.8949,1808.0,244.093
512890.SH,20200811,1.353,1.359,1.369,1.348,1.348,-0.005,-0.3695,18960.38,2587.484
512890.SH,20200812,1.348,1.349,1.349,1.324,1.34,-0.008,-0.5935,2150.0,286.903
512890.SH,20200813,1.34,1.344,1.359,1.344,1.352,0.012,0.8955,2564.0,346.538
512890.SH,20200814,1.352,1.348,1.36,1.348,1.36,0.008,0.5917,9999.0,1357.983
512890.SH,20200817,1.36,1.368,1.404,1.367,1.397,0.037,2.7206,11204.0,1548.409
512890.SH,20200818,1.397,1.397,1.404,1.395,1.398,0.001,0.0716,7186.0,1004.836
512890.SH,20200819,1.398,1.399,1.405,1.388,1.391,-0.007,-0.5007,35213.0,4902.562
512890.SH,20200820,1.391,1.385,1.389,1.374,1.375,-0.016,-1.1503,12616.21,1739.453
512890.SH,20200821,1.375,1.375,1.383,1.369,1.373,-0.002,-0.1455,14886.0,2047.395
512890.SH,20200824,1.373,1.377,1.387,1.377,1.382,0.009,0.6555,12681.0,1756.041
512890.SH,20200825,1.382,1.388,1.393,1.374,1.376,-0.006,-0.4342,14206.0,1965.026
512890.SH,20200826,1.376,1.375,1.375,1.353,1.357,-0.019,-1.3808,22323.0,3036.554
512890.SH,20200827,1.357,1.358,1.358,1.347,1.355,-0.002,-0.1474,4939.0,669.331
512890.SH,20200828,1.355,1.354,1.376,1.352,1.376,0.021,1.5498,35206.0,4796.661
512890.SH,20200831,1.376,1.382,1.382,1.366,1.367,-0.009,-0.6541,7759.0,1065.208
512890.SH,20200901,1.367,1.356,1.36,1.35,1.36,-0.007,-0.5121,73712.47,10002.227
512890.SH,20200902,1.36,1.362,1.362,1.345,1.353,-0.007,-0.5147,8894.0,1204.911
512890.SH,20200903,1.353,1.349,1.36,1.345,1.347,-0.006,-0.4435,108315.0,14688.719
512890.SH,20200904,1.347,1.347,1.347,1.327,1.34,-0.007,-0.5197,13192.0,1760.549
512890.SH,20200907,1.34,1.34,1.349,1.323,1.324,-0.016,-1.194,14333.0,1905.228
512890.SH,20200908,1.324,1.325,1.335,1.321,1.331,0.007,0.5287,7517.0,1000.616
512890.SH,20200909,1.331,1.331,1.331,1.308,1.31,-0.021,-1.5778,963.0,126.669
512890.SH,20200910,1.31,1.318,1.324,1.305,1.305,-0.005,-0.3817,5825.0,764.16
512890.SH,20200911,1.305,1.302,1.305,1.295,1.305,0.0,0.0,266.0,34.591
512890.SH,20200914,1.305,1.31,1.311,1.302,1.305,0.0,0.0,3432.0,448.211
512890.SH,20200915,1.305,1.306,1.371,1.303,1.31,0.005,0.3831,1038.0,137.486
512890.SH,20200916,1.31,1.309,1.32,1.309,1.313,0.003,0.229,861.0,113.274
512890.SH,20200917,1.313,1.315,1.323,1.31,1.317,0.004,0.3046,26104.33,3438.957
512890.SH,20200918,1.317,1.325,1.347,1.325,1.347,0.03,2.2779,5519.0,737.227
512890.SH,20200921,1.347,1.347,1.347,1.335,1.337,-0.01,-0.7424,1097.0,146.695
512890.SH,20200922,1.337,1.327,1.329,1.317,1.317,-0.02,-1.4959,1136.0,149.737
512890.SH,20200923,1.317,1.318,1.321,1.313,1.315,-0.002,-0.1519,12108.0,1593.424
512890.SH,20200924,1.315,1.311,1.311,1.294,1.297,-0.018,-1.3688,27925.32,3621.748
512890.SH,20200925,1.297,1.298,1.298,1.286,1.29,-0.007,-0.5397,13563.0,1753.114
512890.SH,20200928,1.29,1.297,1.3,1.292,1.296,0.006,0.4651,52771.0,6839.318
512890.SH,20200929,1.296,1.292,1.302,1.292,1.295,-0.001,-0.0772,30296.0,3937.852
512890.SH,20200930,1.295,1.296,1.298,1.282,1.287,-0.008,-0.6178,3729.0,479.965
512890.SH,20201009,1.287,1.303,1.31,1.303,1.307,0.02,1.554,3208.0,418.973
512890.SH,20201012,1.307,1.309,1.331,1.309,1.329,0.022,1.6832,3751.0,496.657
512890.SH,20201013,1.329,1.312,1.332,1.312,1.332,0.003,0.2257,20026.0,2662.338
512890.SH,20201014,1.332,1.333,1.333,1.325,1.327,-0.005,-0.3754,5259.0,698.012
512890.SH,20201015,1.327,1.328,1.332,1.326,1.326,-0.001,-0.0754,15442.0,2054.287
512890.SH,20201016,1.326,1.327,1.338,1.327,1.333,0.007,0.5279,31098.0,4143.316
512890.SH,20201019,1.333,1.341,1.351,1.328,1.328,-0.005,-0.3751,18602.0,2492.579
512890.SH,20201020,1.328,1.324,1.328,1.323,1.328,0.0,0.0,5335.0,707.98
512890.SH,20201021,1.328,1.328,1.331,1.321,1.331,0.003,0.2259,27525.0,3640.59
512890.SH,20201022,1.331,1.323,1.325,1.318,1.325,-0.006,-0.4508,5163.0,682.07
512890.SH,20201023,1.325,1.326,1.329,1.32,1.32,-0.005,-0.3774,1657.0,219.941
512890.SH,20201026,1.32,1.316,1.316,1.309,1.315,-0.005,-0.3788,1020.0,133.786
512890.SH,20201027,1.315,1.312,1.312,1.307,1.31,-0.005,-0.3802,325.0,42.582
512890.SH,20201028,1.31,1.3,1.308,1.299,1.307,-0.003,-0.229,490.0,63.885
512890.SH,20201029,1.307,1.307,1.322,1.307,1.32,0.013,0.9946,733.0,96.434
512890.SH,20201030,1.32,1.32,1.32,1.299,1.299,-0.021,-1.5909,2252.0,294.271
512890.SH,20201102,1.299,1.302,1.316,1.302,1.314,0.015,1.1547,1083.0,142.31
512890.SH,20201103,1.314,1.318,1.326,1.318,1.326,0.012,0.9132,271.0,35.853
512890.SH,20201104,1.326,1.326,1.338,1.326,1.336,0.01,0.7541,2507.0,334.674
512890.SH,20201105,1.336,1.341,1.351,1.341,1.351,0.015,1.1228,10524.0,1416.006
512890.SH,20201106,1.351,1.352,1.357,1.346,1.357,0.006,0.4441,1726.0,233.779
512890.SH,20201109,1.357,1.366,1.38,1.366,1.378,0.021,1.5475,7897.0,1083.349
512890.SH,20201110,1.378,1.381,1.384,1.375,1.377,-0.001,-0.0726,4653.0,641.581
512890.SH,20201111,1.377,1.378,1.396,1.376,1.385,0.008,0.581,4484.0,620.145
512890.SH,20201112,1.385,1.38,1.39,1.38,1.39,0.005,0.361,2208.0,304.789
512890.SH,20201113,1.39,1.389,1.389,1.362,1.366,-0.024,-1.7266,297.0,40.641
512890.SH,20201116,1.366,1.384,1.412,1.384,1.412,0.046,3.3675,6304.0,886.024
512890.SH,20201117,1.412,1.413,1.421,1.408,1.412,0.0,0.0,12490.0,1768.885
512890.SH,20201118,1.412,1.413,1.422,1.411,1.42,0.008,0.5666,15032.0,2128.764
512890.SH,20201119,1.42,1.42,1.42,1.405,1.41,-0.01,-0.7042,2916.0,410.557
512890.SH,20201120,1.41,1.406,1.417,1.406,1.416,0.006,0.4255,7710.0,1090.422
512890.SH,20201123,1.416,1.42,1.446,1.42,1.439,0.023,1.6243,7169.0,1024.796
512890.SH,20201124,1.439,1.44,1.44,1.428,1.429,-0.01,-0.6949,12297.0,1759.04
512890.SH,20201125,1.429,1.43,1.438,1.41,1.41,-0.019,-1.3296,20562.0,2931.83
512890.SH,20201126,1.41,1.411,1.414,1.401,1.413,0.003,0.2128,2479.0,349.465
512890.SH,20201127,1.413,1.417,1.422,1.403,1.422,0.009,0.6369,1197.0,169.922
512890.SH,20201130,1.422,1.432,1.443,1.412,1.433,0.011,0.7736,720.0,103.193
512890.SH,20201201,1.433,1.432,1.432,1.405,1.425,-0.008,-0.5583,1676.0,237.663
512890.SH,20201202,1.425,1.424,1.429,1.42,1.428,0.003,0.2105,697.0,99.359
512890.SH,20201203,1.428,1.427,1.427,1.41,1.41,-0.018,-1.2605,174.0,24.629
512890.SH,20201204,1.41,1.409,1.409,1.399,1.408,-0.002,-0.1418,887.0,124.556
512890.SH,20201207,1.408,1.409,1.409,1.389,1.389,-0.019,-1.3494,1161.0,161.74
512890.SH,20201208,1.389,1.389,1.395,1.385,1.386,-0.003,-0.216,662.0,92.277
512890.SH,20201209,1.386,1.388,1.388,1.369,1.371,-0.015,-1.0823,776.0,107.165
512890.SH,20201210,1.371,1.371,1.372,1.366,1.366,-0.005,-0.3647,80.31,11.002
512890.SH,20201211,1.366,1.367,1.372,1.359,1.367,0.001,0.0732,26280.0,3600.079
512890.SH,20201214,1.367,1.36,1.362,1.353,1.355,-0.012,-0.8778,884.0,119.794
512890.SH,20201215,1.355,1.356,1.356,1.34,1.351,-0.004,-0.2952,928.0,124.817
512890.SH,20201216,1.351,1.351,1.352,1.345,1.347,-0.004,-0.2961,701.0,94.669
512890.SH,20201217,1.347,1.347,1.356,1.333,1.352,0.005,0.3712,714.0,96.284
512890.SH,20201218,1.352,1.352,1.366,1.352,1.363,0.011,0.8136,2127.0,289.594
512890.SH,20201221,1.363,1.363,1.365,1.351,1.36,-0.003,-0.2201,3490.0,473.901
512890.SH,20201222,1.36,1.347,1.35,1.331,1.331,-0.029,-2.1324,868.0,116.812
512890.SH,20201223,1.331,1.331,1.336,1.327,1.33,-0.001,-0.0751,1779.0,236.898
512890.SH,20201224,1.33,1.33,1.333,1.317,1.32,-0.01,-0.7519,911.0,120.676
512890.SH,20201225,1.32,1.32,1.334,1.316,1.332,0.012,0.9091,9576.0,1266.885
512890.SH,20201228,1.332,1.332,1.332,1.321,1.324,-0.008,-0.6006,1753.0,232.382
512890.SH,20201229,1.324,1.324,1.326,1.318,1.319,-0.005,-0.3776,716.0,94.802
512890.SH,20201230,1.319,1.314,1.326,1.314,1.323,0.004,0.3033,126.0,16.633
512890.SH,20201231,1.323,1.324,1.334,1.321,1.328,0.005,0.3779,8114.0,1076.133
512890.SH,20210104,1.328,1.331,1.331,1.313,1.32,-0.008,-0.6024,4878.0,644.234
512890.SH,20210105,1.32,1.318,1.319,1.302,1.319,-0.001,-0.0758,3639.0,477.566
512890.SH,20210106,1.319,1.318,1.332,1.318,1.332,0.013,0.9856,18084.0,2398.374
512890.SH,20210107,1.332,1.333,1.341,1.326,1.334,0.002,0.1502,17780.0,2372.819
512890.SH,20210108,1.334,1.334,1.338,1.324,1.336,0.002,0.1499,9128.0,1217.245
512890.SH,20210111,1.336,1.336,1.339,1.322,1.324,-0.012,-0.8982,11663.0,1551.1
512890.SH,20210112,1.324,1.325,1.326,1.313,1.326,0.002,0.1511,13957.15,1838.021
512890.SH,20210113,1.326,1.326,1.329,1.313,1.324,-0.002,-0.1508,3761.0,496.497
512890.SH,20210114,1.324,1.324,1.334,1.317,1.321,-0.003,-0.2266,4664.0,617.005
512890.SH,20210115,1.321,1.32,1.339,1.32,1.331,0.01,0.757,19021.0,2532.571
512890.SH,20210118,1.331,1.335,1.341,1.328,1.338,0.007,0.5259,12119.0,1616.457
512890.SH,20210119,1.338,1.338,1.361,1.329,1.351,0.013,0.9716,16124.0,2171.657
512890.SH,20210120,1.351,1.352,1.352,1.333,1.337,-0.014,-1.0363,29503.0,3946.791
512890.SH,20210121,1.337,1.336,1.345,1.335,1.338,0.001,0.0748,18574.09,2489.192
512890.SH,20210122,1.338,1.338,1.338,1.315,1.316,-0.022,-1.6442,5600.0,738.702
512890.SH,20210125,1.316,1.317,1.317,1.298,1.304,-0.012,-0.9119,5613.0,730.205
512890.SH,20210126,1.304,1.304,1.307,1.296,1.3,-0.004,-0.3067,4545.0,590.477
512890.SH,20210127,1.3,1.3,1.312,1.3,1.301,0.001,0.0769,8897.0,1163.649
512890.SH,20210128,1.301,1.301,1.301,1.285,1.285,-0.016,-1.2298,1714.0,220.902
512890.SH,20210129,1.285,1.285,1.295,1.279,1.283,-0.002,-0.1556,6663.0,860.246
512890.SH,20210201,1.283,1.288,1.298,1.282,1.298,0.015,1.1691,3893.0,502.051
512890.SH,20210202,1.298,1.299,1.3,1.289,1.293,-0.005,-0.3852,7048.0,909.786
512890.SH,20210203,1.293,1.29,1.293,1.276,1.291,-0.002,-0.1547,127324.0,16366.566
512890.SH,20210204,1.291,1.284,1.29,1.277,1.284,-0.007,-0.5422,6861.0,879.844
512890.SH,20210205,1.284,1.292,1.308,1.291,1.303,0.019,1.4798,27662.0,3599.919
512890.SH,20210208,1.303,1.302,1.31,1.3,1.304,0.001,0.0767,2480.0,323.991
512890.SH,20210209,1.304,1.304,1.31,1.298,1.308,0.004,0.3067,7451.0,971.428
512890.SH,20210210,1.308,1.317,1.317,1.31,1.316,0.008,0.6116,5342.0,700.898
512890.SH,20210218,1.316,1.316,1.344,1.316,1.343,0.027,2.0517,15629.0,2093.009
512890.SH,20210219,1.343,1.342,1.366,1.34,1.366,0.023,1.7126,37827.0,5114.106
512890.SH,20210222,1.366,1.366,1.399,1.366,1.381,0.015,1.0981,14638.0,2017.496
512890.SH,20210223,1.381,1.381,1.395,1.364,1.366,-0.015,-1.0862,11440.0,1567.738
512890.SH,20210224,1.366,1.365,1.378,1.355,1.364,-0.002,-0.1464,4412.0,604.21
512890.SH,20210225,1.364,1.366,1.41,1.366,1.396,0.032,2.346,20377.0,2852.696
512890.SH,20210226,1.396,1.397,1.397,1.369,1.37,-0.026,-1.8625,17374.0,2388.662
512890.SH,20210301,1.37,1.37,1.387,1.37,1.386,0.016,1.1679,10995.87,1518.101
512890.SH,20210302,1.386,1.388,1.401,1.37,1.379,-0.007,-0.5051,10257.0,1431.392
512890.SH,20210303,1.379,1.382,1.41,1.382,1.41,0.031,2.248,39833.0,5579.486
512890.SH,20210304,1.41,1.41,1.42,1.399,1.411,0.001,0.0709,41909.0,5923.846
512890.SH,20210305,1.411,1.408,1.408,1.378,1.39,-0.021,-1.4883,5275.0,729.133
512890.SH,20210308,1.39,1.391,1.41,1.382,1.382,-0.008,-0.5755,10133.0,1416.383
512890.SH,20210309,1.382,1.382,1.382,1.361,1.371,-0.011,-0.7959,5890.0,805.49
512890.SH,20210310,1.371,1.37,1.373,1.35,1.36,-0.011,-0.8023,2597.0,353.062
512890.SH,20210311,1.36,1.374,1.39,1.372,1.389,0.029,2.1324,5514.0,762.044
512890.SH,20210312,1.389,1.39,1.425,1.39,1.42,0.031,2.2318,10496.0,1487.582
512890.SH,20210315,1.42,1.42,1.435,1.42,1.427,0.007,0.493,8116.0,1157.764
512890.SH,20210316,1.427,1.43,1.435,1.419,1.434,0.007,0.4905,2266.0,324.513
512890.SH,20210317,1.434,1.434,1.434,1.417,1.425,-0.009,-0.6276,5258.0,747.62
512890.SH,20210318,1.425,1.425,1.437,1.421,1.428,0.003,0.2105,5714.0,815.91
512890.SH,20210319,1.428,1.428,1.428,1.407,1.411,-0.017,-1.1905,3088.0,438.903
512890.SH,20210322,1.411,1.411,1.429,1.411,1.427,0.016,1.1339,15905.0,2269.088
512890.SH,20210323,1.427,1.425,1.425,1.407,1.407,-0.02,-1.4015,791.0,112.022
512890.SH,20210324,1.407,1.406,1.406,1.387,1.393,-0.014,-0.995,2312.0,322.757
512890.SH,20210325,1.393,1.394,1.398,1.385,1.391,-0.002,-0.1436,399.0,55.526
512890.SH,20210326,1.391,1.39,1.402,1.39,1.402,0.011,0.7908,364.0,50.871
512890.SH,20210329,1.402,1.407,1.426,1.407,1.425,0.023,1.6405,1396.0,198.735
512890.SH,20210330,1.425,1.408,1.422,1.408,1.421,-0.004,-0.2807,2009.0,283.937
512890.SH,20210331,1.421,1.42,1.421,1.413,1.419,-0.002,-0.1407,725.0,102.912
512890.SH,20210401,1.419,1.419,1.428,1.417,1.428,0.009,0.6342,516.0,73.382
512890.SH,20210402,1.428,1.429,1.429,1.414,1.416,-0.012,-0.8403,591.0,83.892
512890.SH,20210406,1.416,1.417,1.417,1.412,1.416,0.0,0.0,609.0,86.243
512890.SH,20210407,1.416,1.415,1.429,1.415,1.427,0.011,0.7768,1346.0,191.717
512890.SH,20210408,1.427,1.43,1.431,1.42,1.425,-0.002,-0.1402,611.0,87.224
512890.SH,20210409,1.425,1.421,1.428,1.421,1.425,0.0,0.0,2239.0,319.01
512890.SH,20210412,1.425,1.426,1.429,1.422,1.425,0.0,0.0,626.0,89.266
512890.SH,20210413,1.425,1.426,1.426,1.415,1.417,-0.008,-0.5614,765.0,108.484
512890.SH,20210414,1.417,1.415,1.428,1.415,1.424,0.007,0.494,534.0,75.848
512890.SH,20210415,1.424,1.425,1.426,1.417,1.426,0.002,0.1404,577.0,82.118
512890.SH,20210416,1.426,1.425,1.447,1.425,1.447,0.021,1.4727,6588.0,949.942
512890.SH,20210419,1.447,1.447,1.447,1.44,1.443,-0.004,-0.2764,25358.0,3662.358
512890.SH,20210420,1.443,1.442,1.443,1.436,1.438,-0.005,-0.3465,18733.0,2696.181
512890.SH,20210421,1.438,1.434,1.447,1.431,1.443,0.005,0.3477,21855.0,3153.401
512890.SH,20210422,1.443,1.443,1.453,1.44,1.443,0.0,0.0,16037.0,2315.618
512890.SH,20210423,1.443,1.44,1.44,1.425,1.432,-0.011,-0.7623,8735.0,1251.327
512890.SH,20210426,1.432,1.437,1.443,1.427,1.427,-0.005,-0.3492,19906.0,2848.848
512890.SH,20210427,1.427,1.427,1.427,1.415,1.422,-0.005,-0.3504,13331.0,1891.558
512890.SH,20210428,1.422,1.44,1.44,1.413,1.433,0.011,0.7736,36410.0,5201.07
512890.SH,20210429,1.433,1.433,1.45,1.431,1.449,0.016,1.1165,1525.0,219.916
512890.SH,20210430,1.449,1.448,1.448,1.431,1.437,-0.012,-0.8282,1630.0,233.851
512890.SH,20210506,1.437,1.437,1.467,1.437,1.453,0.016,1.1134,3535.0,515.741
512890.SH,20210507,1.453,1.458,1.47,1.449,1.463,0.01,0.6882,8556.0,1254.141
512890.SH,20210510,1.463,1.467,1.477,1.458,1.477,0.014,0.9569,4093.0,598.403
512890.SH,20210511,1.477,1.477,1.477,1.444,1.467,-0.01,-0.677,5108.0,742.418
512890.SH,20210512,1.467,1.467,1.483,1.467,1.482,0.015,1.0225,6656.0,983.776
512890.SH,20210513,1.482,1.484,1.485,1.474,1.478,-0.004,-0.2699,11282.0,1668.991
512890.SH,20210514,1.478,1.481,1.488,1.472,1.475,-0.003,-0.203,3965.0,584.631
512890.SH,20210517,1.475,1.475,1.49,1.475,1.483,0.008,0.5424,6307.0,934.448
512890.SH,20210518,1.483,1.484,1.487,1.482,1.487,0.004,0.2697,2379.0,353.075
512890.SH,20210519,1.487,1.488,1.49,1.481,1.485,-0.002,-0.1345,1417.0,210.489
512890.SH,20210520,1.485,1.467,1.471,1.455,1.465,-0.02,-1.3468,2385.0,348.19
512890.SH,20210521,1.465,1.465,1.475,1.46,1.471,0.006,0.4096,337.0,49.382
512890.SH,20210524,1.471,1.471,1.485,1.471,1.481,0.01,0.6798,5850.0,867.034
512890.SH,20210525,1.481,1.482,1.505,1.482,1.503,0.022,1.4855,6097.0,909.752
512890.SH,20210526,1.503,1.511,1.518,1.509,1.511,0.008,0.5323,16637.0,2518.253
512890.SH,20210527,1.511,1.511,1.521,1.509,1.521,0.01,0.6618,11263.0,1705.965
512890.SH,20210528,1.521,1.526,1.538,1.525,1.528,0.007,0.4602,15809.0,2422.64
512890.SH,20210531,1.528,1.526,1.537,1.518,1.537,0.009,0.589,44606.0,6816.529
512890.SH,20210601,1.537,1.537,1.539,1.518,1.537,0.0,0.0,9292.0,1422.539
512890.SH,20210602,1.537,1.534,1.542,1.53,1.54,0.003,0.1952,4579.0,702.758
512890.SH,20210603,1.54,1.54,1.55,1.536,1.536,-0.004,-0.2597,3199.0,493.96
512890.SH,20210604,1.536,1.524,1.547,1.521,1.533,-0.003,-0.1953,7399.0,1133.208
512890.SH,20210607,1.533,1.533,1.533,1.513,1.517,-0.016,-1.0437,2743.0,416.777
512890.SH,20210608,1.517,1.52,1.523,1.513,1.522,0.005,0.3296,25077.0,3798.698
512890.SH,20210609,1.522,1.522,1.531,1.518,1.524,0.002,0.1314,1340.0,204.332
512890.SH,20210610,1.524,1.522,1.53,1.519,1.524,0.0,0.0,707.0,107.759
512890.SH,20210611,1.524,1.524,1.529,1.519,1.52,-0.004,-0.2625,7736.0,1181.312
512890.SH,20210615,1.52,1.526,1.526,1.499,1.503,-0.017,-1.1184,2178.0,328.905
512890.SH,20210616,1.503,1.503,1.514,1.497,1.502,-0.001,-0.0665,1528.0,229.411
512890.SH,20210617,1.502,1.502,1.514,1.497,1.501,-0.001,-0.0666,2605.0,391.833
512890.SH,20210618,1.501,1.501,1.501,1.488,1.494,-0.007,-0.4664,2223.0,332.039
512890.SH,20210621,1.494,1.468,1.499,1.468,1.491,-0.003,-0.2008,5396.0,804.034
512890.SH,20210622,1.491,1.491,1.505,1.491,1.499,0.008,0.5366,3578.0,536.102
512890.SH,20210623,1.499,1.5,1.522,1.494,1.517,0.018,1.2008,24587.0,3708.462
512890.SH,20210624,1.517,1.515,1.525,1.508,1.517,0.0,0.0,29533.0,4473.687
512890.SH,20210625,1.517,1.513,1.52,1.509,1.517,0.0,0.0,62747.0,9499.366
512890.SH,20210628,1.517,1.517,1.517,1.494,1.496,-0.021,-1.3843,19692.0,2948.012
512890.SH,20210629,1.496,1.496,1.499,1.482,1.492,-0.004,-0.2674,11847.0,1768.867
512890.SH,20210630,1.492,1.492,1.499,1.49,1.499,0.007,0.4692,14576.0,2181.04
512890.SH,20210701,1.499,1.499,1.527,1.498,1.513,0.014,0.934,3512.0,532.459
512890.SH,20210702,1.513,1.513,1.588,1.492,1.495,-0.018,-1.1897,7448.0,1140.722
512890.SH,20210705,1.495,1.496,1.496,1.483,1.489,-0.006,-0.4013,3857.0,573.108
512890.SH,20210706,1.489,1.489,1.497,1.488,1.494,0.005,0.3358,16744.0,2501.087
512890.SH,20210707,1.494,1.494,1.498,1.486,1.49,-0.004,-0.2677,15582.0,2320.629
512890.SH,20210708,1.49,1.49,1.49,1.467,1.467,-0.023,-1.5436,5557.0,816.247
512890.SH,20210709,1.467,1.467,1.482,1.465,1.478,0.011,0.7498,1660.0,244.122
512890.SH,20210712,1.478,1.482,1.488,1.47,1.472,-0.006,-0.406,23409.0,3445.559
512890.SH,20210713,1.472,1.472,1.479,1.465,1.479,0.007,0.4755,32413.0,4773.474
512890.SH,20210714,1.479,1.478,1.495,1.478,1.491,0.012,0.8114,26577.0,3938.913
512890.SH,20210715,1.491,1.482,1.49,1.474,1.489,-0.002,-0.1341,13227.0,1968.559
512890.SH,20210716,1.489,1.489,1.506,1.489,1.498,0.009,0.6044,12898.0,1934.438
512890.SH,20210719,1.498,1.53,1.53,1.496,1.502,0.004,0.267,16526.0,2477.775
512890.SH,20210720,1.502,1.502,1.502,1.489,1.497,-0.005,-0.3329,19630.0,2930.949
512890.SH,20210721,1.497,1.504,1.504,1.482,1.493,-0.004,-0.2672,45662.0,6782.171
512890.SH,20210722,1.493,1.49,1.502,1.49,1.502,0.009,0.6028,34730.0,5186.4
512890.SH,20210723,1.502,1.503,1.509,1.492,1.495,-0.007,-0.466,14076.0,2111.077
512890.SH,20210726,1.495,1.495,1.495,1.452,1.462,-0.033,-2.2074,12448.17,1821.295
512890.SH,20210727,1.462,1.462,1.465,1.421,1.422,-0.04,-2.736,9864.0,1436.504
512890.SH,20210728,1.422,1.426,1.427,1.402,1.42,-0.002,-0.1406,17828.0,2525.238
512890.SH,20210729,1.42,1.42,1.426,1.413,1.421,0.001,0.0704,18650.0,2641.539
512890.SH,20210730,1.421,1.421,1.439,1.408,1.421,0.0,0.0,22973.0,3250.084
512890.SH,20210802,1.421,1.423,1.426,1.383,1.417,-0.004,-0.2815,14226.0,1997.029
512890.SH,20210803,1.417,1.415,1.419,1.404,1.406,-0.011,-0.7763,6839.0,965.286
512890.SH,20210804,1.406,1.408,1.417,1.406,1.417,0.011,0.7824,8892.0,1252.855
512890.SH,20210805,1.417,1.426,1.432,1.414,1.417,0.0,0.0,10773.0,1533.681
512890.SH,20210806,1.417,1.417,1.426,1.409,1.426,0.009,0.6351,16513.0,2343.735
512890.SH,20210809,1.426,1.426,1.455,1.424,1.447,0.021,1.4727,18994.0,2737.268
512890.SH,20210810,1.447,1.447,1.449,1.439,1.448,0.001,0.0691,20685.0,2988.584
512890.SH,20210811,1.448,1.448,1.486,1.448,1.485,0.037,2.5552,9823.0,1451.46
512890.SH,20210812,1.485,1.485,1.504,1.485,1.503,0.018,1.2121,24511.0,3679.247
512890.SH,20210813,1.503,1.501,1.505,1.496,1.501,-0.002,-0.1331,6811.0,1023.337
512890.SH,20210816,1.501,1.511,1.527,1.505,1.514,0.013,0.8661,26262.0,3972.161
512890.SH,20210817,1.514,1.513,1.514,1.488,1.491,-0.023,-1.5192,25612.0,3857.487
512890.SH,20210818,1.491,1.489,1.499,1.488,1.497,0.006,0.4024,13247.0,1979.123
512890.SH,20210819,1.497,1.494,1.494,1.476,1.481,-0.016,-1.0688,12549.0,1855.335
512890.SH,20210820,1.481,1.478,1.484,1.468,1.484,0.003,0.2026,14864.0,2189.726
512890.SH,20210823,1.484,1.495,1.499,1.49,1.497,0.013,0.876,3385.0,506.098
512890.SH,20210824,1.497,1.502,1.506,1.494,1.502,0.005,0.334,25407.0,3814.562
512890.SH,20210825,1.502,1.504,1.513,1.5,1.512,0.01,0.6658,25100.0,3783.629
512890.SH,20210826,1.512,1.511,1.536,1.511,1.531,0.019,1.2566,44985.0,6864.993
512890.SH,20210827,1.531,1.531,1.542,1.518,1.539,0.008,0.5225,9543.0,1462.366
512890.SH,20210830,1.539,1.545,1.548,1.53,1.548,0.009,0.5848,15111.0,2323.898
512890.SH,20210831,1.548,1.548,1.6,1.548,1.6,0.052,3.3592,13026.0,2036.302
512890.SH,20210901,1.6,1.593,1.6,1.575,1.588,-0.012,-0.75,20090.0,3197.942
512890.SH,20210902,1.588,1.588,1.618,1.588,1.618,0.03,1.8892,18044.0,2901.795
512890.SH,20210903,1.618,1.618,1.628,1.603,1.614,-0.004,-0.2472,25100.0,4043.439
512890.SH,20210906,1.614,1.616,1.629,1.608,1.626,0.012,0.7435,20170.0,3269.066
512890.SH,20210907,1.626,1.637,1.663,1.632,1.659,0.033,2.0295,12469.0,2053.677
512890.SH,20210908,1.659,1.644,1.693,1.644,1.692,0.033,1.9892,22084.0,3714.627
512890.SH,20210909,1.692,1.692,1.744,1.682,1.744,0.052,3.0733,23290.0,3999.775
512890.SH,20210910,1.744,1.744,1.754,1.72,1.729,-0.015,-0.8601,31036.0,5379.704
512890.SH,20210913,1.729,1.734,1.776,1.729,1.773,0.044,2.5448,17142.0,3026.265
512890.SH,20210914,1.773,1.772,1.776,1.732,1.738,-0.035,-1.9741,18786.0,3305.797
512890.SH,20210915,1.738,1.738,1.751,1.72,1.729,-0.009,-0.5178,19187.0,3329.641
512890.SH,20210916,1.729,1.729,1.771,1.72,1.72,-0.009,-0.5205,9858.0,1723.721
512890.SH,20210917,1.72,1.718,1.744,1.666,1.685,-0.035,-2.0349,17474.0,2971.596
512890.SH,20210922,1.685,1.687,1.736,1.635,1.736,0.051,3.0267,13244.0,2255.017
512890.SH,20210923,1.736,1.74,1.798,1.724,1.735,-0.001,-0.0576,10910.0,1904.933
512890.SH,20210924,1.735,1.735,1.735,1.672,1.672,-0.063,-3.6311,6299.0,1063.047
512890.SH,20210927,1.672,1.676,1.688,1.623,1.637,-0.035,-2.0933,12544.0,2057.487
512890.SH,20210928,1.637,1.648,1.682,1.646,1.68,0.043,2.6268,24084.0,3999.954
512890.SH,20210929,1.68,1.68,1.681,1.633,1.636,-0.044,-2.619,13503.0,2220.916
512890.SH,20210930,1.636,1.635,1.658,1.624,1.658,0.022,1.3447,2168.0,355.57
512890.SH,20211008,1.658,1.673,1.673,1.634,1.642,-0.016,-0.965,3226.0,530.412
512890.SH,20211011,1.642,1.643,1.663,1.642,1.658,0.016,0.9744,6410.0,1060.684
512890.SH,20211012,1.658,1.658,1.677,1.624,1.647,-0.011,-0.6634,13495.0,2218.623
512890.SH,20211013,1.647,1.647,1.647,1.597,1.618,-0.029,-1.7608,11491.0,1859.696
512890.SH,20211014,1.618,1.618,1.618,1.593,1.605,-0.013,-0.8035,14343.0,2311.101
512890.SH,20211015,1.605,1.604,1.617,1.592,1.614,0.009,0.5607,23229.0,3716.542
512890.SH,20211018,1.614,1.614,1.645,1.609,1.645,0.031,1.9207,18309.0,2985.912
512890.SH,20211019,1.645,1.645,1.675,1.632,1.645,0.0,0.0,13672.0,2256.083
512890.SH,20211020,1.645,1.645,1.645,1.605,1.613,-0.032,-1.9453,82984.0,13382.266
512890.SH,20211021,1.613,1.612,1.65,1.612,1.639,0.026,1.6119,32801.0,5345.84
512890.SH,20211025,0.801,0.87,0.87,0.791,0.801,0.0,0.0,49350.0,3943.513
512890.SH,20211026,0.801,0.801,0.804,0.794,0.796,-0.005,-0.6242,72199.0,5771.27
512890.SH,20211027,0.796,0.795,0.795,0.778,0.782,-0.014,-1.7588,20190.0,1585.994
512890.SH,20211028,0.782,0.78,0.787,0.757,0.759,-0.023,-2.9412,31980.0,2432.315
512890.SH,20211029,0.759,0.76,0.76,0.749,0.755,-0.004,-0.527,94326.0,7116.885
512890.SH,20211101,0.755,0.756,0.766,0.753,0.762,0.007,0.9272,208767.0,15814.926
512890.SH,20211102,0.762,0.762,0.763,0.737,0.744,-0.018,-2.3622,70170.0,5265.975
512890.SH,20211103,0.744,0.744,0.761,0.744,0.76,0.016,2.1505,28257.0,2136.852
512890.SH,20211104,0.76,0.76,0.76,0.751,0.757,-0.003,-0.3947,26425.0,1989.572
512890.SH,20211105,0.757,0.761,0.761,0.741,0.742,-0.015,-1.9815,14483.0,1076.7
512890.SH,20211108,0.742,0.743,0.748,0.74,0.743,0.001,0.1348,11306.0,842.212
512890.SH,20211109,0.743,0.742,0.743,0.739,0.742,-0.001,-0.1346,2943.0,217.778
512890.SH,20211110,0.742,0.737,0.74,0.726,0.74,-0.002,-0.2695,10027.0,731.616
512890.SH,20211111,0.74,0.745,0.756,0.743,0.755,0.015,2.027,39812.0,2993.975
512890.SH,20211112,0.755,0.755,0.755,0.748,0.751,-0.004,-0.5298,72285.0,5431.08
512890.SH,20211115,0.751,0.756,0.756,0.745,0.749,-0.002,-0.2663,2957.0,221.249
512890.SH,20211116,0.749,0.748,0.75,0.744,0.744,-0.005,-0.6676,12868.0,960.771
512890.SH,20211117,0.744,0.744,0.744,0.74,0.743,-0.001,-0.1344,7945.0,588.787
512890.SH,20211118,0.743,0.748,0.748,0.74,0.741,-0.002,-0.2692,9677.0,718.342
512890.SH,20211119,0.741,0.739,0.753,0.737,0.752,0.011,1.4845,16480.0,1231.213
512890.SH,20211122,0.752,0.752,0.755,0.75,0.752,0.0,0.0,6637.0,499.289
512890.SH,20211123,0.752,0.752,0.761,0.751,0.759,0.007,0.9309,11711.0,887.784
512890.SH,20211124,0.759,0.759,0.769,0.757,0.769,0.01,1.3175,26835.0,2053.277
512890.SH,20211125,0.769,0.769,0.776,0.764,0.767,-0.002,-0.2601,31836.0,2439.185
512890.SH,20211126,0.767,0.767,0.767,0.756,0.756,-0.011,-1.4342,4360.0,330.071
512890.SH,20211129,0.756,0.752,0.775,0.744,0.749,-0.007,-0.9259,16455.0,1230.17
512890.SH,20211130,0.749,0.751,0.755,0.747,0.748,-0.001,-0.1335,31765.0,2383.155
512890.SH,20211201,0.748,0.749,0.76,0.749,0.758,0.01,1.3369,44838.0,3393.918
512890.SH,20211202,0.758,0.76,0.765,0.756,0.763,0.005,0.6596,33842.0,2572.443
512890.SH,20211203,0.763,0.763,0.779,0.757,0.776,0.013,1.7038,39857.0,3076.29
512890.SH,20211206,0.776,0.775,0.784,0.772,0.773,-0.003,-0.3866,17685.0,1376.789
512890.SH,20211207,0.773,0.773,0.785,0.771,0.784,0.011,1.423,17327.0,1352.948
512890.SH,20211208,0.784,0.784,0.785,0.776,0.785,0.001,0.1276,5381.0,420.228
512890.SH,20211209,0.785,0.783,0.79,0.782,0.787,0.002,0.2548,17864.0,1405.412
512890.SH,20211210,0.787,0.785,0.787,0.781,0.784,-0.003,-0.3812,78636.0,6163.36
512890.SH,20211213,0.784,0.784,0.786,0.778,0.779,-0.005,-0.6378,43403.0,3385.21
512890.SH,20211214,0.779,0.776,0.776,0.767,0.769,-0.01,-1.2837,5591.0,430.369
512890.SH,20211215,0.769,0.769,0.778,0.767,0.776,0.007,0.9103,44615.0,3434.406
512890.SH,20211216,0.776,0.776,0.788,0.776,0.787,0.011,1.4175,35781.0,2802.396
512890.SH,20211217,0.787,0.788,0.791,0.786,0.788,0.001,0.1271,34027.0,2683.367
512890.SH,20211220,0.788,0.788,0.79,0.784,0.784,-0.004,-0.5076,41300.0,3251.099
512890.SH,20211221,0.784,0.786,0.799,0.786,0.798,0.014,1.7857,45066.0,3591.981
512890.SH,20211222,0.798,0.795,0.797,0.792,0.795,-0.003,-0.3759,20924.0,1662.653
512890.SH,20211223,0.795,0.795,0.8,0.793,0.799,0.004,0.5031,33473.0,2667.205
512890.SH,20211224,0.799,0.795,0.796,0.791,0.793,-0.006,-0.7509,18740.0,1488.841
512890.SH,20211227,0.793,0.796,0.799,0.795,0.797,0.004,0.5044,1547.0,123.302
512890.SH,20211228,0.797,0.796,0.796,0.788,0.791,-0.006,-0.7528,28263.0,2235.226
512890.SH,20211229,0.791,0.786,0.791,0.786,0.788,-0.003,-0.3793,57290.0,4513.963
512890.SH,20211230,0.788,0.785,0.792,0.785,0.789,0.001,0.1269,40024.0,3162.414
512890.SH,20211231,0.789,0.792,0.796,0.792,0.795,0.006,0.7605,70693.0,5618.188
512890.SH,20220104,0.795,0.795,0.81,0.795,0.809,0.014,1.761,56662.0,4554.65
512890.SH,20220105,0.809,0.809,0.814,0.806,0.812,0.003,0.3708,57766.0,4680.417
512890.SH,20220106,0.812,0.812,0.819,0.812,0.818,0.006,0.7389,47527.0,3874.935
512890.SH,20220107,0.818,0.82,0.83,0.82,0.825,0.007,0.8557,49588.0,4098.879
512890.SH,20220110,0.825,0.825,0.83,0.822,0.829,0.004,0.4848,69076.0,5700.94
512890.SH,20220111,0.829,0.832,0.839,0.828,0.832,0.003,0.3619,50064.0,4172.809
512890.SH,20220112,0.832,0.831,0.831,0.82,0.827,-0.005,-0.601,27315.0,2256.175
512890.SH,20220113,0.827,0.826,0.839,0.823,0.835,0.008,0.9674,83799.0,6955.922
512890.SH,20220114,0.835,0.838,0.838,0.809,0.81,-0.025,-2.994,118698.0,9640.21
512890.SH,20220117,0.81,0.81,0.815,0.795,0.813,0.003,0.3704,45345.0,3679.809
512890.SH,20220118,0.813,0.813,0.824,0.808,0.82,0.007,0.861,63537.0,5202.852
512890.SH,20220119,0.82,0.822,0.836,0.822,0.835,0.015,1.8293,97117.0,8064.367
512890.SH,20220120,0.835,0.835,0.837,0.826,0.829,-0.006,-0.7186,65803.0,5464.61
512890.SH,20220121,0.829,0.829,0.829,0.819,0.821,-0.008,-0.965,64965.0,5337.031
512890.SH,20220124,0.821,0.825,0.827,0.812,0.822,0.001,0.1218,59143.0,4866.505
512890.SH,20220125,0.822,0.817,0.818,0.8,0.8,-0.022,-2.6764,36616.0,2959.647
512890.SH,20220126,0.8,0.8,0.808,0.796,0.806,0.006,0.75,55176.0,4438.763
512890.SH,20220127,0.806,0.804,0.807,0.797,0.797,-0.009,-1.1166,69186.0,5546.249
512890.SH,20220128,0.797,0.797,0.8,0.79,0.791,-0.006,-0.7528,58655.0,4655.911
512890.SH,20220207,0.791,0.791,0.813,0.791,0.811,0.02,2.5284,40293.0,3256.962
512890.SH,20220208,0.811,0.811,0.83,0.811,0.83,0.019,2.3428,86440.0,7081.855
512890.SH,20220209,0.83,0.83,0.84,0.83,0.834,0.004,0.4819,58277.0,4864.032
512890.SH,20220210,0.834,0.835,0.846,0.83,0.845,0.011,1.3189,85349.0,7132.156
512890.SH,20220211,0.845,0.847,0.855,0.846,0.848,0.003,0.355,119080.0,10158.223
512890.SH,20220214,0.848,0.848,0.882,0.827,0.831,-0.017,-2.0047,58146.8,4848.723
512890.SH,20220215,0.831,0.831,0.831,0.82,0.824,-0.007,-0.8424,73943.0,6091.34
512890.SH,20220216,0.824,0.827,0.834,0.827,0.834,0.01,1.2136,45019.0,3742.594
512890.SH,20220217,0.834,0.834,0.839,0.828,0.83,-0.004,-0.4796,56061.0,4658.636
512890.SH,20220218,0.83,0.83,0.85,0.826,0.85,0.02,2.4096,109507.0,9237.626
512890.SH,20220221,0.85,0.848,0.852,0.839,0.85,0.0,0.0,87153.0,7365.648
512890.SH,20220222,0.85,0.852,0.852,0.836,0.843,-0.007,-0.8235,145404.0,12235.167
512890.SH,20220223,0.843,0.843,0.844,0.831,0.838,-0.005,-0.5931,134017.0,11175.961
512890.SH,20220224,0.838,0.834,0.834,0.812,0.82,-0.018,-2.148,108227.0,8961.625
512890.SH,20220225,0.82,0.82,0.827,0.813,0.817,-0.003,-0.3659,96020.66,7858.054
512890.SH,20220228,0.817,0.809,0.822,0.809,0.818,0.001,0.1224,133682.0,10868.534
512890.SH,20220301,0.818,0.818,0.827,0.816,0.827,0.009,1.1002,139454.0,11444.488
512890.SH,20220302,0.827,0.83,0.834,0.823,0.834,0.007,0.8464,154975.0,12848.877
512890.SH,20220303,0.834,0.835,0.847,0.835,0.843,0.009,1.0791,130598.0,11004.791
512890.SH,20220304,0.843,0.844,0.844,0.831,0.836,-0.007,-0.8304,149590.0,12534.967
512890.SH,20220307,0.836,0.836,0.843,0.828,0.832,-0.004,-0.4785,102429.0,8552.032
512890.SH,20220308,0.832,0.832,0.832,0.804,0.806,-0.026,-3.125,126394.0,10275.986
512890.SH,20220309,0.806,0.805,0.812,0.774,0.796,-0.01,-1.2407,164682.0,13211.57
512890.SH,20220310,0.796,0.812,0.818,0.794,0.804,0.008,1.005,125532.0,10096.545
512890.SH,20220311,0.804,0.78,0.81,0.78,0.806,0.002,0.2488,136306.98,10840.246
512890.SH,20220314,0.806,0.8,0.811,0.791,0.792,-0.014,-1.737,131456.0,10562.127
512890.SH,20220315,0.792,0.793,0.793,0.746,0.747,-0.045,-5.6818,117078.0,8962.502
512890.SH,20220316,0.747,0.749,0.769,0.733,0.763,0.016,2.1419,148744.0,11155.737
512890.SH,20220317,0.763,0.77,0.783,0.764,0.773,0.01,1.3106,154002.0,11953.846
512890.SH,20220318,0.773,0.77,0.796,0.77,0.796,0.023,2.9754,221593.0,17412.88
512890.SH,20220321,0.796,0.804,0.804,0.785,0.792,-0.004,-0.5025,106287.0,8402.847
512890.SH,20220322,0.792,0.788,0.809,0.788,0.804,0.012,1.5152,135627.0,10885.865
512890.SH,20220323,0.804,0.804,0.81,0.797,0.805,0.001,0.1244,166060.0,13333.128
512890.SH,20220324,0.805,0.805,0.808,0.8,0.803,-0.002,-0.2484,116308.0,9357.475
512890.SH,20220325,0.803,0.803,0.811,0.798,0.803,0.0,0.0,122997.0,9924.082
512890.SH,20220328,0.803,0.803,0.824,0.796,0.823,0.02,2.4907,199041.0,16206.069
512890.SH,20220329,0.823,0.821,0.821,0.813,0.819,-0.004,-0.486,174712.0,14265.778
512890.SH,20220330,0.819,0.819,0.829,0.816,0.827,0.008,0.9768,139096.0,11436.209
512890.SH,20220331,0.827,0.83,0.847,0.829,0.842,0.015,1.8138,237093.0,19902.685
512890.SH,20220401,0.842,0.839,0.857,0.834,0.855,0.013,1.5439,189964.0,16028.742
512890.SH,20220406,0.855,0.855,0.872,0.853,0.869,0.014,1.6374,211070.66,18195.586
512890.SH,20220407,0.869,0.868,0.869,0.85,0.852,-0.017,-1.9563,327672.0,28223.343
512890.SH,20220408,0.852,0.852,0.868,0.85,0.866,0.014,1.6432,203779.0,17468.31
512890.SH,20220411,0.866,0.864,0.864,0.851,0.859,-0.007,-0.8083,238755.0,20495.26
512890.SH,20220412,0.859,0.853,0.859,0.845,0.851,-0.008,-0.9313,314505.0,26776.171
512890.SH,20220413,0.851,0.846,0.858,0.844,0.849,-0.002,-0.235,228376.0,19395.727
512890.SH,20220414,0.849,0.844,0.865,0.844,0.862,0.013,1.5312,208689.0,17790.327
512890.SH,20220415,0.862,0.864,0.868,0.854,0.858,-0.004,-0.464,201207.0,17346.855
512890.SH,20220418,0.858,0.858,0.858,0.842,0.844,-0.014,-1.6317,231688.0,19656.102
512890.SH,20220419,0.844,0.844,0.855,0.837,0.853,0.009,1.0664,182973.0,15484.273
512890.SH,20220420,0.853,0.85,0.86,0.831,0.835,-0.018,-2.1102,241139.0,20301.524
512890.SH,20220421,0.835,0.84,0.84,0.816,0.819,-0.016,-1.9162,286175.0,23757.466
512890.SH,20220422,0.819,0.82,0.836,0.808,0.832,0.013,1.5873,217030.0,17984.026
512890.SH,20220425,0.832,0.827,0.829,0.798,0.799,-0.033,-3.9663,279553.0,22804.721
512890.SH,20220426,0.799,0.796,0.813,0.793,0.799,0.0,0.0,232869.0,18723.08
512890.SH,20220427,0.799,0.797,0.805,0.784,0.803,0.004,0.5006,244171.0,19312.87
512890.SH,20220428,0.803,0.798,0.82,0.798,0.82,0.017,2.1171,245408.0,19892.351
512890.SH,20220429,0.82,0.82,0.834,0.81,0.833,0.013,1.5854,226394.0,18531.199
512890.SH,20220505,0.833,0.833,0.837,0.824,0.833,0.0,0.0,208370.0,17280.936
512890.SH,20220506,0.833,0.823,0.823,0.808,0.811,-0.022,-2.6411,208302.0,16985.278
512890.SH,20220509,0.811,0.8,0.816,0.796,0.815,0.004,0.4932,208237.0,16867.288
512890.SH,20220510,0.815,0.809,0.823,0.797,0.823,0.008,0.9816,243735.0,19754.509
512890.SH,20220511,0.823,0.817,0.829,0.817,0.824,0.001,0.1215,220075.0,18157.499
512890.SH,20220512,0.824,0.815,0.829,0.815,0.822,-0.002,-0.2427,341099.0,28088.635
512890.SH,20220513,0.822,0.822,0.839,0.822,0.837,0.015,1.8248,622197.0,51823.935
512890.SH,20220516,0.837,0.843,0.846,0.836,0.844,0.007,0.8363,234792.0,19750.381
512890.SH,20220517,0.844,0.844,0.844,0.829,0.836,-0.008,-0.9479,244268.0,20386.365
512890.SH,20220518,0.836,0.836,0.838,0.829,0.832,-0.004,-0.4785,204201.0,17003.529
512890.SH,20220519,0.832,0.82,0.838,0.82,0.837,0.005,0.601,255944.0,21254.294
512890.SH,20220520,0.837,0.837,0.842,0.833,0.84,0.003,0.3584,257236.0,21594.835
512890.SH,20220523,0.84,0.84,0.843,0.833,0.834,-0.006,-0.7143,224291.0,18786.154
512890.SH,20220524,0.834,0.834,0.838,0.818,0.819,-0.015,-1.7986,231006.0,19105.287
512890.SH,20220525,0.819,0.818,0.832,0.814,0.832,0.013,1.5873,214399.0,17717.395
512890.SH,20220526,0.832,0.835,0.843,0.833,0.841,0.009,1.0817,212482.0,17808.005
512890.SH,20220527,0.841,0.841,0.847,0.839,0.845,0.004,0.4756,233431.0,19700.098
512890.SH,20220530,0.845,0.846,0.85,0.841,0.846,0.001,0.1183,262579.0,22193.261
512890.SH,20220531,0.846,0.846,0.846,0.839,0.844,-0.002,-0.2364,228625.0,19241.748
512890.SH,20220601,0.844,0.84,0.847,0.839,0.845,0.001,0.1185,194879.0,16435.347
512890.SH,20220602,0.845,0.846,0.846,0.835,0.839,-0.006,-0.7101,212971.0,17825.174
512890.SH,20220606,0.839,0.838,0.838,0.827,0.838,-0.001,-0.1192,231472.0,19265.005
512890.SH,20220607,0.838,0.839,0.841,0.833,0.839,0.001,0.1193,195137.0,16349.359
512890.SH,20220608,0.839,0.835,0.847,0.833,0.844,0.005,0.5959,268066.0,22498.07
512890.SH,20220609,0.844,0.844,0.853,0.843,0.847,0.003,0.3555,252358.0,21396.721
512890.SH,20220610,0.847,0.844,0.851,0.841,0.849,0.002,0.2361,212802.0,17995.54
512890.SH,20220613,0.849,0.848,0.848,0.829,0.835,-0.014,-1.649,262953.0,21954.197
512890.SH,20220614,0.835,0.831,0.847,0.828,0.846,0.011,1.3174,257117.0,21474.581
512890.SH,20220615,0.846,0.846,0.861,0.843,0.852,0.006,0.7092,336723.0,28824.181
512890.SH,20220616,0.852,0.851,0.853,0.836,0.839,-0.013,-1.5258,314592.0,26538.944
512890.SH,20220617,0.839,0.838,0.838,0.827,0.836,-0.003,-0.3576,274465.0,22834.266
512890.SH,20220620,0.836,0.836,0.836,0.83,0.833,-0.003,-0.3589,213117.0,17751.63
512890.SH,20220621,0.833,0.833,0.842,0.832,0.836,0.003,0.3601,365930.0,30703.195
512890.SH,20220622,0.836,0.836,0.836,0.823,0.825,-0.011,-1.3158,214429.0,17794.721
512890.SH,20220623,0.825,0.828,0.83,0.819,0.828,0.003,0.3636,242069.0,19986.902
512890.SH,20220624,0.828,0.828,0.831,0.823,0.825,-0.003,-0.3623,254773.0,21043.708
512890.SH,20220627,0.825,0.825,0.837,0.825,0.835,0.01,1.2121,233148.0,19450.52
512890.SH,20220628,0.835,0.834,0.839,0.832,0.839,0.004,0.479,208639.0,17424.468
512890.SH,20220629,0.839,0.84,0.851,0.833,0.845,0.006,0.7151,285536.0,24169.127
512890.SH,20220630,0.845,0.845,0.851,0.843,0.848,0.003,0.355,261410.0,22160.809
512890.SH,20220701,0.848,0.85,0.854,0.841,0.848,0.0,0.0,263594.0,22385.339
512890.SH,20220704,0.848,0.849,0.849,0.842,0.847,-0.001,-0.1179,246902.0,20835.65
512890.SH,20220705,0.847,0.842,0.852,0.842,0.85,0.003,0.3542,290145.0,24615.08
512890.SH,20220706,0.85,0.849,0.849,0.827,0.832,-0.018,-2.1176,264430.0,22013.44
512890.SH,20220707,0.832,0.831,0.835,0.829,0.834,0.002,0.2404,182630.0,15203.153
512890.SH,20220708,0.834,0.836,0.837,0.832,0.834,0.0,0.0,216047.0,18035.789
512890.SH,20220711,0.834,0.834,0.835,0.824,0.829,-0.005,-0.5995,208441.0,17304.635
512890.SH,20220712,0.829,0.832,0.842,0.831,0.836,0.007,0.8444,259710.0,21773.245
512890.SH,20220713,0.836,0.836,0.839,0.832,0.836,0.0,0.0,185257.0,15491.983
512890.SH,20220714,0.836,0.836,0.836,0.821,0.822,-0.014,-1.6746,291493.0,23998.471
512890.SH,20220715,0.822,0.824,0.824,0.808,0.81,-0.012,-1.4599,246205.0,20128.827
512890.SH,20220718,0.81,0.807,0.827,0.807,0.826,0.016,1.9753,244192.0,20142.73
512890.SH,20220719,0.826,0.826,0.83,0.824,0.827,0.001,0.1211,204747.0,16918.435
512890.SH,20220720,0.827,0.827,0.831,0.827,0.831,0.004,0.4837,201488.0,16713.584
512890.SH,20220721,0.831,0.828,0.828,0.815,0.818,-0.013,-1.5644,228768.0,18736.637
512890.SH,20220722,0.818,0.818,0.822,0.81,0.815,-0.003,-0.3667,190207.0,15486.321
512890.SH,20220725,0.815,0.814,0.82,0.814,0.816,0.001,0.1227,179080.0,14625.207
512890.SH,20220726,0.816,0.816,0.828,0.814,0.825,0.009,1.1029,212011.0,17465.647
512890.SH,20220727,0.825,0.825,0.826,0.821,0.822,-0.003,-0.3636,177782.0,14634.656
512890.SH,20220728,0.822,0.823,0.828,0.823,0.824,0.002,0.2433,229410.0,18943.899
512890.SH,20220729,0.824,0.825,0.828,0.817,0.817,-0.007,-0.8495,215710.0,17725.583
512890.SH,20220801,0.817,0.817,0.82,0.812,0.817,0.0,0.0,183272.0,14951.087
512890.SH,20220802,0.817,0.81,0.816,0.794,0.801,-0.016,-1.9584,295412.0,23628.298
512890.SH,20220803,0.801,0.801,0.807,0.789,0.79,-0.011,-1.3733,237341.0,18923.266
512890.SH,20220804,0.79,0.791,0.796,0.788,0.795,0.005,0.6329,223538.0,17706.915
512890.SH,20220805,0.795,0.796,0.799,0.791,0.799,0.004,0.5031,229265.0,18190.849
512890.SH,20220808,0.799,0.799,0.809,0.799,0.807,0.008,1.0013,207689.0,16737.536
512890.SH,20220809,0.807,0.807,0.811,0.805,0.811,0.004,0.4957,199494.0,16111.099
512890.SH,20220810,0.811,0.811,0.811,0.805,0.808,-0.003,-0.3699,193494.0,15616.143
512890.SH,20220811,0.808,0.807,0.817,0.807,0.816,0.008,0.9901,253481.0,20656.159
512890.SH,20220812,0.816,0.815,0.824,0.815,0.823,0.007,0.8578,199203.0,16349.645
512890.SH,20220815,0.823,0.821,0.827,0.821,0.823,0.0,0.0,256750.0,21149.142
512890.SH,20220816,0.823,0.819,0.827,0.819,0.825,0.002,0.243,387036.0,31902.379
512890.SH,20220817,0.825,0.824,0.828,0.821,0.827,0.002,0.2424,246174.0,20312.251
512890.SH,20220818,0.827,0.826,0.827,0.818,0.821,-0.006,-0.7255,213898.0,17547.032
512890.SH,20220819,0.821,0.821,0.832,0.821,0.829,0.008,0.9744,236800.0,19597.682
512890.SH,20220822,0.829,0.832,0.835,0.828,0.833,0.004,0.4825,192400.0,15993.089
512890.SH,20220823,0.833,0.835,0.837,0.829,0.835,0.002,0.2401,242678.0,20204.138
512890.SH,20220824,0.835,0.839,0.839,0.827,0.828,-0.007,-0.8383,216013.0,18016.859
512890.SH,20220825,0.828,0.828,0.848,0.828,0.844,0.016,1.9324,328760.0,27596.064
512890.SH,20220826,0.844,0.846,0.85,0.841,0.844,0.0,0.0,299325.0,25293.43
512890.SH,20220829,0.844,0.844,0.852,0.834,0.85,0.006,0.7109,260938.0,21941.933
512890.SH,20220830,0.85,0.851,0.855,0.844,0.852,0.002,0.2353,231340.0,19630.916
512890.SH,20220831,0.852,0.854,0.856,0.845,0.847,-0.005,-0.5869,293811.0,24910.626
512890.SH,20220901,0.847,0.848,0.864,0.846,0.854,0.007,0.8264,308949.0,26538.974
512890.SH,20220902,0.854,0.854,0.857,0.851,0.854,0.0,0.0,282524.0,24126.603
512890.SH,20220905,0.854,0.854,0.871,0.854,0.869,0.015,1.7564,272539.0,23532.675
512890.SH,20220906,0.869,0.874,0.881,0.869,0.88,0.011,1.2658,271866.0,23831.79
512890.SH,20220907,0.88,0.88,0.882,0.874,0.882,0.002,0.2273,281396.0,24727.548
512890.SH,20220908,0.882,0.881,0.886,0.874,0.883,0.001,0.1134,240695.0,21191.156
512890.SH,20220909,0.883,0.883,0.895,0.882,0.894,0.011,1.2458,265900.0,23680.107
512890.SH,20220913,0.894,0.894,0.896,0.887,0.889,-0.005,-0.5593,259375.0,23120.043
512890.SH,20220914,0.889,0.889,0.889,0.879,0.88,-0.009,-1.0124,255958.0,22622.278
512890.SH,20220915,0.88,0.881,0.893,0.876,0.889,0.009,1.0227,346944.0,30827.536
512890.SH,20220916,0.889,0.89,0.89,0.861,0.861,-0.028,-3.1496,294241.0,25726.065
512890.SH,20220919,0.861,0.859,0.863,0.853,0.86,-0.001,-0.1161,302042.0,25936.984
512890.SH,20220920,0.86,0.859,0.864,0.853,0.855,-0.005,-0.5814,247433.0,21227.17
512890.SH,20220921,0.855,0.849,0.866,0.848,0.864,0.009,1.0526,254720.0,21833.561
512890.SH,20220922,0.864,0.862,0.862,0.854,0.86,-0.004,-0.463,255370.0,21880.085
512890.SH,20220923,0.86,0.855,0.865,0.85,0.852,-0.008,-0.9302,285875.0,24482.918
512890.SH,20220926,0.852,0.845,0.853,0.836,0.838,-0.014,-1.6432,286908.0,24295.674
512890.SH,20220927,0.838,0.834,0.846,0.829,0.845,0.007,0.8353,260849.0,21808.98
512890.SH,20220928,0.845,0.845,0.847,0.839,0.84,-0.005,-0.5917,252742.0,21280.574
512890.SH,20220929,0.84,0.841,0.846,0.828,0.832,-0.008,-0.9524,256342.0,21492.088
512890.SH,20220930,0.832,0.829,0.843,0.829,0.835,0.003,0.3606,268367.0,22410.816
512890.SH,20221010,0.835,0.835,0.852,0.835,0.842,0.007,0.8383,229583.0,19427.006
512890.SH,20221011,0.842,0.841,0.842,0.83,0.838,-0.004,-0.4751,228940.0,19121.218
512890.SH,20221012,0.838,0.837,0.849,0.831,0.845,0.007,0.8353,286527.0,23942.91
512890.SH,20221013,0.845,0.849,0.849,0.831,0.846,0.001,0.1183,236805.0,19808.96
512890.SH,20221014,0.846,0.844,0.851,0.841,0.847,0.001,0.1182,242049.0,20496.396
512890.SH,20221017,0.847,0.84,0.845,0.833,0.843,-0.004,-0.4723,231055.0,19388.143
512890.SH,20221018,0.843,0.846,0.847,0.837,0.841,-0.002,-0.2372,213221.0,17975.103
512890.SH,20221019,0.841,0.84,0.844,0.835,0.836,-0.005,-0.5945,256261.0,21527.153
512890.SH,20221020,0.836,0.834,0.836,0.829,0.83,-0.006,-0.7177,223158.0,18559.92
512890.SH,20221021,0.83,0.827,0.839,0.827,0.833,0.003,0.3614,252989.0,21150.276
512890.SH,20221024,0.833,0.825,0.833,0.811,0.815,-0.018,-2.1609,245929.0,20244.311
512890.SH,20221025,0.815,0.814,0.816,0.804,0.809,-0.006,-0.7362,216741.0,17542.033
512890.SH,20221026,0.809,0.813,0.813,0.8,0.803,-0.006,-0.7417,229925.0,18570.11
512890.SH,20221027,0.803,0.803,0.811,0.803,0.806,0.003,0.3736,215194.0,17408.461
512890.SH,20221028,0.806,0.808,0.808,0.791,0.792,-0.014,-1.737,250576.0,20069.714
512890.SH,20221031,0.792,0.793,0.793,0.771,0.772,-0.02,-2.5253,256495.0,19981.455
512890.SH,20221101,0.772,0.772,0.78,0.768,0.78,0.008,1.0363,245764.0,18999.01
512890.SH,20221102,0.78,0.779,0.793,0.778,0.791,0.011,1.4103,254714.0,19989.865
512890.SH,20221103,0.791,0.79,0.79,0.781,0.785,-0.006,-0.7585,214420.0,16824.857
512890.SH,20221104,0.785,0.785,0.8,0.785,0.795,0.01,1.2739,262456.0,20835.599
512890.SH,20221107,0.795,0.797,0.803,0.794,0.802,0.007,0.8805,382606.0,30561.413
512890.SH,20221108,0.802,0.801,0.804,0.798,0.8,-0.002,-0.2494,153801.0,12311.689
512890.SH,20221109,0.8,0.8,0.809,0.799,0.801,0.001,0.125,139273.0,11190.716
512890.SH,20221110,0.801,0.8,0.802,0.791,0.801,0.0,0.0,263042.0,20968.855
512890.SH,20221111,0.801,0.803,0.828,0.803,0.824,0.023,2.8714,270782.0,22117.485
512890.SH,20221114,0.824,0.823,0.836,0.818,0.818,-0.006,-0.7282,232247.0,19195.596
512890.SH,20221115,0.818,0.818,0.824,0.815,0.824,0.006,0.7335,199034.0,16346.161
512890.SH,20221116,0.824,0.824,0.824,0.82,0.821,-0.003,-0.3641,254557.0,20942.308
512890.SH,20221117,0.821,0.821,0.821,0.814,0.819,-0.002,-0.2436,172532.0,14132.344
512890.SH,20221118,0.819,0.818,0.821,0.815,0.816,-0.003,-0.3663,169283.0,13841.452
512890.SH,20221121,0.816,0.816,0.816,0.805,0.81,-0.006,-0.7353,204227.0,16491.233
512890.SH,20221122,0.81,0.81,0.826,0.81,0.819,0.009,1.1111,273641.0,22344.767
512890.SH,20221123,0.819,0.823,0.832,0.819,0.827,0.008,0.9768,261021.0,21575.298
512890.SH,20221124,0.827,0.828,0.832,0.826,0.829,0.002,0.2418,210002.0,17419.177
512890.SH,20221125,0.829,0.83,0.849,0.83,0.849,0.02,2.4125,257509.0,21624.949
512890.SH,20221128,0.849,0.84,0.841,0.83,0.84,-0.009,-1.0601,224100.0,18741.076
512890.SH,20221129,0.84,0.841,0.866,0.841,0.864,0.024,2.8571,223879.0,19186.355
512890.SH,20221130,0.864,0.86,0.876,0.86,0.864,0.0,0.0,250299.0,21784.724
512890.SH,20221201,0.864,0.862,0.871,0.856,0.858,-0.006,-0.6944,331294.0,28601.869
512890.SH,20221202,0.858,0.855,0.858,0.846,0.851,-0.007,-0.8159,211326.0,17932.283
512890.SH,20221205,0.851,0.85,0.868,0.85,0.866,0.015,1.7626,177918.0,15345.348
512890.SH,20221206,0.866,0.862,0.866,0.858,0.861,-0.005,-0.5774,197018.0,16993.909
512890.SH,20221207,0.861,0.86,0.863,0.85,0.856,-0.005,-0.5807,207782.0,17788.925
512890.SH,20221208,0.856,0.855,0.863,0.854,0.861,0.005,0.5841,427889.0,36796.861
512890.SH,20221209,0.861,0.864,0.864,0.854,0.857,-0.004,-0.4646,210308.0,18028.303
512890.SH,20221212,0.857,0.85,0.852,0.836,0.84,-0.017,-1.9837,426581.0,36007.111
512890.SH,20221213,0.84,0.84,0.845,0.838,0.843,0.003,0.3571,150771.0,12696.825
512890.SH,20221214,0.843,0.843,0.843,0.837,0.839,-0.004,-0.4745,148791.0,12492.092
512890.SH,20221215,0.839,0.84,0.842,0.83,0.832,-0.007,-0.8343,153363.0,12780.667
512890.SH,20221216,0.832,0.831,0.843,0.831,0.838,0.006,0.7212,173115.0,14514.921
512890.SH,20221219,0.838,0.839,0.84,0.822,0.826,-0.012,-1.432,157749.0,13102.203
512890.SH,20221220,0.826,0.825,0.825,0.814,0.818,-0.008,-0.9685,142187.0,11687.94
512890.SH,20221221,0.818,0.819,0.822,0.816,0.818,0.0,0.0,142447.0,11673.779
512890.SH,20221222,0.818,0.82,0.825,0.809,0.814,-0.004,-0.489,145078.0,11895.733
512890.SH,20221223,0.814,0.811,0.814,0.806,0.809,-0.005,-0.6143,135462.0,10978.801
512890.SH,20221226,0.809,0.81,0.81,0.807,0.809,0.0,0.0,139597.0,11274.978
512890.SH,20221227,0.809,0.81,0.821,0.808,0.819,0.01,1.2361,158362.0,12925.315
512890.SH,20221228,0.819,0.82,0.821,0.813,0.818,-0.001,-0.1221,144006.0,11781.608
512890.SH,20221229,0.818,0.817,0.817,0.811,0.814,-0.004,-0.489,140782.0,11456.675
512890.SH,20221230,0.814,0.814,0.82,0.812,0.818,0.004,0.4914,135264.0,11035.61
512890.SH,20230103,0.818,0.819,0.822,0.815,0.822,0.004,0.489,199669.0,16350.965
512890.SH,20230104,0.822,0.822,0.829,0.82,0.827,0.005,0.6083,197511.0,16300.242
512890.SH,20230105,0.827,0.827,0.829,0.825,0.826,-0.001,-0.1209,186023.0,15382.793
512890.SH,20230106,0.826,0.827,0.828,0.824,0.827,0.001,0.1211,161330.0,13314.731
512890.SH,20230109,0.827,0.826,0.829,0.825,0.826,-0.001,-0.1209,178548.0,14770.688
512890.SH,20230110,0.826,0.825,0.825,0.819,0.82,-0.006,-0.7264,206143.0,16938.099
512890.SH,20230111,0.82,0.82,0.827,0.818,0.824,0.004,0.4878,209443.0,17252.663
512890.SH,20230112,0.824,0.823,0.823,0.819,0.822,-0.002,-0.2427,190372.0,15633.762
512890.SH,20230113,0.822,0.823,0.831,0.822,0.831,0.009,1.0949,276154.0,22827.478
512890.SH,20230116,0.831,0.83,0.836,0.828,0.832,0.001,0.1203,209664.0,17439.802
512890.SH,20230117,0.832,0.832,0.832,0.827,0.83,-0.002,-0.2404,226767.0,18818.043
512890.SH,20230118,0.83,0.83,0.835,0.83,0.834,0.004,0.4819,224446.0,18687.376
512890.SH,20230119,0.834,0.834,0.837,0.83,0.837,0.003,0.3597,170435.0,14181.875
512890.SH,20230120,0.837,0.837,0.846,0.837,0.845,0.008,0.9558,214552.0,18052.037
512890.SH,20230130,0.845,0.848,0.852,0.84,0.84,-0.005,-0.5917,231988.0,19614.394
512890.SH,20230131,0.84,0.841,0.846,0.84,0.844,0.004,0.4762,219378.0,18503.144
512890.SH,20230201,0.844,0.845,0.849,0.841,0.849,0.005,0.5924,311054.21,26288.24
512890.SH,20230202,0.849,0.85,0.85,0.845,0.848,-0.001,-0.1178,289991.61,24600.249
512890.SH,20230203,0.848,0.848,0.849,0.838,0.843,-0.005,-0.5896,374438.47,31494.705
512890.SH,20230206,0.843,0.843,0.843,0.836,0.84,-0.003,-0.3559,287838.05,24163.96
512890.SH,20230207,0.84,0.842,0.845,0.84,0.843,0.003,0.3571,249877.6,21056.65
512890.SH,20230208,0.843,0.85,0.85,0.839,0.84,-0.003,-0.3559,207712.0,17487.996
512890.SH,20230209,0.84,0.835,0.847,0.835,0.847,0.007,0.8333,210340.0,17733.478
512890.SH,20230210,0.847,0.846,0.851,0.844,0.851,0.004,0.4723,229430.0,19433.661
512890.SH,20230213,0.851,0.85,0.854,0.846,0.854,0.003,0.3525,172190.0,14627.439
512890.SH,20230214,0.854,0.854,0.858,0.853,0.857,0.003,0.3513,188376.0,16135.523
512890.SH,20230215,0.857,0.857,0.86,0.854,0.855,-0.002,-0.2334,143574.0,12290.463
512890.SH,20230216,0.855,0.855,0.865,0.848,0.852,-0.003,-0.3509,238989.0,20581.726
512890.SH,20230217,0.852,0.851,0.855,0.848,0.849,-0.003,-0.3521,142736.0,12160.591
512890.SH,20230220,0.849,0.848,0.869,0.848,0.867,0.018,2.1201,256677.0,22082.692
512890.SH,20230221,0.867,0.865,0.878,0.865,0.876,0.009,1.0381,154928.0,13545.136
512890.SH,20230222,0.876,0.872,0.879,0.872,0.878,0.002,0.2283,428351.0,37561.869
512890.SH,20230223,0.878,0.882,0.882,0.872,0.874,-0.004,-0.4556,395176.0,34627.842
512890.SH,20230224,0.874,0.872,0.876,0.868,0.875,0.001,0.1144,192069.0,16768.766
512890.SH,20230227,0.875,0.876,0.876,0.869,0.871,-0.004,-0.4571,205968.0,17981.144
512890.SH,20230228,0.871,0.869,0.876,0.867,0.875,0.004,0.4592,241790.0,21051.306
512890.SH,20230301,0.875,0.873,0.882,0.873,0.88,0.005,0.5714,203994.0,17938.931
512890.SH,20230302,0.88,0.881,0.889,0.878,0.888,0.008,0.9091,219764.0,19448.281
512890.SH,20230303,0.888,0.888,0.896,0.886,0.895,0.007,0.7883,183586.1,16345.236
512890.SH,20230306,0.895,0.894,0.899,0.893,0.895,0.0,0.0,141280.0,12653.669
512890.SH,20230307,0.895,0.895,0.906,0.891,0.892,-0.003,-0.3352,144245.0,12990.12
512890.SH,20230308,0.892,0.885,0.891,0.884,0.89,-0.002,-0.2242,204127.0,18115.628
512890.SH,20230309,0.89,0.889,0.893,0.886,0.889,-0.001,-0.1124,160756.0,14303.204
512890.SH,20230310,0.889,0.889,0.889,0.87,0.871,-0.018,-2.0247,145306.0,12771.461
512890.SH,20230313,0.871,0.867,0.884,0.867,0.883,0.012,1.3777,140803.0,12349.66
512890.SH,20230314,0.883,0.883,0.887,0.875,0.879,-0.004,-0.453,129975.0,11451.899
512890.SH,20230315,0.879,0.881,0.895,0.881,0.893,0.014,1.5927,149674.0,13299.485
512890.SH,20230316,0.893,0.89,0.894,0.885,0.886,-0.007,-0.7839,147338.0,13107.177
512890.SH,20230317,0.886,0.887,0.902,0.887,0.9,0.014,1.5801,169395.0,15179.517
512890.SH,20230320,0.9,0.896,0.908,0.894,0.894,-0.006,-0.6667,203101.9,18335.311
512890.SH,20230321,0.894,0.892,0.898,0.886,0.892,-0.002,-0.2237,138581.9,12361.402
512890.SH,20230322,0.892,0.891,0.897,0.889,0.897,0.005,0.5605,148016.0,13223.521
512890.SH,20230323,0.897,0.895,0.897,0.89,0.897,0.0,0.0,106683.0,9524.551
512890.SH,20230324,0.897,0.897,0.897,0.888,0.89,-0.007,-0.7804,134080.0,11954.707
512890.SH,20230327,0.89,0.891,0.891,0.877,0.883,-0.007,-0.7865,147986.0,13038.644
512890.SH,20230328,0.883,0.88,0.89,0.879,0.886,0.003,0.3398,94232.0,8336.373
512890.SH,20230329,0.886,0.886,0.886,0.878,0.881,-0.005,-0.5643,117190.0,10328.962
512890.SH,20230330,0.881,0.883,0.886,0.875,0.883,0.002,0.227,154171.0,13581.759
512890.SH,20230331,0.883,0.883,0.89,0.883,0.887,0.004,0.453,206599.0,18330.738
512890.SH,20230403,0.887,0.889,0.897,0.888,0.896,0.009,1.0147,140668.0,12556.938
512890.SH,20230404,0.896,0.896,0.903,0.894,0.902,0.006,0.6696,273478.0,24624.501
512890.SH,20230406,0.902,0.902,0.902,0.893,0.896,-0.006,-0.6652,140914.0,12632.732
512890.SH,20230407,0.896,0.896,0.896,0.89,0.893,-0.003,-0.3348,227287.0,20275.574
512890.SH,20230410,0.893,0.893,0.896,0.892,0.892,-0.001,-0.112,237585.0,21234.989
512890.SH,20230411,0.892,0.892,0.904,0.892,0.904,0.012,1.3453,247408.0,22214.504
512890.SH,20230412,0.904,0.905,0.922,0.904,0.922,0.018,1.9912,340621.0,31222.453
512890.SH,20230413,0.922,0.923,0.927,0.918,0.923,0.001,0.1085,574355.0,53034.519
512890.SH,20230414,0.923,0.923,0.926,0.913,0.919,-0.004,-0.4334,269309.0,24739.212
512890.SH,20230417,0.919,0.919,0.931,0.915,0.929,0.01,1.0881,513421.0,47489.939
512890.SH,20230418,0.929,0.929,0.934,0.925,0.932,0.003,0.3229,945981.0,88068.396
512890.SH,20230419,0.932,0.932,0.939,0.931,0.934,0.002,0.2146,476435.12,44566.709
512890.SH,20230420,0.934,0.934,0.941,0.929,0.941,0.007,0.7495,637988.0,59660.171
512890.SH,20230421,0.941,0.941,0.947,0.927,0.928,-0.013,-1.3815,702798.0,65697.848
512890.SH,20230424,0.928,0.929,0.937,0.924,0.93,0.002,0.2155,469814.0,43685.39
512890.SH,20230425,0.93,0.925,0.937,0.921,0.936,0.006,0.6452,521261.0,48529.376
512890.SH,20230426,0.936,0.932,0.943,0.92,0.938,0.002,0.2137,496674.0,46305.493
512890.SH,20230427,0.938,0.935,0.946,0.934,0.94,0.002,0.2132,412990.0,38792.472
512890.SH,20230428,0.94,0.94,0.962,0.935,0.96,0.02,2.1277,570396.0,54320.439
512890.SH,20230504,0.96,0.961,0.99,0.955,0.989,0.029,3.0208,1278591.0,124689.459
512890.SH,20230505,0.989,0.988,1.002,0.978,0.984,-0.005,-0.5056,1326977.0,130994.596
512890.SH,20230508,0.984,0.985,1.016,0.982,1.011,0.027,2.7439,1140562.0,114437.225
512890.SH,20230509,1.011,1.011,1.022,0.996,0.998,-0.013,-1.2859,826848.0,83338.701
512890.SH,20230510,0.998,0.995,0.997,0.97,0.973,-0.025,-2.505,2106985.0,206301.276
512890.SH,20230511,0.973,0.972,0.991,0.966,0.98,0.007,0.7194,1579554.0,154202.186
512890.SH,20230512,0.98,0.972,0.977,0.96,0.963,-0.017,-1.7347,666389.0,64488.985
512890.SH,20230515,0.963,0.959,0.963,0.936,0.959,-0.004,-0.4154,1508860.5,143191.555
512890.SH,20230516,0.959,0.953,0.963,0.945,0.947,-0.012,-1.2513,520636.0,49640.334
512890.SH,20230517,0.947,0.944,0.951,0.941,0.946,-0.001,-0.1056,362776.0,34336.444
512890.SH,20230518,0.946,0.949,0.964,0.945,0.956,0.01,1.0571,876529.0,83920.71
512890.SH,20230519,0.956,0.952,0.954,0.939,0.941,-0.015,-1.569,952828.0,89975.531
512890.SH,20230522,0.941,0.939,0.944,0.935,0.939,-0.002,-0.2125,331878.0,31207.235
512890.SH,20230523,0.939,0.941,0.942,0.925,0.926,-0.013,-1.3845,574354.0,53582.599
512890.SH,20230524,0.926,0.924,0.924,0.91,0.913,-0.013,-1.4039,610148.0,55853.172
512890.SH,20230525,0.913,0.912,0.914,0.897,0.907,-0.006,-0.6572,454978.0,41197.021
512890.SH,20230526,0.907,0.905,0.925,0.904,0.922,0.015,1.6538,593418.0,54343.559
512890.SH,20230529,0.922,0.926,0.931,0.921,0.924,0.002,0.2169,541708.0,50079.666
512890.SH,20230530,0.924,0.921,0.933,0.917,0.931,0.007,0.7576,565200.0,52327.178
512890.SH,20230531,0.931,0.928,0.931,0.92,0.923,-0.008,-0.8593,393655.0,36401.508
512890.SH,20230601,0.923,0.918,0.934,0.918,0.927,0.004,0.4334,594082.0,55092.571
512890.SH,20230602,0.927,0.933,0.933,0.925,0.927,0.0,0.0,319570.0,29650.879
512890.SH,20230605,0.927,0.93,0.941,0.927,0.939,0.012,1.2945,487664.0,45641.097
512890.SH,20230606,0.939,0.939,0.947,0.93,0.931,-0.008,-0.852,382539.0,35936.272
512890.SH,20230607,0.931,0.931,0.942,0.93,0.941,0.01,1.0741,311409.0,29208.635
512890.SH,20230608,0.941,0.941,0.948,0.932,0.946,0.005,0.5313,2233486.0,210968.335
512890.SH,20230609,0.946,0.947,0.952,0.944,0.949,0.003,0.3171,1108457.0,105325.728
512890.SH,20230612,0.949,0.949,0.952,0.935,0.94,-0.009,-0.9484,1115995.0,105105.353
512890.SH,20230613,0.94,0.938,0.941,0.934,0.938,-0.002,-0.2128,610875.0,57286.092
512890.SH,20230614,0.938,0.936,0.946,0.93,0.931,-0.007,-0.7463,2636715.0,246241.381
512890.SH,20230615,0.931,0.931,0.936,0.93,0.933,0.002,0.2148,609893.0,56911.235
512890.SH,20230616,0.933,0.935,0.939,0.932,0.933,0.0,0.0,493320.0,46176.072
512890.SH,20230619,0.933,0.933,0.934,0.917,0.918,-0.015,-1.6077,1213656.0,111824.854
512890.SH,20230620,0.918,0.916,0.919,0.909,0.912,-0.006,-0.6536,543298.0,49652.525
512890.SH,20230621,0.912,0.911,0.915,0.903,0.906,-0.006,-0.6579,671249.0,61121.242
512890.SH,20230626,0.906,0.898,0.902,0.884,0.887,-0.019,-2.0971,471533.0,42034.381
512890.SH,20230627,0.887,0.887,0.908,0.885,0.905,0.018,2.0293,703178.0,63387.07
512890.SH,20230628,0.905,0.905,0.91,0.9,0.909,0.004,0.442,657745.0,59631.22
512890.SH,20230629,0.909,0.91,0.911,0.904,0.906,-0.003,-0.33,375427.0,34021.244
512890.SH,20230630,0.906,0.906,0.914,0.905,0.911,0.005,0.5519,231358.0,21065.761
512890.SH,20230703,0.911,0.912,0.925,0.911,0.922,0.011,1.2075,319082.0,29270.993
512890.SH,20230704,0.922,0.922,0.924,0.915,0.921,-0.001,-0.1085,683172.0,62908.105
512890.SH,20230705,0.921,0.921,0.922,0.916,0.919,-0.002,-0.2172,316453.0,29061.843
512890.SH,20230706,0.919,0.919,0.923,0.913,0.916,-0.003,-0.3264,340199.0,31245.59
512890.SH,20230707,0.916,0.913,0.922,0.912,0.918,0.002,0.2183,527494.0,48372.16
512890.SH,20230710,0.918,0.922,0.923,0.917,0.92,0.002,0.2179,343299.0,31549.732
512890.SH,20230711,0.92,0.92,0.925,0.917,0.921,0.001,0.1087,371123.0,34226.198
512890.SH,20230712,0.921,0.922,0.93,0.92,0.922,0.001,0.1086,770355.0,71370.176
512890.SH,20230713,0.922,0.924,0.934,0.921,0.933,0.011,1.1931,272497.0,25306.011
512890.SH,20230714,0.933,0.934,0.939,0.932,0.937,0.004,0.4287,454509.0,42539.162
512890.SH,20230717,0.937,0.935,0.935,0.925,0.93,-0.007,-0.7471,458063.0,42490.229
512890.SH,20230718,0.93,0.93,0.931,0.925,0.928,-0.002,-0.2151,225837.0,20939.392
512890.SH,20230719,0.928,0.929,0.936,0.929,0.935,0.007,0.7543,479536.0,44749.232
512890.SH,20230720,0.935,0.938,0.939,0.928,0.929,-0.006,-0.6417,307699.0,28755.517
512890.SH,20230721,0.929,0.927,0.932,0.925,0.928,-0.001,-0.1076,345009.0,32027.508
512890.SH,20230724,0.928,0.931,0.933,0.925,0.93,0.002,0.2155,451886.0,41982.244
512890.SH,20230725,0.93,0.935,0.949,0.934,0.947,0.017,1.828,566480.0,53487.453
512890.SH,20230726,0.947,0.947,0.949,0.941,0.945,-0.002,-0.2112,1748027.0,165180.032
512890.SH,20230727,0.945,0.945,0.956,0.943,0.947,0.002,0.2116,766675.0,72777.738
512890.SH,20230728,0.947,0.946,0.964,0.943,0.963,0.016,1.6895,805660.0,77015.806
512890.SH,20230731,0.963,0.966,0.975,0.964,0.969,0.006,0.6231,1111660.0,107782.491
512890.SH,20230801,0.969,0.969,0.976,0.967,0.969,0.0,0.0,512988.0,49820.69
512890.SH,20230802,0.969,0.97,0.97,0.955,0.959,-0.01,-1.032,531006.0,51069.773
512890.SH,20230803,0.959,0.958,0.964,0.952,0.961,0.002,0.2086,596197.0,57174.595
512890.SH,20230804,0.961,0.968,0.971,0.962,0.962,0.001,0.1041,675189.0,65241.73
512890.SH,20230807,0.962,0.962,0.962,0.952,0.953,-0.009,-0.9356,469225.0,44789.264
512890.SH,20230808,0.953,0.952,0.959,0.952,0.957,0.004,0.4197,454301.0,43406.932
512890.SH,20230809,0.957,0.955,0.956,0.947,0.95,-0.007,-0.7315,515513.0,49045.55
512890.SH,20230810,0.95,0.951,0.955,0.947,0.95,0.0,0.0,369059.0,35055.164
512890.SH,20230811,0.95,0.951,0.953,0.937,0.94,-0.01,-1.0526,946159.0,89262.111
512890.SH,20230814,0.94,0.932,0.94,0.924,0.938,-0.002,-0.2128,729020.0,67872.057
512890.SH,20230815,0.938,0.938,0.945,0.934,0.944,0.006,0.6397,1531771.0,144019.399
512890.SH,20230816,0.944,0.942,0.943,0.933,0.939,-0.005,-0.5297,588434.0,55123.046
512890.SH,20230817,0.939,0.935,0.939,0.93,0.938,-0.001,-0.1065,1086156.0,101403.382
512890.SH,20230818,0.938,0.937,0.946,0.934,0.936,-0.002,-0.2132,585370.0,54993.112
512890.SH,20230821,0.936,0.936,0.939,0.928,0.929,-0.007,-0.7479,492497.0,45941.852
512890.SH,20230822,0.929,0.93,0.942,0.928,0.942,0.013,1.3994,511704.0,47770.632
512890.SH,20230823,0.942,0.936,0.947,0.935,0.939,-0.003,-0.3185,726416.0,68467.408
512890.SH,20230824,0.939,0.941,0.943,0.932,0.935,-0.004,-0.426,966008.0,90512.057
512890.SH,20230825,0.935,0.932,0.939,0.929,0.934,-0.001,-0.107,911844.0,85223.513
512890.SH,20230828,0.934,0.97,0.976,0.942,0.945,0.011,1.1777,741040.54,70776.012
512890.SH,20230829,0.945,0.945,0.948,0.939,0.946,0.001,0.1058,905475.0,85407.838
512890.SH,20230830,0.946,0.947,0.947,0.936,0.937,-0.009,-0.9514,1107853.0,104216.745
512890.SH,20230831,0.937,0.937,0.94,0.929,0.932,-0.005,-0.5336,698036.0,65078.988
512890.SH,20230901,0.932,0.932,0.939,0.932,0.937,0.005,0.5365,409737.0,38362.318
512890.SH,20230904,0.937,0.938,0.957,0.938,0.956,0.019,2.0277,947639.45,90209.293
512890.SH,20230905,0.956,0.955,0.955,0.944,0.947,-0.009,-0.9414,820348.0,77711.678
512890.SH,20230906,0.947,0.946,0.946,0.94,0.943,-0.004,-0.4224,797330.0,75239.255
512890.SH,20230907,0.943,0.945,0.948,0.94,0.942,-0.001,-0.106,703455.0,66410.166
512890.SH,20230908,0.942,0.941,0.942,0.932,0.938,-0.004,-0.4246,673450.0,63037.4
512890.SH,20230911,0.938,0.937,0.945,0.936,0.944,0.006,0.6397,605973.0,57061.87
512890.SH,20230912,0.944,0.944,0.944,0.94,0.942,-0.002,-0.2119,409944.0,38600.46
512890.SH,20230913,0.942,0.941,0.949,0.94,0.943,0.001,0.1062,953486.0,90024.578
512890.SH,20230914,0.943,0.945,0.952,0.942,0.949,0.006,0.6363,1048418.0,99492.663
512890.SH,20230915,0.949,0.951,0.96,0.948,0.95,0.001,0.1054,1149402.03,109545.386
512890.SH,20230918,0.95,0.948,0.952,0.942,0.95,0.0,0.0,752061.0,71259.045
512890.SH,20230919,0.95,0.949,0.958,0.949,0.955,0.005,0.5263,833981.0,79615.997
512890.SH,20230920,0.955,0.954,0.962,0.952,0.961,0.006,0.6283,2396196.0,230032.459
512890.SH,20230921,0.961,0.958,0.961,0.952,0.953,-0.008,-0.8325,910773.0,86948.938
512890.SH,20230922,0.953,0.95,0.96,0.949,0.958,0.005,0.5247,1587467.0,151947.807
512890.SH,20230925,0.958,0.959,0.962,0.956,0.958,0.0,0.0,744079.0,71296.33
512890.SH,20230926,0.958,0.958,0.959,0.953,0.956,-0.002,-0.2088,693900.0,66260.818
512890.SH,20230927,0.956,0.955,0.958,0.951,0.953,-0.003,-0.3138,871525.0,83101.058
512890.SH,20230928,0.953,0.953,0.955,0.95,0.952,-0.001,-0.1049,650308.0,61935.957
512890.SH,20231009,0.952,0.948,0.95,0.937,0.949,-0.003,-0.3151,985705.0,93279.781
512890.SH,20231010,0.949,0.95,0.951,0.936,0.936,-0.013,-1.3699,914472.0,86012.864
512890.SH,20231011,0.936,0.939,0.941,0.935,0.936,0.0,0.0,793693.0,74433.228
512890.SH,20231012,0.936,0.94,0.948,0.938,0.948,0.012,1.2821,1214038.0,114738.416
512890.SH,20231013,0.948,0.941,0.949,0.941,0.947,-0.001,-0.1055,703115.0,66517.308
512890.SH,20231016,0.947,0.946,0.951,0.942,0.951,0.004,0.4224,552985.0,52402.39
512890.SH,20231017,0.951,0.95,0.958,0.95,0.956,0.005,0.5258,767631.0,73206.654
512890.SH,20231018,0.956,0.957,0.957,0.949,0.951,-0.005,-0.523,788700.0,75142.475
512890.SH,20231019,0.951,0.948,0.948,0.931,0.931,-0.02,-2.103,1087348.0,101975.155
512890.SH,20231020,0.931,0.928,0.936,0.925,0.934,0.003,0.3222,913773.0,84896.424
512890.SH,20231023,0.934,0.927,0.927,0.907,0.915,-0.019,-2.0343,1423713.0,130357.851
512890.SH,20231024,0.915,0.916,0.922,0.912,0.92,0.005,0.5464,685155.0,62871.585
512890.SH,20231025,0.92,0.925,0.935,0.925,0.931,0.011,1.1957,718959.0,66926.997
512890.SH,20231026,0.931,0.927,0.934,0.925,0.934,0.003,0.3222,779473.0,72438.882
512890.SH,20231027,0.934,0.933,0.94,0.932,0.938,0.004,0.4283,665017.0,62284.994
512890.SH,20231030,0.938,0.935,0.935,0.919,0.922,-0.016,-1.7058,2494343.0,230000.998
512890.SH,20231031,0.922,0.92,0.923,0.917,0.922,0.0,0.0,600812.1,55246.506
512890.SH,20231101,0.922,0.922,0.924,0.917,0.923,0.001,0.1085,775697.0,71375.321
512890.SH,20231102,0.923,0.922,0.929,0.921,0.925,0.002,0.2167,632090.0,58570.289
512890.SH,20231103,0.925,0.924,0.926,0.918,0.919,-0.006,-0.6486,843963.0,77841.026
512890.SH,20231106,0.919,0.92,0.922,0.914,0.917,-0.002,-0.2176,1356043.33,124215.565
512890.SH,20231107,0.917,0.916,0.92,0.912,0.919,0.002,0.2181,1412989.33,129469.864
512890.SH,20231108,0.919,0.918,0.922,0.916,0.919,0.0,0.0,1138706.0,104684.711
512890.SH,20231109,0.919,0.918,0.924,0.917,0.921,0.002,0.2176,738458.0,68054.558
512890.SH,20231110,0.921,0.92,0.92,0.911,0.916,-0.005,-0.5429,822109.0,75121.956
512890.SH,20231113,0.916,0.916,0.919,0.912,0.919,0.003,0.3275,565769.0,51785.496
512890.SH,20231114,0.919,0.919,0.921,0.916,0.92,0.001,0.1088,1129553.0,103795.834
512890.SH,20231115,0.92,0.922,0.927,0.922,0.927,0.007,0.7609,599199.0,55427.319
512890.SH,20231116,0.927,0.925,0.929,0.922,0.926,-0.001,-0.1079,1516081.0,140436.731
512890.SH,20231117,0.926,0.925,0.926,0.92,0.924,-0.002,-0.216,400324.0,36939.057
512890.SH,20231120,0.924,0.925,0.928,0.92,0.928,0.004,0.4329,697365.0,64422.813
512890.SH,20231121,0.928,0.927,0.935,0.926,0.931,0.003,0.3233,1222884.0,113898.784
512890.SH,20231122,0.931,0.928,0.935,0.927,0.927,-0.004,-0.4296,942104.0,87755.009
512890.SH,20231123,0.927,0.926,0.934,0.924,0.933,0.006,0.6472,696007.0,64708.636
512890.SH,20231124,0.933,0.932,0.935,0.929,0.933,0.0,0.0,561937.0,52403.771
512890.SH,20231127,0.933,0.931,0.932,0.921,0.926,-0.007,-0.7503,660349.0,61054.434
512890.SH,20231128,0.926,0.926,0.926,0.92,0.926,0.0,0.0,577189.0,53219.871
512890.SH,20231129,0.926,0.926,0.926,0.917,0.919,-0.007,-0.7559,683804.0,62914.992
512890.SH,20231130,0.919,0.917,0.921,0.917,0.921,0.002,0.2176,577157.0,53065.209
512890.SH,20231201,0.921,0.92,0.933,0.92,0.932,0.011,1.1944,840639.0,77696.795
512890.SH,20231204,0.932,0.928,0.931,0.926,0.928,-0.004,-0.4292,950195.0,88187.538
512890.SH,20231205,0.928,0.927,0.928,0.913,0.916,-0.012,-1.2931,1644495.0,151349.188
512890.SH,20231206,0.916,0.912,0.916,0.903,0.913,-0.003,-0.3275,737463.0,67141.24
512890.SH,20231207,0.913,0.911,0.914,0.906,0.912,-0.001,-0.1095,703695.0,64072.473
512890.SH,20231208,0.912,0.912,0.916,0.909,0.911,-0.001,-0.1096,752788.0,68679.89
512890.SH,20231211,0.911,0.909,0.922,0.896,0.92,0.009,0.9879,923386.0,83899.041
512890.SH,20231212,0.92,0.921,0.926,0.914,0.925,0.005,0.5435,715243.0,65910.713
512890.SH,20231213,0.925,0.922,0.926,0.918,0.919,-0.006,-0.6486,897795.0,82802.071
512890.SH,20231214,0.919,0.919,0.923,0.915,0.918,-0.001,-0.1088,425394.0,39070.096
512890.SH,20231215,0.918,0.917,0.92,0.91,0.913,-0.005,-0.5447,456735.0,41822.306
512890.SH,20231218,0.913,0.91,0.917,0.908,0.912,-0.001,-0.1095,433974.0,39630.782
512890.SH,20231219,0.912,0.912,0.913,0.906,0.911,-0.001,-0.1096,585921.0,53236.103
512890.SH,20231220,0.911,0.91,0.919,0.908,0.908,-0.003,-0.3293,628929.0,57474.975
512890.SH,20231221,0.908,0.908,0.908,0.898,0.906,-0.002,-0.2203,703163.01,63482.546
512890.SH,20231222,0.906,0.904,0.913,0.904,0.907,0.001,0.1104,757919.0,68894.121
512890.SH,20231225,0.907,0.908,0.908,0.899,0.906,-0.001,-0.1103,581641.0,52481.373
512890.SH,20231226,0.906,0.906,0.914,0.905,0.905,-0.001,-0.1104,1663328.0,151168.6
512890.SH,20231227,0.905,0.904,0.913,0.902,0.912,0.007,0.7735,655904.0,59537.127
512890.SH,20231228,0.912,0.913,0.915,0.906,0.91,-0.002,-0.2193,1003049.0,91240.869
512890.SH,20231229,0.91,0.909,0.915,0.907,0.914,0.004,0.4396,926120.0,84425.199
512890.SH,20240102,0.914,0.913,0.929,0.913,0.925,0.011,1.2035,1418845.01,131143.994
512890.SH,20240103,0.925,0.922,0.937,0.921,0.935,0.01,1.0811,5676371.0,529585.551
512890.SH,20240104,0.935,0.936,0.947,0.935,0.946,0.011,1.1765,2787011.83,261813.621
512890.SH,20240105,0.946,0.949,0.96,0.94,0.947,0.001,0.1057,7835172.88,746359.431
512890.SH,20240108,0.947,0.943,0.947,0.936,0.936,-0.011,-1.1616,2466271.0,231885.698
512890.SH,20240109,0.936,0.935,0.945,0.93,0.943,0.007,0.7479,1732290.83,162828.435
512890.SH,20240110,0.943,0.941,0.944,0.937,0.938,-0.005,-0.5302,1006328.0,94498.201
512890.SH,20240111,0.938,0.936,0.939,0.929,0.93,-0.008,-0.8529,2876757.0,268919.105
512890.SH,20240112,0.93,0.928,0.94,0.926,0.934,0.004,0.4301,1064067.0,99615.845
512890.SH,20240115,0.934,0.935,0.944,0.933,0.941,0.007,0.7495,1735592.0,163275.798
512890.SH,20240116,0.941,0.941,0.95,0.937,0.947,0.006,0.6376,2247587.0,212086.182
512890.SH,20240117,0.947,0.945,0.949,0.933,0.934,-0.013,-1.3728,2764283.17,260738.896
512890.SH,20240118,0.934,0.936,0.936,0.902,0.928,-0.006,-0.6424,3131709.0,286476.169
512890.SH,20240119,0.928,0.925,0.928,0.918,0.922,-0.006,-0.6466,1494269.0,137855.102
512890.SH,20240122,0.922,0.922,0.922,0.887,0.898,-0.024,-2.603,3573096.0,322642.492
512890.SH,20240123,0.898,0.893,0.909,0.886,0.904,0.006,0.6682,1888937.0,169461.505
512890.SH,20240124,0.904,0.904,0.926,0.904,0.925,0.021,2.323,1847208.0,168669.913
512890.SH,20240125,0.925,0.925,0.955,0.924,0.953,0.028,3.027,2342443.0,221174.523
512890.SH,20240126,0.953,0.953,0.97,0.951,0.969,0.016,1.6789,2515718.0,242286.81
512890.SH,20240129,0.969,0.97,0.98,0.965,0.969,0.0,0.0,2420622.0,235178.688
512890.SH,20240130,0.969,0.965,0.972,0.956,0.962,-0.007,-0.7224,2093586.0,201939.137
512890.SH,20240131,0.962,0.957,0.967,0.95,0.956,-0.006,-0.6237,2237214.0,214327.646
512890.SH,20240201,0.956,0.955,0.955,0.941,0.946,-0.01,-1.046,1315365.96,124732.931
512890.SH,20240202,0.946,0.946,0.963,0.928,0.948,0.002,0.2114,8634193.13,823611.711
512890.SH,20240205,0.948,0.943,0.953,0.925,0.95,0.002,0.211,3960890.45,372823.125
512890.SH,20240206,0.95,0.941,0.965,0.935,0.963,0.013,1.3684,2893650.0,274264.482
512890.SH,20240207,0.963,0.963,0.98,0.952,0.974,0.011,1.1423,3177167.93,306170.1
512890.SH,20240208,0.974,0.974,0.977,0.963,0.973,-0.001,-0.1027,1988239.8,192948.227
512890.SH,20240219,0.973,0.974,0.998,0.965,0.996,0.023,2.3638,2566605.74,253104.484
512890.SH,20240220,0.996,0.998,1.005,0.988,1.004,0.008,0.8032,1802413.44,180271.774
512890.SH,20240221,1.004,0.997,1.021,0.995,1.009,0.005,0.498,3645283.0,369080.675
512890.SH,20240222,1.009,1.007,1.023,1.004,1.021,0.012,1.1893,1619079.0,164198.263
512890.SH,20240223,1.021,1.019,1.034,1.018,1.023,0.002,0.1959,1503529.0,153963.83
512890.SH,20240226,1.023,1.02,1.022,0.994,0.997,-0.026,-2.5415,3543458.56,355989.506
512890.SH,20240227,0.997,0.996,1.007,0.993,1.004,0.007,0.7021,1572080.0,157300.565
512890.SH,20240228,1.004,1.003,1.009,0.994,0.996,-0.008,-0.7968,1959590.0,195993.443
512890.SH,20240229,0.996,0.995,1.005,0.989,1.004,0.008,0.8032,1393833.0,139276.901
512890.SH,20240301,1.004,1.001,1.009,0.999,1.004,0.0,0.0,1320196.4,132488.698
512890.SH,20240304,1.004,1.004,1.009,0.997,1.009,0.005,0.498,1525870.0,153414.67
512890.SH,20240305,1.009,1.007,1.02,1.005,1.018,0.009,0.892,2495957.97,253294.686
512890.SH,20240306,1.018,1.016,1.027,1.015,1.018,0.0,0.0,1305557.17,133380.45
512890.SH,20240307,1.018,1.018,1.031,1.017,1.021,0.003,0.2947,1175572.85,120420.066
512890.SH,20240308,1.021,1.023,1.029,1.015,1.027,0.006,0.5877,2036054.0,208285.12
512890.SH,20240311,1.027,1.024,1.03,1.011,1.02,-0.007,-0.6816,3933510.6,400100.943
512890.SH,20240312,1.02,1.016,1.018,0.992,0.995,-0.025,-2.451,4469737.56,446718.498
512890.SH,20240313,0.995,0.991,0.996,0.983,0.993,-0.002,-0.201,3095789.79,306341.6
512890.SH,20240314,0.993,0.991,1.0,0.987,0.996,0.003,0.3021,1577178.4,157079.677
512890.SH,20240315,0.996,0.996,0.999,0.99,0.997,0.001,0.1004,3053210.15,303159.656
512890.SH,20240318,0.997,0.997,0.998,0.991,0.998,0.001,0.1003,1485704.84,147717.797
512890.SH,20240319,0.998,0.998,1.001,0.993,0.994,-0.004,-0.4008,897343.27,89576.765
512890.SH,20240320,0.994,0.995,1.002,0.988,1.0,0.006,0.6036,1129729.23,112613.479
512890.SH,20240321,1.0,0.998,1.007,0.995,1.006,0.006,0.6,1660843.0,166565.454
512890.SH,20240322,1.006,1.004,1.006,0.993,1.001,-0.005,-0.497,1356711.42,135586.183
512890.SH,20240325,1.001,1.0,1.014,0.997,1.003,0.002,0.1998,1452677.0,146454.873
512890.SH,20240326,1.003,1.003,1.005,0.993,1.004,0.001,0.0997,1358722.0,135782.315
512890.SH,20240327,1.004,1.003,1.01,0.995,0.998,-0.006,-0.5976,2162567.53,217488.745
512890.SH,20240328,0.998,0.998,1.005,0.994,1.0,0.002,0.2004,1146622.0,114564.426
512890.SH,20240329,1.0,0.998,1.016,0.997,1.015,0.015,1.5,2350911.85,237165.805
512890.SH,20240401,1.015,1.014,1.024,1.011,1.015,0.0,0.0,1390671.0,140996.886
512890.SH,20240402,1.015,1.016,1.026,1.015,1.023,0.008,0.7882,935867.19,95569.925
512890.SH,20240403,1.023,1.025,1.033,1.018,1.033,0.01,0.9775,4966159.0,511524.207
512890.SH,20240408,1.033,1.029,1.043,1.024,1.036,0.003,0.2904,6237069.99,648350.32
512890.SH,20240409,1.036,1.033,1.042,1.025,1.029,-0.007,-0.6757,1193677.0,123100.147
512890.SH,20240410,1.029,1.029,1.037,1.025,1.03,0.001,0.0972,1693053.0,174815.644
512890.SH,20240411,1.03,1.029,1.047,1.025,1.043,0.013,1.2621,2300679.0,239162.681
512890.SH,20240412,1.043,1.041,1.046,1.036,1.04,-0.003,-0.2876,1703722.0,177393.292
512890.SH,20240415,1.04,1.041,1.065,1.037,1.063,0.023,2.2115,3268639.0,345099.426
512890.SH,20240416,1.063,1.064,1.073,1.052,1.061,-0.002,-0.1881,2742182.0,291494.903
512890.SH,20240417,1.061,1.061,1.083,1.053,1.082,0.021,1.9793,3737670.0,398985.93
512890.SH,20240418,1.082,1.078,1.094,1.075,1.082,0.0,0.0,4505033.0,488259.335
512890.SH,20240419,1.082,1.074,1.091,1.074,1.084,0.002,0.1848,2772687.15,300714.397
512890.SH,20240422,1.084,1.084,1.09,1.06,1.062,-0.022,-2.0295,3500655.0,374306.115
512890.SH,20240423,1.062,1.056,1.058,1.042,1.046,-0.016,-1.5066,3619366.0,379426.908
512890.SH,20240424,1.046,1.042,1.047,1.034,1.043,-0.003,-0.2868,2128627.0,221337.094
512890.SH,20240425,1.043,1.043,1.053,1.039,1.052,0.009,0.8629,1877485.0,196208.643
512890.SH,20240426,1.052,1.047,1.053,1.033,1.039,-0.013,-1.2357,5013460.0,521061.078
512890.SH,20240429,1.039,1.035,1.038,1.028,1.036,-0.003,-0.2887,12983285.0,1341459.682
512890.SH,20240430,1.036,1.03,1.046,1.03,1.04,0.004,0.3861,2877419.0,299249.831
512890.SH,20240506,1.04,1.042,1.048,1.036,1.047,0.007,0.6731,2236476.0,233401.708
512890.SH,20240507,1.047,1.048,1.049,1.04,1.048,0.001,0.0955,1704701.68,178177.052
512890.SH,20240508,1.048,1.044,1.059,1.044,1.053,0.005,0.4771,2637057.0,278001.163
512890.SH,20240509,1.053,1.051,1.062,1.05,1.061,0.008,0.7597,1675034.0,177121.834
512890.SH,20240510,1.061,1.06,1.068,1.057,1.066,0.005,0.4713,2123880.0,225697.861
512890.SH,20240513,1.066,1.062,1.074,1.056,1.072,0.006,0.5629,2951282.0,314964.323
512890.SH,20240514,1.072,1.068,1.071,1.061,1.068,-0.004,-0.3731,1950948.36,208062.307
512890.SH,20240515,1.068,1.066,1.074,1.062,1.066,-0.002,-0.1873,3559273.0,380773.509
512890.SH,20240516,1.066,1.068,1.073,1.065,1.068,0.002,0.1876,1761702.0,188369.649
512890.SH,20240517,1.068,1.068,1.076,1.064,1.075,0.007,0.6554,1605503.0,171623.757
512890.SH,20240520,1.075,1.076,1.09,1.075,1.087,0.012,1.1163,2443983.0,264787.735
512890.SH,20240521,1.087,1.085,1.092,1.083,1.089,0.002,0.184,2371600.27,258122.884
512890.SH,20240522,1.089,1.089,1.098,1.086,1.088,-0.001,-0.0918,1989113.0,217345.031
512890.SH,20240523,1.088,1.085,1.086,1.073,1.076,-0.012,-1.1029,2449222.0,264150.412
512890.SH,20240524,1.076,1.074,1.088,1.073,1.076,0.0,0.0,2484445.0,268743.346
512890.SH,20240527,1.076,1.077,1.095,1.076,1.095,0.019,1.7658,2066872.69,224944.553
512890.SH,20240528,1.095,1.095,1.097,1.086,1.09,-0.005,-0.4566,2528859.92,276114.733
512890.SH,20240529,1.09,1.089,1.1,1.085,1.092,0.002,0.1835,2145286.0,234452.322
512890.SH,20240530,1.092,1.087,1.098,1.08,1.083,-0.009,-0.8242,2031719.98,221070.445
512890.SH,20240531,1.083,1.083,1.09,1.081,1.085,0.002,0.1847,1345786.69,146100.859
512890.SH,20240603,1.085,1.084,1.084,1.066,1.071,-0.014,-1.2903,1869284.23,200685.204
512890.SH,20240604,1.071,1.069,1.078,1.065,1.076,0.005,0.4669,2023143.04,216997.235
512890.SH,20240605,1.076,1.076,1.077,1.059,1.06,-0.016,-1.487,2070208.0,220618.544
512890.SH,20240606,1.06,1.06,1.072,1.06,1.066,0.006,0.566,2074641.0,221129.45
512890.SH,20240607,1.066,1.065,1.075,1.064,1.075,0.009,0.8443,1964046.0,210148.037
512890.SH,20240611,1.075,1.073,1.075,1.05,1.055,-0.02,-1.8605,2282032.0,241559.95
512890.SH,20240612,1.055,1.053,1.068,1.049,1.066,0.011,1.0427,1657816.0,175555.751
512890.SH,20240613,1.066,1.068,1.068,1.052,1.055,-0.011,-1.0319,1702315.0,179959.691
512890.SH,20240614,1.055,1.054,1.061,1.052,1.058,0.003,0.2844,1323256.0,139832.503
512890.SH,20240617,1.058,1.057,1.058,1.042,1.044,-0.014,-1.3233,1790828.0,187566.436
512890.SH,20240618,1.044,1.043,1.049,1.037,1.047,0.003,0.2874,1785188.0,186597.608
512890.SH,20240619,1.047,1.047,1.055,1.046,1.051,0.004,0.382,2029810.0,213395.842
512890.SH,20240620,1.051,1.05,1.054,1.045,1.05,-0.001,-0.0951,1407511.0,147736.846
512890.SH,20240621,1.05,1.048,1.055,1.045,1.05,0.0,0.0,1214234.0,127462.701
512890.SH,20240624,1.05,1.048,1.048,1.031,1.036,-0.014,-1.3333,1450020.69,150426.564
512890.SH,20240625,1.036,1.036,1.046,1.035,1.042,0.006,0.5792,1600878.8,166564.246
512890.SH,20240626,1.042,1.04,1.048,1.035,1.047,0.005,0.4798,1938458.0,201809.85
512890.SH,20240627,1.047,1.045,1.051,1.041,1.046,-0.001,-0.0955,2339637.57,244788.318
512890.SH,20240628,1.046,1.046,1.062,1.043,1.059,0.013,1.2428,3273725.98,345765.258
512890.SH,20240701,1.059,1.058,1.078,1.057,1.078,0.019,1.7941,2014582.98,215794.637
512890.SH,20240702,1.078,1.077,1.08,1.069,1.08,0.002,0.1855,2133977.0,229727.874
512890.SH,20240703,1.08,1.078,1.081,1.066,1.068,-0.012,-1.1111,2199185.94,235499.479
512890.SH,20240704,1.068,1.068,1.075,1.062,1.064,-0.004,-0.3745,1325878.0,141740.471
512890.SH,20240705,1.064,1.064,1.068,1.05,1.057,-0.007,-0.6579,1867090.0,197206.321
512890.SH,20240708,1.057,1.057,1.062,1.05,1.052,-0.005,-0.473,2165033.0,228367.613
512890.SH,20240709,1.052,1.051,1.066,1.046,1.065,0.013,1.2357,2164721.0,228838.302
512890.SH,20240710,1.065,1.062,1.063,1.044,1.044,-0.021,-1.9718,3848583.28,403984.686
512890.SH,20240711,1.044,1.047,1.051,1.042,1.046,0.002,0.1916,1609355.32,168309.877
512890.SH,20240712,1.046,1.046,1.054,1.044,1.047,0.001,0.0956,3618035.0,378612.602
512890.SH,20240715,1.047,1.045,1.058,1.04,1.057,0.01,0.9551,2038330.0,214581.559
512890.SH,20240716,1.057,1.055,1.06,1.048,1.053,-0.004,-0.3784,1288408.0,135574.303
512890.SH,20240717,1.053,1.054,1.055,1.044,1.047,-0.006,-0.5698,1096736.0,114853.385
512890.SH,20240718,1.047,1.045,1.052,1.038,1.051,0.004,0.382,1670942.0,174565.145
512890.SH,20240719,1.051,1.048,1.049,1.037,1.043,-0.008,-0.7612,1981984.0,206190.402
512890.SH,20240722,1.043,1.042,1.043,1.024,1.033,-0.01,-0.9588,2268351.53,233792.328
512890.SH,20240723,1.033,1.031,1.038,1.028,1.029,-0.004,-0.3872,1540970.79,159300.543
512890.SH,20240724,1.029,1.027,1.035,1.024,1.029,0.0,0.0,1835225.06,189158.219
512890.SH,20240725,1.029,1.026,1.029,1.015,1.024,-0.005,-0.4859,1705425.23,174138.795
512890.SH,20240726,1.024,1.022,1.025,1.01,1.016,-0.008,-0.7813,1526348.91,154814.084
512890.SH,20240729,1.016,1.014,1.022,1.011,1.021,0.005,0.4921,1328579.0,135227.954
512890.SH,20240730,1.021,1.019,1.02,1.011,1.013,-0.008,-0.7835,1421796.0,144176.731
512890.SH,20240731,1.013,1.012,1.025,1.012,1.024,0.011,1.0859,2131880.0,217453.573
512890.SH,20240801,1.024,1.023,1.03,1.021,1.025,0.001,0.0977,1497218.0,153571.45
512890.SH,20240802,1.025,1.021,1.028,1.017,1.023,-0.002,-0.1951,1612700.0,165178.265
512890.SH,20240805,1.023,1.022,1.025,1.008,1.013,-0.01,-0.9775,2036130.0,207006.87
512890.SH,20240806,1.013,1.014,1.019,1.0,1.007,-0.006,-0.5923,1948766.0,196188.24
512890.SH,20240807,1.007,1.006,1.016,1.003,1.012,0.005,0.4965,1219792.0,123362.579
512890.SH,20240808,1.012,1.012,1.014,1.007,1.012,0.0,0.0,935344.0,94625.793
512890.SH,20240809,1.012,1.015,1.018,1.013,1.014,0.002,0.1976,1087281.0,110357.786
512890.SH,20240812,1.014,1.013,1.02,1.01,1.017,0.003,0.2959,1093747.17,111103.379
512890.SH,20240813,1.017,1.018,1.023,1.014,1.02,0.003,0.295,1203525.84,122585.208
512890.SH,20240814,1.02,1.018,1.023,1.016,1.017,-0.003,-0.2941,1087149.0,110909.664
512890.SH,20240815,1.017,1.017,1.03,1.015,1.029,0.012,1.1799,1593610.84,163462.618
512890.SH,20240816,1.029,1.027,1.034,1.027,1.033,0.004,0.3887,1829660.57,188661.517
512890.SH,20240819,1.033,1.033,1.049,1.033,1.048,0.015,1.4521,2191188.57,228813.957
512890.SH,20240820,1.048,1.048,1.048,1.032,1.039,-0.009,-0.8588,1344896.0,139589.092
512890.SH,20240821,1.039,1.038,1.038,1.023,1.028,-0.011,-1.0587,1807240.57,185779.832
512890.SH,20240822,1.028,1.027,1.037,1.027,1.031,0.003,0.2918,1830956.0,189202.801
512890.SH,20240823,1.031,1.032,1.035,1.024,1.03,-0.001,-0.097,1734854.0,178252.712
512890.SH,20240826,1.03,1.027,1.032,1.021,1.031,0.001,0.0971,2412149.0,247589.635
512890.SH,20240827,1.031,1.029,1.037,1.029,1.037,0.006,0.582,1463106.0,151380.818
512890.SH,20240828,1.037,1.035,1.039,1.027,1.031,-0.006,-0.5786,1591946.0,164436.435
512890.SH,20240829,1.031,1.028,1.03,1.008,1.008,-0.023,-2.2308,2945601.81,298229.383
512890.SH,20240830,1.008,1.009,1.016,0.998,1.003,-0.005,-0.496,2846214.0,286557.628
512890.SH,20240902,1.003,1.002,1.013,0.996,1.006,0.003,0.2991,1685976.0,169953.636
512890.SH,20240903,1.006,1.005,1.01,0.99,0.995,-0.011,-1.0934,1932464.0,192376.862
512890.SH,20240904,0.995,0.991,0.996,0.986,0.993,-0.002,-0.201,1321946.0,130990.761
512890.SH,20240905,0.993,0.991,0.996,0.985,0.99,-0.003,-0.3021,1037923.0,102609.423
512890.SH,20240906,0.99,0.99,0.996,0.982,0.982,-0.008,-0.8081,1564553.0,154939.836
512890.SH,20240909,0.982,0.981,0.982,0.964,0.966,-0.016,-1.6293,2392488.4,231771.772
512890.SH,20240910,0.966,0.966,0.97,0.96,0.967,0.001,0.1035,1999749.0,192857.909
512890.SH,20240911,0.967,0.964,0.965,0.941,0.944,-0.023,-2.3785,2450383.0,232101.253
512890.SH,20240912,0.944,0.944,0.954,0.941,0.949,0.005,0.5297,2544107.7,241186.206
512890.SH,20240913,0.949,0.951,0.957,0.945,0.946,-0.003,-0.3161,2020806.0,192074.708
512890.SH,20240918,0.946,0.946,0.964,0.944,0.962,0.016,1.6913,1812908.12,172596.827
512890.SH,20240919,0.962,0.96,0.963,0.95,0.962,0.0,0.0,1386529.24,132751.707
512890.SH,20240920,0.962,0.959,0.963,0.954,0.96,-0.002,-0.2079,1559812.0,149637.545
512890.SH,20240923,0.96,0.958,0.975,0.957,0.971,0.011,1.1458,2051717.64,198900.876
512890.SH,20240924,0.971,0.976,1.015,0.975,1.015,0.044,4.5314,4495070.0,449346.685
512890.SH,20240925,1.015,1.025,1.049,1.025,1.031,0.016,1.5764,3633596.62,377735.114
512890.SH,20240926,1.031,1.029,1.063,1.027,1.062,0.031,3.0068,3788704.23,396244.258
512890.SH,20240927,1.062,1.07,1.08,1.039,1.062,0.0,0.0,3011191.62,317247.275
512890.SH,20240930,1.062,1.072,1.14,1.069,1.127,0.065,6.1205,8563937.23,941288.665
512890.SH,20241008,1.127,1.222,1.24,1.106,1.142,0.015,1.331,4960306.09,572707.626
512890.SH,20241009,1.142,1.121,1.121,1.052,1.054,-0.088,-7.7058,6026259.88,651664.688
512890.SH,20241010,1.054,1.054,1.125,1.054,1.102,0.048,4.5541,5258853.7,573939.605
512890.SH,20241011,1.102,1.108,1.108,1.07,1.082,-0.02,-1.8149,4553453.93,495503.551
512890.SH,20241014,1.082,1.089,1.121,1.089,1.113,0.031,2.8651,3860666.0,427479.009
512890.SH,20241015,1.113,1.108,1.115,1.088,1.089,-0.024,-2.1563,2202471.0,242708.312
512890.SH,20241016,1.089,1.084,1.117,1.081,1.108,0.019,1.7447,2429611.0,268272.377
512890.SH,20241017,1.108,1.111,1.119,1.094,1.096,-0.012,-1.083,1860674.0,205634.899
512890.SH,20241018,1.096,1.093,1.113,1.078,1.102,0.006,0.5474,4284343.0,469267.348
512890.SH,20241021,1.102,1.102,1.104,1.085,1.092,-0.01,-0.9074,3922116.49,427901.67
512890.SH,20241022,1.092,1.088,1.099,1.088,1.096,0.004,0.3663,1288378.82,141058.506
512890.SH,20241023,1.096,1.095,1.098,1.091,1.095,-0.001,-0.0912,2551642.44,279378.989
512890.SH,20241024,1.095,1.091,1.094,1.086,1.089,-0.006,-0.5479,780740.0,85085.892
512890.SH,20241025,1.089,1.087,1.091,1.083,1.087,-0.002,-0.1837,1017512.0,110536.183
512890.SH,20241028,1.087,1.084,1.09,1.076,1.089,0.002,0.184,1609062.04,174312.947
512890.SH,20241029,1.089,1.089,1.091,1.072,1.073,-0.016,-1.4692,1869235.4,201675.193
512890.SH,20241030,1.073,1.071,1.082,1.06,1.066,-0.007,-0.6524,1635226.2,174539.19
512890.SH,20241031,1.066,1.064,1.07,1.055,1.063,-0.003,-0.2814,3094210.0,328609.633
512890.SH,20241101,1.063,1.061,1.083,1.061,1.076,0.013,1.223,2057483.43,221395.668
512890.SH,20241104,1.076,1.08,1.086,1.07,1.085,0.009,0.8364,1106048.0,119227.891
512890.SH,20241105,1.085,1.084,1.099,1.083,1.098,0.013,1.1982,2131836.0,233108.412
512890.SH,20241106,1.098,1.098,1.102,1.091,1.095,-0.003,-0.2732,2040750.0,223763.243
512890.SH,20241107,1.095,1.091,1.115,1.088,1.114,0.019,1.7352,2833872.67,311902.859
512890.SH,20241108,1.114,1.116,1.118,1.092,1.099,-0.015,-1.3465,2312510.0,254677.466
512890.SH,20241111,1.099,1.097,1.097,1.079,1.089,-0.01,-0.9099,1500151.0,162728.996
512890.SH,20241112,1.089,1.086,1.096,1.075,1.079,-0.01,-0.9183,2946644.08,320319.373
512890.SH,20241113,1.079,1.08,1.089,1.075,1.086,0.007,0.6487,1452414.0,157467.022
512890.SH,20241114,1.086,1.082,1.091,1.077,1.078,-0.008,-0.7366,1121125.0,121621.575
512890.SH,20241115,1.078,1.078,1.088,1.074,1.076,-0.002,-0.1855,1384668.0,149756.387
512890.SH,20241118,1.076,1.081,1.109,1.081,1.095,0.019,1.7658,3283326.0,360909.543
512890.SH,20241119,1.095,1.096,1.102,1.083,1.096,0.001,0.0913,1527630.0,166814.232
512890.SH,20241120,1.096,1.094,1.098,1.088,1.098,0.002,0.1825,1286981.0,140693.483
512890.SH,20241121,1.098,1.098,1.1,1.092,1.097,-0.001,-0.0911,1814177.0,198604.013
512890.SH,20241122,1.097,1.097,1.099,1.067,1.068,-0.029,-2.6436,2195338.05,237960.367
512890.SH,20241125,1.068,1.068,1.08,1.065,1.071,0.003,0.2809,2663888.0,284856.119
512890.SH,20241126,1.071,1.068,1.077,1.067,1.073,0.002,0.1867,2468478.0,264734.848
512890.SH,20241127,1.073,1.07,1.087,1.062,1.085,0.012,1.1184,3514486.0,378218.053
512890.SH,20241128,1.085,1.086,1.089,1.08,1.083,-0.002,-0.1843,988231.0,107179.651
512890.SH,20241129,1.083,1.083,1.091,1.082,1.085,0.002,0.1847,1314755.03,142974.233
512890.SH,20241202,1.085,1.087,1.089,1.079,1.086,0.001,0.0922,1879928.0,203686.842
512890.SH,20241203,1.086,1.087,1.1,1.08,1.099,0.013,1.1971,3984755.01,435776.969
512890.SH,20241204,1.099,1.098,1.107,1.091,1.101,0.002,0.182,4748495.0,522554.856
512890.SH,20241205,1.101,1.1,1.105,1.098,1.101,0.0,0.0,4568294.0,503388.344
512890.SH,20241206,1.101,1.101,1.119,1.1,1.115,0.014,1.2716,10718208.0,1192432.546
512890.SH,20241209,1.115,1.115,1.125,1.11,1.119,0.004,0.3587,5541493.0,620766.521
512890.SH,20241210,1.119,1.14,1.15,1.118,1.119,0.0,0.0,6454014.01,726399.162
512890.SH,20241211,1.119,1.118,1.125,1.116,1.122,0.003,0.2681,2090417.0,234272.781
512890.SH,20241212,1.122,1.121,1.125,1.117,1.123,0.001,0.0891,2364056.0,265063.936
512890.SH,20241213,1.123,1.121,1.122,1.102,1.104,-0.019,-1.6919,2228306.0,247308.3
512890.SH,20241216,1.104,1.104,1.125,1.102,1.122,0.018,1.6304,3878200.01,433510.057
512890.SH,20241217,1.122,1.119,1.127,1.113,1.114,-0.008,-0.713,5316433.0,594716.956
512890.SH,20241218,1.114,1.117,1.129,1.115,1.122,0.008,0.7181,5096040.68,572739.987
512890.SH,20241219,1.122,1.116,1.119,1.105,1.108,-0.014,-1.2478,5110160.0,567683.545
512890.SH,20241220,1.108,1.107,1.111,1.1,1.101,-0.007,-0.6318,4558593.0,503728.095
512890.SH,20241223,1.101,1.101,1.114,1.1,1.106,0.005,0.4541,3362035.0,372454.133
512890.SH,20241224,1.106,1.104,1.117,1.103,1.115,0.009,0.8137,3657738.0,406614.913
512890.SH,20241225,1.115,1.116,1.125,1.115,1.122,0.007,0.6278,3535162.08,396175.933
512890.SH,20241226,1.122,1.121,1.123,1.114,1.119,-0.003,-0.2674,2361162.0,263866.976
512890.SH,20241227,1.119,1.116,1.124,1.107,1.123,0.004,0.3575,3964642.97,442328.167
512890.SH,20241230,1.123,1.121,1.132,1.12,1.131,0.008,0.7124,3633875.0,409547.915
512890.SH,20241231,1.131,1.131,1.137,1.122,1.124,-0.007,-0.6189,4981641.33,562833.46
512890.SH,20250102,1.124,1.121,1.129,1.091,1.101,-0.023,-2.0463,7048268.0,782650.303
512890.SH,20250103,1.101,1.101,1.105,1.082,1.086,-0.015,-1.3624,5434431.0,592790.042
512890.SH,20250106,1.086,1.085,1.088,1.074,1.087,0.001,0.0921,5208762.0,563479.472
512890.SH,20250107,1.087,1.087,1.091,1.078,1.091,0.004,0.368,3145316.0,341672.35
512890.SH,20250108,1.091,1.087,1.098,1.081,1.095,0.004,0.3666,3164004.0,345167.002
512890.SH,20250109,1.095,1.093,1.093,1.081,1.084,-0.011,-1.0046,3062338.0,332284.812
512890.SH,20250110,1.084,1.081,1.085,1.069,1.07,-0.014,-1.2915,3149556.0,338566.758
512890.SH,20250113,1.07,1.067,1.069,1.053,1.058,-0.012,-1.1215,3405709.0,360669.048
512890.SH,20250114,1.058,1.061,1.077,1.059,1.074,0.016,1.5123,2732172.0,291945.933
512890.SH,20250115,1.074,1.073,1.088,1.072,1.078,0.004,0.3724,2407234.0,260259.126
512890.SH,20250116,1.078,1.08,1.088,1.078,1.087,0.009,0.8349,1474926.0,159851.435
512890.SH,20250117,1.087,1.086,1.09,1.079,1.084,-0.003,-0.276,2218250.0,240765.662
512890.SH,20250120,1.084,1.088,1.093,1.082,1.085,0.001,0.0923,1918106.0,208571.808
512890.SH,20250121,1.085,1.088,1.089,1.074,1.076,-0.009,-0.8295,2199804.47,236983.531
512890.SH,20250122,1.076,1.076,1.076,1.058,1.061,-0.015,-1.3941,3288491.0,349542.102
512890.SH,20250123,1.061,1.069,1.082,1.069,1.078,0.017,1.6023,3050142.0,328273.172
512890.SH,20250124,1.078,1.078,1.086,1.07,1.082,0.004,0.3711,3222629.0,347559.1
512890.SH,20250127,1.082,1.085,1.1,1.084,1.097,0.015,1.3863,2825034.0,309602.551
512890.SH,20250205,1.097,1.098,1.1,1.075,1.077,-0.02,-1.8232,4061202.96,439174.386
512890.SH,20250206,1.077,1.077,1.082,1.071,1.078,0.001,0.0929,3407471.0,366153.494
512890.SH,20250207,1.078,1.076,1.083,1.072,1.079,0.001,0.0928,4614306.67,497392.312
512890.SH,20250210,1.079,1.078,1.081,1.075,1.079,0.0,0.0,3035317.0,327244.942
512890.SH,20250211,1.079,1.078,1.09,1.078,1.089,0.01,0.9268,4218663.0,458002.249
512890.SH,20250212,1.089,1.088,1.092,1.084,1.091,0.002,0.1837,3626286.03,394714.658
512890.SH,20250213,1.091,1.09,1.098,1.088,1.094,0.003,0.275,3400605.0,372065.388
512890.SH,20250214,1.094,1.091,1.095,1.086,1.094,0.0,0.0,3827126.0,417082.979
512890.SH,20250217,1.094,1.094,1.095,1.086,1.093,-0.001,-0.0914,3689230.0,401692.489
512890.SH,20250218,1.093,1.092,1.103,1.09,1.095,0.002,0.183,4277275.27,468982.427
512890.SH,20250219,1.095,1.093,1.094,1.09,1.094,-0.001,-0.0913,2624857.0,286507.617
512890.SH,20250220,1.094,1.091,1.092,1.087,1.09,-0.004,-0.3656,3552135.0,387127.997
512890.SH,20250221,1.09,1.09,1.092,1.078,1.082,-0.008,-0.7339,6919307.82,748602.696
512890.SH,20250224,1.082,1.08,1.084,1.076,1.079,-0.003,-0.2773,2749711.61,296940.862
512890.SH,20250225,1.079,1.078,1.08,1.069,1.071,-0.008,-0.7414,2460890.0,264490.6
512890.SH,20250226,1.071,1.072,1.081,1.072,1.079,0.008,0.747,3280706.0,353407.132
512890.SH,20250227,1.079,1.079,1.09,1.075,1.089,0.01,0.9268,4632599.5,501469.434
512890.SH,20250228,1.089,1.088,1.091,1.082,1.084,-0.005,-0.4591,3542246.96,384899.281
512890.SH,20250303,1.084,1.084,1.088,1.08,1.083,-0.001,-0.0923,3837587.36,415636.291
512890.SH,20250304,1.083,1.08,1.085,1.079,1.084,0.001,0.0923,1545811.0,167303.101
512890.SH,20250305,1.084,1.084,1.091,1.081,1.091,0.007,0.6458,2201455.5,239282.582
512890.SH,20250306,1.091,1.091,1.093,1.083,1.087,-0.004,-0.3666,4039856.0,438581.295
512890.SH,20250307,1.087,1.085,1.089,1.083,1.085,-0.002,-0.184,3810758.04,413504.572
512890.SH,20250310,1.085,1.085,1.085,1.076,1.079,-0.006,-0.553,2286356.0,246644.404
512890.SH,20250311,1.079,1.076,1.085,1.073,1.084,0.005,0.4634,3266735.06,352614.715
512890.SH,20250312,1.084,1.084,1.088,1.082,1.086,0.002,0.1845,1858185.95,201764.608
512890.SH,20250313,1.086,1.085,1.093,1.084,1.091,0.005,0.4604,2722476.0,296664.105
512890.SH,20250314,1.091,1.091,1.101,1.091,1.1,0.009,0.8249,2614531.0,287113.891
512890.SH,20250317,1.1,1.102,1.106,1.099,1.104,0.004,0.3636,1999759.0,220614.204
512890.SH,20250318,1.104,1.105,1.105,1.099,1.102,-0.002,-0.1812,2015759.0,222054.7
512890.SH,20250319,1.102,1.102,1.109,1.099,1.108,0.006,0.5445,1700682.0,187954.244
512890.SH,20250320,1.108,1.109,1.112,1.102,1.105,-0.003,-0.2708,3960304.21,438091.42
512890.SH,20250321,1.105,1.103,1.112,1.096,1.103,-0.002,-0.181,4079126.0,450054.778
512890.SH,20250324,1.103,1.101,1.109,1.101,1.108,0.005,0.4533,2079479.0,229782.516
512890.SH,20250325,1.108,1.109,1.116,1.107,1.115,0.007,0.6318,2773623.37,308666.162
512890.SH,20250326,1.115,1.114,1.116,1.11,1.112,-0.003,-0.2691,3869195.0,430553.801
512890.SH,20250327,1.112,1.111,1.118,1.111,1.115,0.003,0.2698,3381137.37,377061.575
512890.SH,20250328,1.115,1.115,1.115,1.108,1.112,-0.003,-0.2691,3658647.0,406455.173
512890.SH,20250331,1.112,1.112,1.121,1.108,1.112,0.0,0.0,3728184.0,414843.522
512890.SH,20250401,1.112,1.111,1.116,1.108,1.115,0.003,0.2698,2949802.0,328001.648
512890.SH,20250402,1.115,1.114,1.124,1.113,1.121,0.006,0.5381,2553192.33,286354.297
512890.SH,20250403,1.121,1.118,1.126,1.115,1.125,0.004,0.3568,3688666.98,413912.02
512890.SH,20250407,1.125,1.107,1.107,1.042,1.064,-0.061,-5.4222,9033686.06,972049.46
512890.SH,20250408,1.064,1.065,1.089,1.064,1.088,0.024,2.2556,5530893.0,596230.811
512890.SH,20250409,1.088,1.076,1.086,1.064,1.085,-0.003,-0.2757,6359360.6,683349.039
512890.SH,20250410,1.085,1.088,1.095,1.082,1.09,0.005,0.4608,4430997.0,483035.786
512890.SH,20250411,1.09,1.087,1.09,1.082,1.087,-0.003,-0.2752,3542016.0,384491.139
512890.SH,20250414,1.087,1.089,1.096,1.085,1.095,0.008,0.736,2783425.0,303849.091
512890.SH,20250415,1.095,1.095,1.107,1.093,1.106,0.011,1.0046,2331842.07,256787.877
512890.SH,20250416,1.106,1.104,1.117,1.104,1.116,0.01,0.9042,3864371.48,428616.916
512890.SH,20250417,1.116,1.114,1.119,1.109,1.117,0.001,0.0896,2406759.86,268290.7
512890.SH,20250418,1.117,1.116,1.123,1.115,1.12,0.003,0.2686,2328792.3,260762.648
512890.SH,20250421,1.12,1.12,1.127,1.113,1.114,-0.006,-0.5357,4548786.35,508763.612
512890.SH,20250422,1.114,1.115,1.122,1.113,1.121,0.007,0.6284,2599283.0,290918.059
512890.SH,20250423,1.121,1.122,1.122,1.113,1.116,-0.005,-0.446,2740209.53,306030.089
512890.SH,20250424,1.116,1.115,1.127,1.115,1.126,0.01,0.8961,3337049.9,374897.668
512890.SH,20250425,1.126,1.126,1.128,1.122,1.125,-0.001,-0.0888,2450984.0,275529.581
512890.SH,20250428,1.125,1.124,1.133,1.123,1.13,0.005,0.4444,4245754.53,479408.194
512890.SH,20250429,1.13,1.128,1.133,1.125,1.127,-0.003,-0.2655,2492052.0,281050.472
512890.SH,20250430,1.127,1.126,1.126,1.106,1.109,-0.018,-1.5972,7275387.0,808080.186
512890.SH,20250506,1.109,1.109,1.11,1.102,1.109,0.0,0.0,3644963.89,403093.302
512890.SH,20250507,1.109,1.113,1.118,1.11,1.118,0.009,0.8115,2478784.0,276308.338
512890.SH,20250508,1.118,1.117,1.126,1.115,1.124,0.006,0.5367,2688679.0,301796.892
512890.SH,20250509,1.124,1.123,1.134,1.122,1.132,0.008,0.7117,3414349.0,386439.816
512890.SH,20250512,1.132,1.132,1.138,1.128,1.133,0.001,0.0883,3641030.0,412591.271
512890.SH,20250513,1.133,1.134,1.145,1.131,1.144,0.011,0.9709,2903446.71,331133.098
512890.SH,20250514,1.144,1.144,1.154,1.139,1.152,0.008,0.6993,3371640.71,387159.21
512890.SH,20250515,1.152,1.151,1.156,1.147,1.148,-0.004,-0.3472,2961505.0,340519.286
512890.SH,20250516,1.148,1.146,1.148,1.135,1.14,-0.008,-0.6969,2708057.89,308510.581
512890.SH,20250519,1.14,1.139,1.147,1.138,1.142,0.002,0.1754,1927284.82,220324.051
512890.SH,20250520,1.142,1.143,1.15,1.143,1.147,0.005,0.4378,2413842.72,276778.193
512890.SH,20250521,1.147,1.147,1.157,1.146,1.155,0.008,0.6975,2145223.0,247308.946
512890.SH,20250522,1.155,1.155,1.16,1.15,1.159,0.004,0.3463,2312348.5,267547.967
512890.SH,20250523,1.159,1.159,1.166,1.15,1.15,-0.009,-0.7765,3512244.5,406433.828
512890.SH,20250526,1.15,1.15,1.154,1.143,1.147,-0.003,-0.2609,5154227.0,591438.142
512890.SH,20250527,1.147,1.148,1.152,1.145,1.149,0.002,0.1744,2537202.0,291309.152
512890.SH,20250528,1.149,1.149,1.155,1.146,1.154,0.005,0.4352,1860115.0,214337.825
512890.SH,20250529,1.154,1.154,1.157,1.15,1.152,-0.002,-0.1733,4568498.33,526898.101
512890.SH,20250530,1.152,1.153,1.161,1.152,1.159,0.007,0.6076,2741563.01,317425.676
512890.SH,20250603,1.159,1.157,1.171,1.155,1.169,0.01,0.8628,2737945.06,319096.218
512890.SH,20250604,1.169,1.168,1.175,1.166,1.174,0.005,0.4277,2275469.35,266483.88
512890.SH,20250605,1.174,1.174,1.176,1.164,1.165,-0.009,-0.7666,7290634.64,851233.852
512890.SH,20250606,1.165,1.166,1.171,1.166,1.168,0.003,0.2575,2281475.2,266368.869
512890.SH,20250609,1.168,1.169,1.17,1.161,1.169,0.001,0.0856,5100966.33,594274.788
512890.SH,20250610,1.169,1.169,1.178,1.165,1.169,0.0,0.0,3009586.97,352846.005
512890.SH,20250611,1.169,1.169,1.174,1.169,1.173,0.004,0.3422,1452589.0,170202.245
512890.SH,20250612,1.173,1.173,1.178,1.17,1.176,0.003,0.2558,2143303.0,251984.206
512890.SH,20250613,1.176,1.176,1.179,1.166,1.169,-0.007,-0.5952,7943733.0,929500.83
512890.SH,20250616,1.169,1.168,1.175,1.164,1.175,0.006,0.5133,2333022.0,272660.019
512890.SH,20250617,1.175,1.175,1.178,1.17,1.172,-0.003,-0.2553,2200685.77,257952.594
512890.SH,20250618,1.172,1.172,1.179,1.168,1.179,0.007,0.5973,2896924.77,340373.827
512890.SH,20250619,1.179,1.177,1.18,1.172,1.177,-0.002,-0.1696,2447781.21,287729.643
512890.SH,20250620,1.177,1.177,1.184,1.174,1.182,0.005,0.4248,2566441.35,303130.595
512890.SH,20250623,1.182,1.181,1.191,1.172,1.19,0.008,0.6768,2653469.0,313800.572
512890.SH,20250624,1.19,1.188,1.193,1.183,1.191,0.001,0.084,2604296.94,309666.577
512890.SH,20250625,1.191,1.191,1.203,1.186,1.201,0.01,0.8396,2940734.85,351328.498
512890.SH,20250626,1.201,1.198,1.207,1.195,1.206,0.005,0.4163,2749692.2,330122.452
512890.SH,20250627,1.206,1.206,1.21,1.185,1.188,-0.018,-1.4925,7838907.81,936530.951
512890.SH,20250630,1.188,1.184,1.189,1.18,1.186,-0.002,-0.1684,4212251.79,498468.877
512890.SH,20250701,1.186,1.188,1.197,1.186,1.197,0.011,0.9275,3188776.87,380744.578
512890.SH,20250702,1.197,1.196,1.205,1.196,1.2,0.003,0.2506,3436876.0,412882.888
512890.SH,20250703,1.2,1.2,1.206,1.195,1.201,0.001,0.0833,3877319.98,465757.464
512890.SH,20250704,1.201,1.2,1.216,1.199,1.211,0.01,0.8326,3853610.0,465870.657
512890.SH,20250707,1.211,1.211,1.219,1.208,1.218,0.007,0.578,3201918.99,388721.928
512890.SH,20250708,1.218,1.218,1.221,1.21,1.215,-0.003,-0.2463,3488583.72,423804.104
512890.SH,20250709,1.215,1.213,1.226,1.213,1.223,0.008,0.6584,4007273.13,489760.284
512890.SH,20250710,1.223,1.223,1.234,1.222,1.23,0.007,0.5724,2608495.36,320511.252
512890.SH,20250711,1.23,1.23,1.236,1.218,1.219,-0.011,-0.8943,7453726.0,913962.89
512890.SH,20250714,1.219,1.219,1.232,1.217,1.227,0.008,0.6563,4879192.99,598236.999
512890.SH,20250715,1.227,1.227,1.229,1.212,1.216,-0.011,-0.8965,5996822.07,730489.583
512890.SH,20250716,1.216,1.218,1.218,1.205,1.21,-0.006,-0.4934,6124284.58,740157.937
512890.SH,20250717,1.21,1.209,1.213,1.205,1.208,-0.002,-0.1653,6808947.21,822723.416
512890.SH,20250718,1.208,1.209,1.215,1.207,1.213,0.005,0.4139,4452947.81,539964.028
512890.SH,20250721,1.213,1.213,1.217,1.21,1.213,0.0,0.0,4173355.42,506383.762
512890.SH,20250722,1.213,1.214,1.216,1.199,1.214,0.001,0.0824,6377247.4,769928.688
512890.SH,20250723,1.214,1.216,1.227,1.215,1.217,0.003,0.2471,4743945.0,578940.849
512890.SH,20250724,1.217,1.215,1.216,1.205,1.208,-0.009,-0.7395,5796508.39,700001.985
512890.SH,20250725,1.208,1.207,1.208,1.198,1.199,-0.009,-0.745,5081027.95,610964.172
512890.SH,20250728,1.199,1.197,1.203,1.193,1.197,-0.002,-0.1668,3788642.32,453775.089
512890.SH,20250729,1.197,1.195,1.198,1.185,1.189,-0.008,-0.6683,4310558.0,512477.479
512890.SH,20250730,1.189,1.189,1.2,1.186,1.194,0.005,0.4205,4335965.96,518082.689
512890.SH,20250731,1.194,1.194,1.194,1.175,1.18,-0.014,-1.1725,5292901.0,624619.815
512890.SH,20250801,1.18,1.18,1.185,1.172,1.181,0.001,0.0847,3575664.99,421396.58
512890.SH,20250804,1.181,1.176,1.188,1.175,1.187,0.006,0.508,4689917.0,555395.989
512890.SH,20250805,1.187,1.188,1.201,1.185,1.2,0.013,1.0952,3992834.0,477109.306
512890.SH,20250806,1.2,1.201,1.204,1.197,1.201,0.001,0.0833,3802381.0,456446.815
512890.SH,20250807,1.201,1.201,1.206,1.196,1.206,0.005,0.4163,2982263.2,358739.093
512890.SH,20250808,1.206,1.205,1.21,1.204,1.207,0.001,0.0829,2818921.94,340284.017
512890.SH,20250811,1.207,1.207,1.209,1.196,1.2,-0.007,-0.58,6401540.0,767990.005
512890.SH,20250812,1.2,1.198,1.208,1.197,1.202,0.002,0.1667,2744768.0,330443.606
512890.SH,20250813,1.202,1.203,1.206,1.196,1.198,-0.004,-0.3328,3705457.93,444794.467
512890.SH,20250814,1.198,1.197,1.207,1.196,1.199,0.001,0.0835,3536392.68,425064.254
512890.SH,20250815,1.199,1.199,1.2,1.185,1.195,-0.004,-0.3336,4575553.97,544429.137
512890.SH,20250818,1.195,1.193,1.201,1.191,1.197,0.002,0.1674,5079023.83,607271.527
512890.SH,20250819,1.197,1.198,1.2,1.193,1.196,-0.001,-0.0835,3514856.88,420712.018
512890.SH,20250820,1.196,1.195,1.207,1.192,1.207,0.011,0.9197,3721719.05,447346.095
512890.SH,20250821,1.207,1.207,1.214,1.203,1.214,0.007,0.58,3916370.65,473852.2
512890.SH,20250822,1.214,1.212,1.213,1.202,1.209,-0.005,-0.4119,3156458.5,380592.917
512890.SH,20250825,1.209,1.209,1.22,1.205,1.219,0.01,0.8271,4499530.0,545881.381
512890.SH,20250826,1.219,1.219,1.22,1.214,1.216,-0.003,-0.2461,3035343.0,369540.243
512890.SH,20250827,1.216,1.214,1.216,1.195,1.197,-0.019,-1.5625,5072787.0,610079.733
512890.SH,20250828,1.197,1.196,1.2,1.185,1.197,0.0,0.0,3799989.47,453264.065
512890.SH,20250829,1.197,1.195,1.209,1.192,1.194,-0.003,-0.2506,3285453.93,393777.705
512890.SH,20250901,1.194,1.194,1.201,1.186,1.191,-0.003,-0.2513,4034756.69,481256.937
512890.SH,20250902,1.191,1.192,1.2,1.189,1.2,0.009,0.7557,4048948.14,483915.529
512890.SH,20250903,1.2,1.2,1.201,1.183,1.187,-0.013,-1.0833,4832740.14,575072.553
512890.SH,20250904,1.187,1.186,1.192,1.174,1.19,0.003,0.2527,4805633.68,567790.408
512890.SH,20250905,1.19,1.189,1.189,1.179,1.185,-0.005,-0.4202,3445356.64,407168.063
512890.SH,20250908,1.185,1.182,1.188,1.179,1.185,0.0,0.0,3027758.11,358806.638
512890.SH,20250909,1.185,1.185,1.191,1.184,1.191,0.006,0.5063,2819114.47,334872.994
512890.SH,20250910,1.191,1.188,1.191,1.184,1.188,-0.003,-0.2519,2204607.64,261803.593
512890.SH,20250911,1.188,1.188,1.192,1.18,1.192,0.004,0.3367,3333541.0,395039.73
512890.SH,20250912,1.192,1.19,1.194,1.182,1.184,-0.008,-0.6711,3039295.0,361186.499
512890.SH,20250915,1.184,1.184,1.184,1.171,1.174,-0.01,-0.8446,4383280.84,515561.215
512890.SH,20250916,1.174,1.175,1.178,1.168,1.17,-0.004,-0.3407,3846358.2,450597.988
512890.SH,20250917,1.17,1.17,1.176,1.167,1.175,0.005,0.4274,3654209.0,428611.474
512890.SH,20250918,1.175,1.174,1.175,1.148,1.153,-0.022,-1.8723,5756448.0,667662.765
512890.SH,20250919,1.153,1.153,1.16,1.146,1.159,0.006,0.5204,3098748.0,357377.95
512890.SH,20250922,1.159,1.158,1.16,1.146,1.15,-0.009,-0.7765,2838515.84,326929.983
512890.SH,20250923,1.15,1.15,1.159,1.143,1.157,0.007,0.6087,4768138.03,549811.625
512890.SH,20250924,1.157,1.155,1.164,1.153,1.157,0.0,0.0,2965063.0,343489.745
512890.SH,20250925,1.157,1.157,1.158,1.145,1.149,-0.008,-0.6914,2506558.0,287932.612
512890.SH,20250926,1.149,1.147,1.152,1.139,1.149,0.0,0.0,3064401.0,351237.273
512890.SH,20250929,1.149,1.148,1.155,1.141,1.147,-0.002,-0.1741,3813359.19,437080.2
512890.SH,20250930,1.147,1.146,1.148,1.136,1.139,-0.008,-0.6975,4841918.28,551427.803
512890.SH,20251009,1.139,1.138,1.142,1.133,1.142,0.003,0.2634,3855682.34,438303.733
512890.SH,20251010,1.142,1.142,1.153,1.138,1.15,0.008,0.7005,5451031.12,625480.67
512890.SH,20251013,1.15,1.146,1.159,1.136,1.156,0.006,0.5217,10060686.85,1156084.203
512890.SH,20251014,1.156,1.155,1.179,1.151,1.177,0.021,1.8166,10123357.58,1185874.76
512890.SH,20251015,1.177,1.176,1.184,1.173,1.182,0.005,0.4248,9723089.74,1147617.806
512890.SH,20251016,1.182,1.182,1.191,1.18,1.19,0.008,0.6768,6641677.76,788163.379
512890.SH,20251017,1.19,1.189,1.198,1.183,1.185,-0.005,-0.4202,10410988.92,1239918.567
512890.SH,20251020,1.185,1.186,1.189,1.172,1.187,0.002,0.1688,7444226.97,880423.638
512890.SH,20251021,1.187,1.184,1.193,1.183,1.19,0.003,0.2527,5811619.58,691190.56
512890.SH,20251022,1.19,1.189,1.2,1.188,1.199,0.009,0.7563,4210272.69,503498.302
512890.SH,20251023,1.199,1.199,1.207,1.195,1.206,0.007,0.5838,3893271.1,467772.16
512890.SH,20251024,1.206,1.204,1.205,1.196,1.197,-0.009,-0.7463,7254639.69,870255.785
512890.SH,20251027,1.197,1.194,1.204,1.189,1.198,0.001,0.0835,8211432.62,983107.497
512890.SH,20251028,1.198,1.198,1.201,1.19,1.198,0.0,0.0,3646976.31,436180.904
512890.SH,20251029,1.198,1.196,1.196,1.181,1.187,-0.011,-0.9182,5805444.62,689236.716
512890.SH,20251030,1.187,1.185,1.196,1.185,1.19,0.003,0.2527,4435019.94,528138.987
512890.SH,20251031,1.19,1.189,1.191,1.181,1.188,-0.002,-0.1681,4510712.55,535150.445
512890.SH,20251103,1.188,1.189,1.205,1.188,1.204,0.016,1.3468,4588786.1,549709.007
512890.SH,20251104,1.204,1.204,1.22,1.202,1.217,0.013,1.0797,7514109.4,913152.766
512890.SH,20251105,1.217,1.216,1.22,1.21,1.217,0.0,0.0,4830507.63,587823.426
512890.SH,20251106,1.217,1.216,1.22,1.209,1.216,-0.001,-0.0822,3750805.84,456152.699
512890.SH,20251107,1.216,1.215,1.224,1.215,1.217,0.001,0.0822,4024035.91,490276.627
512890.SH,20251110,1.217,1.217,1.228,1.212,1.227,0.01,0.8217,4970859.72,607771.997
512890.SH,20251111,1.227,1.227,1.233,1.223,1.232,0.005,0.4075,3913157.96,481078.175
512890.SH,20251112,1.232,1.232,1.247,1.232,1.243,0.011,0.8929,5601327.53,696068.87
512890.SH,20251113,1.243,1.242,1.245,1.231,1.239,-0.004,-0.3218,5095052.22,630363.803
512890.SH,20251114,1.239,1.237,1.248,1.235,1.235,-0.004,-0.3228,4355600.44,540840.19
512890.SH,20251117,1.235,1.234,1.235,1.22,1.224,-0.011,-0.8907,5085944.59,623037.539
512890.SH,20251118,1.224,1.222,1.226,1.211,1.217,-0.007,-0.5719,6242098.31,760064.476
512890.SH,20251119,1.217,1.215,1.223,1.215,1.219,0.002,0.1643,8773760.92,1069391.127
512890.SH,20251120,1.219,1.217,1.235,1.214,1.228,0.009,0.7383,7238702.12,887495.842
512890.SH,20251121,1.228,1.222,1.227,1.208,1.209,-0.019,-1.5472,9356392.45,1138118.784
512890.SH,20251124,1.209,1.212,1.215,1.202,1.202,-0.007,-0.579,4471536.96,539355.096
512890.SH,20251125,1.202,1.202,1.211,1.199,1.209,0.007,0.5824,6934671.52,836899.662
512890.SH,20251126,1.209,1.209,1.214,1.201,1.203,-0.006,-0.4963,5695180.62,686666.082
512890.SH,20251127,1.203,1.201,1.208,1.196,1.205,0.002,0.1663,4216892.75,506808.767
512890.SH,20251128,1.205,1.203,1.205,1.199,1.204,-0.001,-0.083,4166745.59,500926.534
512890.SH,20251201,1.204,1.204,1.212,1.201,1.211,0.007,0.5814,6444585.65,778202.606
512890.SH,20251202,1.211,1.211,1.212,1.205,1.208,-0.003,-0.2477,4214352.0,509407.355
512890.SH,20251203,1.208,1.208,1.213,1.202,1.203,-0.005,-0.4139,6457395.0,779319.327
512890.SH,20251204,1.203,1.203,1.205,1.197,1.198,-0.005,-0.4156,4941449.18,592813.76
512890.SH,20251205,1.198,1.198,1.199,1.186,1.193,-0.005,-0.4174,6553025.0,780586.674
512890.SH,20251208,1.193,1.191,1.193,1.186,1.19,-0.003,-0.2515,4434785.35,527710.161
512890.SH,20251209,1.19,1.19,1.19,1.18,1.181,-0.009,-0.7563,8161288.09,965976.592
512890.SH,20251210,1.181,1.181,1.185,1.173,1.176,-0.005,-0.4234,3655979.03,430444.638
512890.SH,20251211,1.176,1.177,1.179,1.17,1.173,-0.003,-0.2551,5626898.99,660261.523
512890.SH,20251212,1.173,1.174,1.176,1.17,1.174,0.001,0.0853,5209792.0,610448.378
512890.SH,20251215,1.174,1.17,1.181,1.167,1.175,0.001,0.0852,4931181.0,579369.18
512890.SH,20251216,1.175,1.176,1.179,1.167,1.169,-0.006,-0.5106,5148521.95,603348.83
512890.SH,20251217,1.169,1.168,1.174,1.164,1.171,0.002,0.1711,4226664.43,493976.871
512890.SH,20251218,1.171,1.17,1.184,1.166,1.181,0.01,0.854,5226023.79,615206.474
512890.SH,20251219,1.181,1.182,1.185,1.176,1.181,0.0,0.0,6132646.14,723817.999
512890.SH,20251222,1.181,1.181,1.182,1.173,1.173,-0.008,-0.6774,6357584.62,747223.314
512890.SH,20251223,1.173,1.174,1.18,1.173,1.173,0.0,0.0,4337249.97,509959.02
512890.SH,20251224,1.173,1.173,1.177,1.17,1.177,0.004,0.341,4398274.2,515947.133
512890.SH,20251225,1.177,1.177,1.182,1.174,1.178,0.001,0.085,4429043.36,521773.797
512890.SH,20251226,1.178,1.177,1.179,1.173,1.175,-0.003,-0.2547,3933813.0,462405.385
512890.SH,20251229,1.175,1.176,1.18,1.171,1.176,0.001,0.0851,4846697.89,569688.161
512890.SH,20251230,1.176,1.174,1.177,1.171,1.175,-0.001,-0.085,4073740.49,478488.159
512890.SH,20251231,1.175,1.175,1.179,1.174,1.176,0.001,0.0851,5660129.14,665624.256
512890.SH,20260105,1.176,1.176,1.177,1.168,1.173,-0.003,-0.2551,8092287.0,948533.12
512890.SH,20260106,1.173,1.173,1.175,1.168,1.174,0.001,0.0853,10032780.32,1175653.748
512890.SH,20260107,1.174,1.174,1.175,1.168,1.17,-0.004,-0.3407,4592863.96,537708.267
512890.SH,20260108,1.17,1.169,1.169,1.159,1.161,-0.009,-0.7692,6509506.82,756831.915
512890.SH,20260109,1.161,1.161,1.163,1.157,1.162,0.001,0.0861,6631651.69,768918.69
512890.SH,20260112,1.162,1.162,1.164,1.156,1.164,0.002,0.1721,8296797.79,962787.582
512890.SH,20260113,1.164,1.164,1.172,1.163,1.166,0.002,0.1718,9470158.0,1105932.587
512890.SH,20260114,1.166,1.167,1.168,1.155,1.156,-0.01,-0.8576,8290457.32,962403.347
512890.SH,20260115,1.156,1.157,1.159,1.151,1.153,-0.003,-0.2595,5218085.98,602783.062
512890.SH,20260116,1.153,1.153,1.155,1.14,1.143,-0.01,-0.8673,9197518.7,1054199.35
512890.SH,20260119,1.143,1.143,1.147,1.14,1.144,0.001,0.0875,6576319.21,752223.021
512890.SH,20260120,1.144,1.144,1.162,1.143,1.16,0.016,1.3986,9913431.68,1144987.722
512890.SH,20260121,1.16,1.16,1.163,1.149,1.151,-0.009,-0.7759,7879852.56,909957.244
512890.SH,20260122,1.151,1.149,1.159,1.148,1.152,0.001,0.0869,5914032.0,682172.618
512890.SH,20260123,1.152,1.151,1.154,1.145,1.148,-0.004,-0.3472,5650693.0,649624.39
512890.SH,20260126,1.148,1.148,1.157,1.145,1.156,0.008,0.6969,6298648.2,725674.12
512890.SH,20260127,1.156,1.155,1.156,1.147,1.148,-0.008,-0.692,7648733.0,881681.555
512890.SH,20260128,1.148,1.147,1.158,1.144,1.152,0.004,0.3484,6196813.33,713791.399
512890.SH,20260129,1.152,1.15,1.169,1.149,1.169,0.017,1.4757,7554575.71,875025.665
512890.SH,20260130,1.169,1.169,1.176,1.162,1.168,-0.001,-0.0855,8147956.52,953566.534
512890.SH,20260202,1.168,1.165,1.17,1.151,1.154,-0.014,-1.1986,8253241.52,958395.402
512890.SH,20260203,1.154,1.154,1.156,1.143,1.15,-0.004,-0.3466,7543115.3,866439.095
512890.SH,20260204,1.15,1.149,1.167,1.149,1.166,0.016,1.3913,6182244.3,718005.509
512890.SH,20260205,1.166,1.166,1.182,1.166,1.181,0.015,1.2864,7544416.19,886243.861
512890.SH,20260206,1.181,1.179,1.183,1.172,1.178,-0.003,-0.254,6821132.34,803697.959
512890.SH,20260209,1.178,1.177,1.183,1.174,1.181,0.003,0.2547,6036144.54,711798.825
512890.SH,20260210,1.181,1.182,1.187,1.18,1.186,0.005,0.4234,4070761.99,482060.692
512890.SH,20260211,1.186,1.185,1.19,1.182,1.188,0.002,0.1686,3963650.78,470345.517
512890.SH,20260212,1.188,1.187,1.188,1.176,1.177,-0.011,-0.9259,5988614.73,706316.161
512890.SH,20260213,1.177,1.176,1.178,1.165,1.167,-0.01,-0.8496,6457654.95,756923.532
512890.SH,20260224,1.167,1.17,1.176,1.17,1.172,0.005,0.4284,4393233.84,515135.73
512890.SH,20260225,1.172,1.172,1.18,1.167,1.169,-0.003,-0.256,8081198.94,947735.457
512890.SH,20260226,1.169,1.171,1.175,1.163,1.168,-0.001,-0.0855,4992802.0,582800.395
512890.SH,20260227,1.168,1.168,1.174,1.166,1.172,0.004,0.3425,4455340.0,521847.462
512890.SH,20260302,1.172,1.17,1.184,1.168,1.183,0.011,0.9386,7777120.21,915395.984
512890.SH,20260303,1.183,1.183,1.203,1.183,1.196,0.013,1.0989,12015156.47,1433145.503
512890.SH,20260304,1.196,1.194,1.194,1.173,1.18,-0.016,-1.3378,11109682.0,1310071.468
512890.SH,20260305,1.18,1.179,1.187,1.174,1.182,0.002,0.1695,5721435.0,675471.261
512890.SH,20260306,1.182,1.18,1.189,1.178,1.188,0.006,0.5076,5805774.0,686980.731
512890.SH,20260309,1.188,1.19,1.195,1.184,1.187,-0.001,-0.0842,11680920.3,1389627.9
512890.SH,20260310,1.187,1.184,1.186,1.177,1.185,-0.002,-0.1685,4527513.0,534948.493
512890.SH,20260311,1.185,1.184,1.197,1.178,1.196,0.011,0.9283,6019153.24,714291.887
512890.SH,20260312,1.196,1.196,1.205,1.193,1.202,0.006,0.5017,4795029.0,575394.94
512890.SH,20260313,1.202,1.201,1.212,1.201,1.205,0.003,0.2496,5583093.7,673581.011
512890.SH,20260316,1.205,1.205,1.211,1.198,1.205,0.0,0.0,7622685.1,918648.435
512890.SH,20260317,1.205,1.203,1.214,1.203,1.21,0.005,0.4149,4753267.0,575275.404
512890.SH,20260318,1.21,1.21,1.21,1.197,1.204,-0.006,-0.4959,7544367.97,906886.581
512890.SH,20260319,1.204,1.202,1.211,1.198,1.201,-0.003,-0.2492,5873746.97,707001.265
512890.SH,20260320,1.201,1.199,1.21,1.196,1.196,-0.005,-0.4163,5743151.3,690885.074
512890.SH,20260323,1.196,1.19,1.192,1.153,1.158,-0.038,-3.1773,12345276.3,1444258.117
512890.SH,20260324,1.158,1.161,1.18,1.161,1.178,0.02,1.7271,7750520.84,907755.249
512890.SH,20260325,1.178,1.177,1.189,1.168,1.188,0.01,0.8489,8438104.51,995970.097
512890.SH,20260326,1.188,1.186,1.193,1.184,1.185,-0.003,-0.2525,5264497.76,625494.429
512890.SH,20260327,1.185,1.182,1.191,1.178,1.183,-0.002,-0.1688,6031972.87,713431.924
512890.SH,20260330,1.183,1.179,1.194,1.178,1.193,0.01,0.8453,6215118.13,737831.5
512890.SH,20260331,1.193,1.193,1.205,1.192,1.198,0.005,0.4191,6383125.02,766031.344
512890.SH,20260401,1.198,1.199,1.206,1.195,1.197,-0.001,-0.0835,5824470.04,699179.904
512890.SH,20260402,1.197,1.196,1.204,1.195,1.201,0.004,0.3342,7076668.83,849407.095
512890.SH,20260403,1.201,1.201,1.202,1.184,1.188,-0.013,-1.0824,9041117.73,1075732.649
512890.SH,20260407,1.188,1.188,1.188,1.177,1.18,-0.008,-0.6734,5622955.19,664524.355
512890.SH,20260408,1.18,1.18,1.19,1.176,1.19,0.01,0.8475,7059632.69,835524.775
512890.SH,20260409,1.19,1.189,1.191,1.18,1.183,-0.007,-0.5882,4827044.43,571215.569
512890.SH,20260410,1.183,1.182,1.186,1.18,1.181,-0.002,-0.1691,5183801.74,612817.32
512890.SH,20260413,1.181,1.181,1.181,1.172,1.176,-0.005,-0.4234,5911433.09,694575.491
512890.SH,20260414,1.176,1.177,1.182,1.176,1.181,0.005,0.4252,4521595.33,532867.813
512890.SH,20260415,1.181,1.182,1.19,1.18,1.189,0.008,0.6774,6669197.73,790617.76
512890.SH,20260416,1.189,1.188,1.192,1.185,1.189,0.0,0.0,4883967.56,580266.817
512890.SH,20260417,1.189,1.188,1.189,1.183,1.184,-0.005,-0.4205,5409390.64,641406.076
512890.SH,20260420,1.184,1.184,1.191,1.181,1.19,0.006,0.5068,5538224.33,657258.426
512890.SH,20260421,1.19,1.19,1.199,1.189,1.197,0.007,0.5882,5004676.46,598880.663
512890.SH,20260422,1.197,1.196,1.198,1.191,1.192,-0.005,-0.4177,3267804.83,389948.699
512890.SH,20260423,1.192,1.192,1.2,1.19,1.198,0.006,0.5034,5038456.75,602648.942
512890.SH,20260424,1.198,1.198,1.203,1.193,1.198,0.0,0.0,6349638.0,760829.2
512890.SH,20260427,1.198,1.197,1.2,1.188,1.189,-0.009,-0.7513,7054988.0,841851.807
512890.SH,20260428,1.189,1.188,1.193,1.186,1.192,0.003,0.2523,4919055.6,584706.867
512890.SH,20260429,1.192,1.194,1.199,1.19,1.195,0.003,0.2517,5064006.44,604963.959
512890.SH,20260430,1.195,1.196,1.196,1.186,1.188,-0.007,-0.5858,7508592.33,892923.213
512890.SH,20260506,1.188,1.188,1.189,1.177,1.183,-0.005,-0.4209,7710497.38,909817.917
512890.SH,20260507,1.183,1.182,1.183,1.176,1.178,-0.005,-0.4227,7595759.14,895197.964
512890.SH,20260508,1.178,1.178,1.183,1.175,1.177,-0.001,-0.0849,4717911.5,555461.708
512890.SH,20260511,1.177,1.176,1.178,1.172,1.178,0.001,0.085,6552670.14,770095.347
512890.SH,20260512,1.178,1.178,1.181,1.174,1.176,-0.002,-0.1698,6080718.22,715584.603
512890.SH,20260513,1.176,1.175,1.179,1.173,1.177,0.001,0.085,5106467.87,600551.114
512890.SH,20260514,1.177,1.177,1.179,1.173,1.176,-0.001,-0.085,4758780.63,560007.203
512890.SH,20260515,1.176,1.175,1.176,1.164,1.167,-0.009,-0.7653,7292359.03,852961.778
512890.SH,20260518,1.167,1.164,1.166,1.156,1.16,-0.007,-0.5998,6970855.13,808498.959
512890.SH,20260519,1.16,1.159,1.169,1.159,1.169,0.009,0.7759,4559819.74,531596.365
512890.SH,20260520,1.169,1.168,1.17,1.163,1.164,-0.005,-0.4277,4453388.59,519025.445
512890.SH,20260521,1.164,1.163,1.165,1.158,1.161,-0.003,-0.2577,3862616.85,448868.42
512890.SH,20260522,1.161,1.159,1.16,1.151,1.155,-0.006,-0.5168,8157213.5,941960.861
512890.SH,20260525,1.155,1.154,1.157,1.149,1.152,-0.003,-0.2597,5209176.0,600397.688
512890.SH,20260526,1.152,1.151,1.157,1.15,1.156,0.004,0.3472,5158246.0,595204.388
512890.SH,20260527,1.156,1.156,1.157,1.146,1.15,-0.006,-0.519,6381913.0,734132.505
512890.SH,20260528,1.15,1.149,1.155,1.143,1.144,-0.006,-0.52,6535306.0,750042.946
512890.SH,20260529,1.144,1.144,1.169,1.142,1.167,0.023,2.01,7962365.25,923199.597
512890.SH,20260601,1.167,1.166,1.184,1.158,1.181,0.014,1.2,8183643.28,959040.186
512890.SH,20260602,1.181,1.179,1.191,1.178,1.182,0.001,0.09,7373936.18,872739.866
512890.SH,20260603,1.182,1.18,1.18,1.162,1.173,-0.009,-0.76,8019357.85,938043.659
512890.SH,20260604,1.173,1.17,1.173,1.156,1.158,-0.015,-1.28,6075092.22,706794.277
512890.SH,20260605,1.158,1.159,1.17,1.158,1.159,0.001,0.09,5178362.8,602284.303
512890.SH,20260608,1.159,1.158,1.167,1.155,1.165,0.006,0.52,7202209.3,836646.06
512890.SH,20260609,1.165,1.163,1.169,1.157,1.164,-0.001,-0.09,5800056.38,675247.414
512890.SH,20260610,1.164,1.163,1.175,1.16,1.172,0.008,0.69,8484261.9,991797.548
512890.SH,20260611,1.172,1.173,1.174,1.161,1.162,-0.01,-0.85,5146641.6,599549.363
512890.SH,20260612,1.162,1.16,1.172,1.154,1.172,0.01,0.86,6670171.81,776223.901
512890.SH,20260615,1.172,1.171,1.171,1.157,1.161,-0.011,-0.94,8545227.32,993128.691
512890.SH,20260616,1.161,1.158,1.16,1.143,1.145,-0.016,-1.38,8886489.62,1021075.12
512890.SH,20260617,1.145,1.146,1.148,1.135,1.14,-0.005,-0.44,7246281.58,825489.444
512890.SH,20260618,1.14,1.138,1.138,1.111,1.115,-0.025,-2.19,14195526.72,1590233.801
512890.SH,20260622,1.115,1.11,1.119,1.096,1.114,-0.001,-0.09,10285645.0,1135833.014
512890.SH,20260623,1.114,1.111,1.13,1.11,1.118,0.004,0.36,8854410.72,992411.157
512890.SH,20260624,1.118,1.118,1.12,1.097,1.099,-0.019,-1.7,7918907.77,875883.361
512890.SH,20260625,1.099,1.093,1.098,1.084,1.086,-0.013,-1.18,6858950.86,747629.675
512890.SH,20260626,1.086,1.086,1.091,1.079,1.081,-0.005,-0.46,6395364.05,692867.636
512890.SH,20260629,1.081,1.079,1.093,1.062,1.089,0.008,0.74,8286959.89,893843.491
512890.SH,20260630,1.089,1.087,1.087,1.063,1.067,-0.022,-2.02,9762906.45,1045638.326
512890.SH,20260701,1.067,1.067,1.083,1.062,1.079,0.012,1.13,8012457.34,859995.364
512890.SH,20260702,1.079,1.082,1.099,1.075,1.087,0.008,0.74,7260146.83,788467.182
512890.SH,20260703,1.087,1.087,1.098,1.081,1.09,0.003,0.28,6109691.98,665635.895
512890.SH,20260706,1.09,1.089,1.114,1.083,1.112,0.022,2.02,9159141.63,1008710.127
512890.SH,20260707,1.112,1.112,1.113,1.097,1.104,-0.008,-0.72,6588376.41,726747.086
512890.SH,20260708,1.104,1.103,1.121,1.098,1.12,0.016,1.45,8732696.2,971913.63
512890.SH,20260709,1.12,1.116,1.116,1.103,1.105,-0.015,-1.34,8054445.25,892711.406
512890.SH,20260710,1.105,1.101,1.113,1.099,1.113,0.008,0.72,6720952.59,743793.957
512890.SH,20260713,1.113,1.111,1.128,1.107,1.126,0.013,1.17,8977096.13,1007280.128
512890.SH,20260714,1.126,1.123,1.14,1.121,1.139,0.013,1.16,8145271.75,921418.573
512890.SH,20260715,1.139,1.132,1.154,1.13,1.152,0.013,1.14,7337891.79,840264.302
512890.SH,20260716,1.152,1.151,1.159,1.139,1.141,-0.011,-0.96,8011017.85,916460.547
512890.SH,20260717,1.141,1.141,1.155,1.14,1.146,0.005,0.44,9874209.94,1135204.391
512890.SH,20260720,1.146,1.145,1.175,1.143,1.172,0.026,2.27,11894171.67,1387149.505
512890.SH,20260721,1.172,1.171,1.189,1.159,1.16,-0.012,-1.02,13687021.91,1603190.997
512890.SH,20260722,1.16,1.158,1.168,1.148,1.168,0.008,0.69,9641875.48,1115424.244
512890.SH,20260723,1.168,1.163,1.175,1.161,1.174,0.006,0.51,6118056.67,715691.999
512890.SH,20260724,1.174,1.174,1.178,1.162,1.162,-0.012,-1.02,6015747.36,703514.965
512890.SH,20260727,1.162,1.161,1.171,1.158,1.167,0.005,0.43,6679446.56,778173.266
512890.SH,20260728,1.167,1.168,1.177,1.16,1.176,0.009,0.77,6619788.95,774812.573
512890.SH,20260729,1.176,1.175,1.191,1.174,1.187,0.011,0.94,7579829.37,898707.497
512890.SH,20260730,1.187,1.186,1.207,1.186,1.207,0.02,1.69,13455631.05,1612239.704
512890.SH,20260731,1.207,1.19,1.204,1.177,1.204,-0.003,-0.25,9250903.41,1099392.199
