ts_code,trade_date,pre_close,open,high,low,close,change,pct_chg,vol,amount
513300.SH,20201105,1.0,1.05,1.057,1.006,1.013,0.013,1.3,1706189.0,173290.528
513300.SH,20201106,1.013,1.009,1.011,1.004,1.005,-0.008,-0.7897,898932.0,90613.753
513300.SH,20201109,1.005,1.021,1.038,1.02,1.03,0.025,2.4876,941912.0,96794.041
513300.SH,20201110,1.03,1.005,1.006,0.989,0.995,-0.035,-3.3981,859174.0,85628.161
513300.SH,20201111,0.995,0.978,0.984,0.976,0.983,-0.012,-1.206,571652.0,56035.865
513300.SH,20201112,0.983,0.997,0.999,0.992,0.998,0.015,1.5259,744118.0,74078.054
513300.SH,20201113,0.998,0.994,1.0,0.992,0.999,0.001,0.1002,195795.0,19496.016
513300.SH,20201116,0.999,1.008,1.008,1.003,1.004,0.005,0.5005,297049.0,29858.89
513300.SH,20201117,1.004,1.005,1.006,0.998,1.002,-0.002,-0.1992,343073.0,34370.855
513300.SH,20201118,1.002,0.994,0.996,0.99,0.991,-0.011,-1.0978,207622.0,20626.288
513300.SH,20201119,0.991,0.989,0.991,0.985,0.99,-0.001,-0.1009,295494.0,29191.14
513300.SH,20201120,0.99,0.995,1.0,0.995,1.0,0.01,1.0101,210309.0,20988.315
513300.SH,20201123,1.0,1.0,1.0,0.992,0.996,-0.004,-0.4,142233.0,14135.219
513300.SH,20201124,0.996,0.997,0.999,0.995,0.999,0.003,0.3012,148993.0,14856.325
513300.SH,20201125,0.999,1.009,1.018,1.008,1.011,0.012,1.2012,481338.0,48688.703
513300.SH,20201126,1.011,1.015,1.015,1.012,1.014,0.003,0.2967,221162.0,22422.434
513300.SH,20201127,1.014,1.012,1.016,1.01,1.015,0.001,0.0986,239711.0,24278.141
513300.SH,20201130,1.015,1.019,1.024,1.016,1.016,0.001,0.0985,307627.0,31384.122
513300.SH,20201201,1.016,1.025,1.032,1.025,1.03,0.014,1.378,362883.0,37372.268
513300.SH,20201202,1.03,1.033,1.033,1.03,1.031,0.001,0.0971,218561.0,22538.398
513300.SH,20201203,1.031,1.033,1.036,1.032,1.035,0.004,0.388,210562.0,21763.918
513300.SH,20201204,1.035,1.035,1.035,1.033,1.034,-0.001,-0.0966,102708.0,10617.394
513300.SH,20201207,1.034,1.035,1.038,1.03,1.033,-0.001,-0.0967,224494.0,23175.888
513300.SH,20201208,1.033,1.037,1.039,1.035,1.039,0.006,0.5808,186178.0,19319.432
513300.SH,20201209,1.039,1.042,1.045,1.042,1.043,0.004,0.385,141738.0,14785.24
513300.SH,20201210,1.043,1.023,1.025,1.02,1.021,-0.022,-2.1093,199255.0,20353.266
513300.SH,20201211,1.021,1.027,1.027,1.021,1.025,0.004,0.3918,167943.0,17183.981
513300.SH,20201214,1.025,1.026,1.028,1.025,1.026,0.001,0.0976,84069.0,8628.856
513300.SH,20201215,1.026,1.031,1.034,1.029,1.034,0.008,0.7797,174880.0,18035.794
513300.SH,20201216,1.034,1.042,1.045,1.04,1.042,0.008,0.7737,111531.0,11627.479
513300.SH,20201217,1.042,1.047,1.048,1.044,1.048,0.006,0.5758,200448.0,20969.483
513300.SH,20201218,1.048,1.05,1.053,1.049,1.052,0.004,0.3817,152226.0,16004.822
513300.SH,20201221,1.052,1.053,1.057,1.052,1.056,0.004,0.3802,143397.0,15124.034
513300.SH,20201222,1.056,1.052,1.053,1.045,1.045,-0.011,-1.0417,163665.0,17178.244
513300.SH,20201223,1.045,1.048,1.051,1.047,1.051,0.006,0.5742,147448.0,15466.635
513300.SH,20201224,1.051,1.05,1.05,1.044,1.045,-0.006,-0.5709,91165.0,9532.183
513300.SH,20201225,1.045,1.05,1.05,1.043,1.043,-0.002,-0.1914,47295.0,4944.472
513300.SH,20201228,1.043,1.046,1.053,1.043,1.051,0.008,0.767,240890.0,25209.838
513300.SH,20201229,1.051,1.056,1.066,1.056,1.065,0.014,1.3321,256706.0,27277.107
513300.SH,20201230,1.065,1.06,1.065,1.059,1.063,-0.002,-0.1878,82105.0,8722.46
513300.SH,20201231,1.063,1.063,1.063,1.057,1.061,-0.002,-0.1881,114813.0,12166.721
513300.SH,20210104,1.061,1.062,1.062,1.054,1.057,-0.004,-0.377,81508.0,8612.273
513300.SH,20210105,1.057,1.05,1.05,1.033,1.04,-0.017,-1.6083,283381.0,29397.36
513300.SH,20210106,1.04,1.043,1.045,1.034,1.035,-0.005,-0.4808,115165.0,11948.943
513300.SH,20210107,1.035,1.034,1.04,1.034,1.039,0.004,0.3865,143744.0,14904.304
513300.SH,20210108,1.039,1.058,1.065,1.054,1.063,0.024,2.3099,233621.0,24780.542
513300.SH,20210111,1.063,1.066,1.073,1.066,1.067,0.004,0.3763,161052.0,17212.152
513300.SH,20210112,1.067,1.065,1.065,1.057,1.06,-0.007,-0.656,124987.0,13243.729
513300.SH,20210113,1.06,1.056,1.058,1.053,1.054,-0.006,-0.566,74103.0,7823.274
513300.SH,20210114,1.054,1.068,1.068,1.055,1.06,0.006,0.5693,139221.0,14759.57
513300.SH,20210115,1.06,1.057,1.057,1.049,1.053,-0.007,-0.6604,166464.9,17530.139
513300.SH,20210118,1.053,1.051,1.052,1.045,1.052,-0.001,-0.095,106855.0,11198.777
513300.SH,20210119,1.052,1.054,1.065,1.054,1.061,0.009,0.8555,138632.0,14694.144
513300.SH,20210120,1.061,1.067,1.072,1.065,1.069,0.008,0.754,182359.0,19443.832
513300.SH,20210121,1.069,1.09,1.094,1.087,1.091,0.022,2.058,189303.0,20635.264
513300.SH,20210122,1.091,1.091,1.092,1.088,1.09,-0.001,-0.0917,185311.0,20199.427
513300.SH,20210125,1.09,1.096,1.107,1.096,1.106,0.016,1.4679,140288.94,15462.778
513300.SH,20210126,1.106,1.107,1.107,1.1,1.1,-0.006,-0.5425,58773.94,6473.115
513300.SH,20210127,1.1,1.109,1.113,1.107,1.109,0.009,0.8182,138486.0,15363.864
513300.SH,20210128,1.109,1.076,1.086,1.067,1.069,-0.04,-3.6069,268522.0,28875.14
513300.SH,20210129,1.069,1.073,1.077,1.064,1.07,0.001,0.0935,319239.0,34138.313
513300.SH,20210201,1.07,1.06,1.062,1.048,1.059,-0.011,-1.028,160482.0,16974.529
513300.SH,20210202,1.059,1.081,1.097,1.081,1.095,0.036,3.3994,134532.0,14669.422
513300.SH,20210203,1.095,1.107,1.109,1.103,1.108,0.013,1.1872,159106.0,17602.343
513300.SH,20210204,1.108,1.095,1.104,1.09,1.099,-0.009,-0.8123,101492.0,11140.35
513300.SH,20210205,1.099,1.109,1.119,1.108,1.119,0.02,1.8198,86346.0,9618.984
513300.SH,20210208,1.119,1.124,1.135,1.119,1.12,0.001,0.0894,164013.0,18400.149
513300.SH,20210209,1.12,1.124,1.126,1.116,1.117,-0.003,-0.2679,147046.0,16445.218
513300.SH,20210210,1.117,1.117,1.125,1.117,1.124,0.007,0.6267,156874.0,17574.253
513300.SH,20210218,1.124,1.123,1.123,1.113,1.118,-0.006,-0.5338,142837.0,15948.662
513300.SH,20210219,1.118,1.115,1.118,1.112,1.118,0.0,0.0,73926.0,8237.345
513300.SH,20210222,1.118,1.118,1.118,1.107,1.108,-0.01,-0.8945,94729.0,10524.829
513300.SH,20210223,1.108,1.086,1.099,1.08,1.097,-0.011,-0.9928,150922.0,16473.829
513300.SH,20210224,1.097,1.091,1.091,1.07,1.075,-0.022,-2.0055,284245.0,30733.458
513300.SH,20210225,1.075,1.087,1.098,1.085,1.097,0.022,2.0465,146974.0,16077.44
513300.SH,20210226,1.097,1.049,1.06,1.047,1.05,-0.047,-4.2844,248845.0,26202.063
513300.SH,20210301,1.05,1.063,1.075,1.063,1.074,0.024,2.2857,109997.0,11779.639
513300.SH,20210302,1.074,1.091,1.094,1.087,1.09,0.016,1.4898,130537.0,14228.708
513300.SH,20210303,1.09,1.076,1.083,1.071,1.081,-0.009,-0.8257,155958.0,16830.457
513300.SH,20210304,1.081,1.049,1.049,1.035,1.039,-0.042,-3.8853,283908.0,29547.587
513300.SH,20210305,1.039,1.015,1.026,1.011,1.026,-0.013,-1.2512,268270.0,27315.219
513300.SH,20210308,1.026,1.035,1.045,1.035,1.037,0.011,1.0721,438350.0,45531.191
513300.SH,20210309,1.037,1.02,1.031,1.018,1.026,-0.011,-1.0608,267463.0,27433.341
513300.SH,20210310,1.026,1.056,1.056,1.049,1.05,0.024,2.3392,183178.0,19244.625
513300.SH,20210311,1.05,1.051,1.063,1.047,1.062,0.012,1.1429,215027.0,22646.456
513300.SH,20210312,1.062,1.074,1.079,1.069,1.071,0.009,0.8475,231177.0,24819.989
513300.SH,20210315,1.071,1.072,1.075,1.063,1.067,-0.004,-0.3735,84806.0,9060.137
513300.SH,20210316,1.067,1.075,1.085,1.075,1.084,0.017,1.5933,143524.0,15516.273
513300.SH,20210317,1.084,1.081,1.084,1.075,1.082,-0.002,-0.1845,104145.0,11256.894
513300.SH,20210318,1.082,1.091,1.093,1.085,1.088,0.006,0.5545,115307.0,12553.852
513300.SH,20210319,1.088,1.059,1.06,1.052,1.055,-0.033,-3.0331,203432.0,21460.704
513300.SH,20210322,1.055,1.055,1.068,1.055,1.067,0.012,1.1374,74456.0,7911.667
513300.SH,20210323,1.067,1.075,1.079,1.074,1.077,0.01,0.9372,146688.0,15786.573
513300.SH,20210324,1.077,1.077,1.08,1.073,1.08,0.003,0.2786,112968.0,12175.805
513300.SH,20210325,1.08,1.067,1.068,1.058,1.063,-0.017,-1.5741,64118.0,6809.531
513300.SH,20210326,1.063,1.063,1.072,1.061,1.069,0.006,0.5644,188759.0,20173.859
513300.SH,20210329,1.069,1.066,1.083,1.06,1.073,0.004,0.3742,212757.0,22790.487
513300.SH,20210330,1.073,1.076,1.083,1.072,1.074,0.001,0.0932,137273.0,14790.623
513300.SH,20210331,1.074,1.075,1.076,1.07,1.075,0.001,0.0931,26971.0,2893.936
513300.SH,20210401,1.075,1.089,1.097,1.087,1.096,0.021,1.9535,107901.0,11772.105
513300.SH,20210402,1.096,1.11,1.112,1.107,1.11,0.014,1.2774,84992.0,9432.46
513300.SH,20210406,1.11,1.126,1.129,1.123,1.128,0.018,1.6216,73836.0,8320.478
513300.SH,20210407,1.128,1.127,1.128,1.121,1.127,-0.001,-0.0887,83985.0,9434.798
513300.SH,20210408,1.127,1.128,1.139,1.128,1.138,0.011,0.976,122453.0,13899.527
513300.SH,20210409,1.138,1.144,1.149,1.138,1.14,0.002,0.1757,84622.0,9675.096
513300.SH,20210412,1.14,1.145,1.15,1.143,1.148,0.008,0.7018,97900.0,11224.121
513300.SH,20210413,1.148,1.147,1.149,1.143,1.146,-0.002,-0.1742,76905.0,8810.848
513300.SH,20210414,1.146,1.157,1.163,1.157,1.162,0.016,1.3962,91755.0,10637.815
513300.SH,20210415,1.162,1.151,1.151,1.144,1.15,-0.012,-1.0327,69420.0,7960.043
513300.SH,20210416,1.15,1.16,1.161,1.156,1.159,0.009,0.7826,89221.0,10340.749
513300.SH,20210419,1.159,1.159,1.164,1.157,1.16,0.001,0.0863,110002.0,12761.686
513300.SH,20210420,1.16,1.15,1.15,1.144,1.145,-0.015,-1.2931,96961.0,11112.18
513300.SH,20210421,1.145,1.13,1.135,1.127,1.134,-0.011,-0.9607,70163.0,7939.198
513300.SH,20210422,1.134,1.142,1.145,1.141,1.145,0.011,0.97,95591.0,10922.641
513300.SH,20210423,1.145,1.13,1.136,1.13,1.133,-0.012,-1.048,56705.0,6424.926
513300.SH,20210426,1.133,1.144,1.146,1.142,1.145,0.012,1.0591,46128.0,5281.518
513300.SH,20210427,1.145,1.149,1.157,1.149,1.156,0.011,0.9607,79432.0,9164.659
513300.SH,20210428,1.156,1.148,1.152,1.147,1.151,-0.005,-0.4325,69395.0,7976.145
513300.SH,20210429,1.151,1.152,1.154,1.15,1.152,0.001,0.0869,85382.0,9831.009
513300.SH,20210430,1.152,1.149,1.149,1.138,1.143,-0.009,-0.7813,78220.0,8920.881
513300.SH,20210506,1.143,1.116,1.125,1.108,1.114,-0.029,-2.5372,357746.0,39779.795
513300.SH,20210507,1.114,1.119,1.123,1.112,1.114,0.0,0.0,112684.0,12580.589
513300.SH,20210510,1.114,1.12,1.123,1.116,1.116,0.002,0.1795,153244.0,17146.716
513300.SH,20210511,1.116,1.08,1.093,1.075,1.087,-0.029,-2.5986,293689.0,31745.5
513300.SH,20210512,1.087,1.083,1.089,1.078,1.089,0.002,0.184,85727.0,9301.027
513300.SH,20210513,1.089,1.068,1.072,1.065,1.07,-0.019,-1.7447,296639.0,31731.568
513300.SH,20210514,1.07,1.077,1.085,1.076,1.084,0.014,1.3084,189522.0,20456.802
513300.SH,20210517,1.084,1.09,1.098,1.089,1.097,0.013,1.1993,141652.0,15486.245
513300.SH,20210518,1.097,1.096,1.1,1.09,1.099,0.002,0.1823,159250.0,17399.257
513300.SH,20210519,1.099,1.083,1.083,1.078,1.079,-0.02,-1.8198,119195.0,12875.667
513300.SH,20210520,1.079,1.08,1.083,1.079,1.082,0.003,0.278,117686.0,12730.104
513300.SH,20210521,1.082,1.099,1.105,1.099,1.105,0.023,2.1257,157987.97,17416.612
513300.SH,20210524,1.105,1.098,1.101,1.097,1.1,-0.005,-0.4525,88770.0,9753.914
513300.SH,20210525,1.1,1.113,1.116,1.11,1.116,0.016,1.4545,97814.0,10887.289
513300.SH,20210526,1.116,1.113,1.114,1.111,1.113,-0.003,-0.2688,97464.0,10841.819
513300.SH,20210527,1.113,1.114,1.114,1.105,1.105,-0.008,-0.7188,190979.0,21144.232
513300.SH,20210528,1.105,1.105,1.109,1.105,1.106,0.001,0.0905,85969.0,9520.85
513300.SH,20210531,1.106,1.106,1.107,1.103,1.105,-0.001,-0.0904,64303.0,7097.829
513300.SH,20210601,1.105,1.104,1.11,1.103,1.11,0.005,0.4525,73972.0,8177.86
513300.SH,20210602,1.11,1.108,1.108,1.101,1.105,-0.005,-0.4505,59542.0,6572.331
513300.SH,20210603,1.105,1.106,1.11,1.106,1.108,0.003,0.2715,53184.0,5891.949
513300.SH,20210604,1.108,1.098,1.1,1.095,1.1,-0.008,-0.722,50122.0,5504.104
513300.SH,20210607,1.1,1.112,1.116,1.111,1.114,0.014,1.2727,128441.06,14314.419
513300.SH,20210608,1.114,1.12,1.122,1.117,1.119,0.005,0.4488,53214.0,5956.414
513300.SH,20210609,1.119,1.116,1.12,1.116,1.119,0.0,0.0,56380.0,6310.107
513300.SH,20210610,1.119,1.118,1.12,1.116,1.117,-0.002,-0.1787,45380.0,5073.301
513300.SH,20210611,1.117,1.128,1.131,1.126,1.131,0.014,1.2534,68666.0,7757.705
513300.SH,20210615,1.131,1.143,1.149,1.143,1.148,0.017,1.5031,80419.0,9226.891
513300.SH,20210616,1.148,1.141,1.141,1.137,1.139,-0.009,-0.784,37477.0,4264.695
513300.SH,20210617,1.139,1.131,1.133,1.129,1.133,-0.006,-0.5268,48586.18,5495.069
513300.SH,20210618,1.133,1.15,1.156,1.15,1.155,0.022,1.9417,86192.0,9948.926
513300.SH,20210621,1.155,1.146,1.15,1.141,1.15,-0.005,-0.4329,77293.0,8846.37
513300.SH,20210622,1.15,1.156,1.159,1.156,1.157,0.007,0.6087,28183.0,3261.366
513300.SH,20210623,1.157,1.17,1.174,1.169,1.173,0.016,1.3829,58334.0,6834.963
513300.SH,20210624,1.173,1.174,1.175,1.17,1.171,-0.002,-0.1705,28961.0,3395.883
513300.SH,20210625,1.171,1.179,1.179,1.174,1.175,0.004,0.3416,30134.9,3544.906
513300.SH,20210628,1.175,1.171,1.176,1.169,1.173,-0.002,-0.1702,48404.0,5677.171
513300.SH,20210629,1.173,1.182,1.186,1.181,1.181,0.008,0.682,42899.0,5077.799
513300.SH,20210630,1.181,1.187,1.193,1.186,1.192,0.011,0.9314,45123.0,5371.853
513300.SH,20210701,1.192,1.19,1.193,1.19,1.192,0.0,0.0,55188.0,6574.027
513300.SH,20210702,1.192,1.192,1.193,1.19,1.193,0.001,0.0839,89859.0,10708.987
513300.SH,20210705,1.193,1.205,1.21,1.203,1.204,0.011,0.922,69431.0,8367.776
513300.SH,20210706,1.204,1.204,1.207,1.203,1.206,0.002,0.1661,85567.0,10309.427
513300.SH,20210707,1.206,1.208,1.213,1.208,1.211,0.005,0.4146,82474.0,9991.388
513300.SH,20210708,1.211,1.21,1.215,1.209,1.209,-0.002,-0.1652,90805.0,10997.222
513300.SH,20210709,1.209,1.203,1.21,1.2,1.21,0.001,0.0827,77503.0,9331.884
513300.SH,20210712,1.21,1.216,1.219,1.215,1.217,0.007,0.5785,196370.0,23893.001
513300.SH,20210713,1.217,1.219,1.221,1.218,1.218,0.001,0.0822,83890.0,10231.382
513300.SH,20210714,1.218,1.216,1.221,1.215,1.218,0.0,0.0,97376.0,11868.091
513300.SH,20210715,1.218,1.218,1.224,1.218,1.223,0.005,0.4105,45643.0,5570.171
513300.SH,20210716,1.223,1.214,1.214,1.207,1.211,-0.012,-0.9812,35984.0,4355.584
513300.SH,20210719,1.211,1.199,1.203,1.197,1.203,-0.008,-0.6606,59990.0,7194.874
513300.SH,20210720,1.203,1.199,1.203,1.196,1.203,0.0,0.0,60560.0,7266.418
513300.SH,20210721,1.203,1.211,1.214,1.205,1.21,0.007,0.5819,59064.0,7138.733
513300.SH,20210722,1.21,1.216,1.22,1.215,1.218,0.008,0.6612,43301.0,5270.318
513300.SH,20210723,1.218,1.225,1.228,1.224,1.228,0.01,0.821,50228.0,6159.377
513300.SH,20210726,1.228,1.242,1.244,1.237,1.241,0.013,1.0586,107279.0,13296.414
513300.SH,20210727,1.241,1.24,1.242,1.238,1.241,0.0,0.0,100586.0,12479.473
513300.SH,20210728,1.241,1.24,1.24,1.228,1.233,-0.008,-0.6446,97213.0,11961.065
513300.SH,20210729,1.233,1.236,1.236,1.229,1.233,0.0,0.0,129874.0,15987.422
513300.SH,20210730,1.233,1.216,1.22,1.213,1.214,-0.019,-1.541,112744.0,13700.356
513300.SH,20210802,1.214,1.224,1.233,1.224,1.231,0.017,1.4003,88998.0,10922.485
513300.SH,20210803,1.231,1.226,1.228,1.224,1.228,-0.003,-0.2437,23254.0,2852.071
513300.SH,20210804,1.228,1.231,1.239,1.231,1.235,0.007,0.57,97769.0,12065.962
513300.SH,20210805,1.235,1.237,1.237,1.232,1.232,-0.003,-0.2429,31139.0,3843.869
513300.SH,20210806,1.232,1.24,1.247,1.24,1.244,0.012,0.974,76147.0,9471.377
513300.SH,20210809,1.244,1.234,1.238,1.234,1.236,-0.008,-0.6431,42789.0,5286.037
513300.SH,20210810,1.236,1.24,1.241,1.238,1.241,0.005,0.4045,51414.0,6372.009
513300.SH,20210811,1.241,1.237,1.237,1.234,1.236,-0.005,-0.4029,50477.0,6239.221
513300.SH,20210812,1.236,1.232,1.234,1.231,1.233,-0.003,-0.2427,40738.0,5020.272
513300.SH,20210813,1.233,1.238,1.239,1.236,1.239,0.006,0.4866,22311.0,2759.31
513300.SH,20210816,1.239,1.24,1.242,1.239,1.24,0.001,0.0807,30666.0,3803.085
513300.SH,20210817,1.24,1.24,1.248,1.239,1.244,0.004,0.3226,297826.0,37047.058
513300.SH,20210818,1.244,1.238,1.238,1.232,1.235,-0.009,-0.7235,109476.0,13524.682
513300.SH,20210819,1.235,1.23,1.23,1.215,1.216,-0.019,-1.5385,76692.0,9367.743
513300.SH,20210820,1.216,1.225,1.231,1.224,1.228,0.012,0.9868,92457.0,11346.551
513300.SH,20210823,1.228,1.241,1.247,1.24,1.247,0.019,1.5472,47968.0,5965.352
513300.SH,20210824,1.247,1.26,1.264,1.259,1.264,0.017,1.3633,118504.0,14952.336
513300.SH,20210825,1.264,1.265,1.267,1.26,1.264,0.0,0.0,69035.0,8712.157
513300.SH,20210826,1.264,1.263,1.263,1.258,1.262,-0.002,-0.1582,46904.0,5914.628
513300.SH,20210827,1.262,1.259,1.264,1.256,1.264,0.002,0.1585,44000.0,5547.752
513300.SH,20210830,1.264,1.271,1.276,1.267,1.268,0.004,0.3165,109616.0,13906.826
513300.SH,20210831,1.268,1.279,1.289,1.277,1.289,0.021,1.6562,160089.0,20561.797
513300.SH,20210901,1.289,1.279,1.284,1.278,1.284,-0.005,-0.3879,139932.0,17929.51
513300.SH,20210902,1.284,1.283,1.283,1.278,1.282,-0.002,-0.1558,101975.09,13059.362
513300.SH,20210903,1.282,1.282,1.283,1.277,1.282,0.0,0.0,112536.0,14414.88
513300.SH,20210906,1.282,1.282,1.285,1.281,1.283,0.001,0.078,86777.0,11125.802
513300.SH,20210907,1.283,1.282,1.286,1.282,1.285,0.002,0.1559,46878.0,6017.703
513300.SH,20210908,1.285,1.284,1.286,1.28,1.281,-0.004,-0.3113,138469.0,17756.884
513300.SH,20210909,1.281,1.278,1.278,1.271,1.273,-0.008,-0.6245,62274.0,7930.677
513300.SH,20210910,1.273,1.272,1.273,1.27,1.272,-0.001,-0.0786,46915.0,5964.705
513300.SH,20210913,1.272,1.264,1.267,1.256,1.267,-0.005,-0.3931,99103.0,12499.865
513300.SH,20210914,1.267,1.265,1.265,1.258,1.259,-0.008,-0.6314,69496.0,8767.995
513300.SH,20210915,1.259,1.254,1.256,1.253,1.254,-0.005,-0.3971,40713.0,5106.819
513300.SH,20210916,1.254,1.262,1.267,1.259,1.26,0.006,0.4785,156659.0,19780.926
513300.SH,20210917,1.26,1.263,1.271,1.262,1.27,0.01,0.7937,86725.0,10983.493
513300.SH,20210922,1.27,1.233,1.239,1.23,1.238,-0.032,-2.5197,159010.0,19624.866
513300.SH,20210923,1.238,1.248,1.25,1.245,1.25,0.012,0.9693,78981.0,9853.643
513300.SH,20210924,1.25,1.256,1.257,1.248,1.249,-0.001,-0.08,90479.0,11336.936
513300.SH,20210927,1.249,1.256,1.259,1.254,1.257,0.008,0.6405,80205.0,10076.259
513300.SH,20210928,1.257,1.243,1.244,1.233,1.234,-0.023,-1.8298,89450.0,11089.994
513300.SH,20210929,1.234,1.209,1.218,1.208,1.218,-0.016,-1.2966,98094.0,11904.8
513300.SH,20210930,1.218,1.215,1.224,1.213,1.219,0.001,0.0821,91879.0,11189.433
513300.SH,20211008,1.219,1.223,1.226,1.216,1.219,0.0,0.0,56670.0,6916.913
513300.SH,20211011,1.219,1.211,1.211,1.203,1.205,-0.014,-1.1485,72679.0,8764.575
513300.SH,20211012,1.205,1.195,1.199,1.193,1.196,-0.009,-0.7469,84050.0,10044.189
513300.SH,20211013,1.196,1.192,1.2,1.192,1.199,0.003,0.2508,83389.0,9976.769
513300.SH,20211014,1.199,1.203,1.216,1.203,1.216,0.017,1.4178,45444.0,5498.074
513300.SH,20211015,1.216,1.227,1.233,1.225,1.23,0.014,1.1513,105537.0,12962.101
513300.SH,20211018,1.23,1.232,1.233,1.226,1.229,-0.001,-0.0813,45210.0,5562.445
513300.SH,20211019,1.229,1.242,1.244,1.241,1.244,0.015,1.2205,45082.0,5602.527
513300.SH,20211020,1.244,1.247,1.248,1.245,1.246,0.002,0.1608,39304.0,4897.097
513300.SH,20211021,1.246,1.244,1.244,1.24,1.241,-0.005,-0.4013,48298.0,5996.898
513300.SH,20211022,1.241,1.248,1.249,1.246,1.249,0.008,0.6446,36060.0,4499.452
513300.SH,20211025,1.249,1.242,1.244,1.239,1.243,-0.006,-0.4804,81912.0,10167.72
513300.SH,20211026,1.243,1.257,1.259,1.255,1.258,0.015,1.2068,75015.0,9431.097
513300.SH,20211027,1.258,1.257,1.258,1.253,1.258,0.0,0.0,75153.0,9433.697
513300.SH,20211028,1.258,1.259,1.265,1.259,1.261,0.003,0.2385,55933.0,7062.504
513300.SH,20211029,1.261,1.268,1.271,1.262,1.265,0.004,0.3172,51717.0,6550.281
513300.SH,20211101,1.265,1.282,1.288,1.28,1.284,0.019,1.502,97805.0,12560.954
513300.SH,20211102,1.284,1.285,1.29,1.282,1.288,0.004,0.3115,95496.0,12268.918
513300.SH,20211103,1.288,1.292,1.293,1.289,1.291,0.003,0.2329,109735.0,14166.87
513300.SH,20211104,1.291,1.306,1.313,1.305,1.311,0.02,1.5492,215053.0,28165.151
513300.SH,20211105,1.311,1.32,1.328,1.32,1.327,0.016,1.2204,118382.0,15698.316
513300.SH,20211108,1.327,1.326,1.335,1.319,1.324,-0.003,-0.2261,198861.0,26358.703
513300.SH,20211109,1.324,1.322,1.326,1.32,1.325,0.001,0.0755,115325.0,15262.657
513300.SH,20211110,1.325,1.31,1.318,1.31,1.315,-0.01,-0.7547,152891.0,20073.85
513300.SH,20211111,1.315,1.296,1.305,1.296,1.305,-0.01,-0.7605,174540.0,22711.25
513300.SH,20211112,1.305,1.307,1.309,1.3,1.3,-0.005,-0.3831,158898.0,20730.736
513300.SH,20211115,1.3,1.311,1.315,1.311,1.315,0.015,1.1538,76544.0,10053.585
513300.SH,20211116,1.315,1.312,1.313,1.308,1.31,-0.005,-0.3802,90976.0,11918.336
513300.SH,20211117,1.31,1.318,1.321,1.318,1.319,0.009,0.687,64514.0,8511.36
513300.SH,20211118,1.319,1.318,1.323,1.316,1.323,0.004,0.3033,101313.0,13358.31
513300.SH,20211119,1.323,1.333,1.353,1.333,1.342,0.019,1.4361,116340.0,15597.263
513300.SH,20211122,1.342,1.347,1.349,1.344,1.345,0.003,0.2235,96578.0,13003.88
513300.SH,20211123,1.345,1.326,1.327,1.322,1.325,-0.02,-1.487,143779.0,19042.033
513300.SH,20211124,1.325,1.322,1.326,1.32,1.325,0.0,0.0,121836.0,16113.191
513300.SH,20211125,1.325,1.327,1.332,1.325,1.331,0.006,0.4528,84863.0,11273.446
513300.SH,20211126,1.331,1.326,1.327,1.316,1.317,-0.014,-1.0518,91600.0,12097.183
513300.SH,20211129,1.317,1.298,1.327,1.298,1.323,0.006,0.4556,179003.0,23514.119
513300.SH,20211130,1.323,1.328,1.334,1.313,1.32,-0.003,-0.2268,131265.0,17368.807
513300.SH,20211201,1.32,1.31,1.322,1.31,1.321,0.001,0.0758,91005.0,11967.511
513300.SH,20211202,1.321,1.3,1.3,1.279,1.291,-0.03,-2.271,272739.0,35126.626
513300.SH,20211203,1.291,1.292,1.293,1.283,1.289,-0.002,-0.1549,133214.0,17164.171
513300.SH,20211206,1.289,1.273,1.275,1.268,1.274,-0.015,-1.1637,112185.0,14263.595
513300.SH,20211207,1.274,1.282,1.291,1.279,1.29,0.016,1.2559,103906.0,13349.367
513300.SH,20211208,1.29,1.317,1.324,1.317,1.323,0.033,2.5581,119313.0,15747.317
513300.SH,20211209,1.323,1.321,1.322,1.315,1.317,-0.006,-0.4535,87490.0,11534.607
513300.SH,20211210,1.317,1.3,1.308,1.298,1.305,-0.012,-0.9112,84313.0,11002.712
513300.SH,20211213,1.305,1.32,1.323,1.318,1.322,0.017,1.3027,90437.0,11947.032
513300.SH,20211214,1.322,1.303,1.306,1.298,1.299,-0.023,-1.7398,113596.0,14775.935
513300.SH,20211215,1.299,1.286,1.29,1.284,1.286,-0.013,-1.0008,164973.0,21224.559
513300.SH,20211216,1.286,1.309,1.319,1.309,1.319,0.033,2.5661,164940.0,21665.899
513300.SH,20211217,1.319,1.288,1.29,1.28,1.281,-0.038,-2.881,419288.0,53801.875
513300.SH,20211220,1.281,1.271,1.275,1.261,1.263,-0.018,-1.4052,222240.0,28140.614
513300.SH,20211221,1.263,1.264,1.28,1.264,1.279,0.016,1.2668,137846.0,17552.646
513300.SH,20211222,1.279,1.288,1.29,1.28,1.284,0.005,0.3909,120260.0,15458.519
513300.SH,20211223,1.284,1.299,1.304,1.299,1.303,0.019,1.4798,167873.0,21856.626
513300.SH,20211224,1.303,1.312,1.314,1.307,1.31,0.007,0.5372,133640.0,17503.118
513300.SH,20211227,1.31,1.315,1.317,1.312,1.313,0.003,0.229,89237.0,11727.463
513300.SH,20211228,1.313,1.331,1.334,1.327,1.332,0.019,1.4471,130534.0,17373.004
513300.SH,20211229,1.332,1.33,1.332,1.326,1.332,0.0,0.0,104538.0,13890.633
513300.SH,20211230,1.332,1.326,1.329,1.325,1.328,-0.004,-0.3003,57123.0,7579.217
513300.SH,20211231,1.328,1.325,1.325,1.32,1.324,-0.004,-0.3012,82029.0,10847.69
513300.SH,20220104,1.324,1.332,1.335,1.329,1.334,0.01,0.7553,110585.0,14719.933
513300.SH,20220105,1.334,1.315,1.315,1.304,1.305,-0.029,-2.1739,170066.0,22241.759
513300.SH,20220106,1.305,1.269,1.275,1.263,1.271,-0.034,-2.6054,452633.0,57437.315
513300.SH,20220107,1.271,1.277,1.279,1.274,1.276,0.005,0.3934,146804.0,18747.072
513300.SH,20220110,1.276,1.26,1.267,1.251,1.266,-0.01,-0.7837,286372.0,36094.674
513300.SH,20220111,1.266,1.265,1.266,1.256,1.257,-0.009,-0.7109,177858.0,22412.914
513300.SH,20220112,1.257,1.274,1.282,1.273,1.281,0.024,1.9093,247460.0,31628.418
513300.SH,20220113,1.281,1.277,1.279,1.274,1.274,-0.007,-0.5464,209649.0,26751.004
513300.SH,20220114,1.274,1.247,1.251,1.243,1.251,-0.023,-1.8053,241923.0,30148.503
513300.SH,20220117,1.251,1.251,1.254,1.249,1.252,0.001,0.0799,139076.0,17396.154
513300.SH,20220118,1.252,1.253,1.253,1.239,1.241,-0.011,-0.8786,163131.0,20305.001
513300.SH,20220119,1.241,1.22,1.223,1.211,1.215,-0.026,-2.0951,270311.0,32899.27
513300.SH,20220120,1.215,1.207,1.221,1.206,1.22,0.005,0.4115,176833.0,21442.627
513300.SH,20220121,1.22,1.19,1.19,1.175,1.182,-0.038,-3.1148,476337.0,56357.78
513300.SH,20220124,1.182,1.166,1.169,1.164,1.168,-0.014,-1.1844,273598.0,31908.837
513300.SH,20220125,1.168,1.155,1.159,1.138,1.145,-0.023,-1.9692,563640.0,64650.801
513300.SH,20220126,1.145,1.132,1.142,1.132,1.139,-0.006,-0.524,406727.0,46299.593
513300.SH,20220127,1.139,1.124,1.13,1.114,1.116,-0.023,-2.0193,567479.0,63529.92
513300.SH,20220128,1.116,1.135,1.142,1.133,1.141,0.025,2.2401,332416.0,37789.186
513300.SH,20220207,1.141,1.175,1.184,1.169,1.183,0.042,3.681,291533.0,34307.102
513300.SH,20220208,1.183,1.173,1.173,1.167,1.171,-0.012,-1.0144,149197.0,17462.617
513300.SH,20220209,1.171,1.186,1.192,1.184,1.192,0.021,1.7933,166827.0,19821.164
513300.SH,20220210,1.192,1.208,1.209,1.203,1.207,0.015,1.2584,209626.0,25273.758
513300.SH,20220211,1.207,1.18,1.181,1.169,1.175,-0.032,-2.6512,228491.0,26859.604
513300.SH,20220214,1.175,1.148,1.152,1.145,1.15,-0.025,-2.1277,331424.0,38039.194
513300.SH,20220215,1.15,1.151,1.153,1.146,1.149,-0.001,-0.087,255528.0,29361.414
513300.SH,20220216,1.149,1.169,1.172,1.167,1.171,0.022,1.9147,254475.0,29768.582
513300.SH,20220217,1.171,1.167,1.169,1.155,1.163,-0.008,-0.6832,267941.0,31189.699
513300.SH,20220218,1.163,1.135,1.147,1.134,1.142,-0.021,-1.8057,289432.0,33087.587
513300.SH,20220221,1.142,1.127,1.141,1.124,1.14,-0.002,-0.1751,387619.76,43786.973
513300.SH,20220222,1.14,1.118,1.118,1.1,1.101,-0.039,-3.4211,644606.12,71182.985
513300.SH,20220223,1.101,1.114,1.12,1.112,1.118,0.017,1.5441,530207.0,59136.111
513300.SH,20220224,1.118,1.08,1.082,1.055,1.058,-0.06,-5.3667,1317087.0,140801.298
513300.SH,20220225,1.058,1.101,1.106,1.1,1.105,0.047,4.4423,653902.0,72155.401
513300.SH,20220228,1.105,1.111,1.112,1.098,1.106,0.001,0.0905,248745.0,27458.146
513300.SH,20220301,1.106,1.128,1.136,1.127,1.134,0.028,2.5316,339346.85,38396.299
513300.SH,20220302,1.134,1.12,1.123,1.115,1.119,-0.015,-1.3228,210830.88,23595.383
513300.SH,20220303,1.119,1.133,1.136,1.13,1.135,0.016,1.4298,177102.5,20068.32
513300.SH,20220304,1.135,1.113,1.118,1.107,1.117,-0.018,-1.5859,254282.0,28268.415
513300.SH,20220307,1.117,1.088,1.093,1.082,1.09,-0.027,-2.4172,267414.0,29065.444
513300.SH,20220308,1.09,1.068,1.069,1.048,1.053,-0.037,-3.3945,397354.0,42106.524
513300.SH,20220309,1.053,1.056,1.067,1.056,1.067,0.014,1.3295,295089.0,31317.654
513300.SH,20220310,1.067,1.1,1.102,1.092,1.094,0.027,2.5305,213692.0,23419.701
513300.SH,20220311,1.094,1.076,1.088,1.074,1.087,-0.007,-0.6399,217743.0,23527.33
513300.SH,20220314,1.087,1.07,1.075,1.066,1.072,-0.015,-1.3799,256720.99,27473.624
513300.SH,20220315,1.072,1.051,1.059,1.049,1.052,-0.02,-1.8657,363712.0,38314.902
513300.SH,20220316,1.052,1.08,1.095,1.075,1.093,0.041,3.8973,414606.0,44881.323
513300.SH,20220317,1.093,1.119,1.125,1.113,1.123,0.03,2.7447,382899.0,42812.902
513300.SH,20220318,1.123,1.125,1.128,1.118,1.125,0.002,0.1781,218106.0,24504.658
513300.SH,20220321,1.125,1.148,1.154,1.148,1.152,0.027,2.4,268223.88,30877.375
513300.SH,20220322,1.152,1.146,1.151,1.145,1.15,-0.002,-0.1736,366703.0,42093.218
513300.SH,20220323,1.15,1.173,1.18,1.172,1.179,0.029,2.5217,265545.0,31253.364
513300.SH,20220324,1.179,1.162,1.171,1.162,1.169,-0.01,-0.8482,167637.0,19548.114
513300.SH,20220325,1.169,1.188,1.19,1.185,1.189,0.02,1.7109,259570.0,30839.133
513300.SH,20220328,1.189,1.182,1.187,1.18,1.182,-0.007,-0.5887,232979.0,27568.084
513300.SH,20220329,1.182,1.203,1.21,1.202,1.209,0.027,2.2843,257496.0,31015.917
513300.SH,20220330,1.209,1.229,1.23,1.22,1.221,0.012,0.9926,329123.0,40325.803
513300.SH,20220331,1.221,1.213,1.215,1.211,1.214,-0.007,-0.5733,231744.0,28113.766
513300.SH,20220401,1.214,1.193,1.208,1.191,1.202,-0.012,-0.9885,341625.0,40846.449
513300.SH,20220406,1.202,1.191,1.196,1.189,1.195,-0.007,-0.5824,189040.0,22534.626
513300.SH,20220407,1.195,1.17,1.17,1.163,1.17,-0.025,-2.0921,370775.0,43219.015
513300.SH,20220408,1.17,1.17,1.177,1.167,1.177,0.007,0.5983,187313.0,21935.441
513300.SH,20220411,1.177,1.158,1.158,1.143,1.146,-0.031,-2.6338,258162.0,29646.969
513300.SH,20220412,1.146,1.122,1.13,1.119,1.129,-0.017,-1.4834,376602.0,42327.514
513300.SH,20220413,1.129,1.125,1.135,1.124,1.132,0.003,0.2657,393650.0,44502.936
513300.SH,20220414,1.132,1.144,1.152,1.144,1.15,0.018,1.5901,345654.0,39681.972
513300.SH,20220415,1.15,1.121,1.123,1.118,1.122,-0.028,-2.4348,329946.0,36972.838
513300.SH,20220418,1.122,1.114,1.115,1.11,1.114,-0.008,-0.713,263785.0,29338.918
513300.SH,20220419,1.114,1.123,1.13,1.123,1.129,0.015,1.3465,261667.0,29461.743
513300.SH,20220420,1.129,1.142,1.143,1.138,1.142,0.013,1.1515,452018.5,51570.986
513300.SH,20220421,1.142,1.141,1.151,1.139,1.148,0.006,0.5254,442420.25,50693.415
513300.SH,20220422,1.148,1.115,1.127,1.112,1.126,-0.022,-1.9164,536628.0,60131.261
513300.SH,20220425,1.126,1.099,1.104,1.093,1.094,-0.032,-2.8419,525251.0,57712.666
513300.SH,20220426,1.094,1.122,1.124,1.117,1.119,0.025,2.2852,572750.0,64216.523
513300.SH,20220427,1.119,1.081,1.091,1.078,1.088,-0.031,-2.7703,1509603.66,163570.139
513300.SH,20220428,1.088,1.089,1.104,1.088,1.103,0.015,1.3787,791787.0,86615.628
513300.SH,20220429,1.103,1.115,1.121,1.113,1.118,0.015,1.3599,1041183.0,116365.685
513300.SH,20220505,1.118,1.133,1.133,1.127,1.128,0.01,0.8945,607499.0,68652.335
513300.SH,20220506,1.128,1.075,1.088,1.074,1.086,-0.042,-3.7234,838313.0,90745.09
513300.SH,20220509,1.086,1.065,1.075,1.064,1.07,-0.016,-1.4733,1337297.0,142813.247
513300.SH,20220510,1.07,1.04,1.054,1.036,1.054,-0.016,-1.4953,1537692.0,160601.896
513300.SH,20220511,1.054,1.055,1.061,1.053,1.059,0.005,0.4744,1304707.0,138039.384
513300.SH,20220512,1.059,1.027,1.031,1.018,1.021,-0.038,-3.5883,2638388.0,270312.209
513300.SH,20220513,1.021,1.03,1.042,1.03,1.041,0.02,1.9589,1705545.0,176554.527
513300.SH,20220516,1.041,1.065,1.066,1.048,1.054,0.013,1.2488,1926701.0,203557.408
513300.SH,20220517,1.054,1.055,1.059,1.051,1.058,0.004,0.3795,815199.16,86034.284
513300.SH,20220518,1.058,1.067,1.068,1.062,1.064,0.006,0.5671,886781.1,94480.141
513300.SH,20220519,1.064,1.019,1.023,1.012,1.02,-0.044,-4.1353,1951565.1,198535.474
513300.SH,20220520,1.02,1.021,1.024,1.02,1.022,0.002,0.1961,1483076.0,151562.135
513300.SH,20220523,1.022,1.022,1.024,1.015,1.023,0.001,0.0978,1073601.0,109402.08
513300.SH,20220524,1.023,1.01,1.015,0.997,0.999,-0.024,-2.346,1072781.0,107999.055
513300.SH,20220525,0.999,0.999,1.005,0.998,1.005,0.006,0.6006,922223.0,92472.391
513300.SH,20220526,1.005,1.011,1.013,1.008,1.013,0.008,0.796,1147799.0,116040.65
513300.SH,20220527,1.013,1.035,1.045,1.034,1.044,0.031,3.0602,1728864.73,180107.053
513300.SH,20220530,1.044,1.077,1.084,1.073,1.081,0.037,3.5441,1605446.33,173093.374
513300.SH,20220531,1.081,1.076,1.077,1.068,1.072,-0.009,-0.8326,909514.87,97561.122
513300.SH,20220601,1.072,1.072,1.074,1.065,1.067,-0.005,-0.4664,1186004.3,126750.197
513300.SH,20220602,1.067,1.063,1.063,1.058,1.06,-0.007,-0.656,870334.0,92283.165
513300.SH,20220606,1.06,1.058,1.062,1.054,1.061,0.001,0.0943,1075554.0,113794.569
513300.SH,20220607,1.061,1.056,1.056,1.048,1.051,-0.01,-0.9425,1094767.0,115063.123
513300.SH,20220608,1.051,1.065,1.067,1.062,1.066,0.015,1.4272,833451.71,88751.907
513300.SH,20220609,1.066,1.06,1.062,1.058,1.06,-0.006,-0.5629,822596.0,87191.468
513300.SH,20220610,1.06,1.034,1.044,1.034,1.043,-0.017,-1.6038,1059417.41,110055.028
513300.SH,20220613,1.043,0.998,1.0,0.989,0.992,-0.051,-4.8897,1958667.0,194895.013
513300.SH,20220614,0.992,0.971,0.989,0.969,0.988,-0.004,-0.4032,1554992.0,152279.936
513300.SH,20220615,0.988,0.988,0.995,0.981,0.994,0.006,0.6073,2080463.0,205151.258
513300.SH,20220616,0.994,1.008,1.01,0.991,0.991,-0.003,-0.3018,1679427.0,167929.953
513300.SH,20220617,0.991,0.966,0.983,0.964,0.982,-0.009,-0.9082,1567202.0,152670.371
513300.SH,20220620,0.982,0.98,0.995,0.978,0.994,0.012,1.222,1101710.0,108241.073
513300.SH,20220621,0.994,0.994,1.003,0.989,1.001,0.007,0.7042,1312289.0,130842.933
513300.SH,20220622,1.001,1.005,1.006,0.991,0.992,-0.009,-0.8991,1241911.0,123989.836
513300.SH,20220623,0.992,0.998,1.002,0.994,1.001,0.009,0.9073,1175526.0,117322.466
513300.SH,20220624,1.001,1.006,1.013,1.005,1.01,0.009,0.8991,1333703.0,134646.746
513300.SH,20220627,1.01,1.026,1.037,1.025,1.03,0.02,1.9802,1419777.78,146228.478
513300.SH,20220628,1.03,1.025,1.03,1.016,1.026,-0.004,-0.3883,1141354.0,116715.536
513300.SH,20220629,1.026,0.997,1.003,0.994,0.996,-0.03,-2.924,1427374.0,142437.171
513300.SH,20220630,0.996,0.997,0.998,0.988,0.99,-0.006,-0.6024,1381974.5,137352.289
513300.SH,20220701,0.99,0.987,0.989,0.98,0.984,-0.006,-0.6061,1430421.02,140729.849
513300.SH,20220704,0.984,0.988,0.992,0.984,0.992,0.008,0.813,897855.23,88596.654
513300.SH,20220705,0.992,0.994,1.002,0.993,1.002,0.01,1.0081,991056.0,99016.794
513300.SH,20220706,1.002,1.01,1.015,1.008,1.011,0.009,0.8982,1110530.64,112397.424
513300.SH,20220707,1.011,1.012,1.025,1.012,1.024,0.013,1.2859,999958.58,101924.959
513300.SH,20220708,1.024,1.039,1.042,1.032,1.033,0.009,0.8789,736923.0,76424.524
513300.SH,20220711,1.033,1.034,1.034,1.022,1.023,-0.01,-0.9681,1128382.65,115928.133
513300.SH,20220712,1.023,1.006,1.012,1.006,1.011,-0.012,-1.173,510922.0,51611.116
513300.SH,20220713,1.011,1.01,1.015,1.008,1.014,0.003,0.2967,728233.0,73584.025
513300.SH,20220714,1.014,1.009,1.009,1.002,1.005,-0.009,-0.8876,731499.0,73520.368
513300.SH,20220715,1.005,1.012,1.021,1.012,1.018,0.013,1.2935,1038748.0,105677.055
513300.SH,20220718,1.018,1.034,1.044,1.032,1.043,0.025,2.4558,879925.0,91261.523
513300.SH,20220719,1.043,1.033,1.033,1.024,1.027,-0.016,-1.534,836978.0,85955.432
513300.SH,20220720,1.027,1.053,1.057,1.051,1.056,0.029,2.8238,1285142.0,135475.49
513300.SH,20220721,1.056,1.062,1.069,1.061,1.065,0.009,0.8523,850083.0,90532.706
513300.SH,20220722,1.065,1.075,1.076,1.07,1.072,0.007,0.6573,1060677.0,113797.449
513300.SH,20220725,1.072,1.059,1.06,1.056,1.059,-0.013,-1.2127,808036.0,85493.821
513300.SH,20220726,1.059,1.053,1.055,1.048,1.054,-0.005,-0.4721,885124.0,93071.172
513300.SH,20220727,1.054,1.047,1.054,1.047,1.053,-0.001,-0.0949,658810.0,69308.479
513300.SH,20220728,1.053,1.075,1.077,1.07,1.071,0.018,1.7094,907782.0,97325.666
513300.SH,20220729,1.071,1.093,1.099,1.092,1.098,0.027,2.521,1046817.39,114794.481
513300.SH,20220801,1.098,1.098,1.1,1.095,1.098,0.0,0.0,761113.0,83565.156
513300.SH,20220802,1.098,1.099,1.1,1.093,1.095,-0.003,-0.2732,1568533.0,171931.179
513300.SH,20220803,1.095,1.097,1.1,1.094,1.099,0.004,0.3653,494810.08,54281.885
513300.SH,20220804,1.099,1.123,1.126,1.123,1.125,0.026,2.3658,867100.0,97548.699
513300.SH,20220805,1.125,1.131,1.134,1.13,1.131,0.006,0.5333,625562.0,70820.442
513300.SH,20220808,1.131,1.12,1.13,1.118,1.13,-0.001,-0.0884,661068.0,74278.796
513300.SH,20220809,1.13,1.124,1.124,1.119,1.12,-0.01,-0.885,591634.0,66311.948
513300.SH,20220810,1.12,1.108,1.108,1.101,1.103,-0.017,-1.5179,668681.0,73841.463
513300.SH,20220811,1.103,1.138,1.141,1.136,1.14,0.037,3.3545,1127627.0,128227.119
513300.SH,20220812,1.14,1.128,1.132,1.127,1.131,-0.009,-0.7895,744694.0,84054.241
513300.SH,20220815,1.131,1.146,1.152,1.146,1.15,0.019,1.6799,624525.0,71793.145
513300.SH,20220816,1.15,1.164,1.167,1.162,1.167,0.017,1.4783,630753.0,73530.698
513300.SH,20220817,1.167,1.166,1.166,1.161,1.162,-0.005,-0.4284,768695.0,89410.351
513300.SH,20220818,1.162,1.146,1.151,1.145,1.146,-0.016,-1.3769,864887.0,99344.994
513300.SH,20220819,1.146,1.154,1.157,1.148,1.148,0.002,0.1745,619232.0,71436.619
513300.SH,20220822,1.148,1.129,1.134,1.129,1.131,-0.017,-1.4808,677821.0,76688.129
513300.SH,20220823,1.131,1.113,1.115,1.106,1.109,-0.022,-1.9452,752612.0,83631.489
513300.SH,20220824,1.109,1.11,1.113,1.106,1.113,0.004,0.3607,789386.0,87571.946
513300.SH,20220825,1.113,1.116,1.127,1.115,1.126,0.013,1.168,1085971.0,121611.432
513300.SH,20220826,1.126,1.133,1.134,1.13,1.133,0.007,0.6217,778957.0,88171.918
513300.SH,20220829,1.133,1.08,1.089,1.076,1.088,-0.045,-3.9718,913480.0,98901.583
513300.SH,20220830,1.088,1.089,1.093,1.086,1.093,0.005,0.4596,1062891.0,115823.85
513300.SH,20220831,1.093,1.083,1.084,1.079,1.082,-0.011,-1.0064,1432132.0,154779.609
513300.SH,20220901,1.082,1.063,1.063,1.054,1.057,-0.025,-2.3105,1565314.0,165653.454
513300.SH,20220902,1.057,1.065,1.072,1.064,1.071,0.014,1.3245,934441.0,99717.637
513300.SH,20220905,1.071,1.057,1.06,1.055,1.059,-0.012,-1.1204,1033900.0,109302.87
513300.SH,20220906,1.059,1.066,1.067,1.062,1.066,0.007,0.661,913059.0,97216.862
513300.SH,20220907,1.066,1.051,1.056,1.048,1.055,-0.011,-1.0319,1080803.0,113723.773
513300.SH,20220908,1.055,1.075,1.08,1.074,1.078,0.023,2.1801,895300.69,96370.906
513300.SH,20220909,1.078,1.084,1.084,1.079,1.081,0.003,0.2783,933359.0,100974.36
513300.SH,20220913,1.081,1.107,1.114,1.107,1.112,0.031,2.8677,1655941.51,183679.681
513300.SH,20220914,1.112,1.056,1.059,1.053,1.058,-0.054,-4.8561,1895391.0,200350.24
513300.SH,20220915,1.058,1.064,1.067,1.063,1.065,0.007,0.6616,1289100.0,137228.689
513300.SH,20220916,1.065,1.048,1.05,1.04,1.041,-0.024,-2.2535,1157363.0,120926.014
513300.SH,20220919,1.041,1.043,1.047,1.039,1.041,0.0,0.0,1027629.0,107155.789
513300.SH,20220920,1.041,1.054,1.063,1.054,1.059,0.018,1.7291,1469719.0,155658.118
513300.SH,20220921,1.059,1.052,1.058,1.051,1.057,-0.002,-0.1889,1144423.0,120673.432
513300.SH,20220922,1.057,1.031,1.037,1.028,1.036,-0.021,-1.9868,1015160.0,104923.335
513300.SH,20220923,1.036,1.03,1.033,1.03,1.032,-0.004,-0.3861,1032464.0,106522.624
513300.SH,20220926,1.032,1.014,1.023,1.014,1.019,-0.013,-1.2597,908124.0,92551.017
513300.SH,20220927,1.019,1.027,1.042,1.027,1.04,0.021,2.0608,1263906.0,130379.519
513300.SH,20220928,1.04,1.033,1.038,1.024,1.027,-0.013,-1.25,1236901.0,127162.438
513300.SH,20220929,1.027,1.045,1.047,1.041,1.043,0.016,1.5579,1161610.0,121375.473
513300.SH,20220930,1.043,1.018,1.035,1.017,1.028,-0.015,-1.4382,1137828.0,116071.069
513300.SH,20221010,1.028,1.012,1.013,0.996,0.996,-0.032,-3.1128,861341.0,86285.254
513300.SH,20221011,0.996,0.998,1.002,0.994,0.995,-0.001,-0.1004,1140624.0,113659.379
513300.SH,20221012,0.995,0.992,1.005,0.986,1.004,0.009,0.9045,1224005.0,121442.3
513300.SH,20221013,1.004,0.99,0.997,0.989,0.996,-0.008,-0.7968,777405.0,77214.468
513300.SH,20221014,0.996,1.012,1.021,1.01,1.02,0.024,2.4096,1433790.63,145674.071
513300.SH,20221017,1.02,0.997,1.004,0.991,1.0,-0.02,-1.9608,1263049.0,125800.51
513300.SH,20221018,1.0,1.028,1.035,1.019,1.03,0.03,3.0,1736935.0,178332.349
513300.SH,20221019,1.03,1.034,1.035,1.024,1.025,-0.005,-0.4854,1293928.0,133299.368
513300.SH,20221020,1.025,1.006,1.016,1.006,1.012,-0.013,-1.2683,901365.15,91052.632
513300.SH,20221021,1.012,1.01,1.015,1.01,1.013,0.001,0.0988,602814.0,60983.282
513300.SH,20221024,1.013,1.035,1.044,1.031,1.041,0.028,2.7641,1591769.0,165617.867
513300.SH,20221025,1.041,1.052,1.06,1.052,1.059,0.018,1.7291,1401124.0,147792.181
513300.SH,20221026,1.059,1.06,1.06,1.051,1.053,-0.006,-0.5666,1500194.0,158517.936
513300.SH,20221027,1.053,1.048,1.048,1.039,1.044,-0.009,-0.8547,843033.0,88014.592
513300.SH,20221028,1.044,1.029,1.029,1.011,1.013,-0.031,-2.9693,1030829.0,105132.572
513300.SH,20221031,1.013,1.052,1.058,1.051,1.058,0.045,4.4423,1083616.0,114252.13
513300.SH,20221101,1.058,1.055,1.06,1.053,1.059,0.001,0.0945,1218450.0,128797.277
513300.SH,20221102,1.059,1.048,1.049,1.043,1.048,-0.011,-1.0387,856790.0,89608.435
513300.SH,20221103,1.048,1.015,1.025,1.014,1.023,-0.025,-2.3855,1066569.0,108769.218
513300.SH,20221104,1.023,1.015,1.033,1.006,1.032,0.009,0.8798,1946283.0,197879.616
513300.SH,20221107,1.032,1.02,1.026,1.018,1.022,-0.01,-0.969,1565056.0,159879.298
513300.SH,20221108,1.022,1.029,1.03,1.018,1.021,-0.001,-0.0978,1115399.95,114083.562
513300.SH,20221109,1.021,1.022,1.026,1.022,1.023,0.002,0.1959,986849.0,101064.58
513300.SH,20221110,1.023,1.01,1.011,1.007,1.011,-0.012,-1.173,817539.0,82529.634
513300.SH,20221111,1.011,1.078,1.078,1.058,1.064,0.053,5.2423,1753895.0,186227.959
513300.SH,20221114,1.064,1.064,1.065,1.052,1.053,-0.011,-1.0338,1361243.0,143796.953
513300.SH,20221115,1.053,1.047,1.064,1.044,1.063,0.01,0.9497,1277433.0,134759.876
513300.SH,20221116,1.063,1.062,1.069,1.058,1.067,0.004,0.3763,1259632.0,134060.74
513300.SH,20221117,1.067,1.059,1.067,1.057,1.065,-0.002,-0.1874,1209555.95,128474.226
513300.SH,20221118,1.065,1.061,1.064,1.058,1.059,-0.006,-0.5634,690964.95,73337.746
513300.SH,20221121,1.059,1.054,1.06,1.054,1.055,-0.004,-0.3777,624915.0,66070.051
513300.SH,20221122,1.055,1.052,1.054,1.047,1.048,-0.007,-0.6635,505954.0,53132.544
513300.SH,20221123,1.048,1.057,1.06,1.056,1.06,0.012,1.145,603189.0,63830.796
513300.SH,20221124,1.06,1.07,1.074,1.069,1.07,0.01,0.9434,547298.0,58616.435
513300.SH,20221125,1.07,1.075,1.076,1.073,1.074,0.004,0.3738,515436.0,55378.858
513300.SH,20221128,1.074,1.067,1.067,1.058,1.061,-0.013,-1.2104,597341.0,63447.446
513300.SH,20221129,1.061,1.055,1.061,1.054,1.06,-0.001,-0.0943,1126514.0,119141.072
513300.SH,20221130,1.06,1.051,1.053,1.045,1.05,-0.01,-0.9434,1035810.29,108549.582
513300.SH,20221201,1.05,1.079,1.083,1.075,1.081,0.031,2.9524,1137269.71,122604.876
513300.SH,20221202,1.081,1.074,1.076,1.073,1.074,-0.007,-0.6475,434427.0,46680.704
513300.SH,20221205,1.074,1.067,1.07,1.064,1.065,-0.009,-0.838,1018248.0,108541.773
513300.SH,20221206,1.065,1.05,1.055,1.048,1.054,-0.011,-1.0329,647551.0,68138.631
513300.SH,20221207,1.054,1.037,1.042,1.037,1.041,-0.013,-1.2334,1142183.0,118764.829
513300.SH,20221208,1.041,1.036,1.044,1.035,1.042,0.001,0.0961,1273839.0,132362.936
513300.SH,20221209,1.042,1.047,1.048,1.04,1.044,0.002,0.1919,776920.0,80980.769
513300.SH,20221212,1.044,1.037,1.038,1.032,1.033,-0.011,-1.0536,881025.0,91127.749
513300.SH,20221213,1.033,1.041,1.045,1.041,1.045,0.012,1.1617,662562.0,69119.933
513300.SH,20221214,1.045,1.049,1.056,1.049,1.056,0.011,1.0526,784491.0,82486.773
513300.SH,20221215,1.056,1.045,1.046,1.042,1.043,-0.013,-1.2311,474965.0,49558.595
513300.SH,20221216,1.043,1.014,1.022,1.013,1.02,-0.023,-2.2052,884435.0,90086.89
513300.SH,20221219,1.02,1.015,1.022,1.014,1.021,0.001,0.098,553862.0,56352.994
513300.SH,20221220,1.021,1.014,1.018,1.006,1.007,-0.014,-1.3712,878610.0,88826.594
513300.SH,20221221,1.007,1.015,1.022,1.009,1.021,0.014,1.3903,673787.0,68414.669
513300.SH,20221222,1.021,1.028,1.029,1.023,1.023,0.002,0.1959,532658.0,54662.751
513300.SH,20221223,1.023,1.009,1.012,1.005,1.011,-0.012,-1.173,672000.0,67804.011
513300.SH,20221226,1.011,1.014,1.014,1.004,1.009,-0.002,-0.1978,449953.0,45342.886
513300.SH,20221227,1.009,1.012,1.019,1.01,1.018,0.009,0.892,377541.0,38295.512
513300.SH,20221228,1.018,1.008,1.009,1.002,1.002,-0.016,-1.5717,893051.0,89702.306
513300.SH,20221229,1.002,0.995,1.0,0.991,0.997,-0.005,-0.499,736733.0,73183.833
513300.SH,20221230,0.997,1.006,1.009,1.004,1.005,0.008,0.8024,615056.0,61887.236
513300.SH,20230103,1.005,1.005,1.008,0.999,1.007,0.002,0.199,634342.0,63703.499
513300.SH,20230104,1.007,1.0,1.006,0.999,1.005,-0.002,-0.1986,670959.0,67206.13
513300.SH,20230105,1.005,1.006,1.008,1.002,1.008,0.003,0.2985,781699.0,78521.804
513300.SH,20230106,1.008,1.002,1.002,0.998,1.001,-0.007,-0.6944,865335.0,86606.17
513300.SH,20230109,1.001,1.008,1.013,1.007,1.012,0.011,1.0989,1028127.0,103790.854
513300.SH,20230110,1.012,1.011,1.012,1.007,1.008,-0.004,-0.3953,622084.0,62769.253
513300.SH,20230111,1.008,1.011,1.013,1.01,1.01,0.002,0.1984,556362.0,56248.427
513300.SH,20230112,1.01,1.017,1.018,1.016,1.017,0.007,0.6931,660333.0,67179.708
513300.SH,20230113,1.017,1.017,1.018,1.011,1.014,-0.003,-0.295,524212.0,53139.087
513300.SH,20230116,1.014,1.015,1.016,1.012,1.013,-0.001,-0.0986,501953.0,50878.696
513300.SH,20230117,1.013,1.013,1.013,1.01,1.011,-0.002,-0.1974,507657.0,51363.196
513300.SH,20230118,1.011,1.012,1.016,1.011,1.014,0.003,0.2967,488483.0,49504.226
513300.SH,20230119,1.014,1.003,1.006,1.001,1.003,-0.011,-1.0848,466430.0,46786.502
513300.SH,20230120,1.003,1.004,1.013,1.0,1.012,0.009,0.8973,640122.0,64364.232
513300.SH,20230130,1.012,1.04,1.046,1.034,1.042,0.03,2.9644,1811878.98,188642.097
513300.SH,20230131,1.042,1.03,1.032,1.025,1.026,-0.016,-1.5355,780716.0,80383.433
513300.SH,20230201,1.026,1.035,1.038,1.034,1.037,0.011,1.0721,606213.0,62805.637
513300.SH,20230202,1.037,1.06,1.063,1.056,1.062,0.025,2.4108,939263.8,99619.014
513300.SH,20230203,1.062,1.076,1.08,1.072,1.075,0.013,1.2241,1284519.88,138203.71
513300.SH,20230206,1.075,1.073,1.078,1.069,1.072,-0.003,-0.2791,804991.0,86391.93
513300.SH,20230207,1.072,1.072,1.075,1.069,1.072,0.0,0.0,622417.0,66740.48
513300.SH,20230208,1.072,1.084,1.091,1.083,1.09,0.018,1.6791,780659.0,84895.762
513300.SH,20230209,1.09,1.075,1.079,1.072,1.079,-0.011,-1.0092,637540.0,68613.478
513300.SH,20230210,1.079,1.066,1.067,1.061,1.063,-0.016,-1.4829,691696.0,73541.838
513300.SH,20230213,1.063,1.058,1.061,1.055,1.058,-0.005,-0.4704,555168.0,58730.909
513300.SH,20230214,1.058,1.073,1.076,1.072,1.076,0.018,1.7013,530340.0,56919.418
513300.SH,20230215,1.076,1.079,1.08,1.077,1.078,0.002,0.1859,1699535.27,183237.757
513300.SH,20230216,1.078,1.097,1.1,1.096,1.099,0.021,1.9481,945497.0,103827.484
513300.SH,20230217,1.099,1.077,1.077,1.068,1.07,-0.029,-2.6388,1110715.0,119085.823
513300.SH,20230220,1.07,1.069,1.071,1.067,1.071,0.001,0.0935,698836.0,74706.464
513300.SH,20230221,1.071,1.067,1.068,1.065,1.068,-0.003,-0.2801,348650.0,37184.915
513300.SH,20230222,1.068,1.048,1.055,1.048,1.051,-0.017,-1.5918,865946.0,91042.139
513300.SH,20230223,1.051,1.055,1.059,1.055,1.058,0.007,0.666,495117.0,52362.384
513300.SH,20230224,1.058,1.06,1.063,1.059,1.061,0.003,0.2836,505597.0,53635.346
513300.SH,20230227,1.061,1.055,1.057,1.052,1.055,-0.006,-0.5655,598596.0,63137.405
513300.SH,20230228,1.055,1.06,1.062,1.056,1.057,0.002,0.1896,428505.0,45379.029
513300.SH,20230301,1.057,1.052,1.054,1.049,1.053,-0.004,-0.3784,811417.0,85329.749
513300.SH,20230302,1.053,1.042,1.042,1.033,1.037,-0.016,-1.5195,1156951.7,119877.754
513300.SH,20230303,1.037,1.046,1.05,1.045,1.049,0.012,1.1572,737241.0,77225.416
513300.SH,20230306,1.049,1.069,1.078,1.069,1.075,0.026,2.4786,1153588.49,123827.584
513300.SH,20230307,1.075,1.078,1.081,1.077,1.078,0.003,0.2791,695490.0,75041.209
513300.SH,20230308,1.078,1.072,1.072,1.066,1.067,-0.011,-1.0204,328976.0,35147.634
513300.SH,20230309,1.067,1.069,1.074,1.069,1.074,0.007,0.656,221297.0,23705.299
513300.SH,20230310,1.074,1.053,1.054,1.048,1.048,-0.026,-2.4209,828893.0,87058.351
513300.SH,20230313,1.048,1.042,1.054,1.041,1.052,0.004,0.3817,1348325.1,141281.886
513300.SH,20230314,1.052,1.042,1.045,1.034,1.036,-0.016,-1.5209,948238.0,98530.718
513300.SH,20230315,1.036,1.057,1.063,1.057,1.062,0.026,2.5097,669402.0,70933.136
513300.SH,20230316,1.062,1.069,1.072,1.066,1.067,0.005,0.4708,883582.0,94471.597
513300.SH,20230317,1.067,1.093,1.1,1.091,1.097,0.03,2.8116,2653577.0,290571.942
513300.SH,20230320,1.097,1.097,1.099,1.083,1.086,-0.011,-1.0027,1575936.0,172509.775
513300.SH,20230321,1.086,1.092,1.096,1.092,1.096,0.01,0.9208,294883.36,32265.782
513300.SH,20230322,1.096,1.109,1.116,1.108,1.114,0.018,1.6423,934296.28,104022.795
513300.SH,20230323,1.114,1.098,1.102,1.094,1.101,-0.013,-1.167,962183.0,105650.897
513300.SH,20230324,1.101,1.11,1.111,1.105,1.109,0.008,0.7266,466719.85,51668.8
513300.SH,20230327,1.109,1.115,1.121,1.114,1.12,0.011,0.9919,471942.66,52742.024
513300.SH,20230328,1.12,1.114,1.114,1.106,1.11,-0.01,-0.8929,551818.0,61201.37
513300.SH,20230329,1.11,1.106,1.113,1.105,1.112,0.002,0.1802,233623.0,25923.311
513300.SH,20230330,1.112,1.126,1.127,1.122,1.124,0.012,1.0791,322440.0,36269.968
513300.SH,20230331,1.124,1.133,1.135,1.131,1.133,0.009,0.8007,346907.0,39331.676
513300.SH,20230403,1.133,1.144,1.146,1.144,1.145,0.012,1.0591,378803.32,43371.61
513300.SH,20230404,1.145,1.145,1.148,1.143,1.147,0.002,0.1747,389735.0,44605.338
513300.SH,20230406,1.147,1.13,1.133,1.128,1.132,-0.015,-1.3078,390268.0,44097.194
513300.SH,20230407,1.132,1.141,1.142,1.139,1.141,0.009,0.7951,229976.0,26227.395
513300.SH,20230410,1.141,1.141,1.142,1.135,1.135,-0.006,-0.5259,233261.0,26566.364
513300.SH,20230411,1.135,1.138,1.141,1.135,1.137,0.002,0.1762,510637.12,58106.522
513300.SH,20230412,1.137,1.132,1.132,1.125,1.126,-0.011,-0.9675,887326.48,100033.709
513300.SH,20230413,1.126,1.11,1.121,1.11,1.121,-0.005,-0.444,406497.74,45387.023
513300.SH,20230414,1.121,1.137,1.137,1.13,1.13,0.009,0.8029,573771.0,64994.639
513300.SH,20230417,1.13,1.135,1.138,1.133,1.135,0.005,0.4425,993207.0,112674.545
513300.SH,20230418,1.135,1.135,1.135,1.132,1.134,-0.001,-0.0881,587965.0,66629.598
513300.SH,20230419,1.134,1.133,1.134,1.128,1.13,-0.004,-0.3527,2291914.0,259129.686
513300.SH,20230420,1.13,1.131,1.132,1.126,1.129,-0.001,-0.0885,1655017.0,186877.65
513300.SH,20230421,1.129,1.125,1.126,1.122,1.123,-0.006,-0.5314,1150540.0,129284.052
513300.SH,20230424,1.123,1.123,1.125,1.121,1.122,-0.001,-0.089,320444.0,35983.982
513300.SH,20230425,1.122,1.124,1.125,1.121,1.123,0.001,0.0891,214787.0,24108.785
513300.SH,20230426,1.123,1.12,1.124,1.12,1.122,-0.001,-0.089,316312.0,35485.77
513300.SH,20230427,1.122,1.118,1.125,1.118,1.125,0.003,0.2674,637536.0,71570.771
513300.SH,20230428,1.125,1.143,1.145,1.142,1.144,0.019,1.6889,384803.0,44016.873
513300.SH,20230504,1.144,1.135,1.138,1.133,1.137,-0.007,-0.6119,365687.0,41515.915
513300.SH,20230505,1.137,1.134,1.135,1.132,1.133,-0.004,-0.3518,392041.0,44428.603
513300.SH,20230508,1.133,1.15,1.152,1.15,1.152,0.019,1.677,377511.0,43460.554
513300.SH,20230509,1.152,1.153,1.155,1.152,1.152,0.0,0.0,275525.0,31787.659
513300.SH,20230510,1.152,1.148,1.152,1.148,1.152,0.0,0.0,235549.0,27072.521
513300.SH,20230511,1.152,1.163,1.167,1.163,1.165,0.013,1.1285,516910.96,60243.747
513300.SH,20230512,1.165,1.172,1.174,1.171,1.172,0.007,0.6009,352098.0,41283.215
513300.SH,20230515,1.172,1.169,1.171,1.166,1.169,-0.003,-0.256,317661.0,37116.844
513300.SH,20230516,1.169,1.173,1.174,1.172,1.174,0.005,0.4277,233526.0,27392.146
513300.SH,20230517,1.174,1.181,1.185,1.18,1.182,0.008,0.6814,307562.0,36385.574
513300.SH,20230518,1.182,1.198,1.201,1.195,1.201,0.019,1.6074,580033.0,69561.788
513300.SH,20230519,1.201,1.23,1.235,1.229,1.23,0.029,2.4147,1592627.0,196162.377
513300.SH,20230522,1.23,1.225,1.226,1.223,1.225,-0.005,-0.4065,389924.0,47727.277
513300.SH,20230523,1.225,1.234,1.238,1.232,1.233,0.008,0.6531,531936.0,65673.885
513300.SH,20230524,1.233,1.218,1.22,1.213,1.215,-0.018,-1.4599,726428.0,88424.882
513300.SH,20230525,1.215,1.227,1.234,1.226,1.233,0.018,1.4815,1018799.75,125286.565
513300.SH,20230526,1.233,1.242,1.243,1.237,1.241,0.008,0.6488,553037.0,68505.899
513300.SH,20230529,1.241,1.278,1.284,1.275,1.283,0.042,3.3844,946933.0,121141.078
513300.SH,20230530,1.283,1.282,1.294,1.278,1.291,0.008,0.6235,1614875.0,207888.311
513300.SH,20230531,1.291,1.289,1.294,1.285,1.287,-0.004,-0.3098,641754.0,82784.171
513300.SH,20230601,1.287,1.282,1.287,1.278,1.286,-0.001,-0.0777,655669.0,84080.038
513300.SH,20230602,1.286,1.301,1.302,1.296,1.3,0.014,1.0886,998329.0,129675.839
513300.SH,20230605,1.3,1.304,1.307,1.301,1.307,0.007,0.5385,556917.14,72598.833
513300.SH,20230606,1.307,1.307,1.314,1.307,1.31,0.003,0.2295,709028.0,92904.075
513300.SH,20230607,1.31,1.309,1.314,1.308,1.311,0.001,0.0763,703768.32,92205.944
513300.SH,20230608,1.311,1.291,1.292,1.281,1.282,-0.029,-2.2121,1123318.0,144519.988
513300.SH,20230609,1.282,1.299,1.301,1.299,1.3,0.018,1.4041,903838.0,117506.857
513300.SH,20230612,1.3,1.31,1.318,1.309,1.317,0.017,1.3077,459945.94,60401.903
513300.SH,20230613,1.317,1.342,1.349,1.334,1.348,0.031,2.3538,799144.95,107310.319
513300.SH,20230614,1.348,1.359,1.359,1.348,1.353,0.005,0.3709,685864.0,92708.971
513300.SH,20230615,1.353,1.36,1.364,1.357,1.363,0.01,0.7391,1155286.24,157172.425
513300.SH,20230616,1.363,1.372,1.375,1.366,1.373,0.01,0.7337,1020218.53,139822.504
513300.SH,20230619,1.373,1.363,1.375,1.359,1.372,-0.001,-0.0728,763896.0,104412.157
513300.SH,20230620,1.372,1.373,1.375,1.369,1.371,-0.001,-0.0729,461485.0,63280.939
513300.SH,20230621,1.371,1.374,1.386,1.374,1.384,0.013,0.9482,639349.0,88176.616
513300.SH,20230626,1.384,1.37,1.37,1.358,1.36,-0.024,-1.7341,1975008.0,268768.62
513300.SH,20230627,1.36,1.341,1.344,1.338,1.342,-0.018,-1.3235,1324108.0,177558.704
513300.SH,20230628,1.342,1.358,1.363,1.357,1.363,0.021,1.5648,769985.0,104636.04
513300.SH,20230629,1.363,1.369,1.378,1.369,1.373,0.01,0.7337,670970.0,92200.23
513300.SH,20230630,1.373,1.375,1.376,1.371,1.373,0.0,0.0,492291.0,67618.15
513300.SH,20230703,1.373,1.393,1.399,1.389,1.397,0.024,1.748,794769.0,110706.478
513300.SH,20230704,1.397,1.393,1.395,1.391,1.394,-0.003,-0.2147,584771.0,81459.744
513300.SH,20230705,1.394,1.393,1.394,1.389,1.391,-0.003,-0.2152,373662.0,51997.335
513300.SH,20230706,1.391,1.394,1.396,1.389,1.392,0.001,0.0719,533116.0,74235.942
513300.SH,20230707,1.392,1.386,1.386,1.379,1.385,-0.007,-0.5029,664457.0,91883.961
513300.SH,20230710,1.385,1.376,1.378,1.37,1.371,-0.014,-1.0108,519081.0,71286.389
513300.SH,20230711,1.371,1.375,1.38,1.374,1.379,0.008,0.5835,465835.0,64111.176
513300.SH,20230712,1.379,1.383,1.385,1.376,1.376,-0.003,-0.2175,479368.0,66079.242
513300.SH,20230713,1.376,1.39,1.401,1.389,1.4,0.024,1.7442,657704.86,91726.326
513300.SH,20230714,1.4,1.414,1.416,1.402,1.403,0.003,0.2143,1378791.0,194031.519
513300.SH,20230717,1.403,1.402,1.412,1.402,1.411,0.008,0.5702,567969.0,79836.047
513300.SH,20230718,1.411,1.421,1.431,1.42,1.43,0.019,1.3466,995703.0,142010.573
513300.SH,20230719,1.43,1.447,1.471,1.443,1.458,0.028,1.958,1993563.0,290765.328
513300.SH,20230720,1.458,1.455,1.455,1.439,1.445,-0.013,-0.8916,1219997.0,176705.501
513300.SH,20230721,1.445,1.412,1.422,1.403,1.419,-0.026,-1.7993,1693775.0,239352.505
513300.SH,20230724,1.419,1.414,1.426,1.412,1.425,0.006,0.4228,716711.0,101680.056
513300.SH,20230725,1.425,1.428,1.428,1.415,1.426,0.001,0.0702,1396713.0,198586.232
513300.SH,20230726,1.426,1.428,1.432,1.426,1.426,0.0,0.0,787208.0,112468.81
513300.SH,20230727,1.426,1.427,1.491,1.424,1.452,0.026,1.8233,1904427.0,274255.514
513300.SH,20230728,1.452,1.437,1.451,1.431,1.443,-0.009,-0.6198,1768753.0,254793.266
513300.SH,20230731,1.443,1.463,1.465,1.442,1.446,0.003,0.2079,2288456.95,332082.542
513300.SH,20230801,1.446,1.448,1.451,1.441,1.444,-0.002,-0.1383,1384273.9,200074.654
513300.SH,20230802,1.444,1.436,1.437,1.417,1.42,-0.024,-1.662,1512704.0,215945.186
513300.SH,20230803,1.42,1.393,1.403,1.393,1.395,-0.025,-1.7606,2055576.0,287123.237
513300.SH,20230804,1.395,1.398,1.408,1.396,1.406,0.011,0.7885,1583991.42,222028.521
513300.SH,20230807,1.406,1.396,1.397,1.39,1.391,-0.015,-1.0669,1330232.0,185279.938
513300.SH,20230808,1.391,1.396,1.398,1.392,1.393,0.002,0.1438,1136533.0,158556.041
513300.SH,20230809,1.393,1.389,1.393,1.388,1.393,0.0,0.0,1078690.61,149987.02
513300.SH,20230810,1.393,1.378,1.379,1.373,1.378,-0.015,-1.0768,1211171.0,166656.108
513300.SH,20230811,1.378,1.379,1.38,1.374,1.378,0.0,0.0,1284535.0,176964.907
513300.SH,20230814,1.378,1.372,1.372,1.366,1.37,-0.008,-0.5806,1364206.0,186689.955
513300.SH,20230815,1.37,1.392,1.404,1.391,1.401,0.031,2.2628,2367605.39,331406.984
513300.SH,20230816,1.401,1.385,1.389,1.384,1.389,-0.012,-0.8565,1084094.0,150289.602
513300.SH,20230817,1.389,1.373,1.375,1.368,1.374,-0.015,-1.0799,2105952.0,288621.905
513300.SH,20230818,1.374,1.353,1.353,1.342,1.348,-0.026,-1.8923,2997711.0,403875.368
513300.SH,20230821,1.348,1.348,1.353,1.347,1.351,0.003,0.2226,1333528.0,180080.709
513300.SH,20230822,1.351,1.371,1.373,1.362,1.373,0.022,1.6284,1680515.0,230100.064
513300.SH,20230823,1.373,1.372,1.379,1.37,1.377,0.004,0.2913,2123617.0,291587.906
513300.SH,20230824,1.377,1.402,1.415,1.402,1.415,0.038,2.7596,3264487.0,460213.54
513300.SH,20230825,1.415,1.367,1.367,1.356,1.358,-0.057,-4.0283,2596215.0,353345.266
513300.SH,20230828,1.358,1.369,1.374,1.368,1.374,0.016,1.1782,1922778.0,263548.413
513300.SH,20230829,1.374,1.384,1.385,1.381,1.383,0.009,0.655,1721530.0,238114.908
513300.SH,20230830,1.383,1.412,1.414,1.411,1.412,0.029,2.0969,2655202.0,375042.561
513300.SH,20230831,1.412,1.419,1.425,1.417,1.417,0.005,0.3541,1836282.0,260891.418
513300.SH,20230901,1.417,1.417,1.418,1.412,1.413,-0.004,-0.2823,2314209.62,327513.988
513300.SH,20230904,1.413,1.413,1.418,1.413,1.417,0.004,0.2831,1536652.58,217518.296
513300.SH,20230905,1.417,1.415,1.419,1.415,1.419,0.002,0.1411,1018504.0,144315.983
513300.SH,20230906,1.419,1.424,1.426,1.422,1.425,0.006,0.4228,1210522.0,172420.194
513300.SH,20230907,1.425,1.414,1.415,1.41,1.41,-0.015,-1.0526,1395002.0,197148.087
513300.SH,20230908,1.41,1.408,1.419,1.406,1.418,0.008,0.5674,1865942.85,263403.921
513300.SH,20230911,1.418,1.416,1.416,1.404,1.41,-0.008,-0.5642,1974909.0,278656.883
513300.SH,20230912,1.41,1.418,1.42,1.416,1.419,0.009,0.6383,1535263.0,217687.572
513300.SH,20230913,1.419,1.404,1.404,1.398,1.402,-0.017,-1.198,2231965.27,312762.685
513300.SH,20230914,1.402,1.407,1.414,1.406,1.413,0.011,0.7846,1123850.0,158521.554
513300.SH,20230915,1.413,1.421,1.422,1.417,1.422,0.009,0.6369,1891519.0,268598.313
513300.SH,20230918,1.422,1.397,1.398,1.395,1.396,-0.026,-1.8284,1382491.0,193060.204
513300.SH,20230919,1.396,1.398,1.399,1.393,1.394,-0.002,-0.1433,1432836.0,199903.116
513300.SH,20230920,1.394,1.391,1.392,1.387,1.391,-0.003,-0.2152,1529122.94,212452.882
513300.SH,20230921,1.391,1.367,1.37,1.361,1.366,-0.025,-1.7973,2635465.0,359762.285
513300.SH,20230922,1.366,1.344,1.355,1.343,1.355,-0.011,-0.8053,2393023.0,322868.254
513300.SH,20230925,1.355,1.351,1.356,1.35,1.356,0.001,0.0738,1060033.0,143517.498
513300.SH,20230926,1.356,1.352,1.354,1.346,1.346,-0.01,-0.7375,1817705.0,245306.924
513300.SH,20230927,1.346,1.336,1.34,1.333,1.339,-0.007,-0.5201,2350577.05,314012.741
513300.SH,20230928,1.339,1.343,1.345,1.337,1.34,0.001,0.0747,1429320.0,191596.22
513300.SH,20231009,1.34,1.364,1.365,1.357,1.36,0.02,1.4925,1858155.76,252770.538
513300.SH,20231010,1.36,1.377,1.381,1.376,1.381,0.021,1.5441,1500127.0,206735.851
513300.SH,20231011,1.381,1.386,1.39,1.385,1.389,0.008,0.5793,1289244.0,178839.805
513300.SH,20231012,1.389,1.399,1.404,1.398,1.402,0.013,0.9359,1836930.0,257478.847
513300.SH,20231013,1.402,1.392,1.396,1.391,1.393,-0.009,-0.6419,882799.92,122979.626
513300.SH,20231016,1.393,1.382,1.382,1.377,1.38,-0.013,-0.9332,865620.0,119383.403
513300.SH,20231017,1.38,1.393,1.393,1.388,1.388,0.008,0.5797,602175.0,83707.725
513300.SH,20231018,1.388,1.383,1.384,1.381,1.382,-0.006,-0.4323,579613.0,80166.278
513300.SH,20231019,1.382,1.368,1.37,1.363,1.364,-0.018,-1.3025,1899224.36,259359.531
513300.SH,20231020,1.364,1.35,1.352,1.348,1.351,-0.013,-0.9531,1602654.0,216280.31
513300.SH,20231023,1.351,1.339,1.341,1.335,1.339,-0.012,-0.8882,1195901.0,159974.269
513300.SH,20231024,1.339,1.342,1.35,1.34,1.35,0.011,0.8215,1279210.0,171898.268
513300.SH,20231025,1.35,1.35,1.351,1.345,1.346,-0.004,-0.2963,1001683.0,135015.77
513300.SH,20231026,1.346,1.31,1.31,1.302,1.304,-0.042,-3.1204,2716168.08,354362.721
513300.SH,20231027,1.304,1.301,1.308,1.301,1.307,0.003,0.2301,1556674.0,203237.938
513300.SH,20231030,1.307,1.308,1.312,1.307,1.312,0.005,0.3826,827441.0,108301.628
513300.SH,20231031,1.312,1.313,1.313,1.306,1.309,-0.003,-0.2287,1159131.74,151815.299
513300.SH,20231101,1.309,1.317,1.326,1.317,1.326,0.017,1.2987,1448915.0,191485.219
513300.SH,20231102,1.326,1.351,1.361,1.35,1.357,0.031,2.3379,3234321.0,438655.523
513300.SH,20231103,1.357,1.373,1.373,1.366,1.369,0.012,0.8843,1352338.0,185059.894
513300.SH,20231106,1.369,1.381,1.385,1.381,1.384,0.015,1.0957,939786.23,129957.958
513300.SH,20231107,1.384,1.383,1.384,1.379,1.38,-0.004,-0.289,1585963.0,219043.299
513300.SH,20231108,1.38,1.395,1.396,1.392,1.393,0.013,0.942,806236.19,112387.067
513300.SH,20231109,1.393,1.395,1.4,1.394,1.399,0.006,0.4307,714725.39,99839.887
513300.SH,20231110,1.399,1.385,1.388,1.384,1.386,-0.013,-0.9292,800752.23,110953.115
513300.SH,20231113,1.386,1.414,1.417,1.413,1.416,0.03,2.1645,870266.45,123099.146
513300.SH,20231114,1.416,1.417,1.423,1.415,1.42,0.004,0.2825,1178260.45,167292.203
513300.SH,20231115,1.42,1.45,1.451,1.444,1.447,0.027,1.9014,1375189.0,198947.215
513300.SH,20231116,1.447,1.44,1.441,1.435,1.439,-0.008,-0.5529,1060934.0,152545.281
513300.SH,20231117,1.439,1.441,1.442,1.438,1.442,0.003,0.2085,717875.0,103401.718
513300.SH,20231120,1.442,1.435,1.435,1.421,1.423,-0.019,-1.3176,1279699.0,182578.372
513300.SH,20231121,1.423,1.438,1.44,1.436,1.437,0.014,0.9838,842540.0,121152.503
513300.SH,20231122,1.437,1.424,1.427,1.423,1.426,-0.011,-0.7655,893516.8,127304.812
513300.SH,20231123,1.426,1.435,1.438,1.434,1.434,0.008,0.561,606719.0,87090.579
513300.SH,20231124,1.434,1.436,1.437,1.434,1.436,0.002,0.1395,434386.0,62369.257
513300.SH,20231127,1.436,1.429,1.429,1.425,1.429,-0.007,-0.4875,524104.0,74803.214
513300.SH,20231128,1.429,1.432,1.433,1.43,1.432,0.003,0.2099,504118.0,72187.495
513300.SH,20231129,1.432,1.432,1.434,1.431,1.434,0.002,0.1397,446139.0,63925.302
513300.SH,20231130,1.434,1.433,1.435,1.432,1.434,0.0,0.0,567582.0,81361.975
513300.SH,20231201,1.434,1.427,1.429,1.425,1.428,-0.006,-0.4184,562995.61,80340.518
513300.SH,20231204,1.428,1.429,1.431,1.427,1.429,0.001,0.07,466222.0,66628.586
513300.SH,20231205,1.429,1.418,1.419,1.412,1.413,-0.016,-1.1197,825513.0,116942.496
513300.SH,20231206,1.413,1.431,1.433,1.43,1.433,0.02,1.4154,548528.0,78542.53
513300.SH,20231207,1.433,1.42,1.421,1.416,1.417,-0.016,-1.1165,485925.0,68931.995
513300.SH,20231208,1.417,1.435,1.44,1.434,1.44,0.023,1.6231,1130629.0,162596.458
513300.SH,20231211,1.44,1.447,1.45,1.446,1.449,0.009,0.625,803514.0,116358.785
513300.SH,20231212,1.449,1.463,1.468,1.462,1.467,0.018,1.2422,1187718.0,174116.128
513300.SH,20231213,1.467,1.481,1.482,1.478,1.481,0.014,0.9543,1074731.0,159045.338
513300.SH,20231214,1.481,1.496,1.504,1.495,1.5,0.019,1.2829,2287109.0,342793.892
513300.SH,20231215,1.5,1.49,1.49,1.482,1.482,-0.018,-1.2,1279371.08,189959.593
513300.SH,20231218,1.482,1.49,1.495,1.489,1.495,0.013,0.8772,771534.89,115163.393
513300.SH,20231219,1.495,1.502,1.509,1.501,1.507,0.012,0.8027,1233842.0,185817.118
513300.SH,20231220,1.507,1.516,1.518,1.514,1.516,0.009,0.5972,1323336.97,200635.348
513300.SH,20231221,1.516,1.493,1.495,1.491,1.495,-0.021,-1.3852,2093681.4,312552.579
513300.SH,20231222,1.495,1.504,1.505,1.499,1.501,0.006,0.4013,1140441.02,171222.064
513300.SH,20231225,1.501,1.504,1.505,1.501,1.501,0.0,0.0,650240.0,97679.475
513300.SH,20231226,1.501,1.505,1.515,1.505,1.515,0.014,0.9327,1159639.0,175045.023
513300.SH,20231227,1.515,1.519,1.521,1.516,1.519,0.004,0.264,1017661.34,154553.536
513300.SH,20231228,1.519,1.52,1.521,1.512,1.514,-0.005,-0.3292,1507182.0,228462.59
513300.SH,20231229,1.514,1.507,1.508,1.503,1.507,-0.007,-0.4624,1440773.16,216869.381
513300.SH,20240102,1.507,1.501,1.505,1.501,1.505,-0.002,-0.1327,1160138.0,174427.0
513300.SH,20240103,1.505,1.48,1.484,1.478,1.48,-0.025,-1.6611,2088892.0,309253.961
513300.SH,20240104,1.48,1.468,1.474,1.467,1.473,-0.007,-0.473,1116473.58,164173.056
513300.SH,20240105,1.473,1.466,1.469,1.463,1.464,-0.009,-0.611,1335573.0,195793.154
513300.SH,20240108,1.464,1.468,1.47,1.465,1.465,0.001,0.0683,930158.0,136450.63
513300.SH,20240109,1.465,1.495,1.517,1.495,1.504,0.039,2.6621,2897063.0,434776.334
513300.SH,20240110,1.504,1.507,1.508,1.504,1.506,0.002,0.133,883929.33,133084.226
513300.SH,20240111,1.506,1.519,1.53,1.519,1.529,0.023,1.5272,1585355.0,241733.013
513300.SH,20240112,1.529,1.52,1.524,1.516,1.523,-0.006,-0.3924,1099526.0,167088.692
513300.SH,20240115,1.523,1.522,1.533,1.522,1.533,0.01,0.6566,1820074.0,278099.796
513300.SH,20240116,1.533,1.523,1.525,1.514,1.517,-0.016,-1.0437,1487235.0,226039.07
513300.SH,20240117,1.517,1.527,1.528,1.512,1.513,-0.004,-0.2637,1447825.0,219944.998
513300.SH,20240118,1.513,1.514,1.524,1.512,1.522,0.009,0.5948,1897652.0,287756.343
513300.SH,20240119,1.522,1.545,1.556,1.543,1.555,0.033,2.1682,2556726.0,396379.517
513300.SH,20240122,1.555,1.591,1.617,1.591,1.609,0.054,3.4727,4012121.73,643986.068
513300.SH,20240123,1.609,1.61,1.61,1.583,1.59,-0.019,-1.1809,3734197.0,595880.718
513300.SH,20240124,1.59,1.601,1.612,1.593,1.595,0.005,0.3145,3448460.0,552909.197
513300.SH,20240125,1.595,1.598,1.598,1.579,1.584,-0.011,-0.6897,2366759.0,375090.072
513300.SH,20240126,1.584,1.574,1.576,1.563,1.573,-0.011,-0.6944,2209110.24,346643.777
513300.SH,20240129,1.573,1.572,1.589,1.572,1.586,0.013,0.8264,1529740.68,241481.606
513300.SH,20240130,1.586,1.607,1.618,1.602,1.616,0.03,1.8916,2187880.84,352343.169
513300.SH,20240131,1.616,1.585,1.595,1.578,1.58,-0.036,-2.2277,1620591.0,256707.759
513300.SH,20240201,1.58,1.562,1.569,1.558,1.56,-0.02,-1.2658,1843178.0,288192.409
513300.SH,20240202,1.56,1.597,1.603,1.596,1.602,0.042,2.6923,1881672.0,300949.206
513300.SH,20240205,1.602,1.614,1.616,1.602,1.608,0.006,0.3745,2206594.0,354481.604
513300.SH,20240206,1.608,1.607,1.613,1.602,1.612,0.004,0.2488,1681784.2,270181.455
513300.SH,20240207,1.612,1.604,1.606,1.599,1.602,-0.01,-0.6203,1290724.07,206753.889
513300.SH,20240208,1.602,1.619,1.639,1.618,1.638,0.036,2.2472,2683373.92,436653.025
513300.SH,20240219,1.638,1.619,1.63,1.613,1.628,-0.01,-0.6105,1935695.86,314193.966
513300.SH,20240220,1.628,1.627,1.627,1.615,1.622,-0.006,-0.3686,1126534.0,182454.117
513300.SH,20240221,1.622,1.601,1.604,1.596,1.602,-0.02,-1.233,1942152.0,310646.117
513300.SH,20240222,1.602,1.624,1.635,1.62,1.634,0.032,1.9975,1755167.32,285476.277
513300.SH,20240223,1.634,1.653,1.668,1.653,1.654,0.02,1.224,1679581.7,278393.745
513300.SH,20240226,1.654,1.638,1.646,1.637,1.638,-0.016,-0.9674,1265163.0,207499.688
513300.SH,20240227,1.638,1.64,1.641,1.635,1.637,-0.001,-0.0611,1024850.67,167816.543
513300.SH,20240228,1.637,1.641,1.643,1.638,1.643,0.006,0.3665,1047080.7,171708.837
513300.SH,20240229,1.643,1.633,1.634,1.628,1.633,-0.01,-0.6086,1060343.36,172921.39
513300.SH,20240301,1.633,1.647,1.658,1.647,1.657,0.024,1.4697,1780087.67,294338.391
513300.SH,20240304,1.657,1.678,1.686,1.678,1.685,0.028,1.6898,1449648.06,243928.837
513300.SH,20240305,1.685,1.666,1.672,1.666,1.671,-0.014,-0.8309,1605968.0,268093.929
513300.SH,20240306,1.671,1.65,1.671,1.648,1.67,-0.001,-0.0598,1344530.97,222993.515
513300.SH,20240307,1.67,1.672,1.673,1.66,1.667,-0.003,-0.1796,1692147.94,281835.677
513300.SH,20240308,1.667,1.696,1.699,1.689,1.69,0.023,1.3797,1421883.0,240798.19
513300.SH,20240311,1.69,1.665,1.671,1.662,1.666,-0.024,-1.4201,1580687.44,263181.108
513300.SH,20240312,1.666,1.669,1.676,1.661,1.666,0.0,0.0,1801979.0,300779.299
513300.SH,20240313,1.666,1.683,1.687,1.674,1.676,0.01,0.6002,1700030.0,285825.84
513300.SH,20240314,1.676,1.668,1.679,1.666,1.678,0.002,0.1193,912909.0,152569.256
513300.SH,20240315,1.678,1.668,1.669,1.663,1.666,-0.012,-0.7151,916627.0,152650.241
513300.SH,20240318,1.666,1.657,1.666,1.653,1.664,-0.002,-0.12,1885156.0,312589.058
513300.SH,20240319,1.664,1.66,1.661,1.654,1.655,-0.009,-0.5409,1155888.0,191470.407
513300.SH,20240320,1.655,1.661,1.664,1.659,1.661,0.006,0.3625,827180.94,137403.539
513300.SH,20240321,1.661,1.686,1.689,1.684,1.688,0.027,1.6255,1912553.7,322477.189
513300.SH,20240322,1.688,1.686,1.689,1.683,1.686,-0.002,-0.1185,1311828.1,221123.932
513300.SH,20240325,1.686,1.691,1.692,1.679,1.681,-0.005,-0.2966,2021467.0,340326.569
513300.SH,20240326,1.681,1.681,1.69,1.68,1.69,0.009,0.5354,1166432.92,196584.502
513300.SH,20240327,1.69,1.681,1.691,1.681,1.69,0.0,0.0,1093190.16,184404.917
513300.SH,20240328,1.69,1.692,1.694,1.687,1.689,-0.001,-0.0592,1149750.43,194208.935
513300.SH,20240329,1.689,1.688,1.69,1.684,1.687,-0.002,-0.1184,649803.0,109631.926
513300.SH,20240401,1.687,1.7,1.705,1.693,1.702,0.015,0.8892,1478155.0,251000.252
513300.SH,20240402,1.702,1.69,1.7,1.69,1.695,-0.007,-0.4113,842681.0,142903.691
513300.SH,20240403,1.695,1.682,1.685,1.679,1.684,-0.011,-0.649,977910.0,164565.901
513300.SH,20240408,1.684,1.682,1.688,1.681,1.685,0.001,0.0594,868221.0,146289.803
513300.SH,20240409,1.685,1.685,1.688,1.684,1.685,0.0,0.0,537803.19,90646.835
513300.SH,20240410,1.685,1.69,1.69,1.686,1.687,0.002,0.1187,638366.0,107784.248
513300.SH,20240411,1.687,1.673,1.674,1.665,1.665,-0.022,-1.3041,1657287.0,276690.863
513300.SH,20240412,1.665,1.695,1.695,1.69,1.694,0.029,1.7417,1596376.0,270214.148
513300.SH,20240415,1.694,1.673,1.684,1.67,1.683,-0.011,-0.6494,1068559.0,179148.835
513300.SH,20240416,1.683,1.649,1.649,1.63,1.631,-0.052,-3.0897,2219944.0,363543.877
513300.SH,20240417,1.631,1.638,1.64,1.626,1.628,-0.003,-0.1839,1359711.0,222116.943
513300.SH,20240418,1.628,1.611,1.624,1.611,1.623,-0.005,-0.3071,1792447.0,289720.447
513300.SH,20240419,1.623,1.59,1.594,1.574,1.593,-0.03,-1.8484,2220450.97,351721.533
513300.SH,20240422,1.593,1.575,1.586,1.571,1.585,-0.008,-0.5022,1653928.0,260897.746
513300.SH,20240423,1.585,1.59,1.593,1.588,1.59,0.005,0.3155,1118260.0,177919.426
513300.SH,20240424,1.59,1.627,1.636,1.627,1.635,0.045,2.8302,1676178.0,273572.414
513300.SH,20240425,1.635,1.614,1.614,1.6,1.604,-0.031,-1.896,1750323.0,281060.532
513300.SH,20240426,1.604,1.631,1.633,1.626,1.628,0.024,1.4963,1298965.0,211774.751
513300.SH,20240429,1.628,1.641,1.644,1.635,1.636,0.008,0.4914,1166257.0,191183.91
513300.SH,20240430,1.636,1.637,1.641,1.636,1.638,0.002,0.1222,1182501.0,193697.465
513300.SH,20240506,1.638,1.644,1.645,1.635,1.638,0.0,0.0,1352552.0,221737.184
513300.SH,20240507,1.638,1.654,1.654,1.65,1.651,0.013,0.7937,1285821.0,212390.424
513300.SH,20240508,1.651,1.654,1.655,1.651,1.652,0.001,0.0606,669496.0,110614.584
513300.SH,20240509,1.652,1.65,1.653,1.647,1.649,-0.003,-0.1816,605111.0,99844.307
513300.SH,20240510,1.649,1.654,1.658,1.653,1.657,0.008,0.4851,1115385.58,184631.838
513300.SH,20240513,1.657,1.658,1.67,1.658,1.667,0.01,0.6035,1063816.9,176986.435
513300.SH,20240514,1.667,1.666,1.673,1.664,1.672,0.005,0.2999,814048.49,135892.072
513300.SH,20240515,1.672,1.685,1.687,1.678,1.685,0.013,0.7775,1062241.0,178894.314
513300.SH,20240516,1.685,1.712,1.714,1.71,1.713,0.028,1.6617,1088709.0,186419.516
513300.SH,20240517,1.713,1.709,1.709,1.705,1.709,-0.004,-0.2335,810297.0,138296.295
513300.SH,20240520,1.709,1.711,1.713,1.709,1.71,0.001,0.0585,714166.0,122189.722
513300.SH,20240521,1.71,1.718,1.724,1.718,1.721,0.011,0.6433,893884.0,153870.553
513300.SH,20240522,1.721,1.73,1.733,1.728,1.731,0.01,0.5811,735065.0,127193.015
513300.SH,20240523,1.731,1.739,1.752,1.739,1.752,0.021,1.2132,1599908.0,279474.014
513300.SH,20240524,1.752,1.728,1.729,1.714,1.717,-0.035,-1.9977,2147845.0,369500.266
513300.SH,20240527,1.717,1.737,1.743,1.734,1.742,0.025,1.456,1251225.0,217490.963
513300.SH,20240528,1.742,1.744,1.749,1.743,1.748,0.006,0.3444,778766.0,135978.262
513300.SH,20240529,1.748,1.748,1.748,1.735,1.738,-0.01,-0.5721,1506309.0,262102.831
513300.SH,20240530,1.738,1.722,1.723,1.715,1.717,-0.021,-1.2083,1147389.0,197178.032
513300.SH,20240531,1.717,1.701,1.713,1.699,1.713,-0.004,-0.233,1180884.59,201524.147
513300.SH,20240603,1.713,1.72,1.723,1.715,1.72,0.007,0.4086,1921837.0,330476.18
513300.SH,20240604,1.72,1.72,1.721,1.714,1.716,-0.004,-0.2326,620769.0,106668.071
513300.SH,20240605,1.716,1.725,1.73,1.723,1.729,0.013,0.7576,913487.0,157834.742
513300.SH,20240606,1.729,1.762,1.764,1.759,1.761,0.032,1.8508,1377312.0,242667.261
513300.SH,20240607,1.761,1.76,1.768,1.758,1.767,0.006,0.3407,887390.0,156472.697
513300.SH,20240611,1.767,1.765,1.769,1.763,1.766,-0.001,-0.0566,1110680.0,196151.066
513300.SH,20240612,1.766,1.782,1.787,1.781,1.787,0.021,1.1891,1709408.0,304896.902
513300.SH,20240613,1.787,1.821,1.821,1.816,1.82,0.033,1.8467,1828114.0,332358.974
513300.SH,20240614,1.82,1.819,1.822,1.817,1.818,-0.002,-0.1099,1539074.71,280080.3
513300.SH,20240617,1.818,1.823,1.83,1.823,1.83,0.012,0.6601,1299005.0,237281.6
513300.SH,20240618,1.83,1.85,1.866,1.85,1.864,0.034,1.8579,2151804.64,399700.943
513300.SH,20240619,1.864,1.863,1.872,1.854,1.858,-0.006,-0.3219,2381208.0,443496.085
513300.SH,20240620,1.858,1.861,1.88,1.861,1.878,0.02,1.0764,1899161.54,355119.977
513300.SH,20240621,1.878,1.849,1.855,1.844,1.851,-0.027,-1.4377,1882246.0,348211.779
513300.SH,20240624,1.851,1.843,1.851,1.839,1.848,-0.003,-0.1621,1445669.0,266569.586
513300.SH,20240625,1.848,1.816,1.827,1.816,1.824,-0.024,-1.2987,1584772.0,288718.934
513300.SH,20240626,1.824,1.85,1.861,1.848,1.86,0.036,1.9737,1801789.0,334294.079
513300.SH,20240627,1.86,1.86,1.873,1.856,1.87,0.01,0.5376,1889174.83,352170.888
513300.SH,20240628,1.87,1.889,1.9,1.885,1.899,0.029,1.5508,2322061.0,439277.165
513300.SH,20240701,1.899,1.889,1.895,1.87,1.894,-0.005,-0.2633,2711253.0,510971.272
513300.SH,20240702,1.894,1.91,1.923,1.9,1.901,0.007,0.3696,2896648.0,553087.179
513300.SH,20240703,1.901,1.926,1.938,1.916,1.936,0.035,1.8411,2580444.52,497320.887
513300.SH,20240704,1.936,1.969,1.987,1.917,1.932,-0.004,-0.2066,4975374.0,973091.287
513300.SH,20240705,1.932,1.939,1.962,1.924,1.955,0.023,1.1905,3989459.0,775220.546
513300.SH,20240708,1.955,1.985,2.008,1.969,2.006,0.051,2.6087,3522001.0,699558.757
513300.SH,20240709,2.006,2.009,2.047,2.009,2.039,0.033,1.6451,6952254.61,1412041.914
513300.SH,20240710,2.039,2.051,2.055,1.987,2.022,-0.017,-0.8337,4478581.99,906733.508
513300.SH,20240711,2.022,2.049,2.052,2.02,2.021,-0.001,-0.0495,3834383.02,778483.039
513300.SH,20240712,2.021,1.95,1.962,1.904,1.919,-0.102,-5.047,5734535.0,1104202.743
513300.SH,20240715,1.919,1.931,2.001,1.929,1.999,0.08,4.1688,5490466.0,1079523.898
513300.SH,20240716,1.999,2.01,2.037,1.984,1.999,0.0,0.0,5394476.0,1083129.98
513300.SH,20240717,1.999,1.983,1.988,1.956,1.969,-0.03,-1.5008,2975961.0,586624.922
513300.SH,20240718,1.969,1.888,1.962,1.886,1.94,-0.029,-1.4728,6858405.97,1317595.656
513300.SH,20240719,1.94,1.905,1.925,1.892,1.895,-0.045,-2.3196,2989642.0,571064.508
513300.SH,20240722,1.895,1.88,1.882,1.855,1.87,-0.025,-1.3193,4065976.01,758572.82
513300.SH,20240723,1.87,1.901,1.912,1.89,1.895,0.025,1.3369,3230870.0,614581.756
513300.SH,20240724,1.895,1.876,1.884,1.85,1.852,-0.043,-2.2691,2621681.97,488850.832
513300.SH,20240725,1.852,1.796,1.807,1.79,1.804,-0.048,-2.5918,3379119.0,607852.494
513300.SH,20240726,1.804,1.795,1.822,1.784,1.818,0.014,0.7761,4344053.0,784768.345
513300.SH,20240729,1.818,1.84,1.884,1.838,1.88,0.062,3.4103,4013478.0,746246.291
513300.SH,20240730,1.88,1.856,1.868,1.841,1.853,-0.027,-1.4362,3054113.0,566061.766
513300.SH,20240731,1.853,1.839,1.869,1.839,1.866,0.013,0.7016,3615936.54,670874.47
513300.SH,20240801,1.866,1.928,1.928,1.883,1.884,0.018,0.9646,5000591.0,952645.097
513300.SH,20240802,1.884,1.82,1.838,1.784,1.785,-0.099,-5.2548,4287924.99,776450.183
513300.SH,20240805,1.785,1.712,1.712,1.612,1.643,-0.142,-7.9552,7030132.97,1170062.514
513300.SH,20240806,1.643,1.7,1.714,1.686,1.701,0.058,3.5301,5046958.0,857899.109
513300.SH,20240807,1.701,1.703,1.719,1.689,1.691,-0.01,-0.5879,3424745.0,585040.399
513300.SH,20240808,1.691,1.673,1.68,1.656,1.67,-0.021,-1.2419,2008254.0,334891.745
513300.SH,20240809,1.67,1.72,1.72,1.708,1.715,0.045,2.6946,1704880.0,292319.815
513300.SH,20240812,1.715,1.72,1.733,1.719,1.73,0.015,0.8746,1307166.0,225830.38
513300.SH,20240813,1.73,1.732,1.757,1.732,1.751,0.021,1.2139,2149683.0,375250.892
513300.SH,20240814,1.751,1.798,1.805,1.782,1.791,0.04,2.2844,3029242.0,543470.444
513300.SH,20240815,1.791,1.798,1.821,1.793,1.82,0.029,1.6192,2657209.0,480565.03
513300.SH,20240816,1.82,1.88,1.899,1.868,1.897,0.077,4.2308,3539563.0,664798.405
513300.SH,20240819,1.897,1.898,1.898,1.848,1.861,-0.036,-1.8977,3646895.0,683644.176
513300.SH,20240820,1.861,1.901,1.909,1.89,1.898,0.037,1.9882,2494039.96,473361.469
513300.SH,20240821,1.898,1.881,1.897,1.877,1.894,-0.004,-0.2107,2223388.0,419893.744
513300.SH,20240822,1.894,1.909,1.909,1.889,1.892,-0.002,-0.1056,1887299.0,358190.914
513300.SH,20240823,1.892,1.855,1.882,1.855,1.878,-0.014,-0.74,2918470.0,544874.13
513300.SH,20240826,1.878,1.896,1.899,1.861,1.864,-0.014,-0.7455,2134857.24,402541.433
513300.SH,20240827,1.864,1.854,1.857,1.836,1.845,-0.019,-1.0193,2249359.0,414985.128
513300.SH,20240828,1.845,1.841,1.852,1.839,1.844,-0.001,-0.0542,1996002.0,368254.741
513300.SH,20240829,1.844,1.804,1.807,1.783,1.788,-0.056,-3.0369,3261914.0,585875.002
513300.SH,20240830,1.788,1.797,1.805,1.791,1.804,0.016,0.8949,2355982.0,423194.956
513300.SH,20240902,1.804,1.82,1.825,1.813,1.818,0.014,0.7761,2597110.0,472682.288
513300.SH,20240903,1.818,1.823,1.83,1.814,1.818,0.0,0.0,1468856.0,267635.277
513300.SH,20240904,1.818,1.748,1.75,1.71,1.714,-0.104,-5.7206,5893830.0,1018425.063
513300.SH,20240905,1.714,1.728,1.731,1.715,1.717,0.003,0.175,1958644.02,337602.017
513300.SH,20240906,1.717,1.707,1.769,1.705,1.735,0.018,1.0483,5654221.51,983544.278
513300.SH,20240909,1.735,1.703,1.736,1.701,1.734,-0.001,-0.0576,3384805.44,582281.105
513300.SH,20240910,1.734,1.749,1.757,1.735,1.736,0.002,0.1153,2412900.45,421091.887
513300.SH,20240911,1.736,1.755,1.755,1.737,1.752,0.016,0.9217,1802416.0,314910.597
513300.SH,20240912,1.752,1.795,1.817,1.794,1.813,0.061,3.4817,3048784.0,549939.686
513300.SH,20240913,1.813,1.831,1.843,1.827,1.839,0.026,1.4341,2645156.0,485177.348
513300.SH,20240918,1.839,1.833,1.835,1.808,1.809,-0.03,-1.6313,2831751.0,515200.845
513300.SH,20240919,1.809,1.82,1.845,1.814,1.844,0.035,1.9348,2743971.0,501506.317
513300.SH,20240920,1.844,1.87,1.878,1.839,1.842,-0.002,-0.1085,3587053.04,667352.214
513300.SH,20240923,1.842,1.859,1.869,1.848,1.854,0.012,0.6515,2482731.0,461079.822
513300.SH,20240924,1.854,1.85,1.854,1.821,1.84,-0.014,-0.7551,3003904.96,551397.689
513300.SH,20240925,1.84,1.83,1.833,1.815,1.82,-0.02,-1.087,3117700.0,568318.431
513300.SH,20240926,1.82,1.84,1.844,1.832,1.841,0.021,1.1538,2912114.0,535172.694
513300.SH,20240927,1.841,1.814,1.82,1.789,1.791,-0.05,-2.7159,2530982.0,457906.569
513300.SH,20240930,1.791,1.761,1.784,1.721,1.77,-0.021,-1.1725,5926087.0,1047241.336
513300.SH,20241008,1.77,1.728,1.769,1.728,1.754,-0.016,-0.904,4382334.0,768140.864
513300.SH,20241009,1.754,1.785,1.817,1.784,1.812,0.058,3.3067,4709711.64,847421.297
513300.SH,20241010,1.812,1.83,1.839,1.806,1.83,0.018,0.9934,3770136.0,689709.23
513300.SH,20241011,1.83,1.83,1.846,1.83,1.839,0.009,0.4918,2428181.0,446448.778
513300.SH,20241014,1.839,1.842,1.842,1.828,1.839,0.0,0.0,1546241.0,283931.947
513300.SH,20241015,1.839,1.857,1.878,1.857,1.877,0.038,2.0663,2863418.0,534325.538
513300.SH,20241016,1.877,1.847,1.855,1.844,1.851,-0.026,-1.3852,1972547.0,365014.844
513300.SH,20241017,1.851,1.845,1.867,1.838,1.866,0.015,0.8104,2366741.12,438045.916
513300.SH,20241018,1.866,1.853,1.864,1.84,1.849,-0.017,-0.911,2896642.0,536796.817
513300.SH,20241021,1.849,1.857,1.86,1.842,1.846,-0.003,-0.1622,2129084.0,394141.517
513300.SH,20241022,1.846,1.847,1.855,1.844,1.845,-0.001,-0.0542,1546101.0,285895.11
513300.SH,20241023,1.845,1.851,1.852,1.842,1.846,0.001,0.0542,1393803.08,257370.316
513300.SH,20241024,1.846,1.829,1.83,1.823,1.827,-0.019,-1.0293,1110705.0,202883.053
513300.SH,20241025,1.827,1.831,1.836,1.826,1.827,0.0,0.0,1256999.0,230003.707
513300.SH,20241028,1.827,1.85,1.855,1.846,1.852,0.025,1.3684,1600345.0,296085.882
513300.SH,20241029,1.852,1.842,1.847,1.839,1.845,-0.007,-0.378,1144067.9,210813.627
513300.SH,20241030,1.845,1.864,1.915,1.862,1.906,0.061,3.3062,6148849.86,1163269.973
513300.SH,20241031,1.906,1.883,1.885,1.875,1.876,-0.03,-1.574,1249458.0,234741.73
513300.SH,20241101,1.876,1.825,1.854,1.825,1.851,-0.025,-1.3326,1723666.53,317925.21
513300.SH,20241104,1.851,1.856,1.864,1.84,1.842,-0.009,-0.4862,1795389.0,332355.524
513300.SH,20241105,1.842,1.834,1.834,1.823,1.829,-0.013,-0.7058,1514128.0,276857.559
513300.SH,20241106,1.829,1.859,1.898,1.853,1.897,0.068,3.7179,3492857.2,655333.726
513300.SH,20241107,1.897,1.947,1.982,1.937,1.953,0.056,2.952,4715485.0,922167.747
513300.SH,20241108,1.953,1.968,1.97,1.945,1.95,-0.003,-0.1536,2221829.5,434570.189
513300.SH,20241111,1.95,1.95,1.961,1.949,1.951,0.001,0.0513,1437646.0,280834.841
513300.SH,20241112,1.951,1.952,1.955,1.945,1.95,-0.001,-0.0513,1306198.0,254732.286
513300.SH,20241113,1.95,1.942,1.954,1.936,1.937,-0.013,-0.6667,1487664.0,289024.747
513300.SH,20241114,1.937,1.938,1.944,1.935,1.941,0.004,0.2065,1490043.04,288962.685
513300.SH,20241115,1.941,1.921,1.926,1.912,1.913,-0.028,-1.4426,1616291.0,310285.752
513300.SH,20241118,1.913,1.89,1.914,1.888,1.912,-0.001,-0.0523,1955882.57,371624.287
513300.SH,20241119,1.912,1.91,1.935,1.904,1.918,0.006,0.3138,2715616.9,521484.297
513300.SH,20241120,1.918,1.938,1.949,1.931,1.947,0.029,1.512,2406430.0,466834.386
513300.SH,20241121,1.947,1.933,1.944,1.931,1.939,-0.008,-0.4109,1400407.0,271401.511
513300.SH,20241122,1.939,1.951,1.956,1.947,1.953,0.014,0.722,1404747.99,274096.725
513300.SH,20241125,1.953,1.971,1.977,1.959,1.967,0.014,0.7168,2326755.0,458094.213
513300.SH,20241126,1.967,1.959,1.968,1.947,1.965,-0.002,-0.1017,1927808.5,377333.682
513300.SH,20241127,1.965,1.975,1.983,1.965,1.968,0.003,0.1527,2341176.0,462487.346
513300.SH,20241128,1.968,1.952,1.959,1.95,1.954,-0.014,-0.7114,1268317.0,247895.782
513300.SH,20241129,1.954,1.952,1.959,1.952,1.958,0.004,0.2047,1136433.0,222177.684
513300.SH,20241202,1.958,1.969,1.97,1.958,1.96,0.002,0.1021,1348071.0,264512.988
513300.SH,20241203,1.96,1.98,1.99,1.975,1.988,0.028,1.4286,2121838.88,421108.94
513300.SH,20241204,1.988,1.999,2.004,1.994,2.002,0.014,0.7042,1418014.0,283560.675
513300.SH,20241205,2.002,2.024,2.029,2.014,2.016,0.014,0.6993,2139509.0,432596.551
513300.SH,20241206,2.016,2.01,2.011,2.004,2.006,-0.01,-0.496,1104742.0,221770.589
513300.SH,20241209,2.006,2.024,2.033,2.022,2.031,0.025,1.2463,1694338.0,343579.158
513300.SH,20241210,2.031,2.002,2.023,1.992,2.022,-0.009,-0.4431,2159226.0,433625.05
513300.SH,20241211,2.022,2.017,2.022,2.013,2.019,-0.003,-0.1484,1369504.0,276300.869
513300.SH,20241212,2.019,2.056,2.057,2.048,2.052,0.033,1.6345,1229719.0,252178.022
513300.SH,20241213,2.052,2.049,2.068,2.045,2.066,0.014,0.6823,1733637.0,356202.384
513300.SH,20241216,2.066,2.067,2.095,2.066,2.088,0.022,1.0649,2715636.0,565880.712
513300.SH,20241217,2.088,2.122,2.143,2.121,2.136,0.048,2.2989,3995821.0,852452.242
513300.SH,20241218,2.136,2.124,2.17,2.124,2.168,0.032,1.4981,3465643.0,743184.643
513300.SH,20241219,2.168,2.09,2.141,2.089,2.104,-0.064,-2.952,6414229.0,1354427.258
513300.SH,20241220,2.104,2.1,2.115,2.051,2.06,-0.044,-2.0913,4502920.68,932394.764
513300.SH,20241223,2.06,2.095,2.155,2.094,2.144,0.084,4.0777,6770350.64,1439544.605
513300.SH,20241224,2.144,2.147,2.2,2.103,2.124,-0.02,-0.9328,7464516.05,1606231.549
513300.SH,20241225,2.124,2.159,2.165,2.12,2.144,0.02,0.9416,5010212.33,1072775.354
513300.SH,20241226,2.144,2.146,2.154,2.123,2.148,0.004,0.1866,3100788.71,664252.692
513300.SH,20241227,2.148,2.133,2.136,2.127,2.129,-0.019,-0.8845,1593806.36,339581.825
513300.SH,20241230,2.129,2.09,2.111,2.087,2.095,-0.034,-1.597,2533942.11,530702.459
513300.SH,20241231,2.095,2.076,2.101,2.071,2.094,-0.001,-0.0477,2436091.93,508097.987
513300.SH,20250102,2.094,2.084,2.106,2.083,2.105,0.011,0.5253,2602410.0,545975.141
513300.SH,20250103,2.105,2.099,2.111,2.09,2.094,-0.011,-0.5226,1642545.0,344756.966
513300.SH,20250106,2.094,2.13,2.154,2.115,2.151,0.057,2.7221,2583362.26,550940.26
513300.SH,20250107,2.151,2.195,2.22,2.11,2.125,-0.026,-1.2087,4381912.82,942252.02
513300.SH,20250108,2.125,2.095,2.123,2.094,2.111,-0.014,-0.6588,2431264.0,512191.539
513300.SH,20250109,2.111,2.105,2.114,2.099,2.104,-0.007,-0.3316,990451.0,208470.388
513300.SH,20250110,2.104,2.096,2.153,2.086,2.101,-0.003,-0.1426,5063996.97,1073064.963
513300.SH,20250113,2.101,2.081,2.083,2.036,2.046,-0.055,-2.6178,1907384.0,392671.737
513300.SH,20250114,2.046,2.073,2.075,2.05,2.074,0.028,1.3685,2569689.0,529585.745
513300.SH,20250115,2.074,2.06,2.065,2.053,2.058,-0.016,-0.7715,1236952.0,254624.846
513300.SH,20250116,2.058,2.114,2.115,2.091,2.101,0.043,2.0894,2405188.64,505094.546
513300.SH,20250117,2.101,2.083,2.101,2.079,2.1,-0.001,-0.0476,1310180.64,273463.558
513300.SH,20250120,2.1,2.117,2.127,2.11,2.125,0.025,1.1905,1674566.0,354565.328
513300.SH,20250121,2.125,2.118,2.142,2.111,2.131,0.006,0.2824,2265129.9,482293.832
513300.SH,20250122,2.131,2.14,2.144,2.131,2.134,0.003,0.1408,1608726.0,343908.622
513300.SH,20250123,2.134,2.142,2.142,2.105,2.113,-0.021,-0.9841,2069065.0,440940.622
513300.SH,20250124,2.113,2.122,2.127,2.105,2.113,0.0,0.0,1372730.98,290486.585
513300.SH,20250127,2.113,2.075,2.086,2.036,2.052,-0.061,-2.8869,4293153.86,881220.41
513300.SH,20250205,2.052,2.055,2.058,2.044,2.046,-0.006,-0.2924,1493829.0,306325.324
513300.SH,20250206,2.046,2.059,2.061,2.044,2.055,0.009,0.4399,3206499.0,657828.846
513300.SH,20250207,2.055,2.055,2.059,2.049,2.051,-0.004,-0.1946,1712920.43,351775.676
513300.SH,20250210,2.051,2.035,2.035,2.024,2.032,-0.019,-0.9264,1573749.99,319457.267
513300.SH,20250211,2.032,2.04,2.048,2.04,2.041,0.009,0.4429,1537909.07,314154.819
513300.SH,20250212,2.041,2.041,2.047,2.04,2.046,0.005,0.245,1250266.0,255400.086
513300.SH,20250213,2.046,2.051,2.056,2.047,2.055,0.009,0.4399,1549280.0,317646.96
513300.SH,20250214,2.055,2.069,2.074,2.064,2.066,0.011,0.5353,1775375.0,367233.547
513300.SH,20250217,2.066,2.067,2.072,2.056,2.066,0.0,0.0,1783633.9,368084.272
513300.SH,20250218,2.066,2.066,2.086,2.063,2.083,0.017,0.8228,1876472.0,388661.384
513300.SH,20250219,2.083,2.077,2.077,2.067,2.068,-0.015,-0.7201,1850474.0,383287.817
513300.SH,20250220,2.068,2.06,2.06,2.051,2.051,-0.017,-0.8221,1328949.0,273237.001
513300.SH,20250221,2.051,2.042,2.043,2.032,2.039,-0.012,-0.5851,1973729.0,402008.059
513300.SH,20250224,2.039,2.0,2.004,1.995,2.0,-0.039,-1.9127,2943228.0,588252.256
513300.SH,20250225,2.0,1.975,1.975,1.966,1.971,-0.029,-1.45,2070545.0,407956.532
513300.SH,20250226,1.971,1.951,1.976,1.95,1.975,0.004,0.2029,2362790.0,463368.293
513300.SH,20250227,1.975,1.963,1.981,1.958,1.98,0.005,0.2532,2417706.0,476177.676
513300.SH,20250228,1.98,1.931,1.932,1.901,1.905,-0.075,-3.7879,5061495.67,968762.85
513300.SH,20250303,1.905,1.926,1.943,1.923,1.941,0.036,1.8898,3525228.0,681597.71
513300.SH,20250304,1.941,1.888,1.911,1.887,1.908,-0.033,-1.7002,3703661.0,702102.32
513300.SH,20250305,1.908,1.906,1.939,1.899,1.929,0.021,1.1006,4930510.95,946352.108
513300.SH,20250306,1.929,1.938,1.938,1.924,1.927,-0.002,-0.1037,2136022.0,412456.965
513300.SH,20250307,1.927,1.888,1.893,1.885,1.89,-0.037,-1.9201,2299682.0,434581.275
513300.SH,20250310,1.89,1.882,1.892,1.88,1.881,-0.009,-0.4762,1608030.0,303120.833
513300.SH,20250311,1.881,1.79,1.804,1.76,1.799,-0.082,-4.3594,9411229.0,1678598.84
513300.SH,20250312,1.799,1.795,1.8,1.791,1.799,0.0,0.0,3309184.1,594380.573
513300.SH,20250313,1.799,1.815,1.816,1.786,1.79,-0.009,-0.5003,3608744.0,650206.108
513300.SH,20250314,1.79,1.783,1.804,1.78,1.803,0.013,0.7263,4665892.0,836526.876
513300.SH,20250317,1.803,1.816,1.818,1.806,1.808,0.005,0.2773,2319779.0,420177.632
513300.SH,20250318,1.808,1.816,1.831,1.814,1.827,0.019,1.0509,2826461.88,514272.006
513300.SH,20250319,1.827,1.806,1.813,1.804,1.81,-0.017,-0.9305,2027277.0,366672.312
513300.SH,20250320,1.81,1.832,1.853,1.829,1.847,0.037,2.0442,4118918.0,758335.136
513300.SH,20250321,1.847,1.837,1.843,1.831,1.835,-0.012,-0.6497,2277394.02,418026.343
513300.SH,20250324,1.835,1.853,1.885,1.852,1.876,0.041,2.2343,5471027.27,1024819.813
513300.SH,20250325,1.876,1.9,1.913,1.89,1.9,0.024,1.2793,4099029.0,778854.845
513300.SH,20250326,1.9,1.909,1.911,1.896,1.897,-0.003,-0.1579,2402023.0,456530.686
513300.SH,20250327,1.897,1.858,1.868,1.857,1.862,-0.035,-1.845,2756589.0,513535.862
513300.SH,20250328,1.862,1.851,1.854,1.846,1.847,-0.015,-0.8056,2341323.0,432909.422
513300.SH,20250331,1.847,1.786,1.79,1.749,1.768,-0.079,-4.2772,5496751.0,973375.605
513300.SH,20250401,1.768,1.777,1.797,1.776,1.796,0.028,1.5837,3209840.0,572893.527
513300.SH,20250402,1.796,1.805,1.812,1.798,1.8,0.004,0.2227,2434312.0,439463.412
513300.SH,20250403,1.8,1.758,1.775,1.756,1.761,-0.039,-2.1667,3362942.83,593774.192
513300.SH,20250407,1.761,1.585,1.585,1.585,1.585,-0.176,-9.9943,1659274.0,262994.929
513300.SH,20250408,1.585,1.617,1.654,1.617,1.644,0.059,3.7224,8809004.0,1440284.015
513300.SH,20250409,1.644,1.57,1.631,1.569,1.627,-0.017,-1.0341,10127980.91,1622636.51
513300.SH,20250410,1.627,1.79,1.79,1.75,1.79,0.163,10.0184,7351913.99,1310975.132
513300.SH,20250411,1.79,1.712,1.81,1.71,1.775,-0.015,-0.838,7827999.27,1372117.844
513300.SH,20250414,1.775,1.79,1.803,1.788,1.797,0.022,1.2394,4369686.02,784994.151
513300.SH,20250415,1.797,1.783,1.785,1.769,1.773,-0.024,-1.3356,3338153.06,592638.675
513300.SH,20250416,1.773,1.755,1.757,1.725,1.73,-0.043,-2.4253,5410215.03,941174.624
513300.SH,20250417,1.73,1.719,1.738,1.717,1.734,0.004,0.2312,3798799.0,656037.247
513300.SH,20250418,1.734,1.72,1.73,1.718,1.725,-0.009,-0.519,1476291.0,254312.999
513300.SH,20250421,1.725,1.715,1.717,1.7,1.704,-0.021,-1.2174,2363426.0,403286.388
513300.SH,20250422,1.704,1.695,1.702,1.678,1.7,-0.004,-0.2347,3796932.0,640926.639
513300.SH,20250423,1.7,1.738,1.762,1.729,1.759,0.059,3.4706,5662326.0,985813.131
513300.SH,20250424,1.759,1.758,1.758,1.739,1.739,-0.02,-1.137,3818640.0,667210.066
513300.SH,20250425,1.739,1.784,1.809,1.784,1.804,0.065,3.7378,6292727.0,1133267.27
513300.SH,20250428,1.804,1.801,1.815,1.797,1.808,0.004,0.2217,3644450.0,658254.126
513300.SH,20250429,1.808,1.813,1.82,1.806,1.807,-0.001,-0.0553,2798549.0,507540.486
513300.SH,20250430,1.807,1.809,1.813,1.801,1.805,-0.002,-0.1107,2539834.0,458612.224
513300.SH,20250506,1.805,1.834,1.835,1.815,1.816,0.011,0.6094,4074680.0,742919.531
513300.SH,20250507,1.816,1.822,1.824,1.815,1.819,0.003,0.1652,3077332.0,559964.212
513300.SH,20250508,1.819,1.835,1.847,1.826,1.843,0.024,1.3194,4851584.0,890048.511
513300.SH,20250509,1.843,1.843,1.849,1.838,1.844,0.001,0.0543,3439645.0,634322.585
513300.SH,20250512,1.844,1.878,1.888,1.869,1.882,0.038,2.0607,4581793.8,860475.05
513300.SH,20250513,1.882,1.909,1.915,1.882,1.887,0.005,0.2657,5268380.0,1000075.441
513300.SH,20250514,1.887,1.92,1.941,1.917,1.94,0.053,2.8087,5821495.0,1125117.568
513300.SH,20250515,1.94,1.941,1.943,1.926,1.93,-0.01,-0.5155,3534090.0,684494.478
513300.SH,20250516,1.93,1.932,1.934,1.922,1.922,-0.008,-0.4145,3524833.0,679668.143
513300.SH,20250519,1.922,1.91,1.917,1.906,1.906,-0.016,-0.8325,3875635.0,740595.444
513300.SH,20250520,1.906,1.929,1.936,1.926,1.929,0.023,1.2067,3292136.0,635972.021
513300.SH,20250521,1.929,1.929,1.929,1.913,1.914,-0.015,-0.7776,2131260.0,409313.429
513300.SH,20250522,1.914,1.901,1.91,1.898,1.905,-0.009,-0.4702,2991905.0,569535.744
513300.SH,20250523,1.905,1.905,1.907,1.896,1.899,-0.006,-0.315,1777643.0,338163.206
513300.SH,20250526,1.899,1.904,1.907,1.898,1.903,0.004,0.2106,1396219.0,265498.925
513300.SH,20250527,1.903,1.903,1.916,1.897,1.915,0.012,0.6306,2204291.0,420403.427
513300.SH,20250528,1.915,1.937,1.94,1.929,1.93,0.015,0.7833,1982931.5,383608.379
513300.SH,20250529,1.93,1.959,1.963,1.956,1.958,0.028,1.4508,2971032.5,582147.314
513300.SH,20250530,1.958,1.918,1.925,1.915,1.919,-0.039,-1.9918,2272407.0,436318.464
513300.SH,20250603,1.919,1.933,1.935,1.927,1.928,0.009,0.469,1486709.1,286983.024
513300.SH,20250604,1.928,1.946,1.949,1.94,1.945,0.017,0.8817,2683136.98,521626.002
513300.SH,20250605,1.945,1.945,1.949,1.944,1.946,0.001,0.0514,1413860.0,275231.13
513300.SH,20250606,1.946,1.934,1.943,1.931,1.94,-0.006,-0.3083,2705443.0,524444.5
513300.SH,20250609,1.94,1.95,1.95,1.945,1.948,0.008,0.4124,1381701.0,269036.469
513300.SH,20250610,1.948,1.96,1.968,1.95,1.954,0.006,0.308,2488637.0,487550.865
513300.SH,20250611,1.954,1.963,1.964,1.96,1.963,0.009,0.4606,1264033.0,248072.329
513300.SH,20250612,1.963,1.955,1.957,1.95,1.956,-0.007,-0.3566,1549550.0,302713.222
513300.SH,20250613,1.956,1.934,1.938,1.925,1.935,-0.021,-1.0736,3006287.0,581074.507
513300.SH,20250616,1.935,1.942,1.952,1.941,1.95,0.015,0.7752,1709051.0,332717.358
513300.SH,20250617,1.95,1.956,1.964,1.955,1.96,0.01,0.5128,2040073.0,399683.665
513300.SH,20250618,1.96,1.954,1.958,1.951,1.955,-0.005,-0.2551,1494223.0,291988.286
513300.SH,20250619,1.955,1.945,1.947,1.94,1.942,-0.013,-0.665,1484517.0,288520.444
513300.SH,20250620,1.942,1.945,1.95,1.941,1.948,0.006,0.309,1347924.0,262195.921
513300.SH,20250623,1.948,1.933,1.941,1.931,1.939,-0.009,-0.462,1768690.0,342398.944
513300.SH,20250624,1.939,1.971,1.985,1.97,1.985,0.046,2.3724,3423416.0,676636.915
513300.SH,20250625,1.985,1.986,1.99,1.985,1.988,0.003,0.1511,1894632.0,376564.312
513300.SH,20250626,1.988,1.99,1.997,1.988,1.996,0.008,0.4024,1687647.5,336263.507
513300.SH,20250627,1.996,2.009,2.021,2.008,2.02,0.024,1.2024,2171186.0,437542.682
513300.SH,20250630,2.02,2.03,2.034,2.025,2.031,0.011,0.5446,3043511.0,617839.151
513300.SH,20250701,2.031,2.031,2.032,2.022,2.023,-0.008,-0.3939,2454821.0,497635.269
513300.SH,20250702,2.023,2.014,2.023,2.011,2.021,-0.002,-0.0989,2264249.0,456687.917
513300.SH,20250703,2.021,2.029,2.03,2.024,2.028,0.007,0.3464,1509252.0,306040.622
513300.SH,20250704,2.028,2.044,2.045,2.037,2.037,0.009,0.4438,1535186.02,313320.109
513300.SH,20250707,2.037,2.035,2.04,2.034,2.036,-0.001,-0.0491,1986220.0,404569.702
513300.SH,20250708,2.036,2.034,2.04,2.033,2.039,0.003,0.1473,1751710.23,356687.642
513300.SH,20250709,2.039,2.034,2.035,2.029,2.033,-0.006,-0.2943,1641841.0,333653.19
513300.SH,20250710,2.033,2.045,2.048,2.043,2.044,0.011,0.5411,1968613.0,402648.343
513300.SH,20250711,2.044,2.04,2.042,2.037,2.039,-0.005,-0.2446,1764103.0,359760.884
513300.SH,20250714,2.039,2.031,2.031,2.026,2.027,-0.012,-0.5885,1162126.0,235764.506
513300.SH,20250715,2.027,2.04,2.059,2.04,2.058,0.031,1.5294,3408339.0,699264.008
513300.SH,20250716,2.058,2.047,2.048,2.043,2.044,-0.014,-0.6803,1699072.0,347634.459
513300.SH,20250717,2.044,2.054,2.061,2.048,2.059,0.015,0.7339,2253729.0,462779.38
513300.SH,20250718,2.059,2.07,2.077,2.069,2.072,0.013,0.6314,2154002.0,446573.494
513300.SH,20250721,2.072,2.074,2.074,2.07,2.074,0.002,0.0965,1391347.0,288315.377
513300.SH,20250722,2.074,2.078,2.081,2.072,2.073,-0.001,-0.0482,1957147.0,406427.395
513300.SH,20250723,2.073,2.067,2.072,2.065,2.071,-0.002,-0.0965,1674267.0,346322.736
513300.SH,20250724,2.071,2.079,2.081,2.072,2.074,0.003,0.1449,1833221.0,380662.807
513300.SH,20250725,2.074,2.078,2.082,2.077,2.078,0.004,0.1929,1645615.0,342122.928
513300.SH,20250728,2.078,2.091,2.101,2.091,2.098,0.02,0.9625,1801027.0,377625.734
513300.SH,20250729,2.098,2.099,2.1,2.094,2.099,0.001,0.0477,1514234.83,317582.361
513300.SH,20250730,2.099,2.091,2.095,2.09,2.093,-0.006,-0.2859,1229810.13,257367.442
513300.SH,20250731,2.093,2.122,2.13,2.121,2.127,0.034,1.6245,3040903.0,646389.081
513300.SH,20250801,2.127,2.086,2.094,2.084,2.086,-0.041,-1.9276,2680606.0,560215.393
513300.SH,20250804,2.086,2.053,2.059,2.051,2.058,-0.028,-1.3423,3321356.99,682588.502
513300.SH,20250805,2.058,2.086,2.095,2.085,2.095,0.037,1.7979,2699003.07,563884.035
513300.SH,20250806,2.095,2.067,2.082,2.067,2.08,-0.015,-0.716,2806090.07,582347.726
513300.SH,20250807,2.08,2.102,2.106,2.096,2.097,0.017,0.8173,2694673.39,566105.675
513300.SH,20250808,2.097,2.106,2.108,2.101,2.105,0.008,0.3815,1969545.0,414531.002
513300.SH,20250811,2.105,2.123,2.128,2.122,2.127,0.022,1.0451,2768098.0,588351.365
513300.SH,20250812,2.127,2.12,2.122,2.115,2.12,-0.007,-0.3291,2471821.0,523847.21
513300.SH,20250813,2.12,2.144,2.146,2.14,2.143,0.023,1.0849,2763862.0,592164.269
513300.SH,20250814,2.143,2.14,2.14,2.134,2.136,-0.007,-0.3266,2003973.0,428089.553
513300.SH,20250815,2.136,2.136,2.143,2.136,2.143,0.007,0.3277,2318704.72,495905.893
513300.SH,20250818,2.143,2.135,2.137,2.126,2.128,-0.015,-0.7,2703481.0,576443.66
513300.SH,20250819,2.128,2.128,2.129,2.121,2.124,-0.004,-0.188,2005058.61,425922.152
513300.SH,20250820,2.124,2.091,2.096,2.088,2.094,-0.03,-1.4124,4284972.38,896163.985
513300.SH,20250821,2.094,2.084,2.097,2.083,2.095,0.001,0.0478,4679314.29,978072.183
513300.SH,20250822,2.095,2.085,2.089,2.075,2.079,-0.016,-0.7637,3269906.16,681118.525
513300.SH,20250825,2.079,2.109,2.116,2.109,2.114,0.035,1.6835,3862999.4,815790.425
513300.SH,20250826,2.114,2.106,2.106,2.099,2.1,-0.014,-0.6623,2490084.81,523786.146
513300.SH,20250827,2.1,2.112,2.117,2.109,2.117,0.017,0.8095,2414959.0,509985.465
513300.SH,20250828,2.117,2.103,2.111,2.103,2.106,-0.011,-0.5196,2940472.0,619434.576
513300.SH,20250829,2.106,2.112,2.113,2.107,2.108,0.002,0.095,2493701.0,525973.587
513300.SH,20250901,2.108,2.092,2.093,2.078,2.085,-0.023,-1.0911,3113967.59,649408.583
513300.SH,20250902,2.085,2.089,2.091,2.084,2.089,0.004,0.1918,1704161.76,355696.142
513300.SH,20250903,2.089,2.076,2.088,2.075,2.086,-0.003,-0.1436,2087829.0,434615.167
513300.SH,20250904,2.086,2.099,2.099,2.092,2.094,0.008,0.3835,2363892.8,495212.539
513300.SH,20250905,2.094,2.113,2.118,2.113,2.117,0.023,1.0984,2376350.9,502701.515
513300.SH,20250908,2.117,2.115,2.116,2.112,2.113,-0.004,-0.1889,1650252.32,348847.553
513300.SH,20250909,2.113,2.115,2.12,2.113,2.119,0.006,0.284,2108937.0,446304.333
513300.SH,20250910,2.119,2.123,2.129,2.122,2.128,0.009,0.4247,1738874.0,369720.487
513300.SH,20250911,2.128,2.125,2.126,2.121,2.126,-0.002,-0.094,1853250.0,393663.647
513300.SH,20250912,2.126,2.133,2.136,2.132,2.134,0.008,0.3763,1584385.0,338044.615
513300.SH,20250915,2.134,2.141,2.149,2.139,2.148,0.014,0.656,2402954.27,515064.637
513300.SH,20250916,2.148,2.162,2.164,2.159,2.161,0.013,0.6052,2480785.0,536303.02
513300.SH,20250917,2.161,2.158,2.158,2.15,2.153,-0.008,-0.3702,2155637.7,463995.7
513300.SH,20250918,2.153,2.158,2.168,2.157,2.163,0.01,0.4645,3064328.0,662617.805
513300.SH,20250919,2.163,2.172,2.177,2.171,2.172,0.009,0.4161,2346388.0,510036.844
513300.SH,20250922,2.172,2.186,2.194,2.185,2.189,0.017,0.7827,3530794.92,773402.249
513300.SH,20250923,2.189,2.207,2.213,2.206,2.212,0.023,1.0507,3776127.3,834317.021
513300.SH,20250924,2.212,2.193,2.202,2.19,2.201,-0.011,-0.4973,3486864.0,765668.769
513300.SH,20250925,2.201,2.193,2.197,2.191,2.195,-0.006,-0.2726,2793510.0,612955.142
513300.SH,20250926,2.195,2.184,2.191,2.182,2.189,-0.006,-0.2733,2479357.0,542011.309
513300.SH,20250929,2.189,2.202,2.208,2.201,2.206,0.017,0.7766,2681480.5,591084.956
513300.SH,20250930,2.206,2.207,2.213,2.203,2.21,0.004,0.1813,3260380.75,719648.417
513300.SH,20251009,2.21,2.25,2.259,2.244,2.254,0.044,1.991,3177963.42,715041.694
513300.SH,20251010,2.254,2.255,2.266,2.252,2.262,0.008,0.3549,2961580.9,668952.996
513300.SH,20251013,2.262,2.208,2.244,2.205,2.233,-0.029,-1.2821,5047888.14,1121376.192
513300.SH,20251014,2.233,2.26,2.262,2.204,2.205,-0.028,-1.2539,5857904.0,1306291.347
513300.SH,20251015,2.205,2.217,2.245,2.214,2.244,0.039,1.7687,3197285.0,712495.134
513300.SH,20251016,2.244,2.244,2.252,2.233,2.251,0.007,0.3119,2965563.75,664938.485
513300.SH,20251017,2.251,2.235,2.24,2.206,2.211,-0.04,-1.777,2871014.0,638191.512
513300.SH,20251020,2.211,2.25,2.268,2.244,2.265,0.054,2.4423,3593411.09,810319.395
513300.SH,20251021,2.265,2.293,2.305,2.283,2.298,0.033,1.457,3630272.08,833401.964
513300.SH,20251022,2.298,2.293,2.342,2.291,2.331,0.033,1.436,4167311.8,967824.957
513300.SH,20251023,2.331,2.31,2.343,2.31,2.327,-0.004,-0.1716,3447099.0,801031.526
513300.SH,20251024,2.327,2.353,2.356,2.344,2.352,0.025,1.0743,2502821.0,588186.896
513300.SH,20251027,2.352,2.385,2.416,2.379,2.408,0.056,2.381,3900847.72,935988.716
513300.SH,20251028,2.408,2.432,2.453,2.385,2.413,0.005,0.2076,5221982.54,1263084.245
513300.SH,20251029,2.413,2.445,2.455,2.425,2.455,0.042,1.7406,3432775.14,838651.205
513300.SH,20251030,2.455,2.454,2.465,2.426,2.431,-0.024,-0.9776,4222720.37,1032190.713
513300.SH,20251031,2.431,2.429,2.444,2.412,2.426,-0.005,-0.2057,2926187.0,709902.819
513300.SH,20251103,2.426,2.429,2.438,2.419,2.42,-0.006,-0.2473,2190269.1,531876.381
513300.SH,20251104,2.42,2.42,2.421,2.362,2.384,-0.036,-1.4876,3175482.32,759215.611
513300.SH,20251105,2.384,2.311,2.374,2.311,2.366,-0.018,-0.755,4301055.0,1007854.586
513300.SH,20251106,2.366,2.383,2.416,2.37,2.416,0.05,2.1133,2913375.07,698834.197
513300.SH,20251107,2.416,2.38,2.397,2.369,2.387,-0.029,-1.2003,3538229.08,842885.415
513300.SH,20251110,2.387,2.412,2.428,2.407,2.423,0.036,1.5082,2942545.6,710819.348
513300.SH,20251111,2.423,2.451,2.454,2.421,2.43,0.007,0.2889,3611535.26,879790.687
513300.SH,20251112,2.43,2.438,2.448,2.432,2.447,0.017,0.6996,2320954.22,566487.655
513300.SH,20251113,2.447,2.441,2.446,2.435,2.442,-0.005,-0.2043,1933237.08,471818.142
513300.SH,20251114,2.442,2.395,2.402,2.37,2.375,-0.067,-2.7437,3028578.87,724564.48
513300.SH,20251117,2.375,2.4,2.4,2.356,2.371,-0.004,-0.1684,2623690.42,625955.907
513300.SH,20251118,2.371,2.345,2.345,2.295,2.297,-0.074,-3.121,3385587.0,785001.547
513300.SH,20251119,2.297,2.289,2.314,2.266,2.297,0.0,0.0,2636325.56,605658.311
513300.SH,20251120,2.297,2.346,2.391,2.346,2.39,0.093,4.0488,3955952.29,937819.988
513300.SH,20251121,2.39,2.294,2.329,2.292,2.31,-0.08,-3.3473,3024304.87,699000.708
513300.SH,20251124,2.31,2.34,2.345,2.319,2.333,0.023,0.9957,1777500.68,414168.608
513300.SH,20251125,2.333,2.385,2.387,2.37,2.376,0.043,1.8431,2287562.5,544343.573
513300.SH,20251126,2.376,2.394,2.405,2.39,2.401,0.025,1.0522,1973380.62,472974.049
513300.SH,20251127,2.401,2.415,2.415,2.387,2.39,-0.011,-0.4581,1896918.13,455376.473
513300.SH,20251128,2.39,2.401,2.411,2.395,2.41,0.02,0.8368,1142454.0,274384.955
513300.SH,20251201,2.41,2.4,2.407,2.392,2.395,-0.015,-0.6224,1505324.0,361038.044
513300.SH,20251202,2.395,2.408,2.408,2.391,2.397,0.002,0.0835,997160.55,238914.256
513300.SH,20251203,2.397,2.408,2.417,2.405,2.412,0.015,0.6258,3851856.75,928934.427
513300.SH,20251204,2.412,2.41,2.411,2.403,2.407,-0.005,-0.2073,1645138.0,395923.95
513300.SH,20251205,2.407,2.411,2.411,2.404,2.406,-0.001,-0.0415,1388407.0,334175.095
513300.SH,20251208,2.406,2.407,2.408,2.395,2.397,-0.009,-0.3741,1599010.96,383759.813
513300.SH,20251209,2.397,2.388,2.388,2.372,2.374,-0.023,-0.9595,1972580.02,468866.698
513300.SH,20251210,2.374,2.378,2.392,2.372,2.383,0.009,0.3791,1247708.97,297522.639
513300.SH,20251211,2.383,2.38,2.389,2.359,2.363,-0.02,-0.8393,1615809.0,383315.264
513300.SH,20251212,2.363,2.375,2.375,2.36,2.365,0.002,0.0846,1296197.12,306857.404
513300.SH,20251215,2.365,2.333,2.345,2.327,2.339,-0.026,-1.0994,1622844.06,379290.615
513300.SH,20251216,2.339,2.326,2.326,2.295,2.3,-0.039,-1.6674,1854738.0,427736.604
513300.SH,20251217,2.3,2.309,2.328,2.306,2.324,0.024,1.0435,1956169.0,453670.162
513300.SH,20251218,2.324,2.29,2.299,2.286,2.298,-0.026,-1.1188,2542704.0,582924.508
513300.SH,20251219,2.298,2.321,2.334,2.318,2.329,0.031,1.349,2019717.0,469434.883
513300.SH,20251222,2.329,2.363,2.378,2.363,2.377,0.048,2.061,1532972.0,363363.641
513300.SH,20251223,2.377,2.377,2.377,2.363,2.366,-0.011,-0.4628,1191626.0,282064.147
513300.SH,20251224,2.366,2.375,2.375,2.36,2.363,-0.003,-0.1268,873278.91,206504.142
513300.SH,20251225,2.363,2.356,2.362,2.35,2.351,-0.012,-0.5078,931672.0,219238.695
513300.SH,20251226,2.351,2.357,2.357,2.34,2.342,-0.009,-0.3828,759995.01,178467.391
513300.SH,20251229,2.342,2.335,2.335,2.32,2.325,-0.017,-0.7259,1063342.06,247173.224
513300.SH,20251230,2.325,2.312,2.328,2.304,2.325,0.0,0.0,1125477.77,260496.008
513300.SH,20251231,2.325,2.313,2.32,2.307,2.31,-0.015,-0.6452,733958.48,169710.458
513300.SH,20260105,2.31,2.318,2.348,2.315,2.346,0.036,1.5584,1453839.51,339399.304
513300.SH,20260106,2.346,2.346,2.359,2.331,2.351,0.005,0.2131,1804771.65,423987.63
513300.SH,20260107,2.351,2.359,2.36,2.344,2.346,-0.005,-0.2127,897080.38,210919.688
513300.SH,20260108,2.346,2.35,2.352,2.333,2.336,-0.01,-0.4263,782621.15,183294.306
513300.SH,20260109,2.336,2.33,2.336,2.317,2.333,-0.003,-0.1284,1216699.58,283059.425
513300.SH,20260112,2.333,2.335,2.335,2.318,2.32,-0.013,-0.5572,1710644.0,397715.118
513300.SH,20260113,2.32,2.322,2.342,2.315,2.34,0.02,0.8621,1646568.8,382913.535
513300.SH,20260114,2.34,2.338,2.338,2.322,2.326,-0.014,-0.5983,1320961.2,307264.135
513300.SH,20260115,2.326,2.31,2.329,2.304,2.321,-0.005,-0.215,1311087.0,303604.448
513300.SH,20260116,2.321,2.322,2.33,2.315,2.328,0.007,0.3016,1178383.0,273596.948
513300.SH,20260119,2.328,2.306,2.312,2.302,2.305,-0.023,-0.988,988372.0,227970.144
513300.SH,20260120,2.305,2.308,2.308,2.277,2.284,-0.021,-0.9111,1075351.0,246368.168
513300.SH,20260121,2.284,2.272,2.284,2.248,2.271,-0.013,-0.5692,1368324.73,310793.046
513300.SH,20260122,2.271,2.304,2.313,2.275,2.309,0.038,1.6733,1426127.02,328915.143
513300.SH,20260123,2.309,2.316,2.317,2.298,2.299,-0.01,-0.4331,1201364.0,277061.714
513300.SH,20260126,2.299,2.291,2.292,2.275,2.282,-0.017,-0.7395,1270974.0,290092.408
513300.SH,20260127,2.282,2.298,2.314,2.293,2.307,0.025,1.0955,1466367.0,337994.103
513300.SH,20260128,2.307,2.321,2.344,2.321,2.34,0.033,1.4304,1719443.0,401145.178
513300.SH,20260129,2.34,2.335,2.335,2.312,2.325,-0.015,-0.641,996953.84,231682.991
513300.SH,20260130,2.325,2.301,2.312,2.295,2.297,-0.028,-1.2043,1807653.0,416209.924
513300.SH,20260202,2.297,2.274,2.283,2.237,2.241,-0.056,-2.438,2513159.86,567129.271
513300.SH,20260203,2.241,2.284,2.298,2.278,2.296,0.055,2.4543,1588348.97,363456.383
513300.SH,20260204,2.296,2.254,2.279,2.254,2.278,-0.018,-0.784,1148524.0,259888.504
513300.SH,20260205,2.278,2.254,2.26,2.243,2.257,-0.021,-0.9219,1347246.0,303396.562
513300.SH,20260206,2.257,2.218,2.226,2.206,2.219,-0.038,-1.6837,2259031.97,500533.963
513300.SH,20260209,2.219,2.26,2.264,2.254,2.261,0.042,1.8927,1755390.46,396317.6
513300.SH,20260210,2.261,2.267,2.268,2.26,2.26,-0.001,-0.0442,1092063.95,247235.677
513300.SH,20260211,2.26,2.258,2.258,2.248,2.253,-0.007,-0.3097,743590.07,167634.305
513300.SH,20260212,2.253,2.25,2.263,2.244,2.253,0.0,0.0,1349857.74,303978.393
513300.SH,20260213,2.253,2.216,2.245,2.214,2.244,-0.009,-0.3995,1322571.56,294606.287
513300.SH,20260224,2.244,2.23,2.23,2.21,2.226,-0.018,-0.8021,1223908.56,271837.831
513300.SH,20260225,2.226,2.239,2.241,2.222,2.223,-0.003,-0.1348,1057035.56,235813.919
513300.SH,20260226,2.223,2.235,2.24,2.23,2.232,0.009,0.4049,1660968.0,371127.372
513300.SH,20260227,2.232,2.215,2.216,2.209,2.21,-0.022,-0.9857,1361490.0,301168.806
513300.SH,20260302,2.21,2.199,2.2,2.182,2.183,-0.027,-1.2217,1705525.72,373892.646
513300.SH,20260303,2.183,2.196,2.197,2.177,2.177,-0.006,-0.2749,1754827.17,384270.083
513300.SH,20260304,2.177,2.171,2.187,2.157,2.159,-0.018,-0.8268,1298315.0,281936.89
513300.SH,20260305,2.159,2.2,2.22,2.197,2.215,0.056,2.5938,1915111.0,423057.933
513300.SH,20260306,2.215,2.212,2.219,2.191,2.215,0.0,0.0,1019153.3,225179.675
513300.SH,20260309,2.215,2.15,2.17,2.144,2.163,-0.052,-2.3476,2479310.0,534042.287
513300.SH,20260310,2.163,2.198,2.211,2.198,2.203,0.04,1.8493,1561033.53,344098.453
513300.SH,20260311,2.203,2.206,2.214,2.204,2.204,0.001,0.0454,957573.57,211387.634
513300.SH,20260312,2.204,2.192,2.197,2.185,2.192,-0.012,-0.5445,1074713.01,235350.686
513300.SH,20260313,2.192,2.17,2.177,2.168,2.17,-0.022,-1.0036,1180903.0,256578.849
513300.SH,20260316,2.17,2.168,2.181,2.161,2.179,0.009,0.4147,1070433.0,232433.026
513300.SH,20260317,2.179,2.185,2.187,2.163,2.167,-0.012,-0.5507,1092845.89,238281.86
513300.SH,20260318,2.167,2.185,2.205,2.181,2.198,0.031,1.4305,2155013.38,472581.761
513300.SH,20260319,2.198,2.166,2.174,2.155,2.157,-0.041,-1.8653,1764241.0,381977.792
513300.SH,20260320,2.157,2.164,2.165,2.137,2.138,-0.019,-0.8809,1378005.0,296542.363
513300.SH,20260323,2.138,2.1,2.103,2.054,2.066,-0.072,-3.3676,3397927.49,706268.903
513300.SH,20260324,2.066,2.096,2.122,2.082,2.113,0.047,2.2749,2150789.42,450047.743
513300.SH,20260325,2.113,2.125,2.137,2.121,2.131,0.018,0.8519,1443806.99,307508.437
513300.SH,20260326,2.131,2.128,2.137,2.114,2.116,-0.015,-0.7039,1087552.0,231289.557
513300.SH,20260327,2.116,2.089,2.11,2.082,2.106,-0.01,-0.4726,1482055.0,310699.613
513300.SH,20260330,2.106,2.06,2.076,2.053,2.075,-0.031,-1.472,1903212.71,392928.682
513300.SH,20260331,2.075,2.075,2.082,2.051,2.054,-0.021,-1.012,2121554.67,437631.744
513300.SH,20260401,2.054,2.113,2.139,2.106,2.137,0.083,4.0409,3093307.78,656314.298
513300.SH,20260402,2.137,2.119,2.121,2.098,2.102,-0.035,-1.6378,1605745.0,338424.677
513300.SH,20260403,2.102,2.12,2.13,2.114,2.116,0.014,0.666,869804.0,184440.457
513300.SH,20260407,2.116,2.114,2.128,2.112,2.119,0.003,0.1418,802174.98,170127.898
513300.SH,20260408,2.119,2.195,2.225,2.188,2.221,0.102,4.8136,3034505.02,669252.83
513300.SH,20260409,2.221,2.187,2.213,2.187,2.2,-0.021,-0.9455,1668096.21,367227.706
513300.SH,20260410,2.2,2.219,2.235,2.205,2.209,0.009,0.4091,1881494.95,418028.769
513300.SH,20260413,2.209,2.2,2.207,2.19,2.202,-0.007,-0.3169,1359289.0,298592.889
513300.SH,20260414,2.202,2.239,2.245,2.235,2.241,0.039,1.7711,1355584.0,303658.568
513300.SH,20260415,2.241,2.282,2.29,2.27,2.275,0.034,1.5172,1639385.69,373879.356
513300.SH,20260416,2.275,2.309,2.336,2.309,2.335,0.06,2.6374,2060831.68,478665.906
513300.SH,20260417,2.335,2.33,2.33,2.313,2.317,-0.018,-0.7709,1467389.99,340297.567
513300.SH,20260420,2.317,2.331,2.331,2.313,2.318,0.001,0.0432,1480300.93,343677.921
513300.SH,20260421,2.318,2.323,2.328,2.308,2.319,0.001,0.0431,1134133.0,262602.156
513300.SH,20260422,2.319,2.319,2.327,2.311,2.325,0.006,0.2587,1240674.82,287540.768
513300.SH,20260423,2.325,2.338,2.342,2.322,2.331,0.006,0.2581,2066157.78,481796.007
513300.SH,20260424,2.331,2.338,2.338,2.328,2.335,0.004,0.1716,1393133.04,325148.261
513300.SH,20260427,2.335,2.367,2.382,2.363,2.378,0.043,1.8415,2206985.0,523994.965
513300.SH,20260428,2.378,2.377,2.392,2.374,2.389,0.011,0.4626,1900693.29,453644.76
513300.SH,20260429,2.389,2.38,2.392,2.37,2.385,-0.004,-0.1674,1584987.0,377455.569
513300.SH,20260430,2.385,2.403,2.412,2.378,2.386,0.001,0.0419,1915514.0,458572.203
513300.SH,20260506,2.386,2.456,2.466,2.45,2.464,0.078,3.2691,2911926.97,715777.605
513300.SH,20260507,2.464,2.496,2.519,2.494,2.518,0.054,2.1916,2857470.88,715810.564
513300.SH,20260508,2.518,2.512,2.526,2.498,2.521,0.003,0.1191,2421319.0,607724.129
513300.SH,20260511,2.521,2.562,2.579,2.562,2.577,0.056,2.2213,2640106.58,678965.426
513300.SH,20260512,2.577,2.569,2.571,2.545,2.546,-0.031,-1.2029,2056327.0,525505.419
513300.SH,20260513,2.546,2.539,2.567,2.533,2.566,0.02,0.7855,2137404.7,545177.399
513300.SH,20260514,2.566,2.593,2.597,2.563,2.572,0.006,0.2338,2488700.0,641168.774
513300.SH,20260515,2.572,2.574,2.582,2.535,2.548,-0.024,-0.9331,3781094.01,968309.187
513300.SH,20260518,2.548,2.511,2.526,2.492,2.5,-0.048,-1.8838,3450353.74,865846.726
513300.SH,20260519,2.5,2.493,2.504,2.478,2.499,-0.001,-0.04,2918794.0,726425.498
513300.SH,20260520,2.499,2.485,2.517,2.476,2.516,0.017,0.6803,2670101.1,665050.343
513300.SH,20260521,2.516,2.545,2.566,2.534,2.551,0.035,1.3911,3085946.4,787668.664
513300.SH,20260522,2.551,2.57,2.587,2.565,2.585,0.034,1.3328,2687534.0,693039.819
513300.SH,20260525,2.585,2.659,2.703,2.639,2.688,0.103,3.9845,4367622.04,1162590.474
513300.SH,20260526,2.688,2.668,2.692,2.64,2.656,-0.032,-1.1905,2510417.97,669135.498
513300.SH,20260527,2.656,2.689,2.712,2.688,2.703,0.047,1.7696,2590385.0,699608.929
513300.SH,20260528,2.703,2.693,2.698,2.644,2.683,-0.02,-0.74,2438825.84,653230.649
513300.SH,20260529,2.683,2.705,2.765,2.704,2.757,0.074,2.76,3383537.43,927626.189
513300.SH,20260601,2.757,2.776,2.878,2.776,2.865,0.108,3.92,5507692.16,1557667.094
513300.SH,20260602,2.865,2.9,2.9,2.751,2.83,-0.035,-1.22,3563988.47,1007340.092
513300.SH,20260603,2.83,2.83,2.844,2.759,2.791,-0.039,-1.38,3150025.67,880092.693
513300.SH,20260604,2.791,2.746,2.762,2.711,2.724,-0.067,-2.4,2854016.83,779455.096
513300.SH,20260605,2.724,2.68,2.749,2.675,2.687,-0.037,-1.36,2178074.1,589571.799
513300.SH,20260608,2.687,2.568,2.61,2.568,2.581,-0.106,-3.95,3348628.46,866999.299
513300.SH,20260609,2.581,2.621,2.688,2.619,2.687,0.106,4.11,2807665.5,744817.048
513300.SH,20260610,2.687,2.636,2.636,2.597,2.607,-0.08,-2.98,2628955.0,687040.242
513300.SH,20260611,2.607,2.58,2.605,2.535,2.584,-0.023,-0.88,4327948.43,1108268.265
513300.SH,20260612,2.584,2.671,2.679,2.612,2.619,0.035,1.35,3108976.43,823945.506
513300.SH,20260615,2.619,2.702,2.731,2.691,2.73,0.111,4.24,3778267.58,1023996.624
513300.SH,20260616,2.73,2.764,2.795,2.754,2.761,0.031,1.14,4083004.94,1130218.903
513300.SH,20260617,2.761,2.727,2.766,2.721,2.761,0.0,0.0,2948936.51,809269.562
513300.SH,20260618,2.761,2.754,2.758,2.714,2.752,-0.009,-0.33,2901867.44,796069.788
513300.SH,20260622,2.752,2.756,2.776,2.726,2.746,-0.006,-0.22,1801947.34,493824.786
513300.SH,20260623,2.746,2.71,2.711,2.65,2.657,-0.089,-3.24,3108901.97,833239.811
513300.SH,20260624,2.657,2.634,2.682,2.631,2.681,0.024,0.9,2505196.4,666923.609
513300.SH,20260625,2.681,2.707,2.72,2.681,2.718,0.037,1.38,2082330.72,563169.349
513300.SH,20260626,2.718,2.676,2.676,2.622,2.65,-0.068,-2.5,2445269.07,647373.675
513300.SH,20260629,2.65,2.652,2.671,2.642,2.668,0.018,0.68,1572451.75,418140.505
513300.SH,20260630,2.668,2.703,2.719,2.696,2.704,0.036,1.35,1676431.6,453800.145
513300.SH,20260701,2.704,2.733,2.743,2.701,2.71,0.006,0.22,1343520.28,365607.0
513300.SH,20260702,2.71,2.695,2.695,2.656,2.657,-0.053,-1.96,1455147.1,390019.874
513300.SH,20260703,2.657,2.643,2.677,2.634,2.669,0.012,0.45,1527074.67,406429.222
513300.SH,20260706,2.669,2.671,2.685,2.641,2.677,0.008,0.3,1172251.02,311995.603
513300.SH,20260707,2.677,2.672,2.683,2.655,2.668,-0.009,-0.34,1764465.0,471175.625
513300.SH,20260708,2.668,2.66,2.663,2.63,2.631,-0.037,-1.39,931620.36,246825.519
513300.SH,20260709,2.631,2.656,2.674,2.64,2.67,0.039,1.48,1060205.0,281338.144
513300.SH,20260710,2.67,2.69,2.699,2.673,2.674,0.004,0.15,1029375.34,276558.977
513300.SH,20260713,2.674,2.673,2.678,2.647,2.653,-0.021,-0.79,1001280.0,266444.204
513300.SH,20260714,2.653,2.635,2.66,2.617,2.66,0.007,0.26,1257615.38,331927.647
513300.SH,20260715,2.66,2.68,2.698,2.676,2.689,0.029,1.09,1193114.34,320278.573
513300.SH,20260716,2.689,2.667,2.684,2.656,2.661,-0.028,-1.04,1034314.76,276266.455
513300.SH,20260717,2.661,2.62,2.625,2.555,2.567,-0.094,-3.53,2923097.14,754584.449
513300.SH,20260720,2.567,2.568,2.59,2.555,2.556,-0.011,-0.43,1191382.56,306312.776
513300.SH,20260721,2.556,2.57,2.61,2.562,2.609,0.053,2.07,1746513.88,451855.566
513300.SH,20260722,2.609,2.615,2.633,2.598,2.599,-0.01,-0.38,1458575.86,381712.014
513300.SH,20260723,2.599,2.611,2.616,2.595,2.6,0.001,0.04,1072482.0,279327.852
513300.SH,20260724,2.6,2.559,2.578,2.557,2.568,-0.032,-1.23,950890.82,244221.382
513300.SH,20260727,2.568,2.572,2.593,2.572,2.591,0.023,0.9,903695.2,233440.454
513300.SH,20260728,2.591,2.536,2.547,2.507,2.516,-0.075,-2.9,1574704.02,398463.414
513300.SH,20260729,2.516,2.524,2.53,2.485,2.529,0.013,0.52,1625464.82,408378.809
513300.SH,20260730,2.529,2.51,2.513,2.476,2.486,-0.043,-1.7,1944359.0,484390.374
