ts_code,ann_date,nav_date,unit_nav,accum_nav,accum_div,net_asset,adj_nav,update_flag
513100.SH,20130426,20130425,1.0,1.0,,267622120.0,1.0,0
513100.SH,20130503,20130426,1.0,1.0,,267626878.16,1.0,0
513100.SH,20130507,20130503,1.0,1.0,,267609594.81,1.0,0
513100.SH,20130510,20130508,1.0,1.0,,267597276.7,1.0,0
513100.SH,20130514,20130510,1.001,1.001,,267810682.55,1.001,0
513100.SH,20130517,20130515,1.001,1.001,,,1.001,0
513100.SH,20130518,20130516,1.003,1.003,,,1.003,0
513100.SH,20130521,20130517,1.004,1.004,,,1.004,0
513100.SH,20130522,20130520,1.006,1.006,,,1.006,0
513100.SH,20130523,20130521,1.006,1.006,,,1.006,0
513100.SH,20130524,20130522,0.999,0.999,,,0.999,0
513100.SH,20130525,20130523,0.998,0.998,,,0.998,0
513100.SH,20130528,20130524,0.997,0.997,,,0.997,0
513100.SH,20130530,20130528,1.002,1.002,,,1.002,0
513100.SH,20130531,20130529,0.998,0.998,,,0.998,0
513100.SH,20130601,20130530,1.002,1.002,,,1.002,0
513100.SH,20130604,20130531,0.994,0.994,,,0.994,0
513100.SH,20130605,20130603,0.996,0.996,,,0.996,0
513100.SH,20130606,20130604,0.99,0.99,,,0.99,0
513100.SH,20130607,20130605,0.98,0.98,,,0.98,0
513100.SH,20130608,20130606,0.983,0.983,,,0.983,0
513100.SH,20130614,20130607,0.993,0.993,,,0.993,0
513100.SH,20130615,20130613,0.985,0.985,,,0.985,0
513100.SH,20130618,20130614,0.979,0.979,,,0.979,0
513100.SH,20130619,20130617,0.987,0.987,,,0.987,0
513100.SH,20130620,20130618,0.996,0.996,,,0.996,0
513100.SH,20130621,20130619,0.985,0.985,,,0.985,0
513100.SH,20130622,20130620,0.961,0.961,,,0.961,0
513100.SH,20130625,20130621,0.958,0.958,,,0.958,0
513100.SH,20130626,20130624,0.949,0.949,,,0.949,0
513100.SH,20130627,20130625,0.955,0.955,,,0.955,0
513100.SH,20130628,20130626,0.964,0.964,,,0.964,0
513100.SH,20130629,20130627,0.968,0.968,,,0.968,0
513100.SH,20130702,20130628,0.969,0.969,,,0.969,0
513100.SH,20130702,20130630,0.969,0.969,,69413164.52,0.969,0
513100.SH,20130703,20130701,0.975,0.975,,,0.975,0
513100.SH,20130704,20130702,0.975,0.975,,,0.975,0
513100.SH,20130705,20130703,0.98,0.98,,,0.98,0
513100.SH,20130709,20130705,0.987,0.987,,,0.987,0
513100.SH,20130710,20130708,0.988,0.988,,,0.988,0
513100.SH,20130711,20130709,0.993,0.993,,,0.993,0
513100.SH,20130712,20130710,0.997,0.997,,,0.997,0
513100.SH,20130713,20130711,1.016,1.016,,,1.016,0
513100.SH,20130716,20130712,1.022,1.022,,,1.022,0
513100.SH,20130717,20130715,1.024,1.024,,,1.024,0
513100.SH,20130718,20130716,1.024,1.024,,,1.024,0
513100.SH,20130719,20130717,1.026,1.026,,,1.026,0
513100.SH,20130720,20130718,1.024,1.024,,,1.024,0
513100.SH,20130723,20130719,1.013,1.013,,,1.013,0
513100.SH,20130724,20130722,1.016,1.016,,,1.016,0
513100.SH,20130725,20130723,1.008,1.008,,,1.008,0
513100.SH,20130726,20130724,1.011,1.011,,,1.011,0
513100.SH,20130727,20130725,1.019,1.019,,,1.019,0
513100.SH,20130730,20130726,1.023,1.023,,,1.023,0
513100.SH,20130731,20130729,1.021,1.021,,,1.021,0
513100.SH,20130801,20130730,1.027,1.027,,,1.027,0
513100.SH,20130802,20130731,1.029,1.029,,,1.029,0
513100.SH,20130803,20130801,1.04,1.04,,,1.04,0
513100.SH,20130806,20130802,1.046,1.046,,,1.046,0
513100.SH,20130807,20130805,1.046,1.046,,,1.046,0
513100.SH,20130808,20130806,1.039,1.039,,,1.039,0
513100.SH,20130809,20130807,1.037,1.037,,,1.037,0
513100.SH,20130810,20130808,1.042,1.042,,,1.042,0
513100.SH,20130813,20130809,1.037,1.037,,,1.037,0
513100.SH,20130814,20130812,1.039,1.039,,,1.039,0
513100.SH,20130815,20130813,1.045,1.045,,,1.045,0
513100.SH,20130816,20130814,1.041,1.041,,,1.041,0
513100.SH,20130817,20130815,1.023,1.023,,,1.023,0
513100.SH,20130820,20130816,1.021,1.021,,,1.021,0
513100.SH,20130821,20130819,1.02,1.02,,,1.02,0
513100.SH,20130822,20130820,1.025,1.025,,,1.025,0
513100.SH,20130823,20130821,1.021,1.021,,,1.021,0
513100.SH,20130824,20130822,1.031,1.031,,,1.031,0
513100.SH,20130827,20130823,1.039,1.039,,,1.039,0
513100.SH,20130828,20130826,1.037,1.037,,,1.037,0
513100.SH,20130829,20130827,1.017,1.017,,,1.017,0
513100.SH,20130830,20130828,1.02,1.02,,,1.02,0
513100.SH,20130831,20130829,1.027,1.027,,,1.027,0
513100.SH,20130903,20130830,1.021,1.021,,,1.021,0
513100.SH,20130905,20130903,1.027,1.027,,,1.027,0
513100.SH,20130906,20130904,1.038,1.038,,,1.038,0
513100.SH,20130907,20130905,1.039,1.039,,,1.039,0
513100.SH,20130910,20130906,1.041,1.041,,,1.041,0
513100.SH,20130911,20130909,1.052,1.052,,,1.052,0
513100.SH,20130912,20130910,1.057,1.057,,,1.057,0
513100.SH,20130913,20130911,1.055,1.055,,,1.055,0
513100.SH,20130914,20130912,1.053,1.053,,,1.053,0
513100.SH,20130917,20130913,1.054,1.054,,,1.054,0
513100.SH,20130918,20130916,1.051,1.051,,,1.051,0
513100.SH,20130919,20130917,1.059,1.059,,,1.059,0
513100.SH,20130924,20130918,1.072,1.072,,,1.072,0
513100.SH,20130925,20130923,1.067,1.067,,,1.067,0
513100.SH,20130926,20130924,1.067,1.067,,,1.067,0
513100.SH,20130927,20130925,1.063,1.063,,,1.063,0
513100.SH,20130928,20130926,1.071,1.071,,,1.071,0
513100.SH,20131001,20130927,1.07,1.07,,,1.07,0
513100.SH,20131009,20130930,1.066,1.066,,53960245.42,1.066,0
513100.SH,20131010,20131008,1.045,1.045,,,1.045,0
513100.SH,20131011,20131009,1.042,1.042,,,1.042,0
513100.SH,20131012,20131010,1.064,1.064,,,1.064,0
513100.SH,20131015,20131011,1.072,1.072,,,1.072,0
513100.SH,20131016,20131014,1.079,1.079,,,1.079,0
513100.SH,20131017,20131015,1.075,1.075,,,1.075,0
513100.SH,20131018,20131016,1.087,1.087,,,1.087,0
513100.SH,20131019,20131017,1.093,1.093,,,1.093,0
513100.SH,20131022,20131018,1.109,1.109,,,1.109,0
513100.SH,20131023,20131021,1.111,1.111,,,1.111,0
513100.SH,20131024,20131022,1.113,1.113,,,1.113,0
513100.SH,20131025,20131023,1.106,1.106,,,1.106,0
513100.SH,20131026,20131024,1.111,1.111,,,1.111,0
513100.SH,20131029,20131025,1.118,1.118,,,1.118,0
513100.SH,20131030,20131028,1.118,1.118,,,1.118,0
513100.SH,20131031,20131029,1.121,1.121,,,1.121,0
513100.SH,20131101,20131030,1.12,1.12,,,1.12,0
513100.SH,20131102,20131031,1.118,1.118,,,1.118,0
513100.SH,20131105,20131101,1.119,1.119,,,1.119,0
513100.SH,20131106,20131104,1.121,1.121,,,1.121,0
513100.SH,20131107,20131105,1.122,1.122,,,1.122,0
513100.SH,20131108,20131106,1.122,1.122,,,1.122,0
513100.SH,20131109,20131107,1.101,1.101,,,1.101,0
513100.SH,20131112,20131108,1.114,1.114,,,1.114,0
513100.SH,20131113,20131111,1.112,1.112,,,1.112,0
513100.SH,20131114,20131112,1.113,1.113,,,1.113,0
513100.SH,20131115,20131113,1.126,1.126,,,1.126,0
513100.SH,20131116,20131114,1.129,1.129,,,1.129,0
513100.SH,20131119,20131115,1.131,1.131,,,1.131,0
513100.SH,20131120,20131118,1.12,1.12,,,1.12,0
513100.SH,20131121,20131119,1.117,1.117,,,1.117,0
513100.SH,20131122,20131120,1.113,1.113,,,1.113,0
513100.SH,20131123,20131121,1.128,1.128,,,1.128,0
513100.SH,20131126,20131122,1.134,1.134,,,1.134,0
513100.SH,20131127,20131125,1.135,1.135,,,1.135,0
513100.SH,20131128,20131126,1.142,1.142,,,1.142,0
513100.SH,20131129,20131127,1.146,1.146,,,1.146,0
513100.SH,20131203,20131129,1.152,1.152,,,1.152,0
513100.SH,20131204,20131202,1.149,1.149,,,1.149,0
513100.SH,20131205,20131203,1.149,1.149,,,1.149,0
513100.SH,20131206,20131204,1.15,1.15,,,1.15,0
513100.SH,20131207,20131205,1.148,1.148,,,1.148,0
513100.SH,20131210,20131206,1.155,1.155,,,1.155,0
513100.SH,20131211,20131209,1.157,1.157,,,1.157,0
513100.SH,20131212,20131210,1.156,1.156,,,1.156,0
513100.SH,20131213,20131211,1.141,1.141,,,1.141,0
513100.SH,20131214,20131212,1.138,1.138,,,1.138,0
513100.SH,20131217,20131213,1.137,1.137,,,1.137,0
513100.SH,20131218,20131216,1.143,1.143,,,1.143,0
513100.SH,20131219,20131217,1.141,1.141,,,1.141,0
513100.SH,20131220,20131218,1.154,1.154,,,1.154,0
513100.SH,20131221,20131219,1.152,1.152,,,1.152,0
513100.SH,20131224,20131220,1.164,1.164,,,1.164,0
513100.SH,20131225,20131223,1.175,1.175,,,1.175,0
513100.SH,20131226,20131224,1.176,1.176,,,1.176,0
513100.SH,20131228,20131226,1.18,1.18,,,1.18,0
513100.SH,20131231,20131227,1.174,1.174,,,1.174,0
513100.SH,20140101,20131230,1.172,1.172,,,1.172,0
513100.SH,20140103,20131231,1.178,1.178,,59621428.29,1.178,0
513100.SH,20140104,20140102,1.17,1.17,,,1.17,0
513100.SH,20140107,20140103,1.163,1.163,,,1.163,0
513100.SH,20140108,20140106,1.16,1.16,,,1.16,0
513100.SH,20140109,20140107,1.17,1.17,,,1.17,0
513100.SH,20140110,20140108,1.173,1.173,,,1.173,0
513100.SH,20140111,20140109,1.169,1.169,,,1.169,0
513100.SH,20140114,20140110,1.171,1.171,,,1.171,0
513100.SH,20140115,20140113,1.153,1.153,,,1.153,0
513100.SH,20140116,20140114,1.174,1.174,,,1.174,0
513100.SH,20140117,20140115,1.184,1.184,,,1.184,0
513100.SH,20140118,20140116,1.186,1.186,,,1.186,0
513100.SH,20140121,20140117,1.179,1.179,,,1.179,0
513100.SH,20140123,20140121,1.188,1.188,,,1.188,0
513100.SH,20140124,20140122,1.191,1.191,,,1.191,0
513100.SH,20140125,20140123,1.187,1.187,,,1.187,0
513100.SH,20140128,20140124,1.163,1.163,,,1.163,0
513100.SH,20140129,20140127,1.153,1.153,,,1.153,0
513100.SH,20140130,20140128,1.151,1.151,,,1.151,0
513100.SH,20140131,20140129,1.139,1.139,,,1.139,0
513100.SH,20140208,20140130,1.16,1.16,,,1.16,0
513100.SH,20140211,20140207,1.169,1.169,,,1.169,0
513100.SH,20140212,20140210,1.176,1.176,,,1.176,0
513100.SH,20140213,20140211,1.188,1.188,,,1.188,0
513100.SH,20140214,20140212,1.19,1.19,,,1.19,0
513100.SH,20140215,20140213,1.2,1.2,,,1.2,0
513100.SH,20140218,20140214,1.201,1.201,,,1.201,0
513100.SH,20140220,20140218,1.206,1.206,,,1.206,0
513100.SH,20140221,20140219,1.199,1.199,,,1.199,0
513100.SH,20140222,20140220,1.205,1.205,,,1.205,0
513100.SH,20140225,20140221,1.203,1.203,,,1.203,0
513100.SH,20140226,20140224,1.21,1.21,,,1.21,0
513100.SH,20140227,20140225,1.208,1.208,,,1.208,0
513100.SH,20140228,20140226,1.207,1.207,,,1.207,0
513100.SH,20140301,20140227,1.215,1.215,,,1.215,0
513100.SH,20140304,20140228,1.214,1.214,,,1.214,0
513100.SH,20140305,20140303,1.205,1.205,,,1.205,0
513100.SH,20140306,20140304,1.221,1.221,,,1.221,0
513100.SH,20140307,20140305,1.224,1.224,,,1.224,0
513100.SH,20140308,20140306,1.222,1.222,,,1.222,0
513100.SH,20140311,20140307,1.216,1.216,,,1.216,0
513100.SH,20140312,20140310,1.219,1.219,,,1.219,0
513100.SH,20140313,20140311,1.215,1.215,,,1.215,0
513100.SH,20140314,20140312,1.22,1.22,,,1.22,0
513100.SH,20140315,20140313,1.202,1.202,,,1.202,0
513100.SH,20140318,20140314,1.195,1.195,,,1.195,0
513100.SH,20140319,20140317,1.205,1.205,,,1.205,0
513100.SH,20140320,20140318,1.219,1.219,,,1.219,0
513100.SH,20140321,20140319,1.212,1.212,,,1.212,0
513100.SH,20140322,20140320,1.217,1.217,,,1.217,0
513100.SH,20140325,20140321,1.204,1.204,,,1.204,0
513100.SH,20140326,20140324,1.193,1.193,,,1.193,0
513100.SH,20140327,20140325,1.196,1.196,,,1.196,0
513100.SH,20140328,20140326,1.182,1.182,,,1.182,0
513100.SH,20140329,20140327,1.176,1.176,,,1.176,0
513100.SH,20140401,20140328,1.178,1.178,,,1.178,0
513100.SH,20140402,20140331,1.186,1.186,,87350017.74,1.186,0
513100.SH,20140403,20140401,1.207,1.207,,,1.207,0
513100.SH,20140404,20140402,1.209,1.209,,,1.209,0
513100.SH,20140405,20140403,1.2,1.2,,,1.2,0
513100.SH,20140409,20140404,1.169,1.169,,,1.169,0
513100.SH,20140410,20140408,1.168,1.168,,,1.168,0
513100.SH,20140411,20140409,1.187,1.187,,,1.187,0
513100.SH,20140412,20140410,1.151,1.151,,,1.151,0
513100.SH,20140415,20140411,1.138,1.138,,,1.138,0
513100.SH,20140416,20140414,1.147,1.147,,,1.147,0
513100.SH,20140417,20140415,1.152,1.152,,,1.152,0
513100.SH,20140418,20140416,1.167,1.167,,,1.167,0
513100.SH,20140419,20140417,1.167,1.167,,,1.167,0
513100.SH,20140423,20140421,1.176,1.176,,,1.176,0
513100.SH,20140424,20140422,1.185,1.185,,,1.185,0
513100.SH,20140425,20140423,1.175,1.175,,,1.175,0
513100.SH,20140426,20140424,1.185,1.185,,,1.185,0
513100.SH,20140429,20140425,1.166,1.166,,,1.166,0
513100.SH,20140430,20140428,1.17,1.17,,,1.17,0
513100.SH,20140501,20140429,1.179,1.179,,,1.179,0
513100.SH,20140506,20140430,1.182,1.182,,,1.182,0
513100.SH,20140507,20140505,1.189,1.189,,,1.189,0
513100.SH,20140508,20140506,1.173,1.173,,,1.173,0
513100.SH,20140509,20140507,1.17,1.17,,,1.17,0
513100.SH,20140510,20140508,1.169,1.169,,,1.169,0
513100.SH,20140513,20140509,1.174,1.174,,,1.174,0
513100.SH,20140514,20140512,1.194,1.194,,,1.194,0
513100.SH,20140515,20140513,1.194,1.194,,,1.194,0
513100.SH,20140516,20140514,1.189,1.189,,,1.189,0
513100.SH,20140517,20140515,1.179,1.179,,,1.179,0
513100.SH,20140520,20140516,1.186,1.186,,,1.186,0
513100.SH,20140521,20140519,1.196,1.196,,,1.196,0
513100.SH,20140522,20140520,1.191,1.191,,,1.191,0
513100.SH,20140523,20140521,1.202,1.202,,,1.202,0
513100.SH,20140524,20140522,1.208,1.208,,,1.208,0
513100.SH,20140527,20140523,1.217,1.217,,,1.217,0
513100.SH,20140529,20140527,1.232,1.232,,,1.232,0
513100.SH,20140530,20140528,1.229,1.229,,,1.229,0
513100.SH,20140531,20140529,1.236,1.236,,,1.236,0
513100.SH,20140604,20140530,1.237,1.237,,,1.237,0
513100.SH,20140605,20140603,1.235,1.235,,,1.235,0
513100.SH,20140606,20140604,1.238,1.238,,,1.238,0
513100.SH,20140607,20140605,1.25,1.25,,,1.25,0
513100.SH,20140610,20140606,1.254,1.254,,,1.254,0
513100.SH,20140611,20140609,1.252,1.252,,,1.252,0
513100.SH,20140612,20140610,1.253,1.253,,,1.253,0
513100.SH,20140613,20140611,1.253,1.253,,,1.253,0
513100.SH,20140614,20140612,1.243,1.243,,,1.243,0
513100.SH,20140617,20140613,1.246,1.246,,,1.246,0
513100.SH,20140618,20140616,1.248,1.248,,,1.248,0
513100.SH,20140619,20140617,1.248,1.248,,,1.248,0
513100.SH,20140620,20140618,1.256,1.256,,,1.256,0
513100.SH,20140621,20140619,1.254,1.254,,,1.254,0
513100.SH,20140624,20140620,1.255,1.255,,,1.255,0
513100.SH,20140625,20140623,1.256,1.256,,,1.256,0
513100.SH,20140626,20140624,1.254,1.254,,,1.254,0
513100.SH,20140627,20140625,1.263,1.263,,,1.263,0
513100.SH,20140628,20140626,1.262,1.262,,,1.262,0
513100.SH,20140701,20140627,1.268,1.268,,,1.268,0
513100.SH,20140702,20140630,1.269,1.269,,74412704.83,1.269,0
513100.SH,20140703,20140701,1.284,1.284,,,1.284,0
513100.SH,20140704,20140702,1.286,1.286,,,1.286,0
513100.SH,20140705,20140703,1.295,1.295,,,1.295,0
513100.SH,20140709,20140707,1.292,1.292,,,1.292,0
513100.SH,20140710,20140708,1.276,1.276,,,1.276,0
513100.SH,20140711,20140709,1.285,1.285,,,1.285,0
513100.SH,20140712,20140710,1.278,1.278,,,1.278,0
513100.SH,20140715,20140711,1.286,1.286,,,1.286,0
513100.SH,20140716,20140714,1.294,1.294,,,1.294,0
513100.SH,20140717,20140715,1.289,1.289,,,1.289,0
513100.SH,20140718,20140716,1.295,1.295,,,1.295,0
513100.SH,20140719,20140717,1.279,1.279,,,1.279,0
513100.SH,20140722,20140718,1.298,1.298,,,1.298,0
513100.SH,20140723,20140721,1.296,1.296,,,1.296,0
513100.SH,20140724,20140722,1.305,1.305,,,1.305,0
513100.SH,20140725,20140723,1.313,1.313,,,1.313,0
513100.SH,20140726,20140724,1.312,1.312,,,1.312,0
513100.SH,20140729,20140725,1.307,1.307,,,1.307,0
513100.SH,20140730,20140728,1.308,1.308,,,1.308,0
513100.SH,20140731,20140729,1.305,1.305,,,1.305,0
513100.SH,20140801,20140730,1.311,1.311,,,1.311,0
513100.SH,20140802,20140731,1.286,1.286,,,1.286,0
513100.SH,20140805,20140801,1.282,1.282,,,1.282,0
513100.SH,20140806,20140804,1.29,1.29,,,1.29,0
513100.SH,20140807,20140805,1.279,1.279,,,1.279,0
513100.SH,20140808,20140806,1.28,1.28,,,1.28,0
513100.SH,20140809,20140807,1.275,1.275,,,1.275,0
513100.SH,20140812,20140808,1.283,1.283,,,1.283,0
513100.SH,20140813,20140811,1.289,1.289,,,1.289,0
513100.SH,20140814,20140812,1.287,1.287,,,1.287,0
513100.SH,20140815,20140813,1.302,1.302,,,1.302,0
513100.SH,20140816,20140814,1.309,1.309,,,1.309,0
513100.SH,20140819,20140815,1.315,1.315,,,1.315,0
513100.SH,20140820,20140818,1.325,1.325,,,1.325,0
513100.SH,20140821,20140819,1.332,1.332,,,1.332,0
513100.SH,20140822,20140820,1.333,1.333,,,1.333,0
513100.SH,20140823,20140821,1.336,1.336,,,1.336,0
513100.SH,20140826,20140822,1.338,1.338,,,1.338,0
513100.SH,20140827,20140825,1.344,1.344,,,1.344,0
513100.SH,20140828,20140826,1.345,1.345,,,1.345,0
513100.SH,20140829,20140827,1.346,1.346,,,1.346,0
513100.SH,20140830,20140828,1.343,1.343,,,1.343,0
513100.SH,20140902,20140829,1.349,1.349,,,1.349,0
513100.SH,20140904,20140902,1.354,1.354,,,1.354,0
513100.SH,20140905,20140903,1.346,1.346,,,1.346,0
513100.SH,20140906,20140904,1.343,1.343,,,1.343,0
513100.SH,20140910,20140905,1.352,1.352,,,1.352,0
513100.SH,20140911,20140909,1.339,1.339,,,1.339,0
513100.SH,20140912,20140910,1.348,1.348,,,1.348,0
513100.SH,20140913,20140911,1.348,1.348,,,1.348,0
513100.SH,20140916,20140912,1.34,1.34,,,1.34,0
513100.SH,20140917,20140915,1.327,1.327,,,1.327,0
513100.SH,20140918,20140916,1.339,1.339,,,1.339,0
513100.SH,20140919,20140917,1.341,1.341,,,1.341,0
513100.SH,20140920,20140918,1.351,1.351,,,1.351,0
513100.SH,20140923,20140919,1.349,1.349,,,1.349,0
513100.SH,20140924,20140922,1.337,1.337,,,1.337,0
513100.SH,20140925,20140923,1.334,1.334,,,1.334,0
513100.SH,20140926,20140924,1.348,1.348,,,1.348,0
513100.SH,20140927,20140925,1.32,1.32,,,1.32,0
513100.SH,20140930,20140926,1.335,1.335,,,1.335,0
513100.SH,20141001,20140929,1.334,1.334,,,1.334,0
513100.SH,20141009,20140930,1.335,1.335,,86241969.64,1.335,0
513100.SH,20141010,20141008,1.331,1.331,,,1.331,0
513100.SH,20141011,20141009,1.307,1.307,,,1.307,0
513100.SH,20141014,20141010,1.275,1.275,,,1.275,0
513100.SH,20141015,20141013,1.255,1.255,,,1.255,0
513100.SH,20141016,20141014,1.255,1.255,,,1.255,0
513100.SH,20141017,20141015,1.248,1.248,,,1.248,0
513100.SH,20141018,20141016,1.239,1.239,,,1.239,0
513100.SH,20141021,20141017,1.256,1.256,,,1.256,0
513100.SH,20141022,20141020,1.273,1.273,,,1.273,0
513100.SH,20141023,20141021,1.304,1.304,,,1.304,0
513100.SH,20141024,20141022,1.297,1.297,,,1.297,0
513100.SH,20141025,20141023,1.317,1.317,,,1.317,0
513100.SH,20141028,20141024,1.326,1.326,,,1.326,0
513100.SH,20141029,20141027,1.326,1.326,,,1.326,0
513100.SH,20141030,20141028,1.344,1.344,,,1.344,0
513100.SH,20141031,20141029,1.339,1.339,,,1.339,0
513100.SH,20141101,20141030,1.343,1.343,,,1.343,0
513100.SH,20141104,20141031,1.361,1.361,,,1.361,0
513100.SH,20141105,20141103,1.366,1.366,,,1.366,0
513100.SH,20141106,20141104,1.363,1.363,,,1.363,0
513100.SH,20141107,20141105,1.361,1.361,,,1.361,0
513100.SH,20141108,20141106,1.367,1.367,,,1.367,0
513100.SH,20141111,20141107,1.366,1.366,,,1.366,0
513100.SH,20141112,20141110,1.366,1.366,,,1.366,0
513100.SH,20141113,20141111,1.37,1.37,,,1.37,0
513100.SH,20141114,20141112,1.373,1.373,,,1.373,0
513100.SH,20141115,20141113,1.379,1.379,,,1.379,0
513100.SH,20141118,20141114,1.383,1.383,,,1.383,0
513100.SH,20141119,20141117,1.379,1.379,,,1.379,0
513100.SH,20141120,20141118,1.389,1.389,,,1.389,0
513100.SH,20141121,20141119,1.382,1.382,,,1.382,0
513100.SH,20141122,20141120,1.389,1.389,,,1.389,0
513100.SH,20141125,20141121,1.391,1.391,,,1.391,0
513100.SH,20141126,20141124,1.402,1.402,,,1.402,0
513100.SH,20141127,20141125,1.402,1.402,,,1.402,0
513100.SH,20141128,20141126,1.411,1.411,,,1.411,0
513100.SH,20141202,20141128,1.417,1.417,,,1.417,0
513100.SH,20141203,20141201,1.401,1.401,,,1.401,0
513100.SH,20141204,20141202,1.406,1.406,,,1.406,0
513100.SH,20141205,20141203,1.41,1.41,,,1.41,0
513100.SH,20141206,20141204,1.41,1.41,,,1.41,0
513100.SH,20141209,20141205,1.409,1.409,,,1.409,0
513100.SH,20141210,20141208,1.395,1.395,,,1.395,0
513100.SH,20141211,20141209,1.4,1.4,,,1.4,0
513100.SH,20141212,20141210,1.376,1.376,,,1.376,0
513100.SH,20141213,20141211,1.381,1.381,,,1.381,0
513100.SH,20141216,20141212,1.367,1.367,,,1.367,0
513100.SH,20141217,20141215,1.352,1.352,,,1.352,0
513100.SH,20141218,20141216,1.331,1.331,,,1.331,0
513100.SH,20141219,20141217,1.354,1.354,,,1.354,0
513100.SH,20141220,20141218,1.39,1.39,,,1.39,0
513100.SH,20141223,20141219,1.394,1.394,,,1.394,0
513100.SH,20141224,20141222,1.398,1.398,,,1.398,0
513100.SH,20141225,20141223,1.394,1.394,,,1.394,0
513100.SH,20141226,20141224,1.396,1.396,,,1.396,0
513100.SH,20141230,20141226,1.405,1.405,,,1.405,0
513100.SH,20141231,20141229,1.405,1.405,,,1.405,0
513100.SH,20150101,20141230,1.395,1.395,,,1.395,0
513100.SH,20150106,20141231,1.38,1.38,,68471088.7,1.38,0
513100.SH,20150107,20150105,1.357,1.357,,,1.357,0
513100.SH,20150108,20150106,1.341,1.341,,,1.341,0
513100.SH,20150109,20150107,1.358,1.358,,,1.358,0
513100.SH,20150110,20150108,1.384,1.384,,,1.384,0
513100.SH,20150113,20150109,1.375,1.375,,,1.375,0
513100.SH,20150114,20150112,1.359,1.359,,,1.359,0
513100.SH,20150115,20150113,1.356,1.356,,,1.356,0
513100.SH,20150116,20150114,1.35,1.35,,,1.35,0
513100.SH,20150117,20150115,1.332,1.332,,,1.332,0
513100.SH,20150120,20150116,1.349,1.349,,,1.349,0
513100.SH,20150122,20150120,1.359,1.359,,,1.359,0
513100.SH,20150123,20150121,1.367,1.367,,,1.367,0
513100.SH,20150124,20150122,1.392,1.392,,,1.392,0
513100.SH,20150127,20150123,1.396,1.396,,,1.396,0
513100.SH,20150128,20150126,1.396,1.396,,,1.396,0
513100.SH,20150129,20150127,1.36,1.36,,,1.36,0
513100.SH,20150130,20150128,1.349,1.349,,,1.349,0
513100.SH,20150131,20150129,1.362,1.362,,,1.362,0
513100.SH,20150203,20150130,1.353,1.353,,,1.353,0
513100.SH,20150204,20150202,1.366,1.366,,,1.366,0
513100.SH,20150205,20150203,1.379,1.379,,,1.379,0
513100.SH,20150206,20150204,1.377,1.377,,,1.377,0
513100.SH,20150207,20150205,1.39,1.39,,,1.39,0
513100.SH,20150210,20150206,1.379,1.379,,,1.379,0
513100.SH,20150211,20150209,1.376,1.376,,,1.376,0
513100.SH,20150212,20150210,1.396,1.396,,,1.396,0
513100.SH,20150213,20150211,1.402,1.402,,,1.402,0
513100.SH,20150214,20150212,1.419,1.419,,,1.419,0
513100.SH,20150217,20150213,1.429,1.429,,,1.429,0
513100.SH,20150226,20150217,1.431,1.431,,,1.431,0
513100.SH,20150227,20150225,1.45,1.45,,,1.45,0
513100.SH,20150228,20150226,1.456,1.456,,,1.456,0
513100.SH,20150303,20150227,1.452,1.452,,,1.452,0
513100.SH,20150304,20150302,1.467,1.467,,,1.467,0
513100.SH,20150305,20150303,1.459,1.459,,,1.459,0
513100.SH,20150306,20150304,1.454,1.454,,,1.454,0
513100.SH,20150307,20150305,1.457,1.457,,,1.457,0
513100.SH,20150310,20150306,1.439,1.439,,,1.439,0
513100.SH,20150311,20150309,1.444,1.444,,,1.444,0
513100.SH,20150312,20150310,1.417,1.417,,,1.417,0
513100.SH,20150313,20150311,1.412,1.412,,,1.412,0
513100.SH,20150314,20150312,1.422,1.422,,,1.422,0
513100.SH,20150317,20150313,1.414,1.414,,,1.414,0
513100.SH,20150318,20150316,1.432,1.432,,,1.432,0
513100.SH,20150319,20150317,1.433,1.433,,,1.433,0
513100.SH,20150320,20150318,1.448,1.448,,,1.448,0
513100.SH,20150321,20150319,1.447,1.447,,,1.447,0
513100.SH,20150324,20150320,1.459,1.459,,,1.459,0
513100.SH,20150325,20150323,1.453,1.453,,,1.453,0
513100.SH,20150326,20150324,1.447,1.447,,,1.447,0
513100.SH,20150327,20150325,1.413,1.413,,,1.413,0
513100.SH,20150328,20150326,1.407,1.407,,,1.407,0
513100.SH,20150331,20150327,1.414,1.414,,,1.414,0
513100.SH,20150401,20150330,1.431,1.431,,,1.431,0
513100.SH,20150402,20150331,1.416,1.416,,84453306.1,1.416,0
513100.SH,20150403,20150401,1.409,1.409,,,1.409,0
513100.SH,20150404,20150402,1.41,1.41,,,1.41,0
513100.SH,20150409,20150407,1.416,1.416,,,1.416,0
513100.SH,20150410,20150408,1.427,1.427,,,1.427,0
513100.SH,20150411,20150409,1.436,1.436,,,1.436,0
513100.SH,20150414,20150410,1.442,1.442,,,1.442,0
513100.SH,20150415,20150413,1.439,1.439,,,1.439,0
513100.SH,20150416,20150414,1.435,1.435,,,1.435,0
513100.SH,20150417,20150415,1.443,1.443,,,1.443,0
513100.SH,20150418,20150416,1.438,1.438,,,1.438,0
513100.SH,20150421,20150417,1.414,1.414,,,1.414,0
513100.SH,20150422,20150420,1.436,1.436,,,1.436,0
513100.SH,20150423,20150421,1.442,1.442,,,1.442,0
513100.SH,20150424,20150422,1.45,1.45,,,1.45,0
513100.SH,20150425,20150423,1.457,1.457,,,1.457,0
513100.SH,20150428,20150424,1.476,1.476,,,1.476,0
513100.SH,20150429,20150427,1.471,1.471,,,1.471,0
513100.SH,20150430,20150428,1.467,1.467,,,1.467,0
513100.SH,20150501,20150429,1.457,1.457,,,1.457,0
513100.SH,20150505,20150430,1.431,1.431,,,1.431,0
513100.SH,20150506,20150504,1.455,1.455,,,1.455,0
513100.SH,20150507,20150505,1.432,1.432,,,1.432,0
513100.SH,20150508,20150506,1.422,1.422,,,1.422,0
513100.SH,20150509,20150507,1.429,1.429,,,1.429,0
513100.SH,20150512,20150508,1.448,1.448,,,1.448,0
513100.SH,20150513,20150511,1.441,1.441,,,1.441,0
513100.SH,20150514,20150512,1.436,1.436,,,1.436,0
513100.SH,20150515,20150513,1.437,1.437,,,1.437,0
513100.SH,20150516,20150514,1.458,1.458,,,1.458,0
513100.SH,20150519,20150515,1.458,1.458,,,1.458,0
513100.SH,20150520,20150518,1.465,1.465,,,1.465,0
513100.SH,20150521,20150519,1.462,1.462,,,1.462,0
513100.SH,20150522,20150520,1.463,1.463,,,1.463,0
513100.SH,20150523,20150521,1.471,1.471,,,1.471,0
513100.SH,20150526,20150522,1.47,1.47,,,1.47,0
513100.SH,20150528,20150526,1.453,1.453,,,1.453,0
513100.SH,20150529,20150527,1.477,1.477,,,1.477,0
513100.SH,20150530,20150528,1.472,1.472,,,1.472,0
513100.SH,20150602,20150529,1.463,1.463,,,1.463,0
513100.SH,20150603,20150601,1.466,1.466,,,1.466,0
513100.SH,20150604,20150602,1.461,1.461,,,1.461,0
513100.SH,20150605,20150603,1.464,1.464,,,1.464,0
513100.SH,20150606,20150604,1.455,1.455,,,1.455,0
513100.SH,20150609,20150605,1.453,1.453,,,1.453,0
513100.SH,20150610,20150608,1.441,1.441,,,1.441,0
513100.SH,20150611,20150609,1.44,1.44,,,1.44,0
513100.SH,20150612,20150610,1.458,1.458,,,1.458,0
513100.SH,20150613,20150611,1.458,1.458,,,1.458,0
513100.SH,20150616,20150612,1.448,1.448,,,1.448,0
513100.SH,20150617,20150615,1.442,1.442,,,1.442,0
513100.SH,20150618,20150616,1.448,1.448,,,1.448,0
513100.SH,20150619,20150617,1.453,1.453,,,1.453,0
513100.SH,20150620,20150618,1.471,1.471,,,1.471,0
513100.SH,20150624,20150619,1.465,1.465,,,1.465,0
513100.SH,20150625,20150623,1.476,1.476,,,1.476,0
513100.SH,20150626,20150624,1.468,1.468,,,1.468,0
513100.SH,20150627,20150625,1.465,1.465,,,1.465,0
513100.SH,20150630,20150626,1.456,1.456,,,1.456,0
513100.SH,20150701,20150629,1.424,1.424,,,1.424,0
513100.SH,20150702,20150630,1.428,1.428,,60880388.11,1.428,0
513100.SH,20150703,20150701,1.439,1.439,,,1.439,0
513100.SH,20150704,20150702,1.441,1.441,,,1.441,0
513100.SH,20150708,20150706,1.436,1.436,,,1.436,0
513100.SH,20150709,20150707,1.439,1.439,,,1.439,0
513100.SH,20150710,20150708,1.414,1.414,,,1.414,0
513100.SH,20150711,20150709,1.414,1.414,,,1.414,0
513100.SH,20150714,20150710,1.435,1.435,,,1.435,0
513100.SH,20150715,20150713,1.458,1.458,,,1.458,0
513100.SH,20150716,20150714,1.468,1.468,,,1.468,0
513100.SH,20150717,20150715,1.47,1.47,,,1.47,0
513100.SH,20150718,20150716,1.49,1.49,,,1.49,0
513100.SH,20150721,20150717,1.511,1.511,,,1.511,0
513100.SH,20150722,20150720,1.517,1.517,,,1.517,0
513100.SH,20150723,20150721,1.514,1.514,,,1.514,0
513100.SH,20150724,20150722,1.497,1.497,,,1.497,0
513100.SH,20150725,20150723,1.493,1.493,,,1.493,0
513100.SH,20150728,20150724,1.478,1.478,,,1.478,0
513100.SH,20150729,20150727,1.466,1.466,,,1.466,0
513100.SH,20150730,20150728,1.479,1.479,,,1.479,0
513100.SH,20150731,20150729,1.485,1.485,,,1.485,0
513100.SH,20150801,20150730,1.492,1.492,,,1.492,0
513100.SH,20150804,20150731,1.489,1.489,,,1.489,0
513100.SH,20150805,20150803,1.486,1.486,,,1.486,0
513100.SH,20150806,20150804,1.483,1.483,,,1.483,0
513100.SH,20150807,20150805,1.494,1.494,,,1.494,0
513100.SH,20150808,20150806,1.473,1.473,,,1.473,0
513100.SH,20150811,20150807,1.47,1.47,,,1.47,0
513100.SH,20150812,20150810,1.487,1.487,,,1.487,0
513100.SH,20150813,20150811,1.495,1.495,,,1.495,0
513100.SH,20150814,20150812,1.521,1.521,,,1.521,0
513100.SH,20150815,20150813,1.534,1.534,,,1.534,0
513100.SH,20150818,20150814,1.537,1.537,,,1.537,0
513100.SH,20150819,20150817,1.548,1.548,,,1.548,0
513100.SH,20150820,20150818,1.541,1.541,,,1.541,0
513100.SH,20150821,20150819,1.53,1.53,,,1.53,0
513100.SH,20150822,20150820,1.487,1.487,,,1.487,0
513100.SH,20150825,20150821,1.426,1.426,,,1.426,0
513100.SH,20150826,20150824,1.374,1.374,,,1.374,0
513100.SH,20150827,20150825,1.37,1.37,,,1.37,0
513100.SH,20150828,20150826,1.438,1.438,,,1.438,0
513100.SH,20150829,20150827,1.473,1.473,,,1.473,0
513100.SH,20150901,20150828,1.473,1.473,,,1.473,0
513100.SH,20150902,20150831,1.453,1.453,,,1.453,0
513100.SH,20150903,20150901,1.405,1.405,,,1.405,0
513100.SH,20150908,20150902,1.44,1.44,,,1.44,0
513100.SH,20150910,20150908,1.456,1.456,,,1.456,0
513100.SH,20150911,20150909,1.439,1.439,,,1.439,0
513100.SH,20150912,20150910,1.456,1.456,,,1.456,0
513100.SH,20150915,20150911,1.464,1.464,,,1.464,0
513100.SH,20150916,20150914,1.459,1.459,,,1.459,0
513100.SH,20150917,20150915,1.475,1.475,,,1.475,0
513100.SH,20150918,20150916,1.484,1.484,,,1.484,0
513100.SH,20150919,20150917,1.484,1.484,,,1.484,0
513100.SH,20150922,20150918,1.462,1.462,,,1.462,0
513100.SH,20150923,20150921,1.467,1.467,,,1.467,0
513100.SH,20150924,20150922,1.448,1.448,,,1.448,0
513100.SH,20150925,20150923,1.449,1.449,,,1.449,0
513100.SH,20150926,20150924,1.445,1.445,,,1.445,0
513100.SH,20150929,20150925,1.433,1.433,,,1.433,0
513100.SH,20150930,20150928,1.391,1.391,,,1.391,0
513100.SH,20151001,20150929,1.383,1.383,,,1.383,0
513100.SH,20151026,20150930,1.414,1.414,,70144672.19,1.414,0
513100.SH,20151010,20151008,1.468,1.468,,,1.468,0
513100.SH,20151013,20151009,1.475,1.475,,,1.475,0
513100.SH,20151014,20151012,1.477,1.477,,,1.477,0
513100.SH,20151015,20151013,1.463,1.463,,,1.463,0
513100.SH,20151016,20151014,1.465,1.465,,,1.465,0
513100.SH,20151017,20151015,1.488,1.488,,,1.488,0
513100.SH,20151020,20151016,1.496,1.496,,,1.496,0
513100.SH,20151021,20151019,1.505,1.505,,,1.505,0
513100.SH,20151022,20151020,1.5,1.5,,,1.5,0
513100.SH,20151023,20151021,1.488,1.488,,,1.488,0
513100.SH,20151024,20151022,1.517,1.517,,,1.517,0
513100.SH,20151027,20151023,1.558,1.558,,,1.558,0
513100.SH,20151028,20151026,1.559,1.559,,,1.559,0
513100.SH,20151029,20151027,1.561,1.561,,,1.561,0
513100.SH,20151030,20151028,1.574,1.574,,,1.574,0
513100.SH,20151031,20151029,1.573,1.573,,,1.573,0
513100.SH,20151103,20151030,1.564,1.564,,,1.564,0
513100.SH,20151104,20151102,1.573,1.573,,,1.573,0
513100.SH,20151105,20151103,1.581,1.581,,,1.581,0
513100.SH,20151106,20151104,1.582,1.582,,,1.582,0
513100.SH,20151107,20151105,1.579,1.579,,,1.579,0
513100.SH,20151110,20151106,1.582,1.582,,,1.582,0
513100.SH,20151111,20151109,1.567,1.567,,,1.567,0
513100.SH,20151112,20151110,1.564,1.564,,,1.564,0
513100.SH,20151113,20151111,1.563,1.563,,,1.563,0
513100.SH,20151114,20151112,1.548,1.548,,,1.548,0
513100.SH,20151117,20151113,1.521,1.521,,,1.521,0
513100.SH,20151118,20151116,1.544,1.544,,,1.544,0
513100.SH,20151119,20151117,1.544,1.544,,,1.544,0
513100.SH,20151120,20151118,1.574,1.574,,,1.574,0
513100.SH,20151121,20151119,1.574,1.574,,,1.574,0
513100.SH,20151124,20151120,1.584,1.584,,,1.584,0
513100.SH,20151125,20151123,1.582,1.582,,,1.582,0
513100.SH,20151126,20151124,1.581,1.581,,,1.581,0
513100.SH,20151127,20151125,1.582,1.582,,,1.582,0
513100.SH,20151201,20151127,1.586,1.586,,,1.586,0
513100.SH,20151202,20151130,1.582,1.582,,,1.582,0
513100.SH,20151203,20151201,1.6,1.6,,,1.6,0
513100.SH,20151204,20151202,1.589,1.589,,,1.589,0
513100.SH,20151205,20151203,1.563,1.563,,,1.563,0
513100.SH,20151208,20151204,1.596,1.596,,,1.596,0
513100.SH,20151209,20151207,1.592,1.592,,,1.592,0
513100.SH,20151210,20151208,1.595,1.595,,,1.595,0
513100.SH,20151211,20151209,1.572,1.572,,,1.572,0
513100.SH,20151212,20151210,1.581,1.581,,,1.581,0
513100.SH,20151215,20151211,1.549,1.549,,,1.549,0
513100.SH,20151216,20151214,1.563,1.563,,,1.563,0
513100.SH,20151217,20151215,1.574,1.574,,,1.574,0
513100.SH,20151218,20151216,1.598,1.598,,,1.598,0
513100.SH,20151219,20151217,1.579,1.579,,,1.579,0
513100.SH,20151222,20151218,1.552,1.552,,,1.552,0
513100.SH,20151223,20151221,1.566,1.566,,,1.566,0
513100.SH,20151224,20151222,1.576,1.576,,,1.576,0
513100.SH,20151225,20151223,1.588,1.588,,,1.588,0
513100.SH,20151226,20151224,1.587,1.587,,,1.587,0
513100.SH,20151230,20151228,1.586,1.586,,,1.586,0
513100.SH,20151231,20151229,1.613,1.613,,,1.613,0
513100.SH,20160101,20151230,1.6,1.6,,,1.6,0
513100.SH,20160105,20151231,1.581,1.581,,64227975.94,1.581,0
513100.SH,20160106,20160104,1.551,1.551,,,1.551,0
513100.SH,20160107,20160105,1.549,1.549,,,1.549,0
513100.SH,20160108,20160106,1.539,1.539,,,1.539,0
513100.SH,20160109,20160107,1.499,1.499,,,1.499,0
513100.SH,20160112,20160108,1.487,1.487,,,1.487,0
513100.SH,20160113,20160111,1.491,1.491,,,1.491,0
513100.SH,20160114,20160112,1.508,1.508,,,1.508,0
513100.SH,20160115,20160113,1.457,1.457,,,1.457,0
513100.SH,20160116,20160114,1.486,1.486,,,1.486,0
513100.SH,20160119,20160115,1.444,1.444,,,1.444,0
513100.SH,20160121,20160119,1.443,1.443,,,1.443,0
513100.SH,20160122,20160120,1.439,1.439,,,1.439,0
513100.SH,20160123,20160121,1.441,1.441,,,1.441,0
513100.SH,20160126,20160122,1.482,1.482,,,1.482,0
513100.SH,20160127,20160125,1.459,1.459,,,1.459,0
513100.SH,20160128,20160126,1.473,1.473,,,1.473,0
513100.SH,20160129,20160127,1.434,1.434,,,1.434,0
513100.SH,20160130,20160128,1.454,1.454,,,1.454,0
513100.SH,20160202,20160129,1.487,1.487,,,1.487,0
513100.SH,20160203,20160201,1.49,1.49,,,1.49,0
513100.SH,20160204,20160202,1.456,1.456,,,1.456,0
513100.SH,20160205,20160203,1.45,1.45,,,1.45,0
513100.SH,20160206,20160204,1.447,1.447,,,1.447,0
513100.SH,20160216,20160205,1.394,1.394,,,1.394,0
513100.SH,20160218,20160216,1.419,1.419,,,1.419,0
513100.SH,20160219,20160217,1.455,1.455,,,1.455,0
513100.SH,20160220,20160218,1.436,1.436,,,1.436,0
513100.SH,20160223,20160219,1.441,1.441,,,1.441,0
513100.SH,20160224,20160222,1.464,1.464,,,1.464,0
513100.SH,20160225,20160223,1.442,1.442,,,1.442,0
513100.SH,20160226,20160224,1.456,1.456,,,1.456,0
513100.SH,20160227,20160225,1.471,1.471,,,1.471,0
513100.SH,20160301,20160226,1.469,1.469,,,1.469,0
513100.SH,20160302,20160229,1.46,1.46,,,1.46,0
513100.SH,20160303,20160301,1.505,1.505,,,1.505,0
513100.SH,20160304,20160302,1.508,1.508,,,1.508,0
513100.SH,20160305,20160303,1.503,1.503,,,1.503,0
513100.SH,20160308,20160304,1.501,1.501,,,1.501,0
513100.SH,20160309,20160307,1.488,1.488,,,1.488,0
513100.SH,20160310,20160308,1.473,1.473,,,1.473,0
513100.SH,20160311,20160309,1.485,1.485,,,1.485,0
513100.SH,20160312,20160310,1.483,1.483,,,1.483,0
513100.SH,20160315,20160311,1.504,1.504,,,1.504,0
513100.SH,20160316,20160314,1.506,1.506,,,1.506,0
513100.SH,20160317,20160315,1.509,1.509,,,1.509,0
513100.SH,20160318,20160316,1.524,1.524,,,1.524,0
513100.SH,20160319,20160317,1.518,1.518,,,1.518,0
513100.SH,20160322,20160318,1.514,1.514,,,1.514,0
513100.SH,20160323,20160321,1.524,1.524,,,1.524,0
513100.SH,20160324,20160322,1.531,1.531,,,1.531,0
513100.SH,20160325,20160323,1.518,1.518,,,1.518,0
513100.SH,20160326,20160324,1.524,1.524,,,1.524,0
513100.SH,20160330,20160328,1.523,1.523,,,1.523,0
513100.SH,20160331,20160329,1.543,1.543,,,1.543,0
513100.SH,20160401,20160330,1.546,1.546,,,1.546,0
513100.SH,20160422,20160331,1.538,1.538,,80943482.58,1.538,0
513100.SH,20160406,20160401,1.554,1.554,,,1.554,0
513100.SH,20160407,20160405,1.535,1.535,,,1.535,0
513100.SH,20160408,20160406,1.562,1.562,,,1.562,0
513100.SH,20160409,20160407,1.537,1.537,,,1.537,0
513100.SH,20160412,20160408,1.538,1.538,,,1.538,0
513100.SH,20160413,20160411,1.53,1.53,,,1.53,0
513100.SH,20160414,20160412,1.542,1.542,,,1.542,0
513100.SH,20160415,20160413,1.562,1.562,,,1.562,0
513100.SH,20160416,20160414,1.569,1.569,,,1.569,0
513100.SH,20160419,20160415,1.565,1.565,,,1.565,0
513100.SH,20160420,20160418,1.57,1.57,,,1.57,0
513100.SH,20160421,20160419,1.559,1.559,,,1.559,0
513100.SH,20160422,20160420,1.557,1.557,,,1.557,0
513100.SH,20160423,20160421,1.562,1.562,,,1.562,0
513100.SH,20160426,20160422,1.541,1.541,,,1.541,0
513100.SH,20160427,20160425,1.546,1.546,,,1.546,0
513100.SH,20160428,20160426,1.533,1.533,,,1.533,0
513100.SH,20160429,20160427,1.52,1.52,,,1.52,0
513100.SH,20160430,20160428,1.505,1.505,,,1.505,0
513100.SH,20160504,20160429,1.489,1.489,,,1.489,0
513100.SH,20160505,20160503,1.488,1.488,,,1.488,0
513100.SH,20160506,20160504,1.487,1.487,,,1.487,0
513100.SH,20160507,20160505,1.491,1.491,,,1.491,0
513100.SH,20160510,20160506,1.499,1.499,,,1.499,0
513100.SH,20160511,20160509,1.501,1.501,,,1.501,0
513100.SH,20160512,20160510,1.525,1.525,,,1.525,0
513100.SH,20160513,20160511,1.509,1.509,,,1.509,0
513100.SH,20160514,20160512,1.497,1.497,,,1.497,0
513100.SH,20160517,20160513,1.498,1.498,,,1.498,0
513100.SH,20160518,20160516,1.519,1.519,,,1.519,0
513100.SH,20160519,20160517,1.497,1.497,,,1.497,0
513100.SH,20160520,20160518,1.503,1.503,,,1.503,0
513100.SH,20160521,20160519,1.502,1.502,,,1.502,0
513100.SH,20160524,20160520,1.518,1.518,,,1.518,0
513100.SH,20160525,20160523,1.514,1.514,,,1.514,0
513100.SH,20160526,20160524,1.545,1.545,,,1.545,0
513100.SH,20160527,20160525,1.562,1.562,,,1.562,0
513100.SH,20160528,20160526,1.562,1.562,,,1.562,0
513100.SH,20160531,20160527,1.57,1.57,,,1.57,0
513100.SH,20160602,20160531,1.58,1.58,,,1.58,0
513100.SH,20160603,20160601,1.581,1.581,,,1.581,0
513100.SH,20160604,20160602,1.58,1.58,,,1.58,0
513100.SH,20160607,20160603,1.575,1.575,,,1.575,0
513100.SH,20160608,20160606,1.572,1.572,,,1.572,0
513100.SH,20160609,20160607,1.572,1.572,,,1.572,0
513100.SH,20160614,20160608,1.574,1.574,,,1.574,0
513100.SH,20160615,20160613,1.545,1.545,,,1.545,0
513100.SH,20160616,20160614,1.545,1.545,,,1.545,0
513100.SH,20160617,20160615,1.545,1.545,,,1.545,0
513100.SH,20160618,20160616,1.544,1.544,,,1.544,0
513100.SH,20160621,20160617,1.528,1.528,,,1.528,0
513100.SH,20160622,20160620,1.535,1.535,,,1.535,0
513100.SH,20160623,20160621,1.538,1.538,,,1.538,0
513100.SH,20160624,20160622,1.541,1.541,,,1.541,0
513100.SH,20160625,20160623,1.557,1.557,,,1.557,0
513100.SH,20160628,20160624,1.496,1.496,,,1.496,0
513100.SH,20160629,20160627,1.479,1.479,,,1.479,0
513100.SH,20160630,20160628,1.514,1.514,,,1.514,0
513100.SH,20160701,20160629,1.535,1.535,,,1.535,0
513100.SH,20160702,20160630,1.554,1.554,,73983596.32,1.554,0
513100.SH,20160705,20160701,1.565,1.565,,,1.565,0
513100.SH,20160707,20160705,1.557,1.557,,,1.557,0
513100.SH,20160708,20160706,1.575,1.575,,,1.575,0
513100.SH,20160709,20160707,1.58,1.58,,,1.58,0
513100.SH,20160712,20160708,1.605,1.605,,,1.605,0
513100.SH,20160713,20160711,1.614,1.614,,,1.614,0
513100.SH,20160714,20160712,1.624,1.624,,,1.624,0
513100.SH,20160715,20160713,1.619,1.619,,,1.619,0
513100.SH,20160716,20160714,1.629,1.629,,,1.629,0
513100.SH,20160719,20160715,1.625,1.625,,,1.625,0
513100.SH,20160720,20160718,1.639,1.639,,,1.639,0
513100.SH,20160721,20160719,1.634,1.634,,,1.634,0
513100.SH,20160722,20160720,1.652,1.652,,,1.652,0
513100.SH,20160723,20160721,1.647,1.647,,,1.647,0
513100.SH,20160726,20160722,1.648,1.648,,,1.648,0
513100.SH,20160727,20160725,1.653,1.653,,,1.653,0
513100.SH,20160728,20160726,1.653,1.653,,,1.653,0
513100.SH,20160729,20160727,1.661,1.661,,,1.661,0
513100.SH,20160730,20160728,1.666,1.666,,,1.666,0
513100.SH,20160802,20160729,1.667,1.667,,,1.667,0
513100.SH,20160803,20160801,1.67,1.67,,,1.67,0
513100.SH,20160804,20160802,1.661,1.661,,,1.661,0
513100.SH,20160805,20160803,1.66,1.66,,,1.66,0
513100.SH,20160806,20160804,1.67,1.67,,,1.67,0
513100.SH,20160809,20160805,1.686,1.686,,,1.686,0
513100.SH,20160810,20160808,1.689,1.689,,,1.689,0
513100.SH,20160811,20160809,1.691,1.691,,,1.691,0
513100.SH,20160812,20160810,1.686,1.686,,,1.686,0
513100.SH,20160813,20160811,1.686,1.686,,,1.686,0
513100.SH,20160816,20160812,1.694,1.694,,,1.694,0
513100.SH,20160817,20160815,1.698,1.698,,,1.698,0
513100.SH,20160818,20160816,1.685,1.685,,,1.685,0
513100.SH,20160819,20160817,1.682,1.682,,,1.682,0
513100.SH,20160820,20160818,1.689,1.689,,,1.689,0
513100.SH,20160823,20160819,1.686,1.686,,,1.686,0
513100.SH,20160824,20160822,1.698,1.698,,,1.698,0
513100.SH,20160825,20160823,1.699,1.699,,,1.699,0
513100.SH,20160826,20160824,1.683,1.683,,,1.683,0
513100.SH,20160827,20160825,1.685,1.685,,,1.685,0
513100.SH,20160830,20160826,1.685,1.685,,,1.685,0
513100.SH,20160831,20160829,1.697,1.697,,,1.697,0
513100.SH,20160901,20160830,1.691,1.691,,,1.691,0
513100.SH,20160902,20160831,1.691,1.691,,,1.691,0
513100.SH,20160903,20160901,1.692,1.692,,,1.692,0
513100.SH,20160906,20160902,1.696,1.696,,,1.696,0
513100.SH,20160908,20160906,1.706,1.706,,,1.706,0
513100.SH,20160909,20160907,1.704,1.704,,,1.704,0
513100.SH,20160910,20160908,1.695,1.695,,,1.695,0
513100.SH,20160913,20160909,1.654,1.654,,,1.654,0
513100.SH,20160914,20160912,1.688,1.688,,,1.688,0
513100.SH,20160915,20160913,1.669,1.669,,,1.669,0
513100.SH,20160920,20160914,1.681,1.681,,,1.681,0
513100.SH,20160921,20160919,1.696,1.696,,,1.696,0
513100.SH,20160922,20160920,1.694,1.694,,,1.694,0
513100.SH,20160923,20160921,1.715,1.715,,,1.715,0
513100.SH,20160924,20160922,1.722,1.722,,,1.722,0
513100.SH,20160927,20160923,1.715,1.715,,,1.715,0
513100.SH,20160928,20160926,1.702,1.702,,,1.702,0
513100.SH,20160929,20160927,1.717,1.717,,,1.717,0
513100.SH,20160930,20160928,1.72,1.72,,,1.72,0
513100.SH,20161001,20160929,1.708,1.708,,,1.708,0
513100.SH,20161024,20160930,1.723,1.723,,92384982.63,1.723,0
513100.SH,20161012,20161010,1.735,1.735,,,1.735,0
513100.SH,20161013,20161011,1.712,1.712,,,1.712,0
513100.SH,20161014,20161012,1.715,1.715,,,1.715,0
513100.SH,20161015,20161013,1.71,1.71,,,1.71,0
513100.SH,20161018,20161014,1.708,1.708,,,1.708,0
513100.SH,20161019,20161017,1.709,1.709,,,1.709,0
513100.SH,20161020,20161018,1.722,1.722,,,1.722,0
513100.SH,20161021,20161019,1.721,1.721,,,1.721,0
513100.SH,20161022,20161020,1.72,1.72,,,1.72,0
513100.SH,20161025,20161021,1.733,1.733,,,1.733,0
513100.SH,20161026,20161024,1.757,1.757,,,1.757,0
513100.SH,20161027,20161025,1.751,1.751,,,1.751,0
513100.SH,20161028,20161026,1.739,1.739,,,1.739,0
513100.SH,20161029,20161027,1.731,1.731,,,1.731,0
513100.SH,20161101,20161028,1.723,1.723,,,1.723,0
513100.SH,20161102,20161031,1.716,1.716,,,1.716,0
513100.SH,20161103,20161101,1.707,1.707,,,1.707,0
513100.SH,20161104,20161102,1.688,1.688,,,1.688,0
513100.SH,20161105,20161103,1.671,1.671,,,1.671,0
513100.SH,20161108,20161104,1.665,1.665,,,1.665,0
513100.SH,20161109,20161107,1.71,1.71,,,1.71,0
513100.SH,20161110,20161108,1.723,1.723,,,1.723,0
513100.SH,20161111,20161109,1.731,1.731,,,1.731,0
513100.SH,20161112,20161110,1.705,1.705,,,1.705,0
513100.SH,20161115,20161111,1.711,1.711,,,1.711,0
513100.SH,20161116,20161114,1.697,1.697,,,1.697,0
513100.SH,20161117,20161115,1.726,1.726,,,1.726,0
513100.SH,20161118,20161116,1.738,1.738,,,1.738,0
513100.SH,20161119,20161117,1.753,1.753,,,1.753,0
513100.SH,20161122,20161118,1.749,1.749,,,1.749,0
513100.SH,20161123,20161121,1.772,1.772,,,1.772,0
513100.SH,20161124,20161122,1.772,1.772,,,1.772,0
513100.SH,20161125,20161123,1.768,1.768,,,1.768,0
513100.SH,20161129,20161125,1.78,1.78,,,1.78,0
513100.SH,20161130,20161128,1.773,1.773,,,1.773,0
513100.SH,20161201,20161129,1.775,1.775,,,1.775,0
513100.SH,20161202,20161130,1.752,1.752,,,1.752,0
513100.SH,20161203,20161201,1.726,1.726,,,1.726,0
513100.SH,20161206,20161202,1.724,1.724,,,1.724,0
513100.SH,20161207,20161205,1.739,1.739,,,1.739,0
513100.SH,20161208,20161206,1.736,1.736,,,1.736,0
513100.SH,20161209,20161207,1.764,1.764,,,1.764,0
513100.SH,20161210,20161208,1.765,1.765,,,1.765,0
513100.SH,20161213,20161209,1.784,1.784,,,1.784,0
513100.SH,20161214,20161212,1.78,1.78,,,1.78,0
513100.SH,20161215,20161213,1.799,1.799,,,1.799,0
513100.SH,20161216,20161214,1.796,1.796,,,1.796,0
513100.SH,20161217,20161215,1.806,1.806,,,1.806,0
513100.SH,20161220,20161216,1.805,1.805,,,1.805,0
513100.SH,20161221,20161219,1.807,1.807,,,1.807,0
513100.SH,20161222,20161220,1.817,1.817,,,1.817,0
513100.SH,20161223,20161221,1.816,1.816,,,1.816,0
513100.SH,20161224,20161222,1.809,1.809,,,1.809,0
513100.SH,20161227,20161223,1.812,1.812,,,1.812,0
513100.SH,20161229,20161227,1.82,1.82,,,1.82,0
513100.SH,20161230,20161228,1.807,1.807,,,1.807,0
513100.SH,20161231,20161229,1.804,1.804,,,1.804,0
513100.SH,20170104,20161230,1.782,1.782,,,1.782,0
513100.SH,20170104,20161231,1.782,1.782,,175717549.28,1.782,0
513100.SH,20170105,20170103,1.802,1.802,,,1.802,0
513100.SH,20170106,20170104,1.812,1.812,,,1.812,0
513100.SH,20170107,20170105,1.816,1.816,,,1.816,0
513100.SH,20170110,20170106,1.815,1.815,,,1.815,0
513100.SH,20170111,20170109,1.836,1.836,,,1.836,0
513100.SH,20170112,20170110,1.839,1.839,,,1.839,0
513100.SH,20170113,20170111,1.844,1.844,,,1.844,0
513100.SH,20170114,20170112,1.839,1.839,,,1.839,0
513100.SH,20170117,20170113,1.839,1.839,,,1.839,0
513100.SH,20170119,20170117,1.836,1.836,,,1.836,0
513100.SH,20170120,20170118,1.827,1.827,,,1.827,0
513100.SH,20170121,20170119,1.827,1.827,,,1.827,0
513100.SH,20170124,20170120,1.834,1.834,,,1.834,0
513100.SH,20170125,20170123,1.832,1.832,,,1.832,0
513100.SH,20170126,20170124,1.838,1.838,,,1.838,0
513100.SH,20170127,20170125,1.862,1.862,,,1.862,0
513100.SH,20170204,20170126,1.864,1.864,,,1.864,0
513100.SH,20170207,20170203,1.865,1.865,,,1.865,0
513100.SH,20170208,20170206,1.868,1.868,,,1.868,0
513100.SH,20170209,20170207,1.875,1.875,,,1.875,0
513100.SH,20170210,20170208,1.885,1.885,,,1.885,0
513100.SH,20170211,20170209,1.887,1.887,,,1.887,0
513100.SH,20170214,20170210,1.895,1.895,,,1.895,0
513100.SH,20170215,20170213,1.908,1.908,,,1.908,0
513100.SH,20170216,20170214,1.912,1.912,,,1.912,0
513100.SH,20170217,20170215,1.918,1.918,,,1.918,0
513100.SH,20170218,20170216,1.917,1.917,,,1.917,0
513100.SH,20170221,20170217,1.921,1.921,,,1.921,0
513100.SH,20170223,20170221,1.938,1.938,,,1.938,0
513100.SH,20170224,20170222,1.94,1.94,,,1.94,0
513100.SH,20170225,20170223,1.93,1.93,,,1.93,0
513100.SH,20170228,20170224,1.932,1.932,,,1.932,0
513100.SH,20170301,20170227,1.938,1.938,,,1.938,0
513100.SH,20170302,20170228,1.93,1.93,,,1.93,0
513100.SH,20170303,20170301,1.952,1.952,,,1.952,0
513100.SH,20170304,20170302,1.943,1.943,,,1.943,0
513100.SH,20170307,20170303,1.949,1.949,,,1.949,0
513100.SH,20170308,20170306,1.941,1.941,,,1.941,0
513100.SH,20170309,20170307,1.942,1.942,,,1.942,0
513100.SH,20170310,20170308,1.947,1.947,,,1.947,0
513100.SH,20170311,20170309,1.951,1.951,,,1.951,0
513100.SH,20170314,20170310,1.959,1.959,,,1.959,0
513100.SH,20170315,20170313,1.958,1.958,,,1.958,0
513100.SH,20170316,20170314,1.957,1.957,,,1.957,0
513100.SH,20170317,20170315,1.969,1.969,,,1.969,0
513100.SH,20170318,20170316,1.961,1.961,,,1.961,0
513100.SH,20170321,20170317,1.96,1.96,,,1.96,0
513100.SH,20170322,20170320,1.965,1.965,,,1.965,0
513100.SH,20170323,20170321,1.938,1.938,,,1.938,0
513100.SH,20170324,20170322,1.945,1.945,,,1.945,0
513100.SH,20170325,20170323,1.94,1.94,,,1.94,0
513100.SH,20170328,20170324,1.943,1.943,,,1.943,0
513100.SH,20170329,20170327,1.942,1.942,,,1.942,0
513100.SH,20170330,20170328,1.956,1.956,,,1.956,0
513100.SH,20170331,20170329,1.968,1.968,,,1.968,0
513100.SH,20170401,20170330,1.971,1.971,,,1.971,0
513100.SH,20170422,20170331,1.972,1.972,,279321115.24,1.972,0
513100.SH,20170407,20170405,1.964,1.964,,,1.964,0
513100.SH,20170408,20170406,1.965,1.965,,,1.965,0
513100.SH,20170411,20170407,1.965,1.965,,,1.965,0
513100.SH,20170412,20170410,1.968,1.968,,,1.968,0
513100.SH,20170413,20170411,1.958,1.958,,,1.958,0
513100.SH,20170414,20170412,1.949,1.949,,,1.949,0
513100.SH,20170415,20170413,1.933,1.933,,,1.933,0
513100.SH,20170419,20170417,1.953,1.953,,,1.953,0
513100.SH,20170420,20170418,1.952,1.952,,,1.952,0
513100.SH,20170421,20170419,1.949,1.949,,,1.949,0
513100.SH,20170422,20170420,1.968,1.968,,,1.968,0
513100.SH,20170425,20170421,1.969,1.969,,,1.969,0
513100.SH,20170426,20170424,1.988,1.988,,,1.988,0
513100.SH,20170427,20170425,2.007,2.007,,,2.007,0
513100.SH,20170428,20170426,2.005,2.005,,,2.005,0
513100.SH,20170429,20170427,2.017,2.017,,,2.017,0
513100.SH,20170503,20170428,2.022,2.022,,,2.022,0
513100.SH,20170504,20170502,2.045,2.045,,,2.045,0
513100.SH,20170505,20170503,2.036,2.036,,,2.036,0
513100.SH,20170506,20170504,2.039,2.039,,,2.039,0
513100.SH,20170509,20170505,2.044,2.044,,,2.044,0
513100.SH,20170510,20170508,2.05,2.05,,,2.05,0
513100.SH,20170511,20170509,2.06,2.06,,,2.06,0
513100.SH,20170512,20170510,2.062,2.062,,,2.062,0
513100.SH,20170513,20170511,2.06,2.06,,,2.06,0
513100.SH,20170516,20170512,2.061,2.061,,,2.061,0
513100.SH,20170517,20170515,2.065,2.065,,,2.065,0
513100.SH,20170518,20170516,2.071,2.071,,,2.071,0
513100.SH,20170519,20170517,2.015,2.015,,,2.015,0
513100.SH,20170520,20170518,2.03,2.03,,,2.03,0
513100.SH,20170523,20170519,2.045,2.045,,,2.045,0
513100.SH,20170524,20170522,2.058,2.058,,,2.058,0
513100.SH,20170525,20170523,2.059,2.059,,,2.059,0
513100.SH,20170526,20170524,2.072,2.072,,,2.072,0
513100.SH,20170527,20170525,2.087,2.087,,,2.087,0
513100.SH,20170601,20170526,2.091,2.091,,,2.091,0
513100.SH,20170602,20170531,2.088,2.088,,,2.088,0
513100.SH,20170603,20170601,2.082,2.082,,,2.082,0
513100.SH,20170606,20170602,2.105,2.105,,,2.105,0
513100.SH,20170607,20170605,2.099,2.099,,,2.099,0
513100.SH,20170608,20170606,2.091,2.091,,,2.091,0
513100.SH,20170609,20170607,2.096,2.096,,,2.096,0
513100.SH,20170610,20170608,2.101,2.101,,,2.101,0
513100.SH,20170613,20170609,2.052,2.052,,,2.052,0
513100.SH,20170614,20170612,2.04,2.04,,,2.04,0
513100.SH,20170615,20170613,2.055,2.055,,,2.055,0
513100.SH,20170616,20170614,2.046,2.046,,,2.046,0
513100.SH,20170617,20170615,2.034,2.034,,,2.034,0
513100.SH,20170620,20170616,2.03,2.03,,,2.03,0
513100.SH,20170621,20170619,2.062,2.062,,,2.062,0
513100.SH,20170622,20170620,2.049,2.049,,,2.049,0
513100.SH,20170623,20170621,2.072,2.072,,,2.072,0
513100.SH,20170624,20170622,2.071,2.071,,,2.071,0
513100.SH,20170627,20170623,2.081,2.081,,,2.081,0
513100.SH,20170628,20170626,2.072,2.072,,,2.072,0
513100.SH,20170629,20170627,2.036,2.036,,,2.036,0
513100.SH,20170630,20170628,2.059,2.059,,,2.059,0
513100.SH,20170701,20170629,2.02,2.02,,,2.02,0
513100.SH,20170704,20170630,2.013,2.013,,337352080.44,2.013,0
513100.SH,20170705,20170703,1.996,1.996,,,1.996,0
513100.SH,20170707,20170705,2.019,2.019,,,2.019,0
513100.SH,20170708,20170706,2.001,2.001,,,2.001,0
513100.SH,20170711,20170707,2.021,2.021,,,2.021,0
513100.SH,20170712,20170710,2.036,2.036,,,2.036,0
513100.SH,20170713,20170711,2.042,2.042,,,2.042,0
513100.SH,20170714,20170712,2.064,2.064,,,2.064,0
513100.SH,20170715,20170713,2.067,2.067,,,2.067,0
513100.SH,20170718,20170714,2.082,2.082,,,2.082,0
513100.SH,20170719,20170717,2.076,2.076,,,2.076,0
513100.SH,20170720,20170718,2.091,2.091,,,2.091,0
513100.SH,20170721,20170719,2.099,2.099,,,2.099,0
513100.SH,20170722,20170720,2.101,2.101,,,2.101,0
513100.SH,20170725,20170721,2.099,2.099,,,2.099,0
513100.SH,20170726,20170724,2.106,2.106,,,2.106,0
513100.SH,20170727,20170725,2.105,2.105,,,2.105,0
513100.SH,20170728,20170726,2.113,2.113,,,2.113,0
513100.SH,20170729,20170727,2.094,2.094,,,2.094,0
513100.SH,20170801,20170728,2.093,2.093,,,2.093,0
513100.SH,20170802,20170731,2.081,2.081,,,2.081,0
513100.SH,20170803,20170801,2.082,2.082,,,2.082,0
513100.SH,20170804,20170802,2.09,2.09,,,2.09,0
513100.SH,20170805,20170803,2.083,2.083,,,2.083,0
513100.SH,20170808,20170804,2.083,2.083,,,2.083,0
513100.SH,20170809,20170807,2.098,2.098,,,2.098,0
513100.SH,20170810,20170808,2.094,2.094,,,2.094,0
513100.SH,20170811,20170809,2.088,2.088,,,2.088,0
513100.SH,20170812,20170810,2.034,2.034,,,2.034,0
513100.SH,20170815,20170811,2.045,2.045,,,2.045,0
513100.SH,20170816,20170814,2.07,2.07,,,2.07,0
513100.SH,20170817,20170815,2.074,2.074,,,2.074,0
513100.SH,20170818,20170816,2.08,2.08,,,2.08,0
513100.SH,20170819,20170817,2.036,2.036,,,2.036,0
513100.SH,20170822,20170818,2.035,2.035,,,2.035,0
513100.SH,20170823,20170821,2.032,2.032,,,2.032,0
513100.SH,20170824,20170822,2.059,2.059,,,2.059,0
513100.SH,20170825,20170823,2.052,2.052,,,2.052,0
513100.SH,20170826,20170824,2.043,2.043,,,2.043,0
513100.SH,20170829,20170825,2.041,2.041,,,2.041,0
513100.SH,20170830,20170828,2.039,2.039,,,2.039,0
513100.SH,20170831,20170829,2.046,2.046,,,2.046,0
513100.SH,20170901,20170830,2.065,2.065,,,2.065,0
513100.SH,20170902,20170831,2.082,2.082,,,2.082,0
513100.SH,20170905,20170901,2.078,2.078,,,2.078,0
513100.SH,20170907,20170905,2.042,2.042,,,2.042,0
513100.SH,20170908,20170906,2.047,2.047,,,2.047,0
513100.SH,20170909,20170907,2.05,2.05,,,2.05,0
513100.SH,20170912,20170908,2.026,2.026,,,2.026,0
513100.SH,20170913,20170911,2.047,2.047,,,2.047,0
513100.SH,20170914,20170912,2.061,2.061,,,2.061,0
513100.SH,20170915,20170913,2.068,2.068,,,2.068,0
513100.SH,20170916,20170914,2.058,2.058,,,2.058,0
513100.SH,20170919,20170915,2.063,2.063,,,2.063,0
513100.SH,20170920,20170918,2.06,2.06,,,2.06,0
513100.SH,20170921,20170919,2.067,2.067,,,2.067,0
513100.SH,20170922,20170920,2.066,2.066,,,2.066,0
513100.SH,20170923,20170921,2.059,2.059,,,2.059,0
513100.SH,20170926,20170922,2.058,2.058,,,2.058,0
513100.SH,20170927,20170925,2.039,2.039,,,2.039,0
513100.SH,20170928,20170926,2.047,2.047,,,2.047,0
513100.SH,20170929,20170927,2.07,2.07,,,2.07,0
513100.SH,20170930,20170928,2.071,2.071,,,2.071,0
513100.SH,20171010,20170929,2.09,2.09,,,2.09,0
513100.SH,20171027,20170930,2.09,2.09,,277173872.87,2.09,0
513100.SH,20171011,20171009,2.121,2.121,,,2.121,0
513100.SH,20171012,20171010,2.116,2.116,,,2.116,0
513100.SH,20171013,20171011,2.109,2.109,,,2.109,0
513100.SH,20171014,20171012,2.104,2.104,,,2.104,0
513100.SH,20171017,20171013,2.113,2.113,,,2.113,0
513100.SH,20171018,20171016,2.12,2.12,,,2.12,0
513100.SH,20171019,20171017,2.124,2.124,,,2.124,0
513100.SH,20171020,20171018,2.125,2.125,,,2.125,0
513100.SH,20171021,20171019,2.12,2.12,,,2.12,0
513100.SH,20171024,20171020,2.126,2.126,,,2.126,0
513100.SH,20171025,20171023,2.115,2.115,,,2.115,0
513100.SH,20171026,20171024,2.121,2.121,,,2.121,0
513100.SH,20171027,20171025,2.114,2.114,,,2.114,0
513100.SH,20171028,20171026,2.106,2.106,,,2.106,0
513100.SH,20171031,20171027,2.171,2.171,,,2.171,0
513100.SH,20171101,20171030,2.177,2.177,,,2.177,0
513100.SH,20171102,20171031,2.181,2.181,,,2.181,0
513100.SH,20171103,20171101,2.178,2.178,,,2.178,0
513100.SH,20171104,20171102,2.169,2.169,,,2.169,0
513100.SH,20171107,20171103,2.186,2.186,,,2.186,0
513100.SH,20171108,20171106,2.198,2.198,,,2.198,0
513100.SH,20171109,20171107,2.199,2.199,,,2.199,0
513100.SH,20171110,20171108,2.209,2.209,,,2.209,0
513100.SH,20171111,20171109,2.2,2.2,,,2.2,0
513100.SH,20171114,20171110,2.198,2.198,,,2.198,0
513100.SH,20171115,20171113,2.203,2.203,,,2.203,0
513100.SH,20171116,20171114,2.196,2.196,,,2.196,0
513100.SH,20171117,20171115,2.181,2.181,,,2.181,0
513100.SH,20171118,20171116,2.211,2.211,,,2.211,0
513100.SH,20171121,20171117,2.202,2.202,,,2.202,0
513100.SH,20171122,20171120,2.2,2.2,,,2.2,0
513100.SH,20171123,20171121,2.227,2.227,,,2.227,0
513100.SH,20171124,20171122,2.227,2.227,,,2.227,0
513100.SH,20171128,20171124,2.219,2.219,,,2.219,0
513100.SH,20171129,20171127,2.22,2.22,,,2.22,0
513100.SH,20171130,20171128,2.228,2.228,,,2.228,0
513100.SH,20171201,20171129,2.193,2.193,,,2.193,0
513100.SH,20171202,20171130,2.212,2.212,,,2.212,0
513100.SH,20171205,20171201,2.203,2.203,,,2.203,0
513100.SH,20171206,20171204,2.179,2.179,,,2.179,0
513100.SH,20171207,20171205,2.18,2.18,,,2.18,0
513100.SH,20171208,20171206,2.191,2.191,,,2.191,0
513100.SH,20171209,20171207,2.2,2.2,,,2.2,0
513100.SH,20171212,20171208,2.211,2.211,,,2.211,0
513100.SH,20171213,20171211,2.226,2.226,,,2.226,0
513100.SH,20171214,20171212,2.223,2.223,,,2.223,0
513100.SH,20171215,20171213,2.229,2.229,,,2.229,0
513100.SH,20171216,20171214,2.221,2.221,,,2.221,0
513100.SH,20171219,20171215,2.25,2.25,,,2.25,0
513100.SH,20171220,20171218,2.269,2.269,,,2.269,0
513100.SH,20171221,20171219,2.255,2.255,,,2.255,0
513100.SH,20171222,20171220,2.251,2.251,,,2.251,0
513100.SH,20171223,20171221,2.243,2.243,,,2.243,0
513100.SH,20171226,20171222,2.241,2.241,,,2.241,0
513100.SH,20171228,20171226,2.216,2.216,,,2.216,0
513100.SH,20171229,20171227,2.217,2.217,,,2.217,0
513100.SH,20171230,20171228,2.218,2.218,,,2.218,0
513100.SH,20180103,20171229,2.201,2.201,,,2.201,0
513100.SH,20180103,20171231,2.201,2.201,,298484251.03,2.201,0
513100.SH,20180104,20180102,2.23,2.23,,,2.23,0
513100.SH,20180105,20180103,2.246,2.246,,,2.246,0
513100.SH,20180106,20180104,2.253,2.253,,,2.253,0
513100.SH,20180109,20180105,2.272,2.272,,,2.272,0
513100.SH,20180110,20180108,2.276,2.276,,,2.276,0
513100.SH,20180111,20180109,2.281,2.281,,,2.281,0
513100.SH,20180112,20180110,2.284,2.284,,,2.284,0
513100.SH,20180113,20180111,2.298,2.298,,,2.298,0
513100.SH,20180116,20180112,2.307,2.307,,,2.307,0
513100.SH,20180118,20180116,2.28,2.28,,,2.28,0
513100.SH,20180119,20180117,2.304,2.304,,,2.304,0
513100.SH,20180120,20180118,2.307,2.307,,,2.307,0
513100.SH,20180123,20180119,2.307,2.307,,,2.307,0
513100.SH,20180124,20180122,2.329,2.329,,,2.329,0
513100.SH,20180125,20180123,2.345,2.345,,,2.345,0
513100.SH,20180126,20180124,2.327,2.327,,,2.327,0
513100.SH,20180127,20180125,2.318,2.318,,,2.318,0
513100.SH,20180130,20180126,2.344,2.344,,,2.344,0
513100.SH,20180131,20180129,2.326,2.326,,,2.326,0
513100.SH,20180201,20180130,2.308,2.308,,,2.308,0
513100.SH,20180202,20180131,2.316,2.316,,,2.316,0
513100.SH,20180203,20180201,2.29,2.29,,,2.29,0
513100.SH,20180206,20180202,2.237,2.237,,,2.237,0
513100.SH,20180207,20180205,2.154,2.154,,,2.154,0
513100.SH,20180208,20180206,2.213,2.213,,,2.213,0
513100.SH,20180209,20180207,2.179,2.179,,,2.179,0
513100.SH,20180210,20180208,2.085,2.085,,,2.085,0
513100.SH,20180213,20180209,2.133,2.133,,,2.133,0
513100.SH,20180214,20180212,2.163,2.163,,,2.163,0
513100.SH,20180215,20180213,2.181,2.181,,,2.181,0
513100.SH,20180223,20180214,2.229,2.229,,,2.229,0
513100.SH,20180224,20180222,2.262,2.262,,,2.262,0
513100.SH,20180227,20180223,2.307,2.307,,,2.307,0
513100.SH,20180228,20180226,2.334,2.334,,,2.334,0
513100.SH,20180301,20180227,2.295,2.295,,,2.295,0
513100.SH,20180302,20180228,2.285,2.285,,,2.285,0
513100.SH,20180303,20180301,2.251,2.251,,,2.251,0
513100.SH,20180306,20180302,2.271,2.271,,,2.271,0
513100.SH,20180307,20180305,2.299,2.299,,,2.299,0
513100.SH,20180308,20180306,2.308,2.308,,,2.308,0
513100.SH,20180309,20180307,2.31,2.31,,,2.31,0
513100.SH,20180310,20180308,2.321,2.321,,,2.321,0
513100.SH,20180313,20180309,2.375,2.375,,,2.375,0
513100.SH,20180314,20180312,2.38,2.38,,,2.38,0
513100.SH,20180315,20180313,2.347,2.347,,,2.347,0
513100.SH,20180316,20180314,2.344,2.344,,,2.344,0
513100.SH,20180317,20180315,2.339,2.339,,,2.339,0
513100.SH,20180320,20180316,2.342,2.342,,,2.342,0
513100.SH,20180321,20180319,2.288,2.288,,,2.288,0
513100.SH,20180322,20180320,2.292,2.292,,,2.292,0
513100.SH,20180323,20180321,2.286,2.286,,,2.286,0
513100.SH,20180324,20180322,2.22,2.22,,,2.22,0
513100.SH,20180327,20180323,2.166,2.166,,,2.166,0
513100.SH,20180328,20180326,2.244,2.244,,,2.244,0
513100.SH,20180329,20180327,2.157,2.157,,,2.157,0
513100.SH,20180330,20180328,2.135,2.135,,,2.135,0
513100.SH,20180331,20180329,2.183,2.183,,,2.183,0
513100.SH,20180420,20180331,2.178,2.178,,269221095.11,2.178,0
513100.SH,20180404,20180402,2.111,2.111,,,2.111,0
513100.SH,20180405,20180403,2.135,2.135,,,2.135,0
513100.SH,20180410,20180404,2.172,2.172,,,2.172,0
513100.SH,20180411,20180409,2.15,2.15,,,2.15,0
513100.SH,20180412,20180410,2.196,2.196,,,2.196,0
513100.SH,20180413,20180411,2.179,2.179,,,2.179,0
513100.SH,20180414,20180412,2.2,2.2,,,2.2,0
513100.SH,20180417,20180413,2.192,2.192,,,2.192,0
513100.SH,20180418,20180416,2.207,2.207,,,2.207,0
513100.SH,20180419,20180417,2.249,2.249,,,2.249,0
513100.SH,20180420,20180418,2.257,2.257,,,2.257,0
513100.SH,20180421,20180419,2.239,2.239,,,2.239,0
513100.SH,20180424,20180420,2.205,2.205,,,2.205,0
513100.SH,20180425,20180423,2.204,2.204,,,2.204,0
513100.SH,20180426,20180424,2.163,2.163,,,2.163,0
513100.SH,20180427,20180425,2.16,2.16,,,2.16,0
513100.SH,20180428,20180426,2.213,2.213,,,2.213,0
513100.SH,20180503,20180427,2.218,2.218,,,2.218,0
513100.SH,20180504,20180502,2.222,2.222,,,2.222,0
513100.SH,20180505,20180503,2.224,2.224,,,2.224,0
513100.SH,20180508,20180504,2.26,2.26,,,2.26,0
513100.SH,20180509,20180507,2.279,2.279,,,2.279,0
513100.SH,20180510,20180508,2.279,2.279,,,2.279,0
513100.SH,20180511,20180509,2.307,2.307,,,2.307,0
513100.SH,20180512,20180510,2.332,2.332,,,2.332,0
513100.SH,20180515,20180511,2.322,2.322,,,2.322,0
513100.SH,20180516,20180514,2.32,2.32,,,2.32,0
513100.SH,20180517,20180515,2.299,2.299,,,2.299,0
513100.SH,20180518,20180516,2.323,2.323,,,2.323,0
513100.SH,20180519,20180517,2.312,2.312,,,2.312,0
513100.SH,20180522,20180518,2.304,2.304,,,2.304,0
513100.SH,20180523,20180521,2.319,2.319,,,2.319,0
513100.SH,20180524,20180522,2.313,2.313,,,2.313,0
513100.SH,20180525,20180523,2.331,2.331,,,2.331,0
513100.SH,20180526,20180524,2.33,2.33,,,2.33,0
513100.SH,20180529,20180525,2.335,2.335,,,2.335,0
513100.SH,20180531,20180529,2.329,2.329,,,2.329,0
513100.SH,20180601,20180530,2.352,2.352,,,2.352,0
513100.SH,20180602,20180531,2.347,2.347,,,2.347,0
513100.SH,20180605,20180601,2.382,2.382,,,2.382,0
513100.SH,20180606,20180604,2.407,2.407,,,2.407,0
513100.SH,20180607,20180605,2.413,2.413,,,2.413,0
513100.SH,20180608,20180606,2.424,2.424,,,2.424,0
513100.SH,20180609,20180607,2.4,2.4,,,2.4,0
513100.SH,20180612,20180608,2.404,2.404,,,2.404,0
513100.SH,20180613,20180611,2.412,2.412,,,2.412,0
513100.SH,20180614,20180612,2.428,2.428,,,2.428,0
513100.SH,20180615,20180613,2.427,2.427,,,2.427,0
513100.SH,20180616,20180614,2.447,2.447,,,2.447,0
513100.SH,20180620,20180615,2.452,2.452,,,2.452,0
513100.SH,20180621,20180619,2.439,2.439,,,2.439,0
513100.SH,20180622,20180620,2.47,2.47,,,2.47,0
513100.SH,20180623,20180621,2.453,2.453,,,2.453,0
513100.SH,20180626,20180622,2.451,2.451,,,2.451,0
513100.SH,20180627,20180625,2.401,2.401,,,2.401,0
513100.SH,20180628,20180626,2.421,2.421,,,2.421,0
513100.SH,20180629,20180627,2.4,2.4,,,2.4,0
513100.SH,20180630,20180628,2.434,2.434,,,2.434,0
513100.SH,20180703,20180629,2.445,2.445,,331624090.95,2.445,1
513100.SH,20180703,20180630,2.445,2.445,,331615834.82,2.445,0
513100.SH,20180704,20180702,2.464,2.464,,,2.464,0
513100.SH,20180705,20180703,2.448,2.448,,,2.448,0
513100.SH,20180707,20180705,2.467,2.467,,,2.467,0
513100.SH,20180710,20180706,2.511,2.511,,,2.511,0
513100.SH,20180711,20180709,2.536,2.536,,,2.536,0
513100.SH,20180712,20180710,2.533,2.533,,,2.533,0
513100.SH,20180713,20180711,2.518,2.518,,,2.518,0
513100.SH,20180714,20180712,2.578,2.578,,,2.578,0
513100.SH,20180717,20180713,2.581,2.581,,,2.581,0
513100.SH,20180718,20180716,2.573,2.573,,,2.573,0
513100.SH,20180719,20180717,2.594,2.594,,,2.594,0
513100.SH,20180720,20180718,2.591,2.591,,,2.591,0
513100.SH,20180721,20180719,2.584,2.584,,,2.584,0
513100.SH,20180724,20180720,2.605,2.605,,,2.605,0
513100.SH,20180725,20180723,2.613,2.613,,,2.613,0
513100.SH,20180726,20180724,2.634,2.634,,,2.634,0
513100.SH,20180727,20180725,2.674,2.674,,,2.674,0
513100.SH,20180728,20180726,2.627,2.627,,,2.627,0
513100.SH,20180731,20180727,2.598,2.598,,,2.598,0
513100.SH,20180801,20180730,2.57,2.57,,,2.57,0
513100.SH,20180802,20180731,2.586,2.586,,,2.586,0
513100.SH,20180803,20180801,2.604,2.604,,,2.604,0
513100.SH,20180804,20180802,2.625,2.625,,,2.625,0
513100.SH,20180807,20180803,2.649,2.649,,,2.649,0
513100.SH,20180808,20180806,2.672,2.672,,,2.672,0
513100.SH,20180809,20180807,2.678,2.678,,,2.678,0
513100.SH,20180810,20180808,2.674,2.674,,,2.674,0
513100.SH,20180811,20180809,2.673,2.673,,,2.673,0
513100.SH,20180814,20180810,2.658,2.658,,,2.658,0
513100.SH,20180815,20180813,2.663,2.663,,,2.663,0
513100.SH,20180816,20180814,2.681,2.681,,,2.681,0
513100.SH,20180817,20180815,2.654,2.654,,,2.654,0
513100.SH,20180818,20180816,2.664,2.664,,,2.664,0
513100.SH,20180821,20180817,2.663,2.663,,,2.663,0
513100.SH,20180822,20180820,2.655,2.655,,,2.655,0
513100.SH,20180823,20180821,2.651,2.651,,,2.651,0
513100.SH,20180824,20180822,2.658,2.658,,,2.658,0
513100.SH,20180825,20180823,2.658,2.658,,,2.658,0
513100.SH,20180828,20180824,2.697,2.697,,,2.697,0
513100.SH,20180829,20180827,2.716,2.716,,,2.716,0
513100.SH,20180830,20180828,2.702,2.702,,,2.702,0
513100.SH,20180831,20180829,2.735,2.735,,,2.735,0
513100.SH,20180901,20180830,2.73,2.73,,,2.73,0
513100.SH,20180904,20180831,2.74,2.74,,,2.74,0
513100.SH,20180906,20180904,2.726,2.726,,,2.726,0
513100.SH,20180907,20180905,2.693,2.693,,,2.693,0
513100.SH,20180908,20180906,2.666,2.666,,,2.666,0
513100.SH,20180911,20180907,2.658,2.658,,,2.658,0
513100.SH,20180912,20180910,2.671,2.671,,,2.671,0
513100.SH,20180913,20180911,2.696,2.696,,,2.696,0
513100.SH,20180914,20180912,2.691,2.691,,,2.691,0
513100.SH,20180915,20180913,2.715,2.715,,,2.715,0
513100.SH,20180918,20180914,2.705,2.705,,,2.705,0
513100.SH,20180919,20180917,2.671,2.671,,,2.671,0
513100.SH,20180920,20180918,2.694,2.694,,,2.694,0
513100.SH,20180921,20180919,2.693,2.693,,,2.693,0
513100.SH,20180922,20180920,2.721,2.721,,,2.721,0
513100.SH,20180926,20180921,2.699,2.699,,,2.699,0
513100.SH,20180927,20180925,2.715,2.715,,,2.715,0
513100.SH,20180928,20180926,2.719,2.719,,,2.719,0
513100.SH,20180929,20180927,2.746,2.746,,,2.746,0
513100.SH,20181009,20180928,2.751,2.751,,,2.751,0
513100.SH,20181025,20180930,2.751,2.751,,909640168.2,2.751,1
513100.SH,20181010,20181008,2.66,2.66,,,2.66,0
513100.SH,20181011,20181009,2.668,2.668,,,2.668,0
513100.SH,20181012,20181010,2.55,2.55,,,2.55,0
513100.SH,20181013,20181011,2.524,2.524,,,2.524,0
513100.SH,20181016,20181012,2.592,2.592,,,2.592,0
513100.SH,20181017,20181015,2.561,2.561,,,2.561,0
513100.SH,20181018,20181016,2.637,2.637,,,2.637,0
513100.SH,20181019,20181017,2.636,2.636,,,2.636,0
513100.SH,20181020,20181018,2.583,2.583,,,2.583,0
513100.SH,20181023,20181019,2.583,2.583,,,2.583,0
513100.SH,20181024,20181022,2.59,2.59,,,2.59,0
513100.SH,20181025,20181023,2.584,2.584,,,2.584,0
513100.SH,20181026,20181024,2.467,2.467,,,2.467,0
513100.SH,20181027,20181025,2.547,2.547,,,2.547,0
513100.SH,20181030,20181026,2.493,2.493,,,2.493,1
513100.SH,20181031,20181029,2.436,2.436,,,2.436,0
513100.SH,20181101,20181030,2.478,2.478,,,2.478,0
513100.SH,20181102,20181031,2.538,2.538,,,2.538,0
513100.SH,20181103,20181101,2.578,2.578,,,2.578,0
513100.SH,20181106,20181102,2.53,2.53,,,2.53,0
513100.SH,20181107,20181105,2.504,2.504,,,2.504,0
513100.SH,20181108,20181106,2.527,2.527,,,2.527,0
513100.SH,20181109,20181107,2.603,2.603,,,2.603,0
513100.SH,20181110,20181108,2.591,2.591,,,2.591,0
513100.SH,20181113,20181109,2.554,2.554,,,2.554,0
513100.SH,20181114,20181112,2.484,2.484,,,2.484,0
513100.SH,20181115,20181113,2.49,2.49,,,2.49,0
513100.SH,20181116,20181114,2.46,2.46,,,2.46,0
513100.SH,20181117,20181115,2.504,2.504,,,2.504,0
513100.SH,20181120,20181116,2.493,2.493,,,2.493,0
513100.SH,20181121,20181119,2.406,2.406,,,2.406,0
513100.SH,20181122,20181120,2.368,2.368,,,2.368,0
513100.SH,20181123,20181121,2.391,2.391,,,2.391,0
513100.SH,20181127,20181123,2.368,2.368,,,2.368,0
513100.SH,20181128,20181126,2.428,2.428,,,2.428,0
513100.SH,20181129,20181127,2.436,2.436,,,2.436,0
513100.SH,20181130,20181128,2.515,2.515,,,2.515,0
513100.SH,20181201,20181129,2.502,2.502,,,2.502,0
513100.SH,20181204,20181130,2.522,2.522,,,2.522,0
513100.SH,20181205,20181203,2.568,2.568,,,2.568,0
513100.SH,20181206,20181204,2.453,2.453,,,2.453,0
513100.SH,20181208,20181206,2.456,2.456,,,2.456,0
513100.SH,20181211,20181207,2.378,2.378,,,2.378,0
513100.SH,20181212,20181210,2.404,2.404,,,2.404,0
513100.SH,20181213,20181211,2.422,2.422,,,2.422,0
513100.SH,20181214,20181212,2.446,2.446,,,2.446,0
513100.SH,20181215,20181213,2.437,2.437,,,2.437,0
513100.SH,20181218,20181214,2.375,2.375,,,2.375,0
513100.SH,20181219,20181217,2.329,2.329,,,2.329,0
513100.SH,20181220,20181218,2.342,2.342,,,2.342,0
513100.SH,20181221,20181219,2.29,2.29,,,2.29,0
513100.SH,20181222,20181220,2.258,2.258,,,2.258,0
513100.SH,20181225,20181221,2.184,2.184,,,2.184,0
513100.SH,20181226,20181224,2.137,2.137,,,2.137,0
513100.SH,20181228,20181226,2.261,2.261,,,2.261,0
513100.SH,20181229,20181227,2.272,2.272,,,2.272,0
513100.SH,20190103,20181228,2.261,2.261,,,2.261,0
513100.SH,20190103,20181231,2.277,2.277,,602633555.62,2.277,0
513100.SH,20190104,20190102,2.284,2.284,,,2.284,0
513100.SH,20190105,20190103,2.21,2.21,,,2.21,0
513100.SH,20190108,20190104,2.305,2.305,,,2.305,0
513100.SH,20190109,20190107,2.325,2.325,,,2.325,0
513100.SH,20190110,20190108,2.343,2.343,,,2.343,0
513100.SH,20190111,20190109,2.364,2.364,,,2.364,0
513100.SH,20190112,20190110,2.358,2.358,,,2.358,0
513100.SH,20190115,20190111,2.342,2.342,,,2.342,0
513100.SH,20190116,20190114,2.309,2.309,,,2.309,0
513100.SH,20190117,20190115,2.353,2.353,,,2.353,0
513100.SH,20190118,20190116,2.355,2.355,,,2.355,0
513100.SH,20190119,20190117,2.372,2.372,,,2.372,0
513100.SH,20190122,20190118,2.398,2.398,,,2.398,0
513100.SH,20190123,20190121,2.401,2.401,,,2.401,0
513100.SH,20190124,20190122,2.356,2.356,,,2.356,0
513100.SH,20190125,20190123,2.363,2.363,,,2.363,0
513100.SH,20190126,20190124,2.373,2.373,,,2.373,0
513100.SH,20190129,20190125,2.408,2.408,,,2.408,0
513100.SH,20190130,20190128,2.36,2.36,,,2.36,0
513100.SH,20190131,20190129,2.333,2.333,,,2.333,0
513100.SH,20190201,20190130,2.395,2.395,,,2.395,0
513100.SH,20190202,20190131,2.418,2.418,,,2.418,0
513100.SH,20190212,20190201,2.409,2.409,,,2.409,0
513100.SH,20190213,20190211,2.436,2.436,,,2.436,0
513100.SH,20190214,20190212,2.483,2.483,,,2.483,0
513100.SH,20190215,20190213,2.48,2.48,,,2.48,0
513100.SH,20190216,20190214,2.486,2.486,,,2.486,0
513100.SH,20190219,20190215,2.493,2.493,,,2.493,0
513100.SH,20190220,20190218,2.494,2.494,,,2.494,0
513100.SH,20190221,20190219,2.497,2.497,,,2.497,0
513100.SH,20190222,20190220,2.494,2.494,,,2.494,0
513100.SH,20190223,20190221,2.472,2.472,,,2.472,0
513100.SH,20190226,20190222,2.488,2.488,,,2.488,0
513100.SH,20190227,20190225,2.496,2.496,,,2.496,0
513100.SH,20190228,20190226,2.492,2.492,,,2.492,0
513100.SH,20190301,20190227,2.486,2.486,,,2.486,0
513100.SH,20190302,20190228,2.481,2.481,,,2.481,0
513100.SH,20190305,20190301,2.502,2.502,,,2.502,0
513100.SH,20190306,20190304,2.504,2.504,,,2.504,0
513100.SH,20190307,20190305,2.504,2.504,,,2.504,0
513100.SH,20190308,20190306,2.491,2.491,,,2.491,0
513100.SH,20190309,20190307,2.463,2.463,,,2.463,0
513100.SH,20190312,20190308,2.464,2.464,,,2.464,0
513100.SH,20190313,20190311,2.515,2.515,,,2.515,0
513100.SH,20190314,20190312,2.525,2.525,,,2.525,0
513100.SH,20190315,20190313,2.544,2.544,,,2.544,0
513100.SH,20190316,20190314,2.535,2.535,,,2.535,0
513100.SH,20190319,20190315,2.564,2.564,,,2.564,0
513100.SH,20190320,20190318,2.567,2.567,,,2.567,0
513100.SH,20190321,20190319,2.574,2.574,,,2.574,0
513100.SH,20190322,20190320,2.586,2.586,,,2.586,0
513100.SH,20190323,20190321,2.615,2.615,,,2.615,0
513100.SH,20190326,20190322,2.561,2.561,,,2.561,0
513100.SH,20190327,20190325,2.563,2.563,,,2.563,0
513100.SH,20190328,20190326,2.573,2.573,,,2.573,0
513100.SH,20190329,20190327,2.562,2.562,,,2.562,0
513100.SH,20190330,20190328,2.571,2.571,,,2.571,0
513100.SH,20190402,20190329,2.594,2.594,,,2.594,0
513100.SH,20190422,20190331,2.594,2.594,,525562486.04,2.594,0
513100.SH,20190403,20190401,2.623,2.623,,,2.623,0
513100.SH,20190404,20190402,2.629,2.629,,,2.629,0
513100.SH,20190405,20190403,2.647,2.647,,,2.647,0
513100.SH,20190409,20190404,2.64,2.64,,,2.64,0
513100.SH,20190410,20190408,2.666,2.666,,,2.666,0
513100.SH,20190411,20190409,2.653,2.653,,,2.653,0
513100.SH,20190412,20190410,2.666,2.666,,,2.666,0
513100.SH,20190413,20190411,2.659,2.659,,,2.659,0
513100.SH,20190416,20190412,2.678,2.678,,,2.678,0
513100.SH,20190417,20190415,2.673,2.673,,,2.673,0
513100.SH,20190418,20190416,2.682,2.682,,,2.682,0
513100.SH,20190419,20190417,2.691,2.691,,,2.691,0
513100.SH,20190420,20190418,2.687,2.687,,,2.687,0
513100.SH,20190423,20190419,2.692,2.692,,,2.692,0
513100.SH,20190424,20190422,2.699,2.699,,,2.699,0
513100.SH,20190425,20190423,2.735,2.735,,,2.735,0
513100.SH,20190426,20190424,2.732,2.732,,,2.732,0
513100.SH,20190427,20190425,2.745,2.745,,,2.745,0
513100.SH,20190430,20190426,2.749,2.749,,,2.749,0
513100.SH,20190501,20190429,2.752,2.752,,,2.752,0
513100.SH,20190507,20190430,2.733,2.733,,,2.733,0
513100.SH,20190508,20190506,2.74,2.74,,,2.74,0
513100.SH,20190509,20190507,2.698,2.698,,,2.698,0
513100.SH,20190510,20190508,2.69,2.69,,,2.69,0
513100.SH,20190511,20190509,2.68,2.68,,,2.68,0
513100.SH,20190514,20190510,2.692,2.692,,,2.692,0
513100.SH,20190515,20190513,2.597,2.597,,,2.597,0
513100.SH,20190516,20190514,2.639,2.639,,,2.639,0
513100.SH,20190517,20190515,2.686,2.686,,,2.686,0
513100.SH,20190518,20190516,2.714,2.714,,,2.714,0
513100.SH,20190521,20190517,2.692,2.692,,,2.692,0
513100.SH,20190522,20190520,2.651,2.651,,,2.651,0
513100.SH,20190523,20190521,2.677,2.677,,,2.677,0
513100.SH,20190524,20190522,2.666,2.666,,,2.666,0
513100.SH,20190525,20190523,2.626,2.626,,,2.626,0
513100.SH,20190528,20190524,2.624,2.624,,,2.624,0
513100.SH,20190529,20190527,2.621,2.621,,,2.621,0
513100.SH,20190530,20190528,2.615,2.615,,,2.615,0
513100.SH,20190531,20190529,2.593,2.593,,,2.593,0
513100.SH,20190601,20190530,2.604,2.604,,,2.604,0
513100.SH,20190604,20190531,2.562,2.562,,,2.562,0
513100.SH,20190605,20190603,2.504,2.504,,,2.504,0
513100.SH,20190606,20190604,2.567,2.567,,,2.567,0
513100.SH,20190607,20190605,2.589,2.589,,,2.589,0
513100.SH,20190611,20190606,2.611,2.611,,,2.611,0
513100.SH,20190612,20190610,2.691,2.691,,,2.691,0
513100.SH,20190613,20190611,2.695,2.695,,,2.695,0
513100.SH,20190614,20190612,2.68,2.68,,,2.68,0
513100.SH,20190615,20190613,2.695,2.695,,,2.695,0
513100.SH,20190618,20190614,2.683,2.683,,,2.683,0
513100.SH,20190619,20190617,2.7,2.7,,,2.7,0
513100.SH,20190620,20190618,2.739,2.739,,,2.739,0
513100.SH,20190621,20190619,2.749,2.749,,,2.749,0
513100.SH,20190622,20190620,2.771,2.771,,,2.771,0
513100.SH,20190625,20190621,2.754,2.754,,,2.754,0
513100.SH,20190626,20190624,2.753,2.753,,,2.753,0
513100.SH,20190627,20190625,2.709,2.709,,,2.709,0
513100.SH,20190628,20190626,2.726,2.726,,,2.726,0
513100.SH,20190629,20190627,2.74,2.74,,,2.74,0
513100.SH,20190702,20190628,2.743,2.743,,,2.743,0
513100.SH,20190702,20190630,2.743,2.743,,586024648.73,2.743,0
513100.SH,20190703,20190701,2.776,2.776,,,2.776,0
513100.SH,20190704,20190702,2.78,2.78,,,2.78,0
513100.SH,20190705,20190703,2.806,2.806,,,2.806,0
513100.SH,20190706,20190704,2.809,2.809,,,2.809,0
513100.SH,20190709,20190705,2.802,2.802,,,2.802,0
513100.SH,20190710,20190708,2.789,2.789,,,2.789,0
513100.SH,20190711,20190709,2.803,2.803,,,2.803,0
513100.SH,20190712,20190710,2.83,2.83,,,2.83,0
513100.SH,20190713,20190711,2.821,2.821,,,2.821,0
513100.SH,20190716,20190712,2.836,2.836,,,2.836,0
513100.SH,20190717,20190715,2.845,2.845,,,2.845,0
513100.SH,20190718,20190716,2.832,2.832,,,2.832,0
513100.SH,20190719,20190717,2.823,2.823,,,2.823,0
513100.SH,20190720,20190718,2.826,2.826,,,2.826,0
513100.SH,20190723,20190719,2.796,2.796,,,2.796,0
513100.SH,20190724,20190722,2.826,2.826,,,2.826,0
513100.SH,20190725,20190723,2.846,2.846,,,2.846,0
513100.SH,20190726,20190724,2.867,2.867,,,2.867,0
513100.SH,20190727,20190725,2.834,2.834,,,2.834,0
513100.SH,20190730,20190726,2.866,2.866,,,2.866,0
513100.SH,20190731,20190729,2.857,2.857,,,2.857,0
513100.SH,20190801,20190730,2.846,2.846,,,2.846,0
513100.SH,20190802,20190731,2.808,2.808,,,2.808,0
513100.SH,20190803,20190801,2.794,2.794,,,2.794,0
513100.SH,20190806,20190802,2.758,2.758,,,2.758,0
513100.SH,20190807,20190805,2.666,2.666,,,2.666,0
513100.SH,20190808,20190806,2.722,2.722,,,2.722,0
513100.SH,20190809,20190807,2.745,2.745,,,2.745,0
513100.SH,20190810,20190808,2.81,2.81,,,2.81,0
513100.SH,20190813,20190809,2.786,2.786,,,2.786,0
513100.SH,20190814,20190812,2.758,2.758,,,2.758,0
513100.SH,20190815,20190813,2.823,2.823,,,2.823,0
513100.SH,20190816,20190814,2.736,2.736,,,2.736,0
513100.SH,20190817,20190815,2.733,2.733,,,2.733,0
513100.SH,20190820,20190816,2.778,2.778,,,2.778,0
513100.SH,20190821,20190819,2.822,2.822,,,2.822,0
513100.SH,20190822,20190820,2.805,2.805,,,2.805,0
513100.SH,20190823,20190821,2.83,2.83,,,2.83,0
513100.SH,20190824,20190822,2.822,2.822,,,2.822,0
513100.SH,20190827,20190823,2.737,2.737,,,2.737,0
513100.SH,20190828,20190826,2.777,2.777,,,2.777,0
513100.SH,20190829,20190827,2.782,2.782,,,2.782,0
513100.SH,20190830,20190828,2.791,2.791,,,2.791,0
513100.SH,20190831,20190829,2.834,2.834,,,2.834,0
513100.SH,20190903,20190830,2.831,2.831,,,2.831,0
513100.SH,20190904,20190902,2.831,2.831,,,2.831,0
513100.SH,20190905,20190903,2.801,2.801,,,2.801,0
513100.SH,20190906,20190904,2.841,2.841,,,2.841,0
513100.SH,20190907,20190905,2.892,2.892,,,2.892,0
513100.SH,20190910,20190906,2.889,2.889,,,2.889,0
513100.SH,20190911,20190909,2.881,2.881,,,2.881,0
513100.SH,20190912,20190910,2.874,2.874,,,2.874,0
513100.SH,20190913,20190911,2.901,2.901,,,2.901,0
513100.SH,20190917,20190912,2.912,2.912,,,2.912,0
513100.SH,20190918,20190916,2.881,2.881,,,2.881,0
513100.SH,20190919,20190917,2.897,2.897,,,2.897,0
513100.SH,20190920,20190918,2.897,2.897,,,2.897,0
513100.SH,20190921,20190919,2.901,2.901,,,2.901,0
513100.SH,20190924,20190920,2.872,2.872,,,2.872,0
513100.SH,20190925,20190923,2.871,2.871,,,2.871,0
513100.SH,20190926,20190924,2.831,2.831,,,2.831,0
513100.SH,20190927,20190925,2.865,2.865,,,2.865,0
513100.SH,20190928,20190926,2.853,2.853,,,2.853,0
513100.SH,20191001,20190927,2.821,2.821,,,2.821,0
513100.SH,20191023,20190930,2.845,2.845,,647692048.14,2.845,1
513100.SH,20191010,20191008,2.792,2.792,,,2.792,0
513100.SH,20191011,20191009,2.824,2.824,,,2.824,0
513100.SH,20191012,20191010,2.842,2.842,,,2.842,0
513100.SH,20191015,20191011,2.88,2.88,,,2.88,0
513100.SH,20191016,20191014,2.879,2.879,,,2.879,0
513100.SH,20191017,20191015,2.915,2.915,,,2.915,0
513100.SH,20191018,20191016,2.909,2.909,,,2.909,0
513100.SH,20191019,20191017,2.918,2.918,,,2.918,0
513100.SH,20191022,20191018,2.887,2.887,,,2.887,0
513100.SH,20191023,20191021,2.912,2.912,,,2.912,0
513100.SH,20191024,20191022,2.887,2.887,,,2.887,0
513100.SH,20191025,20191023,2.897,2.897,,,2.897,0
513100.SH,20191026,20191024,2.923,2.923,,,2.923,0
513100.SH,20191029,20191025,2.948,2.948,,,2.948,0
513100.SH,20191030,20191028,2.978,2.978,,,2.978,0
513100.SH,20191031,20191029,2.949,2.949,,,2.949,0
513100.SH,20191101,20191030,2.961,2.961,,,2.961,0
513100.SH,20191102,20191031,2.96,2.96,,,2.96,0
513100.SH,20191105,20191101,2.984,2.984,,,2.984,0
513100.SH,20191106,20191104,2.999,2.999,,,2.999,0
513100.SH,20191107,20191105,2.999,2.999,,,2.999,0
513100.SH,20191108,20191106,2.982,2.982,,,2.982,0
513100.SH,20191109,20191107,2.988,2.988,,,2.988,0
513100.SH,20191112,20191108,2.999,2.999,,,2.999,0
513100.SH,20191113,20191111,2.993,2.993,,,2.993,0
513100.SH,20191114,20191112,3.004,3.004,,,3.004,0
513100.SH,20191115,20191113,3.004,3.004,,,3.004,0
513100.SH,20191116,20191114,3.006,3.006,,,3.006,0
513100.SH,20191119,20191115,3.027,3.027,,,3.027,0
513100.SH,20191120,20191118,3.029,3.029,,,3.029,0
513100.SH,20191121,20191119,3.032,3.032,,,3.032,0
513100.SH,20191122,20191120,3.017,3.017,,,3.017,0
513100.SH,20191123,20191121,3.015,3.015,,,3.015,0
513100.SH,20191126,20191122,3.021,3.021,,,3.021,0
513100.SH,20191127,20191125,3.061,3.061,,,3.061,0
513100.SH,20191128,20191126,3.064,3.064,,,3.064,0
513100.SH,20191129,20191127,3.086,3.086,,,3.086,0
513100.SH,20191130,20191128,3.083,3.083,,,3.083,0
513100.SH,20191203,20191129,3.069,3.069,,,3.069,0
513100.SH,20191204,20191202,3.032,3.032,,,3.032,0
513100.SH,20191205,20191203,3.01,3.01,,,3.01,0
513100.SH,20191206,20191204,3.032,3.032,,,3.032,0
513100.SH,20191207,20191205,3.043,3.043,,,3.043,0
513100.SH,20191210,20191206,3.069,3.069,,,3.069,0
513100.SH,20191211,20191209,3.057,3.057,,,3.057,0
513100.SH,20191212,20191210,3.054,3.054,,,3.054,0
513100.SH,20191213,20191211,3.071,3.071,,,3.071,0
513100.SH,20191214,20191212,3.089,3.089,,,3.089,0
513100.SH,20191217,20191213,3.093,3.093,,,3.093,0
513100.SH,20191218,20191216,3.112,3.112,,,3.112,0
513100.SH,20191219,20191217,3.116,3.116,,,3.116,0
513100.SH,20191220,20191218,3.118,3.118,,,3.118,0
513100.SH,20191221,20191219,3.142,3.142,,,3.142,0
513100.SH,20191224,20191220,3.156,3.156,,,3.156,0
513100.SH,20191225,20191223,3.167,3.167,,,3.167,0
513100.SH,20191226,20191224,3.168,3.168,,,3.168,0
513100.SH,20191227,20191225,3.166,3.166,,,3.166,0
513100.SH,20191228,20191226,3.184,3.184,,,3.184,0
513100.SH,20191231,20191227,3.185,3.185,,,3.185,0
513100.SH,20200101,20191230,3.16,3.16,,,3.16,0
513100.SH,20200117,20191231,3.166,3.166,,834618934.24,3.166,1
513100.SH,20200104,20200102,3.21,3.21,,,3.21,0
513100.SH,20200107,20200103,3.185,3.185,,,3.185,0
513100.SH,20200108,20200106,3.206,3.206,,,3.206,0
513100.SH,20200109,20200107,3.204,3.204,,,3.204,0
513100.SH,20200110,20200108,3.218,3.218,,,3.218,0
513100.SH,20200111,20200109,3.247,3.247,,,3.247,0
513100.SH,20200114,20200110,3.232,3.232,,,3.232,0
513100.SH,20200115,20200113,3.266,3.266,,,3.266,0
513100.SH,20200116,20200114,3.239,3.239,,,3.239,0
513100.SH,20200117,20200115,3.235,3.235,,,3.235,0
513100.SH,20200118,20200116,3.265,3.265,,,3.265,0
513100.SH,20200121,20200117,3.285,3.285,,,3.285,0
513100.SH,20200122,20200120,3.275,3.275,,,3.275,0
513100.SH,20200123,20200121,3.271,3.271,,,3.271,0
513100.SH,20200124,20200122,3.29,3.29,,,3.29,0
513100.SH,20200204,20200123,3.302,3.302,,,3.302,0
513100.SH,20200205,20200203,3.284,3.284,,,3.284,0
513100.SH,20200206,20200204,3.38,3.38,,,3.38,0
513100.SH,20200207,20200205,3.394,3.394,,,3.394,0
513100.SH,20200208,20200206,3.43,3.43,,,3.43,0
513100.SH,20200211,20200207,3.405,3.405,,,3.405,0
513100.SH,20200212,20200210,3.452,3.452,,,3.452,0
513100.SH,20200213,20200211,3.453,3.453,,,3.453,0
513100.SH,20200214,20200212,3.48,3.48,,,3.48,0
513100.SH,20200215,20200213,3.477,3.477,,,3.477,0
513100.SH,20200218,20200214,3.489,3.489,,,3.489,0
513100.SH,20200219,20200217,3.487,3.487,,,3.487,0
513100.SH,20200220,20200218,3.49,3.49,,,3.49,0
513100.SH,20200221,20200219,3.532,3.532,,,3.532,0
513100.SH,20200222,20200220,3.499,3.499,,,3.499,0
513100.SH,20200225,20200221,3.442,3.442,,,3.442,0
513100.SH,20200226,20200224,3.309,3.309,,,3.309,0
513100.SH,20200227,20200225,3.22,3.22,,,3.22,0
513100.SH,20200228,20200226,3.228,3.228,,,3.228,0
513100.SH,20200229,20200227,3.071,3.071,,,3.071,0
513100.SH,20200303,20200228,3.075,3.075,,,3.075,0
513100.SH,20200304,20200302,3.208,3.208,,,3.208,0
513100.SH,20200305,20200303,3.096,3.096,,,3.096,0
513100.SH,20200306,20200304,3.223,3.223,,,3.223,0
513100.SH,20200307,20200305,3.119,3.119,,,3.119,0
513100.SH,20200310,20200306,3.065,3.065,,,3.065,0
513100.SH,20200311,20200309,2.856,2.856,,,2.856,0
513100.SH,20200312,20200310,3.007,3.007,,,3.007,0
513100.SH,20200313,20200311,2.889,2.889,,,2.889,0
513100.SH,20200314,20200312,2.628,2.628,,,2.628,0
513100.SH,20200317,20200313,2.903,2.903,,,2.903,0
513100.SH,20200318,20200316,2.548,2.548,,,2.548,0
513100.SH,20200319,20200317,2.71,2.71,,,2.71,0
513100.SH,20200320,20200318,2.615,2.615,,,2.615,0
513100.SH,20200321,20200319,2.661,2.661,,,2.661,0
513100.SH,20200324,20200320,2.574,2.574,,,2.574,0
513100.SH,20200325,20200323,2.575,2.575,,,2.575,0
513100.SH,20200326,20200324,2.769,2.769,,,2.769,0
513100.SH,20200327,20200325,2.729,2.729,,,2.729,0
513100.SH,20200328,20200326,2.878,2.878,,,2.878,0
513100.SH,20200331,20200327,2.759,2.759,,,2.759,0
513100.SH,20200401,20200330,2.867,2.867,,,2.867,0
513100.SH,20200422,20200331,2.856,2.856,,818461769.09,2.856,1
513100.SH,20200403,20200401,2.733,2.733,,,2.733,0
513100.SH,20200404,20200402,2.796,2.796,,,2.796,0
513100.SH,20200408,20200403,2.761,2.761,,,2.761,0
513100.SH,20200409,20200407,2.945,2.945,,,2.945,0
513100.SH,20200410,20200408,2.992,2.992,,,2.992,0
513100.SH,20200411,20200409,2.997,2.997,,,2.997,0
513100.SH,20200414,20200410,2.99,2.99,,,2.99,0
513100.SH,20200415,20200413,3.022,3.022,,,3.022,0
513100.SH,20200416,20200414,3.158,3.158,,,3.158,0
513100.SH,20200417,20200415,3.121,3.121,,,3.121,0
513100.SH,20200418,20200416,3.195,3.195,,,3.195,0
513100.SH,20200421,20200417,3.221,3.221,,,3.221,0
513100.SH,20200422,20200420,3.18,3.18,,,3.18,0
513100.SH,20200423,20200421,3.066,3.066,,,3.066,0
513100.SH,20200424,20200422,3.167,3.167,,,3.167,0
513100.SH,20200425,20200423,3.158,3.158,,,3.158,0
513100.SH,20200428,20200424,3.207,3.207,,,3.207,0
513100.SH,20200429,20200427,3.22,3.22,,,3.22,0
513100.SH,20200430,20200428,3.162,3.162,,,3.162,0
513100.SH,20200501,20200429,3.273,3.273,,,3.273,0
513100.SH,20200507,20200430,3.275,3.275,,,3.275,0
513100.SH,20200508,20200506,3.274,3.274,,,3.274,0
513100.SH,20200509,20200507,3.328,3.328,,,3.328,0
513100.SH,20200512,20200508,3.365,3.365,,,3.365,0
513100.SH,20200513,20200511,3.393,3.393,,,3.393,0
513100.SH,20200514,20200512,3.331,3.331,,,3.331,0
513100.SH,20200515,20200513,3.288,3.288,,,3.288,0
513100.SH,20200516,20200514,3.326,3.326,,,3.326,0
513100.SH,20200519,20200515,3.347,3.347,,,3.347,0
513100.SH,20200520,20200518,3.416,3.416,,,3.416,0
513100.SH,20200521,20200519,3.399,3.399,,,3.399,0
513100.SH,20200522,20200520,3.47,3.47,,,3.47,0
513100.SH,20200523,20200521,3.427,3.427,,,3.427,0
513100.SH,20200526,20200522,3.444,3.444,,,3.444,0
513100.SH,20200527,20200525,3.456,3.456,,,3.456,0
513100.SH,20200528,20200526,3.451,3.451,,,3.451,0
513100.SH,20200529,20200527,3.46,3.46,,,3.46,0
513100.SH,20200530,20200528,3.459,3.459,,,3.459,0
513100.SH,20200602,20200529,3.511,3.511,,,3.511,0
513100.SH,20200603,20200601,3.527,3.527,,,3.527,0
513100.SH,20200604,20200602,3.541,3.541,,,3.541,0
513100.SH,20200605,20200603,3.553,3.553,,,3.553,0
513100.SH,20200606,20200604,3.524,3.524,,,3.524,0
513100.SH,20200609,20200605,3.592,3.592,,,3.592,0
513100.SH,20200610,20200608,3.616,3.616,,,3.616,0
513100.SH,20200611,20200609,3.633,3.633,,,3.633,0
513100.SH,20200612,20200610,3.678,3.678,,,3.678,0
513100.SH,20200613,20200611,3.49,3.49,,,3.49,0
513100.SH,20200616,20200612,3.529,3.529,,,3.529,0
513100.SH,20200617,20200615,3.571,3.571,,,3.571,0
513100.SH,20200618,20200616,3.627,3.627,,,3.627,0
513100.SH,20200619,20200617,3.645,3.645,,,3.645,0
513100.SH,20200620,20200618,3.656,3.656,,,3.656,0
513100.SH,20200623,20200619,3.656,3.656,,,3.656,0
513100.SH,20200624,20200622,3.697,3.697,,,3.697,0
513100.SH,20200625,20200623,3.717,3.717,,,3.717,0
513100.SH,20200630,20200624,3.636,3.636,,,3.636,0
513100.SH,20200701,20200629,3.632,3.632,,,3.632,0
513100.SH,20200721,20200630,3.703,3.703,,1061358005.84,3.703,1
513100.SH,20200703,20200701,3.743,3.743,,,3.743,0
513100.SH,20200704,20200702,3.758,3.758,,,3.758,0
513100.SH,20200707,20200703,3.762,3.762,,,3.762,0
513100.SH,20200708,20200706,3.858,3.858,,,3.858,0
513100.SH,20200709,20200707,3.811,3.811,,,3.811,0
513100.SH,20200710,20200708,3.857,3.857,,,3.857,0
513100.SH,20200711,20200709,3.883,3.883,,,3.883,0
513100.SH,20200714,20200710,3.904,3.904,,,3.904,0
513100.SH,20200715,20200713,3.821,3.821,,,3.821,0
513100.SH,20200716,20200714,3.854,3.854,,,3.854,0
513100.SH,20200717,20200715,3.857,3.857,,,3.857,0
513100.SH,20200718,20200716,3.826,3.826,,,3.826,0
513100.SH,20200721,20200717,3.84,3.84,,,3.84,0
513100.SH,20200722,20200720,3.945,3.945,,,3.945,0
513100.SH,20200723,20200721,3.899,3.899,,,3.899,0
513100.SH,20200724,20200722,3.904,3.904,,,3.904,0
513100.SH,20200725,20200723,3.81,3.81,,,3.81,0
513100.SH,20200728,20200724,3.776,3.776,,,3.776,0
513100.SH,20200729,20200727,3.849,3.849,,,3.849,0
513100.SH,20200730,20200728,3.791,3.791,,,3.791,0
513100.SH,20200731,20200729,3.841,3.841,,,3.841,0
513100.SH,20200801,20200730,3.857,3.857,,,3.857,0
513100.SH,20200804,20200731,3.923,3.923,,,3.923,0
513100.SH,20200805,20200803,3.984,3.984,,,3.984,0
513100.SH,20200806,20200804,3.989,3.989,,,3.989,0
513100.SH,20200807,20200805,3.996,3.996,,,3.996,0
513100.SH,20200808,20200806,4.03,4.03,,,4.03,0
513100.SH,20200811,20200807,3.983,3.983,,,3.983,0
513100.SH,20200812,20200810,3.977,3.977,,,3.977,0
513100.SH,20200813,20200811,3.906,3.906,,,3.906,0
513100.SH,20200814,20200812,4.0,4.0,,,4.0,0
513100.SH,20200815,20200813,3.998,3.998,,,3.998,0
513100.SH,20200818,20200814,3.992,3.992,,,3.992,0
513100.SH,20200819,20200817,4.034,4.034,,,4.034,0
513100.SH,20200820,20200818,4.072,4.072,,,4.072,0
513100.SH,20200821,20200819,4.035,4.035,,,4.035,0
513100.SH,20200822,20200820,4.097,4.097,,,4.097,0
513100.SH,20200825,20200821,4.115,4.115,,,4.115,0
513100.SH,20200826,20200824,4.146,4.146,,,4.146,0
513100.SH,20200827,20200825,4.179,4.179,,,4.179,0
513100.SH,20200828,20200826,4.262,4.262,,,4.262,0
513100.SH,20200829,20200827,4.235,4.235,,,4.235,0
513100.SH,20200901,20200828,4.259,4.259,,,4.259,0
513100.SH,20200902,20200831,4.281,4.281,,,4.281,0
513100.SH,20200903,20200901,4.339,4.339,,,4.339,0
513100.SH,20200904,20200902,4.377,4.377,,,4.377,0
513100.SH,20200905,20200903,4.145,4.145,,,4.145,0
513100.SH,20200908,20200904,4.095,4.095,,,4.095,0
513100.SH,20200909,20200907,4.097,4.097,,,4.097,0
513100.SH,20200910,20200908,3.902,3.902,,,3.902,0
513100.SH,20200911,20200909,4.018,4.018,,,4.018,0
513100.SH,20200912,20200910,3.93,3.93,,,3.93,0
513100.SH,20200915,20200911,3.909,3.909,,,3.909,0
513100.SH,20200916,20200914,3.974,3.974,,,3.974,0
513100.SH,20200917,20200915,4.022,4.022,,,4.022,0
513100.SH,20200918,20200916,3.932,3.932,,,3.932,0
513100.SH,20200919,20200917,3.865,3.865,,,3.865,0
513100.SH,20200922,20200918,3.81,3.81,,,3.81,0
513100.SH,20200923,20200921,3.825,3.825,,,3.825,0
513100.SH,20200924,20200922,3.912,3.912,,,3.912,0
513100.SH,20200925,20200923,3.795,3.795,,,3.795,0
513100.SH,20200926,20200924,3.82,3.82,,,3.82,0
513100.SH,20200929,20200925,3.914,3.914,,,3.914,0
513100.SH,20200930,20200928,3.996,3.996,,,3.996,0
513100.SH,20201001,20200929,3.977,3.977,,,3.977,0
513100.SH,20201028,20200930,4.006,4.006,,1124056102.76,4.006,1
513100.SH,20201013,20201009,4.094,4.094,,,4.094,0
513100.SH,20201014,20201012,4.18,4.18,,,4.18,0
513100.SH,20201015,20201013,4.188,4.188,,,4.188,0
513100.SH,20201016,20201014,4.165,4.165,,,4.165,0
513100.SH,20201017,20201015,4.129,4.129,,,4.129,0
513100.SH,20201020,20201016,4.109,4.109,,,4.109,0
513100.SH,20201021,20201019,4.015,4.015,,,4.015,0
513100.SH,20201022,20201020,4.025,4.025,,,4.025,0
513100.SH,20201023,20201021,4.012,4.012,,,4.012,0
513100.SH,20201024,20201022,3.997,3.997,,,3.997,0
513100.SH,20201027,20201023,4.016,4.016,,,4.016,0
513100.SH,20201028,20201026,3.953,3.953,,,3.953,0
513100.SH,20201029,20201027,4.001,4.001,,,4.001,0
513100.SH,20201030,20201028,3.854,3.854,,,3.854,0
513100.SH,20201031,20201029,3.93,3.93,,,3.93,0
513100.SH,20201103,20201030,3.826,3.826,,,3.826,0
513100.SH,20201104,20201102,3.825,3.825,,,3.825,0
513100.SH,20201105,20201103,3.887,3.887,,,3.887,0
513100.SH,20201106,20201104,4.047,4.047,,,4.047,0
513100.SH,20201107,20201105,4.159,4.159,,,4.159,0
513100.SH,20201110,20201106,4.127,4.127,,,4.127,0
513100.SH,20201111,20201109,4.028,4.028,,,4.028,0
513100.SH,20201112,20201110,3.944,3.944,,,3.944,0
513100.SH,20201113,20201111,4.045,4.045,,,4.045,0
513100.SH,20201114,20201112,4.032,4.032,,,4.032,0
513100.SH,20201117,20201113,4.073,4.073,,,4.073,0
513100.SH,20201118,20201116,4.085,4.085,,,4.085,0
513100.SH,20201119,20201117,4.056,4.056,,,4.056,0
513100.SH,20201120,20201118,4.019,4.019,,,4.019,0
513100.SH,20201121,20201119,4.043,4.043,,,4.043,0
513100.SH,20201124,20201120,4.034,4.034,,,4.034,0
513100.SH,20201125,20201123,4.029,4.029,,,4.029,0
513100.SH,20201126,20201124,4.092,4.092,,,4.092,0
513100.SH,20201127,20201125,4.114,4.114,,,4.114,0
513100.SH,20201128,20201126,4.115,4.115,,,4.115,0
513100.SH,20201201,20201127,4.15,4.15,,,4.15,0
513100.SH,20201202,20201130,4.155,4.155,,,4.155,0
513100.SH,20201203,20201201,4.226,4.226,,,4.226,0
513100.SH,20201204,20201202,4.207,4.207,,,4.207,0
513100.SH,20201205,20201203,4.21,4.21,,,4.21,0
513100.SH,20201208,20201204,4.225,4.225,,,4.225,0
513100.SH,20201209,20201207,4.239,4.239,,,4.239,0
513100.SH,20201210,20201208,4.249,4.249,,,4.249,0
513100.SH,20201211,20201209,4.157,4.157,,,4.157,0
513100.SH,20201212,20201210,4.18,4.18,,,4.18,0
513100.SH,20201215,20201211,4.167,4.167,,,4.167,0
513100.SH,20201216,20201214,4.193,4.193,,,4.193,0
513100.SH,20201217,20201215,4.243,4.243,,,4.243,0
513100.SH,20201218,20201216,4.262,4.262,,,4.262,0
513100.SH,20201219,20201217,4.29,4.29,,,4.29,0
513100.SH,20201222,20201218,4.282,4.282,,,4.282,0
513100.SH,20201223,20201221,4.279,4.279,,,4.279,0
513100.SH,20201224,20201222,4.281,4.281,,,4.281,0
513100.SH,20201225,20201223,4.269,4.269,,,4.269,0
513100.SH,20201226,20201224,4.276,4.276,,,4.276,0
513100.SH,20201229,20201225,4.274,4.274,,,4.274,0
513100.SH,20201230,20201228,4.312,4.312,,,4.312,0
513100.SH,20201231,20201229,4.327,4.327,,,4.327,0
513100.SH,20210101,20201230,4.319,4.319,,,4.319,0
513100.SH,20210122,20201231,4.329,4.329,,1599979081.99,4.329,1
513100.SH,20210106,20210104,4.273,4.273,,,4.273,0
513100.SH,20210107,20210105,4.268,4.268,,,4.268,0
513100.SH,20210108,20210106,4.198,4.198,,,4.198,0
513100.SH,20210109,20210107,4.303,4.303,,,4.303,0
513100.SH,20210112,20210108,4.364,4.364,,,4.364,0
513100.SH,20210113,20210111,4.3,4.3,,,4.3,0
513100.SH,20210114,20210112,4.299,4.299,,,4.299,0
513100.SH,20210115,20210113,4.313,4.313,,,4.313,0
513100.SH,20210116,20210114,4.297,4.297,,,4.297,0
513100.SH,20210119,20210115,4.258,4.258,,,4.258,0
513100.SH,20210120,20210118,4.271,4.271,,,4.271,0
513100.SH,20210121,20210119,4.337,4.337,,,4.337,0
513100.SH,20210122,20210120,4.435,4.435,,,4.435,0
513100.SH,20210123,20210121,4.462,4.462,,,4.462,0
513100.SH,20210126,20210122,4.443,4.443,,,4.443,0
513100.SH,20210127,20210125,4.496,4.496,,,4.496,0
513100.SH,20210128,20210126,4.5,4.5,,,4.5,0
513100.SH,20210129,20210127,4.362,4.362,,,4.362,0
513100.SH,20210130,20210128,4.403,4.403,,,4.403,0
513100.SH,20210202,20210129,4.303,4.303,,,4.303,0
513100.SH,20210203,20210201,4.404,4.404,,,4.404,0
513100.SH,20210204,20210202,4.48,4.48,,,4.48,0
513100.SH,20210205,20210203,4.458,4.458,,,4.458,0
513100.SH,20210206,20210204,4.507,4.507,,,4.507,0
513100.SH,20210209,20210205,4.529,4.529,,,4.529,0
513100.SH,20210210,20210208,4.557,4.557,,,4.557,0
513100.SH,20210211,20210209,4.545,4.545,,,4.545,0
513100.SH,20210219,20210210,4.524,4.524,,,4.524,0
513100.SH,20210220,20210218,4.529,4.529,,,4.529,0
513100.SH,20210223,20210219,4.516,4.516,,,4.516,0
513100.SH,20210224,20210222,4.393,4.393,,,4.393,0
513100.SH,20210225,20210223,4.379,4.379,,,4.379,0
513100.SH,20210226,20210224,4.422,4.422,,,4.422,0
513100.SH,20210227,20210225,4.258,4.258,,,4.258,0
513100.SH,20210302,20210226,4.297,4.297,,,4.297,0
513100.SH,20210303,20210301,4.423,4.423,,,4.423,0
513100.SH,20210304,20210302,4.34,4.34,,,4.34,0
513100.SH,20210305,20210303,4.212,4.212,,,4.212,0
513100.SH,20210306,20210304,4.152,4.152,,,4.152,0
513100.SH,20210309,20210305,4.229,4.229,,,4.229,0
513100.SH,20210310,20210308,4.099,4.099,,,4.099,0
513100.SH,20210311,20210309,4.296,4.296,,,4.296,0
513100.SH,20210312,20210310,4.267,4.267,,,4.267,0
513100.SH,20210313,20210311,4.358,4.358,,,4.358,0
513100.SH,20210316,20210312,4.312,4.312,,,4.312,0
513100.SH,20210317,20210315,4.37,4.37,,,4.37,0
513100.SH,20210318,20210316,4.395,4.395,,,4.395,0
513100.SH,20210319,20210317,4.409,4.409,,,4.409,0
513100.SH,20210320,20210318,4.262,4.262,,,4.262,0
513100.SH,20210323,20210319,4.303,4.303,,,4.303,0
513100.SH,20210324,20210322,4.382,4.382,,,4.382,0
513100.SH,20210325,20210323,4.35,4.35,,,4.35,0
513100.SH,20210326,20210324,4.289,4.289,,,4.289,0
513100.SH,20210327,20210325,4.286,4.286,,,4.286,0
513100.SH,20210330,20210326,4.358,4.358,,,4.358,0
513100.SH,20210331,20210329,4.356,4.356,,,4.356,0
513100.SH,20210401,20210330,4.347,4.347,,,4.347,0
513100.SH,20210422,20210331,4.417,4.417,,1668042899.71,4.417,1
513100.SH,20210403,20210401,4.488,4.488,,,4.488,0
513100.SH,20210407,20210402,4.492,4.492,,,4.492,0
513100.SH,20210408,20210406,4.569,4.569,,,4.569,0
513100.SH,20210409,20210407,4.573,4.573,,,4.573,0
513100.SH,20210410,20210408,4.625,4.625,,,4.625,0
513100.SH,20210413,20210409,4.651,4.651,,,4.651,0
513100.SH,20210414,20210412,4.654,4.654,,,4.654,0
513100.SH,20210415,20210413,4.7,4.7,,,4.7,0
513100.SH,20210416,20210414,4.633,4.633,,,4.633,0
513100.SH,20210417,20210415,4.703,4.703,,,4.703,0
513100.SH,20210420,20210416,4.708,4.708,,,4.708,0
513100.SH,20210421,20210419,4.658,4.658,,,4.658,0
513100.SH,20210422,20210420,4.616,4.616,,,4.616,0
513100.SH,20210423,20210421,4.654,4.654,,,4.654,0
513100.SH,20210424,20210422,4.586,4.586,,,4.586,0
513100.SH,20210427,20210423,4.647,4.647,,,4.647,0
513100.SH,20210428,20210426,4.674,4.674,,,4.674,0
513100.SH,20210429,20210427,4.653,4.653,,,4.653,0
513100.SH,20210430,20210428,4.628,4.628,,,4.628,0
513100.SH,20210501,20210429,4.641,4.641,,,4.641,0
513100.SH,20210507,20210430,4.602,4.602,,,4.602,0
513100.SH,20210508,20210506,4.535,4.535,,,4.535,0
513100.SH,20210511,20210507,4.556,4.556,,,4.556,0
513100.SH,20210512,20210510,4.419,4.419,,,4.419,0
513100.SH,20210513,20210511,4.405,4.405,,,4.405,0
513100.SH,20210514,20210512,4.291,4.291,,,4.291,0
513100.SH,20210515,20210513,4.349,4.349,,,4.349,0
513100.SH,20210518,20210514,4.436,4.436,,,4.436,0
513100.SH,20210519,20210517,4.395,4.395,,,4.395,0
513100.SH,20210520,20210518,4.367,4.367,,,4.367,0
513100.SH,20210521,20210519,4.368,4.368,,,4.368,0
513100.SH,20210522,20210520,4.466,4.466,,,4.466,0
513100.SH,20210525,20210521,4.428,4.428,,,4.428,0
513100.SH,20210526,20210524,4.511,4.511,,,4.511,0
513100.SH,20210527,20210525,4.508,4.508,,,4.508,0
513100.SH,20210528,20210526,4.51,4.51,,,4.51,0
513100.SH,20210529,20210527,4.49,4.49,,,4.49,0
513100.SH,20210601,20210528,4.488,4.488,,,4.488,0
513100.SH,20210602,20210531,4.476,4.476,,,4.476,0
513100.SH,20210603,20210601,4.458,4.458,,,4.458,0
513100.SH,20210604,20210602,4.478,4.478,,,4.478,0
513100.SH,20210605,20210603,4.433,4.433,,,4.433,0
513100.SH,20210608,20210604,4.53,4.53,,,4.53,0
513100.SH,20210609,20210607,4.533,4.533,,,4.533,0
513100.SH,20210610,20210608,4.532,4.532,,,4.532,0
513100.SH,20210611,20210609,4.536,4.536,,,4.536,0
513100.SH,20210612,20210610,4.585,4.585,,,4.585,0
513100.SH,20210616,20210611,4.589,4.589,,,4.589,0
513100.SH,20210617,20210615,4.615,4.615,,,4.615,0
513100.SH,20210618,20210616,4.6,4.6,,,4.6,0
513100.SH,20210619,20210617,4.674,4.674,,,4.674,0
513100.SH,20210622,20210618,4.641,4.641,,,4.641,0
513100.SH,20210623,20210621,4.683,4.683,,,4.683,0
513100.SH,20210624,20210622,4.732,4.732,,,4.732,0
513100.SH,20210625,20210623,4.734,4.734,,,4.734,0
513100.SH,20210626,20210624,4.779,4.779,,,4.779,0
513100.SH,20210629,20210625,4.766,4.766,,,4.766,0
513100.SH,20210630,20210628,4.813,4.813,,,4.813,0
513100.SH,20210701,20210629,4.828,4.828,,,4.828,0
513100.SH,20210721,20210630,4.825,4.825,,1792944770.63,4.825,1
513100.SH,20210703,20210701,4.834,4.834,,,4.834,0
513100.SH,20210706,20210702,4.891,4.891,,,4.891,0
513100.SH,20210707,20210705,4.889,4.889,,,4.889,0
513100.SH,20210708,20210706,4.903,4.903,,,4.903,0
513100.SH,20210709,20210707,4.922,4.922,,,4.922,0
513100.SH,20210710,20210708,4.888,4.888,,,4.888,0
513100.SH,20210713,20210709,4.926,4.926,,,4.926,0
513100.SH,20210714,20210712,4.945,4.945,,,4.945,0
513100.SH,20210715,20210713,4.942,4.942,,,4.942,0
513100.SH,20210716,20210714,4.954,4.954,,,4.954,0
513100.SH,20210717,20210715,4.907,4.907,,,4.907,0
513100.SH,20210720,20210716,4.874,4.874,,,4.874,0
513100.SH,20210721,20210719,4.83,4.83,,,4.83,0
513100.SH,20210722,20210720,4.9,4.9,,,4.9,0
513100.SH,20210723,20210721,4.936,4.936,,,4.936,0
513100.SH,20210724,20210722,4.955,4.955,,,4.955,0
513100.SH,20210727,20210723,5.013,5.013,,,5.013,0
513100.SH,20210728,20210726,5.026,5.026,,,5.026,0
513100.SH,20210729,20210727,4.968,4.968,,,4.968,0
513100.SH,20210730,20210728,5.002,5.002,,,5.002,0
513100.SH,20210731,20210729,5.013,5.013,,,5.013,0
513100.SH,20210803,20210730,4.959,4.959,,,4.959,0
513100.SH,20210804,20210802,4.963,4.963,,,4.963,0
513100.SH,20210805,20210803,4.992,4.992,,,4.992,0
513100.SH,20210806,20210804,5.003,5.003,,,5.003,0
513100.SH,20210807,20210805,5.039,5.039,,,5.039,0
513100.SH,20210810,20210806,5.01,5.01,,,5.01,0
513100.SH,20210811,20210809,5.035,5.035,,,5.035,0
513100.SH,20210812,20210810,5.008,5.008,,,5.008,0
513100.SH,20210813,20210811,4.999,4.999,,,4.999,0
513100.SH,20210814,20210812,5.013,5.013,,,5.013,0
513100.SH,20210817,20210813,5.033,5.033,,,5.033,0
513100.SH,20210818,20210816,5.028,5.028,,,5.028,0
513100.SH,20210819,20210817,4.986,4.986,,,4.986,0
513100.SH,20210820,20210818,4.95,4.95,,,4.95,0
513100.SH,20210821,20210819,4.97,4.97,,,4.97,0
513100.SH,20210824,20210820,5.033,5.033,,,5.033,0
513100.SH,20210825,20210823,5.105,5.105,,,5.105,0
513100.SH,20210826,20210824,5.107,5.107,,,5.107,0
513100.SH,20210827,20210825,5.104,5.104,,,5.104,0
513100.SH,20210828,20210826,5.074,5.074,,,5.074,0
513100.SH,20210831,20210827,5.135,5.135,,,5.135,0
513100.SH,20210901,20210830,5.178,5.178,,,5.178,0
513100.SH,20210902,20210831,5.171,5.171,,,5.171,0
513100.SH,20210903,20210901,5.18,5.18,,,5.18,0
513100.SH,20210904,20210902,5.171,5.171,,,5.171,0
513100.SH,20210907,20210903,5.186,5.186,,,5.186,0
513100.SH,20210908,20210906,5.181,5.181,,,5.181,0
513100.SH,20210909,20210907,5.189,5.189,,,5.189,0
513100.SH,20210910,20210908,5.182,5.182,,,5.182,0
513100.SH,20210911,20210909,5.157,5.157,,,5.157,0
513100.SH,20210914,20210910,5.113,5.113,,,5.113,0
513100.SH,20210915,20210913,5.106,5.106,,,5.106,0
513100.SH,20210916,20210914,5.089,5.089,,,5.089,0
513100.SH,20210917,20210915,5.128,5.128,,,5.128,0
513100.SH,20210918,20210916,5.119,5.119,,,5.119,0
513100.SH,20210923,20210917,5.074,5.074,,,5.074,0
513100.SH,20210924,20210922,5.035,5.035,,,5.035,0
513100.SH,20210925,20210923,5.085,5.085,,,5.085,0
513100.SH,20210928,20210924,5.078,5.078,,,5.078,0
513100.SH,20210929,20210927,5.043,5.043,,,5.043,0
513100.SH,20210930,20210928,4.893,4.893,,,4.893,0
513100.SH,20211001,20210929,4.891,4.891,,,4.891,0
513100.SH,20211027,20210930,4.884,4.884,,2313307959.01,4.884,1
513100.SH,20211012,20211008,4.908,4.908,,,4.908,0
513100.SH,20211013,20211011,4.863,4.863,,,4.863,0
513100.SH,20211014,20211012,4.843,4.843,,,4.843,0
513100.SH,20211015,20211013,4.893,4.893,,,4.893,0
513100.SH,20211016,20211014,4.969,4.969,,,4.969,0
513100.SH,20211019,20211015,4.999,4.999,,,4.999,0
513100.SH,20211020,20211018,5.043,5.043,,,5.043,0
513100.SH,20211021,20211019,5.079,5.079,,,5.079,0
513100.SH,20211022,20211020,5.054,5.054,,,5.054,0
513100.SH,20211023,20211021,5.072,5.072,,,5.072,0
513100.SH,20211026,20211022,5.038,5.038,,,5.038,0
513100.SH,20211027,20211025,5.083,5.083,,,5.083,0
513100.SH,20211028,20211026,5.096,5.096,,,5.096,0
513100.SH,20211029,20211027,5.106,5.106,,,5.106,0
513100.SH,20211030,20211028,5.173,5.173,,,5.173,0
513100.SH,20211102,20211029,5.193,5.193,,,5.193,0
513100.SH,20211103,20211101,5.234,5.234,,,5.234,0
513100.SH,20211104,20211102,5.241,5.241,,,5.241,0
513100.SH,20211105,20211103,5.303,5.303,,,5.303,0
513100.SH,20211106,20211104,5.358,5.358,,,5.358,0
513100.SH,20211109,20211105,5.367,5.367,,,5.367,0
513100.SH,20211110,20211108,5.357,5.357,,,5.357,0
513100.SH,20211111,20211109,5.314,5.314,,,5.314,0
513100.SH,20211112,20211110,5.241,5.241,,,5.241,0
513100.SH,20211113,20211111,5.272,5.272,,,5.272,0
513100.SH,20211116,20211112,5.321,5.321,,,5.321,0
513100.SH,20211117,20211115,5.303,5.303,,,5.303,0
513100.SH,20211118,20211116,5.345,5.345,,,5.345,0
513100.SH,20211119,20211117,5.346,5.346,,,5.346,0
513100.SH,20211120,20211118,5.392,5.392,,,5.392,0
513100.SH,20211123,20211119,5.424,5.424,,,5.424,0
513100.SH,20211124,20211122,5.371,5.371,,,5.371,0
513100.SH,20211125,20211123,5.345,5.345,,,5.345,0
513100.SH,20211126,20211124,5.362,5.362,,,5.362,0
513100.SH,20211127,20211125,5.369,5.369,,,5.369,0
513100.SH,20211130,20211126,5.253,5.253,,,5.253,0
513100.SH,20211201,20211129,5.369,5.369,,,5.369,0
513100.SH,20211202,20211130,5.277,5.277,,,5.277,0
513100.SH,20211203,20211201,5.183,5.183,,,5.183,0
513100.SH,20211204,20211202,5.222,5.222,,,5.222,0
513100.SH,20211207,20211203,5.133,5.133,,,5.133,0
513100.SH,20211208,20211206,5.173,5.173,,,5.173,0
513100.SH,20211209,20211207,5.333,5.333,,,5.333,0
513100.SH,20211210,20211208,5.35,5.35,,,5.35,0
513100.SH,20211211,20211209,5.256,5.256,,,5.256,0
513100.SH,20211214,20211210,5.331,5.331,,,5.331,0
513100.SH,20211215,20211213,5.247,5.247,,,5.247,0
513100.SH,20211216,20211214,5.193,5.193,,,5.193,0
513100.SH,20211217,20211215,5.318,5.318,,,5.318,0
513100.SH,20211218,20211216,5.172,5.172,,,5.172,0
513100.SH,20211221,20211217,5.152,5.152,,,5.152,0
513100.SH,20211222,20211220,5.119,5.119,,,5.119,0
513100.SH,20211223,20211221,5.221,5.221,,,5.221,0
513100.SH,20211224,20211222,5.283,5.283,,,5.283,0
513100.SH,20211225,20211223,5.32,5.32,,,5.32,0
513100.SH,20211228,20211224,5.324,5.324,,,5.324,0
513100.SH,20211229,20211227,5.408,5.408,,,5.408,0
513100.SH,20211230,20211228,5.386,5.386,,,5.386,0
513100.SH,20211231,20211229,5.387,5.387,,,5.387,0
513100.SH,20220101,20211230,5.362,5.362,,,5.362,0
513100.SH,20220124,20211231,5.333,5.333,,3496419877.23,5.333,1
513100.SH,20220106,20220104,5.323,5.323,,,5.323,0
513100.SH,20220107,20220105,5.156,5.156,,,5.156,0
513100.SH,20220108,20220106,5.15,5.15,,,5.15,0
513100.SH,20220111,20220107,5.094,5.094,,,5.094,0
513100.SH,20220112,20220110,5.094,5.094,,,5.094,0
513100.SH,20220113,20220111,5.172,5.172,,,5.172,0
513100.SH,20220114,20220112,5.189,5.189,,,5.189,0
513100.SH,20220115,20220113,1.009,5.045,,,5.045,1
513100.SH,20220118,20220114,1.019,5.095,,,5.095,1
513100.SH,20220119,20220117,1.017,5.085,,,5.085,0
513100.SH,20220120,20220118,0.99,4.95,,,4.95,0
513100.SH,20220121,20220119,0.981,4.905,,,4.905,0
513100.SH,20220122,20220120,0.966,4.83,,,4.83,0
513100.SH,20220125,20220121,0.939,4.695,,,4.695,0
513100.SH,20220126,20220124,0.943,4.715,,,4.715,0
513100.SH,20220127,20220125,0.919,4.595,,,4.595,0
513100.SH,20220128,20220126,0.918,4.59,,,4.59,0
513100.SH,20220129,20220127,0.909,4.545,,,4.545,0
513100.SH,20220208,20220128,0.944,4.72,,,4.72,0
513100.SH,20220209,20220207,0.949,4.745,,,4.745,0
513100.SH,20220210,20220208,0.96,4.8,,,4.8,0
513100.SH,20220211,20220209,0.982,4.91,,,4.91,0
513100.SH,20220212,20220210,0.958,4.79,,,4.79,0
513100.SH,20220215,20220211,0.93,4.65,,,4.65,0
513100.SH,20220216,20220214,0.93,4.65,,,4.65,0
513100.SH,20220217,20220215,0.952,4.76,,,4.76,0
513100.SH,20220218,20220216,0.949,4.745,,,4.745,0
513100.SH,20220219,20220217,0.919,4.595,,,4.595,0
513100.SH,20220222,20220218,0.909,4.545,,,4.545,0
513100.SH,20220223,20220221,0.91,4.55,,,4.55,0
513100.SH,20220224,20220222,0.902,4.51,,,4.51,0
513100.SH,20220225,20220223,0.877,4.385,,,4.385,0
513100.SH,20220226,20220224,0.906,4.53,,,4.53,0
513100.SH,20220301,20220225,0.92,4.6,,,4.6,0
513100.SH,20220302,20220228,0.922,4.61,,,4.61,0
513100.SH,20220303,20220301,0.904,4.52,,,4.52,0
513100.SH,20220304,20220302,0.924,4.62,,,4.62,0
513100.SH,20220305,20220303,0.906,4.53,,,4.53,0
513100.SH,20220308,20220304,0.897,4.485,,,4.485,0
513100.SH,20220309,20220307,0.866,4.33,,,4.33,0
513100.SH,20220310,20220308,0.858,4.29,,,4.29,0
513100.SH,20220311,20220309,0.889,4.445,,,4.445,0
513100.SH,20220312,20220310,0.878,4.39,,,4.39,0
513100.SH,20220315,20220311,0.862,4.31,,,4.31,0
513100.SH,20220316,20220314,0.848,4.24,,,4.24,0
513100.SH,20220317,20220315,0.878,4.39,,,4.39,0
513100.SH,20220318,20220316,0.911,4.555,,,4.555,0
513100.SH,20220319,20220317,0.916,4.58,,,4.58,0
513100.SH,20220322,20220318,0.936,4.68,,,4.68,0
513100.SH,20220323,20220321,0.937,4.685,,,4.685,0
513100.SH,20220324,20220322,0.955,4.775,,,4.775,0
513100.SH,20220325,20220323,0.94,4.7,,,4.7,0
513100.SH,20220326,20220324,0.962,4.81,,,4.81,0
513100.SH,20220329,20220325,0.962,4.81,,,4.81,0
513100.SH,20220330,20220328,0.977,4.885,,,4.885,0
513100.SH,20220331,20220329,0.993,4.965,,,4.965,0
513100.SH,20220401,20220330,0.981,4.905,,,4.905,0
513100.SH,20220422,20220331,0.964,4.82,,4186278193.95,4.82,1
513100.SH,20220407,20220401,0.966,4.83,,,4.83,0
513100.SH,20220408,20220406,0.947,4.735,,,4.735,0
513100.SH,20220409,20220407,0.947,4.735,,,4.735,0
513100.SH,20220412,20220408,0.933,4.665,,,4.665,0
513100.SH,20220413,20220411,0.911,4.555,,,4.555,0
513100.SH,20220414,20220412,0.91,4.55,,,4.55,0
513100.SH,20220415,20220413,0.927,4.635,,,4.635,0
513100.SH,20220416,20220414,0.903,4.515,,,4.515,0
513100.SH,20220419,20220415,0.908,4.54,,,4.54,0
513100.SH,20220420,20220418,0.908,4.54,,,4.54,0
513100.SH,20220421,20220419,0.926,4.63,,,4.63,0
513100.SH,20220422,20220420,0.916,4.58,,,4.58,0
513100.SH,20220423,20220421,0.899,4.495,,,4.495,0
513100.SH,20220426,20220422,0.882,4.41,,,4.41,0
513100.SH,20220427,20220425,0.898,4.49,,,4.49,0
513100.SH,20220428,20220426,0.872,4.36,,,4.36,0
513100.SH,20220429,20220427,0.872,4.36,,,4.36,0
513100.SH,20220430,20220428,0.902,4.51,,,4.51,0
513100.SH,20220506,20220429,0.869,4.345,,,4.345,0
513100.SH,20220507,20220505,0.862,4.31,,,4.31,0
513100.SH,20220510,20220506,0.86,4.3,,,4.3,0
513100.SH,20220511,20220509,0.833,4.165,,,4.165,0
513100.SH,20220512,20220510,0.846,4.23,,,4.23,0
513100.SH,20220513,20220511,0.823,4.115,,,4.115,0
513100.SH,20220514,20220512,0.821,4.105,,,4.105,0
513100.SH,20220517,20220513,0.859,4.295,,,4.295,0
513100.SH,20220518,20220516,0.848,4.24,,,4.24,0
513100.SH,20220519,20220517,0.87,4.35,,,4.35,0
513100.SH,20220520,20220518,0.82,4.1,,,4.1,0
513100.SH,20220521,20220519,0.817,4.085,,,4.085,0
513100.SH,20220524,20220520,0.814,4.07,,,4.07,0
513100.SH,20220525,20220523,0.819,4.095,,,4.095,0
513100.SH,20220526,20220524,0.799,3.995,,,3.995,0
513100.SH,20220527,20220525,0.811,4.055,,,4.055,0
513100.SH,20220528,20220526,0.836,4.18,,,4.18,0
513100.SH,20220531,20220527,0.871,4.355,,,4.355,0
513100.SH,20220601,20220530,0.867,4.335,,,4.335,0
513100.SH,20220602,20220531,0.859,4.295,,,4.295,0
513100.SH,20220603,20220601,0.853,4.265,,,4.265,0
513100.SH,20220607,20220602,0.882,4.41,,,4.41,0
513100.SH,20220608,20220606,0.857,4.285,,,4.285,0
513100.SH,20220609,20220607,0.864,4.32,,,4.32,0
513100.SH,20220610,20220608,0.857,4.285,,,4.285,0
513100.SH,20220611,20220609,0.836,4.18,,,4.18,0
513100.SH,20220614,20220610,0.809,4.045,,,4.045,0
513100.SH,20220615,20220613,0.774,3.87,,,3.87,0
513100.SH,20220616,20220614,0.779,3.895,,,3.895,0
513100.SH,20220617,20220615,0.798,3.99,,,3.99,0
513100.SH,20220618,20220616,0.762,3.81,,,3.81,0
513100.SH,20220621,20220617,0.769,3.845,,,3.845,0
513100.SH,20220622,20220620,0.771,3.855,,,3.855,0
513100.SH,20220623,20220621,0.787,3.935,,,3.935,0
513100.SH,20220624,20220622,0.789,3.945,,,3.945,0
513100.SH,20220625,20220623,0.8,4.0,,,4.0,0
513100.SH,20220628,20220624,0.827,4.135,,,4.135,0
513100.SH,20220629,20220627,0.819,4.095,,,4.095,0
513100.SH,20220630,20220628,0.794,3.97,,,3.97,0
513100.SH,20220701,20220629,0.796,3.98,,,3.98,0
513100.SH,20220721,20220630,0.787,3.935,,4174476547.05,3.935,1
513100.SH,20220705,20220701,0.79,3.95,,,3.95,0
513100.SH,20220706,20220704,0.792,3.96,,,3.96,0
513100.SH,20220707,20220705,0.804,4.02,,,4.02,0
513100.SH,20220708,20220706,0.812,4.06,,,4.06,0
513100.SH,20220709,20220707,0.828,4.14,,,4.14,0
513100.SH,20220712,20220708,0.829,4.145,,,4.145,0
513100.SH,20220713,20220711,0.809,4.045,,,4.045,0
513100.SH,20220714,20220712,0.805,4.025,,,4.025,0
513100.SH,20220715,20220713,0.804,4.02,,,4.02,0
513100.SH,20220716,20220714,0.806,4.03,,,4.03,0
513100.SH,20220719,20220715,0.824,4.12,,,4.12,0
513100.SH,20220720,20220718,0.816,4.08,,,4.08,0
513100.SH,20220721,20220719,0.841,4.205,,,4.205,0
513100.SH,20220722,20220720,0.855,4.275,,,4.275,0
513100.SH,20220723,20220721,0.869,4.345,,,4.345,0
513100.SH,20220726,20220722,0.852,4.26,,,4.26,0
513100.SH,20220727,20220725,0.848,4.24,,,4.24,0
513100.SH,20220728,20220726,0.831,4.155,,,4.155,0
513100.SH,20220729,20220727,0.869,4.345,,,4.345,0
513100.SH,20220730,20220728,0.873,4.365,,,4.365,0
513100.SH,20220802,20220729,0.889,4.445,,,4.445,0
513100.SH,20220803,20220801,0.889,4.445,,,4.445,0
513100.SH,20220804,20220802,0.886,4.43,,,4.43,0
513100.SH,20220805,20220803,0.915,4.575,,,4.575,0
513100.SH,20220806,20220804,0.916,4.58,,,4.58,0
513100.SH,20220809,20220805,0.906,4.53,,,4.53,0
513100.SH,20220810,20220808,0.907,4.535,,,4.535,0
513100.SH,20220811,20220809,0.895,4.475,,,4.475,0
513100.SH,20220812,20220810,0.921,4.605,,,4.605,0
513100.SH,20220813,20220811,0.911,4.555,,,4.555,0
513100.SH,20220816,20220812,0.931,4.655,,,4.655,0
513100.SH,20220817,20220815,0.938,4.69,,,4.69,0
513100.SH,20220818,20220816,0.94,4.7,,,4.7,0
513100.SH,20220819,20220817,0.931,4.655,,,4.655,0
513100.SH,20220820,20220818,0.932,4.66,,,4.66,0
513100.SH,20220823,20220819,0.918,4.59,,,4.59,0
513100.SH,20220824,20220822,0.895,4.475,,,4.475,0
513100.SH,20220825,20220823,0.898,4.49,,,4.49,0
513100.SH,20220826,20220824,0.899,4.495,,,4.495,0
513100.SH,20220827,20220825,0.917,4.585,,,4.585,0
513100.SH,20220830,20220826,0.879,4.395,,,4.395,0
513100.SH,20220831,20220829,0.873,4.365,,,4.365,0
513100.SH,20220901,20220830,0.864,4.32,,,4.32,0
513100.SH,20220902,20220831,0.861,4.305,,,4.305,0
513100.SH,20220903,20220901,0.86,4.3,,,4.3,0
513100.SH,20220906,20220902,0.849,4.245,,,4.245,0
513100.SH,20220907,20220905,0.85,4.25,,,4.25,0
513100.SH,20220908,20220906,0.845,4.225,,,4.225,0
513100.SH,20220909,20220907,0.863,4.315,,,4.315,0
513100.SH,20220910,20220908,0.867,4.335,,,4.335,0
513100.SH,20220914,20220909,0.885,4.425,,,4.425,0
513100.SH,20220915,20220913,0.844,4.22,,,4.22,0
513100.SH,20220916,20220914,0.853,4.265,,,4.265,0
513100.SH,20220917,20220915,0.839,4.195,,,4.195,0
513100.SH,20220920,20220916,0.836,4.18,,,4.18,0
513100.SH,20220921,20220919,0.844,4.22,,,4.22,0
513100.SH,20220922,20220920,0.838,4.19,,,4.19,0
513100.SH,20220923,20220921,0.823,4.115,,,4.115,0
513100.SH,20220924,20220922,0.817,4.085,,,4.085,0
513100.SH,20220927,20220923,0.805,4.025,,,4.025,0
513100.SH,20220928,20220926,0.805,4.025,,,4.025,0
513100.SH,20220929,20220927,0.811,4.055,,,4.055,0
513100.SH,20220930,20220928,0.831,4.155,,,4.155,0
513100.SH,20221001,20220929,0.807,4.035,,,4.035,0
513100.SH,20221026,20220930,0.792,3.96,,4653912291.9,3.96,1
513100.SH,20221012,20221010,0.789,3.945,,,3.945,0
513100.SH,20221013,20221011,0.78,3.9,,,3.9,0
513100.SH,20221014,20221012,0.78,3.9,,,3.9,0
513100.SH,20221015,20221013,0.798,3.99,,,3.99,0
513100.SH,20221018,20221014,0.773,3.865,,,3.865,0
513100.SH,20221019,20221017,0.8,4.0,,,4.0,0
513100.SH,20221020,20221018,0.806,4.03,,,4.03,0
513100.SH,20221021,20221019,0.803,4.015,,,4.015,0
513100.SH,20221022,20221020,0.8,4.0,,,4.0,0
513100.SH,20221025,20221021,0.818,4.09,,,4.09,0
513100.SH,20221026,20221024,0.827,4.135,,,4.135,0
513100.SH,20221027,20221025,0.85,4.25,,,4.25,0
513100.SH,20221028,20221026,0.83,4.15,,,4.15,0
513100.SH,20221029,20221027,0.814,4.07,,,4.07,0
513100.SH,20221101,20221028,0.841,4.205,,,4.205,0
513100.SH,20221102,20221031,0.831,4.155,,,4.155,0
513100.SH,20221103,20221101,0.826,4.13,,,4.13,0
513100.SH,20221104,20221102,0.8,4.0,,,4.0,0
513100.SH,20221105,20221103,0.787,3.935,,,3.935,0
513100.SH,20221108,20221104,0.8,4.0,,,4.0,0
513100.SH,20221109,20221107,0.806,4.03,,,4.03,0
513100.SH,20221110,20221108,0.811,4.055,,,4.055,0
513100.SH,20221111,20221109,0.792,3.96,,,3.96,0
513100.SH,20221112,20221110,0.854,4.27,,,4.27,0
513100.SH,20221115,20221111,0.864,4.32,,,4.32,0
513100.SH,20221116,20221114,0.844,4.22,,,4.22,0
513100.SH,20221117,20221115,0.851,4.255,,,4.255,0
513100.SH,20221118,20221116,0.838,4.19,,,4.19,0
513100.SH,20221119,20221117,0.84,4.2,,,4.2,0
513100.SH,20221122,20221118,0.845,4.225,,,4.225,0
513100.SH,20221123,20221121,0.838,4.19,,,4.19,0
513100.SH,20221124,20221122,0.854,4.27,,,4.27,0
513100.SH,20221125,20221123,0.858,4.29,,,4.29,0
513100.SH,20221126,20221124,0.857,4.285,,,4.285,0
513100.SH,20221129,20221125,0.853,4.265,,,4.265,0
513100.SH,20221130,20221128,0.844,4.22,,,4.22,0
513100.SH,20221201,20221129,0.842,4.21,,,4.21,0
513100.SH,20221202,20221130,0.878,4.39,,,4.39,0
513100.SH,20221203,20221201,0.873,4.365,,,4.365,0
513100.SH,20221206,20221202,0.861,4.305,,,4.305,0
513100.SH,20221207,20221205,0.845,4.225,,,4.225,0
513100.SH,20221208,20221206,0.821,4.105,,,4.105,0
513100.SH,20221209,20221207,0.819,4.095,,,4.095,0
513100.SH,20221210,20221208,0.825,4.125,,,4.125,0
513100.SH,20221213,20221209,0.82,4.1,,,4.1,0
513100.SH,20221214,20221212,0.83,4.15,,,4.15,0
513100.SH,20221215,20221213,0.841,4.205,,,4.205,0
513100.SH,20221216,20221214,0.832,4.16,,,4.16,0
513100.SH,20221217,20221215,0.802,4.01,,,4.01,0
513100.SH,20221220,20221216,0.799,3.995,,,3.995,0
513100.SH,20221221,20221219,0.788,3.94,,,3.94,0
513100.SH,20221222,20221220,0.789,3.945,,,3.945,0
513100.SH,20221223,20221221,0.798,3.99,,,3.99,0
513100.SH,20221224,20221222,0.78,3.9,,,3.9,0
513100.SH,20221227,20221223,0.783,3.915,,,3.915,0
513100.SH,20221228,20221226,0.783,3.915,,,3.915,0
513100.SH,20221229,20221227,0.77,3.85,,,3.85,0
513100.SH,20221230,20221228,0.761,3.805,,,3.805,0
513100.SH,20221231,20221229,0.781,3.905,,,3.905,0
513100.SH,20230104,20221230,0.778,3.89,,,3.89,0
513100.SH,20230120,20221231,0.778,3.89,,5150237098.2,3.89,1
513100.SH,20230105,20230103,0.771,3.855,,,3.855,0
513100.SH,20230106,20230104,0.773,3.865,,,3.865,0
513100.SH,20230107,20230105,0.759,3.795,,,3.795,0
513100.SH,20230110,20230106,0.78,3.9,,,3.9,0
513100.SH,20230111,20230109,0.777,3.885,,,3.885,0
513100.SH,20230112,20230110,0.777,3.885,,,3.885,0
513100.SH,20230113,20230111,0.791,3.955,,,3.955,0
513100.SH,20230114,20230112,0.794,3.97,,,3.97,0
513100.SH,20230117,20230113,0.795,3.975,,,3.975,0
513100.SH,20230118,20230116,0.793,3.965,,,3.965,0
513100.SH,20230119,20230117,0.795,3.975,,,3.975,0
513100.SH,20230120,20230118,0.789,3.945,,,3.945,0
513100.SH,20230121,20230119,0.782,3.91,,,3.91,0
513100.SH,20230131,20230120,0.804,4.02,,,4.02,0
513100.SH,20230201,20230130,0.822,4.11,,,4.11,0
513100.SH,20230202,20230131,0.835,4.175,,,4.175,0
513100.SH,20230203,20230201,0.851,4.255,,,4.255,0
513100.SH,20230204,20230202,0.876,4.38,,,4.38,0
513100.SH,20230207,20230203,0.865,4.325,,,4.325,0
513100.SH,20230208,20230206,0.861,4.305,,,4.305,0
513100.SH,20230209,20230207,0.882,4.41,,,4.41,0
513100.SH,20230210,20230208,0.863,4.315,,,4.315,0
513100.SH,20230211,20230209,0.857,4.285,,,4.285,0
513100.SH,20230214,20230210,0.852,4.26,,,4.26,0
513100.SH,20230215,20230213,0.868,4.34,,,4.34,0
513100.SH,20230216,20230214,0.874,4.37,,,4.37,0
513100.SH,20230217,20230215,0.881,4.405,,,4.405,0
513100.SH,20230218,20230216,0.869,4.345,,,4.345,0
513100.SH,20230221,20230217,0.865,4.325,,,4.325,0
513100.SH,20230222,20230220,0.865,4.325,,,4.325,0
513100.SH,20230223,20230221,0.843,4.215,,,4.215,0
513100.SH,20230224,20230222,0.846,4.23,,,4.23,0
513100.SH,20230225,20230223,0.856,4.28,,,4.28,0
513100.SH,20230228,20230224,0.841,4.205,,,4.205,0
513100.SH,20230301,20230227,0.854,4.27,,,4.27,0
513100.SH,20230302,20230228,0.852,4.26,,,4.26,0
513100.SH,20230303,20230301,0.844,4.22,,,4.22,0
513100.SH,20230304,20230302,0.845,4.225,,,4.225,0
513100.SH,20230307,20230303,0.866,4.33,,,4.33,0
513100.SH,20230308,20230306,0.865,4.325,,,4.325,0
513100.SH,20230309,20230307,0.856,4.28,,,4.28,0
513100.SH,20230310,20230308,0.865,4.325,,,4.325,0
513100.SH,20230311,20230309,0.852,4.26,,,4.26,0
513100.SH,20230314,20230310,0.84,4.2,,,4.2,0
513100.SH,20230315,20230313,0.843,4.215,,,4.215,0
513100.SH,20230316,20230314,0.857,4.285,,,4.285,0
513100.SH,20230317,20230315,0.858,4.29,,,4.29,0
513100.SH,20230318,20230316,0.886,4.43,,,4.43,0
513100.SH,20230321,20230317,0.88,4.4,,,4.4,0
513100.SH,20230322,20230320,0.879,4.395,,,4.395,0
513100.SH,20230323,20230321,0.892,4.46,,,4.46,0
513100.SH,20230324,20230322,0.879,4.395,,,4.395,0
513100.SH,20230325,20230323,0.89,4.45,,,4.45,0
513100.SH,20230328,20230324,0.889,4.445,,,4.445,0
513100.SH,20230329,20230327,0.887,4.435,,,4.435,0
513100.SH,20230330,20230328,0.883,4.415,,,4.415,0
513100.SH,20230331,20230329,0.899,4.495,,,4.495,0
513100.SH,20230401,20230330,0.909,4.545,,,4.545,0
513100.SH,20230422,20230331,0.922,4.61,,6211027959.94,4.61,1
513100.SH,20230405,20230403,0.921,4.605,,,4.605,0
513100.SH,20230407,20230404,0.916,4.58,,,4.58,0
513100.SH,20230408,20230406,0.914,4.57,,,4.57,0
513100.SH,20230411,20230407,0.915,4.575,,,4.575,0
513100.SH,20230412,20230410,0.913,4.565,,,4.565,0
513100.SH,20230413,20230411,0.909,4.545,,,4.545,0
513100.SH,20230414,20230412,0.901,4.505,,,4.505,0
513100.SH,20230415,20230413,0.916,4.58,,,4.58,0
513100.SH,20230418,20230414,0.913,4.565,,,4.565,0
513100.SH,20230419,20230417,0.915,4.575,,,4.575,0
513100.SH,20230420,20230418,0.917,4.585,,,4.585,0
513100.SH,20230421,20230419,0.915,4.575,,,4.575,0
513100.SH,20230422,20230420,0.912,4.56,,,4.56,0
513100.SH,20230425,20230421,0.91,4.55,,,4.55,0
513100.SH,20230426,20230424,0.909,4.545,,,4.545,0
513100.SH,20230427,20230425,0.892,4.46,,,4.46,0
513100.SH,20230428,20230426,0.902,4.51,,,4.51,0
513100.SH,20230429,20230427,0.926,4.63,,,4.63,0
513100.SH,20230505,20230428,0.933,4.665,,,4.665,0
513100.SH,20230506,20230504,0.912,4.56,,,4.56,0
513100.SH,20230509,20230505,0.932,4.66,,,4.66,0
513100.SH,20230510,20230508,0.934,4.67,,,4.67,0
513100.SH,20230511,20230509,0.929,4.645,,,4.645,0
513100.SH,20230512,20230510,0.94,4.7,,,4.7,0
513100.SH,20230513,20230511,0.94,4.7,,,4.7,0
513100.SH,20230516,20230512,0.941,4.705,,,4.705,0
513100.SH,20230517,20230515,0.949,4.745,,,4.745,0
513100.SH,20230518,20230516,0.947,4.735,,,4.735,0
513100.SH,20230519,20230517,0.962,4.81,,,4.81,0
513100.SH,20230520,20230518,0.982,4.91,,,4.91,0
513100.SH,20230523,20230519,0.985,4.925,,,4.925,0
513100.SH,20230524,20230522,0.986,4.93,,,4.93,0
513100.SH,20230525,20230523,0.975,4.875,,,4.875,0
513100.SH,20230526,20230524,0.974,4.87,,,4.87,0
513100.SH,20230527,20230525,0.997,4.985,,,4.985,0
513100.SH,20230530,20230526,1.026,5.13,,,5.13,0
513100.SH,20230531,20230529,1.023,5.115,,,5.115,0
513100.SH,20230601,20230530,1.031,5.155,,,5.155,0
513100.SH,20230602,20230531,1.024,5.12,,,5.12,0
513100.SH,20230603,20230601,1.039,5.195,,,5.195,0
513100.SH,20230606,20230602,1.046,5.23,,,5.23,0
513100.SH,20230607,20230605,1.046,5.23,,,5.23,0
513100.SH,20230608,20230606,1.049,5.245,,,5.245,0
513100.SH,20230609,20230607,1.032,5.16,,,5.16,0
513100.SH,20230610,20230608,1.047,5.235,,,5.235,0
513100.SH,20230613,20230609,1.047,5.235,,,5.235,0
513100.SH,20230614,20230612,1.067,5.335,,,5.335,0
513100.SH,20230615,20230613,1.08,5.4,,,5.4,0
513100.SH,20230616,20230614,1.088,5.44,,,5.44,0
513100.SH,20230617,20230615,1.1,5.5,,,5.5,0
513100.SH,20230620,20230616,1.09,5.45,,,5.45,0
513100.SH,20230621,20230619,1.088,5.44,,,5.44,0
513100.SH,20230622,20230620,1.093,5.465,,,5.465,0
513100.SH,20230627,20230621,1.081,5.405,,,5.405,0
513100.SH,20230628,20230626,1.072,5.36,,,5.36,0
513100.SH,20230629,20230627,1.091,5.455,,,5.455,0
513100.SH,20230630,20230628,1.093,5.465,,,5.465,0
513100.SH,20230701,20230629,1.092,5.46,,,5.46,0
513100.SH,20230721,20230630,1.111,5.555,,8549903007.56,5.555,1
513100.SH,20230705,20230703,1.111,5.555,,,5.555,0
513100.SH,20230706,20230704,1.11,5.55,,,5.55,0
513100.SH,20230707,20230705,1.108,5.54,,,5.54,0
513100.SH,20230708,20230706,1.102,5.51,,,5.51,0
513100.SH,20230711,20230707,1.097,5.485,,,5.485,0
513100.SH,20230712,20230710,1.096,5.48,,,5.48,0
513100.SH,20230713,20230711,1.101,5.505,,,5.505,0
513100.SH,20230714,20230712,1.112,5.56,,,5.56,0
513100.SH,20230715,20230713,1.128,5.64,,,5.64,0
513100.SH,20230718,20230714,1.124,5.62,,,5.62,0
513100.SH,20230719,20230717,1.135,5.675,,,5.675,0
513100.SH,20230720,20230718,1.146,5.73,,,5.73,0
513100.SH,20230721,20230719,1.146,5.73,,,5.73,0
513100.SH,20230722,20230720,1.119,5.595,,,5.595,0
513100.SH,20230725,20230721,1.116,5.58,,,5.58,0
513100.SH,20230726,20230724,1.118,5.59,,,5.59,0
513100.SH,20230727,20230725,1.125,5.625,,,5.625,0
513100.SH,20230728,20230726,1.119,5.595,,,5.595,0
513100.SH,20230729,20230727,1.116,5.58,,,5.58,0
513100.SH,20230801,20230728,1.138,5.69,,,5.69,0
513100.SH,20230802,20230731,1.138,5.69,,,5.69,0
513100.SH,20230803,20230801,1.134,5.67,,,5.67,0
513100.SH,20230804,20230802,1.111,5.555,,,5.555,0
513100.SH,20230805,20230803,1.111,5.555,,,5.555,0
513100.SH,20230808,20230804,1.105,5.525,,,5.525,0
513100.SH,20230809,20230807,1.113,5.565,,,5.565,0
513100.SH,20230810,20230808,1.106,5.53,,,5.53,0
513100.SH,20230811,20230809,1.094,5.47,,,5.47,0
513100.SH,20230812,20230810,1.096,5.48,,,5.48,0
513100.SH,20230815,20230811,1.089,5.445,,,5.445,0
513100.SH,20230816,20230814,1.103,5.515,,,5.515,0
513100.SH,20230817,20230815,1.093,5.465,,,5.465,0
513100.SH,20230818,20230816,1.084,5.42,,,5.42,0
513100.SH,20230819,20230817,1.074,5.37,,,5.37,0
513100.SH,20230822,20230818,1.071,5.355,,,5.355,0
513100.SH,20230823,20230821,1.088,5.44,,,5.44,0
513100.SH,20230824,20230822,1.086,5.43,,,5.43,0
513100.SH,20230825,20230823,1.104,5.52,,,5.52,0
513100.SH,20230826,20230824,1.078,5.39,,,5.39,0
513100.SH,20230829,20230825,1.087,5.435,,,5.435,0
513100.SH,20230830,20230828,1.094,5.47,,,5.47,0
513100.SH,20230831,20230829,1.118,5.59,,,5.59,0
513100.SH,20230901,20230830,1.124,5.62,,,5.62,0
513100.SH,20230902,20230831,1.127,5.635,,,5.635,0
513100.SH,20230905,20230901,1.125,5.625,,,5.625,0
513100.SH,20230906,20230904,1.125,5.625,,,5.625,0
513100.SH,20230907,20230905,1.127,5.635,,,5.635,0
513100.SH,20230908,20230906,1.119,5.595,,,5.595,0
513100.SH,20230909,20230907,1.111,5.555,,,5.555,0
513100.SH,20230912,20230908,1.115,5.575,,,5.575,0
513100.SH,20230913,20230911,1.128,5.64,,,5.64,0
513100.SH,20230914,20230912,1.113,5.565,,,5.565,0
513100.SH,20230915,20230913,1.116,5.58,,,5.58,0
513100.SH,20230916,20230914,1.125,5.625,,,5.625,0
513100.SH,20230919,20230915,1.104,5.52,,,5.52,0
513100.SH,20230920,20230918,1.105,5.525,,,5.525,0
513100.SH,20230921,20230919,1.102,5.51,,,5.51,0
513100.SH,20230922,20230920,1.087,5.435,,,5.435,0
513100.SH,20230923,20230921,1.067,5.335,,,5.335,0
513100.SH,20230926,20230922,1.067,5.335,,,5.335,0
513100.SH,20230927,20230925,1.072,5.36,,,5.36,0
513100.SH,20230928,20230926,1.056,5.28,,,5.28,0
513100.SH,20230929,20230927,1.058,5.29,,,5.29,0
513100.SH,20231010,20230928,1.068,5.34,,,5.34,0
513100.SH,20231025,20230930,1.069,5.341,,9221905696.29,5.345,0
513100.SH,20231011,20231009,1.093,5.465,,,5.465,0
513100.SH,20231012,20231010,1.099,5.495,,,5.495,0
513100.SH,20231013,20231011,1.107,5.535,,,5.535,0
513100.SH,20231014,20231012,1.102,5.51,,,5.51,0
513100.SH,20231017,20231013,1.089,5.445,,,5.445,0
513100.SH,20231018,20231016,1.102,5.51,,,5.51,0
513100.SH,20231019,20231017,1.098,5.49,,,5.49,0
513100.SH,20231020,20231018,1.083,5.415,,,5.415,0
513100.SH,20231021,20231019,1.073,5.365,,,5.365,0
513100.SH,20231024,20231020,1.057,5.285,,,5.285,0
513100.SH,20231025,20231023,1.06,5.3,,,5.3,0
513100.SH,20231026,20231024,1.07,5.35,,,5.35,0
513100.SH,20231027,20231025,1.044,5.22,,,5.22,0
513100.SH,20231028,20231026,1.024,5.12,,,5.12,0
513100.SH,20231031,20231027,1.029,5.145,,,5.145,0
513100.SH,20231101,20231030,1.04,5.2,,,5.2,0
513100.SH,20231102,20231031,1.046,5.23,,,5.23,0
513100.SH,20231103,20231101,1.064,5.32,,,5.32,0
513100.SH,20231104,20231102,1.083,5.415,,,5.415,0
513100.SH,20231107,20231103,1.096,5.48,,,5.48,0
513100.SH,20231108,20231106,1.1,5.5,,,5.5,0
513100.SH,20231109,20231107,1.11,5.55,,,5.55,0
513100.SH,20231110,20231108,1.111,5.555,,,5.555,0
513100.SH,20231111,20231109,1.102,5.51,,,5.51,0
513100.SH,20231114,20231110,1.126,5.63,,,5.63,0
513100.SH,20231115,20231113,1.123,5.615,,,5.615,0
513100.SH,20231116,20231114,1.147,5.735,,,5.735,0
513100.SH,20231117,20231115,1.147,5.735,,,5.735,0
513100.SH,20231118,20231116,1.148,5.74,,,5.74,0
513100.SH,20231121,20231117,1.148,5.74,,,5.74,0
513100.SH,20231122,20231120,1.16,5.8,,,5.8,0
513100.SH,20231123,20231121,1.15,5.75,,,5.75,0
513100.SH,20231124,20231122,1.152,5.76,,,5.76,0
513100.SH,20231125,20231123,1.152,5.76,,,5.76,0
513100.SH,20231128,20231124,1.149,5.745,,,5.745,0
513100.SH,20231129,20231127,1.148,5.74,,,5.74,0
513100.SH,20231130,20231128,1.151,5.755,,,5.755,0
513100.SH,20231201,20231129,1.148,5.74,,,5.74,0
513100.SH,20231202,20231130,1.145,5.725,,,5.725,0
513100.SH,20231205,20231201,1.15,5.75,,,5.75,0
513100.SH,20231206,20231204,1.137,5.685,,,5.685,0
513100.SH,20231207,20231205,1.142,5.71,,,5.71,0
513100.SH,20231208,20231206,1.135,5.675,,,5.675,0
513100.SH,20231209,20231207,1.153,5.765,,,5.765,0
513100.SH,20231212,20231208,1.156,5.78,,,5.78,0
513100.SH,20231213,20231211,1.167,5.835,,,5.835,0
513100.SH,20231214,20231212,1.176,5.88,,,5.88,0
513100.SH,20231215,20231213,1.19,5.95,,,5.95,0
513100.SH,20231216,20231214,1.188,5.94,,,5.94,0
513100.SH,20231219,20231215,1.192,5.96,,,5.96,0
513100.SH,20231220,20231218,1.199,5.995,,,5.995,0
513100.SH,20231221,20231219,1.206,6.03,,,6.03,0
513100.SH,20231222,20231220,1.188,5.94,,,5.94,0
513100.SH,20231223,20231221,1.203,6.015,,,6.015,0
513100.SH,20231226,20231222,1.203,6.015,,,6.015,0
513100.SH,20231227,20231225,1.204,6.02,,,6.02,0
513100.SH,20231228,20231226,1.21,6.05,,,6.05,0
513100.SH,20231229,20231227,1.213,6.065,,,6.065,0
513100.SH,20231230,20231228,1.212,6.06,,,6.06,0
513100.SH,20240103,20231229,1.204,6.02,,,6.02,0
513100.SH,20240122,20231231,1.204,6.02,,10221324268.38,6.02,1
513100.SH,20240104,20240102,1.183,5.915,,,5.915,0
513100.SH,20240105,20240103,1.174,5.87,,,5.87,0
513100.SH,20240106,20240104,1.168,5.84,,,5.84,0
513100.SH,20240109,20240105,1.17,5.85,,,5.85,0
513100.SH,20240110,20240108,1.195,5.975,,,5.975,0
513100.SH,20240111,20240109,1.197,5.985,,,5.985,0
513100.SH,20240112,20240110,1.206,6.03,,,6.03,0
513100.SH,20240113,20240111,1.208,6.04,,,6.04,0
513100.SH,20240116,20240112,1.208,6.04,,,6.04,0
513100.SH,20240117,20240115,1.209,6.045,,,6.045,0
513100.SH,20240118,20240116,1.21,6.05,,,6.05,0
513100.SH,20240119,20240117,1.203,6.015,,,6.015,0
513100.SH,20240120,20240118,1.221,6.105,,,6.105,0
513100.SH,20240123,20240119,1.245,6.225,,,6.225,0
513100.SH,20240124,20240122,1.245,6.225,,,6.225,0
513100.SH,20240125,20240123,1.25,6.25,,,6.25,0
513100.SH,20240126,20240124,1.256,6.28,,,6.28,0
513100.SH,20240127,20240125,1.257,6.285,,,6.285,0
513100.SH,20240130,20240126,1.251,6.255,,,6.255,0
513100.SH,20240131,20240129,1.263,6.315,,,6.315,0
513100.SH,20240201,20240130,1.254,6.27,,,6.27,0
513100.SH,20240202,20240131,1.23,6.15,,,6.15,0
513100.SH,20240203,20240201,1.245,6.225,,,6.225,0
513100.SH,20240206,20240202,1.265,6.325,,,6.325,0
513100.SH,20240207,20240205,1.264,6.32,,,6.32,0
513100.SH,20240208,20240206,1.262,6.31,,,6.31,0
513100.SH,20240209,20240207,1.274,6.37,,,6.37,0
513100.SH,20240220,20240208,1.276,6.38,,,6.38,0
513100.SH,20240221,20240219,1.269,6.345,,,6.345,0
513100.SH,20240222,20240220,1.26,6.3,,,6.3,0
513100.SH,20240223,20240221,1.254,6.27,,,6.27,0
513100.SH,20240224,20240222,1.292,6.46,,,6.46,0
513100.SH,20240227,20240223,1.288,6.44,,,6.44,0
513100.SH,20240228,20240226,1.287,6.435,,,6.435,0
513100.SH,20240229,20240227,1.29,6.45,,,6.45,0
513100.SH,20240301,20240228,1.283,6.415,,,6.415,0
513100.SH,20240302,20240229,1.295,6.475,,,6.475,0
513100.SH,20240305,20240301,1.314,6.57,,,6.57,0
513100.SH,20240306,20240304,1.308,6.54,,,6.54,0
513100.SH,20240307,20240305,1.284,6.42,,,6.42,0
513100.SH,20240308,20240306,1.292,6.46,,,6.46,0
513100.SH,20240309,20240307,1.312,6.56,,,6.56,0
513100.SH,20240312,20240308,1.292,6.46,,,6.46,0
513100.SH,20240313,20240311,1.287,6.435,,,6.435,0
513100.SH,20240314,20240312,1.306,6.53,,,6.53,0
513100.SH,20240315,20240313,1.294,6.47,,,6.47,0
513100.SH,20240316,20240314,1.291,6.455,,,6.455,0
513100.SH,20240319,20240315,1.277,6.385,,,6.385,0
513100.SH,20240320,20240318,1.289,6.445,,,6.445,0
513100.SH,20240321,20240319,1.293,6.465,,,6.465,0
513100.SH,20240322,20240320,1.308,6.54,,,6.54,0
513100.SH,20240323,20240321,1.313,6.565,,,6.565,0
513100.SH,20240326,20240322,1.315,6.575,,,6.575,0
513100.SH,20240327,20240325,1.311,6.555,,,6.555,0
513100.SH,20240328,20240326,1.305,6.525,,,6.525,0
513100.SH,20240329,20240327,1.31,6.55,,,6.55,0
513100.SH,20240330,20240328,1.308,6.54,,,6.54,0
513100.SH,20240402,20240329,1.308,6.54,,,6.54,0
513100.SH,20240420,20240331,1.308,6.54,,11897010639.41,6.54,1
513100.SH,20240403,20240401,1.31,6.55,,,6.55,0
513100.SH,20240404,20240402,1.299,6.495,,,6.495,0
513100.SH,20240409,20240403,1.301,6.505,,,6.505,0
513100.SH,20240410,20240408,1.297,6.485,,,6.485,0
513100.SH,20240411,20240409,1.302,6.51,,,6.51,0
513100.SH,20240412,20240410,1.291,6.455,,,6.455,0
513100.SH,20240413,20240411,1.312,6.56,,,6.56,0
513100.SH,20240416,20240412,1.29,6.45,,,6.45,0
513100.SH,20240417,20240415,1.269,6.345,,,6.345,0
513100.SH,20240418,20240416,1.27,6.35,,,6.35,0
513100.SH,20240419,20240417,1.254,6.27,,,6.27,0
513100.SH,20240420,20240418,1.247,6.235,,,6.235,0
513100.SH,20240423,20240419,1.222,6.11,,,6.11,0
513100.SH,20240424,20240422,1.234,6.17,,,6.17,0
513100.SH,20240425,20240423,1.253,6.265,,,6.265,0
513100.SH,20240426,20240424,1.257,6.285,,,6.285,0
513100.SH,20240427,20240425,1.25,6.25,,,6.25,0
513100.SH,20240430,20240426,1.271,6.355,,,6.355,0
513100.SH,20240501,20240429,1.275,6.375,,,6.375,0
513100.SH,20240507,20240430,1.251,6.255,,,6.255,0
513100.SH,20240508,20240506,1.296,6.48,,,6.48,0
513100.SH,20240509,20240507,1.296,6.48,,,6.48,0
513100.SH,20240510,20240508,1.296,6.48,,,6.48,0
513100.SH,20240511,20240509,1.298,6.49,,,6.49,0
513100.SH,20240514,20240510,1.301,6.505,,,6.505,0
513100.SH,20240515,20240513,1.304,6.52,,,6.52,0
513100.SH,20240516,20240514,1.313,6.565,,,6.565,0
513100.SH,20240517,20240515,1.333,6.665,,,6.665,0
513100.SH,20240518,20240516,1.33,6.65,,,6.65,0
513100.SH,20240521,20240517,1.329,6.645,,,6.645,0
513100.SH,20240522,20240520,1.338,6.69,,,6.69,0
513100.SH,20240523,20240521,1.342,6.71,,,6.71,0
513100.SH,20240524,20240522,1.341,6.705,,,6.705,0
513100.SH,20240525,20240523,1.336,6.68,,,6.68,0
513100.SH,20240528,20240524,1.349,6.745,,,6.745,0
513100.SH,20240529,20240527,1.349,6.745,,,6.745,0
513100.SH,20240530,20240528,1.353,6.765,,,6.765,0
513100.SH,20240531,20240529,1.344,6.72,,,6.72,0
513100.SH,20240601,20240530,1.329,6.645,,,6.645,0
513100.SH,20240604,20240531,1.329,6.645,,,6.645,0
513100.SH,20240605,20240603,1.333,6.665,,,6.665,0
513100.SH,20240606,20240604,1.337,6.685,,,6.685,0
513100.SH,20240607,20240605,1.364,6.82,,,6.82,0
513100.SH,20240608,20240606,1.363,6.815,,,6.815,0
513100.SH,20240612,20240607,1.362,6.81,,,6.81,0
513100.SH,20240613,20240611,1.377,6.885,,,6.885,0
513100.SH,20240614,20240612,1.396,6.98,,,6.98,0
513100.SH,20240615,20240613,1.403,7.015,,,7.015,0
513100.SH,20240618,20240614,1.41,7.05,,,7.05,0
513100.SH,20240619,20240617,1.427,7.135,,,7.135,0
513100.SH,20240620,20240618,1.427,7.135,,,7.135,0
513100.SH,20240621,20240619,1.427,7.135,,,7.135,0
513100.SH,20240622,20240620,1.417,7.085,,,7.085,0
513100.SH,20240625,20240621,1.413,7.065,,,7.065,0
513100.SH,20240626,20240624,1.397,6.985,,,6.985,0
513100.SH,20240627,20240625,1.414,7.07,,,7.07,0
513100.SH,20240628,20240626,1.418,7.09,,,7.09,0
513100.SH,20240629,20240627,1.421,7.105,,,7.105,0
513100.SH,20240702,20240628,1.413,7.065,,,7.065,0
513100.SH,20240719,20240630,1.413,7.065,,13060599346.77,7.065,1
513100.SH,20240703,20240701,1.422,7.11,,,7.11,0
513100.SH,20240704,20240702,1.437,7.185,,,7.185,0
513100.SH,20240705,20240703,1.45,7.25,,,7.25,0
513100.SH,20240706,20240704,1.45,7.25,,,7.25,0
513100.SH,20240709,20240705,1.464,7.32,,,7.32,0
513100.SH,20240710,20240708,1.468,7.34,,,7.34,0
513100.SH,20240711,20240709,1.469,7.345,,,7.345,0
513100.SH,20240712,20240710,1.485,7.425,,,7.425,0
513100.SH,20240713,20240711,1.452,7.26,,,7.26,0
513100.SH,20240716,20240712,1.46,7.3,,,7.3,0
513100.SH,20240717,20240715,1.464,7.32,,,7.32,0
513100.SH,20240718,20240716,1.465,7.325,,,7.325,0
513100.SH,20240719,20240717,1.422,7.11,,,7.11,0
513100.SH,20240720,20240718,1.415,7.075,,,7.075,0
513100.SH,20240723,20240719,1.402,7.01,,,7.01,0
513100.SH,20240724,20240722,1.424,7.12,,,7.12,0
513100.SH,20240725,20240723,1.419,7.095,,,7.095,0
513100.SH,20240726,20240724,1.368,6.84,,,6.84,0
513100.SH,20240727,20240725,1.353,6.765,,,6.765,0
513100.SH,20240730,20240726,1.365,6.825,,,6.825,0
513100.SH,20240731,20240729,1.369,6.845,,,6.845,0
513100.SH,20240801,20240730,1.351,6.755,,,6.755,0
513100.SH,20240802,20240731,1.391,6.955,,,6.955,0
513100.SH,20240803,20240801,1.357,6.785,,,6.785,0
513100.SH,20240806,20240802,1.325,6.625,,,6.625,0
513100.SH,20240807,20240805,1.286,6.43,,,6.43,0
513100.SH,20240808,20240806,1.298,6.49,,,6.49,0
513100.SH,20240809,20240807,1.284,6.42,,,6.42,0
513100.SH,20240810,20240808,1.325,6.625,,,6.625,0
513100.SH,20240813,20240809,1.332,6.66,,,6.66,0
513100.SH,20240814,20240812,1.334,6.67,,,6.67,0
513100.SH,20240815,20240813,1.368,6.84,,,6.84,0
513100.SH,20240816,20240814,1.368,6.84,,,6.84,0
513100.SH,20240817,20240815,1.401,7.005,,,7.005,0
513100.SH,20240820,20240816,1.404,7.02,,,7.02,0
513100.SH,20240821,20240819,1.421,7.105,,,7.105,0
513100.SH,20240822,20240820,1.416,7.08,,,7.08,0
513100.SH,20240823,20240821,1.423,7.115,,,7.115,0
513100.SH,20240824,20240822,1.398,6.99,,,6.99,0
513100.SH,20240827,20240823,1.417,7.085,,,7.085,0
513100.SH,20240828,20240826,1.398,6.99,,,6.99,0
513100.SH,20240829,20240827,1.405,7.025,,,7.025,0
513100.SH,20240830,20240828,1.387,6.935,,,6.935,0
513100.SH,20240831,20240829,1.387,6.935,,,6.935,0
513100.SH,20240903,20240830,1.402,7.01,,,7.01,0
513100.SH,20240904,20240902,1.4,7.0,,,7.0,0
513100.SH,20240905,20240903,1.358,6.79,,,6.79,0
513100.SH,20240906,20240904,1.356,6.78,,,6.78,0
513100.SH,20240907,20240905,1.353,6.765,,,6.765,0
513100.SH,20240910,20240906,1.316,6.58,,,6.58,0
513100.SH,20240911,20240909,1.334,6.67,,,6.67,0
513100.SH,20240912,20240910,1.349,6.745,,,6.745,0
513100.SH,20240913,20240911,1.379,6.895,,,6.895,0
513100.SH,20240914,20240912,1.393,6.965,,,6.965,0
513100.SH,20240919,20240913,1.396,6.98,,,6.98,0
513100.SH,20240920,20240918,1.381,6.905,,,6.905,0
513100.SH,20240921,20240919,1.418,7.09,,,7.09,0
513100.SH,20240924,20240920,1.408,7.04,,,7.04,0
513100.SH,20240925,20240923,1.41,7.05,,,7.05,0
513100.SH,20240926,20240924,1.416,7.08,,,7.08,0
513100.SH,20240927,20240925,1.413,7.065,,,7.065,0
513100.SH,20240928,20240926,1.426,7.13,,,7.13,0
513100.SH,20241001,20240927,1.413,7.065,,,7.065,0
513100.SH,20241025,20240930,1.416,7.08,,13288696710.47,7.08,1
513100.SH,20241010,20241008,1.432,7.16,,,7.16,0
513100.SH,20241011,20241009,1.44,7.2,,,7.2,0
513100.SH,20241012,20241010,1.442,7.21,,,7.21,0
513100.SH,20241015,20241011,1.444,7.22,,,7.22,0
513100.SH,20241016,20241014,1.455,7.275,,,7.275,0
513100.SH,20241017,20241015,1.437,7.185,,,7.185,0
513100.SH,20241018,20241016,1.445,7.225,,,7.225,0
513100.SH,20241019,20241017,1.447,7.235,,,7.235,0
513100.SH,20241022,20241018,1.457,7.285,,,7.285,0
513100.SH,20241023,20241021,1.454,7.27,,,7.27,0
513100.SH,20241024,20241022,1.46,7.3,,,7.3,0
513100.SH,20241025,20241023,1.438,7.19,,,7.19,0
513100.SH,20241026,20241024,1.451,7.255,,,7.255,0
513100.SH,20241029,20241025,1.455,7.275,,,7.275,0
513100.SH,20241030,20241028,1.459,7.295,,,7.295,0
513100.SH,20241031,20241029,1.473,7.365,,,7.365,0
513100.SH,20241101,20241030,1.464,7.32,,,7.32,0
513100.SH,20241102,20241031,1.425,7.125,,,7.125,0
513100.SH,20241105,20241101,1.433,7.165,,,7.165,0
513100.SH,20241106,20241104,1.43,7.15,,,7.15,0
513100.SH,20241107,20241105,1.445,7.225,,,7.225,0
513100.SH,20241108,20241106,1.484,7.42,,,7.42,0
513100.SH,20241109,20241107,1.52,7.6,,,7.6,0
513100.SH,20241112,20241108,1.517,7.585,,,7.585,0
513100.SH,20241113,20241111,1.523,7.615,,,7.615,0
513100.SH,20241114,20241112,1.523,7.615,,,7.615,0
513100.SH,20241115,20241113,1.522,7.61,,,7.61,0
513100.SH,20241116,20241114,1.511,7.555,,,7.555,0
513100.SH,20241119,20241115,1.475,7.375,,,7.375,0
513100.SH,20241120,20241118,1.484,7.42,,,7.42,0
513100.SH,20241121,20241119,1.495,7.475,,,7.475,0
513100.SH,20241122,20241120,1.494,7.47,,,7.47,0
513100.SH,20241123,20241121,1.499,7.495,,,7.495,1
513100.SH,20241126,20241122,1.502,7.51,,,7.51,0
513100.SH,20241127,20241125,1.504,7.52,,,7.52,0
513100.SH,20241128,20241126,1.512,7.56,,,7.56,0
513100.SH,20241129,20241127,1.5,7.5,,,7.5,0
513100.SH,20241130,20241128,1.499,7.495,,,7.495,0
513100.SH,20241203,20241129,1.512,7.56,,,7.56,0
513100.SH,20241204,20241202,1.528,7.64,,,7.64,0
513100.SH,20241205,20241203,1.535,7.675,,,7.675,0
513100.SH,20241206,20241204,1.553,7.765,,,7.765,0
513100.SH,20241207,20241205,1.547,7.735,,,7.735,0
513100.SH,20241210,20241206,1.561,7.805,,,7.805,0
513100.SH,20241211,20241209,1.548,7.74,,,7.74,0
513100.SH,20241212,20241210,1.544,7.72,,,7.72,0
513100.SH,20241213,20241211,1.571,7.855,,,7.855,0
513100.SH,20241214,20241212,1.56,7.8,,,7.8,0
513100.SH,20241217,20241213,1.573,7.865,,,7.865,0
513100.SH,20241218,20241216,1.595,7.975,,,7.975,0
513100.SH,20241219,20241217,1.589,7.945,,,7.945,0
513100.SH,20241220,20241218,1.531,7.655,,,7.655,0
513100.SH,20241221,20241219,1.524,7.62,,,7.62,0
513100.SH,20241224,20241220,1.537,7.685,,,7.685,0
513100.SH,20241225,20241223,1.552,7.76,,,7.76,0
513100.SH,20241226,20241224,1.573,7.865,,,7.865,0
513100.SH,20241227,20241225,1.573,7.865,,,7.865,0
513100.SH,20241228,20241226,1.571,7.855,,,7.855,0
513100.SH,20241231,20241227,1.55,7.75,,,7.75,0
513100.SH,20250101,20241230,1.53,7.65,,,7.65,0
513100.SH,20250122,20241231,1.516,7.58,,14404554648.99,7.58,1
513100.SH,20250104,20250102,1.513,7.565,,,7.565,0
513100.SH,20250107,20250103,1.539,7.695,,,7.695,0
513100.SH,20250108,20250106,1.555,7.775,,,7.775,0
513100.SH,20250109,20250107,1.528,7.64,,,7.64,0
513100.SH,20250110,20250108,1.528,7.64,,,7.64,0
513100.SH,20250111,20250109,1.528,7.64,,,7.64,0
513100.SH,20250114,20250110,1.504,7.52,,,7.52,0
513100.SH,20250115,20250113,1.5,7.5,,,7.5,0
513100.SH,20250116,20250114,1.498,7.49,,,7.49,0
513100.SH,20250117,20250115,1.532,7.66,,,7.66,0
513100.SH,20250118,20250116,1.521,7.605,,,7.605,0
513100.SH,20250121,20250117,1.547,7.735,,,7.735,0
513100.SH,20250122,20250120,1.547,7.735,,,7.735,0
513100.SH,20250123,20250121,1.552,7.76,,,7.76,0
513100.SH,20250124,20250122,1.572,7.86,,,7.86,0
513100.SH,20250125,20250123,1.576,7.88,,,7.88,0
513100.SH,20250128,20250124,1.567,7.835,,,7.835,0
513100.SH,20250206,20250127,1.52,7.6,,,7.6,0
513100.SH,20250207,20250205,1.558,7.79,,,7.79,0
513100.SH,20250208,20250206,1.566,7.83,,,7.83,0
513100.SH,20250211,20250207,1.546,7.73,,,7.73,0
513100.SH,20250212,20250210,1.565,7.825,,,7.825,0
513100.SH,20250213,20250211,1.561,7.805,,,7.805,0
513100.SH,20250214,20250212,1.562,7.81,,,7.81,0
513100.SH,20250215,20250213,1.585,7.925,,,7.925,0
513100.SH,20250218,20250214,1.591,7.955,,,7.955,0
513100.SH,20250219,20250217,1.59,7.95,,,7.95,0
513100.SH,20250220,20250218,1.594,7.97,,,7.97,0
513100.SH,20250221,20250219,1.595,7.975,,,7.975,0
513100.SH,20250222,20250220,1.587,7.935,,,7.935,0
513100.SH,20250225,20250221,1.554,7.77,,,7.77,0
513100.SH,20250226,20250224,1.536,7.68,,,7.68,0
513100.SH,20250227,20250225,1.517,7.585,,,7.585,0
513100.SH,20250228,20250226,1.521,7.605,,,7.605,0
513100.SH,20250301,20250227,1.479,7.395,,,7.395,0
513100.SH,20250304,20250228,1.503,7.515,,,7.515,0
513100.SH,20250305,20250303,1.47,7.35,,,7.35,0
513100.SH,20250306,20250304,1.465,7.325,,,7.325,0
513100.SH,20250307,20250305,1.484,7.42,,,7.42,0
513100.SH,20250308,20250306,1.442,7.21,,,7.21,0
513100.SH,20250311,20250307,1.453,7.265,,,7.265,0
513100.SH,20250312,20250310,1.399,6.995,,,6.995,0
513100.SH,20250313,20250311,1.395,6.975,,,6.975,0
513100.SH,20250314,20250312,1.41,7.05,,,7.05,0
513100.SH,20250315,20250313,1.384,6.92,,,6.92,0
513100.SH,20250318,20250314,1.418,7.09,,,7.09,0
513100.SH,20250319,20250317,1.425,7.125,,,7.125,0
513100.SH,20250320,20250318,1.402,7.01,,,7.01,0
513100.SH,20250321,20250319,1.42,7.1,,,7.1,0
513100.SH,20250322,20250320,1.417,7.085,,,7.085,0
513100.SH,20250325,20250321,1.422,7.11,,,7.11,0
513100.SH,20250326,20250324,1.453,7.265,,,7.265,0
513100.SH,20250327,20250325,1.461,7.305,,,7.305,0
513100.SH,20250328,20250326,1.434,7.17,,,7.17,0
513100.SH,20250329,20250327,1.425,7.125,,,7.125,0
513100.SH,20250401,20250328,1.388,6.94,,,6.94,0
513100.SH,20250422,20250331,1.388,6.94,,13186411816.27,6.94,1
513100.SH,20250403,20250401,1.399,6.995,,,6.995,0
513100.SH,20250404,20250402,1.41,7.05,,,7.05,0
513100.SH,20250408,20250403,1.336,6.68,,,6.68,0
513100.SH,20250409,20250407,1.259,6.295,,,6.295,0
513100.SH,20250410,20250408,1.235,6.175,,,6.175,0
513100.SH,20250411,20250409,1.383,6.915,,,6.915,0
513100.SH,20250412,20250410,1.326,6.63,,,6.63,0
513100.SH,20250415,20250411,1.351,6.755,,,6.755,0
513100.SH,20250416,20250414,1.359,6.795,,,6.795,0
513100.SH,20250417,20250415,1.361,6.805,,,6.805,0
513100.SH,20250418,20250416,1.32,6.6,,,6.6,0
513100.SH,20250419,20250417,1.32,6.6,,,6.6,0
513100.SH,20250422,20250418,1.319,6.595,,,6.595,0
513100.SH,20250423,20250421,1.287,6.435,,,6.435,0
513100.SH,20250424,20250422,1.321,6.605,,,6.605,0
513100.SH,20250425,20250423,1.351,6.755,,,6.755,0
513100.SH,20250426,20250424,1.388,6.94,,,6.94,0
513100.SH,20250429,20250425,1.404,7.02,,,7.02,0
513100.SH,20250430,20250428,1.403,7.015,,,7.015,0
513100.SH,20250501,20250429,1.411,7.055,,,7.055,0
513100.SH,20250507,20250430,1.412,7.06,,,7.06,0
513100.SH,20250508,20250506,1.428,7.14,,,7.14,0
513100.SH,20250509,20250507,1.433,7.165,,,7.165,0
513100.SH,20250510,20250508,1.449,7.245,,,7.245,0
513100.SH,20250513,20250509,1.449,7.245,,,7.245,0
513100.SH,20250514,20250512,1.507,7.535,,,7.535,0
513100.SH,20250515,20250513,1.529,7.645,,,7.645,0
513100.SH,20250516,20250514,1.537,7.685,,,7.685,0
513100.SH,20250517,20250515,1.538,7.69,,,7.69,0
513100.SH,20250520,20250516,1.545,7.725,,,7.725,0
513100.SH,20250521,20250519,1.546,7.73,,,7.73,0
513100.SH,20250522,20250520,1.54,7.7,,,7.7,0
513100.SH,20250523,20250521,1.52,7.6,,,7.6,0
513100.SH,20250524,20250522,1.521,7.605,,,7.605,0
513100.SH,20250527,20250523,1.507,7.535,,,7.535,0
513100.SH,20250528,20250526,1.506,7.53,,,7.53,0
513100.SH,20250529,20250527,1.542,7.71,,,7.71,0
513100.SH,20250530,20250528,1.536,7.68,,,7.68,0
513100.SH,20250531,20250529,1.539,7.695,,,7.695,0
513100.SH,20250604,20250530,1.536,7.68,,,7.68,0
513100.SH,20250605,20250603,1.56,7.8,,,7.8,0
513100.SH,20250606,20250604,1.564,7.82,,,7.82,0
513100.SH,20250607,20250605,1.551,7.755,,,7.755,0
513100.SH,20250610,20250606,1.566,7.83,,,7.83,0
513100.SH,20250611,20250609,1.569,7.845,,,7.845,0
513100.SH,20250612,20250610,1.579,7.895,,,7.895,0
513100.SH,20250613,20250611,1.573,7.865,,,7.865,0
513100.SH,20250614,20250612,1.576,7.88,,,7.88,0
513100.SH,20250617,20250613,1.555,7.775,,,7.775,0
513100.SH,20250618,20250616,1.578,7.89,,,7.89,0
513100.SH,20250619,20250617,1.561,7.805,,,7.805,0
513100.SH,20250620,20250618,1.561,7.805,,,7.805,0
513100.SH,20250621,20250619,1.561,7.805,,,7.805,0
513100.SH,20250624,20250620,1.553,7.765,,,7.765,0
513100.SH,20250625,20250623,1.57,7.85,,,7.85,0
513100.SH,20250626,20250624,1.593,7.965,,,7.965,0
513100.SH,20250627,20250625,1.596,7.98,,,7.98,0
513100.SH,20250628,20250626,1.61,8.05,,,8.05,0
513100.SH,20250701,20250627,1.617,8.085,,,8.085,0
513100.SH,20250719,20250630,1.626,8.13,,15446408721.62,8.13,1
513100.SH,20250703,20250701,1.611,8.055,,,8.055,0
513100.SH,20250704,20250702,1.623,8.115,,,8.115,0
513100.SH,20250705,20250703,1.638,8.19,,,8.19,0
513100.SH,20250708,20250704,1.638,8.19,,,8.19,0
513100.SH,20250709,20250707,1.625,8.125,,,8.125,0
513100.SH,20250710,20250708,1.626,8.13,,,8.13,0
513100.SH,20250711,20250709,1.638,8.19,,,8.19,0
513100.SH,20250712,20250710,1.635,8.175,,,8.175,0
513100.SH,20250715,20250711,1.631,8.155,,,8.155,0
513100.SH,20250716,20250714,1.636,8.18,,,8.18,0
513100.SH,20250717,20250715,1.638,8.19,,,8.19,0
513100.SH,20250718,20250716,1.641,8.205,,,8.205,0
513100.SH,20250719,20250717,1.651,8.255,,,8.255,0
513100.SH,20250722,20250718,1.651,8.255,,,8.255,0
513100.SH,20250723,20250721,1.66,8.3,,,8.3,0
513100.SH,20250724,20250722,1.65,8.25,,,8.25,0
513100.SH,20250725,20250723,1.656,8.28,,,8.28,0
513100.SH,20250726,20250724,1.659,8.295,,,8.295,0
513100.SH,20250729,20250725,1.664,8.32,,,8.32,0
513100.SH,20250730,20250728,1.671,8.355,,,8.355,0
513100.SH,20250731,20250729,1.668,8.34,,,8.34,0
513100.SH,20250801,20250730,1.669,8.345,,,8.345,0
513100.SH,20250802,20250731,1.662,8.31,,,8.31,0
513100.SH,20250805,20250801,1.629,8.145,,,8.145,0
513100.SH,20250806,20250804,1.657,8.285,,,8.285,0
513100.SH,20250807,20250805,1.644,8.22,,,8.22,0
513100.SH,20250808,20250806,1.666,8.33,,,8.33,0
513100.SH,20250809,20250807,1.67,8.35,,,8.35,0
513100.SH,20250812,20250808,1.687,8.435,,,8.435,0
513100.SH,20250813,20250811,1.681,8.405,,,8.405,0
513100.SH,20250814,20250812,1.704,8.52,,,8.52,0
513100.SH,20250815,20250813,1.703,8.515,,,8.515,0
513100.SH,20250816,20250814,1.702,8.51,,,8.51,0
513100.SH,20250819,20250815,1.694,8.47,,,8.47,0
513100.SH,20250820,20250818,1.693,8.465,,,8.465,0
513100.SH,20250821,20250819,1.67,8.35,,,8.35,0
513100.SH,20250822,20250820,1.661,8.305,,,8.305,0
513100.SH,20250823,20250821,1.651,8.255,,,8.255,0
513100.SH,20250826,20250822,1.677,8.385,,,8.385,0
513100.SH,20250827,20250825,1.669,8.345,,,8.345,0
513100.SH,20250828,20250826,1.676,8.38,,,8.38,0
513100.SH,20250829,20250827,1.677,8.385,,,8.385,0
513100.SH,20250830,20250828,1.686,8.43,,,8.43,0
513100.SH,20250902,20250829,1.665,8.325,,,8.325,0
513100.SH,20250903,20250901,1.666,8.33,,,8.33,0
513100.SH,20250904,20250902,1.653,8.265,,,8.265,0
513100.SH,20250905,20250903,1.666,8.33,,,8.33,0
513100.SH,20250906,20250904,1.681,8.405,,,8.405,0
513100.SH,20250909,20250905,1.683,8.415,,,8.415,0
513100.SH,20250910,20250908,1.69,8.45,,,8.45,0
513100.SH,20250911,20250909,1.694,8.47,,,8.47,0
513100.SH,20250912,20250910,1.696,8.48,,,8.48,0
513100.SH,20250913,20250911,1.706,8.53,,,8.53,0
513100.SH,20250916,20250912,1.712,8.56,,,8.56,0
513100.SH,20250917,20250915,1.728,8.64,,,8.64,0
513100.SH,20250918,20250916,1.725,8.625,,,8.625,0
513100.SH,20250919,20250917,1.721,8.605,,,8.605,0
513100.SH,20250920,20250918,1.739,8.695,,,8.695,0
513100.SH,20250923,20250919,1.752,8.76,,,8.76,0
513100.SH,20250924,20250922,1.761,8.805,,,8.805,0
513100.SH,20250925,20250923,1.747,8.735,,,8.735,0
513100.SH,20250926,20250924,1.742,8.71,,,8.71,0
513100.SH,20250927,20250925,1.736,8.68,,,8.68,0
513100.SH,20250930,20250926,1.744,8.72,,,8.72,0
513100.SH,20251001,20250929,1.75,8.75,,,8.75,0
513100.SH,20251028,20250930,1.754,8.77,,16604151132.68,8.77,1
513100.SH,20251011,20251009,1.785,8.925,,,8.925,0
513100.SH,20251014,20251010,1.721,8.605,,,8.605,0
513100.SH,20251015,20251013,1.757,8.785,,,8.785,0
513100.SH,20251016,20251014,1.746,8.73,,,8.73,0
513100.SH,20251017,20251015,1.757,8.785,,,8.785,0
513100.SH,20251018,20251016,1.75,8.75,,,8.75,0
513100.SH,20251021,20251017,1.761,8.805,,,8.805,0
513100.SH,20251022,20251020,1.784,8.92,,,8.92,0
513100.SH,20251023,20251021,1.782,8.91,,,8.91,0
513100.SH,20251024,20251022,1.765,8.825,,,8.825,0
513100.SH,20251025,20251023,1.779,8.895,,,8.895,0
513100.SH,20251028,20251024,1.798,8.99,,,8.99,0
513100.SH,20251029,20251027,1.829,9.145,,,9.145,0
513100.SH,20251030,20251028,1.842,9.21,,,9.21,0
513100.SH,20251031,20251029,1.85,9.25,,,9.25,0
513100.SH,20251101,20251030,1.823,9.115,,,9.115,0
513100.SH,20251104,20251031,1.832,9.16,,,9.16,0
513100.SH,20251105,20251103,1.84,9.2,,,9.2,0
513100.SH,20251106,20251104,1.802,9.01,,,9.01,0
513100.SH,20251107,20251105,1.816,9.08,,,9.08,0
513100.SH,20251108,20251106,1.78,8.9,,,8.9,0
513100.SH,20251111,20251107,1.774,8.87,,,8.87,0
513100.SH,20251112,20251110,1.814,9.07,,,9.07,0
513100.SH,20251113,20251111,1.808,9.04,,,9.04,0
513100.SH,20251114,20251112,1.806,9.03,,,9.03,0
513100.SH,20251115,20251113,1.77,8.85,,,8.85,0
513100.SH,20251118,20251114,1.77,8.85,,,8.85,0
513100.SH,20251119,20251117,1.755,8.775,,,8.775,0
513100.SH,20251120,20251118,1.735,8.675,,,8.675,0
513100.SH,20251121,20251119,1.745,8.725,,,8.725,0
513100.SH,20251122,20251120,1.705,8.525,,,8.525,0
513100.SH,20251125,20251121,1.717,8.585,,,8.585,0
513100.SH,20251126,20251124,1.761,8.805,,,8.805,0
513100.SH,20251127,20251125,1.771,8.855,,,8.855,0
513100.SH,20251128,20251126,1.786,8.93,,,8.93,0
513100.SH,20251129,20251127,1.785,8.925,,,8.925,0
513100.SH,20251202,20251128,1.799,8.995,,,8.995,0
513100.SH,20251203,20251201,1.792,8.96,,,8.96,0
513100.SH,20251204,20251202,1.808,9.04,,,9.04,0
513100.SH,20251205,20251203,1.811,9.055,,,9.055,0
513100.SH,20251206,20251204,1.808,9.04,,,9.04,0
513100.SH,20251209,20251205,1.817,9.085,,,9.085,0
513100.SH,20251210,20251208,1.813,9.065,,,9.065,0
513100.SH,20251211,20251209,1.816,9.08,,,9.08,0
513100.SH,20251212,20251210,1.823,9.115,,,9.115,0
513100.SH,20251213,20251211,1.815,9.075,,,9.075,0
513100.SH,20251216,20251212,1.779,8.895,,,8.895,0
513100.SH,20251217,20251215,1.77,8.85,,,8.85,0
513100.SH,20251218,20251216,1.773,8.865,,,8.865,0
513100.SH,20251219,20251217,1.739,8.695,,,8.695,0
513100.SH,20251220,20251218,1.765,8.825,,,8.825,0
513100.SH,20251223,20251219,1.787,8.935,,,8.935,0
513100.SH,20251224,20251222,1.7955,8.9775,,,8.9775,0
513100.SH,20251225,20251223,1.8032,9.016,,,9.016,0
513100.SH,20251226,20251224,1.8067,9.0335,,,9.0335,0
513100.SH,20251227,20251225,1.8047,9.0235,,,9.0235,0
513100.SH,20251230,20251226,1.803,9.015,,,9.015,0
513100.SH,20251231,20251229,1.7938,8.969,,,8.969,0
513100.SH,20260101,20251230,1.7898,8.949,,,8.949,0
513100.SH,20260122,20251231,1.7735,8.8675,,16787981622.34,8.8675,1
513100.SH,20260107,20260105,1.7825,8.9125,,,8.9125,0
513100.SH,20260108,20260106,1.7978,8.989,,,8.989,0
513100.SH,20260109,20260107,1.7991,8.9955,,,8.9955,0
513100.SH,20260110,20260108,1.789,8.945,,,8.945,0
513100.SH,20260113,20260109,1.8054,9.027,,,9.027,0
513100.SH,20260114,20260112,1.8063,9.0315,,,9.0315,0
513100.SH,20260115,20260113,1.8029,9.0145,,,9.0145,0
513100.SH,20260116,20260114,1.7841,8.9205,,,8.9205,0
513100.SH,20260117,20260115,1.7884,8.942,,,8.942,0
513100.SH,20260120,20260116,1.7874,8.937,,,8.937,0
513100.SH,20260121,20260119,1.7866,8.933,,,8.933,0
513100.SH,20260122,20260120,1.7476,8.738,,,8.738,0
513100.SH,20260123,20260121,1.7714,8.857,,,8.857,0
513100.SH,20260124,20260122,1.7849,8.9245,,,8.9245,0
513100.SH,20260127,20260123,1.7887,8.9435,,,8.9435,0
513100.SH,20260128,20260126,1.794,8.97,,,8.97,0
513100.SH,20260129,20260127,1.8101,9.0505,,,9.0505,0
513100.SH,20260130,20260128,1.8133,9.0665,,,9.0665,0
513100.SH,20260131,20260129,1.804,9.02,,,9.02,0
513100.SH,20260203,20260130,1.7788,8.894,,,8.894,0
513100.SH,20260204,20260202,1.792,8.96,,,8.96,0
513100.SH,20260205,20260203,1.7621,8.8105,,,8.8105,0
513100.SH,20260206,20260204,1.7292,8.646,,,8.646,0
513100.SH,20260207,20260205,1.7063,8.5315,,,8.5315,0
513100.SH,20260210,20260206,1.7432,8.716,,,8.716,0
513100.SH,20260211,20260209,1.7549,8.7745,,,8.7745,0
513100.SH,20260212,20260210,1.7437,8.7185,,,8.7185,0
513100.SH,20260213,20260211,1.7482,8.741,,,8.741,0
513100.SH,20260214,20260212,1.7131,8.5655,,,8.5655,0
513100.SH,20260225,20260213,1.7149,8.5745,,,8.5745,0
513100.SH,20260226,20260224,1.732,8.66,,,8.66,0
513100.SH,20260227,20260225,1.7541,8.7705,,,8.7705,0
513100.SH,20260228,20260226,1.7314,8.657,,,8.657,0
513100.SH,20260303,20260227,1.7264,8.632,,,8.632,0
513100.SH,20260304,20260302,1.7287,8.6435,,,8.6435,0
513100.SH,20260305,20260303,1.7065,8.5325,,,8.5325,0
513100.SH,20260306,20260304,1.7331,8.6655,,,8.6655,0
513100.SH,20260307,20260305,1.7253,8.6265,,,8.6265,0
513100.SH,20260310,20260306,1.6999,8.4995,,,8.4995,0
513100.SH,20260311,20260309,1.7253,8.6265,,,8.6265,0
513100.SH,20260312,20260310,1.7204,8.602,,,8.602,0
513100.SH,20260313,20260311,1.7194,8.597,,,8.597,0
513100.SH,20260314,20260312,1.6908,8.454,,,8.454,0
513100.SH,20260317,20260313,1.6815,8.4075,,,8.4075,0
513100.SH,20260318,20260316,1.7015,8.5075,,,8.5075,0
513100.SH,20260319,20260317,1.7078,8.539,,,8.539,0
513100.SH,20260320,20260318,1.6821,8.4105,,,8.4105,0
513100.SH,20260321,20260319,1.6788,8.394,,,8.394,0
513100.SH,20260324,20260320,1.6456,8.228,,,8.228,0
513100.SH,20260325,20260323,1.6688,8.344,,,8.344,0
513100.SH,20260326,20260324,1.6537,8.2685,,,8.2685,0
513100.SH,20260327,20260325,1.664,8.32,,,8.32,0
513100.SH,20260328,20260326,1.6276,8.138,,,8.138,0
513100.SH,20260331,20260327,1.5981,7.9905,,,7.9905,0
513100.SH,20260401,20260330,1.5874,7.937,,,7.937,0
513100.SH,20260422,20260331,1.641,8.205,,15533838727.95,8.205,1
513100.SH,20260403,20260401,1.6565,8.2825,,,8.2825,0
513100.SH,20260404,20260402,1.6551,8.2755,,,8.2755,0
513100.SH,20260408,20260403,1.6561,8.2805,,,8.2805,0
513100.SH,20260409,20260407,1.665,8.325,,,8.325,0
513100.SH,20260410,20260408,1.709,8.545,,,8.545,0
513100.SH,20260411,20260409,1.7205,8.6025,,,8.6025,0
513100.SH,20260414,20260410,1.7229,8.6145,,,8.6145,0
513100.SH,20260415,20260413,1.7411,8.7055,,,8.7055,0
513100.SH,20260416,20260414,1.7708,8.854,,,8.854,0
513100.SH,20260417,20260415,1.7953,8.9765,,,8.9765,0
513100.SH,20260418,20260416,1.8049,9.0245,,,9.0245,0
513100.SH,20260421,20260417,1.8282,9.141,,,9.141,0
513100.SH,20260422,20260420,1.8232,9.116,,,9.116,0
513100.SH,20260423,20260421,1.8142,9.071,,,9.071,0
513100.SH,20260424,20260422,1.8464,9.232,,,9.232,0
513100.SH,20260425,20260423,1.8362,9.181,,,9.181,0
513100.SH,20260428,20260424,1.8723,9.3615,,,9.3615,0
513100.SH,20260429,20260427,1.8699,9.3495,,,9.3495,0
513100.SH,20260430,20260428,1.8513,9.2565,,,9.2565,0
513100.SH,20260501,20260429,1.8625,9.3125,,,9.3125,0
513100.SH,20260507,20260430,1.8812,9.406,,,9.406,0
513100.SH,20260508,20260506,1.9576,9.788,,,9.788,0
513100.SH,20260509,20260507,1.9531,9.7655,,,9.7655,0
513100.SH,20260512,20260508,1.9993,9.9965,,,9.9965,0
513100.SH,20260513,20260511,2.0042,10.021,,,10.021,0
513100.SH,20260514,20260512,1.9856,9.928,,,9.928,0
513100.SH,20260515,20260513,2.0063,10.0315,,,10.0315,0
513100.SH,20260516,20260514,2.02,10.1,,,10.1,0
513100.SH,20260519,20260515,1.9896,9.948,,,9.948,0
513100.SH,20260520,20260518,1.9811,9.9055,,,9.9055,0
513100.SH,20260521,20260519,1.9675,9.8375,,,9.8375,0
513100.SH,20260522,20260520,2.0006,10.003,,,10.003,0
513100.SH,20260523,20260521,2.0035,10.0175,,,10.0175,0
513100.SH,20260526,20260522,2.0126,10.063,,,10.063,0
513100.SH,20260527,20260525,2.0109,10.0545,,,10.0545,0
513100.SH,20260528,20260526,2.0453,10.2265,,,10.2265,0
513100.SH,20260529,20260527,2.0435,10.2175,,,10.2175,0
513100.SH,20260530,20260528,2.0591,10.2955,,,10.2955,0
513100.SH,20260602,20260529,2.0646,10.323,,,10.323,0
513100.SH,20260603,20260601,2.0764,10.382,,,10.382,0
513100.SH,20260603,20260602,2.087,10.435,,,10.435,0
513100.SH,20260604,20260603,2.0808,10.404,,,10.404,0
513100.SH,20260605,20260604,2.0707,10.3535,,,10.3535,0
513100.SH,20260608,20260605,1.971,9.855,,,9.855,0
513100.SH,20260609,20260608,2.0029,10.0145,,,10.0145,0
513100.SH,20260610,20260609,1.979,9.895,,,9.895,0
513100.SH,20260611,20260610,1.9394,9.697,,,9.697,0
513100.SH,20260612,20260611,2.0035,10.0175,,,10.0175,0
513100.SH,20260615,20260612,2.0152,10.076,,,10.076,0
513100.SH,20260616,20260615,2.0754,10.377,,,10.377,0
513100.SH,20260617,20260616,2.037,10.185,,,10.185,0
513100.SH,20260618,20260617,2.0164,10.082,,,10.082,0
513100.SH,20260622,20260618,2.0671,10.3355,,,10.3355,0
513100.SH,20260623,20260622,2.0635,10.3175,,,10.3175,0
513100.SH,20260624,20260623,1.9962,9.981,,,9.981,0
513100.SH,20260625,20260624,1.9881,9.9405,,,9.9405,0
513100.SH,20260626,20260625,2.0034,10.017,,,10.017,0
513100.SH,20260629,20260626,1.9801,9.9005,,,9.9005,0
513100.SH,20260630,20260629,2.0249,10.1245,,,10.1245,0
513100.SH,20260701,20260630,2.0568,10.284,,,10.284,0
513100.SH,20260702,20260701,2.0243,10.1215,,,10.1215,0
513100.SH,20260703,20260702,1.992,9.96,,,9.96,0
513100.SH,20260706,20260703,1.9908,9.954,,,9.954,0
513100.SH,20260707,20260706,2.0164,10.082,,,10.082,0
513100.SH,20260708,20260707,1.9803,9.9015,,,9.9015,0
513100.SH,20260709,20260708,1.9863,9.9315,,,9.9315,0
513100.SH,20260710,20260709,2.0172,10.086,,,10.086,0
513100.SH,20260713,20260710,2.0224,10.112,,,10.112,0
513100.SH,20260714,20260713,1.9839,9.9195,,,9.9195,0
513100.SH,20260715,20260714,2.0061,10.0305,,,10.0305,0
513100.SH,20260716,20260715,1.9981,9.9905,,,9.9905,0
513100.SH,20260717,20260716,1.9659,9.8295,,,9.8295,0
513100.SH,20260720,20260717,1.9371,9.6855,,,9.6855,0
513100.SH,20260721,20260720,1.9381,9.6905,,,9.6905,0
513100.SH,20260722,20260721,1.9744,9.872,,,9.872,0
513100.SH,20260723,20260722,1.9643,9.8215,,,9.8215,0
513100.SH,20260724,20260723,1.9267,9.6335,,,9.6335,0
513100.SH,20260727,20260724,1.9055,9.5275,,,9.5275,0
513100.SH,20260728,20260727,1.8986,9.493,,,9.493,0
513100.SH,20260729,20260728,1.8805,9.4025,,,9.4025,0
513100.SH,20260730,20260729,1.841,9.205,,,9.205,0
