ts_code,trade_date,fd_share,fund_type,market
159941.SZ,20150610,26305.2541,ETF,SZ
159941.SZ,20150630,26305.2541,ETF,SZ
159941.SZ,20150713,26305.2541,ETF,SZ
159941.SZ,20150714,26305.2541,ETF,SZ
159941.SZ,20150715,25905.2541,ETF,SZ
159941.SZ,20150716,22205.2541,ETF,SZ
159941.SZ,20150717,20705.2541,ETF,SZ
159941.SZ,20150720,19605.2541,ETF,SZ
159941.SZ,20150721,19405.2541,ETF,SZ
159941.SZ,20150722,18405.2541,ETF,SZ
159941.SZ,20150723,18105.2541,ETF,SZ
159941.SZ,20150724,17005.2541,ETF,SZ
159941.SZ,20150727,15205.2541,ETF,SZ
159941.SZ,20150728,14805.2541,ETF,SZ
159941.SZ,20150729,13605.2541,ETF,SZ
159941.SZ,20150730,13505.2541,ETF,SZ
159941.SZ,20150731,13405.2541,ETF,SZ
159941.SZ,20150803,12905.2541,ETF,SZ
159941.SZ,20150804,12805.2541,ETF,SZ
159941.SZ,20150805,11705.2541,ETF,SZ
159941.SZ,20150806,11805.2541,ETF,SZ
159941.SZ,20150807,11805.2541,ETF,SZ
159941.SZ,20150810,11605.2541,ETF,SZ
159941.SZ,20150811,11605.2541,ETF,SZ
159941.SZ,20150812,11605.2541,ETF,SZ
159941.SZ,20150813,11105.2541,ETF,SZ
159941.SZ,20150814,10905.2541,ETF,SZ
159941.SZ,20150817,10505.2541,ETF,SZ
159941.SZ,20150818,10205.2541,ETF,SZ
159941.SZ,20150819,10205.2541,ETF,SZ
159941.SZ,20150820,10205.2541,ETF,SZ
159941.SZ,20150821,10205.2541,ETF,SZ
159941.SZ,20150824,10205.2541,ETF,SZ
159941.SZ,20150825,10105.2541,ETF,SZ
159941.SZ,20150826,10005.2541,ETF,SZ
159941.SZ,20150827,9705.2541,ETF,SZ
159941.SZ,20150828,9505.2541,ETF,SZ
159941.SZ,20150831,9505.2541,ETF,SZ
159941.SZ,20150901,9505.2541,ETF,SZ
159941.SZ,20150902,8305.2541,ETF,SZ
159941.SZ,20150907,8205.2541,ETF,SZ
159941.SZ,20150908,8205.2541,ETF,SZ
159941.SZ,20150909,8205.2541,ETF,SZ
159941.SZ,20150910,8205.2541,ETF,SZ
159941.SZ,20150911,8105.2541,ETF,SZ
159941.SZ,20150914,8105.2541,ETF,SZ
159941.SZ,20150915,7905.2541,ETF,SZ
159941.SZ,20150916,7805.2541,ETF,SZ
159941.SZ,20150917,7705.2541,ETF,SZ
159941.SZ,20150918,7705.2541,ETF,SZ
159941.SZ,20150921,7505.2541,ETF,SZ
159941.SZ,20150922,7405.2541,ETF,SZ
159941.SZ,20150923,7405.2541,ETF,SZ
159941.SZ,20150924,7305.2541,ETF,SZ
159941.SZ,20150925,7305.2541,ETF,SZ
159941.SZ,20150928,6905.2541,ETF,SZ
159941.SZ,20150929,6905.2541,ETF,SZ
159941.SZ,20150930,6805.2541,ETF,SZ
159941.SZ,20151008,6805.2541,ETF,SZ
159941.SZ,20151009,6705.2541,ETF,SZ
159941.SZ,20151012,6605.2541,ETF,SZ
159941.SZ,20151013,6505.2541,ETF,SZ
159941.SZ,20151014,6505.2541,ETF,SZ
159941.SZ,20151015,6505.2541,ETF,SZ
159941.SZ,20151016,6505.2541,ETF,SZ
159941.SZ,20151019,6505.2541,ETF,SZ
159941.SZ,20151020,6505.2541,ETF,SZ
159941.SZ,20151021,6405.2541,ETF,SZ
159941.SZ,20151022,6305.2541,ETF,SZ
159941.SZ,20151023,6205.2541,ETF,SZ
159941.SZ,20151026,6205.2541,ETF,SZ
159941.SZ,20151027,5905.2541,ETF,SZ
159941.SZ,20151028,5905.2541,ETF,SZ
159941.SZ,20151029,5605.2541,ETF,SZ
159941.SZ,20151030,5505.2541,ETF,SZ
159941.SZ,20151102,5505.2541,ETF,SZ
159941.SZ,20151103,5405.2541,ETF,SZ
159941.SZ,20151104,5405.2541,ETF,SZ
159941.SZ,20151105,5405.2541,ETF,SZ
159941.SZ,20151106,5305.2541,ETF,SZ
159941.SZ,20151109,5305.2541,ETF,SZ
159941.SZ,20151110,5205.2541,ETF,SZ
159941.SZ,20151111,4605.2541,ETF,SZ
159941.SZ,20151112,4605.2541,ETF,SZ
159941.SZ,20151113,4605.2541,ETF,SZ
159941.SZ,20151116,4605.2541,ETF,SZ
159941.SZ,20151117,4605.2541,ETF,SZ
159941.SZ,20151118,4605.2541,ETF,SZ
159941.SZ,20151119,4505.2541,ETF,SZ
159941.SZ,20151120,4505.2541,ETF,SZ
159941.SZ,20151123,4505.2541,ETF,SZ
159941.SZ,20151124,4505.2541,ETF,SZ
159941.SZ,20151125,4405.2541,ETF,SZ
159941.SZ,20151126,4205.2541,ETF,SZ
159941.SZ,20151127,4205.2541,ETF,SZ
159941.SZ,20151130,4205.2541,ETF,SZ
159941.SZ,20151201,4205.2541,ETF,SZ
159941.SZ,20151202,4005.2541,ETF,SZ
159941.SZ,20151203,3905.2541,ETF,SZ
159941.SZ,20151204,3705.2541,ETF,SZ
159941.SZ,20151207,3705.2541,ETF,SZ
159941.SZ,20151208,3705.2541,ETF,SZ
159941.SZ,20151209,3705.2541,ETF,SZ
159941.SZ,20151210,3705.2541,ETF,SZ
159941.SZ,20151211,3705.2541,ETF,SZ
159941.SZ,20151214,3705.2541,ETF,SZ
159941.SZ,20151215,3705.2541,ETF,SZ
159941.SZ,20151216,3705.2541,ETF,SZ
159941.SZ,20151217,3705.2541,ETF,SZ
159941.SZ,20151218,3705.2541,ETF,SZ
159941.SZ,20151221,3705.2541,ETF,SZ
159941.SZ,20151222,3605.2541,ETF,SZ
159941.SZ,20151223,3605.2541,ETF,SZ
159941.SZ,20151224,3605.2541,ETF,SZ
159941.SZ,20151225,3605.2541,ETF,SZ
159941.SZ,20151228,3605.2541,ETF,SZ
159941.SZ,20151229,3605.2541,ETF,SZ
159941.SZ,20151230,3605.2541,ETF,SZ
159941.SZ,20151231,3605.2541,ETF,SZ
159941.SZ,20160104,3605.2541,ETF,SZ
159941.SZ,20160105,3405.2541,ETF,SZ
159941.SZ,20160106,3405.2541,ETF,SZ
159941.SZ,20160107,3405.2541,ETF,SZ
159941.SZ,20160108,3405.2541,ETF,SZ
159941.SZ,20160111,3405.2541,ETF,SZ
159941.SZ,20160112,3405.2541,ETF,SZ
159941.SZ,20160113,3405.2541,ETF,SZ
159941.SZ,20160114,3405.2541,ETF,SZ
159941.SZ,20160115,3405.2541,ETF,SZ
159941.SZ,20160118,3405.2541,ETF,SZ
159941.SZ,20160119,3405.2541,ETF,SZ
159941.SZ,20160120,3405.2541,ETF,SZ
159941.SZ,20160121,3405.2541,ETF,SZ
159941.SZ,20160122,3405.2541,ETF,SZ
159941.SZ,20160125,3405.2541,ETF,SZ
159941.SZ,20160126,3405.2541,ETF,SZ
159941.SZ,20160127,3405.2541,ETF,SZ
159941.SZ,20160128,3405.2541,ETF,SZ
159941.SZ,20160129,3405.2541,ETF,SZ
159941.SZ,20160201,3405.2541,ETF,SZ
159941.SZ,20160202,3405.2541,ETF,SZ
159941.SZ,20160203,3405.2541,ETF,SZ
159941.SZ,20160204,3405.2541,ETF,SZ
159941.SZ,20160205,3405.2541,ETF,SZ
159941.SZ,20160215,3405.2541,ETF,SZ
159941.SZ,20160216,3405.2541,ETF,SZ
159941.SZ,20160217,3405.2541,ETF,SZ
159941.SZ,20160218,3405.2541,ETF,SZ
159941.SZ,20160219,3405.2541,ETF,SZ
159941.SZ,20160222,3405.2541,ETF,SZ
159941.SZ,20160223,3405.2541,ETF,SZ
159941.SZ,20160224,3405.2541,ETF,SZ
159941.SZ,20160225,3405.2541,ETF,SZ
159941.SZ,20160226,3405.2541,ETF,SZ
159941.SZ,20160229,3405.2541,ETF,SZ
159941.SZ,20160301,3405.2541,ETF,SZ
159941.SZ,20160302,3405.2541,ETF,SZ
159941.SZ,20160303,3405.2541,ETF,SZ
159941.SZ,20160304,3405.2541,ETF,SZ
159941.SZ,20160307,3405.2541,ETF,SZ
159941.SZ,20160308,3405.2541,ETF,SZ
159941.SZ,20160309,3405.2541,ETF,SZ
159941.SZ,20160310,3405.2541,ETF,SZ
159941.SZ,20160311,3405.2541,ETF,SZ
159941.SZ,20160314,3405.2541,ETF,SZ
159941.SZ,20160315,3405.2541,ETF,SZ
159941.SZ,20160316,3305.2541,ETF,SZ
159941.SZ,20160317,3305.2541,ETF,SZ
159941.SZ,20160318,3305.2541,ETF,SZ
159941.SZ,20160321,3305.2541,ETF,SZ
159941.SZ,20160322,3305.2541,ETF,SZ
159941.SZ,20160323,3305.2541,ETF,SZ
159941.SZ,20160324,3305.2541,ETF,SZ
159941.SZ,20160325,3305.2541,ETF,SZ
159941.SZ,20160328,3305.2541,ETF,SZ
159941.SZ,20160329,3305.2541,ETF,SZ
159941.SZ,20160330,3305.2541,ETF,SZ
159941.SZ,20160331,3305.2541,ETF,SZ
159941.SZ,20160401,3305.2541,ETF,SZ
159941.SZ,20160405,3305.2541,ETF,SZ
159941.SZ,20160406,3305.2541,ETF,SZ
159941.SZ,20160407,3305.2541,ETF,SZ
159941.SZ,20160408,3305.2541,ETF,SZ
159941.SZ,20160411,3305.2541,ETF,SZ
159941.SZ,20160412,3305.2541,ETF,SZ
159941.SZ,20160413,3305.2541,ETF,SZ
159941.SZ,20160414,3305.2541,ETF,SZ
159941.SZ,20160415,3305.2541,ETF,SZ
159941.SZ,20160418,3305.2541,ETF,SZ
159941.SZ,20160419,3305.2541,ETF,SZ
159941.SZ,20160420,3305.2541,ETF,SZ
159941.SZ,20160421,3305.2541,ETF,SZ
159941.SZ,20160422,3305.2541,ETF,SZ
159941.SZ,20160425,3305.2541,ETF,SZ
159941.SZ,20160426,3305.2541,ETF,SZ
159941.SZ,20160427,3205.2541,ETF,SZ
159941.SZ,20160428,3205.2541,ETF,SZ
159941.SZ,20160429,3205.2541,ETF,SZ
159941.SZ,20160503,3205.2541,ETF,SZ
159941.SZ,20160504,3205.2541,ETF,SZ
159941.SZ,20160505,3205.2541,ETF,SZ
159941.SZ,20160506,3205.2541,ETF,SZ
159941.SZ,20160509,3205.2541,ETF,SZ
159941.SZ,20160510,3205.2541,ETF,SZ
159941.SZ,20160511,3205.2541,ETF,SZ
159941.SZ,20160512,3205.2541,ETF,SZ
159941.SZ,20160513,3205.2541,ETF,SZ
159941.SZ,20160516,3205.2541,ETF,SZ
159941.SZ,20160517,3205.2541,ETF,SZ
159941.SZ,20160518,3205.2541,ETF,SZ
159941.SZ,20160519,3205.2541,ETF,SZ
159941.SZ,20160520,3205.2541,ETF,SZ
159941.SZ,20160523,3205.2541,ETF,SZ
159941.SZ,20160524,3205.2541,ETF,SZ
159941.SZ,20160525,3205.2541,ETF,SZ
159941.SZ,20160526,3205.2541,ETF,SZ
159941.SZ,20160527,3205.2541,ETF,SZ
159941.SZ,20160530,3205.2541,ETF,SZ
159941.SZ,20160531,3205.2541,ETF,SZ
159941.SZ,20160601,3205.2541,ETF,SZ
159941.SZ,20160602,3205.2541,ETF,SZ
159941.SZ,20160603,3205.2541,ETF,SZ
159941.SZ,20160606,3205.2541,ETF,SZ
159941.SZ,20160607,3105.2541,ETF,SZ
159941.SZ,20160608,3105.2541,ETF,SZ
159941.SZ,20160613,3105.2541,ETF,SZ
159941.SZ,20160614,3105.2541,ETF,SZ
159941.SZ,20160615,3105.2541,ETF,SZ
159941.SZ,20160616,3105.2541,ETF,SZ
159941.SZ,20160617,3105.2541,ETF,SZ
159941.SZ,20160620,3105.2541,ETF,SZ
159941.SZ,20160621,3105.2541,ETF,SZ
159941.SZ,20160622,3105.2541,ETF,SZ
159941.SZ,20160623,3105.2541,ETF,SZ
159941.SZ,20160624,3105.2541,ETF,SZ
159941.SZ,20160627,3105.2541,ETF,SZ
159941.SZ,20160628,3105.2541,ETF,SZ
159941.SZ,20160629,3105.2541,ETF,SZ
159941.SZ,20160630,3105.2541,ETF,SZ
159941.SZ,20160701,3105.2541,ETF,SZ
159941.SZ,20160704,3105.2541,ETF,SZ
159941.SZ,20160705,3105.2541,ETF,SZ
159941.SZ,20160706,3105.2541,ETF,SZ
159941.SZ,20160707,3105.2541,ETF,SZ
159941.SZ,20160708,3105.2541,ETF,SZ
159941.SZ,20160711,3105.2541,ETF,SZ
159941.SZ,20160712,3105.2541,ETF,SZ
159941.SZ,20160713,3105.2541,ETF,SZ
159941.SZ,20160714,3105.2541,ETF,SZ
159941.SZ,20160715,3105.2541,ETF,SZ
159941.SZ,20160718,3005.2541,ETF,SZ
159941.SZ,20160719,2905.2541,ETF,SZ
159941.SZ,20160720,2905.2541,ETF,SZ
159941.SZ,20160721,2905.2541,ETF,SZ
159941.SZ,20160722,2905.2541,ETF,SZ
159941.SZ,20160725,2605.2541,ETF,SZ
159941.SZ,20160726,2605.2541,ETF,SZ
159941.SZ,20160727,2605.2541,ETF,SZ
159941.SZ,20160728,2605.2541,ETF,SZ
159941.SZ,20160729,2505.2541,ETF,SZ
159941.SZ,20160801,2405.2541,ETF,SZ
159941.SZ,20160802,2405.2541,ETF,SZ
159941.SZ,20160803,2405.2541,ETF,SZ
159941.SZ,20160804,2405.2541,ETF,SZ
159941.SZ,20160805,2405.2541,ETF,SZ
159941.SZ,20160808,2405.2541,ETF,SZ
159941.SZ,20160809,2405.2541,ETF,SZ
159941.SZ,20160810,2405.2541,ETF,SZ
159941.SZ,20160811,2405.2541,ETF,SZ
159941.SZ,20160812,2405.2541,ETF,SZ
159941.SZ,20160815,2405.2541,ETF,SZ
159941.SZ,20160816,2405.2541,ETF,SZ
159941.SZ,20160817,2405.2541,ETF,SZ
159941.SZ,20160818,2405.2541,ETF,SZ
159941.SZ,20160819,2405.2541,ETF,SZ
159941.SZ,20160822,2405.2541,ETF,SZ
159941.SZ,20160823,2405.2541,ETF,SZ
159941.SZ,20160824,2405.2541,ETF,SZ
159941.SZ,20160825,2405.2541,ETF,SZ
159941.SZ,20160826,2405.2541,ETF,SZ
159941.SZ,20160829,2405.2541,ETF,SZ
159941.SZ,20160830,2405.2541,ETF,SZ
159941.SZ,20160831,2405.2541,ETF,SZ
159941.SZ,20160901,2405.2541,ETF,SZ
159941.SZ,20160902,2305.2541,ETF,SZ
159941.SZ,20160905,2305.2541,ETF,SZ
159941.SZ,20160906,2305.2541,ETF,SZ
159941.SZ,20160907,2305.2541,ETF,SZ
159941.SZ,20160908,2305.2541,ETF,SZ
159941.SZ,20160909,2305.2541,ETF,SZ
159941.SZ,20160912,2305.2541,ETF,SZ
159941.SZ,20160913,2305.2541,ETF,SZ
159941.SZ,20160914,2305.2541,ETF,SZ
159941.SZ,20160919,2305.2541,ETF,SZ
159941.SZ,20160920,2305.2541,ETF,SZ
159941.SZ,20160921,2305.2541,ETF,SZ
159941.SZ,20160922,2305.2541,ETF,SZ
159941.SZ,20160923,2305.2541,ETF,SZ
159941.SZ,20160926,2305.2541,ETF,SZ
159941.SZ,20160927,2305.2541,ETF,SZ
159941.SZ,20160928,2305.2541,ETF,SZ
159941.SZ,20160929,2305.2541,ETF,SZ
159941.SZ,20160930,2305.2541,ETF,SZ
159941.SZ,20161010,2305.2541,ETF,SZ
159941.SZ,20161011,2305.2541,ETF,SZ
159941.SZ,20161012,2305.2541,ETF,SZ
159941.SZ,20161013,2305.2541,ETF,SZ
159941.SZ,20161014,2305.2541,ETF,SZ
159941.SZ,20161017,2305.2541,ETF,SZ
159941.SZ,20161018,2305.2541,ETF,SZ
159941.SZ,20161019,2305.2541,ETF,SZ
159941.SZ,20161020,2305.2541,ETF,SZ
159941.SZ,20161021,2305.2541,ETF,SZ
159941.SZ,20161024,2305.2541,ETF,SZ
159941.SZ,20161025,2305.2541,ETF,SZ
159941.SZ,20161026,2305.2541,ETF,SZ
159941.SZ,20161027,2305.2541,ETF,SZ
159941.SZ,20161028,2305.2541,ETF,SZ
159941.SZ,20161031,2305.2541,ETF,SZ
159941.SZ,20161101,2305.2541,ETF,SZ
159941.SZ,20161102,2305.2541,ETF,SZ
159941.SZ,20161103,2305.2541,ETF,SZ
159941.SZ,20161104,2305.2541,ETF,SZ
159941.SZ,20161107,2305.2541,ETF,SZ
159941.SZ,20161108,2305.2541,ETF,SZ
159941.SZ,20161109,2305.2541,ETF,SZ
159941.SZ,20161110,2305.2541,ETF,SZ
159941.SZ,20161111,2305.2541,ETF,SZ
159941.SZ,20161114,2305.2541,ETF,SZ
159941.SZ,20161115,2305.2541,ETF,SZ
159941.SZ,20161116,2305.2541,ETF,SZ
159941.SZ,20161117,2305.2541,ETF,SZ
159941.SZ,20161118,2305.2541,ETF,SZ
159941.SZ,20161121,2305.2541,ETF,SZ
159941.SZ,20161122,2305.2541,ETF,SZ
159941.SZ,20161123,2305.2541,ETF,SZ
159941.SZ,20161124,2305.2541,ETF,SZ
159941.SZ,20161125,2305.2541,ETF,SZ
159941.SZ,20161128,2305.2541,ETF,SZ
159941.SZ,20161129,2305.2541,ETF,SZ
159941.SZ,20161130,2305.2541,ETF,SZ
159941.SZ,20161201,2405.2541,ETF,SZ
159941.SZ,20161202,2505.2541,ETF,SZ
159941.SZ,20161205,2505.2541,ETF,SZ
159941.SZ,20161206,2505.2541,ETF,SZ
159941.SZ,20161207,2505.2541,ETF,SZ
159941.SZ,20161208,2605.2541,ETF,SZ
159941.SZ,20161209,2805.2541,ETF,SZ
159941.SZ,20161212,3005.2541,ETF,SZ
159941.SZ,20161213,3005.2541,ETF,SZ
159941.SZ,20161214,3005.2541,ETF,SZ
159941.SZ,20161215,3005.2541,ETF,SZ
159941.SZ,20161216,3005.2541,ETF,SZ
159941.SZ,20161219,3005.2541,ETF,SZ
159941.SZ,20161220,3005.2541,ETF,SZ
159941.SZ,20161221,3005.2541,ETF,SZ
159941.SZ,20161222,3005.2541,ETF,SZ
159941.SZ,20161223,3005.2541,ETF,SZ
159941.SZ,20161226,3005.2541,ETF,SZ
159941.SZ,20161227,3005.2541,ETF,SZ
159941.SZ,20161228,3005.2541,ETF,SZ
159941.SZ,20161229,3005.2541,ETF,SZ
159941.SZ,20161230,3005.2541,ETF,SZ
159941.SZ,20161231,3005.2541,ETF,SZ
159941.SZ,20170103,3005.2541,ETF,SZ
159941.SZ,20170104,3005.2541,ETF,SZ
159941.SZ,20170105,3005.2541,ETF,SZ
159941.SZ,20170106,3005.2541,ETF,SZ
159941.SZ,20170109,3005.2541,ETF,SZ
159941.SZ,20170110,3005.2541,ETF,SZ
159941.SZ,20170111,3005.2541,ETF,SZ
159941.SZ,20170112,3005.2541,ETF,SZ
159941.SZ,20170113,3005.2541,ETF,SZ
159941.SZ,20170116,3005.2541,ETF,SZ
159941.SZ,20170117,3005.2541,ETF,SZ
159941.SZ,20170118,3005.2541,ETF,SZ
159941.SZ,20170119,3005.2541,ETF,SZ
159941.SZ,20170120,3005.2541,ETF,SZ
159941.SZ,20170123,3005.2541,ETF,SZ
159941.SZ,20170124,3005.2541,ETF,SZ
159941.SZ,20170125,3005.2541,ETF,SZ
159941.SZ,20170126,3005.2541,ETF,SZ
159941.SZ,20170203,3005.2541,ETF,SZ
159941.SZ,20170206,3005.2541,ETF,SZ
159941.SZ,20170207,3005.2541,ETF,SZ
159941.SZ,20170208,3005.2541,ETF,SZ
159941.SZ,20170209,3005.2541,ETF,SZ
159941.SZ,20170210,3005.2541,ETF,SZ
159941.SZ,20170213,3005.2541,ETF,SZ
159941.SZ,20170214,3005.2541,ETF,SZ
159941.SZ,20170215,3005.2541,ETF,SZ
159941.SZ,20170216,3005.2541,ETF,SZ
159941.SZ,20170217,3005.2541,ETF,SZ
159941.SZ,20170220,3005.2541,ETF,SZ
159941.SZ,20170221,3005.2541,ETF,SZ
159941.SZ,20170222,3005.2541,ETF,SZ
159941.SZ,20170223,3005.2541,ETF,SZ
159941.SZ,20170224,3005.2541,ETF,SZ
159941.SZ,20170227,3005.2541,ETF,SZ
159941.SZ,20170228,3005.2541,ETF,SZ
159941.SZ,20170301,3005.2541,ETF,SZ
159941.SZ,20170302,3005.2541,ETF,SZ
159941.SZ,20170303,3005.2541,ETF,SZ
159941.SZ,20170306,3005.2541,ETF,SZ
159941.SZ,20170307,3005.2541,ETF,SZ
159941.SZ,20170308,3005.2541,ETF,SZ
159941.SZ,20170309,3005.2541,ETF,SZ
159941.SZ,20170310,3005.2541,ETF,SZ
159941.SZ,20170313,3005.2541,ETF,SZ
159941.SZ,20170314,3005.2541,ETF,SZ
159941.SZ,20170315,3005.2541,ETF,SZ
159941.SZ,20170316,3005.2541,ETF,SZ
159941.SZ,20170317,3005.2541,ETF,SZ
159941.SZ,20170320,3005.2541,ETF,SZ
159941.SZ,20170321,3005.2541,ETF,SZ
159941.SZ,20170322,3005.2541,ETF,SZ
159941.SZ,20170323,3005.2541,ETF,SZ
159941.SZ,20170324,3005.2541,ETF,SZ
159941.SZ,20170327,3005.2541,ETF,SZ
159941.SZ,20170328,3005.2541,ETF,SZ
159941.SZ,20170329,3005.2541,ETF,SZ
159941.SZ,20170330,3005.2541,ETF,SZ
159941.SZ,20170331,3005.2541,ETF,SZ
159941.SZ,20170405,3005.2541,ETF,SZ
159941.SZ,20170406,3005.2541,ETF,SZ
159941.SZ,20170407,3005.2541,ETF,SZ
159941.SZ,20170410,3005.2541,ETF,SZ
159941.SZ,20170411,3005.2541,ETF,SZ
159941.SZ,20170412,3005.2541,ETF,SZ
159941.SZ,20170413,3005.2541,ETF,SZ
159941.SZ,20170414,3005.2541,ETF,SZ
159941.SZ,20170417,3005.2541,ETF,SZ
159941.SZ,20170418,3005.2541,ETF,SZ
159941.SZ,20170419,3005.2541,ETF,SZ
159941.SZ,20170420,3005.2541,ETF,SZ
159941.SZ,20170421,3005.2541,ETF,SZ
159941.SZ,20170424,3005.2541,ETF,SZ
159941.SZ,20170425,3005.2541,ETF,SZ
159941.SZ,20170426,3005.2541,ETF,SZ
159941.SZ,20170427,3005.2541,ETF,SZ
159941.SZ,20170428,3005.2541,ETF,SZ
159941.SZ,20170502,3005.2541,ETF,SZ
159941.SZ,20170503,3005.2541,ETF,SZ
159941.SZ,20170504,3005.2541,ETF,SZ
159941.SZ,20170505,3005.2541,ETF,SZ
159941.SZ,20170508,3005.2541,ETF,SZ
159941.SZ,20170509,3005.2541,ETF,SZ
159941.SZ,20170510,3005.2541,ETF,SZ
159941.SZ,20170511,3005.2541,ETF,SZ
159941.SZ,20170512,3005.2541,ETF,SZ
159941.SZ,20170515,3005.2541,ETF,SZ
159941.SZ,20170516,3005.2541,ETF,SZ
159941.SZ,20170517,3005.2541,ETF,SZ
159941.SZ,20170518,3005.2541,ETF,SZ
159941.SZ,20170519,3005.2541,ETF,SZ
159941.SZ,20170522,3005.2541,ETF,SZ
159941.SZ,20170523,3005.2541,ETF,SZ
159941.SZ,20170524,3005.2541,ETF,SZ
159941.SZ,20170525,3005.2541,ETF,SZ
159941.SZ,20170526,3005.2541,ETF,SZ
159941.SZ,20170531,3005.2541,ETF,SZ
159941.SZ,20170601,3005.2541,ETF,SZ
159941.SZ,20170602,3005.2541,ETF,SZ
159941.SZ,20170605,3005.2541,ETF,SZ
159941.SZ,20170606,3005.2541,ETF,SZ
159941.SZ,20170607,3005.2541,ETF,SZ
159941.SZ,20170608,3005.2541,ETF,SZ
159941.SZ,20170609,3005.2541,ETF,SZ
159941.SZ,20170612,3005.2541,ETF,SZ
159941.SZ,20170613,3005.2541,ETF,SZ
159941.SZ,20170614,3005.2541,ETF,SZ
159941.SZ,20170615,3005.2541,ETF,SZ
159941.SZ,20170616,3005.2541,ETF,SZ
159941.SZ,20170619,3005.2541,ETF,SZ
159941.SZ,20170620,3005.2541,ETF,SZ
159941.SZ,20170621,3005.2541,ETF,SZ
159941.SZ,20170622,3005.2541,ETF,SZ
159941.SZ,20170623,3005.2541,ETF,SZ
159941.SZ,20170626,3005.2541,ETF,SZ
159941.SZ,20170627,3005.2541,ETF,SZ
159941.SZ,20170628,3005.2541,ETF,SZ
159941.SZ,20170629,3005.2541,ETF,SZ
159941.SZ,20170630,3005.2541,ETF,SZ
159941.SZ,20170703,3005.2541,ETF,SZ
159941.SZ,20170704,3005.2541,ETF,SZ
159941.SZ,20170705,3005.2541,ETF,SZ
159941.SZ,20170706,3005.2541,ETF,SZ
159941.SZ,20170707,3005.2541,ETF,SZ
159941.SZ,20170710,3005.2541,ETF,SZ
159941.SZ,20170711,3005.2541,ETF,SZ
159941.SZ,20170712,3005.2541,ETF,SZ
159941.SZ,20170713,2905.2541,ETF,SZ
159941.SZ,20170714,2905.2541,ETF,SZ
159941.SZ,20170717,2905.2541,ETF,SZ
159941.SZ,20170718,2605.2541,ETF,SZ
159941.SZ,20170719,2605.2541,ETF,SZ
159941.SZ,20170720,2605.2541,ETF,SZ
159941.SZ,20170721,2505.2541,ETF,SZ
159941.SZ,20170724,2405.2541,ETF,SZ
159941.SZ,20170725,2405.2541,ETF,SZ
159941.SZ,20170726,2405.2541,ETF,SZ
159941.SZ,20170727,2405.2541,ETF,SZ
159941.SZ,20170728,2405.2541,ETF,SZ
159941.SZ,20170731,2405.2541,ETF,SZ
159941.SZ,20170801,2405.2541,ETF,SZ
159941.SZ,20170802,2305.2541,ETF,SZ
159941.SZ,20170803,2205.2541,ETF,SZ
159941.SZ,20170804,2205.2541,ETF,SZ
159941.SZ,20170807,2205.2541,ETF,SZ
159941.SZ,20170808,2205.2541,ETF,SZ
159941.SZ,20170809,2205.2541,ETF,SZ
159941.SZ,20170810,2205.2541,ETF,SZ
159941.SZ,20170811,2205.2541,ETF,SZ
159941.SZ,20170814,2205.2541,ETF,SZ
159941.SZ,20170815,2205.2541,ETF,SZ
159941.SZ,20170816,2205.2541,ETF,SZ
159941.SZ,20170817,2105.2541,ETF,SZ
159941.SZ,20170818,2105.2541,ETF,SZ
159941.SZ,20170821,2105.2541,ETF,SZ
159941.SZ,20170822,2105.2541,ETF,SZ
159941.SZ,20170823,2105.2541,ETF,SZ
159941.SZ,20170824,2105.2541,ETF,SZ
159941.SZ,20170825,2105.2541,ETF,SZ
159941.SZ,20170828,2105.2541,ETF,SZ
159941.SZ,20170829,2105.2541,ETF,SZ
159941.SZ,20170830,2105.2541,ETF,SZ
159941.SZ,20170831,2105.2541,ETF,SZ
159941.SZ,20170901,2105.2541,ETF,SZ
159941.SZ,20170904,2105.2541,ETF,SZ
159941.SZ,20170905,2105.2541,ETF,SZ
159941.SZ,20170906,2105.2541,ETF,SZ
159941.SZ,20170907,2105.2541,ETF,SZ
159941.SZ,20170908,2105.2541,ETF,SZ
159941.SZ,20170911,2105.2541,ETF,SZ
159941.SZ,20170912,2105.2541,ETF,SZ
159941.SZ,20170913,2105.2541,ETF,SZ
159941.SZ,20170914,2105.2541,ETF,SZ
159941.SZ,20170915,2105.2541,ETF,SZ
159941.SZ,20170918,2105.2541,ETF,SZ
159941.SZ,20170919,2105.2541,ETF,SZ
159941.SZ,20170920,2105.2541,ETF,SZ
159941.SZ,20170921,2105.2541,ETF,SZ
159941.SZ,20170922,2105.2541,ETF,SZ
159941.SZ,20170925,2105.2541,ETF,SZ
159941.SZ,20170926,2005.2541,ETF,SZ
159941.SZ,20170927,2005.2541,ETF,SZ
159941.SZ,20170928,2005.2541,ETF,SZ
159941.SZ,20170929,2005.2541,ETF,SZ
159941.SZ,20170930,2005.2541,ETF,SZ
159941.SZ,20171009,2005.2541,ETF,SZ
159941.SZ,20171010,2005.2541,ETF,SZ
159941.SZ,20171011,1905.2541,ETF,SZ
159941.SZ,20171012,1905.2541,ETF,SZ
159941.SZ,20171013,1905.2541,ETF,SZ
159941.SZ,20171016,1905.2541,ETF,SZ
159941.SZ,20171017,1905.2541,ETF,SZ
159941.SZ,20171018,1905.2541,ETF,SZ
159941.SZ,20171019,1905.2541,ETF,SZ
159941.SZ,20171020,1705.2541,ETF,SZ
159941.SZ,20171023,1705.2541,ETF,SZ
159941.SZ,20171024,1705.2541,ETF,SZ
159941.SZ,20171025,1705.2541,ETF,SZ
159941.SZ,20171026,1705.2541,ETF,SZ
159941.SZ,20171027,1605.2541,ETF,SZ
159941.SZ,20171030,1605.2541,ETF,SZ
159941.SZ,20171031,1605.2541,ETF,SZ
159941.SZ,20171101,1605.2541,ETF,SZ
159941.SZ,20171102,1605.2541,ETF,SZ
159941.SZ,20171103,1605.2541,ETF,SZ
159941.SZ,20171106,1605.2541,ETF,SZ
159941.SZ,20171107,1605.2541,ETF,SZ
159941.SZ,20171108,1605.2541,ETF,SZ
159941.SZ,20171109,1605.2541,ETF,SZ
159941.SZ,20171110,1605.2541,ETF,SZ
159941.SZ,20171113,1505.2541,ETF,SZ
159941.SZ,20171114,1505.2541,ETF,SZ
159941.SZ,20171115,1505.2541,ETF,SZ
159941.SZ,20171116,1505.2541,ETF,SZ
159941.SZ,20171117,1505.2541,ETF,SZ
159941.SZ,20171120,1505.2541,ETF,SZ
159941.SZ,20171121,1505.2541,ETF,SZ
159941.SZ,20171122,1505.2541,ETF,SZ
159941.SZ,20171123,1505.2541,ETF,SZ
159941.SZ,20171124,1505.2541,ETF,SZ
159941.SZ,20171127,1505.2541,ETF,SZ
159941.SZ,20171128,1505.2541,ETF,SZ
159941.SZ,20171129,1505.2541,ETF,SZ
159941.SZ,20171130,1505.2541,ETF,SZ
159941.SZ,20171201,1505.2541,ETF,SZ
159941.SZ,20171204,1505.2541,ETF,SZ
159941.SZ,20171205,1505.2541,ETF,SZ
159941.SZ,20171206,1505.2541,ETF,SZ
159941.SZ,20171207,1505.2541,ETF,SZ
159941.SZ,20171208,1505.2541,ETF,SZ
159941.SZ,20171211,1505.2541,ETF,SZ
159941.SZ,20171212,1505.2541,ETF,SZ
159941.SZ,20171213,1505.2541,ETF,SZ
159941.SZ,20171214,1505.2541,ETF,SZ
159941.SZ,20171215,1505.2541,ETF,SZ
159941.SZ,20171218,1505.2541,ETF,SZ
159941.SZ,20171219,1505.2541,ETF,SZ
159941.SZ,20171220,1505.2541,ETF,SZ
159941.SZ,20171221,1505.2541,ETF,SZ
159941.SZ,20171222,1505.2541,ETF,SZ
159941.SZ,20171225,1505.2541,ETF,SZ
159941.SZ,20171226,1505.2541,ETF,SZ
159941.SZ,20171227,1505.2541,ETF,SZ
159941.SZ,20171228,1505.2541,ETF,SZ
159941.SZ,20171229,1505.2541,ETF,SZ
159941.SZ,20171231,1505.2541,ETF,SZ
159941.SZ,20180102,1505.2541,ETF,SZ
159941.SZ,20180103,1505.2541,ETF,SZ
159941.SZ,20180104,1505.2541,ETF,SZ
159941.SZ,20180105,1505.2541,ETF,SZ
159941.SZ,20180108,1505.2541,ETF,SZ
159941.SZ,20180109,1505.2541,ETF,SZ
159941.SZ,20180110,1505.2541,ETF,SZ
159941.SZ,20180111,1505.2541,ETF,SZ
159941.SZ,20180112,1505.2541,ETF,SZ
159941.SZ,20180115,1505.2541,ETF,SZ
159941.SZ,20180116,1505.2541,ETF,SZ
159941.SZ,20180117,1505.2541,ETF,SZ
159941.SZ,20180118,1505.2541,ETF,SZ
159941.SZ,20180119,1505.2541,ETF,SZ
159941.SZ,20180122,1505.2541,ETF,SZ
159941.SZ,20180123,1505.2541,ETF,SZ
159941.SZ,20180124,1505.2541,ETF,SZ
159941.SZ,20180125,1505.2541,ETF,SZ
159941.SZ,20180126,1505.2541,ETF,SZ
159941.SZ,20180129,1505.2541,ETF,SZ
159941.SZ,20180130,1505.2541,ETF,SZ
159941.SZ,20180131,1505.2541,ETF,SZ
159941.SZ,20180201,1505.2541,ETF,SZ
159941.SZ,20180202,1505.2541,ETF,SZ
159941.SZ,20180205,1505.2541,ETF,SZ
159941.SZ,20180206,1505.2541,ETF,SZ
159941.SZ,20180207,1505.2541,ETF,SZ
159941.SZ,20180208,1505.2541,ETF,SZ
159941.SZ,20180209,1505.2541,ETF,SZ
159941.SZ,20180212,1505.2541,ETF,SZ
159941.SZ,20180213,1505.2541,ETF,SZ
159941.SZ,20180214,1505.2541,ETF,SZ
159941.SZ,20180222,1405.2541,ETF,SZ
159941.SZ,20180223,1405.2541,ETF,SZ
159941.SZ,20180226,1405.2541,ETF,SZ
159941.SZ,20180227,1405.2541,ETF,SZ
159941.SZ,20180228,1405.2541,ETF,SZ
159941.SZ,20180301,1305.2541,ETF,SZ
159941.SZ,20180302,1305.2541,ETF,SZ
159941.SZ,20180305,1305.2541,ETF,SZ
159941.SZ,20180306,1305.2541,ETF,SZ
159941.SZ,20180307,1305.2541,ETF,SZ
159941.SZ,20180308,1305.2541,ETF,SZ
159941.SZ,20180309,1305.2541,ETF,SZ
159941.SZ,20180312,1305.2541,ETF,SZ
159941.SZ,20180313,1305.2541,ETF,SZ
159941.SZ,20180314,1305.2541,ETF,SZ
159941.SZ,20180315,1305.2541,ETF,SZ
159941.SZ,20180316,1305.2541,ETF,SZ
159941.SZ,20180319,1305.2541,ETF,SZ
159941.SZ,20180320,1305.2541,ETF,SZ
159941.SZ,20180321,1305.2541,ETF,SZ
159941.SZ,20180322,1305.2541,ETF,SZ
159941.SZ,20180323,1305.2541,ETF,SZ
159941.SZ,20180326,1305.2541,ETF,SZ
159941.SZ,20180327,1305.2541,ETF,SZ
159941.SZ,20180328,1305.2541,ETF,SZ
159941.SZ,20180329,1305.2541,ETF,SZ
159941.SZ,20180330,1305.2541,ETF,SZ
159941.SZ,20180331,1305.2541,ETF,SZ
159941.SZ,20180402,1305.2541,ETF,SZ
159941.SZ,20180403,1305.2541,ETF,SZ
159941.SZ,20180404,1305.2541,ETF,SZ
159941.SZ,20180409,1305.2541,ETF,SZ
159941.SZ,20180410,1305.2541,ETF,SZ
159941.SZ,20180411,1305.2541,ETF,SZ
159941.SZ,20180412,1305.2541,ETF,SZ
159941.SZ,20180413,1305.2541,ETF,SZ
159941.SZ,20180416,1305.2541,ETF,SZ
159941.SZ,20180417,1305.2541,ETF,SZ
159941.SZ,20180418,1305.2541,ETF,SZ
159941.SZ,20180419,1305.2541,ETF,SZ
159941.SZ,20180420,1305.2541,ETF,SZ
159941.SZ,20180423,1305.2541,ETF,SZ
159941.SZ,20180424,1305.2541,ETF,SZ
159941.SZ,20180425,1305.2541,ETF,SZ
159941.SZ,20180426,1305.2541,ETF,SZ
159941.SZ,20180427,1305.2541,ETF,SZ
159941.SZ,20180502,1305.2541,ETF,SZ
159941.SZ,20180503,1305.2541,ETF,SZ
159941.SZ,20180504,1305.2541,ETF,SZ
159941.SZ,20180507,1305.2541,ETF,SZ
159941.SZ,20180508,1205.2541,ETF,SZ
159941.SZ,20180509,1205.2541,ETF,SZ
159941.SZ,20180510,1205.2541,ETF,SZ
159941.SZ,20180511,1205.2541,ETF,SZ
159941.SZ,20180514,1205.2541,ETF,SZ
159941.SZ,20180515,1205.2541,ETF,SZ
159941.SZ,20180516,1205.2541,ETF,SZ
159941.SZ,20180517,1205.2541,ETF,SZ
159941.SZ,20180518,1205.2541,ETF,SZ
159941.SZ,20180521,1205.2541,ETF,SZ
159941.SZ,20180522,1205.2541,ETF,SZ
159941.SZ,20180523,1105.2541,ETF,SZ
159941.SZ,20180524,1105.2541,ETF,SZ
159941.SZ,20180525,1105.2541,ETF,SZ
159941.SZ,20180528,1105.2541,ETF,SZ
159941.SZ,20180529,1105.2541,ETF,SZ
159941.SZ,20180530,1105.2541,ETF,SZ
159941.SZ,20180531,1105.2541,ETF,SZ
159941.SZ,20180601,1105.2541,ETF,SZ
159941.SZ,20180604,1105.2541,ETF,SZ
159941.SZ,20180605,1105.2541,ETF,SZ
159941.SZ,20180606,1105.2541,ETF,SZ
159941.SZ,20180607,1105.2541,ETF,SZ
159941.SZ,20180608,1105.2541,ETF,SZ
159941.SZ,20180611,1105.2541,ETF,SZ
159941.SZ,20180612,1105.2541,ETF,SZ
159941.SZ,20180613,1105.2541,ETF,SZ
159941.SZ,20180614,1105.2541,ETF,SZ
159941.SZ,20180615,1105.2541,ETF,SZ
159941.SZ,20180619,1105.2541,ETF,SZ
159941.SZ,20180620,1105.2541,ETF,SZ
159941.SZ,20180621,1105.2541,ETF,SZ
159941.SZ,20180622,1105.2541,ETF,SZ
159941.SZ,20180625,1105.2541,ETF,SZ
159941.SZ,20180626,1105.2541,ETF,SZ
159941.SZ,20180627,1105.2541,ETF,SZ
159941.SZ,20180628,1105.2541,ETF,SZ
159941.SZ,20180629,1105.2541,ETF,SZ
159941.SZ,20180630,1105.2541,ETF,SZ
159941.SZ,20180702,1105.2541,ETF,SZ
159941.SZ,20180703,1105.2541,ETF,SZ
159941.SZ,20180704,1105.2541,ETF,SZ
159941.SZ,20180705,1105.2541,ETF,SZ
159941.SZ,20180706,1105.2541,ETF,SZ
159941.SZ,20180709,1105.2541,ETF,SZ
159941.SZ,20180710,1105.2541,ETF,SZ
159941.SZ,20180711,1105.2541,ETF,SZ
159941.SZ,20180712,1105.2541,ETF,SZ
159941.SZ,20180713,1105.2541,ETF,SZ
159941.SZ,20180716,1105.2541,ETF,SZ
159941.SZ,20180717,1105.2541,ETF,SZ
159941.SZ,20180718,1205.2541,ETF,SZ
159941.SZ,20180719,1205.2541,ETF,SZ
159941.SZ,20180720,1205.2541,ETF,SZ
159941.SZ,20180723,1205.2541,ETF,SZ
159941.SZ,20180724,1205.2541,ETF,SZ
159941.SZ,20180725,1205.2541,ETF,SZ
159941.SZ,20180726,1205.2541,ETF,SZ
159941.SZ,20180727,1205.2541,ETF,SZ
159941.SZ,20180730,1305.2541,ETF,SZ
159941.SZ,20180731,1405.2541,ETF,SZ
159941.SZ,20180801,1405.2541,ETF,SZ
159941.SZ,20180802,1405.2541,ETF,SZ
159941.SZ,20180803,1405.2541,ETF,SZ
159941.SZ,20180806,1405.2541,ETF,SZ
159941.SZ,20180807,1505.2541,ETF,SZ
159941.SZ,20180808,1705.2541,ETF,SZ
159941.SZ,20180809,1805.2541,ETF,SZ
159941.SZ,20180810,1805.2541,ETF,SZ
159941.SZ,20180813,1805.2541,ETF,SZ
159941.SZ,20180814,1705.2541,ETF,SZ
159941.SZ,20180815,1705.2541,ETF,SZ
159941.SZ,20180816,1705.2541,ETF,SZ
159941.SZ,20180817,1705.2541,ETF,SZ
159941.SZ,20180820,1705.2541,ETF,SZ
159941.SZ,20180821,1705.2541,ETF,SZ
159941.SZ,20180822,1705.2541,ETF,SZ
159941.SZ,20180823,1705.2541,ETF,SZ
159941.SZ,20180824,1705.2541,ETF,SZ
159941.SZ,20180827,1705.2541,ETF,SZ
159941.SZ,20180828,1705.2541,ETF,SZ
159941.SZ,20180829,1705.2541,ETF,SZ
159941.SZ,20180830,1705.2541,ETF,SZ
159941.SZ,20180831,1805.2541,ETF,SZ
159941.SZ,20180903,1805.2541,ETF,SZ
159941.SZ,20180904,1805.2541,ETF,SZ
159941.SZ,20180905,1805.2541,ETF,SZ
159941.SZ,20180906,1805.2541,ETF,SZ
159941.SZ,20180907,1805.2541,ETF,SZ
159941.SZ,20180910,1805.2541,ETF,SZ
159941.SZ,20180911,1805.2541,ETF,SZ
159941.SZ,20180912,1805.2541,ETF,SZ
159941.SZ,20180913,1905.2541,ETF,SZ
159941.SZ,20180914,1905.2541,ETF,SZ
159941.SZ,20180917,1905.2541,ETF,SZ
159941.SZ,20180918,1905.2541,ETF,SZ
159941.SZ,20180919,1905.2541,ETF,SZ
159941.SZ,20180920,1905.2541,ETF,SZ
159941.SZ,20180921,1905.2541,ETF,SZ
159941.SZ,20180925,1905.2541,ETF,SZ
159941.SZ,20180926,1905.2541,ETF,SZ
159941.SZ,20180927,1905.2541,ETF,SZ
159941.SZ,20180928,1905.2541,ETF,SZ
159941.SZ,20180930,1905.2541,ETF,SZ
159941.SZ,20181008,1905.2541,ETF,SZ
159941.SZ,20181009,1905.2541,ETF,SZ
159941.SZ,20181010,2205.2541,ETF,SZ
159941.SZ,20181011,2305.2541,ETF,SZ
159941.SZ,20181012,2305.2541,ETF,SZ
159941.SZ,20181015,2305.2541,ETF,SZ
159941.SZ,20181016,2305.2541,ETF,SZ
159941.SZ,20181017,2305.2541,ETF,SZ
159941.SZ,20181018,2405.2541,ETF,SZ
159941.SZ,20181019,2405.2541,ETF,SZ
159941.SZ,20181022,2405.2541,ETF,SZ
159941.SZ,20181023,2405.2541,ETF,SZ
159941.SZ,20181024,2405.2541,ETF,SZ
159941.SZ,20181025,2405.2541,ETF,SZ
159941.SZ,20181026,2405.2541,ETF,SZ
159941.SZ,20181029,2405.2541,ETF,SZ
159941.SZ,20181030,2405.2541,ETF,SZ
159941.SZ,20181031,2405.2541,ETF,SZ
159941.SZ,20181101,2405.2541,ETF,SZ
159941.SZ,20181102,2405.2541,ETF,SZ
159941.SZ,20181105,2405.2541,ETF,SZ
159941.SZ,20181106,2405.2541,ETF,SZ
159941.SZ,20181107,2405.2541,ETF,SZ
159941.SZ,20181108,2405.2541,ETF,SZ
159941.SZ,20181109,2405.2541,ETF,SZ
159941.SZ,20181112,2405.2541,ETF,SZ
159941.SZ,20181113,2405.2541,ETF,SZ
159941.SZ,20181114,2405.2541,ETF,SZ
159941.SZ,20181115,2405.2541,ETF,SZ
159941.SZ,20181116,2405.2541,ETF,SZ
159941.SZ,20181119,2405.2541,ETF,SZ
159941.SZ,20181120,2405.2541,ETF,SZ
159941.SZ,20181121,2405.2541,ETF,SZ
159941.SZ,20181122,2405.2541,ETF,SZ
159941.SZ,20181123,2405.2541,ETF,SZ
159941.SZ,20181126,2405.2541,ETF,SZ
159941.SZ,20181127,2405.2541,ETF,SZ
159941.SZ,20181128,2405.2541,ETF,SZ
159941.SZ,20181129,2405.2541,ETF,SZ
159941.SZ,20181130,2305.2541,ETF,SZ
159941.SZ,20181203,2305.2541,ETF,SZ
159941.SZ,20181204,2305.2541,ETF,SZ
159941.SZ,20181205,2305.2541,ETF,SZ
159941.SZ,20181206,2305.2541,ETF,SZ
159941.SZ,20181207,2305.2541,ETF,SZ
159941.SZ,20181210,2305.2541,ETF,SZ
159941.SZ,20181211,2305.2541,ETF,SZ
159941.SZ,20181212,2305.2541,ETF,SZ
159941.SZ,20181213,2305.2541,ETF,SZ
159941.SZ,20181214,2305.2541,ETF,SZ
159941.SZ,20181217,2305.2541,ETF,SZ
159941.SZ,20181218,2305.2541,ETF,SZ
159941.SZ,20181219,2305.2541,ETF,SZ
159941.SZ,20181220,2305.2541,ETF,SZ
159941.SZ,20181221,2305.2541,ETF,SZ
159941.SZ,20181224,2305.2541,ETF,SZ
159941.SZ,20181225,2305.2541,ETF,SZ
159941.SZ,20181226,2305.2541,ETF,SZ
159941.SZ,20181227,2305.2541,ETF,SZ
159941.SZ,20181228,2305.2541,ETF,SZ
159941.SZ,20181231,2305.2541,ETF,SZ
159941.SZ,20190102,2305.2541,ETF,SZ
159941.SZ,20190103,2305.2541,ETF,SZ
159941.SZ,20190104,2305.2541,ETF,SZ
159941.SZ,20190107,2305.2541,ETF,SZ
159941.SZ,20190108,2305.2541,ETF,SZ
159941.SZ,20190109,2305.2541,ETF,SZ
159941.SZ,20190110,2305.2541,ETF,SZ
159941.SZ,20190111,2305.2541,ETF,SZ
159941.SZ,20190114,2305.2541,ETF,SZ
159941.SZ,20190115,2305.2541,ETF,SZ
159941.SZ,20190116,2305.2541,ETF,SZ
159941.SZ,20190117,2305.2541,ETF,SZ
159941.SZ,20190118,2305.2541,ETF,SZ
159941.SZ,20190121,2305.2541,ETF,SZ
159941.SZ,20190122,2305.2541,ETF,SZ
159941.SZ,20190123,2305.2541,ETF,SZ
159941.SZ,20190124,2305.2541,ETF,SZ
159941.SZ,20190125,2305.2541,ETF,SZ
159941.SZ,20190128,2305.2541,ETF,SZ
159941.SZ,20190129,2305.2541,ETF,SZ
159941.SZ,20190130,2305.2541,ETF,SZ
159941.SZ,20190131,2305.2541,ETF,SZ
159941.SZ,20190201,2305.2541,ETF,SZ
159941.SZ,20190211,2305.2541,ETF,SZ
159941.SZ,20190212,2305.2541,ETF,SZ
159941.SZ,20190213,2305.2541,ETF,SZ
159941.SZ,20190214,2305.2541,ETF,SZ
159941.SZ,20190215,2305.2541,ETF,SZ
159941.SZ,20190218,2305.2541,ETF,SZ
159941.SZ,20190219,2305.2541,ETF,SZ
159941.SZ,20190220,2305.2541,ETF,SZ
159941.SZ,20190221,2305.2541,ETF,SZ
159941.SZ,20190222,2305.2541,ETF,SZ
159941.SZ,20190225,2305.2541,ETF,SZ
159941.SZ,20190226,2305.2541,ETF,SZ
159941.SZ,20190227,2305.2541,ETF,SZ
159941.SZ,20190228,2305.2541,ETF,SZ
159941.SZ,20190301,2305.2541,ETF,SZ
159941.SZ,20190304,2305.2541,ETF,SZ
159941.SZ,20190305,2305.2541,ETF,SZ
159941.SZ,20190306,2305.2541,ETF,SZ
159941.SZ,20190307,2305.2541,ETF,SZ
159941.SZ,20190308,2305.2541,ETF,SZ
159941.SZ,20190311,2305.2541,ETF,SZ
159941.SZ,20190312,2305.2541,ETF,SZ
159941.SZ,20190313,2005.2541,ETF,SZ
159941.SZ,20190314,1905.2541,ETF,SZ
159941.SZ,20190315,1805.2541,ETF,SZ
159941.SZ,20190318,1905.2541,ETF,SZ
159941.SZ,20190319,1605.2541,ETF,SZ
159941.SZ,20190320,1605.2541,ETF,SZ
159941.SZ,20190321,1605.2541,ETF,SZ
159941.SZ,20190322,1605.2541,ETF,SZ
159941.SZ,20190325,1605.2541,ETF,SZ
159941.SZ,20190326,1605.2541,ETF,SZ
159941.SZ,20190327,1605.2541,ETF,SZ
159941.SZ,20190328,1605.2541,ETF,SZ
159941.SZ,20190329,1505.2541,ETF,SZ
159941.SZ,20190331,1505.2541,ETF,SZ
159941.SZ,20190401,1505.2541,ETF,SZ
159941.SZ,20190402,1505.2541,ETF,SZ
159941.SZ,20190403,1505.2541,ETF,SZ
159941.SZ,20190404,1505.2541,ETF,SZ
159941.SZ,20190408,1505.2541,ETF,SZ
159941.SZ,20190409,1505.2541,ETF,SZ
159941.SZ,20190410,1505.2541,ETF,SZ
159941.SZ,20190411,1405.2541,ETF,SZ
159941.SZ,20190412,1405.2541,ETF,SZ
159941.SZ,20190415,1305.2541,ETF,SZ
159941.SZ,20190416,1305.2541,ETF,SZ
159941.SZ,20190417,1305.2541,ETF,SZ
159941.SZ,20190418,1305.2541,ETF,SZ
159941.SZ,20190419,1305.2541,ETF,SZ
159941.SZ,20190422,1305.2541,ETF,SZ
159941.SZ,20190423,1305.2541,ETF,SZ
159941.SZ,20190424,1305.2541,ETF,SZ
159941.SZ,20190425,1305.2541,ETF,SZ
159941.SZ,20190426,1305.2541,ETF,SZ
159941.SZ,20190429,1305.2541,ETF,SZ
159941.SZ,20190430,1705.2541,ETF,SZ
159941.SZ,20190506,1905.2541,ETF,SZ
159941.SZ,20190507,1905.2541,ETF,SZ
159941.SZ,20190508,1905.2541,ETF,SZ
159941.SZ,20190509,1905.2541,ETF,SZ
159941.SZ,20190510,1905.2541,ETF,SZ
159941.SZ,20190513,1905.2541,ETF,SZ
159941.SZ,20190514,1905.2541,ETF,SZ
159941.SZ,20190515,1905.2541,ETF,SZ
159941.SZ,20190516,1805.2541,ETF,SZ
159941.SZ,20190517,1605.2541,ETF,SZ
159941.SZ,20190520,1605.2541,ETF,SZ
159941.SZ,20190521,1605.2541,ETF,SZ
159941.SZ,20190522,1605.2541,ETF,SZ
159941.SZ,20190523,1605.2541,ETF,SZ
159941.SZ,20190524,1505.2541,ETF,SZ
159941.SZ,20190527,1405.2541,ETF,SZ
159941.SZ,20190528,1405.2541,ETF,SZ
159941.SZ,20190529,1405.2541,ETF,SZ
159941.SZ,20190530,1405.2541,ETF,SZ
159941.SZ,20190531,1405.2541,ETF,SZ
159941.SZ,20190603,1405.2541,ETF,SZ
159941.SZ,20190604,1405.2541,ETF,SZ
159941.SZ,20190605,1405.2541,ETF,SZ
159941.SZ,20190606,1405.2541,ETF,SZ
159941.SZ,20190610,1405.2541,ETF,SZ
159941.SZ,20190611,1405.2541,ETF,SZ
159941.SZ,20190612,1405.2541,ETF,SZ
159941.SZ,20190613,1405.2541,ETF,SZ
159941.SZ,20190614,1405.2541,ETF,SZ
159941.SZ,20190617,1405.2541,ETF,SZ
159941.SZ,20190618,1405.2541,ETF,SZ
159941.SZ,20190619,1405.2541,ETF,SZ
159941.SZ,20190620,1405.2541,ETF,SZ
159941.SZ,20190621,1405.2541,ETF,SZ
159941.SZ,20190624,1405.2541,ETF,SZ
159941.SZ,20190625,1305.2541,ETF,SZ
159941.SZ,20190626,1305.2541,ETF,SZ
159941.SZ,20190627,1305.2541,ETF,SZ
159941.SZ,20190628,1305.2541,ETF,SZ
159941.SZ,20190630,1305.2541,ETF,SZ
159941.SZ,20190701,1305.2541,ETF,SZ
159941.SZ,20190702,1305.2541,ETF,SZ
159941.SZ,20190703,1305.2541,ETF,SZ
159941.SZ,20190704,1305.2541,ETF,SZ
159941.SZ,20190705,1305.2541,ETF,SZ
159941.SZ,20190708,1305.2541,ETF,SZ
159941.SZ,20190709,1305.2541,ETF,SZ
159941.SZ,20190710,1305.2541,ETF,SZ
159941.SZ,20190711,1305.2541,ETF,SZ
159941.SZ,20190712,1305.2541,ETF,SZ
159941.SZ,20190715,1305.2541,ETF,SZ
159941.SZ,20190716,1305.2541,ETF,SZ
159941.SZ,20190717,1305.2541,ETF,SZ
159941.SZ,20190718,1305.2541,ETF,SZ
159941.SZ,20190719,1105.2541,ETF,SZ
159941.SZ,20190722,1105.2541,ETF,SZ
159941.SZ,20190723,1105.2541,ETF,SZ
159941.SZ,20190724,1105.2541,ETF,SZ
159941.SZ,20190725,1105.2541,ETF,SZ
159941.SZ,20190726,1105.2541,ETF,SZ
159941.SZ,20190729,1105.2541,ETF,SZ
159941.SZ,20190730,1105.2541,ETF,SZ
159941.SZ,20190731,1105.2541,ETF,SZ
159941.SZ,20190801,1105.2541,ETF,SZ
159941.SZ,20190802,1105.2541,ETF,SZ
159941.SZ,20190805,1105.2541,ETF,SZ
159941.SZ,20190806,1105.2541,ETF,SZ
159941.SZ,20190807,1105.2541,ETF,SZ
159941.SZ,20190808,1105.2541,ETF,SZ
159941.SZ,20190809,1105.2541,ETF,SZ
159941.SZ,20190812,1105.2541,ETF,SZ
159941.SZ,20190813,1105.2541,ETF,SZ
159941.SZ,20190814,1105.2541,ETF,SZ
159941.SZ,20190815,1105.2541,ETF,SZ
159941.SZ,20190816,1105.2541,ETF,SZ
159941.SZ,20190819,1105.2541,ETF,SZ
159941.SZ,20190820,1105.2541,ETF,SZ
159941.SZ,20190821,1105.2541,ETF,SZ
159941.SZ,20190822,1105.2541,ETF,SZ
159941.SZ,20190823,1105.2541,ETF,SZ
159941.SZ,20190826,1105.2541,ETF,SZ
159941.SZ,20190827,1105.2541,ETF,SZ
159941.SZ,20190828,1105.2541,ETF,SZ
159941.SZ,20190829,1105.2541,ETF,SZ
159941.SZ,20190830,1105.2541,ETF,SZ
159941.SZ,20190902,1105.2541,ETF,SZ
159941.SZ,20190903,1105.2541,ETF,SZ
159941.SZ,20190904,1105.2541,ETF,SZ
159941.SZ,20190905,1105.2541,ETF,SZ
159941.SZ,20190906,1105.2541,ETF,SZ
159941.SZ,20190909,1105.2541,ETF,SZ
159941.SZ,20190910,1105.2541,ETF,SZ
159941.SZ,20190911,1105.2541,ETF,SZ
159941.SZ,20190912,1105.2541,ETF,SZ
159941.SZ,20190916,1105.2541,ETF,SZ
159941.SZ,20190917,1105.2541,ETF,SZ
159941.SZ,20190918,1105.2541,ETF,SZ
159941.SZ,20190919,1105.2541,ETF,SZ
159941.SZ,20190920,1105.2541,ETF,SZ
159941.SZ,20190923,1105.2541,ETF,SZ
159941.SZ,20190924,1105.2541,ETF,SZ
159941.SZ,20190925,1105.2541,ETF,SZ
159941.SZ,20190926,1105.2541,ETF,SZ
159941.SZ,20190927,1105.2541,ETF,SZ
159941.SZ,20190930,1105.2541,ETF,SZ
159941.SZ,20191008,1105.2541,ETF,SZ
159941.SZ,20191009,1105.2541,ETF,SZ
159941.SZ,20191010,1105.2541,ETF,SZ
159941.SZ,20191011,1105.2541,ETF,SZ
159941.SZ,20191014,1105.2541,ETF,SZ
159941.SZ,20191015,1105.2541,ETF,SZ
159941.SZ,20191016,1105.2541,ETF,SZ
159941.SZ,20191017,1005.2541,ETF,SZ
159941.SZ,20191018,1005.2541,ETF,SZ
159941.SZ,20191021,1005.2541,ETF,SZ
159941.SZ,20191022,1005.2541,ETF,SZ
159941.SZ,20191023,1005.2541,ETF,SZ
159941.SZ,20191024,1005.2541,ETF,SZ
159941.SZ,20191025,1005.2541,ETF,SZ
159941.SZ,20191028,1005.2541,ETF,SZ
159941.SZ,20191029,1005.2541,ETF,SZ
159941.SZ,20191030,1005.2541,ETF,SZ
159941.SZ,20191031,1005.2541,ETF,SZ
159941.SZ,20191101,1005.2541,ETF,SZ
159941.SZ,20191104,1005.2541,ETF,SZ
159941.SZ,20191105,1005.2541,ETF,SZ
159941.SZ,20191106,1005.2541,ETF,SZ
159941.SZ,20191107,1005.2541,ETF,SZ
159941.SZ,20191108,1005.2541,ETF,SZ
159941.SZ,20191111,1005.2541,ETF,SZ
159941.SZ,20191112,1005.2541,ETF,SZ
159941.SZ,20191113,1005.2541,ETF,SZ
159941.SZ,20191114,1005.2541,ETF,SZ
159941.SZ,20191115,1005.2541,ETF,SZ
159941.SZ,20191118,1005.2541,ETF,SZ
159941.SZ,20191119,1005.2541,ETF,SZ
159941.SZ,20191120,1005.2541,ETF,SZ
159941.SZ,20191121,1005.2541,ETF,SZ
159941.SZ,20191122,1005.2541,ETF,SZ
159941.SZ,20191125,1005.2541,ETF,SZ
159941.SZ,20191126,1005.2541,ETF,SZ
159941.SZ,20191127,1005.2541,ETF,SZ
159941.SZ,20191128,1005.2541,ETF,SZ
159941.SZ,20191129,1005.2541,ETF,SZ
159941.SZ,20191202,1105.2541,ETF,SZ
159941.SZ,20191203,1305.2541,ETF,SZ
159941.SZ,20191204,1405.2541,ETF,SZ
159941.SZ,20191205,1405.2541,ETF,SZ
159941.SZ,20191206,1605.2541,ETF,SZ
159941.SZ,20191209,1605.2541,ETF,SZ
159941.SZ,20191210,1605.2541,ETF,SZ
159941.SZ,20191211,1605.2541,ETF,SZ
159941.SZ,20191212,1605.2541,ETF,SZ
159941.SZ,20191213,1605.2541,ETF,SZ
159941.SZ,20191216,1605.2541,ETF,SZ
159941.SZ,20191217,1605.2541,ETF,SZ
159941.SZ,20191218,1605.2541,ETF,SZ
159941.SZ,20191219,1605.2541,ETF,SZ
159941.SZ,20191220,1605.2541,ETF,SZ
159941.SZ,20191223,1605.2541,ETF,SZ
159941.SZ,20191224,1605.2541,ETF,SZ
159941.SZ,20191225,1605.2541,ETF,SZ
159941.SZ,20191226,1605.2541,ETF,SZ
159941.SZ,20191227,1605.2541,ETF,SZ
159941.SZ,20191230,1605.2541,ETF,SZ
159941.SZ,20191231,1605.2541,ETF,SZ
159941.SZ,20200102,1605.2541,ETF,SZ
159941.SZ,20200103,1905.2541,ETF,SZ
159941.SZ,20200106,1905.2541,ETF,SZ
159941.SZ,20200107,1905.2541,ETF,SZ
159941.SZ,20200108,1905.2541,ETF,SZ
159941.SZ,20200109,1905.2541,ETF,SZ
159941.SZ,20200110,1905.2541,ETF,SZ
159941.SZ,20200113,2305.2541,ETF,SZ
159941.SZ,20200114,2605.2541,ETF,SZ
159941.SZ,20200115,3105.2541,ETF,SZ
159941.SZ,20200116,3405.2541,ETF,SZ
159941.SZ,20200117,3705.2541,ETF,SZ
159941.SZ,20200120,4205.2541,ETF,SZ
159941.SZ,20200121,4205.2541,ETF,SZ
159941.SZ,20200122,5005.2541,ETF,SZ
159941.SZ,20200123,5205.2541,ETF,SZ
159941.SZ,20200203,5205.2541,ETF,SZ
159941.SZ,20200204,5205.2541,ETF,SZ
159941.SZ,20200205,5305.2541,ETF,SZ
159941.SZ,20200206,5805.2541,ETF,SZ
159941.SZ,20200207,6305.2541,ETF,SZ
159941.SZ,20200210,6805.2541,ETF,SZ
159941.SZ,20200211,7305.2541,ETF,SZ
159941.SZ,20200212,7805.2541,ETF,SZ
159941.SZ,20200213,8105.2541,ETF,SZ
159941.SZ,20200214,8405.2541,ETF,SZ
159941.SZ,20200217,8705.2541,ETF,SZ
159941.SZ,20200218,8705.2541,ETF,SZ
159941.SZ,20200219,8905.2541,ETF,SZ
159941.SZ,20200220,9105.2541,ETF,SZ
159941.SZ,20200221,9305.2541,ETF,SZ
159941.SZ,20200224,9505.2541,ETF,SZ
159941.SZ,20200225,9705.2541,ETF,SZ
159941.SZ,20200226,9905.2541,ETF,SZ
159941.SZ,20200227,10105.2541,ETF,SZ
159941.SZ,20200228,10305.2541,ETF,SZ
159941.SZ,20200302,10705.2541,ETF,SZ
159941.SZ,20200303,11305.2541,ETF,SZ
159941.SZ,20200304,12105.2541,ETF,SZ
159941.SZ,20200305,12705.2541,ETF,SZ
159941.SZ,20200306,13305.2541,ETF,SZ
159941.SZ,20200309,13905.2541,ETF,SZ
159941.SZ,20200310,14405.2541,ETF,SZ
159941.SZ,20200311,14705.2541,ETF,SZ
159941.SZ,20200312,15005.2541,ETF,SZ
159941.SZ,20200313,15305.2541,ETF,SZ
159941.SZ,20200316,15805.2541,ETF,SZ
159941.SZ,20200317,16305.2541,ETF,SZ
159941.SZ,20200318,16505.2541,ETF,SZ
159941.SZ,20200319,16705.2541,ETF,SZ
159941.SZ,20200320,16905.2541,ETF,SZ
159941.SZ,20200323,17105.2541,ETF,SZ
159941.SZ,20200324,17305.2541,ETF,SZ
159941.SZ,20200325,17405.2541,ETF,SZ
159941.SZ,20200326,17505.2541,ETF,SZ
159941.SZ,20200327,17605.2541,ETF,SZ
159941.SZ,20200330,17705.2541,ETF,SZ
159941.SZ,20200331,17905.2541,ETF,SZ
159941.SZ,20200401,17905.2541,ETF,SZ
159941.SZ,20200402,18005.2541,ETF,SZ
159941.SZ,20200403,18105.2541,ETF,SZ
159941.SZ,20200407,18305.2541,ETF,SZ
159941.SZ,20200408,18505.2541,ETF,SZ
159941.SZ,20200409,18705.2541,ETF,SZ
159941.SZ,20200410,18905.2541,ETF,SZ
159941.SZ,20200413,18905.2541,ETF,SZ
159941.SZ,20200414,19105.2541,ETF,SZ
159941.SZ,20200415,19305.2541,ETF,SZ
159941.SZ,20200416,19405.2541,ETF,SZ
159941.SZ,20200417,19605.2541,ETF,SZ
159941.SZ,20200420,19805.2541,ETF,SZ
159941.SZ,20200421,20005.2541,ETF,SZ
159941.SZ,20200422,20205.2541,ETF,SZ
159941.SZ,20200423,20405.2541,ETF,SZ
159941.SZ,20200424,20605.2541,ETF,SZ
159941.SZ,20200427,20805.2541,ETF,SZ
159941.SZ,20200428,21005.2541,ETF,SZ
159941.SZ,20200429,21205.2541,ETF,SZ
159941.SZ,20200430,21405.2541,ETF,SZ
159941.SZ,20200506,21805.2541,ETF,SZ
159941.SZ,20200507,22205.2541,ETF,SZ
159941.SZ,20200508,22605.2541,ETF,SZ
159941.SZ,20200511,23005.2541,ETF,SZ
159941.SZ,20200512,23405.2541,ETF,SZ
159941.SZ,20200513,23805.2541,ETF,SZ
159941.SZ,20200514,24205.2541,ETF,SZ
159941.SZ,20200515,24605.2541,ETF,SZ
159941.SZ,20200518,25005.2541,ETF,SZ
159941.SZ,20200519,25405.2541,ETF,SZ
159941.SZ,20200520,25805.2541,ETF,SZ
159941.SZ,20200521,26205.2541,ETF,SZ
159941.SZ,20200522,26605.2541,ETF,SZ
159941.SZ,20200525,26605.2541,ETF,SZ
159941.SZ,20200526,26605.2541,ETF,SZ
159941.SZ,20200527,27005.2541,ETF,SZ
159941.SZ,20200528,27405.2541,ETF,SZ
159941.SZ,20200529,27805.2541,ETF,SZ
159941.SZ,20200601,27805.2541,ETF,SZ
159941.SZ,20200602,27705.2541,ETF,SZ
159941.SZ,20200603,27105.2541,ETF,SZ
159941.SZ,20200604,26705.2541,ETF,SZ
159941.SZ,20200605,26605.2541,ETF,SZ
159941.SZ,20200608,26605.2541,ETF,SZ
159941.SZ,20200609,26605.2541,ETF,SZ
159941.SZ,20200610,26605.2541,ETF,SZ
159941.SZ,20200611,26605.2541,ETF,SZ
159941.SZ,20200612,26605.2541,ETF,SZ
159941.SZ,20200615,26705.2541,ETF,SZ
159941.SZ,20200616,26805.2541,ETF,SZ
159941.SZ,20200617,26805.2541,ETF,SZ
159941.SZ,20200618,26805.2541,ETF,SZ
159941.SZ,20200619,26805.2541,ETF,SZ
159941.SZ,20200622,26705.2541,ETF,SZ
159941.SZ,20200623,26705.2541,ETF,SZ
159941.SZ,20200624,26705.2541,ETF,SZ
159941.SZ,20200629,26705.2541,ETF,SZ
159941.SZ,20200630,26705.2541,ETF,SZ
159941.SZ,20200701,26705.2541,ETF,SZ
159941.SZ,20200702,26505.2541,ETF,SZ
159941.SZ,20200703,26005.2541,ETF,SZ
159941.SZ,20200706,26005.2541,ETF,SZ
159941.SZ,20200707,25705.2541,ETF,SZ
159941.SZ,20200708,25305.2541,ETF,SZ
159941.SZ,20200709,24805.2541,ETF,SZ
159941.SZ,20200710,24805.2541,ETF,SZ
159941.SZ,20200713,24305.2541,ETF,SZ
159941.SZ,20200714,23905.2541,ETF,SZ
159941.SZ,20200715,23805.2541,ETF,SZ
159941.SZ,20200716,23705.2541,ETF,SZ
159941.SZ,20200717,23705.2541,ETF,SZ
159941.SZ,20200720,23705.2541,ETF,SZ
159941.SZ,20200721,23705.2541,ETF,SZ
159941.SZ,20200722,23505.2541,ETF,SZ
159941.SZ,20200723,23505.2541,ETF,SZ
159941.SZ,20200724,23505.2541,ETF,SZ
159941.SZ,20200727,23505.2541,ETF,SZ
159941.SZ,20200728,23505.2541,ETF,SZ
159941.SZ,20200729,23705.2541,ETF,SZ
159941.SZ,20200730,23705.2541,ETF,SZ
159941.SZ,20200731,23505.2541,ETF,SZ
159941.SZ,20200803,23005.2541,ETF,SZ
159941.SZ,20200804,22805.2541,ETF,SZ
159941.SZ,20200805,22605.2541,ETF,SZ
159941.SZ,20200806,22205.2541,ETF,SZ
159941.SZ,20200807,22105.2541,ETF,SZ
159941.SZ,20200810,22005.2541,ETF,SZ
159941.SZ,20200811,22005.2541,ETF,SZ
159941.SZ,20200812,22005.2541,ETF,SZ
159941.SZ,20200813,22005.2541,ETF,SZ
159941.SZ,20200814,22005.2541,ETF,SZ
159941.SZ,20200817,22005.2541,ETF,SZ
159941.SZ,20200818,22005.2541,ETF,SZ
159941.SZ,20200819,22005.2541,ETF,SZ
159941.SZ,20200820,22005.2541,ETF,SZ
159941.SZ,20200821,22005.2541,ETF,SZ
159941.SZ,20200824,22305.2541,ETF,SZ
159941.SZ,20200825,22605.2541,ETF,SZ
159941.SZ,20200826,22905.2541,ETF,SZ
159941.SZ,20200827,22505.2541,ETF,SZ
159941.SZ,20200828,22805.2541,ETF,SZ
159941.SZ,20200831,23105.2541,ETF,SZ
159941.SZ,20200901,23405.2541,ETF,SZ
159941.SZ,20200902,23705.2541,ETF,SZ
159941.SZ,20200903,23805.2541,ETF,SZ
159941.SZ,20200904,23905.2541,ETF,SZ
159941.SZ,20200907,24005.2541,ETF,SZ
159941.SZ,20200908,24005.2541,ETF,SZ
159941.SZ,20200909,24105.2541,ETF,SZ
159941.SZ,20200910,24205.2541,ETF,SZ
159941.SZ,20200911,24305.2541,ETF,SZ
159941.SZ,20200914,24405.2541,ETF,SZ
159941.SZ,20200915,24505.2541,ETF,SZ
159941.SZ,20200916,24605.2541,ETF,SZ
159941.SZ,20200917,24705.2541,ETF,SZ
159941.SZ,20200918,24805.2541,ETF,SZ
159941.SZ,20200921,24905.2541,ETF,SZ
159941.SZ,20200922,25005.2541,ETF,SZ
159941.SZ,20200923,25105.2541,ETF,SZ
159941.SZ,20200924,25205.2541,ETF,SZ
159941.SZ,20200925,25305.2541,ETF,SZ
159941.SZ,20200928,25405.2541,ETF,SZ
159941.SZ,20200929,25505.2541,ETF,SZ
159941.SZ,20200930,25705.2541,ETF,SZ
159941.SZ,20201009,25705.2541,ETF,SZ
159941.SZ,20201012,25805.2541,ETF,SZ
159941.SZ,20201013,25905.2541,ETF,SZ
159941.SZ,20201014,26005.2541,ETF,SZ
159941.SZ,20201015,26105.2541,ETF,SZ
159941.SZ,20201016,26205.2541,ETF,SZ
159941.SZ,20201019,26305.2541,ETF,SZ
159941.SZ,20201020,26605.2541,ETF,SZ
159941.SZ,20201021,27105.2541,ETF,SZ
159941.SZ,20201022,27605.2541,ETF,SZ
159941.SZ,20201023,28105.2541,ETF,SZ
159941.SZ,20201026,28605.2541,ETF,SZ
159941.SZ,20201027,29105.2541,ETF,SZ
159941.SZ,20201028,29605.2541,ETF,SZ
159941.SZ,20201029,30105.2541,ETF,SZ
159941.SZ,20201030,30605.2541,ETF,SZ
159941.SZ,20201102,31105.2541,ETF,SZ
159941.SZ,20201103,31605.2541,ETF,SZ
159941.SZ,20201104,32105.2541,ETF,SZ
159941.SZ,20201105,32605.2541,ETF,SZ
159941.SZ,20201106,33605.2541,ETF,SZ
159941.SZ,20201109,34505.2541,ETF,SZ
159941.SZ,20201110,35405.2541,ETF,SZ
159941.SZ,20201111,36305.2541,ETF,SZ
159941.SZ,20201112,37205.2541,ETF,SZ
159941.SZ,20201113,38105.2541,ETF,SZ
159941.SZ,20201116,38905.2541,ETF,SZ
159941.SZ,20201117,39205.2541,ETF,SZ
159941.SZ,20201118,39605.2541,ETF,SZ
159941.SZ,20201119,40005.2541,ETF,SZ
159941.SZ,20201120,40405.2541,ETF,SZ
159941.SZ,20201123,40405.2541,ETF,SZ
159941.SZ,20201124,40805.2541,ETF,SZ
159941.SZ,20201125,41205.2541,ETF,SZ
159941.SZ,20201126,41605.2541,ETF,SZ
159941.SZ,20201127,41605.2541,ETF,SZ
159941.SZ,20201130,41605.2541,ETF,SZ
159941.SZ,20201201,41605.2541,ETF,SZ
159941.SZ,20201202,41605.2541,ETF,SZ
159941.SZ,20201203,41705.2541,ETF,SZ
159941.SZ,20201204,41705.2541,ETF,SZ
159941.SZ,20201207,41705.2541,ETF,SZ
159941.SZ,20201208,41705.2541,ETF,SZ
159941.SZ,20201209,41705.2541,ETF,SZ
159941.SZ,20201210,41905.2541,ETF,SZ
159941.SZ,20201211,41905.2541,ETF,SZ
159941.SZ,20201214,41905.2541,ETF,SZ
159941.SZ,20201215,41905.2541,ETF,SZ
159941.SZ,20201216,41905.2541,ETF,SZ
159941.SZ,20201217,41905.2541,ETF,SZ
159941.SZ,20201218,41905.2541,ETF,SZ
159941.SZ,20201221,41905.2541,ETF,SZ
159941.SZ,20201222,41905.2541,ETF,SZ
159941.SZ,20201223,41905.2541,ETF,SZ
159941.SZ,20201224,41605.2541,ETF,SZ
159941.SZ,20201225,41605.2541,ETF,SZ
159941.SZ,20201228,41605.2541,ETF,SZ
159941.SZ,20201229,40805.2541,ETF,SZ
159941.SZ,20201230,40605.2541,ETF,SZ
159941.SZ,20201231,40405.2541,ETF,SZ
159941.SZ,20210104,40405.2541,ETF,SZ
159941.SZ,20210105,40305.2541,ETF,SZ
159941.SZ,20210106,40105.2541,ETF,SZ
159941.SZ,20210107,40105.2541,ETF,SZ
159941.SZ,20210108,39605.2541,ETF,SZ
159941.SZ,20210111,38905.2541,ETF,SZ
159941.SZ,20210112,38405.2541,ETF,SZ
159941.SZ,20210113,38205.2541,ETF,SZ
159941.SZ,20210114,38005.2541,ETF,SZ
159941.SZ,20210115,37705.2541,ETF,SZ
159941.SZ,20210118,37505.2541,ETF,SZ
159941.SZ,20210119,37505.2541,ETF,SZ
159941.SZ,20210120,36605.2541,ETF,SZ
159941.SZ,20210121,35905.2541,ETF,SZ
159941.SZ,20210122,35805.2541,ETF,SZ
159941.SZ,20210125,35405.2541,ETF,SZ
159941.SZ,20210126,35405.2541,ETF,SZ
159941.SZ,20210127,35105.2541,ETF,SZ
159941.SZ,20210128,34805.2541,ETF,SZ
159941.SZ,20210129,34805.2541,ETF,SZ
159941.SZ,20210201,34705.2541,ETF,SZ
159941.SZ,20210202,34305.2541,ETF,SZ
159941.SZ,20210203,34305.2541,ETF,SZ
159941.SZ,20210204,34105.2541,ETF,SZ
159941.SZ,20210205,34105.2541,ETF,SZ
159941.SZ,20210208,33705.2541,ETF,SZ
159941.SZ,20210209,33705.2541,ETF,SZ
159941.SZ,20210210,33605.2541,ETF,SZ
159941.SZ,20210218,33505.2541,ETF,SZ
159941.SZ,20210219,33505.2541,ETF,SZ
159941.SZ,20210222,33505.2541,ETF,SZ
159941.SZ,20210223,33505.2541,ETF,SZ
159941.SZ,20210224,33505.2541,ETF,SZ
159941.SZ,20210225,33505.2541,ETF,SZ
159941.SZ,20210226,33505.2541,ETF,SZ
159941.SZ,20210301,33505.2541,ETF,SZ
159941.SZ,20210302,33505.2541,ETF,SZ
159941.SZ,20210303,32905.2541,ETF,SZ
159941.SZ,20210304,32905.2541,ETF,SZ
159941.SZ,20210305,32905.2541,ETF,SZ
159941.SZ,20210308,32905.2541,ETF,SZ
159941.SZ,20210309,32905.2541,ETF,SZ
159941.SZ,20210310,32005.2541,ETF,SZ
159941.SZ,20210311,31805.2541,ETF,SZ
159941.SZ,20210312,29505.2541,ETF,SZ
159941.SZ,20210315,29505.2541,ETF,SZ
159941.SZ,20210316,29505.2541,ETF,SZ
159941.SZ,20210317,29105.2541,ETF,SZ
159941.SZ,20210318,29105.2541,ETF,SZ
159941.SZ,20210319,29105.2541,ETF,SZ
159941.SZ,20210322,29105.2541,ETF,SZ
159941.SZ,20210323,29105.2541,ETF,SZ
159941.SZ,20210324,28505.2541,ETF,SZ
159941.SZ,20210325,28305.2541,ETF,SZ
159941.SZ,20210326,28305.2541,ETF,SZ
159941.SZ,20210329,28305.2541,ETF,SZ
159941.SZ,20210330,28305.2541,ETF,SZ
159941.SZ,20210331,28305.2541,ETF,SZ
159941.SZ,20210401,28305.2541,ETF,SZ
159941.SZ,20210402,27805.2541,ETF,SZ
159941.SZ,20210406,27805.2541,ETF,SZ
159941.SZ,20210407,27205.2541,ETF,SZ
159941.SZ,20210408,26805.2541,ETF,SZ
159941.SZ,20210409,26605.2541,ETF,SZ
159941.SZ,20210412,26405.2541,ETF,SZ
159941.SZ,20210413,26205.2541,ETF,SZ
159941.SZ,20210414,26205.2541,ETF,SZ
159941.SZ,20210415,26205.2541,ETF,SZ
159941.SZ,20210416,26205.2541,ETF,SZ
159941.SZ,20210419,26205.2541,ETF,SZ
159941.SZ,20210420,26205.2541,ETF,SZ
159941.SZ,20210421,26205.2541,ETF,SZ
159941.SZ,20210422,26005.2541,ETF,SZ
159941.SZ,20210423,26005.2541,ETF,SZ
159941.SZ,20210426,26005.2541,ETF,SZ
159941.SZ,20210427,26005.2541,ETF,SZ
159941.SZ,20210428,25805.2541,ETF,SZ
159941.SZ,20210429,25805.2541,ETF,SZ
159941.SZ,20210430,25805.2541,ETF,SZ
159941.SZ,20210506,25805.2541,ETF,SZ
159941.SZ,20210507,25805.2541,ETF,SZ
159941.SZ,20210510,25805.2541,ETF,SZ
159941.SZ,20210511,25805.2541,ETF,SZ
159941.SZ,20210512,26005.2541,ETF,SZ
159941.SZ,20210513,26005.2541,ETF,SZ
159941.SZ,20210514,26005.2541,ETF,SZ
159941.SZ,20210517,26205.2541,ETF,SZ
159941.SZ,20210518,26205.2541,ETF,SZ
159941.SZ,20210519,26405.2541,ETF,SZ
159941.SZ,20210520,26905.2541,ETF,SZ
159941.SZ,20210521,26905.2541,ETF,SZ
159941.SZ,20210524,26905.2541,ETF,SZ
159941.SZ,20210525,26905.2541,ETF,SZ
159941.SZ,20210526,26905.2541,ETF,SZ
159941.SZ,20210527,26905.2541,ETF,SZ
159941.SZ,20210528,26905.2541,ETF,SZ
159941.SZ,20210531,26905.2541,ETF,SZ
159941.SZ,20210601,26905.2541,ETF,SZ
159941.SZ,20210602,26705.2541,ETF,SZ
159941.SZ,20210603,26705.2541,ETF,SZ
159941.SZ,20210604,26505.2541,ETF,SZ
159941.SZ,20210607,26505.2541,ETF,SZ
159941.SZ,20210608,26305.2541,ETF,SZ
159941.SZ,20210609,25905.2541,ETF,SZ
159941.SZ,20210610,25905.2541,ETF,SZ
159941.SZ,20210611,25905.2541,ETF,SZ
159941.SZ,20210615,25905.2541,ETF,SZ
159941.SZ,20210616,25105.2541,ETF,SZ
159941.SZ,20210617,25105.2541,ETF,SZ
159941.SZ,20210618,25105.2541,ETF,SZ
159941.SZ,20210621,24305.2541,ETF,SZ
159941.SZ,20210622,23705.2541,ETF,SZ
159941.SZ,20210623,22905.2541,ETF,SZ
159941.SZ,20210624,22705.2541,ETF,SZ
159941.SZ,20210625,22705.2541,ETF,SZ
159941.SZ,20210628,22705.2541,ETF,SZ
159941.SZ,20210629,22705.2541,ETF,SZ
159941.SZ,20210630,22705.2541,ETF,SZ
159941.SZ,20210701,22705.2541,ETF,SZ
159941.SZ,20210702,22705.2541,ETF,SZ
159941.SZ,20210705,22705.2541,ETF,SZ
159941.SZ,20210706,22705.2541,ETF,SZ
159941.SZ,20210707,22705.2541,ETF,SZ
159941.SZ,20210708,22705.2541,ETF,SZ
159941.SZ,20210709,22705.2541,ETF,SZ
159941.SZ,20210712,22705.2541,ETF,SZ
159941.SZ,20210713,22705.2541,ETF,SZ
159941.SZ,20210714,22705.2541,ETF,SZ
159941.SZ,20210715,22705.2541,ETF,SZ
159941.SZ,20210716,22705.2541,ETF,SZ
159941.SZ,20210719,22505.2541,ETF,SZ
159941.SZ,20210720,22505.2541,ETF,SZ
159941.SZ,20210721,22505.2541,ETF,SZ
159941.SZ,20210722,22505.2541,ETF,SZ
159941.SZ,20210723,22505.2541,ETF,SZ
159941.SZ,20210726,22505.2541,ETF,SZ
159941.SZ,20210727,22505.2541,ETF,SZ
159941.SZ,20210728,22505.2541,ETF,SZ
159941.SZ,20210729,22505.2541,ETF,SZ
159941.SZ,20210730,22505.2541,ETF,SZ
159941.SZ,20210802,22505.2541,ETF,SZ
159941.SZ,20210803,22505.2541,ETF,SZ
159941.SZ,20210804,22505.2541,ETF,SZ
159941.SZ,20210805,22505.2541,ETF,SZ
159941.SZ,20210806,22505.2541,ETF,SZ
159941.SZ,20210809,22505.2541,ETF,SZ
159941.SZ,20210810,22505.2541,ETF,SZ
159941.SZ,20210811,22505.2541,ETF,SZ
159941.SZ,20210812,22505.2541,ETF,SZ
159941.SZ,20210813,22505.2541,ETF,SZ
159941.SZ,20210816,22505.2541,ETF,SZ
159941.SZ,20210817,22505.2541,ETF,SZ
159941.SZ,20210818,22505.2541,ETF,SZ
159941.SZ,20210819,22505.2541,ETF,SZ
159941.SZ,20210820,22505.2541,ETF,SZ
159941.SZ,20210823,22505.2541,ETF,SZ
159941.SZ,20210824,22505.2541,ETF,SZ
159941.SZ,20210825,22505.2541,ETF,SZ
159941.SZ,20210826,22505.2541,ETF,SZ
159941.SZ,20210827,22505.2541,ETF,SZ
159941.SZ,20210830,22705.2541,ETF,SZ
159941.SZ,20210831,23105.2541,ETF,SZ
159941.SZ,20210901,23505.2541,ETF,SZ
159941.SZ,20210902,23505.2541,ETF,SZ
159941.SZ,20210903,23505.2541,ETF,SZ
159941.SZ,20210906,23505.2541,ETF,SZ
159941.SZ,20210907,23505.2541,ETF,SZ
159941.SZ,20210908,23605.2541,ETF,SZ
159941.SZ,20210909,23605.2541,ETF,SZ
159941.SZ,20210910,23605.2541,ETF,SZ
159941.SZ,20210913,23605.2541,ETF,SZ
159941.SZ,20210914,23605.2541,ETF,SZ
159941.SZ,20210915,23705.2541,ETF,SZ
159941.SZ,20210916,23705.2541,ETF,SZ
159941.SZ,20210917,23905.2541,ETF,SZ
159941.SZ,20210918,23905.2541,ETF,SZ
159941.SZ,20210922,23905.2541,ETF,SZ
159941.SZ,20210923,24305.2541,ETF,SZ
159941.SZ,20210924,24305.2541,ETF,SZ
159941.SZ,20210927,24305.2541,ETF,SZ
159941.SZ,20210928,24305.2541,ETF,SZ
159941.SZ,20210929,24305.2541,ETF,SZ
159941.SZ,20210930,24305.2541,ETF,SZ
159941.SZ,20211008,24305.2541,ETF,SZ
159941.SZ,20211011,24305.2541,ETF,SZ
159941.SZ,20211012,24405.2541,ETF,SZ
159941.SZ,20211013,24405.2541,ETF,SZ
159941.SZ,20211014,24405.2541,ETF,SZ
159941.SZ,20211015,24405.2541,ETF,SZ
159941.SZ,20211018,25105.2541,ETF,SZ
159941.SZ,20211019,25805.2541,ETF,SZ
159941.SZ,20211020,25905.2541,ETF,SZ
159941.SZ,20211021,26105.2541,ETF,SZ
159941.SZ,20211022,26705.2541,ETF,SZ
159941.SZ,20211025,26805.2541,ETF,SZ
159941.SZ,20211026,26905.2541,ETF,SZ
159941.SZ,20211027,26905.2541,ETF,SZ
159941.SZ,20211028,26905.2541,ETF,SZ
159941.SZ,20211029,26905.2541,ETF,SZ
159941.SZ,20211101,26905.2541,ETF,SZ
159941.SZ,20211102,26905.2541,ETF,SZ
159941.SZ,20211103,26905.2541,ETF,SZ
159941.SZ,20211104,26905.2541,ETF,SZ
159941.SZ,20211105,27105.2541,ETF,SZ
159941.SZ,20211108,27405.2541,ETF,SZ
159941.SZ,20211109,27705.2541,ETF,SZ
159941.SZ,20211110,28005.2541,ETF,SZ
159941.SZ,20211111,28105.2541,ETF,SZ
159941.SZ,20211112,28205.2541,ETF,SZ
159941.SZ,20211115,28305.2541,ETF,SZ
159941.SZ,20211116,29005.2541,ETF,SZ
159941.SZ,20211117,30105.2541,ETF,SZ
159941.SZ,20211118,30205.2541,ETF,SZ
159941.SZ,20211119,30605.2541,ETF,SZ
159941.SZ,20211122,30905.2541,ETF,SZ
159941.SZ,20211123,31205.2541,ETF,SZ
159941.SZ,20211124,31205.2541,ETF,SZ
159941.SZ,20211125,31605.2541,ETF,SZ
159941.SZ,20211126,31605.2541,ETF,SZ
159941.SZ,20211129,31805.2541,ETF,SZ
159941.SZ,20211130,31905.2541,ETF,SZ
159941.SZ,20211201,33105.2541,ETF,SZ
159941.SZ,20211202,33405.2541,ETF,SZ
159941.SZ,20211203,34005.2541,ETF,SZ
159941.SZ,20211206,34105.2541,ETF,SZ
159941.SZ,20211207,34105.2541,ETF,SZ
159941.SZ,20211208,34505.2541,ETF,SZ
159941.SZ,20211209,34605.2541,ETF,SZ
159941.SZ,20211210,34805.2541,ETF,SZ
159941.SZ,20211213,34905.2541,ETF,SZ
159941.SZ,20211214,34905.2541,ETF,SZ
159941.SZ,20211215,34905.2541,ETF,SZ
159941.SZ,20211216,35005.2541,ETF,SZ
159941.SZ,20211217,35105.2541,ETF,SZ
159941.SZ,20211220,35105.2541,ETF,SZ
159941.SZ,20211221,35105.2541,ETF,SZ
159941.SZ,20211222,35105.2541,ETF,SZ
159941.SZ,20211223,35105.2541,ETF,SZ
159941.SZ,20211224,35105.2541,ETF,SZ
159941.SZ,20211227,35105.2541,ETF,SZ
159941.SZ,20211228,35105.2541,ETF,SZ
159941.SZ,20211229,35105.2541,ETF,SZ
159941.SZ,20211230,35105.2541,ETF,SZ
159941.SZ,20211231,35105.2541,ETF,SZ
159941.SZ,20220104,35105.2541,ETF,SZ
159941.SZ,20220105,35105.2541,ETF,SZ
159941.SZ,20220106,35105.2541,ETF,SZ
159941.SZ,20220107,36005.2541,ETF,SZ
159941.SZ,20220110,36005.2541,ETF,SZ
159941.SZ,20220111,36405.2541,ETF,SZ
159941.SZ,20220112,36705.2541,ETF,SZ
159941.SZ,20220113,36905.2541,ETF,SZ
159941.SZ,20220114,36905.2541,ETF,SZ
159941.SZ,20220117,36905.2541,ETF,SZ
159941.SZ,20220118,36905.2541,ETF,SZ
159941.SZ,20220119,37505.2541,ETF,SZ
159941.SZ,20220120,37705.2541,ETF,SZ
159941.SZ,20220121,37805.2541,ETF,SZ
159941.SZ,20220124,39305.2541,ETF,SZ
159941.SZ,20220125,39305.2541,ETF,SZ
159941.SZ,20220126,39605.2541,ETF,SZ
159941.SZ,20220127,39805.2541,ETF,SZ
159941.SZ,20220128,39805.2541,ETF,SZ
159941.SZ,20220207,39805.2541,ETF,SZ
159941.SZ,20220208,39605.2541,ETF,SZ
159941.SZ,20220209,39605.2541,ETF,SZ
159941.SZ,20220210,39505.2541,ETF,SZ
159941.SZ,20220211,39405.2541,ETF,SZ
159941.SZ,20220214,39405.2541,ETF,SZ
159941.SZ,20220215,39405.2541,ETF,SZ
159941.SZ,20220216,40105.2541,ETF,SZ
159941.SZ,20220217,40205.2541,ETF,SZ
159941.SZ,20220218,40205.2541,ETF,SZ
159941.SZ,20220221,40505.2541,ETF,SZ
159941.SZ,20220222,40505.2541,ETF,SZ
159941.SZ,20220223,41205.2541,ETF,SZ
159941.SZ,20220224,41205.2541,ETF,SZ
159941.SZ,20220225,42805.2541,ETF,SZ
159941.SZ,20220228,42605.2541,ETF,SZ
159941.SZ,20220301,42605.2541,ETF,SZ
159941.SZ,20220302,42405.2541,ETF,SZ
159941.SZ,20220303,42405.2541,ETF,SZ
159941.SZ,20220304,42305.2541,ETF,SZ
159941.SZ,20220307,41905.2541,ETF,SZ
159941.SZ,20220308,41905.2541,ETF,SZ
159941.SZ,20220309,41905.2541,ETF,SZ
159941.SZ,20220310,41905.2541,ETF,SZ
159941.SZ,20220311,41705.2541,ETF,SZ
159941.SZ,20220314,41705.2541,ETF,SZ
159941.SZ,20220315,41705.2541,ETF,SZ
159941.SZ,20220316,41705.2541,ETF,SZ
159941.SZ,20220317,41605.2541,ETF,SZ
159941.SZ,20220318,41605.2541,ETF,SZ
159941.SZ,20220321,41605.2541,ETF,SZ
159941.SZ,20220322,41205.2541,ETF,SZ
159941.SZ,20220323,40705.2541,ETF,SZ
159941.SZ,20220324,40405.2541,ETF,SZ
159941.SZ,20220325,40305.2541,ETF,SZ
159941.SZ,20220328,40305.2541,ETF,SZ
159941.SZ,20220329,40305.2541,ETF,SZ
159941.SZ,20220330,40305.2541,ETF,SZ
159941.SZ,20220331,40505.2541,ETF,SZ
159941.SZ,20220401,40505.2541,ETF,SZ
159941.SZ,20220406,40605.2541,ETF,SZ
159941.SZ,20220407,40605.2541,ETF,SZ
159941.SZ,20220408,40605.2541,ETF,SZ
159941.SZ,20220411,40605.2541,ETF,SZ
159941.SZ,20220412,41005.2541,ETF,SZ
159941.SZ,20220413,42605.2541,ETF,SZ
159941.SZ,20220414,44705.2541,ETF,SZ
159941.SZ,20220415,46805.2541,ETF,SZ
159941.SZ,20220418,46805.2541,ETF,SZ
159941.SZ,20220419,50405.2541,ETF,SZ
159941.SZ,20220420,57105.2541,ETF,SZ
159941.SZ,20220421,63405.2541,ETF,SZ
159941.SZ,20220422,70505.2541,ETF,SZ
159941.SZ,20220425,79105.2541,ETF,SZ
159941.SZ,20220426,87105.2541,ETF,SZ
159941.SZ,20220427,94205.2541,ETF,SZ
159941.SZ,20220428,100905.2541,ETF,SZ
159941.SZ,20220429,105605.2541,ETF,SZ
159941.SZ,20220505,107805.2541,ETF,SZ
159941.SZ,20220506,110505.2541,ETF,SZ
159941.SZ,20220509,111305.2541,ETF,SZ
159941.SZ,20220510,113705.2541,ETF,SZ
159941.SZ,20220511,115305.2541,ETF,SZ
159941.SZ,20220512,119205.2541,ETF,SZ
159941.SZ,20220513,123705.2541,ETF,SZ
159941.SZ,20220516,130105.2541,ETF,SZ
159941.SZ,20220517,133605.2541,ETF,SZ
159941.SZ,20220518,136705.2541,ETF,SZ
159941.SZ,20220519,147005.2541,ETF,SZ
159941.SZ,20220520,162205.2541,ETF,SZ
159941.SZ,20220523,179705.2541,ETF,SZ
159941.SZ,20220524,187905.2541,ETF,SZ
159941.SZ,20220525,195405.2541,ETF,SZ
159941.SZ,20220526,197905.2541,ETF,SZ
159941.SZ,20220527,199005.2541,ETF,SZ
159941.SZ,20220530,199105.2541,ETF,SZ
159941.SZ,20220531,199105.2541,ETF,SZ
159941.SZ,20220601,200605.2541,ETF,SZ
159941.SZ,20220602,202405.2541,ETF,SZ
159941.SZ,20220606,206005.2541,ETF,SZ
159941.SZ,20220607,210105.2541,ETF,SZ
159941.SZ,20220608,215405.2541,ETF,SZ
159941.SZ,20220609,217105.2541,ETF,SZ
159941.SZ,20220610,220905.2541,ETF,SZ
159941.SZ,20220613,228305.2541,ETF,SZ
159941.SZ,20220614,241505.2541,ETF,SZ
159941.SZ,20220615,250305.2541,ETF,SZ
159941.SZ,20220616,270105.2541,ETF,SZ
159941.SZ,20220617,273605.2541,ETF,SZ
159941.SZ,20220620,303205.2541,ETF,SZ
159941.SZ,20220621,303205.2541,ETF,SZ
159941.SZ,20220622,309705.2541,ETF,SZ
159941.SZ,20220623,311205.2541,ETF,SZ
159941.SZ,20220624,313705.2541,ETF,SZ
159941.SZ,20220627,315105.2541,ETF,SZ
159941.SZ,20220628,316405.2541,ETF,SZ
159941.SZ,20220629,318505.2541,ETF,SZ
159941.SZ,20220630,332905.2541,ETF,SZ
159941.SZ,20220701,332905.2541,ETF,SZ
159941.SZ,20220704,353705.2541,ETF,SZ
159941.SZ,20220705,1414821.0164,ETF,SZ
159941.SZ,20220706,1424701.0164,ETF,SZ
159941.SZ,20220707,1437831.0164,ETF,SZ
159941.SZ,20220708,1449791.0164,ETF,SZ
159941.SZ,20220711,1459931.0164,ETF,SZ
159941.SZ,20220712,1465131.0164,ETF,SZ
159941.SZ,20220713,1469681.0164,ETF,SZ
159941.SZ,20220714,1484501.0164,ETF,SZ
159941.SZ,20220715,1489441.0164,ETF,SZ
159941.SZ,20220718,1489441.0164,ETF,SZ
159941.SZ,20220719,1512581.0164,ETF,SZ
159941.SZ,20220720,1560421.0164,ETF,SZ
159941.SZ,20220721,1576801.0164,ETF,SZ
159941.SZ,20220722,1606051.0164,ETF,SZ
159941.SZ,20220725,1607351.0164,ETF,SZ
159941.SZ,20220726,1616451.0164,ETF,SZ
159941.SZ,20220727,1640761.0164,ETF,SZ
159941.SZ,20220728,1644661.0164,ETF,SZ
159941.SZ,20220729,1670401.0164,ETF,SZ
159941.SZ,20220801,1712001.0164,ETF,SZ
159941.SZ,20220802,1720841.0164,ETF,SZ
159941.SZ,20220803,1723571.0164,ETF,SZ
159941.SZ,20220804,1736311.0164,ETF,SZ
159941.SZ,20220805,1748661.0164,ETF,SZ
159941.SZ,20220808,1760491.0164,ETF,SZ
159941.SZ,20220809,1761011.0164,ETF,SZ
159941.SZ,20220810,1774011.0164,ETF,SZ
159941.SZ,20220811,1776741.0164,ETF,SZ
159941.SZ,20220812,1791691.0164,ETF,SZ
159941.SZ,20220815,1806641.0164,ETF,SZ
159941.SZ,20220816,1807941.0164,ETF,SZ
159941.SZ,20220817,1809371.0164,ETF,SZ
159941.SZ,20220818,1810541.0164,ETF,SZ
159941.SZ,20220819,1811841.0164,ETF,SZ
159941.SZ,20220822,1812881.0164,ETF,SZ
159941.SZ,20220823,1813531.0164,ETF,SZ
159941.SZ,20220824,1813531.0164,ETF,SZ
159941.SZ,20220825,1814311.0164,ETF,SZ
159941.SZ,20220826,1814571.0164,ETF,SZ
159941.SZ,20220829,1815091.0164,ETF,SZ
159941.SZ,20220830,1815091.0164,ETF,SZ
159941.SZ,20220831,1815351.0164,ETF,SZ
159941.SZ,20220901,1816001.0164,ETF,SZ
159941.SZ,20220902,1817301.0164,ETF,SZ
159941.SZ,20220905,1819901.0164,ETF,SZ
159941.SZ,20220906,1819901.0164,ETF,SZ
159941.SZ,20220907,1800661.0164,ETF,SZ
159941.SZ,20220908,1802221.0164,ETF,SZ
159941.SZ,20220909,1802611.0164,ETF,SZ
159941.SZ,20220913,1808331.0164,ETF,SZ
159941.SZ,20220914,1782981.0164,ETF,SZ
159941.SZ,20220915,1792211.0164,ETF,SZ
159941.SZ,20220916,1773361.0164,ETF,SZ
159941.SZ,20220919,1774011.0164,ETF,SZ
159941.SZ,20220920,1748271.0164,ETF,SZ
159941.SZ,20220921,1748401.0164,ETF,SZ
159941.SZ,20220922,1750091.0164,ETF,SZ
159941.SZ,20220923,1737351.0164,ETF,SZ
159941.SZ,20220926,1739821.0164,ETF,SZ
159941.SZ,20220927,1746321.0164,ETF,SZ
159941.SZ,20220928,1756201.0164,ETF,SZ
159941.SZ,20220929,1766081.0164,ETF,SZ
159941.SZ,20220930,1771671.0164,ETF,SZ
159941.SZ,20221010,1771671.0164,ETF,SZ
159941.SZ,20221011,1779341.0164,ETF,SZ
159941.SZ,20221012,1779861.0164,ETF,SZ
159941.SZ,20221013,1780901.0164,ETF,SZ
159941.SZ,20221014,1785061.0164,ETF,SZ
159941.SZ,20221017,1788831.0164,ETF,SZ
159941.SZ,20221018,1789741.0164,ETF,SZ
159941.SZ,20221019,1790521.0164,ETF,SZ
159941.SZ,20221020,1794681.0164,ETF,SZ
159941.SZ,20221021,1796111.0164,ETF,SZ
159941.SZ,20221024,1797411.0164,ETF,SZ
159941.SZ,20221025,1802351.0164,ETF,SZ
159941.SZ,20221026,1807161.0164,ETF,SZ
159941.SZ,20221027,1807811.0164,ETF,SZ
159941.SZ,20221028,1808461.0164,ETF,SZ
159941.SZ,20221031,1809241.0164,ETF,SZ
159941.SZ,20221101,1809891.0164,ETF,SZ
159941.SZ,20221102,1811451.0164,ETF,SZ
159941.SZ,20221103,1815221.0164,ETF,SZ
159941.SZ,20221104,1816001.0164,ETF,SZ
159941.SZ,20221107,1820941.0164,ETF,SZ
159941.SZ,20221108,1825881.0164,ETF,SZ
159941.SZ,20221109,1830821.0164,ETF,SZ
159941.SZ,20221110,1835761.0164,ETF,SZ
159941.SZ,20221111,1840701.0164,ETF,SZ
159941.SZ,20221114,1845511.0164,ETF,SZ
159941.SZ,20221115,1850451.0164,ETF,SZ
159941.SZ,20221116,1855391.0164,ETF,SZ
159941.SZ,20221117,1860331.0164,ETF,SZ
159941.SZ,20221118,1865271.0164,ETF,SZ
159941.SZ,20221121,1869171.0164,ETF,SZ
159941.SZ,20221122,1873071.0164,ETF,SZ
159941.SZ,20221123,1876971.0164,ETF,SZ
159941.SZ,20221124,1880871.0164,ETF,SZ
159941.SZ,20221125,1880871.0164,ETF,SZ
159941.SZ,20221128,1883861.0164,ETF,SZ
159941.SZ,20221129,1886851.0164,ETF,SZ
159941.SZ,20221130,1889841.0164,ETF,SZ
159941.SZ,20221201,1892831.0164,ETF,SZ
159941.SZ,20221202,1895821.0164,ETF,SZ
159941.SZ,20221205,1898811.0164,ETF,SZ
159941.SZ,20221206,1901281.0164,ETF,SZ
159941.SZ,20221207,1903751.0164,ETF,SZ
159941.SZ,20221208,1906221.0164,ETF,SZ
159941.SZ,20221209,1908691.0164,ETF,SZ
159941.SZ,20221212,1911161.0164,ETF,SZ
159941.SZ,20221213,1913631.0164,ETF,SZ
159941.SZ,20221214,1916101.0164,ETF,SZ
159941.SZ,20221215,1918571.0164,ETF,SZ
159941.SZ,20221216,1920391.0164,ETF,SZ
159941.SZ,20221219,1922861.0164,ETF,SZ
159941.SZ,20221220,1925331.0164,ETF,SZ
159941.SZ,20221221,1927801.0164,ETF,SZ
159941.SZ,20221222,1930271.0164,ETF,SZ
159941.SZ,20221223,1932741.0164,ETF,SZ
159941.SZ,20221226,1935211.0164,ETF,SZ
159941.SZ,20221227,1935211.0164,ETF,SZ
159941.SZ,20221228,1940151.0164,ETF,SZ
159941.SZ,20221229,1945091.0164,ETF,SZ
159941.SZ,20221230,1950031.0164,ETF,SZ
159941.SZ,20221231,1954971.0164,ETF,SZ
159941.SZ,20230103,1954971.0164,ETF,SZ
159941.SZ,20230104,1959911.0164,ETF,SZ
159941.SZ,20230105,1964851.0164,ETF,SZ
159941.SZ,20230106,1969791.0164,ETF,SZ
159941.SZ,20230109,1974731.0164,ETF,SZ
159941.SZ,20230110,1979671.0164,ETF,SZ
159941.SZ,20230111,1984611.0164,ETF,SZ
159941.SZ,20230112,1989551.0164,ETF,SZ
159941.SZ,20230113,1994491.0164,ETF,SZ
159941.SZ,20230116,1999431.0164,ETF,SZ
159941.SZ,20230117,1999431.0164,ETF,SZ
159941.SZ,20230118,2004371.0164,ETF,SZ
159941.SZ,20230119,2009311.0164,ETF,SZ
159941.SZ,20230120,2014251.0164,ETF,SZ
159941.SZ,20230130,2019191.0164,ETF,SZ
159941.SZ,20230131,2024131.0164,ETF,SZ
159941.SZ,20230201,2029071.0164,ETF,SZ
159941.SZ,20230202,2034011.0164,ETF,SZ
159941.SZ,20230203,2038951.0164,ETF,SZ
159941.SZ,20230206,2043891.0164,ETF,SZ
159941.SZ,20230207,2048831.0164,ETF,SZ
159941.SZ,20230208,2053771.0164,ETF,SZ
159941.SZ,20230209,2058711.0164,ETF,SZ
159941.SZ,20230210,2063651.0164,ETF,SZ
159941.SZ,20230213,2068591.0164,ETF,SZ
159941.SZ,20230214,2073531.0164,ETF,SZ
159941.SZ,20230215,2078471.0164,ETF,SZ
159941.SZ,20230216,2083411.0164,ETF,SZ
159941.SZ,20230217,2084061.0164,ETF,SZ
159941.SZ,20230220,2088611.0164,ETF,SZ
159941.SZ,20230221,2088611.0164,ETF,SZ
159941.SZ,20230222,2093551.0164,ETF,SZ
159941.SZ,20230223,2096541.0164,ETF,SZ
159941.SZ,20230224,2099531.0164,ETF,SZ
159941.SZ,20230227,2102521.0164,ETF,SZ
159941.SZ,20230228,2105511.0164,ETF,SZ
159941.SZ,20230301,2107981.0164,ETF,SZ
159941.SZ,20230302,2110971.0164,ETF,SZ
159941.SZ,20230303,2112921.0164,ETF,SZ
159941.SZ,20230306,2114871.0164,ETF,SZ
159941.SZ,20230307,2115781.0164,ETF,SZ
159941.SZ,20230308,2116561.0164,ETF,SZ
159941.SZ,20230309,2117211.0164,ETF,SZ
159941.SZ,20230310,2118121.0164,ETF,SZ
159941.SZ,20230313,2119031.0164,ETF,SZ
159941.SZ,20230314,2119941.0164,ETF,SZ
159941.SZ,20230315,2120851.0164,ETF,SZ
159941.SZ,20230316,2120851.0164,ETF,SZ
159941.SZ,20230317,2120981.0164,ETF,SZ
159941.SZ,20230320,2121111.0164,ETF,SZ
159941.SZ,20230321,2121241.0164,ETF,SZ
159941.SZ,20230322,2121371.0164,ETF,SZ
159941.SZ,20230323,2121371.0164,ETF,SZ
159941.SZ,20230324,2121501.0164,ETF,SZ
159941.SZ,20230327,2121631.0164,ETF,SZ
159941.SZ,20230328,2121761.0164,ETF,SZ
159941.SZ,20230329,2121891.0164,ETF,SZ
159941.SZ,20230330,2122021.0164,ETF,SZ
159941.SZ,20230331,2122151.0164,ETF,SZ
159941.SZ,20230403,2122281.0164,ETF,SZ
159941.SZ,20230404,2122411.0164,ETF,SZ
159941.SZ,20230406,2122541.0164,ETF,SZ
159941.SZ,20230407,2122671.0164,ETF,SZ
159941.SZ,20230410,2122671.0164,ETF,SZ
159941.SZ,20230411,2122801.0164,ETF,SZ
159941.SZ,20230412,2122931.0164,ETF,SZ
159941.SZ,20230413,2123061.0164,ETF,SZ
159941.SZ,20230414,2123191.0164,ETF,SZ
159941.SZ,20230417,2123191.0164,ETF,SZ
159941.SZ,20230418,2112531.0164,ETF,SZ
159941.SZ,20230419,2112531.0164,ETF,SZ
159941.SZ,20230420,2112531.0164,ETF,SZ
159941.SZ,20230421,2112531.0164,ETF,SZ
159941.SZ,20230424,2112531.0164,ETF,SZ
159941.SZ,20230425,2104731.0164,ETF,SZ
159941.SZ,20230426,2098881.0164,ETF,SZ
159941.SZ,20230427,2090821.0164,ETF,SZ
159941.SZ,20230428,2064431.0164,ETF,SZ
159941.SZ,20230504,2063391.0164,ETF,SZ
159941.SZ,20230505,2063391.0164,ETF,SZ
159941.SZ,20230508,2063391.0164,ETF,SZ
159941.SZ,20230509,2034661.0164,ETF,SZ
159941.SZ,20230510,2022051.0164,ETF,SZ
159941.SZ,20230511,2022051.0164,ETF,SZ
159941.SZ,20230512,1998651.0164,ETF,SZ
159941.SZ,20230515,1996831.0164,ETF,SZ
159941.SZ,20230516,1996441.0164,ETF,SZ
159941.SZ,20230517,1996441.0164,ETF,SZ
159941.SZ,20230518,1996441.0164,ETF,SZ
159941.SZ,20230519,1996441.0164,ETF,SZ
159941.SZ,20230522,1999431.0164,ETF,SZ
159941.SZ,20230523,2002421.0164,ETF,SZ
159941.SZ,20230524,2005411.0164,ETF,SZ
159941.SZ,20230525,2006321.0164,ETF,SZ
159941.SZ,20230526,2007491.0164,ETF,SZ
159941.SZ,20230529,2007881.0164,ETF,SZ
159941.SZ,20230530,2007881.0164,ETF,SZ
159941.SZ,20230531,2010871.0164,ETF,SZ
159941.SZ,20230601,2011001.0164,ETF,SZ
159941.SZ,20230602,2012171.0164,ETF,SZ
159941.SZ,20230605,2012951.0164,ETF,SZ
159941.SZ,20230606,2013211.0164,ETF,SZ
159941.SZ,20230607,2013471.0164,ETF,SZ
159941.SZ,20230608,2013471.0164,ETF,SZ
159941.SZ,20230609,2013991.0164,ETF,SZ
159941.SZ,20230612,2013991.0164,ETF,SZ
159941.SZ,20230613,2015421.0164,ETF,SZ
159941.SZ,20230614,2015811.0164,ETF,SZ
159941.SZ,20230615,2018801.0164,ETF,SZ
159941.SZ,20230616,2021791.0164,ETF,SZ
159941.SZ,20230619,2024781.0164,ETF,SZ
159941.SZ,20230620,2024781.0164,ETF,SZ
159941.SZ,20230621,2027771.0164,ETF,SZ
159941.SZ,20230626,2030761.0164,ETF,SZ
159941.SZ,20230627,2033751.0164,ETF,SZ
159941.SZ,20230628,2026081.0164,ETF,SZ
159941.SZ,20230629,2026081.0164,ETF,SZ
159941.SZ,20230630,2029071.0164,ETF,SZ
159941.SZ,20230703,2032061.0164,ETF,SZ
159941.SZ,20230704,2034661.0164,ETF,SZ
159941.SZ,20230705,2034661.0164,ETF,SZ
159941.SZ,20230706,2034661.0164,ETF,SZ
159941.SZ,20230707,2035441.0164,ETF,SZ
159941.SZ,20230710,2038301.0164,ETF,SZ
159941.SZ,20230711,2041291.0164,ETF,SZ
159941.SZ,20230712,2044281.0164,ETF,SZ
159941.SZ,20230713,2047271.0164,ETF,SZ
159941.SZ,20230714,2050261.0164,ETF,SZ
159941.SZ,20230717,2053251.0164,ETF,SZ
159941.SZ,20230718,2056241.0164,ETF,SZ
159941.SZ,20230719,2059231.0164,ETF,SZ
159941.SZ,20230720,2062221.0164,ETF,SZ
159941.SZ,20230721,2065211.0164,ETF,SZ
159941.SZ,20230724,2068201.0164,ETF,SZ
159941.SZ,20230725,2071191.0164,ETF,SZ
159941.SZ,20230726,2074181.0164,ETF,SZ
159941.SZ,20230727,2077171.0164,ETF,SZ
159941.SZ,20230728,2080161.0164,ETF,SZ
159941.SZ,20230731,2083151.0164,ETF,SZ
159941.SZ,20230801,2086141.0164,ETF,SZ
159941.SZ,20230802,2089131.0164,ETF,SZ
159941.SZ,20230803,2092121.0164,ETF,SZ
159941.SZ,20230804,2095111.0164,ETF,SZ
159941.SZ,20230807,2098101.0164,ETF,SZ
159941.SZ,20230808,2101091.0164,ETF,SZ
159941.SZ,20230809,2104081.0164,ETF,SZ
159941.SZ,20230810,2105121.0164,ETF,SZ
159941.SZ,20230811,2108111.0164,ETF,SZ
159941.SZ,20230814,2111101.0164,ETF,SZ
159941.SZ,20230815,2094591.0164,ETF,SZ
159941.SZ,20230816,2096801.0164,ETF,SZ
159941.SZ,20230817,2097581.0164,ETF,SZ
159941.SZ,20230818,2091211.0164,ETF,SZ
159941.SZ,20230821,2081201.0164,ETF,SZ
159941.SZ,20230822,2080551.0164,ETF,SZ
159941.SZ,20230823,2080551.0164,ETF,SZ
159941.SZ,20230824,2028681.0164,ETF,SZ
159941.SZ,20230825,2029461.0164,ETF,SZ
159941.SZ,20230828,1990461.0164,ETF,SZ
159941.SZ,20230829,1960561.0164,ETF,SZ
159941.SZ,20230830,1962121.0164,ETF,SZ
159941.SZ,20230831,1966801.0164,ETF,SZ
159941.SZ,20230901,1970181.0164,ETF,SZ
159941.SZ,20230904,1970961.0164,ETF,SZ
159941.SZ,20230905,1970961.0164,ETF,SZ
159941.SZ,20230906,1971871.0164,ETF,SZ
159941.SZ,20230907,1972261.0164,ETF,SZ
159941.SZ,20230908,1946391.0164,ETF,SZ
159941.SZ,20230911,1946911.0164,ETF,SZ
159941.SZ,20230912,1947041.0164,ETF,SZ
159941.SZ,20230913,1947431.0164,ETF,SZ
159941.SZ,20230914,1946131.0164,ETF,SZ
159941.SZ,20230915,1946261.0164,ETF,SZ
159941.SZ,20230918,1946261.0164,ETF,SZ
159941.SZ,20230919,1946521.0164,ETF,SZ
159941.SZ,20230920,1946521.0164,ETF,SZ
159941.SZ,20230921,1946781.0164,ETF,SZ
159941.SZ,20230922,1943791.0164,ETF,SZ
159941.SZ,20230925,1941841.0164,ETF,SZ
159941.SZ,20230926,1945741.0164,ETF,SZ
159941.SZ,20230927,1946781.0164,ETF,SZ
159941.SZ,20230928,1947041.0164,ETF,SZ
159941.SZ,20230930,1949511.0164,ETF,SZ
159941.SZ,20231009,1949511.0164,ETF,SZ
159941.SZ,20231010,1950681.0164,ETF,SZ
159941.SZ,20231011,1931311.0164,ETF,SZ
159941.SZ,20231012,1936251.0164,ETF,SZ
159941.SZ,20231013,1938721.0164,ETF,SZ
159941.SZ,20231016,1938851.0164,ETF,SZ
159941.SZ,20231017,1939501.0164,ETF,SZ
159941.SZ,20231018,1939761.0164,ETF,SZ
159941.SZ,20231019,1939891.0164,ETF,SZ
159941.SZ,20231020,1932221.0164,ETF,SZ
159941.SZ,20231023,1886981.0164,ETF,SZ
159941.SZ,20231024,1886981.0164,ETF,SZ
159941.SZ,20231025,1887111.0164,ETF,SZ
159941.SZ,20231026,1887241.0164,ETF,SZ
159941.SZ,20231027,1864231.0164,ETF,SZ
159941.SZ,20231030,1866831.0164,ETF,SZ
159941.SZ,20231031,1866961.0164,ETF,SZ
159941.SZ,20231101,1867091.0164,ETF,SZ
159941.SZ,20231102,1867091.0164,ETF,SZ
159941.SZ,20231103,1871901.0164,ETF,SZ
159941.SZ,20231106,1872031.0164,ETF,SZ
159941.SZ,20231107,1872031.0164,ETF,SZ
159941.SZ,20231108,1842131.0164,ETF,SZ
159941.SZ,20231109,1842131.0164,ETF,SZ
159941.SZ,20231110,1842781.0164,ETF,SZ
159941.SZ,20231113,1839271.0164,ETF,SZ
159941.SZ,20231114,1820421.0164,ETF,SZ
159941.SZ,20231115,1821071.0164,ETF,SZ
159941.SZ,20231116,1821071.0164,ETF,SZ
159941.SZ,20231117,1821071.0164,ETF,SZ
159941.SZ,20231120,1821591.0164,ETF,SZ
159941.SZ,20231121,1823411.0164,ETF,SZ
159941.SZ,20231122,1823411.0164,ETF,SZ
159941.SZ,20231123,1823411.0164,ETF,SZ
159941.SZ,20231124,1823411.0164,ETF,SZ
159941.SZ,20231127,1823411.0164,ETF,SZ
159941.SZ,20231128,1823411.0164,ETF,SZ
159941.SZ,20231129,1823411.0164,ETF,SZ
159941.SZ,20231130,1823411.0164,ETF,SZ
159941.SZ,20231201,1823411.0164,ETF,SZ
159941.SZ,20231204,1823411.0164,ETF,SZ
159941.SZ,20231205,1823411.0164,ETF,SZ
159941.SZ,20231206,1810671.0164,ETF,SZ
159941.SZ,20231207,1810671.0164,ETF,SZ
159941.SZ,20231208,1810671.0164,ETF,SZ
159941.SZ,20231211,1810671.0164,ETF,SZ
159941.SZ,20231212,1811191.0164,ETF,SZ
159941.SZ,20231213,1816131.0164,ETF,SZ
159941.SZ,20231214,1821071.0164,ETF,SZ
159941.SZ,20231215,1826011.0164,ETF,SZ
159941.SZ,20231218,1830951.0164,ETF,SZ
159941.SZ,20231219,1838881.0164,ETF,SZ
159941.SZ,20231220,1846681.0164,ETF,SZ
159941.SZ,20231221,1854611.0164,ETF,SZ
159941.SZ,20231222,1862021.0164,ETF,SZ
159941.SZ,20231225,1869561.0164,ETF,SZ
159941.SZ,20231226,1869561.0164,ETF,SZ
159941.SZ,20231227,1864621.0164,ETF,SZ
159941.SZ,20231228,1864621.0164,ETF,SZ
159941.SZ,20231229,1848371.0164,ETF,SZ
159941.SZ,20231231,1846551.0164,ETF,SZ
159941.SZ,20240102,1846551.0164,ETF,SZ
159941.SZ,20240103,1851751.0164,ETF,SZ
159941.SZ,20240104,1845251.0164,ETF,SZ
159941.SZ,20240105,1842001.0164,ETF,SZ
159941.SZ,20240108,1842001.0164,ETF,SZ
159941.SZ,20240109,1842261.0164,ETF,SZ
159941.SZ,20240110,1847201.0164,ETF,SZ
159941.SZ,20240111,1852141.0164,ETF,SZ
159941.SZ,20240112,1857081.0164,ETF,SZ
159941.SZ,20240115,1862021.0164,ETF,SZ
159941.SZ,20240116,1862021.0164,ETF,SZ
159941.SZ,20240117,1866961.0164,ETF,SZ
159941.SZ,20240118,1871901.0164,ETF,SZ
159941.SZ,20240119,1876841.0164,ETF,SZ
159941.SZ,20240122,1881781.0164,ETF,SZ
159941.SZ,20240123,1886721.0164,ETF,SZ
159941.SZ,20240124,1891661.0164,ETF,SZ
159941.SZ,20240125,1896601.0164,ETF,SZ
159941.SZ,20240126,1901541.0164,ETF,SZ
159941.SZ,20240129,1906481.0164,ETF,SZ
159941.SZ,20240130,1911421.0164,ETF,SZ
159941.SZ,20240131,1916361.0164,ETF,SZ
159941.SZ,20240201,1921301.0164,ETF,SZ
159941.SZ,20240202,1926241.0164,ETF,SZ
159941.SZ,20240205,1931181.0164,ETF,SZ
159941.SZ,20240206,1936121.0164,ETF,SZ
159941.SZ,20240207,1941061.0164,ETF,SZ
159941.SZ,20240208,1946001.0164,ETF,SZ
159941.SZ,20240219,1950941.0164,ETF,SZ
159941.SZ,20240220,1950941.0164,ETF,SZ
159941.SZ,20240221,1955881.0164,ETF,SZ
159941.SZ,20240222,1960821.0164,ETF,SZ
159941.SZ,20240223,1965761.0164,ETF,SZ
159941.SZ,20240226,1970701.0164,ETF,SZ
159941.SZ,20240227,1971611.0164,ETF,SZ
159941.SZ,20240228,1972521.0164,ETF,SZ
159941.SZ,20240229,1973431.0164,ETF,SZ
159941.SZ,20240301,1974341.0164,ETF,SZ
159941.SZ,20240304,1975251.0164,ETF,SZ
159941.SZ,20240305,1976161.0164,ETF,SZ
159941.SZ,20240306,1977071.0164,ETF,SZ
159941.SZ,20240307,1977981.0164,ETF,SZ
159941.SZ,20240308,1978891.0164,ETF,SZ
159941.SZ,20240311,1979801.0164,ETF,SZ
159941.SZ,20240312,1980711.0164,ETF,SZ
159941.SZ,20240313,1981621.0164,ETF,SZ
159941.SZ,20240314,1982531.0164,ETF,SZ
159941.SZ,20240315,1983441.0164,ETF,SZ
159941.SZ,20240318,1984351.0164,ETF,SZ
159941.SZ,20240319,1985261.0164,ETF,SZ
159941.SZ,20240320,1986171.0164,ETF,SZ
159941.SZ,20240321,1987081.0164,ETF,SZ
159941.SZ,20240322,1987991.0164,ETF,SZ
159941.SZ,20240325,1988901.0164,ETF,SZ
159941.SZ,20240326,1989811.0164,ETF,SZ
159941.SZ,20240327,1990721.0164,ETF,SZ
159941.SZ,20240328,1991631.0164,ETF,SZ
159941.SZ,20240329,1992541.0164,ETF,SZ
159941.SZ,20240331,1992541.0164,ETF,SZ
159941.SZ,20240401,1992541.0164,ETF,SZ
159941.SZ,20240402,1993451.0164,ETF,SZ
159941.SZ,20240403,1994361.0164,ETF,SZ
159941.SZ,20240408,1995271.0164,ETF,SZ
159941.SZ,20240409,1996181.0164,ETF,SZ
159941.SZ,20240410,1997091.0164,ETF,SZ
159941.SZ,20240411,1998001.0164,ETF,SZ
159941.SZ,20240412,1998911.0164,ETF,SZ
159941.SZ,20240415,1999821.0164,ETF,SZ
159941.SZ,20240416,2000731.0164,ETF,SZ
159941.SZ,20240417,2001641.0164,ETF,SZ
159941.SZ,20240418,2002551.0164,ETF,SZ
159941.SZ,20240419,2003461.0164,ETF,SZ
159941.SZ,20240422,2004371.0164,ETF,SZ
159941.SZ,20240423,2005281.0164,ETF,SZ
159941.SZ,20240424,2006191.0164,ETF,SZ
159941.SZ,20240425,2007101.0164,ETF,SZ
159941.SZ,20240426,2008011.0164,ETF,SZ
159941.SZ,20240429,2003721.0164,ETF,SZ
159941.SZ,20240430,2004631.0164,ETF,SZ
159941.SZ,20240506,2005151.0164,ETF,SZ
159941.SZ,20240507,2005541.0164,ETF,SZ
159941.SZ,20240508,2005931.0164,ETF,SZ
159941.SZ,20240509,2006451.0164,ETF,SZ
159941.SZ,20240510,2006971.0164,ETF,SZ
159941.SZ,20240513,1980321.0164,ETF,SZ
159941.SZ,20240514,1980321.0164,ETF,SZ
159941.SZ,20240515,1980321.0164,ETF,SZ
159941.SZ,20240516,1980451.0164,ETF,SZ
159941.SZ,20240517,1980451.0164,ETF,SZ
159941.SZ,20240520,1980451.0164,ETF,SZ
159941.SZ,20240521,1976161.0164,ETF,SZ
159941.SZ,20240522,1976291.0164,ETF,SZ
159941.SZ,20240523,1976421.0164,ETF,SZ
159941.SZ,20240524,1976421.0164,ETF,SZ
159941.SZ,20240527,1976421.0164,ETF,SZ
159941.SZ,20240528,1976421.0164,ETF,SZ
159941.SZ,20240529,1976421.0164,ETF,SZ
159941.SZ,20240530,1976421.0164,ETF,SZ
159941.SZ,20240531,1976421.0164,ETF,SZ
159941.SZ,20240603,1976421.0164,ETF,SZ
159941.SZ,20240604,1976421.0164,ETF,SZ
159941.SZ,20240605,1976421.0164,ETF,SZ
159941.SZ,20240606,1976551.0164,ETF,SZ
159941.SZ,20240607,1976551.0164,ETF,SZ
159941.SZ,20240611,1977461.0164,ETF,SZ
159941.SZ,20240612,1978371.0164,ETF,SZ
159941.SZ,20240613,1979281.0164,ETF,SZ
159941.SZ,20240614,1980191.0164,ETF,SZ
159941.SZ,20240617,1981101.0164,ETF,SZ
159941.SZ,20240618,1982011.0164,ETF,SZ
159941.SZ,20240619,1982921.0164,ETF,SZ
159941.SZ,20240620,1982921.0164,ETF,SZ
159941.SZ,20240621,1983831.0164,ETF,SZ
159941.SZ,20240624,1984741.0164,ETF,SZ
159941.SZ,20240625,1985651.0164,ETF,SZ
159941.SZ,20240626,1986561.0164,ETF,SZ
159941.SZ,20240627,1987471.0164,ETF,SZ
159941.SZ,20240628,1988381.0164,ETF,SZ
159941.SZ,20240630,1989291.0164,ETF,SZ
159941.SZ,20240701,1989291.0164,ETF,SZ
159941.SZ,20240702,1990201.0164,ETF,SZ
159941.SZ,20240703,1991111.0164,ETF,SZ
159941.SZ,20240704,1992021.0164,ETF,SZ
159941.SZ,20240705,1992021.0164,ETF,SZ
159941.SZ,20240708,1992931.0164,ETF,SZ
159941.SZ,20240709,1993841.0164,ETF,SZ
159941.SZ,20240710,1994751.0164,ETF,SZ
159941.SZ,20240711,1995661.0164,ETF,SZ
159941.SZ,20240712,1996571.0164,ETF,SZ
159941.SZ,20240715,1997481.0164,ETF,SZ
159941.SZ,20240716,1998391.0164,ETF,SZ
159941.SZ,20240717,1999301.0164,ETF,SZ
159941.SZ,20240718,2000211.0164,ETF,SZ
159941.SZ,20240719,2001121.0164,ETF,SZ
159941.SZ,20240722,2002031.0164,ETF,SZ
159941.SZ,20240723,2002941.0164,ETF,SZ
159941.SZ,20240724,2003851.0164,ETF,SZ
159941.SZ,20240725,2004761.0164,ETF,SZ
159941.SZ,20240726,2005671.0164,ETF,SZ
159941.SZ,20240729,2006581.0164,ETF,SZ
159941.SZ,20240730,2007491.0164,ETF,SZ
159941.SZ,20240731,2008401.0164,ETF,SZ
159941.SZ,20240801,2009311.0164,ETF,SZ
159941.SZ,20240802,2010221.0164,ETF,SZ
159941.SZ,20240805,2011131.0164,ETF,SZ
159941.SZ,20240806,2012041.0164,ETF,SZ
159941.SZ,20240807,2012951.0164,ETF,SZ
159941.SZ,20240808,2013861.0164,ETF,SZ
159941.SZ,20240809,2014771.0164,ETF,SZ
159941.SZ,20240812,2015681.0164,ETF,SZ
159941.SZ,20240813,2016591.0164,ETF,SZ
159941.SZ,20240814,2017501.0164,ETF,SZ
159941.SZ,20240815,2018411.0164,ETF,SZ
159941.SZ,20240816,2019321.0164,ETF,SZ
159941.SZ,20240819,2020231.0164,ETF,SZ
159941.SZ,20240820,2021141.0164,ETF,SZ
159941.SZ,20240821,2022051.0164,ETF,SZ
159941.SZ,20240822,2022961.0164,ETF,SZ
159941.SZ,20240823,2023871.0164,ETF,SZ
159941.SZ,20240826,2024781.0164,ETF,SZ
159941.SZ,20240827,2025691.0164,ETF,SZ
159941.SZ,20240828,2026601.0164,ETF,SZ
159941.SZ,20240829,2027511.0164,ETF,SZ
159941.SZ,20240830,2028421.0164,ETF,SZ
159941.SZ,20240902,2029331.0164,ETF,SZ
159941.SZ,20240903,2029331.0164,ETF,SZ
159941.SZ,20240904,2030241.0164,ETF,SZ
159941.SZ,20240905,2031151.0164,ETF,SZ
159941.SZ,20240906,2032061.0164,ETF,SZ
159941.SZ,20240909,2032971.0164,ETF,SZ
159941.SZ,20240910,2033881.0164,ETF,SZ
159941.SZ,20240911,2034791.0164,ETF,SZ
159941.SZ,20240912,2035701.0164,ETF,SZ
159941.SZ,20240913,2036611.0164,ETF,SZ
159941.SZ,20240918,2037521.0164,ETF,SZ
159941.SZ,20240919,2038431.0164,ETF,SZ
159941.SZ,20240920,2039341.0164,ETF,SZ
159941.SZ,20240923,2040251.0164,ETF,SZ
159941.SZ,20240924,2041161.0164,ETF,SZ
159941.SZ,20240925,2042071.0164,ETF,SZ
159941.SZ,20240926,2042981.0164,ETF,SZ
159941.SZ,20240927,2043891.0164,ETF,SZ
159941.SZ,20240930,2044801.0164,ETF,SZ
159941.SZ,20241008,2040251.0164,ETF,SZ
159941.SZ,20241009,2040251.0164,ETF,SZ
159941.SZ,20241010,2026991.0164,ETF,SZ
159941.SZ,20241011,2026991.0164,ETF,SZ
159941.SZ,20241014,2027901.0164,ETF,SZ
159941.SZ,20241015,2028811.0164,ETF,SZ
159941.SZ,20241016,2029721.0164,ETF,SZ
159941.SZ,20241017,2030631.0164,ETF,SZ
159941.SZ,20241018,2031541.0164,ETF,SZ
159941.SZ,20241021,2032451.0164,ETF,SZ
159941.SZ,20241022,2033361.0164,ETF,SZ
159941.SZ,20241023,2034271.0164,ETF,SZ
159941.SZ,20241024,2035181.0164,ETF,SZ
159941.SZ,20241025,2036091.0164,ETF,SZ
159941.SZ,20241028,2037001.0164,ETF,SZ
159941.SZ,20241029,2037911.0164,ETF,SZ
159941.SZ,20241030,2038821.0164,ETF,SZ
159941.SZ,20241031,2039731.0164,ETF,SZ
159941.SZ,20241101,2040641.0164,ETF,SZ
159941.SZ,20241104,2041551.0164,ETF,SZ
159941.SZ,20241105,2042461.0164,ETF,SZ
159941.SZ,20241106,2043371.0164,ETF,SZ
159941.SZ,20241107,2044281.0164,ETF,SZ
159941.SZ,20241108,2045191.0164,ETF,SZ
159941.SZ,20241111,2046101.0164,ETF,SZ
159941.SZ,20241112,2047011.0164,ETF,SZ
159941.SZ,20241113,2047921.0164,ETF,SZ
159941.SZ,20241114,2048831.0164,ETF,SZ
159941.SZ,20241115,2049741.0164,ETF,SZ
159941.SZ,20241118,2050651.0164,ETF,SZ
159941.SZ,20241119,2051561.0164,ETF,SZ
159941.SZ,20241120,2052471.0164,ETF,SZ
159941.SZ,20241121,2053381.0164,ETF,SZ
159941.SZ,20241122,2054291.0164,ETF,SZ
159941.SZ,20241125,2055201.0164,ETF,SZ
159941.SZ,20241126,2056111.0164,ETF,SZ
159941.SZ,20241127,2057021.0164,ETF,SZ
159941.SZ,20241128,2057931.0164,ETF,SZ
159941.SZ,20241129,2057931.0164,ETF,SZ
159941.SZ,20241202,2058841.0164,ETF,SZ
159941.SZ,20241203,2059751.0164,ETF,SZ
159941.SZ,20241204,2060661.0164,ETF,SZ
159941.SZ,20241205,2061571.0164,ETF,SZ
159941.SZ,20241206,2062481.0164,ETF,SZ
159941.SZ,20241209,2063391.0164,ETF,SZ
159941.SZ,20241210,2064301.0164,ETF,SZ
159941.SZ,20241211,2065211.0164,ETF,SZ
159941.SZ,20241212,2066121.0164,ETF,SZ
159941.SZ,20241213,2067031.0164,ETF,SZ
159941.SZ,20241216,2067941.0164,ETF,SZ
159941.SZ,20241217,2068851.0164,ETF,SZ
159941.SZ,20241218,2069761.0164,ETF,SZ
159941.SZ,20241219,2070671.0164,ETF,SZ
159941.SZ,20241220,2071581.0164,ETF,SZ
159941.SZ,20241223,2072491.0164,ETF,SZ
159941.SZ,20241224,2073401.0164,ETF,SZ
159941.SZ,20241225,2074311.0164,ETF,SZ
159941.SZ,20241226,2074311.0164,ETF,SZ
159941.SZ,20241227,2075221.0164,ETF,SZ
159941.SZ,20241230,2076131.0164,ETF,SZ
159941.SZ,20241231,2077041.0164,ETF,SZ
159941.SZ,20250102,2077951.0164,ETF,SZ
159941.SZ,20250103,2078861.0164,ETF,SZ
159941.SZ,20250106,2079771.0164,ETF,SZ
159941.SZ,20250107,2080681.0164,ETF,SZ
159941.SZ,20250108,2081591.0164,ETF,SZ
159941.SZ,20250109,2082501.0164,ETF,SZ
159941.SZ,20250110,2082501.0164,ETF,SZ
159941.SZ,20250113,2083411.0164,ETF,SZ
159941.SZ,20250114,2084321.0164,ETF,SZ
159941.SZ,20250115,2085231.0164,ETF,SZ
159941.SZ,20250116,2086141.0164,ETF,SZ
159941.SZ,20250117,2087051.0164,ETF,SZ
159941.SZ,20250120,2087961.0164,ETF,SZ
159941.SZ,20250121,2087961.0164,ETF,SZ
159941.SZ,20250122,2088871.0164,ETF,SZ
159941.SZ,20250123,2089781.0164,ETF,SZ
159941.SZ,20250124,2090691.0164,ETF,SZ
159941.SZ,20250127,2091601.0164,ETF,SZ
159941.SZ,20250205,2092511.0164,ETF,SZ
159941.SZ,20250206,2093421.0164,ETF,SZ
159941.SZ,20250207,2094331.0164,ETF,SZ
159941.SZ,20250210,2095241.0164,ETF,SZ
159941.SZ,20250211,2096151.0164,ETF,SZ
159941.SZ,20250212,2097191.0164,ETF,SZ
159941.SZ,20250213,2098231.0164,ETF,SZ
159941.SZ,20250214,2099271.0164,ETF,SZ
159941.SZ,20250217,2100311.0164,ETF,SZ
159941.SZ,20250218,2100311.0164,ETF,SZ
159941.SZ,20250219,2101351.0164,ETF,SZ
159941.SZ,20250220,2102391.0164,ETF,SZ
159941.SZ,20250221,2103431.0164,ETF,SZ
159941.SZ,20250224,2104471.0164,ETF,SZ
159941.SZ,20250225,2105511.0164,ETF,SZ
159941.SZ,20250226,2106551.0164,ETF,SZ
159941.SZ,20250227,2107591.0164,ETF,SZ
159941.SZ,20250228,2108631.0164,ETF,SZ
159941.SZ,20250303,2109671.0164,ETF,SZ
159941.SZ,20250304,2110711.0164,ETF,SZ
159941.SZ,20250305,2111751.0164,ETF,SZ
159941.SZ,20250306,2112791.0164,ETF,SZ
159941.SZ,20250307,2113831.0164,ETF,SZ
159941.SZ,20250310,2114871.0164,ETF,SZ
159941.SZ,20250311,2115911.0164,ETF,SZ
159941.SZ,20250312,2116951.0164,ETF,SZ
159941.SZ,20250313,2119031.0164,ETF,SZ
159941.SZ,20250314,2121111.0164,ETF,SZ
159941.SZ,20250317,2123191.0164,ETF,SZ
159941.SZ,20250318,2125271.0164,ETF,SZ
159941.SZ,20250319,2127351.0164,ETF,SZ
159941.SZ,20250320,2129431.0164,ETF,SZ
159941.SZ,20250321,2131511.0164,ETF,SZ
159941.SZ,20250324,2133591.0164,ETF,SZ
159941.SZ,20250325,2135671.0164,ETF,SZ
159941.SZ,20250326,2137751.0164,ETF,SZ
159941.SZ,20250327,2139831.0164,ETF,SZ
159941.SZ,20250328,2141911.0164,ETF,SZ
159941.SZ,20250331,2143991.0164,ETF,SZ
159941.SZ,20250401,2146071.0164,ETF,SZ
159941.SZ,20250402,2148151.0164,ETF,SZ
159941.SZ,20250403,2150231.0164,ETF,SZ
159941.SZ,20250407,2152311.0164,ETF,SZ
159941.SZ,20250408,2154391.0164,ETF,SZ
159941.SZ,20250409,2156471.0164,ETF,SZ
159941.SZ,20250410,2158551.0164,ETF,SZ
159941.SZ,20250411,2160631.0164,ETF,SZ
159941.SZ,20250414,2162711.0164,ETF,SZ
159941.SZ,20250415,2164791.0164,ETF,SZ
159941.SZ,20250416,2166871.0164,ETF,SZ
159941.SZ,20250417,2168951.0164,ETF,SZ
159941.SZ,20250418,2171031.0164,ETF,SZ
159941.SZ,20250421,2171031.0164,ETF,SZ
159941.SZ,20250422,2173111.0164,ETF,SZ
159941.SZ,20250423,2175191.0164,ETF,SZ
159941.SZ,20250424,2177271.0164,ETF,SZ
159941.SZ,20250425,2179351.0164,ETF,SZ
159941.SZ,20250428,2179741.0164,ETF,SZ
159941.SZ,20250429,2179871.0164,ETF,SZ
159941.SZ,20250430,2180001.0164,ETF,SZ
159941.SZ,20250506,2180131.0164,ETF,SZ
159941.SZ,20250507,2180261.0164,ETF,SZ
159941.SZ,20250508,2180391.0164,ETF,SZ
159941.SZ,20250509,2180521.0164,ETF,SZ
159941.SZ,20250512,2180651.0164,ETF,SZ
159941.SZ,20250513,2180781.0164,ETF,SZ
159941.SZ,20250514,2180911.0164,ETF,SZ
159941.SZ,20250515,2181041.0164,ETF,SZ
159941.SZ,20250516,2181171.0164,ETF,SZ
159941.SZ,20250519,2181301.0164,ETF,SZ
159941.SZ,20250520,2181431.0164,ETF,SZ
159941.SZ,20250521,2181561.0164,ETF,SZ
159941.SZ,20250522,2181691.0164,ETF,SZ
159941.SZ,20250523,2181821.0164,ETF,SZ
159941.SZ,20250526,2181951.0164,ETF,SZ
159941.SZ,20250527,2181951.0164,ETF,SZ
159941.SZ,20250528,2182081.0164,ETF,SZ
159941.SZ,20250529,2182211.0164,ETF,SZ
159941.SZ,20250530,2182341.0164,ETF,SZ
159941.SZ,20250603,2182471.0164,ETF,SZ
159941.SZ,20250604,2182601.0164,ETF,SZ
159941.SZ,20250605,2182731.0164,ETF,SZ
159941.SZ,20250606,2182861.0164,ETF,SZ
159941.SZ,20250609,2182991.0164,ETF,SZ
159941.SZ,20250610,2183121.0164,ETF,SZ
159941.SZ,20250611,2183251.0164,ETF,SZ
159941.SZ,20250612,2183381.0164,ETF,SZ
159941.SZ,20250613,2183511.0164,ETF,SZ
159941.SZ,20250616,2183641.0164,ETF,SZ
159941.SZ,20250617,2183771.0164,ETF,SZ
159941.SZ,20250618,2183901.0164,ETF,SZ
159941.SZ,20250619,2184031.0164,ETF,SZ
159941.SZ,20250620,2184031.0164,ETF,SZ
159941.SZ,20250623,2184161.0164,ETF,SZ
159941.SZ,20250624,2184291.0164,ETF,SZ
159941.SZ,20250625,2184421.0164,ETF,SZ
159941.SZ,20250626,2184551.0164,ETF,SZ
159941.SZ,20250627,2184681.0164,ETF,SZ
159941.SZ,20250630,2184811.0164,ETF,SZ
159941.SZ,20250701,2184941.0164,ETF,SZ
159941.SZ,20250702,2185071.0164,ETF,SZ
159941.SZ,20250703,2185201.0164,ETF,SZ
159941.SZ,20250704,2185331.0164,ETF,SZ
159941.SZ,20250707,2185331.0164,ETF,SZ
159941.SZ,20250708,2185461.0164,ETF,SZ
159941.SZ,20250709,2185591.0164,ETF,SZ
159941.SZ,20250710,2185721.0164,ETF,SZ
159941.SZ,20250711,2185851.0164,ETF,SZ
159941.SZ,20250714,2185981.0164,ETF,SZ
159941.SZ,20250715,2185981.0164,ETF,SZ
159941.SZ,20250716,2173371.0164,ETF,SZ
159941.SZ,20250717,2173371.0164,ETF,SZ
159941.SZ,20250718,2172461.0164,ETF,SZ
159941.SZ,20250721,2172591.0164,ETF,SZ
159941.SZ,20250722,2173241.0164,ETF,SZ
159941.SZ,20250723,2173371.0164,ETF,SZ
159941.SZ,20250724,2173761.0164,ETF,SZ
159941.SZ,20250725,2174021.0164,ETF,SZ
159941.SZ,20250728,2174151.0164,ETF,SZ
159941.SZ,20250729,2174281.0164,ETF,SZ
159941.SZ,20250730,2174931.0164,ETF,SZ
159941.SZ,20250731,2175061.0164,ETF,SZ
159941.SZ,20250801,2175581.0164,ETF,SZ
159941.SZ,20250804,2175971.0164,ETF,SZ
159941.SZ,20250805,2176231.0164,ETF,SZ
159941.SZ,20250806,2176881.0164,ETF,SZ
159941.SZ,20250807,2177531.0164,ETF,SZ
159941.SZ,20250808,2178181.0164,ETF,SZ
159941.SZ,20250811,2178831.0164,ETF,SZ
159941.SZ,20250812,2179481.0164,ETF,SZ
159941.SZ,20250813,2180131.0164,ETF,SZ
159941.SZ,20250814,2180781.0164,ETF,SZ
159941.SZ,20250815,2181431.0164,ETF,SZ
159941.SZ,20250818,2182081.0164,ETF,SZ
159941.SZ,20250819,2182731.0164,ETF,SZ
159941.SZ,20250820,2183381.0164,ETF,SZ
159941.SZ,20250821,2184031.0164,ETF,SZ
159941.SZ,20250822,2184681.0164,ETF,SZ
159941.SZ,20250825,2185331.0164,ETF,SZ
159941.SZ,20250826,2185981.0164,ETF,SZ
159941.SZ,20250827,2186631.0164,ETF,SZ
159941.SZ,20250828,2187281.0164,ETF,SZ
159941.SZ,20250829,2187931.0164,ETF,SZ
159941.SZ,20250901,2188581.0164,ETF,SZ
159941.SZ,20250902,2188581.0164,ETF,SZ
159941.SZ,20250903,2189231.0164,ETF,SZ
159941.SZ,20250904,2189881.0164,ETF,SZ
159941.SZ,20250905,2190531.0164,ETF,SZ
159941.SZ,20250908,2191181.0164,ETF,SZ
159941.SZ,20250909,2191831.0164,ETF,SZ
159941.SZ,20250910,2192481.0164,ETF,SZ
159941.SZ,20250911,2193131.0164,ETF,SZ
159941.SZ,20250912,2193781.0164,ETF,SZ
159941.SZ,20250915,2194431.0164,ETF,SZ
159941.SZ,20250916,2195081.0164,ETF,SZ
159941.SZ,20250917,2195731.0164,ETF,SZ
159941.SZ,20250918,2196381.0164,ETF,SZ
159941.SZ,20250919,2197031.0164,ETF,SZ
159941.SZ,20250922,2197681.0164,ETF,SZ
159941.SZ,20250923,2198331.0164,ETF,SZ
159941.SZ,20250924,2198981.0164,ETF,SZ
159941.SZ,20250925,2199631.0164,ETF,SZ
159941.SZ,20250926,2200281.0164,ETF,SZ
159941.SZ,20250929,2200931.0164,ETF,SZ
159941.SZ,20250930,2201581.0164,ETF,SZ
159941.SZ,20251009,2202231.0164,ETF,SZ
159941.SZ,20251010,2202881.0164,ETF,SZ
159941.SZ,20251013,2203531.0164,ETF,SZ
159941.SZ,20251014,2204181.0164,ETF,SZ
159941.SZ,20251015,2204831.0164,ETF,SZ
159941.SZ,20251016,2205481.0164,ETF,SZ
159941.SZ,20251017,2206131.0164,ETF,SZ
159941.SZ,20251020,2206781.0164,ETF,SZ
159941.SZ,20251021,2207431.0164,ETF,SZ
159941.SZ,20251022,2208081.0164,ETF,SZ
159941.SZ,20251023,2208731.0164,ETF,SZ
159941.SZ,20251024,2209381.0164,ETF,SZ
159941.SZ,20251027,2210031.0164,ETF,SZ
159941.SZ,20251028,2211331.0164,ETF,SZ
159941.SZ,20251029,2212631.0164,ETF,SZ
159941.SZ,20251030,2213931.0164,ETF,SZ
159941.SZ,20251031,2215231.0164,ETF,SZ
159941.SZ,20251103,2216531.0164,ETF,SZ
159941.SZ,20251104,2217831.0164,ETF,SZ
159941.SZ,20251105,2219131.0164,ETF,SZ
159941.SZ,20251106,2220431.0164,ETF,SZ
159941.SZ,20251107,2221731.0164,ETF,SZ
159941.SZ,20251110,2223681.0164,ETF,SZ
159941.SZ,20251111,2225631.0164,ETF,SZ
159941.SZ,20251112,2227581.0164,ETF,SZ
159941.SZ,20251113,2229531.0164,ETF,SZ
159941.SZ,20251114,2229661.0164,ETF,SZ
159941.SZ,20251117,2229791.0164,ETF,SZ
159941.SZ,20251118,2229921.0164,ETF,SZ
159941.SZ,20251119,2230051.0164,ETF,SZ
159941.SZ,20251120,2230181.0164,ETF,SZ
159941.SZ,20251121,2230311.0164,ETF,SZ
159941.SZ,20251124,2230441.0164,ETF,SZ
159941.SZ,20251125,2230571.0164,ETF,SZ
159941.SZ,20251126,2230701.0164,ETF,SZ
159941.SZ,20251127,2230831.0164,ETF,SZ
159941.SZ,20251128,2230831.0164,ETF,SZ
159941.SZ,20251201,2230961.0164,ETF,SZ
159941.SZ,20251202,2231091.0164,ETF,SZ
159941.SZ,20251203,2231221.0164,ETF,SZ
159941.SZ,20251204,2231351.0164,ETF,SZ
159941.SZ,20251205,2231481.0164,ETF,SZ
159941.SZ,20251208,2231611.0164,ETF,SZ
159941.SZ,20251209,2231741.0164,ETF,SZ
159941.SZ,20251210,2231871.0164,ETF,SZ
159941.SZ,20251211,2232001.0164,ETF,SZ
159941.SZ,20251212,2232131.0164,ETF,SZ
159941.SZ,20251215,2232261.0164,ETF,SZ
159941.SZ,20251216,2232391.0164,ETF,SZ
159941.SZ,20251217,2232521.0164,ETF,SZ
159941.SZ,20251218,2232651.0164,ETF,SZ
159941.SZ,20251219,2232781.0164,ETF,SZ
159941.SZ,20251222,2232911.0164,ETF,SZ
159941.SZ,20251223,2233041.0164,ETF,SZ
159941.SZ,20251224,2233171.0164,ETF,SZ
159941.SZ,20251225,2233301.0164,ETF,SZ
159941.SZ,20251226,2233301.0164,ETF,SZ
159941.SZ,20251229,2233431.0164,ETF,SZ
159941.SZ,20251230,2233561.0164,ETF,SZ
159941.SZ,20251231,2233691.0164,ETF,SZ
159941.SZ,20260105,2233821.0164,ETF,SZ
159941.SZ,20260106,2233951.0164,ETF,SZ
159941.SZ,20260107,2234081.0164,ETF,SZ
159941.SZ,20260108,2234211.0164,ETF,SZ
159941.SZ,20260109,2234341.0164,ETF,SZ
159941.SZ,20260112,2234471.0164,ETF,SZ
159941.SZ,20260113,2234601.0164,ETF,SZ
159941.SZ,20260114,2234731.0164,ETF,SZ
159941.SZ,20260115,2234861.0164,ETF,SZ
159941.SZ,20260116,2234991.0164,ETF,SZ
159941.SZ,20260117,2235121.0164,ETF,SZ
159941.SZ,20260119,2235121.0164,ETF,SZ
159941.SZ,20260120,2235121.0164,ETF,SZ
159941.SZ,20260121,2235251.0164,ETF,SZ
159941.SZ,20260122,2235381.0164,ETF,SZ
159941.SZ,20260123,2235511.0164,ETF,SZ
159941.SZ,20260126,2235641.0164,ETF,SZ
159941.SZ,20260127,2235771.0164,ETF,SZ
159941.SZ,20260128,2235901.0164,ETF,SZ
159941.SZ,20260129,2236031.0164,ETF,SZ
159941.SZ,20260130,2236161.0164,ETF,SZ
159941.SZ,20260202,2236291.0164,ETF,SZ
159941.SZ,20260203,2236421.0164,ETF,SZ
159941.SZ,20260204,2236551.0164,ETF,SZ
159941.SZ,20260205,2236681.0164,ETF,SZ
159941.SZ,20260206,2236811.0164,ETF,SZ
159941.SZ,20260209,2236941.0164,ETF,SZ
159941.SZ,20260210,2237071.0164,ETF,SZ
159941.SZ,20260211,2237201.0164,ETF,SZ
159941.SZ,20260212,2237331.0164,ETF,SZ
159941.SZ,20260213,2237461.0164,ETF,SZ
159941.SZ,20260224,2237591.0164,ETF,SZ
159941.SZ,20260225,2237721.0164,ETF,SZ
159941.SZ,20260226,2237851.0164,ETF,SZ
159941.SZ,20260227,2237981.0164,ETF,SZ
159941.SZ,20260302,2238111.0164,ETF,SZ
159941.SZ,20260303,2238241.0164,ETF,SZ
159941.SZ,20260304,2238371.0164,ETF,SZ
159941.SZ,20260305,2238501.0164,ETF,SZ
159941.SZ,20260306,2238631.0164,ETF,SZ
159941.SZ,20260309,2238761.0164,ETF,SZ
159941.SZ,20260310,2238891.0164,ETF,SZ
159941.SZ,20260311,2239021.0164,ETF,SZ
159941.SZ,20260312,2239151.0164,ETF,SZ
159941.SZ,20260313,2239281.0164,ETF,SZ
159941.SZ,20260316,2239411.0164,ETF,SZ
159941.SZ,20260317,2239541.0164,ETF,SZ
159941.SZ,20260318,2239671.0164,ETF,SZ
159941.SZ,20260319,2239801.0164,ETF,SZ
159941.SZ,20260320,2239931.0164,ETF,SZ
159941.SZ,20260323,2240061.0164,ETF,SZ
159941.SZ,20260324,2240191.0164,ETF,SZ
159941.SZ,20260325,2240321.0164,ETF,SZ
159941.SZ,20260326,2240451.0164,ETF,SZ
159941.SZ,20260327,2240581.0164,ETF,SZ
159941.SZ,20260330,2240711.0164,ETF,SZ
159941.SZ,20260331,2240841.0164,ETF,SZ
159941.SZ,20260401,2240971.0164,ETF,SZ
159941.SZ,20260402,2241101.0164,ETF,SZ
159941.SZ,20260403,2241231.0164,ETF,SZ
159941.SZ,20260407,2241231.0164,ETF,SZ
159941.SZ,20260408,2241361.0164,ETF,SZ
159941.SZ,20260409,2241491.0164,ETF,SZ
159941.SZ,20260410,2241621.0164,ETF,SZ
159941.SZ,20260413,2241751.0164,ETF,SZ
159941.SZ,20260414,2241881.0164,ETF,SZ
159941.SZ,20260415,2242011.0164,ETF,SZ
159941.SZ,20260416,2242141.0164,ETF,SZ
159941.SZ,20260417,2242271.0164,ETF,SZ
159941.SZ,20260420,2242401.0164,ETF,SZ
159941.SZ,20260421,2242531.0164,ETF,SZ
159941.SZ,20260422,2242661.0164,ETF,SZ
159941.SZ,20260423,2242791.0164,ETF,SZ
159941.SZ,20260424,2242921.0164,ETF,SZ
159941.SZ,20260427,2243051.0164,ETF,SZ
159941.SZ,20260428,2243181.0164,ETF,SZ
159941.SZ,20260429,2243311.0164,ETF,SZ
159941.SZ,20260430,2243441.0164,ETF,SZ
159941.SZ,20260506,2243571.0164,ETF,SZ
159941.SZ,20260507,2243701.0164,ETF,SZ
159941.SZ,20260508,2243831.0164,ETF,SZ
159941.SZ,20260511,2243961.0164,ETF,SZ
159941.SZ,20260512,2244091.0164,ETF,SZ
159941.SZ,20260513,2244221.0164,ETF,SZ
159941.SZ,20260514,2244351.0164,ETF,SZ
159941.SZ,20260515,2244481.0164,ETF,SZ
159941.SZ,20260518,2244611.0164,ETF,SZ
159941.SZ,20260519,2244741.0164,ETF,SZ
159941.SZ,20260520,2244871.0164,ETF,SZ
159941.SZ,20260521,2245001.0164,ETF,SZ
159941.SZ,20260522,2245131.0164,ETF,SZ
159941.SZ,20260525,2245261.0164,ETF,SZ
159941.SZ,20260526,2245261.0164,ETF,SZ
159941.SZ,20260527,2245391.0164,ETF,SZ
159941.SZ,20260528,2245521.0164,ETF,SZ
159941.SZ,20260529,2245651.0164,ETF,SZ
159941.SZ,20260601,2245781.0164,ETF,SZ
159941.SZ,20260602,2245911.0164,ETF,SZ
159941.SZ,20260603,2246041.0164,ETF,SZ
159941.SZ,20260604,2246171.0164,ETF,SZ
159941.SZ,20260605,2246301.0164,ETF,SZ
159941.SZ,20260608,2246431.0164,ETF,SZ
159941.SZ,20260609,2246561.0164,ETF,SZ
159941.SZ,20260610,2246691.0164,ETF,SZ
159941.SZ,20260611,2246821.0164,ETF,SZ
159941.SZ,20260612,2246951.0164,ETF,SZ
159941.SZ,20260615,2247081.0164,ETF,SZ
159941.SZ,20260616,2247211.0164,ETF,SZ
159941.SZ,20260617,2247341.0164,ETF,SZ
159941.SZ,20260618,2247471.0164,ETF,SZ
159941.SZ,20260622,2247601.0164,ETF,SZ
159941.SZ,20260623,2247731.0164,ETF,SZ
159941.SZ,20260624,2247861.0164,ETF,SZ
159941.SZ,20260625,2247991.0164,ETF,SZ
159941.SZ,20260626,2248121.0164,ETF,SZ
159941.SZ,20260629,2248251.0164,ETF,SZ
159941.SZ,20260630,2248511.0164,ETF,SZ
159941.SZ,20260701,2248511.0164,ETF,SZ
159941.SZ,20260702,2248641.0164,ETF,SZ
159941.SZ,20260703,2248771.0164,ETF,SZ
159941.SZ,20260706,2248771.0164,ETF,SZ
159941.SZ,20260707,2248901.0164,ETF,SZ
159941.SZ,20260708,2249031.0164,ETF,SZ
159941.SZ,20260709,2249161.0164,ETF,SZ
159941.SZ,20260710,2249291.0164,ETF,SZ
159941.SZ,20260713,2249421.0164,ETF,SZ
159941.SZ,20260714,2249551.0164,ETF,SZ
159941.SZ,20260715,2249681.0164,ETF,SZ
159941.SZ,20260716,2249811.0164,ETF,SZ
159941.SZ,20260717,2249941.0164,ETF,SZ
159941.SZ,20260720,2250071.0164,ETF,SZ
159941.SZ,20260721,2250201.0164,ETF,SZ
159941.SZ,20260722,2250331.0164,ETF,SZ
159941.SZ,20260723,2250461.0164,ETF,SZ
159941.SZ,20260724,2250591.0164,ETF,SZ
159941.SZ,20260727,2250721.0164,ETF,SZ
159941.SZ,20260728,2250851.0164,ETF,SZ
159941.SZ,20260729,2250981.0164,ETF,SZ
159941.SZ,20260730,2251111.0164,ETF,SZ
159941.SZ,20260731,2251241.0164,ETF,SZ
