ts_code,trade_date,pre_close,open,high,low,close,change,pct_chg,vol,amount
159941.SZ,20150713,0.989,0.95,0.987,0.902,0.958,-0.031,-3.1345,529343.67,49614.5057
159941.SZ,20150714,0.958,0.97,0.975,0.953,0.967,0.009,0.9395,286423.46,27593.3152
159941.SZ,20150715,0.967,0.963,0.98,0.96,0.963,-0.004,-0.4137,164837.91,15926.9688
159941.SZ,20150716,0.963,0.963,0.97,0.961,0.966,0.003,0.3115,109387.13,10564.3611
159941.SZ,20150717,0.966,0.968,0.999,0.968,0.989,0.023,2.381,64955.88,6379.4792
159941.SZ,20150720,0.989,0.988,0.997,0.981,0.99,0.001,0.1011,56197.49,5570.7255
159941.SZ,20150721,0.99,0.988,0.995,0.988,0.994,0.004,0.404,162174.89,16113.3248
159941.SZ,20150722,0.994,0.99,1.002,0.99,1.002,0.008,0.8048,158205.28,15801.5236
159941.SZ,20150723,1.002,1.004,1.008,0.998,1.006,0.004,0.3992,233148.53,23390.1389
159941.SZ,20150724,1.006,1.001,1.011,1.001,1.007,0.001,0.0994,80400.16,8096.4191
159941.SZ,20150727,1.007,0.999,1.001,0.983,0.993,-0.014,-1.3903,136623.68,13597.6177
159941.SZ,20150728,0.993,0.992,0.992,0.95,0.978,-0.015,-1.5106,16708.35,1630.4806
159941.SZ,20150729,0.978,0.979,0.991,0.979,0.988,0.01,1.0225,29211.02,2889.0978
159941.SZ,20150730,0.988,0.993,0.993,0.986,0.988,0.0,0.0,5740.12,569.071
159941.SZ,20150731,0.988,0.988,1.0,0.985,0.985,-0.003,-0.3036,19368.61,1915.2725
159941.SZ,20150803,0.985,0.995,0.995,0.98,0.991,0.006,0.6091,54626.92,5406.1271
159941.SZ,20150804,0.991,0.987,0.993,0.987,0.988,-0.003,-0.3027,4801.16,474.5
159941.SZ,20150805,0.988,0.986,0.993,0.985,0.986,-0.002,-0.2024,12214.29,1207.6905
159941.SZ,20150806,0.986,0.988,0.996,0.988,0.991,0.005,0.5071,5978.3,591.901
159941.SZ,20150807,0.991,0.985,0.987,0.978,0.98,-0.011,-1.11,11569.02,1133.8286
159941.SZ,20150810,0.98,0.979,0.979,0.972,0.975,-0.005,-0.5102,10425.35,1016.1543
159941.SZ,20150811,0.975,0.983,1.01,0.983,1.004,0.029,2.9744,59322.51,5902.7577
159941.SZ,20150812,1.004,0.997,1.01,0.989,0.992,-0.012,-1.1952,45510.26,4530.558
159941.SZ,20150813,0.992,0.996,1.01,0.995,0.999,0.007,0.7056,50849.8,5100.2344
159941.SZ,20150814,0.999,0.991,1.01,0.991,1.0,0.001,0.1001,32417.2,3245.4886
159941.SZ,20150817,1.0,0.998,0.998,0.992,0.993,-0.007,-0.7,6375.05,633.3801
159941.SZ,20150818,0.993,0.997,1.002,0.996,0.998,0.005,0.5035,22365.25,2236.9986
159941.SZ,20150819,0.998,0.997,0.997,0.989,0.995,-0.003,-0.3006,6056.1,601.2624
159941.SZ,20150820,0.995,0.989,0.989,0.979,0.989,-0.006,-0.603,17570.13,1731.5592
159941.SZ,20150821,0.989,0.968,0.968,0.943,0.944,-0.045,-4.5501,17352.13,1649.5366
159941.SZ,20150824,0.944,0.9,0.912,0.856,0.862,-0.082,-8.6864,28199.75,2484.5671
159941.SZ,20150825,0.862,0.83,0.88,0.786,0.855,-0.007,-0.8121,46238.23,3958.55
159941.SZ,20150826,0.855,0.855,0.878,0.845,0.86,0.005,0.5848,23316.68,2004.0561
159941.SZ,20150827,0.86,0.897,0.9,0.89,0.899,0.039,4.5349,2963.04,264.7785
159941.SZ,20150828,0.899,0.919,0.925,0.916,0.921,0.022,2.4472,13400.92,1231.3255
159941.SZ,20150831,0.921,0.921,0.937,0.92,0.929,0.008,0.8686,10851.63,1002.4824
159941.SZ,20150901,0.929,0.916,0.925,0.903,0.909,-0.02,-2.1529,14922.0,1367.4397
159941.SZ,20150902,0.909,0.88,0.9,0.88,0.898,-0.011,-1.2101,3287.0,294.1659
159941.SZ,20150907,0.898,0.896,0.912,0.896,0.91,0.012,1.3363,4063.03,368.3656
159941.SZ,20150908,0.91,0.917,0.917,0.905,0.915,0.005,0.5495,1973.0,180.2202
159941.SZ,20150909,0.915,0.939,0.939,0.918,0.92,0.005,0.5464,5606.0,517.6541
159941.SZ,20150910,0.92,0.914,0.918,0.914,0.914,-0.006,-0.6522,3730.0,341.5072
159941.SZ,20150911,0.914,0.919,0.93,0.919,0.92,0.006,0.6565,30593.84,2826.7365
159941.SZ,20150914,0.92,0.932,0.935,0.929,0.929,0.009,0.9783,9373.8,874.1281
159941.SZ,20150915,0.929,0.932,0.932,0.9,0.912,-0.017,-1.8299,5904.0,545.3518
159941.SZ,20150916,0.912,0.935,0.942,0.935,0.94,0.028,3.0702,9844.38,922.4633
159941.SZ,20150917,0.94,0.945,0.945,0.939,0.941,0.001,0.1064,16790.01,1579.893
159941.SZ,20150918,0.941,0.945,0.951,0.945,0.948,0.007,0.7439,9210.12,874.0344
159941.SZ,20150921,0.948,0.927,0.933,0.927,0.933,-0.015,-1.5823,1665.0,155.1261
159941.SZ,20150922,0.933,0.937,0.941,0.931,0.935,0.002,0.2144,10817.08,1012.6269
159941.SZ,20150923,0.935,0.922,0.926,0.913,0.926,-0.009,-0.9626,3104.0,284.2561
159941.SZ,20150924,0.926,0.92,0.92,0.915,0.915,-0.011,-1.1879,50111.04,4590.1637
159941.SZ,20150925,0.915,0.891,0.916,0.891,0.915,0.0,0.0,3094.36,281.8958
159941.SZ,20150928,0.915,0.908,0.908,0.902,0.906,-0.009,-0.9836,3522.0,319.1623
159941.SZ,20150929,0.906,0.868,0.877,0.868,0.871,-0.035,-3.8631,15249.12,1331.7987
159941.SZ,20150930,0.871,0.874,0.878,0.873,0.878,0.007,0.8037,8226.54,720.2688
159941.SZ,20151008,0.878,0.956,0.956,0.919,0.924,0.046,5.2392,11228.4,1035.7446
159941.SZ,20151009,0.924,0.928,0.93,0.923,0.927,0.003,0.3247,8326.0,772.7956
159941.SZ,20151012,0.927,0.928,0.931,0.924,0.929,0.002,0.2157,6610.01,613.6052
159941.SZ,20151013,0.929,0.927,0.933,0.927,0.93,0.001,0.1076,4187.08,389.4115
159941.SZ,20151014,0.93,0.93,0.93,0.927,0.929,-0.001,-0.1075,2884.12,267.6462
159941.SZ,20151015,0.929,0.927,0.931,0.925,0.926,-0.003,-0.3229,6149.17,569.6081
159941.SZ,20151016,0.926,0.934,0.942,0.934,0.941,0.015,1.6199,6903.09,648.3167
159941.SZ,20151019,0.941,0.939,0.944,0.939,0.942,0.001,0.1063,6620.0,623.6095
159941.SZ,20151020,0.942,0.945,0.953,0.944,0.949,0.007,0.7431,13024.24,1235.198
159941.SZ,20151021,0.949,0.949,0.953,0.945,0.945,-0.004,-0.4215,12770.05,1212.4837
159941.SZ,20151022,0.945,0.94,0.944,0.938,0.94,-0.005,-0.5291,2097.0,197.121
159941.SZ,20151023,0.94,0.95,0.978,0.95,0.97,0.03,3.1915,31458.18,3052.8202
159941.SZ,20151026,0.97,0.99,0.991,0.983,0.985,0.015,1.5464,8021.01,792.6264
159941.SZ,20151027,0.985,0.965,0.986,0.965,0.983,-0.002,-0.203,7880.05,775.9145
159941.SZ,20151028,0.983,0.986,0.989,0.986,0.989,0.006,0.6104,14878.16,1469.1871
159941.SZ,20151029,0.989,0.995,1.0,0.993,0.997,0.008,0.8089,9472.39,944.1989
159941.SZ,20151030,0.997,0.995,0.998,0.994,0.996,-0.001,-0.1003,6239.52,621.1908
159941.SZ,20151102,0.996,0.989,0.989,0.986,0.986,-0.01,-1.004,3051.33,301.393
159941.SZ,20151103,0.986,1.0,1.002,0.999,0.999,0.013,1.3185,8443.49,844.3901
159941.SZ,20151104,0.999,0.989,1.001,0.989,1.0,0.001,0.1001,11086.0,1106.0684
159941.SZ,20151105,1.0,0.988,0.998,0.982,0.994,-0.006,-0.6,4695.0,467.1707
159941.SZ,20151106,0.994,0.995,1.0,0.994,1.0,0.006,0.6036,4096.11,408.0836
159941.SZ,20151109,1.0,1.0,1.006,0.994,1.002,0.002,0.2,60011.61,6005.8567
159941.SZ,20151110,1.002,0.994,0.995,0.992,0.992,-0.01,-0.998,2995.59,297.2404
159941.SZ,20151111,0.992,0.992,0.992,0.987,0.99,-0.002,-0.2016,1401.04,138.5165
159941.SZ,20151112,0.99,0.985,0.995,0.984,0.989,-0.001,-0.101,2168.08,214.7739
159941.SZ,20151113,0.989,0.988,0.988,0.973,0.986,-0.003,-0.3033,4390.02,429.1425
159941.SZ,20151116,0.986,0.958,0.969,0.958,0.969,-0.017,-1.7241,247.0,23.7624
159941.SZ,20151117,0.969,0.979,0.985,0.975,0.977,0.008,0.8256,2678.0,262.3399
159941.SZ,20151118,0.977,0.976,0.978,0.97,0.978,0.001,0.1024,715.0,69.3618
159941.SZ,20151119,0.978,0.988,1.0,0.988,1.0,0.022,2.2495,4536.1,452.3205
159941.SZ,20151120,1.0,0.999,0.999,0.989,0.998,-0.002,-0.2,1254.02,124.636
159941.SZ,20151123,0.998,0.998,1.002,0.983,1.0,0.002,0.2004,8268.05,824.9627
159941.SZ,20151124,1.0,0.997,1.006,0.997,1.005,0.005,0.5,20208.02,2024.3934
159941.SZ,20151125,1.005,0.993,1.0,0.993,0.997,-0.008,-0.796,4480.08,446.4801
159941.SZ,20151126,0.997,1.0,1.006,1.0,1.003,0.006,0.6018,11085.15,1112.5584
159941.SZ,20151127,1.003,1.003,1.009,1.002,1.002,-0.001,-0.0997,11543.44,1160.3666
159941.SZ,20151130,1.002,1.006,1.006,0.995,0.999,-0.003,-0.2994,3226.09,322.2571
159941.SZ,20151201,0.999,0.998,1.008,0.998,1.006,0.007,0.7007,17258.78,1732.7379
159941.SZ,20151202,1.006,1.008,1.018,1.008,1.017,0.011,1.0934,17082.81,1729.3046
159941.SZ,20151203,1.017,1.017,1.017,1.001,1.002,-0.015,-1.4749,1904.0,190.8578
159941.SZ,20151204,1.002,0.999,0.999,0.991,0.995,-0.007,-0.6986,425.01,42.1865
159941.SZ,20151207,0.995,1.017,1.017,1.002,1.005,0.01,1.005,1673.12,168.1614
159941.SZ,20151208,1.005,1.005,1.005,0.997,1.001,-0.004,-0.398,2866.52,286.0637
159941.SZ,20151209,1.001,1.001,1.008,1.001,1.008,0.007,0.6993,6294.94,632.179
159941.SZ,20151210,1.008,0.999,0.999,0.993,0.997,-0.011,-1.0913,874.04,86.9472
159941.SZ,20151211,0.997,0.996,1.002,0.996,1.002,0.005,0.5015,247.0,24.7306
159941.SZ,20151214,1.002,0.976,0.987,0.976,0.986,-0.016,-1.5968,8296.46,817.963
159941.SZ,20151215,0.986,0.995,0.995,0.985,0.985,-0.001,-0.1014,279.0,27.5105
159941.SZ,20151216,0.985,1.003,1.003,0.993,0.994,0.009,0.9137,729.95,72.5781
159941.SZ,20151217,0.994,1.006,1.01,1.001,1.002,0.008,0.8048,4927.6,494.013
159941.SZ,20151218,1.002,1.0,1.0,0.992,0.997,-0.005,-0.499,3387.16,337.467
159941.SZ,20151221,0.997,0.988,0.989,0.981,0.989,-0.008,-0.8024,1828.17,180.3366
159941.SZ,20151222,0.989,0.997,0.997,0.982,0.988,-0.001,-0.1011,4138.0,409.427
159941.SZ,20151223,0.988,0.991,0.992,0.988,0.988,0.0,0.0,1721.0,170.2641
159941.SZ,20151224,0.988,0.993,0.998,0.993,0.996,0.008,0.8097,1901.04,189.3328
159941.SZ,20151225,0.996,0.996,0.996,0.991,0.994,-0.002,-0.2008,1620.4,161.1957
159941.SZ,20151228,0.994,0.992,0.995,0.991,0.991,-0.003,-0.3018,648.0,64.2968
159941.SZ,20151229,0.991,0.993,0.993,0.99,0.993,0.002,0.2018,1645.0,162.9805
159941.SZ,20151230,0.993,0.997,1.004,0.997,1.004,0.011,1.1078,15611.43,1562.7782
159941.SZ,20151231,1.004,1.003,1.006,0.99,1.006,0.002,0.1992,22814.95,2288.4661
159941.SZ,20160104,1.006,1.01,1.01,0.992,0.996,-0.01,-0.994,2232.97,223.244
159941.SZ,20160105,0.996,0.968,0.994,0.968,0.977,-0.019,-1.9076,1374.97,134.7877
159941.SZ,20160106,0.977,0.983,0.987,0.978,0.979,0.002,0.2047,1868.0,183.2551
159941.SZ,20160107,0.979,0.97,0.983,0.968,0.968,-0.011,-1.1236,2146.0,209.3838
159941.SZ,20160108,0.968,0.946,1.004,0.945,0.965,-0.003,-0.3099,7103.0,680.0112
159941.SZ,20160111,0.965,0.9,0.965,0.9,0.935,-0.03,-3.1088,1810.01,169.8236
159941.SZ,20160112,0.935,0.941,0.958,0.941,0.955,0.02,2.139,8660.91,823.72
159941.SZ,20160113,0.955,0.95,0.965,0.95,0.961,0.006,0.6283,6182.0,591.1931
159941.SZ,20160114,0.961,0.906,0.944,0.906,0.94,-0.021,-2.1852,12426.02,1151.6349
159941.SZ,20160115,0.94,0.932,0.956,0.928,0.941,0.001,0.1064,13434.01,1258.7286
159941.SZ,20160118,0.941,0.909,0.955,0.907,0.938,-0.003,-0.3188,2838.02,262.8183
159941.SZ,20160119,0.938,0.911,0.932,0.911,0.932,-0.006,-0.6397,4525.6,418.5731
159941.SZ,20160120,0.932,0.925,0.934,0.914,0.914,-0.018,-1.9313,481.0,44.0125
159941.SZ,20160121,0.914,0.916,0.921,0.901,0.914,0.0,0.0,227.0,20.8237
159941.SZ,20160122,0.914,0.926,0.935,0.913,0.917,0.003,0.3282,601.0,55.2153
159941.SZ,20160125,0.917,0.937,0.937,0.917,0.918,0.001,0.1091,5390.3,496.073
159941.SZ,20160126,0.918,0.915,0.919,0.909,0.91,-0.008,-0.8715,6112.0,557.9232
159941.SZ,20160127,0.91,0.919,0.921,0.904,0.91,0.0,0.0,7108.0,647.8391
159941.SZ,20160128,0.91,0.904,0.907,0.898,0.906,-0.004,-0.4396,1115.01,100.4604
159941.SZ,20160129,0.906,0.909,0.918,0.907,0.918,0.012,1.3245,1111.16,101.3515
159941.SZ,20160201,0.918,0.921,0.932,0.921,0.923,0.005,0.5447,606.0,56.0659
159941.SZ,20160202,0.923,0.929,0.931,0.923,0.931,0.008,0.8667,1071.0,99.6514
159941.SZ,20160203,0.931,0.91,0.92,0.903,0.917,-0.014,-1.5038,433.0,39.7035
159941.SZ,20160204,0.917,0.905,0.919,0.905,0.916,-0.001,-0.1091,663.01,60.512
159941.SZ,20160205,0.916,0.918,0.927,0.91,0.916,0.0,0.0,2067.66,189.3664
159941.SZ,20160215,0.916,0.899,0.899,0.89,0.891,-0.025,-2.7293,1844.0,164.6285
159941.SZ,20160216,0.891,0.893,0.948,0.893,0.905,0.014,1.5713,3362.11,309.347
159941.SZ,20160217,0.905,0.919,0.93,0.902,0.918,0.013,1.4365,2563.0,233.5794
159941.SZ,20160218,0.918,0.91,0.923,0.91,0.911,-0.007,-0.7625,920.0,83.8001
159941.SZ,20160219,0.911,0.91,0.914,0.905,0.911,0.0,0.0,268.0,24.3592
159941.SZ,20160222,0.911,0.904,0.914,0.904,0.914,0.003,0.3293,63.1,5.7415
159941.SZ,20160223,0.914,0.923,0.928,0.916,0.922,0.008,0.8753,2242.0,206.2421
159941.SZ,20160224,0.922,0.919,0.919,0.908,0.914,-0.008,-0.8677,645.0,58.7421
159941.SZ,20160225,0.914,0.911,0.928,0.901,0.914,0.0,0.0,366.0,33.2278
159941.SZ,20160226,0.914,0.925,0.925,0.915,0.923,0.009,0.9847,898.0,82.7901
159941.SZ,20160229,0.923,0.91,0.926,0.91,0.911,-0.012,-1.3001,355.01,32.4806
159941.SZ,20160301,0.911,0.914,0.915,0.912,0.914,0.003,0.3293,439.0,40.1228
159941.SZ,20160302,0.914,0.929,0.94,0.923,0.934,0.02,2.1882,2708.24,252.7459
159941.SZ,20160303,0.934,0.934,0.94,0.934,0.94,0.006,0.6424,2027.0,190.1789
159941.SZ,20160304,0.94,0.94,0.945,0.938,0.944,0.004,0.4255,1390.0,130.894
159941.SZ,20160307,0.944,0.942,0.942,0.942,0.942,-0.002,-0.2119,916.0,86.2872
159941.SZ,20160308,0.942,0.942,0.942,0.932,0.937,-0.005,-0.5308,277.0,25.9611
159941.SZ,20160309,0.937,0.922,0.929,0.921,0.929,-0.008,-0.8538,1834.0,169.426
159941.SZ,20160310,0.929,0.934,0.934,0.923,0.934,0.005,0.5382,1148.04,106.6223
159941.SZ,20160311,0.934,0.922,0.934,0.919,0.934,0.0,0.0,626.0,58.1028
159941.SZ,20160314,0.934,0.935,0.947,0.935,0.943,0.009,0.9636,2622.11,246.7489
159941.SZ,20160315,0.943,0.928,0.944,0.928,0.94,-0.003,-0.3181,1658.0,155.6196
159941.SZ,20160316,0.94,0.937,0.94,0.937,0.94,0.0,0.0,489.0,45.9178
159941.SZ,20160317,0.94,0.95,0.958,0.944,0.953,0.013,1.383,3207.0,304.2431
159941.SZ,20160318,0.953,0.95,0.958,0.948,0.95,-0.003,-0.3148,2997.01,285.1903
159941.SZ,20160321,0.95,0.951,0.951,0.947,0.95,0.0,0.0,1748.44,165.7181
159941.SZ,20160322,0.95,0.945,0.953,0.942,0.943,-0.007,-0.7368,3439.07,325.3487
159941.SZ,20160323,0.943,0.949,0.95,0.946,0.95,0.007,0.7423,1018.04,96.5793
159941.SZ,20160324,0.95,0.942,0.947,0.939,0.939,-0.011,-1.1579,2007.0,188.9781
159941.SZ,20160325,0.939,0.936,0.942,0.936,0.941,0.002,0.213,821.68,77.1518
159941.SZ,20160328,0.941,0.94,0.943,0.936,0.942,0.001,0.1063,3869.06,363.8028
159941.SZ,20160329,0.942,0.942,0.944,0.939,0.943,0.001,0.1062,868.0,81.7659
159941.SZ,20160330,0.943,0.945,0.956,0.944,0.955,0.012,1.2725,3847.0,366.3608
159941.SZ,20160331,0.955,0.957,0.959,0.948,0.948,-0.007,-0.733,2185.02,208.87
159941.SZ,20160401,0.948,0.951,0.955,0.95,0.953,0.005,0.5274,1773.0,168.7994
159941.SZ,20160405,0.953,0.956,0.958,0.951,0.957,0.004,0.4197,1101.01,105.1017
159941.SZ,20160406,0.957,0.951,0.955,0.951,0.955,-0.002,-0.209,1521.01,144.942
159941.SZ,20160407,0.955,0.955,0.964,0.955,0.962,0.007,0.733,1103.0,105.9693
159941.SZ,20160408,0.962,0.96,0.96,0.953,0.955,-0.007,-0.7277,719.0,68.7672
159941.SZ,20160411,0.955,0.945,0.956,0.945,0.953,-0.002,-0.2094,751.02,71.3437
159941.SZ,20160412,0.953,0.948,0.951,0.946,0.951,-0.002,-0.2099,557.0,52.8532
159941.SZ,20160413,0.951,0.955,0.957,0.953,0.954,0.003,0.3155,1322.0,126.4036
159941.SZ,20160414,0.954,0.958,0.969,0.958,0.966,0.012,1.2579,3726.54,359.7479
159941.SZ,20160415,0.966,0.968,0.97,0.965,0.969,0.003,0.3106,2374.76,229.5832
159941.SZ,20160418,0.969,0.965,0.965,0.955,0.955,-0.014,-1.4448,1428.02,136.5288
159941.SZ,20160419,0.955,0.956,0.973,0.956,0.973,0.018,1.8848,5648.02,546.7783
159941.SZ,20160420,0.973,0.989,0.989,0.961,0.961,-0.012,-1.2333,2986.0,290.7949
159941.SZ,20160421,0.961,0.957,0.968,0.957,0.967,0.006,0.6243,2000.36,192.7651
159941.SZ,20160422,0.967,0.961,0.968,0.961,0.963,-0.004,-0.4137,1665.15,160.6025
159941.SZ,20160425,0.963,0.966,0.973,0.952,0.966,0.003,0.3115,6951.84,670.6871
159941.SZ,20160426,0.966,0.959,0.966,0.959,0.966,0.0,0.0,830.68,80.1345
159941.SZ,20160427,0.966,0.951,0.966,0.951,0.961,-0.005,-0.5176,669.0,64.3412
159941.SZ,20160428,0.961,0.961,0.961,0.948,0.953,-0.008,-0.8325,1737.68,165.3589
159941.SZ,20160429,0.953,0.95,0.956,0.941,0.949,-0.004,-0.4197,960.05,91.0185
159941.SZ,20160503,0.949,0.95,0.951,0.941,0.941,-0.008,-0.843,1618.08,152.8594
159941.SZ,20160504,0.941,0.941,0.941,0.936,0.936,-0.005,-0.5313,437.0,41.019
159941.SZ,20160505,0.936,0.929,0.936,0.927,0.936,0.0,0.0,768.03,71.5742
159941.SZ,20160506,0.936,0.934,0.934,0.923,0.926,-0.01,-1.0684,823.0,76.195
159941.SZ,20160509,0.926,0.932,0.938,0.93,0.933,0.007,0.7559,572.0,53.4334
159941.SZ,20160510,0.933,0.937,0.943,0.937,0.94,0.007,0.7503,1310.0,123.1162
159941.SZ,20160511,0.94,0.941,0.949,0.941,0.947,0.007,0.7447,940.04,88.8815
159941.SZ,20160512,0.947,0.945,0.945,0.938,0.945,-0.002,-0.2112,630.03,59.3546
159941.SZ,20160513,0.945,0.945,0.945,0.939,0.94,-0.005,-0.5291,312.0,29.3539
159941.SZ,20160516,0.94,0.939,0.939,0.929,0.933,-0.007,-0.7447,60.01,5.5892
159941.SZ,20160517,0.933,0.94,0.95,0.94,0.944,0.011,1.179,389.03,36.7413
159941.SZ,20160518,0.944,0.932,0.944,0.931,0.935,-0.009,-0.9534,698.04,65.0782
159941.SZ,20160519,0.935,0.935,0.938,0.934,0.935,0.0,0.0,280.0,26.1723
159941.SZ,20160520,0.935,0.934,0.94,0.93,0.936,0.001,0.107,2143.0,200.0864
159941.SZ,20160523,0.936,0.936,0.956,0.936,0.949,0.013,1.3889,1252.04,118.657
159941.SZ,20160524,0.949,0.959,0.959,0.939,0.945,-0.004,-0.4215,748.01,70.4209
159941.SZ,20160525,0.945,0.948,0.961,0.948,0.958,0.013,1.3757,3170.05,303.652
159941.SZ,20160526,0.958,0.976,0.976,0.962,0.967,0.009,0.9395,1041.0,100.6939
159941.SZ,20160527,0.967,0.972,0.972,0.964,0.969,0.002,0.2068,1378.0,133.1467
159941.SZ,20160530,0.969,0.974,0.976,0.97,0.976,0.007,0.7224,2501.99,243.6024
159941.SZ,20160531,0.976,0.976,0.979,0.971,0.978,0.002,0.2049,1941.0,189.5172
159941.SZ,20160601,0.978,0.953,0.982,0.953,0.978,0.0,0.0,1402.0,137.1551
159941.SZ,20160602,0.978,0.98,0.98,0.975,0.975,-0.003,-0.3067,459.0,44.8858
159941.SZ,20160603,0.975,0.98,1.01,0.971,0.988,0.013,1.3333,12910.26,1267.5823
159941.SZ,20160606,0.988,0.958,0.979,0.958,0.976,-0.012,-1.2146,764.0,74.5451
159941.SZ,20160607,0.976,0.978,0.984,0.978,0.979,0.003,0.3074,418.0,40.9802
159941.SZ,20160608,0.979,0.979,0.984,0.97,0.978,-0.001,-0.1021,2085.06,203.6825
159941.SZ,20160613,0.978,0.978,0.978,0.961,0.97,-0.008,-0.818,1688.0,162.8421
159941.SZ,20160614,0.97,0.962,0.964,0.961,0.961,-0.009,-0.9278,620.99,59.8055
159941.SZ,20160615,0.961,0.962,0.967,0.962,0.962,0.001,0.1041,569.0,54.7683
159941.SZ,20160616,0.962,0.963,0.965,0.955,0.957,-0.005,-0.5198,1513.0,145.1355
159941.SZ,20160617,0.957,0.965,0.965,0.96,0.961,0.004,0.418,78.0,7.5225
159941.SZ,20160620,0.961,0.965,0.969,0.965,0.969,0.008,0.8325,693.0,67.0865
159941.SZ,20160621,0.969,0.976,0.976,0.957,0.966,-0.003,-0.3096,137.0,13.2312
159941.SZ,20160622,0.966,0.967,0.968,0.955,0.961,-0.005,-0.5176,523.03,50.0433
159941.SZ,20160623,0.961,0.956,0.975,0.956,0.965,0.004,0.4162,7.0,0.6747
159941.SZ,20160624,0.965,0.996,0.996,0.937,0.953,-0.012,-1.2435,1515.0,143.6367
159941.SZ,20160627,0.953,0.954,0.959,0.941,0.957,0.004,0.4197,580.71,55.2788
159941.SZ,20160628,0.957,0.936,0.968,0.936,0.947,-0.01,-1.0449,434.0,41.0748
159941.SZ,20160629,0.947,0.941,0.954,0.938,0.952,0.005,0.528,738.0,69.676
159941.SZ,20160630,0.952,0.98,0.98,0.956,0.969,0.017,1.7857,75.0,7.23
159941.SZ,20160701,0.969,0.979,0.979,0.961,0.97,0.001,0.1032,934.4,90.3828
159941.SZ,20160704,0.97,0.952,0.976,0.952,0.966,-0.004,-0.4124,2789.27,267.6787
159941.SZ,20160705,0.966,0.971,0.971,0.957,0.965,-0.001,-0.1035,11615.04,1120.8376
159941.SZ,20160706,0.965,0.953,0.971,0.953,0.968,0.003,0.3109,10.0,0.9602
159941.SZ,20160707,0.968,0.978,0.978,0.962,0.968,0.0,0.0,386.0,37.2902
159941.SZ,20160708,0.968,0.979,0.979,0.965,0.974,0.006,0.6198,752.35,72.8434
159941.SZ,20160711,0.974,0.974,0.99,0.972,0.988,0.014,1.4374,5195.59,509.38
159941.SZ,20160712,0.988,1.0,1.0,0.988,0.993,0.005,0.5061,3262.02,323.1906
159941.SZ,20160713,0.993,1.0,1.006,0.993,1.006,0.013,1.3092,8523.89,851.5745
159941.SZ,20160714,1.006,0.997,1.013,0.997,1.013,0.007,0.6958,8805.09,888.1022
159941.SZ,20160715,1.013,1.013,1.025,1.009,1.02,0.007,0.691,5504.06,560.9369
159941.SZ,20160718,1.02,1.02,1.02,1.001,1.019,-0.001,-0.098,231.0,23.449
159941.SZ,20160719,1.019,1.018,1.019,1.013,1.014,-0.005,-0.4907,772.14,78.3421
159941.SZ,20160720,1.014,1.014,1.018,1.005,1.018,0.004,0.3945,1137.0,115.3724
159941.SZ,20160721,1.018,1.018,1.031,1.018,1.03,0.012,1.1788,41885.81,4300.2473
159941.SZ,20160722,1.03,1.028,1.028,1.014,1.016,-0.014,-1.3592,521.0,52.9506
159941.SZ,20160725,1.016,1.034,1.034,1.024,1.025,0.009,0.8858,1136.0,116.4381
159941.SZ,20160726,1.025,1.029,1.031,1.017,1.031,0.006,0.5854,4003.16,410.9701
159941.SZ,20160727,1.031,1.034,1.04,1.022,1.028,-0.003,-0.291,7440.9,769.9693
159941.SZ,20160728,1.028,1.036,1.041,1.028,1.041,0.013,1.2646,11679.0,1213.7283
159941.SZ,20160729,1.041,1.038,1.04,1.03,1.036,-0.005,-0.4803,6943.07,719.2094
159941.SZ,20160801,1.036,1.036,1.042,1.036,1.041,0.005,0.4826,2956.06,307.5202
159941.SZ,20160802,1.041,1.082,1.082,1.031,1.05,0.009,0.8646,5249.24,548.2939
159941.SZ,20160803,1.05,1.048,1.048,1.029,1.033,-0.017,-1.619,2627.0,271.0413
159941.SZ,20160804,1.033,1.04,1.044,1.027,1.038,0.005,0.484,2881.25,298.8105
159941.SZ,20160805,1.038,1.033,1.038,1.033,1.035,-0.003,-0.289,1252.0,129.7559
159941.SZ,20160808,1.035,1.05,1.05,1.04,1.049,0.014,1.3527,1292.04,135.2413
159941.SZ,20160809,1.049,1.041,1.053,1.041,1.053,0.004,0.3813,2789.0,292.9612
159941.SZ,20160810,1.053,1.048,1.055,0.98,1.048,-0.005,-0.4748,10158.0,1053.6987
159941.SZ,20160811,1.048,1.048,1.05,1.048,1.048,0.0,0.0,717.0,75.165
159941.SZ,20160812,1.048,1.05,1.06,1.05,1.053,0.005,0.4771,8566.48,904.0945
159941.SZ,20160815,1.053,1.058,1.059,1.043,1.05,-0.003,-0.2849,4768.88,499.1441
159941.SZ,20160816,1.05,1.05,1.054,1.05,1.052,0.002,0.1905,2592.53,272.4645
159941.SZ,20160817,1.052,1.047,1.051,1.047,1.048,-0.004,-0.3802,1336.0,140.2501
159941.SZ,20160818,1.048,1.057,1.057,1.049,1.049,0.001,0.0954,1234.01,129.8908
159941.SZ,20160819,1.049,1.049,1.051,1.047,1.049,0.0,0.0,256.0,26.8407
159941.SZ,20160822,1.049,1.05,1.05,1.046,1.049,0.0,0.0,743.06,77.9044
159941.SZ,20160823,1.049,1.048,1.052,1.048,1.052,0.003,0.286,860.02,90.3478
159941.SZ,20160824,1.052,1.054,1.063,1.047,1.062,0.01,0.9506,3113.1,328.3162
159941.SZ,20160825,1.062,1.042,1.053,1.042,1.053,-0.009,-0.8475,689.0,72.3241
159941.SZ,20160826,1.053,1.053,1.053,1.048,1.053,0.0,0.0,21850.06,2294.4212
159941.SZ,20160829,1.053,1.046,1.053,1.046,1.052,-0.001,-0.095,626.01,65.7535
159941.SZ,20160830,1.052,1.051,1.056,1.051,1.056,0.004,0.3802,2138.19,225.4457
159941.SZ,20160831,1.056,1.054,1.058,1.049,1.056,0.0,0.0,11600.06,1226.5227
159941.SZ,20160901,1.056,1.054,1.054,1.05,1.054,-0.002,-0.1894,2111.01,222.1558
159941.SZ,20160902,1.054,1.054,1.056,1.052,1.056,0.002,0.1898,2322.0,244.3454
159941.SZ,20160905,1.056,1.058,1.062,1.055,1.059,0.003,0.2841,5143.33,543.914
159941.SZ,20160906,1.059,1.057,1.06,1.056,1.059,0.0,0.0,968.0,102.431
159941.SZ,20160907,1.059,1.056,1.067,1.056,1.065,0.006,0.5666,1261.0,134.1637
159941.SZ,20160908,1.065,1.065,1.067,1.062,1.065,0.0,0.0,4876.4,519.1069
159941.SZ,20160909,1.065,1.062,1.063,1.056,1.063,-0.002,-0.1878,280.0,29.7253
159941.SZ,20160912,1.063,1.039,1.042,1.028,1.037,-0.026,-2.4459,1369.0,142.283
159941.SZ,20160913,1.037,1.034,1.061,1.034,1.041,0.004,0.3857,1825.0,190.7124
159941.SZ,20160914,1.041,1.045,1.05,1.041,1.046,0.005,0.4803,923.0,96.1965
159941.SZ,20160919,1.046,1.064,1.064,1.052,1.06,0.014,1.3384,4577.11,484.299
159941.SZ,20160920,1.06,1.058,1.059,1.052,1.054,-0.006,-0.566,830.11,87.4134
159941.SZ,20160921,1.054,1.063,1.063,1.056,1.06,0.006,0.5693,722.07,76.5087
159941.SZ,20160922,1.06,1.077,1.077,1.064,1.065,0.005,0.4717,6194.72,661.1545
159941.SZ,20160923,1.065,1.078,1.078,1.069,1.077,0.012,1.1268,8012.28,862.3387
159941.SZ,20160926,1.077,1.076,1.076,1.063,1.066,-0.011,-1.0214,2562.0,273.1475
159941.SZ,20160927,1.066,1.065,1.102,1.051,1.074,0.008,0.7505,3006.04,322.8935
159941.SZ,20160928,1.074,1.077,1.085,1.072,1.074,0.0,0.0,2297.98,247.3388
159941.SZ,20160929,1.074,1.074,1.078,1.073,1.075,0.001,0.0931,4202.0,451.5309
159941.SZ,20160930,1.075,1.063,1.073,1.063,1.071,-0.004,-0.3721,1144.0,122.3402
159941.SZ,20161010,1.071,1.078,1.079,1.073,1.076,0.005,0.4669,1801.0,194.0637
159941.SZ,20161011,1.076,1.077,1.097,1.077,1.088,0.012,1.1152,8664.3,938.2899
159941.SZ,20161012,1.088,1.084,1.085,1.069,1.083,-0.005,-0.4596,1074.99,116.2377
159941.SZ,20161013,1.083,1.088,1.088,1.079,1.082,-0.001,-0.0923,800.0,86.418
159941.SZ,20161014,1.082,1.081,1.084,1.081,1.084,0.002,0.1848,550.0,59.54
159941.SZ,20161017,1.084,1.084,1.084,1.071,1.081,-0.003,-0.2768,1909.0,205.7009
159941.SZ,20161018,1.081,1.076,1.086,1.076,1.083,0.002,0.185,1319.0,142.6596
159941.SZ,20161019,1.083,1.081,1.098,1.081,1.084,0.001,0.0923,1718.05,186.3173
159941.SZ,20161020,1.084,1.088,1.095,1.086,1.089,0.005,0.4613,1693.0,184.1192
159941.SZ,20161021,1.089,1.09,1.091,1.085,1.091,0.002,0.1837,2083.05,226.7897
159941.SZ,20161024,1.091,1.09,1.092,1.083,1.092,0.001,0.0917,6216.0,675.9209
159941.SZ,20161025,1.092,1.1,1.124,1.099,1.104,0.012,1.0989,3549.13,391.6699
159941.SZ,20161026,1.104,1.113,1.113,1.1,1.1,-0.004,-0.3623,3874.99,426.9547
159941.SZ,20161027,1.1,1.104,1.104,1.093,1.099,-0.001,-0.0909,811.0,88.9505
159941.SZ,20161028,1.099,1.098,1.114,1.091,1.096,-0.003,-0.273,1721.95,188.7132
159941.SZ,20161031,1.096,1.099,1.099,1.087,1.088,-0.008,-0.7299,2150.0,234.407
159941.SZ,20161101,1.088,1.093,1.093,1.09,1.09,0.002,0.1838,242.0,26.393
159941.SZ,20161102,1.09,1.084,1.084,1.074,1.077,-0.013,-1.1927,3218.0,346.454
159941.SZ,20161103,1.077,1.069,1.074,1.067,1.073,-0.004,-0.3714,6830.11,731.154
159941.SZ,20161104,1.073,1.072,1.072,1.056,1.065,-0.008,-0.7456,1852.0,196.26
159941.SZ,20161107,1.065,1.067,1.082,1.067,1.075,0.01,0.939,1715.0,184.712
159941.SZ,20161108,1.075,1.079,1.093,1.079,1.083,0.008,0.7442,1494.12,161.394
159941.SZ,20161109,1.083,1.086,1.088,1.035,1.055,-0.028,-2.5854,4922.26,520.88
159941.SZ,20161110,1.055,1.076,1.092,1.076,1.088,0.033,3.128,3371.0,365.17
159941.SZ,20161111,1.088,1.062,1.079,1.062,1.072,-0.016,-1.4706,2580.87,276.691
159941.SZ,20161114,1.072,1.076,1.076,1.069,1.075,0.003,0.2799,919.05,98.625
159941.SZ,20161115,1.075,1.07,1.074,1.061,1.074,-0.001,-0.093,1639.0,174.817
159941.SZ,20161116,1.074,1.078,1.101,1.076,1.101,0.027,2.514,8325.13,906.53
159941.SZ,20161117,1.101,1.101,1.111,1.094,1.098,-0.003,-0.2725,646.0,71.113
159941.SZ,20161118,1.098,1.099,1.12,1.06,1.099,0.001,0.0911,6472.1,708.841
159941.SZ,20161121,1.099,1.098,1.099,1.091,1.098,-0.001,-0.091,824.03,90.463
159941.SZ,20161122,1.098,1.104,1.115,1.104,1.115,0.017,1.5483,3734.88,415.792
159941.SZ,20161123,1.115,1.121,1.124,1.115,1.118,0.003,0.2691,1790.19,200.225
159941.SZ,20161124,1.118,1.116,1.139,1.116,1.121,0.003,0.2683,3114.21,351.027
159941.SZ,20161125,1.121,1.11,1.138,1.11,1.131,0.01,0.8921,3929.0,444.658
159941.SZ,20161128,1.131,1.142,1.166,1.128,1.162,0.031,2.7409,8005.32,922.121
159941.SZ,20161129,1.162,1.153,1.18,1.118,1.132,-0.03,-2.5818,2521.0,286.938
159941.SZ,20161130,1.132,1.129,1.165,1.129,1.15,0.018,1.5901,2731.0,313.582
159941.SZ,20161201,1.15,1.145,1.145,1.113,1.117,-0.033,-2.8696,5732.0,643.478
159941.SZ,20161202,1.117,1.105,1.105,1.093,1.097,-0.02,-1.7905,16881.88,1850.902
159941.SZ,20161205,1.097,1.094,1.11,1.094,1.096,-0.001,-0.0912,2635.0,289.677
159941.SZ,20161206,1.096,1.1,1.115,1.1,1.108,0.012,1.0949,4268.0,471.568
159941.SZ,20161207,1.108,1.115,1.125,1.106,1.112,0.004,0.361,17563.0,1954.272
159941.SZ,20161208,1.112,1.123,1.18,1.115,1.143,0.031,2.7878,35050.99,3954.54
159941.SZ,20161209,1.143,1.143,1.145,1.123,1.124,-0.019,-1.6623,19443.0,2202.05
159941.SZ,20161212,1.124,1.125,1.142,1.125,1.137,0.013,1.1566,4913.62,556.003
159941.SZ,20161213,1.137,1.127,1.169,1.126,1.136,-0.001,-0.088,213062.05,24057.464
159941.SZ,20161214,1.136,1.137,1.18,1.137,1.163,0.027,2.3768,12374.3,1434.861
159941.SZ,20161215,1.163,1.151,1.163,1.131,1.158,-0.005,-0.4299,9256.16,1066.324
159941.SZ,20161216,1.158,1.159,1.18,1.155,1.162,0.004,0.3454,8981.06,1042.607
159941.SZ,20161219,1.162,1.16,1.162,1.15,1.162,0.0,0.0,10135.27,1171.972
159941.SZ,20161220,1.162,1.161,1.17,1.161,1.17,0.008,0.6885,3236.0,377.343
159941.SZ,20161221,1.17,1.17,1.223,1.17,1.214,0.044,3.7607,14496.94,1748.463
159941.SZ,20161222,1.214,1.222,1.23,1.216,1.223,0.009,0.7414,21155.0,2580.347
159941.SZ,20161223,1.223,1.201,1.225,1.184,1.221,-0.002,-0.1635,7758.0,938.935
159941.SZ,20161226,1.221,1.221,1.32,1.221,1.291,0.07,5.733,22205.3,2853.013
159941.SZ,20161227,1.291,1.3,1.301,1.271,1.285,-0.006,-0.4648,9385.0,1205.19
159941.SZ,20161228,1.285,1.286,1.306,1.269,1.272,-0.013,-1.0117,8716.0,1113.574
159941.SZ,20161229,1.272,1.23,1.261,1.23,1.256,-0.016,-1.2579,9426.85,1181.716
159941.SZ,20161230,1.256,1.255,1.268,1.254,1.261,0.005,0.3981,3561.0,448.301
159941.SZ,20170103,1.261,1.222,1.263,1.221,1.242,-0.019,-1.5067,17892.91,2232.448
159941.SZ,20170104,1.242,1.257,1.257,1.208,1.22,-0.022,-1.7713,4254.15,524.02
159941.SZ,20170105,1.22,1.221,1.227,1.202,1.203,-0.017,-1.3934,7796.72,942.596
159941.SZ,20170106,1.203,1.203,1.21,1.18,1.18,-0.023,-1.9119,9747.01,1157.66
159941.SZ,20170109,1.18,1.198,1.2,1.176,1.185,0.005,0.4237,2665.0,316.045
159941.SZ,20170110,1.185,1.187,1.197,1.184,1.197,0.012,1.0127,2963.03,351.868
159941.SZ,20170111,1.197,1.213,1.235,1.206,1.229,0.032,2.6734,3490.97,425.646
159941.SZ,20170112,1.229,1.242,1.29,1.183,1.259,0.03,2.441,11551.01,1427.762
159941.SZ,20170113,1.259,1.259,1.259,1.224,1.239,-0.02,-1.5886,2633.0,324.73
159941.SZ,20170116,1.239,1.271,1.271,1.238,1.242,0.003,0.2421,2078.0,259.248
159941.SZ,20170117,1.242,1.26,1.271,1.23,1.249,0.007,0.5636,5439.0,674.045
159941.SZ,20170118,1.249,1.17,1.246,1.17,1.233,-0.016,-1.281,3368.0,414.333
159941.SZ,20170119,1.233,1.24,1.267,1.212,1.215,-0.018,-1.4599,3966.0,489.991
159941.SZ,20170120,1.215,1.222,1.258,1.201,1.213,-0.002,-0.1646,2668.04,322.555
159941.SZ,20170123,1.213,1.255,1.255,1.19,1.208,-0.005,-0.4122,2242.0,270.18
159941.SZ,20170124,1.208,1.208,1.25,1.188,1.199,-0.009,-0.745,1558.0,186.481
159941.SZ,20170125,1.199,1.246,1.246,1.202,1.209,0.01,0.834,2656.0,320.472
159941.SZ,20170126,1.209,1.222,1.264,1.213,1.262,0.053,4.3838,9941.0,1240.896
159941.SZ,20170203,1.262,1.264,1.264,1.234,1.244,-0.018,-1.4263,3665.0,458.652
159941.SZ,20170206,1.244,1.261,1.282,1.25,1.254,0.01,0.8039,2429.0,304.899
159941.SZ,20170207,1.254,1.261,1.261,1.249,1.253,-0.001,-0.0797,782.0,97.971
159941.SZ,20170208,1.253,1.253,1.259,1.218,1.259,0.006,0.4789,7880.0,985.37
159941.SZ,20170209,1.259,1.259,1.261,1.25,1.26,0.001,0.0794,2265.0,284.4
159941.SZ,20170210,1.26,1.299,1.299,1.256,1.267,0.007,0.5556,6236.0,788.962
159941.SZ,20170213,1.267,1.262,1.279,1.262,1.27,0.003,0.2368,1199.0,152.043
159941.SZ,20170214,1.27,1.269,1.275,1.261,1.27,0.0,0.0,4636.0,588.739
159941.SZ,20170215,1.27,1.273,1.273,1.264,1.265,-0.005,-0.3937,25836.72,3277.284
159941.SZ,20170216,1.265,1.295,1.295,1.265,1.268,0.003,0.2372,11144.0,1424.898
159941.SZ,20170217,1.268,1.268,1.292,1.252,1.292,0.024,1.8927,5634.0,714.1
159941.SZ,20170220,1.292,1.289,1.3,1.283,1.299,0.007,0.5418,3554.01,459.661
159941.SZ,20170221,1.299,1.314,1.314,1.289,1.299,0.0,0.0,4566.0,591.312
159941.SZ,20170222,1.299,1.299,1.305,1.294,1.305,0.006,0.4619,4161.0,541.121
159941.SZ,20170223,1.305,1.295,1.312,1.29,1.305,0.0,0.0,11406.0,1481.502
159941.SZ,20170224,1.305,1.299,1.313,1.291,1.294,-0.011,-0.8429,18047.0,2341.835
159941.SZ,20170227,1.294,1.304,1.304,1.291,1.293,-0.001,-0.0773,4317.05,558.453
159941.SZ,20170228,1.293,1.293,1.298,1.286,1.297,0.004,0.3094,6865.06,888.616
159941.SZ,20170301,1.297,1.301,1.301,1.292,1.298,0.001,0.0771,4667.0,604.63
159941.SZ,20170302,1.298,1.298,1.38,1.294,1.3,0.002,0.1541,41666.32,5433.099
159941.SZ,20170303,1.3,1.291,1.306,1.29,1.296,-0.004,-0.3077,10418.0,1352.172
159941.SZ,20170306,1.296,1.335,1.335,1.295,1.305,0.009,0.6944,22418.0,2919.428
159941.SZ,20170307,1.305,1.305,1.305,1.287,1.301,-0.004,-0.3065,21527.0,2791.514
159941.SZ,20170308,1.301,1.299,1.299,1.291,1.293,-0.008,-0.6149,12271.28,1587.313
159941.SZ,20170309,1.293,1.299,1.299,1.291,1.293,0.0,0.0,3028.0,391.238
159941.SZ,20170310,1.293,1.29,1.302,1.29,1.294,0.001,0.0773,5009.28,648.795
159941.SZ,20170313,1.294,1.303,1.365,1.29,1.295,0.001,0.0773,14729.0,1906.392
159941.SZ,20170314,1.295,1.295,1.298,1.293,1.297,0.002,0.1544,12437.88,1610.955
159941.SZ,20170315,1.297,1.294,1.298,1.294,1.297,0.0,0.0,1332.0,172.531
159941.SZ,20170316,1.297,1.309,1.31,1.297,1.301,0.004,0.3084,5105.0,663.371
159941.SZ,20170317,1.301,1.301,1.301,1.297,1.298,-0.003,-0.2306,3435.0,446.388
159941.SZ,20170320,1.298,1.298,1.3,1.294,1.298,0.0,0.0,944.0,122.456
159941.SZ,20170321,1.298,1.298,1.302,1.293,1.301,0.003,0.2311,2853.0,370.29
159941.SZ,20170322,1.301,1.296,1.296,1.271,1.285,-0.016,-1.2298,2628.04,336.939
159941.SZ,20170323,1.285,1.286,1.3,1.28,1.286,0.001,0.0778,1514.0,194.722
159941.SZ,20170324,1.286,1.272,1.29,1.272,1.278,-0.008,-0.6221,3056.08,389.658
159941.SZ,20170327,1.278,1.272,1.28,1.267,1.267,-0.011,-0.8607,3435.0,436.332
159941.SZ,20170328,1.267,1.29,1.296,1.265,1.274,0.007,0.5525,1790.0,227.863
159941.SZ,20170329,1.274,1.283,1.295,1.283,1.294,0.02,1.5699,1709.0,220.996
159941.SZ,20170330,1.294,1.31,1.31,1.268,1.278,-0.016,-1.2365,1840.0,236.192
159941.SZ,20170331,1.278,1.291,1.301,1.283,1.289,0.011,0.8607,2905.0,374.141
159941.SZ,20170405,1.289,1.29,1.297,1.278,1.285,-0.004,-0.3103,3294.0,422.737
159941.SZ,20170406,1.285,1.294,1.294,1.277,1.281,-0.004,-0.3113,1477.0,189.222
159941.SZ,20170407,1.281,1.304,1.304,1.281,1.282,0.001,0.0781,699.0,89.842
159941.SZ,20170410,1.282,1.298,1.298,1.276,1.284,0.002,0.156,641.0,82.261
159941.SZ,20170411,1.284,1.284,1.286,1.282,1.285,0.001,0.0779,282.0,36.242
159941.SZ,20170412,1.285,1.28,1.288,1.274,1.283,-0.002,-0.1556,1568.0,200.4
159941.SZ,20170413,1.283,1.28,1.28,1.268,1.275,-0.008,-0.6235,943.0,120.105
159941.SZ,20170414,1.275,1.273,1.275,1.269,1.27,-0.005,-0.3922,1617.0,205.827
159941.SZ,20170417,1.27,1.268,1.268,1.217,1.245,-0.025,-1.9685,1229.0,152.131
159941.SZ,20170418,1.245,1.25,1.259,1.25,1.255,0.01,0.8032,1310.0,164.346
159941.SZ,20170419,1.255,1.258,1.258,1.23,1.231,-0.024,-1.9124,3455.0,427.382
159941.SZ,20170420,1.231,1.231,1.254,1.231,1.235,0.004,0.3249,1591.0,196.632
159941.SZ,20170421,1.235,1.241,1.296,1.236,1.236,0.001,0.081,4704.0,583.384
159941.SZ,20170424,1.236,1.236,1.29,1.236,1.285,0.049,3.9644,16446.14,2065.063
159941.SZ,20170425,1.285,1.28,1.348,1.28,1.314,0.029,2.2568,11670.0,1533.315
159941.SZ,20170426,1.314,1.349,1.349,1.311,1.32,0.006,0.4566,7487.0,986.129
159941.SZ,20170427,1.32,1.275,1.318,1.275,1.301,-0.019,-1.4394,1779.0,230.891
159941.SZ,20170428,1.301,1.329,1.329,1.288,1.311,0.01,0.7686,1689.0,220.704
159941.SZ,20170502,1.311,1.366,1.43,1.297,1.315,0.004,0.3051,2396.04,314.344
159941.SZ,20170503,1.315,1.335,1.335,1.3,1.311,-0.004,-0.3042,1761.0,230.287
159941.SZ,20170504,1.311,1.31,1.31,1.291,1.31,-0.001,-0.0763,3368.0,437.652
159941.SZ,20170505,1.31,1.312,1.314,1.297,1.308,-0.002,-0.1527,4493.0,585.834
159941.SZ,20170508,1.308,1.29,1.35,1.29,1.319,0.011,0.841,6896.0,907.871
159941.SZ,20170509,1.319,1.319,1.329,1.308,1.317,-0.002,-0.1516,2961.0,389.384
159941.SZ,20170510,1.317,1.327,1.327,1.315,1.32,0.003,0.2278,2232.0,294.173
159941.SZ,20170511,1.32,1.324,1.324,1.316,1.32,0.0,0.0,3646.0,480.288
159941.SZ,20170512,1.32,1.319,1.319,1.303,1.315,-0.005,-0.3788,1043.0,136.776
159941.SZ,20170515,1.315,1.322,1.322,1.309,1.312,-0.003,-0.2281,1308.0,171.55
159941.SZ,20170516,1.312,1.311,1.319,1.311,1.316,0.004,0.3049,4657.04,611.783
159941.SZ,20170517,1.316,1.323,1.323,1.293,1.295,-0.021,-1.5957,24861.0,3221.842
159941.SZ,20170518,1.295,1.281,1.29,1.267,1.286,-0.009,-0.695,6299.0,804.139
159941.SZ,20170519,1.286,1.307,1.307,1.286,1.287,0.001,0.0778,1392.0,179.483
159941.SZ,20170522,1.287,1.288,1.299,1.282,1.285,-0.002,-0.1554,13619.03,1750.48
159941.SZ,20170523,1.285,1.287,1.301,1.28,1.292,0.007,0.5447,24945.3,3208.892
159941.SZ,20170524,1.292,1.292,1.293,1.287,1.291,-0.001,-0.0774,11756.65,1516.081
159941.SZ,20170525,1.291,1.299,1.303,1.295,1.3,0.009,0.6971,10527.0,1367.47
159941.SZ,20170526,1.3,1.306,1.326,1.306,1.317,0.017,1.3077,9694.0,1275.194
159941.SZ,20170531,1.317,1.317,1.37,1.316,1.319,0.002,0.1519,10586.0,1397.117
159941.SZ,20170601,1.319,1.317,1.317,1.31,1.314,-0.005,-0.3791,8751.1,1149.943
159941.SZ,20170602,1.314,1.318,1.33,1.318,1.328,0.014,1.0654,6452.0,856.137
159941.SZ,20170605,1.328,1.332,1.345,1.329,1.337,0.009,0.6777,5856.0,781.436
159941.SZ,20170606,1.337,1.33,1.341,1.324,1.33,-0.007,-0.5236,814.0,108.45
159941.SZ,20170607,1.33,1.322,1.323,1.31,1.317,-0.013,-0.9774,5034.0,663.059
159941.SZ,20170608,1.317,1.318,1.321,1.318,1.32,0.003,0.2278,3013.0,397.631
159941.SZ,20170609,1.32,1.322,1.333,1.322,1.323,0.003,0.2273,6457.0,855.381
159941.SZ,20170612,1.323,1.308,1.308,1.298,1.302,-0.021,-1.5873,3980.0,518.2
159941.SZ,20170613,1.302,1.288,1.299,1.282,1.29,-0.012,-0.9217,3199.0,412.813
159941.SZ,20170614,1.29,1.295,1.3,1.288,1.295,0.005,0.3876,7274.0,939.332
159941.SZ,20170615,1.295,1.287,1.3,1.278,1.278,-0.017,-1.3127,3261.0,418.733
159941.SZ,20170616,1.278,1.28,1.28,1.273,1.28,0.002,0.1565,3832.48,489.466
159941.SZ,20170619,1.28,1.275,1.28,1.275,1.279,-0.001,-0.0781,897.48,114.7
159941.SZ,20170620,1.279,1.29,1.332,1.29,1.301,0.022,1.7201,2392.0,310.874
159941.SZ,20170621,1.301,1.281,1.291,1.281,1.285,-0.016,-1.2298,893.0,114.732
159941.SZ,20170622,1.285,1.295,1.3,1.295,1.3,0.015,1.1673,3090.0,401.065
159941.SZ,20170623,1.3,1.297,1.3,1.295,1.299,-0.001,-0.0769,2179.0,282.661
159941.SZ,20170626,1.299,1.309,1.309,1.301,1.302,0.003,0.2309,2525.66,329.253
159941.SZ,20170627,1.302,1.302,1.302,1.296,1.299,-0.003,-0.2304,2476.0,321.207
159941.SZ,20170628,1.299,1.279,1.279,1.272,1.272,-0.027,-2.0785,7191.0,916.457
159941.SZ,20170629,1.272,1.293,1.293,1.28,1.282,0.01,0.7862,3396.66,436.17
159941.SZ,20170630,1.282,1.268,1.268,1.261,1.263,-0.019,-1.4821,2196.0,277.453
159941.SZ,20170703,1.263,1.261,1.263,1.26,1.263,0.0,0.0,927.0,116.968
159941.SZ,20170704,1.263,1.259,1.259,1.248,1.248,-0.015,-1.1876,2514.0,314.241
159941.SZ,20170705,1.248,1.243,1.254,1.243,1.254,0.006,0.4808,1516.0,189.724
159941.SZ,20170706,1.254,1.255,1.26,1.255,1.259,0.005,0.3987,452.0,56.901
159941.SZ,20170707,1.259,1.252,1.256,1.25,1.252,-0.007,-0.556,641.0,80.311
159941.SZ,20170710,1.252,1.262,1.267,1.253,1.259,0.007,0.5591,21493.04,2695.362
159941.SZ,20170711,1.259,1.26,1.266,1.26,1.265,0.006,0.4766,3770.03,476.34
159941.SZ,20170712,1.265,1.263,1.272,1.263,1.272,0.007,0.5534,5066.0,642.287
159941.SZ,20170713,1.272,1.283,1.29,1.282,1.288,0.016,1.2579,3904.0,502.938
159941.SZ,20170714,1.288,1.289,1.308,1.273,1.282,-0.006,-0.4658,66822.12,8568.66
159941.SZ,20170717,1.282,1.294,1.294,1.284,1.287,0.005,0.39,3389.02,435.887
159941.SZ,20170718,1.287,1.302,1.302,1.274,1.285,-0.002,-0.1554,16330.38,2095.498
159941.SZ,20170719,1.285,1.291,1.296,1.29,1.294,0.009,0.7004,14193.11,1835.579
159941.SZ,20170720,1.294,1.307,1.316,1.304,1.31,0.016,1.2365,6162.06,806.045
159941.SZ,20170721,1.31,1.31,1.31,1.3,1.306,-0.004,-0.3053,2949.3,385.01
159941.SZ,20170724,1.306,1.306,1.306,1.293,1.302,-0.004,-0.3063,499.0,64.853
159941.SZ,20170725,1.302,1.308,1.31,1.305,1.309,0.007,0.5376,4675.0,611.222
159941.SZ,20170726,1.309,1.303,1.307,1.303,1.305,-0.004,-0.3056,332.0,43.365
159941.SZ,20170727,1.305,1.314,1.317,1.31,1.313,0.008,0.613,3099.04,407.439
159941.SZ,20170728,1.313,1.307,1.307,1.298,1.3,-0.013,-0.9901,1457.04,189.572
159941.SZ,20170731,1.3,1.3,1.302,1.297,1.302,0.002,0.1538,12258.03,1593.399
159941.SZ,20170801,1.302,1.297,1.301,1.29,1.301,-0.001,-0.0768,2877.04,371.856
159941.SZ,20170802,1.301,1.314,1.314,1.301,1.307,0.006,0.4612,821.0,107.158
159941.SZ,20170803,1.307,1.306,1.31,1.298,1.3,-0.007,-0.5356,1037.0,135.562
159941.SZ,20170804,1.3,1.295,1.303,1.294,1.295,-0.005,-0.3846,622.01,80.533
159941.SZ,20170807,1.295,1.299,1.31,1.296,1.303,0.008,0.6178,4271.2,555.128
159941.SZ,20170808,1.303,1.305,1.308,1.305,1.305,0.002,0.1535,1365.13,178.206
159941.SZ,20170809,1.305,1.296,1.304,1.294,1.3,-0.005,-0.3831,1921.0,249.715
159941.SZ,20170810,1.3,1.294,1.303,1.29,1.294,-0.006,-0.4615,3152.0,407.805
159941.SZ,20170811,1.294,1.283,1.283,1.264,1.27,-0.024,-1.8547,3472.01,440.333
159941.SZ,20170814,1.27,1.286,1.286,1.266,1.279,0.009,0.7087,2735.02,347.878
159941.SZ,20170815,1.279,1.293,1.297,1.292,1.294,0.015,1.1728,2421.0,313.034
159941.SZ,20170816,1.294,1.29,1.299,1.29,1.294,0.0,0.0,1259.0,162.943
159941.SZ,20170817,1.294,1.294,1.294,1.287,1.29,-0.004,-0.3091,428.0,55.194
159941.SZ,20170818,1.29,1.277,1.279,1.275,1.278,-0.012,-0.9302,597.0,76.202
159941.SZ,20170821,1.278,1.274,1.287,1.272,1.286,0.008,0.626,196.0,24.975
159941.SZ,20170822,1.286,1.271,1.283,1.27,1.273,-0.013,-1.0109,3007.0,382.522
159941.SZ,20170823,1.273,1.292,1.292,1.279,1.281,0.008,0.6284,1021.08,130.846
159941.SZ,20170824,1.281,1.285,1.285,1.274,1.274,-0.007,-0.5464,157.08,20.088
159941.SZ,20170825,1.274,1.275,1.28,1.27,1.275,0.001,0.0785,1087.0,138.273
159941.SZ,20170828,1.275,1.29,1.29,1.266,1.272,-0.003,-0.2353,4458.28,566.362
159941.SZ,20170829,1.272,1.275,1.275,1.269,1.273,0.001,0.0786,550.0,69.899
159941.SZ,20170830,1.273,1.273,1.277,1.272,1.273,0.0,0.0,512.0,65.241
159941.SZ,20170831,1.273,1.282,1.289,1.282,1.285,0.012,0.9427,658.0,84.498
159941.SZ,20170901,1.285,1.29,1.297,1.29,1.294,0.009,0.7004,473.0,61.132
159941.SZ,20170904,1.294,1.294,1.294,1.284,1.287,-0.007,-0.541,766.0,98.552
159941.SZ,20170905,1.287,1.287,1.287,1.286,1.287,0.0,0.0,960.0,123.483
159941.SZ,20170906,1.287,1.285,1.285,1.27,1.273,-0.014,-1.0878,2375.0,301.924
159941.SZ,20170907,1.273,1.273,1.274,1.269,1.272,-0.001,-0.0786,1728.0,219.513
159941.SZ,20170908,1.272,1.27,1.272,1.268,1.27,-0.002,-0.1572,890.1,113.095
159941.SZ,20170911,1.27,1.27,1.272,1.255,1.263,-0.007,-0.5512,961.13,121.593
159941.SZ,20170912,1.263,1.279,1.279,1.269,1.27,0.007,0.5542,1854.0,236.024
159941.SZ,20170913,1.27,1.278,1.278,1.27,1.273,0.003,0.2362,1073.0,136.55
159941.SZ,20170914,1.273,1.277,1.277,1.273,1.276,0.003,0.2357,3579.0,456.388
159941.SZ,20170915,1.276,1.275,1.275,1.271,1.274,-0.002,-0.1567,2117.0,269.188
159941.SZ,20170918,1.274,1.276,1.285,1.276,1.285,0.011,0.8634,1869.0,239.553
159941.SZ,20170919,1.285,1.281,1.288,1.281,1.286,0.001,0.0778,417.0,53.595
159941.SZ,20170920,1.286,1.289,1.289,1.28,1.287,0.001,0.0778,1499.08,192.261
159941.SZ,20170921,1.287,1.278,1.288,1.278,1.287,0.0,0.0,1466.08,188.029
159941.SZ,20170922,1.287,1.273,1.296,1.273,1.28,-0.007,-0.5439,2727.08,349.639
159941.SZ,20170925,1.28,1.304,1.304,1.277,1.277,-0.003,-0.2344,372.0,48.033
159941.SZ,20170926,1.277,1.286,1.286,1.267,1.269,-0.008,-0.6265,1135.99,144.026
159941.SZ,20170927,1.269,1.27,1.276,1.27,1.272,0.003,0.2364,291.0,37.044
159941.SZ,20170928,1.272,1.275,1.286,1.275,1.285,0.013,1.022,466.0,59.492
159941.SZ,20170929,1.285,1.285,1.285,1.282,1.282,-0.003,-0.2335,60.0,7.699
159941.SZ,20171009,1.282,1.31,1.311,1.293,1.304,0.022,1.7161,10816.0,1415.632
159941.SZ,20171010,1.304,1.311,1.311,1.3,1.302,-0.002,-0.1534,3047.0,396.424
159941.SZ,20171011,1.302,1.303,1.332,1.3,1.302,0.0,0.0,3835.0,499.719
159941.SZ,20171012,1.302,1.306,1.306,1.303,1.304,0.002,0.1536,1106.0,144.192
159941.SZ,20171013,1.304,1.304,1.304,1.297,1.301,-0.003,-0.2301,2445.0,317.398
159941.SZ,20171016,1.301,1.309,1.309,1.3,1.304,0.003,0.2306,956.0,124.613
159941.SZ,20171017,1.304,1.31,1.326,1.305,1.322,0.018,1.3804,8144.05,1070.816
159941.SZ,20171018,1.322,1.322,1.329,1.322,1.323,0.001,0.0756,15055.0,1992.114
159941.SZ,20171019,1.323,1.328,1.328,1.316,1.316,-0.007,-0.5291,409.0,54.062
159941.SZ,20171020,1.316,1.32,1.322,1.316,1.316,0.0,0.0,2453.0,322.901
159941.SZ,20171023,1.316,1.318,1.328,1.318,1.325,0.009,0.6839,3453.15,456.095
159941.SZ,20171024,1.325,1.311,1.319,1.311,1.319,-0.006,-0.4528,3003.0,395.165
159941.SZ,20171025,1.319,1.326,1.326,1.318,1.318,-0.001,-0.0758,5658.0,746.866
159941.SZ,20171026,1.318,1.318,1.333,1.314,1.315,-0.003,-0.2276,693.0,91.312
159941.SZ,20171027,1.315,1.323,1.338,1.316,1.318,0.003,0.2281,1026.01,135.351
159941.SZ,20171030,1.318,1.344,1.348,1.34,1.348,0.03,2.2762,7728.52,1040.35
159941.SZ,20171031,1.348,1.352,1.374,1.352,1.362,0.014,1.0386,339.0,46.037
159941.SZ,20171101,1.362,1.363,1.383,1.359,1.37,0.008,0.5874,2004.0,274.276
159941.SZ,20171102,1.37,1.369,1.369,1.358,1.364,-0.006,-0.438,1362.0,185.057
159941.SZ,20171103,1.364,1.382,1.382,1.357,1.367,0.003,0.2199,767.0,105.175
159941.SZ,20171106,1.367,1.374,1.391,1.366,1.37,0.003,0.2195,816.0,111.65
159941.SZ,20171107,1.37,1.388,1.388,1.369,1.378,0.008,0.5839,537.01,73.961
159941.SZ,20171108,1.378,1.378,1.379,1.369,1.376,-0.002,-0.1451,454.01,62.481
159941.SZ,20171109,1.376,1.429,1.429,1.375,1.379,0.003,0.218,5047.45,696.252
159941.SZ,20171110,1.379,1.37,1.379,1.37,1.379,0.0,0.0,1159.01,159.228
159941.SZ,20171113,1.379,1.375,1.399,1.374,1.374,-0.005,-0.3626,291.0,40.0
159941.SZ,20171114,1.374,1.379,1.379,1.372,1.378,0.004,0.2911,765.0,105.242
159941.SZ,20171115,1.378,1.377,1.377,1.374,1.376,-0.002,-0.1451,2001.0,275.365
159941.SZ,20171116,1.376,1.369,1.378,1.358,1.375,-0.001,-0.0727,613.0,83.45
159941.SZ,20171117,1.375,1.375,1.381,1.375,1.38,0.005,0.3636,2373.48,327.147
159941.SZ,20171120,1.38,1.379,1.379,1.369,1.371,-0.009,-0.6522,2793.0,382.729
159941.SZ,20171121,1.371,1.371,1.378,1.371,1.374,0.003,0.2188,403.0,55.481
159941.SZ,20171122,1.374,1.383,1.396,1.383,1.389,0.015,1.0917,599.45,83.24
159941.SZ,20171123,1.389,1.388,1.388,1.381,1.381,-0.008,-0.576,1457.07,201.468
159941.SZ,20171124,1.381,1.382,1.388,1.38,1.382,0.001,0.0724,768.5,106.122
159941.SZ,20171127,1.382,1.384,1.392,1.38,1.385,0.003,0.2171,2866.0,396.549
159941.SZ,20171128,1.385,1.382,1.387,1.382,1.384,-0.001,-0.0722,2345.0,324.694
159941.SZ,20171129,1.384,1.386,1.398,1.386,1.396,0.012,0.8671,3233.46,449.962
159941.SZ,20171130,1.396,1.395,1.395,1.373,1.378,-0.018,-1.2894,562.45,77.398
159941.SZ,20171201,1.378,1.384,1.387,1.381,1.387,0.009,0.6531,1021.0,141.406
159941.SZ,20171204,1.387,1.41,1.41,1.389,1.393,0.006,0.4326,8708.0,1215.819
159941.SZ,20171205,1.393,1.382,1.382,1.357,1.36,-0.033,-2.369,2403.5,327.452
159941.SZ,20171206,1.36,1.368,1.368,1.353,1.357,-0.003,-0.2206,527.0,71.556
159941.SZ,20171207,1.357,1.364,1.368,1.358,1.364,0.007,0.5158,805.0,109.83
159941.SZ,20171208,1.364,1.368,1.38,1.368,1.38,0.016,1.173,4423.5,608.079
159941.SZ,20171211,1.38,1.389,1.395,1.375,1.385,0.005,0.3623,308.0,42.497
159941.SZ,20171212,1.385,1.417,1.417,1.383,1.395,0.01,0.722,474.0,66.756
159941.SZ,20171213,1.395,1.389,1.398,1.381,1.393,-0.002,-0.1434,378.0,52.592
159941.SZ,20171214,1.393,1.392,1.409,1.386,1.395,0.002,0.1436,384.0,53.568
159941.SZ,20171215,1.395,1.383,1.396,1.344,1.396,0.001,0.0717,763.0,105.492
159941.SZ,20171218,1.396,1.396,1.41,1.396,1.4,0.004,0.2865,2158.0,302.237
159941.SZ,20171219,1.4,1.408,1.415,1.407,1.414,0.014,1.0,1228.0,173.396
159941.SZ,20171220,1.414,1.404,1.412,1.404,1.41,-0.004,-0.2829,466.05,65.576
159941.SZ,20171221,1.41,1.4,1.402,1.394,1.394,-0.016,-1.1348,4028.0,562.669
159941.SZ,20171222,1.394,1.398,1.4,1.392,1.395,0.001,0.0717,267.0,37.255
159941.SZ,20171225,1.395,1.394,1.399,1.381,1.397,0.002,0.1434,803.0,111.911
159941.SZ,20171226,1.397,1.397,1.4,1.383,1.398,0.001,0.0716,308.0,42.975
159941.SZ,20171227,1.398,1.407,1.407,1.373,1.384,-0.014,-1.0014,1149.0,159.201
159941.SZ,20171228,1.384,1.372,1.387,1.371,1.386,0.002,0.1445,1253.0,173.197
159941.SZ,20171229,1.386,1.381,1.387,1.381,1.386,0.0,0.0,337.03,46.563
159941.SZ,20180102,1.386,1.416,1.416,1.381,1.397,0.011,0.7937,352.05,49.164
159941.SZ,20180103,1.397,1.4,1.405,1.393,1.398,0.001,0.0716,2005.0,280.382
159941.SZ,20180104,1.398,1.409,1.418,1.401,1.408,0.01,0.7153,792.0,111.575
159941.SZ,20180105,1.408,1.397,1.408,1.397,1.4,-0.008,-0.5682,2019.7,283.081
159941.SZ,20180108,1.4,1.409,1.429,1.405,1.417,0.017,1.2143,4415.13,620.986
159941.SZ,20180109,1.417,1.427,1.427,1.418,1.424,0.007,0.494,2541.06,361.276
159941.SZ,20180110,1.424,1.426,1.449,1.426,1.433,0.009,0.632,1192.0,170.664
159941.SZ,20180111,1.433,1.428,1.435,1.41,1.433,0.0,0.0,1413.0,200.983
159941.SZ,20180112,1.433,1.421,1.448,1.421,1.437,0.004,0.2791,6430.13,923.646
159941.SZ,20180115,1.437,1.485,1.485,1.444,1.449,0.012,0.8351,1439.0,208.176
159941.SZ,20180116,1.449,1.456,1.456,1.45,1.451,0.002,0.138,865.0,125.45
159941.SZ,20180117,1.451,1.44,1.447,1.435,1.445,-0.006,-0.4135,187.0,26.938
159941.SZ,20180118,1.445,1.477,1.477,1.442,1.454,0.009,0.6228,1159.0,168.154
159941.SZ,20180119,1.454,1.456,1.456,1.446,1.451,-0.003,-0.2063,500.0,72.57
159941.SZ,20180122,1.451,1.445,1.454,1.442,1.447,-0.004,-0.2757,1096.0,158.587
159941.SZ,20180123,1.447,1.467,1.467,1.453,1.462,0.015,1.0366,3139.0,457.34
159941.SZ,20180124,1.462,1.463,1.48,1.463,1.476,0.014,0.9576,2175.27,319.502
159941.SZ,20180125,1.476,1.477,1.477,1.43,1.459,-0.017,-1.1518,3272.0,476.353
159941.SZ,20180126,1.459,1.459,1.465,1.444,1.465,0.006,0.4112,506.0,73.953
159941.SZ,20180129,1.465,1.482,1.482,1.467,1.478,0.013,0.8874,1868.86,274.8
159941.SZ,20180130,1.478,1.471,1.471,1.44,1.466,-0.012,-0.8119,209.0,30.504
159941.SZ,20180131,1.466,1.436,1.452,1.436,1.45,-0.016,-1.0914,1426.06,206.271
159941.SZ,20180201,1.45,1.45,1.45,1.446,1.449,-0.001,-0.069,549.0,79.456
159941.SZ,20180202,1.449,1.456,1.456,1.401,1.447,-0.002,-0.138,1026.0,148.189
159941.SZ,20180205,1.447,1.409,1.409,1.375,1.393,-0.054,-3.7319,4300.18,598.975
159941.SZ,20180206,1.393,1.369,1.369,1.307,1.313,-0.08,-5.743,6227.19,817.828
159941.SZ,20180207,1.313,1.357,1.357,1.326,1.331,0.018,1.3709,4462.01,600.58
159941.SZ,20180208,1.331,1.339,1.339,1.316,1.337,0.006,0.4508,1944.0,258.517
159941.SZ,20180209,1.337,1.273,1.3,1.273,1.276,-0.061,-4.5625,2231.0,285.502
159941.SZ,20180212,1.276,1.273,1.324,1.273,1.324,0.048,3.7618,9526.48,1245.23
159941.SZ,20180213,1.324,1.338,1.367,1.337,1.347,0.023,1.7372,3656.85,493.622
159941.SZ,20180214,1.347,1.369,1.37,1.349,1.356,0.009,0.6682,1516.0,205.032
159941.SZ,20180222,1.356,1.381,1.392,1.38,1.385,0.029,2.1386,1218.0,168.656
159941.SZ,20180223,1.385,1.39,1.4,1.376,1.4,0.015,1.083,9240.03,1288.698
159941.SZ,20180226,1.4,1.477,1.477,1.426,1.44,0.04,2.8571,666.0,95.524
159941.SZ,20180227,1.44,1.446,1.47,1.446,1.462,0.022,1.5278,2956.0,431.348
159941.SZ,20180228,1.462,1.456,1.456,1.424,1.432,-0.03,-2.052,588.0,84.389
159941.SZ,20180301,1.432,1.419,1.438,1.419,1.427,-0.005,-0.3492,270.0,38.552
159941.SZ,20180302,1.427,1.406,1.426,1.405,1.417,-0.01,-0.7008,1239.97,175.83
159941.SZ,20180305,1.417,1.435,1.435,1.411,1.42,0.003,0.2117,345.0,48.912
159941.SZ,20180306,1.42,1.433,1.434,1.429,1.431,0.011,0.7746,434.0,62.129
159941.SZ,20180307,1.431,1.401,1.447,1.401,1.442,0.011,0.7687,209.0,30.128
159941.SZ,20180308,1.442,1.432,1.448,1.432,1.441,-0.001,-0.0693,1083.06,156.308
159941.SZ,20180309,1.441,1.445,1.445,1.443,1.443,0.002,0.1388,479.0,69.195
159941.SZ,20180312,1.443,1.454,1.548,1.454,1.476,0.033,2.2869,3207.0,480.52
159941.SZ,20180313,1.476,1.51,1.51,1.467,1.473,-0.003,-0.2033,2779.0,413.041
159941.SZ,20180314,1.473,1.458,1.465,1.45,1.458,-0.015,-1.0183,1188.0,173.121
159941.SZ,20180315,1.458,1.458,1.465,1.442,1.465,0.007,0.4801,2422.7,353.626
159941.SZ,20180316,1.465,1.478,1.478,1.466,1.473,0.008,0.5461,515.66,75.935
159941.SZ,20180319,1.473,1.473,1.473,1.466,1.466,-0.007,-0.4752,454.0,66.642
159941.SZ,20180320,1.466,1.425,1.448,1.425,1.435,-0.031,-2.1146,2072.0,298.523
159941.SZ,20180321,1.435,1.437,1.468,1.436,1.442,0.007,0.4878,435.0,62.843
159941.SZ,20180322,1.442,1.441,1.445,1.432,1.444,0.002,0.1387,539.0,77.707
159941.SZ,20180323,1.444,1.442,1.442,1.362,1.389,-0.055,-3.8089,2282.0,316.817
159941.SZ,20180326,1.389,1.388,1.448,1.352,1.397,0.008,0.576,3392.0,462.2
159941.SZ,20180327,1.397,1.404,1.437,1.397,1.406,0.009,0.6442,1260.0,177.851
159941.SZ,20180328,1.406,1.344,1.378,1.344,1.377,-0.029,-2.0626,1206.66,164.403
159941.SZ,20180329,1.377,1.377,1.377,1.336,1.355,-0.022,-1.5977,762.06,103.11
159941.SZ,20180330,1.355,1.37,1.42,1.357,1.362,0.007,0.5166,528.09,72.256
159941.SZ,20180402,1.362,1.366,1.366,1.362,1.362,0.0,0.0,448.0,61.072
159941.SZ,20180403,1.362,1.318,1.362,1.318,1.357,-0.005,-0.3671,734.08,98.188
159941.SZ,20180404,1.357,1.357,1.398,1.357,1.358,0.001,0.0737,347.0,48.412
159941.SZ,20180409,1.358,1.449,1.449,1.345,1.356,-0.002,-0.1473,2359.0,328.98
159941.SZ,20180410,1.356,1.343,1.392,1.343,1.368,0.012,0.885,917.0,124.923
159941.SZ,20180411,1.368,1.382,1.415,1.376,1.381,0.013,0.9503,203.0,28.064
159941.SZ,20180412,1.381,1.385,1.385,1.379,1.38,-0.001,-0.0724,267.0,36.86
159941.SZ,20180413,1.38,1.383,1.388,1.374,1.375,-0.005,-0.3623,253.0,34.838
159941.SZ,20180416,1.375,1.367,1.377,1.367,1.376,0.001,0.0727,312.0,42.89
159941.SZ,20180417,1.376,1.486,1.486,1.376,1.386,0.01,0.7267,500.0,69.228
159941.SZ,20180418,1.386,1.407,1.412,1.395,1.4,0.014,1.0101,2545.0,356.843
159941.SZ,20180419,1.4,1.407,1.411,1.399,1.401,0.001,0.0714,2136.0,299.676
159941.SZ,20180420,1.401,1.405,1.405,1.39,1.391,-0.01,-0.7138,401.0,55.948
159941.SZ,20180423,1.391,1.373,1.376,1.372,1.375,-0.016,-1.1503,940.01,129.071
159941.SZ,20180424,1.375,1.369,1.39,1.369,1.388,0.013,0.9455,676.0,93.543
159941.SZ,20180425,1.388,1.364,1.366,1.353,1.359,-0.029,-2.0893,1290.76,175.579
159941.SZ,20180426,1.359,1.359,1.368,1.359,1.368,0.009,0.6623,444.0,60.468
159941.SZ,20180427,1.368,1.369,1.38,1.361,1.372,0.004,0.2924,5258.0,719.616
159941.SZ,20180502,1.372,1.37,1.389,1.367,1.38,0.008,0.5831,8010.21,1100.303
159941.SZ,20180503,1.38,1.386,1.386,1.374,1.38,0.0,0.0,5320.0,734.238
159941.SZ,20180504,1.38,1.381,1.396,1.38,1.396,0.016,1.1594,1923.0,267.423
159941.SZ,20180507,1.396,1.4,1.414,1.4,1.41,0.014,1.0029,2541.06,356.745
159941.SZ,20180508,1.41,1.407,1.414,1.407,1.414,0.004,0.2837,1393.0,196.686
159941.SZ,20180509,1.414,1.421,1.428,1.419,1.425,0.011,0.7779,2206.02,313.431
159941.SZ,20180510,1.425,1.479,1.479,1.437,1.44,0.015,1.0526,1506.0,217.03
159941.SZ,20180511,1.44,1.492,1.492,1.454,1.465,0.025,1.7361,2487.0,364.646
159941.SZ,20180514,1.465,1.465,1.471,1.465,1.466,0.001,0.0683,1246.0,182.651
159941.SZ,20180515,1.466,1.472,1.472,1.466,1.472,0.006,0.4093,2764.0,406.003
159941.SZ,20180516,1.472,1.471,1.497,1.46,1.46,-0.012,-0.8152,740.99,108.312
159941.SZ,20180517,1.46,1.47,1.475,1.461,1.469,0.009,0.6164,1708.0,250.665
159941.SZ,20180518,1.469,1.471,1.52,1.464,1.466,-0.003,-0.2042,2029.0,299.82
159941.SZ,20180521,1.466,1.462,1.479,1.46,1.479,0.013,0.8868,2840.13,416.667
159941.SZ,20180522,1.479,1.479,1.518,1.466,1.467,-0.012,-0.8114,323.0,47.516
159941.SZ,20180523,1.467,1.457,1.469,1.43,1.448,-0.019,-1.2952,2663.0,383.098
159941.SZ,20180524,1.448,1.468,1.478,1.451,1.458,0.01,0.6906,1552.01,226.457
159941.SZ,20180525,1.458,1.421,1.461,1.421,1.46,0.002,0.1372,311.0,45.193
159941.SZ,20180528,1.46,1.46,1.519,1.455,1.48,0.02,1.3699,3221.0,486.79
159941.SZ,20180529,1.48,1.518,1.518,1.472,1.472,-0.008,-0.5405,19.0,2.819
159941.SZ,20180530,1.472,1.493,1.493,1.462,1.462,-0.01,-0.6793,44.0,6.506
159941.SZ,20180531,1.462,1.468,1.499,1.468,1.477,0.015,1.026,866.38,128.152
159941.SZ,20180601,1.477,1.491,1.491,1.473,1.476,-0.001,-0.0677,1105.0,163.859
159941.SZ,20180604,1.476,1.5,1.517,1.5,1.511,0.035,2.3713,986.0,148.674
159941.SZ,20180605,1.511,1.519,1.544,1.519,1.525,0.014,0.9265,750.81,114.549
159941.SZ,20180606,1.525,1.649,1.649,1.53,1.536,0.011,0.7213,643.81,99.553
159941.SZ,20180607,1.536,1.617,1.617,1.537,1.54,0.004,0.2604,1671.66,258.715
159941.SZ,20180608,1.54,1.543,1.543,1.52,1.52,-0.02,-1.2987,399.0,60.764
159941.SZ,20180611,1.52,1.599,1.599,1.514,1.533,0.013,0.8553,660.0,100.152
159941.SZ,20180612,1.533,1.535,1.536,1.52,1.535,0.002,0.1305,2915.0,445.68
159941.SZ,20180613,1.535,1.549,1.549,1.539,1.546,0.011,0.7166,50.0,7.706
159941.SZ,20180614,1.546,1.537,1.544,1.534,1.544,-0.002,-0.1294,1244.0,191.08
159941.SZ,20180615,1.544,1.544,1.59,1.544,1.58,0.036,2.3316,2077.03,327.73
159941.SZ,20180619,1.58,1.58,1.58,1.535,1.535,-0.045,-2.8481,410.0,64.101
159941.SZ,20180620,1.535,1.59,1.59,1.554,1.554,0.019,1.2378,79.0,12.318
159941.SZ,20180621,1.554,1.585,1.585,1.567,1.584,0.03,1.9305,1860.38,294.017
159941.SZ,20180622,1.584,1.579,1.579,1.557,1.577,-0.007,-0.4419,918.0,144.72
159941.SZ,20180625,1.577,1.578,1.587,1.565,1.575,-0.002,-0.1268,458.0,72.311
159941.SZ,20180626,1.575,1.53,1.562,1.53,1.538,-0.037,-2.3492,1462.13,225.091
159941.SZ,20180627,1.538,1.539,1.547,1.532,1.538,0.0,0.0,594.0,91.461
159941.SZ,20180628,1.538,1.538,1.538,1.506,1.531,-0.007,-0.4551,877.0,132.675
159941.SZ,20180629,1.531,1.531,1.58,1.523,1.565,0.034,2.2208,2200.53,342.48
159941.SZ,20180702,1.565,1.575,1.575,1.536,1.555,-0.01,-0.639,1632.0,251.655
159941.SZ,20180703,1.555,1.56,1.6,1.56,1.571,0.016,1.0289,1712.1,269.363
159941.SZ,20180704,1.571,1.588,1.588,1.547,1.572,0.001,0.0637,888.0,139.699
159941.SZ,20180705,1.572,1.593,1.593,1.555,1.57,-0.002,-0.1272,232.0,36.209
159941.SZ,20180706,1.57,1.59,1.606,1.571,1.59,0.02,1.2739,1758.0,279.713
159941.SZ,20180709,1.59,1.593,1.625,1.593,1.607,0.017,1.0692,1569.0,252.288
159941.SZ,20180710,1.607,1.632,1.632,1.592,1.622,0.015,0.9334,1754.66,283.558
159941.SZ,20180711,1.622,1.621,1.638,1.621,1.632,0.01,0.6165,607.66,98.814
159941.SZ,20180712,1.632,1.631,1.639,1.623,1.637,0.005,0.3064,1276.0,208.291
159941.SZ,20180713,1.637,1.665,1.665,1.643,1.651,0.014,0.8552,1064.0,175.556
159941.SZ,20180716,1.651,1.635,1.666,1.635,1.663,0.012,0.7268,380.0,63.094
159941.SZ,20180717,1.663,1.664,1.68,1.618,1.625,-0.038,-2.285,4827.0,791.741
159941.SZ,20180718,1.625,1.65,1.65,1.635,1.638,0.013,0.8,1479.0,242.78
159941.SZ,20180719,1.638,1.644,1.644,1.636,1.64,0.002,0.1221,1682.0,275.689
159941.SZ,20180720,1.64,1.636,1.648,1.636,1.64,0.0,0.0,3373.0,552.642
159941.SZ,20180723,1.64,1.633,1.635,1.625,1.627,-0.013,-0.7927,2330.0,379.365
159941.SZ,20180724,1.627,1.647,1.66,1.633,1.654,0.027,1.6595,4800.04,792.127
159941.SZ,20180725,1.654,1.656,1.66,1.648,1.652,-0.002,-0.1209,7576.0,1251.321
159941.SZ,20180726,1.652,1.674,1.674,1.662,1.668,0.016,0.9685,2782.0,464.372
159941.SZ,20180727,1.668,1.666,1.687,1.653,1.68,0.012,0.7194,11477.0,1923.857
159941.SZ,20180730,1.68,1.678,1.678,1.646,1.649,-0.031,-1.8452,9061.0,1500.715
159941.SZ,20180731,1.649,1.64,1.64,1.611,1.619,-0.03,-1.8193,6263.0,1012.503
159941.SZ,20180801,1.619,1.62,1.637,1.62,1.633,0.014,0.8647,7271.0,1182.811
159941.SZ,20180802,1.633,1.638,1.639,1.63,1.636,0.003,0.1837,7526.0,1230.163
159941.SZ,20180803,1.636,1.66,1.68,1.657,1.68,0.044,2.6895,5778.0,966.168
159941.SZ,20180806,1.68,1.687,1.698,1.67,1.692,0.012,0.7143,13001.0,2197.454
159941.SZ,20180807,1.692,1.7,1.72,1.69,1.699,0.007,0.4137,38430.0,6544.834
159941.SZ,20180808,1.699,1.699,1.717,1.682,1.686,-0.013,-0.7652,15281.0,2580.639
159941.SZ,20180809,1.686,1.687,1.687,1.58,1.675,-0.011,-0.6524,8874.0,1482.953
159941.SZ,20180810,1.675,1.675,1.688,1.669,1.676,0.001,0.0597,7827.0,1309.308
159941.SZ,20180813,1.676,1.65,1.67,1.623,1.666,-0.01,-0.5967,3492.0,580.288
159941.SZ,20180814,1.666,1.66,1.677,1.66,1.675,0.009,0.5402,2617.0,436.467
159941.SZ,20180815,1.675,1.69,1.703,1.683,1.692,0.017,1.0149,11266.0,1911.731
159941.SZ,20180816,1.692,1.668,1.689,1.666,1.678,-0.014,-0.8274,5527.0,927.032
159941.SZ,20180817,1.678,1.688,1.695,1.68,1.695,0.017,1.0131,4508.05,761.132
159941.SZ,20180820,1.695,1.696,1.697,1.68,1.687,-0.008,-0.472,7614.0,1285.631
159941.SZ,20180821,1.687,1.683,1.686,1.671,1.675,-0.012,-0.7113,7788.0,1307.771
159941.SZ,20180822,1.675,1.67,1.675,1.666,1.67,-0.005,-0.2985,4314.0,720.454
159941.SZ,20180823,1.67,1.674,1.682,1.674,1.676,0.006,0.3593,3865.0,648.49
159941.SZ,20180824,1.676,1.676,1.678,1.671,1.677,0.001,0.0597,1724.0,288.96
159941.SZ,20180827,1.677,1.681,1.684,1.675,1.681,0.004,0.2385,7580.0,1273.616
159941.SZ,20180828,1.681,1.69,1.706,1.69,1.703,0.022,1.3087,9820.0,1670.41
159941.SZ,20180829,1.703,1.7,1.712,1.7,1.709,0.006,0.3523,2812.15,480.582
159941.SZ,20180830,1.709,1.716,1.798,1.716,1.733,0.024,1.4043,5402.0,935.148
159941.SZ,20180831,1.733,1.732,1.732,1.708,1.73,-0.003,-0.1731,5365.0,926.112
159941.SZ,20180903,1.73,1.73,1.74,1.73,1.736,0.006,0.3468,6006.0,1042.21
159941.SZ,20180904,1.736,1.737,1.744,1.733,1.743,0.007,0.4032,5487.0,955.407
159941.SZ,20180905,1.743,1.744,1.744,1.736,1.738,-0.005,-0.2869,4243.0,737.99
159941.SZ,20180906,1.738,1.721,1.733,1.698,1.698,-0.04,-2.3015,12772.0,2174.266
159941.SZ,20180907,1.698,1.688,1.688,1.669,1.679,-0.019,-1.119,5374.0,901.399
159941.SZ,20180910,1.679,1.672,1.693,1.672,1.685,0.006,0.3574,7635.0,1284.419
159941.SZ,20180911,1.685,1.688,1.72,1.688,1.702,0.017,1.0089,3485.0,592.829
159941.SZ,20180912,1.702,1.72,1.721,1.71,1.715,0.013,0.7638,10479.0,1795.474
159941.SZ,20180913,1.715,1.704,1.71,1.696,1.697,-0.018,-1.0496,4740.0,805.927
159941.SZ,20180914,1.697,1.709,1.711,1.705,1.71,0.013,0.7661,3145.0,537.361
159941.SZ,20180917,1.71,1.705,1.71,1.699,1.709,-0.001,-0.0585,1926.0,328.58
159941.SZ,20180918,1.709,1.691,1.691,1.672,1.689,-0.02,-1.1703,4847.0,813.079
159941.SZ,20180919,1.689,1.709,1.709,1.693,1.695,0.006,0.3552,6063.0,1029.004
159941.SZ,20180920,1.695,1.686,1.695,1.686,1.693,-0.002,-0.118,3127.0,529.08
159941.SZ,20180921,1.693,1.707,1.707,1.703,1.704,0.011,0.6497,3617.01,616.629
159941.SZ,20180925,1.704,1.703,1.703,1.695,1.701,-0.003,-0.1761,4331.0,735.766
159941.SZ,20180926,1.701,1.701,1.707,1.701,1.706,0.005,0.2939,3838.02,654.201
159941.SZ,20180927,1.706,1.706,1.706,1.698,1.704,-0.002,-0.1172,2981.0,507.74
159941.SZ,20180928,1.704,1.716,1.729,1.715,1.727,0.023,1.3498,7152.0,1233.02
159941.SZ,20181008,1.727,1.69,1.69,1.676,1.677,-0.05,-2.8952,6315.0,1060.165
159941.SZ,20181009,1.677,1.667,1.699,1.667,1.681,0.004,0.2385,4527.0,763.299
159941.SZ,20181010,1.681,1.685,1.696,1.677,1.682,0.001,0.0595,11686.0,1962.146
159941.SZ,20181011,1.682,1.637,1.637,1.56,1.578,-0.104,-6.1831,21259.0,3360.615
159941.SZ,20181012,1.578,1.578,1.611,1.561,1.609,0.031,1.9645,8138.31,1293.391
159941.SZ,20181015,1.609,1.622,1.639,1.603,1.605,-0.004,-0.2486,4639.0,748.71
159941.SZ,20181016,1.605,1.606,1.611,1.601,1.606,0.001,0.0623,857.0,137.413
159941.SZ,20181017,1.606,1.648,1.666,1.646,1.666,0.06,3.736,4557.8,753.432
159941.SZ,20181018,1.666,1.648,1.651,1.643,1.646,-0.02,-1.2005,2736.0,450.363
159941.SZ,20181019,1.646,1.617,1.629,1.617,1.629,-0.017,-1.0328,8400.9,1361.51
159941.SZ,20181022,1.629,1.627,1.627,1.61,1.618,-0.011,-0.6753,9284.52,1498.981
159941.SZ,20181023,1.618,1.614,1.618,1.597,1.601,-0.017,-1.0507,9919.0,1595.106
159941.SZ,20181024,1.601,1.604,1.611,1.6,1.608,0.007,0.4372,1821.0,292.443
159941.SZ,20181025,1.608,1.541,1.555,1.535,1.554,-0.054,-3.3582,8946.41,1384.705
159941.SZ,20181026,1.554,1.585,1.586,1.548,1.556,0.002,0.1287,7486.0,1165.467
159941.SZ,20181029,1.556,1.556,1.566,1.547,1.556,0.0,0.0,3449.0,536.723
159941.SZ,20181030,1.556,1.546,1.546,1.527,1.537,-0.019,-1.2211,9999.0,1536.694
159941.SZ,20181031,1.537,1.552,1.553,1.547,1.551,0.014,0.9109,4473.0,693.02
159941.SZ,20181101,1.551,1.571,1.582,1.569,1.574,0.023,1.4829,10207.01,1611.266
159941.SZ,20181102,1.574,1.584,1.6,1.584,1.597,0.023,1.4612,10024.0,1596.154
159941.SZ,20181105,1.597,1.591,1.591,1.568,1.573,-0.024,-1.5028,5856.0,920.708
159941.SZ,20181106,1.573,1.568,1.573,1.567,1.57,-0.003,-0.1907,3192.0,501.088
159941.SZ,20181107,1.57,1.575,1.587,1.575,1.58,0.01,0.6369,6042.0,956.081
159941.SZ,20181108,1.58,1.612,1.623,1.612,1.615,0.035,2.2152,6035.0,976.523
159941.SZ,20181109,1.615,1.608,1.614,1.608,1.613,-0.002,-0.1238,1605.0,258.689
159941.SZ,20181112,1.613,1.602,1.607,1.586,1.605,-0.008,-0.496,1904.05,304.52
159941.SZ,20181113,1.605,1.571,1.574,1.548,1.558,-0.047,-2.9283,5022.0,781.344
159941.SZ,20181114,1.558,1.554,1.556,1.552,1.555,-0.003,-0.1926,1257.0,195.327
159941.SZ,20181115,1.555,1.548,1.548,1.536,1.542,-0.013,-0.836,11398.0,1753.464
159941.SZ,20181116,1.542,1.553,1.553,1.544,1.547,0.005,0.3243,6087.0,942.641
159941.SZ,20181119,1.547,1.548,1.551,1.546,1.551,0.004,0.2586,2172.0,336.277
159941.SZ,20181120,1.551,1.524,1.524,1.495,1.5,-0.051,-3.2882,7432.05,1116.729
159941.SZ,20181121,1.5,1.47,1.497,1.47,1.487,-0.013,-0.8667,9495.48,1406.758
159941.SZ,20181122,1.487,1.487,1.49,1.478,1.483,-0.004,-0.269,3274.0,484.904
159941.SZ,20181123,1.483,1.481,1.483,1.473,1.473,-0.01,-0.6743,1822.0,268.618
159941.SZ,20181126,1.473,1.48,1.485,1.475,1.485,0.012,0.8147,1894.0,280.757
159941.SZ,20181127,1.485,1.499,1.5,1.495,1.5,0.015,1.0101,3573.0,535.289
159941.SZ,20181128,1.5,1.505,1.525,1.505,1.523,0.023,1.5333,18045.0,2742.217
159941.SZ,20181129,1.523,1.548,1.557,1.548,1.549,0.026,1.7072,4602.83,714.136
159941.SZ,20181130,1.549,1.555,1.555,1.551,1.555,0.006,0.3873,3104.2,482.159
159941.SZ,20181203,1.555,1.58,1.603,1.58,1.6,0.045,2.8939,8312.8,1325.143
159941.SZ,20181204,1.6,1.596,1.596,1.565,1.565,-0.035,-2.1875,6712.0,1059.875
159941.SZ,20181205,1.565,1.528,1.53,1.52,1.53,-0.035,-2.2364,11359.0,1733.546
159941.SZ,20181206,1.53,1.515,1.515,1.501,1.505,-0.025,-1.634,2130.0,321.027
159941.SZ,20181207,1.505,1.52,1.535,1.52,1.529,0.024,1.5947,468.0,71.612
159941.SZ,20181210,1.529,1.529,1.529,1.476,1.479,-0.05,-3.2701,5999.0,887.875
159941.SZ,20181211,1.479,1.495,1.515,1.495,1.501,0.022,1.4875,4124.0,619.433
159941.SZ,20181212,1.501,1.508,1.519,1.506,1.518,0.017,1.1326,7865.0,1190.154
159941.SZ,20181213,1.518,1.533,1.533,1.523,1.528,0.01,0.6588,2838.0,434.14
159941.SZ,20181214,1.528,1.525,1.525,1.507,1.513,-0.015,-0.9817,1623.0,245.772
159941.SZ,20181217,1.513,1.492,1.493,1.487,1.492,-0.021,-1.388,3923.0,584.288
159941.SZ,20181218,1.492,1.475,1.479,1.455,1.463,-0.029,-1.9437,2688.0,393.079
159941.SZ,20181219,1.463,1.46,1.464,1.46,1.464,0.001,0.0684,787.0,114.955
159941.SZ,20181220,1.464,1.444,1.444,1.418,1.418,-0.046,-3.1421,8743.0,1245.252
159941.SZ,20181221,1.418,1.408,1.414,1.405,1.414,-0.004,-0.2821,5419.0,763.17
159941.SZ,20181224,1.414,1.38,1.38,1.356,1.372,-0.042,-2.9703,6312.0,865.693
159941.SZ,20181225,1.372,1.34,1.34,1.316,1.326,-0.046,-3.3528,6319.52,837.167
159941.SZ,20181226,1.326,1.327,1.332,1.32,1.324,-0.002,-0.1508,11116.0,1471.508
159941.SZ,20181227,1.324,1.399,1.41,1.388,1.394,0.07,5.287,13788.0,1922.476
159941.SZ,20181228,1.394,1.401,1.41,1.401,1.407,0.013,0.9326,4146.0,583.241
159941.SZ,20190102,1.407,1.418,1.423,1.394,1.397,-0.01,-0.7107,4821.0,679.866
159941.SZ,20190103,1.397,1.398,1.398,1.387,1.387,-0.01,-0.7158,2832.0,393.263
159941.SZ,20190104,1.387,1.351,1.388,1.351,1.388,0.001,0.0721,4359.0,596.385
159941.SZ,20190107,1.388,1.419,1.443,1.419,1.43,0.042,3.0259,1537.0,220.309
159941.SZ,20190108,1.43,1.442,1.455,1.442,1.451,0.021,1.4685,10682.0,1550.178
159941.SZ,20190109,1.451,1.46,1.47,1.46,1.464,0.013,0.8959,1845.0,270.59
159941.SZ,20190110,1.464,1.464,1.464,1.45,1.45,-0.014,-0.9563,1825.0,265.808
159941.SZ,20190111,1.45,1.465,1.466,1.459,1.459,0.009,0.6207,499.0,72.943
159941.SZ,20190114,1.459,1.451,1.454,1.445,1.446,-0.013,-0.891,511.0,73.97
159941.SZ,20190115,1.446,1.446,1.455,1.446,1.455,0.009,0.6224,903.0,130.91
159941.SZ,20190116,1.455,1.464,1.473,1.464,1.473,0.018,1.2371,2000.0,294.098
159941.SZ,20190117,1.473,1.465,1.466,1.461,1.463,-0.01,-0.6789,1804.0,264.157
159941.SZ,20190118,1.463,1.481,1.489,1.481,1.486,0.023,1.5721,4305.0,639.124
159941.SZ,20190121,1.486,1.495,1.498,1.494,1.494,0.008,0.5384,331.05,49.487
159941.SZ,20190122,1.494,1.497,1.498,1.484,1.485,-0.009,-0.6024,1256.0,187.181
159941.SZ,20190123,1.485,1.452,1.477,1.452,1.472,-0.013,-0.8754,1311.0,192.839
159941.SZ,20190124,1.472,1.47,1.473,1.47,1.472,0.0,0.0,175.0,25.729
159941.SZ,20190125,1.472,1.474,1.482,1.474,1.48,0.008,0.5435,4376.0,647.058
159941.SZ,20190128,1.48,1.49,1.49,1.478,1.479,-0.001,-0.0676,5598.0,829.703
159941.SZ,20190129,1.479,1.462,1.469,1.462,1.465,-0.014,-0.9466,765.0,111.906
159941.SZ,20190130,1.465,1.46,1.464,1.46,1.463,-0.002,-0.1365,608.0,88.998
159941.SZ,20190131,1.463,1.55,1.55,1.477,1.496,0.033,2.2556,951.0,142.186
159941.SZ,20190201,1.496,1.508,1.519,1.504,1.519,0.023,1.5374,7482.0,1131.646
159941.SZ,20190211,1.519,1.519,1.525,1.517,1.52,0.001,0.0658,6682.0,1014.993
159941.SZ,20190212,1.52,1.525,1.528,1.522,1.524,0.004,0.2632,6503.0,991.397
159941.SZ,20190213,1.524,1.541,1.545,1.541,1.544,0.02,1.3123,1481.0,228.389
159941.SZ,20190214,1.544,1.54,1.54,1.535,1.54,-0.004,-0.2591,3361.0,516.51
159941.SZ,20190215,1.54,1.534,1.538,1.527,1.527,-0.013,-0.8442,1668.0,255.192
159941.SZ,20190218,1.527,1.534,1.549,1.534,1.549,0.022,1.4407,1902.0,293.812
159941.SZ,20190219,1.549,1.547,1.549,1.54,1.549,0.0,0.0,1155.0,178.581
159941.SZ,20190220,1.549,1.55,1.55,1.543,1.544,-0.005,-0.3228,1247.0,192.554
159941.SZ,20190221,1.544,1.544,1.544,1.539,1.542,-0.002,-0.1295,1454.0,224.18
159941.SZ,20190222,1.542,1.537,1.537,1.533,1.536,-0.006,-0.3891,1293.0,198.397
159941.SZ,20190225,1.536,1.549,1.553,1.535,1.553,0.017,1.1068,5282.0,815.642
159941.SZ,20190226,1.553,1.553,1.553,1.535,1.541,-0.012,-0.7727,6042.0,931.988
159941.SZ,20190227,1.541,1.532,1.548,1.532,1.541,0.0,0.0,6289.0,968.796
159941.SZ,20190228,1.541,1.54,1.541,1.536,1.536,-0.005,-0.3245,2613.0,401.997
159941.SZ,20190301,1.536,1.538,1.558,1.538,1.551,0.015,0.9766,9402.0,1453.058
159941.SZ,20190304,1.551,1.557,1.561,1.553,1.557,0.006,0.3868,3469.0,540.08
159941.SZ,20190305,1.557,1.551,1.551,1.542,1.544,-0.013,-0.8349,5647.0,872.581
159941.SZ,20190306,1.544,1.544,1.545,1.541,1.545,0.001,0.0648,5728.01,883.337
159941.SZ,20190307,1.545,1.541,1.541,1.529,1.533,-0.012,-0.7767,9050.0,1384.351
159941.SZ,20190308,1.533,1.523,1.523,1.503,1.504,-0.029,-1.8917,2767.0,419.518
159941.SZ,20190311,1.504,1.512,1.538,1.512,1.521,0.017,1.1303,39815.05,6062.877
159941.SZ,20190312,1.521,1.54,1.561,1.54,1.554,0.033,2.1696,23188.0,3605.433
159941.SZ,20190313,1.554,1.58,1.58,1.557,1.56,0.006,0.3861,7557.0,1180.486
159941.SZ,20190314,1.56,1.568,1.581,1.567,1.578,0.018,1.1538,5420.15,853.506
159941.SZ,20190315,1.578,1.568,1.585,1.568,1.581,0.003,0.1901,34513.08,5457.12
159941.SZ,20190318,1.581,1.581,1.592,1.581,1.592,0.011,0.6958,3908.0,621.093
159941.SZ,20190319,1.592,1.595,1.597,1.592,1.596,0.004,0.2513,3657.33,583.122
159941.SZ,20190320,1.596,1.597,1.6,1.592,1.596,0.0,0.0,5100.0,813.666
159941.SZ,20190321,1.596,1.596,1.614,1.59,1.603,0.007,0.4386,1996.0,319.573
159941.SZ,20190322,1.603,1.62,1.632,1.62,1.63,0.027,1.6843,1169.0,190.466
159941.SZ,20190325,1.63,1.6,1.6,1.578,1.578,-0.052,-3.1902,5039.0,797.27
159941.SZ,20190326,1.578,1.59,1.59,1.583,1.587,0.009,0.5703,2391.0,379.242
159941.SZ,20190327,1.587,1.598,1.604,1.59,1.602,0.015,0.9452,10585.0,1689.243
159941.SZ,20190328,1.602,1.592,1.592,1.588,1.59,-0.012,-0.7491,1543.0,245.389
159941.SZ,20190329,1.59,1.61,1.61,1.594,1.601,0.011,0.6918,653.0,104.588
159941.SZ,20190401,1.601,1.605,1.625,1.605,1.624,0.023,1.4366,2527.8,408.808
159941.SZ,20190402,1.624,1.635,1.635,1.624,1.633,0.009,0.5542,1686.0,275.147
159941.SZ,20190403,1.633,1.642,1.642,1.628,1.635,0.002,0.1225,1885.0,307.549
159941.SZ,20190404,1.635,1.637,1.646,1.635,1.643,0.008,0.4893,1853.24,304.27
159941.SZ,20190408,1.643,1.643,1.654,1.632,1.642,-0.001,-0.0609,2974.0,488.181
159941.SZ,20190409,1.642,1.647,1.647,1.64,1.644,0.002,0.1218,2141.35,352.176
159941.SZ,20190410,1.644,1.638,1.638,1.63,1.637,-0.007,-0.4258,1052.0,171.797
159941.SZ,20190411,1.637,1.645,1.657,1.641,1.656,0.019,1.1607,10954.0,1803.039
159941.SZ,20190412,1.656,1.653,1.653,1.647,1.652,-0.004,-0.2415,197.0,32.491
159941.SZ,20190415,1.652,1.653,1.656,1.65,1.651,-0.001,-0.0605,419.0,69.292
159941.SZ,20190416,1.651,1.66,1.749,1.645,1.655,0.004,0.2423,1379.5,230.442
159941.SZ,20190417,1.655,1.656,1.659,1.655,1.656,0.001,0.0604,913.0,151.176
159941.SZ,20190418,1.656,1.649,1.656,1.649,1.655,-0.001,-0.0604,552.0,91.245
159941.SZ,20190419,1.655,1.657,1.67,1.647,1.661,0.006,0.3625,3055.03,505.975
159941.SZ,20190422,1.661,1.664,1.664,1.655,1.661,0.0,0.0,1304.03,216.277
159941.SZ,20190423,1.661,1.664,1.669,1.661,1.668,0.007,0.4214,624.0,103.898
159941.SZ,20190424,1.668,1.685,1.696,1.684,1.696,0.028,1.6787,4159.0,703.006
159941.SZ,20190425,1.696,1.696,1.705,1.69,1.705,0.009,0.5307,2892.24,491.283
159941.SZ,20190426,1.705,1.698,1.734,1.698,1.723,0.018,1.0557,5354.05,921.019
159941.SZ,20190429,1.723,1.726,1.8,1.726,1.74,0.017,0.9867,8815.0,1539.168
159941.SZ,20190430,1.74,1.74,1.753,1.729,1.732,-0.008,-0.4598,23874.0,4138.65
159941.SZ,20190506,1.732,1.729,1.729,1.676,1.682,-0.05,-2.8868,10862.0,1844.09
159941.SZ,20190507,1.682,1.69,1.707,1.69,1.703,0.021,1.2485,2684.0,456.163
159941.SZ,20190508,1.703,1.677,1.679,1.655,1.672,-0.031,-1.8203,5497.0,918.278
159941.SZ,20190509,1.672,1.672,1.672,1.661,1.666,-0.006,-0.3589,4283.0,713.227
159941.SZ,20190510,1.666,1.668,1.678,1.645,1.672,0.006,0.3601,3697.0,617.239
159941.SZ,20190513,1.672,1.67,1.67,1.65,1.658,-0.014,-0.8373,2393.0,396.686
159941.SZ,20190514,1.658,1.632,1.632,1.553,1.616,-0.042,-2.5332,5716.01,920.506
159941.SZ,20190515,1.616,1.632,1.653,1.626,1.638,0.022,1.3614,4755.02,778.622
159941.SZ,20190516,1.638,1.655,1.66,1.647,1.649,0.011,0.6716,1853.0,306.255
159941.SZ,20190517,1.649,1.673,1.68,1.666,1.669,0.02,1.2129,7037.0,1176.277
159941.SZ,20190520,1.669,1.668,1.668,1.653,1.659,-0.01,-0.5992,1756.0,291.085
159941.SZ,20190521,1.659,1.644,1.645,1.637,1.645,-0.014,-0.8439,4845.0,794.69
159941.SZ,20190522,1.645,1.647,1.658,1.647,1.651,0.006,0.3647,1582.0,261.521
159941.SZ,20190523,1.651,1.651,1.651,1.625,1.626,-0.025,-1.5142,4147.05,675.402
159941.SZ,20190524,1.626,1.621,1.623,1.614,1.621,-0.005,-0.3075,1539.0,248.681
159941.SZ,20190527,1.621,1.613,1.621,1.613,1.62,-0.001,-0.0617,1952.0,315.641
159941.SZ,20190528,1.62,1.62,1.624,1.616,1.617,-0.003,-0.1852,2452.0,397.379
159941.SZ,20190529,1.617,1.601,1.606,1.6,1.602,-0.015,-0.9276,1310.0,209.956
159941.SZ,20190530,1.602,1.593,1.594,1.585,1.592,-0.01,-0.6242,2265.48,360.323
159941.SZ,20190531,1.592,1.593,1.596,1.579,1.579,-0.013,-0.8166,1897.0,300.914
159941.SZ,20190603,1.579,1.579,1.579,1.544,1.552,-0.027,-1.7099,2990.0,464.165
159941.SZ,20190604,1.552,1.55,1.55,1.533,1.538,-0.014,-0.9021,1412.0,216.901
159941.SZ,20190605,1.538,1.57,1.579,1.569,1.576,0.038,2.4707,2322.0,365.714
159941.SZ,20190606,1.576,1.584,1.586,1.577,1.582,0.006,0.3807,1334.0,211.158
159941.SZ,20190610,1.582,1.616,1.656,1.616,1.636,0.054,3.4134,3945.0,643.818
159941.SZ,20190611,1.636,1.644,1.674,1.644,1.644,0.008,0.489,7527.0,1240.785
159941.SZ,20190612,1.644,1.651,1.651,1.638,1.641,-0.003,-0.1825,3889.26,640.042
159941.SZ,20190613,1.641,1.636,1.644,1.636,1.644,0.003,0.1828,1441.0,236.425
159941.SZ,20190614,1.644,1.65,1.66,1.648,1.653,0.009,0.5474,3129.0,516.796
159941.SZ,20190617,1.653,1.652,1.659,1.651,1.654,0.001,0.0605,5012.0,828.867
159941.SZ,20190618,1.654,1.665,1.678,1.656,1.665,0.011,0.6651,4302.0,717.454
159941.SZ,20190619,1.665,1.706,1.706,1.675,1.687,0.022,1.3213,2769.0,467.673
159941.SZ,20190620,1.687,1.693,1.706,1.687,1.704,0.017,1.0077,5711.02,971.698
159941.SZ,20190621,1.704,1.702,1.711,1.695,1.7,-0.004,-0.2347,2847.04,483.987
159941.SZ,20190624,1.7,1.7,1.71,1.699,1.708,0.008,0.4706,2125.0,362.239
159941.SZ,20190625,1.708,1.695,1.7,1.685,1.688,-0.02,-1.171,1852.0,313.524
159941.SZ,20190626,1.688,1.662,1.668,1.66,1.668,-0.02,-1.1848,3780.0,628.43
159941.SZ,20190627,1.668,1.678,1.688,1.67,1.683,0.015,0.8993,801.0,134.197
159941.SZ,20190628,1.683,1.682,1.682,1.665,1.672,-0.011,-0.6536,1334.0,223.459
159941.SZ,20190701,1.672,1.697,1.74,1.691,1.729,0.057,3.4091,5037.01,858.512
159941.SZ,20190702,1.729,1.729,1.729,1.707,1.712,-0.017,-0.9832,5778.0,988.418
159941.SZ,20190703,1.712,1.713,1.726,1.709,1.71,-0.002,-0.1168,2194.01,375.709
159941.SZ,20190704,1.71,1.722,1.723,1.717,1.719,0.009,0.5263,2026.0,348.393
159941.SZ,20190705,1.719,1.723,1.732,1.719,1.726,0.007,0.4072,4724.0,814.58
159941.SZ,20190708,1.726,1.729,1.729,1.708,1.714,-0.012,-0.6952,1435.0,245.931
159941.SZ,20190709,1.714,1.713,1.713,1.695,1.696,-0.018,-1.0502,1137.03,193.304
159941.SZ,20190710,1.696,1.71,1.72,1.704,1.716,0.02,1.1792,2671.0,458.003
159941.SZ,20190711,1.716,1.725,1.738,1.722,1.734,0.018,1.049,2775.0,479.824
159941.SZ,20190712,1.734,1.735,1.736,1.729,1.73,-0.004,-0.2307,1760.0,304.832
159941.SZ,20190715,1.73,1.731,1.746,1.731,1.745,0.015,0.8671,2386.12,415.156
159941.SZ,20190716,1.745,1.755,1.755,1.748,1.755,0.01,0.5731,1668.0,292.3
159941.SZ,20190717,1.755,1.744,1.753,1.734,1.746,-0.009,-0.5128,3731.0,651.899
159941.SZ,20190718,1.746,1.731,1.737,1.729,1.73,-0.016,-0.9164,2259.99,391.212
159941.SZ,20190719,1.73,1.746,1.746,1.737,1.744,0.014,0.8092,2904.0,506.023
159941.SZ,20190722,1.744,1.734,1.734,1.719,1.734,-0.01,-0.5734,1813.0,313.583
159941.SZ,20190723,1.734,1.737,1.747,1.737,1.743,0.009,0.519,4055.0,706.498
159941.SZ,20190724,1.743,1.753,1.754,1.747,1.749,0.006,0.3442,6899.0,1206.548
159941.SZ,20190725,1.749,1.782,1.782,1.76,1.765,0.016,0.9148,1721.99,304.169
159941.SZ,20190726,1.765,1.752,1.761,1.752,1.761,-0.004,-0.2266,2098.12,368.771
159941.SZ,20190729,1.761,1.782,1.782,1.766,1.77,0.009,0.5111,982.99,173.916
159941.SZ,20190730,1.77,1.759,1.774,1.759,1.769,-0.001,-0.0565,3494.0,617.783
159941.SZ,20190731,1.769,1.754,1.768,1.754,1.756,-0.013,-0.7349,568.01,99.989
159941.SZ,20190801,1.756,1.74,1.743,1.733,1.738,-0.018,-1.0251,1991.02,346.249
159941.SZ,20190802,1.738,1.737,1.738,1.702,1.738,0.0,0.0,1915.99,330.217
159941.SZ,20190805,1.738,1.714,1.742,1.714,1.723,-0.015,-0.8631,2550.01,439.904
159941.SZ,20190806,1.723,1.671,1.692,1.653,1.675,-0.048,-2.7858,7304.03,1215.582
159941.SZ,20190807,1.675,1.695,1.7,1.652,1.694,0.019,1.1343,6276.0,1059.462
159941.SZ,20190808,1.694,1.698,1.715,1.698,1.708,0.014,0.8264,3183.0,542.305
159941.SZ,20190809,1.708,1.745,1.766,1.731,1.74,0.032,1.8735,6717.06,1165.251
159941.SZ,20190812,1.74,1.738,1.764,1.725,1.764,0.024,1.3793,2006.03,348.908
159941.SZ,20190813,1.764,1.752,1.752,1.705,1.705,-0.059,-3.3447,5530.0,950.157
159941.SZ,20190814,1.705,1.731,1.745,1.731,1.745,0.04,2.346,3849.94,670.298
159941.SZ,20190815,1.745,1.718,1.718,1.691,1.715,-0.03,-1.7192,4742.02,809.231
159941.SZ,20190816,1.715,1.725,1.725,1.707,1.717,0.002,0.1166,3558.0,609.54
159941.SZ,20190819,1.717,1.731,1.744,1.721,1.74,0.023,1.3395,14173.0,2459.559
159941.SZ,20190820,1.74,1.744,1.753,1.734,1.75,0.01,0.5747,8806.26,1534.64
159941.SZ,20190821,1.75,1.741,1.745,1.741,1.744,-0.006,-0.3429,758.0,132.084
159941.SZ,20190822,1.744,1.755,1.769,1.753,1.758,0.014,0.8028,1930.97,338.909
159941.SZ,20190823,1.758,1.756,1.803,1.752,1.757,-0.001,-0.0569,10098.0,1772.831
159941.SZ,20190826,1.757,1.7,1.719,1.691,1.716,-0.041,-2.3335,7596.0,1296.079
159941.SZ,20190827,1.716,1.725,1.769,1.725,1.731,0.015,0.8741,5754.0,997.391
159941.SZ,20190828,1.731,1.723,1.731,1.723,1.726,-0.005,-0.2889,3527.0,609.03
159941.SZ,20190829,1.726,1.747,1.747,1.719,1.721,-0.005,-0.2897,3195.0,550.148
159941.SZ,20190830,1.721,1.747,1.76,1.732,1.756,0.035,2.0337,7129.01,1245.499
159941.SZ,20190902,1.756,1.759,1.759,1.746,1.751,-0.005,-0.2847,3080.97,538.962
159941.SZ,20190903,1.751,1.743,1.75,1.743,1.748,-0.003,-0.1713,2730.0,476.983
159941.SZ,20190904,1.748,1.732,1.778,1.732,1.767,0.019,1.087,9851.0,1724.547
159941.SZ,20190905,1.767,1.778,1.78,1.765,1.771,0.004,0.2264,4184.1,740.934
159941.SZ,20190906,1.771,1.8,1.8,1.778,1.789,0.018,1.0164,5241.9,935.178
159941.SZ,20190909,1.789,1.817,1.817,1.785,1.798,0.009,0.5031,3669.0,656.12
159941.SZ,20190910,1.798,1.788,1.789,1.765,1.778,-0.02,-1.1123,15212.0,2712.475
159941.SZ,20190911,1.778,1.774,1.775,1.769,1.775,-0.003,-0.1687,4699.0,832.162
159941.SZ,20190912,1.775,1.798,1.798,1.79,1.792,0.017,0.9577,2407.0,431.794
159941.SZ,20190916,1.792,1.778,1.782,1.768,1.774,-0.018,-1.0045,4610.12,817.601
159941.SZ,20190917,1.774,1.773,1.777,1.77,1.77,-0.004,-0.2255,1523.0,270.128
159941.SZ,20190918,1.77,1.772,1.784,1.772,1.78,0.01,0.565,1704.0,303.328
159941.SZ,20190919,1.78,1.782,1.782,1.762,1.778,-0.002,-0.1124,1424.0,252.909
159941.SZ,20190920,1.778,1.78,1.787,1.779,1.782,0.004,0.225,1796.0,319.747
159941.SZ,20190923,1.782,1.779,1.779,1.768,1.772,-0.01,-0.5612,1849.05,327.344
159941.SZ,20190924,1.772,1.774,1.774,1.77,1.773,0.001,0.0564,340.0,60.233
159941.SZ,20190925,1.773,1.754,1.772,1.742,1.752,-0.021,-1.1844,1745.0,305.837
159941.SZ,20190926,1.752,1.761,1.769,1.758,1.759,0.007,0.3995,1985.0,350.058
159941.SZ,20190927,1.759,1.756,1.762,1.75,1.758,-0.001,-0.0569,998.0,175.469
159941.SZ,20190930,1.758,1.754,1.754,1.738,1.744,-0.014,-0.7964,5359.0,933.403
159941.SZ,20191008,1.744,1.744,1.772,1.715,1.746,0.002,0.1147,995.0,173.231
159941.SZ,20191009,1.746,1.725,1.732,1.724,1.729,-0.017,-0.9737,794.0,137.249
159941.SZ,20191010,1.729,1.731,1.741,1.726,1.733,0.004,0.2313,4031.0,699.084
159941.SZ,20191011,1.733,1.741,1.748,1.737,1.746,0.013,0.7501,5643.2,984.823
159941.SZ,20191014,1.746,1.765,1.77,1.76,1.766,0.02,1.1455,11131.41,1963.299
159941.SZ,20191015,1.766,1.767,1.776,1.767,1.776,0.01,0.5663,2030.41,358.924
159941.SZ,20191016,1.776,1.793,1.793,1.782,1.784,0.008,0.4505,2307.0,411.928
159941.SZ,20191017,1.784,1.784,1.787,1.781,1.781,-0.003,-0.1682,303.0,54.057
159941.SZ,20191018,1.781,1.786,1.786,1.777,1.777,-0.004,-0.2246,1110.0,197.544
159941.SZ,20191021,1.777,1.782,1.782,1.768,1.772,-0.005,-0.2814,1079.0,191.388
159941.SZ,20191022,1.772,1.782,1.785,1.781,1.784,0.012,0.6772,1103.0,196.732
159941.SZ,20191023,1.784,1.77,1.774,1.768,1.77,-0.014,-0.7848,1069.0,189.179
159941.SZ,20191024,1.77,1.777,1.777,1.773,1.776,0.006,0.339,514.0,91.276
159941.SZ,20191025,1.776,1.778,1.786,1.778,1.783,0.007,0.3941,1831.0,326.474
159941.SZ,20191028,1.783,1.791,1.8,1.791,1.794,0.011,0.6169,2173.0,390.17
159941.SZ,20191029,1.794,1.81,1.816,1.808,1.811,0.017,0.9476,3702.12,670.55
159941.SZ,20191030,1.811,1.812,1.812,1.801,1.806,-0.005,-0.2761,463.0,83.706
159941.SZ,20191031,1.806,1.814,1.82,1.81,1.815,0.009,0.4983,1252.0,227.248
159941.SZ,20191101,1.815,1.81,1.82,1.81,1.817,0.002,0.1102,1882.08,341.672
159941.SZ,20191104,1.817,1.888,1.888,1.825,1.832,0.015,0.8255,1053.12,192.932
159941.SZ,20191105,1.832,1.838,1.844,1.833,1.838,0.006,0.3275,1706.0,313.726
159941.SZ,20191106,1.838,1.833,1.839,1.816,1.826,-0.012,-0.6529,1729.0,316.06
159941.SZ,20191107,1.826,1.827,1.834,1.818,1.824,-0.002,-0.1095,589.0,107.52
159941.SZ,20191108,1.824,1.824,1.824,1.822,1.823,-0.001,-0.0548,1045.0,190.56
159941.SZ,20191111,1.823,1.833,1.842,1.813,1.825,0.002,0.1097,2614.0,477.516
159941.SZ,20191112,1.825,1.822,1.833,1.822,1.83,0.005,0.274,739.0,135.145
159941.SZ,20191113,1.83,1.832,1.844,1.825,1.837,0.007,0.3825,1471.0,270.053
159941.SZ,20191114,1.837,1.846,1.847,1.828,1.846,0.009,0.4899,2285.12,421.48
159941.SZ,20191115,1.846,1.846,1.853,1.846,1.851,0.005,0.2709,2787.2,515.381
159941.SZ,20191118,1.851,1.853,1.88,1.851,1.86,0.009,0.4862,3901.0,726.079
159941.SZ,20191119,1.86,1.869,1.875,1.867,1.871,0.011,0.5914,2745.0,513.25
159941.SZ,20191120,1.871,1.872,1.872,1.862,1.866,-0.005,-0.2672,1579.0,294.718
159941.SZ,20191121,1.866,1.866,1.872,1.845,1.856,-0.01,-0.5359,989.0,184.23
159941.SZ,20191122,1.856,1.853,1.866,1.853,1.863,0.007,0.3772,291.0,54.022
159941.SZ,20191125,1.863,1.864,1.872,1.863,1.872,0.009,0.4831,917.0,171.27
159941.SZ,20191126,1.872,1.885,1.889,1.879,1.889,0.017,0.9081,1772.0,333.914
159941.SZ,20191127,1.889,1.889,1.902,1.887,1.9,0.011,0.5823,6273.0,1189.439
159941.SZ,20191128,1.9,1.91,2.09,1.886,1.951,0.051,2.6842,5954.0,1146.171
159941.SZ,20191129,1.951,1.945,2.09,1.903,1.954,0.003,0.1538,15763.01,3141.78
159941.SZ,20191202,1.954,1.954,2.0,1.907,1.999,0.045,2.303,7955.0,1573.022
159941.SZ,20191203,1.999,1.976,1.978,1.89,1.896,-0.103,-5.1526,34377.0,6577.465
159941.SZ,20191204,1.896,1.868,1.878,1.861,1.873,-0.023,-1.2131,7356.0,1376.347
159941.SZ,20191205,1.873,1.878,1.9,1.861,1.875,0.002,0.1068,22264.0,4186.285
159941.SZ,20191206,1.875,1.876,1.876,1.865,1.871,-0.004,-0.2133,7899.0,1477.087
159941.SZ,20191209,1.871,1.886,1.894,1.88,1.885,0.014,0.7483,15652.0,2950.589
159941.SZ,20191210,1.885,1.878,1.882,1.87,1.876,-0.009,-0.4775,5618.01,1052.838
159941.SZ,20191211,1.876,1.877,1.877,1.863,1.874,-0.002,-0.1066,2468.0,461.348
159941.SZ,20191212,1.874,1.88,1.887,1.876,1.886,0.012,0.6403,8308.01,1562.929
159941.SZ,20191213,1.886,1.895,1.907,1.895,1.902,0.016,0.8484,15588.0,2963.59
159941.SZ,20191216,1.902,1.9,1.917,1.897,1.91,0.008,0.4206,7945.0,1513.346
159941.SZ,20191217,1.91,1.92,1.939,1.917,1.928,0.018,0.9424,6274.0,1207.338
159941.SZ,20191218,1.928,1.928,1.932,1.912,1.915,-0.013,-0.6743,10380.0,1990.834
159941.SZ,20191219,1.915,1.913,1.922,1.908,1.91,-0.005,-0.2611,3748.0,716.061
159941.SZ,20191220,1.91,1.921,1.928,1.92,1.926,0.016,0.8377,9316.0,1792.376
159941.SZ,20191223,1.926,1.932,1.937,1.928,1.936,0.01,0.5192,17450.08,3374.594
159941.SZ,20191224,1.936,1.944,1.95,1.937,1.949,0.013,0.6715,7917.03,1540.873
159941.SZ,20191225,1.949,1.949,1.95,1.94,1.943,-0.006,-0.3079,5629.0,1093.349
159941.SZ,20191226,1.943,1.937,1.951,1.937,1.948,0.005,0.2573,11118.03,2163.274
159941.SZ,20191227,1.948,1.958,1.972,1.955,1.966,0.018,0.924,9908.05,1948.066
159941.SZ,20191230,1.966,1.965,1.969,1.955,1.966,0.0,0.0,11675.15,2291.573
159941.SZ,20191231,1.966,1.954,1.959,1.948,1.956,-0.01,-0.5086,6325.0,1235.478
159941.SZ,20200102,1.956,1.979,1.979,1.957,1.975,0.019,0.9714,19163.21,3773.94
159941.SZ,20200103,1.975,1.985,1.997,1.971,1.984,0.009,0.4557,16691.13,3314.326
159941.SZ,20200106,1.984,1.971,1.971,1.953,1.96,-0.024,-1.2097,12802.0,2508.634
159941.SZ,20200107,1.96,1.976,1.982,1.97,1.98,0.02,1.0204,9466.0,1870.177
159941.SZ,20200108,1.98,1.96,1.967,1.952,1.956,-0.024,-1.2121,6985.0,1370.116
159941.SZ,20200109,1.956,1.98,1.994,1.975,1.991,0.035,1.7894,12346.0,2450.279
159941.SZ,20200110,1.991,1.995,2.029,1.995,2.02,0.029,1.4566,30320.0,6119.995
159941.SZ,20200113,2.02,2.011,2.015,2.0,2.009,-0.011,-0.5446,25522.01,5122.909
159941.SZ,20200114,2.009,2.022,2.032,2.006,2.017,0.008,0.3982,64780.0,13086.297
159941.SZ,20200115,2.017,2.011,2.011,1.997,2.004,-0.013,-0.6445,30550.02,6116.324
159941.SZ,20200116,2.004,2.008,2.008,2.0,2.0,-0.004,-0.1996,28755.0,5764.46
159941.SZ,20200117,2.0,2.021,2.041,2.012,2.037,0.037,1.85,64262.01,12985.778
159941.SZ,20200120,2.037,2.048,2.069,2.037,2.042,0.005,0.2455,68257.0,14010.245
159941.SZ,20200121,2.042,2.043,2.045,2.013,2.014,-0.028,-1.3712,56483.0,11409.599
159941.SZ,20200122,2.014,2.015,2.03,2.011,2.027,0.013,0.6455,62307.0,12581.374
159941.SZ,20200123,2.027,2.02,2.026,2.01,2.021,-0.006,-0.296,68850.0,13885.591
159941.SZ,20200203,2.021,1.93,2.013,1.93,1.976,-0.045,-2.2266,39678.0,7830.743
159941.SZ,20200204,1.976,1.996,2.046,1.996,2.046,0.07,3.5425,80647.15,16362.942
159941.SZ,20200205,2.046,2.074,2.086,2.067,2.08,0.034,1.6618,113808.15,23634.457
159941.SZ,20200206,2.08,2.092,2.121,2.084,2.119,0.039,1.875,66687.41,14037.153
159941.SZ,20200207,2.119,2.121,2.196,2.12,2.168,0.049,2.3124,136454.41,29208.979
159941.SZ,20200210,2.168,2.16,2.22,2.15,2.202,0.034,1.5683,98126.03,21464.733
159941.SZ,20200211,2.202,2.238,2.256,2.226,2.256,0.054,2.4523,94927.0,21302.816
159941.SZ,20200212,2.256,2.274,2.314,2.258,2.302,0.046,2.039,131280.0,30079.292
159941.SZ,20200213,2.302,2.35,2.417,2.33,2.415,0.113,4.9088,187692.85,44557.748
159941.SZ,20200214,2.415,2.392,2.413,2.26,2.269,-0.146,-6.0455,222612.15,51947.737
159941.SZ,20200217,2.269,2.269,2.299,2.133,2.285,0.016,0.7052,186188.15,41664.502
159941.SZ,20200218,2.285,2.27,2.282,2.211,2.233,-0.052,-2.2757,119683.39,26833.513
159941.SZ,20200219,2.233,2.219,2.265,2.197,2.207,-0.026,-1.1644,137031.0,30524.26
159941.SZ,20200220,2.207,2.232,2.244,2.215,2.236,0.029,1.314,113339.85,25277.68
159941.SZ,20200221,2.236,2.23,2.23,2.18,2.186,-0.05,-2.2361,101122.1,22236.459
159941.SZ,20200224,2.186,2.125,2.128,2.097,2.1,-0.086,-3.9341,143404.67,30237.149
159941.SZ,20200225,2.1,2.047,2.149,2.045,2.13,0.03,1.4286,209697.35,44027.677
159941.SZ,20200226,2.137,2.052,2.094,2.05,2.075,-0.062,-2.9013,167003.24,34694.388
159941.SZ,20200227,2.075,2.085,2.098,2.071,2.074,-0.001,-0.0482,121404.47,25291.111
159941.SZ,20200228,2.074,1.999,2.018,1.979,1.984,-0.09,-4.3394,137141.04,27383.859
159941.SZ,20200302,1.984,1.999,2.059,1.99,2.052,0.068,3.4274,229142.97,46208.826
159941.SZ,20200303,2.052,2.144,2.144,2.021,2.029,-0.023,-1.1209,307320.06,63641.65
159941.SZ,20200304,2.029,1.996,2.02,1.976,2.007,-0.022,-1.0843,185793.0,36892.556
159941.SZ,20200305,2.007,2.04,2.051,1.993,2.0,-0.007,-0.3488,242455.78,48835.147
159941.SZ,20200306,2.0,1.969,1.969,1.942,1.949,-0.051,-2.55,149242.9,29126.789
159941.SZ,20200309,1.949,1.889,1.889,1.826,1.829,-0.12,-6.157,239028.5,44308.237
159941.SZ,20200310,1.829,1.799,1.903,1.799,1.894,0.065,3.5539,355215.11,66085.196
159941.SZ,20200311,1.894,1.885,1.885,1.84,1.841,-0.053,-2.7983,301597.2,56142.651
159941.SZ,20200312,1.841,1.799,1.799,1.772,1.791,-0.05,-2.7159,173745.8,31018.863
159941.SZ,20200313,1.791,1.67,1.828,1.67,1.765,-0.026,-1.4517,399682.91,69816.824
159941.SZ,20200316,1.765,1.755,1.764,1.694,1.699,-0.066,-3.7394,227799.48,39342.3
159941.SZ,20200317,1.699,1.71,1.742,1.666,1.711,0.012,0.7063,211127.0,35973.245
159941.SZ,20200318,1.711,1.713,1.728,1.66,1.664,-0.047,-2.7469,217993.0,37160.19
159941.SZ,20200319,1.664,1.678,1.692,1.638,1.673,0.009,0.5409,175285.0,29241.391
159941.SZ,20200320,1.673,1.698,1.777,1.69,1.774,0.101,6.0371,255934.2,44078.516
159941.SZ,20200323,1.774,1.67,1.755,1.66,1.695,-0.079,-4.4532,256372.53,43456.199
159941.SZ,20200324,1.695,1.754,1.796,1.725,1.796,0.101,5.9587,267643.25,47424.431
159941.SZ,20200325,1.796,1.852,1.91,1.831,1.88,0.084,4.6771,393433.01,73437.512
159941.SZ,20200326,1.88,1.861,1.862,1.816,1.816,-0.064,-3.4043,231909.4,42852.535
159941.SZ,20200327,1.816,1.878,1.878,1.791,1.802,-0.014,-0.7709,267550.2,49130.201
159941.SZ,20200330,1.802,1.767,1.782,1.73,1.764,-0.038,-2.1088,343286.77,60189.573
159941.SZ,20200331,1.764,1.81,1.817,1.776,1.79,0.026,1.4739,178327.0,32036.789
159941.SZ,20200401,1.79,1.763,1.79,1.751,1.761,-0.029,-1.6201,141665.4,25144.363
159941.SZ,20200402,1.761,1.741,1.796,1.741,1.792,0.031,1.7604,158612.8,28028.915
159941.SZ,20200403,1.792,1.783,1.783,1.755,1.765,-0.027,-1.5067,88946.2,15750.25
159941.SZ,20200407,1.765,1.85,1.855,1.821,1.848,0.083,4.7025,258388.0,47400.493
159941.SZ,20200408,1.848,1.83,1.844,1.821,1.834,-0.014,-0.7576,136789.0,25033.521
159941.SZ,20200409,1.834,1.86,1.861,1.85,1.859,0.025,1.3631,156947.0,29131.951
159941.SZ,20200410,1.859,1.862,1.864,1.831,1.832,-0.027,-1.4524,143072.92,26367.433
159941.SZ,20200413,1.832,1.822,1.827,1.813,1.814,-0.018,-0.9825,83490.18,15189.555
159941.SZ,20200414,1.814,1.84,1.876,1.835,1.872,0.058,3.1974,212249.5,39512.891
159941.SZ,20200415,1.872,1.876,1.926,1.876,1.926,0.054,2.8846,191419.0,36726.199
159941.SZ,20200416,1.926,1.904,1.946,1.9,1.935,0.009,0.4673,167901.0,32244.111
159941.SZ,20200417,1.935,1.98,2.005,1.979,1.997,0.062,3.2041,222419.9,44306.615
159941.SZ,20200420,1.997,1.797,1.996,1.797,1.971,-0.026,-1.302,190734.0,37614.38
159941.SZ,20200421,1.971,1.967,1.968,1.927,1.951,-0.02,-1.0147,233478.98,45466.985
159941.SZ,20200422,1.951,1.888,1.966,1.871,1.942,-0.009,-0.4613,315827.0,60845.854
159941.SZ,20200423,1.942,1.957,1.967,1.94,1.962,0.02,1.0299,194525.0,38044.644
159941.SZ,20200424,1.962,1.949,1.96,1.939,1.951,-0.011,-0.5607,110426.0,21514.96
159941.SZ,20200427,1.951,1.971,2.033,1.971,2.017,0.066,3.3829,189778.22,38072.63
159941.SZ,20200428,2.017,2.018,2.058,1.993,2.038,0.021,1.0412,274904.01,55941.206
159941.SZ,20200429,2.038,2.032,2.119,2.032,2.097,0.059,2.895,415552.9,86369.046
159941.SZ,20200430,2.097,2.156,2.205,2.09,2.166,0.069,3.2904,502295.0,108977.243
159941.SZ,20200506,2.166,2.142,2.188,2.121,2.156,-0.01,-0.4617,325005.16,70056.246
159941.SZ,20200507,2.156,2.158,2.161,2.106,2.133,-0.023,-1.0668,284502.08,60625.728
159941.SZ,20200508,2.133,2.16,2.166,2.128,2.135,0.002,0.0938,290707.15,62418.878
159941.SZ,20200511,2.135,2.158,2.158,2.11,2.12,-0.015,-0.7026,149068.13,31865.196
159941.SZ,20200512,2.12,2.111,2.122,2.076,2.09,-0.03,-1.4151,215834.0,45187.193
159941.SZ,20200513,2.09,2.069,2.069,2.046,2.06,-0.03,-1.4354,247855.14,50947.326
159941.SZ,20200514,2.06,2.029,2.037,2.019,2.021,-0.039,-1.8932,182546.24,36982.232
159941.SZ,20200515,2.021,2.038,2.044,2.03,2.041,0.02,0.9896,138298.19,28188.564
159941.SZ,20200518,2.041,2.056,2.061,2.048,2.056,0.015,0.7349,160236.18,32929.475
159941.SZ,20200519,2.056,2.087,2.095,2.076,2.094,0.038,1.8482,187983.38,39196.886
159941.SZ,20200520,2.094,2.083,2.088,2.072,2.076,-0.018,-0.8596,105634.0,21963.141
159941.SZ,20200521,2.076,2.101,2.107,2.09,2.095,0.019,0.9152,155918.42,32709.577
159941.SZ,20200522,2.095,2.09,2.09,2.053,2.054,-0.041,-1.957,148097.6,30647.527
159941.SZ,20200525,2.054,2.085,2.114,2.056,2.109,0.055,2.6777,175909.44,36815.191
159941.SZ,20200526,2.109,2.137,2.154,2.123,2.149,0.04,1.8966,209412.33,44785.741
159941.SZ,20200527,2.149,2.125,2.138,2.11,2.119,-0.03,-1.396,187590.0,39820.941
159941.SZ,20200528,2.119,2.12,2.134,2.099,2.102,-0.017,-0.8023,168417.02,35657.553
159941.SZ,20200529,2.102,2.103,2.104,2.083,2.092,-0.01,-0.4757,133293.51,27948.445
159941.SZ,20200601,2.092,2.117,2.124,2.114,2.121,0.029,1.3862,163218.5,34582.621
159941.SZ,20200602,2.121,2.127,2.13,2.118,2.127,0.006,0.2829,120956.22,25671.261
159941.SZ,20200603,2.127,2.139,2.147,2.134,2.141,0.014,0.6582,139024.0,29752.257
159941.SZ,20200604,2.141,2.149,2.149,2.136,2.138,-0.003,-0.1401,99109.0,21229.601
159941.SZ,20200605,2.138,2.124,2.141,2.124,2.138,0.0,0.0,103455.73,22060.076
159941.SZ,20200608,2.138,2.17,2.174,2.161,2.167,0.029,1.3564,106063.08,22988.355
159941.SZ,20200609,2.167,2.178,2.191,2.177,2.183,0.016,0.7383,126865.3,27721.232
159941.SZ,20200610,2.183,2.193,2.212,2.193,2.212,0.029,1.3284,88623.0,19559.713
159941.SZ,20200611,2.212,2.227,2.234,2.188,2.191,-0.021,-0.9494,187826.5,41444.885
159941.SZ,20200612,2.191,2.103,2.143,2.103,2.131,-0.06,-2.7385,284407.51,60559.677
159941.SZ,20200615,2.131,2.112,2.129,2.066,2.078,-0.053,-2.4871,242009.0,50850.636
159941.SZ,20200616,2.078,2.156,2.191,2.151,2.173,0.095,4.5717,220859.0,47913.961
159941.SZ,20200617,2.173,2.189,2.205,2.182,2.204,0.031,1.4266,149085.83,32710.684
159941.SZ,20200618,2.204,2.195,2.208,2.181,2.2,-0.004,-0.1815,134962.49,29546.236
159941.SZ,20200619,2.2,2.206,2.216,2.2,2.214,0.014,0.6364,144480.0,31890.651
159941.SZ,20200622,2.214,2.202,2.21,2.196,2.203,-0.011,-0.4968,156459.0,34446.599
159941.SZ,20200623,2.203,2.209,2.226,2.196,2.225,0.022,0.9986,168444.5,37348.653
159941.SZ,20200624,2.225,2.239,2.246,2.231,2.241,0.016,0.7191,136636.0,30608.861
159941.SZ,20200629,2.241,2.18,2.185,2.166,2.169,-0.072,-3.2129,230727.43,50159.814
159941.SZ,20200630,2.169,2.19,2.199,2.18,2.188,0.019,0.876,148034.0,32445.921
159941.SZ,20200701,2.188,2.219,2.221,2.21,2.217,0.029,1.3254,132816.02,29422.56
159941.SZ,20200702,2.217,2.24,2.259,2.238,2.255,0.038,1.714,157645.0,35437.908
159941.SZ,20200703,2.255,2.266,2.27,2.253,2.267,0.012,0.5322,139611.01,31570.021
159941.SZ,20200706,2.267,2.272,2.281,2.269,2.279,0.012,0.5293,274668.06,62460.683
159941.SZ,20200707,2.279,2.299,2.299,2.28,2.29,0.011,0.4827,237841.06,54431.356
159941.SZ,20200708,2.29,2.284,2.293,2.283,2.289,-0.001,-0.0437,209509.02,47915.613
159941.SZ,20200709,2.289,2.31,2.312,2.302,2.311,0.022,0.9611,131346.01,30318.391
159941.SZ,20200710,2.311,2.304,2.317,2.303,2.309,-0.002,-0.0865,109490.51,25305.905
159941.SZ,20200713,2.309,2.345,2.36,2.334,2.353,0.044,1.9056,141408.26,33220.706
159941.SZ,20200714,2.353,2.309,2.324,2.296,2.319,-0.034,-1.445,163383.0,37725.804
159941.SZ,20200715,2.319,2.331,2.334,2.319,2.325,0.006,0.2587,96605.74,22456.564
159941.SZ,20200716,2.325,2.32,2.32,2.12,2.12,-0.205,-8.8172,110868.7,25459.291
159941.SZ,20200717,2.12,2.295,2.311,2.284,2.308,0.188,8.8679,95452.74,21956.32
159941.SZ,20200720,2.308,2.307,2.308,2.292,2.296,-0.012,-0.5199,67857.0,15577.976
159941.SZ,20200721,2.296,2.36,2.406,2.359,2.397,0.101,4.399,223363.32,53123.181
159941.SZ,20200722,2.397,2.369,2.371,2.35,2.363,-0.034,-1.4184,173637.88,40951.462
159941.SZ,20200723,2.363,2.364,2.37,2.359,2.37,0.007,0.2962,79965.9,18899.929
159941.SZ,20200724,2.37,2.312,2.326,2.27,2.29,-0.08,-3.3755,162673.44,37477.891
159941.SZ,20200727,2.29,2.282,2.303,2.282,2.3,0.01,0.4367,80442.83,18455.76
159941.SZ,20200728,2.3,2.332,2.334,2.323,2.33,0.03,1.3043,92978.03,21655.219
159941.SZ,20200729,2.33,2.297,2.322,2.293,2.32,-0.01,-0.4292,96591.9,22261.096
159941.SZ,20200730,2.32,2.329,2.331,2.311,2.311,-0.009,-0.3879,95798.55,22216.665
159941.SZ,20200731,2.311,2.35,2.367,2.35,2.359,0.048,2.077,181348.08,42782.033
159941.SZ,20200803,2.359,2.369,2.373,2.362,2.37,0.011,0.4663,101299.04,23993.273
159941.SZ,20200804,2.37,2.388,2.399,2.388,2.396,0.026,1.097,111712.34,26740.826
159941.SZ,20200805,2.396,2.398,2.399,2.386,2.399,0.003,0.1252,211664.51,50671.939
159941.SZ,20200806,2.399,2.399,2.4,2.385,2.386,-0.013,-0.5419,69080.51,16519.033
159941.SZ,20200807,2.386,2.409,2.43,2.408,2.413,0.027,1.1316,136846.33,33084.023
159941.SZ,20200810,2.413,2.395,2.408,2.392,2.403,-0.01,-0.4144,49716.5,11942.021
159941.SZ,20200811,2.403,2.402,2.404,2.397,2.399,-0.004,-0.1665,60203.0,14446.896
159941.SZ,20200812,2.399,2.365,2.372,2.353,2.37,-0.029,-1.2088,127014.5,30006.829
159941.SZ,20200813,2.37,2.402,2.416,2.402,2.412,0.042,1.7722,118855.0,28624.97
159941.SZ,20200814,2.412,2.42,2.428,2.416,2.428,0.016,0.6633,88572.4,21447.067
159941.SZ,20200817,2.428,2.421,2.425,2.416,2.424,-0.004,-0.1647,96364.42,23311.496
159941.SZ,20200818,2.424,2.437,2.438,2.43,2.43,0.006,0.2475,84655.6,20606.643
159941.SZ,20200819,2.43,2.447,2.452,2.444,2.452,0.022,0.9053,104551.0,25612.083
159941.SZ,20200820,2.452,2.443,2.449,2.426,2.443,-0.009,-0.367,185444.29,45185.873
159941.SZ,20200821,2.443,2.466,2.5,2.466,2.493,0.05,2.0467,219791.83,54622.061
159941.SZ,20200824,2.493,2.508,2.586,2.508,2.56,0.067,2.6875,276930.21,70567.049
159941.SZ,20200825,2.56,2.58,2.644,2.562,2.637,0.077,3.0078,333444.98,87356.245
159941.SZ,20200826,2.637,2.654,2.686,2.549,2.59,-0.047,-1.7823,613565.52,158775.719
159941.SZ,20200827,2.59,2.639,2.691,2.621,2.685,0.095,3.668,327391.8,87335.581
159941.SZ,20200828,2.685,2.67,2.758,2.585,2.712,0.027,1.0056,470904.74,127762.559
159941.SZ,20200831,2.712,2.723,2.769,2.723,2.765,0.053,1.9543,383153.96,105136.96
159941.SZ,20200901,2.765,2.782,2.869,2.75,2.822,0.057,2.0615,430845.99,121867.198
159941.SZ,20200902,2.822,2.878,2.976,2.87,2.976,0.154,5.4571,437446.43,127320.709
159941.SZ,20200903,2.976,3.061,3.199,3.011,3.138,0.162,5.4435,722169.0,223556.011
159941.SZ,20200904,3.138,2.89,2.951,2.824,2.824,-0.314,-10.0064,1004199.34,289790.759
159941.SZ,20200907,2.824,2.771,2.779,2.586,2.629,-0.195,-6.9051,647944.59,173093.806
159941.SZ,20200908,2.629,2.64,2.785,2.64,2.781,0.152,5.7817,744188.78,203845.236
159941.SZ,20200909,2.781,2.605,2.718,2.535,2.649,-0.132,-4.7465,866154.01,227908.622
159941.SZ,20200910,2.649,2.778,2.778,2.68,2.706,0.057,2.1518,723767.45,198942.088
159941.SZ,20200911,2.706,2.637,2.66,2.586,2.643,-0.063,-2.3282,895350.71,235370.744
159941.SZ,20200914,2.643,2.63,2.709,2.617,2.7,0.057,2.1566,825380.45,218859.804
159941.SZ,20200915,2.7,2.7,2.778,2.69,2.729,0.029,1.0741,1103236.83,302659.563
159941.SZ,20200916,2.729,2.76,2.778,2.7,2.717,-0.012,-0.4397,753629.24,207949.593
159941.SZ,20200917,2.717,2.661,2.677,2.609,2.611,-0.106,-3.9014,639627.4,168865.174
159941.SZ,20200918,2.611,2.579,2.65,2.567,2.634,0.023,0.8809,733577.09,191413.486
159941.SZ,20200921,2.634,2.617,2.627,2.581,2.585,-0.049,-1.8603,396202.0,103170.102
159941.SZ,20200922,2.585,2.57,2.594,2.52,2.528,-0.057,-2.205,292278.04,74998.908
159941.SZ,20200923,2.528,2.57,2.573,2.531,2.538,0.01,0.3956,379601.03,96849.946
159941.SZ,20200924,2.538,2.448,2.47,2.434,2.444,-0.094,-3.7037,439545.8,107547.623
159941.SZ,20200925,2.444,2.461,2.467,2.414,2.415,-0.029,-1.1866,279486.54,68338.33
159941.SZ,20200928,2.415,2.445,2.519,2.44,2.512,0.097,4.0166,475062.04,117738.301
159941.SZ,20200929,2.512,2.565,2.618,2.553,2.571,0.059,2.3487,611646.89,158563.923
159941.SZ,20200930,2.571,2.59,2.619,2.545,2.604,0.033,1.2835,471559.0,121492.484
159941.SZ,20201009,2.604,2.668,2.706,2.66,2.684,0.08,3.0722,532167.0,142657.965
159941.SZ,20201012,2.684,2.726,2.726,2.695,2.719,0.035,1.304,502887.6,136330.865
159941.SZ,20201013,2.719,2.75,2.775,2.728,2.728,0.009,0.331,471020.4,129781.037
159941.SZ,20201014,2.728,2.728,2.73,2.68,2.71,-0.018,-0.6598,397045.0,107416.799
159941.SZ,20201015,2.71,2.671,2.675,2.613,2.62,-0.09,-3.321,384677.68,101790.223
159941.SZ,20201016,2.62,2.632,2.654,2.616,2.629,0.009,0.3435,327316.76,86163.389
159941.SZ,20201019,2.629,2.647,2.669,2.631,2.667,0.038,1.4454,273721.69,72380.227
159941.SZ,20201020,2.667,2.615,2.63,2.6,2.622,-0.045,-1.6873,423765.64,110964.593
159941.SZ,20201021,2.622,2.629,2.629,2.603,2.607,-0.015,-0.5721,282339.78,73805.484
159941.SZ,20201022,2.607,2.578,2.578,2.527,2.53,-0.077,-2.9536,373163.68,94882.459
159941.SZ,20201023,2.53,2.532,2.534,2.486,2.515,-0.015,-0.5929,298492.2,74976.339
159941.SZ,20201026,2.515,2.5,2.51,2.471,2.488,-0.027,-1.0736,273317.46,67804.517
159941.SZ,20201027,2.488,2.442,2.52,2.438,2.512,0.024,0.9646,403276.48,99903.153
159941.SZ,20201028,2.512,2.5,2.5,2.473,2.484,-0.028,-1.1146,263853.0,65618.592
159941.SZ,20201029,2.484,2.416,2.462,2.402,2.457,-0.027,-1.087,422643.68,102922.711
159941.SZ,20201030,2.457,2.45,2.45,2.385,2.397,-0.06,-2.442,399702.62,96670.44
159941.SZ,20201102,2.397,2.397,2.42,2.394,2.405,0.008,0.3338,358061.61,86145.992
159941.SZ,20201103,2.405,2.417,2.457,2.414,2.457,0.052,2.1622,565995.5,138022.813
159941.SZ,20201104,2.457,2.476,2.671,2.474,2.566,0.109,4.4363,1439443.62,367824.42
159941.SZ,20201105,2.566,2.64,2.67,2.544,2.558,-0.008,-0.3118,988393.61,256641.54
159941.SZ,20201106,2.558,2.565,2.587,2.521,2.547,-0.011,-0.43,920599.64,235225.749
159941.SZ,20201109,2.547,2.591,2.613,2.564,2.603,0.056,2.1987,686687.6,178110.575
159941.SZ,20201110,2.603,2.538,2.538,2.483,2.489,-0.114,-4.3796,700906.71,175559.741
159941.SZ,20201111,2.489,2.462,2.462,2.434,2.449,-0.04,-1.6071,410237.2,100565.399
159941.SZ,20201112,2.449,2.478,2.485,2.451,2.453,0.004,0.1633,338552.59,83424.697
159941.SZ,20201113,2.453,2.439,2.465,2.432,2.462,0.009,0.3669,282044.0,68951.879
159941.SZ,20201116,2.462,2.478,2.481,2.471,2.479,0.017,0.6905,279375.0,69205.786
159941.SZ,20201117,2.479,2.485,2.485,2.46,2.464,-0.015,-0.6051,332135.0,82123.01
159941.SZ,20201118,2.464,2.456,2.456,2.439,2.439,-0.025,-1.0146,256158.62,62682.478
159941.SZ,20201119,2.439,2.429,2.448,2.424,2.44,0.001,0.041,301086.0,73236.825
159941.SZ,20201120,2.44,2.445,2.469,2.445,2.464,0.024,0.9836,544814.14,133931.261
159941.SZ,20201123,2.464,2.455,2.457,2.439,2.446,-0.018,-0.7305,264317.37,64567.531
159941.SZ,20201124,2.446,2.448,2.454,2.443,2.453,0.007,0.2862,268111.55,65615.608
159941.SZ,20201125,2.453,2.479,2.491,2.477,2.482,0.029,1.1822,393345.02,97739.549
159941.SZ,20201126,2.482,2.491,2.492,2.486,2.491,0.009,0.3626,287805.22,71654.9
159941.SZ,20201127,2.491,2.484,2.491,2.48,2.489,-0.002,-0.0803,216867.0,53889.541
159941.SZ,20201130,2.489,2.505,2.507,2.487,2.489,0.0,0.0,327172.0,81723.207
159941.SZ,20201201,2.489,2.514,2.525,2.511,2.521,0.032,1.2857,355933.0,89663.831
159941.SZ,20201202,2.521,2.529,2.531,2.523,2.529,0.008,0.3173,262566.0,66352.18
159941.SZ,20201203,2.529,2.53,2.541,2.528,2.54,0.011,0.435,262116.92,66444.83
159941.SZ,20201204,2.54,2.541,2.541,2.531,2.534,-0.006,-0.2362,227073.0,57537.379
159941.SZ,20201207,2.534,2.536,2.543,2.53,2.532,-0.002,-0.0789,186067.0,47160.513
159941.SZ,20201208,2.532,2.537,2.545,2.537,2.543,0.011,0.4344,176159.03,44755.838
159941.SZ,20201209,2.543,2.555,2.565,2.55,2.563,0.02,0.7865,278671.0,71328.957
159941.SZ,20201210,2.563,2.507,2.52,2.494,2.498,-0.065,-2.5361,316558.66,79362.853
159941.SZ,20201211,2.498,2.509,2.51,2.5,2.503,0.005,0.2002,265450.49,66428.794
159941.SZ,20201214,2.503,2.511,2.514,2.505,2.509,0.006,0.2397,119982.75,30117.125
159941.SZ,20201215,2.509,2.52,2.53,2.516,2.525,0.016,0.6377,253625.5,63980.515
159941.SZ,20201216,2.525,2.547,2.558,2.541,2.558,0.033,1.3069,196631.5,50178.407
159941.SZ,20201217,2.558,2.567,2.567,2.561,2.565,0.007,0.2737,185329.51,47515.733
159941.SZ,20201218,2.565,2.569,2.574,2.567,2.573,0.008,0.3119,182026.01,46773.924
159941.SZ,20201221,2.573,2.573,2.58,2.571,2.576,0.003,0.1166,291548.0,75057.743
159941.SZ,20201222,2.576,2.57,2.57,2.545,2.552,-0.024,-0.9317,375612.0,96033.304
159941.SZ,20201223,2.552,2.56,2.564,2.555,2.559,0.007,0.2743,188699.0,48290.594
159941.SZ,20201224,2.559,2.549,2.557,2.546,2.55,-0.009,-0.3517,233816.96,59643.158
159941.SZ,20201225,2.55,2.559,2.559,2.553,2.555,0.005,0.1961,232333.8,59369.85
159941.SZ,20201228,2.555,2.561,2.575,2.558,2.574,0.019,0.7436,459584.0,117965.154
159941.SZ,20201229,2.574,2.583,2.599,2.583,2.599,0.025,0.9713,182338.0,47308.422
159941.SZ,20201230,2.599,2.586,2.6,2.584,2.599,0.0,0.0,214572.8,55600.428
159941.SZ,20201231,2.599,2.599,2.599,2.587,2.599,0.0,0.0,211140.01,54750.199
159941.SZ,20210104,2.599,2.594,2.594,2.57,2.579,-0.02,-0.7695,455432.0,117553.542
159941.SZ,20210105,2.579,2.547,2.553,2.532,2.541,-0.038,-1.4734,280778.85,71339.934
159941.SZ,20210106,2.541,2.548,2.548,2.523,2.529,-0.012,-0.4723,300723.89,76223.388
159941.SZ,20210107,2.529,2.529,2.539,2.527,2.534,0.005,0.1977,303033.0,76737.926
159941.SZ,20210108,2.534,2.58,2.589,2.572,2.589,0.055,2.1705,388927.91,100438.587
159941.SZ,20210111,2.589,2.604,2.609,2.596,2.598,0.009,0.3476,253506.65,66039.767
159941.SZ,20210112,2.598,2.584,2.59,2.58,2.584,-0.014,-0.5389,395721.0,102265.991
159941.SZ,20210113,2.584,2.572,2.576,2.57,2.573,-0.011,-0.4257,110928.0,28535.784
159941.SZ,20210114,2.573,2.581,2.593,2.581,2.587,0.014,0.5441,232187.0,60099.418
159941.SZ,20210115,2.587,2.57,2.576,2.562,2.566,-0.021,-0.8118,133534.57,34315.186
159941.SZ,20210118,2.566,2.55,2.558,2.545,2.557,-0.009,-0.3507,329889.0,84163.782
159941.SZ,20210119,2.557,2.57,2.595,2.568,2.584,0.027,1.0559,249893.57,64451.623
159941.SZ,20210120,2.584,2.599,2.606,2.595,2.605,0.021,0.8127,188587.57,49028.825
159941.SZ,20210121,2.605,2.656,2.671,2.652,2.671,0.066,2.5336,224805.18,59885.052
159941.SZ,20210122,2.671,2.67,2.675,2.665,2.673,0.002,0.0749,324128.89,86518.653
159941.SZ,20210125,2.673,2.686,2.703,2.686,2.7,0.027,1.0101,96324.11,25986.895
159941.SZ,20210126,2.7,2.67,2.694,2.67,2.683,-0.017,-0.6296,131927.0,35433.584
159941.SZ,20210127,2.683,2.705,2.723,2.705,2.72,0.037,1.3791,220723.0,59952.813
159941.SZ,20210128,2.72,2.641,2.652,2.616,2.618,-0.102,-3.75,237601.01,62548.43
159941.SZ,20210129,2.618,2.632,2.639,2.605,2.617,-0.001,-0.0382,275457.6,72234.746
159941.SZ,20210201,2.617,2.58,2.607,2.567,2.607,-0.01,-0.3821,198690.0,51400.791
159941.SZ,20210202,2.607,2.65,2.675,2.65,2.674,0.067,2.57,188667.96,50317.079
159941.SZ,20210203,2.674,2.702,2.712,2.695,2.71,0.036,1.3463,130238.0,35214.318
159941.SZ,20210204,2.71,2.694,2.702,2.671,2.686,-0.024,-0.8856,113975.64,30650.643
159941.SZ,20210205,2.686,2.716,2.726,2.704,2.725,0.039,1.452,163305.89,44431.454
159941.SZ,20210208,2.725,2.737,2.747,2.734,2.738,0.013,0.4771,94411.0,25859.845
159941.SZ,20210209,2.738,2.74,2.75,2.735,2.737,-0.001,-0.0365,121013.89,33141.87
159941.SZ,20210210,2.737,2.741,2.75,2.73,2.749,0.012,0.4384,193754.12,53094.453
159941.SZ,20210218,2.749,2.74,2.746,2.616,2.731,-0.018,-0.6548,149143.86,40725.637
159941.SZ,20210219,2.731,2.71,2.728,2.708,2.728,-0.003,-0.1098,89653.0,24341.37
159941.SZ,20210222,2.728,2.728,2.728,2.692,2.7,-0.028,-1.0264,92758.93,25110.856
159941.SZ,20210223,2.7,2.649,2.674,2.636,2.664,-0.036,-1.3333,99031.72,26309.965
159941.SZ,20210224,2.664,2.65,2.65,2.6,2.612,-0.052,-1.952,174672.0,45928.852
159941.SZ,20210225,2.612,2.64,2.665,2.64,2.665,0.053,2.0291,112392.14,29804.657
159941.SZ,20210226,2.665,2.551,2.585,2.539,2.549,-0.116,-4.3527,276633.08,70686.553
159941.SZ,20210301,2.549,2.584,2.605,2.583,2.602,0.053,2.0792,122267.12,31750.397
159941.SZ,20210302,2.602,2.654,2.658,2.633,2.638,0.036,1.3836,158623.0,41945.027
159941.SZ,20210303,2.638,2.613,2.633,2.603,2.63,-0.008,-0.3033,97030.09,25447.047
159941.SZ,20210304,2.63,2.54,2.55,2.526,2.535,-0.095,-3.6122,181692.12,46073.958
159941.SZ,20210305,2.535,2.473,2.505,2.464,2.505,-0.03,-1.1834,151735.11,37665.583
159941.SZ,20210308,2.505,2.531,2.538,2.502,2.508,0.003,0.1198,250824.09,63154.166
159941.SZ,20210309,2.508,2.483,2.51,2.472,2.497,-0.011,-0.4386,338432.17,84430.551
159941.SZ,20210310,2.497,2.562,2.566,2.552,2.555,0.058,2.3228,121766.01,31138.748
159941.SZ,20210311,2.555,2.563,2.584,2.54,2.584,0.029,1.135,410434.22,105243.76
159941.SZ,20210312,2.584,2.628,2.628,2.598,2.602,0.018,0.6966,174836.0,45625.188
159941.SZ,20210315,2.602,2.612,2.614,2.582,2.589,-0.013,-0.4996,146523.09,38034.069
159941.SZ,20210316,2.589,2.618,2.644,2.608,2.643,0.054,2.0857,134951.9,35495.705
159941.SZ,20210317,2.643,2.631,2.642,2.627,2.64,-0.003,-0.1135,121130.0,31908.911
159941.SZ,20210318,2.64,2.66,2.665,2.645,2.657,0.017,0.6439,111058.22,29483.276
159941.SZ,20210319,2.657,2.575,2.585,2.565,2.575,-0.082,-3.0862,114530.0,29500.1
159941.SZ,20210322,2.575,2.58,2.597,2.572,2.596,0.021,0.8155,95156.0,24634.59
159941.SZ,20210323,2.596,2.617,2.621,2.607,2.614,0.018,0.6934,86333.0,22580.155
159941.SZ,20210324,2.614,2.62,2.628,2.619,2.626,0.012,0.4591,88115.0,23125.517
159941.SZ,20210325,2.626,2.581,2.591,2.575,2.591,-0.035,-1.3328,59603.0,15402.772
159941.SZ,20210326,2.591,2.586,2.608,2.586,2.607,0.016,0.6175,70538.7,18333.813
159941.SZ,20210329,2.607,2.6,2.609,2.595,2.606,-0.001,-0.0384,65161.0,16965.532
159941.SZ,20210330,2.606,2.609,2.623,2.609,2.612,0.006,0.2302,52234.0,13660.213
159941.SZ,20210331,2.612,2.612,2.619,2.604,2.604,-0.008,-0.3063,39069.0,10186.106
159941.SZ,20210401,2.604,2.648,2.669,2.615,2.666,0.062,2.381,100491.0,26653.685
159941.SZ,20210402,2.666,2.7,2.706,2.697,2.697,0.031,1.1628,70793.0,19123.934
159941.SZ,20210406,2.697,2.732,2.745,2.732,2.739,0.042,1.5573,111202.0,30469.954
159941.SZ,20210407,2.739,2.739,2.742,2.73,2.74,0.001,0.0365,67292.0,18404.566
159941.SZ,20210408,2.74,2.756,2.777,2.745,2.774,0.034,1.2409,83901.0,23214.149
159941.SZ,20210409,2.774,2.795,2.806,2.773,2.777,0.003,0.1081,110528.0,30826.684
159941.SZ,20210412,2.777,2.806,2.806,2.79,2.804,0.027,0.9723,97227.0,27218.277
159941.SZ,20210413,2.804,2.801,2.807,2.795,2.795,-0.009,-0.321,62334.0,17452.764
159941.SZ,20210414,2.795,2.826,2.842,2.826,2.838,0.043,1.5385,68728.48,19489.041
159941.SZ,20210415,2.838,2.805,2.81,2.794,2.809,-0.029,-1.0218,90717.62,25421.983
159941.SZ,20210416,2.809,2.826,2.835,2.826,2.828,0.019,0.6764,108689.0,30755.933
159941.SZ,20210419,2.828,2.83,2.844,2.829,2.838,0.01,0.3536,93723.0,26593.645
159941.SZ,20210420,2.838,2.81,2.817,2.793,2.799,-0.039,-1.3742,115356.86,32348.152
159941.SZ,20210421,2.799,2.768,2.781,2.759,2.78,-0.019,-0.6788,104396.86,28889.762
159941.SZ,20210422,2.78,2.801,2.808,2.797,2.804,0.024,0.8633,72163.0,20218.0
159941.SZ,20210423,2.804,2.78,2.78,2.767,2.772,-0.032,-1.1412,64064.0,17761.798
159941.SZ,20210426,2.772,2.803,2.803,2.791,2.795,0.023,0.8297,48254.58,13498.184
159941.SZ,20210427,2.795,2.813,2.823,2.81,2.821,0.026,0.9302,87216.3,24590.43
159941.SZ,20210428,2.821,2.803,2.815,2.803,2.81,-0.011,-0.3899,60945.0,17122.812
159941.SZ,20210429,2.81,2.819,2.828,2.812,2.828,0.018,0.6406,79969.58,22521.927
159941.SZ,20210430,2.828,2.8,2.803,2.789,2.802,-0.026,-0.9194,82090.0,22928.121
159941.SZ,20210506,2.802,2.738,2.738,2.718,2.731,-0.071,-2.5339,156163.0,42579.799
159941.SZ,20210507,2.731,2.736,2.743,2.718,2.726,-0.005,-0.1831,112015.26,30594.938
159941.SZ,20210510,2.726,2.743,2.749,2.726,2.745,0.019,0.697,114100.5,31296.173
159941.SZ,20210511,2.745,2.666,2.667,2.647,2.666,-0.079,-2.878,199738.0,53084.758
159941.SZ,20210512,2.666,2.655,2.668,2.653,2.665,-0.001,-0.0375,85746.0,22812.179
159941.SZ,20210513,2.665,2.611,2.629,2.603,2.623,-0.042,-1.576,134778.24,35298.576
159941.SZ,20210514,2.623,2.637,2.655,2.63,2.654,0.031,1.1819,93773.0,24757.164
159941.SZ,20210517,2.654,2.677,2.683,2.67,2.678,0.024,0.9043,99106.36,26521.121
159941.SZ,20210518,2.678,2.678,2.698,2.671,2.689,0.011,0.4108,121724.0,32645.119
159941.SZ,20210519,2.689,2.646,2.648,2.632,2.637,-0.052,-1.9338,166355.19,43883.804
159941.SZ,20210520,2.637,2.64,2.649,2.639,2.644,0.007,0.2655,76362.43,20191.248
159941.SZ,20210521,2.644,2.69,2.694,2.683,2.692,0.048,1.8154,118531.0,31859.881
159941.SZ,20210524,2.692,2.68,2.687,2.675,2.686,-0.006,-0.2229,73940.62,19821.842
159941.SZ,20210525,2.686,2.708,2.724,2.707,2.721,0.035,1.3031,92323.0,25052.314
159941.SZ,20210526,2.721,2.721,2.722,2.716,2.721,0.0,0.0,106380.0,28933.959
159941.SZ,20210527,2.721,2.718,2.718,2.701,2.706,-0.015,-0.5513,81029.0,21967.496
159941.SZ,20210528,2.706,2.708,2.711,2.698,2.701,-0.005,-0.1848,82122.62,22221.998
159941.SZ,20210531,2.701,2.702,2.702,2.693,2.695,-0.006,-0.2221,76488.04,20618.648
159941.SZ,20210601,2.695,2.695,2.699,2.684,2.699,0.004,0.1484,92795.08,24968.523
159941.SZ,20210602,2.699,2.688,2.691,2.685,2.687,-0.012,-0.4446,43345.0,11649.436
159941.SZ,20210603,2.687,2.694,2.697,2.691,2.695,0.008,0.2977,76558.0,20623.167
159941.SZ,20210604,2.695,2.669,2.675,2.663,2.675,-0.02,-0.7421,42383.0,11321.56
159941.SZ,20210607,2.675,2.705,2.71,2.703,2.709,0.034,1.271,79335.0,21475.455
159941.SZ,20210608,2.709,2.729,2.729,2.717,2.724,0.015,0.5537,82959.0,22596.059
159941.SZ,20210609,2.724,2.724,2.727,2.722,2.725,0.001,0.0367,33018.0,8998.075
159941.SZ,20210610,2.725,2.725,2.725,2.711,2.714,-0.011,-0.4037,44899.0,12206.601
159941.SZ,20210611,2.714,2.744,2.753,2.742,2.747,0.033,1.2159,91160.0,25044.867
159941.SZ,20210615,2.747,2.781,2.794,2.78,2.794,0.047,1.711,85254.46,23779.512
159941.SZ,20210616,2.794,2.767,2.779,2.767,2.769,-0.025,-0.8948,31013.0,8593.757
159941.SZ,20210617,2.769,2.757,2.761,2.745,2.759,-0.01,-0.3611,43690.24,12036.105
159941.SZ,20210618,2.759,2.802,2.829,2.802,2.821,0.062,2.2472,140691.7,39667.772
159941.SZ,20210621,2.821,2.806,2.808,2.79,2.801,-0.02,-0.709,172159.74,48164.775
159941.SZ,20210622,2.801,2.813,2.825,2.812,2.819,0.018,0.6426,117681.0,33188.805
159941.SZ,20210623,2.819,2.855,2.868,2.848,2.864,0.045,1.5963,55111.0,15767.125
159941.SZ,20210624,2.864,2.86,2.866,2.858,2.859,-0.005,-0.1746,56605.47,16197.132
159941.SZ,20210625,2.859,2.874,2.875,2.861,2.866,0.007,0.2448,88733.0,25456.774
159941.SZ,20210628,2.866,2.861,2.88,2.86,2.876,0.01,0.3489,72233.0,20729.98
159941.SZ,20210629,2.876,2.911,2.911,2.896,2.899,0.023,0.7997,70221.04,20368.201
159941.SZ,20210630,2.899,2.91,2.922,2.91,2.92,0.021,0.7244,46408.0,13533.2
159941.SZ,20210701,2.92,2.917,2.917,2.91,2.91,-0.01,-0.3425,16569.0,4829.321
159941.SZ,20210702,2.91,2.912,2.912,2.905,2.911,0.001,0.0344,52485.75,15265.423
159941.SZ,20210705,2.911,2.953,2.953,2.936,2.942,0.031,1.0649,49093.56,14450.261
159941.SZ,20210706,2.942,2.947,2.947,2.939,2.945,0.003,0.102,43208.32,12712.978
159941.SZ,20210707,2.945,2.95,2.972,2.95,2.97,0.025,0.8489,61262.0,18167.032
159941.SZ,20210708,2.97,2.97,2.973,2.966,2.968,-0.002,-0.0673,51131.32,15182.963
159941.SZ,20210709,2.968,2.941,2.965,2.941,2.965,-0.003,-0.1011,95342.04,28148.278
159941.SZ,20210712,2.965,3.05,3.05,2.965,2.995,0.03,1.0118,77999.0,23410.751
159941.SZ,20210713,2.995,2.995,3.008,2.993,2.996,0.001,0.0334,37578.0,11274.458
159941.SZ,20210714,2.996,2.995,2.995,2.984,2.988,-0.008,-0.267,33286.0,9950.961
159941.SZ,20210715,2.988,2.988,2.995,2.984,2.995,0.007,0.2343,56863.0,17005.551
159941.SZ,20210716,2.995,2.965,2.98,2.959,2.965,-0.03,-1.0017,60139.32,17847.2
159941.SZ,20210719,2.965,2.936,2.948,2.934,2.945,-0.02,-0.6745,68914.0,20255.988
159941.SZ,20210720,2.945,2.931,2.945,2.93,2.943,-0.002,-0.0679,62593.0,18390.253
159941.SZ,20210721,2.943,2.958,2.963,2.95,2.958,0.015,0.5097,61592.0,18207.63
159941.SZ,20210722,2.958,2.981,2.989,2.974,2.988,0.03,1.0142,33649.23,10038.303
159941.SZ,20210723,2.988,3.002,3.013,3.002,3.012,0.024,0.8032,36427.0,10958.796
159941.SZ,20210726,3.012,3.038,3.051,3.033,3.05,0.038,1.2616,82512.0,25080.981
159941.SZ,20210727,3.05,3.035,3.048,3.034,3.042,-0.008,-0.2623,56120.91,17075.273
159941.SZ,20210728,3.042,3.003,3.02,3.001,3.013,-0.029,-0.9533,92364.0,27801.709
159941.SZ,20210729,3.013,3.019,3.028,3.013,3.019,0.006,0.1991,63930.0,19291.284
159941.SZ,20210730,3.019,2.995,2.995,2.969,2.969,-0.05,-1.6562,102695.91,30597.823
159941.SZ,20210802,2.969,3.0,3.02,3.0,3.019,0.05,1.6841,93600.0,28177.25
159941.SZ,20210803,3.019,2.997,3.01,2.996,3.006,-0.013,-0.4306,53714.0,16124.728
159941.SZ,20210804,3.006,3.02,3.028,3.018,3.027,0.021,0.6986,69648.0,21060.045
159941.SZ,20210805,3.027,3.027,3.027,3.019,3.02,-0.007,-0.2313,29454.0,8903.875
159941.SZ,20210806,3.02,3.05,3.05,3.04,3.043,0.023,0.7616,53802.0,16379.541
159941.SZ,20210809,3.043,3.02,3.035,3.019,3.028,-0.015,-0.4929,43491.0,13161.491
159941.SZ,20210810,3.028,3.036,3.04,3.032,3.038,0.01,0.3303,43748.32,13280.762
159941.SZ,20210811,3.038,3.024,3.029,3.023,3.027,-0.011,-0.3621,31001.96,9381.414
159941.SZ,20210812,3.027,3.023,3.025,3.019,3.023,-0.004,-0.1321,35823.37,10823.721
159941.SZ,20210813,3.023,3.033,3.033,3.028,3.031,0.008,0.2646,30788.0,9329.583
159941.SZ,20210816,3.031,3.033,3.039,3.032,3.036,0.005,0.165,37838.05,11486.107
159941.SZ,20210817,3.036,3.034,3.052,3.033,3.049,0.013,0.4282,58433.0,17790.295
159941.SZ,20210818,3.049,3.033,3.041,3.017,3.039,-0.01,-0.328,41708.0,12648.691
159941.SZ,20210819,3.039,2.996,3.012,2.98,2.982,-0.057,-1.8756,77571.0,23224.237
159941.SZ,20210820,2.982,3.002,3.011,3.001,3.005,0.023,0.7713,91708.0,27552.605
159941.SZ,20210823,3.005,3.038,3.05,3.038,3.048,0.043,1.4309,66260.0,20171.107
159941.SZ,20210824,3.048,3.083,3.108,3.083,3.102,0.054,1.7717,111719.0,34610.018
159941.SZ,20210825,3.102,3.108,3.108,3.095,3.102,0.0,0.0,50068.8,15525.194
159941.SZ,20210826,3.102,3.099,3.099,3.089,3.094,-0.008,-0.2579,43325.08,13402.869
159941.SZ,20210827,3.094,3.081,3.106,3.08,3.103,0.009,0.2909,68544.04,21235.867
159941.SZ,20210830,3.103,3.115,3.125,3.111,3.114,0.011,0.3545,115583.0,36001.358
159941.SZ,20210831,3.114,3.138,3.166,3.135,3.161,0.047,1.5093,99857.0,31489.118
159941.SZ,20210901,3.161,3.145,3.157,3.132,3.144,-0.017,-0.5378,91040.0,28614.711
159941.SZ,20210902,3.144,3.146,3.148,3.138,3.141,-0.003,-0.0954,45451.0,14278.813
159941.SZ,20210903,3.141,3.144,3.146,3.134,3.146,0.005,0.1592,34772.0,10923.21
159941.SZ,20210906,3.146,3.147,3.156,3.141,3.15,0.004,0.1271,69273.0,21808.186
159941.SZ,20210907,3.15,3.151,3.152,3.143,3.151,0.001,0.0317,36431.0,11469.726
159941.SZ,20210908,3.151,3.149,3.149,3.142,3.143,-0.008,-0.2539,42667.0,13421.236
159941.SZ,20210909,3.143,3.134,3.134,3.119,3.123,-0.02,-0.6363,58250.0,18204.137
159941.SZ,20210910,3.123,3.122,3.125,3.115,3.125,0.002,0.064,41851.0,13059.963
159941.SZ,20210913,3.125,3.106,3.117,3.089,3.116,-0.009,-0.288,55432.0,17174.19
159941.SZ,20210914,3.116,3.111,3.111,3.093,3.097,-0.019,-0.6098,33754.0,10468.819
159941.SZ,20210915,3.097,3.087,3.089,3.078,3.084,-0.013,-0.4198,26048.0,8034.164
159941.SZ,20210916,3.084,3.105,3.113,3.088,3.088,0.004,0.1297,61886.0,19193.217
159941.SZ,20210917,3.088,3.102,3.119,3.097,3.118,0.03,0.9715,52365.0,16273.448
159941.SZ,20210922,3.118,3.023,3.055,3.021,3.033,-0.085,-2.7261,115460.0,34987.805
159941.SZ,20210923,3.033,3.065,3.066,3.057,3.063,0.03,0.9891,50800.0,15548.057
159941.SZ,20210924,3.063,3.085,3.085,3.07,3.073,0.01,0.3265,40264.0,12386.994
159941.SZ,20210927,3.073,3.083,3.093,3.081,3.09,0.017,0.5532,42911.0,13242.531
159941.SZ,20210928,3.09,3.054,3.055,3.037,3.039,-0.051,-1.6505,42998.25,13103.26
159941.SZ,20210929,3.039,2.971,2.996,2.969,2.988,-0.051,-1.6782,102631.5,30604.66
159941.SZ,20210930,2.988,2.988,3.001,2.975,3.0,0.012,0.4016,69761.0,20846.156
159941.SZ,20211008,3.0,3.004,3.008,2.988,2.991,-0.009,-0.3,49193.0,14744.981
159941.SZ,20211011,2.991,2.974,2.974,2.949,2.957,-0.034,-1.1367,77851.0,23051.633
159941.SZ,20211012,2.957,2.938,2.939,2.93,2.933,-0.024,-0.8116,66044.75,19382.031
159941.SZ,20211013,2.933,2.927,2.944,2.926,2.944,0.011,0.375,49664.0,14561.614
159941.SZ,20211014,2.944,2.958,2.982,2.956,2.98,0.036,1.2228,53974.0,16031.996
159941.SZ,20211015,2.98,3.017,3.033,3.011,3.029,0.049,1.6443,141631.0,42812.872
159941.SZ,20211018,3.029,3.029,3.034,3.016,3.017,-0.012,-0.3962,119251.0,36062.844
159941.SZ,20211019,3.017,3.048,3.058,3.047,3.055,0.038,1.2595,73515.0,22434.232
159941.SZ,20211020,3.055,3.062,3.065,3.057,3.06,0.005,0.1637,77853.0,23834.364
159941.SZ,20211021,3.06,3.05,3.06,3.043,3.054,-0.006,-0.1961,104696.0,31984.045
159941.SZ,20211022,3.054,3.065,3.071,3.059,3.07,0.016,0.5239,106567.0,32666.41
159941.SZ,20211025,3.07,3.048,3.058,3.042,3.054,-0.016,-0.5212,69323.0,21150.622
159941.SZ,20211026,3.054,3.085,3.094,3.084,3.093,0.039,1.277,42156.0,13019.952
159941.SZ,20211027,3.093,3.087,3.089,3.079,3.087,-0.006,-0.194,43907.0,13540.141
159941.SZ,20211028,3.087,3.098,3.102,3.096,3.096,0.009,0.2915,62816.62,19466.702
159941.SZ,20211029,3.096,3.109,3.114,3.098,3.1,0.004,0.1292,79134.03,24568.097
159941.SZ,20211101,3.1,3.143,3.154,3.143,3.153,0.053,1.7097,61402.0,19348.266
159941.SZ,20211102,3.153,3.156,3.158,3.147,3.156,0.003,0.0951,56689.0,17865.378
159941.SZ,20211103,3.156,3.171,3.18,3.17,3.174,0.018,0.5703,56910.0,18060.908
159941.SZ,20211104,3.174,3.205,3.222,3.205,3.22,0.046,1.4493,96923.11,31179.601
159941.SZ,20211105,3.22,3.247,3.257,3.247,3.255,0.035,1.087,79654.0,25917.608
159941.SZ,20211108,3.255,3.251,3.261,3.238,3.244,-0.011,-0.3379,126095.71,40977.165
159941.SZ,20211109,3.244,3.236,3.257,3.231,3.255,0.011,0.3391,143632.0,46598.567
159941.SZ,20211110,3.255,3.222,3.223,3.201,3.222,-0.033,-1.0138,98119.22,31553.187
159941.SZ,20211111,3.222,3.179,3.198,3.179,3.195,-0.027,-0.838,85854.27,27396.409
159941.SZ,20211112,3.195,3.2,3.204,3.192,3.194,-0.001,-0.0313,38769.0,12400.484
159941.SZ,20211115,3.194,3.222,3.227,3.22,3.224,0.03,0.9393,142839.0,46044.152
159941.SZ,20211116,3.224,3.223,3.223,3.205,3.209,-0.015,-0.4653,177826.0,57130.84
159941.SZ,20211117,3.209,3.234,3.239,3.233,3.235,0.026,0.8102,77740.62,25157.864
159941.SZ,20211118,3.235,3.233,3.243,3.233,3.242,0.007,0.2164,96651.62,31315.622
159941.SZ,20211119,3.242,3.268,3.294,3.268,3.292,0.05,1.5423,100793.32,33142.048
159941.SZ,20211122,3.292,3.309,3.309,3.296,3.296,0.004,0.1215,90373.0,29836.1
159941.SZ,20211123,3.296,3.251,3.26,3.239,3.244,-0.052,-1.5777,162256.62,52666.837
159941.SZ,20211124,3.244,3.238,3.253,3.236,3.25,0.006,0.185,84346.62,27353.876
159941.SZ,20211125,3.25,3.26,3.268,3.253,3.268,0.018,0.5538,48561.0,15827.814
159941.SZ,20211126,3.268,3.252,3.252,3.232,3.233,-0.035,-1.071,77044.0,24960.193
159941.SZ,20211129,3.233,3.208,3.229,3.206,3.222,-0.011,-0.3402,99283.0,31949.821
159941.SZ,20211130,3.222,3.257,3.264,3.221,3.24,0.018,0.5587,150460.64,48806.481
159941.SZ,20211201,3.24,3.219,3.243,3.215,3.237,-0.003,-0.0926,169898.0,54850.154
159941.SZ,20211202,3.237,3.168,3.168,3.156,3.164,-0.073,-2.2552,203021.62,64178.802
159941.SZ,20211203,3.164,3.165,3.167,3.148,3.157,-0.007,-0.2212,109372.0,34556.922
159941.SZ,20211206,3.157,3.115,3.121,3.11,3.12,-0.037,-1.172,89781.0,27973.661
159941.SZ,20211207,3.12,3.145,3.163,3.14,3.163,0.043,1.3782,120750.38,38042.579
159941.SZ,20211208,3.163,3.238,3.243,3.235,3.239,0.076,2.4028,118175.01,38270.622
159941.SZ,20211209,3.239,3.239,3.239,3.224,3.227,-0.012,-0.3705,101424.01,32762.465
159941.SZ,20211210,3.227,3.193,3.208,3.193,3.201,-0.026,-0.8057,93750.0,30014.995
159941.SZ,20211213,3.201,3.239,3.245,3.228,3.234,0.033,1.0309,169210.0,54709.103
159941.SZ,20211214,3.234,3.186,3.192,3.183,3.184,-0.05,-1.5461,87615.0,27922.559
159941.SZ,20211215,3.184,3.154,3.161,3.15,3.157,-0.027,-0.848,108125.0,34113.19
159941.SZ,20211216,3.157,3.215,3.231,3.212,3.229,0.072,2.2806,147096.0,47374.614
159941.SZ,20211217,3.229,3.144,3.153,3.137,3.142,-0.087,-2.6943,154573.0,48623.649
159941.SZ,20211220,3.142,3.124,3.124,3.09,3.099,-0.043,-1.3686,115295.0,35806.389
159941.SZ,20211221,3.099,3.099,3.134,3.099,3.134,0.035,1.1294,95693.0,29885.537
159941.SZ,20211222,3.134,3.162,3.164,3.146,3.154,0.02,0.6382,97652.0,30801.528
159941.SZ,20211223,3.154,3.19,3.197,3.187,3.193,0.039,1.2365,92429.0,29515.725
159941.SZ,20211224,3.193,3.217,3.219,3.208,3.209,0.016,0.5011,84602.0,27173.38
159941.SZ,20211227,3.209,3.222,3.231,3.221,3.225,0.016,0.4986,131301.0,42362.779
159941.SZ,20211228,3.225,3.263,3.278,3.262,3.271,0.046,1.4264,153034.0,50027.989
159941.SZ,20211229,3.271,3.266,3.272,3.258,3.271,0.0,0.0,113415.0,37037.233
159941.SZ,20211230,3.271,3.26,3.265,3.254,3.257,-0.014,-0.428,66940.0,21815.29
159941.SZ,20211231,3.257,3.245,3.256,3.231,3.255,-0.002,-0.0614,153844.0,49901.4
159941.SZ,20220104,3.255,3.273,3.274,3.264,3.273,0.018,0.553,90503.0,29593.007
159941.SZ,20220105,3.273,3.218,3.22,3.206,3.21,-0.063,-1.9248,73546.0,23628.175
159941.SZ,20220106,3.21,3.125,3.149,3.111,3.117,-0.093,-2.8972,289551.0,90404.061
159941.SZ,20220107,3.117,3.138,3.154,3.129,3.136,0.019,0.6096,150785.0,47283.945
159941.SZ,20220110,3.136,3.09,3.107,3.079,3.106,-0.03,-0.9566,170885.0,52892.818
159941.SZ,20220111,3.106,3.102,3.104,3.083,3.088,-0.018,-0.5795,133762.0,41404.937
159941.SZ,20220112,3.088,3.123,3.15,3.123,3.149,0.061,1.9754,154559.0,48477.054
159941.SZ,20220113,3.149,3.141,3.142,3.128,3.135,-0.014,-0.4446,180582.0,56600.091
159941.SZ,20220114,3.135,3.07,3.071,3.053,3.071,-0.064,-2.0415,188292.0,57649.779
159941.SZ,20220117,3.071,3.072,3.078,3.066,3.074,0.003,0.0977,141396.0,43436.549
159941.SZ,20220118,3.074,3.077,3.079,2.811,3.05,-0.024,-0.7807,237367.01,72572.135
159941.SZ,20220119,3.05,2.999,3.006,2.974,2.986,-0.064,-2.0984,251798.22,75275.175
159941.SZ,20220120,2.986,2.969,2.996,2.96,2.996,0.01,0.3349,256673.72,76459.628
159941.SZ,20220121,2.996,2.901,2.918,2.887,2.899,-0.097,-3.2377,396075.85,114978.042
159941.SZ,20220124,2.899,2.865,2.87,2.853,2.862,-0.037,-1.2763,206450.65,59056.044
159941.SZ,20220125,2.862,2.827,2.828,2.796,2.808,-0.054,-1.8868,248204.81,69855.492
159941.SZ,20220126,2.808,2.778,2.798,2.775,2.797,-0.011,-0.3917,158734.01,44292.597
159941.SZ,20220127,2.797,2.763,2.769,2.733,2.737,-0.06,-2.1452,240645.0,66109.558
159941.SZ,20220128,2.737,2.778,2.786,2.767,2.786,0.049,1.7903,172129.0,47791.951
159941.SZ,20220207,2.786,2.87,2.886,2.853,2.886,0.1,3.5894,227517.68,65377.878
159941.SZ,20220208,2.886,2.87,2.871,2.859,2.869,-0.017,-0.5891,72905.4,20883.036
159941.SZ,20220209,2.869,2.9,2.914,2.9,2.913,0.044,1.5336,134979.56,39258.424
159941.SZ,20220210,2.913,2.952,2.957,2.945,2.954,0.041,1.4075,150162.79,44306.04
159941.SZ,20220211,2.954,2.886,2.892,2.866,2.874,-0.08,-2.7082,189142.04,54445.402
159941.SZ,20220214,2.874,2.809,2.826,2.806,2.817,-0.057,-1.9833,161704.0,45509.202
159941.SZ,20220215,2.817,2.816,2.83,2.807,2.819,0.002,0.071,197316.47,55674.442
159941.SZ,20220216,2.819,2.868,2.871,2.86,2.868,0.049,1.7382,124941.7,35812.286
159941.SZ,20220217,2.868,2.861,2.867,2.841,2.848,-0.02,-0.6974,129557.0,36980.895
159941.SZ,20220218,2.848,2.783,2.816,2.779,2.811,-0.037,-1.2992,184242.0,51659.069
159941.SZ,20220221,2.811,2.778,2.8,2.767,2.799,-0.012,-0.4269,141835.23,39399.414
159941.SZ,20220222,2.799,2.73,2.736,2.693,2.698,-0.101,-3.6084,280094.68,75835.129
159941.SZ,20220223,2.698,2.732,2.746,2.723,2.746,0.048,1.7791,204177.0,55881.62
159941.SZ,20220224,2.746,2.656,2.657,2.591,2.599,-0.147,-5.3532,429185.0,112485.635
159941.SZ,20220225,2.599,2.698,2.704,2.692,2.698,0.099,3.8092,419280.0,113157.631
159941.SZ,20220228,2.698,2.723,2.723,2.688,2.704,0.006,0.2224,244343.0,65992.47
159941.SZ,20220301,2.704,2.759,2.78,2.759,2.773,0.069,2.5518,192100.0,53193.415
159941.SZ,20220302,2.773,2.741,2.748,2.726,2.739,-0.034,-1.2261,217120.0,59448.475
159941.SZ,20220303,2.739,2.774,2.776,2.767,2.776,0.037,1.3509,222884.0,61783.354
159941.SZ,20220304,2.776,2.711,2.729,2.707,2.725,-0.051,-1.8372,395579.72,107524.448
159941.SZ,20220307,2.725,2.655,2.669,2.645,2.659,-0.066,-2.422,297438.0,78917.126
159941.SZ,20220308,2.659,2.621,2.645,2.506,2.579,-0.08,-3.0086,435994.0,113254.268
159941.SZ,20220309,2.579,2.598,2.609,2.583,2.607,0.028,1.0857,236084.0,61390.572
159941.SZ,20220310,2.607,2.681,2.684,2.668,2.676,0.069,2.6467,262467.54,70243.273
159941.SZ,20220311,2.676,2.639,2.66,2.633,2.659,-0.017,-0.6353,197923.0,52365.64
159941.SZ,20220314,2.659,2.62,2.633,2.611,2.623,-0.036,-1.3539,180505.0,47309.27
159941.SZ,20220315,2.623,2.572,2.593,2.572,2.574,-0.049,-1.8681,129087.0,33321.783
159941.SZ,20220316,2.574,2.636,2.667,2.631,2.665,0.091,3.5354,323600.78,85611.214
159941.SZ,20220317,2.665,2.733,2.744,2.726,2.744,0.079,2.9644,319361.12,87348.459
159941.SZ,20220318,2.744,2.749,2.757,2.737,2.754,0.01,0.3644,202501.93,55631.778
159941.SZ,20220321,2.754,2.815,2.82,2.806,2.815,0.061,2.215,300946.0,84686.929
159941.SZ,20220322,2.815,2.806,2.82,2.804,2.82,0.005,0.1776,194368.0,54636.182
159941.SZ,20220323,2.82,2.878,2.89,2.877,2.889,0.069,2.4468,235165.61,67817.132
159941.SZ,20220324,2.889,2.85,2.871,2.847,2.865,-0.024,-0.8307,169855.0,48590.913
159941.SZ,20220325,2.865,2.908,2.921,2.901,2.917,0.052,1.815,526686.0,153529.585
159941.SZ,20220328,2.917,2.902,2.91,2.901,2.902,-0.015,-0.5142,200457.0,58255.797
159941.SZ,20220329,2.902,2.956,2.97,2.951,2.969,0.067,2.3088,239975.0,71012.498
159941.SZ,20220330,2.969,3.011,3.025,3.011,3.013,0.044,1.482,238239.0,71889.478
159941.SZ,20220331,3.013,2.991,3.0,2.986,2.993,-0.02,-0.6638,173867.0,52022.994
159941.SZ,20220401,2.993,2.945,2.956,2.935,2.955,-0.038,-1.2696,269797.59,79524.132
159941.SZ,20220406,2.955,2.925,2.937,2.925,2.933,-0.022,-0.7445,211212.59,61903.145
159941.SZ,20220407,2.933,2.866,2.879,2.856,2.872,-0.061,-2.0798,286243.0,81956.869
159941.SZ,20220408,2.872,2.87,2.892,2.869,2.892,0.02,0.6964,212653.83,61174.971
159941.SZ,20220411,2.892,2.834,2.834,2.812,2.826,-0.066,-2.2822,293041.83,82792.982
159941.SZ,20220412,2.826,2.764,2.774,2.758,2.769,-0.057,-2.017,368536.4,101925.382
159941.SZ,20220413,2.769,2.767,2.792,2.766,2.782,0.013,0.4695,415046.0,115455.818
159941.SZ,20220414,2.782,2.814,2.833,2.813,2.825,0.043,1.5457,398441.0,112620.169
159941.SZ,20220415,2.825,2.76,2.76,2.75,2.752,-0.073,-2.5841,117897.0,32448.521
159941.SZ,20220418,2.752,2.726,2.74,2.724,2.735,-0.017,-0.6177,410930.0,112289.454
159941.SZ,20220419,2.735,2.76,2.778,2.76,2.775,0.04,1.4625,593838.0,164542.092
159941.SZ,20220420,2.775,2.811,2.813,2.802,2.811,0.036,1.2973,682277.0,191673.124
159941.SZ,20220421,2.811,2.804,2.835,2.801,2.832,0.021,0.7471,787089.41,222259.877
159941.SZ,20220422,2.832,2.745,2.771,2.738,2.769,-0.063,-2.2246,778421.0,214733.14
159941.SZ,20220425,2.769,2.692,2.73,2.682,2.706,-0.063,-2.2752,595396.0,161414.031
159941.SZ,20220426,2.706,2.76,2.773,2.745,2.751,0.045,1.663,923944.84,255157.776
159941.SZ,20220427,2.751,2.66,2.68,2.653,2.68,-0.071,-2.5809,974050.25,259499.703
159941.SZ,20220428,2.68,2.685,2.718,2.678,2.717,0.037,1.3806,622712.0,167921.441
159941.SZ,20220429,2.717,2.75,2.759,2.734,2.739,0.022,0.8097,808797.16,222264.916
159941.SZ,20220505,2.739,2.772,2.786,2.772,2.773,0.034,1.2413,1014080.0,281910.349
159941.SZ,20220506,2.773,2.643,2.675,2.643,2.668,-0.105,-3.7865,652600.0,173687.047
159941.SZ,20220509,2.668,2.634,2.639,2.618,2.627,-0.041,-1.5367,659754.0,173318.026
159941.SZ,20220510,2.627,2.55,2.597,2.541,2.597,-0.03,-1.142,752032.24,193081.202
159941.SZ,20220511,2.597,2.596,2.614,2.591,2.603,0.006,0.231,956623.0,249113.674
159941.SZ,20220512,2.603,2.524,2.538,2.505,2.509,-0.094,-3.6112,1230080.0,310370.382
159941.SZ,20220513,2.509,2.54,2.561,2.538,2.557,0.048,1.9131,964040.0,246047.981
159941.SZ,20220516,2.557,2.617,2.617,2.58,2.587,0.03,1.1732,1285383.0,333880.972
159941.SZ,20220517,2.587,2.587,2.593,2.58,2.589,0.002,0.0773,1047423.0,271052.057
159941.SZ,20220518,2.589,2.615,2.622,2.613,2.618,0.029,1.1201,856423.0,224139.539
159941.SZ,20220519,2.618,2.5,2.513,2.491,2.506,-0.112,-4.2781,1860816.34,465200.567
159941.SZ,20220520,2.506,2.516,2.517,2.503,2.509,0.003,0.1197,1751117.0,439365.647
159941.SZ,20220523,2.509,2.505,2.507,2.483,2.497,-0.012,-0.4783,1672463.0,416839.92
159941.SZ,20220524,2.497,2.462,2.464,2.434,2.436,-0.061,-2.4429,1511313.16,370524.462
159941.SZ,20220525,2.436,2.435,2.452,2.432,2.45,0.014,0.5747,1152833.0,281835.186
159941.SZ,20220526,2.45,2.471,2.475,2.466,2.473,0.023,0.9388,1055803.01,260772.927
159941.SZ,20220527,2.473,2.539,2.556,2.534,2.556,0.083,3.3562,1191980.74,303529.653
159941.SZ,20220530,2.556,2.64,2.645,2.624,2.63,0.074,2.8951,1087703.54,286132.01
159941.SZ,20220531,2.63,2.623,2.623,2.601,2.605,-0.025,-0.9506,929808.26,242906.976
159941.SZ,20220601,2.605,2.611,2.615,2.605,2.612,0.007,0.2687,799511.0,208719.111
159941.SZ,20220602,2.612,2.603,2.603,2.591,2.597,-0.015,-0.5743,640495.0,166274.931
159941.SZ,20220606,2.597,2.591,2.602,2.582,2.598,0.001,0.0385,1027430.0,266646.535
159941.SZ,20220607,2.598,2.582,2.583,2.571,2.574,-0.024,-0.9238,1115681.0,287596.56
159941.SZ,20220608,2.574,2.605,2.614,2.6,2.613,0.039,1.5152,599198.0,156471.375
159941.SZ,20220609,2.613,2.599,2.61,2.595,2.603,-0.01,-0.3827,596961.0,155312.322
159941.SZ,20220610,2.603,2.541,2.556,2.539,2.551,-0.052,-1.9977,1469596.08,374678.834
159941.SZ,20220613,2.551,2.426,2.45,2.415,2.418,-0.133,-5.2136,2702135.0,656587.064
159941.SZ,20220614,2.418,2.377,2.394,2.372,2.393,-0.025,-1.0339,1977238.0,471098.622
159941.SZ,20220615,2.393,2.385,2.387,2.365,2.376,-0.017,-0.7104,3936437.0,934575.511
159941.SZ,20220616,2.376,2.424,2.426,2.373,2.376,0.0,0.0,2956835.0,711424.418
159941.SZ,20220617,2.376,2.316,2.336,2.315,2.327,-0.049,-2.0623,3352017.0,779458.489
159941.SZ,20220620,2.327,2.336,2.35,2.328,2.348,0.021,0.9024,2221896.0,519258.212
159941.SZ,20220621,2.348,2.354,2.374,2.353,2.366,0.018,0.7666,1819182.34,430099.251
159941.SZ,20220622,2.366,2.379,2.383,2.366,2.369,0.003,0.1268,2124820.03,504607.485
159941.SZ,20220623,2.369,2.388,2.396,2.378,2.39,0.021,0.8864,1850349.0,441711.685
159941.SZ,20220624,2.39,2.416,2.448,2.416,2.444,0.054,2.2594,1621520.0,394757.426
159941.SZ,20220627,2.444,2.493,2.515,2.493,2.501,0.057,2.3322,1381119.0,345740.533
159941.SZ,20220628,2.501,2.488,2.497,2.472,2.488,-0.013,-0.5198,1454458.0,361355.864
159941.SZ,20220629,2.488,2.411,2.422,2.405,2.406,-0.082,-3.2958,2109331.0,509477.753
159941.SZ,20220630,2.406,2.406,2.411,2.38,2.384,-0.022,-0.9144,2661292.84,638425.611
159941.SZ,20220701,2.384,2.38,2.385,2.361,2.37,-0.014,-0.5872,2539794.0,602861.78
159941.SZ,20220704,2.37,2.375,2.387,2.374,2.384,0.014,0.5907,1604802.0,381905.745
159941.SZ,20220705,0.596,0.601,0.605,0.601,0.604,0.008,1.3423,5393682.0,324973.681
159941.SZ,20220706,0.604,0.612,0.613,0.607,0.611,0.007,1.1589,8593315.0,524379.251
159941.SZ,20220707,0.611,0.613,0.617,0.612,0.616,0.005,0.8183,6031537.0,370882.448
159941.SZ,20220708,0.616,0.626,0.627,0.623,0.623,0.007,1.1364,4909709.43,306747.394
159941.SZ,20220711,0.623,0.622,0.623,0.62,0.621,-0.002,-0.321,5096999.0,316734.009
159941.SZ,20220712,0.621,0.612,0.614,0.609,0.611,-0.01,-1.6103,5664315.91,346520.853
159941.SZ,20220713,0.611,0.611,0.613,0.61,0.612,0.001,0.1637,5044653.0,308311.386
159941.SZ,20220714,0.612,0.609,0.61,0.606,0.607,-0.005,-0.817,6750645.0,410620.85
159941.SZ,20220715,0.607,0.613,0.617,0.612,0.615,0.008,1.318,5801870.0,356906.485
159941.SZ,20220718,0.615,0.625,0.631,0.625,0.63,0.015,2.439,7396782.0,465058.005
159941.SZ,20220719,0.63,0.621,0.622,0.619,0.62,-0.01,-1.5873,5462738.0,338980.679
159941.SZ,20220720,0.62,0.639,0.642,0.638,0.64,0.02,3.2258,6793720.0,434740.849
159941.SZ,20220721,0.64,0.647,0.649,0.644,0.646,0.006,0.9375,6658511.6,430353.76
159941.SZ,20220722,0.646,0.652,0.654,0.652,0.653,0.007,1.0836,4529404.0,295765.15
159941.SZ,20220725,0.653,0.645,0.645,0.643,0.644,-0.009,-1.3783,5964209.0,384078.388
159941.SZ,20220726,0.644,0.638,0.642,0.637,0.64,-0.004,-0.6211,8143489.4,521480.699
159941.SZ,20220727,0.64,0.638,0.64,0.638,0.639,-0.001,-0.1563,5740645.0,366553.131
159941.SZ,20220728,0.639,0.652,0.655,0.65,0.654,0.015,2.3474,10286365.0,671557.897
159941.SZ,20220729,0.654,0.669,0.674,0.668,0.671,0.017,2.5994,13527574.62,907389.473
159941.SZ,20220801,0.671,0.671,0.673,0.669,0.672,0.001,0.149,6591964.17,442612.919
159941.SZ,20220802,0.672,0.672,0.673,0.668,0.669,-0.003,-0.4464,12760342.17,855018.363
159941.SZ,20220803,0.669,0.67,0.671,0.668,0.671,0.002,0.299,5476909.0,366923.397
159941.SZ,20220804,0.671,0.688,0.69,0.687,0.688,0.017,2.5335,11175757.0,769570.818
159941.SZ,20220805,0.688,0.693,0.696,0.692,0.692,0.004,0.5814,6746546.48,468345.952
159941.SZ,20220808,0.692,0.686,0.69,0.685,0.69,-0.002,-0.289,5895978.0,405493.525
159941.SZ,20220809,0.69,0.686,0.688,0.685,0.685,-0.005,-0.7246,6519921.0,447301.115
159941.SZ,20220810,0.685,0.678,0.678,0.675,0.675,-0.01,-1.4599,5582843.0,377566.965
159941.SZ,20220811,0.675,0.697,0.701,0.696,0.7,0.025,3.7037,9376706.0,654643.94
159941.SZ,20220812,0.7,0.693,0.693,0.69,0.692,-0.008,-1.1429,4548327.0,314457.002
159941.SZ,20220815,0.692,0.703,0.706,0.702,0.705,0.013,1.8786,5126841.0,360935.233
159941.SZ,20220816,0.705,0.713,0.715,0.712,0.714,0.009,1.2766,3646111.0,260230.217
159941.SZ,20220817,0.714,0.713,0.713,0.71,0.71,-0.004,-0.5602,4813190.0,342563.198
159941.SZ,20220818,0.71,0.702,0.705,0.7,0.702,-0.008,-1.1268,6805976.16,478158.933
159941.SZ,20220819,0.702,0.706,0.708,0.701,0.701,-0.001,-0.1425,6441868.31,454192.72
159941.SZ,20220822,0.701,0.691,0.694,0.69,0.691,-0.01,-1.4265,6694542.46,463346.187
159941.SZ,20220823,0.691,0.682,0.682,0.675,0.677,-0.014,-2.026,6665198.0,452485.012
159941.SZ,20220824,0.677,0.678,0.682,0.676,0.681,0.004,0.5908,5623277.71,381748.816
159941.SZ,20220825,0.681,0.683,0.689,0.682,0.688,0.007,1.0279,5846295.0,400453.021
159941.SZ,20220826,0.688,0.693,0.694,0.69,0.693,0.005,0.7267,5269953.0,364722.383
159941.SZ,20220829,0.693,0.659,0.663,0.658,0.663,-0.03,-4.329,10215457.63,675475.977
159941.SZ,20220830,0.663,0.663,0.667,0.662,0.667,0.004,0.6033,9959707.37,661649.917
159941.SZ,20220831,0.667,0.659,0.661,0.658,0.658,-0.009,-1.3493,8702204.05,573657.346
159941.SZ,20220901,0.658,0.646,0.648,0.643,0.644,-0.014,-2.1277,9374246.4,605464.464
159941.SZ,20220902,0.644,0.651,0.653,0.648,0.652,0.008,1.2422,10948821.83,712364.041
159941.SZ,20220905,0.652,0.644,0.646,0.643,0.645,-0.007,-1.0736,10527833.0,678400.401
159941.SZ,20220906,0.645,0.65,0.65,0.647,0.649,0.004,0.6202,10059455.51,652279.119
159941.SZ,20220907,0.649,0.639,0.645,0.638,0.643,-0.006,-0.9245,8258315.98,530502.748
159941.SZ,20220908,0.643,0.655,0.659,0.655,0.657,0.014,2.1773,6932533.0,455523.398
159941.SZ,20220909,0.657,0.661,0.662,0.659,0.659,0.002,0.3044,6243360.97,412554.827
159941.SZ,20220913,0.659,0.678,0.682,0.677,0.68,0.021,3.1866,6963583.42,472542.232
159941.SZ,20220914,0.68,0.646,0.648,0.643,0.645,-0.035,-5.1471,8152201.53,526386.615
159941.SZ,20220915,0.645,0.65,0.652,0.649,0.65,0.005,0.7752,6679801.53,434225.358
159941.SZ,20220916,0.65,0.638,0.639,0.634,0.635,-0.015,-2.3077,5905307.0,376086.309
159941.SZ,20220919,0.635,0.637,0.639,0.634,0.634,-0.001,-0.1575,9064504.9,576601.525
159941.SZ,20220920,0.634,0.644,0.646,0.643,0.646,0.012,1.8927,5095467.0,328688.172
159941.SZ,20220921,0.646,0.642,0.643,0.64,0.642,-0.004,-0.6192,9546988.0,612798.841
159941.SZ,20220922,0.642,0.627,0.631,0.626,0.629,-0.013,-2.0249,9732874.35,611449.081
159941.SZ,20220923,0.629,0.626,0.627,0.625,0.626,-0.003,-0.4769,5580881.43,349340.38
159941.SZ,20220926,0.626,0.618,0.622,0.616,0.616,-0.01,-1.5974,8229184.81,509016.44
159941.SZ,20220927,0.616,0.621,0.628,0.621,0.628,0.012,1.9481,6785626.0,423736.368
159941.SZ,20220928,0.628,0.625,0.626,0.619,0.621,-0.007,-1.1146,8287263.0,515278.873
159941.SZ,20220929,0.621,0.632,0.635,0.629,0.63,0.009,1.4493,8697214.3,550019.804
159941.SZ,20220930,0.63,0.613,0.615,0.61,0.615,-0.015,-2.381,10425195.4,638515.866
159941.SZ,20221010,0.615,0.605,0.606,0.598,0.598,-0.017,-2.7642,9155811.0,550550.914
159941.SZ,20221011,0.598,0.601,0.602,0.599,0.6,0.002,0.3344,6554827.0,393957.595
159941.SZ,20221012,0.6,0.598,0.602,0.595,0.601,0.001,0.1667,11136230.0,665696.405
159941.SZ,20221013,0.601,0.596,0.598,0.594,0.595,-0.006,-0.9983,5642235.74,336371.669
159941.SZ,20221014,0.595,0.607,0.613,0.606,0.612,0.017,2.8571,9927903.0,605570.612
159941.SZ,20221017,0.612,0.596,0.599,0.593,0.598,-0.014,-2.2876,10419533.0,620589.496
159941.SZ,20221018,0.598,0.616,0.627,0.615,0.624,0.026,4.3478,9151583.0,566939.513
159941.SZ,20221019,0.624,0.628,0.628,0.622,0.622,-0.002,-0.3205,5265271.0,329176.816
159941.SZ,20221020,0.622,0.613,0.615,0.61,0.614,-0.008,-1.2862,8235036.0,504432.515
159941.SZ,20221021,0.614,0.612,0.614,0.61,0.613,-0.001,-0.1629,6319428.0,386841.391
159941.SZ,20221024,0.613,0.632,0.634,0.629,0.631,0.018,2.9364,8935911.81,564568.013
159941.SZ,20221025,0.631,0.641,0.644,0.638,0.643,0.012,1.9017,8529827.0,547481.547
159941.SZ,20221026,0.643,0.641,0.642,0.637,0.638,-0.005,-0.7776,5543082.0,355022.615
159941.SZ,20221027,0.638,0.633,0.634,0.631,0.632,-0.006,-0.9404,5259841.0,332669.861
159941.SZ,20221028,0.632,0.622,0.622,0.613,0.614,-0.018,-2.8481,7773593.0,479675.545
159941.SZ,20221031,0.614,0.64,0.644,0.638,0.644,0.03,4.886,7344850.58,471059.159
159941.SZ,20221101,0.644,0.642,0.644,0.64,0.643,-0.001,-0.1553,6493407.57,416733.013
159941.SZ,20221102,0.643,0.635,0.635,0.632,0.634,-0.009,-1.3997,8384881.0,531017.496
159941.SZ,20221103,0.634,0.613,0.615,0.612,0.614,-0.02,-3.1546,11526776.54,707057.203
159941.SZ,20221104,0.614,0.603,0.612,0.6,0.61,-0.004,-0.6515,23650871.84,1429708.591
159941.SZ,20221107,0.61,0.604,0.612,0.603,0.612,0.002,0.3279,9134369.16,555488.315
159941.SZ,20221108,0.612,0.615,0.616,0.611,0.613,0.001,0.1634,10319351.68,632817.214
159941.SZ,20221109,0.613,0.615,0.62,0.614,0.617,0.004,0.6525,10781987.06,665614.467
159941.SZ,20221110,0.617,0.607,0.608,0.605,0.606,-0.011,-1.7828,7103852.0,430632.607
159941.SZ,20221111,0.606,0.644,0.646,0.641,0.645,0.039,6.4356,12068588.65,776062.063
159941.SZ,20221114,0.645,0.647,0.647,0.64,0.641,-0.004,-0.6202,4950449.43,318191.277
159941.SZ,20221115,0.641,0.638,0.646,0.638,0.644,0.003,0.468,7941334.39,510292.835
159941.SZ,20221116,0.644,0.643,0.653,0.643,0.651,0.007,1.087,12148558.0,786481.266
159941.SZ,20221117,0.651,0.643,0.647,0.643,0.646,-0.005,-0.768,4956301.0,319533.976
159941.SZ,20221118,0.646,0.645,0.647,0.642,0.642,-0.004,-0.6192,6022881.0,388376.206
159941.SZ,20221121,0.642,0.642,0.643,0.64,0.64,-0.002,-0.3115,6964931.68,446689.188
159941.SZ,20221122,0.64,0.637,0.638,0.634,0.635,-0.005,-0.7813,5960474.0,379160.453
159941.SZ,20221123,0.635,0.642,0.644,0.641,0.644,0.009,1.4173,5274379.54,338784.273
159941.SZ,20221124,0.644,0.652,0.653,0.651,0.651,0.007,1.087,5131297.81,334483.191
159941.SZ,20221125,0.651,0.655,0.656,0.653,0.654,0.003,0.4608,3115980.0,203887.592
159941.SZ,20221128,0.654,0.648,0.649,0.644,0.646,-0.008,-1.2232,6248122.08,403958.229
159941.SZ,20221129,0.646,0.643,0.645,0.641,0.645,-0.001,-0.1548,10045191.02,645956.924
159941.SZ,20221130,0.645,0.639,0.639,0.635,0.636,-0.009,-1.3953,6296666.0,400486.268
159941.SZ,20221201,0.636,0.655,0.656,0.652,0.656,0.02,3.1447,10500185.94,687046.526
159941.SZ,20221202,0.656,0.651,0.654,0.651,0.651,-0.005,-0.7622,4492289.63,293000.05
159941.SZ,20221205,0.651,0.645,0.646,0.643,0.644,-0.007,-1.0753,6562926.0,422663.451
159941.SZ,20221206,0.644,0.635,0.636,0.634,0.635,-0.009,-1.3975,6511516.51,413422.169
159941.SZ,20221207,0.635,0.625,0.628,0.623,0.628,-0.007,-1.1024,7627279.82,477682.42
159941.SZ,20221208,0.628,0.625,0.627,0.624,0.626,-0.002,-0.3185,6155401.81,384848.186
159941.SZ,20221209,0.626,0.63,0.631,0.627,0.629,0.003,0.4792,5620274.37,353202.436
159941.SZ,20221212,0.629,0.623,0.624,0.622,0.624,-0.005,-0.7949,4875096.65,303645.314
159941.SZ,20221213,0.624,0.631,0.634,0.629,0.634,0.01,1.6026,5911714.42,373236.423
159941.SZ,20221214,0.634,0.638,0.641,0.638,0.64,0.006,0.9464,5285477.72,337821.013
159941.SZ,20221215,0.64,0.635,0.636,0.629,0.629,-0.011,-1.7188,5879528.56,371733.861
159941.SZ,20221216,0.629,0.612,0.616,0.611,0.615,-0.014,-2.2258,10120713.83,621183.215
159941.SZ,20221219,0.615,0.611,0.614,0.61,0.613,-0.002,-0.3252,6039066.1,369557.681
159941.SZ,20221220,0.613,0.608,0.609,0.603,0.605,-0.008,-1.3051,7094096.0,430218.315
159941.SZ,20221221,0.605,0.607,0.613,0.607,0.612,0.007,1.157,6914015.0,421669.815
159941.SZ,20221222,0.612,0.617,0.618,0.612,0.612,0.0,0.0,5303095.0,325650.904
159941.SZ,20221223,0.612,0.602,0.607,0.6,0.607,-0.005,-0.817,6213126.0,375215.28
159941.SZ,20221226,0.607,0.608,0.609,0.602,0.604,-0.003,-0.4942,3115783.0,188220.117
159941.SZ,20221227,0.604,0.606,0.612,0.606,0.611,0.007,1.1589,4129270.85,251714.212
159941.SZ,20221228,0.611,0.602,0.605,0.6,0.6,-0.011,-1.8003,5570255.83,335019.244
159941.SZ,20221229,0.6,0.595,0.6,0.594,0.599,-0.001,-0.1667,5090028.65,303715.947
159941.SZ,20221230,0.599,0.604,0.606,0.599,0.6,0.001,0.1669,10012784.0,603509.005
159941.SZ,20230103,0.6,0.599,0.602,0.596,0.6,0.0,0.0,9664957.3,578146.001
159941.SZ,20230104,0.6,0.597,0.6,0.595,0.597,-0.003,-0.5,9410315.0,561711.682
159941.SZ,20230105,0.597,0.598,0.6,0.596,0.599,0.002,0.335,8946662.36,534662.622
159941.SZ,20230106,0.599,0.594,0.598,0.594,0.595,-0.004,-0.6678,7994690.46,476209.186
159941.SZ,20230109,0.595,0.601,0.605,0.599,0.604,0.009,1.5126,7407285.27,446028.699
159941.SZ,20230110,0.604,0.603,0.604,0.601,0.602,-0.002,-0.3311,4588891.0,276493.029
159941.SZ,20230111,0.602,0.606,0.609,0.604,0.607,0.005,0.8306,6110129.62,370725.636
159941.SZ,20230112,0.607,0.615,0.618,0.614,0.618,0.011,1.8122,7003360.06,431453.733
159941.SZ,20230113,0.618,0.618,0.618,0.612,0.613,-0.005,-0.8091,6518298.0,400554.787
159941.SZ,20230116,0.613,0.615,0.616,0.612,0.614,0.001,0.1631,7661541.16,470158.363
159941.SZ,20230117,0.614,0.614,0.617,0.613,0.616,0.002,0.3257,4854411.17,298555.376
159941.SZ,20230118,0.616,0.616,0.622,0.614,0.619,0.003,0.487,7306526.0,451439.475
159941.SZ,20230119,0.619,0.612,0.613,0.61,0.61,-0.009,-1.454,5317694.0,325308.955
159941.SZ,20230120,0.61,0.608,0.615,0.606,0.615,0.005,0.8197,6061381.0,369578.436
159941.SZ,20230130,0.615,0.635,0.639,0.634,0.635,0.02,3.252,11213218.06,714230.897
159941.SZ,20230131,0.635,0.627,0.63,0.624,0.624,-0.011,-1.7323,4942154.38,309982.828
159941.SZ,20230201,0.624,0.632,0.636,0.631,0.634,0.01,1.6026,6206137.08,392983.939
159941.SZ,20230202,0.634,0.647,0.651,0.646,0.649,0.015,2.3659,9740601.83,631333.544
159941.SZ,20230203,0.649,0.658,0.659,0.655,0.656,0.007,1.0786,9451203.84,620967.257
159941.SZ,20230206,0.656,0.657,0.658,0.652,0.654,-0.002,-0.3049,8426244.2,552116.126
159941.SZ,20230207,0.654,0.655,0.656,0.654,0.655,0.001,0.1529,5382481.82,352595.248
159941.SZ,20230208,0.655,0.665,0.666,0.664,0.666,0.011,1.6794,6538548.78,434748.028
159941.SZ,20230209,0.666,0.656,0.659,0.656,0.658,-0.008,-1.2012,8532043.0,560946.092
159941.SZ,20230210,0.658,0.651,0.651,0.647,0.648,-0.01,-1.5198,5951442.3,385997.496
159941.SZ,20230213,0.648,0.645,0.646,0.643,0.646,-0.002,-0.3086,5031378.6,324493.148
159941.SZ,20230214,0.646,0.655,0.656,0.653,0.655,0.009,1.3932,8602301.56,563323.329
159941.SZ,20230215,0.655,0.659,0.659,0.657,0.657,0.002,0.3053,5647847.6,371567.65
159941.SZ,20230216,0.657,0.669,0.672,0.668,0.671,0.014,2.1309,6382946.86,427980.485
159941.SZ,20230217,0.671,0.657,0.657,0.653,0.654,-0.017,-2.5335,5793068.33,379524.829
159941.SZ,20230220,0.654,0.652,0.654,0.651,0.654,0.0,0.0,7290570.0,475811.035
159941.SZ,20230221,0.654,0.651,0.652,0.65,0.652,-0.002,-0.3058,6559093.0,426926.717
159941.SZ,20230222,0.652,0.641,0.643,0.64,0.641,-0.011,-1.6871,6714614.0,430533.341
159941.SZ,20230223,0.641,0.644,0.646,0.644,0.645,0.004,0.624,6043475.35,389695.382
159941.SZ,20230224,0.645,0.647,0.648,0.646,0.647,0.002,0.3101,4411839.4,285393.526
159941.SZ,20230227,0.647,0.642,0.644,0.641,0.642,-0.005,-0.7728,3614773.0,232175.719
159941.SZ,20230228,0.642,0.646,0.647,0.644,0.644,0.002,0.3115,3802511.0,245353.644
159941.SZ,20230301,0.644,0.64,0.643,0.639,0.642,-0.002,-0.3106,8624647.88,552681.524
159941.SZ,20230302,0.642,0.636,0.637,0.63,0.631,-0.011,-1.7134,8741227.66,552950.497
159941.SZ,20230303,0.631,0.638,0.639,0.636,0.639,0.008,1.2678,7295944.88,465220.264
159941.SZ,20230306,0.639,0.651,0.656,0.65,0.655,0.016,2.5039,12112335.98,790053.907
159941.SZ,20230307,0.655,0.657,0.658,0.656,0.656,0.001,0.1527,5164246.0,339163.309
159941.SZ,20230308,0.656,0.651,0.652,0.649,0.65,-0.006,-0.9146,5652147.0,367539.522
159941.SZ,20230309,0.65,0.652,0.654,0.651,0.653,0.003,0.4615,2999718.0,195711.647
159941.SZ,20230310,0.653,0.639,0.641,0.637,0.638,-0.015,-2.2971,6687513.0,427484.85
159941.SZ,20230313,0.638,0.634,0.641,0.634,0.64,0.002,0.3135,13483875.0,859228.489
159941.SZ,20230314,0.64,0.635,0.636,0.629,0.631,-0.009,-1.4063,10091793.0,638240.661
159941.SZ,20230315,0.631,0.645,0.647,0.644,0.646,0.015,2.3772,7840055.78,505951.755
159941.SZ,20230316,0.646,0.65,0.652,0.648,0.649,0.003,0.4644,5144149.0,334643.822
159941.SZ,20230317,0.649,0.665,0.666,0.663,0.666,0.017,2.6194,5703737.33,379086.901
159941.SZ,20230320,0.666,0.664,0.665,0.656,0.657,-0.009,-1.3514,9294932.0,615821.488
159941.SZ,20230321,0.657,0.663,0.664,0.662,0.663,0.006,0.9132,3582203.64,237521.07
159941.SZ,20230322,0.663,0.672,0.676,0.672,0.675,0.012,1.81,7215843.67,486016.861
159941.SZ,20230323,0.675,0.664,0.667,0.664,0.667,-0.008,-1.1852,10224676.99,680278.73
159941.SZ,20230324,0.667,0.67,0.674,0.667,0.672,0.005,0.7496,8739738.0,586169.944
159941.SZ,20230327,0.672,0.676,0.681,0.676,0.68,0.008,1.1905,5542595.46,375980.265
159941.SZ,20230328,0.68,0.674,0.676,0.672,0.675,-0.005,-0.7353,4574563.34,308241.028
159941.SZ,20230329,0.675,0.673,0.676,0.673,0.675,0.0,0.0,2780772.0,187543.214
159941.SZ,20230330,0.675,0.683,0.684,0.68,0.681,0.006,0.8889,6700250.0,456841.159
159941.SZ,20230331,0.681,0.688,0.688,0.684,0.684,0.003,0.4405,5549392.0,381030.985
159941.SZ,20230403,0.684,0.693,0.695,0.693,0.693,0.009,1.3158,4073405.78,282647.108
159941.SZ,20230404,0.693,0.695,0.696,0.693,0.696,0.003,0.4329,4467815.0,310183.55
159941.SZ,20230406,0.696,0.684,0.685,0.682,0.683,-0.013,-1.8678,6804159.75,464911.406
159941.SZ,20230407,0.683,0.69,0.69,0.688,0.689,0.006,0.8785,3221721.14,222015.652
159941.SZ,20230410,0.689,0.688,0.689,0.686,0.686,-0.003,-0.4354,4474730.76,307644.642
159941.SZ,20230411,0.686,0.69,0.69,0.688,0.689,0.003,0.4373,3016335.56,207847.899
159941.SZ,20230412,0.689,0.686,0.686,0.684,0.685,-0.004,-0.5806,2706223.0,185343.504
159941.SZ,20230413,0.685,0.678,0.681,0.677,0.68,-0.005,-0.7299,3864364.48,262251.115
159941.SZ,20230414,0.68,0.69,0.69,0.686,0.686,0.006,0.8824,3045665.7,209322.012
159941.SZ,20230417,0.686,0.689,0.69,0.688,0.689,0.003,0.4373,3871216.7,266741.264
159941.SZ,20230418,0.689,0.688,0.69,0.687,0.688,-0.001,-0.1451,2404089.78,165505.385
159941.SZ,20230419,0.688,0.689,0.689,0.686,0.687,-0.001,-0.1453,2646546.0,182044.422
159941.SZ,20230420,0.687,0.688,0.689,0.686,0.687,0.0,0.0,3477224.0,239113.017
159941.SZ,20230421,0.687,0.685,0.686,0.684,0.684,-0.003,-0.4367,2840402.78,194557.014
159941.SZ,20230424,0.684,0.684,0.686,0.682,0.682,-0.002,-0.2924,4017653.15,274649.755
159941.SZ,20230425,0.682,0.684,0.684,0.682,0.683,0.001,0.1466,3861405.62,263631.894
159941.SZ,20230426,0.683,0.683,0.684,0.681,0.682,-0.001,-0.1464,5077796.0,346601.351
159941.SZ,20230427,0.682,0.682,0.684,0.681,0.683,0.001,0.1466,2325088.0,158650.882
159941.SZ,20230428,0.683,0.696,0.696,0.694,0.695,0.012,1.757,3000170.17,208568.583
159941.SZ,20230504,0.695,0.69,0.693,0.689,0.691,-0.004,-0.5755,2921836.0,201747.982
159941.SZ,20230505,0.691,0.689,0.69,0.688,0.689,-0.002,-0.2894,1571829.96,108324.02
159941.SZ,20230508,0.689,0.7,0.701,0.699,0.7,0.011,1.5965,4614159.94,322989.018
159941.SZ,20230509,0.7,0.701,0.703,0.701,0.701,0.001,0.1429,3168366.2,222400.901
159941.SZ,20230510,0.701,0.699,0.701,0.698,0.701,0.0,0.0,2275100.4,159188.269
159941.SZ,20230511,0.701,0.709,0.711,0.709,0.71,0.009,1.2839,2339705.6,166064.561
159941.SZ,20230512,0.71,0.715,0.715,0.712,0.712,0.002,0.2817,3554430.0,253557.454
159941.SZ,20230515,0.712,0.709,0.712,0.708,0.711,-0.001,-0.1404,2841350.0,201827.192
159941.SZ,20230516,0.711,0.714,0.715,0.713,0.714,0.003,0.4219,2882653.99,205767.433
159941.SZ,20230517,0.714,0.72,0.721,0.719,0.719,0.005,0.7003,3874406.29,278851.481
159941.SZ,20230518,0.719,0.728,0.731,0.727,0.729,0.01,1.3908,4678113.0,341028.085
159941.SZ,20230519,0.729,0.748,0.751,0.747,0.749,0.02,2.7435,10001792.4,749523.234
159941.SZ,20230522,0.749,0.745,0.746,0.743,0.745,-0.004,-0.534,3586858.0,266984.793
159941.SZ,20230523,0.745,0.751,0.753,0.749,0.749,0.004,0.5369,6367925.0,478339.151
159941.SZ,20230524,0.749,0.742,0.742,0.737,0.738,-0.011,-1.4686,5388871.0,398743.19
159941.SZ,20230525,0.738,0.746,0.749,0.745,0.749,0.011,1.4905,7638700.0,570301.053
159941.SZ,20230526,0.749,0.755,0.756,0.751,0.752,0.003,0.4005,3997192.0,301023.165
159941.SZ,20230529,0.752,0.777,0.779,0.775,0.779,0.027,3.5904,6577119.0,511085.575
159941.SZ,20230530,0.779,0.777,0.782,0.776,0.78,0.001,0.1284,7182347.44,559763.437
159941.SZ,20230531,0.78,0.779,0.782,0.776,0.777,-0.003,-0.3846,4885622.34,380562.356
159941.SZ,20230601,0.777,0.775,0.777,0.772,0.776,-0.001,-0.1287,6670075.0,516553.233
159941.SZ,20230602,0.776,0.785,0.786,0.783,0.786,0.01,1.2887,5865844.0,460404.382
159941.SZ,20230605,0.786,0.789,0.791,0.787,0.79,0.004,0.5089,7158819.0,564688.598
159941.SZ,20230606,0.79,0.792,0.793,0.79,0.791,0.001,0.1266,4917319.0,389341.058
159941.SZ,20230607,0.791,0.792,0.794,0.791,0.794,0.003,0.3793,2837515.85,224904.04
159941.SZ,20230608,0.794,0.782,0.783,0.776,0.776,-0.018,-2.267,10454625.0,814725.044
159941.SZ,20230609,0.776,0.788,0.79,0.787,0.789,0.013,1.6753,6382517.14,503100.704
159941.SZ,20230612,0.789,0.795,0.798,0.795,0.798,0.009,1.1407,5639169.0,449162.581
159941.SZ,20230613,0.798,0.811,0.817,0.81,0.816,0.018,2.2556,9058050.19,737050.53
159941.SZ,20230614,0.816,0.818,0.82,0.816,0.817,0.001,0.1225,6265950.0,512576.867
159941.SZ,20230615,0.817,0.824,0.826,0.821,0.822,0.005,0.612,7089178.0,584112.602
159941.SZ,20230616,0.822,0.828,0.83,0.826,0.83,0.008,0.9732,6374775.92,528251.568
159941.SZ,20230619,0.83,0.826,0.827,0.825,0.826,-0.004,-0.4819,4175551.0,344866.149
159941.SZ,20230620,0.826,0.827,0.828,0.824,0.825,-0.001,-0.1211,3494916.0,288628.622
159941.SZ,20230621,0.825,0.829,0.831,0.828,0.828,0.003,0.3636,4213205.0,349475.109
159941.SZ,20230626,0.828,0.823,0.824,0.822,0.822,-0.006,-0.7246,6972111.0,573473.814
159941.SZ,20230627,0.822,0.812,0.812,0.809,0.811,-0.011,-1.3382,9238817.0,748818.988
159941.SZ,20230628,0.811,0.821,0.823,0.82,0.822,0.011,1.3564,5260534.8,432115.423
159941.SZ,20230629,0.822,0.829,0.83,0.828,0.828,0.006,0.7299,3023534.0,250687.295
159941.SZ,20230630,0.828,0.829,0.83,0.828,0.828,0.0,0.0,4631965.08,383945.886
159941.SZ,20230703,0.828,0.84,0.843,0.839,0.843,0.015,1.8116,7013128.0,589658.722
159941.SZ,20230704,0.843,0.84,0.841,0.836,0.837,-0.006,-0.7117,5741223.0,481981.379
159941.SZ,20230705,0.837,0.838,0.84,0.837,0.838,0.001,0.1195,4211820.0,353278.94
159941.SZ,20230706,0.838,0.841,0.842,0.838,0.839,0.001,0.1193,4597541.54,386029.316
159941.SZ,20230707,0.839,0.835,0.836,0.834,0.835,-0.004,-0.4768,4417081.0,368815.53
159941.SZ,20230710,0.835,0.83,0.831,0.827,0.828,-0.007,-0.8383,6263980.0,519026.592
159941.SZ,20230711,0.828,0.831,0.833,0.829,0.832,0.004,0.4831,3799350.0,315898.292
159941.SZ,20230712,0.832,0.834,0.835,0.832,0.833,0.001,0.1202,2001429.01,166701.853
159941.SZ,20230713,0.833,0.841,0.847,0.84,0.847,0.014,1.6807,6420263.6,541679.677
159941.SZ,20230714,0.847,0.855,0.856,0.85,0.85,0.003,0.3542,5779947.0,492886.267
159941.SZ,20230717,0.85,0.85,0.855,0.85,0.854,0.004,0.4706,3982414.48,339425.846
159941.SZ,20230718,0.854,0.861,0.864,0.86,0.863,0.009,1.0539,4813875.0,414961.043
159941.SZ,20230719,0.863,0.872,0.877,0.872,0.876,0.013,1.5064,8435535.0,738386.141
159941.SZ,20230720,0.876,0.87,0.871,0.865,0.865,-0.011,-1.2557,7843624.0,681491.498
159941.SZ,20230721,0.865,0.849,0.853,0.848,0.851,-0.014,-1.6185,11082101.11,942338.289
159941.SZ,20230724,0.851,0.849,0.854,0.848,0.853,0.002,0.235,6608407.99,562804.565
159941.SZ,20230725,0.853,0.852,0.853,0.849,0.852,-0.001,-0.1172,5414436.32,460732.539
159941.SZ,20230726,0.852,0.855,0.856,0.853,0.854,0.002,0.2347,5042629.0,430703.234
159941.SZ,20230727,0.854,0.855,0.862,0.854,0.861,0.007,0.8197,8622188.9,739297.573
159941.SZ,20230728,0.861,0.856,0.86,0.855,0.858,-0.003,-0.3484,8619567.28,739038.158
159941.SZ,20230731,0.858,0.867,0.869,0.861,0.867,0.009,1.049,10713417.44,926550.942
159941.SZ,20230801,0.867,0.869,0.871,0.869,0.869,0.002,0.2307,3777585.03,328623.777
159941.SZ,20230802,0.869,0.866,0.867,0.857,0.857,-0.012,-1.3809,8930961.46,769297.654
159941.SZ,20230803,0.857,0.847,0.847,0.843,0.843,-0.014,-1.6336,8844947.89,747844.719
159941.SZ,20230804,0.843,0.845,0.851,0.844,0.85,0.007,0.8304,8029502.01,680430.437
159941.SZ,20230807,0.85,0.844,0.845,0.842,0.843,-0.007,-0.8235,6102387.2,514528.363
159941.SZ,20230808,0.843,0.847,0.848,0.844,0.844,0.001,0.1186,4557446.03,385660.208
159941.SZ,20230809,0.844,0.844,0.844,0.841,0.843,-0.001,-0.1185,4769559.0,401596.602
159941.SZ,20230810,0.843,0.834,0.835,0.832,0.835,-0.008,-0.949,6908325.0,575957.691
159941.SZ,20230811,0.835,0.836,0.838,0.833,0.837,0.002,0.2395,6201933.98,518205.299
159941.SZ,20230814,0.837,0.832,0.833,0.828,0.832,-0.005,-0.5974,7988384.0,663262.243
159941.SZ,20230815,0.832,0.844,0.849,0.844,0.846,0.014,1.6827,11044391.57,935531.287
159941.SZ,20230816,0.846,0.839,0.839,0.836,0.837,-0.009,-1.0638,7633735.0,639257.295
159941.SZ,20230817,0.837,0.828,0.831,0.827,0.831,-0.006,-0.7168,11803125.0,978258.63
159941.SZ,20230818,0.831,0.817,0.818,0.814,0.817,-0.014,-1.6847,9678127.16,789901.55
159941.SZ,20230821,0.817,0.818,0.821,0.818,0.819,0.002,0.2448,4333473.0,355005.761
159941.SZ,20230822,0.819,0.828,0.832,0.826,0.832,0.013,1.5873,6124415.0,507768.792
159941.SZ,20230823,0.832,0.832,0.834,0.831,0.832,0.0,0.0,7083036.97,589868.278
159941.SZ,20230824,0.832,0.85,0.855,0.849,0.855,0.023,2.7644,11644713.11,992587.266
159941.SZ,20230825,0.855,0.826,0.826,0.821,0.822,-0.033,-3.8596,10623437.06,874748.883
159941.SZ,20230828,0.822,0.829,0.834,0.829,0.834,0.012,1.4599,4562772.0,379435.796
159941.SZ,20230829,0.834,0.841,0.841,0.838,0.84,0.006,0.7194,4448049.44,373444.569
159941.SZ,20230830,0.84,0.858,0.859,0.857,0.857,0.017,2.0238,5663575.72,486126.773
159941.SZ,20230831,0.857,0.861,0.864,0.86,0.86,0.003,0.3501,6600171.0,568825.132
159941.SZ,20230901,0.86,0.859,0.861,0.858,0.86,0.0,0.0,4600415.14,395503.875
159941.SZ,20230904,0.86,0.86,0.863,0.859,0.863,0.003,0.3488,4490614.0,386551.845
159941.SZ,20230905,0.863,0.861,0.863,0.861,0.862,-0.001,-0.1159,3169050.59,273136.753
159941.SZ,20230906,0.862,0.866,0.866,0.862,0.863,0.001,0.116,4095404.0,354050.822
159941.SZ,20230907,0.863,0.858,0.859,0.856,0.857,-0.006,-0.6952,6558012.0,562436.712
159941.SZ,20230908,0.857,0.854,0.86,0.854,0.859,0.002,0.2334,6676227.95,571882.132
159941.SZ,20230911,0.859,0.857,0.858,0.853,0.855,-0.004,-0.4657,8399655.0,718295.684
159941.SZ,20230912,0.855,0.86,0.861,0.859,0.86,0.005,0.5848,4592920.0,394990.1
159941.SZ,20230913,0.86,0.851,0.851,0.848,0.851,-0.009,-1.0465,7747018.0,658269.89
159941.SZ,20230914,0.851,0.855,0.858,0.854,0.856,0.005,0.5875,5407834.0,462918.164
159941.SZ,20230915,0.856,0.862,0.863,0.859,0.862,0.006,0.7009,6733088.0,579840.004
159941.SZ,20230918,0.862,0.847,0.849,0.846,0.848,-0.014,-1.6241,3865650.0,327737.842
159941.SZ,20230919,0.848,0.85,0.85,0.846,0.847,-0.001,-0.1179,3186917.0,270248.925
159941.SZ,20230920,0.847,0.846,0.848,0.845,0.847,0.0,0.0,5019161.9,424688.399
159941.SZ,20230921,0.847,0.833,0.833,0.83,0.832,-0.015,-1.771,9372420.9,779127.445
159941.SZ,20230922,0.832,0.818,0.824,0.817,0.824,-0.008,-0.9615,8535305.45,700324.399
159941.SZ,20230925,0.824,0.821,0.826,0.821,0.824,0.0,0.0,6087002.0,501484.945
159941.SZ,20230926,0.824,0.823,0.824,0.817,0.817,-0.007,-0.8495,5620301.0,461041.079
159941.SZ,20230927,0.817,0.812,0.816,0.812,0.816,-0.001,-0.1224,5824723.0,473782.823
159941.SZ,20230928,0.816,0.819,0.819,0.813,0.814,-0.002,-0.2451,7414956.99,604815.855
159941.SZ,20231009,0.814,0.828,0.829,0.824,0.826,0.012,1.4742,8553561.0,707013.665
159941.SZ,20231010,0.826,0.837,0.839,0.836,0.839,0.013,1.5738,5091558.0,426599.763
159941.SZ,20231011,0.839,0.843,0.848,0.842,0.847,0.008,0.9535,5023883.28,424676.554
159941.SZ,20231012,0.847,0.854,0.855,0.851,0.852,0.005,0.5903,4550577.0,388068.276
159941.SZ,20231013,0.852,0.848,0.849,0.845,0.847,-0.005,-0.5869,4394236.0,372273.561
159941.SZ,20231016,0.847,0.84,0.84,0.836,0.839,-0.008,-0.9445,5005371.0,419632.921
159941.SZ,20231017,0.839,0.846,0.847,0.844,0.845,0.006,0.7151,4778665.0,403903.872
159941.SZ,20231018,0.845,0.842,0.843,0.84,0.84,-0.005,-0.5917,4066489.0,342126.106
159941.SZ,20231019,0.84,0.832,0.833,0.828,0.829,-0.011,-1.3095,7039096.0,584414.315
159941.SZ,20231020,0.829,0.82,0.822,0.818,0.82,-0.009,-1.0856,9441933.0,774130.129
159941.SZ,20231023,0.82,0.813,0.815,0.812,0.814,-0.006,-0.7317,8079404.0,656780.657
159941.SZ,20231024,0.814,0.815,0.819,0.813,0.819,0.005,0.6143,7979769.0,651443.121
159941.SZ,20231025,0.819,0.82,0.821,0.817,0.817,-0.002,-0.2442,4832501.0,395829.107
159941.SZ,20231026,0.817,0.794,0.795,0.791,0.792,-0.025,-3.06,14284468.29,1131958.707
159941.SZ,20231027,0.792,0.79,0.796,0.79,0.795,0.003,0.3788,12849258.0,1019451.079
159941.SZ,20231030,0.795,0.795,0.796,0.794,0.795,0.0,0.0,5868591.0,466491.476
159941.SZ,20231031,0.795,0.797,0.798,0.793,0.794,-0.001,-0.1258,5083513.0,404244.699
159941.SZ,20231101,0.794,0.8,0.806,0.799,0.806,0.012,1.5113,7679669.0,616686.331
159941.SZ,20231102,0.806,0.822,0.824,0.82,0.822,0.016,1.9851,6791612.61,558535.993
159941.SZ,20231103,0.822,0.831,0.831,0.828,0.829,0.007,0.8516,4960612.04,411520.898
159941.SZ,20231106,0.829,0.838,0.839,0.837,0.838,0.009,1.0856,4454627.55,373338.308
159941.SZ,20231107,0.838,0.839,0.84,0.838,0.838,0.0,0.0,5687268.68,477156.283
159941.SZ,20231108,0.838,0.847,0.848,0.846,0.847,0.009,1.074,3436152.0,291127.835
159941.SZ,20231109,0.847,0.848,0.852,0.848,0.852,0.005,0.5903,3172751.81,269697.566
159941.SZ,20231110,0.852,0.844,0.844,0.842,0.842,-0.01,-1.1737,6768668.0,570557.986
159941.SZ,20231113,0.842,0.86,0.861,0.859,0.86,0.018,2.1378,4188185.0,360186.857
159941.SZ,20231114,0.86,0.861,0.865,0.86,0.862,0.002,0.2326,4498401.0,388139.494
159941.SZ,20231115,0.862,0.878,0.879,0.876,0.876,0.014,1.6241,5016035.0,440248.43
159941.SZ,20231116,0.876,0.875,0.875,0.872,0.873,-0.003,-0.3425,3722239.12,325128.463
159941.SZ,20231117,0.873,0.874,0.877,0.874,0.876,0.003,0.3436,2995025.56,262242.469
159941.SZ,20231120,0.876,0.871,0.872,0.863,0.863,-0.013,-1.484,6330071.0,548490.45
159941.SZ,20231121,0.863,0.875,0.875,0.873,0.873,0.01,1.1587,4914877.0,429526.552
159941.SZ,20231122,0.873,0.865,0.867,0.865,0.866,-0.007,-0.8018,4122507.56,357032.025
159941.SZ,20231123,0.866,0.873,0.874,0.871,0.872,0.006,0.6928,2590155.56,225987.21
159941.SZ,20231124,0.872,0.872,0.874,0.872,0.873,0.001,0.1147,2123028.0,185295.402
159941.SZ,20231127,0.873,0.869,0.87,0.866,0.868,-0.005,-0.5727,3479972.4,301993.584
159941.SZ,20231128,0.868,0.87,0.871,0.869,0.871,0.003,0.3456,2483438.2,216111.407
159941.SZ,20231129,0.871,0.87,0.872,0.87,0.872,0.001,0.1148,3423877.0,298254.685
159941.SZ,20231130,0.872,0.873,0.873,0.87,0.871,-0.001,-0.1147,5770492.0,503117.367
159941.SZ,20231201,0.871,0.866,0.867,0.865,0.866,-0.005,-0.5741,3487709.0,302121.656
159941.SZ,20231204,0.866,0.867,0.868,0.866,0.867,0.001,0.1155,3070991.02,266251.758
159941.SZ,20231205,0.867,0.861,0.861,0.857,0.857,-0.01,-1.1534,4855935.0,417113.85
159941.SZ,20231206,0.857,0.869,0.87,0.868,0.869,0.012,1.4002,2670326.99,232080.106
159941.SZ,20231207,0.869,0.861,0.862,0.86,0.861,-0.008,-0.9206,2555097.19,220027.641
159941.SZ,20231208,0.861,0.872,0.874,0.871,0.874,0.013,1.5099,3632245.4,317100.232
159941.SZ,20231211,0.874,0.88,0.882,0.879,0.881,0.007,0.8009,4586566.88,403772.997
159941.SZ,20231212,0.881,0.891,0.892,0.889,0.89,0.009,1.0216,6486665.36,577734.308
159941.SZ,20231213,0.89,0.898,0.9,0.897,0.9,0.01,1.1236,5019528.0,451130.991
159941.SZ,20231214,0.9,0.909,0.911,0.908,0.911,0.011,1.2222,5499010.36,500173.65
159941.SZ,20231215,0.911,0.902,0.902,0.899,0.9,-0.011,-1.2075,5277150.0,475272.686
159941.SZ,20231218,0.9,0.905,0.908,0.904,0.906,0.006,0.6667,4603373.96,417009.449
159941.SZ,20231219,0.906,0.911,0.912,0.91,0.911,0.005,0.5519,4011598.0,365507.356
159941.SZ,20231220,0.911,0.915,0.915,0.913,0.914,0.003,0.3293,4572153.0,418006.17
159941.SZ,20231221,0.914,0.903,0.905,0.901,0.902,-0.012,-1.3129,14456996.43,1304867.307
159941.SZ,20231222,0.902,0.908,0.908,0.905,0.907,0.005,0.5543,8478184.35,768755.343
159941.SZ,20231225,0.907,0.909,0.91,0.907,0.908,0.001,0.1103,2689237.65,244323.06
159941.SZ,20231226,0.908,0.911,0.915,0.91,0.914,0.006,0.6608,5056003.36,461682.694
159941.SZ,20231227,0.914,0.917,0.918,0.916,0.918,0.004,0.4376,5825293.94,534187.643
159941.SZ,20231228,0.918,0.919,0.92,0.914,0.915,-0.003,-0.3268,5341581.0,489627.545
159941.SZ,20231229,0.915,0.912,0.914,0.91,0.914,-0.001,-0.1093,4066230.0,370696.394
159941.SZ,20240102,0.914,0.911,0.912,0.91,0.911,-0.003,-0.3282,3886880.53,354163.744
159941.SZ,20240103,0.911,0.897,0.898,0.895,0.896,-0.015,-1.6465,9418579.0,844271.314
159941.SZ,20240104,0.896,0.889,0.892,0.889,0.892,-0.004,-0.4464,5751397.2,511719.325
159941.SZ,20240105,0.892,0.888,0.889,0.885,0.885,-0.007,-0.7848,5293168.08,469755.343
159941.SZ,20240108,0.885,0.889,0.89,0.886,0.886,0.001,0.113,4602681.99,408607.067
159941.SZ,20240109,0.886,0.905,0.911,0.904,0.911,0.025,2.8217,9148231.0,830318.403
159941.SZ,20240110,0.911,0.913,0.914,0.91,0.91,-0.001,-0.1098,6412845.0,584429.784
159941.SZ,20240111,0.91,0.919,0.923,0.918,0.922,0.012,1.3187,6808716.0,626883.742
159941.SZ,20240112,0.922,0.918,0.919,0.917,0.918,-0.004,-0.4338,4731250.8,434312.119
159941.SZ,20240115,0.918,0.919,0.925,0.919,0.924,0.006,0.6536,6642891.99,612399.738
159941.SZ,20240116,0.924,0.919,0.92,0.915,0.916,-0.008,-0.8658,5851019.0,537160.012
159941.SZ,20240117,0.916,0.923,0.924,0.914,0.915,-0.001,-0.1092,5606528.0,514914.915
159941.SZ,20240118,0.915,0.917,0.918,0.915,0.917,0.002,0.2186,4805698.08,440354.11
159941.SZ,20240119,0.917,0.932,0.939,0.931,0.939,0.022,2.3991,9619342.0,899447.714
159941.SZ,20240122,0.939,0.959,0.974,0.959,0.974,0.035,3.7274,13661622.16,1321142.539
159941.SZ,20240123,0.974,0.969,0.969,0.958,0.962,-0.012,-1.232,8679020.74,835829.143
159941.SZ,20240124,0.962,0.968,0.97,0.965,0.967,0.005,0.5198,8490424.49,821314.729
159941.SZ,20240125,0.967,0.965,0.966,0.957,0.959,-0.008,-0.8273,7823403.0,751486.521
159941.SZ,20240126,0.959,0.952,0.953,0.947,0.949,-0.01,-1.0428,8105283.31,770205.281
159941.SZ,20240129,0.949,0.95,0.959,0.95,0.958,0.009,0.9484,6282941.0,599631.615
159941.SZ,20240130,0.958,0.972,0.976,0.969,0.974,0.016,1.6701,8113889.0,789054.287
159941.SZ,20240131,0.974,0.958,0.959,0.951,0.952,-0.022,-2.2587,9135123.0,871537.41
159941.SZ,20240201,0.952,0.941,0.944,0.94,0.941,-0.011,-1.1555,5354629.0,504424.742
159941.SZ,20240202,0.941,0.962,0.97,0.961,0.963,0.022,2.3379,10252050.0,988458.387
159941.SZ,20240205,0.963,0.971,0.971,0.967,0.97,0.007,0.7269,6470078.03,627009.298
159941.SZ,20240206,0.97,0.97,0.973,0.969,0.973,0.003,0.3093,4686249.0,454757.964
159941.SZ,20240207,0.973,0.97,0.97,0.964,0.965,-0.008,-0.8222,5055928.0,488876.153
159941.SZ,20240208,0.965,0.979,0.991,0.977,0.988,0.023,2.3834,7318584.5,719795.065
159941.SZ,20240219,0.988,0.978,0.983,0.976,0.981,-0.007,-0.7085,7393841.0,724055.725
159941.SZ,20240220,0.981,0.979,0.98,0.975,0.98,-0.001,-0.1019,3604565.0,352294.756
159941.SZ,20240221,0.98,0.967,0.97,0.966,0.968,-0.012,-1.2245,5985578.02,579192.174
159941.SZ,20240222,0.968,0.981,0.984,0.977,0.983,0.015,1.5496,6565560.51,643943.505
159941.SZ,20240223,0.983,0.995,0.998,0.994,0.997,0.014,1.4242,6709179.0,668387.085
159941.SZ,20240226,0.997,0.99,0.991,0.984,0.986,-0.011,-1.1033,5281436.84,521208.949
159941.SZ,20240227,0.986,0.986,0.988,0.983,0.984,-0.002,-0.2028,3924861.0,386739.631
159941.SZ,20240228,0.984,0.987,0.988,0.984,0.986,0.002,0.2033,4733259.04,466545.477
159941.SZ,20240229,0.986,0.979,0.98,0.978,0.978,-0.008,-0.8114,4196711.0,410876.014
159941.SZ,20240301,0.978,0.989,0.995,0.988,0.994,0.016,1.636,6119435.82,606800.666
159941.SZ,20240304,0.994,1.006,1.01,1.005,1.008,0.014,1.4085,6520826.0,656749.591
159941.SZ,20240305,1.008,1.0,1.001,0.998,0.998,-0.01,-0.9921,5617999.01,561332.399
159941.SZ,20240306,0.998,0.985,0.994,0.985,0.994,-0.004,-0.4008,7176517.8,710121.117
159941.SZ,20240307,0.994,0.991,0.993,0.988,0.989,-0.005,-0.503,5296939.0,524615.252
159941.SZ,20240308,0.989,1.007,1.008,1.005,1.006,0.017,1.7189,5244998.8,527881.216
159941.SZ,20240311,1.006,0.991,0.993,0.99,0.991,-0.015,-1.4911,6879344.69,681778.902
159941.SZ,20240312,0.991,0.993,0.994,0.991,0.994,0.003,0.3027,5172868.0,513452.613
159941.SZ,20240313,0.994,1.003,1.004,0.999,1.001,0.007,0.7042,8555378.02,856706.171
159941.SZ,20240314,1.001,0.996,0.998,0.995,0.997,-0.004,-0.3996,3293523.0,328249.419
159941.SZ,20240315,0.997,0.991,0.993,0.989,0.99,-0.007,-0.7021,4661005.0,461812.864
159941.SZ,20240318,0.99,0.985,0.991,0.983,0.991,0.001,0.101,5366520.0,529573.685
159941.SZ,20240319,0.991,0.988,0.989,0.985,0.985,-0.006,-0.6054,4809447.0,474657.8
159941.SZ,20240320,0.985,0.99,0.991,0.989,0.99,0.005,0.5076,2987876.7,295857.219
159941.SZ,20240321,0.99,1.007,1.009,1.003,1.008,0.018,1.8182,9853820.0,991195.196
159941.SZ,20240322,1.008,1.007,1.01,1.006,1.009,0.001,0.0992,4433195.6,447037.886
159941.SZ,20240325,1.009,1.011,1.012,1.005,1.005,-0.004,-0.3964,4177199.0,420938.478
159941.SZ,20240326,1.005,1.006,1.01,1.005,1.01,0.005,0.4975,5819016.0,586008.973
159941.SZ,20240327,1.01,1.006,1.01,1.005,1.007,-0.003,-0.297,5905973.0,595178.6
159941.SZ,20240328,1.007,1.008,1.009,1.006,1.008,0.001,0.0993,2846329.0,286741.849
159941.SZ,20240329,1.008,1.007,1.007,1.005,1.005,-0.003,-0.2976,2601971.0,261745.57
159941.SZ,20240401,1.005,1.012,1.013,1.01,1.011,0.006,0.597,4207434.0,425603.441
159941.SZ,20240402,1.011,1.006,1.01,1.005,1.007,-0.004,-0.3956,4226460.0,425739.633
159941.SZ,20240403,1.007,0.998,1.002,0.997,0.998,-0.009,-0.8937,7010325.0,700520.743
159941.SZ,20240408,0.998,0.998,1.0,0.997,0.997,-0.001,-0.1002,4258953.3,425225.821
159941.SZ,20240409,0.997,0.998,1.0,0.997,0.999,0.002,0.2006,3350508.0,334601.197
159941.SZ,20240410,0.999,1.003,1.004,1.001,1.004,0.005,0.5005,3543545.0,355400.661
159941.SZ,20240411,1.004,0.995,0.996,0.994,0.994,-0.01,-0.996,4529534.01,450611.252
159941.SZ,20240412,0.994,1.011,1.011,1.009,1.01,0.016,1.6097,7348494.74,742117.003
159941.SZ,20240415,1.01,0.996,1.001,0.996,0.999,-0.011,-1.0891,5635328.87,562500.143
159941.SZ,20240416,0.999,0.979,0.98,0.973,0.974,-0.025,-2.5025,10566968.08,1030946.024
159941.SZ,20240417,0.974,0.978,0.98,0.972,0.973,-0.001,-0.1027,8073740.0,788050.394
159941.SZ,20240418,0.973,0.965,0.971,0.965,0.971,-0.002,-0.2055,7349379.0,711224.88
159941.SZ,20240419,0.971,0.953,0.953,0.941,0.952,-0.019,-1.9567,18157659.0,1720341.865
159941.SZ,20240422,0.952,0.942,0.947,0.941,0.946,-0.006,-0.6303,9456523.0,892216.902
159941.SZ,20240423,0.946,0.948,0.949,0.945,0.947,0.001,0.1057,6981074.3,661181.899
159941.SZ,20240424,0.947,0.968,0.971,0.967,0.969,0.022,2.3231,9028716.9,875055.63
159941.SZ,20240425,0.969,0.957,0.958,0.95,0.954,-0.015,-1.548,8409745.9,802090.962
159941.SZ,20240426,0.954,0.97,0.972,0.969,0.972,0.018,1.8868,7836294.9,760332.62
159941.SZ,20240429,0.972,0.979,0.98,0.976,0.976,0.004,0.4115,6612149.0,646828.574
159941.SZ,20240430,0.976,0.977,0.98,0.976,0.978,0.002,0.2049,4662454.0,456008.399
159941.SZ,20240506,0.978,0.98,0.981,0.978,0.981,0.003,0.3067,5357163.0,524764.549
159941.SZ,20240507,0.981,0.99,0.994,0.99,0.99,0.009,0.9174,5623657.3,557856.655
159941.SZ,20240508,0.99,0.994,0.995,0.991,0.992,0.002,0.202,4505896.12,447170.339
159941.SZ,20240509,0.992,0.991,0.993,0.99,0.99,-0.002,-0.2016,3293876.0,326560.712
159941.SZ,20240510,0.99,0.995,0.996,0.993,0.995,0.005,0.5051,3461577.82,344273.675
159941.SZ,20240513,0.995,0.997,1.001,0.996,1.0,0.005,0.5025,5081653.0,507679.969
159941.SZ,20240514,1.0,0.999,1.002,0.998,1.0,0.0,0.0,3268391.16,326838.75
159941.SZ,20240515,1.0,1.008,1.009,1.005,1.006,0.006,0.6,6026624.0,606688.331
159941.SZ,20240516,1.006,1.022,1.023,1.021,1.022,0.016,1.5905,6106115.66,624039.205
159941.SZ,20240517,1.022,1.02,1.02,1.019,1.02,-0.002,-0.1957,3160609.0,322228.316
159941.SZ,20240520,1.02,1.022,1.023,1.02,1.021,0.001,0.098,4304613.0,439677.375
159941.SZ,20240521,1.021,1.027,1.028,1.025,1.027,0.006,0.5877,3402683.0,349290.957
159941.SZ,20240522,1.027,1.031,1.032,1.03,1.031,0.004,0.3895,3736811.0,385244.776
159941.SZ,20240523,1.031,1.035,1.041,1.035,1.04,0.009,0.8729,7520340.0,781449.86
159941.SZ,20240524,1.04,1.028,1.028,1.021,1.022,-0.018,-1.7308,11887138.0,1217585.27
159941.SZ,20240527,1.022,1.032,1.037,1.031,1.036,0.014,1.3699,5941251.0,614508.807
159941.SZ,20240528,1.036,1.038,1.04,1.037,1.04,0.004,0.3861,4034372.0,419132.861
159941.SZ,20240529,1.04,1.039,1.04,1.035,1.035,-0.005,-0.4808,5454684.0,565501.777
159941.SZ,20240530,1.035,1.027,1.029,1.024,1.025,-0.01,-0.9662,5346781.64,548476.338
159941.SZ,20240531,1.025,1.016,1.02,1.016,1.019,-0.006,-0.5854,6540993.0,665956.51
159941.SZ,20240603,1.019,1.024,1.026,1.022,1.025,0.006,0.5888,7279326.0,745389.597
159941.SZ,20240604,1.025,1.025,1.026,1.021,1.021,-0.004,-0.3902,4837677.76,495430.539
159941.SZ,20240605,1.021,1.028,1.032,1.027,1.029,0.008,0.7835,4918597.96,506658.111
159941.SZ,20240606,1.029,1.05,1.052,1.049,1.051,0.022,2.138,6228856.0,654361.404
159941.SZ,20240607,1.051,1.05,1.052,1.049,1.051,0.0,0.0,4274689.0,449062.615
159941.SZ,20240611,1.051,1.053,1.054,1.051,1.053,0.002,0.1903,3638738.0,382950.485
159941.SZ,20240612,1.053,1.062,1.064,1.061,1.062,0.009,0.8547,5114653.0,543544.204
159941.SZ,20240613,1.062,1.082,1.084,1.08,1.083,0.021,1.9774,6008489.62,649991.638
159941.SZ,20240614,1.083,1.082,1.085,1.082,1.083,0.0,0.0,4328735.49,468873.644
159941.SZ,20240617,1.083,1.087,1.088,1.086,1.088,0.005,0.4617,5307124.13,576910.787
159941.SZ,20240618,1.088,1.1,1.102,1.099,1.102,0.014,1.2868,4854392.0,534192.016
159941.SZ,20240619,1.102,1.103,1.105,1.101,1.102,0.0,0.0,5876919.24,648032.946
159941.SZ,20240620,1.102,1.105,1.109,1.104,1.108,0.006,0.5445,8101674.0,896720.78
159941.SZ,20240621,1.108,1.095,1.095,1.092,1.094,-0.014,-1.2635,6057918.0,662589.918
159941.SZ,20240624,1.094,1.089,1.09,1.087,1.09,-0.004,-0.3656,6171812.0,671791.392
159941.SZ,20240625,1.09,1.076,1.079,1.075,1.077,-0.013,-1.1927,8814021.38,949525.574
159941.SZ,20240626,1.077,1.091,1.096,1.09,1.094,0.017,1.5785,9162449.0,1001091.152
159941.SZ,20240627,1.094,1.089,1.095,1.089,1.093,-0.001,-0.0914,7526964.88,822776.328
159941.SZ,20240628,1.093,1.103,1.109,1.103,1.107,0.014,1.2809,10431652.0,1153870.576
159941.SZ,20240701,1.107,1.101,1.107,1.101,1.105,-0.002,-0.1807,7833079.0,864908.902
159941.SZ,20240702,1.105,1.109,1.112,1.106,1.107,0.002,0.181,7392422.0,819850.114
159941.SZ,20240703,1.107,1.125,1.131,1.123,1.131,0.024,2.168,9023078.0,1017363.615
159941.SZ,20240704,1.131,1.15,1.158,1.12,1.135,0.004,0.3537,19809201.62,2269326.351
159941.SZ,20240705,1.135,1.138,1.148,1.136,1.144,0.009,0.793,12711737.0,1450423.27
159941.SZ,20240708,1.144,1.157,1.158,1.15,1.155,0.011,0.9615,12326408.0,1421584.563
159941.SZ,20240709,1.155,1.161,1.165,1.159,1.16,0.005,0.4329,13049139.0,1515608.199
159941.SZ,20240710,1.16,1.161,1.163,1.15,1.151,-0.009,-0.7759,10811520.0,1248150.672
159941.SZ,20240711,1.151,1.161,1.165,1.159,1.165,0.014,1.2163,10872202.0,1263559.369
159941.SZ,20240712,1.165,1.127,1.129,1.122,1.122,-0.043,-3.691,16555434.38,1861754.585
159941.SZ,20240715,1.122,1.133,1.154,1.132,1.154,0.032,2.852,18295744.0,2090145.983
159941.SZ,20240716,1.154,1.156,1.165,1.149,1.152,-0.002,-0.1733,12184770.0,1411010.417
159941.SZ,20240717,1.152,1.15,1.15,1.136,1.14,-0.012,-1.0417,9943497.0,1136660.952
159941.SZ,20240718,1.14,1.103,1.122,1.101,1.121,-0.019,-1.6667,14608305.0,1624236.619
159941.SZ,20240719,1.121,1.108,1.114,1.102,1.104,-0.017,-1.5165,9148858.96,1013882.235
159941.SZ,20240722,1.104,1.096,1.102,1.088,1.102,-0.002,-0.1812,13575196.41,1484891.328
159941.SZ,20240723,1.102,1.116,1.12,1.108,1.111,0.009,0.8167,12305071.0,1369455.69
159941.SZ,20240724,1.111,1.103,1.107,1.092,1.092,-0.019,-1.7102,9494546.11,1043928.881
159941.SZ,20240725,1.092,1.063,1.065,1.053,1.062,-0.03,-2.7473,13942341.4,1479865.54
159941.SZ,20240726,1.062,1.054,1.063,1.054,1.062,0.0,0.0,14201321.82,1502914.933
159941.SZ,20240729,1.062,1.075,1.083,1.072,1.083,0.021,1.9774,10721194.0,1153669.106
159941.SZ,20240730,1.083,1.072,1.075,1.062,1.069,-0.014,-1.2927,13344008.0,1426277.882
159941.SZ,20240731,1.069,1.063,1.074,1.06,1.073,0.004,0.3742,12099080.0,1291523.16
159941.SZ,20240801,1.073,1.098,1.105,1.095,1.101,0.028,2.6095,11903272.6,1308866.354
159941.SZ,20240802,1.101,1.059,1.068,1.038,1.041,-0.06,-5.4496,21352086.42,2249757.221
159941.SZ,20240805,1.041,0.991,0.999,0.948,0.965,-0.076,-7.3007,28076804.22,2749246.076
159941.SZ,20240806,0.965,1.002,1.01,0.995,1.001,0.036,3.7306,21672974.0,2175311.667
159941.SZ,20240807,1.001,1.0,1.013,1.0,1.001,0.0,0.0,22770619.0,2291245.207
159941.SZ,20240808,1.001,0.987,0.99,0.979,0.984,-0.017,-1.6983,16698596.38,1644641.574
159941.SZ,20240809,0.984,1.017,1.017,1.008,1.012,0.028,2.8455,15109644.2,1531562.289
159941.SZ,20240812,1.012,1.018,1.022,1.015,1.021,0.009,0.8893,8500480.0,866697.64
159941.SZ,20240813,1.021,1.024,1.029,1.021,1.028,0.007,0.6856,12703392.56,1301300.039
159941.SZ,20240814,1.028,1.052,1.054,1.045,1.048,0.02,1.9455,14437089.0,1516051.325
159941.SZ,20240815,1.048,1.051,1.056,1.05,1.055,0.007,0.6679,9039095.0,952804.276
159941.SZ,20240816,1.055,1.083,1.099,1.082,1.098,0.043,4.0758,16727755.0,1821505.379
159941.SZ,20240819,1.098,1.095,1.096,1.076,1.079,-0.019,-1.7304,12918052.42,1404583.3
159941.SZ,20240820,1.079,1.099,1.103,1.098,1.103,0.024,2.2243,9420013.0,1036808.358
159941.SZ,20240821,1.103,1.097,1.101,1.094,1.099,-0.004,-0.3626,9654052.0,1059402.804
159941.SZ,20240822,1.099,1.106,1.108,1.097,1.1,0.001,0.091,9897777.0,1091094.087
159941.SZ,20240823,1.1,1.085,1.091,1.084,1.089,-0.011,-1.0,11168405.0,1214987.781
159941.SZ,20240826,1.089,1.098,1.098,1.09,1.09,0.001,0.0918,7735663.0,846367.36
159941.SZ,20240827,1.09,1.08,1.08,1.074,1.075,-0.015,-1.3761,10515224.0,1132541.296
159941.SZ,20240828,1.075,1.076,1.079,1.075,1.079,0.004,0.3721,6980091.0,751848.558
159941.SZ,20240829,1.079,1.056,1.058,1.053,1.055,-0.024,-2.2243,11656542.14,1229930.485
159941.SZ,20240830,1.055,1.059,1.066,1.058,1.066,0.011,1.0427,7706064.7,818131.474
159941.SZ,20240902,1.066,1.074,1.076,1.072,1.073,0.007,0.6567,7114973.0,764145.827
159941.SZ,20240903,1.073,1.076,1.077,1.072,1.073,0.0,0.0,4539240.0,487568.516
159941.SZ,20240904,1.073,1.03,1.033,1.016,1.016,-0.057,-5.3122,26006645.0,2665099.539
159941.SZ,20240905,1.016,1.024,1.027,1.02,1.023,0.007,0.689,8449652.0,865191.106
159941.SZ,20240906,1.023,1.015,1.035,1.015,1.026,0.003,0.2933,16119802.0,1655222.075
159941.SZ,20240909,1.026,1.01,1.018,1.006,1.017,-0.009,-0.8772,12015956.0,1216491.325
159941.SZ,20240910,1.017,1.026,1.029,1.02,1.024,0.007,0.6883,9583798.2,982355.548
159941.SZ,20240911,1.024,1.035,1.036,1.025,1.032,0.008,0.7813,11974789.0,1233861.09
159941.SZ,20240912,1.032,1.06,1.067,1.059,1.066,0.034,3.2946,12727844.0,1353154.054
159941.SZ,20240913,1.066,1.074,1.077,1.071,1.071,0.005,0.469,10911987.0,1171680.867
159941.SZ,20240918,1.071,1.07,1.07,1.064,1.065,-0.006,-0.5602,10839323.0,1156529.478
159941.SZ,20240919,1.065,1.07,1.077,1.067,1.076,0.011,1.0329,11373973.0,1218789.572
159941.SZ,20240920,1.076,1.087,1.088,1.08,1.081,0.005,0.4647,8619201.0,935009.732
159941.SZ,20240923,1.081,1.087,1.091,1.084,1.086,0.005,0.4625,6896105.0,749421.536
159941.SZ,20240924,1.086,1.086,1.087,1.073,1.08,-0.006,-0.5525,11096745.84,1196767.915
159941.SZ,20240925,1.08,1.073,1.075,1.07,1.07,-0.01,-0.9259,8024284.0,860666.535
159941.SZ,20240926,1.07,1.08,1.086,1.078,1.086,0.016,1.4953,9033238.0,977145.004
159941.SZ,20240927,1.086,1.074,1.076,1.068,1.069,-0.017,-1.5654,15587754.0,1670355.893
159941.SZ,20240930,1.069,1.061,1.068,1.058,1.064,-0.005,-0.4677,13934169.19,1480817.457
159941.SZ,20241008,1.064,1.045,1.064,1.04,1.058,-0.006,-0.5639,11692440.48,1232903.014
159941.SZ,20241009,1.058,1.079,1.083,1.072,1.075,0.017,1.6068,12903919.41,1390590.141
159941.SZ,20241010,1.075,1.087,1.091,1.084,1.089,0.014,1.3023,10987427.0,1194909.72
159941.SZ,20241011,1.089,1.09,1.092,1.087,1.088,-0.001,-0.0918,9160038.62,998414.268
159941.SZ,20241014,1.088,1.089,1.09,1.087,1.088,0.0,0.0,10046211.0,1092941.733
159941.SZ,20241015,1.088,1.099,1.112,1.098,1.11,0.022,2.0221,12664918.74,1400257.12
159941.SZ,20241016,1.11,1.095,1.098,1.093,1.098,-0.012,-1.0811,10095400.0,1106312.131
159941.SZ,20241017,1.098,1.095,1.106,1.093,1.104,0.006,0.5464,9151799.0,1004666.72
159941.SZ,20241018,1.104,1.099,1.101,1.094,1.096,-0.008,-0.7246,11367157.0,1247131.242
159941.SZ,20241021,1.096,1.101,1.102,1.098,1.099,0.003,0.2737,7473806.38,822174.263
159941.SZ,20241022,1.099,1.102,1.102,1.099,1.099,0.0,0.0,6519628.0,717650.876
159941.SZ,20241023,1.099,1.104,1.106,1.102,1.104,0.005,0.455,5026399.0,555079.142
159941.SZ,20241024,1.104,1.094,1.094,1.089,1.092,-0.012,-1.087,7933761.0,866008.095
159941.SZ,20241025,1.092,1.097,1.098,1.095,1.097,0.005,0.4579,5855170.0,642074.847
159941.SZ,20241028,1.097,1.111,1.113,1.109,1.11,0.013,1.1851,10760403.19,1195797.855
159941.SZ,20241029,1.11,1.105,1.109,1.103,1.107,-0.003,-0.2703,8903081.38,984341.128
159941.SZ,20241030,1.107,1.118,1.121,1.117,1.119,0.012,1.084,9215120.19,1031100.021
159941.SZ,20241031,1.119,1.103,1.107,1.098,1.099,-0.02,-1.7873,10416216.0,1149494.085
159941.SZ,20241101,1.099,1.081,1.091,1.08,1.085,-0.014,-1.2739,9916641.97,1075933.279
159941.SZ,20241104,1.085,1.086,1.092,1.085,1.089,0.004,0.3687,10312853.0,1123079.2
159941.SZ,20241105,1.089,1.084,1.085,1.081,1.084,-0.005,-0.4591,8405269.0,910348.487
159941.SZ,20241106,1.084,1.103,1.125,1.1,1.123,0.039,3.5978,24223436.0,2695090.902
159941.SZ,20241107,1.123,1.143,1.15,1.139,1.14,0.017,1.5138,16650980.0,1903481.679
159941.SZ,20241108,1.14,1.151,1.152,1.146,1.15,0.01,0.8772,8894261.0,1021564.993
159941.SZ,20241111,1.15,1.156,1.158,1.154,1.158,0.008,0.6957,6910800.0,799137.513
159941.SZ,20241112,1.158,1.158,1.162,1.157,1.16,0.002,0.1727,11054842.0,1281629.109
159941.SZ,20241113,1.16,1.155,1.156,1.151,1.152,-0.008,-0.6897,6821075.0,787125.49
159941.SZ,20241114,1.152,1.154,1.156,1.153,1.156,0.004,0.3472,6664797.0,769467.188
159941.SZ,20241115,1.156,1.143,1.144,1.137,1.139,-0.017,-1.4706,9447888.0,1078144.38
159941.SZ,20241118,1.139,1.126,1.131,1.125,1.13,-0.009,-0.7902,9978280.0,1125556.313
159941.SZ,20241119,1.13,1.128,1.135,1.127,1.133,0.003,0.2655,8577674.0,970673.137
159941.SZ,20241120,1.133,1.143,1.145,1.141,1.145,0.012,1.0591,8877007.0,1014662.741
159941.SZ,20241121,1.145,1.136,1.14,1.134,1.136,-0.009,-0.786,8867228.08,1007468.241
159941.SZ,20241122,1.136,1.145,1.147,1.142,1.147,0.011,0.9683,7530914.0,862082.455
159941.SZ,20241125,1.147,1.155,1.158,1.155,1.156,0.009,0.7847,8598141.0,994673.132
159941.SZ,20241126,1.156,1.15,1.156,1.149,1.156,0.0,0.0,6760273.0,778611.063
159941.SZ,20241127,1.156,1.16,1.165,1.158,1.158,0.002,0.173,11034293.34,1281907.467
159941.SZ,20241128,1.158,1.151,1.155,1.15,1.155,-0.003,-0.2591,5240354.0,603743.733
159941.SZ,20241129,1.155,1.153,1.156,1.151,1.154,-0.001,-0.0866,6154794.0,710200.514
159941.SZ,20241202,1.154,1.161,1.162,1.158,1.16,0.006,0.5199,6626918.0,768529.537
159941.SZ,20241203,1.16,1.175,1.182,1.174,1.18,0.02,1.7241,8002975.0,943380.31
159941.SZ,20241204,1.18,1.187,1.188,1.184,1.186,0.006,0.5085,7660575.0,908562.069
159941.SZ,20241205,1.186,1.196,1.198,1.195,1.195,0.009,0.7589,6002130.0,717857.265
159941.SZ,20241206,1.195,1.19,1.192,1.188,1.19,-0.005,-0.4184,6403974.0,761701.969
159941.SZ,20241209,1.19,1.201,1.209,1.201,1.208,0.018,1.5126,8570451.0,1033158.329
159941.SZ,20241210,1.208,1.191,1.197,1.189,1.197,-0.011,-0.9106,10275786.0,1226886.096
159941.SZ,20241211,1.197,1.195,1.199,1.195,1.197,0.0,0.0,6051129.74,724663.838
159941.SZ,20241212,1.197,1.22,1.222,1.219,1.221,0.024,2.005,7385588.0,901245.943
159941.SZ,20241213,1.221,1.221,1.228,1.219,1.228,0.007,0.5733,8579456.0,1049410.298
159941.SZ,20241216,1.228,1.231,1.246,1.23,1.244,0.016,1.3029,13885623.0,1720279.95
159941.SZ,20241217,1.244,1.266,1.275,1.258,1.259,0.015,1.2058,16743861.48,2119357.618
159941.SZ,20241218,1.259,1.257,1.266,1.255,1.266,0.007,0.556,13036377.89,1642685.516
159941.SZ,20241219,1.266,1.223,1.237,1.221,1.234,-0.032,-2.5276,15333197.63,1883613.947
159941.SZ,20241220,1.234,1.227,1.229,1.203,1.207,-0.027,-2.188,15926017.0,1930162.16
159941.SZ,20241223,1.207,1.227,1.251,1.227,1.251,0.044,3.6454,14591720.0,1807908.66
159941.SZ,20241224,1.251,1.266,1.267,1.237,1.25,-0.001,-0.0799,14917772.0,1872612.939
159941.SZ,20241225,1.25,1.266,1.267,1.255,1.261,0.011,0.88,11557876.0,1456438.554
159941.SZ,20241226,1.261,1.263,1.269,1.256,1.263,0.002,0.1586,9905723.0,1251915.184
159941.SZ,20241227,1.263,1.256,1.26,1.253,1.255,-0.008,-0.6334,7138581.0,896180.705
159941.SZ,20241230,1.255,1.236,1.245,1.236,1.239,-0.016,-1.2749,8553731.0,1060002.655
159941.SZ,20241231,1.239,1.228,1.236,1.226,1.231,-0.008,-0.6457,11688074.0,1438734.525
159941.SZ,20250102,1.231,1.229,1.246,1.229,1.246,0.015,1.2185,8304085.2,1029565.992
159941.SZ,20250103,1.246,1.241,1.253,1.236,1.24,-0.006,-0.4815,9451503.0,1174878.088
159941.SZ,20250106,1.24,1.259,1.274,1.254,1.274,0.034,2.7419,15344292.0,1939596.566
159941.SZ,20250107,1.274,1.29,1.294,1.261,1.264,-0.01,-0.7849,18918669.0,2421773.813
159941.SZ,20250108,1.264,1.246,1.259,1.245,1.257,-0.007,-0.5538,10525031.0,1319939.577
159941.SZ,20250109,1.257,1.255,1.258,1.25,1.252,-0.005,-0.3978,7665386.0,960824.457
159941.SZ,20250110,1.252,1.246,1.264,1.242,1.247,-0.005,-0.3994,13443912.0,1683276.962
159941.SZ,20250113,1.247,1.235,1.237,1.211,1.216,-0.031,-2.486,14862898.66,1820089.415
159941.SZ,20250114,1.216,1.228,1.233,1.22,1.233,0.017,1.398,10481745.51,1286234.286
159941.SZ,20250115,1.233,1.228,1.229,1.221,1.223,-0.01,-0.811,6667635.68,816349.396
159941.SZ,20250116,1.223,1.254,1.255,1.243,1.249,0.026,2.1259,11965541.0,1493869.254
159941.SZ,20250117,1.249,1.237,1.247,1.235,1.244,-0.005,-0.4003,7640662.0,948045.7
159941.SZ,20250120,1.244,1.255,1.262,1.252,1.262,0.018,1.4469,7759352.61,974601.472
159941.SZ,20250121,1.262,1.26,1.266,1.255,1.264,0.002,0.1585,7543033.55,952302.989
159941.SZ,20250122,1.264,1.272,1.276,1.27,1.27,0.006,0.4747,8419757.95,1071087.883
159941.SZ,20250123,1.27,1.276,1.277,1.254,1.257,-0.013,-1.0236,9662148.53,1225510.638
159941.SZ,20250124,1.257,1.263,1.266,1.254,1.259,0.002,0.1591,5796315.0,730688.643
159941.SZ,20250127,1.259,1.233,1.239,1.226,1.229,-0.03,-2.3828,11891679.0,1464786.057
159941.SZ,20250205,1.229,1.23,1.237,1.229,1.231,0.002,0.1627,5594729.59,689911.397
159941.SZ,20250206,1.231,1.242,1.245,1.235,1.243,0.012,0.9748,7720837.23,957679.712
159941.SZ,20250207,1.243,1.245,1.248,1.232,1.237,-0.006,-0.4827,11364392.0,1407390.894
159941.SZ,20250210,1.237,1.23,1.23,1.221,1.223,-0.014,-1.1318,8738554.0,1069982.443
159941.SZ,20250211,1.223,1.228,1.23,1.221,1.222,-0.001,-0.0818,6245219.59,765249.503
159941.SZ,20250212,1.222,1.222,1.224,1.218,1.219,-0.003,-0.2455,4402702.0,537355.42
159941.SZ,20250213,1.219,1.225,1.225,1.219,1.222,0.003,0.2461,5393979.0,659260.382
159941.SZ,20250214,1.222,1.23,1.233,1.227,1.231,0.009,0.7365,6865124.0,844463.687
159941.SZ,20250217,1.231,1.23,1.235,1.227,1.231,0.0,0.0,5255089.0,646631.64
159941.SZ,20250218,1.231,1.232,1.241,1.229,1.239,0.008,0.6499,7127543.0,879842.925
159941.SZ,20250219,1.239,1.236,1.237,1.231,1.233,-0.006,-0.4843,6143464.0,757646.526
159941.SZ,20250220,1.233,1.229,1.23,1.222,1.222,-0.011,-0.8921,4391030.0,537892.426
159941.SZ,20250221,1.222,1.218,1.22,1.21,1.214,-0.008,-0.6547,8818236.09,1071198.325
159941.SZ,20250224,1.214,1.192,1.199,1.19,1.195,-0.019,-1.5651,7112090.72,849190.692
159941.SZ,20250225,1.195,1.179,1.18,1.174,1.176,-0.019,-1.59,6973178.0,820348.975
159941.SZ,20250226,1.176,1.167,1.176,1.165,1.173,-0.003,-0.2551,10253220.0,1199140.739
159941.SZ,20250227,1.173,1.167,1.183,1.165,1.18,0.007,0.5968,11196523.39,1313312.156
159941.SZ,20250228,1.18,1.151,1.153,1.133,1.134,-0.046,-3.8983,17168177.28,1958240.314
159941.SZ,20250303,1.134,1.147,1.161,1.146,1.159,0.025,2.2046,13783745.0,1591796.835
159941.SZ,20250304,1.159,1.13,1.139,1.128,1.137,-0.022,-1.8982,10846195.75,1229177.391
159941.SZ,20250305,1.137,1.137,1.153,1.133,1.147,0.01,0.8795,19963023.22,2282233.158
159941.SZ,20250306,1.147,1.15,1.152,1.147,1.148,0.001,0.0872,7972019.0,916317.439
159941.SZ,20250307,1.148,1.127,1.13,1.123,1.125,-0.023,-2.0035,9969161.21,1122411.574
159941.SZ,20250310,1.125,1.122,1.128,1.12,1.12,-0.005,-0.4444,8808481.53,989657.826
159941.SZ,20250311,1.12,1.07,1.077,1.055,1.074,-0.046,-4.1071,37998515.3,4050806.959
159941.SZ,20250312,1.074,1.073,1.083,1.07,1.08,0.006,0.5587,18436458.0,1985255.932
159941.SZ,20250313,1.08,1.088,1.09,1.071,1.073,-0.007,-0.6481,20501766.0,2213258.472
159941.SZ,20250314,1.073,1.069,1.086,1.067,1.082,0.009,0.8388,19229974.75,2072542.292
159941.SZ,20250317,1.082,1.09,1.093,1.085,1.086,0.004,0.3697,8901322.0,969493.836
159941.SZ,20250318,1.086,1.093,1.095,1.09,1.093,0.007,0.6446,9383667.0,1024827.356
159941.SZ,20250319,1.093,1.084,1.089,1.083,1.085,-0.008,-0.7319,8091571.0,878958.244
159941.SZ,20250320,1.085,1.1,1.114,1.097,1.11,0.025,2.3041,17671270.25,1956123.387
159941.SZ,20250321,1.11,1.105,1.109,1.099,1.106,-0.004,-0.3604,9525532.0,1052108.854
159941.SZ,20250324,1.106,1.118,1.133,1.117,1.131,0.025,2.2604,17348987.36,1955465.75
159941.SZ,20250325,1.131,1.15,1.158,1.138,1.145,0.014,1.2378,11679357.0,1340095.515
159941.SZ,20250326,1.145,1.151,1.152,1.138,1.141,-0.004,-0.3493,10909566.0,1247057.828
159941.SZ,20250327,1.141,1.118,1.126,1.117,1.118,-0.023,-2.0158,12398616.0,1389376.795
159941.SZ,20250328,1.118,1.114,1.119,1.109,1.111,-0.007,-0.6261,8097666.0,903007.29
159941.SZ,20250331,1.111,1.071,1.076,1.059,1.065,-0.046,-4.1404,18188433.0,1942873.113
159941.SZ,20250401,1.065,1.072,1.088,1.072,1.084,0.019,1.784,11886682.0,1284058.794
159941.SZ,20250402,1.084,1.09,1.096,1.088,1.09,0.006,0.5535,7530439.0,822072.921
159941.SZ,20250403,1.09,1.066,1.076,1.064,1.065,-0.025,-2.2936,15097570.99,1614932.919
159941.SZ,20250407,1.065,0.959,0.959,0.959,0.959,-0.106,-9.9531,3582106.0,343523.965
159941.SZ,20250408,0.959,0.987,1.002,0.981,0.994,0.035,3.6496,24429655.01,2423556.34
159941.SZ,20250409,0.994,0.96,0.989,0.949,0.989,-0.005,-0.503,38156301.0,3693110.825
159941.SZ,20250410,0.989,1.088,1.088,1.065,1.08,0.091,9.2012,32642404.0,3520930.555
159941.SZ,20250411,1.08,1.04,1.075,1.036,1.068,-0.012,-1.1111,28965141.0,3049323.593
159941.SZ,20250414,1.068,1.08,1.087,1.078,1.082,0.014,1.3109,13726304.0,1484835.407
159941.SZ,20250415,1.082,1.074,1.077,1.066,1.067,-0.015,-1.3863,7471014.79,799661.089
159941.SZ,20250416,1.067,1.054,1.059,1.04,1.043,-0.024,-2.2493,14297907.0,1498595.174
159941.SZ,20250417,1.043,1.035,1.056,1.035,1.054,0.011,1.0547,14453136.0,1509025.633
159941.SZ,20250418,1.054,1.045,1.056,1.04,1.045,-0.009,-0.8539,11544121.9,1209228.523
159941.SZ,20250421,1.045,1.039,1.044,1.037,1.039,-0.006,-0.5742,8216231.0,854617.318
159941.SZ,20250422,1.039,1.035,1.042,1.029,1.038,-0.001,-0.0962,10017342.0,1036231.526
159941.SZ,20250423,1.038,1.062,1.074,1.052,1.073,0.035,3.3719,15177158.0,1611486.836
159941.SZ,20250424,1.073,1.072,1.072,1.057,1.059,-0.014,-1.3048,9380769.0,999867.789
159941.SZ,20250425,1.059,1.09,1.096,1.086,1.09,0.031,2.9273,17569199.0,1918768.068
159941.SZ,20250428,1.09,1.088,1.096,1.086,1.094,0.004,0.367,12163550.08,1327873.229
159941.SZ,20250429,1.094,1.098,1.104,1.093,1.093,-0.001,-0.0914,7502609.0,824552.429
159941.SZ,20250430,1.093,1.095,1.098,1.091,1.094,0.001,0.0915,8141101.0,891456.468
159941.SZ,20250506,1.094,1.112,1.114,1.1,1.101,0.007,0.6399,11935592.54,1318497.795
159941.SZ,20250507,1.101,1.105,1.108,1.101,1.104,0.003,0.2725,8407664.0,928812.738
159941.SZ,20250508,1.104,1.114,1.121,1.108,1.119,0.015,1.3587,12888407.0,1435612.168
159941.SZ,20250509,1.119,1.119,1.122,1.115,1.118,-0.001,-0.0894,11059214.0,1237317.145
159941.SZ,20250512,1.118,1.137,1.142,1.134,1.139,0.021,1.8784,11847535.0,1348083.796
159941.SZ,20250513,1.139,1.155,1.158,1.148,1.149,0.01,0.878,10408380.0,1199614.785
159941.SZ,20250514,1.149,1.17,1.183,1.167,1.181,0.032,2.785,17479114.1,2057329.415
159941.SZ,20250515,1.181,1.18,1.187,1.173,1.174,-0.007,-0.5927,11002222.2,1299457.552
159941.SZ,20250516,1.174,1.178,1.183,1.175,1.176,0.002,0.1704,8484754.0,1000333.294
159941.SZ,20250519,1.176,1.169,1.173,1.164,1.165,-0.011,-0.9354,11334184.0,1324271.609
159941.SZ,20250520,1.165,1.18,1.183,1.175,1.177,0.012,1.03,11494823.0,1355768.135
159941.SZ,20250521,1.177,1.176,1.177,1.163,1.164,-0.013,-1.1045,10371956.0,1212596.804
159941.SZ,20250522,1.164,1.158,1.162,1.154,1.156,-0.008,-0.6873,10711801.0,1240013.515
159941.SZ,20250523,1.156,1.156,1.159,1.151,1.152,-0.004,-0.346,6932853.0,801085.605
159941.SZ,20250526,1.152,1.155,1.156,1.153,1.156,0.004,0.3472,5705446.0,658911.452
159941.SZ,20250527,1.156,1.155,1.166,1.153,1.165,0.009,0.7785,8696452.1,1008893.618
159941.SZ,20250528,1.165,1.18,1.182,1.175,1.178,0.013,1.1159,6364538.0,750073.801
159941.SZ,20250529,1.178,1.195,1.198,1.193,1.196,0.018,1.528,8356202.0,998594.079
159941.SZ,20250530,1.196,1.167,1.175,1.167,1.172,-0.024,-2.0067,9623738.0,1127763.763
159941.SZ,20250603,1.172,1.18,1.181,1.175,1.176,0.004,0.3413,4798316.0,565090.385
159941.SZ,20250604,1.176,1.187,1.187,1.18,1.185,0.009,0.7653,9311130.0,1102240.641
159941.SZ,20250605,1.185,1.185,1.186,1.181,1.181,-0.004,-0.3376,5425804.0,642079.696
159941.SZ,20250606,1.181,1.172,1.179,1.172,1.177,-0.004,-0.3387,6530186.0,767653.682
159941.SZ,20250609,1.177,1.182,1.183,1.179,1.181,0.004,0.3398,4658773.0,550034.453
159941.SZ,20250610,1.181,1.188,1.194,1.18,1.182,0.001,0.0847,12717690.03,1509246.028
159941.SZ,20250611,1.182,1.186,1.189,1.185,1.186,0.004,0.3384,6862794.0,814586.59
159941.SZ,20250612,1.186,1.181,1.183,1.178,1.182,-0.004,-0.3373,7279699.0,859294.315
159941.SZ,20250613,1.182,1.167,1.172,1.163,1.169,-0.013,-1.0998,10788489.0,1260051.258
159941.SZ,20250616,1.169,1.174,1.181,1.173,1.179,0.01,0.8554,10170729.0,1197198.994
159941.SZ,20250617,1.179,1.184,1.187,1.181,1.184,0.005,0.4241,9068743.0,1073746.875
159941.SZ,20250618,1.184,1.181,1.183,1.179,1.18,-0.004,-0.3378,6387093.0,753971.491
159941.SZ,20250619,1.18,1.173,1.177,1.171,1.173,-0.007,-0.5932,6092489.0,715242.917
159941.SZ,20250620,1.173,1.174,1.178,1.172,1.175,0.002,0.1705,5967157.0,701177.628
159941.SZ,20250623,1.175,1.166,1.173,1.165,1.171,-0.004,-0.3404,6307473.0,737480.198
159941.SZ,20250624,1.171,1.193,1.201,1.191,1.2,0.029,2.4765,10711199.26,1279503.361
159941.SZ,20250625,1.2,1.2,1.203,1.199,1.202,0.002,0.1667,5324054.98,639493.948
159941.SZ,20250626,1.202,1.204,1.207,1.201,1.205,0.003,0.2496,7497301.44,902625.752
159941.SZ,20250627,1.205,1.213,1.22,1.212,1.218,0.013,1.0788,9211703.0,1120207.421
159941.SZ,20250630,1.218,1.224,1.228,1.223,1.226,0.008,0.6568,6833508.02,837653.714
159941.SZ,20250701,1.226,1.228,1.228,1.22,1.22,-0.006,-0.4894,6789411.0,831088.902
159941.SZ,20250702,1.22,1.215,1.222,1.213,1.22,0.0,0.0,8196907.0,998114.358
159941.SZ,20250703,1.22,1.225,1.227,1.222,1.223,0.003,0.2459,6657754.0,814963.978
159941.SZ,20250704,1.223,1.234,1.234,1.23,1.23,0.007,0.5724,7101262.0,874724.423
159941.SZ,20250707,1.23,1.228,1.232,1.228,1.229,-0.001,-0.0813,5240284.0,644171.315
159941.SZ,20250708,1.229,1.229,1.23,1.226,1.23,0.001,0.0814,6901995.0,847847.876
159941.SZ,20250709,1.23,1.228,1.229,1.222,1.224,-0.006,-0.4878,6273486.0,768596.901
159941.SZ,20250710,1.224,1.23,1.232,1.229,1.231,0.007,0.5719,6224959.0,766328.568
159941.SZ,20250711,1.231,1.227,1.229,1.226,1.228,-0.003,-0.2437,7955914.45,976447.391
159941.SZ,20250714,1.228,1.222,1.223,1.219,1.22,-0.008,-0.6515,5165106.0,630616.159
159941.SZ,20250715,1.22,1.229,1.24,1.228,1.239,0.019,1.5574,11900226.0,1470183.14
159941.SZ,20250716,1.239,1.233,1.234,1.23,1.231,-0.008,-0.6457,6440320.0,793650.745
159941.SZ,20250717,1.231,1.236,1.242,1.233,1.241,0.01,0.8123,6650002.0,822653.082
159941.SZ,20250718,1.241,1.247,1.251,1.246,1.249,0.008,0.6446,6643893.0,829567.114
159941.SZ,20250721,1.249,1.249,1.25,1.247,1.248,-0.001,-0.0801,5535621.0,690922.951
159941.SZ,20250722,1.248,1.251,1.253,1.247,1.249,0.001,0.0801,5364385.81,670421.404
159941.SZ,20250723,1.249,1.244,1.247,1.243,1.247,-0.002,-0.1601,5672707.76,706188.613
159941.SZ,20250724,1.247,1.252,1.253,1.247,1.248,0.001,0.0802,5314599.0,664288.967
159941.SZ,20250725,1.248,1.252,1.253,1.25,1.25,0.002,0.1603,4510717.0,564415.959
159941.SZ,20250728,1.25,1.258,1.265,1.258,1.263,0.013,1.04,7266810.44,916612.337
159941.SZ,20250729,1.263,1.263,1.264,1.26,1.263,0.0,0.0,5212663.14,657862.807
159941.SZ,20250730,1.263,1.259,1.261,1.258,1.259,-0.004,-0.3167,3627640.72,456981.513
159941.SZ,20250731,1.259,1.277,1.28,1.276,1.279,0.02,1.5886,9614573.0,1228478.219
159941.SZ,20250801,1.279,1.255,1.259,1.254,1.255,-0.024,-1.8765,8588298.0,1079315.604
159941.SZ,20250804,1.255,1.235,1.238,1.233,1.237,-0.018,-1.4343,7652254.55,945400.02
159941.SZ,20250805,1.237,1.256,1.26,1.254,1.26,0.023,1.8593,6027251.0,757464.981
159941.SZ,20250806,1.26,1.244,1.255,1.243,1.253,-0.007,-0.5556,7210196.76,900851.732
159941.SZ,20250807,1.253,1.267,1.268,1.261,1.263,0.01,0.7981,7380031.0,933261.514
159941.SZ,20250808,1.263,1.268,1.269,1.265,1.267,0.004,0.3167,4463143.15,565484.976
159941.SZ,20250811,1.267,1.278,1.283,1.278,1.283,0.016,1.2628,6502718.86,832542.62
159941.SZ,20250812,1.283,1.278,1.28,1.275,1.279,-0.004,-0.3118,6877448.16,878949.421
159941.SZ,20250813,1.279,1.293,1.295,1.288,1.293,0.014,1.0946,9484180.0,1224942.891
159941.SZ,20250814,1.293,1.29,1.291,1.288,1.29,-0.003,-0.232,4198641.78,541447.247
159941.SZ,20250815,1.29,1.291,1.294,1.289,1.294,0.004,0.3101,5286777.0,682544.055
159941.SZ,20250818,1.294,1.289,1.291,1.281,1.283,-0.011,-0.8501,8723910.92,1122331.576
159941.SZ,20250819,1.283,1.283,1.283,1.277,1.28,-0.003,-0.2338,5807181.99,743367.138
159941.SZ,20250820,1.28,1.26,1.264,1.258,1.264,-0.016,-1.25,8535628.42,1075877.876
159941.SZ,20250821,1.264,1.259,1.268,1.257,1.268,0.004,0.3165,12102114.94,1529424.623
159941.SZ,20250822,1.268,1.261,1.265,1.256,1.256,-0.012,-0.9464,8529045.0,1074887.655
159941.SZ,20250825,1.256,1.274,1.277,1.273,1.276,0.02,1.5924,10270329.66,1309360.007
159941.SZ,20250826,1.276,1.271,1.272,1.268,1.268,-0.008,-0.627,5186373.0,658299.316
159941.SZ,20250827,1.268,1.276,1.281,1.274,1.281,0.013,1.0252,5369598.27,685656.617
159941.SZ,20250828,1.281,1.274,1.277,1.269,1.271,-0.01,-0.7806,8053071.0,1024676.996
159941.SZ,20250829,1.271,1.276,1.277,1.271,1.271,0.0,0.0,6837619.0,870387.896
159941.SZ,20250901,1.271,1.262,1.263,1.252,1.257,-0.014,-1.1015,8980016.0,1128196.28
159941.SZ,20250902,1.257,1.259,1.259,1.255,1.258,0.001,0.0796,6383274.25,802264.432
159941.SZ,20250903,1.258,1.251,1.258,1.25,1.256,-0.002,-0.159,6335128.25,794311.094
159941.SZ,20250904,1.256,1.264,1.267,1.262,1.263,0.007,0.5573,8702823.0,1100481.737
159941.SZ,20250905,1.263,1.276,1.278,1.274,1.278,0.015,1.1876,6680798.0,852686.091
159941.SZ,20250908,1.278,1.276,1.277,1.272,1.272,-0.006,-0.4695,6079806.0,774267.123
159941.SZ,20250909,1.272,1.275,1.277,1.273,1.277,0.005,0.3931,5615699.0,716023.958
159941.SZ,20250910,1.277,1.279,1.284,1.279,1.283,0.006,0.4699,7215027.0,924170.205
159941.SZ,20250911,1.283,1.281,1.282,1.277,1.282,-0.001,-0.0779,5431968.0,695236.501
159941.SZ,20250912,1.282,1.287,1.287,1.284,1.286,0.004,0.312,4164715.94,535487.481
159941.SZ,20250915,1.286,1.291,1.295,1.29,1.293,0.007,0.5443,6480651.0,837301.431
159941.SZ,20250916,1.293,1.301,1.304,1.301,1.303,0.01,0.7734,5850064.99,761796.672
159941.SZ,20250917,1.303,1.299,1.3,1.294,1.298,-0.005,-0.3837,8973691.28,1163262.393
159941.SZ,20250918,1.298,1.301,1.307,1.3,1.307,0.009,0.6934,10387673.0,1355097.804
159941.SZ,20250919,1.307,1.311,1.316,1.31,1.31,0.003,0.2295,8998368.0,1181723.971
159941.SZ,20250922,1.31,1.32,1.324,1.318,1.323,0.013,0.9924,6847417.0,905225.882
159941.SZ,20250923,1.323,1.333,1.345,1.332,1.342,0.019,1.4361,13466873.57,1801148.37
159941.SZ,20250924,1.342,1.329,1.33,1.324,1.329,-0.013,-0.9687,11565374.41,1535410.046
159941.SZ,20250925,1.329,1.325,1.328,1.323,1.324,-0.005,-0.3762,4932460.0,653608.868
159941.SZ,20250926,1.324,1.319,1.324,1.315,1.32,-0.004,-0.3021,7144545.0,942490.432
159941.SZ,20250929,1.32,1.328,1.34,1.328,1.34,0.02,1.5152,6853872.24,912361.469
159941.SZ,20250930,1.34,1.337,1.344,1.336,1.339,-0.001,-0.0746,10239470.68,1371983.372
159941.SZ,20251009,1.339,1.367,1.367,1.357,1.363,0.024,1.7924,10202686.0,1389719.747
159941.SZ,20251010,1.363,1.364,1.373,1.36,1.366,0.003,0.2201,11468359.0,1566942.838
159941.SZ,20251013,1.366,1.334,1.353,1.333,1.347,-0.019,-1.3909,18038387.66,2414862.52
159941.SZ,20251014,1.347,1.362,1.364,1.331,1.331,-0.016,-1.1878,14588610.0,1964034.3
159941.SZ,20251015,1.331,1.338,1.354,1.336,1.353,0.022,1.6529,11372645.9,1530230.829
159941.SZ,20251016,1.353,1.349,1.365,1.347,1.363,0.01,0.7391,7357019.46,996049.353
159941.SZ,20251017,1.363,1.354,1.357,1.329,1.329,-0.034,-2.4945,14775792.0,1983591.275
159941.SZ,20251020,1.329,1.355,1.372,1.354,1.369,0.04,3.0098,13418800.05,1826383.668
159941.SZ,20251021,1.369,1.39,1.392,1.377,1.39,0.021,1.534,10761589.54,1491577.94
159941.SZ,20251022,1.39,1.385,1.422,1.381,1.41,0.02,1.4388,21326064.36,2998666.691
159941.SZ,20251023,1.41,1.401,1.413,1.392,1.41,0.0,0.0,9782250.55,1373396.525
159941.SZ,20251024,1.41,1.435,1.436,1.42,1.43,0.02,1.4184,9429018.13,1344396.46
159941.SZ,20251027,1.43,1.446,1.462,1.445,1.458,0.028,1.958,13763391.2,2000717.897
159941.SZ,20251028,1.458,1.469,1.483,1.433,1.456,-0.002,-0.1372,18874815.3,2754360.736
159941.SZ,20251029,1.456,1.473,1.484,1.461,1.481,0.025,1.717,10899771.79,1604974.451
159941.SZ,20251030,1.481,1.477,1.486,1.461,1.462,-0.019,-1.2829,14895661.07,2196497.515
159941.SZ,20251031,1.462,1.465,1.474,1.453,1.458,-0.004,-0.2736,10977650.05,1604341.941
159941.SZ,20251103,1.458,1.463,1.464,1.452,1.456,-0.002,-0.1372,8492034.78,1238578.933
159941.SZ,20251104,1.456,1.455,1.456,1.425,1.436,-0.02,-1.3736,10716137.77,1540776.571
159941.SZ,20251105,1.436,1.4,1.428,1.392,1.425,-0.011,-0.766,16580659.76,2339733.019
159941.SZ,20251106,1.425,1.431,1.453,1.428,1.451,0.026,1.8246,10374326.03,1497388.078
159941.SZ,20251107,1.451,1.427,1.444,1.422,1.435,-0.016,-1.1027,11335462.0,1625561.832
159941.SZ,20251110,1.435,1.449,1.463,1.447,1.462,0.027,1.8815,10742206.33,1559805.915
159941.SZ,20251111,1.462,1.478,1.482,1.461,1.467,0.005,0.342,9508919.43,1399584.787
159941.SZ,20251112,1.467,1.472,1.476,1.467,1.472,0.005,0.3408,8621082.56,1268673.637
159941.SZ,20251113,1.472,1.468,1.469,1.463,1.467,-0.005,-0.3397,6623377.72,971420.944
159941.SZ,20251114,1.467,1.437,1.445,1.425,1.427,-0.04,-2.7267,12359563.73,1775516.309
159941.SZ,20251117,1.427,1.442,1.447,1.412,1.428,0.001,0.0701,10837242.04,1558377.024
159941.SZ,20251118,1.428,1.406,1.413,1.379,1.381,-0.047,-3.2913,14726501.0,2052478.962
159941.SZ,20251119,1.381,1.376,1.392,1.374,1.376,-0.005,-0.3621,12393767.2,1713046.667
159941.SZ,20251120,1.376,1.41,1.428,1.408,1.427,0.051,3.7064,13441390.38,1904630.859
159941.SZ,20251121,1.427,1.37,1.387,1.368,1.383,-0.044,-3.0834,12734430.0,1757112.352
159941.SZ,20251124,1.383,1.398,1.402,1.386,1.394,0.011,0.7954,6625555.0,924047.282
159941.SZ,20251125,1.394,1.429,1.429,1.419,1.422,0.028,2.0086,8144577.38,1159794.28
159941.SZ,20251126,1.422,1.433,1.446,1.432,1.443,0.021,1.4768,8638794.37,1242234.883
159941.SZ,20251127,1.443,1.453,1.454,1.437,1.437,-0.006,-0.4158,6090771.15,880539.34
159941.SZ,20251128,1.437,1.445,1.454,1.44,1.452,0.015,1.0438,5433522.92,785924.956
159941.SZ,20251201,1.452,1.443,1.449,1.436,1.439,-0.013,-0.8953,9993730.38,1441268.965
159941.SZ,20251202,1.439,1.448,1.449,1.436,1.44,0.001,0.0695,7855435.0,1131855.501
159941.SZ,20251203,1.44,1.45,1.463,1.449,1.458,0.018,1.25,10294062.48,1499907.177
159941.SZ,20251204,1.458,1.457,1.461,1.454,1.458,0.0,0.0,5135498.52,748293.218
159941.SZ,20251205,1.458,1.461,1.461,1.456,1.459,0.001,0.0686,4886552.26,712841.205
159941.SZ,20251208,1.459,1.46,1.461,1.45,1.453,-0.006,-0.4112,6449978.6,938372.681
159941.SZ,20251209,1.453,1.448,1.449,1.431,1.432,-0.021,-1.4453,7438499.3,1068040.055
159941.SZ,20251210,1.432,1.431,1.446,1.427,1.44,0.008,0.5587,7905564.09,1136494.249
159941.SZ,20251211,1.44,1.438,1.445,1.423,1.428,-0.012,-0.8333,7874478.23,1128364.108
159941.SZ,20251212,1.428,1.437,1.438,1.429,1.431,0.003,0.2101,5357023.29,767681.161
159941.SZ,20251215,1.431,1.411,1.419,1.409,1.414,-0.017,-1.188,6936717.31,980993.288
159941.SZ,20251216,1.414,1.404,1.407,1.388,1.394,-0.02,-1.4144,6714223.0,936955.218
159941.SZ,20251217,1.394,1.403,1.412,1.4,1.407,0.013,0.9326,8608420.53,1210441.975
159941.SZ,20251218,1.407,1.388,1.395,1.386,1.395,-0.012,-0.8529,5410104.0,752637.187
159941.SZ,20251219,1.395,1.41,1.416,1.407,1.414,0.019,1.362,6006388.13,847712.219
159941.SZ,20251222,1.414,1.438,1.441,1.436,1.441,0.027,1.9095,5465233.79,786454.282
159941.SZ,20251223,1.441,1.441,1.442,1.434,1.435,-0.006,-0.4164,4984141.21,716156.881
159941.SZ,20251224,1.435,1.44,1.441,1.431,1.432,-0.003,-0.2091,3187573.62,457551.215
159941.SZ,20251225,1.432,1.432,1.432,1.424,1.426,-0.006,-0.419,4814571.0,687041.764
159941.SZ,20251226,1.426,1.429,1.431,1.424,1.424,-0.002,-0.1403,3786050.34,540685.178
159941.SZ,20251229,1.424,1.42,1.42,1.41,1.416,-0.008,-0.5618,4366590.0,616983.832
159941.SZ,20251230,1.416,1.409,1.42,1.404,1.42,0.004,0.2825,4577894.0,645200.31
159941.SZ,20251231,1.42,1.412,1.415,1.408,1.413,-0.007,-0.493,4172327.3,588734.629
159941.SZ,20260105,1.413,1.416,1.431,1.416,1.43,0.017,1.2031,7080570.28,1009513.0
159941.SZ,20260106,1.43,1.428,1.432,1.423,1.43,0.0,0.0,5720661.06,816795.631
159941.SZ,20260107,1.43,1.435,1.435,1.426,1.427,-0.003,-0.2098,4439971.31,634400.685
159941.SZ,20260108,1.427,1.425,1.427,1.418,1.422,-0.005,-0.3504,3274869.0,465726.764
159941.SZ,20260109,1.422,1.417,1.422,1.413,1.418,-0.004,-0.2813,5266020.49,746347.88
159941.SZ,20260112,1.418,1.417,1.419,1.411,1.412,-0.006,-0.4231,5470497.21,774137.683
159941.SZ,20260113,1.412,1.413,1.425,1.405,1.421,0.009,0.6374,9070467.17,1281885.959
159941.SZ,20260114,1.421,1.417,1.418,1.41,1.413,-0.008,-0.563,5327280.6,752520.93
159941.SZ,20260115,1.413,1.402,1.415,1.4,1.413,0.0,0.0,6760505.05,951811.848
159941.SZ,20260116,1.413,1.413,1.417,1.402,1.41,-0.003,-0.2123,6103726.1,859869.087
159941.SZ,20260119,1.41,1.392,1.401,1.391,1.395,-0.015,-1.0638,5219407.74,728979.896
159941.SZ,20260120,1.395,1.396,1.399,1.384,1.386,-0.009,-0.6452,3976705.0,553456.637
159941.SZ,20260121,1.386,1.379,1.386,1.374,1.381,-0.005,-0.3608,4456777.08,615388.4
159941.SZ,20260122,1.381,1.395,1.41,1.394,1.409,0.028,2.0275,6988045.84,981161.4
159941.SZ,20260123,1.409,1.413,1.415,1.397,1.401,-0.008,-0.5678,6775859.66,952398.859
159941.SZ,20260126,1.401,1.397,1.398,1.386,1.387,-0.014,-0.9993,5350878.07,744911.373
159941.SZ,20260127,1.387,1.397,1.407,1.394,1.403,0.016,1.1536,6664636.19,933941.354
159941.SZ,20260128,1.403,1.412,1.418,1.41,1.418,0.015,1.0691,7358160.35,1041022.32
159941.SZ,20260129,1.418,1.407,1.411,1.404,1.409,-0.009,-0.6347,4131718.11,581530.75
159941.SZ,20260130,1.409,1.396,1.404,1.394,1.396,-0.013,-0.9226,5217228.86,729678.732
159941.SZ,20260202,1.396,1.388,1.392,1.357,1.359,-0.037,-2.6504,9253173.62,1270741.492
159941.SZ,20260203,1.359,1.389,1.392,1.376,1.388,0.029,2.1339,9185883.14,1272704.522
159941.SZ,20260204,1.388,1.365,1.379,1.362,1.379,-0.009,-0.6484,6756794.41,924420.934
159941.SZ,20260205,1.379,1.364,1.369,1.359,1.367,-0.012,-0.8702,5806432.0,791922.443
159941.SZ,20260206,1.367,1.341,1.346,1.338,1.344,-0.023,-1.6825,9217175.0,1237365.054
159941.SZ,20260209,1.344,1.369,1.374,1.366,1.371,0.027,2.0089,7286322.0,997765.731
159941.SZ,20260210,1.371,1.376,1.376,1.37,1.374,0.003,0.2188,3990607.0,548145.1
159941.SZ,20260211,1.374,1.371,1.373,1.368,1.37,-0.004,-0.2911,3757787.24,514854.971
159941.SZ,20260212,1.37,1.368,1.374,1.366,1.369,-0.001,-0.073,4235743.03,580199.394
159941.SZ,20260213,1.369,1.35,1.363,1.347,1.363,-0.006,-0.4383,5237365.0,709299.574
159941.SZ,20260224,1.363,1.354,1.356,1.345,1.352,-0.011,-0.807,4951985.76,668444.087
159941.SZ,20260225,1.352,1.36,1.362,1.352,1.353,0.001,0.074,3726699.38,505858.572
159941.SZ,20260226,1.353,1.362,1.366,1.359,1.361,0.008,0.5913,4658878.6,634371.669
159941.SZ,20260227,1.361,1.35,1.352,1.347,1.35,-0.011,-0.8082,3275609.75,442124.037
159941.SZ,20260302,1.35,1.341,1.345,1.336,1.337,-0.013,-0.963,4397289.94,589341.488
159941.SZ,20260303,1.337,1.345,1.345,1.33,1.332,-0.005,-0.374,4418292.06,590554.889
159941.SZ,20260304,1.332,1.325,1.329,1.31,1.311,-0.021,-1.5766,6292799.0,830571.383
159941.SZ,20260305,1.311,1.335,1.344,1.332,1.343,0.032,2.4409,6336167.0,847779.675
159941.SZ,20260306,1.343,1.338,1.347,1.334,1.342,-0.001,-0.0745,4286027.96,574273.348
159941.SZ,20260309,1.342,1.301,1.317,1.3,1.31,-0.032,-2.3845,8268158.08,1080053.098
159941.SZ,20260310,1.31,1.335,1.337,1.33,1.332,0.022,1.6794,6844870.54,912727.06
159941.SZ,20260311,1.332,1.335,1.34,1.333,1.335,0.003,0.2252,3640537.81,486601.07
159941.SZ,20260312,1.335,1.329,1.332,1.326,1.327,-0.008,-0.5993,4225987.07,561503.045
159941.SZ,20260313,1.327,1.319,1.32,1.314,1.315,-0.012,-0.9043,3360648.38,442651.446
159941.SZ,20260316,1.315,1.313,1.325,1.31,1.324,0.009,0.6844,5179099.08,681727.202
159941.SZ,20260317,1.324,1.325,1.329,1.316,1.316,-0.008,-0.6042,4988481.0,660747.832
159941.SZ,20260318,1.316,1.328,1.338,1.326,1.333,0.017,1.2918,6893547.83,918497.176
159941.SZ,20260319,1.333,1.317,1.319,1.307,1.309,-0.024,-1.8005,6128225.96,804858.36
159941.SZ,20260320,1.309,1.312,1.314,1.296,1.3,-0.009,-0.6875,3586960.0,468851.885
159941.SZ,20260323,1.3,1.28,1.28,1.245,1.257,-0.043,-3.3077,10427885.37,1316925.798
159941.SZ,20260324,1.257,1.272,1.284,1.261,1.281,0.024,1.9093,10915313.68,1386048.557
159941.SZ,20260325,1.281,1.288,1.294,1.285,1.292,0.011,0.8587,8755753.77,1129268.604
159941.SZ,20260326,1.292,1.29,1.293,1.278,1.281,-0.011,-0.8514,4547343.7,584562.798
159941.SZ,20260327,1.281,1.26,1.28,1.258,1.276,-0.005,-0.3903,6121871.7,777521.69
159941.SZ,20260330,1.276,1.251,1.257,1.244,1.254,-0.022,-1.7241,9949305.26,1244369.884
159941.SZ,20260331,1.254,1.25,1.261,1.246,1.251,-0.003,-0.2392,7553150.4,946468.743
159941.SZ,20260401,1.251,1.284,1.307,1.282,1.303,0.052,4.1567,9602906.97,1239401.455
159941.SZ,20260402,1.303,1.293,1.295,1.278,1.284,-0.019,-1.4582,6326859.87,812901.941
159941.SZ,20260403,1.284,1.298,1.3,1.283,1.284,0.0,0.0,4328453.59,558079.001
159941.SZ,20260407,1.284,1.288,1.29,1.283,1.284,0.0,0.0,4127745.47,530993.647
159941.SZ,20260408,1.284,1.325,1.353,1.324,1.35,0.066,5.1402,12860006.06,1720283.656
159941.SZ,20260409,1.35,1.33,1.345,1.328,1.336,-0.014,-1.037,9382542.13,1253102.066
159941.SZ,20260410,1.336,1.347,1.358,1.341,1.347,0.011,0.8234,6242828.35,843191.102
159941.SZ,20260413,1.347,1.339,1.341,1.333,1.338,-0.009,-0.6682,6763535.0,904264.747
159941.SZ,20260414,1.338,1.361,1.363,1.356,1.359,0.021,1.5695,5855826.72,795998.939
159941.SZ,20260415,1.359,1.386,1.39,1.378,1.383,0.024,1.766,8240360.39,1140522.734
159941.SZ,20260416,1.383,1.405,1.414,1.405,1.412,0.029,2.0969,8212690.82,1157109.35
159941.SZ,20260417,1.412,1.408,1.409,1.4,1.404,-0.008,-0.5666,5683671.34,798182.476
159941.SZ,20260420,1.404,1.412,1.413,1.403,1.404,0.0,0.0,5390904.71,758890.276
159941.SZ,20260421,1.404,1.407,1.41,1.387,1.4,-0.004,-0.2849,8733304.0,1222634.222
159941.SZ,20260422,1.4,1.4,1.408,1.396,1.407,0.007,0.5,8612338.13,1207397.422
159941.SZ,20260423,1.407,1.416,1.42,1.409,1.417,0.01,0.7107,10147439.78,1435549.571
159941.SZ,20260424,1.417,1.418,1.42,1.415,1.418,0.001,0.0706,5571895.0,789569.833
159941.SZ,20260427,1.418,1.432,1.455,1.432,1.45,0.032,2.2567,12650934.59,1825509.806
159941.SZ,20260428,1.45,1.45,1.462,1.449,1.457,0.007,0.4828,9852913.41,1435560.858
159941.SZ,20260429,1.457,1.45,1.457,1.447,1.452,-0.005,-0.3432,6844346.8,993568.575
159941.SZ,20260430,1.452,1.461,1.47,1.451,1.456,0.004,0.2755,7510552.0,1096660.815
159941.SZ,20260506,1.456,1.502,1.502,1.49,1.496,0.04,2.7473,10720570.71,1603072.154
159941.SZ,20260507,1.496,1.513,1.54,1.512,1.537,0.041,2.7406,12782409.46,1952711.894
159941.SZ,20260508,1.537,1.532,1.545,1.523,1.54,0.003,0.1952,9421783.89,1443206.829
159941.SZ,20260511,1.54,1.568,1.577,1.565,1.577,0.037,2.4026,7304849.86,1148581.948
159941.SZ,20260512,1.577,1.57,1.57,1.556,1.558,-0.019,-1.2048,7012460.15,1097341.198
159941.SZ,20260513,1.558,1.55,1.572,1.549,1.571,0.013,0.8344,8981034.53,1400016.909
159941.SZ,20260514,1.571,1.589,1.591,1.568,1.577,0.006,0.3819,8824487.57,1392375.517
159941.SZ,20260515,1.577,1.577,1.584,1.554,1.564,-0.013,-0.8244,14157839.69,2223669.95
159941.SZ,20260518,1.564,1.541,1.546,1.519,1.524,-0.04,-2.5575,18823050.88,2887101.49
159941.SZ,20260519,1.524,1.52,1.527,1.508,1.52,-0.004,-0.2625,11688740.66,1772413.12
159941.SZ,20260520,1.52,1.512,1.535,1.503,1.533,0.013,0.8553,11999985.66,1817694.105
159941.SZ,20260521,1.533,1.553,1.572,1.548,1.561,0.028,1.8265,13712544.64,2140888.363
159941.SZ,20260522,1.561,1.576,1.591,1.571,1.588,0.027,1.7297,10222698.24,1617557.415
159941.SZ,20260525,1.588,1.626,1.654,1.621,1.645,0.057,3.5894,16528686.13,2701881.27
159941.SZ,20260526,1.645,1.633,1.643,1.61,1.614,-0.031,-1.8845,11087114.46,1804010.775
159941.SZ,20260527,1.614,1.639,1.652,1.633,1.649,0.035,2.1685,12809187.44,2104552.631
159941.SZ,20260528,1.649,1.645,1.649,1.616,1.646,-0.003,-0.18,12624704.08,2066450.342
159941.SZ,20260529,1.646,1.66,1.694,1.66,1.694,0.048,2.92,13573214.26,2282694.1762
159941.SZ,20260601,1.694,1.705,1.773,1.705,1.764,0.07,4.13,22584936.72,3944778.1793
159941.SZ,20260602,1.764,1.764,1.764,1.708,1.735,-0.029,-1.64,18721553.9,3254038.6679
159941.SZ,20260603,1.735,1.735,1.745,1.688,1.707,-0.028,-1.61,14680710.72,2516223.5473
159941.SZ,20260604,1.707,1.679,1.687,1.665,1.673,-0.034,-1.99,12453243.1,2085285.3034
159941.SZ,20260605,1.673,1.647,1.682,1.629,1.641,-0.032,-1.91,13437388.52,2224376.2588
159941.SZ,20260608,1.641,1.572,1.604,1.561,1.569,-0.072,-4.39,22652086.99,3584329.2335
159941.SZ,20260609,1.569,1.598,1.636,1.594,1.632,0.063,4.02,19858182.4,3202566.1372
159941.SZ,20260610,1.632,1.598,1.603,1.577,1.585,-0.047,-2.88,14568150.36,2314456.8325
159941.SZ,20260611,1.585,1.576,1.584,1.546,1.576,-0.009,-0.57,17220671.19,2689192.5427
159941.SZ,20260612,1.576,1.635,1.636,1.597,1.598,0.022,1.4,15741826.92,2552716.1324
159941.SZ,20260615,1.598,1.65,1.679,1.64,1.677,0.079,4.94,15137933.79,2515079.2696
159941.SZ,20260616,1.677,1.682,1.708,1.682,1.692,0.015,0.89,12164136.37,2061115.0526
159941.SZ,20260617,1.692,1.671,1.698,1.668,1.698,0.006,0.36,13300030.88,2236867.3203
159941.SZ,20260618,1.698,1.689,1.697,1.662,1.693,-0.005,-0.29,15423204.92,2591221.9143
159941.SZ,20260622,1.693,1.693,1.693,1.673,1.686,-0.007,-0.41,14081971.46,2367547.6836
159941.SZ,20260623,1.686,1.662,1.666,1.621,1.628,-0.058,-3.44,15211987.36,2501151.7175
159941.SZ,20260624,1.628,1.62,1.647,1.616,1.644,0.016,0.98,14729563.02,2405221.9472
159941.SZ,20260625,1.644,1.658,1.664,1.641,1.657,0.013,0.79,11801971.79,1954523.5342
159941.SZ,20260626,1.657,1.6,1.617,1.592,1.609,-0.048,-2.9,12918965.6,2077382.2388
159941.SZ,20260629,1.609,1.61,1.63,1.608,1.63,0.021,1.31,9178299.08,1484716.5877
159941.SZ,20260630,1.63,1.654,1.66,1.646,1.648,0.018,1.1,9018187.84,1491381.5012
159941.SZ,20260701,1.648,1.666,1.668,1.645,1.652,0.004,0.24,9104664.8,1508842.7489
159941.SZ,20260702,1.652,1.643,1.646,1.612,1.614,-0.038,-2.3,7851663.11,1280267.8869
159941.SZ,20260703,1.614,1.605,1.629,1.601,1.622,0.008,0.5,9031792.8,1461246.2776
159941.SZ,20260706,1.622,1.62,1.627,1.603,1.625,0.003,0.19,7919845.78,1279474.4584
159941.SZ,20260707,1.625,1.618,1.628,1.609,1.624,-0.001,-0.06,7735747.16,1252517.9312
159941.SZ,20260708,1.624,1.619,1.619,1.595,1.595,-0.029,-1.79,8880394.25,1427290.842
159941.SZ,20260709,1.595,1.609,1.619,1.594,1.618,0.023,1.44,9291056.67,1491311.1432
159941.SZ,20260710,1.618,1.629,1.632,1.617,1.619,0.001,0.06,7583484.38,1233085.2677
159941.SZ,20260713,1.619,1.606,1.62,1.606,1.608,-0.011,-0.68,7273245.6,1172023.1963
159941.SZ,20260714,1.608,1.6,1.616,1.584,1.613,0.005,0.31,9030965.14,1446773.3491
159941.SZ,20260715,1.613,1.627,1.632,1.62,1.629,0.016,0.99,7866688.31,1278878.4147
159941.SZ,20260716,1.629,1.611,1.622,1.608,1.61,-0.019,-1.17,7418456.95,1197573.9451
159941.SZ,20260717,1.61,1.581,1.587,1.555,1.561,-0.049,-3.04,10437561.44,1638391.6083
159941.SZ,20260720,1.561,1.562,1.57,1.551,1.551,-0.01,-0.64,7073964.5,1105296.5597
159941.SZ,20260721,1.551,1.559,1.589,1.556,1.589,0.038,2.45,8262455.55,1298252.0692
159941.SZ,20260722,1.589,1.59,1.604,1.584,1.587,-0.002,-0.13,7479387.09,1193224.0169
159941.SZ,20260723,1.587,1.597,1.597,1.584,1.589,0.002,0.13,5701797.33,906497.8708
159941.SZ,20260724,1.589,1.561,1.571,1.561,1.569,-0.02,-1.26,5290196.87,828229.3594
159941.SZ,20260727,1.569,1.566,1.579,1.564,1.579,0.01,0.64,6186812.6,973030.8475
159941.SZ,20260728,1.579,1.547,1.55,1.531,1.534,-0.045,-2.85,6734928.4,1034309.4824
159941.SZ,20260729,1.534,1.538,1.54,1.527,1.538,0.004,0.26,6979126.96,1069747.9508
159941.SZ,20260730,1.538,1.525,1.529,1.509,1.516,-0.022,-1.43,6484648.06,984380.2931
