ts_code,trade_date,pre_close,open,high,low,close,change,pct_chg,vol,amount
513500.SH,20140115,1.004,0.994,0.996,0.976,0.986,-0.018,-1.7928,1328553.99,130998.296
513500.SH,20140116,0.986,0.988,0.994,0.988,0.991,0.005,0.5071,397330.3,39379.678
513500.SH,20140117,0.991,0.993,0.993,0.985,0.987,-0.004,-0.4036,169781.01,16786.119
513500.SH,20140120,0.987,0.983,0.988,0.982,0.982,-0.005,-0.5066,139374.0,13745.061
513500.SH,20140121,0.982,0.982,0.996,0.97,0.984,0.002,0.2037,218529.87,21520.868
513500.SH,20140122,0.984,0.984,0.988,0.973,0.979,-0.005,-0.5081,258991.0,25372.839
513500.SH,20140123,0.979,0.985,0.99,0.977,0.988,0.009,0.9193,115346.98,11384.44
513500.SH,20140124,0.988,0.983,0.994,0.98,0.99,0.002,0.2024,134146.99,13247.096
513500.SH,20140127,0.99,0.979,0.979,0.969,0.97,-0.02,-2.0202,28052.0,2722.491
513500.SH,20140128,0.97,0.97,0.97,0.959,0.964,-0.006,-0.6186,43444.0,4183.702
513500.SH,20140129,0.964,0.97,0.979,0.97,0.977,0.013,1.3485,41182.0,4011.234
513500.SH,20140130,0.977,0.965,0.967,0.961,0.967,-0.01,-1.0235,22712.0,2189.83
513500.SH,20140207,0.967,0.963,0.973,0.962,0.973,0.006,0.6205,29875.99,2895.017
513500.SH,20140210,0.973,0.973,0.98,0.97,0.97,-0.003,-0.3083,79147.18,7710.451
513500.SH,20140211,0.97,0.966,0.98,0.966,0.975,0.005,0.5155,214255.98,20870.112
513500.SH,20140212,0.975,0.978,0.989,0.975,0.987,0.012,1.2308,103932.13,10224.769
513500.SH,20140213,0.987,0.98,0.991,0.98,0.987,0.0,0.0,59963.0,5930.564
513500.SH,20140214,0.987,0.995,1.0,0.994,0.997,0.01,1.0132,93917.99,9351.591
513500.SH,20140217,0.997,1.0,1.003,0.999,1.001,0.004,0.4012,93130.0,9321.102
513500.SH,20140218,1.001,1.0,1.002,0.999,1.0,-0.001,-0.0999,68322.99,6833.306
513500.SH,20140219,1.0,1.0,1.004,1.0,1.004,0.004,0.4,119844.0,12005.533
513500.SH,20140220,1.004,1.0,1.002,0.995,1.0,-0.004,-0.3984,32449.0,3240.35
513500.SH,20140221,1.0,1.001,1.006,1.001,1.003,0.003,0.3,74748.95,7510.051
513500.SH,20140224,1.003,1.004,1.005,1.002,1.005,0.002,0.1994,37325.0,3745.747
513500.SH,20140225,1.005,1.009,1.013,1.009,1.013,0.008,0.796,124849.0,12615.654
513500.SH,20140226,1.013,1.009,1.016,1.009,1.016,0.003,0.2962,72219.99,7318.937
513500.SH,20140227,1.016,1.016,1.016,1.011,1.015,-0.001,-0.0984,27036.99,2738.662
513500.SH,20140228,1.015,1.019,1.026,1.016,1.024,0.009,0.8867,43343.99,4422.678
513500.SH,20140303,1.024,1.025,1.03,1.02,1.026,0.002,0.1953,30975.98,3176.651
513500.SH,20140304,1.026,1.022,1.023,1.016,1.022,-0.004,-0.3899,47514.0,4842.956
513500.SH,20140305,1.022,1.039,1.039,1.027,1.031,0.009,0.8806,43287.71,4457.56
513500.SH,20140306,1.031,1.03,1.034,1.028,1.033,0.002,0.194,35549.99,3662.874
513500.SH,20140307,1.033,1.04,1.04,1.03,1.034,0.001,0.0968,36489.7,3770.353
513500.SH,20140310,1.034,1.034,1.035,1.03,1.031,-0.003,-0.2901,35678.0,3682.825
513500.SH,20140311,1.031,1.03,1.039,1.03,1.039,0.008,0.7759,44359.4,4586.106
513500.SH,20140312,1.039,1.032,1.035,1.028,1.029,-0.01,-0.9625,43173.0,4449.45
513500.SH,20140313,1.029,1.031,1.035,1.027,1.034,0.005,0.4859,63323.0,6522.613
513500.SH,20140314,1.034,1.024,1.024,1.018,1.018,-0.016,-1.5474,37631.97,3843.551
513500.SH,20140317,1.018,1.018,1.023,1.018,1.022,0.004,0.3929,27102.0,2764.225
513500.SH,20140318,1.022,1.029,1.034,1.027,1.033,0.011,1.0763,25477.99,2626.432
513500.SH,20140319,1.033,1.034,1.039,1.0,1.037,0.004,0.3872,19267.0,1993.999
513500.SH,20140320,1.037,1.035,1.035,1.02,1.03,-0.007,-0.675,32017.0,3297.04
513500.SH,20140321,1.03,1.036,1.037,1.033,1.033,0.003,0.2913,35795.0,3707.209
513500.SH,20140324,1.033,1.031,1.034,1.031,1.033,0.0,0.0,15956.5,1646.603
513500.SH,20140325,1.033,1.032,1.032,1.026,1.031,-0.002,-0.1936,17888.0,1842.746
513500.SH,20140326,1.031,1.036,1.037,1.033,1.036,0.005,0.485,21841.0,2262.284
513500.SH,20140327,1.036,1.033,1.033,1.027,1.029,-0.007,-0.6757,14928.0,1534.916
513500.SH,20140328,1.029,1.027,1.028,1.025,1.028,-0.001,-0.0972,19256.97,1975.755
513500.SH,20140331,1.028,1.032,1.033,1.029,1.033,0.005,0.4864,17046.0,1758.929
513500.SH,20140401,1.033,1.038,1.04,1.038,1.04,0.007,0.6776,28957.41,3009.94
513500.SH,20140402,1.04,1.04,1.049,1.04,1.048,0.008,0.7692,33295.3,3483.301
513500.SH,20140403,1.048,1.047,1.051,1.047,1.05,0.002,0.1908,26143.0,2744.779
513500.SH,20140404,1.05,1.049,1.05,1.047,1.049,-0.001,-0.0952,16779.0,1760.048
513500.SH,20140408,1.049,1.022,1.03,1.022,1.029,-0.02,-1.9066,26032.97,2670.596
513500.SH,20140409,1.029,1.035,1.035,1.027,1.03,0.001,0.0972,18880.99,1943.846
513500.SH,20140410,1.03,1.04,1.04,1.035,1.038,0.008,0.7767,27942.0,2899.155
513500.SH,20140411,1.038,1.008,1.016,1.008,1.014,-0.024,-2.3121,35147.0,3564.736
513500.SH,20140414,1.014,1.009,1.009,1.005,1.008,-0.006,-0.5917,9347.9,940.656
513500.SH,20140415,1.008,1.01,1.018,1.01,1.018,0.01,0.9921,28271.9,2876.405
513500.SH,20140416,1.018,1.025,1.026,1.023,1.026,0.008,0.7859,5849.0,599.262
513500.SH,20140417,1.026,1.037,1.037,1.032,1.033,0.007,0.6823,25880.9,2678.901
513500.SH,20140418,1.033,1.037,1.037,1.032,1.034,0.001,0.0968,18468.0,1910.419
513500.SH,20140421,1.034,1.034,1.037,1.034,1.034,0.0,0.0,12772.0,1322.897
513500.SH,20140422,1.034,1.039,1.039,1.036,1.038,0.004,0.3868,23748.0,2464.742
513500.SH,20140423,1.038,1.04,1.045,1.04,1.042,0.004,0.3854,31487.0,3282.516
513500.SH,20140424,1.042,1.042,1.044,1.041,1.044,0.002,0.1919,29893.0,3116.874
513500.SH,20140425,1.044,1.044,1.046,1.042,1.043,-0.001,-0.0958,20388.0,2129.227
513500.SH,20140428,1.043,1.037,1.037,1.032,1.032,-0.011,-1.0547,9752.99,1007.919
513500.SH,20140429,1.032,1.036,1.04,1.036,1.038,0.006,0.5814,13310.0,1383.311
513500.SH,20140430,1.038,1.043,1.043,0.992,1.04,0.002,0.1927,26267.0,2664.533
513500.SH,20140505,1.04,1.042,1.044,1.041,1.041,0.001,0.0962,6249.0,651.363
513500.SH,20140506,1.041,1.045,1.048,1.044,1.048,0.007,0.6724,34666.6,3631.724
513500.SH,20140507,1.048,1.035,1.038,1.035,1.038,-0.01,-0.9542,12952.0,1343.637
513500.SH,20140508,1.038,1.042,1.042,1.04,1.042,0.004,0.3854,3552.0,369.815
513500.SH,20140509,1.042,1.042,1.042,1.039,1.041,-0.001,-0.096,6385.0,664.127
513500.SH,20140512,1.041,1.04,1.044,1.04,1.043,0.002,0.1921,5954.0,620.704
513500.SH,20140513,1.043,1.045,1.053,1.045,1.051,0.008,0.767,25153.0,2644.597
513500.SH,20140514,1.051,1.053,1.057,1.052,1.055,0.004,0.3806,41321.0,4358.586
513500.SH,20140515,1.055,1.053,1.053,1.05,1.052,-0.003,-0.2844,34416.0,3618.615
513500.SH,20140516,1.052,1.043,1.044,1.042,1.043,-0.009,-0.8555,50364.0,5250.573
513500.SH,20140519,1.043,1.042,1.046,1.042,1.045,0.002,0.1918,14727.0,1539.731
513500.SH,20140520,1.045,1.043,1.048,1.043,1.047,0.002,0.1914,23984.0,2507.781
513500.SH,20140521,1.047,1.04,1.041,1.039,1.041,-0.006,-0.5731,9758.5,1014.978
513500.SH,20140522,1.041,1.049,1.052,1.048,1.052,0.011,1.0567,31257.0,3284.094
513500.SH,20140523,1.052,1.052,1.053,1.05,1.05,-0.002,-0.1901,9611.0,1009.464
513500.SH,20140526,1.05,1.056,1.056,1.054,1.056,0.006,0.5714,19774.0,2086.165
513500.SH,20140527,1.056,1.056,1.056,1.054,1.056,0.0,0.0,27231.0,2873.607
513500.SH,20140528,1.056,1.061,1.062,1.06,1.061,0.005,0.4735,12368.0,1311.834
513500.SH,20140529,1.061,1.06,1.062,1.059,1.062,0.001,0.0943,16536.28,1753.714
513500.SH,20140530,1.062,1.066,1.068,1.066,1.067,0.005,0.4708,32842.0,3503.491
513500.SH,20140603,1.067,1.078,1.078,1.068,1.071,0.004,0.3749,7623.99,815.446
513500.SH,20140604,1.071,1.069,1.074,1.068,1.073,0.002,0.1867,29054.0,3113.118
513500.SH,20140605,1.073,1.098,1.098,1.071,1.075,0.002,0.1864,24277.01,2607.712
513500.SH,20140606,1.075,1.083,1.084,1.08,1.084,0.009,0.8372,16435.78,1778.925
513500.SH,20140609,1.084,1.087,1.087,1.083,1.086,0.002,0.1845,10856.0,1177.522
513500.SH,20140610,1.086,1.087,1.087,1.083,1.084,-0.002,-0.1842,6784.48,735.829
513500.SH,20140611,1.084,1.084,1.084,1.081,1.082,-0.002,-0.1845,4277.0,462.857
513500.SH,20140612,1.082,1.078,1.08,1.077,1.079,-0.003,-0.2773,3589.0,387.126
513500.SH,20140613,1.079,1.068,1.073,1.068,1.071,-0.008,-0.7414,5345.0,572.541
513500.SH,20140616,1.071,1.072,1.075,1.072,1.073,0.002,0.1867,3996.0,428.82
513500.SH,20140617,1.073,1.073,1.075,1.073,1.075,0.002,0.1864,2206.0,237.064
513500.SH,20140618,1.075,1.076,1.078,1.076,1.076,0.001,0.093,5730.0,616.632
513500.SH,20140619,1.076,1.085,1.09,1.083,1.09,0.014,1.3011,20428.0,2221.303
513500.SH,20140620,1.09,1.086,1.091,1.086,1.091,0.001,0.0917,7012.0,763.967
513500.SH,20140623,1.091,1.1,1.186,1.089,1.092,0.001,0.0917,5688.0,624.059
513500.SH,20140624,1.092,1.09,1.092,1.089,1.092,0.0,0.0,7660.0,835.43
513500.SH,20140625,1.092,1.088,1.088,1.082,1.084,-0.008,-0.7326,6131.0,664.36
513500.SH,20140626,1.084,1.087,1.09,1.087,1.09,0.006,0.5535,4379.0,476.713
513500.SH,20140627,1.09,1.09,1.091,1.086,1.091,0.001,0.0917,6979.0,759.648
513500.SH,20140630,1.091,1.092,1.094,1.09,1.093,0.002,0.1833,17273.9,1886.125
513500.SH,20140701,1.093,1.091,1.094,1.091,1.093,0.0,0.0,9491.0,1036.926
513500.SH,20140702,1.093,1.096,1.099,1.096,1.099,0.006,0.5489,6108.0,670.318
513500.SH,20140703,1.099,1.094,1.099,1.094,1.097,-0.002,-0.182,5035.0,552.645
513500.SH,20140704,1.097,1.102,1.105,1.101,1.105,0.008,0.7293,14645.53,1615.105
513500.SH,20140707,1.105,1.105,1.105,1.102,1.105,0.0,0.0,13776.15,1520.304
513500.SH,20140708,1.105,1.102,1.102,1.095,1.101,-0.004,-0.362,11768.0,1293.188
513500.SH,20140709,1.101,1.095,1.095,1.091,1.095,-0.006,-0.545,16262.32,1776.686
513500.SH,20140710,1.095,1.095,1.099,1.095,1.099,0.004,0.3653,12149.55,1334.028
513500.SH,20140711,1.099,1.095,1.095,1.091,1.093,-0.006,-0.546,6720.55,733.75
513500.SH,20140714,1.093,1.094,1.094,1.09,1.093,0.0,0.0,11123.4,1214.794
513500.SH,20140715,1.093,1.092,1.099,1.092,1.098,0.005,0.4575,5942.0,652.455
513500.SH,20140716,1.098,1.091,1.095,1.091,1.095,-0.003,-0.2732,5685.0,622.021
513500.SH,20140717,1.095,1.098,1.1,1.098,1.098,0.003,0.274,6054.0,665.427
513500.SH,20140718,1.098,1.087,1.089,1.084,1.088,-0.01,-0.9107,11023.0,1198.652
513500.SH,20140721,1.088,1.092,1.1,1.092,1.1,0.012,1.1029,15648.62,1718.65
513500.SH,20140722,1.1,1.095,1.098,1.095,1.098,-0.002,-0.1818,4650.0,510.119
513500.SH,20140723,1.098,1.1,1.101,1.097,1.1,0.002,0.1821,9023.56,991.659
513500.SH,20140724,1.1,1.104,1.104,1.099,1.1,0.0,0.0,5421.99,596.741
513500.SH,20140725,1.1,1.1,1.103,1.098,1.1,0.0,0.0,8758.0,964.137
513500.SH,20140728,1.1,1.098,1.099,1.095,1.099,-0.001,-0.0909,17011.0,1868.114
513500.SH,20140729,1.099,1.095,1.099,1.095,1.099,0.0,0.0,7159.0,785.166
513500.SH,20140730,1.099,1.094,1.095,1.092,1.095,-0.004,-0.364,6457.0,706.012
513500.SH,20140731,1.095,1.09,1.094,1.09,1.094,-0.001,-0.0913,5649.0,617.142
513500.SH,20140801,1.094,1.07,1.076,1.068,1.076,-0.018,-1.6453,38802.01,4156.652
513500.SH,20140804,1.076,1.071,1.073,1.07,1.073,-0.003,-0.2788,8023.95,859.276
513500.SH,20140805,1.073,1.077,1.077,1.072,1.074,0.001,0.0932,28032.95,3008.449
513500.SH,20140806,1.074,1.068,1.069,1.066,1.067,-0.007,-0.6518,9198.99,981.381
513500.SH,20140807,1.067,1.068,1.069,1.067,1.068,0.001,0.0937,3018.0,322.236
513500.SH,20140808,1.068,1.068,1.068,1.061,1.062,-0.006,-0.5618,12827.0,1362.138
513500.SH,20140811,1.062,1.069,1.074,1.069,1.074,0.012,1.1299,13425.0,1439.165
513500.SH,20140812,1.074,1.074,1.077,1.073,1.073,-0.001,-0.0931,5731.0,615.577
513500.SH,20140813,1.073,1.074,1.074,1.07,1.072,-0.001,-0.0932,6211.0,665.519
513500.SH,20140814,1.072,1.068,1.08,1.068,1.08,0.008,0.7463,6063.0,653.638
513500.SH,20140815,1.08,1.084,1.086,1.083,1.086,0.006,0.5556,5477.0,594.264
513500.SH,20140818,1.086,1.085,1.087,1.082,1.086,0.0,0.0,12618.0,1368.465
513500.SH,20140819,1.086,1.086,1.095,1.086,1.095,0.009,0.8287,5417.0,591.714
513500.SH,20140820,1.095,1.098,1.1,1.098,1.1,0.005,0.4566,10223.0,1123.402
513500.SH,20140821,1.1,1.1,1.102,1.1,1.101,0.001,0.0909,4916.0,541.215
513500.SH,20140822,1.101,1.102,1.106,1.102,1.106,0.005,0.4541,4790.5,529.549
513500.SH,20140825,1.106,1.106,1.106,1.103,1.104,-0.002,-0.1808,3642.5,402.134
513500.SH,20140826,1.104,1.108,1.11,1.108,1.109,0.005,0.4529,7349.0,814.82
513500.SH,20140827,1.109,1.11,1.111,1.109,1.109,0.0,0.0,7678.0,851.978
513500.SH,20140828,1.109,1.11,1.111,1.108,1.108,-0.001,-0.0902,8664.56,960.775
513500.SH,20140829,1.108,1.108,1.109,1.105,1.107,-0.001,-0.0903,7744.0,857.153
513500.SH,20140901,1.107,1.111,1.114,1.11,1.111,0.004,0.3613,3637.0,404.24
513500.SH,20140902,1.111,1.111,1.116,1.111,1.116,0.005,0.45,7939.5,884.48
513500.SH,20140903,1.116,1.113,1.115,1.111,1.112,-0.004,-0.3584,13233.0,1471.18
513500.SH,20140904,1.112,1.11,1.112,1.109,1.109,-0.003,-0.2698,13290.68,1475.326
513500.SH,20140905,1.109,1.11,1.11,1.107,1.108,-0.001,-0.0902,6747.5,747.502
513500.SH,20140909,1.108,1.107,1.113,1.107,1.107,-0.001,-0.0903,4604.0,510.214
513500.SH,20140910,1.107,1.1,1.104,1.1,1.102,-0.005,-0.4517,5466.0,602.568
513500.SH,20140911,1.102,1.102,1.106,1.102,1.102,0.0,0.0,5917.56,652.893
513500.SH,20140912,1.102,1.102,1.108,1.102,1.107,0.005,0.4537,7163.0,792.452
513500.SH,20140915,1.107,1.102,1.103,1.1,1.102,-0.005,-0.4517,5932.0,653.232
513500.SH,20140916,1.102,1.101,1.101,1.096,1.096,-0.006,-0.5445,4581.0,502.687
513500.SH,20140917,1.096,1.097,1.107,1.097,1.106,0.01,0.9124,4287.0,474.001
513500.SH,20140918,1.106,1.109,1.109,1.106,1.107,0.001,0.0904,4070.0,450.813
513500.SH,20140919,1.107,1.114,1.118,1.113,1.118,0.011,0.9937,9250.0,1032.068
513500.SH,20140922,1.118,1.118,1.118,1.112,1.113,-0.005,-0.4472,1920.0,213.885
513500.SH,20140923,1.113,1.107,1.107,1.102,1.105,-0.008,-0.7188,3696.0,407.831
513500.SH,20140924,1.105,1.101,1.101,1.095,1.099,-0.006,-0.543,8407.0,922.039
513500.SH,20140925,1.099,1.105,1.106,1.103,1.105,0.006,0.546,6534.0,721.27
513500.SH,20140926,1.105,1.096,1.096,1.088,1.088,-0.017,-1.5385,5986.0,653.274
513500.SH,20140929,1.088,1.095,1.1,1.095,1.098,0.01,0.9191,8633.0,947.299
513500.SH,20140930,1.098,1.098,1.098,1.093,1.098,0.0,0.0,11897.0,1304.162
513500.SH,20141008,1.098,1.088,1.088,1.073,1.076,-0.022,-2.0036,13997.0,1505.913
513500.SH,20141009,1.076,1.088,1.097,1.088,1.096,0.02,1.8587,16390.0,1794.812
513500.SH,20141010,1.096,1.079,1.079,1.069,1.074,-0.022,-2.0073,15622.01,1676.042
513500.SH,20141013,1.074,1.062,1.062,1.056,1.06,-0.014,-1.3035,18308.0,1936.638
513500.SH,20141014,1.06,1.05,1.052,1.041,1.051,-0.009,-0.8491,44729.0,4686.666
513500.SH,20141015,1.051,1.05,1.05,1.044,1.049,-0.002,-0.1903,9343.0,978.366
513500.SH,20141016,1.049,1.048,1.048,1.033,1.039,-0.01,-0.9533,28037.99,2906.092
513500.SH,20141017,1.039,1.05,1.05,1.037,1.04,0.001,0.0962,18583.0,1932.016
513500.SH,20141020,1.04,1.051,1.051,1.048,1.05,0.01,0.9615,14610.0,1533.199
513500.SH,20141021,1.05,1.059,1.059,1.055,1.057,0.007,0.6667,20242.0,2138.817
513500.SH,20141022,1.057,1.076,1.079,1.072,1.078,0.021,1.9868,27751.0,2985.667
513500.SH,20141023,1.078,1.07,1.073,1.069,1.072,-0.006,-0.5566,12930.0,1385.467
513500.SH,20141024,1.072,1.082,1.085,1.077,1.078,0.006,0.5597,4645.0,500.935
513500.SH,20141027,1.078,1.085,1.092,1.08,1.088,0.01,0.9276,9283.1,1010.761
513500.SH,20141028,1.088,1.087,1.09,1.086,1.088,0.0,0.0,5084.5,553.298
513500.SH,20141029,1.088,1.091,1.096,1.091,1.093,0.005,0.4596,16541.0,1809.407
513500.SH,20141030,1.093,1.093,1.096,1.092,1.092,-0.001,-0.0915,7796.0,852.434
513500.SH,20141031,1.092,1.095,1.11,1.095,1.107,0.015,1.3736,22691.0,2502.461
513500.SH,20141103,1.107,1.107,1.118,1.107,1.116,0.009,0.813,9826.0,1096.256
513500.SH,20141104,1.116,1.114,1.116,1.112,1.113,-0.003,-0.2688,4830.0,537.727
513500.SH,20141105,1.113,1.11,1.114,1.11,1.113,0.0,0.0,4864.0,541.199
513500.SH,20141106,1.113,1.116,1.12,1.116,1.117,0.004,0.3594,7780.0,869.386
513500.SH,20141107,1.117,1.12,1.125,1.12,1.125,0.008,0.7162,7810.1,877.487
513500.SH,20141110,1.125,1.124,1.126,1.122,1.122,-0.003,-0.2667,13413.0,1507.202
513500.SH,20141111,1.122,1.122,1.13,1.122,1.129,0.007,0.6239,7803.0,880.315
513500.SH,20141112,1.129,1.129,1.129,1.124,1.126,-0.003,-0.2657,1550.0,174.454
513500.SH,20141113,1.126,1.124,1.127,1.123,1.123,-0.003,-0.2664,6449.0,725.219
513500.SH,20141114,1.123,1.123,1.125,1.122,1.123,0.0,0.0,14149.0,1589.793
513500.SH,20141117,1.123,1.123,1.127,1.119,1.119,-0.004,-0.3562,9279.0,1040.373
513500.SH,20141118,1.119,1.121,1.125,1.121,1.123,0.004,0.3575,5753.0,646.001
513500.SH,20141119,1.123,1.124,1.133,1.124,1.132,0.009,0.8014,10869.0,1229.642
513500.SH,20141120,1.132,1.128,1.129,1.127,1.127,-0.005,-0.4417,4167.0,469.925
513500.SH,20141121,1.127,1.129,1.131,1.129,1.13,0.003,0.2662,6207.0,701.319
513500.SH,20141124,1.13,1.136,1.137,1.127,1.127,-0.003,-0.2655,21934.0,2482.902
513500.SH,20141125,1.127,1.127,1.14,1.127,1.136,0.009,0.7986,8454.0,960.335
513500.SH,20141126,1.136,1.137,1.138,1.135,1.137,0.001,0.088,3353.0,381.202
513500.SH,20141127,1.137,1.14,1.141,1.139,1.139,0.002,0.1759,3947.0,449.743
513500.SH,20141128,1.139,1.14,1.142,1.139,1.139,0.0,0.0,7282.99,830.066
513500.SH,20141201,1.139,1.137,1.138,1.131,1.132,-0.007,-0.6146,8919.0,1011.834
513500.SH,20141202,1.132,1.128,1.13,1.126,1.127,-0.005,-0.4417,9702.11,1094.796
513500.SH,20141203,1.127,1.13,1.137,1.13,1.134,0.007,0.6211,14607.0,1655.897
513500.SH,20141204,1.134,1.135,1.142,1.135,1.139,0.005,0.4409,7194.0,819.066
513500.SH,20141205,1.139,1.136,1.139,1.132,1.136,-0.003,-0.2634,14882.13,1689.355
513500.SH,20141208,1.136,1.141,1.143,1.139,1.141,0.005,0.4401,5409.0,617.247
513500.SH,20141209,1.141,1.132,1.133,1.13,1.13,-0.011,-0.9641,8931.0,1010.334
513500.SH,20141210,1.13,1.135,1.135,1.13,1.133,0.003,0.2655,6232.0,705.762
513500.SH,20141211,1.133,1.1,1.115,1.1,1.115,-0.018,-1.5887,10458.0,1158.806
513500.SH,20141212,1.115,1.12,1.12,1.106,1.107,-0.008,-0.7175,32662.0,3629.455
513500.SH,20141215,1.107,1.092,1.1,1.092,1.1,-0.007,-0.6323,13401.0,1470.839
513500.SH,20141216,1.1,1.093,1.094,1.09,1.094,-0.006,-0.5455,18245.0,1993.721
513500.SH,20141217,1.094,1.088,1.09,1.082,1.083,-0.011,-1.0055,18998.0,2057.972
513500.SH,20141218,1.083,1.099,1.109,1.099,1.109,0.026,2.4007,10559.0,1168.862
513500.SH,20141219,1.109,1.136,1.138,1.133,1.137,0.028,2.5248,12885.0,1463.607
513500.SH,20141222,1.137,1.14,1.141,1.138,1.14,0.003,0.2639,12893.0,1468.921
513500.SH,20141223,1.14,1.152,1.152,1.143,1.146,0.006,0.5263,5645.0,646.452
513500.SH,20141224,1.146,1.153,1.153,1.147,1.15,0.004,0.349,10370.0,1192.524
513500.SH,20141225,1.15,1.151,1.151,1.145,1.146,-0.004,-0.3478,1452.0,166.814
513500.SH,20141226,1.146,1.152,1.152,1.143,1.146,0.0,0.0,7703.01,882.142
513500.SH,20141229,1.146,1.146,1.153,1.146,1.152,0.006,0.5236,16949.0,1950.924
513500.SH,20141230,1.152,1.15,1.152,1.148,1.149,-0.003,-0.2604,5198.0,597.459
513500.SH,20141231,1.149,1.14,1.148,1.14,1.148,-0.001,-0.087,6697.0,767.446
513500.SH,20150105,1.148,1.14,1.14,1.133,1.134,-0.014,-1.2195,18312.0,2076.991
513500.SH,20150106,1.134,1.118,1.118,1.11,1.114,-0.02,-1.7637,16791.29,1865.937
513500.SH,20150107,1.114,1.113,1.113,1.103,1.108,-0.006,-0.5386,35035.0,3878.815
513500.SH,20150108,1.108,1.123,1.128,1.119,1.128,0.02,1.8051,37804.0,4250.643
513500.SH,20150109,1.128,1.14,1.145,1.14,1.143,0.015,1.3298,28378.99,3243.374
513500.SH,20150112,1.143,1.143,1.143,1.129,1.134,-0.009,-0.7874,18450.0,2092.078
513500.SH,20150113,1.134,1.129,1.129,1.119,1.122,-0.012,-1.0582,14010.0,1572.214
513500.SH,20150114,1.122,1.123,1.123,1.116,1.117,-0.005,-0.4456,16125.0,1801.544
513500.SH,20150115,1.117,1.115,1.116,1.111,1.116,-0.001,-0.0895,20123.29,2240.306
513500.SH,20150116,1.116,1.108,1.114,1.101,1.112,-0.004,-0.3584,43548.0,4819.628
513500.SH,20150119,1.112,1.119,1.125,1.115,1.116,0.004,0.3597,62662.3,7005.56
513500.SH,20150120,1.116,1.119,1.12,1.116,1.119,0.003,0.2688,27376.0,3059.98
513500.SH,20150121,1.119,1.12,1.124,1.116,1.123,0.004,0.3575,48367.01,5413.111
513500.SH,20150122,1.123,1.124,1.136,1.123,1.133,0.01,0.8905,94706.0,10706.071
513500.SH,20150123,1.133,1.159,1.185,1.148,1.152,0.019,1.677,167192.0,19311.854
513500.SH,20150126,1.152,1.151,1.151,1.135,1.137,-0.015,-1.3021,64038.0,7287.594
513500.SH,20150127,1.137,1.139,1.143,1.139,1.141,0.004,0.3518,213533.0,24364.392
513500.SH,20150128,1.141,1.127,1.13,1.124,1.129,-0.012,-1.0517,179273.0,20180.867
513500.SH,20150129,1.129,1.117,1.117,1.112,1.115,-0.014,-1.24,29060.0,3236.473
513500.SH,20150130,1.115,1.123,1.127,1.12,1.123,0.008,0.7175,33579.0,3770.621
513500.SH,20150202,1.123,1.109,1.114,1.104,1.112,-0.011,-0.9795,102268.0,11353.297
513500.SH,20150203,1.112,1.126,1.128,1.121,1.124,0.012,1.0791,118054.0,13262.092
513500.SH,20150204,1.124,1.132,1.138,1.132,1.134,0.01,0.8897,36736.0,4173.66
513500.SH,20150205,1.134,1.13,1.133,1.126,1.127,-0.007,-0.6173,39745.0,4484.97
513500.SH,20150206,1.127,1.13,1.142,1.13,1.136,0.009,0.7986,30299.0,3450.992
513500.SH,20150209,1.136,1.136,1.136,1.13,1.136,0.0,0.0,103125.0,11704.049
513500.SH,20150210,1.136,1.13,1.133,1.128,1.129,-0.007,-0.6162,12468.0,1407.98
513500.SH,20150211,1.129,1.135,1.144,1.135,1.143,0.014,1.24,19440.01,2220.887
513500.SH,20150212,1.143,1.142,1.144,1.141,1.142,-0.001,-0.0875,241494.0,27599.533
513500.SH,20150213,1.142,1.152,1.16,1.151,1.157,0.015,1.3135,203103.0,23486.931
513500.SH,20150216,1.157,1.159,1.16,1.157,1.16,0.003,0.2593,255433.0,29589.395
513500.SH,20150217,1.16,1.157,1.162,1.157,1.162,0.002,0.1724,1226358.0,142150.059
513500.SH,20150225,1.162,1.169,1.175,1.168,1.171,0.009,0.7745,667886.0,78303.151
513500.SH,20150226,1.171,1.172,1.172,1.168,1.17,-0.001,-0.0854,927816.0,108580.845
513500.SH,20150227,1.17,1.17,1.171,1.169,1.17,0.0,0.0,1760984.01,206097.894
513500.SH,20150302,1.17,1.17,1.17,1.164,1.17,0.0,0.0,1323628.02,154607.77
513500.SH,20150303,1.17,1.175,1.179,1.173,1.177,0.007,0.5983,742756.0,87445.478
513500.SH,20150304,1.177,1.177,1.177,1.171,1.175,-0.002,-0.1699,2449820.0,287685.544
513500.SH,20150305,1.175,1.169,1.174,1.169,1.174,-0.001,-0.0851,3599890.11,422010.485
513500.SH,20150306,1.174,1.175,1.179,1.175,1.177,0.003,0.2555,716200.0,84315.674
513500.SH,20150309,1.177,1.166,1.17,1.16,1.166,-0.011,-0.9346,333964.0,38884.22
513500.SH,20150310,1.166,1.168,1.169,1.162,1.166,0.0,0.0,1702962.0,198625.497
513500.SH,20150311,1.166,1.153,1.153,1.143,1.145,-0.021,-1.801,1271336.0,145820.433
513500.SH,20150312,1.145,1.145,1.15,1.145,1.15,0.005,0.4367,1172541.0,134614.062
513500.SH,20150313,1.15,1.172,1.172,1.154,1.155,0.005,0.4348,1728277.0,200237.316
513500.SH,20150316,1.155,1.155,1.156,1.15,1.151,-0.004,-0.3463,2747665.0,317077.718
513500.SH,20150317,1.151,1.162,1.166,1.16,1.162,0.011,0.9557,1043729.0,121291.348
513500.SH,20150318,1.162,1.159,1.16,1.157,1.157,-0.005,-0.4303,630822.0,73132.429
513500.SH,20150319,1.157,1.167,1.174,1.167,1.172,0.015,1.2965,1564155.0,183144.791
513500.SH,20150320,1.172,1.169,1.169,1.163,1.165,-0.007,-0.5973,264751.0,30866.529
513500.SH,20150323,1.165,1.173,1.176,1.172,1.174,0.009,0.7725,6705499.0,787656.844
513500.SH,20150324,1.174,1.178,1.178,1.166,1.167,-0.007,-0.5963,7456487.29,874307.998
513500.SH,20150325,1.167,1.164,1.165,1.158,1.158,-0.009,-0.7712,10367146.0,1204723.263
513500.SH,20150326,1.158,1.148,1.148,1.141,1.142,-0.016,-1.3817,11933077.0,1365433.344
513500.SH,20150327,1.142,1.141,1.146,1.14,1.144,0.002,0.1751,7114702.0,814404.474
513500.SH,20150330,1.144,1.146,1.147,1.141,1.142,-0.002,-0.1748,1344132.0,154012.719
513500.SH,20150331,1.142,1.153,1.157,1.15,1.152,0.01,0.8757,236224.0,27243.184
513500.SH,20150401,1.152,1.146,1.147,1.141,1.145,-0.007,-0.6076,1048109.0,119957.991
513500.SH,20150402,1.145,1.141,1.146,1.139,1.145,0.0,0.0,666386.0,76204.976
513500.SH,20150403,1.145,1.145,1.146,1.144,1.144,-0.001,-0.0873,289139.0,33105.683
513500.SH,20150407,1.144,1.148,1.152,1.146,1.148,0.004,0.3497,362331.0,41602.839
513500.SH,20150408,1.148,1.147,1.15,1.142,1.146,-0.002,-0.1742,1176733.0,135015.5
513500.SH,20150409,1.146,1.147,1.147,1.143,1.145,-0.001,-0.0873,1113572.0,127530.053
513500.SH,20150410,1.145,1.148,1.152,1.148,1.15,0.005,0.4367,436367.0,50161.132
513500.SH,20150413,1.15,1.152,1.155,1.147,1.15,0.0,0.0,631408.0,72702.304
513500.SH,20150414,1.15,1.149,1.15,1.145,1.147,-0.003,-0.2609,1423981.0,163470.067
513500.SH,20150415,1.147,1.147,1.15,1.147,1.147,0.0,0.0,378931.0,43522.354
513500.SH,20150416,1.147,1.148,1.156,1.148,1.149,0.002,0.1744,634066.0,73186.143
513500.SH,20150417,1.149,1.149,1.157,1.149,1.155,0.006,0.5222,1649771.0,190574.777
513500.SH,20150420,1.155,1.15,1.151,1.143,1.147,-0.008,-0.6926,384263.98,44129.908
513500.SH,20150421,1.147,1.153,1.16,1.153,1.157,0.01,0.8718,970171.08,112242.091
513500.SH,20150422,1.157,1.153,1.154,1.151,1.154,-0.003,-0.2593,125476.9,14466.304
513500.SH,20150423,1.154,1.16,1.161,1.157,1.158,0.004,0.3466,1260021.6,146093.622
513500.SH,20150424,1.158,1.162,1.168,1.162,1.163,0.005,0.4318,388203.9,45179.87
513500.SH,20150427,1.163,1.167,1.169,1.164,1.167,0.004,0.3439,611815.09,71448.609
513500.SH,20150428,1.167,1.167,1.167,1.16,1.163,-0.004,-0.3428,955432.0,111359.37
513500.SH,20150429,1.163,1.169,1.169,1.163,1.166,0.003,0.258,77401.0,9029.809
513500.SH,20150430,1.166,1.164,1.164,1.157,1.16,-0.006,-0.5146,175124.0,20311.459
513500.SH,20150504,1.16,1.161,1.161,1.158,1.16,0.0,0.0,827915.0,96001.643
513500.SH,20150505,1.16,1.16,1.168,1.16,1.165,0.005,0.431,237586.0,27656.82
513500.SH,20150506,1.165,1.158,1.16,1.151,1.152,-0.013,-1.1159,360735.0,41615.219
513500.SH,20150507,1.152,1.148,1.15,1.145,1.15,-0.002,-0.1736,268845.9,30889.507
513500.SH,20150508,1.15,1.153,1.163,1.15,1.155,0.005,0.4348,566787.0,65349.6
513500.SH,20150511,1.155,1.163,1.168,1.161,1.163,0.008,0.6926,228983.0,26615.203
513500.SH,20150512,1.163,1.163,1.163,1.159,1.162,-0.001,-0.086,373759.0,43394.796
513500.SH,20150513,1.162,1.16,1.161,1.154,1.159,-0.003,-0.2582,1081850.24,125402.58
513500.SH,20150514,1.159,1.155,1.16,1.154,1.155,-0.004,-0.3451,194512.0,22513.862
513500.SH,20150515,1.155,1.16,1.167,1.16,1.164,0.009,0.7792,951014.24,110769.488
513500.SH,20150518,1.164,1.161,1.165,1.161,1.163,-0.001,-0.0859,400337.0,46546.478
513500.SH,20150519,1.163,1.164,1.169,1.164,1.169,0.006,0.5159,51052.0,5961.852
513500.SH,20150520,1.169,1.167,1.17,1.167,1.168,-0.001,-0.0855,123126.0,14381.675
513500.SH,20150521,1.168,1.168,1.169,1.16,1.166,-0.002,-0.1712,380715.0,44392.202
513500.SH,20150522,1.166,1.167,1.171,1.167,1.171,0.005,0.4288,929728.0,108757.304
513500.SH,20150525,1.171,1.169,1.179,1.163,1.17,-0.001,-0.0854,314270.0,36799.662
513500.SH,20150526,1.17,1.17,1.171,1.165,1.17,0.0,0.0,1153091.68,134913.674
513500.SH,20150527,1.17,1.167,1.167,1.16,1.164,-0.006,-0.5128,590078.0,68581.451
513500.SH,20150528,1.164,1.167,1.173,1.167,1.168,0.004,0.3436,561006.0,65656.398
513500.SH,20150529,1.168,1.168,1.173,1.168,1.17,0.002,0.1712,2271626.0,265760.083
513500.SH,20150601,1.17,1.17,1.17,1.159,1.163,-0.007,-0.5983,252808.0,29360.792
513500.SH,20150602,1.163,1.164,1.166,1.161,1.164,0.001,0.086,2567812.0,298917.9
513500.SH,20150603,1.164,1.164,1.164,1.157,1.158,-0.006,-0.5155,197785.0,22979.458
513500.SH,20150604,1.158,1.158,1.17,1.158,1.165,0.007,0.6045,342938.0,39861.968
513500.SH,20150605,1.165,1.164,1.164,1.153,1.162,-0.003,-0.2575,360747.0,41875.035
513500.SH,20150608,1.162,1.162,1.165,1.158,1.164,0.002,0.1721,308879.0,35908.748
513500.SH,20150609,1.164,1.163,1.163,1.153,1.156,-0.008,-0.6873,1773028.0,204632.094
513500.SH,20150610,1.156,1.155,1.16,1.153,1.16,0.004,0.346,12152.0,1406.062
513500.SH,20150611,1.16,1.169,1.173,1.165,1.167,0.007,0.6034,4264.0,497.691
513500.SH,20150612,1.167,1.167,1.17,1.167,1.169,0.002,0.1714,7203.0,841.806
513500.SH,20150615,1.169,1.164,1.164,1.157,1.157,-0.012,-1.0265,7871.0,911.711
513500.SH,20150616,1.157,1.159,1.159,1.15,1.154,-0.003,-0.2593,421832.0,48721.5
513500.SH,20150617,1.154,1.158,1.163,1.154,1.154,0.0,0.0,651899.0,75458.53
513500.SH,20150618,1.154,1.156,1.162,1.15,1.155,0.001,0.0867,854010.0,98583.593
513500.SH,20150619,1.155,1.16,1.168,1.158,1.159,0.004,0.3463,438334.0,50998.605
513500.SH,20150623,1.159,1.161,1.175,1.161,1.166,0.007,0.604,296926.0,34627.932
513500.SH,20150624,1.166,1.169,1.174,1.168,1.17,0.004,0.3431,1689201.0,198233.005
513500.SH,20150625,1.17,1.149,1.165,1.149,1.164,-0.006,-0.5128,1119395.0,130084.693
513500.SH,20150626,1.164,1.164,1.164,1.159,1.159,-0.005,-0.4296,5682.0,659.371
513500.SH,20150629,1.159,1.159,1.163,1.154,1.159,0.0,0.0,374572.0,43377.515
513500.SH,20150630,1.159,1.141,1.148,1.138,1.141,-0.018,-1.5531,707654.0,81037.396
513500.SH,20150701,1.141,1.142,1.148,1.142,1.144,0.003,0.2629,61420.0,7021.859
513500.SH,20150702,1.144,1.146,1.155,1.146,1.15,0.006,0.5245,398045.0,45695.629
513500.SH,20150703,1.15,1.15,1.154,1.146,1.15,0.0,0.0,8211.0,943.24
513500.SH,20150706,1.15,1.148,1.15,1.13,1.146,-0.004,-0.3478,362593.0,41385.131
513500.SH,20150707,1.146,1.146,1.15,1.136,1.143,-0.003,-0.2618,5816.0,662.88
513500.SH,20150708,1.143,1.14,1.149,1.036,1.119,-0.024,-2.0997,20075.0,2261.792
513500.SH,20150709,1.119,1.11,1.17,1.061,1.118,-0.001,-0.0894,77505.0,8765.301
513500.SH,20150710,1.118,1.118,1.16,1.115,1.123,0.005,0.4472,84311.0,9600.8
513500.SH,20150713,1.123,1.14,1.143,1.131,1.134,0.011,0.9795,17779.0,2017.719
513500.SH,20150714,1.134,1.144,1.165,1.142,1.157,0.023,2.0282,18462.99,2128.597
513500.SH,20150715,1.157,1.159,1.172,1.159,1.165,0.008,0.6914,245880.99,28672.135
513500.SH,20150716,1.165,1.166,1.168,1.155,1.159,-0.006,-0.515,119406.0,13840.482
513500.SH,20150717,1.159,1.165,1.171,1.165,1.171,0.012,1.0354,193827.0,22658.118
513500.SH,20150720,1.171,1.17,1.18,1.169,1.174,0.003,0.2562,208776.95,24542.151
513500.SH,20150721,1.174,1.176,1.182,1.176,1.182,0.008,0.6814,133508.96,15715.118
513500.SH,20150722,1.182,1.172,1.179,1.168,1.175,-0.007,-0.5922,11597.0,1361.809
513500.SH,20150723,1.175,1.17,1.18,1.17,1.18,0.005,0.4255,9709.0,1141.589
513500.SH,20150724,1.18,1.172,1.198,1.172,1.178,-0.002,-0.1695,68248.0,8061.144
513500.SH,20150727,1.178,1.161,1.167,1.151,1.151,-0.027,-2.292,13230.0,1533.907
513500.SH,20150728,1.151,1.158,1.159,1.149,1.152,0.001,0.0869,256585.0,29610.442
513500.SH,20150729,1.152,1.162,1.169,1.162,1.165,0.013,1.1285,269877.4,31466.918
513500.SH,20150730,1.165,1.18,1.18,1.172,1.176,0.011,0.9442,283958.0,33393.464
513500.SH,20150731,1.176,1.173,1.181,1.173,1.177,0.001,0.085,98371.4,11582.021
513500.SH,20150803,1.177,1.177,1.178,1.173,1.175,-0.002,-0.1699,261042.0,30668.998
513500.SH,20150804,1.175,1.174,1.176,1.17,1.17,-0.005,-0.4255,64634.0,7575.816
513500.SH,20150805,1.17,1.17,1.172,1.168,1.171,0.001,0.0855,5477.0,640.631
513500.SH,20150806,1.171,1.172,1.176,1.172,1.175,0.004,0.3416,4850.0,569.42
513500.SH,20150807,1.175,1.17,1.175,1.164,1.166,-0.009,-0.766,12226.0,1427.369
513500.SH,20150810,1.166,1.171,1.171,1.165,1.168,0.002,0.1715,65787.0,7683.784
513500.SH,20150811,1.168,1.18,1.265,1.176,1.2,0.032,2.7397,63841.81,7597.694
513500.SH,20150812,1.2,1.199,1.216,1.189,1.2,0.0,0.0,48565.0,5822.095
513500.SH,20150813,1.2,1.193,1.218,1.193,1.211,0.011,0.9167,21728.0,2626.417
513500.SH,20150814,1.211,1.212,1.213,1.205,1.211,0.0,0.0,11443.0,1385.355
513500.SH,20150817,1.211,1.217,1.229,1.217,1.225,0.014,1.1561,15087.0,1849.84
513500.SH,20150818,1.225,1.229,1.234,1.229,1.231,0.006,0.4898,17222.0,2121.448
513500.SH,20150819,1.231,1.23,1.233,1.225,1.226,-0.005,-0.4062,21117.0,2596.761
513500.SH,20150820,1.226,1.223,1.225,1.214,1.216,-0.01,-0.8157,11585.0,1409.918
513500.SH,20150821,1.216,1.2,1.2,1.187,1.191,-0.025,-2.0559,23419.01,2786.179
513500.SH,20150824,1.191,1.149,1.149,1.106,1.124,-0.067,-5.6255,25846.0,2945.324
513500.SH,20150825,1.124,1.073,1.14,1.073,1.11,-0.014,-1.2456,30460.0,3385.571
513500.SH,20150826,1.11,1.119,1.138,1.078,1.113,0.003,0.2703,12972.0,1433.395
513500.SH,20150827,1.113,1.16,1.16,1.13,1.142,0.029,2.6056,18808.0,2152.084
513500.SH,20150828,1.142,1.149,1.164,1.149,1.162,0.02,1.7513,17491.0,2020.291
513500.SH,20150831,1.162,1.16,1.162,1.144,1.157,-0.005,-0.4303,8014.0,925.661
513500.SH,20150901,1.157,1.151,1.151,1.132,1.138,-0.019,-1.6422,9645.0,1098.447
513500.SH,20150902,1.138,1.123,1.13,1.109,1.129,-0.009,-0.7909,5710.0,640.565
513500.SH,20150907,1.129,1.139,1.139,1.122,1.13,0.001,0.0886,5785.0,652.067
513500.SH,20150908,1.13,1.13,1.138,1.124,1.138,0.008,0.708,19480.0,2201.916
513500.SH,20150909,1.138,1.155,1.155,1.145,1.152,0.014,1.2302,9482.0,1090.003
513500.SH,20150910,1.152,1.132,1.137,1.132,1.137,-0.015,-1.3021,8187.0,929.575
513500.SH,20150911,1.137,1.14,1.144,1.139,1.14,0.003,0.2639,4260.0,486.327
513500.SH,20150914,1.14,1.145,1.151,1.144,1.147,0.007,0.614,6478.0,744.056
513500.SH,20150915,1.147,1.13,1.146,1.13,1.14,-0.007,-0.6103,2042.0,232.831
513500.SH,20150916,1.14,1.155,1.155,1.149,1.153,0.013,1.1404,4042.0,465.816
513500.SH,20150917,1.153,1.16,1.164,1.16,1.164,0.011,0.954,8140.95,946.077
513500.SH,20150918,1.164,1.16,1.16,1.156,1.159,-0.005,-0.4296,1583.0,183.314
513500.SH,20150921,1.159,1.143,1.143,1.134,1.141,-0.018,-1.5531,11457.95,1305.286
513500.SH,20150922,1.141,1.146,1.148,1.143,1.148,0.007,0.6135,8035.0,920.657
513500.SH,20150923,1.148,1.136,1.136,1.123,1.134,-0.014,-1.2195,20335.0,2294.286
513500.SH,20150924,1.134,1.133,1.134,1.131,1.133,-0.001,-0.0882,6496.0,735.263
513500.SH,20150925,1.133,1.131,1.132,1.127,1.132,-0.001,-0.0883,5739.0,648.782
513500.SH,20150928,1.132,1.128,1.13,1.127,1.128,-0.004,-0.3534,2195.0,247.548
513500.SH,20150929,1.128,1.105,1.105,1.094,1.097,-0.031,-2.7482,9248.0,1017.342
513500.SH,20150930,1.097,1.119,1.119,1.095,1.105,0.008,0.7293,19390.0,2132.361
513500.SH,20151008,1.105,1.145,1.16,1.145,1.15,0.045,4.0724,20244.0,2331.857
513500.SH,20151009,1.15,1.157,1.166,1.156,1.161,0.011,0.9565,9628.9,1119.304
513500.SH,20151012,1.161,1.165,1.166,1.164,1.166,0.005,0.4307,3714.0,432.837
513500.SH,20151013,1.166,1.164,1.167,1.161,1.163,-0.003,-0.2573,6921.0,806.226
513500.SH,20151014,1.163,1.15,1.159,1.15,1.158,-0.005,-0.4299,2530.0,292.959
513500.SH,20151015,1.158,1.156,1.159,1.153,1.159,0.001,0.0864,13204.0,1526.893
513500.SH,20151016,1.159,1.166,1.174,1.166,1.168,0.009,0.7765,8924.0,1043.869
513500.SH,20151019,1.168,1.18,1.18,1.171,1.173,0.005,0.4281,10024.0,1176.525
513500.SH,20151020,1.173,1.178,1.18,1.177,1.178,0.005,0.4263,8997.0,1060.014
513500.SH,20151021,1.178,1.179,1.18,1.173,1.174,-0.004,-0.3396,13094.0,1539.017
513500.SH,20151022,1.174,1.175,1.175,1.163,1.171,-0.003,-0.2555,2437.0,285.55
513500.SH,20151023,1.171,1.179,1.195,1.179,1.191,0.02,1.7079,17631.0,2102.244
513500.SH,20151026,1.191,1.211,1.211,1.199,1.199,0.008,0.6717,7655.0,920.543
513500.SH,20151027,1.199,1.2,1.205,1.198,1.201,0.002,0.1668,6877.0,825.301
513500.SH,20151028,1.201,1.196,1.202,1.196,1.2,-0.001,-0.0833,2213.0,265.69
513500.SH,20151029,1.2,1.22,1.22,1.21,1.211,0.011,0.9167,3418.0,414.369
513500.SH,20151030,1.211,1.21,1.212,1.209,1.212,0.001,0.0826,2599.0,314.719
513500.SH,20151102,1.212,1.212,1.212,1.204,1.205,-0.007,-0.5776,6324.0,761.966
513500.SH,20151103,1.205,1.213,1.219,1.213,1.219,0.014,1.1618,1686.0,205.298
513500.SH,20151104,1.219,1.222,1.222,1.218,1.221,0.002,0.1641,150819.0,18414.989
513500.SH,20151105,1.221,1.222,1.222,1.217,1.22,-0.001,-0.0819,7915.9,964.522
513500.SH,20151106,1.22,1.22,1.22,1.216,1.218,-0.002,-0.1639,3914.0,476.91
513500.SH,20151109,1.218,1.218,1.221,1.216,1.221,0.003,0.2463,18635.0,2272.56
513500.SH,20151110,1.221,1.213,1.213,1.202,1.209,-0.012,-0.9828,7436.0,898.341
513500.SH,20151111,1.209,1.209,1.214,1.209,1.209,0.0,0.0,1774.0,214.539
513500.SH,20151112,1.209,1.214,1.214,1.207,1.21,0.001,0.0827,1825.0,220.693
513500.SH,20151113,1.21,1.2,1.2,1.19,1.193,-0.017,-1.405,9557.0,1141.436
513500.SH,20151116,1.193,1.18,1.18,1.167,1.179,-0.014,-1.1735,13288.9,1562.276
513500.SH,20151117,1.179,1.193,1.202,1.193,1.202,0.023,1.9508,20110.0,2411.457
513500.SH,20151118,1.202,1.197,1.201,1.196,1.196,-0.006,-0.4992,2022.0,242.167
513500.SH,20151119,1.196,1.201,1.223,1.201,1.219,0.023,1.9231,18830.99,2294.876
513500.SH,20151120,1.219,1.221,1.224,1.219,1.223,0.004,0.3281,4921.0,601.181
513500.SH,20151123,1.223,1.23,1.23,1.224,1.225,0.002,0.1635,5756.0,705.074
513500.SH,20151124,1.225,1.225,1.225,1.22,1.223,-0.002,-0.1633,7918.0,967.728
513500.SH,20151125,1.223,1.222,1.226,1.222,1.222,-0.001,-0.0818,3196.0,390.767
513500.SH,20151126,1.222,1.222,1.226,1.221,1.225,0.003,0.2455,4465.0,546.442
513500.SH,20151127,1.225,1.23,1.231,1.222,1.224,-0.001,-0.0816,6226.0,762.91
513500.SH,20151130,1.224,1.224,1.233,1.221,1.23,0.006,0.4902,21096.0,2587.86
513500.SH,20151201,1.23,1.218,1.23,1.218,1.228,-0.002,-0.1626,21009.0,2572.832
513500.SH,20151202,1.228,1.235,1.238,1.235,1.237,0.009,0.7329,7892.0,975.064
513500.SH,20151203,1.237,1.231,1.231,1.22,1.225,-0.012,-0.9701,10618.0,1298.781
513500.SH,20151204,1.225,1.21,1.21,1.202,1.207,-0.018,-1.4694,30862.0,3719.371
513500.SH,20151207,1.207,1.225,1.23,1.225,1.227,0.02,1.657,2836.0,348.283
513500.SH,20151208,1.227,1.222,1.224,1.22,1.221,-0.006,-0.489,6287.0,768.506
513500.SH,20151209,1.221,1.215,1.218,1.212,1.218,-0.003,-0.2457,5038.0,611.938
513500.SH,20151210,1.218,1.214,1.214,1.209,1.212,-0.006,-0.4926,14504.0,1755.459
513500.SH,20151211,1.212,1.212,1.218,1.212,1.215,0.003,0.2475,1880.0,228.516
513500.SH,20151214,1.215,1.2,1.2,1.189,1.198,-0.017,-1.3992,9443.0,1129.287
513500.SH,20151215,1.198,1.198,1.204,1.198,1.203,0.005,0.4174,19470.0,2337.736
513500.SH,20151216,1.203,1.211,1.219,1.211,1.212,0.009,0.7481,6603.0,802.144
513500.SH,20151217,1.212,1.239,1.24,1.226,1.227,0.015,1.2376,20389.0,2508.343
513500.SH,20151218,1.227,1.219,1.219,1.209,1.211,-0.016,-1.304,13113.0,1589.2
513500.SH,20151221,1.211,1.199,1.201,1.192,1.201,-0.01,-0.8258,19675.0,2358.572
513500.SH,20151222,1.201,1.207,1.208,1.204,1.207,0.006,0.4996,3049.0,367.577
513500.SH,20151223,1.207,1.215,1.216,1.211,1.211,0.004,0.3314,3881.0,470.174
513500.SH,20151224,1.211,1.22,1.227,1.22,1.224,0.013,1.0735,9043.0,1106.219
513500.SH,20151225,1.224,1.224,1.227,1.22,1.227,0.003,0.2451,3407.0,416.813
513500.SH,20151228,1.227,1.224,1.228,1.22,1.223,-0.004,-0.326,5576.0,681.559
513500.SH,20151229,1.223,1.22,1.226,1.22,1.225,0.002,0.1635,2223.0,271.985
513500.SH,20151230,1.225,1.236,1.236,1.233,1.233,0.008,0.6531,4862.0,599.944
513500.SH,20151231,1.233,1.231,1.234,1.224,1.234,0.001,0.0811,4333.0,533.175
513500.SH,20160104,1.234,1.234,1.234,1.22,1.227,-0.007,-0.5673,12996.0,1589.673
513500.SH,20160105,1.227,1.221,1.221,1.198,1.211,-0.016,-1.304,23603.0,2853.143
513500.SH,20160106,1.211,1.215,1.216,1.205,1.214,0.003,0.2477,22323.0,2702.422
513500.SH,20160107,1.214,1.2,1.202,1.196,1.202,-0.012,-0.9885,1464.0,175.807
513500.SH,20160108,1.202,1.191,1.192,1.179,1.192,-0.01,-0.8319,25640.33,3034.639
513500.SH,20160111,1.192,1.174,1.18,1.172,1.173,-0.019,-1.594,13133.33,1543.411
513500.SH,20160112,1.173,1.18,1.18,1.171,1.179,0.006,0.5115,6409.0,752.504
513500.SH,20160113,1.179,1.173,1.184,1.173,1.18,0.001,0.0848,3244.0,383.178
513500.SH,20160114,1.18,1.16,1.166,1.153,1.164,-0.016,-1.3559,10278.0,1192.124
513500.SH,20160115,1.164,1.17,1.172,1.167,1.171,0.007,0.6014,6702.0,784.449
513500.SH,20160118,1.171,1.165,1.165,1.14,1.163,-0.008,-0.6832,3014.17,349.125
513500.SH,20160119,1.163,1.145,1.18,1.145,1.179,0.016,1.3758,3343.0,389.248
513500.SH,20160120,1.179,1.179,1.179,1.158,1.158,-0.021,-1.7812,3509.0,408.589
513500.SH,20160121,1.158,1.158,1.17,1.146,1.146,-0.012,-1.0363,8249.0,955.138
513500.SH,20160122,1.146,1.14,1.17,1.14,1.169,0.023,2.007,3589.0,416.155
513500.SH,20160125,1.169,1.171,1.175,1.155,1.162,-0.007,-0.5988,5226.0,608.148
513500.SH,20160126,1.162,1.155,1.155,1.136,1.136,-0.026,-2.2375,5825.0,666.567
513500.SH,20160127,1.136,1.155,1.155,1.142,1.15,0.014,1.2324,2959.0,339.819
513500.SH,20160128,1.15,1.146,1.149,1.138,1.14,-0.01,-0.8696,3535.0,403.676
513500.SH,20160129,1.14,1.147,1.153,1.142,1.153,0.013,1.1404,4878.0,560.139
513500.SH,20160201,1.153,1.164,1.173,1.164,1.166,0.013,1.1275,3338.0,389.112
513500.SH,20160202,1.166,1.166,1.173,1.159,1.167,0.001,0.0858,4451.0,518.95
513500.SH,20160203,1.167,1.147,1.166,1.147,1.165,-0.002,-0.1714,2541.0,294.826
513500.SH,20160204,1.165,1.165,1.198,1.165,1.198,0.033,2.8326,6118.0,718.217
513500.SH,20160205,1.198,1.19,1.193,1.15,1.193,-0.005,-0.4174,14895.0,1751.251
513500.SH,20160215,1.193,1.18,1.188,1.145,1.181,-0.012,-1.0059,3706.0,435.723
513500.SH,20160216,1.181,1.182,1.187,1.165,1.187,0.006,0.508,2836.0,334.508
513500.SH,20160217,1.187,1.191,1.191,1.178,1.179,-0.008,-0.674,1551.0,183.257
513500.SH,20160218,1.179,1.185,1.195,1.18,1.18,0.001,0.0848,4289.0,509.447
513500.SH,20160219,1.18,1.18,1.186,1.166,1.177,-0.003,-0.2542,2292.0,269.785
513500.SH,20160222,1.177,1.177,1.19,1.174,1.175,-0.002,-0.1699,2044.0,240.588
513500.SH,20160223,1.175,1.183,1.187,1.178,1.178,0.003,0.2553,2997.0,354.473
513500.SH,20160224,1.178,1.174,1.174,1.165,1.17,-0.008,-0.6791,3063.94,358.034
513500.SH,20160225,1.17,1.17,1.179,1.165,1.17,0.0,0.0,3714.94,435.532
513500.SH,20160226,1.17,1.175,1.24,1.175,1.188,0.018,1.5385,6278.5,748.938
513500.SH,20160229,1.188,1.188,1.19,1.176,1.187,-0.001,-0.0842,2208.12,261.321
513500.SH,20160301,1.187,1.18,1.187,1.171,1.184,-0.003,-0.2527,4513.0,531.784
513500.SH,20160302,1.184,1.195,1.21,1.195,1.205,0.021,1.7736,9292.0,1118.965
513500.SH,20160303,1.205,1.201,1.21,1.2,1.204,-0.001,-0.083,3299.0,397.256
513500.SH,20160304,1.204,1.211,1.211,1.2,1.205,0.001,0.0831,3561.18,428.746
513500.SH,20160307,1.205,1.21,1.212,1.206,1.211,0.006,0.4979,2978.27,360.12
513500.SH,20160308,1.211,1.212,1.212,1.192,1.203,-0.008,-0.6606,4946.0,594.374
513500.SH,20160309,1.203,1.198,1.199,1.182,1.195,-0.008,-0.665,3397.0,404.292
513500.SH,20160310,1.195,1.192,1.199,1.192,1.196,0.001,0.0837,2425.0,290.336
513500.SH,20160311,1.196,1.194,1.198,1.186,1.196,0.0,0.0,2732.0,325.903
513500.SH,20160314,1.196,1.216,1.216,1.205,1.212,0.016,1.3378,5803.0,703.006
513500.SH,20160315,1.212,1.213,1.213,1.206,1.207,-0.005,-0.4125,8476.0,1023.691
513500.SH,20160316,1.207,1.207,1.207,1.199,1.207,0.0,0.0,16485.0,1983.441
513500.SH,20160317,1.207,1.213,1.218,1.207,1.212,0.005,0.4143,7623.0,924.427
513500.SH,20160318,1.212,1.22,1.22,1.211,1.214,0.002,0.165,5641.0,685.365
513500.SH,20160321,1.214,1.217,1.232,1.217,1.223,0.009,0.7414,7694.0,941.88
513500.SH,20160322,1.223,1.231,1.231,1.218,1.22,-0.003,-0.2453,7143.0,872.166
513500.SH,20160323,1.22,1.223,1.231,1.218,1.221,0.001,0.082,11008.0,1343.82
513500.SH,20160324,1.221,1.218,1.218,1.21,1.212,-0.009,-0.7371,1746.0,211.875
513500.SH,20160325,1.212,1.22,1.22,1.213,1.214,0.002,0.165,2032.99,246.886
513500.SH,20160328,1.214,1.214,1.214,1.204,1.209,-0.005,-0.4119,9085.0,1097.047
513500.SH,20160329,1.209,1.209,1.213,1.203,1.207,-0.002,-0.1654,2748.0,332.154
513500.SH,20160330,1.207,1.219,1.22,1.214,1.217,0.01,0.8285,3713.32,451.801
513500.SH,20160331,1.217,1.222,1.224,1.215,1.217,0.0,0.0,3445.0,419.467
513500.SH,20160401,1.217,1.216,1.217,1.212,1.215,-0.002,-0.1643,2110.0,256.256
513500.SH,20160405,1.215,1.218,1.22,1.215,1.22,0.005,0.4115,2687.0,327.296
513500.SH,20160406,1.22,1.207,1.218,1.207,1.218,-0.002,-0.1639,3967.0,482.04
513500.SH,20160407,1.218,1.238,1.238,1.222,1.224,0.006,0.4926,2441.0,299.102
513500.SH,20160408,1.224,1.22,1.22,1.213,1.219,-0.005,-0.4085,1320.0,160.63
513500.SH,20160411,1.219,1.221,1.226,1.22,1.224,0.005,0.4102,10654.0,1304.641
513500.SH,20160412,1.224,1.225,1.225,1.219,1.221,-0.003,-0.2451,1482.5,181.013
513500.SH,20160413,1.221,1.225,1.234,1.225,1.225,0.004,0.3276,3371.0,414.486
513500.SH,20160414,1.225,1.238,1.238,1.23,1.233,0.008,0.6531,5397.0,664.857
513500.SH,20160415,1.233,1.233,1.233,1.23,1.233,0.0,0.0,2504.0,308.58
513500.SH,20160418,1.233,1.232,1.233,1.228,1.231,-0.002,-0.1622,5643.0,694.689
513500.SH,20160419,1.231,1.234,1.239,1.232,1.239,0.008,0.6499,18431.0,2276.539
513500.SH,20160420,1.239,1.242,1.248,1.228,1.241,0.002,0.1614,9573.0,1185.738
513500.SH,20160421,1.241,1.245,1.25,1.235,1.25,0.009,0.7252,7623.0,947.733
513500.SH,20160422,1.25,1.25,1.25,1.24,1.247,-0.003,-0.24,2021.0,251.104
513500.SH,20160425,1.247,1.245,1.245,1.236,1.241,-0.006,-0.4812,6168.5,764.513
513500.SH,20160426,1.241,1.245,1.248,1.24,1.248,0.007,0.5641,4214.5,524.169
513500.SH,20160427,1.248,1.25,1.253,1.248,1.251,0.003,0.2404,9636.0,1204.12
513500.SH,20160428,1.251,1.251,1.259,1.248,1.255,0.004,0.3197,6885.0,862.272
513500.SH,20160429,1.255,1.243,1.254,1.235,1.239,-0.016,-1.2749,7377.0,913.743
513500.SH,20160503,1.239,1.238,1.245,1.232,1.245,0.006,0.4843,1983.0,246.357
513500.SH,20160504,1.245,1.24,1.245,1.231,1.232,-0.013,-1.0442,5345.0,661.857
513500.SH,20160505,1.232,1.232,1.234,1.222,1.226,-0.006,-0.487,8901.0,1091.688
513500.SH,20160506,1.226,1.23,1.23,1.225,1.225,-0.001,-0.0816,1982.0,243.029
513500.SH,20160509,1.225,1.231,1.25,1.228,1.25,0.025,2.0408,4004.0,494.569
513500.SH,20160510,1.25,1.249,1.256,1.236,1.246,-0.004,-0.32,6982.0,865.511
513500.SH,20160511,1.246,1.25,1.258,1.25,1.256,0.01,0.8026,3405.0,427.507
513500.SH,20160512,1.256,1.25,1.25,1.242,1.25,-0.006,-0.4777,3725.0,464.989
513500.SH,20160513,1.25,1.241,1.253,1.231,1.242,-0.008,-0.64,3580.0,444.739
513500.SH,20160516,1.242,1.226,1.237,1.226,1.235,-0.007,-0.5636,4878.0,602.233
513500.SH,20160517,1.235,1.239,1.249,1.239,1.241,0.006,0.4858,4752.0,590.758
513500.SH,20160518,1.241,1.238,1.238,1.228,1.231,-0.01,-0.8058,3426.0,421.678
513500.SH,20160519,1.231,1.231,1.236,1.229,1.232,0.001,0.0812,5151.0,633.804
513500.SH,20160520,1.232,1.232,1.232,1.228,1.23,-0.002,-0.1623,3198.0,393.864
513500.SH,20160523,1.23,1.238,1.238,1.233,1.236,0.006,0.4878,4040.0,498.795
513500.SH,20160524,1.236,1.236,1.236,1.23,1.232,-0.004,-0.3236,1927.0,237.47
513500.SH,20160525,1.232,1.245,1.248,1.243,1.247,0.015,1.2175,4872.0,606.637
513500.SH,20160526,1.247,1.249,1.257,1.249,1.254,0.007,0.5613,7217.0,903.279
513500.SH,20160527,1.254,1.257,1.257,1.253,1.256,0.002,0.1595,2294.0,287.791
513500.SH,20160530,1.256,1.256,1.282,1.256,1.279,0.023,1.8312,18585.99,2368.832
513500.SH,20160531,1.279,1.282,1.282,1.27,1.282,0.003,0.2346,4014.0,513.116
513500.SH,20160601,1.282,1.282,1.286,1.277,1.279,-0.003,-0.234,2901.0,371.611
513500.SH,20160602,1.279,1.281,1.281,1.274,1.277,-0.002,-0.1564,1451.0,185.3
513500.SH,20160603,1.277,1.278,1.29,1.263,1.274,-0.003,-0.2349,8086.0,1033.273
513500.SH,20160606,1.274,1.274,1.275,1.263,1.266,-0.008,-0.6279,8633.0,1094.152
513500.SH,20160607,1.266,1.272,1.274,1.265,1.27,0.004,0.316,10656.0,1351.813
513500.SH,20160608,1.27,1.27,1.274,1.266,1.273,0.003,0.2362,5682.0,721.618
513500.SH,20160613,1.273,1.265,1.265,1.255,1.258,-0.015,-1.1783,8264.0,1039.955
513500.SH,20160614,1.258,1.251,1.259,1.251,1.259,0.001,0.0795,4936.0,620.217
513500.SH,20160615,1.259,1.263,1.265,1.255,1.265,0.006,0.4766,2647.25,333.871
513500.SH,20160616,1.265,1.263,1.263,1.257,1.262,-0.003,-0.2372,2029.25,255.727
513500.SH,20160617,1.262,1.267,1.267,1.261,1.265,0.003,0.2377,2134.5,269.56
513500.SH,20160620,1.265,1.275,1.275,1.263,1.275,0.01,0.7905,3343.0,423.996
513500.SH,20160621,1.275,1.275,1.275,1.268,1.275,0.0,0.0,1675.0,213.141
513500.SH,20160622,1.275,1.275,1.277,1.269,1.269,-0.006,-0.4706,4497.0,572.445
513500.SH,20160623,1.269,1.269,1.274,1.269,1.272,0.003,0.2364,1298.0,165.179
513500.SH,20160624,1.272,1.276,1.285,1.24,1.259,-0.013,-1.022,10655.0,1342.265
513500.SH,20160627,1.259,1.24,1.277,1.24,1.26,0.001,0.0794,4436.5,559.144
513500.SH,20160628,1.26,1.259,1.26,1.222,1.256,-0.004,-0.3175,10388.0,1289.639
513500.SH,20160629,1.256,1.273,1.274,1.263,1.264,0.008,0.6369,4302.0,545.399
513500.SH,20160630,1.264,1.269,1.285,1.269,1.285,0.021,1.6614,7526.0,961.858
513500.SH,20160701,1.285,1.29,1.296,1.289,1.294,0.009,0.7004,2256.0,291.731
513500.SH,20160704,1.294,1.295,1.298,1.28,1.283,-0.011,-0.8501,18822.0,2418.441
513500.SH,20160705,1.283,1.282,1.285,1.281,1.282,-0.001,-0.0779,3123.0,400.709
513500.SH,20160706,1.282,1.282,1.284,1.28,1.283,0.001,0.078,2698.0,345.886
513500.SH,20160707,1.283,1.286,1.295,1.284,1.293,0.01,0.7794,3814.0,490.974
513500.SH,20160708,1.293,1.293,1.3,1.287,1.299,0.006,0.464,2644.0,342.318
513500.SH,20160711,1.299,1.303,1.327,1.303,1.319,0.02,1.5396,4713.0,620.85
513500.SH,20160712,1.319,1.318,1.338,1.318,1.333,0.014,1.0614,5574.0,741.399
513500.SH,20160713,1.333,1.333,1.358,1.333,1.342,0.009,0.6752,5351.0,720.116
513500.SH,20160714,1.342,1.353,1.353,1.337,1.337,-0.005,-0.3726,5539.0,744.911
513500.SH,20160715,1.337,1.36,1.4,1.341,1.357,0.02,1.4959,5372.0,731.714
513500.SH,20160718,1.357,1.359,1.36,1.345,1.348,-0.009,-0.6632,4625.0,623.853
513500.SH,20160719,1.348,1.352,1.365,1.345,1.365,0.017,1.2611,3661.0,494.892
513500.SH,20160720,1.365,1.36,1.365,1.352,1.361,-0.004,-0.293,2409.0,327.82
513500.SH,20160721,1.361,1.38,1.395,1.369,1.391,0.03,2.2043,6966.0,966.35
513500.SH,20160722,1.391,1.389,1.389,1.362,1.378,-0.013,-0.9346,7046.0,967.554
513500.SH,20160725,1.378,1.378,1.398,1.378,1.396,0.018,1.3062,4197.0,584.989
513500.SH,20160726,1.396,1.392,1.4,1.375,1.4,0.004,0.2865,8148.0,1137.181
513500.SH,20160727,1.4,1.405,1.405,1.361,1.392,-0.008,-0.5714,4851.0,675.104
513500.SH,20160728,1.392,1.392,1.392,1.378,1.381,-0.011,-0.7902,4733.0,655.062
513500.SH,20160729,1.381,1.383,1.419,1.382,1.419,0.038,2.7516,4873.5,677.463
513500.SH,20160801,1.419,1.42,1.424,1.402,1.409,-0.01,-0.7047,7011.0,990.403
513500.SH,20160802,1.409,1.411,1.421,1.403,1.42,0.011,0.7807,3005.0,425.006
513500.SH,20160803,1.42,1.404,1.404,1.392,1.395,-0.025,-1.7606,3983.0,555.559
513500.SH,20160804,1.395,1.398,1.4,1.388,1.39,-0.005,-0.3584,3149.0,439.002
513500.SH,20160805,1.39,1.39,1.392,1.385,1.387,-0.003,-0.2158,3923.0,544.895
513500.SH,20160808,1.387,1.409,1.409,1.392,1.404,0.017,1.2257,4788.0,670.592
513500.SH,20160809,1.404,1.403,1.404,1.396,1.404,0.0,0.0,3770.0,527.81
513500.SH,20160810,1.404,1.405,1.409,1.4,1.4,-0.004,-0.2849,3581.0,503.087
513500.SH,20160811,1.4,1.407,1.407,1.39,1.394,-0.006,-0.4286,8202.0,1143.016
513500.SH,20160812,1.394,1.398,1.405,1.38,1.388,-0.006,-0.4304,5084.0,709.825
513500.SH,20160815,1.388,1.389,1.398,1.388,1.39,0.002,0.1441,5954.0,828.248
513500.SH,20160816,1.39,1.41,1.413,1.383,1.386,-0.004,-0.2878,5618.5,780.577
513500.SH,20160817,1.386,1.38,1.383,1.37,1.374,-0.012,-0.8658,10348.5,1421.115
513500.SH,20160818,1.374,1.374,1.383,1.374,1.376,0.002,0.1456,4772.0,657.4
513500.SH,20160819,1.376,1.388,1.388,1.373,1.378,0.002,0.1453,3738.5,514.727
513500.SH,20160822,1.378,1.374,1.38,1.373,1.38,0.002,0.1451,2918.0,401.901
513500.SH,20160823,1.38,1.38,1.38,1.374,1.38,0.0,0.0,1872.0,258.042
513500.SH,20160824,1.38,1.38,1.387,1.376,1.387,0.007,0.5072,2736.0,378.788
513500.SH,20160825,1.387,1.387,1.387,1.376,1.384,-0.003,-0.2163,2104.0,290.967
513500.SH,20160826,1.384,1.386,1.387,1.384,1.385,0.001,0.0723,1344.0,186.129
513500.SH,20160829,1.385,1.385,1.385,1.374,1.382,-0.003,-0.2166,1001.0,138.466
513500.SH,20160830,1.382,1.382,1.4,1.382,1.398,0.016,1.1577,5278.0,736.747
513500.SH,20160831,1.398,1.398,1.406,1.392,1.405,0.007,0.5007,2992.5,418.91
513500.SH,20160901,1.405,1.405,1.406,1.4,1.401,-0.004,-0.2847,3122.0,437.876
513500.SH,20160902,1.401,1.405,1.405,1.399,1.404,0.003,0.2141,1795.0,251.481
513500.SH,20160905,1.404,1.404,1.419,1.404,1.419,0.015,1.0684,3037.0,429.448
513500.SH,20160906,1.419,1.419,1.45,1.419,1.445,0.026,1.8323,4469.0,642.541
513500.SH,20160907,1.445,1.445,1.46,1.445,1.451,0.006,0.4152,4019.0,585.143
513500.SH,20160908,1.451,1.451,1.458,1.441,1.449,-0.002,-0.1378,2128.0,307.877
513500.SH,20160909,1.449,1.449,1.449,1.435,1.443,-0.006,-0.4141,2675.0,385.783
513500.SH,20160912,1.443,1.43,1.43,1.391,1.404,-0.039,-2.7027,10211.0,1431.479
513500.SH,20160913,1.404,1.414,1.439,1.414,1.417,0.013,0.9259,3365.0,478.71
513500.SH,20160914,1.417,1.425,1.425,1.402,1.415,-0.002,-0.1411,2637.49,371.886
513500.SH,20160919,1.415,1.42,1.427,1.41,1.424,0.009,0.636,4220.0,599.831
513500.SH,20160920,1.424,1.425,1.425,1.409,1.423,-0.001,-0.0702,1491.49,211.564
513500.SH,20160921,1.423,1.421,1.48,1.421,1.441,0.018,1.2649,3364.0,486.787
513500.SH,20160922,1.441,1.443,1.463,1.443,1.453,0.012,0.8328,2948.0,429.377
513500.SH,20160923,1.453,1.467,1.467,1.458,1.465,0.012,0.8259,3368.0,492.406
513500.SH,20160926,1.465,1.459,1.459,1.442,1.447,-0.018,-1.2287,4238.0,613.954
513500.SH,20160927,1.447,1.441,1.449,1.43,1.446,-0.001,-0.0691,4288.0,618.192
513500.SH,20160928,1.446,1.446,1.457,1.43,1.445,-0.001,-0.0692,2293.0,331.688
513500.SH,20160929,1.445,1.445,1.459,1.433,1.435,-0.01,-0.692,5894.0,848.156
513500.SH,20160930,1.435,1.435,1.45,1.434,1.449,0.014,0.9756,4430.0,639.143
513500.SH,20161010,1.449,1.449,1.464,1.449,1.464,0.015,1.0352,6870.0,1002.879
513500.SH,20161011,1.464,1.464,1.484,1.464,1.477,0.013,0.888,4970.0,733.903
513500.SH,20161012,1.477,1.466,1.484,1.46,1.477,0.0,0.0,2521.0,372.429
513500.SH,20161013,1.477,1.482,1.509,1.48,1.508,0.031,2.0988,5437.0,812.244
513500.SH,20161014,1.508,1.497,1.525,1.491,1.521,0.013,0.8621,6287.0,950.761
513500.SH,20161017,1.521,1.521,1.521,1.492,1.506,-0.015,-0.9862,9047.0,1363.988
513500.SH,20161018,1.506,1.505,1.52,1.501,1.507,0.001,0.0664,3017.0,455.502
513500.SH,20161019,1.507,1.51,1.515,1.501,1.51,0.003,0.1991,4351.0,656.688
513500.SH,20161020,1.51,1.509,1.517,1.508,1.512,0.002,0.1325,5604.0,848.352
513500.SH,20161021,1.512,1.512,1.53,1.512,1.514,0.002,0.1323,6635.0,1009.366
513500.SH,20161024,1.514,1.514,1.517,1.51,1.516,0.002,0.1321,5682.0,860.324
513500.SH,20161025,1.516,1.535,1.54,1.518,1.521,0.005,0.3298,4223.0,642.948
513500.SH,20161026,1.521,1.52,1.524,1.516,1.52,-0.001,-0.0657,6611.0,1004.998
513500.SH,20161027,1.52,1.52,1.52,1.508,1.511,-0.009,-0.5921,4623.0,699.049
513500.SH,20161028,1.511,1.511,1.511,1.502,1.506,-0.005,-0.3309,2696.0,405.798
513500.SH,20161031,1.506,1.506,1.515,1.495,1.51,0.004,0.2656,4310.0,650.805
513500.SH,20161101,1.51,1.51,1.517,1.51,1.513,0.003,0.1987,4479.0,677.87
513500.SH,20161102,1.513,1.512,1.562,1.503,1.505,-0.008,-0.5288,3678.0,557.83
513500.SH,20161103,1.505,1.506,1.506,1.481,1.498,-0.007,-0.4651,3629.0,542.324
513500.SH,20161104,1.498,1.497,1.498,1.481,1.488,-0.01,-0.6676,4266.0,636.105
513500.SH,20161107,1.488,1.485,1.507,1.476,1.505,0.017,1.1425,8399.0,1254.247
513500.SH,20161108,1.505,1.511,1.54,1.505,1.515,0.01,0.6645,15572.0,2363.633
513500.SH,20161109,1.515,1.516,1.523,1.441,1.471,-0.044,-2.9043,26654.0,3941.426
513500.SH,20161110,1.471,1.5,1.518,1.487,1.503,0.032,2.1754,14171.0,2127.478
513500.SH,20161111,1.503,1.503,1.503,1.477,1.497,-0.006,-0.3992,5593.0,832.9
513500.SH,20161114,1.497,1.497,1.503,1.49,1.495,-0.002,-0.1336,7153.0,1071.588
513500.SH,20161115,1.495,1.497,1.506,1.495,1.499,0.004,0.2676,5479.0,822.461
513500.SH,20161116,1.499,1.501,1.584,1.501,1.539,0.04,2.6684,17244.0,2672.375
513500.SH,20161117,1.539,1.539,1.569,1.532,1.549,0.01,0.6498,4440.0,688.185
513500.SH,20161118,1.549,1.561,1.57,1.551,1.56,0.011,0.7101,198066.0,30816.927
513500.SH,20161121,1.56,1.56,1.57,1.552,1.558,-0.002,-0.1282,4992.0,777.813
513500.SH,20161122,1.558,1.559,1.581,1.559,1.579,0.021,1.3479,11368.0,1793.067
513500.SH,20161123,1.579,1.58,1.598,1.58,1.595,0.016,1.0133,73832.0,11767.004
513500.SH,20161124,1.595,1.594,1.688,1.594,1.666,0.071,4.4514,21990.0,3639.932
513500.SH,20161125,1.666,1.68,1.832,1.672,1.697,0.031,1.8607,31674.0,5478.257
513500.SH,20161128,1.697,1.7,1.75,1.65,1.666,-0.031,-1.8268,24039.0,4027.218
513500.SH,20161129,1.666,1.666,1.667,1.633,1.644,-0.022,-1.3205,18235.5,3002.884
513500.SH,20161130,1.644,1.644,1.679,1.642,1.666,0.022,1.3382,9361.0,1551.403
513500.SH,20161201,1.666,1.666,1.685,1.656,1.683,0.017,1.0204,9439.0,1579.347
513500.SH,20161202,1.683,1.678,1.682,1.665,1.68,-0.003,-0.1783,6739.0,1127.544
513500.SH,20161205,1.68,1.68,1.739,1.676,1.735,0.055,3.2738,17034.0,2926.444
513500.SH,20161206,1.735,1.754,1.845,1.754,1.779,0.044,2.536,23322.0,4158.404
513500.SH,20161207,1.779,1.783,1.839,1.783,1.83,0.051,2.8668,28459.0,5197.374
513500.SH,20161208,1.83,1.88,1.925,1.798,1.8,-0.03,-1.6393,54155.8,10166.673
513500.SH,20161209,1.8,1.79,1.81,1.733,1.76,-0.04,-2.2222,33243.0,5878.44
513500.SH,20161212,1.76,1.761,1.818,1.761,1.798,0.038,2.1591,26089.78,4688.977
513500.SH,20161213,1.798,1.798,1.899,1.795,1.872,0.074,4.1157,29228.32,5356.978
513500.SH,20161214,1.872,1.879,1.899,1.837,1.842,-0.03,-1.6026,29424.0,5493.528
513500.SH,20161215,1.842,1.84,1.84,1.741,1.795,-0.047,-2.5516,24958.0,4448.346
513500.SH,20161216,1.795,1.803,1.855,1.803,1.842,0.047,2.6184,26862.78,4932.954
513500.SH,20161219,1.842,1.842,1.95,1.842,1.876,0.034,1.8458,60036.5,11288.633
513500.SH,20161220,1.876,1.918,1.92,1.878,1.897,0.021,1.1194,37183.5,7069.928
513500.SH,20161221,1.897,1.905,1.996,1.905,1.982,0.085,4.4808,153333.32,29654.694
513500.SH,20161222,1.982,1.97,1.97,1.935,1.97,-0.012,-0.6054,277203.0,54385.335
513500.SH,20161223,1.97,1.962,1.974,1.9,1.904,-0.066,-3.3503,1804227.0,354297.767
513500.SH,20161226,1.904,1.876,1.946,1.87,1.911,0.007,0.3676,22454.94,4293.699
513500.SH,20161227,1.911,1.912,1.928,1.823,1.84,-0.071,-3.7153,38698.94,7215.951
513500.SH,20161228,1.84,1.812,1.819,1.656,1.677,-0.163,-8.8587,104483.49,17864.563
513500.SH,20161229,1.677,1.55,1.64,1.53,1.615,-0.062,-3.6971,42457.83,6798.477
513500.SH,20161230,1.615,1.614,1.614,1.556,1.577,-0.038,-2.3529,59593.0,9398.911
513500.SH,20170103,1.577,1.435,1.488,1.435,1.451,-0.126,-7.9899,238936.98,34901.232
513500.SH,20170104,1.451,1.457,1.464,1.453,1.462,0.011,0.7581,177192.49,25824.142
513500.SH,20170105,1.462,1.466,1.478,1.457,1.462,0.0,0.0,155291.0,22703.013
513500.SH,20170106,1.462,1.457,1.46,1.452,1.455,-0.007,-0.4788,93509.0,13628.932
513500.SH,20170109,1.455,1.457,1.462,1.457,1.459,0.004,0.2749,43446.69,6336.156
513500.SH,20170110,1.459,1.459,1.459,1.445,1.452,-0.007,-0.4798,52910.0,7666.724
513500.SH,20170111,1.452,1.452,1.453,1.447,1.451,-0.001,-0.0689,28576.17,4146.148
513500.SH,20170112,1.451,1.455,1.458,1.452,1.453,0.002,0.1378,38240.0,5559.594
513500.SH,20170113,1.453,1.45,1.455,1.448,1.454,0.001,0.0688,42054.0,6107.339
513500.SH,20170116,1.454,1.452,1.455,1.45,1.454,0.0,0.0,32359.0,4702.542
513500.SH,20170117,1.454,1.454,1.454,1.439,1.442,-0.012,-0.8253,35036.0,5062.078
513500.SH,20170118,1.442,1.441,1.462,1.434,1.447,0.005,0.3467,56821.0,8210.146
513500.SH,20170119,1.447,1.449,1.45,1.442,1.443,-0.004,-0.2764,26673.0,3858.044
513500.SH,20170120,1.443,1.442,1.442,1.437,1.439,-0.004,-0.2772,28408.0,4086.172
513500.SH,20170123,1.439,1.439,1.443,1.431,1.433,-0.006,-0.417,42499.0,6103.02
513500.SH,20170124,1.433,1.434,1.438,1.43,1.431,-0.002,-0.1396,30721.0,4400.145
513500.SH,20170125,1.431,1.438,1.451,1.437,1.446,0.015,1.0482,48263.9,6968.992
513500.SH,20170126,1.446,1.46,1.465,1.442,1.458,0.012,0.8299,109732.61,15963.092
513500.SH,20170203,1.458,1.447,1.448,1.44,1.446,-0.012,-0.823,37219.0,5372.18
513500.SH,20170206,1.446,1.454,1.459,1.453,1.459,0.013,0.899,35189.9,5124.574
513500.SH,20170207,1.459,1.457,1.457,1.454,1.456,-0.003,-0.2056,20695.0,3012.58
513500.SH,20170208,1.456,1.457,1.462,1.455,1.461,0.005,0.3434,29808.5,4349.491
513500.SH,20170209,1.461,1.459,1.46,1.455,1.455,-0.006,-0.4107,28303.0,4124.434
513500.SH,20170210,1.455,1.464,1.473,1.463,1.472,0.017,1.1684,83767.0,12299.317
513500.SH,20170213,1.472,1.476,1.486,1.474,1.481,0.009,0.6114,34646.0,5118.778
513500.SH,20170214,1.481,1.486,1.487,1.478,1.48,-0.001,-0.0675,42708.0,6333.77
513500.SH,20170215,1.48,1.485,1.49,1.485,1.488,0.008,0.5405,52670.0,7836.165
513500.SH,20170216,1.488,1.498,1.498,1.486,1.488,0.0,0.0,78844.0,11755.841
513500.SH,20170217,1.488,1.488,1.488,1.482,1.485,-0.003,-0.2016,29502.0,4378.487
513500.SH,20170220,1.485,1.486,1.49,1.483,1.49,0.005,0.3367,57433.0,8536.775
513500.SH,20170221,1.49,1.492,1.493,1.487,1.489,-0.001,-0.0671,23478.0,3495.579
513500.SH,20170222,1.489,1.497,1.503,1.494,1.503,0.014,0.9402,64167.0,9618.75
513500.SH,20170223,1.503,1.503,1.509,1.501,1.507,0.004,0.2661,35300.01,5315.647
513500.SH,20170224,1.507,1.51,1.51,1.506,1.509,0.002,0.1327,43120.0,6504.15
513500.SH,20170227,1.509,1.51,1.51,1.502,1.508,-0.001,-0.0663,18780.02,2831.386
513500.SH,20170228,1.508,1.508,1.521,1.508,1.519,0.011,0.7294,55348.0,8389.155
513500.SH,20170301,1.519,1.514,1.543,1.511,1.541,0.022,1.4483,39711.0,6076.359
513500.SH,20170302,1.541,1.568,1.688,1.568,1.623,0.082,5.3212,194218.0,31653.065
513500.SH,20170303,1.623,1.6,1.64,1.6,1.63,0.007,0.4313,69113.0,11216.002
513500.SH,20170306,1.63,1.63,1.684,1.63,1.678,0.048,2.9448,82466.0,13754.195
513500.SH,20170307,1.678,1.667,1.694,1.58,1.628,-0.05,-2.9797,145785.02,23934.401
513500.SH,20170308,1.628,1.625,1.628,1.583,1.595,-0.033,-2.027,91687.0,14631.571
513500.SH,20170309,1.595,1.595,1.596,1.546,1.556,-0.039,-2.4451,93823.0,14668.206
513500.SH,20170310,1.556,1.548,1.614,1.548,1.59,0.034,2.1851,87622.0,13916.238
513500.SH,20170313,1.59,1.601,1.633,1.596,1.603,0.013,0.8176,67133.0,10799.089
513500.SH,20170314,1.603,1.607,1.619,1.607,1.617,0.014,0.8734,28136.01,4537.711
513500.SH,20170315,1.617,1.613,1.613,1.58,1.594,-0.023,-1.4224,42546.03,6764.274
513500.SH,20170316,1.594,1.63,1.659,1.611,1.613,0.019,1.192,70166.0,11418.878
513500.SH,20170317,1.613,1.609,1.62,1.601,1.611,-0.002,-0.124,23649.0,3814.159
513500.SH,20170320,1.611,1.61,1.616,1.608,1.612,0.001,0.0621,14448.0,2327.44
513500.SH,20170321,1.612,1.609,1.616,1.602,1.615,0.003,0.1861,21909.01,3525.922
513500.SH,20170322,1.615,1.579,1.587,1.549,1.555,-0.06,-3.7152,85167.0,13356.283
513500.SH,20170323,1.555,1.57,1.572,1.553,1.555,0.0,0.0,27313.0,4255.524
513500.SH,20170324,1.555,1.551,1.554,1.535,1.542,-0.013,-0.836,30789.0,4742.19
513500.SH,20170327,1.542,1.541,1.542,1.518,1.521,-0.021,-1.3619,36501.0,5564.398
513500.SH,20170328,1.521,1.521,1.541,1.521,1.538,0.017,1.1177,18113.05,2780.71
513500.SH,20170329,1.538,1.553,1.557,1.54,1.553,0.015,0.9753,19706.0,3059.276
513500.SH,20170330,1.553,1.555,1.559,1.541,1.547,-0.006,-0.3863,18205.0,2820.406
513500.SH,20170331,1.547,1.554,1.593,1.549,1.574,0.027,1.7453,48060.0,7555.641
513500.SH,20170405,1.574,1.574,1.577,1.559,1.564,-0.01,-0.6353,21347.61,3340.857
513500.SH,20170406,1.564,1.564,1.564,1.532,1.549,-0.015,-0.9591,24591.0,3795.266
513500.SH,20170407,1.549,1.553,1.553,1.541,1.543,-0.006,-0.3873,22060.0,3407.659
513500.SH,20170410,1.543,1.542,1.546,1.54,1.546,0.003,0.1944,10932.0,1687.513
513500.SH,20170411,1.546,1.549,1.551,1.534,1.54,-0.006,-0.3881,16523.0,2549.366
513500.SH,20170412,1.54,1.54,1.54,1.53,1.534,-0.006,-0.3896,12364.0,1895.806
513500.SH,20170413,1.534,1.53,1.53,1.525,1.529,-0.005,-0.3259,8476.0,1295.018
513500.SH,20170414,1.529,1.527,1.527,1.512,1.515,-0.014,-0.9156,17943.0,2721.101
513500.SH,20170417,1.515,1.515,1.515,1.498,1.507,-0.008,-0.5281,15864.0,2387.983
513500.SH,20170418,1.507,1.516,1.542,1.516,1.535,0.028,1.858,17238.0,2642.287
513500.SH,20170419,1.535,1.532,1.532,1.513,1.522,-0.013,-0.8469,16023.0,2437.174
513500.SH,20170420,1.522,1.522,1.522,1.509,1.517,-0.005,-0.3285,16799.0,2546.553
513500.SH,20170421,1.517,1.535,1.535,1.527,1.528,0.011,0.7251,24050.0,3682.87
513500.SH,20170424,1.528,1.53,1.549,1.529,1.536,0.008,0.5236,26561.9,4082.316
513500.SH,20170425,1.536,1.549,1.559,1.543,1.559,0.023,1.4974,57802.32,8975.021
513500.SH,20170426,1.559,1.569,1.585,1.565,1.568,0.009,0.5773,26675.0,4190.712
513500.SH,20170427,1.568,1.565,1.565,1.536,1.541,-0.027,-1.7219,31806.0,4916.787
513500.SH,20170428,1.541,1.55,1.553,1.54,1.553,0.012,0.7787,15067.0,2331.461
513500.SH,20170502,1.553,1.557,1.557,1.549,1.552,-0.001,-0.0644,20252.0,3145.183
513500.SH,20170503,1.552,1.555,1.555,1.548,1.55,-0.002,-0.1289,13935.0,2163.607
513500.SH,20170504,1.55,1.55,1.55,1.542,1.547,-0.003,-0.1935,7314.0,1130.361
513500.SH,20170505,1.547,1.549,1.549,1.539,1.544,-0.003,-0.1939,10390.0,1602.359
513500.SH,20170508,1.544,1.557,1.56,1.55,1.559,0.015,0.9715,35046.0,5455.034
513500.SH,20170509,1.559,1.558,1.56,1.546,1.553,-0.006,-0.3849,18758.0,2911.163
513500.SH,20170510,1.553,1.554,1.554,1.546,1.548,-0.005,-0.322,13983.0,2167.693
513500.SH,20170511,1.548,1.549,1.557,1.549,1.554,0.006,0.3876,8410.0,1307.032
513500.SH,20170512,1.554,1.552,1.552,1.54,1.543,-0.011,-0.7079,14622.0,2256.175
513500.SH,20170515,1.543,1.543,1.544,1.536,1.544,0.001,0.0648,10240.0,1578.524
513500.SH,20170516,1.544,1.552,1.555,1.55,1.552,0.008,0.5181,30692.0,4765.273
513500.SH,20170517,1.552,1.55,1.55,1.531,1.533,-0.019,-1.2242,32574.0,5003.108
513500.SH,20170518,1.533,1.498,1.517,1.491,1.507,-0.026,-1.696,64870.9,9747.921
513500.SH,20170519,1.507,1.509,1.519,1.505,1.506,-0.001,-0.0664,17919.0,2703.552
513500.SH,20170522,1.506,1.512,1.522,1.509,1.52,0.014,0.9296,33693.0,5102.906
513500.SH,20170523,1.52,1.531,1.538,1.519,1.523,0.003,0.1974,19431.0,2961.047
513500.SH,20170524,1.523,1.524,1.528,1.516,1.524,0.001,0.0657,34690.0,5283.899
513500.SH,20170525,1.524,1.525,1.535,1.525,1.533,0.009,0.5906,15532.0,2378.433
513500.SH,20170526,1.533,1.536,1.547,1.536,1.546,0.013,0.848,17261.01,2666.032
513500.SH,20170531,1.546,1.546,1.546,1.526,1.53,-0.016,-1.0349,26257.0,4022.933
513500.SH,20170601,1.53,1.53,1.531,1.522,1.523,-0.007,-0.4575,21047.0,3216.197
513500.SH,20170602,1.523,1.549,1.549,1.532,1.542,0.019,1.2475,48943.56,7538.642
513500.SH,20170605,1.542,1.548,1.548,1.533,1.536,-0.006,-0.3891,26052.0,4001.456
513500.SH,20170606,1.536,1.532,1.534,1.526,1.533,-0.003,-0.1953,10804.0,1653.323
513500.SH,20170607,1.533,1.527,1.532,1.527,1.529,-0.004,-0.2609,12373.0,1891.007
513500.SH,20170608,1.529,1.529,1.53,1.525,1.528,-0.001,-0.0654,10004.0,1527.845
513500.SH,20170609,1.528,1.529,1.529,1.525,1.528,0.0,0.0,11388.0,1738.881
513500.SH,20170612,1.528,1.527,1.529,1.519,1.524,-0.004,-0.2618,9986.0,1523.234
513500.SH,20170613,1.524,1.52,1.529,1.52,1.529,0.005,0.3281,22149.0,3375.381
513500.SH,20170614,1.529,1.529,1.535,1.527,1.529,0.0,0.0,9179.0,1404.887
513500.SH,20170615,1.529,1.53,1.531,1.525,1.531,0.002,0.1308,15707.0,2400.822
513500.SH,20170616,1.531,1.529,1.533,1.525,1.533,0.002,0.1306,10799.89,1652.133
513500.SH,20170619,1.533,1.532,1.534,1.528,1.534,0.001,0.0652,7596.0,1163.027
513500.SH,20170620,1.534,1.548,1.548,1.541,1.547,0.013,0.8475,25778.0,3985.347
513500.SH,20170621,1.547,1.538,1.538,1.532,1.535,-0.012,-0.7757,8110.0,1243.852
513500.SH,20170622,1.535,1.535,1.537,1.528,1.535,0.0,0.0,14004.0,2146.951
513500.SH,20170623,1.535,1.531,1.538,1.531,1.538,0.003,0.1954,3119.0,479.142
513500.SH,20170626,1.538,1.539,1.54,1.535,1.537,-0.001,-0.065,14079.0,2163.807
513500.SH,20170627,1.537,1.535,1.539,1.535,1.538,0.001,0.0651,5314.0,816.978
513500.SH,20170628,1.538,1.529,1.529,1.519,1.525,-0.013,-0.8453,14283.0,2175.516
513500.SH,20170629,1.525,1.534,1.539,1.529,1.53,0.005,0.3279,32372.0,4960.935
513500.SH,20170630,1.53,1.518,1.521,1.513,1.521,-0.009,-0.5882,9619.0,1458.615
513500.SH,20170703,1.521,1.519,1.522,1.517,1.52,-0.001,-0.0657,9704.0,1474.046
513500.SH,20170704,1.52,1.521,1.522,1.518,1.521,0.001,0.0658,8783.0,1335.117
513500.SH,20170705,1.521,1.521,1.524,1.52,1.523,0.002,0.1315,3865.0,588.326
513500.SH,20170706,1.523,1.525,1.525,1.521,1.523,0.0,0.0,4028.0,613.296
513500.SH,20170707,1.523,1.518,1.518,1.508,1.515,-0.008,-0.5253,10596.0,1601.625
513500.SH,20170710,1.515,1.521,1.522,1.516,1.521,0.006,0.396,8571.0,1302.126
513500.SH,20170711,1.521,1.522,1.525,1.52,1.522,0.001,0.0657,4106.0,625.078
513500.SH,20170712,1.522,1.522,1.522,1.517,1.52,-0.002,-0.1314,3579.0,543.775
513500.SH,20170713,1.52,1.529,1.532,1.527,1.53,0.01,0.6579,6871.0,1050.875
513500.SH,20170714,1.53,1.53,1.532,1.526,1.528,-0.002,-0.1307,5407.0,826.435
513500.SH,20170717,1.528,1.532,1.535,1.53,1.533,0.005,0.3272,17755.02,2722.925
513500.SH,20170718,1.533,1.533,1.534,1.53,1.534,0.001,0.0652,3372.0,516.725
513500.SH,20170719,1.534,1.535,1.543,1.531,1.538,0.004,0.2608,21917.56,3372.713
513500.SH,20170720,1.538,1.542,1.548,1.542,1.545,0.007,0.4551,11034.0,1703.844
513500.SH,20170721,1.545,1.541,1.545,1.538,1.541,-0.004,-0.2589,6734.0,1038.156
513500.SH,20170724,1.541,1.539,1.541,1.529,1.538,-0.003,-0.1947,8500.0,1305.067
513500.SH,20170725,1.538,1.537,1.539,1.533,1.537,-0.001,-0.065,4647.0,713.832
513500.SH,20170726,1.537,1.539,1.542,1.537,1.54,0.003,0.1952,4047.0,623.311
513500.SH,20170727,1.54,1.541,1.541,1.532,1.536,-0.004,-0.2597,12527.0,1923.38
513500.SH,20170728,1.536,1.534,1.544,1.529,1.535,-0.001,-0.0651,11836.0,1817.236
513500.SH,20170731,1.535,1.535,1.541,1.529,1.536,0.001,0.0651,10075.17,1545.421
513500.SH,20170801,1.536,1.535,1.539,1.532,1.532,-0.004,-0.2604,16259.0,2491.771
513500.SH,20170802,1.532,1.533,1.537,1.531,1.535,0.003,0.1958,12302.56,1886.156
513500.SH,20170803,1.535,1.535,1.535,1.529,1.53,-0.005,-0.3257,5229.0,800.612
513500.SH,20170804,1.53,1.53,1.53,1.526,1.527,-0.003,-0.1961,5488.0,838.171
513500.SH,20170807,1.527,1.528,1.543,1.528,1.539,0.012,0.7859,15065.95,2317.012
513500.SH,20170808,1.539,1.539,1.541,1.535,1.539,0.0,0.0,4025.0,619.616
513500.SH,20170809,1.539,1.539,1.539,1.531,1.531,-0.008,-0.5198,7873.0,1206.58
513500.SH,20170810,1.531,1.526,1.53,1.526,1.527,-0.004,-0.2613,4694.01,716.883
513500.SH,20170811,1.527,1.515,1.516,1.505,1.513,-0.014,-0.9168,9884.0,1494.251
513500.SH,20170814,1.513,1.518,1.519,1.511,1.518,0.005,0.3305,3983.0,603.826
513500.SH,20170815,1.518,1.529,1.529,1.523,1.523,0.005,0.3294,3308.0,504.693
513500.SH,20170816,1.523,1.523,1.528,1.518,1.519,-0.004,-0.2626,14002.0,2127.592
513500.SH,20170817,1.519,1.524,1.524,1.518,1.518,-0.001,-0.0658,1677.0,255.097
513500.SH,20170818,1.518,1.501,1.51,1.499,1.505,-0.013,-0.8564,15369.0,2309.07
513500.SH,20170821,1.505,1.507,1.507,1.497,1.503,-0.002,-0.1329,11165.0,1675.49
513500.SH,20170822,1.503,1.502,1.505,1.498,1.504,0.001,0.0665,4630.0,695.388
513500.SH,20170823,1.504,1.504,1.513,1.504,1.51,0.006,0.3989,7169.0,1082.044
513500.SH,20170824,1.51,1.509,1.509,1.501,1.502,-0.008,-0.5298,3432.0,515.711
513500.SH,20170825,1.502,1.5,1.503,1.497,1.502,0.0,0.0,5939.0,891.204
513500.SH,20170828,1.502,1.5,1.503,1.496,1.502,0.0,0.0,12403.0,1859.462
513500.SH,20170829,1.502,1.502,1.502,1.493,1.494,-0.008,-0.5326,11569.0,1730.604
513500.SH,20170830,1.494,1.496,1.496,1.492,1.494,0.0,0.0,5929.0,885.474
513500.SH,20170831,1.494,1.497,1.499,1.495,1.497,0.003,0.2008,13549.0,2027.89
513500.SH,20170901,1.497,1.501,1.504,1.499,1.504,0.007,0.4676,9699.0,1455.652
513500.SH,20170904,1.504,1.503,1.505,1.5,1.503,-0.001,-0.0665,15841.0,2379.163
513500.SH,20170905,1.503,1.503,1.503,1.498,1.5,-0.003,-0.1996,7762.0,1164.061
513500.SH,20170906,1.5,1.497,1.497,1.49,1.497,-0.003,-0.2,7884.0,1177.021
513500.SH,20170907,1.497,1.497,1.497,1.492,1.495,-0.002,-0.1336,4341.0,648.396
513500.SH,20170908,1.495,1.497,1.498,1.493,1.493,-0.002,-0.1338,9578.0,1432.748
513500.SH,20170911,1.493,1.495,1.5,1.495,1.495,0.002,0.134,7359.0,1101.655
513500.SH,20170912,1.495,1.503,1.515,1.502,1.503,0.008,0.5351,24949.0,3764.898
513500.SH,20170913,1.503,1.505,1.505,1.501,1.503,0.0,0.0,3585.0,538.581
513500.SH,20170914,1.503,1.504,1.507,1.5,1.505,0.002,0.1331,26821.0,4030.959
513500.SH,20170915,1.505,1.501,1.51,1.501,1.507,0.002,0.1329,13373.0,2013.234
513500.SH,20170918,1.507,1.509,1.515,1.509,1.512,0.005,0.3318,9540.0,1443.677
513500.SH,20170919,1.512,1.511,1.515,1.511,1.515,0.003,0.1984,5069.0,767.266
513500.SH,20170920,1.515,1.515,1.518,1.515,1.518,0.003,0.198,7216.0,1094.545
513500.SH,20170921,1.518,1.519,1.522,1.518,1.522,0.004,0.2635,6848.0,1041.04
513500.SH,20170922,1.522,1.525,1.525,1.518,1.521,-0.001,-0.0657,13360.0,2033.552
513500.SH,20170925,1.521,1.521,1.524,1.516,1.516,-0.005,-0.3287,5123.0,778.718
513500.SH,20170926,1.516,1.516,1.518,1.512,1.518,0.002,0.1319,17462.0,2645.773
513500.SH,20170927,1.518,1.515,1.522,1.515,1.52,0.002,0.1318,6465.0,982.365
513500.SH,20170928,1.52,1.527,1.531,1.527,1.529,0.009,0.5921,11228.0,1716.354
513500.SH,20170929,1.529,1.532,1.539,1.532,1.539,0.01,0.654,5103.0,784.512
513500.SH,20171009,1.539,1.561,1.567,1.552,1.56,0.021,1.3645,30888.0,4807.658
513500.SH,20171010,1.56,1.56,1.563,1.55,1.559,-0.001,-0.0641,9277.32,1444.4
513500.SH,20171011,1.559,1.559,1.571,1.559,1.567,0.008,0.5131,12525.0,1962.759
513500.SH,20171012,1.567,1.567,1.572,1.567,1.569,0.002,0.1276,5080.0,797.976
513500.SH,20171013,1.569,1.568,1.568,1.555,1.558,-0.011,-0.7011,7496.0,1168.3
513500.SH,20171016,1.558,1.559,1.562,1.558,1.559,0.001,0.0642,3801.0,593.037
513500.SH,20171017,1.559,1.559,1.564,1.559,1.563,0.004,0.2566,4861.0,758.777
513500.SH,20171018,1.563,1.567,1.567,1.558,1.561,-0.002,-0.128,5384.0,839.808
513500.SH,20171019,1.561,1.565,1.565,1.559,1.56,-0.001,-0.0641,7524.0,1175.392
513500.SH,20171020,1.56,1.56,1.57,1.56,1.568,0.008,0.5128,13304.0,2081.99
513500.SH,20171023,1.568,1.572,1.578,1.569,1.574,0.006,0.3827,3923.0,617.47
513500.SH,20171024,1.574,1.574,1.574,1.566,1.57,-0.004,-0.2541,4375.0,686.685
513500.SH,20171025,1.57,1.57,1.577,1.57,1.577,0.007,0.4459,6401.05,1008.408
513500.SH,20171026,1.577,1.569,1.574,1.567,1.569,-0.008,-0.5073,4908.0,769.712
513500.SH,20171027,1.569,1.57,1.576,1.57,1.576,0.007,0.4461,14045.0,2210.122
513500.SH,20171030,1.576,1.585,1.59,1.581,1.587,0.011,0.698,6894.0,1093.449
513500.SH,20171031,1.587,1.59,1.592,1.584,1.585,-0.002,-0.126,4269.0,677.392
513500.SH,20171101,1.585,1.59,1.591,1.588,1.591,0.006,0.3785,8940.0,1420.946
513500.SH,20171102,1.591,1.592,1.593,1.586,1.591,0.0,0.0,9965.0,1584.045
513500.SH,20171103,1.591,1.596,1.615,1.591,1.6,0.009,0.5657,7275.0,1165.601
513500.SH,20171106,1.6,1.62,1.621,1.59,1.606,0.006,0.375,28057.0,4505.928
513500.SH,20171107,1.606,1.605,1.606,1.591,1.595,-0.011,-0.6849,14555.0,2324.693
513500.SH,20171108,1.595,1.59,1.595,1.589,1.591,-0.004,-0.2508,7506.0,1194.353
513500.SH,20171109,1.591,1.59,1.599,1.587,1.593,0.002,0.1257,11924.0,1899.29
513500.SH,20171110,1.593,1.577,1.586,1.577,1.583,-0.01,-0.6277,22729.0,3593.011
513500.SH,20171113,1.583,1.582,1.586,1.579,1.583,0.0,0.0,16338.0,2583.397
513500.SH,20171114,1.583,1.585,1.588,1.584,1.585,0.002,0.1263,9868.0,1564.338
513500.SH,20171115,1.585,1.584,1.585,1.574,1.574,-0.011,-0.694,9192.0,1450.235
513500.SH,20171116,1.574,1.571,1.573,1.563,1.572,-0.002,-0.1271,11720.0,1839.718
513500.SH,20171117,1.572,1.582,1.586,1.581,1.584,0.012,0.7634,7756.0,1228.374
513500.SH,20171120,1.584,1.584,1.585,1.577,1.579,-0.005,-0.3157,7015.0,1110.56
513500.SH,20171121,1.579,1.58,1.585,1.58,1.584,0.005,0.3167,9283.0,1468.47
513500.SH,20171122,1.584,1.59,1.6,1.588,1.589,0.005,0.3157,8852.0,1409.145
513500.SH,20171123,1.589,1.592,1.592,1.583,1.586,-0.003,-0.1888,13445.0,2135.675
513500.SH,20171124,1.586,1.584,1.589,1.577,1.587,0.001,0.0631,5426.0,859.717
513500.SH,20171127,1.587,1.587,1.591,1.586,1.587,0.0,0.0,12519.4,1989.127
513500.SH,20171128,1.587,1.587,1.591,1.583,1.589,0.002,0.126,11611.0,1844.78
513500.SH,20171129,1.589,1.598,1.605,1.598,1.603,0.014,0.8811,46103.0,7383.263
513500.SH,20171130,1.603,1.601,1.603,1.6,1.602,-0.001,-0.0624,10840.0,1735.563
513500.SH,20171201,1.602,1.619,1.619,1.611,1.615,0.013,0.8115,19525.0,3152.888
513500.SH,20171204,1.615,1.63,1.68,1.625,1.659,0.044,2.7245,70059.0,11561.591
513500.SH,20171205,1.659,1.65,1.65,1.619,1.63,-0.029,-1.748,31734.0,5182.256
513500.SH,20171206,1.63,1.627,1.627,1.605,1.614,-0.016,-0.9816,30598.0,4924.189
513500.SH,20171207,1.614,1.612,1.62,1.612,1.613,-0.001,-0.062,10715.0,1730.503
513500.SH,20171208,1.613,1.618,1.629,1.617,1.628,0.015,0.9299,28184.0,4570.552
513500.SH,20171211,1.628,1.634,1.643,1.629,1.636,0.008,0.4914,15773.0,2577.679
513500.SH,20171212,1.636,1.642,1.645,1.638,1.641,0.005,0.3056,8321.0,1366.576
513500.SH,20171213,1.641,1.644,1.648,1.639,1.643,0.002,0.1219,11417.0,1876.839
513500.SH,20171214,1.643,1.643,1.646,1.641,1.644,0.001,0.0609,4902.0,805.435
513500.SH,20171215,1.644,1.639,1.639,1.63,1.63,-0.014,-0.8516,8982.0,1465.644
513500.SH,20171218,1.63,1.647,1.647,1.638,1.645,0.015,0.9202,18062.0,2964.895
513500.SH,20171219,1.645,1.65,1.659,1.65,1.659,0.014,0.8511,8542.0,1414.614
513500.SH,20171220,1.659,1.655,1.655,1.648,1.651,-0.008,-0.4822,7520.0,1240.154
513500.SH,20171221,1.651,1.65,1.65,1.642,1.644,-0.007,-0.424,10762.0,1768.798
513500.SH,20171222,1.644,1.647,1.649,1.644,1.647,0.003,0.1825,6956.0,1145.639
513500.SH,20171225,1.647,1.647,1.652,1.64,1.645,-0.002,-0.1214,10843.0,1781.76
513500.SH,20171226,1.645,1.647,1.648,1.637,1.645,0.0,0.0,10126.0,1664.997
513500.SH,20171227,1.645,1.647,1.647,1.639,1.644,-0.001,-0.0608,14404.0,2366.149
513500.SH,20171228,1.644,1.645,1.645,1.633,1.634,-0.01,-0.6083,16284.0,2666.584
513500.SH,20171229,1.634,1.634,1.636,1.631,1.634,0.0,0.0,11905.0,1944.347
513500.SH,20180102,1.634,1.631,1.631,1.62,1.627,-0.007,-0.4284,13409.5,2178.695
513500.SH,20180103,1.627,1.637,1.639,1.632,1.635,0.008,0.4917,24193.0,3954.843
513500.SH,20180104,1.635,1.642,1.643,1.636,1.638,0.003,0.1835,18878.0,3094.072
513500.SH,20180105,1.638,1.641,1.645,1.639,1.639,0.001,0.0611,16764.0,2750.116
513500.SH,20180108,1.639,1.647,1.652,1.645,1.652,0.013,0.7932,15177.0,2502.812
513500.SH,20180109,1.652,1.648,1.652,1.647,1.652,0.0,0.0,35819.32,5910.198
513500.SH,20180110,1.652,1.653,1.659,1.653,1.657,0.005,0.3027,13186.0,2184.61
513500.SH,20180111,1.657,1.657,1.658,1.654,1.657,0.0,0.0,13020.0,2155.374
513500.SH,20180112,1.657,1.666,1.675,1.666,1.675,0.018,1.0863,13398.0,2238.26
513500.SH,20180115,1.675,1.677,1.689,1.677,1.682,0.007,0.4179,20462.0,3443.468
513500.SH,20180116,1.682,1.682,1.683,1.679,1.681,-0.001,-0.0595,10892.0,1829.822
513500.SH,20180117,1.681,1.661,1.68,1.661,1.669,-0.012,-0.7139,21929.0,3657.11
513500.SH,20180118,1.669,1.678,1.689,1.678,1.681,0.012,0.719,18653.0,3137.623
513500.SH,20180119,1.681,1.677,1.678,1.667,1.668,-0.013,-0.7733,20922.0,3495.267
513500.SH,20180122,1.668,1.67,1.677,1.67,1.674,0.006,0.3597,10528.0,1762.921
513500.SH,20180123,1.674,1.68,1.697,1.68,1.692,0.018,1.0753,13671.0,2309.17
513500.SH,20180124,1.692,1.693,1.697,1.689,1.692,0.0,0.0,11657.0,1971.348
513500.SH,20180125,1.692,1.684,1.689,1.68,1.684,-0.008,-0.4728,16521.0,2782.01
513500.SH,20180126,1.684,1.685,1.685,1.682,1.684,0.0,0.0,14544.0,2449.065
513500.SH,20180129,1.684,1.692,1.7,1.692,1.696,0.012,0.7126,27987.0,4752.735
513500.SH,20180130,1.696,1.68,1.688,1.68,1.682,-0.014,-0.8255,13872.0,2336.472
513500.SH,20180131,1.682,1.67,1.67,1.657,1.666,-0.016,-0.9512,12473.0,2074.219
513500.SH,20180201,1.666,1.665,1.676,1.665,1.67,0.004,0.2401,16539.0,2762.821
513500.SH,20180202,1.67,1.667,1.667,1.656,1.656,-0.014,-0.8383,9815.0,1628.013
513500.SH,20180205,1.656,1.613,1.617,1.606,1.611,-0.045,-2.7174,41510.4,6680.532
513500.SH,20180206,1.611,1.557,1.557,1.509,1.518,-0.093,-5.7728,117584.4,17834.268
513500.SH,20180207,1.518,1.551,1.56,1.54,1.543,0.025,1.6469,38325.0,5944.589
513500.SH,20180208,1.543,1.543,1.57,1.525,1.562,0.019,1.2314,32091.0,4973.285
513500.SH,20180209,1.562,1.512,1.55,1.503,1.513,-0.049,-3.137,89840.01,13599.784
513500.SH,20180212,1.513,1.53,1.535,1.517,1.533,0.02,1.3219,26295.0,4019.215
513500.SH,20180213,1.533,1.548,1.565,1.548,1.555,0.022,1.4351,13760.0,2139.032
513500.SH,20180214,1.555,1.56,1.57,1.556,1.564,0.009,0.5788,9274.0,1446.534
513500.SH,20180222,1.564,1.585,1.585,1.571,1.577,0.013,0.8312,9100.0,1433.039
513500.SH,20180223,1.577,1.577,1.589,1.577,1.588,0.011,0.6975,10691.0,1694.164
513500.SH,20180226,1.588,1.61,1.624,1.609,1.622,0.034,2.1411,8671.0,1401.656
513500.SH,20180227,1.622,1.64,1.642,1.63,1.635,0.013,0.8015,12302.0,2012.638
513500.SH,20180228,1.635,1.613,1.623,1.607,1.623,-0.012,-0.7339,9912.0,1598.163
513500.SH,20180301,1.623,1.613,1.613,1.585,1.602,-0.021,-1.2939,20640.0,3301.388
513500.SH,20180302,1.602,1.582,1.583,1.575,1.576,-0.026,-1.623,9547.0,1507.64
513500.SH,20180305,1.576,1.58,1.582,1.576,1.579,0.003,0.1904,6715.0,1060.459
513500.SH,20180306,1.579,1.599,1.6,1.594,1.596,0.017,1.0766,8199.0,1308.902
513500.SH,20180307,1.596,1.596,1.596,1.583,1.589,-0.007,-0.4386,8955.0,1422.683
513500.SH,20180308,1.589,1.596,1.6,1.594,1.599,0.01,0.6293,9681.0,1546.108
513500.SH,20180309,1.599,1.605,1.61,1.602,1.61,0.011,0.6879,14283.0,2292.448
513500.SH,20180312,1.61,1.637,1.642,1.632,1.64,0.03,1.8634,12842.01,2101.709
513500.SH,20180313,1.64,1.638,1.638,1.628,1.63,-0.01,-0.6098,6561.0,1071.436
513500.SH,20180314,1.63,1.613,1.621,1.613,1.621,-0.009,-0.5521,4233.01,684.136
513500.SH,20180315,1.621,1.614,1.622,1.611,1.62,-0.001,-0.0617,4180.01,676.858
513500.SH,20180316,1.62,1.62,1.622,1.604,1.611,-0.009,-0.5556,6900.0,1114.538
513500.SH,20180319,1.611,1.611,1.613,1.609,1.61,-0.001,-0.0621,5172.0,832.895
513500.SH,20180320,1.61,1.588,1.595,1.588,1.594,-0.016,-0.9938,6965.0,1107.993
513500.SH,20180321,1.594,1.594,1.6,1.594,1.598,0.004,0.2509,6091.0,973.209
513500.SH,20180322,1.598,1.596,1.603,1.594,1.6,0.002,0.1252,2994.0,478.383
513500.SH,20180323,1.6,1.579,1.579,1.543,1.558,-0.042,-2.625,37023.0,5754.176
513500.SH,20180326,1.558,1.527,1.544,1.52,1.541,-0.017,-1.0911,25106.0,3837.689
513500.SH,20180327,1.541,1.559,1.565,1.556,1.561,0.02,1.2979,13257.0,2067.558
513500.SH,20180328,1.561,1.54,1.542,1.526,1.535,-0.026,-1.6656,25101.0,3855.761
513500.SH,20180329,1.535,1.534,1.535,1.524,1.534,-0.001,-0.0651,14905.0,2277.17
513500.SH,20180330,1.534,1.542,1.545,1.532,1.538,0.004,0.2608,17127.0,2634.154
513500.SH,20180402,1.538,1.539,1.539,1.534,1.538,0.0,0.0,5370.0,825.055
513500.SH,20180403,1.538,1.503,1.525,1.503,1.514,-0.024,-1.5605,12066.0,1822.782
513500.SH,20180404,1.514,1.52,1.526,1.517,1.52,0.006,0.3963,9060.0,1377.613
513500.SH,20180409,1.52,1.52,1.527,1.52,1.526,0.006,0.3947,23070.0,3514.759
513500.SH,20180410,1.526,1.526,1.542,1.524,1.541,0.015,0.983,16765.0,2571.69
513500.SH,20180411,1.541,1.553,1.555,1.539,1.54,-0.001,-0.0649,11961.0,1849.929
513500.SH,20180412,1.54,1.547,1.548,1.537,1.538,-0.002,-0.1299,5190.0,800.732
513500.SH,20180413,1.538,1.546,1.552,1.543,1.551,0.013,0.8453,12351.0,1910.734
513500.SH,20180416,1.551,1.548,1.55,1.541,1.543,-0.008,-0.5158,13867.0,2141.705
513500.SH,20180417,1.543,1.555,1.559,1.55,1.558,0.015,0.9721,26877.0,4175.938
513500.SH,20180418,1.558,1.569,1.575,1.568,1.573,0.015,0.9628,32288.0,5073.121
513500.SH,20180419,1.573,1.577,1.577,1.569,1.57,-0.003,-0.1907,20762.0,3265.336
513500.SH,20180420,1.57,1.567,1.57,1.561,1.567,-0.003,-0.1911,6851.0,1072.624
513500.SH,20180423,1.567,1.568,1.568,1.554,1.556,-0.011,-0.702,10921.0,1699.107
513500.SH,20180424,1.556,1.556,1.565,1.556,1.564,0.008,0.5141,2623.0,409.826
513500.SH,20180425,1.564,1.555,1.555,1.54,1.544,-0.02,-1.2788,9191.0,1418.679
513500.SH,20180426,1.544,1.546,1.557,1.542,1.543,-0.001,-0.0648,8154.0,1262.058
513500.SH,20180427,1.543,1.559,1.573,1.552,1.571,0.028,1.8146,9264.0,1444.988
513500.SH,20180502,1.571,1.56,1.567,1.557,1.565,-0.006,-0.3819,6147.0,960.22
513500.SH,20180503,1.565,1.565,1.565,1.556,1.56,-0.005,-0.3195,7095.0,1106.754
513500.SH,20180504,1.56,1.562,1.566,1.556,1.561,0.001,0.0641,15330.0,2391.638
513500.SH,20180507,1.561,1.569,1.575,1.569,1.575,0.014,0.8969,13347.0,2099.657
513500.SH,20180508,1.575,1.575,1.579,1.573,1.574,-0.001,-0.0635,17992.0,2835.109
513500.SH,20180509,1.574,1.584,1.584,1.572,1.573,-0.001,-0.0635,6970.0,1097.692
513500.SH,20180510,1.573,1.589,1.589,1.584,1.587,0.014,0.89,8088.0,1283.737
513500.SH,20180511,1.587,1.599,1.601,1.594,1.596,0.009,0.5671,10126.0,1616.127
513500.SH,20180514,1.596,1.596,1.608,1.596,1.607,0.011,0.6892,15638.0,2505.32
513500.SH,20180515,1.607,1.606,1.606,1.597,1.598,-0.009,-0.56,8859.0,1417.831
513500.SH,20180516,1.598,1.59,1.598,1.59,1.595,-0.003,-0.1877,8220.0,1310.63
513500.SH,20180517,1.595,1.597,1.602,1.597,1.599,0.004,0.2508,4000.0,639.746
513500.SH,20180518,1.599,1.6,1.604,1.6,1.6,0.001,0.0625,5574.0,892.995
513500.SH,20180521,1.6,1.605,1.629,1.605,1.628,0.028,1.75,9118.0,1474.511
513500.SH,20180522,1.628,1.625,1.627,1.62,1.623,-0.005,-0.3071,5163.0,838.611
513500.SH,20180523,1.623,1.622,1.622,1.611,1.612,-0.011,-0.6778,15729.0,2544.48
513500.SH,20180524,1.612,1.614,1.621,1.614,1.62,0.008,0.4963,19953.0,3230.858
513500.SH,20180525,1.62,1.623,1.623,1.615,1.621,0.001,0.0617,15123.0,2447.764
513500.SH,20180528,1.621,1.624,1.63,1.621,1.628,0.007,0.4318,6811.0,1107.465
513500.SH,20180529,1.628,1.628,1.628,1.615,1.618,-0.01,-0.6143,2294.0,371.51
513500.SH,20180530,1.618,1.614,1.614,1.558,1.597,-0.021,-1.2979,23546.0,3731.553
513500.SH,20180531,1.597,1.612,1.616,1.61,1.614,0.017,1.0645,4136.0,666.784
513500.SH,20180601,1.614,1.614,1.614,1.601,1.607,-0.007,-0.4337,5456.0,875.754
513500.SH,20180604,1.607,1.617,1.631,1.617,1.629,0.022,1.369,10856.0,1767.225
513500.SH,20180605,1.629,1.633,1.645,1.632,1.639,0.01,0.6139,6021.0,986.812
513500.SH,20180606,1.639,1.639,1.642,1.636,1.636,-0.003,-0.183,6575.0,1078.104
513500.SH,20180607,1.636,1.646,1.65,1.645,1.648,0.012,0.7335,13244.0,2181.773
513500.SH,20180608,1.648,1.648,1.648,1.632,1.643,-0.005,-0.3034,13786.0,2263.893
513500.SH,20180611,1.643,1.645,1.657,1.645,1.657,0.014,0.8521,14539.0,2403.337
513500.SH,20180612,1.657,1.657,1.67,1.654,1.668,0.011,0.6639,11724.0,1951.183
513500.SH,20180613,1.668,1.667,1.675,1.664,1.671,0.003,0.1799,10475.0,1751.14
513500.SH,20180614,1.671,1.668,1.668,1.659,1.66,-0.011,-0.6583,12619.0,2096.415
513500.SH,20180615,1.66,1.662,1.675,1.662,1.673,0.013,0.7831,9981.0,1668.268
513500.SH,20180619,1.673,1.668,1.668,1.635,1.638,-0.035,-2.0921,15634.0,2578.158
513500.SH,20180620,1.638,1.635,1.658,1.635,1.654,0.016,0.9768,20069.0,3302.305
513500.SH,20180621,1.654,1.658,1.676,1.658,1.673,0.019,1.1487,13103.0,2183.363
513500.SH,20180622,1.673,1.66,1.667,1.647,1.664,-0.009,-0.538,12626.0,2096.162
513500.SH,20180625,1.664,1.664,1.69,1.659,1.678,0.014,0.8413,13142.0,2201.221
513500.SH,20180626,1.678,1.662,1.662,1.644,1.661,-0.017,-1.0131,13157.0,2172.476
513500.SH,20180627,1.661,1.657,1.667,1.641,1.647,-0.014,-0.8429,21950.0,3623.278
513500.SH,20180628,1.647,1.637,1.655,1.637,1.64,-0.007,-0.425,13260.0,2175.53
513500.SH,20180629,1.64,1.655,1.683,1.654,1.67,0.03,1.8293,11614.0,1936.199
513500.SH,20180702,1.67,1.675,1.685,1.66,1.66,-0.01,-0.5988,12596.0,2105.452
513500.SH,20180703,1.66,1.677,1.69,1.677,1.689,0.029,1.747,23932.0,4034.887
513500.SH,20180704,1.689,1.678,1.678,1.665,1.671,-0.018,-1.0657,6733.0,1127.458
513500.SH,20180705,1.671,1.667,1.698,1.663,1.687,0.016,0.9575,15638.0,2632.438
513500.SH,20180706,1.687,1.699,1.708,1.697,1.702,0.015,0.8892,9904.5,1685.372
513500.SH,20180709,1.702,1.712,1.72,1.711,1.718,0.016,0.9401,20754.0,3562.588
513500.SH,20180710,1.718,1.723,1.728,1.722,1.726,0.008,0.4657,23079.0,3982.989
513500.SH,20180711,1.726,1.704,1.731,1.704,1.729,0.003,0.1738,31637.0,5460.54
513500.SH,20180712,1.729,1.729,1.742,1.709,1.741,0.012,0.694,20124.0,3490.662
513500.SH,20180713,1.741,1.745,1.754,1.725,1.74,-0.001,-0.0574,23104.0,4030.395
513500.SH,20180716,1.74,1.745,1.745,1.739,1.74,0.0,0.0,9041.0,1574.023
513500.SH,20180717,1.74,1.739,1.741,1.728,1.73,-0.01,-0.5747,13635.0,2360.437
513500.SH,20180718,1.73,1.74,1.748,1.74,1.748,0.018,1.0405,15830.0,2762.765
513500.SH,20180719,1.748,1.75,1.761,1.748,1.76,0.012,0.6865,29176.0,5126.09
513500.SH,20180720,1.76,1.76,1.763,1.745,1.762,0.002,0.1136,21329.0,3753.48
513500.SH,20180723,1.762,1.759,1.76,1.749,1.755,-0.007,-0.3973,35904.0,6295.194
513500.SH,20180724,1.755,1.761,1.778,1.761,1.777,0.022,1.2536,31544.0,5589.608
513500.SH,20180725,1.777,1.779,1.785,1.776,1.777,0.0,0.0,29611.0,5269.56
513500.SH,20180726,1.777,1.79,1.791,1.781,1.789,0.012,0.6753,17858.0,3191.973
513500.SH,20180727,1.789,1.791,1.812,1.79,1.811,0.022,1.2297,66180.0,11944.387
513500.SH,20180730,1.811,1.806,1.806,1.785,1.79,-0.021,-1.1596,42006.0,7520.522
513500.SH,20180731,1.79,1.777,1.779,1.759,1.761,-0.029,-1.6201,63570.0,11238.928
513500.SH,20180801,1.761,1.775,1.779,1.773,1.779,0.018,1.0221,33483.0,5943.396
513500.SH,20180802,1.779,1.778,1.782,1.77,1.773,-0.006,-0.3373,27413.0,4866.266
513500.SH,20180803,1.773,1.79,1.807,1.785,1.804,0.031,1.7484,47233.0,8499.118
513500.SH,20180806,1.804,1.815,1.825,1.807,1.824,0.02,1.1086,138528.0,25171.052
513500.SH,20180807,1.824,1.833,1.88,1.833,1.856,0.032,1.7544,96985.0,18016.618
513500.SH,20180808,1.856,1.859,1.859,1.827,1.83,-0.026,-1.4009,92395.0,16963.097
513500.SH,20180809,1.83,1.818,1.818,1.809,1.812,-0.018,-0.9836,90239.0,16353.14
513500.SH,20180810,1.812,1.808,1.815,1.804,1.813,0.001,0.0552,62744.0,11355.727
513500.SH,20180813,1.813,1.789,1.8,1.789,1.8,-0.013,-0.717,38933.0,6989.969
513500.SH,20180814,1.8,1.796,1.807,1.796,1.804,0.004,0.2222,28055.0,5059.342
513500.SH,20180815,1.804,1.811,1.825,1.811,1.825,0.021,1.1641,88580.0,16125.451
513500.SH,20180816,1.825,1.802,1.816,1.799,1.8,-0.025,-1.3699,107796.0,19496.02
513500.SH,20180817,1.8,1.817,1.822,1.813,1.822,0.022,1.2222,79176.0,14394.209
513500.SH,20180820,1.822,1.825,1.83,1.812,1.821,-0.001,-0.0549,152890.0,27828.952
513500.SH,20180821,1.821,1.822,1.822,1.81,1.816,-0.005,-0.2746,193581.0,35134.074
513500.SH,20180822,1.816,1.818,1.818,1.812,1.814,-0.002,-0.1101,74453.0,13507.793
513500.SH,20180823,1.814,1.814,1.82,1.813,1.817,0.003,0.1654,74733.0,13578.224
513500.SH,20180824,1.817,1.816,1.82,1.813,1.814,-0.003,-0.1651,156547.0,28427.688
513500.SH,20180827,1.814,1.822,1.823,1.816,1.821,0.007,0.3859,96155.0,17488.526
513500.SH,20180828,1.821,1.839,1.841,1.828,1.837,0.016,0.8786,164418.0,30218.409
513500.SH,20180829,1.837,1.838,1.842,1.837,1.842,0.005,0.2722,242219.0,44557.19
513500.SH,20180830,1.842,1.844,1.851,1.844,1.85,0.008,0.4343,88162.0,16293.474
513500.SH,20180831,1.85,1.847,1.847,1.841,1.844,-0.006,-0.3243,37065.0,6828.483
513500.SH,20180903,1.844,1.847,1.847,1.834,1.836,-0.008,-0.4338,80475.0,14790.409
513500.SH,20180904,1.836,1.84,1.842,1.836,1.841,0.005,0.2723,43494.0,8000.321
513500.SH,20180905,1.841,1.839,1.839,1.833,1.833,-0.008,-0.4345,32448.0,5957.023
513500.SH,20180906,1.833,1.83,1.83,1.824,1.826,-0.007,-0.3819,32389.0,5918.75
513500.SH,20180907,1.826,1.82,1.822,1.814,1.821,-0.005,-0.2738,85085.0,15460.136
513500.SH,20180910,1.821,1.822,1.829,1.816,1.829,0.008,0.4393,56207.0,10262.386
513500.SH,20180911,1.829,1.833,1.836,1.829,1.835,0.006,0.328,68159.0,12495.509
513500.SH,20180912,1.835,1.842,1.847,1.842,1.844,0.009,0.4905,75811.0,13984.539
513500.SH,20180913,1.844,1.843,1.843,1.837,1.839,-0.005,-0.2711,33748.0,6204.008
513500.SH,20180914,1.839,1.848,1.85,1.841,1.85,0.011,0.5982,49145.0,9075.773
513500.SH,20180917,1.85,1.848,1.853,1.848,1.85,0.0,0.0,45358.0,8395.523
513500.SH,20180918,1.85,1.831,1.837,1.831,1.836,-0.014,-0.7568,67155.0,12305.122
513500.SH,20180919,1.836,1.846,1.849,1.845,1.845,0.009,0.4902,56754.0,10479.441
513500.SH,20180920,1.845,1.848,1.851,1.848,1.851,0.006,0.3252,95807.0,17725.736
513500.SH,20180921,1.851,1.862,1.866,1.862,1.865,0.014,0.7563,89121.0,16610.054
513500.SH,20180925,1.865,1.854,1.86,1.854,1.859,-0.006,-0.3217,70267.0,13042.806
513500.SH,20180926,1.859,1.858,1.87,1.857,1.869,0.01,0.5379,132569.0,24717.282
513500.SH,20180927,1.869,1.865,1.865,1.854,1.854,-0.015,-0.8026,54035.0,10043.461
513500.SH,20180928,1.854,1.857,1.859,1.854,1.858,0.004,0.2157,136915.0,25410.921
513500.SH,20181008,1.858,1.839,1.845,1.825,1.841,-0.017,-0.915,131356.0,24175.293
513500.SH,20181009,1.841,1.841,1.849,1.841,1.848,0.007,0.3802,92935.0,17168.115
513500.SH,20181010,1.848,1.848,1.853,1.847,1.853,0.005,0.2706,65769.0,12170.379
513500.SH,20181011,1.853,1.78,1.793,1.748,1.763,-0.09,-4.857,388419.0,68493.676
513500.SH,20181012,1.763,1.738,1.778,1.738,1.775,0.012,0.6807,166438.0,29302.009
513500.SH,20181015,1.775,1.775,1.775,1.757,1.759,-0.016,-0.9014,96672.0,17070.966
513500.SH,20181016,1.759,1.759,1.77,1.755,1.766,0.007,0.398,178353.0,31465.375
513500.SH,20181017,1.766,1.8,1.804,1.797,1.802,0.036,2.0385,87140.0,15686.787
513500.SH,20181018,1.802,1.8,1.8,1.79,1.793,-0.009,-0.4994,107098.0,19208.828
513500.SH,20181019,1.793,1.771,1.782,1.771,1.782,-0.011,-0.6135,102503.0,18226.216
513500.SH,20181022,1.782,1.777,1.782,1.769,1.781,-0.001,-0.0561,96227.0,17098.327
513500.SH,20181023,1.781,1.77,1.77,1.754,1.755,-0.026,-1.4599,82693.0,14568.007
513500.SH,20181024,1.755,1.753,1.763,1.749,1.755,0.0,0.0,130580.0,22932.029
513500.SH,20181025,1.755,1.701,1.72,1.695,1.713,-0.042,-2.3932,185323.0,31660.876
513500.SH,20181026,1.713,1.72,1.722,1.71,1.718,0.005,0.2919,209286.0,35909.537
513500.SH,20181029,1.718,1.712,1.713,1.705,1.708,-0.01,-0.5821,121584.0,20784.189
513500.SH,20181030,1.708,1.707,1.723,1.704,1.709,0.001,0.0585,307686.0,52673.792
513500.SH,20181031,1.709,1.726,1.736,1.72,1.735,0.026,1.5214,118049.04,20446.96
513500.SH,20181101,1.735,1.754,1.758,1.744,1.745,0.01,0.5764,83321.0,14608.54
513500.SH,20181102,1.745,1.751,1.764,1.747,1.763,0.018,1.0315,194484.0,34112.291
513500.SH,20181105,1.763,1.755,1.755,1.741,1.744,-0.019,-1.0777,65941.01,11496.384
513500.SH,20181106,1.744,1.747,1.779,1.747,1.763,0.019,1.0894,302909.17,53382.747
513500.SH,20181107,1.763,1.768,1.778,1.768,1.772,0.009,0.5105,188889.0,33517.483
513500.SH,20181108,1.772,1.804,1.821,1.802,1.807,0.035,1.9752,103122.0,18638.671
513500.SH,20181109,1.807,1.806,1.806,1.788,1.799,-0.008,-0.4427,171116.0,30792.498
513500.SH,20181112,1.799,1.785,1.798,1.785,1.797,-0.002,-0.1112,55700.0,9978.466
513500.SH,20181113,1.797,1.765,1.765,1.752,1.759,-0.038,-2.1146,158558.0,27870.556
513500.SH,20181114,1.759,1.759,1.762,1.758,1.76,0.001,0.0569,70018.0,12325.91
513500.SH,20181115,1.76,1.752,1.752,1.741,1.745,-0.015,-0.8523,155880.0,27199.933
513500.SH,20181116,1.745,1.755,1.762,1.746,1.749,0.004,0.2292,691414.0,121336.144
513500.SH,20181119,1.749,1.755,1.759,1.754,1.754,0.005,0.2859,232923.78,40914.528
513500.SH,20181120,1.754,1.723,1.735,1.723,1.729,-0.025,-1.4253,245906.0,42502.281
513500.SH,20181121,1.729,1.7,1.71,1.686,1.704,-0.025,-1.4459,310732.0,52770.057
513500.SH,20181122,1.704,1.704,1.704,1.701,1.703,-0.001,-0.0587,22040.62,3752.187
513500.SH,20181123,1.703,1.702,1.705,1.698,1.699,-0.004,-0.2349,94728.35,16121.709
513500.SH,20181126,1.699,1.698,1.704,1.693,1.703,0.004,0.2354,356152.0,60563.233
513500.SH,20181127,1.703,1.716,1.716,1.709,1.715,0.012,0.7046,137831.0,23596.603
513500.SH,20181128,1.715,1.734,1.737,1.718,1.729,0.014,0.8163,366696.0,63380.754
513500.SH,20181129,1.729,1.763,1.769,1.751,1.753,0.024,1.3881,236818.2,41700.196
513500.SH,20181130,1.753,1.753,1.762,1.753,1.762,0.009,0.5134,116474.0,20491.965
513500.SH,20181203,1.762,1.795,1.803,1.782,1.8,0.038,2.1566,290735.0,52294.069
513500.SH,20181204,1.8,1.796,1.796,1.769,1.769,-0.031,-1.7222,186521.0,33179.696
513500.SH,20181205,1.769,1.73,1.74,1.729,1.734,-0.035,-1.9785,102156.0,17737.773
513500.SH,20181206,1.734,1.72,1.72,1.708,1.709,-0.025,-1.4418,331422.0,56779.534
513500.SH,20181207,1.709,1.72,1.728,1.72,1.721,0.012,0.7022,112176.0,19341.378
513500.SH,20181210,1.721,1.699,1.699,1.671,1.673,-0.048,-2.7891,347029.0,58295.257
513500.SH,20181211,1.673,1.679,1.691,1.679,1.688,0.015,0.8966,1419209.0,239153.657
513500.SH,20181212,1.688,1.69,1.714,1.686,1.696,0.008,0.4739,1443350.0,244869.732
513500.SH,20181213,1.696,1.706,1.711,1.695,1.7,0.004,0.2358,1200625.0,204130.995
513500.SH,20181214,1.7,1.695,1.7,1.682,1.683,-0.017,-1.0,346361.0,58629.337
513500.SH,20181217,1.683,1.666,1.671,1.666,1.669,-0.014,-0.8318,85681.0,14296.097
513500.SH,20181218,1.669,1.636,1.638,1.627,1.633,-0.036,-2.157,405196.03,66116.617
513500.SH,20181219,1.633,1.634,1.634,1.625,1.629,-0.004,-0.2449,507673.0,82722.655
513500.SH,20181220,1.629,1.614,1.614,1.586,1.593,-0.036,-2.2099,753911.0,120347.05
513500.SH,20181221,1.593,1.583,1.59,1.576,1.588,-0.005,-0.3139,243087.0,38455.511
513500.SH,20181224,1.588,1.559,1.56,1.549,1.555,-0.033,-2.0781,743953.0,115573.974
513500.SH,20181225,1.555,1.508,1.508,1.496,1.499,-0.056,-3.6013,184096.0,27611.44
513500.SH,20181226,1.499,1.503,1.507,1.487,1.496,-0.003,-0.2001,695183.0,103783.41
513500.SH,20181227,1.496,1.56,1.58,1.56,1.567,0.071,4.746,1524212.0,239621.901
513500.SH,20181228,1.567,1.578,1.588,1.575,1.576,0.009,0.5743,290556.0,45935.237
513500.SH,20190102,1.576,1.593,1.598,1.572,1.573,-0.003,-0.1904,339152.0,53656.898
513500.SH,20190103,1.573,1.574,1.58,1.57,1.572,-0.001,-0.0636,225109.0,35457.375
513500.SH,20190104,1.572,1.556,1.57,1.508,1.57,-0.002,-0.1272,663591.0,103504.37
513500.SH,20190107,1.57,1.607,1.617,1.602,1.607,0.037,2.3567,654274.0,105072.908
513500.SH,20190108,1.607,1.618,1.629,1.616,1.625,0.018,1.1201,362081.0,58809.162
513500.SH,20190109,1.625,1.633,1.644,1.633,1.639,0.014,0.8615,941359.7,154403.978
513500.SH,20190110,1.639,1.636,1.637,1.62,1.621,-0.018,-1.0982,1743871.0,283800.066
513500.SH,20190111,1.621,1.64,1.64,1.633,1.635,0.014,0.8637,230051.0,37630.119
513500.SH,20190114,1.635,1.633,1.633,1.619,1.621,-0.014,-0.8563,478013.0,77520.848
513500.SH,20190115,1.621,1.627,1.636,1.623,1.631,0.01,0.6169,635878.0,103638.021
513500.SH,20190116,1.631,1.635,1.64,1.635,1.64,0.009,0.5518,352708.0,57777.197
513500.SH,20190117,1.64,1.64,1.64,1.632,1.632,-0.008,-0.4878,1239423.0,202833.322
513500.SH,20190118,1.632,1.655,1.664,1.655,1.663,0.031,1.8995,130161.0,21608.383
513500.SH,20190121,1.663,1.674,1.682,1.674,1.678,0.015,0.902,515753.0,86571.199
513500.SH,20190122,1.678,1.679,1.679,1.671,1.672,-0.006,-0.3576,748703.0,125347.071
513500.SH,20190123,1.672,1.66,1.664,1.656,1.659,-0.013,-0.7775,645240.0,107057.338
513500.SH,20190124,1.659,1.66,1.663,1.658,1.66,0.001,0.0603,979858.0,162703.443
513500.SH,20190125,1.66,1.663,1.668,1.659,1.665,0.005,0.3012,838770.0,139467.491
513500.SH,20190128,1.665,1.667,1.669,1.656,1.659,-0.006,-0.3604,290285.0,48189.504
513500.SH,20190129,1.659,1.651,1.654,1.646,1.65,-0.009,-0.5425,209785.0,34601.178
513500.SH,20190130,1.65,1.65,1.654,1.649,1.649,-0.001,-0.0606,355611.0,58750.616
513500.SH,20190131,1.649,1.667,1.677,1.667,1.669,0.02,1.2129,286866.0,47938.095
513500.SH,20190201,1.669,1.677,1.692,1.676,1.691,0.022,1.3182,396150.0,66849.971
513500.SH,20190211,1.691,1.69,1.701,1.688,1.698,0.007,0.414,249588.0,42318.031
513500.SH,20190212,1.698,1.704,1.714,1.704,1.709,0.011,0.6478,1541554.0,263604.555
513500.SH,20190213,1.709,1.722,1.729,1.721,1.727,0.018,1.0532,438075.0,75639.947
513500.SH,20190214,1.727,1.728,1.735,1.728,1.731,0.004,0.2316,363052.0,62876.025
513500.SH,20190215,1.731,1.722,1.725,1.718,1.72,-0.011,-0.6355,136216.0,23432.776
513500.SH,20190218,1.72,1.736,1.749,1.736,1.748,0.028,1.6279,242222.0,42292.768
513500.SH,20190219,1.748,1.751,1.751,1.744,1.748,0.0,0.0,450576.34,78786.701
513500.SH,20190220,1.748,1.749,1.749,1.735,1.737,-0.011,-0.6293,371514.0,64634.808
513500.SH,20190221,1.737,1.739,1.745,1.738,1.744,0.007,0.403,426842.0,74367.505
513500.SH,20190222,1.744,1.741,1.741,1.734,1.739,-0.005,-0.2867,394096.0,68437.742
513500.SH,20190225,1.739,1.747,1.747,1.738,1.74,0.001,0.0575,349995.0,60940.441
513500.SH,20190226,1.74,1.735,1.736,1.729,1.733,-0.007,-0.4023,752988.0,130418.846
513500.SH,20190227,1.733,1.733,1.738,1.729,1.732,-0.001,-0.0577,1576620.0,273296.711
513500.SH,20190228,1.732,1.732,1.735,1.727,1.728,-0.004,-0.2309,469116.0,81190.712
513500.SH,20190301,1.728,1.732,1.744,1.731,1.743,0.015,0.8681,710911.27,123477.164
513500.SH,20190304,1.743,1.75,1.755,1.748,1.75,0.007,0.4016,1074373.0,188077.498
513500.SH,20190305,1.75,1.739,1.741,1.734,1.737,-0.013,-0.7429,1039470.0,180390.472
513500.SH,20190306,1.737,1.734,1.737,1.73,1.735,-0.002,-0.1151,1213763.0,210516.866
513500.SH,20190307,1.735,1.728,1.728,1.721,1.721,-0.014,-0.8069,1849624.05,318851.11
513500.SH,20190308,1.721,1.715,1.721,1.708,1.709,-0.012,-0.6973,726275.0,124513.349
513500.SH,20190311,1.709,1.709,1.716,1.708,1.716,0.007,0.4096,879342.0,150706.517
513500.SH,20190312,1.716,1.735,1.744,1.735,1.739,0.023,1.3403,1620742.0,282163.267
513500.SH,20190313,1.739,1.741,1.743,1.734,1.737,-0.002,-0.115,1538842.0,267285.73
513500.SH,20190314,1.737,1.749,1.758,1.745,1.753,0.016,0.9211,866041.0,151797.501
513500.SH,20190315,1.753,1.753,1.759,1.753,1.755,0.002,0.1141,616233.0,108184.448
513500.SH,20190318,1.755,1.758,1.763,1.756,1.761,0.006,0.3419,593350.0,104358.547
513500.SH,20190319,1.761,1.766,1.769,1.766,1.769,0.008,0.4543,428839.0,75808.481
513500.SH,20190320,1.769,1.766,1.766,1.761,1.765,-0.004,-0.2261,722460.0,127388.284
513500.SH,20190321,1.765,1.76,1.76,1.747,1.749,-0.016,-0.9065,1170093.0,205239.522
513500.SH,20190322,1.749,1.776,1.782,1.775,1.78,0.031,1.7724,1900056.0,338110.418
513500.SH,20190325,1.78,1.742,1.749,1.739,1.74,-0.04,-2.2472,1088561.0,189759.844
513500.SH,20190326,1.74,1.746,1.756,1.746,1.75,0.01,0.5747,1852550.0,324549.933
513500.SH,20190327,1.75,1.756,1.765,1.756,1.763,0.013,0.7429,494155.0,87068.693
513500.SH,20190328,1.763,1.747,1.757,1.746,1.75,-0.013,-0.7374,1308221.0,229076.036
513500.SH,20190329,1.75,1.758,1.763,1.758,1.762,0.012,0.6857,1137697.0,200463.651
513500.SH,20190401,1.762,1.77,1.782,1.77,1.777,0.015,0.8513,1037685.0,184431.91
513500.SH,20190402,1.777,1.79,1.798,1.787,1.788,0.011,0.619,4751793.0,852237.396
513500.SH,20190403,1.788,1.792,1.8,1.79,1.798,0.01,0.5593,1378792.81,247787.567
513500.SH,20190404,1.798,1.798,1.808,1.795,1.797,-0.001,-0.0556,2829172.0,510392.657
513500.SH,20190408,1.797,1.811,1.827,1.81,1.819,0.022,1.2243,1558073.0,283393.198
513500.SH,20190409,1.819,1.827,1.827,1.808,1.811,-0.008,-0.4398,3194058.15,581077.521
513500.SH,20190410,1.811,1.805,1.805,1.798,1.798,-0.013,-0.7178,641020.0,115393.945
513500.SH,20190411,1.798,1.804,1.811,1.804,1.806,0.008,0.4449,1807152.77,326532.462
513500.SH,20190412,1.806,1.807,1.817,1.806,1.809,0.003,0.1661,1706372.77,308729.56
513500.SH,20190415,1.809,1.818,1.821,1.813,1.815,0.006,0.3317,707283.9,128545.997
513500.SH,20190416,1.815,1.817,1.826,1.817,1.825,0.01,0.551,1017846.0,185432.089
513500.SH,20190417,1.825,1.822,1.828,1.818,1.82,-0.005,-0.274,2218347.0,404408.365
513500.SH,20190418,1.82,1.811,1.826,1.806,1.806,-0.014,-0.7692,1117642.0,202979.736
513500.SH,20190419,1.806,1.818,1.831,1.815,1.816,0.01,0.5537,2261094.0,412107.764
513500.SH,20190422,1.816,1.821,1.821,1.812,1.816,0.0,0.0,2052894.0,372741.831
513500.SH,20190423,1.816,1.818,1.823,1.817,1.821,0.005,0.2753,1103513.0,200912.807
513500.SH,20190424,1.821,1.839,1.841,1.835,1.838,0.017,0.9336,1160661.0,213408.274
513500.SH,20190425,1.838,1.837,1.841,1.836,1.837,-0.001,-0.0544,915671.0,168330.597
513500.SH,20190426,1.837,1.837,1.839,1.835,1.839,0.002,0.1089,1886491.0,346764.684
513500.SH,20190429,1.839,1.847,1.853,1.847,1.853,0.014,0.7613,632016.88,116987.397
513500.SH,20190430,1.853,1.854,1.858,1.851,1.858,0.005,0.2698,268723.89,49802.087
513500.SH,20190506,1.858,1.837,1.843,1.828,1.829,-0.029,-1.5608,1039509.0,190863.569
513500.SH,20190507,1.829,1.841,1.851,1.841,1.849,0.02,1.0935,609497.89,112399.795
513500.SH,20190508,1.849,1.815,1.824,1.815,1.816,-0.033,-1.7847,923192.0,168062.488
513500.SH,20190509,1.816,1.816,1.826,1.815,1.816,0.0,0.0,1392813.5,253419.156
513500.SH,20190510,1.816,1.819,1.827,1.815,1.817,0.001,0.0551,1761232.77,320885.302
513500.SH,20190513,1.817,1.818,1.826,1.818,1.826,0.009,0.4953,1165770.65,212633.512
513500.SH,20190514,1.826,1.796,1.806,1.79,1.804,-0.022,-1.2048,788802.0,142239.561
513500.SH,20190515,1.804,1.817,1.82,1.814,1.819,0.015,0.8315,2013785.0,366118.967
513500.SH,20190516,1.819,1.826,1.826,1.817,1.819,0.0,0.0,1003183.0,182559.136
513500.SH,20190517,1.819,1.84,1.847,1.839,1.842,0.023,1.2644,251812.0,46419.042
513500.SH,20190520,1.842,1.844,1.845,1.84,1.841,-0.001,-0.0543,612462.0,112839.434
513500.SH,20190521,1.841,1.838,1.838,1.83,1.833,-0.008,-0.4345,716961.0,131296.738
513500.SH,20190522,1.833,1.842,1.842,1.835,1.837,0.004,0.2182,625198.0,114989.758
513500.SH,20190523,1.837,1.832,1.832,1.823,1.824,-0.013,-0.7077,431241.0,78798.524
513500.SH,20190524,1.824,1.821,1.821,1.813,1.814,-0.01,-0.5482,417069.0,75737.555
513500.SH,20190527,1.814,1.813,1.816,1.809,1.815,0.001,0.0551,575143.0,104261.03
513500.SH,20190528,1.815,1.816,1.824,1.816,1.821,0.006,0.3306,970573.03,176764.254
513500.SH,20190529,1.821,1.803,1.803,1.792,1.792,-0.029,-1.5925,1350196.44,242769.544
513500.SH,20190530,1.792,1.783,1.801,1.783,1.789,-0.003,-0.1674,2202696.0,394053.567
513500.SH,20190531,1.789,1.781,1.784,1.774,1.774,-0.015,-0.8385,2346282.0,417502.458
513500.SH,20190603,1.774,1.758,1.764,1.755,1.757,-0.017,-0.9583,1600044.0,281254.634
513500.SH,20190604,1.757,1.759,1.767,1.759,1.763,0.006,0.3415,665521.0,117343.885
513500.SH,20190605,1.763,1.8,1.807,1.799,1.803,0.04,2.2689,698271.0,125978.081
513500.SH,20190606,1.803,1.812,1.819,1.811,1.814,0.011,0.6101,808496.0,146707.774
513500.SH,20190610,1.814,1.852,1.858,1.85,1.857,0.043,2.3705,1320797.77,245090.165
513500.SH,20190611,1.857,1.858,1.86,1.857,1.858,0.001,0.0539,660238.75,122698.782
513500.SH,20190612,1.858,1.855,1.855,1.847,1.847,-0.011,-0.592,826184.0,152903.818
513500.SH,20190613,1.847,1.851,1.853,1.842,1.847,0.0,0.0,1334262.0,246184.692
513500.SH,20190614,1.847,1.855,1.862,1.854,1.856,0.009,0.4873,888685.0,165252.001
513500.SH,20190617,1.856,1.859,1.863,1.858,1.859,0.003,0.1616,274693.0,51100.982
513500.SH,20190618,1.859,1.86,1.861,1.856,1.856,-0.003,-0.1614,1044004.52,194043.923
513500.SH,20190619,1.856,1.88,1.88,1.868,1.872,0.016,0.8621,1614520.0,302177.379
513500.SH,20190620,1.872,1.88,1.882,1.872,1.882,0.01,0.5342,631503.0,118785.091
513500.SH,20190621,1.882,1.885,1.886,1.875,1.881,-0.001,-0.0531,411013.0,77235.188
513500.SH,20190624,1.881,1.883,1.892,1.883,1.886,0.005,0.2658,724874.0,136696.947
513500.SH,20190625,1.886,1.883,1.883,1.876,1.878,-0.008,-0.4242,1155246.0,216977.841
513500.SH,20190626,1.878,1.854,1.867,1.854,1.863,-0.015,-0.7987,515422.0,96054.244
513500.SH,20190627,1.863,1.864,1.871,1.863,1.87,0.007,0.3757,448365.29,83671.074
513500.SH,20190628,1.87,1.871,1.877,1.865,1.866,-0.004,-0.2139,1623750.15,304286.462
513500.SH,20190701,1.866,1.891,1.914,1.89,1.911,0.045,2.4116,841355.0,160407.059
513500.SH,20190702,1.911,1.904,1.905,1.898,1.903,-0.008,-0.4186,262582.0,49961.492
513500.SH,20190703,1.903,1.917,1.917,1.906,1.909,0.006,0.3153,879453.61,168025.75
513500.SH,20190704,1.909,1.936,1.936,1.919,1.925,0.016,0.8381,313946.39,60441.552
513500.SH,20190705,1.925,1.924,1.929,1.919,1.922,-0.003,-0.1558,475271.63,91343.58
513500.SH,20190708,1.922,1.92,1.92,1.909,1.911,-0.011,-0.5723,1142577.0,218575.144
513500.SH,20190709,1.911,1.909,1.909,1.9,1.902,-0.009,-0.471,909627.0,173237.704
513500.SH,20190710,1.902,1.911,1.916,1.907,1.908,0.006,0.3155,507311.0,96993.461
513500.SH,20190711,1.908,1.919,1.926,1.919,1.925,0.017,0.891,448119.0,86201.776
513500.SH,20190712,1.925,1.93,1.933,1.928,1.933,0.008,0.4156,968929.0,187140.128
513500.SH,20190715,1.933,1.938,1.943,1.932,1.942,0.009,0.4656,450892.3,87424.457
513500.SH,20190716,1.942,1.942,1.943,1.936,1.937,-0.005,-0.2575,242625.0,47043.025
513500.SH,20190717,1.937,1.93,1.936,1.922,1.925,-0.012,-0.6195,1176439.81,227044.296
513500.SH,20190718,1.925,1.909,1.914,1.903,1.907,-0.018,-0.9351,1145697.0,218882.971
513500.SH,20190719,1.907,1.92,1.93,1.92,1.927,0.02,1.0488,690843.0,133134.985
513500.SH,20190722,1.927,1.913,1.919,1.908,1.918,-0.009,-0.467,662596.0,126861.422
513500.SH,20190723,1.918,1.92,1.929,1.92,1.926,0.008,0.4171,943238.0,181617.632
513500.SH,20190724,1.926,1.936,1.94,1.93,1.935,0.009,0.4673,401636.0,77762.815
513500.SH,20190725,1.935,1.945,1.946,1.943,1.945,0.01,0.5168,205954.0,40045.445
513500.SH,20190726,1.945,1.933,1.94,1.932,1.939,-0.006,-0.3085,67988.0,13176.507
513500.SH,20190729,1.939,1.949,1.953,1.943,1.949,0.01,0.5157,124069.0,24197.48
513500.SH,20190730,1.949,1.949,1.959,1.947,1.949,0.0,0.0,432536.82,84502.46
513500.SH,20190731,1.949,1.95,1.95,1.945,1.947,-0.002,-0.1026,666978.0,129940.522
513500.SH,20190801,1.947,1.921,1.933,1.921,1.926,-0.021,-1.0786,366942.14,70788.514
513500.SH,20190802,1.926,1.91,1.921,1.908,1.921,-0.005,-0.2596,172907.18,33133.927
513500.SH,20190805,1.921,1.919,1.946,1.905,1.92,-0.001,-0.0521,319421.0,61293.439
513500.SH,20190806,1.92,1.878,1.883,1.847,1.88,-0.04,-2.0833,688133.64,128611.31
513500.SH,20190807,1.88,1.888,1.893,1.886,1.892,0.012,0.6383,212704.0,40166.99
513500.SH,20190808,1.892,1.895,1.907,1.895,1.905,0.013,0.6871,326170.0,61986.271
513500.SH,20190809,1.905,1.925,1.936,1.925,1.929,0.024,1.2598,886330.0,171389.561
513500.SH,20190812,1.929,1.933,1.933,1.929,1.933,0.004,0.2074,436954.0,84365.16
513500.SH,20190813,1.933,1.906,1.91,1.9,1.903,-0.03,-1.552,316480.0,60296.288
513500.SH,20190814,1.903,1.933,1.933,1.916,1.919,0.016,0.8408,597607.91,114664.323
513500.SH,20190815,1.919,1.877,1.883,1.87,1.88,-0.039,-2.0323,281918.0,52881.003
513500.SH,20190816,1.88,1.881,1.885,1.879,1.884,0.004,0.2128,267960.0,50416.645
513500.SH,20190819,1.884,1.901,1.918,1.901,1.916,0.032,1.6985,113155.0,21604.1
513500.SH,20190820,1.916,1.92,1.929,1.92,1.925,0.009,0.4697,386000.0,74350.906
513500.SH,20190821,1.925,1.921,1.921,1.911,1.912,-0.013,-0.6753,411391.0,78707.805
513500.SH,20190822,1.912,1.928,1.931,1.926,1.929,0.017,0.8891,126291.0,24356.34
513500.SH,20190823,1.929,1.929,1.939,1.929,1.938,0.009,0.4666,171158.0,33125.74
513500.SH,20190826,1.938,1.898,1.9,1.887,1.899,-0.039,-2.0124,336732.0,63698.913
513500.SH,20190827,1.899,1.91,1.932,1.91,1.923,0.024,1.2638,565376.0,108842.549
513500.SH,20190828,1.923,1.922,1.922,1.916,1.918,-0.005,-0.26,874526.3,167817.961
513500.SH,20190829,1.918,1.924,1.927,1.92,1.926,0.008,0.4171,585215.0,112572.104
513500.SH,20190830,1.926,1.947,1.952,1.941,1.945,0.019,0.9865,1041319.73,202829.38
513500.SH,20190902,1.945,1.945,1.947,1.939,1.943,-0.002,-0.1028,555651.27,107982.039
513500.SH,20190903,1.943,1.945,1.945,1.938,1.94,-0.003,-0.1544,375518.0,72937.273
513500.SH,20190904,1.94,1.938,1.952,1.935,1.951,0.011,0.567,778708.0,151396.43
513500.SH,20190905,1.951,1.952,1.968,1.952,1.96,0.009,0.4613,799679.0,157081.671
513500.SH,20190906,1.96,1.979,1.98,1.971,1.972,0.012,0.6122,597629.0,118125.985
513500.SH,20190909,1.972,1.973,1.978,1.971,1.975,0.003,0.1521,747818.0,147668.648
513500.SH,20190910,1.975,1.976,1.976,1.964,1.964,-0.011,-0.557,561714.16,110608.867
513500.SH,20190911,1.964,1.966,1.971,1.964,1.968,0.004,0.2037,278604.84,54798.761
513500.SH,20190912,1.968,1.982,1.991,1.981,1.983,0.015,0.7622,835856.0,166040.099
513500.SH,20190916,1.983,1.973,1.973,1.963,1.968,-0.015,-0.7564,106830.0,20998.217
513500.SH,20190917,1.968,1.974,1.976,1.97,1.975,0.007,0.3557,1105588.0,218183.853
513500.SH,20190918,1.975,1.979,1.986,1.977,1.979,0.004,0.2025,965410.0,191276.235
513500.SH,20190919,1.979,1.98,1.985,1.98,1.981,0.002,0.1011,245013.0,48576.98
513500.SH,20190920,1.981,1.984,1.991,1.981,1.982,0.001,0.0505,362088.0,71893.023
513500.SH,20190923,1.982,1.981,1.986,1.98,1.982,0.0,0.0,274195.0,54356.542
513500.SH,20190924,1.982,1.984,1.989,1.981,1.981,-0.001,-0.0505,89708.0,17809.182
513500.SH,20190925,1.981,1.971,1.971,1.963,1.966,-0.015,-0.7572,155291.0,30537.557
513500.SH,20190926,1.966,1.974,1.979,1.97,1.974,0.008,0.4069,162122.0,31982.965
513500.SH,20190927,1.974,1.972,1.975,1.968,1.974,0.0,0.0,144581.0,28489.706
513500.SH,20190930,1.974,1.969,1.972,1.959,1.97,-0.004,-0.2026,129958.0,25572.877
513500.SH,20191008,1.97,1.964,1.964,1.95,1.951,-0.019,-0.9645,465085.0,90846.46
513500.SH,20191009,1.951,1.922,1.929,1.922,1.927,-0.024,-1.2301,325130.0,62647.457
513500.SH,20191010,1.927,1.928,1.933,1.927,1.93,0.003,0.1557,619813.0,119648.43
513500.SH,20191011,1.93,1.942,1.95,1.941,1.95,0.02,1.0363,215103.0,41831.938
513500.SH,20191014,1.95,1.967,1.969,1.956,1.959,0.009,0.4615,715373.0,140238.527
513500.SH,20191015,1.959,1.962,1.963,1.956,1.963,0.004,0.2042,288847.22,56585.083
513500.SH,20191016,1.963,1.974,1.977,1.97,1.974,0.011,0.5604,87522.0,17284.11
513500.SH,20191017,1.974,1.975,1.976,1.967,1.967,-0.007,-0.3546,398063.25,78466.222
513500.SH,20191018,1.967,1.974,1.974,1.966,1.968,0.001,0.0508,179473.74,35333.072
513500.SH,20191021,1.968,1.968,1.968,1.964,1.967,-0.001,-0.0508,150217.0,29550.489
513500.SH,20191022,1.967,1.982,1.983,1.978,1.98,0.013,0.6609,372116.0,73699.513
513500.SH,20191023,1.98,1.98,1.98,1.967,1.968,-0.012,-0.6061,476667.5,93883.496
513500.SH,20191024,1.968,1.978,1.978,1.97,1.977,0.009,0.4573,115826.72,22889.662
513500.SH,20191025,1.977,1.978,1.98,1.975,1.979,0.002,0.1012,221506.0,43799.2
513500.SH,20191028,1.979,1.984,1.992,1.984,1.989,0.01,0.5053,87462.0,17396.47
513500.SH,20191029,1.989,1.998,2.003,1.996,1.998,0.009,0.4525,106243.0,21242.101
513500.SH,20191030,1.998,1.998,2.0,1.995,1.997,-0.001,-0.0501,324646.0,64876.992
513500.SH,20191031,1.997,2.001,2.002,1.998,1.999,0.002,0.1002,54990.0,10994.88
513500.SH,20191101,1.999,1.994,2.0,1.993,2.0,0.001,0.05,64264.0,12832.035
513500.SH,20191104,2.0,2.014,2.015,2.01,2.011,0.011,0.55,88312.0,17774.09
513500.SH,20191105,2.011,2.017,2.017,2.012,2.015,0.004,0.1989,105016.0,21156.216
513500.SH,20191106,2.015,2.013,2.013,2.0,2.002,-0.013,-0.6452,143652.0,28781.997
513500.SH,20191107,2.002,2.009,2.01,2.003,2.006,0.004,0.1998,80733.0,16203.247
513500.SH,20191108,2.006,2.006,2.006,1.997,2.004,-0.002,-0.0997,353507.0,70766.002
513500.SH,20191111,2.004,2.004,2.011,2.004,2.009,0.005,0.2495,81207.0,16317.494
513500.SH,20191112,2.009,2.009,2.017,2.007,2.017,0.008,0.3982,224180.0,45124.346
513500.SH,20191113,2.017,2.015,2.022,2.015,2.016,-0.001,-0.0496,86872.0,17539.663
513500.SH,20191114,2.016,2.022,2.025,2.021,2.023,0.007,0.3472,98097.0,19842.422
513500.SH,20191115,2.023,2.026,2.039,2.026,2.03,0.007,0.346,181793.0,36886.929
513500.SH,20191118,2.03,2.041,2.059,2.04,2.058,0.028,1.3793,164266.0,33639.056
513500.SH,20191119,2.058,2.058,2.095,2.058,2.082,0.024,1.1662,181919.32,37856.721
513500.SH,20191120,2.082,2.08,2.083,2.05,2.053,-0.029,-1.3929,117273.0,24166.314
513500.SH,20191121,2.053,2.047,2.047,2.034,2.035,-0.018,-0.8768,202598.0,41248.999
513500.SH,20191122,2.035,2.034,2.043,2.034,2.037,0.002,0.0983,617880.0,125962.167
513500.SH,20191125,2.037,2.045,2.052,2.041,2.05,0.013,0.6382,110722.0,22671.724
513500.SH,20191126,2.05,2.065,2.072,2.062,2.065,0.015,0.7317,253778.0,52421.142
513500.SH,20191127,2.065,2.067,2.072,2.067,2.072,0.007,0.339,63998.0,13247.966
513500.SH,20191128,2.072,2.078,2.084,2.076,2.082,0.01,0.4826,383871.0,79853.426
513500.SH,20191129,2.082,2.081,2.089,2.08,2.084,0.002,0.0961,77054.0,16062.479
513500.SH,20191202,2.084,2.084,2.109,2.078,2.107,0.023,1.1036,159708.0,33483.366
513500.SH,20191203,2.107,2.059,2.082,2.059,2.073,-0.034,-1.6137,155230.0,32165.869
513500.SH,20191204,2.073,2.053,2.055,2.043,2.049,-0.024,-1.1577,271754.0,55672.432
513500.SH,20191205,2.049,2.053,2.056,2.05,2.051,0.002,0.0976,336221.0,69005.946
513500.SH,20191206,2.051,2.055,2.058,2.053,2.058,0.007,0.3413,271470.0,55801.999
513500.SH,20191209,2.058,2.07,2.079,2.068,2.077,0.019,0.9232,239035.0,49507.275
513500.SH,20191210,2.077,2.071,2.071,2.065,2.07,-0.007,-0.337,460973.0,95364.02
513500.SH,20191211,2.07,2.067,2.068,2.061,2.068,-0.002,-0.0966,173801.0,35875.046
513500.SH,20191212,2.068,2.071,2.081,2.071,2.08,0.012,0.5803,281388.0,58427.886
513500.SH,20191213,2.08,2.089,2.097,2.085,2.086,0.006,0.2885,266565.3,55697.533
513500.SH,20191216,2.086,2.085,2.092,2.081,2.09,0.004,0.1918,343935.17,71774.539
513500.SH,20191217,2.09,2.098,2.104,2.095,2.102,0.012,0.5742,497599.0,104501.95
513500.SH,20191218,2.102,2.099,2.101,2.09,2.091,-0.011,-0.5233,552645.4,115866.419
513500.SH,20191219,2.091,2.091,2.094,2.083,2.084,-0.007,-0.3348,344491.68,72026.928
513500.SH,20191220,2.084,2.094,2.098,2.093,2.097,0.013,0.6238,108409.36,22707.39
513500.SH,20191223,2.097,2.108,2.116,2.105,2.114,0.017,0.8107,470403.81,99275.843
513500.SH,20191224,2.114,2.114,2.118,2.112,2.115,0.001,0.0473,371048.35,78495.843
513500.SH,20191225,2.115,2.114,2.115,2.107,2.107,-0.008,-0.3783,185397.68,39156.23
513500.SH,20191226,2.107,2.109,2.119,2.109,2.118,0.011,0.5221,353293.0,74619.289
513500.SH,20191227,2.118,2.13,2.144,2.126,2.13,0.012,0.5666,229443.0,48990.786
513500.SH,20191230,2.13,2.126,2.129,2.113,2.125,-0.005,-0.2347,286535.34,60789.668
513500.SH,20191231,2.125,2.115,2.115,2.106,2.111,-0.014,-0.6588,256100.31,53972.871
513500.SH,20200102,2.111,2.113,2.129,2.113,2.129,0.018,0.8527,326859.1,69265.892
513500.SH,20200103,2.129,2.134,2.158,2.129,2.151,0.022,1.0333,376425.98,80600.358
513500.SH,20200106,2.151,2.13,2.13,2.109,2.109,-0.042,-1.9526,721321.6,152549.201
513500.SH,20200107,2.109,2.119,2.124,2.116,2.118,0.009,0.4267,713366.57,151147.063
513500.SH,20200108,2.118,2.092,2.102,2.071,2.092,-0.026,-1.2276,665629.04,139372.777
513500.SH,20200109,2.092,2.115,2.12,2.113,2.117,0.025,1.195,926987.2,196258.831
513500.SH,20200110,2.117,2.129,2.143,2.125,2.139,0.022,1.0392,242718.04,51779.958
513500.SH,20200113,2.139,2.125,2.137,2.124,2.133,-0.006,-0.2805,625713.19,133328.624
513500.SH,20200114,2.133,2.144,2.154,2.14,2.148,0.015,0.7032,524091.19,112492.235
513500.SH,20200115,2.148,2.143,2.143,2.13,2.141,-0.007,-0.3259,501524.0,107015.865
513500.SH,20200116,2.141,2.139,2.139,2.128,2.129,-0.012,-0.5605,511188.0,108975.283
513500.SH,20200117,2.129,2.143,2.148,2.135,2.136,0.007,0.3288,541676.0,115872.833
513500.SH,20200120,2.136,2.143,2.144,2.136,2.138,0.002,0.0936,404572.0,86615.744
513500.SH,20200121,2.138,2.138,2.14,2.135,2.138,0.0,0.0,773490.0,165401.406
513500.SH,20200122,2.138,2.138,2.155,2.138,2.155,0.017,0.7951,468017.0,100640.562
513500.SH,20200123,2.155,2.144,2.154,2.139,2.148,-0.007,-0.3248,852205.8,183100.501
513500.SH,20200203,2.148,2.055,2.123,2.055,2.115,-0.033,-1.5363,260097.3,54962.042
513500.SH,20200204,2.115,2.13,2.133,2.116,2.129,0.014,0.6619,266740.0,56749.175
513500.SH,20200205,2.129,2.143,2.15,2.14,2.142,0.013,0.6106,458401.04,98262.546
513500.SH,20200206,2.142,2.169,2.181,2.168,2.18,0.038,1.774,504273.0,109705.336
513500.SH,20200207,2.18,2.179,2.185,2.175,2.185,0.005,0.2294,536055.0,116818.628
513500.SH,20200210,2.185,2.175,2.189,2.172,2.189,0.004,0.1831,299269.55,65247.135
513500.SH,20200211,2.189,2.194,2.223,2.194,2.219,0.03,1.3705,457386.1,101232.204
513500.SH,20200212,2.219,2.226,2.26,2.222,2.258,0.039,1.7575,336644.0,75232.899
513500.SH,20200213,2.258,2.3,2.368,2.278,2.349,0.091,4.0301,639500.02,148562.35
513500.SH,20200214,2.349,2.33,2.33,2.24,2.248,-0.101,-4.2997,627195.0,143374.794
513500.SH,20200217,2.248,2.252,2.282,2.232,2.262,0.014,0.6228,556279.0,125729.731
513500.SH,20200218,2.262,2.253,2.256,2.227,2.23,-0.032,-1.4147,382636.6,85624.104
513500.SH,20200219,2.23,2.223,2.235,2.215,2.223,-0.007,-0.3139,407545.0,90804.362
513500.SH,20200220,2.223,2.239,2.246,2.226,2.238,0.015,0.6748,653223.0,145952.579
513500.SH,20200221,2.238,2.219,2.248,2.216,2.216,-0.022,-0.983,873559.09,193989.669
513500.SH,20200224,2.216,2.18,2.183,2.166,2.168,-0.048,-2.1661,673218.0,146230.463
513500.SH,20200225,2.168,2.127,2.168,2.127,2.167,-0.001,-0.0461,1083573.83,232300.434
513500.SH,20200226,2.167,2.088,2.128,2.087,2.11,-0.057,-2.6304,460208.56,97047.799
513500.SH,20200227,2.11,2.111,2.111,2.095,2.098,-0.012,-0.5687,396568.0,83298.617
513500.SH,20200228,2.098,2.023,2.044,2.016,2.03,-0.068,-3.2412,435728.19,88402.403
513500.SH,20200302,2.03,2.03,2.088,1.993,2.069,0.039,1.9212,1512524.0,305415.892
513500.SH,20200303,2.069,2.12,2.136,2.05,2.059,-0.01,-0.4833,1389349.99,289265.293
513500.SH,20200304,2.059,2.02,2.038,2.007,2.034,-0.025,-1.2142,553585.78,111790.76
513500.SH,20200305,2.034,2.07,2.076,2.052,2.062,0.028,1.3766,562564.75,116086.18
513500.SH,20200306,2.062,2.033,2.033,2.015,2.017,-0.045,-2.1823,282658.75,57100.391
513500.SH,20200309,2.017,1.964,1.964,1.9,1.907,-0.11,-5.4536,486579.61,94062.476
513500.SH,20200310,1.907,1.888,1.97,1.879,1.965,0.058,3.0414,639131.0,123117.829
513500.SH,20200311,1.965,1.958,1.958,1.919,1.929,-0.036,-1.8321,514738.66,99515.912
513500.SH,20200312,1.929,1.885,1.885,1.831,1.86,-0.069,-3.577,661926.92,122520.028
513500.SH,20200313,1.86,1.688,1.888,1.674,1.823,-0.037,-1.9892,962318.0,171590.771
513500.SH,20200316,1.823,1.784,1.81,1.748,1.779,-0.044,-2.4136,754649.72,134831.046
513500.SH,20200317,1.779,1.764,1.89,1.75,1.764,-0.015,-0.8432,824210.0,146522.292
513500.SH,20200318,1.764,1.769,1.785,1.704,1.705,-0.059,-3.3447,501323.01,87991.411
513500.SH,20200319,1.705,1.72,1.728,1.634,1.7,-0.005,-0.2933,722202.12,121464.186
513500.SH,20200320,1.7,1.71,1.765,1.704,1.758,0.058,3.4118,593959.5,102626.896
513500.SH,20200323,1.758,1.676,1.703,1.647,1.652,-0.106,-6.0296,558706.26,93798.651
513500.SH,20200324,1.652,1.7,1.719,1.67,1.717,0.065,3.9346,1125579.69,191094.859
513500.SH,20200325,1.717,1.77,1.788,1.758,1.785,0.068,3.9604,1184248.02,209861.207
513500.SH,20200326,1.785,1.783,1.783,1.744,1.764,-0.021,-1.1765,505634.0,89475.901
513500.SH,20200327,1.764,1.804,1.808,1.766,1.768,0.004,0.2268,722728.32,129463.641
513500.SH,20200330,1.768,1.733,1.757,1.712,1.74,-0.028,-1.5837,582996.48,101150.098
513500.SH,20200331,1.74,1.771,1.777,1.759,1.764,0.024,1.3793,403906.0,71419.325
513500.SH,20200401,1.764,1.74,1.761,1.723,1.725,-0.039,-2.2109,363958.35,63506.19
513500.SH,20200402,1.725,1.722,1.745,1.701,1.743,0.018,1.0435,557313.37,95972.857
513500.SH,20200403,1.743,1.733,1.741,1.72,1.725,-0.018,-1.0327,280043.4,48500.757
513500.SH,20200407,1.725,1.79,1.812,1.781,1.81,0.085,4.9275,540223.74,96889.589
513500.SH,20200408,1.81,1.798,1.811,1.788,1.796,-0.014,-0.7735,446020.0,80164.356
513500.SH,20200409,1.796,1.827,1.853,1.827,1.849,0.053,2.951,882001.0,162384.224
513500.SH,20200410,1.849,1.858,1.868,1.841,1.847,-0.002,-0.1082,607176.09,112715.346
513500.SH,20200413,1.847,1.838,1.838,1.824,1.831,-0.016,-0.8663,471164.09,86281.031
513500.SH,20200414,1.831,1.841,1.868,1.836,1.867,0.036,1.9661,457153.09,84841.053
513500.SH,20200415,1.867,1.885,1.896,1.878,1.882,0.015,0.8034,765100.0,144483.009
513500.SH,20200416,1.882,1.851,1.882,1.845,1.871,-0.011,-0.5845,654698.0,121530.011
513500.SH,20200417,1.871,1.915,1.922,1.905,1.912,0.041,2.1913,984691.97,188644.24
513500.SH,20200420,1.912,1.915,1.917,1.903,1.912,0.0,0.0,346759.0,66273.312
513500.SH,20200421,1.912,1.902,1.902,1.862,1.873,-0.039,-2.0397,653200.76,122566.905
513500.SH,20200422,1.873,1.831,1.859,1.831,1.852,-0.021,-1.1212,835998.06,153945.525
513500.SH,20200423,1.852,1.867,1.875,1.858,1.871,0.019,1.0259,548458.0,102383.38
513500.SH,20200424,1.871,1.853,1.86,1.847,1.859,-0.012,-0.6414,385822.01,71528.773
513500.SH,20200427,1.859,1.884,1.912,1.88,1.898,0.039,2.0979,462839.0,87820.314
513500.SH,20200428,1.898,1.913,1.919,1.903,1.916,0.018,0.9484,476583.0,91166.199
513500.SH,20200429,1.916,1.928,1.941,1.923,1.931,0.015,0.7829,489329.0,94552.377
513500.SH,20200430,1.931,1.969,1.979,1.96,1.971,0.04,2.0715,531510.01,104607.514
513500.SH,20200506,1.971,1.934,1.948,1.924,1.947,-0.024,-1.2177,718563.0,138804.293
513500.SH,20200507,1.947,1.934,1.934,1.917,1.923,-0.024,-1.2327,688961.02,132435.178
513500.SH,20200508,1.923,1.94,1.948,1.934,1.941,0.018,0.936,826418.76,160644.204
513500.SH,20200511,1.941,1.96,1.968,1.956,1.962,0.021,1.0819,871086.3,170846.858
513500.SH,20200512,1.962,1.951,1.953,1.933,1.934,-0.028,-1.4271,720454.12,139762.225
513500.SH,20200513,1.934,1.901,1.915,1.895,1.912,-0.022,-1.1375,670650.74,127756.292
513500.SH,20200514,1.912,1.886,1.889,1.876,1.883,-0.029,-1.5167,960035.12,180691.52
513500.SH,20200515,1.883,1.905,1.911,1.9,1.908,0.025,1.3277,768740.5,146498.719
513500.SH,20200518,1.908,1.925,1.937,1.921,1.936,0.028,1.4675,374285.36,72209.607
513500.SH,20200519,1.936,1.971,1.988,1.965,1.986,0.05,2.5826,494835.0,97586.796
513500.SH,20200520,1.986,1.969,1.97,1.958,1.963,-0.023,-1.1581,1400237.0,275000.003
513500.SH,20200521,1.963,1.981,1.982,1.968,1.968,0.005,0.2547,931974.0,183865.68
513500.SH,20200522,1.968,1.967,1.97,1.949,1.954,-0.014,-0.7114,450563.0,88246.807
513500.SH,20200525,1.954,1.97,1.989,1.969,1.987,0.033,1.6888,729416.0,144250.138
513500.SH,20200526,1.987,2.004,2.02,2.0,2.019,0.032,1.6105,473933.0,95133.831
513500.SH,20200527,2.019,2.009,2.023,2.005,2.019,0.0,0.0,459596.0,92477.522
513500.SH,20200528,2.019,2.04,2.052,2.039,2.043,0.024,1.1887,463557.0,94870.495
513500.SH,20200529,2.043,2.021,2.032,2.019,2.029,-0.014,-0.6853,592143.0,120063.213
513500.SH,20200601,2.029,2.032,2.04,2.029,2.033,0.004,0.1971,500418.0,101810.279
513500.SH,20200602,2.033,2.034,2.04,2.03,2.036,0.003,0.1476,555707.0,113069.241
513500.SH,20200603,2.036,2.056,2.065,2.052,2.062,0.026,1.277,489800.0,100897.093
513500.SH,20200604,2.062,2.079,2.082,2.069,2.07,0.008,0.388,319910.0,66394.956
513500.SH,20200605,2.07,2.07,2.088,2.067,2.087,0.017,0.8213,352392.0,73259.69
513500.SH,20200608,2.087,2.114,2.12,2.114,2.117,0.03,1.4375,368785.93,78030.587
513500.SH,20200609,2.117,2.143,2.15,2.131,2.147,0.03,1.4171,418668.2,89760.629
513500.SH,20200610,2.147,2.145,2.147,2.135,2.142,-0.005,-0.2329,515340.0,110410.278
513500.SH,20200611,2.142,2.123,2.123,2.079,2.084,-0.058,-2.7077,780986.87,163614.744
513500.SH,20200612,2.084,2.002,2.034,2.0,2.02,-0.064,-3.071,804377.9,162379.617
513500.SH,20200615,2.02,2.0,2.002,1.958,1.961,-0.059,-2.9208,860692.47,170553.054
513500.SH,20200616,1.961,2.035,2.073,2.031,2.058,0.097,4.9465,786171.75,161223.219
513500.SH,20200617,2.058,2.074,2.084,2.066,2.079,0.021,1.0204,376929.0,78282.095
513500.SH,20200618,2.079,2.05,2.064,2.046,2.06,-0.019,-0.9139,498375.0,102260.612
513500.SH,20200619,2.06,2.064,2.072,2.063,2.072,0.012,0.5825,1141279.5,235886.672
513500.SH,20200622,2.072,2.059,2.059,2.042,2.049,-0.023,-1.11,527486.0,108065.016
513500.SH,20200623,2.049,2.05,2.071,2.045,2.066,0.017,0.8297,474752.0,97801.17
513500.SH,20200624,2.066,2.073,2.075,2.066,2.071,0.005,0.242,380053.0,78679.95
513500.SH,20200629,2.071,2.015,2.015,1.998,2.006,-0.065,-3.1386,543937.5,109047.641
513500.SH,20200630,2.006,2.021,2.027,2.008,2.013,0.007,0.349,449848.0,90763.2
513500.SH,20200701,2.013,2.04,2.043,2.034,2.043,0.03,1.4903,431428.5,87941.081
513500.SH,20200702,2.043,2.049,2.06,2.048,2.059,0.016,0.7832,303132.0,62234.286
513500.SH,20200703,2.059,2.064,2.072,2.061,2.071,0.012,0.5828,444248.0,91784.15
513500.SH,20200706,2.071,2.074,2.087,2.072,2.086,0.015,0.7243,677160.0,140753.994
513500.SH,20200707,2.086,2.091,2.091,2.063,2.068,-0.018,-0.8629,505729.0,104853.467
513500.SH,20200708,2.068,2.066,2.068,2.059,2.059,-0.009,-0.4352,789733.0,162993.795
513500.SH,20200709,2.059,2.068,2.078,2.058,2.062,0.003,0.1457,1723360.8,356996.391
513500.SH,20200710,2.062,2.058,2.058,2.024,2.037,-0.025,-1.2124,646928.0,132303.806
513500.SH,20200713,2.037,2.076,2.091,2.07,2.088,0.051,2.5037,781987.55,162610.522
513500.SH,20200714,2.088,2.065,2.073,2.052,2.072,-0.016,-0.7663,635419.0,131198.803
513500.SH,20200715,2.072,2.095,2.107,2.095,2.103,0.031,1.4961,294266.9,61822.154
513500.SH,20200716,2.103,2.118,2.118,2.091,2.095,-0.008,-0.3804,279309.0,58618.857
513500.SH,20200717,2.095,2.097,2.109,2.084,2.106,0.011,0.5251,306770.0,64489.982
513500.SH,20200720,2.106,2.106,2.107,2.092,2.097,-0.009,-0.4274,327955.0,68764.926
513500.SH,20200721,2.097,2.121,2.136,2.117,2.132,0.035,1.6691,552390.52,117624.873
513500.SH,20200722,2.132,2.128,2.139,2.119,2.126,-0.006,-0.2814,593722.93,126233.272
513500.SH,20200723,2.126,2.137,2.148,2.137,2.148,0.022,1.0348,222792.58,47719.828
513500.SH,20200724,2.148,2.118,2.125,2.102,2.107,-0.041,-1.9088,298085.39,62966.217
513500.SH,20200727,2.107,2.107,2.122,2.106,2.109,0.002,0.0949,398525.0,84127.881
513500.SH,20200728,2.109,2.124,2.133,2.119,2.121,0.012,0.569,413818.0,87943.411
513500.SH,20200729,2.121,2.113,2.117,2.106,2.116,-0.005,-0.2357,255381.0,53925.394
513500.SH,20200730,2.116,2.128,2.133,2.124,2.124,0.008,0.3781,172959.0,36809.047
513500.SH,20200731,2.124,2.134,2.147,2.128,2.134,0.01,0.4708,554485.69,118438.993
513500.SH,20200803,2.134,2.142,2.154,2.135,2.136,0.002,0.0937,442982.0,94831.762
513500.SH,20200804,2.136,2.148,2.157,2.147,2.154,0.018,0.8427,365512.0,78650.174
513500.SH,20200805,2.154,2.154,2.169,2.154,2.161,0.007,0.325,177122.0,38258.841
513500.SH,20200806,2.161,2.173,2.177,2.168,2.176,0.015,0.6941,257608.35,55971.774
513500.SH,20200807,2.176,2.183,2.2,2.183,2.199,0.023,1.057,256034.0,56174.298
513500.SH,20200810,2.199,2.199,2.218,2.195,2.213,0.014,0.6367,143616.0,31721.588
513500.SH,20200811,2.213,2.212,2.22,2.202,2.205,-0.008,-0.3615,147061.0,32510.914
513500.SH,20200812,2.205,2.184,2.19,2.17,2.187,-0.018,-0.8163,360321.0,78462.11
513500.SH,20200813,2.187,2.202,2.216,2.202,2.212,0.025,1.1431,631756.0,139569.511
513500.SH,20200814,2.212,2.21,2.214,2.205,2.212,0.0,0.0,100449.0,22208.823
513500.SH,20200817,2.212,2.211,2.214,2.203,2.212,0.0,0.0,214915.0,47503.519
513500.SH,20200818,2.212,2.214,2.225,2.209,2.209,-0.003,-0.1356,321946.0,71302.719
513500.SH,20200819,2.209,2.213,2.222,2.213,2.222,0.013,0.5885,139257.0,30881.725
513500.SH,20200820,2.222,2.209,2.209,2.192,2.196,-0.026,-1.1701,298162.0,65484.405
513500.SH,20200821,2.196,2.202,2.21,2.202,2.206,0.01,0.4554,396084.0,87418.038
513500.SH,20200824,2.206,2.217,2.229,2.214,2.227,0.021,0.9519,450820.02,100178.128
513500.SH,20200825,2.227,2.249,2.294,2.248,2.284,0.057,2.5595,351831.0,79794.965
513500.SH,20200826,2.284,2.297,2.302,2.254,2.259,-0.025,-1.0946,455716.0,103498.361
513500.SH,20200827,2.259,2.29,2.292,2.271,2.289,0.03,1.328,314175.0,71874.859
513500.SH,20200828,2.289,2.288,2.326,2.278,2.306,0.017,0.7427,246264.0,56690.662
513500.SH,20200831,2.306,2.318,2.329,2.316,2.326,0.02,0.8673,155453.01,36144.362
513500.SH,20200901,2.326,2.327,2.335,2.28,2.295,-0.031,-1.3328,314731.02,72502.213
513500.SH,20200902,2.295,2.324,2.334,2.309,2.334,0.039,1.6993,261266.0,60551.013
513500.SH,20200903,2.334,2.38,2.476,2.354,2.465,0.131,5.6127,548908.15,132702.466
513500.SH,20200904,2.465,2.3,2.378,2.28,2.317,-0.148,-6.0041,872064.44,203538.183
513500.SH,20200907,2.317,2.308,2.308,2.21,2.21,-0.107,-4.618,606961.0,136266.285
513500.SH,20200908,2.21,2.238,2.256,2.215,2.251,0.041,1.8552,670513.0,149729.81
513500.SH,20200909,2.251,2.155,2.189,2.152,2.168,-0.083,-3.6873,350910.98,76061.858
513500.SH,20200910,2.168,2.215,2.216,2.194,2.195,0.027,1.2454,583825.41,128637.555
513500.SH,20200911,2.195,2.165,2.175,2.152,2.173,-0.022,-1.0023,348856.0,75481.559
513500.SH,20200914,2.173,2.17,2.177,2.162,2.176,0.003,0.1381,418738.86,90831.898
513500.SH,20200915,2.176,2.18,2.186,2.17,2.178,0.002,0.0919,554114.93,120580.539
513500.SH,20200916,2.178,2.183,2.202,2.183,2.189,0.011,0.5051,389099.0,85238.413
513500.SH,20200917,2.189,2.175,2.175,2.144,2.146,-0.043,-1.9644,358529.99,77540.577
513500.SH,20200918,2.146,2.14,2.155,2.133,2.154,0.008,0.3728,321077.99,68900.605
513500.SH,20200921,2.154,2.139,2.141,2.119,2.126,-0.028,-1.2999,204634.0,43614.224
513500.SH,20200922,2.126,2.112,2.113,2.095,2.099,-0.027,-1.27,241743.0,50867.547
513500.SH,20200923,2.099,2.118,2.123,2.109,2.12,0.021,1.0005,199328.0,42193.13
513500.SH,20200924,2.12,2.078,2.096,2.071,2.072,-0.048,-2.2642,221173.0,45933.911
513500.SH,20200925,2.072,2.085,2.094,2.085,2.089,0.017,0.8205,144410.0,30187.151
513500.SH,20200928,2.089,2.12,2.131,2.112,2.124,0.035,1.6754,646055.0,137047.72
513500.SH,20200929,2.124,2.147,2.156,2.145,2.147,0.023,1.0829,662784.0,142540.306
513500.SH,20200930,2.147,2.147,2.15,2.115,2.124,-0.023,-1.0713,310263.0,66159.25
513500.SH,20201009,2.124,2.195,2.195,2.18,2.192,0.068,3.2015,354009.0,77572.175
513500.SH,20201012,2.192,2.204,2.21,2.202,2.207,0.015,0.6843,418924.0,92417.054
513500.SH,20201013,2.207,2.236,2.256,2.231,2.243,0.036,1.6312,656110.61,147324.042
513500.SH,20201014,2.243,2.232,2.236,2.224,2.234,-0.009,-0.4012,638822.0,142470.741
513500.SH,20201015,2.234,2.212,2.212,2.197,2.199,-0.035,-1.5667,867347.0,190909.291
513500.SH,20201016,2.199,2.205,2.216,2.204,2.21,0.011,0.5002,266119.0,58861.428
513500.SH,20201019,2.21,2.217,2.223,2.207,2.212,0.002,0.0905,468339.0,103654.385
513500.SH,20201020,2.212,2.181,2.181,2.171,2.176,-0.036,-1.6275,180874.0,39323.071
513500.SH,20201021,2.176,2.176,2.183,2.172,2.182,0.006,0.2757,200681.0,43662.846
513500.SH,20201022,2.182,2.168,2.168,2.15,2.155,-0.027,-1.2374,547833.0,118065.093
513500.SH,20201023,2.155,2.166,2.18,2.164,2.173,0.018,0.8353,257091.0,55889.837
513500.SH,20201026,2.173,2.171,2.171,2.156,2.161,-0.012,-0.5522,237301.0,51299.663
513500.SH,20201027,2.161,2.14,2.156,2.138,2.155,-0.006,-0.2776,474406.0,101869.719
513500.SH,20201028,2.155,2.136,2.138,2.125,2.126,-0.029,-1.3457,296093.0,63049.62
513500.SH,20201029,2.126,2.081,2.092,2.08,2.088,-0.038,-1.7874,350239.0,73038.132
513500.SH,20201030,2.088,2.076,2.076,2.043,2.048,-0.04,-1.9157,505095.0,104140.51
513500.SH,20201102,2.048,2.058,2.073,2.058,2.068,0.02,0.9766,284003.0,58673.992
513500.SH,20201103,2.068,2.091,2.109,2.091,2.106,0.038,1.8375,291233.0,61188.422
513500.SH,20201104,2.106,2.124,2.177,2.124,2.14,0.034,1.6144,1028181.0,221138.483
513500.SH,20201105,2.14,2.174,2.186,2.156,2.167,0.027,1.2617,548292.0,118942.878
513500.SH,20201106,2.167,2.186,2.186,2.17,2.176,0.009,0.4153,341082.0,74290.769
513500.SH,20201109,2.176,2.207,2.223,2.206,2.21,0.034,1.5625,517038.0,114516.514
513500.SH,20201110,2.21,2.21,2.217,2.191,2.2,-0.01,-0.4525,391081.0,86236.154
513500.SH,20201111,2.2,2.199,2.211,2.19,2.21,0.01,0.4545,218038.98,48060.676
513500.SH,20201112,2.21,2.215,2.225,2.21,2.214,0.004,0.181,200302.0,44375.432
513500.SH,20201113,2.214,2.206,2.214,2.185,2.212,-0.002,-0.0903,230811.0,50778.61
513500.SH,20201116,2.212,2.234,2.247,2.234,2.242,0.03,1.3562,183637.0,41150.846
513500.SH,20201117,2.242,2.255,2.256,2.228,2.234,-0.008,-0.3568,262215.0,58615.528
513500.SH,20201118,2.234,2.229,2.229,2.211,2.212,-0.022,-0.9848,178998.98,39739.925
513500.SH,20201119,2.212,2.203,2.211,2.197,2.211,-0.001,-0.0452,214330.76,47204.355
513500.SH,20201120,2.211,2.202,2.22,2.198,2.202,-0.009,-0.4071,179998.0,39647.223
513500.SH,20201123,2.202,2.2,2.201,2.194,2.199,-0.003,-0.1362,150697.0,33102.414
513500.SH,20201124,2.199,2.216,2.232,2.215,2.232,0.033,1.5007,166707.0,37089.357
513500.SH,20201125,2.232,2.258,2.261,2.246,2.249,0.017,0.7616,505098.89,113701.413
513500.SH,20201126,2.249,2.245,2.252,2.235,2.249,0.0,0.0,818768.0,183768.889
513500.SH,20201127,2.249,2.246,2.249,2.236,2.243,-0.006,-0.2668,806015.0,180682.525
513500.SH,20201130,2.243,2.242,2.246,2.229,2.232,-0.011,-0.4904,159098.0,35634.686
513500.SH,20201201,2.232,2.254,2.259,2.248,2.256,0.024,1.0753,200050.0,45107.295
513500.SH,20201202,2.256,2.254,2.254,2.245,2.25,-0.006,-0.266,149253.38,33547.055
513500.SH,20201203,2.25,2.257,2.27,2.254,2.259,0.009,0.4,336100.89,75959.975
513500.SH,20201204,2.259,2.258,2.261,2.252,2.253,-0.006,-0.2656,206688.0,46629.272
513500.SH,20201207,2.253,2.264,2.267,2.26,2.262,0.009,0.3995,186832.0,42290.95
513500.SH,20201208,2.262,2.26,2.26,2.253,2.257,-0.005,-0.221,177942.0,40155.561
513500.SH,20201209,2.257,2.269,2.278,2.268,2.277,0.02,0.8861,194483.0,44216.14
513500.SH,20201210,2.277,2.255,2.265,2.254,2.264,-0.013,-0.5709,654541.98,148123.645
513500.SH,20201211,2.264,2.264,2.271,2.259,2.265,0.001,0.0442,566550.0,128262.23
513500.SH,20201214,2.265,2.265,2.297,2.265,2.272,0.007,0.3091,464936.0,105918.588
513500.SH,20201215,2.272,2.261,2.264,2.243,2.252,-0.02,-0.8803,215240.0,48472.64
513500.SH,20201216,2.252,2.267,2.274,2.267,2.27,0.018,0.7993,101978.0,23151.042
513500.SH,20201217,2.27,2.278,2.278,2.27,2.278,0.008,0.3524,50351.0,11452.852
513500.SH,20201218,2.278,2.285,2.286,2.27,2.285,0.007,0.3073,154878.0,35305.136
513500.SH,20201221,2.285,2.284,2.299,2.276,2.279,-0.006,-0.2626,131674.0,30046.448
513500.SH,20201222,2.279,2.269,2.284,2.253,2.258,-0.021,-0.9215,237570.69,53844.836
513500.SH,20201223,2.258,2.257,2.263,2.25,2.26,0.002,0.0886,105347.0,23785.348
513500.SH,20201224,2.26,2.263,2.276,2.261,2.266,0.006,0.2655,238479.31,54032.064
513500.SH,20201225,2.266,2.269,2.279,2.268,2.272,0.006,0.2648,105772.0,24030.893
513500.SH,20201228,2.272,2.273,2.285,2.273,2.283,0.011,0.4842,105758.0,24122.188
513500.SH,20201229,2.283,2.293,2.305,2.293,2.304,0.021,0.9198,133658.0,30724.876
513500.SH,20201230,2.304,2.295,2.295,2.288,2.289,-0.015,-0.651,151725.0,34756.653
513500.SH,20201231,2.289,2.29,2.298,2.283,2.292,0.003,0.1311,154073.96,35270.039
513500.SH,20210104,2.292,2.293,2.297,2.278,2.28,-0.012,-0.5236,436978.0,99991.782
513500.SH,20210105,2.28,2.26,2.26,2.241,2.245,-0.035,-1.5351,289516.0,65093.511
513500.SH,20210106,2.245,2.249,2.257,2.246,2.249,0.004,0.1782,188659.0,42436.696
513500.SH,20210107,2.249,2.275,2.285,2.271,2.283,0.034,1.5118,167648.77,38244.635
513500.SH,20210108,2.283,2.308,2.322,2.308,2.318,0.035,1.5331,227211.0,52640.169
513500.SH,20210111,2.318,2.318,2.323,2.306,2.308,-0.01,-0.4314,240130.0,55597.07
513500.SH,20210112,2.308,2.312,2.317,2.297,2.312,0.004,0.1733,146251.0,33817.94
513500.SH,20210113,2.312,2.308,2.309,2.302,2.306,-0.006,-0.2595,176732.0,40745.858
513500.SH,20210114,2.306,2.31,2.323,2.31,2.321,0.015,0.6505,131723.0,30549.346
513500.SH,20210115,2.321,2.302,2.309,2.297,2.301,-0.02,-0.8617,98972.0,22801.179
513500.SH,20210118,2.301,2.3,2.3,2.285,2.294,-0.007,-0.3042,160565.0,36777.335
513500.SH,20210119,2.294,2.304,2.317,2.304,2.311,0.017,0.7411,389491.0,90092.185
513500.SH,20210120,2.311,2.316,2.325,2.305,2.307,-0.004,-0.1731,209534.0,48423.469
513500.SH,20210121,2.307,2.335,2.348,2.333,2.347,0.04,1.7339,303626.0,71019.799
513500.SH,20210122,2.347,2.344,2.345,2.331,2.335,-0.012,-0.5113,323820.0,75706.894
513500.SH,20210125,2.335,2.338,2.353,2.337,2.348,0.013,0.5567,221094.0,51864.194
513500.SH,20210126,2.348,2.345,2.345,2.325,2.327,-0.021,-0.8944,83511.0,19480.568
513500.SH,20210127,2.327,2.336,2.343,2.33,2.338,0.011,0.4727,100612.0,23484.046
513500.SH,20210128,2.338,2.303,2.303,2.277,2.277,-0.061,-2.6091,126387.0,28872.777
513500.SH,20210129,2.277,2.292,2.307,2.265,2.281,0.004,0.1757,610635.0,138934.45
513500.SH,20210201,2.281,2.255,2.268,2.239,2.267,-0.014,-0.6138,167103.0,37657.232
513500.SH,20210202,2.267,2.292,2.307,2.292,2.305,0.038,1.6762,175776.0,40447.426
513500.SH,20210203,2.305,2.33,2.339,2.323,2.331,0.026,1.128,74778.0,17420.735
513500.SH,20210204,2.331,2.329,2.336,2.315,2.33,-0.001,-0.0429,145408.0,33818.7
513500.SH,20210205,2.33,2.349,2.369,2.349,2.369,0.039,1.6738,161819.0,38193.949
513500.SH,20210208,2.369,2.377,2.41,2.366,2.37,0.001,0.0422,308732.0,73391.186
513500.SH,20210209,2.37,2.398,2.398,2.372,2.384,0.014,0.5907,75464.0,17973.515
513500.SH,20210210,2.384,2.384,2.385,2.373,2.382,-0.002,-0.0839,120172.0,28610.802
513500.SH,20210218,2.382,2.386,2.386,2.377,2.385,0.003,0.1259,161708.0,38520.93
513500.SH,20210219,2.385,2.382,2.382,2.366,2.378,-0.007,-0.2935,80807.0,19161.683
513500.SH,20210222,2.378,2.376,2.38,2.368,2.37,-0.008,-0.3364,152073.0,36077.288
513500.SH,20210223,2.37,2.363,2.372,2.342,2.37,0.0,0.0,96866.0,22883.659
513500.SH,20210224,2.37,2.37,2.371,2.349,2.351,-0.019,-0.8017,188612.0,44444.918
513500.SH,20210225,2.351,2.382,2.398,2.381,2.39,0.039,1.6589,419496.0,100191.691
513500.SH,20210226,2.39,2.333,2.35,2.324,2.326,-0.064,-2.6778,269814.0,63038.885
513500.SH,20210301,2.326,2.362,2.362,2.333,2.343,0.017,0.7309,115218.0,27012.786
513500.SH,20210302,2.343,2.379,2.379,2.364,2.377,0.034,1.4511,139574.4,33102.65
513500.SH,20210303,2.377,2.367,2.378,2.357,2.376,-0.001,-0.0421,137428.0,32591.393
513500.SH,20210304,2.376,2.359,2.359,2.322,2.327,-0.049,-2.0623,121460.0,28305.718
513500.SH,20210305,2.327,2.276,2.31,2.276,2.304,-0.023,-0.9884,144597.0,33131.716
513500.SH,20210308,2.304,2.351,2.358,2.341,2.353,0.049,2.1267,200356.0,47063.224
513500.SH,20210309,2.353,2.356,2.385,2.352,2.375,0.022,0.935,594387.0,140818.903
513500.SH,20210310,2.375,2.38,2.391,2.371,2.373,-0.002,-0.0842,108377.0,25792.025
513500.SH,20210311,2.373,2.391,2.413,2.391,2.411,0.038,1.6013,298746.0,71854.664
513500.SH,20210312,2.411,2.435,2.435,2.411,2.413,0.002,0.083,155710.0,37684.589
513500.SH,20210315,2.413,2.417,2.431,2.417,2.428,0.015,0.6216,169258.0,41065.442
513500.SH,20210316,2.428,2.442,2.448,2.431,2.443,0.015,0.6178,250327.0,61033.723
513500.SH,20210317,2.443,2.439,2.439,2.425,2.433,-0.01,-0.4093,137450.0,33410.619
513500.SH,20210318,2.433,2.446,2.45,2.432,2.435,0.002,0.0822,157202.07,38306.987
513500.SH,20210319,2.435,2.403,2.418,2.401,2.405,-0.03,-1.232,153796.0,37020.663
513500.SH,20210322,2.405,2.399,2.407,2.386,2.405,0.0,0.0,101484.0,24364.215
513500.SH,20210323,2.405,2.425,2.427,2.405,2.416,0.011,0.4574,155972.0,37654.909
513500.SH,20210324,2.416,2.415,2.415,2.396,2.4,-0.016,-0.6623,202643.0,48631.705
513500.SH,20210325,2.4,2.382,2.4,2.382,2.399,-0.001,-0.0417,235640.0,56431.863
513500.SH,20210326,2.399,2.408,2.426,2.408,2.426,0.027,1.1255,86344.0,20894.159
513500.SH,20210329,2.426,2.431,2.446,2.431,2.444,0.018,0.742,173413.06,42292.248
513500.SH,20210330,2.444,2.45,2.464,2.446,2.46,0.016,0.6547,91590.0,22523.49
513500.SH,20210331,2.46,2.479,2.479,2.446,2.448,-0.012,-0.4878,86925.0,21314.655
513500.SH,20210401,2.448,2.46,2.474,2.46,2.473,0.025,1.0212,75012.0,18504.332
513500.SH,20210402,2.473,2.497,2.503,2.488,2.497,0.024,0.9705,143960.0,35911.823
513500.SH,20210406,2.497,2.527,2.535,2.52,2.53,0.033,1.3216,236974.0,59847.136
513500.SH,20210407,2.53,2.527,2.53,2.511,2.526,-0.004,-0.1581,165311.0,41652.682
513500.SH,20210408,2.526,2.531,2.54,2.531,2.536,0.01,0.3959,208352.0,52828.867
513500.SH,20210409,2.536,2.592,2.592,2.536,2.541,0.005,0.1972,236071.0,59995.769
513500.SH,20210412,2.541,2.55,2.559,2.55,2.558,0.017,0.669,189187.0,48336.945
513500.SH,20210413,2.558,2.557,2.561,2.55,2.557,-0.001,-0.0391,118240.26,30215.231
513500.SH,20210414,2.557,2.564,2.569,2.561,2.569,0.012,0.4693,187550.0,48103.736
513500.SH,20210415,2.569,2.56,2.564,2.55,2.564,-0.005,-0.1946,246880.0,63100.023
513500.SH,20210416,2.564,2.578,2.59,2.576,2.583,0.019,0.741,239290.0,61817.005
513500.SH,20210419,2.583,2.585,2.59,2.578,2.58,-0.003,-0.1161,170224.0,44006.701
513500.SH,20210420,2.58,2.568,2.57,2.56,2.56,-0.02,-0.7752,200978.0,51566.871
513500.SH,20210421,2.56,2.533,2.546,2.527,2.543,-0.017,-0.6641,237937.0,60329.804
513500.SH,20210422,2.543,2.561,2.563,2.553,2.558,0.015,0.5899,100321.0,25649.884
513500.SH,20210423,2.558,2.539,2.542,2.532,2.535,-0.023,-0.8991,131813.0,33445.243
513500.SH,20210426,2.535,2.557,2.562,2.554,2.56,0.025,0.9862,100418.0,25682.621
513500.SH,20210427,2.56,2.564,2.574,2.564,2.573,0.013,0.5078,110228.0,28323.636
513500.SH,20210428,2.573,2.572,2.572,2.565,2.569,-0.004,-0.1555,73685.0,18912.92
513500.SH,20210429,2.569,2.572,2.58,2.572,2.58,0.011,0.4282,102160.0,26313.427
513500.SH,20210430,2.58,2.58,2.582,2.567,2.58,0.0,0.0,182736.0,47015.398
513500.SH,20210506,2.58,2.568,2.568,2.548,2.566,-0.014,-0.5426,143093.0,36594.324
513500.SH,20210507,2.566,2.585,2.586,2.569,2.579,0.013,0.5066,154925.01,39895.52
513500.SH,20210510,2.579,2.592,2.595,2.583,2.585,0.006,0.2326,213150.0,55198.281
513500.SH,20210511,2.585,2.546,2.547,2.524,2.546,-0.039,-1.5087,214659.0,54427.34
513500.SH,20210512,2.546,2.525,2.529,2.513,2.527,-0.019,-0.7463,273711.0,68976.293
513500.SH,20210513,2.527,2.479,2.485,2.479,2.48,-0.047,-1.8599,224489.0,55712.319
513500.SH,20210514,2.48,2.502,2.519,2.502,2.518,0.038,1.5323,197900.0,49671.999
513500.SH,20210517,2.518,2.537,2.544,2.531,2.538,0.02,0.7943,257536.99,65328.383
513500.SH,20210518,2.538,2.537,2.548,2.535,2.545,0.007,0.2758,134573.0,34186.369
513500.SH,20210519,2.545,2.509,2.509,2.5,2.504,-0.041,-1.611,170668.0,42732.631
513500.SH,20210520,2.504,2.5,2.508,2.495,2.501,-0.003,-0.1198,163317.0,40914.988
513500.SH,20210521,2.501,2.525,2.537,2.523,2.533,0.032,1.2795,149868.0,37919.294
513500.SH,20210524,2.533,2.531,2.537,2.531,2.537,0.004,0.1579,169091.0,42854.931
513500.SH,20210525,2.537,2.554,2.556,2.545,2.551,0.014,0.5518,329308.0,83964.136
513500.SH,20210526,2.551,2.549,2.549,2.536,2.54,-0.011,-0.4312,208999.0,53125.503
513500.SH,20210527,2.54,2.535,2.535,2.521,2.522,-0.018,-0.7087,145477.09,36794.726
513500.SH,20210528,2.522,2.53,2.547,2.53,2.537,0.015,0.5948,211970.73,53796.017
513500.SH,20210531,2.537,2.535,2.54,2.531,2.532,-0.005,-0.1971,173225.28,43920.989
513500.SH,20210601,2.532,2.534,2.534,2.525,2.534,0.002,0.079,99355.33,25129.701
513500.SH,20210602,2.534,2.535,2.535,2.531,2.533,-0.001,-0.0395,78516.0,19886.657
513500.SH,20210603,2.533,2.536,2.539,2.533,2.537,0.004,0.1579,80162.0,20331.704
513500.SH,20210604,2.537,2.536,2.536,2.526,2.533,-0.004,-0.1577,177806.01,44971.808
513500.SH,20210607,2.533,2.545,2.557,2.544,2.557,0.024,0.9475,104389.0,26615.401
513500.SH,20210608,2.557,2.557,2.561,2.553,2.557,0.0,0.0,122304.0,31285.153
513500.SH,20210609,2.557,2.559,2.56,2.554,2.558,0.001,0.0391,74973.0,19173.071
513500.SH,20210610,2.558,2.558,2.558,2.546,2.549,-0.009,-0.3518,66054.0,16850.231
513500.SH,20210611,2.549,2.559,2.562,2.554,2.557,0.008,0.3138,65792.0,16831.72
513500.SH,20210615,2.557,2.572,2.577,2.301,2.573,0.016,0.6257,227268.0,58318.068
513500.SH,20210616,2.573,2.567,2.567,2.561,2.564,-0.009,-0.3498,94407.0,24209.634
513500.SH,20210617,2.564,2.548,2.559,2.545,2.551,-0.013,-0.507,82439.0,21016.377
513500.SH,20210618,2.551,2.56,2.568,2.56,2.563,0.012,0.4704,236224.84,60566.571
513500.SH,20210621,2.563,2.535,2.535,2.52,2.529,-0.034,-1.3266,279683.0,70638.117
513500.SH,20210622,2.529,2.553,2.577,2.553,2.577,0.048,1.898,258770.0,66562.812
513500.SH,20210623,2.577,2.59,2.602,2.587,2.6,0.023,0.8925,149401.0,38760.829
513500.SH,20210624,2.6,2.597,2.597,2.593,2.596,-0.004,-0.1538,56575.0,14685.374
513500.SH,20210625,2.596,2.608,2.612,2.603,2.603,0.007,0.2696,80851.0,21070.547
513500.SH,20210628,2.603,2.611,2.626,2.6,2.608,0.005,0.1921,103000.0,26878.569
513500.SH,20210629,2.608,2.615,2.617,2.607,2.609,0.001,0.0383,71608.0,18684.914
513500.SH,20210630,2.609,2.613,2.618,2.612,2.616,0.007,0.2683,41054.0,10738.063
513500.SH,20210701,2.616,2.622,2.626,2.621,2.623,0.007,0.2676,44941.47,11789.998
513500.SH,20210702,2.623,2.633,2.646,2.633,2.645,0.022,0.8387,100007.63,26405.646
513500.SH,20210705,2.645,2.659,2.666,2.653,2.659,0.014,0.5293,355104.0,94385.701
513500.SH,20210706,2.659,2.66,2.668,2.655,2.664,0.005,0.188,276096.0,73470.519
513500.SH,20210707,2.664,2.66,2.663,2.653,2.66,-0.004,-0.1502,124329.0,33051.141
513500.SH,20210708,2.66,2.662,2.669,2.651,2.652,-0.008,-0.3008,113101.0,30090.346
513500.SH,20210709,2.652,2.632,2.656,2.63,2.654,0.002,0.0754,204859.0,54135.247
513500.SH,20210712,2.654,2.667,2.678,2.667,2.677,0.023,0.8666,153100.98,40931.617
513500.SH,20210713,2.677,2.682,2.687,2.674,2.675,-0.002,-0.0747,162622.0,43610.965
513500.SH,20210714,2.675,2.674,2.678,2.667,2.671,-0.004,-0.1495,157537.0,42115.674
513500.SH,20210715,2.671,2.665,2.678,2.665,2.674,0.003,0.1123,94855.0,25360.845
513500.SH,20210716,2.674,2.668,2.669,2.663,2.668,-0.006,-0.2244,161566.0,43082.283
513500.SH,20210719,2.668,2.638,2.65,2.633,2.646,-0.022,-0.8246,62457.0,16496.781
513500.SH,20210720,2.646,2.635,2.641,2.614,2.636,-0.01,-0.3779,215494.0,56685.402
513500.SH,20210721,2.636,2.655,2.659,2.645,2.655,0.019,0.7208,137800.0,36561.789
513500.SH,20210722,2.655,2.672,2.673,2.665,2.671,0.016,0.6026,41430.0,11060.396
513500.SH,20210723,2.671,2.671,2.671,2.671,2.671,0.0,0.0,186278.0,49875.969
513500.SH,20210726,2.677,2.688,2.699,2.688,2.693,0.016,0.5977,159720.0,43016.832
513500.SH,20210727,2.693,2.702,2.712,2.7,2.706,0.013,0.4827,124408.0,33679.65
513500.SH,20210728,2.706,2.705,2.715,2.698,2.703,-0.003,-0.1109,151373.0,40942.932
513500.SH,20210729,2.703,2.702,2.702,2.687,2.697,-0.006,-0.222,112832.0,30375.04
513500.SH,20210730,2.697,2.7,2.7,2.676,2.68,-0.017,-0.6303,207817.0,55714.347
513500.SH,20210802,2.68,2.695,2.707,2.692,2.704,0.024,0.8955,124214.0,33563.569
513500.SH,20210803,2.704,2.689,2.693,2.681,2.691,-0.013,-0.4808,182306.0,49026.54
513500.SH,20210804,2.691,2.706,2.713,2.698,2.7,0.009,0.3344,141328.0,38197.245
513500.SH,20210805,2.7,2.694,2.699,2.689,2.694,-0.006,-0.2222,144168.0,38845.081
513500.SH,20210806,2.694,2.705,2.71,2.7,2.708,0.014,0.5197,122655.0,33163.08
513500.SH,20210809,2.708,2.709,2.72,2.705,2.715,0.007,0.2585,103183.0,28001.748
513500.SH,20210810,2.715,2.715,2.721,2.706,2.712,-0.003,-0.1105,196291.0,53211.842
513500.SH,20210811,2.712,2.713,2.721,2.713,2.716,0.004,0.1475,86216.38,23418.204
513500.SH,20210812,2.716,2.72,2.725,2.717,2.718,0.002,0.0736,159511.0,43402.382
513500.SH,20210813,2.718,2.729,2.737,2.724,2.736,0.018,0.6623,271125.0,73990.755
513500.SH,20210816,2.736,2.735,2.737,2.724,2.725,-0.011,-0.402,200723.0,54779.334
513500.SH,20210817,2.725,2.732,2.74,2.728,2.731,0.006,0.2202,200067.17,54707.517
513500.SH,20210818,2.731,2.722,2.73,2.716,2.729,-0.002,-0.0732,121581.24,33106.368
513500.SH,20210819,2.729,2.702,2.706,2.682,2.685,-0.044,-1.6123,182790.0,49239.284
513500.SH,20210820,2.685,2.701,2.706,2.695,2.7,0.015,0.5587,161773.0,43696.289
513500.SH,20210823,2.7,2.723,2.738,2.723,2.738,0.038,1.4074,113332.0,30964.816
513500.SH,20210824,2.738,2.753,2.755,2.748,2.753,0.015,0.5478,144024.0,39638.119
513500.SH,20210825,2.753,2.752,2.752,2.742,2.744,-0.009,-0.3269,203596.0,55893.13
513500.SH,20210826,2.744,2.745,2.747,2.743,2.746,0.002,0.0729,131541.0,36111.084
513500.SH,20210827,2.746,2.736,2.752,2.733,2.748,0.002,0.0728,162648.0,44590.567
513500.SH,20210830,2.748,2.758,2.765,2.755,2.758,0.01,0.3639,127619.0,35202.488
513500.SH,20210831,2.758,2.769,2.782,2.766,2.78,0.022,0.7977,172084.0,47769.482
513500.SH,20210901,2.78,2.775,2.78,2.767,2.779,-0.001,-0.036,134069.0,37152.674
513500.SH,20210902,2.779,2.776,2.776,2.758,2.762,-0.017,-0.6117,191007.0,52760.282
513500.SH,20210903,2.762,2.768,2.778,2.767,2.773,0.011,0.3983,134615.0,37320.01
513500.SH,20210906,2.773,2.769,2.773,2.761,2.77,-0.003,-0.1082,146825.0,40614.335
513500.SH,20210907,2.77,2.769,2.771,2.766,2.77,0.0,0.0,139167.0,38541.786
513500.SH,20210908,2.77,2.763,2.765,2.755,2.757,-0.013,-0.4693,143531.0,39612.296
513500.SH,20210909,2.757,2.75,2.75,2.744,2.748,-0.009,-0.3264,150507.0,41337.797
513500.SH,20210910,2.748,2.743,2.75,2.74,2.749,0.001,0.0364,116373.0,31940.831
513500.SH,20210913,2.749,2.728,2.73,2.719,2.729,-0.02,-0.7275,153850.0,41914.931
513500.SH,20210914,2.729,2.73,2.736,2.726,2.728,-0.001,-0.0366,381864.0,104266.393
513500.SH,20210915,2.728,2.711,2.718,2.707,2.711,-0.017,-0.6232,114578.92,31062.623
513500.SH,20210916,2.711,2.729,2.735,2.717,2.721,0.01,0.3689,317691.0,86555.103
513500.SH,20210917,2.721,2.722,2.737,2.719,2.736,0.015,0.5513,136877.0,37350.789
513500.SH,20210922,2.736,2.673,2.684,2.664,2.68,-0.056,-2.0468,364049.0,97294.493
513500.SH,20210923,2.68,2.704,2.705,2.695,2.701,0.021,0.7836,175087.0,47249.611
513500.SH,20210924,2.701,2.721,2.725,2.716,2.718,0.017,0.6294,239278.0,65074.318
513500.SH,20210927,2.718,2.729,2.736,2.723,2.735,0.017,0.6255,166971.0,45598.45
513500.SH,20210928,2.735,2.72,2.72,2.702,2.709,-0.026,-0.9506,168626.0,45683.48
513500.SH,20210929,2.709,2.66,2.677,2.66,2.668,-0.041,-1.5135,359890.0,96087.379
513500.SH,20210930,2.668,2.668,2.685,2.668,2.683,0.015,0.5622,153168.0,41023.427
513500.SH,20211008,2.683,2.697,2.699,2.681,2.681,-0.002,-0.0745,108196.0,29083.269
513500.SH,20211011,2.681,2.68,2.681,2.664,2.665,-0.016,-0.5968,190157.0,50800.177
513500.SH,20211012,2.665,2.649,2.66,2.636,2.638,-0.027,-1.0131,361280.0,95660.178
513500.SH,20211013,2.638,2.643,2.653,2.641,2.652,0.014,0.5307,136520.0,36111.66
513500.SH,20211014,2.652,2.661,2.677,2.661,2.676,0.024,0.905,113381.48,30257.657
513500.SH,20211015,2.676,2.709,2.717,2.693,2.71,0.034,1.2706,158495.0,42930.764
513500.SH,20211018,2.71,2.714,2.738,2.708,2.71,0.0,0.0,145710.0,39585.701
513500.SH,20211019,2.71,2.72,2.73,2.717,2.728,0.018,0.6642,165303.0,45022.922
513500.SH,20211020,2.728,2.734,2.74,2.731,2.735,0.007,0.2566,145412.0,39762.523
513500.SH,20211021,2.735,2.74,2.74,2.733,2.735,0.0,0.0,196687.0,53836.739
513500.SH,20211022,2.735,2.743,2.749,2.743,2.747,0.012,0.4388,81219.0,22302.464
513500.SH,20211025,2.747,2.735,2.749,2.735,2.747,0.0,0.0,248207.0,68074.682
513500.SH,20211026,2.747,2.762,2.767,2.762,2.766,0.019,0.6917,48771.0,13478.55
513500.SH,20211027,2.766,2.767,2.768,2.757,2.764,-0.002,-0.0723,84600.0,23357.951
513500.SH,20211028,2.764,2.749,2.756,2.749,2.753,-0.011,-0.398,95716.0,26355.8
513500.SH,20211029,2.753,2.772,2.779,2.758,2.758,0.005,0.1816,99502.0,27508.611
513500.SH,20211101,2.758,2.785,2.796,2.785,2.792,0.034,1.2328,95751.0,26736.153
513500.SH,20211102,2.792,2.792,2.792,2.781,2.786,-0.006,-0.2149,72157.0,20095.923
513500.SH,20211103,2.786,2.797,2.806,2.796,2.805,0.019,0.682,81429.0,22805.422
513500.SH,20211104,2.805,2.815,2.821,2.815,2.82,0.015,0.5348,60028.0,16916.933
513500.SH,20211105,2.82,2.825,2.833,2.825,2.832,0.012,0.4255,89743.0,25402.984
513500.SH,20211108,2.832,2.832,2.848,2.83,2.835,0.003,0.1059,438967.0,124521.74
513500.SH,20211109,2.835,2.834,2.851,2.831,2.834,-0.001,-0.0353,668167.0,189815.558
513500.SH,20211110,2.834,2.831,2.832,2.819,2.822,-0.012,-0.4234,225055.0,63589.798
513500.SH,20211111,2.822,2.811,2.819,2.81,2.815,-0.007,-0.2481,109908.7,30931.571
513500.SH,20211112,2.815,2.816,2.821,2.813,2.813,-0.002,-0.071,78888.0,22215.219
513500.SH,20211115,2.813,2.826,2.836,2.826,2.832,0.019,0.6754,135007.0,38241.651
513500.SH,20211116,2.832,2.832,2.835,2.822,2.824,-0.008,-0.2825,107436.0,30401.878
513500.SH,20211117,2.824,2.84,2.843,2.836,2.843,0.019,0.6728,72040.3,20455.534
513500.SH,20211118,2.843,2.841,2.841,2.83,2.833,-0.01,-0.3517,265195.0,75078.05
513500.SH,20211119,2.833,2.84,2.852,2.84,2.851,0.018,0.6354,452044.97,128736.711
513500.SH,20211122,2.851,2.845,2.85,2.842,2.847,-0.004,-0.1403,183413.0,52203.637
513500.SH,20211123,2.847,2.83,2.835,2.821,2.822,-0.025,-0.8781,447957.0,126663.593
513500.SH,20211124,2.822,2.833,2.835,2.828,2.832,0.01,0.3544,131444.0,37220.231
513500.SH,20211125,2.832,2.846,2.852,2.844,2.851,0.019,0.6709,108500.99,30885.757
513500.SH,20211126,2.851,2.834,2.834,2.805,2.808,-0.043,-1.5082,295835.0,83344.739
513500.SH,20211129,2.808,2.79,2.807,2.783,2.806,-0.002,-0.0712,219059.99,61300.38
513500.SH,20211130,2.806,2.82,2.824,2.771,2.789,-0.017,-0.6058,470950.0,131673.156
513500.SH,20211201,2.789,2.775,2.78,2.765,2.778,-0.011,-0.3944,636716.0,176601.592
513500.SH,20211202,2.778,2.733,2.744,2.728,2.74,-0.038,-1.3679,626371.08,171304.506
513500.SH,20211203,2.74,2.749,2.763,2.74,2.758,0.018,0.6569,215842.0,59399.423
513500.SH,20211206,2.758,2.753,2.753,2.742,2.75,-0.008,-0.2901,113591.0,31201.06
513500.SH,20211207,2.75,2.772,2.786,2.767,2.783,0.033,1.2,201695.93,55993.783
513500.SH,20211208,2.783,2.823,2.83,2.823,2.826,0.043,1.5451,120813.16,34139.378
513500.SH,20211209,2.826,2.825,2.827,2.813,2.826,0.0,0.0,220508.0,62227.713
513500.SH,20211210,2.826,2.814,2.819,2.809,2.813,-0.013,-0.46,89169.0,25083.017
513500.SH,20211213,2.813,2.842,2.848,2.841,2.845,0.032,1.1376,116137.0,33030.118
513500.SH,20211214,2.845,2.82,2.82,2.811,2.812,-0.033,-1.1599,908895.0,255792.669
513500.SH,20211215,2.812,2.786,2.804,2.786,2.797,-0.015,-0.5334,335238.38,93746.698
513500.SH,20211216,2.797,2.84,2.857,2.824,2.856,0.059,2.1094,627040.0,178377.701
513500.SH,20211217,2.856,2.832,2.832,2.806,2.807,-0.049,-1.7157,172666.0,48583.951
513500.SH,20211220,2.807,2.78,2.78,2.76,2.762,-0.045,-1.6031,292416.0,81012.259
513500.SH,20211221,2.762,2.761,2.821,2.761,2.777,0.015,0.5431,645011.0,179632.708
513500.SH,20211222,2.777,2.804,2.804,2.791,2.8,0.023,0.8282,302479.0,84657.928
513500.SH,20211223,2.8,2.823,2.835,2.823,2.83,0.03,1.0714,133884.0,37887.243
513500.SH,20211224,2.83,2.848,2.848,2.841,2.846,0.016,0.5654,95693.0,27214.789
513500.SH,20211227,2.846,2.847,2.855,2.847,2.851,0.005,0.1757,124908.0,35591.551
513500.SH,20211228,2.851,2.88,2.887,2.878,2.882,0.031,1.0873,128646.0,37101.446
513500.SH,20211229,2.882,2.883,2.891,2.88,2.888,0.006,0.2082,285632.0,82469.785
513500.SH,20211230,2.888,2.885,2.892,2.882,2.887,-0.001,-0.0346,996026.0,287665.099
513500.SH,20211231,2.887,2.881,2.881,2.862,2.879,-0.008,-0.2771,239721.0,68955.127
513500.SH,20220104,2.879,2.894,2.898,2.889,2.897,0.018,0.6252,143700.5,41589.242
513500.SH,20220105,2.897,2.892,2.892,2.879,2.886,-0.011,-0.3797,184573.0,53198.128
513500.SH,20220106,2.886,2.832,2.85,2.815,2.817,-0.069,-2.3909,341038.0,96322.243
513500.SH,20220107,2.817,2.832,2.84,2.831,2.835,0.018,0.639,185530.0,52600.42
513500.SH,20220110,2.835,2.81,2.818,2.798,2.816,-0.019,-0.6702,458966.0,128987.875
513500.SH,20220111,2.816,2.815,2.815,2.801,2.804,-0.012,-0.4261,285060.0,80023.017
513500.SH,20220112,2.804,2.832,2.836,2.828,2.836,0.032,1.1412,392037.0,111025.442
513500.SH,20220113,2.836,2.837,2.837,2.826,2.829,-0.007,-0.2468,182299.0,51572.56
513500.SH,20220114,2.829,2.788,2.802,2.788,2.802,-0.027,-0.9544,209279.0,58496.121
513500.SH,20220117,2.802,2.794,2.8,2.788,2.794,-0.008,-0.2855,180071.0,50279.908
513500.SH,20220118,2.794,2.796,2.798,2.781,2.783,-0.011,-0.3937,127913.0,35663.596
513500.SH,20220119,2.783,2.754,2.759,2.734,2.739,-0.044,-1.581,394009.09,108093.394
513500.SH,20220120,2.739,2.723,2.726,2.714,2.724,-0.015,-0.5476,1053730.91,286354.818
513500.SH,20220121,2.724,2.669,2.672,2.658,2.67,-0.054,-1.9824,814385.86,217050.126
513500.SH,20220124,2.67,2.653,2.653,2.636,2.638,-0.032,-1.1985,890515.0,235197.771
513500.SH,20220125,2.638,2.61,2.615,2.593,2.605,-0.033,-1.2509,729030.0,189966.114
513500.SH,20220126,2.605,2.599,2.606,2.594,2.601,-0.004,-0.1536,378514.0,98475.734
513500.SH,20220127,2.601,2.588,2.588,2.546,2.552,-0.049,-1.8839,1414609.0,362641.162
513500.SH,20220128,2.552,2.595,2.603,2.574,2.597,0.045,1.7633,902588.0,234214.486
513500.SH,20220207,2.597,2.675,2.694,2.668,2.693,0.096,3.6966,606852.0,162822.983
513500.SH,20220208,2.693,2.684,2.692,2.68,2.687,-0.006,-0.2228,512353.0,137523.454
513500.SH,20220209,2.687,2.708,2.724,2.708,2.722,0.035,1.3026,478095.5,129923.733
513500.SH,20220210,2.722,2.751,2.76,2.739,2.754,0.032,1.1756,926129.07,254481.004
513500.SH,20220211,2.754,2.696,2.702,2.673,2.679,-0.075,-2.7233,1180552.0,316668.218
513500.SH,20220214,2.679,2.654,2.657,2.646,2.655,-0.024,-0.8959,806724.0,213902.458
513500.SH,20220215,2.655,2.647,2.648,2.631,2.638,-0.017,-0.6403,652310.0,172173.445
513500.SH,20220216,2.638,2.67,2.672,2.665,2.671,0.033,1.2509,341096.0,91049.323
513500.SH,20220217,2.671,2.666,2.675,2.656,2.664,-0.007,-0.2621,575826.0,153464.109
513500.SH,20220218,2.664,2.622,2.639,2.616,2.628,-0.036,-1.3514,757719.0,199425.804
513500.SH,20220221,2.628,2.612,2.618,2.601,2.617,-0.011,-0.4186,1231244.0,321153.177
513500.SH,20220222,2.617,2.561,2.568,2.553,2.561,-0.056,-2.1399,946668.0,242480.96
513500.SH,20220223,2.561,2.582,2.602,2.57,2.574,0.013,0.5076,1462951.0,376855.113
513500.SH,20220224,2.574,2.5,2.508,2.46,2.465,-0.109,-4.2347,1874264.0,465698.735
513500.SH,20220225,2.465,2.542,2.545,2.531,2.534,0.069,2.7992,1726450.0,437802.92
513500.SH,20220228,2.534,2.563,2.566,2.538,2.553,0.019,0.7498,651208.0,166028.08
513500.SH,20220301,2.553,2.594,2.607,2.594,2.605,0.052,2.0368,1248063.0,324572.829
513500.SH,20220302,2.605,2.575,2.575,2.563,2.566,-0.039,-1.4971,835690.0,214771.605
513500.SH,20220303,2.566,2.608,2.612,2.599,2.612,0.046,1.7927,797863.0,207904.055
513500.SH,20220304,2.612,2.573,2.591,2.568,2.588,-0.024,-0.9188,1042313.02,269056.233
513500.SH,20220307,2.588,2.544,2.563,2.538,2.554,-0.034,-1.3138,749157.0,190841.515
513500.SH,20220308,2.554,2.53,2.53,2.467,2.473,-0.081,-3.1715,1444796.92,359116.062
513500.SH,20220309,2.473,2.489,2.502,2.482,2.5,0.027,1.0918,1162538.95,289907.411
513500.SH,20220310,2.5,2.546,2.551,2.541,2.545,0.045,1.8,389132.72,99085.152
513500.SH,20220311,2.545,2.53,2.545,2.524,2.544,-0.001,-0.0393,642366.0,162830.03
513500.SH,20220314,2.544,2.53,2.542,2.525,2.537,-0.007,-0.2752,583592.0,147812.644
513500.SH,20220315,2.537,2.514,2.517,2.502,2.503,-0.034,-1.3402,1429063.0,358354.412
513500.SH,20220316,2.503,2.55,2.572,2.548,2.57,0.067,2.6768,963753.0,246211.511
513500.SH,20220317,2.57,2.614,2.621,2.599,2.62,0.05,1.9455,924635.0,241262.691
513500.SH,20220318,2.62,2.628,2.641,2.625,2.638,0.018,0.687,585142.0,154180.977
513500.SH,20220321,2.638,2.673,2.677,2.666,2.675,0.037,1.4026,495459.0,132415.791
513500.SH,20220322,2.675,2.667,2.687,2.667,2.678,0.003,0.1121,817059.01,218952.108
513500.SH,20220323,2.678,2.71,2.724,2.71,2.722,0.044,1.643,1681555.0,457585.069
513500.SH,20220324,2.722,2.683,2.695,2.682,2.688,-0.034,-1.2491,826157.0,222046.021
513500.SH,20220325,2.688,2.712,2.73,2.712,2.729,0.041,1.5253,848564.0,230969.683
513500.SH,20220328,2.729,2.729,2.742,2.727,2.735,0.006,0.2199,1795435.86,490897.868
513500.SH,20220330,1.378,1.395,1.396,1.385,1.39,0.012,0.8708,936969.11,130319.91
513500.SH,20220331,1.39,1.386,1.392,1.384,1.387,-0.003,-0.2158,1392305.0,193176.001
513500.SH,20220401,1.387,1.365,1.371,1.365,1.371,-0.016,-1.1536,973527.0,133194.856
513500.SH,20220406,1.371,1.36,1.372,1.36,1.371,0.0,0.0,529802.0,72386.047
513500.SH,20220407,1.371,1.351,1.353,1.345,1.352,-0.019,-1.3858,725145.0,97846.124
513500.SH,20220408,1.352,1.356,1.365,1.356,1.365,0.013,0.9615,1049582.0,142793.148
513500.SH,20220411,1.365,1.355,1.356,1.349,1.353,-0.012,-0.8791,857063.0,115894.329
513500.SH,20220412,1.353,1.33,1.333,1.324,1.327,-0.026,-1.9217,1388819.0,184299.794
513500.SH,20220413,1.327,1.329,1.339,1.328,1.338,0.011,0.8289,1185768.0,158249.594
513500.SH,20220414,1.338,1.345,1.348,1.34,1.347,0.009,0.6726,805672.0,108374.964
513500.SH,20220415,1.347,1.327,1.335,1.327,1.334,-0.013,-0.9651,809510.0,107823.836
513500.SH,20220418,1.334,1.328,1.328,1.32,1.324,-0.01,-0.7496,520349.0,68879.478
513500.SH,20220419,1.324,1.334,1.336,1.331,1.334,0.01,0.7553,476947.0,63622.862
513500.SH,20220420,1.334,1.355,1.355,1.35,1.355,0.021,1.5742,995290.0,134629.415
513500.SH,20220421,1.355,1.361,1.375,1.359,1.372,0.017,1.2546,983871.0,134718.64
513500.SH,20220422,1.372,1.336,1.357,1.336,1.354,-0.018,-1.312,1055022.52,142491.568
513500.SH,20220425,1.354,1.317,1.319,1.309,1.31,-0.044,-3.2496,2119051.0,278860.658
513500.SH,20220426,1.31,1.327,1.337,1.327,1.334,0.024,1.8321,1218795.0,162619.244
513500.SH,20220427,1.334,1.299,1.305,1.298,1.302,-0.032,-2.3988,2396586.69,311885.452
513500.SH,20220428,1.302,1.306,1.321,1.305,1.319,0.017,1.3057,1093081.0,143531.96
513500.SH,20220429,1.319,1.336,1.347,1.333,1.34,0.021,1.5921,1740012.0,233425.007
513500.SH,20220505,1.34,1.354,1.354,1.34,1.341,0.001,0.0746,1997448.6,268849.082
513500.SH,20220506,1.341,1.3,1.315,1.295,1.309,-0.032,-2.3863,2360962.0,309364.739
513500.SH,20220509,1.309,1.295,1.303,1.291,1.302,-0.007,-0.5348,1542129.0,199806.016
513500.SH,20220510,1.302,1.272,1.278,1.269,1.278,-0.024,-1.8433,3437210.0,437417.663
513500.SH,20220511,1.278,1.274,1.28,1.27,1.277,-0.001,-0.0782,1829531.0,233306.881
513500.SH,20220512,1.277,1.256,1.261,1.253,1.255,-0.022,-1.7228,1556284.96,195707.928
513500.SH,20220513,1.255,1.268,1.275,1.267,1.275,0.02,1.5936,1556556.0,197806.63
513500.SH,20220516,1.275,1.297,1.299,1.277,1.281,0.006,0.4706,2104944.29,269852.607
513500.SH,20220517,1.281,1.286,1.288,1.283,1.287,0.006,0.4684,1734699.0,223039.721
513500.SH,20220518,1.287,1.302,1.304,1.297,1.299,0.012,0.9324,733864.0,95343.12
513500.SH,20220519,1.299,1.25,1.258,1.247,1.251,-0.048,-3.6952,3109521.0,388945.606
513500.SH,20220520,1.251,1.249,1.251,1.242,1.243,-0.008,-0.6395,2550865.0,317890.111
513500.SH,20220523,1.243,1.246,1.248,1.241,1.247,0.004,0.3218,1801333.0,224100.164
513500.SH,20220524,1.247,1.245,1.246,1.235,1.237,-0.01,-0.8019,1950109.0,241799.542
513500.SH,20220525,1.237,1.241,1.249,1.241,1.248,0.011,0.8892,2957436.0,368371.397
513500.SH,20220526,1.248,1.256,1.26,1.253,1.259,0.011,0.8814,3729271.0,468429.031
513500.SH,20220527,1.259,1.285,1.295,1.282,1.287,0.028,2.224,2031444.0,260967.437
513500.SH,20220530,1.287,1.318,1.318,1.304,1.309,0.022,1.7094,1728891.0,226547.066
513500.SH,20220531,1.309,1.303,1.309,1.301,1.304,-0.005,-0.382,1425599.0,186132.82
513500.SH,20220601,1.304,1.305,1.309,1.303,1.307,0.003,0.2301,1209276.88,157939.699
513500.SH,20220602,1.307,1.295,1.297,1.29,1.292,-0.015,-1.1477,1206947.24,156096.109
513500.SH,20220606,1.292,1.289,1.296,1.286,1.296,0.004,0.3096,1445314.0,186652.376
513500.SH,20220607,1.296,1.292,1.292,1.285,1.289,-0.007,-0.5401,1013821.0,130597.471
513500.SH,20220608,1.289,1.305,1.307,1.302,1.305,0.016,1.2413,726959.0,94833.133
513500.SH,20220609,1.305,1.296,1.298,1.292,1.294,-0.011,-0.8429,856815.0,110955.405
513500.SH,20220610,1.294,1.268,1.273,1.266,1.271,-0.023,-1.7774,1370379.0,173938.837
513500.SH,20220613,1.271,1.23,1.23,1.215,1.218,-0.053,-4.1699,1958988.52,239416.26
513500.SH,20220614,1.218,1.2,1.206,1.196,1.205,-0.013,-1.0673,3055580.0,367066.849
513500.SH,20220615,1.205,1.196,1.196,1.187,1.192,-0.013,-1.0788,2917586.0,347426.66
513500.SH,20220616,1.192,1.21,1.21,1.187,1.188,-0.004,-0.3356,2164642.0,259934.027
513500.SH,20220617,1.188,1.166,1.173,1.16,1.169,-0.019,-1.5993,2246812.0,262352.339
513500.SH,20220620,1.169,1.167,1.168,1.162,1.167,-0.002,-0.1711,1760526.0,204968.305
513500.SH,20220621,1.167,1.173,1.184,1.171,1.181,0.014,1.1997,2478063.0,292227.894
513500.SH,20220622,1.181,1.186,1.19,1.179,1.182,0.001,0.0847,1954714.0,231377.5
513500.SH,20220623,1.182,1.188,1.191,1.184,1.19,0.008,0.6768,2356021.0,279913.628
513500.SH,20220624,1.19,1.198,1.211,1.198,1.209,0.019,1.5966,1842788.02,222113.11
513500.SH,20220627,1.209,1.23,1.24,1.229,1.235,0.026,2.1505,1954253.29,241362.488
513500.SH,20220628,1.235,1.235,1.238,1.228,1.237,0.002,0.1619,1312903.37,161835.751
513500.SH,20220629,1.237,1.208,1.214,1.207,1.208,-0.029,-2.3444,1223090.0,148026.369
513500.SH,20220630,1.208,1.207,1.208,1.193,1.195,-0.013,-1.0762,1620303.0,194600.694
513500.SH,20220701,1.195,1.196,1.198,1.188,1.191,-0.004,-0.3347,1386357.0,165232.776
513500.SH,20220704,1.191,1.197,1.207,1.195,1.206,0.015,1.2594,2024509.0,243543.815
513500.SH,20220705,1.206,1.213,1.216,1.21,1.216,0.01,0.8292,1809278.0,219497.716
513500.SH,20220706,1.216,1.216,1.218,1.205,1.21,-0.006,-0.4934,1780000.78,215553.295
513500.SH,20220707,1.21,1.214,1.223,1.213,1.221,0.011,0.9091,1981103.0,241355.403
513500.SH,20220708,1.221,1.236,1.238,1.228,1.23,0.009,0.7371,2175950.0,267989.789
513500.SH,20220711,1.23,1.23,1.23,1.222,1.223,-0.007,-0.5691,1659244.0,203382.821
513500.SH,20220712,1.223,1.219,1.221,1.215,1.217,-0.006,-0.4906,1607641.0,195748.438
513500.SH,20220713,1.217,1.215,1.217,1.212,1.217,0.0,0.0,2053090.0,249221.769
513500.SH,20220714,1.217,1.21,1.21,1.201,1.204,-0.013,-1.0682,1617663.0,194891.743
513500.SH,20220715,1.204,1.21,1.215,1.208,1.209,0.005,0.4153,1646054.0,199349.816
513500.SH,20220718,1.209,1.229,1.238,1.228,1.237,0.028,2.316,1916848.0,236362.441
513500.SH,20220719,1.237,1.222,1.224,1.22,1.222,-0.015,-1.2126,1819476.0,222399.656
513500.SH,20220720,1.222,1.255,1.26,1.255,1.259,0.037,3.0278,2289537.0,287928.358
513500.SH,20220721,1.259,1.261,1.265,1.258,1.262,0.003,0.2383,1954638.0,246499.461
513500.SH,20220722,1.262,1.27,1.272,1.268,1.271,0.009,0.7132,1500782.0,190583.09
513500.SH,20220725,1.271,1.258,1.262,1.257,1.26,-0.011,-0.8655,1612424.0,203040.025
513500.SH,20220726,1.26,1.259,1.262,1.257,1.259,-0.001,-0.0794,1504244.0,189497.706
513500.SH,20220727,1.259,1.259,1.263,1.258,1.263,0.004,0.3177,2044830.2,257880.636
513500.SH,20220728,1.263,1.279,1.281,1.275,1.277,0.014,1.1085,1588838.0,202903.31
513500.SH,20220729,1.277,1.3,1.306,1.299,1.304,0.027,2.1143,1940370.0,252934.269
513500.SH,20220801,1.304,1.309,1.313,1.307,1.31,0.006,0.4601,3034474.0,397646.153
513500.SH,20220802,1.31,1.31,1.311,1.306,1.306,-0.004,-0.3053,2229976.0,291656.158
513500.SH,20220803,1.306,1.306,1.307,1.303,1.306,0.0,0.0,1954403.0,255130.594
513500.SH,20220804,1.306,1.321,1.324,1.319,1.319,0.013,0.9954,1891833.0,249963.417
513500.SH,20220805,1.319,1.322,1.325,1.32,1.324,0.005,0.3791,1574873.0,208375.769
513500.SH,20220808,1.324,1.32,1.328,1.317,1.328,0.004,0.3021,3391028.0,448479.874
513500.SH,20220809,1.328,1.32,1.323,1.319,1.321,-0.007,-0.5271,1440125.0,190285.688
513500.SH,20220810,1.321,1.316,1.317,1.312,1.313,-0.008,-0.6056,1637385.0,215162.656
513500.SH,20220811,1.313,1.341,1.344,1.339,1.342,0.029,2.2087,1046644.0,140408.581
513500.SH,20220812,1.342,1.338,1.343,1.338,1.342,0.0,0.0,898166.0,120400.914
513500.SH,20220815,1.342,1.356,1.363,1.356,1.361,0.019,1.4158,1905373.0,259179.746
513500.SH,20220816,1.361,1.372,1.375,1.371,1.373,0.012,0.8817,1547767.0,212639.633
513500.SH,20220817,1.373,1.376,1.378,1.374,1.374,0.001,0.0728,1280062.02,176138.669
513500.SH,20220818,1.374,1.365,1.369,1.365,1.365,-0.009,-0.655,1615584.0,220870.189
513500.SH,20220819,1.365,1.373,1.376,1.367,1.367,0.002,0.1465,1557222.0,213796.003
513500.SH,20220822,1.367,1.353,1.357,1.352,1.353,-0.014,-1.0241,1893823.0,256707.522
513500.SH,20220823,1.353,1.339,1.341,1.332,1.335,-0.018,-1.3304,1946537.0,260273.612
513500.SH,20220824,1.335,1.334,1.336,1.327,1.335,0.0,0.0,1768178.02,235595.407
513500.SH,20220825,1.335,1.34,1.352,1.34,1.351,0.016,1.1985,1439837.0,193781.906
513500.SH,20220826,1.351,1.355,1.359,1.355,1.358,0.007,0.5181,867581.0,117705.679
513500.SH,20220829,1.358,1.311,1.316,1.3,1.314,-0.044,-3.2401,3354632.0,439613.662
513500.SH,20220830,1.314,1.314,1.319,1.312,1.318,0.004,0.3044,1790069.0,235538.895
513500.SH,20220831,1.318,1.302,1.307,1.302,1.305,-0.013,-0.9863,1684580.0,219688.77
513500.SH,20220901,1.305,1.284,1.285,1.277,1.282,-0.023,-1.7625,1868294.0,239306.609
513500.SH,20220902,1.282,1.29,1.295,1.289,1.295,0.013,1.014,1294544.0,167202.243
513500.SH,20220905,1.295,1.281,1.291,1.281,1.291,-0.004,-0.3089,1175273.0,151175.663
513500.SH,20220906,1.291,1.294,1.294,1.287,1.291,0.0,0.0,1835147.0,236634.761
513500.SH,20220907,1.291,1.278,1.282,1.274,1.281,-0.01,-0.7746,4379781.0,559296.212
513500.SH,20220908,1.281,1.303,1.308,1.302,1.304,0.023,1.7955,2356394.0,307364.221
513500.SH,20220909,1.304,1.312,1.315,1.31,1.312,0.008,0.6135,1836649.0,241082.341
513500.SH,20220913,1.312,1.338,1.345,1.338,1.345,0.033,2.5152,1753779.0,235091.545
513500.SH,20220914,1.345,1.291,1.293,1.284,1.29,-0.055,-4.0892,4208355.0,542604.414
513500.SH,20220915,1.29,1.29,1.294,1.29,1.291,0.001,0.0775,1966013.0,253921.431
513500.SH,20220916,1.291,1.273,1.274,1.268,1.27,-0.021,-1.6266,3293881.0,419029.84
513500.SH,20220919,1.27,1.271,1.274,1.266,1.267,-0.003,-0.2362,2604021.0,330500.709
513500.SH,20220920,1.267,1.281,1.285,1.279,1.284,0.017,1.3418,1895304.0,243235.737
513500.SH,20220921,1.284,1.269,1.272,1.265,1.267,-0.017,-1.324,3222044.0,409054.361
513500.SH,20220922,1.267,1.24,1.248,1.238,1.245,-0.022,-1.7364,4325231.0,538335.403
513500.SH,20220923,1.245,1.244,1.244,1.236,1.238,-0.007,-0.5622,1358245.0,168314.141
513500.SH,20220926,1.238,1.218,1.225,1.214,1.216,-0.022,-1.7771,2563223.0,312388.661
513500.SH,20220927,1.216,1.22,1.232,1.22,1.231,0.015,1.2336,1873079.0,229490.182
513500.SH,20220928,1.231,1.223,1.223,1.212,1.216,-0.015,-1.2185,1609753.54,195840.448
513500.SH,20220929,1.216,1.239,1.242,1.233,1.238,0.022,1.8092,1678345.0,208003.811
513500.SH,20220930,1.238,1.215,1.219,1.21,1.215,-0.023,-1.8578,2513905.46,305236.657
513500.SH,20221010,1.215,1.21,1.212,1.203,1.207,-0.008,-0.6584,923625.0,111703.378
513500.SH,20221011,1.207,1.209,1.214,1.205,1.205,-0.002,-0.1657,3630838.0,438532.172
513500.SH,20221012,1.205,1.206,1.213,1.203,1.212,0.007,0.5809,1818027.38,219330.676
513500.SH,20221013,1.212,1.202,1.204,1.2,1.202,-0.01,-0.8251,864297.0,103868.715
513500.SH,20221014,1.202,1.228,1.242,1.228,1.24,0.038,3.1614,1439707.0,178070.346
513500.SH,20221017,1.24,1.212,1.217,1.21,1.216,-0.024,-1.9355,2115781.0,256675.983
513500.SH,20221018,1.216,1.243,1.258,1.24,1.256,0.04,3.2895,1830215.0,228977.96
513500.SH,20221019,1.256,1.26,1.264,1.251,1.253,-0.003,-0.2389,1995524.07,251157.041
513500.SH,20221020,1.253,1.237,1.244,1.234,1.242,-0.011,-0.8779,1787892.0,221536.389
513500.SH,20221021,1.242,1.232,1.235,1.229,1.232,-0.01,-0.8052,1321896.0,162763.316
513500.SH,20221024,1.232,1.264,1.271,1.262,1.264,0.032,2.5974,2352987.52,297749.271
513500.SH,20221025,1.264,1.283,1.289,1.282,1.288,0.024,1.8987,2125839.0,273364.611
513500.SH,20221026,1.288,1.292,1.296,1.283,1.286,-0.002,-0.1553,2638096.0,340069.84
513500.SH,20221027,1.286,1.291,1.299,1.29,1.298,0.012,0.9331,2995979.0,387792.972
513500.SH,20221028,1.298,1.286,1.287,1.275,1.275,-0.023,-1.772,919172.0,117737.83
513500.SH,20221031,1.275,1.315,1.321,1.315,1.32,0.045,3.5294,1743648.0,229798.464
513500.SH,20221101,1.32,1.321,1.326,1.317,1.325,0.005,0.3788,2165247.23,285747.751
513500.SH,20221102,1.325,1.315,1.317,1.311,1.313,-0.012,-0.9057,1545758.0,203101.48
513500.SH,20221103,1.313,1.285,1.291,1.283,1.288,-0.025,-1.904,2687614.46,346024.497
513500.SH,20221104,1.288,1.275,1.278,1.268,1.275,-0.013,-1.0093,5587018.9,710700.847
513500.SH,20221107,1.275,1.277,1.284,1.275,1.284,0.009,0.7059,3063410.0,391915.709
513500.SH,20221108,1.284,1.297,1.298,1.294,1.297,0.013,1.0125,2279690.94,295583.085
513500.SH,20221109,1.297,1.301,1.312,1.3,1.302,0.005,0.3855,2653358.0,346433.406
513500.SH,20221110,1.302,1.282,1.284,1.279,1.283,-0.019,-1.4593,1786420.0,229121.793
513500.SH,20221111,1.283,1.349,1.349,1.328,1.339,0.056,4.3648,3653796.0,489153.559
513500.SH,20221114,1.339,1.338,1.34,1.322,1.324,-0.015,-1.1202,2385792.0,317064.535
513500.SH,20221115,1.324,1.321,1.327,1.321,1.326,0.002,0.1511,2375796.0,314639.851
513500.SH,20221116,1.326,1.321,1.339,1.32,1.336,0.01,0.7541,3282414.43,436599.269
513500.SH,20221117,1.336,1.327,1.336,1.326,1.335,-0.001,-0.0749,1980835.09,264006.149
513500.SH,20221118,1.335,1.33,1.333,1.325,1.326,-0.009,-0.6742,1314593.0,174708.588
513500.SH,20221121,1.326,1.328,1.34,1.327,1.336,0.01,0.7541,3255345.0,434323.462
513500.SH,20221122,1.336,1.335,1.341,1.332,1.333,-0.003,-0.2246,1668971.0,223128.398
513500.SH,20221123,1.333,1.346,1.351,1.346,1.351,0.018,1.3503,733469.66,98995.232
513500.SH,20221124,1.351,1.362,1.364,1.36,1.361,0.01,0.7402,946177.66,128791.079
513500.SH,20221125,1.361,1.366,1.367,1.363,1.367,0.006,0.4409,922633.06,125916.987
513500.SH,20221128,1.367,1.365,1.367,1.358,1.361,-0.006,-0.4389,1581041.0,215241.983
513500.SH,20221129,1.361,1.349,1.351,1.342,1.346,-0.015,-1.1021,2072365.0,278882.846
513500.SH,20221130,1.346,1.336,1.339,1.335,1.337,-0.009,-0.6686,1741530.0,232780.322
513500.SH,20221201,1.337,1.363,1.371,1.358,1.363,0.026,1.9447,2540018.52,346037.824
513500.SH,20221202,1.363,1.354,1.358,1.354,1.358,-0.005,-0.3668,958300.48,130007.882
513500.SH,20221205,1.358,1.345,1.348,1.334,1.337,-0.021,-1.5464,1998270.0,267658.353
513500.SH,20221206,1.337,1.32,1.321,1.315,1.316,-0.021,-1.5707,2509067.0,330666.594
513500.SH,20221207,1.316,1.299,1.302,1.297,1.298,-0.018,-1.3678,2886954.0,375107.179
513500.SH,20221208,1.298,1.29,1.295,1.289,1.295,-0.003,-0.2311,1751827.0,226414.225
513500.SH,20221209,1.295,1.3,1.305,1.299,1.305,0.01,0.7722,1380899.95,179775.915
513500.SH,20221212,1.305,1.292,1.295,1.292,1.294,-0.011,-0.8429,1087827.56,140708.951
513500.SH,20221213,1.294,1.312,1.315,1.311,1.314,0.02,1.5456,1366820.0,179426.001
513500.SH,20221214,1.314,1.322,1.325,1.321,1.325,0.011,0.8371,1064716.0,140917.034
513500.SH,20221215,1.325,1.314,1.315,1.31,1.313,-0.012,-0.9057,981047.0,128728.052
513500.SH,20221216,1.313,1.282,1.285,1.281,1.284,-0.029,-2.2087,1928690.0,247407.881
513500.SH,20221219,1.284,1.271,1.273,1.27,1.27,-0.014,-1.0903,1404986.0,178594.36
513500.SH,20221220,1.27,1.26,1.263,1.246,1.251,-0.019,-1.4961,3250357.0,407574.049
513500.SH,20221221,1.251,1.262,1.267,1.262,1.266,0.015,1.199,1783451.89,225451.241
513500.SH,20221222,1.266,1.282,1.284,1.281,1.281,0.015,1.1848,1125892.0,144390.364
513500.SH,20221223,1.281,1.261,1.266,1.261,1.266,-0.015,-1.171,1950698.0,246507.747
513500.SH,20221226,1.266,1.27,1.272,1.269,1.27,0.004,0.316,704950.0,89536.036
513500.SH,20221227,1.27,1.276,1.277,1.272,1.274,0.004,0.315,801649.67,102176.77
513500.SH,20221228,1.274,1.26,1.262,1.258,1.26,-0.014,-1.0989,1935517.0,243878.627
513500.SH,20221229,1.26,1.245,1.248,1.242,1.244,-0.016,-1.2698,2058254.1,256176.093
513500.SH,20221230,1.244,1.261,1.263,1.255,1.255,0.011,0.8842,1614353.0,203266.527
513500.SH,20230103,1.255,1.25,1.252,1.246,1.25,-0.005,-0.3984,3182964.0,397489.635
513500.SH,20230104,1.25,1.247,1.249,1.243,1.245,-0.005,-0.4,2553710.0,318032.859
513500.SH,20230105,1.245,1.25,1.251,1.245,1.246,0.001,0.0803,3550161.0,443052.569
513500.SH,20230106,1.246,1.237,1.241,1.235,1.238,-0.008,-0.6421,2835184.3,350939.931
513500.SH,20230109,1.238,1.254,1.255,1.251,1.254,0.016,1.2924,1975587.9,247437.439
513500.SH,20230110,1.254,1.248,1.249,1.242,1.248,-0.006,-0.4785,2871258.0,357545.502
513500.SH,20230111,1.248,1.255,1.258,1.254,1.256,0.008,0.641,2254070.0,283026.151
513500.SH,20230112,1.256,1.264,1.266,1.262,1.264,0.008,0.6369,2048980.0,259038.965
513500.SH,20230113,1.264,1.263,1.263,1.259,1.261,-0.003,-0.2373,1108487.95,139741.108
513500.SH,20230116,1.261,1.263,1.264,1.26,1.262,0.001,0.0793,1859250.01,234611.931
513500.SH,20230117,1.262,1.264,1.268,1.263,1.267,0.005,0.3962,1193614.0,151152.514
513500.SH,20230118,1.267,1.266,1.275,1.265,1.273,0.006,0.4736,1366547.66,173665.543
513500.SH,20230119,1.273,1.25,1.252,1.248,1.248,-0.025,-1.9639,2060328.0,257536.771
513500.SH,20230120,1.248,1.243,1.251,1.242,1.25,0.002,0.1603,1691937.0,210963.045
513500.SH,20230130,1.25,1.284,1.287,1.283,1.284,0.034,2.72,2964520.15,380899.356
513500.SH,20230131,1.284,1.276,1.278,1.272,1.273,-0.011,-0.8567,1279524.0,163122.9
513500.SH,20230201,1.273,1.287,1.29,1.286,1.29,0.017,1.3354,1557982.34,200668.242
513500.SH,20230202,1.29,1.301,1.304,1.3,1.303,0.013,1.0078,1328144.35,172868.356
513500.SH,20230203,1.303,1.315,1.316,1.313,1.314,0.011,0.8442,1382468.0,181780.775
513500.SH,20230206,1.314,1.315,1.318,1.309,1.309,-0.005,-0.3805,1244153.0,163404.771
513500.SH,20230207,1.309,1.312,1.313,1.31,1.311,0.002,0.1528,708030.0,92867.246
513500.SH,20230208,1.311,1.321,1.326,1.321,1.325,0.014,1.0679,1501436.14,198742.625
513500.SH,20230209,1.325,1.315,1.321,1.315,1.32,-0.005,-0.3774,2589860.0,341501.559
513500.SH,20230210,1.32,1.302,1.305,1.302,1.302,-0.018,-1.3636,1090537.0,142110.073
513500.SH,20230213,1.302,1.304,1.309,1.304,1.309,0.007,0.5376,797244.0,104255.585
513500.SH,20230214,1.309,1.322,1.326,1.322,1.326,0.017,1.2987,1167357.0,154576.51
513500.SH,20230215,1.326,1.325,1.326,1.322,1.323,-0.003,-0.2262,736631.17,97497.933
513500.SH,20230216,1.323,1.336,1.339,1.335,1.338,0.015,1.1338,940281.0,125698.929
513500.SH,20230217,1.338,1.323,1.324,1.315,1.316,-0.022,-1.6442,731020.69,96343.402
513500.SH,20230220,1.316,1.317,1.319,1.315,1.317,0.001,0.076,914389.0,120418.007
513500.SH,20230221,1.317,1.312,1.314,1.311,1.313,-0.004,-0.3037,659341.76,86529.748
513500.SH,20230222,1.313,1.293,1.3,1.293,1.298,-0.015,-1.1424,948190.0,123053.977
513500.SH,20230223,1.298,1.301,1.301,1.298,1.3,0.002,0.1541,677455.0,88022.29
513500.SH,20230224,1.3,1.303,1.308,1.302,1.307,0.007,0.5385,673538.0,87902.002
513500.SH,20230227,1.307,1.302,1.304,1.3,1.301,-0.006,-0.4591,736889.0,95937.977
513500.SH,20230228,1.301,1.307,1.307,1.299,1.301,0.0,0.0,613022.01,79766.906
513500.SH,20230301,1.301,1.293,1.294,1.29,1.291,-0.01,-0.7686,1822189.72,235345.069
513500.SH,20230302,1.291,1.282,1.282,1.274,1.278,-0.013,-1.007,1685387.0,215275.438
513500.SH,20230303,1.278,1.288,1.292,1.287,1.292,0.014,1.0955,1093549.0,141078.796
513500.SH,20230306,1.292,1.312,1.318,1.311,1.316,0.024,1.8576,1317972.66,173283.97
513500.SH,20230307,1.316,1.321,1.324,1.32,1.32,0.004,0.304,1105346.04,146088.268
513500.SH,20230308,1.32,1.306,1.308,1.303,1.304,-0.016,-1.2121,881025.04,115014.948
513500.SH,20230309,1.304,1.305,1.308,1.303,1.307,0.003,0.2301,744654.0,97232.898
513500.SH,20230310,1.307,1.279,1.28,1.273,1.275,-0.032,-2.4484,1754948.0,224108.587
513500.SH,20230313,1.275,1.27,1.278,1.268,1.277,0.002,0.1569,2489614.0,316623.002
513500.SH,20230314,1.277,1.251,1.261,1.246,1.251,-0.026,-2.036,2231361.36,279318.117
513500.SH,20230315,1.251,1.27,1.272,1.268,1.272,0.021,1.6787,1535255.12,194997.831
513500.SH,20230316,1.272,1.265,1.271,1.264,1.264,-0.008,-0.6289,1174695.0,148922.574
513500.SH,20230317,1.264,1.283,1.283,1.278,1.281,0.017,1.3449,1163352.5,149008.45
513500.SH,20230320,1.281,1.275,1.276,1.256,1.259,-0.022,-1.7174,1780639.0,226098.64
513500.SH,20230321,1.259,1.278,1.282,1.278,1.281,0.022,1.7474,1025774.26,131321.833
513500.SH,20230322,1.281,1.293,1.297,1.293,1.295,0.014,1.0929,1166899.0,151173.6
513500.SH,20230323,1.295,1.274,1.277,1.272,1.274,-0.021,-1.6216,1871087.0,238409.885
513500.SH,20230324,1.274,1.273,1.277,1.269,1.276,0.002,0.157,1251170.0,159369.174
513500.SH,20230327,1.276,1.287,1.293,1.287,1.292,0.016,1.2539,1282238.56,165364.589
513500.SH,20230328,1.292,1.287,1.292,1.286,1.291,-0.001,-0.0774,821433.38,105843.648
513500.SH,20230329,1.291,1.29,1.297,1.288,1.296,0.005,0.3873,787513.0,101781.316
513500.SH,20230330,1.296,1.306,1.308,1.304,1.305,0.009,0.6944,959719.0,125303.019
513500.SH,20230331,1.305,1.311,1.311,1.307,1.308,0.003,0.2299,1014246.0,132738.11
513500.SH,20230403,1.308,1.325,1.327,1.324,1.326,0.018,1.3761,915338.26,121353.062
513500.SH,20230404,1.326,1.331,1.334,1.331,1.334,0.008,0.6033,827667.0,110299.059
513500.SH,20230406,1.334,1.322,1.322,1.319,1.321,-0.013,-0.9745,838756.0,110755.302
513500.SH,20230407,1.321,1.326,1.327,1.324,1.326,0.005,0.3785,948519.0,125722.947
513500.SH,20230410,1.326,1.326,1.329,1.324,1.325,-0.001,-0.0754,438843.0,58230.808
513500.SH,20230411,1.325,1.331,1.332,1.33,1.332,0.007,0.5283,538491.0,71683.614
513500.SH,20230412,1.332,1.332,1.332,1.329,1.33,-0.002,-0.1502,907352.35,120727.16
513500.SH,20230413,1.33,1.323,1.326,1.321,1.325,-0.005,-0.3759,868566.36,114907.997
513500.SH,20230414,1.325,1.338,1.339,1.331,1.332,0.007,0.5283,759902.0,101372.327
513500.SH,20230417,1.332,1.339,1.341,1.337,1.339,0.007,0.5255,531227.9,71140.865
513500.SH,20230418,1.339,1.34,1.343,1.34,1.341,0.002,0.1494,632172.0,84782.497
513500.SH,20230419,1.341,1.342,1.342,1.34,1.341,0.0,0.0,540698.0,72515.36
513500.SH,20230420,1.341,1.341,1.344,1.339,1.34,-0.001,-0.0746,865885.0,116224.039
513500.SH,20230421,1.34,1.336,1.337,1.334,1.336,-0.004,-0.2985,594060.0,79368.562
513500.SH,20230424,1.336,1.336,1.339,1.333,1.334,-0.002,-0.1497,829944.0,110913.656
513500.SH,20230425,1.334,1.339,1.34,1.338,1.339,0.005,0.3748,583123.58,78074.704
513500.SH,20230426,1.339,1.333,1.335,1.33,1.33,-0.009,-0.6721,1161876.0,154650.969
513500.SH,20230427,1.33,1.324,1.325,1.323,1.323,-0.007,-0.5263,791090.0,104735.97
513500.SH,20230428,1.323,1.343,1.345,1.341,1.343,0.02,1.5117,1236774.26,166126.902
513500.SH,20230504,1.343,1.327,1.331,1.325,1.331,-0.012,-0.8935,1196714.0,158912.658
513500.SH,20230505,1.331,1.326,1.327,1.323,1.326,-0.005,-0.3757,667731.92,88467.383
513500.SH,20230508,1.326,1.342,1.345,1.342,1.344,0.018,1.3575,847383.04,113807.663
513500.SH,20230509,1.344,1.344,1.346,1.344,1.345,0.001,0.0744,721541.99,97069.567
513500.SH,20230510,1.345,1.343,1.345,1.341,1.345,0.0,0.0,695832.19,93468.987
513500.SH,20230511,1.345,1.351,1.354,1.351,1.352,0.007,0.5204,1093224.0,147855.616
513500.SH,20230512,1.352,1.354,1.355,1.352,1.353,0.001,0.074,654959.74,88611.604
513500.SH,20230515,1.353,1.349,1.354,1.348,1.353,0.0,0.0,753742.31,101813.188
513500.SH,20230516,1.353,1.352,1.354,1.351,1.352,-0.001,-0.0739,581438.31,78632.358
513500.SH,20230517,1.352,1.353,1.357,1.353,1.355,0.003,0.2219,751271.0,101791.861
513500.SH,20230518,1.355,1.369,1.373,1.368,1.373,0.018,1.3284,918985.8,125987.315
513500.SH,20230519,1.373,1.393,1.399,1.393,1.394,0.021,1.5295,3499717.0,488620.586
513500.SH,20230522,1.394,1.385,1.39,1.385,1.388,-0.006,-0.4304,1259979.0,174884.769
513500.SH,20230523,1.388,1.395,1.399,1.393,1.394,0.006,0.4323,1108184.99,154623.071
513500.SH,20230524,1.394,1.381,1.384,1.377,1.381,-0.013,-0.9326,1451237.0,200277.361
513500.SH,20230525,1.381,1.377,1.38,1.375,1.38,-0.001,-0.0724,1723102.0,237402.357
513500.SH,20230526,1.38,1.38,1.381,1.377,1.379,-0.001,-0.0725,888793.24,122570.791
513500.SH,20230529,1.379,1.403,1.407,1.402,1.407,0.028,2.0305,1224982.0,171992.566
513500.SH,20230530,1.407,1.404,1.414,1.403,1.413,0.006,0.4264,1047513.0,147535.384
513500.SH,20230531,1.413,1.406,1.41,1.4,1.402,-0.011,-0.7785,1270819.0,178656.324
513500.SH,20230601,1.402,1.4,1.405,1.397,1.404,0.002,0.1427,869517.0,121787.54
513500.SH,20230602,1.404,1.414,1.415,1.408,1.412,0.008,0.5698,1172405.0,165474.154
513500.SH,20230605,1.412,1.432,1.439,1.431,1.438,0.026,1.8414,1435973.0,205928.531
513500.SH,20230606,1.438,1.434,1.436,1.432,1.433,-0.005,-0.3477,957900.0,137359.29
513500.SH,20230607,1.433,1.436,1.442,1.435,1.44,0.007,0.4885,1086606.0,156316.741
513500.SH,20230608,1.44,1.436,1.439,1.432,1.433,-0.007,-0.4861,1280196.0,183735.789
513500.SH,20230609,1.433,1.44,1.445,1.438,1.441,0.008,0.5583,1766414.0,254633.322
513500.SH,20230612,1.441,1.448,1.453,1.448,1.453,0.012,0.8328,977433.0,141871.998
513500.SH,20230613,1.453,1.465,1.472,1.464,1.471,0.018,1.2388,1983998.0,291482.207
513500.SH,20230614,1.471,1.478,1.478,1.474,1.476,0.005,0.3399,1242121.14,183331.417
513500.SH,20230615,1.476,1.478,1.479,1.469,1.472,-0.004,-0.271,2172845.18,320317.074
513500.SH,20230616,1.472,1.482,1.487,1.481,1.484,0.012,0.8152,1656276.0,245780.511
513500.SH,20230619,1.484,1.483,1.484,1.482,1.484,0.0,0.0,761145.0,112866.821
513500.SH,20230620,1.484,1.484,1.49,1.484,1.487,0.003,0.2022,787514.0,117154.515
513500.SH,20230621,1.487,1.487,1.49,1.486,1.487,0.0,0.0,1205426.68,179390.533
513500.SH,20230626,1.487,1.478,1.483,1.478,1.482,-0.005,-0.3362,1139579.0,168754.719
513500.SH,20230627,1.482,1.478,1.478,1.472,1.474,-0.008,-0.5398,1126174.0,166023.38
513500.SH,20230628,1.474,1.485,1.49,1.485,1.489,0.015,1.0176,1100214.0,163704.799
513500.SH,20230629,1.489,1.494,1.498,1.494,1.496,0.007,0.4701,1089485.0,163063.0
513500.SH,20230630,1.496,1.506,1.507,1.502,1.503,0.007,0.4679,1328655.11,199933.761
513500.SH,20230703,1.503,1.521,1.523,1.518,1.522,0.019,1.2641,1627550.0,247445.772
513500.SH,20230704,1.522,1.52,1.521,1.516,1.516,-0.006,-0.3942,1039513.0,157947.414
513500.SH,20230705,1.516,1.517,1.517,1.514,1.515,-0.001,-0.066,782437.0,118615.293
513500.SH,20230706,1.515,1.517,1.518,1.511,1.512,-0.003,-0.198,1012752.45,153297.61
513500.SH,20230707,1.512,1.503,1.507,1.501,1.502,-0.01,-0.6614,1689896.0,254041.685
513500.SH,20230710,1.502,1.494,1.496,1.492,1.492,-0.01,-0.6658,826143.0,123392.002
513500.SH,20230711,1.492,1.5,1.502,1.495,1.499,0.007,0.4692,839456.0,125831.93
513500.SH,20230712,1.499,1.505,1.506,1.502,1.506,0.007,0.467,777240.0,116907.368
513500.SH,20230713,1.506,1.513,1.517,1.512,1.516,0.01,0.664,1198616.45,181584.486
513500.SH,20230714,1.516,1.519,1.519,1.512,1.513,-0.003,-0.1979,1136577.2,172293.529
513500.SH,20230717,1.513,1.515,1.521,1.514,1.521,0.008,0.5288,1015648.88,154184.212
513500.SH,20230718,1.521,1.525,1.529,1.524,1.528,0.007,0.4602,868372.88,132566.475
513500.SH,20230719,1.528,1.543,1.553,1.543,1.552,0.024,1.5707,1695440.9,262667.172
513500.SH,20230720,1.552,1.549,1.549,1.54,1.541,-0.011,-0.7088,1605044.67,247848.04
513500.SH,20230721,1.541,1.531,1.537,1.53,1.536,-0.005,-0.3245,1284214.0,196982.269
513500.SH,20230724,1.536,1.535,1.542,1.534,1.541,0.005,0.3255,1330105.0,204719.275
513500.SH,20230725,1.541,1.54,1.54,1.535,1.538,-0.003,-0.1947,1532622.0,235640.147
513500.SH,20230726,1.538,1.541,1.542,1.539,1.541,0.003,0.1951,805480.0,124061.086
513500.SH,20230727,1.541,1.542,1.546,1.537,1.545,0.004,0.2596,1521880.0,234557.145
513500.SH,20230728,1.545,1.535,1.537,1.531,1.534,-0.011,-0.712,1831845.0,280991.135
513500.SH,20230731,1.534,1.542,1.543,1.537,1.539,0.005,0.3259,1466143.0,225672.475
513500.SH,20230801,1.539,1.546,1.55,1.545,1.549,0.01,0.6498,1157801.0,179340.86
513500.SH,20230802,1.549,1.542,1.543,1.536,1.537,-0.012,-0.7747,1725216.0,265534.069
513500.SH,20230803,1.537,1.525,1.529,1.523,1.523,-0.014,-0.9109,1695615.55,258874.1
513500.SH,20230804,1.523,1.52,1.529,1.519,1.526,0.003,0.197,1343717.34,204825.892
513500.SH,20230807,1.526,1.517,1.521,1.517,1.518,-0.008,-0.5242,1327261.81,201557.687
513500.SH,20230808,1.518,1.528,1.53,1.526,1.529,0.011,0.7246,806955.53,123330.002
513500.SH,20230809,1.529,1.528,1.529,1.525,1.529,0.0,0.0,779762.0,119053.853
513500.SH,20230810,1.529,1.52,1.521,1.517,1.521,-0.008,-0.5232,679413.0,103234.355
513500.SH,20230811,1.521,1.521,1.523,1.519,1.522,0.001,0.0657,566344.0,86134.817
513500.SH,20230814,1.522,1.523,1.525,1.52,1.525,0.003,0.1971,1079149.0,164310.36
513500.SH,20230815,1.525,1.538,1.543,1.538,1.541,0.016,1.0492,1362642.0,210011.098
513500.SH,20230816,1.541,1.528,1.528,1.522,1.524,-0.017,-1.1032,1042731.0,158923.696
513500.SH,20230817,1.524,1.513,1.517,1.512,1.515,-0.009,-0.5906,1335221.24,202204.468
513500.SH,20230818,1.515,1.495,1.499,1.494,1.497,-0.018,-1.1881,1720350.0,257391.709
513500.SH,20230821,1.497,1.497,1.503,1.496,1.503,0.006,0.4008,2291253.0,343838.014
513500.SH,20230822,1.503,1.503,1.51,1.501,1.509,0.006,0.3992,2101003.96,316377.723
513500.SH,20230823,1.509,1.507,1.51,1.506,1.51,0.001,0.0663,999433.0,150749.653
513500.SH,20230824,1.51,1.528,1.536,1.527,1.532,0.022,1.457,3891148.5,596423.92
513500.SH,20230825,1.532,1.503,1.504,1.499,1.501,-0.031,-2.0235,1152175.0,173088.603
513500.SH,20230828,1.501,1.508,1.516,1.507,1.515,0.014,0.9327,827523.88,125195.727
513500.SH,20230829,1.515,1.523,1.526,1.521,1.524,0.009,0.5941,1029964.0,156899.341
513500.SH,20230830,1.524,1.544,1.547,1.544,1.545,0.021,1.378,1083161.0,167450.217
513500.SH,20230831,1.545,1.549,1.556,1.549,1.553,0.008,0.5178,1472921.24,228790.957
513500.SH,20230901,1.553,1.542,1.547,1.541,1.544,-0.009,-0.5795,772000.0,119258.53
513500.SH,20230904,1.544,1.546,1.549,1.545,1.547,0.003,0.1943,802455.0,124155.903
513500.SH,20230905,1.547,1.546,1.55,1.546,1.548,0.001,0.0646,615692.0,95314.229
513500.SH,20230906,1.548,1.548,1.55,1.546,1.548,0.0,0.0,681220.0,105487.353
513500.SH,20230907,1.548,1.538,1.539,1.535,1.535,-0.013,-0.8398,714217.0,109788.928
513500.SH,20230908,1.535,1.538,1.545,1.537,1.544,0.009,0.5863,816142.0,125779.708
513500.SH,20230911,1.544,1.543,1.544,1.531,1.536,-0.008,-0.5181,1248707.0,191839.268
513500.SH,20230912,1.536,1.539,1.542,1.538,1.541,0.005,0.3255,596768.0,91894.098
513500.SH,20230913,1.541,1.532,1.533,1.528,1.53,-0.011,-0.7138,1126912.0,172364.91
513500.SH,20230914,1.53,1.533,1.538,1.532,1.537,0.007,0.4575,891516.0,136897.242
513500.SH,20230915,1.537,1.549,1.55,1.542,1.548,0.011,0.7157,1146131.0,177250.631
513500.SH,20230918,1.548,1.528,1.533,1.528,1.531,-0.017,-1.0982,754705.12,115535.324
513500.SH,20230919,1.531,1.531,1.533,1.529,1.53,-0.001,-0.0653,641513.0,98202.785
513500.SH,20230920,1.53,1.528,1.53,1.526,1.528,-0.002,-0.1307,687076.0,104991.679
513500.SH,20230921,1.528,1.512,1.512,1.507,1.512,-0.016,-1.0471,1292650.3,195069.029
513500.SH,20230922,1.512,1.489,1.493,1.488,1.493,-0.019,-1.2566,1386959.18,206749.98
513500.SH,20230925,1.493,1.488,1.491,1.485,1.49,-0.003,-0.2009,1158746.0,172555.291
513500.SH,20230926,1.49,1.489,1.49,1.483,1.483,-0.007,-0.4698,1050651.0,156163.815
513500.SH,20230927,1.483,1.473,1.476,1.47,1.475,-0.008,-0.5394,2182767.0,321435.784
513500.SH,20230928,1.475,1.477,1.477,1.47,1.471,-0.004,-0.2712,1316512.0,193887.436
513500.SH,20231009,1.471,1.472,1.473,1.466,1.47,-0.001,-0.068,1404122.0,206162.15
513500.SH,20231010,1.47,1.489,1.49,1.487,1.49,0.02,1.3605,867845.29,129144.761
513500.SH,20231011,1.49,1.496,1.5,1.495,1.499,0.009,0.604,722789.0,108209.114
513500.SH,20231012,1.499,1.507,1.51,1.507,1.51,0.011,0.7338,808137.0,121905.495
513500.SH,20231013,1.51,1.5,1.5,1.496,1.497,-0.013,-0.8609,857126.0,128370.545
513500.SH,20231016,1.497,1.492,1.496,1.492,1.496,-0.001,-0.0668,979112.0,146295.118
513500.SH,20231017,1.496,1.506,1.507,1.504,1.507,0.011,0.7353,751921.0,113195.4
513500.SH,20231018,1.507,1.504,1.508,1.502,1.505,-0.002,-0.1327,1129600.0,170000.655
513500.SH,20231019,1.505,1.493,1.494,1.482,1.485,-0.02,-1.3289,1162066.0,172581.928
513500.SH,20231020,1.485,1.471,1.472,1.465,1.467,-0.018,-1.2121,2137497.0,313750.072
513500.SH,20231023,1.467,1.455,1.457,1.453,1.457,-0.01,-0.6817,1795474.0,261300.294
513500.SH,20231024,1.457,1.453,1.456,1.448,1.455,-0.002,-0.1373,1462603.0,212426.433
513500.SH,20231025,1.455,1.458,1.46,1.455,1.456,0.001,0.0687,605334.0,88245.906
513500.SH,20231026,1.456,1.433,1.435,1.43,1.433,-0.023,-1.5797,1447441.0,207356.604
513500.SH,20231027,1.433,1.43,1.433,1.429,1.433,0.0,0.0,1032017.0,147787.861
513500.SH,20231030,1.433,1.426,1.427,1.422,1.427,-0.006,-0.4187,994988.0,141695.776
513500.SH,20231031,1.427,1.432,1.433,1.428,1.431,0.004,0.2803,967181.0,138344.813
513500.SH,20231101,1.431,1.44,1.447,1.439,1.446,0.015,1.0482,1081064.0,155904.984
513500.SH,20231102,1.446,1.462,1.466,1.461,1.463,0.017,1.1757,1046117.0,153153.689
513500.SH,20231103,1.463,1.485,1.487,1.484,1.486,0.023,1.5721,810324.0,120362.178
513500.SH,20231106,1.486,1.494,1.496,1.493,1.494,0.008,0.5384,783588.0,117057.745
513500.SH,20231107,1.494,1.492,1.494,1.49,1.492,-0.002,-0.1339,838509.0,125072.506
513500.SH,20231108,1.492,1.497,1.499,1.495,1.497,0.005,0.3351,635199.0,95077.602
513500.SH,20231109,1.497,1.498,1.505,1.497,1.505,0.008,0.5344,741040.0,111264.734
513500.SH,20231110,1.505,1.495,1.495,1.49,1.493,-0.012,-0.7973,567001.0,84601.334
513500.SH,20231113,1.493,1.512,1.514,1.51,1.513,0.02,1.3396,959236.0,144972.12
513500.SH,20231114,1.513,1.512,1.518,1.511,1.518,0.005,0.3305,976650.0,148105.059
513500.SH,20231115,1.518,1.543,1.544,1.537,1.539,0.021,1.3834,926938.0,142647.425
513500.SH,20231116,1.539,1.538,1.542,1.535,1.541,0.002,0.13,1063853.0,163653.862
513500.SH,20231117,1.541,1.542,1.544,1.538,1.54,-0.001,-0.0649,2421909.0,373296.843
513500.SH,20231120,1.54,1.532,1.534,1.523,1.524,-0.016,-1.039,1830395.0,279585.298
513500.SH,20231121,1.524,1.53,1.533,1.529,1.53,0.006,0.3937,524085.0,80237.75
513500.SH,20231122,1.53,1.528,1.528,1.525,1.528,-0.002,-0.1307,1348124.0,205787.769
513500.SH,20231123,1.528,1.534,1.537,1.531,1.533,0.005,0.3272,892123.0,136818.386
513500.SH,20231124,1.533,1.534,1.536,1.533,1.535,0.002,0.1305,439638.0,67484.102
513500.SH,20231127,1.535,1.534,1.534,1.53,1.534,-0.001,-0.0651,644983.0,98798.698
513500.SH,20231128,1.534,1.533,1.535,1.533,1.535,0.001,0.0652,471473.0,72330.386
513500.SH,20231129,1.535,1.532,1.533,1.53,1.532,-0.003,-0.1954,525499.0,80490.523
513500.SH,20231130,1.532,1.532,1.535,1.529,1.531,-0.001,-0.0653,699741.0,107205.923
513500.SH,20231201,1.531,1.535,1.54,1.535,1.539,0.008,0.5225,802561.0,123446.965
513500.SH,20231204,1.539,1.544,1.548,1.543,1.547,0.008,0.5198,940068.02,145265.024
513500.SH,20231205,1.547,1.539,1.539,1.534,1.534,-0.013,-0.8403,473204.0,72759.454
513500.SH,20231206,1.534,1.545,1.546,1.544,1.546,0.012,0.7823,609862.0,94254.615
513500.SH,20231207,1.546,1.536,1.539,1.533,1.533,-0.013,-0.8409,674724.0,103580.225
513500.SH,20231208,1.533,1.544,1.547,1.543,1.545,0.012,0.7828,846715.47,130842.642
513500.SH,20231211,1.545,1.557,1.562,1.556,1.559,0.014,0.9061,868830.0,135457.083
513500.SH,20231212,1.559,1.566,1.57,1.565,1.567,0.008,0.5131,1286467.0,201633.245
513500.SH,20231213,1.567,1.575,1.579,1.574,1.576,0.009,0.5743,1033878.0,163077.527
513500.SH,20231214,1.576,1.594,1.596,1.591,1.593,0.017,1.0787,1773817.0,282561.453
513500.SH,20231215,1.593,1.587,1.589,1.584,1.586,-0.007,-0.4394,1354442.0,214910.818
513500.SH,20231218,1.586,1.59,1.593,1.589,1.593,0.007,0.4414,728628.0,115947.167
513500.SH,20231219,1.593,1.598,1.601,1.597,1.601,0.008,0.5022,679754.44,108695.549
513500.SH,20231220,1.601,1.605,1.61,1.605,1.609,0.008,0.4997,1119707.0,180050.612
513500.SH,20231221,1.609,1.587,1.589,1.583,1.588,-0.021,-1.3052,2964855.47,470164.68
513500.SH,20231222,1.588,1.598,1.599,1.594,1.597,0.009,0.5668,985222.12,157222.034
513500.SH,20231225,1.597,1.6,1.602,1.598,1.6,0.003,0.1879,387992.0,62040.307
513500.SH,20231226,1.6,1.601,1.606,1.6,1.605,0.005,0.3125,1171437.96,187859.736
513500.SH,20231227,1.605,1.608,1.609,1.605,1.608,0.003,0.1869,1087975.99,174885.022
513500.SH,20231228,1.608,1.61,1.61,1.603,1.605,-0.003,-0.1866,1131789.0,181858.431
513500.SH,20231229,1.605,1.602,1.605,1.598,1.603,-0.002,-0.1246,1387400.0,222283.371
513500.SH,20240102,1.603,1.6,1.607,1.6,1.607,0.004,0.2495,635475.0,101959.791
513500.SH,20240103,1.607,1.597,1.6,1.595,1.595,-0.012,-0.7467,1084673.02,173260.596
513500.SH,20240104,1.595,1.588,1.59,1.586,1.589,-0.006,-0.3762,683809.0,108630.401
513500.SH,20240105,1.589,1.586,1.588,1.582,1.582,-0.007,-0.4405,866172.0,137329.775
513500.SH,20240108,1.582,1.586,1.587,1.583,1.584,0.002,0.1264,931610.0,147615.543
513500.SH,20240109,1.584,1.605,1.611,1.605,1.611,0.027,1.7045,1970037.0,317031.26
513500.SH,20240110,1.611,1.611,1.613,1.609,1.61,-0.001,-0.0621,1277460.0,205829.049
513500.SH,20240111,1.61,1.62,1.623,1.619,1.623,0.013,0.8075,1368573.59,221892.302
513500.SH,20240112,1.623,1.615,1.616,1.612,1.616,-0.007,-0.4313,923408.0,149069.908
513500.SH,20240115,1.616,1.619,1.625,1.618,1.624,0.008,0.495,1240203.0,201070.93
513500.SH,20240116,1.624,1.619,1.62,1.616,1.616,-0.008,-0.4926,853985.0,138176.678
513500.SH,20240117,1.616,1.619,1.62,1.608,1.609,-0.007,-0.4332,2173807.78,350979.166
513500.SH,20240118,1.609,1.609,1.611,1.605,1.61,0.001,0.0622,1319013.04,212185.97
513500.SH,20240119,1.61,1.623,1.628,1.622,1.626,0.016,0.9938,2108837.99,342871.913
513500.SH,20240122,1.626,1.651,1.655,1.648,1.652,0.026,1.599,3260748.0,538244.701
513500.SH,20240123,1.652,1.651,1.665,1.645,1.656,0.004,0.2421,3124120.74,516504.622
513500.SH,20240124,1.656,1.66,1.688,1.658,1.674,0.018,1.087,2486817.42,416181.248
513500.SH,20240125,1.674,1.672,1.672,1.655,1.666,-0.008,-0.4779,1586860.0,263800.332
513500.SH,20240126,1.666,1.665,1.671,1.653,1.654,-0.012,-0.7203,2177410.0,361309.906
513500.SH,20240129,1.654,1.654,1.662,1.654,1.661,0.007,0.4232,968075.0,160492.883
513500.SH,20240130,1.661,1.674,1.681,1.673,1.681,0.02,1.2041,1393901.0,233778.745
513500.SH,20240131,1.681,1.67,1.676,1.666,1.674,-0.007,-0.4164,1602878.67,267863.633
513500.SH,20240201,1.674,1.655,1.662,1.649,1.66,-0.014,-0.8363,1660663.63,274483.266
513500.SH,20240202,1.66,1.677,1.689,1.677,1.688,0.028,1.6867,1270891.67,213788.705
513500.SH,20240205,1.688,1.702,1.703,1.683,1.695,0.007,0.4147,1756807.0,297280.23
513500.SH,20240206,1.695,1.692,1.699,1.686,1.695,0.0,0.0,1301725.0,220149.046
513500.SH,20240207,1.695,1.694,1.705,1.691,1.701,0.006,0.354,1249245.0,212010.19
513500.SH,20240208,1.701,1.715,1.75,1.715,1.745,0.044,2.5867,1725307.0,298901.827
513500.SH,20240219,1.745,1.739,1.741,1.719,1.737,-0.008,-0.4585,970140.0,168324.183
513500.SH,20240220,1.737,1.738,1.739,1.727,1.731,-0.006,-0.3454,733833.0,127020.254
513500.SH,20240221,1.731,1.72,1.723,1.712,1.717,-0.014,-0.8088,1890579.0,324557.056
513500.SH,20240222,1.717,1.729,1.742,1.728,1.741,0.024,1.3978,936389.37,162574.149
513500.SH,20240223,1.741,1.762,1.775,1.762,1.766,0.025,1.436,1187910.0,210113.441
513500.SH,20240226,1.766,1.764,1.764,1.752,1.755,-0.011,-0.6229,1003777.3,176391.082
513500.SH,20240227,1.755,1.751,1.764,1.747,1.761,0.006,0.3419,1475569.11,259525.661
513500.SH,20240228,1.761,1.762,1.786,1.759,1.783,0.022,1.2493,1679058.0,297610.305
513500.SH,20240229,1.783,1.777,1.778,1.765,1.772,-0.011,-0.6169,2247553.0,397959.269
513500.SH,20240301,1.772,1.782,1.789,1.78,1.781,0.009,0.5079,1586048.0,282869.633
513500.SH,20240304,1.781,1.789,1.796,1.789,1.794,0.013,0.7299,1256753.0,225420.086
513500.SH,20240305,1.794,1.784,1.792,1.781,1.789,-0.005,-0.2787,1200737.0,214805.007
513500.SH,20240306,1.789,1.776,1.784,1.772,1.781,-0.008,-0.4472,1700494.0,302389.889
513500.SH,20240307,1.781,1.784,1.788,1.772,1.776,-0.005,-0.2807,1545117.91,275174.455
513500.SH,20240308,1.776,1.791,1.801,1.791,1.8,0.024,1.3514,1533657.0,275511.518
513500.SH,20240311,1.8,1.79,1.794,1.78,1.794,-0.006,-0.3333,1488653.91,266138.06
513500.SH,20240312,1.794,1.794,1.799,1.785,1.788,-0.006,-0.3344,1399737.0,250544.879
513500.SH,20240313,1.788,1.8,1.8,1.78,1.783,-0.005,-0.2796,1416734.0,253649.927
513500.SH,20240314,1.783,1.784,1.784,1.778,1.784,0.001,0.0561,751823.0,133876.895
513500.SH,20240315,1.784,1.778,1.782,1.774,1.775,-0.009,-0.5045,1072428.0,190751.816
513500.SH,20240318,1.775,1.773,1.782,1.764,1.781,0.006,0.338,1535795.0,272051.795
513500.SH,20240319,1.781,1.775,1.78,1.772,1.774,-0.007,-0.393,1177598.0,209153.468
513500.SH,20240320,1.774,1.783,1.792,1.779,1.79,0.016,0.9019,1261109.0,225248.737
513500.SH,20240321,1.79,1.801,1.84,1.8,1.826,0.036,2.0112,2423572.66,440845.424
513500.SH,20240322,1.826,1.827,1.852,1.819,1.837,0.011,0.6024,2359895.0,434298.642
513500.SH,20240325,1.837,1.838,1.846,1.816,1.825,-0.012,-0.6532,2226642.0,407909.894
513500.SH,20240326,1.825,1.826,1.833,1.821,1.832,0.007,0.3836,1045619.0,191047.358
513500.SH,20240327,1.832,1.827,1.848,1.825,1.844,0.012,0.655,1283638.0,235426.261
513500.SH,20240328,1.844,1.851,1.877,1.848,1.868,0.024,1.3015,3028368.0,564050.725
513500.SH,20240329,1.868,1.868,1.899,1.852,1.856,-0.012,-0.6424,3633389.24,683046.836
513500.SH,20240401,1.856,1.863,1.886,1.845,1.849,-0.007,-0.3772,1996979.15,371698.861
513500.SH,20240402,1.849,1.844,1.848,1.831,1.842,-0.007,-0.3786,2725711.0,501474.728
513500.SH,20240403,1.842,1.83,1.831,1.797,1.802,-0.04,-2.1716,3380552.0,612744.381
513500.SH,20240408,1.802,1.807,1.811,1.791,1.807,0.005,0.2775,2210781.0,398359.495
513500.SH,20240409,1.807,1.806,1.819,1.795,1.813,0.006,0.332,2603800.18,470570.689
513500.SH,20240410,1.813,1.815,1.818,1.8,1.81,-0.003,-0.1655,1042371.0,188859.687
513500.SH,20240411,1.81,1.79,1.793,1.783,1.788,-0.022,-1.2155,1672230.0,299127.628
513500.SH,20240412,1.788,1.801,1.807,1.799,1.802,0.014,0.783,1279001.59,230452.366
513500.SH,20240415,1.802,1.776,1.785,1.771,1.783,-0.019,-1.0544,1198736.0,213407.735
513500.SH,20240416,1.783,1.76,1.76,1.74,1.741,-0.042,-2.3556,2160224.46,377589.234
513500.SH,20240417,1.741,1.742,1.747,1.733,1.734,-0.007,-0.4021,1254792.0,218425.316
513500.SH,20240418,1.734,1.725,1.732,1.723,1.73,-0.004,-0.2307,1443337.0,249246.455
513500.SH,20240419,1.73,1.71,1.71,1.693,1.709,-0.021,-1.2139,2029284.99,345125.581
513500.SH,20240422,1.709,1.702,1.716,1.701,1.716,0.007,0.4096,1694642.32,289500.589
513500.SH,20240423,1.716,1.722,1.731,1.719,1.728,0.012,0.6993,1779765.0,306957.407
513500.SH,20240424,1.728,1.75,1.768,1.75,1.766,0.038,2.1991,1869810.0,329559.684
513500.SH,20240425,1.766,1.749,1.753,1.737,1.739,-0.027,-1.5289,1279029.77,222962.829
513500.SH,20240426,1.739,1.754,1.758,1.745,1.746,0.007,0.4025,1290618.0,225996.482
513500.SH,20240429,1.746,1.758,1.76,1.75,1.754,0.008,0.4582,1007109.0,176655.255
513500.SH,20240430,1.754,1.755,1.76,1.753,1.758,0.004,0.2281,823675.0,144685.815
513500.SH,20240506,1.758,1.758,1.76,1.753,1.759,0.001,0.0569,920988.0,161668.409
513500.SH,20240507,1.759,1.772,1.781,1.771,1.777,0.018,1.0233,1147035.0,203714.23
513500.SH,20240508,1.777,1.779,1.785,1.775,1.784,0.007,0.3939,1091684.0,194404.807
513500.SH,20240509,1.784,1.786,1.789,1.779,1.779,-0.005,-0.2803,1466309.71,261538.378
513500.SH,20240510,1.779,1.789,1.8,1.788,1.799,0.02,1.1242,878813.0,157798.275
513500.SH,20240513,1.799,1.801,1.81,1.799,1.807,0.008,0.4447,788139.0,142362.76
513500.SH,20240514,1.807,1.801,1.809,1.797,1.807,0.0,0.0,991864.0,178681.894
513500.SH,20240515,1.807,1.817,1.827,1.816,1.826,0.019,1.0515,1092086.0,199126.588
513500.SH,20240516,1.826,1.849,1.858,1.845,1.85,0.024,1.3143,1233365.0,228477.271
513500.SH,20240517,1.85,1.844,1.846,1.84,1.844,-0.006,-0.3243,942090.0,173663.357
513500.SH,20240520,1.844,1.844,1.85,1.829,1.834,-0.01,-0.5423,1863960.0,342511.523
513500.SH,20240521,1.834,1.836,1.84,1.832,1.835,0.001,0.0545,1113187.0,204337.625
513500.SH,20240522,1.835,1.84,1.845,1.837,1.844,0.009,0.4905,897985.0,165358.63
513500.SH,20240523,1.844,1.843,1.853,1.841,1.849,0.005,0.2711,1331571.0,246087.391
513500.SH,20240524,1.849,1.829,1.829,1.818,1.818,-0.031,-1.6766,1587953.0,289723.851
513500.SH,20240527,1.818,1.829,1.836,1.828,1.834,0.016,0.8801,654352.0,119941.475
513500.SH,20240528,1.834,1.836,1.841,1.834,1.838,0.004,0.2181,572041.0,105029.202
513500.SH,20240529,1.838,1.835,1.835,1.827,1.829,-0.009,-0.4897,509011.0,93167.502
513500.SH,20240530,1.829,1.807,1.817,1.805,1.806,-0.023,-1.2575,930375.0,168493.054
513500.SH,20240531,1.806,1.793,1.808,1.793,1.807,0.001,0.0554,823001.0,148206.18
513500.SH,20240603,1.807,1.826,1.836,1.825,1.835,0.028,1.5495,875753.0,160339.675
513500.SH,20240604,1.835,1.835,1.838,1.827,1.838,0.003,0.1635,775006.0,142122.496
513500.SH,20240605,1.838,1.841,1.848,1.84,1.847,0.009,0.4897,590447.0,108923.787
513500.SH,20240606,1.847,1.874,1.88,1.871,1.873,0.026,1.4077,984800.0,184513.785
513500.SH,20240607,1.873,1.87,1.883,1.87,1.882,0.009,0.4805,678200.0,127227.173
513500.SH,20240611,1.882,1.884,1.897,1.884,1.889,0.007,0.3719,989433.0,187055.379
513500.SH,20240612,1.889,1.896,1.898,1.89,1.892,0.003,0.1588,1141583.0,216208.726
513500.SH,20240613,1.892,1.908,1.913,1.906,1.909,0.017,0.8985,818673.0,156262.512
513500.SH,20240614,1.909,1.907,1.909,1.9,1.903,-0.006,-0.3143,1048154.0,199476.777
513500.SH,20240617,1.903,1.903,1.907,1.883,1.893,-0.01,-0.5255,1632288.0,308484.825
513500.SH,20240618,1.893,1.906,1.909,1.899,1.902,0.009,0.4754,1149279.0,218732.442
513500.SH,20240619,1.902,1.904,1.907,1.902,1.904,0.002,0.1052,634291.9,120798.663
513500.SH,20240620,1.904,1.905,1.922,1.905,1.921,0.017,0.8929,759909.0,145252.308
513500.SH,20240621,1.921,1.907,1.916,1.9,1.914,-0.007,-0.3644,1133320.0,216565.112
513500.SH,20240624,1.914,1.912,1.913,1.904,1.91,-0.004,-0.209,621390.0,118578.073
513500.SH,20240625,1.91,1.901,1.91,1.898,1.907,-0.003,-0.1571,992034.0,189011.969
513500.SH,20240626,1.907,1.92,1.935,1.914,1.933,0.026,1.3634,941852.0,181025.789
513500.SH,20240627,1.933,1.933,1.95,1.927,1.948,0.015,0.776,1468851.0,285262.029
513500.SH,20240628,1.948,1.955,1.985,1.955,1.971,0.023,1.1807,2087549.0,411417.226
513500.SH,20240701,1.971,1.965,1.978,1.958,1.967,-0.004,-0.2029,1245455.0,245424.744
513500.SH,20240702,1.967,1.975,1.987,1.969,1.971,0.004,0.2034,1405085.0,277974.283
513500.SH,20240703,1.971,1.99,2.0,1.989,1.999,0.028,1.4206,1121194.0,223767.306
513500.SH,20240704,1.999,2.018,2.035,1.968,1.977,-0.022,-1.1006,2556542.0,512772.665
513500.SH,20240705,1.977,1.974,1.996,1.973,1.993,0.016,0.8093,1339065.0,265391.096
513500.SH,20240708,1.993,2.004,2.008,1.989,1.999,0.006,0.3011,1127275.0,225055.158
513500.SH,20240709,1.999,2.001,2.002,1.993,1.996,-0.003,-0.1501,1207070.0,240932.768
513500.SH,20240710,1.996,1.995,1.996,1.97,1.985,-0.011,-0.5511,1315036.0,260874.591
513500.SH,20240711,1.985,1.999,2.004,1.996,2.004,0.019,0.9572,988551.0,197745.919
513500.SH,20240712,2.004,1.984,1.984,1.945,1.974,-0.03,-1.497,1707796.0,335666.717
513500.SH,20240715,1.974,1.983,2.025,1.983,2.024,0.05,2.5329,1978925.0,397678.548
513500.SH,20240716,2.024,2.029,2.045,2.015,2.028,0.004,0.1976,1253185.0,254176.798
513500.SH,20240717,2.028,2.039,2.067,2.038,2.053,0.025,1.2327,1799227.9,369343.22
513500.SH,20240718,2.053,2.002,2.032,1.984,2.027,-0.026,-1.2664,1748145.0,351129.421
513500.SH,20240719,2.027,2.01,2.014,1.977,1.979,-0.048,-2.368,1583370.0,315386.066
513500.SH,20240722,1.979,1.955,1.965,1.95,1.956,-0.023,-1.1622,1377124.0,269304.619
513500.SH,20240723,1.956,1.979,1.992,1.978,1.983,0.027,1.3804,1081700.0,214517.304
513500.SH,20240724,1.983,1.975,1.98,1.966,1.968,-0.015,-0.7564,776452.0,153084.792
513500.SH,20240725,1.968,1.912,1.918,1.9,1.911,-0.057,-2.8963,1311021.35,250565.375
513500.SH,20240726,1.911,1.901,1.929,1.901,1.927,0.016,0.8373,929012.0,177838.478
513500.SH,20240729,1.927,1.948,1.973,1.948,1.972,0.045,2.3352,1068189.91,209239.324
513500.SH,20240730,1.972,1.963,1.97,1.947,1.962,-0.01,-0.5071,944175.0,184836.702
513500.SH,20240731,1.962,1.959,1.962,1.94,1.948,-0.014,-0.7136,2268018.0,442118.228
513500.SH,20240801,1.948,1.979,1.98,1.967,1.972,0.024,1.232,1343518.0,265159.446
513500.SH,20240802,1.972,1.928,1.943,1.908,1.912,-0.06,-3.0426,1486308.0,285775.705
513500.SH,20240805,1.912,1.84,1.84,1.773,1.785,-0.127,-6.6423,3336797.21,603682.558
513500.SH,20240806,1.785,1.813,1.826,1.799,1.804,0.019,1.0644,2723550.0,493594.092
513500.SH,20240807,1.804,1.807,1.826,1.803,1.811,0.007,0.388,1790875.0,325373.767
513500.SH,20240808,1.811,1.793,1.802,1.782,1.799,-0.012,-0.6626,1068806.0,191472.37
513500.SH,20240809,1.799,1.836,1.847,1.83,1.835,0.036,2.0011,1285068.01,236124.039
513500.SH,20240812,1.835,1.842,1.861,1.841,1.86,0.025,1.3624,1351842.97,250633.332
513500.SH,20240813,1.86,1.862,1.891,1.861,1.887,0.027,1.4516,1171965.0,219812.695
513500.SH,20240814,1.887,1.914,1.925,1.91,1.922,0.035,1.8548,1271305.0,243992.675
513500.SH,20240815,1.922,1.936,1.957,1.93,1.948,0.026,1.3528,1198460.0,233038.944
513500.SH,20240816,1.948,1.994,1.996,1.962,1.975,0.027,1.386,1957543.0,386697.068
513500.SH,20240819,1.975,1.978,1.978,1.941,1.942,-0.033,-1.6709,1397669.0,273725.415
513500.SH,20240820,1.942,1.968,1.974,1.962,1.966,0.024,1.2358,842582.0,165657.345
513500.SH,20240821,1.966,1.957,1.969,1.948,1.967,0.001,0.0509,689837.0,135278.774
513500.SH,20240822,1.967,1.978,1.993,1.963,1.971,0.004,0.2034,1484566.0,293437.622
513500.SH,20240823,1.971,1.95,1.965,1.948,1.964,-0.007,-0.3551,894428.0,174893.337
513500.SH,20240826,1.964,1.988,1.993,1.97,1.978,0.014,0.7128,851835.0,168536.095
513500.SH,20240827,1.978,1.971,1.98,1.962,1.978,0.0,0.0,661214.0,130475.26
513500.SH,20240828,1.978,1.982,2.008,1.975,1.997,0.019,0.9606,2227796.0,443932.422
513500.SH,20240829,1.997,1.971,1.981,1.961,1.974,-0.023,-1.1517,1381173.0,272224.371
513500.SH,20240830,1.974,1.977,1.983,1.972,1.978,0.004,0.2026,765073.0,151214.193
513500.SH,20240902,1.978,1.99,2.004,1.99,1.999,0.021,1.0617,1087548.64,217328.243
513500.SH,20240903,1.999,2.001,2.011,1.992,1.998,-0.001,-0.05,1059450.0,212181.623
513500.SH,20240904,1.998,1.925,1.943,1.917,1.919,-0.079,-3.954,1798985.0,347089.858
513500.SH,20240905,1.919,1.933,1.94,1.923,1.929,0.01,0.5211,825363.06,159293.426
513500.SH,20240906,1.929,1.92,1.925,1.912,1.919,-0.01,-0.5184,885552.89,169995.694
513500.SH,20240909,1.919,1.894,1.906,1.884,1.905,-0.014,-0.7295,1459737.0,276656.954
513500.SH,20240910,1.905,1.92,1.927,1.894,1.895,-0.01,-0.5249,1678850.48,320438.384
513500.SH,20240911,1.895,1.908,1.91,1.893,1.899,0.004,0.2111,790319.0,150085.077
513500.SH,20240912,1.899,1.927,1.937,1.923,1.931,0.032,1.6851,1318808.91,254485.023
513500.SH,20240913,1.931,1.944,1.95,1.939,1.941,0.01,0.5179,1310968.0,254941.475
513500.SH,20240918,1.941,1.95,1.954,1.935,1.939,-0.002,-0.103,918491.0,178481.808
513500.SH,20240919,1.939,1.944,1.967,1.942,1.965,0.026,1.3409,1012686.0,197650.366
513500.SH,20240920,1.965,1.986,1.989,1.967,1.97,0.005,0.2545,1256529.98,248683.191
513500.SH,20240923,1.97,1.974,1.979,1.969,1.974,0.004,0.203,671940.99,132631.408
513500.SH,20240924,1.974,1.977,1.978,1.95,1.96,-0.014,-0.7092,1208341.98,236781.221
513500.SH,20240925,1.96,1.951,1.954,1.938,1.945,-0.015,-0.7653,1239281.7,241033.989
513500.SH,20240926,1.945,1.949,1.955,1.938,1.948,0.003,0.1542,1650332.0,321326.369
513500.SH,20240927,1.948,1.92,1.934,1.916,1.919,-0.029,-1.4887,985058.0,189629.055
513500.SH,20240930,1.919,1.893,1.917,1.881,1.908,-0.011,-0.5732,4295250.0,816931.7
513500.SH,20241008,1.908,1.886,1.914,1.879,1.893,-0.015,-0.7862,3528083.0,668954.192
513500.SH,20241009,1.893,1.914,1.929,1.91,1.925,0.032,1.6904,2960690.0,568195.657
513500.SH,20241010,1.925,1.943,1.961,1.943,1.956,0.031,1.6104,2530206.0,493894.382
513500.SH,20241011,1.956,1.955,1.97,1.951,1.967,0.011,0.5624,1730693.0,339865.272
513500.SH,20241014,1.967,1.984,1.992,1.971,1.988,0.021,1.0676,2086676.0,413857.0
513500.SH,20241015,1.988,2.005,2.048,2.005,2.047,0.059,2.9678,3144859.0,638535.349
513500.SH,20241016,2.047,2.025,2.034,2.005,2.024,-0.023,-1.1236,2328863.06,471282.771
513500.SH,20241017,2.024,2.03,2.048,2.03,2.045,0.021,1.0375,2033645.0,414747.36
513500.SH,20241018,2.045,2.036,2.041,2.015,2.027,-0.018,-0.8802,3077818.0,624928.096
513500.SH,20241021,2.027,2.027,2.036,2.015,2.018,-0.009,-0.444,2048371.0,414005.126
513500.SH,20241022,2.018,2.015,2.015,2.005,2.006,-0.012,-0.5946,1531023.0,307483.169
513500.SH,20241023,2.006,2.006,2.011,1.998,1.999,-0.007,-0.349,1162316.9,232829.859
513500.SH,20241024,1.999,1.986,1.992,1.982,1.991,-0.008,-0.4002,1646827.0,327050.735
513500.SH,20241025,1.991,1.992,1.998,1.99,1.991,0.0,0.0,1019866.0,203282.53
513500.SH,20241028,1.991,2.0,2.016,1.998,2.012,0.021,1.0547,2281468.0,457702.429
513500.SH,20241029,2.012,2.005,2.009,2.0,2.005,-0.007,-0.3479,1346075.9,269768.058
513500.SH,20241030,2.005,2.016,2.023,2.012,2.02,0.015,0.7481,1395275.0,281485.234
513500.SH,20241031,2.02,2.008,2.008,1.995,1.996,-0.024,-1.1881,1048135.83,209557.47
513500.SH,20241101,1.996,1.965,1.977,1.957,1.971,-0.025,-1.2525,1676200.52,329692.566
513500.SH,20241104,1.971,1.966,1.972,1.961,1.963,-0.008,-0.4059,1533905.0,301514.919
513500.SH,20241105,1.963,1.96,1.962,1.953,1.961,-0.002,-0.1019,1124936.0,220171.828
513500.SH,20241106,1.961,1.996,2.03,1.988,2.029,0.068,3.4676,3330988.0,668346.837
513500.SH,20241107,2.029,2.065,2.079,2.038,2.045,0.016,0.7886,3815080.0,785647.567
513500.SH,20241108,2.045,2.047,2.063,2.047,2.063,0.018,0.8802,2309078.6,474479.084
513500.SH,20241111,2.063,2.065,2.091,2.065,2.089,0.026,1.2603,1935111.98,402809.887
513500.SH,20241112,2.089,2.092,2.126,2.092,2.113,0.024,1.1489,2807170.0,592152.067
513500.SH,20241113,2.113,2.109,2.109,2.09,2.095,-0.018,-0.8519,1987802.0,416707.171
513500.SH,20241114,2.095,2.097,2.131,2.097,2.122,0.027,1.2888,3260906.0,690846.954
513500.SH,20241115,2.122,2.104,2.105,2.083,2.088,-0.034,-1.6023,2328753.0,488041.641
513500.SH,20241118,2.088,2.067,2.107,2.067,2.102,0.014,0.6705,2789811.51,582560.336
513500.SH,20241119,2.102,2.102,2.121,2.098,2.106,0.004,0.1903,2558811.0,540066.146
513500.SH,20241120,2.106,2.122,2.123,2.108,2.112,0.006,0.2849,1737842.0,367150.693
513500.SH,20241121,2.112,2.105,2.109,2.096,2.107,-0.005,-0.2367,1156296.0,243073.501
513500.SH,20241122,2.107,2.121,2.134,2.115,2.128,0.021,0.9967,2244053.98,476760.461
513500.SH,20241125,2.128,2.141,2.178,2.141,2.177,0.049,2.3026,3434824.0,743479.42
513500.SH,20241126,2.177,2.181,2.187,2.143,2.181,0.004,0.1837,3995963.0,865450.138
513500.SH,20241127,2.181,2.197,2.236,2.174,2.18,-0.001,-0.0459,5099924.0,1127500.408
513500.SH,20241128,2.18,2.173,2.19,2.16,2.178,-0.002,-0.0917,2601024.0,565729.812
513500.SH,20241129,2.178,2.182,2.188,2.17,2.182,0.004,0.1837,2147402.0,468217.485
513500.SH,20241202,2.182,2.199,2.202,2.184,2.199,0.017,0.7791,2388134.0,523979.093
513500.SH,20241203,2.199,2.21,2.222,2.207,2.217,0.018,0.8186,1921348.32,425336.733
513500.SH,20241204,2.217,2.22,2.221,2.208,2.217,0.0,0.0,1570989.0,347907.504
513500.SH,20241205,2.217,2.23,2.235,2.225,2.233,0.016,0.7217,1565477.34,348941.541
513500.SH,20241206,2.233,2.228,2.231,2.21,2.228,-0.005,-0.2239,1458954.01,324657.582
513500.SH,20241209,2.228,2.233,2.233,2.225,2.227,-0.001,-0.0449,1365980.0,304320.476
513500.SH,20241210,2.227,2.182,2.21,2.182,2.207,-0.02,-0.8981,2246211.0,494108.24
513500.SH,20241211,2.207,2.2,2.229,2.199,2.227,0.02,0.9062,2116906.1,469439.403
513500.SH,20241212,2.227,2.248,2.25,2.226,2.232,0.005,0.2245,2115516.0,473526.91
513500.SH,20241213,2.232,2.226,2.246,2.223,2.244,0.012,0.5376,1507002.68,336943.663
513500.SH,20241216,2.244,2.244,2.285,2.241,2.274,0.03,1.3369,3267669.1,741900.043
513500.SH,20241217,2.274,2.501,2.501,2.047,2.254,-0.02,-0.8795,4655671.12,1049725.544
513500.SH,20241218,2.254,2.248,2.248,2.22,2.229,-0.025,-1.1091,2469285.27,550314.036
513500.SH,20241219,2.229,2.149,2.195,2.149,2.157,-0.072,-3.2301,3024560.0,655842.108
513500.SH,20241220,2.157,2.155,2.174,2.12,2.144,-0.013,-0.6027,2840518.66,609192.968
513500.SH,20241223,2.144,2.176,2.2,2.176,2.194,0.05,2.3321,2725915.88,596921.049
513500.SH,20241224,2.194,2.213,2.217,2.181,2.186,-0.008,-0.3646,1996193.07,439050.636
513500.SH,20241225,2.186,2.198,2.205,2.191,2.197,0.011,0.5032,1035301.07,227341.259
513500.SH,20241226,2.197,2.199,2.2,2.185,2.2,0.003,0.1365,930462.76,204243.215
513500.SH,20241227,2.2,2.197,2.199,2.19,2.191,-0.009,-0.4091,824590.0,180878.807
513500.SH,20241230,2.191,2.17,2.172,2.161,2.165,-0.026,-1.1867,1165096.21,252314.636
513500.SH,20241231,2.165,2.151,2.178,2.143,2.162,-0.003,-0.1386,1603419.86,346082.143
513500.SH,20250102,2.162,2.163,2.185,2.16,2.183,0.021,0.9713,1579558.88,343892.662
513500.SH,20250103,2.183,2.181,2.186,2.167,2.17,-0.013,-0.5955,1141237.0,248381.322
513500.SH,20250106,2.17,2.188,2.213,2.188,2.211,0.041,1.8894,1848995.0,406253.316
513500.SH,20250107,2.211,2.22,2.238,2.18,2.193,-0.018,-0.8141,3000408.9,664862.836
513500.SH,20250108,2.193,2.172,2.197,2.17,2.19,-0.003,-0.1368,1411850.76,308438.227
513500.SH,20250109,2.19,2.193,2.2,2.184,2.186,-0.004,-0.1826,955483.0,209257.322
513500.SH,20250110,2.186,2.181,2.198,2.172,2.173,-0.013,-0.5947,1352753.0,295580.973
513500.SH,20250113,2.173,2.152,2.16,2.135,2.139,-0.034,-1.5647,1128826.0,242217.021
513500.SH,20250114,2.139,2.152,2.164,2.146,2.162,0.023,1.0753,1149907.67,247714.743
513500.SH,20250115,2.162,2.161,2.167,2.152,2.158,-0.004,-0.185,749169.0,161694.815
513500.SH,20250116,2.158,2.198,2.2,2.187,2.193,0.035,1.6219,1182130.0,259124.857
513500.SH,20250117,2.193,2.189,2.192,2.177,2.191,-0.002,-0.0912,656203.0,143488.589
513500.SH,20250120,2.191,2.202,2.207,2.197,2.201,0.01,0.4564,960154.0,211359.301
513500.SH,20250121,2.201,2.202,2.203,2.193,2.2,-0.001,-0.0454,662008.9,145588.046
513500.SH,20250122,2.2,2.212,2.22,2.209,2.218,0.018,0.8182,927383.23,205164.97
513500.SH,20250123,2.218,2.225,2.228,2.204,2.205,-0.013,-0.5861,1259120.0,279258.164
513500.SH,20250124,2.205,2.214,2.22,2.212,2.214,0.009,0.4082,995621.0,220647.07
513500.SH,20250127,2.214,2.2,2.2,2.165,2.196,-0.018,-0.813,2484108.0,542361.318
513500.SH,20250205,2.196,2.191,2.195,2.178,2.192,-0.004,-0.1821,894929.0,196034.692
513500.SH,20250206,2.192,2.2,2.203,2.195,2.198,0.006,0.2737,712735.0,156722.141
513500.SH,20250207,2.198,2.198,2.201,2.187,2.192,-0.006,-0.273,934739.01,204945.87
513500.SH,20250210,2.192,2.18,2.188,2.17,2.187,-0.005,-0.2281,1013117.46,220606.595
513500.SH,20250211,2.187,2.187,2.192,2.18,2.183,-0.004,-0.1829,663169.0,144937.696
513500.SH,20250212,2.183,2.183,2.185,2.17,2.175,-0.008,-0.3665,584026.0,127052.105
513500.SH,20250213,2.175,2.179,2.179,2.165,2.172,-0.003,-0.1379,756592.0,164142.548
513500.SH,20250214,2.172,2.18,2.184,2.171,2.173,0.001,0.046,912017.0,198616.671
513500.SH,20250217,2.173,2.172,2.172,2.16,2.17,-0.003,-0.1381,757004.9,163890.755
513500.SH,20250218,2.17,2.17,2.189,2.167,2.185,0.015,0.6912,693092.99,150851.653
513500.SH,20250219,2.185,2.185,2.185,2.175,2.176,-0.009,-0.4119,597853.92,130322.495
513500.SH,20250220,2.176,2.18,2.181,2.173,2.174,-0.002,-0.0919,464705.0,101094.249
513500.SH,20250221,2.174,2.168,2.168,2.15,2.154,-0.02,-0.92,1217864.0,262620.382
513500.SH,20250224,2.154,2.118,2.138,2.112,2.125,-0.029,-1.3463,1481295.0,313781.187
513500.SH,20250225,2.125,2.11,2.116,2.092,2.094,-0.031,-1.4588,1422639.0,298776.741
513500.SH,20250226,2.094,2.092,2.092,2.077,2.091,-0.003,-0.1433,1666490.0,347204.187
513500.SH,20250227,2.091,2.089,2.089,2.079,2.084,-0.007,-0.3348,1367344.1,284837.163
513500.SH,20250228,2.084,2.05,2.051,2.028,2.032,-0.052,-2.4952,3038343.1,619549.043
513500.SH,20250303,2.032,2.052,2.071,2.052,2.07,0.038,1.8701,2279092.0,470010.561
513500.SH,20250304,2.07,2.034,2.034,2.028,2.031,-0.039,-1.8841,1637668.0,332659.212
513500.SH,20250305,2.031,2.015,2.027,2.011,2.024,-0.007,-0.3447,2151237.0,434704.451
513500.SH,20250306,2.024,2.031,2.034,2.022,2.025,0.001,0.0494,1229199.0,248988.491
513500.SH,20250307,2.025,2.0,2.006,1.998,2.001,-0.024,-1.1852,1436892.14,287561.166
513500.SH,20250310,2.001,1.998,2.004,1.995,1.999,-0.002,-0.1,868611.0,173702.613
513500.SH,20250311,1.999,1.937,1.949,1.931,1.949,-0.05,-2.5013,2298535.22,446390.669
513500.SH,20250312,1.949,1.938,1.941,1.93,1.938,-0.011,-0.5644,1650503.26,319446.678
513500.SH,20250313,1.938,1.944,1.947,1.927,1.932,-0.006,-0.3096,1300855.36,251960.402
513500.SH,20250314,1.932,1.92,1.931,1.917,1.93,-0.002,-0.1035,1954379.0,375685.735
513500.SH,20250317,1.93,1.94,1.943,1.928,1.929,-0.001,-0.0518,1647829.0,318907.564
513500.SH,20250318,1.929,1.938,1.949,1.938,1.948,0.019,0.985,2093329.0,406509.362
513500.SH,20250319,1.948,1.935,1.935,1.928,1.933,-0.015,-0.77,814493.0,157344.155
513500.SH,20250320,1.933,1.955,1.983,1.951,1.981,0.048,2.4832,3178334.0,625048.37
513500.SH,20250321,1.981,1.979,1.979,1.962,1.973,-0.008,-0.4038,2256099.0,444398.783
513500.SH,20250324,1.973,1.984,1.999,1.983,1.999,0.026,1.3178,2507265.0,498843.424
513500.SH,20250325,1.999,2.025,2.026,2.01,2.017,0.018,0.9005,2451370.82,494670.766
513500.SH,20250326,2.017,2.028,2.028,2.008,2.011,-0.006,-0.2975,1746172.67,351534.941
513500.SH,20250327,2.011,1.98,1.986,1.98,1.983,-0.028,-1.3923,1622047.63,321567.798
513500.SH,20250328,1.983,1.974,1.976,1.962,1.963,-0.02,-1.0086,1564705.0,307933.305
513500.SH,20250331,1.963,1.91,1.92,1.906,1.907,-0.056,-2.8528,2001722.1,382813.852
513500.SH,20250401,1.907,1.917,1.939,1.917,1.937,0.03,1.5732,2248768.0,433956.103
513500.SH,20250402,1.937,1.94,1.942,1.936,1.937,0.0,0.0,1966888.2,381332.128
513500.SH,20250403,1.937,1.903,1.912,1.895,1.897,-0.04,-2.065,3416120.79,649805.361
513500.SH,20250407,1.897,1.707,1.725,1.707,1.707,-0.19,-10.0158,5655431.98,967455.0
513500.SH,20250408,1.707,1.737,1.793,1.737,1.776,0.069,4.0422,5082647.22,902064.322
513500.SH,20250409,1.776,1.707,1.729,1.695,1.722,-0.054,-3.0405,7420048.0,1270310.189
513500.SH,20250410,1.722,1.881,1.888,1.831,1.886,0.164,9.5238,6701700.0,1258236.161
513500.SH,20250411,1.886,1.807,1.849,1.802,1.841,-0.045,-2.386,6209563.0,1132299.293
513500.SH,20250414,1.841,1.864,1.875,1.857,1.872,0.031,1.6839,2963731.0,552969.796
513500.SH,20250415,1.872,1.868,1.869,1.863,1.865,-0.007,-0.3739,1515088.0,282637.848
513500.SH,20250416,1.865,1.854,1.854,1.835,1.842,-0.023,-1.2332,2154094.0,397627.015
513500.SH,20250417,1.842,1.831,1.84,1.826,1.835,-0.007,-0.38,2632814.0,482965.469
513500.SH,20250418,1.835,1.826,1.832,1.823,1.829,-0.006,-0.327,928764.0,169737.482
513500.SH,20250421,1.829,1.811,1.815,1.804,1.806,-0.023,-1.2575,1841734.0,333078.425
513500.SH,20250422,1.806,1.792,1.804,1.787,1.803,-0.003,-0.1661,2202368.0,394712.388
513500.SH,20250423,1.803,1.846,1.858,1.842,1.855,0.052,2.8841,5282818.0,976671.444
513500.SH,20250424,1.855,1.855,1.859,1.846,1.846,-0.009,-0.4852,3137396.0,580635.067
513500.SH,20250425,1.846,1.891,1.898,1.889,1.895,0.049,2.6544,3776175.0,714619.713
513500.SH,20250428,1.895,1.892,1.902,1.889,1.901,0.006,0.3166,2329212.0,440889.329
513500.SH,20250429,1.901,1.903,1.907,1.895,1.897,-0.004,-0.2104,2139831.0,406460.194
513500.SH,20250430,1.897,1.903,1.903,1.897,1.9,0.003,0.1581,1698314.1,322624.589
513500.SH,20250506,1.9,1.922,1.927,1.915,1.918,0.018,0.9474,1988920.0,381842.614
513500.SH,20250507,1.918,1.92,1.925,1.919,1.922,0.004,0.2086,1310773.3,251884.332
513500.SH,20250508,1.922,1.931,1.942,1.93,1.94,0.018,0.9365,2398358.0,464530.057
513500.SH,20250509,1.94,1.94,1.944,1.937,1.942,0.002,0.1031,1534709.45,297822.421
513500.SH,20250512,1.942,1.964,1.966,1.957,1.963,0.021,1.0814,2372225.0,465200.929
513500.SH,20250513,1.963,1.987,1.987,1.977,1.977,0.014,0.7132,2743637.98,543744.972
513500.SH,20250514,1.977,1.998,2.013,1.998,2.013,0.036,1.8209,2628048.24,527519.45
513500.SH,20250515,2.013,2.007,2.007,1.998,1.999,-0.014,-0.6955,1748776.26,350126.886
513500.SH,20250516,1.999,2.007,2.014,2.007,2.012,0.013,0.6503,1262025.0,253887.95
513500.SH,20250519,2.012,2.009,2.015,2.006,2.006,-0.006,-0.2982,2086891.12,419552.696
513500.SH,20250520,2.006,2.026,2.032,2.024,2.025,0.019,0.9472,1626987.0,329917.246
513500.SH,20250521,2.025,2.019,2.021,2.009,2.01,-0.015,-0.7407,1497481.5,301800.188
513500.SH,20250522,2.01,1.989,1.994,1.985,1.989,-0.021,-1.0448,2545229.02,506324.576
513500.SH,20250523,1.989,1.987,1.993,1.983,1.986,-0.003,-0.1508,1561138.0,310360.084
513500.SH,20250526,1.986,1.985,1.992,1.983,1.991,0.005,0.2518,1193597.0,237213.052
513500.SH,20250527,1.991,1.99,1.997,1.987,1.997,0.006,0.3014,1011548.0,201499.546
513500.SH,20250528,1.997,2.015,2.017,2.011,2.012,0.015,0.7511,1574523.0,317073.426
513500.SH,20250529,2.012,2.032,2.036,2.031,2.032,0.02,0.994,2589658.0,526612.025
513500.SH,20250530,2.032,2.001,2.009,1.999,2.004,-0.028,-1.378,2605744.0,522435.89
513500.SH,20250603,2.004,2.013,2.016,2.009,2.01,0.006,0.2994,1371410.09,275982.174
513500.SH,20250604,2.01,2.026,2.03,2.023,2.029,0.019,0.9453,1210579.0,245333.025
513500.SH,20250605,2.029,2.025,2.027,2.023,2.025,-0.004,-0.1971,1524792.0,308752.909
513500.SH,20250606,2.025,2.018,2.025,2.016,2.024,-0.001,-0.0494,850335.0,171815.58
513500.SH,20250609,2.024,2.032,2.036,2.031,2.035,0.011,0.5435,963823.0,195963.652
513500.SH,20250610,2.035,2.042,2.047,2.033,2.036,0.001,0.0491,1493926.0,304991.763
513500.SH,20250611,2.036,2.044,2.046,2.042,2.046,0.01,0.4912,1041704.0,212936.476
513500.SH,20250612,2.046,2.04,2.042,2.036,2.04,-0.006,-0.2933,1100902.0,224477.655
513500.SH,20250613,2.04,2.02,2.025,2.011,2.023,-0.017,-0.8333,2221110.0,448583.843
513500.SH,20250616,2.023,2.029,2.038,2.028,2.038,0.015,0.7415,1144822.0,232755.129
513500.SH,20250617,2.038,2.039,2.043,2.036,2.038,0.0,0.0,1200707.0,244912.091
513500.SH,20250618,2.038,2.033,2.039,2.032,2.035,-0.003,-0.1472,1089067.0,221672.42
513500.SH,20250619,2.035,2.028,2.03,2.022,2.025,-0.01,-0.4914,1583901.0,320773.947
513500.SH,20250620,2.025,2.023,2.03,2.019,2.027,0.002,0.0988,956389.0,193698.039
513500.SH,20250623,2.027,2.015,2.027,2.014,2.025,-0.002,-0.0987,906971.0,183385.729
513500.SH,20250624,2.025,2.051,2.062,2.048,2.061,0.036,1.7778,2045860.0,420011.976
513500.SH,20250625,2.061,2.062,2.066,2.059,2.065,0.004,0.1941,1719257.05,354755.895
513500.SH,20250626,2.065,2.063,2.072,2.061,2.071,0.006,0.2906,1542598.0,318743.666
513500.SH,20250627,2.071,2.08,2.093,2.08,2.091,0.02,0.9657,2724124.99,568793.085
513500.SH,20250630,2.091,2.102,2.104,2.096,2.102,0.011,0.5261,1622426.0,340760.803
513500.SH,20250701,2.102,2.102,2.104,2.095,2.096,-0.006,-0.2854,1275137.0,267681.078
513500.SH,20250702,2.096,2.098,2.111,2.098,2.11,0.014,0.6679,1391608.0,292831.012
513500.SH,20250703,2.11,2.114,2.115,2.109,2.114,0.004,0.1896,1254423.0,264905.09
513500.SH,20250704,2.114,2.125,2.132,2.122,2.125,0.011,0.5203,2325591.0,494655.928
513500.SH,20250707,2.125,2.121,2.127,2.118,2.121,-0.004,-0.1882,1579035.0,335143.449
513500.SH,20250708,2.121,2.114,2.121,2.112,2.121,0.0,0.0,1542762.79,326431.335
513500.SH,20250709,2.121,2.118,2.118,2.112,2.113,-0.008,-0.3772,1277141.0,269935.967
513500.SH,20250710,2.113,2.119,2.128,2.119,2.121,0.008,0.3786,1892997.0,402102.4
513500.SH,20250711,2.121,2.124,2.126,2.122,2.124,0.003,0.1414,1390238.0,295298.38
513500.SH,20250714,2.124,2.115,2.116,2.107,2.107,-0.017,-0.8004,2687672.0,567341.891
513500.SH,20250715,2.107,2.118,2.131,2.117,2.131,0.024,1.1391,1781706.0,378798.895
513500.SH,20250716,2.131,2.117,2.119,2.114,2.115,-0.016,-0.7508,1539316.0,325773.543
513500.SH,20250717,2.115,2.123,2.135,2.123,2.131,0.016,0.7565,2251254.0,478820.205
513500.SH,20250718,2.131,2.141,2.146,2.141,2.143,0.012,0.5631,1031171.0,221116.721
513500.SH,20250721,2.143,2.142,2.142,2.137,2.14,-0.003,-0.14,1491099.71,318907.452
513500.SH,20250722,2.14,2.138,2.141,2.135,2.136,-0.004,-0.1869,1336900.0,285823.611
513500.SH,20250723,2.136,2.137,2.144,2.137,2.144,0.008,0.3745,1257314.0,269212.29
513500.SH,20250724,2.144,2.155,2.156,2.152,2.153,0.009,0.4198,1308245.99,281799.074
513500.SH,20250725,2.153,2.157,2.167,2.156,2.164,0.011,0.5109,1355979.88,293261.577
513500.SH,20250728,2.164,2.176,2.187,2.176,2.185,0.021,0.9704,1825007.0,398525.387
513500.SH,20250729,2.185,2.183,2.185,2.173,2.184,-0.001,-0.0458,1609620.0,350776.379
513500.SH,20250730,2.184,2.175,2.181,2.174,2.18,-0.004,-0.1832,974192.0,212245.186
513500.SH,20250731,2.18,2.196,2.203,2.188,2.202,0.022,1.0092,1444080.02,317259.941
513500.SH,20250801,2.202,2.17,2.183,2.169,2.172,-0.03,-1.3624,1791382.0,389956.01
513500.SH,20250804,2.172,2.148,2.158,2.137,2.148,-0.024,-1.105,2940037.8,631886.592
513500.SH,20250805,2.148,2.171,2.187,2.171,2.187,0.039,1.8156,1743225.4,379750.388
513500.SH,20250806,2.187,2.167,2.175,2.166,2.174,-0.013,-0.5944,1897912.07,411725.936
513500.SH,20250807,2.174,2.185,2.19,2.173,2.174,0.0,0.0,1354707.0,295467.872
513500.SH,20250808,2.174,2.176,2.181,2.169,2.174,0.0,0.0,988570.99,215020.382
513500.SH,20250811,2.174,2.185,2.194,2.185,2.192,0.018,0.828,1470858.98,322205.083
513500.SH,20250812,2.192,2.188,2.191,2.183,2.187,-0.005,-0.2281,1011301.0,221215.835
513500.SH,20250813,2.187,2.202,2.207,2.202,2.204,0.017,0.7773,830205.9,183018.098
513500.SH,20250814,2.204,2.207,2.209,2.201,2.203,-0.001,-0.0454,913248.0,201366.577
513500.SH,20250815,2.203,2.208,2.218,2.205,2.217,0.014,0.6355,923013.14,204050.352
513500.SH,20250818,2.217,2.209,2.211,2.201,2.203,-0.014,-0.6315,1457107.0,321469.548
513500.SH,20250819,2.203,2.202,2.203,2.192,2.197,-0.006,-0.2724,1035037.0,227386.808
513500.SH,20250820,2.197,2.182,2.194,2.178,2.185,-0.012,-0.5462,2200807.0,480671.46
513500.SH,20250821,2.185,2.177,2.194,2.177,2.183,-0.002,-0.0915,1907261.45,416738.825
513500.SH,20250822,2.183,2.179,2.18,2.169,2.17,-0.013,-0.5955,1850136.0,402171.439
513500.SH,20250825,2.17,2.197,2.203,2.194,2.2,0.03,1.3825,3091222.0,679463.343
513500.SH,20250826,2.2,2.19,2.193,2.188,2.191,-0.009,-0.4091,836753.0,183275.193
513500.SH,20250827,2.191,2.2,2.207,2.198,2.206,0.015,0.6846,1081363.0,238003.767
513500.SH,20250828,2.206,2.201,2.203,2.192,2.194,-0.012,-0.544,1538029.0,337939.087
513500.SH,20250829,2.194,2.196,2.201,2.194,2.195,0.001,0.0456,912789.25,200542.341
513500.SH,20250901,2.195,2.193,2.193,2.18,2.185,-0.01,-0.4556,1191555.0,260374.423
513500.SH,20250902,2.185,2.185,2.188,2.182,2.187,0.002,0.0915,799735.0,174775.783
513500.SH,20250903,2.187,2.177,2.18,2.173,2.177,-0.01,-0.4572,1060301.0,230688.514
513500.SH,20250904,2.177,2.187,2.192,2.185,2.189,0.012,0.5512,869275.0,190254.702
513500.SH,20250905,2.189,2.21,2.219,2.203,2.204,0.015,0.6852,1296751.0,285989.781
513500.SH,20250908,2.204,2.195,2.197,2.191,2.195,-0.009,-0.4083,951844.0,208836.035
513500.SH,20250909,2.195,2.197,2.2,2.194,2.198,0.003,0.1367,1351638.1,296827.81
513500.SH,20250910,2.198,2.202,2.208,2.202,2.207,0.009,0.4095,1016543.99,224235.307
513500.SH,20250911,2.207,2.21,2.211,2.206,2.21,0.003,0.1359,1063295.0,234839.312
513500.SH,20250912,2.21,2.221,2.224,2.22,2.222,0.012,0.543,1133534.51,251905.102
513500.SH,20250915,2.222,2.223,2.23,2.222,2.229,0.007,0.315,999886.0,222659.03
513500.SH,20250916,2.229,2.234,2.239,2.233,2.238,0.009,0.4038,1234160.0,276028.433
513500.SH,20250917,2.238,2.235,2.235,2.227,2.23,-0.008,-0.3575,922670.0,205754.218
513500.SH,20250918,2.23,2.231,2.243,2.231,2.241,0.011,0.4933,1405032.0,314534.944
513500.SH,20250919,2.241,2.249,2.254,2.244,2.252,0.011,0.4909,1847226.55,415538.204
513500.SH,20250922,2.252,2.258,2.271,2.258,2.269,0.017,0.7549,1818886.0,412369.338
513500.SH,20250923,2.269,2.283,2.291,2.282,2.288,0.019,0.8374,1364793.31,311952.891
513500.SH,20250924,2.288,2.275,2.28,2.267,2.28,-0.008,-0.3497,1385152.0,314996.646
513500.SH,20250925,2.28,2.277,2.278,2.267,2.27,-0.01,-0.4386,1043312.0,237136.548
513500.SH,20250926,2.27,2.264,2.266,2.256,2.265,-0.005,-0.2203,956785.0,216391.365
513500.SH,20250929,2.265,2.275,2.282,2.275,2.281,0.016,0.7064,1117309.69,254634.215
513500.SH,20250930,2.281,2.286,2.287,2.28,2.284,0.003,0.1315,1351413.0,308672.332
513500.SH,20251009,2.284,2.304,2.33,2.304,2.322,0.038,1.6637,2187954.92,506846.872
513500.SH,20251010,2.322,2.321,2.333,2.318,2.329,0.007,0.3015,1567534.0,364530.745
513500.SH,20251013,2.329,2.284,2.318,2.275,2.294,-0.035,-1.5028,5482609.83,1254096.297
513500.SH,20251014,2.294,2.306,2.32,2.254,2.263,-0.031,-1.3514,3404703.44,779169.082
513500.SH,20251015,2.263,2.278,2.29,2.273,2.289,0.026,1.1489,1381868.55,315208.496
513500.SH,20251016,2.289,2.289,2.289,2.275,2.285,-0.004,-0.1747,2726402.0,621936.028
513500.SH,20251017,2.285,2.269,2.28,2.261,2.263,-0.022,-0.9628,2266907.31,515010.125
513500.SH,20251020,2.263,2.293,2.323,2.285,2.321,0.058,2.563,2509999.12,579052.814
513500.SH,20251021,2.321,2.342,2.349,2.313,2.326,0.005,0.2154,2737634.0,638265.666
513500.SH,20251022,2.326,2.325,2.351,2.32,2.348,0.022,0.9458,1775665.95,414709.461
513500.SH,20251023,2.348,2.348,2.359,2.333,2.352,0.004,0.1704,1974015.69,463589.988
513500.SH,20251024,2.352,2.367,2.371,2.352,2.36,0.008,0.3401,2050907.0,483874.231
513500.SH,20251027,2.36,2.383,2.418,2.381,2.415,0.055,2.3305,2546133.0,611188.346
513500.SH,20251028,2.415,2.433,2.457,2.412,2.421,0.006,0.2484,2146901.2,521970.12
513500.SH,20251029,2.421,2.435,2.469,2.43,2.468,0.047,1.9413,2075647.76,508267.427
513500.SH,20251030,2.468,2.469,2.504,2.449,2.473,0.005,0.2026,3503014.05,868002.797
513500.SH,20251031,2.473,2.47,2.479,2.439,2.454,-0.019,-0.7683,2090275.9,513387.221
513500.SH,20251103,2.454,2.454,2.49,2.454,2.479,0.025,1.0187,2281028.21,565683.027
513500.SH,20251104,2.479,2.479,2.479,2.407,2.415,-0.064,-2.5817,2340533.0,571021.789
513500.SH,20251105,2.415,2.376,2.389,2.336,2.388,-0.027,-1.118,2664473.0,630792.576
513500.SH,20251106,2.388,2.4,2.412,2.385,2.389,0.001,0.0419,2455362.0,589224.875
513500.SH,20251107,2.389,2.365,2.399,2.36,2.384,-0.005,-0.2093,1949887.63,464112.012
513500.SH,20251110,2.384,2.405,2.436,2.403,2.424,0.04,1.6779,2032831.0,491738.955
513500.SH,20251111,2.424,2.451,2.457,2.413,2.43,0.006,0.2475,1895394.0,461648.515
513500.SH,20251112,2.43,2.434,2.464,2.434,2.463,0.033,1.358,2040667.79,499866.109
513500.SH,20251113,2.463,2.468,2.49,2.466,2.488,0.025,1.015,1791790.65,444674.646
513500.SH,20251114,2.488,2.447,2.466,2.441,2.448,-0.04,-1.6077,2013308.6,493740.532
513500.SH,20251117,2.448,2.46,2.488,2.449,2.454,0.006,0.2451,2102620.12,518388.874
513500.SH,20251118,2.454,2.44,2.44,2.39,2.399,-0.055,-2.2412,1953771.19,471412.67
513500.SH,20251119,2.399,2.388,2.405,2.317,2.359,-0.04,-1.6674,4080812.0,963669.934
513500.SH,20251120,2.359,2.399,2.417,2.396,2.413,0.054,2.2891,1933380.24,464943.581
513500.SH,20251121,2.413,2.366,2.37,2.334,2.355,-0.058,-2.4036,2843167.0,667176.47
513500.SH,20251124,2.355,2.382,2.396,2.359,2.39,0.035,1.4862,2575877.9,611843.089
513500.SH,20251125,2.39,2.435,2.435,2.395,2.404,0.014,0.5858,2150812.5,520332.369
513500.SH,20251126,2.404,2.424,2.449,2.42,2.447,0.043,1.7887,2240962.26,545226.576
513500.SH,20251127,2.447,2.46,2.47,2.43,2.433,-0.014,-0.5721,1330255.08,326656.18
513500.SH,20251128,2.433,2.441,2.467,2.438,2.463,0.03,1.233,1759636.1,431107.474
513500.SH,20251201,2.463,2.462,2.475,2.443,2.46,-0.003,-0.1218,2340864.12,576541.307
513500.SH,20251202,2.46,2.459,2.468,2.454,2.46,0.0,0.0,1225922.56,301511.235
513500.SH,20251203,2.46,2.468,2.48,2.466,2.469,0.009,0.3659,1877449.16,463889.674
513500.SH,20251204,2.469,2.474,2.476,2.456,2.461,-0.008,-0.324,1767662.0,435409.336
513500.SH,20251205,2.461,2.464,2.466,2.445,2.451,-0.01,-0.4063,2605216.0,638904.446
513500.SH,20251208,2.451,2.451,2.452,2.439,2.444,-0.007,-0.2856,1432267.0,350060.356
513500.SH,20251209,2.444,2.44,2.44,2.416,2.42,-0.024,-0.982,1172529.07,283732.69
513500.SH,20251210,2.42,2.42,2.447,2.42,2.443,0.023,0.9504,1613499.85,393017.95
513500.SH,20251211,2.443,2.449,2.46,2.429,2.432,-0.011,-0.4503,1538183.09,375690.745
513500.SH,20251212,2.432,2.45,2.461,2.441,2.453,0.021,0.8635,1471310.38,360817.935
513500.SH,20251215,2.453,2.437,2.448,2.429,2.447,-0.006,-0.2446,1353797.0,330201.296
513500.SH,20251216,2.447,2.429,2.438,2.411,2.42,-0.027,-1.1034,1233409.38,298956.198
513500.SH,20251217,2.42,2.421,2.442,2.42,2.435,0.015,0.6198,1341277.82,325954.115
513500.SH,20251218,2.435,2.412,2.428,2.41,2.426,-0.009,-0.3696,1162285.91,281527.361
513500.SH,20251219,2.426,2.439,2.456,2.439,2.451,0.025,1.0305,1515402.09,370941.332
513500.SH,20251222,2.451,2.47,2.471,2.455,2.456,0.005,0.204,1914873.0,471557.552
513500.SH,20251223,2.456,2.463,2.465,2.444,2.447,-0.009,-0.3664,1329278.45,326302.453
513500.SH,20251224,2.447,2.456,2.459,2.448,2.455,0.008,0.3269,1117995.0,274331.495
513500.SH,20251225,2.455,2.456,2.464,2.455,2.458,0.003,0.1222,1114147.0,274121.507
513500.SH,20251226,2.458,2.461,2.464,2.453,2.461,0.003,0.1221,817915.31,201181.275
513500.SH,20251229,2.461,2.461,2.465,2.44,2.447,-0.014,-0.5689,1139450.0,278960.675
513500.SH,20251230,2.447,2.444,2.451,2.426,2.439,-0.008,-0.3269,1064966.0,259660.252
513500.SH,20251231,2.439,2.436,2.437,2.426,2.432,-0.007,-0.287,655885.98,159366.671
513500.SH,20260105,2.432,2.437,2.469,2.435,2.468,0.036,1.4803,1332764.54,327515.74
513500.SH,20260106,2.468,2.47,2.472,2.455,2.467,-0.001,-0.0405,1096968.13,270270.708
513500.SH,20260107,2.467,2.47,2.477,2.462,2.465,-0.002,-0.0811,1003026.85,247803.068
513500.SH,20260108,2.465,2.465,2.465,2.455,2.458,-0.007,-0.284,608726.0,149608.354
513500.SH,20260109,2.458,2.458,2.46,2.451,2.46,0.002,0.0814,724800.73,178078.83
513500.SH,20260112,2.46,2.46,2.468,2.446,2.458,-0.002,-0.0813,1213196.25,298222.237
513500.SH,20260113,2.458,2.458,2.461,2.454,2.46,0.002,0.0814,1045582.2,256912.01
513500.SH,20260114,2.46,2.46,2.46,2.45,2.452,-0.008,-0.3252,822805.68,201788.696
513500.SH,20260115,2.452,2.44,2.447,2.434,2.445,-0.007,-0.2855,909693.0,221936.222
513500.SH,20260116,2.445,2.445,2.456,2.439,2.455,0.01,0.409,840316.04,205389.208
513500.SH,20260119,2.455,2.446,2.452,2.435,2.441,-0.014,-0.5703,892266.0,217940.965
513500.SH,20260120,2.441,2.44,2.44,2.43,2.432,-0.009,-0.3687,718749.12,174895.441
513500.SH,20260121,2.432,2.41,2.437,2.408,2.427,-0.005,-0.2056,1463315.08,354995.055
513500.SH,20260122,2.427,2.439,2.46,2.439,2.459,0.032,1.3185,986568.36,241793.589
513500.SH,20260123,2.459,2.463,2.468,2.431,2.434,-0.025,-1.0167,2354760.0,575366.469
513500.SH,20260126,2.434,2.433,2.433,2.41,2.412,-0.022,-0.9039,1147890.7,277478.262
513500.SH,20260127,2.412,2.422,2.429,2.42,2.424,0.012,0.4975,736775.18,178696.105
513500.SH,20260128,2.424,2.432,2.438,2.426,2.433,0.009,0.3713,889876.13,216431.23
513500.SH,20260129,2.433,2.432,2.437,2.411,2.425,-0.008,-0.3288,869670.16,210615.271
513500.SH,20260130,2.425,2.423,2.439,2.415,2.439,0.014,0.5773,1609273.74,390528.595
513500.SH,20260202,2.439,2.435,2.435,2.358,2.364,-0.075,-3.075,2449969.0,585376.559
513500.SH,20260203,2.364,2.399,2.405,2.368,2.375,0.011,0.4653,2452086.0,583504.312
513500.SH,20260204,2.375,2.355,2.38,2.344,2.375,0.0,0.0,1082316.13,256084.005
513500.SH,20260205,2.375,2.369,2.372,2.352,2.368,-0.007,-0.2947,843090.87,199129.865
513500.SH,20260206,2.368,2.34,2.348,2.324,2.326,-0.042,-1.7736,1654298.0,386590.793
513500.SH,20260209,2.326,2.371,2.384,2.353,2.383,0.057,2.4506,1894998.76,448827.819
513500.SH,20260210,2.383,2.384,2.399,2.378,2.394,0.011,0.4616,839064.0,200550.816
513500.SH,20260211,2.394,2.395,2.397,2.384,2.395,0.001,0.0418,575007.26,137614.929
513500.SH,20260212,2.395,2.393,2.4,2.385,2.389,-0.006,-0.2505,872677.0,208980.467
513500.SH,20260213,2.389,2.363,2.383,2.36,2.382,-0.007,-0.293,796423.0,189134.457
513500.SH,20260224,2.382,2.381,2.391,2.362,2.385,0.003,0.1259,944075.2,224565.635
513500.SH,20260225,2.385,2.393,2.407,2.378,2.382,-0.003,-0.1258,994516.0,237869.422
513500.SH,20260226,2.382,2.391,2.394,2.379,2.384,0.002,0.084,723444.01,172427.157
513500.SH,20260227,2.384,2.381,2.391,2.367,2.387,0.003,0.1258,674735.24,160348.302
513500.SH,20260302,2.387,2.375,2.379,2.356,2.358,-0.029,-1.2149,1202995.11,284646.607
513500.SH,20260303,2.358,2.36,2.369,2.359,2.367,0.009,0.3817,934609.0,220839.405
513500.SH,20260304,2.367,2.355,2.355,2.338,2.338,-0.029,-1.2252,854841.92,200477.593
513500.SH,20260305,2.338,2.35,2.364,2.35,2.361,0.023,0.9837,1287539.2,303551.956
513500.SH,20260306,2.361,2.358,2.358,2.335,2.35,-0.011,-0.4659,1039132.0,243510.294
513500.SH,20260309,2.35,2.306,2.31,2.28,2.294,-0.056,-2.383,1444542.42,331334.253
513500.SH,20260310,2.294,2.32,2.325,2.302,2.311,0.017,0.7411,1234062.35,285001.492
513500.SH,20260311,2.311,2.312,2.317,2.309,2.313,0.002,0.0865,706047.73,163223.058
513500.SH,20260312,2.313,2.304,2.327,2.3,2.318,0.005,0.2162,1056923.47,244563.895
513500.SH,20260313,2.318,2.307,2.307,2.28,2.286,-0.032,-1.3805,1299375.0,297833.618
513500.SH,20260316,2.286,2.284,2.285,2.27,2.279,-0.007,-0.3062,1346419.39,306552.733
513500.SH,20260317,2.279,2.286,2.294,2.279,2.283,0.004,0.1755,990190.57,226386.446
513500.SH,20260318,2.283,2.292,2.296,2.281,2.284,0.001,0.0438,1289379.44,294979.066
513500.SH,20260319,2.284,2.259,2.271,2.255,2.259,-0.025,-1.0946,1092605.0,247382.597
513500.SH,20260320,2.259,2.258,2.27,2.242,2.244,-0.015,-0.664,1036483.0,234074.387
513500.SH,20260323,2.244,2.225,2.225,2.13,2.149,-0.095,-4.2335,3025264.72,655501.492
513500.SH,20260324,2.149,2.171,2.195,2.161,2.19,0.041,1.9079,2319159.5,503666.036
513500.SH,20260325,2.19,2.199,2.236,2.199,2.213,0.023,1.0502,2273940.34,504334.465
513500.SH,20260326,2.213,2.222,2.23,2.215,2.219,0.006,0.2711,921780.29,204841.595
513500.SH,20260327,2.219,2.19,2.218,2.182,2.209,-0.01,-0.4507,1026026.55,225904.762
513500.SH,20260330,2.209,2.159,2.18,2.156,2.171,-0.038,-1.7202,1862202.88,403404.287
513500.SH,20260331,2.171,2.168,2.192,2.16,2.164,-0.007,-0.3224,1228516.28,266858.623
513500.SH,20260401,2.164,2.217,2.244,2.203,2.238,0.074,3.4196,1905976.88,423326.447
513500.SH,20260402,2.238,2.241,2.241,2.186,2.206,-0.032,-1.4298,1565827.91,346060.998
513500.SH,20260403,2.206,2.223,2.227,2.205,2.206,0.0,0.0,859305.5,190245.0
513500.SH,20260407,2.206,2.209,2.222,2.206,2.207,0.001,0.0453,1158436.1,256235.833
513500.SH,20260408,2.207,2.261,2.292,2.257,2.29,0.083,3.7608,1973051.08,448561.585
513500.SH,20260409,2.29,2.264,2.289,2.26,2.275,-0.015,-0.655,1172983.0,267149.97
513500.SH,20260410,2.275,2.3,2.312,2.29,2.294,0.019,0.8352,1007993.62,231876.381
513500.SH,20260413,2.294,2.28,2.29,2.272,2.281,-0.013,-0.5667,1005119.0,229069.452
513500.SH,20260414,2.281,2.314,2.319,2.305,2.313,0.032,1.4029,1218483.34,281563.92
513500.SH,20260415,2.313,2.334,2.352,2.33,2.337,0.024,1.0376,1363408.26,318993.288
513500.SH,20260416,2.337,2.362,2.366,2.357,2.365,0.028,1.1981,1444987.0,341136.313
513500.SH,20260417,2.365,2.365,2.366,2.354,2.361,-0.004,-0.1691,1348054.04,318013.156
513500.SH,20260420,2.361,2.372,2.376,2.358,2.36,-0.001,-0.0424,1304514.0,308732.215
513500.SH,20260421,2.36,2.37,2.37,2.355,2.37,0.01,0.4237,888684.0,209948.363
513500.SH,20260422,2.37,2.369,2.377,2.358,2.373,0.003,0.1266,950650.56,224895.473
513500.SH,20260423,2.373,2.378,2.384,2.365,2.369,-0.004,-0.1686,1179817.0,279918.38
513500.SH,20260424,2.369,2.37,2.372,2.362,2.366,-0.003,-0.1266,651124.0,154091.129
513500.SH,20260427,2.366,2.383,2.385,2.373,2.384,0.018,0.7608,1213047.43,288834.952
513500.SH,20260428,2.384,2.385,2.41,2.384,2.407,0.023,0.9648,1418572.24,340428.341
513500.SH,20260429,2.407,2.4,2.432,2.395,2.411,0.004,0.1662,1348281.5,325480.773
513500.SH,20260430,2.411,2.42,2.431,2.411,2.419,0.008,0.3318,1041308.17,251959.868
513500.SH,20260506,2.419,2.455,2.463,2.448,2.454,0.035,1.4469,1650967.68,404804.617
513500.SH,20260507,2.454,2.469,2.483,2.469,2.482,0.028,1.141,1502243.13,372240.031
513500.SH,20260508,2.482,2.479,2.484,2.45,2.483,0.001,0.0403,1238383.58,306273.81
513500.SH,20260511,2.483,2.493,2.497,2.483,2.492,0.009,0.3625,1605489.58,399511.372
513500.SH,20260512,2.492,2.491,2.491,2.476,2.477,-0.015,-0.6019,1177569.98,292344.1
513500.SH,20260513,2.477,2.475,2.489,2.469,2.488,0.011,0.4441,1042329.12,258669.507
513500.SH,20260514,2.488,2.499,2.507,2.486,2.489,0.001,0.0402,1146810.11,285769.004
513500.SH,20260515,2.489,2.491,2.505,2.473,2.48,-0.009,-0.3616,1811004.36,450878.665
513500.SH,20260518,2.48,2.44,2.456,2.433,2.44,-0.04,-1.6129,1967608.39,480784.78
513500.SH,20260519,2.44,2.441,2.452,2.432,2.44,0.0,0.0,1165104.0,284376.955
513500.SH,20260520,2.44,2.427,2.439,2.417,2.432,-0.008,-0.3279,1295225.8,314089.872
513500.SH,20260521,2.432,2.454,2.469,2.448,2.452,0.02,0.8224,1491904.06,366944.675
513500.SH,20260522,2.452,2.465,2.49,2.465,2.485,0.033,1.3458,1701672.0,422074.238
513500.SH,20260525,2.485,2.531,2.548,2.515,2.546,0.061,2.4547,2963297.72,749639.938
513500.SH,20260526,2.546,2.546,2.56,2.525,2.529,-0.017,-0.6677,1457970.0,370062.377
513500.SH,20260527,2.529,2.545,2.552,2.535,2.541,0.012,0.4745,1190641.0,302954.03
513500.SH,20260528,2.541,2.547,2.548,2.503,2.524,-0.017,-0.67,1850242.0,466739.421
513500.SH,20260529,2.524,2.537,2.558,2.536,2.557,0.033,1.31,1646606.0,419622.616
513500.SH,20260601,2.557,2.562,2.63,2.562,2.625,0.068,2.66,2755650.66,717273.487
513500.SH,20260602,2.625,2.636,2.671,2.591,2.611,-0.014,-0.53,3664452.34,962948.706
513500.SH,20260603,2.611,2.623,2.634,2.593,2.602,-0.009,-0.35,1641120.9,428875.903
513500.SH,20260604,2.602,2.564,2.575,2.555,2.566,-0.036,-1.38,1428359.4,366198.544
513500.SH,20260605,2.566,2.569,2.588,2.561,2.568,0.002,0.08,1771835.03,456557.101
513500.SH,20260608,2.568,2.499,2.525,2.49,2.515,-0.053,-2.06,2252619.0,565643.202
513500.SH,20260609,2.515,2.522,2.554,2.522,2.552,0.037,1.47,1620886.88,411308.249
513500.SH,20260610,2.552,2.522,2.54,2.501,2.515,-0.037,-1.45,1406704.98,353349.269
513500.SH,20260611,2.515,2.482,2.503,2.451,2.498,-0.017,-0.68,1829083.06,453590.999
513500.SH,20260612,2.498,2.55,2.558,2.512,2.515,0.017,0.68,1564367.58,396814.492
513500.SH,20260615,2.515,2.555,2.575,2.554,2.574,0.059,2.35,2043624.56,524742.744
513500.SH,20260616,2.574,2.581,2.596,2.576,2.586,0.012,0.47,1815490.1,469277.694
513500.SH,20260617,2.586,2.581,2.584,2.571,2.578,-0.008,-0.31,1293941.0,333463.238
513500.SH,20260618,2.578,2.57,2.57,2.557,2.564,-0.014,-0.54,1426884.9,365584.594
513500.SH,20260622,2.564,2.569,2.58,2.549,2.565,0.001,0.04,1407050.1,361067.592
513500.SH,20260623,2.565,2.54,2.552,2.496,2.505,-0.06,-2.34,1739871.99,438937.236
513500.SH,20260624,2.505,2.501,2.534,2.486,2.523,0.018,0.72,1686225.96,422403.058
513500.SH,20260625,2.523,2.528,2.535,2.506,2.518,-0.005,-0.2,1375455.01,346327.74
513500.SH,20260626,2.518,2.5,2.508,2.461,2.482,-0.036,-1.43,1586904.84,393775.432
513500.SH,20260629,2.482,2.492,2.498,2.469,2.478,-0.004,-0.16,2325150.22,576619.649
513500.SH,20260630,2.478,2.496,2.5,2.473,2.483,0.005,0.2,2478969.96,615749.444
513500.SH,20260701,2.483,2.498,2.5,2.486,2.491,0.008,0.32,1351139.9,336503.742
513500.SH,20260702,2.491,2.49,2.502,2.48,2.483,-0.008,-0.32,1425867.1,355300.454
513500.SH,20260703,2.483,2.49,2.509,2.488,2.503,0.02,0.81,1513511.3,378185.082
513500.SH,20260706,2.503,2.507,2.512,2.496,2.511,0.008,0.32,1108433.0,277461.481
513500.SH,20260707,2.511,2.52,2.529,2.511,2.528,0.017,0.68,1530330.0,385423.57
513500.SH,20260708,2.528,2.528,2.528,2.502,2.503,-0.025,-0.99,1142889.0,287046.949
513500.SH,20260709,2.503,2.497,2.515,2.497,2.515,0.012,0.48,857058.56,214853.918
513500.SH,20260710,2.515,2.525,2.53,2.521,2.527,0.012,0.48,1229347.56,310549.419
513500.SH,20260713,2.527,2.531,2.533,2.514,2.522,-0.005,-0.2,1003827.05,253261.834
513500.SH,20260714,2.522,2.51,2.544,2.504,2.54,0.018,0.71,1891978.7,477852.921
513500.SH,20260715,2.54,2.543,2.566,2.542,2.564,0.024,0.95,1678617.01,428732.483
513500.SH,20260716,2.564,2.564,2.579,2.557,2.577,0.013,0.51,1318423.0,339076.631
513500.SH,20260717,2.577,2.548,2.554,2.5,2.503,-0.074,-2.87,1930238.5,487860.147
513500.SH,20260720,2.503,2.503,2.522,2.491,2.498,-0.005,-0.2,1351755.97,339174.396
513500.SH,20260721,2.498,2.507,2.543,2.503,2.526,0.028,1.12,2109092.0,532903.263
513500.SH,20260722,2.526,2.538,2.551,2.514,2.523,-0.003,-0.12,1503889.84,380796.049
513500.SH,20260723,2.523,2.532,2.533,2.515,2.524,0.001,0.04,1275490.0,321842.733
513500.SH,20260724,2.524,2.5,2.519,2.496,2.506,-0.018,-0.71,1033752.0,259097.932
513500.SH,20260727,2.506,2.508,2.521,2.504,2.52,0.014,0.56,1142222.78,287055.184
513500.SH,20260728,2.52,2.499,2.503,2.482,2.484,-0.036,-1.43,1449122.0,360890.154
513500.SH,20260729,2.484,2.495,2.511,2.486,2.511,0.027,1.09,1042015.0,260550.713
513500.SH,20260730,2.511,2.49,2.493,2.473,2.479,-0.032,-1.27,1211027.0,300210.022
