ts_code,ann_date,nav_date,unit_nav,accum_nav,accum_div,net_asset,adj_nav,update_flag
513500.SH,20131206,20131205,1.0,1.0,,565043200.0,1.0,0
513500.SH,20131210,20131206,1.0002,1.0002,,565162302.04,1.0002,0
513500.SH,20131217,20131213,1.0005,1.0005,,565335397.87,1.0005,0
513500.SH,20131224,20131220,1.0029,1.0029,,566689113.76,1.0029,0
513500.SH,20131231,20131227,1.005,1.005,,567890953.42,1.005,0
513500.SH,20140103,20131231,1.006,1.006,,568433495.26,1.006,0
513500.SH,20140107,20140103,1.0049,1.0049,,567798582.03,1.0049,0
513500.SH,20140110,20140108,1.0064,1.0064,,646920253.32,1.0064,0
513500.SH,20140114,20140110,1.0071,1.0071,,647379173.36,1.0071,0
513500.SH,20140115,20140113,1.0035,1.0035,,645070207.59,1.0035,0
513500.SH,20140116,20140114,1.0068,1.0068,,,1.0068,0
513500.SH,20140117,20140115,1.0086,1.0086,,,1.0086,0
513500.SH,20140118,20140116,1.0073,1.0073,,,1.0073,0
513500.SH,20140121,20140117,1.0063,1.0063,,,1.0063,0
513500.SH,20140123,20140121,1.0089,1.0089,,,1.0089,0
513500.SH,20140124,20140122,1.0093,1.0093,,,1.0093,0
513500.SH,20140125,20140123,1.0025,1.0025,,,1.0025,0
513500.SH,20140128,20140124,0.9813,0.9813,,,0.9813,0
513500.SH,20140129,20140127,0.9777,0.9777,,,0.9777,0
513500.SH,20140130,20140128,0.9845,0.9845,,,0.9845,0
513500.SH,20140131,20140129,0.9752,0.9752,,,0.9752,0
513500.SH,20140208,20140130,0.9821,0.9821,,,0.9821,0
513500.SH,20140211,20140207,0.9882,0.9882,,,0.9882,0
513500.SH,20140212,20140210,0.9911,0.9911,,,0.9911,0
513500.SH,20140213,20140211,1.0026,1.0026,,,1.0026,0
513500.SH,20140214,20140212,1.0033,1.0033,,,1.0033,0
513500.SH,20140215,20140213,1.0092,1.0092,,,1.0092,0
513500.SH,20140218,20140214,1.0138,1.0138,,,1.0138,0
513500.SH,20140220,20140218,1.0151,1.0151,,,1.0151,0
513500.SH,20140221,20140219,1.0089,1.0089,,,1.0089,0
513500.SH,20140222,20140220,1.0157,1.0157,,,1.0157,0
513500.SH,20140225,20140221,1.0144,1.0144,,,1.0144,0
513500.SH,20140226,20140224,1.0205,1.0205,,,1.0205,0
513500.SH,20140227,20140225,1.0192,1.0192,,,1.0192,0
513500.SH,20140228,20140226,1.0192,1.0192,,,1.0192,0
513500.SH,20140301,20140227,1.0249,1.0249,,,1.0249,0
513500.SH,20140304,20140228,1.0277,1.0277,,,1.0277,0
513500.SH,20140305,20140303,1.0196,1.0196,,,1.0196,0
513500.SH,20140306,20140304,1.036,1.036,,,1.036,0
513500.SH,20140307,20140305,1.0365,1.0365,,,1.0365,0
513500.SH,20140308,20140306,1.0383,1.0383,,,1.0383,0
513500.SH,20140311,20140307,1.0381,1.0381,,,1.0381,0
513500.SH,20140312,20140310,1.0394,1.0394,,,1.0394,0
513500.SH,20140313,20140311,1.0343,1.0343,,,1.0343,0
513500.SH,20140314,20140312,1.0352,1.0352,,,1.0352,0
513500.SH,20140315,20140313,1.0228,1.0228,,,1.0228,0
513500.SH,20140318,20140314,1.0202,1.0202,,,1.0202,0
513500.SH,20140319,20140317,1.0295,1.0295,,,1.0295,0
513500.SH,20140320,20140318,1.0372,1.0372,,,1.0372,0
513500.SH,20140321,20140319,1.031,1.031,,,1.031,0
513500.SH,20140322,20140320,1.0395,1.0395,,,1.0395,0
513500.SH,20140325,20140321,1.0365,1.0365,,,1.0365,0
513500.SH,20140326,20140324,1.0311,1.0311,,,1.0311,0
513500.SH,20140327,20140325,1.0354,1.0354,,,1.0354,0
513500.SH,20140328,20140326,1.0282,1.0282,,,1.0282,0
513500.SH,20140329,20140327,1.0269,1.0269,,,1.0269,0
513500.SH,20140401,20140328,1.0321,1.0321,,,1.0321,0
513500.SH,20140402,20140331,1.0406,1.0406,,267251003.12,1.0406,0
513500.SH,20140403,20140401,1.0477,1.0477,,,1.0477,0
513500.SH,20140404,20140402,1.0503,1.0503,,,1.0503,0
513500.SH,20140405,20140403,1.0497,1.0497,,,1.0497,0
513500.SH,20140409,20140404,1.0371,1.0371,,,1.0371,0
513500.SH,20140410,20140408,1.0295,1.0295,,,1.0295,0
513500.SH,20140411,20140409,1.0401,1.0401,,,1.0401,0
513500.SH,20140412,20140410,1.0189,1.0189,,,1.0189,0
513500.SH,20140415,20140411,1.0092,1.0092,,,1.0092,0
513500.SH,20140416,20140414,1.0178,1.0178,,,1.0178,0
513500.SH,20140417,20140415,1.0254,1.0254,,,1.0254,0
513500.SH,20140418,20140416,1.036,1.036,,,1.036,0
513500.SH,20140419,20140417,1.0374,1.0374,,,1.0374,0
513500.SH,20140422,20140418,1.0371,1.0371,,,1.0371,0
513500.SH,20140423,20140421,1.0409,1.0409,,,1.0409,0
513500.SH,20140424,20140422,1.0455,1.0455,,,1.0455,0
513500.SH,20140425,20140423,1.0432,1.0432,,,1.0432,0
513500.SH,20140426,20140424,1.0447,1.0447,,,1.0447,0
513500.SH,20140429,20140425,1.0361,1.0361,,,1.0361,0
513500.SH,20140430,20140428,1.0392,1.0392,,,1.0392,0
513500.SH,20140501,20140429,1.0439,1.0439,,,1.0439,0
513500.SH,20140506,20140430,1.0474,1.0474,,,1.0474,0
513500.SH,20140507,20140505,1.0473,1.0473,,,1.0473,0
513500.SH,20140508,20140506,1.0382,1.0382,,,1.0382,0
513500.SH,20140509,20140507,1.044,1.044,,,1.044,0
513500.SH,20140510,20140508,1.043,1.043,,,1.043,0
513500.SH,20140513,20140509,1.045,1.045,,,1.045,0
513500.SH,20140514,20140512,1.0558,1.0558,,,1.0558,0
513500.SH,20140515,20140513,1.0566,1.0566,,,1.0566,0
513500.SH,20140516,20140514,1.0521,1.0521,,,1.0521,0
513500.SH,20140517,20140515,1.0421,1.0421,,,1.0421,0
513500.SH,20140520,20140516,1.0455,1.0455,,,1.0455,0
513500.SH,20140521,20140519,1.0496,1.0496,,,1.0496,0
513500.SH,20140522,20140520,1.0425,1.0425,,,1.0425,0
513500.SH,20140523,20140521,1.0515,1.0515,,,1.0515,0
513500.SH,20140524,20140522,1.0543,1.0543,,,1.0543,0
513500.SH,20140527,20140523,1.0591,1.0591,,,1.0591,0
513500.SH,20140529,20140527,1.0654,1.0654,,,1.0654,0
513500.SH,20140530,20140528,1.0645,1.0645,,,1.0645,0
513500.SH,20140531,20140529,1.0704,1.0704,,,1.0704,0
513500.SH,20140604,20140530,1.0722,1.0722,,,1.0722,0
513500.SH,20140605,20140603,1.0728,1.0728,,,1.0728,0
513500.SH,20140606,20140604,1.0747,1.0747,,,1.0747,0
513500.SH,20140607,20140605,1.082,1.082,,,1.082,0
513500.SH,20140610,20140606,1.0857,1.0857,,,1.0857,0
513500.SH,20140611,20140609,1.0842,1.0842,,,1.0842,0
513500.SH,20140612,20140610,1.0834,1.0834,,,1.0834,0
513500.SH,20140613,20140611,1.0806,1.0806,,,1.0806,0
513500.SH,20140614,20140612,1.0733,1.0733,,,1.0733,0
513500.SH,20140617,20140613,1.0764,1.0764,,,1.0764,0
513500.SH,20140618,20140616,1.0778,1.0778,,,1.0778,0
513500.SH,20140619,20140617,1.0793,1.0793,,,1.0793,0
513500.SH,20140620,20140618,1.0881,1.0881,,,1.0881,0
513500.SH,20140621,20140619,1.0891,1.0891,,,1.0891,0
513500.SH,20140624,20140620,1.0908,1.0908,,,1.0908,0
513500.SH,20140625,20140623,1.0911,1.0911,,,1.0911,0
513500.SH,20140626,20140624,1.0841,1.0841,,,1.0841,0
513500.SH,20140627,20140625,1.0893,1.0893,,,1.0893,0
513500.SH,20140628,20140626,1.0875,1.0875,,,1.0875,0
513500.SH,20140701,20140627,1.0896,1.0896,,,1.0896,0
513500.SH,20140702,20140630,1.0877,1.0877,,372873760.93,1.0877,0
513500.SH,20140703,20140701,1.0947,1.0947,,,1.0947,0
513500.SH,20140704,20140702,1.0949,1.0949,,,1.0949,0
513500.SH,20140705,20140703,1.1017,1.1017,,,1.1017,0
513500.SH,20140709,20140707,1.0987,1.0987,,,1.0987,0
513500.SH,20140710,20140708,1.0908,1.0908,,,1.0908,0
513500.SH,20140711,20140709,1.0948,1.0948,,,1.0948,0
513500.SH,20140712,20140710,1.0881,1.0881,,,1.0881,0
513500.SH,20140715,20140711,1.0903,1.0903,,,1.0903,0
513500.SH,20140716,20140714,1.0956,1.0956,,,1.0956,0
513500.SH,20140717,20140715,1.0935,1.0935,,,1.0935,0
513500.SH,20140718,20140716,1.0989,1.0989,,,1.0989,0
513500.SH,20140719,20140717,1.0866,1.0866,,,1.0866,0
513500.SH,20140722,20140718,1.0976,1.0976,,,1.0976,0
513500.SH,20140723,20140721,1.0946,1.0946,,,1.0946,0
513500.SH,20140724,20140722,1.1,1.1,,,1.1,0
513500.SH,20140725,20140723,1.1025,1.1025,,,1.1025,0
513500.SH,20140726,20140724,1.103,1.103,,,1.103,0
513500.SH,20140729,20140725,1.098,1.098,,,1.098,0
513500.SH,20140730,20140728,1.0987,1.0987,,,1.0987,0
513500.SH,20140731,20140729,1.0935,1.0935,,,1.0935,0
513500.SH,20140801,20140730,1.0943,1.0943,,,1.0943,0
513500.SH,20140802,20140731,1.0729,1.0729,,,1.0729,0
513500.SH,20140805,20140801,1.0698,1.0698,,,1.0698,0
513500.SH,20140806,20140804,1.0771,1.0771,,,1.0771,0
513500.SH,20140807,20140805,1.0666,1.0666,,,1.0666,0
513500.SH,20140808,20140806,1.0673,1.0673,,,1.0673,0
513500.SH,20140809,20140807,1.0615,1.0615,,,1.0615,0
513500.SH,20140812,20140808,1.0718,1.0718,,,1.0718,0
513500.SH,20140813,20140811,1.0743,1.0743,,,1.0743,0
513500.SH,20140814,20140812,1.0726,1.0726,,,1.0726,0
513500.SH,20140815,20140813,1.0803,1.0803,,,1.0803,0
513500.SH,20140816,20140814,1.0852,1.0852,,,1.0852,0
513500.SH,20140819,20140815,1.0851,1.0851,,,1.0851,0
513500.SH,20140820,20140818,1.0941,1.0941,,,1.0941,0
513500.SH,20140821,20140819,1.1001,1.1001,,,1.1001,0
513500.SH,20140822,20140820,1.1034,1.1034,,,1.1034,0
513500.SH,20140823,20140821,1.1076,1.1076,,,1.1076,0
513500.SH,20140826,20140822,1.1053,1.1053,,,1.1053,0
513500.SH,20140827,20140825,1.1111,1.1111,,,1.1111,0
513500.SH,20140828,20140826,1.1125,1.1125,,,1.1125,0
513500.SH,20140829,20140827,1.1125,1.1125,,,1.1125,0
513500.SH,20140830,20140828,1.1105,1.1105,,,1.1105,0
513500.SH,20140902,20140829,1.1144,1.1144,,,1.1144,0
513500.SH,20140904,20140902,1.1143,1.1143,,,1.1143,0
513500.SH,20140905,20140903,1.1139,1.1139,,,1.1139,0
513500.SH,20140906,20140904,1.1117,1.1117,,,1.1117,0
513500.SH,20140910,20140905,1.1179,1.1179,,,1.1179,0
513500.SH,20140911,20140909,1.1041,1.1041,,,1.1041,0
513500.SH,20140912,20140910,1.1065,1.1065,,,1.1065,0
513500.SH,20140913,20140911,1.1082,1.1082,,,1.1082,0
513500.SH,20140916,20140912,1.1018,1.1018,,,1.1018,0
513500.SH,20140917,20140915,1.1007,1.1007,,,1.1007,0
513500.SH,20140918,20140916,1.1091,1.1091,,,1.1091,0
513500.SH,20140919,20140917,1.1103,1.1103,,,1.1103,0
513500.SH,20140920,20140918,1.1165,1.1165,,,1.1165,0
513500.SH,20140923,20140919,1.1154,1.1154,,,1.1154,0
513500.SH,20140924,20140922,1.1068,1.1068,,,1.1068,0
513500.SH,20140925,20140923,1.1002,1.1002,,,1.1002,0
513500.SH,20140926,20140924,1.1087,1.1087,,,1.1087,0
513500.SH,20140927,20140925,1.0915,1.0915,,,1.0915,0
513500.SH,20140930,20140926,1.1011,1.1011,,,1.1011,0
513500.SH,20141001,20140929,1.0988,1.0988,,,1.0988,0
513500.SH,20141009,20140930,1.0956,1.0956,,424886184.69,1.0956,0
513500.SH,20141010,20141008,1.0933,1.0933,,,1.0933,0
513500.SH,20141011,20141009,1.0702,1.0702,,,1.0702,0
513500.SH,20141014,20141010,1.058,1.058,,,1.058,0
513500.SH,20141015,20141013,1.0401,1.0401,,,1.0401,0
513500.SH,20141016,20141014,1.0413,1.0413,,,1.0413,0
513500.SH,20141017,20141015,1.0331,1.0331,,,1.0331,0
513500.SH,20141018,20141016,1.0324,1.0324,,,1.0324,0
513500.SH,20141021,20141017,1.046,1.046,,,1.046,0
513500.SH,20141022,20141020,1.056,1.056,,,1.056,0
513500.SH,20141023,20141021,1.0762,1.0762,,,1.0762,0
513500.SH,20141024,20141022,1.0689,1.0689,,,1.0689,0
513500.SH,20141025,20141023,1.0823,1.0823,,,1.0823,0
513500.SH,20141028,20141024,1.09,1.09,,,1.09,0
513500.SH,20141029,20141027,1.088,1.088,,,1.088,0
513500.SH,20141030,20141028,1.1005,1.1005,,,1.1005,0
513500.SH,20141031,20141029,1.0986,1.0986,,,1.0986,0
513500.SH,20141101,20141030,1.1066,1.1066,,,1.1066,0
513500.SH,20141104,20141031,1.1196,1.1196,,,1.1196,0
513500.SH,20141105,20141103,1.1205,1.1205,,,1.1205,0
513500.SH,20141106,20141104,1.1176,1.1176,,,1.1176,0
513500.SH,20141107,20141105,1.1236,1.1236,,,1.1236,0
513500.SH,20141108,20141106,1.1293,1.1293,,,1.1293,0
513500.SH,20141111,20141107,1.1304,1.1304,,,1.1304,0
513500.SH,20141112,20141110,1.1299,1.1299,,,1.1299,0
513500.SH,20141113,20141111,1.1313,1.1313,,,1.1313,0
513500.SH,20141114,20141112,1.1311,1.1311,,,1.1311,0
513500.SH,20141115,20141113,1.1314,1.1314,,,1.1314,0
513500.SH,20141118,20141114,1.1314,1.1314,,,1.1314,0
513500.SH,20141119,20141117,1.1324,1.1324,,,1.1324,0
513500.SH,20141120,20141118,1.1387,1.1387,,,1.1387,0
513500.SH,20141121,20141119,1.1365,1.1365,,,1.1365,0
513500.SH,20141122,20141120,1.1391,1.1391,,,1.1391,0
513500.SH,20141125,20141121,1.1445,1.1445,,,1.1445,0
513500.SH,20141126,20141124,1.1483,1.1483,,,1.1483,0
513500.SH,20141127,20141125,1.1466,1.1466,,,1.1466,0
513500.SH,20141128,20141126,1.1493,1.1493,,,1.1493,0
513500.SH,20141202,20141128,1.1463,1.1463,,,1.1463,0
513500.SH,20141203,20141201,1.1388,1.1388,,,1.1388,0
513500.SH,20141204,20141202,1.1454,1.1454,,,1.1454,0
513500.SH,20141205,20141203,1.1508,1.1508,,,1.1508,0
513500.SH,20141206,20141204,1.1501,1.1501,,,1.1501,0
513500.SH,20141209,20141205,1.1514,1.1514,,,1.1514,0
513500.SH,20141210,20141208,1.1415,1.1415,,,1.1415,0
513500.SH,20141211,20141209,1.1405,1.1405,,,1.1405,0
513500.SH,20141212,20141210,1.121,1.121,,,1.121,0
513500.SH,20141213,20141211,1.1254,1.1254,,,1.1254,0
513500.SH,20141216,20141212,1.1077,1.1077,,,1.1077,0
513500.SH,20141217,20141215,1.1006,1.1006,,,1.1006,0
513500.SH,20141218,20141216,1.0917,1.0917,,,1.0917,0
513500.SH,20141219,20141217,1.1132,1.1132,,,1.1132,0
513500.SH,20141220,20141218,1.1412,1.1412,,,1.1412,0
513500.SH,20141223,20141219,1.1466,1.1466,,,1.1466,0
513500.SH,20141224,20141222,1.1511,1.1511,,,1.1511,0
513500.SH,20141225,20141223,1.1535,1.1535,,,1.1535,0
513500.SH,20141226,20141224,1.1536,1.1536,,,1.1536,0
513500.SH,20141230,20141226,1.1562,1.1562,,,1.1562,0
513500.SH,20141231,20141229,1.1584,1.1584,,,1.1584,0
513500.SH,20150101,20141230,1.1532,1.1532,,,1.1532,0
513500.SH,20150106,20141231,1.1406,1.1406,,336263996.42,1.1406,0
513500.SH,20150107,20150105,1.1205,1.1205,,,1.1205,0
513500.SH,20150108,20150106,1.1105,1.1105,,,1.1105,0
513500.SH,20150109,20150107,1.1239,1.1239,,,1.1239,0
513500.SH,20150110,20150108,1.1446,1.1446,,,1.1446,0
513500.SH,20150113,20150109,1.1346,1.1346,,,1.1346,0
513500.SH,20150114,20150112,1.1241,1.1241,,,1.1241,0
513500.SH,20150115,20150113,1.1206,1.1206,,,1.1206,0
513500.SH,20150116,20150114,1.1144,1.1144,,,1.1144,0
513500.SH,20150117,20150115,1.1037,1.1037,,,1.1037,0
513500.SH,20150120,20150116,1.1183,1.1183,,,1.1183,0
513500.SH,20150122,20150120,1.121,1.121,,,1.121,0
513500.SH,20150123,20150121,1.1272,1.1272,,,1.1272,0
513500.SH,20150124,20150122,1.1439,1.1439,,,1.1439,0
513500.SH,20150127,20150123,1.1393,1.1393,,,1.1393,0
513500.SH,20150128,20150126,1.143,1.143,,,1.143,0
513500.SH,20150129,20150127,1.1277,1.1277,,,1.1277,0
513500.SH,20150130,20150128,1.1107,1.1107,,,1.1107,0
513500.SH,20150131,20150129,1.1226,1.1226,,,1.1226,0
513500.SH,20150203,20150130,1.1084,1.1084,,,1.1084,0
513500.SH,20150204,20150202,1.1231,1.1231,,,1.1231,0
513500.SH,20150205,20150203,1.1389,1.1389,,,1.1389,0
513500.SH,20150206,20150204,1.1334,1.1334,,,1.1334,0
513500.SH,20150207,20150205,1.1462,1.1462,,,1.1462,0
513500.SH,20150210,20150206,1.1409,1.1409,,,1.1409,0
513500.SH,20150211,20150209,1.1367,1.1367,,,1.1367,0
513500.SH,20150212,20150210,1.1485,1.1485,,,1.1485,0
513500.SH,20150213,20150211,1.1492,1.1492,,,1.1492,0
513500.SH,20150214,20150212,1.1608,1.1608,,,1.1608,0
513500.SH,20150217,20150213,1.1648,1.1648,,,1.1648,0
513500.SH,20150218,20150216,1.1648,1.1648,,,1.1648,0
513500.SH,20150226,20150217,1.1674,1.1674,,,1.1674,0
513500.SH,20150227,20150225,1.1761,1.1761,,,1.1761,0
513500.SH,20150228,20150226,1.1745,1.1745,,,1.1745,0
513500.SH,20150303,20150227,1.1727,1.1727,,,1.1727,0
513500.SH,20150304,20150302,1.1805,1.1805,,,1.1805,0
513500.SH,20150305,20150303,1.1757,1.1757,,,1.1757,0
513500.SH,20150306,20150304,1.1703,1.1703,,,1.1703,0
513500.SH,20150307,20150305,1.1718,1.1718,,,1.1718,0
513500.SH,20150310,20150306,1.1555,1.1555,,,1.1555,0
513500.SH,20150311,20150309,1.1606,1.1606,,,1.1606,0
513500.SH,20150312,20150310,1.1414,1.1414,,,1.1414,0
513500.SH,20150313,20150311,1.1398,1.1398,,,1.1398,0
513500.SH,20150314,20150312,1.1548,1.1548,,,1.1548,0
513500.SH,20150317,20150313,1.1472,1.1472,,,1.1472,0
513500.SH,20150318,20150316,1.1631,1.1631,,,1.1631,0
513500.SH,20150319,20150317,1.1587,1.1587,,,1.1587,0
513500.SH,20150320,20150318,1.1722,1.1722,,,1.1722,0
513500.SH,20150321,20150319,1.1646,1.1646,,,1.1646,0
513500.SH,20150324,20150320,1.1757,1.1757,,,1.1757,0
513500.SH,20150325,20150323,1.1727,1.1727,,,1.1727,0
513500.SH,20150326,20150324,1.1647,1.1647,,,1.1647,0
513500.SH,20150327,20150325,1.1481,1.1481,,,1.1481,0
513500.SH,20150328,20150326,1.1447,1.1447,,,1.1447,0
513500.SH,20150331,20150327,1.148,1.148,,,1.148,0
513500.SH,20150401,20150330,1.1621,1.1621,,,1.1621,0
513500.SH,20150402,20150331,1.1524,1.1524,,315540509.07,1.1524,0
513500.SH,20150403,20150401,1.1483,1.1483,,,1.1483,0
513500.SH,20150404,20150402,1.1516,1.1516,,,1.1516,0
513500.SH,20150409,20150407,1.1549,1.1549,,,1.1549,0
513500.SH,20150410,20150408,1.1594,1.1594,,,1.1594,0
513500.SH,20150411,20150409,1.1644,1.1644,,,1.1644,0
513500.SH,20150414,20150410,1.171,1.171,,,1.171,0
513500.SH,20150415,20150413,1.1665,1.1665,,,1.1665,0
513500.SH,20150416,20150414,1.1687,1.1687,,,1.1687,0
513500.SH,20150417,20150415,1.1733,1.1733,,,1.1733,0
513500.SH,20150418,20150416,1.1721,1.1721,,,1.1721,0
513500.SH,20150421,20150417,1.1581,1.1581,,,1.1581,0
513500.SH,20150422,20150420,1.1683,1.1683,,,1.1683,0
513500.SH,20150423,20150421,1.168,1.168,,,1.168,0
513500.SH,20150424,20150422,1.174,1.174,,,1.174,0
513500.SH,20150425,20150423,1.1768,1.1768,,,1.1768,0
513500.SH,20150428,20150424,1.1786,1.1786,,,1.1786,0
513500.SH,20150429,20150427,1.1732,1.1732,,,1.1732,0
513500.SH,20150430,20150428,1.1764,1.1764,,,1.1764,0
513500.SH,20150501,20150429,1.1711,1.1711,,,1.1711,0
513500.SH,20150505,20150430,1.1588,1.1588,,,1.1588,0
513500.SH,20150506,20150504,1.1757,1.1757,,,1.1757,0
513500.SH,20150507,20150505,1.1622,1.1622,,,1.1622,0
513500.SH,20150508,20150506,1.1569,1.1569,,,1.1569,0
513500.SH,20150509,20150507,1.1607,1.1607,,,1.1607,0
513500.SH,20150512,20150508,1.1768,1.1768,,,1.1768,0
513500.SH,20150513,20150511,1.1706,1.1706,,,1.1706,0
513500.SH,20150514,20150512,1.1677,1.1677,,,1.1677,0
513500.SH,20150515,20150513,1.167,1.167,,,1.167,0
513500.SH,20150516,20150514,1.1791,1.1791,,,1.1791,0
513500.SH,20150519,20150515,1.1799,1.1799,,,1.1799,0
513500.SH,20150520,20150518,1.1833,1.1833,,,1.1833,0
513500.SH,20150521,20150519,1.1832,1.1832,,,1.1832,0
513500.SH,20150522,20150520,1.1827,1.1827,,,1.1827,0
513500.SH,20150523,20150521,1.1858,1.1858,,,1.1858,0
513500.SH,20150526,20150522,1.183,1.183,,,1.183,0
513500.SH,20150528,20150526,1.1726,1.1726,,,1.1726,0
513500.SH,20150529,20150527,1.1839,1.1839,,,1.1839,0
513500.SH,20150530,20150528,1.1827,1.1827,,,1.1827,0
513500.SH,20150602,20150529,1.1751,1.1751,,,1.1751,0
513500.SH,20150603,20150601,1.1778,1.1778,,,1.1778,0
513500.SH,20150604,20150602,1.1769,1.1769,,,1.1769,0
513500.SH,20150605,20150603,1.1792,1.1792,,,1.1792,0
513500.SH,20150606,20150604,1.1692,1.1692,,,1.1692,0
513500.SH,20150609,20150605,1.1677,1.1677,,,1.1677,0
513500.SH,20150610,20150608,1.1613,1.1613,,,1.1613,0
513500.SH,20150611,20150609,1.1613,1.1613,,,1.1613,0
513500.SH,20150612,20150610,1.1752,1.1752,,,1.1752,0
513500.SH,20150613,20150611,1.1773,1.1773,,,1.1773,0
513500.SH,20150616,20150612,1.1693,1.1693,,,1.1693,0
513500.SH,20150617,20150615,1.1639,1.1639,,,1.1639,0
513500.SH,20150618,20150616,1.1703,1.1703,,,1.1703,0
513500.SH,20150619,20150617,1.1725,1.1725,,,1.1725,0
513500.SH,20150620,20150618,1.1836,1.1836,,,1.1836,0
513500.SH,20150624,20150619,1.1768,1.1768,,,1.1768,0
513500.SH,20150625,20150623,1.185,1.185,,,1.185,0
513500.SH,20150626,20150624,1.1771,1.1771,,,1.1771,0
513500.SH,20150627,20150625,1.1737,1.1737,,,1.1737,0
513500.SH,20150630,20150626,1.1732,1.1732,,,1.1732,0
513500.SH,20150701,20150629,1.1492,1.1492,,,1.1492,0
513500.SH,20150702,20150630,1.1517,1.1517,,226669040.62,1.1517,0
513500.SH,20150703,20150701,1.1601,1.1601,,,1.1601,0
513500.SH,20150704,20150702,1.16,1.16,,,1.16,0
513500.SH,20150708,20150706,1.1558,1.1558,,,1.1558,0
513500.SH,20150709,20150707,1.1625,1.1625,,,1.1625,0
513500.SH,20150710,20150708,1.1437,1.1437,,,1.1437,0
513500.SH,20150711,20150709,1.1457,1.1457,,,1.1457,0
513500.SH,20150714,20150710,1.1599,1.1599,,,1.1599,0
513500.SH,20150715,20150713,1.1762,1.1762,,,1.1762,0
513500.SH,20150716,20150714,1.1819,1.1819,,,1.1819,0
513500.SH,20150717,20150715,1.182,1.182,,,1.182,0
513500.SH,20150718,20150716,1.1916,1.1916,,,1.1916,0
513500.SH,20150721,20150717,1.1932,1.1932,,,1.1932,0
513500.SH,20150722,20150720,1.1945,1.1945,,,1.1945,0
513500.SH,20150723,20150721,1.1895,1.1895,,,1.1895,0
513500.SH,20150724,20150722,1.1861,1.1861,,,1.1861,0
513500.SH,20150725,20150723,1.1795,1.1795,,,1.1795,0
513500.SH,20150728,20150724,1.1668,1.1668,,,1.1668,0
513500.SH,20150729,20150727,1.1599,1.1599,,,1.1599,0
513500.SH,20150730,20150728,1.1738,1.1738,,,1.1738,0
513500.SH,20150731,20150729,1.1825,1.1825,,,1.1825,0
513500.SH,20150801,20150730,1.1829,1.1829,,,1.1829,0
513500.SH,20150804,20150731,1.1803,1.1803,,,1.1803,0
513500.SH,20150805,20150803,1.1768,1.1768,,,1.1768,0
513500.SH,20150806,20150804,1.1742,1.1742,,,1.1742,0
513500.SH,20150807,20150805,1.1785,1.1785,,,1.1785,0
513500.SH,20150808,20150806,1.1696,1.1696,,,1.1696,0
513500.SH,20150811,20150807,1.1661,1.1661,,,1.1661,0
513500.SH,20150812,20150810,1.1807,1.1807,,,1.1807,0
513500.SH,20150813,20150811,1.1906,1.1906,,,1.1906,0
513500.SH,20150814,20150812,1.2107,1.2107,,,1.2107,0
513500.SH,20150815,20150813,1.2224,1.2224,,,1.2224,0
513500.SH,20150818,20150814,1.2265,1.2265,,,1.2265,0
513500.SH,20150819,20150817,1.2328,1.2328,,,1.2328,0
513500.SH,20150820,20150818,1.2297,1.2297,,,1.2297,0
513500.SH,20150821,20150819,1.2194,1.2194,,,1.2194,0
513500.SH,20150822,20150820,1.1925,1.1925,,,1.1925,0
513500.SH,20150825,20150821,1.1543,1.1543,,,1.1543,0
513500.SH,20150826,20150824,1.1081,1.1081,,,1.1081,0
513500.SH,20150827,20150825,1.0963,1.0963,,,1.0963,0
513500.SH,20150828,20150826,1.1399,1.1399,,,1.1399,0
513500.SH,20150829,20150827,1.1682,1.1682,,,1.1682,0
513500.SH,20150901,20150828,1.1672,1.1672,,,1.1672,0
513500.SH,20150902,20150831,1.1558,1.1558,,,1.1558,0
513500.SH,20150903,20150901,1.1196,1.1196,,,1.1196,0
513500.SH,20150908,20150902,1.1377,1.1377,,,1.1377,0
513500.SH,20150910,20150908,1.1499,1.1499,,,1.1499,0
513500.SH,20150911,20150909,1.134,1.134,,,1.134,0
513500.SH,20150912,20150910,1.1423,1.1423,,,1.1423,0
513500.SH,20150915,20150911,1.1468,1.1468,,,1.1468,0
513500.SH,20150916,20150914,1.1419,1.1419,,,1.1419,0
513500.SH,20150917,20150915,1.1557,1.1557,,,1.1557,0
513500.SH,20150918,20150916,1.1665,1.1665,,,1.1665,0
513500.SH,20150919,20150917,1.1627,1.1627,,,1.1627,0
513500.SH,20150922,20150918,1.1431,1.1431,,,1.1431,0
513500.SH,20150923,20150921,1.1494,1.1494,,,1.1494,0
513500.SH,20150924,20150922,1.136,1.136,,,1.136,0
513500.SH,20150925,20150923,1.1345,1.1345,,,1.1345,0
513500.SH,20150926,20150924,1.131,1.131,,,1.131,0
513500.SH,20150929,20150925,1.1304,1.1304,,,1.1304,0
513500.SH,20150930,20150928,1.1008,1.1008,,,1.1008,0
513500.SH,20151001,20150929,1.101,1.101,,,1.101,0
513500.SH,20151026,20150930,1.1211,1.1211,,198232742.21,1.1211,0
513500.SH,20151010,20151008,1.1737,1.1737,,,1.1737,0
513500.SH,20151013,20151009,1.1744,1.1744,,,1.1744,0
513500.SH,20151014,20151012,1.1742,1.1742,,,1.1742,0
513500.SH,20151015,20151013,1.163,1.163,,,1.163,0
513500.SH,20151016,20151014,1.1607,1.1607,,,1.1607,0
513500.SH,20151017,20151015,1.178,1.178,,,1.178,0
513500.SH,20151020,20151016,1.1839,1.1839,,,1.1839,0
513500.SH,20151021,20151019,1.1858,1.1858,,,1.1858,0
513500.SH,20151022,20151020,1.1856,1.1856,,,1.1856,0
513500.SH,20151023,20151021,1.1762,1.1762,,,1.1762,0
513500.SH,20151024,20151022,1.1964,1.1964,,,1.1964,0
513500.SH,20151027,20151023,1.2112,1.2112,,,1.2112,0
513500.SH,20151028,20151026,1.2079,1.2079,,,1.2079,0
513500.SH,20151029,20151027,1.2038,1.2038,,,1.2038,0
513500.SH,20151030,20151028,1.2189,1.2189,,,1.2189,0
513500.SH,20151031,20151029,1.2195,1.2195,,,1.2195,0
513500.SH,20151103,20151030,1.2117,1.2117,,,1.2117,0
513500.SH,20151104,20151102,1.2194,1.2194,,,1.2194,0
513500.SH,20151105,20151103,1.2257,1.2257,,,1.2257,0
513500.SH,20151106,20151104,1.2223,1.2223,,,1.2223,0
513500.SH,20151107,20151105,1.2218,1.2218,,,1.2218,0
513500.SH,20151110,20151106,1.223,1.223,,,1.223,0
513500.SH,20151111,20151109,1.2133,1.2133,,,1.2133,0
513500.SH,20151112,20151110,1.2159,1.2159,,,1.2159,0
513500.SH,20151113,20151111,1.2121,1.2121,,,1.2121,0
513500.SH,20151114,20151112,1.1955,1.1955,,,1.1955,0
513500.SH,20151117,20151113,1.1826,1.1826,,,1.1826,0
513500.SH,20151118,20151116,1.202,1.202,,,1.202,0
513500.SH,20151119,20151117,1.2006,1.2006,,,1.2006,0
513500.SH,20151120,20151118,1.2209,1.2209,,,1.2209,0
513500.SH,20151121,20151119,1.2195,1.2195,,,1.2195,0
513500.SH,20151124,20151120,1.2241,1.2241,,,1.2241,0
513500.SH,20151125,20151123,1.2241,1.2241,,,1.2241,0
513500.SH,20151126,20151124,1.226,1.226,,,1.226,0
513500.SH,20151127,20151125,1.2257,1.2257,,,1.2257,0
513500.SH,20151201,20151127,1.2273,1.2273,,,1.2273,0
513500.SH,20151202,20151130,1.2224,1.2224,,,1.2224,0
513500.SH,20151203,20151201,1.2357,1.2357,,,1.2357,0
513500.SH,20151204,20151202,1.2223,1.2223,,,1.2223,0
513500.SH,20151205,20151203,1.2052,1.2052,,,1.2052,0
513500.SH,20151208,20151204,1.2273,1.2273,,,1.2273,0
513500.SH,20151209,20151207,1.2213,1.2213,,,1.2213,0
513500.SH,20151210,20151208,1.215,1.215,,,1.215,0
513500.SH,20151211,20151209,1.2067,1.2067,,,1.2067,0
513500.SH,20151212,20151210,1.2113,1.2113,,,1.2113,0
513500.SH,20151215,20151211,1.1902,1.1902,,,1.1902,0
513500.SH,20151216,20151214,1.1982,1.1982,,,1.1982,0
513500.SH,20151217,20151215,1.2122,1.2122,,,1.2122,0
513500.SH,20151218,20151216,1.231,1.231,,,1.231,0
513500.SH,20151219,20151217,1.2149,1.2149,,,1.2149,0
513500.SH,20151222,20151218,1.1944,1.1944,,,1.1944,0
513500.SH,20151223,20151221,1.2028,1.2028,,,1.2028,0
513500.SH,20151224,20151222,1.2135,1.2135,,,1.2135,0
513500.SH,20151225,20151223,1.2281,1.2281,,,1.2281,0
513500.SH,20151226,20151224,1.2266,1.2266,,,1.2266,0
513500.SH,20151230,20151228,1.2237,1.2237,,,1.2237,0
513500.SH,20151231,20151229,1.239,1.239,,,1.239,0
513500.SH,20160101,20151230,1.2307,1.2307,,,1.2307,0
513500.SH,20160105,20151231,1.2199,1.2199,,204724572.41,1.2199,0
513500.SH,20160106,20160104,1.2033,1.2033,,,1.2033,0
513500.SH,20160107,20160105,1.2081,1.2081,,,1.2081,0
513500.SH,20160108,20160106,1.1952,1.1952,,,1.1952,0
513500.SH,20160109,20160107,1.1725,1.1725,,,1.1725,0
513500.SH,20160112,20160108,1.1596,1.1596,,,1.1596,0
513500.SH,20160113,20160111,1.1603,1.1603,,,1.1603,0
513500.SH,20160114,20160112,1.1692,1.1692,,,1.1692,0
513500.SH,20160115,20160113,1.1406,1.1406,,,1.1406,0
513500.SH,20160116,20160114,1.1594,1.1594,,,1.1594,0
513500.SH,20160119,20160115,1.1349,1.1349,,,1.1349,0
513500.SH,20160121,20160119,1.1345,1.1345,,,1.1345,0
513500.SH,20160122,20160120,1.1212,1.1212,,,1.1212,0
513500.SH,20160123,20160121,1.127,1.127,,,1.127,0
513500.SH,20160126,20160122,1.1495,1.1495,,,1.1495,0
513500.SH,20160127,20160125,1.1312,1.1312,,,1.1312,0
513500.SH,20160128,20160126,1.1469,1.1469,,,1.1469,0
513500.SH,20160129,20160127,1.1343,1.1343,,,1.1343,0
513500.SH,20160130,20160128,1.1404,1.1404,,,1.1404,0
513500.SH,20160202,20160129,1.1683,1.1683,,,1.1683,0
513500.SH,20160203,20160201,1.1681,1.1681,,,1.1681,0
513500.SH,20160204,20160202,1.146,1.146,,,1.146,0
513500.SH,20160205,20160203,1.152,1.152,,,1.152,0
513500.SH,20160206,20160204,1.152,1.152,,,1.152,0
513500.SH,20160216,20160205,1.1293,1.1293,,,1.1293,0
513500.SH,20160218,20160216,1.1361,1.1361,,,1.1361,0
513500.SH,20160219,20160217,1.1568,1.1568,,,1.1568,0
513500.SH,20160220,20160218,1.15,1.15,,,1.15,0
513500.SH,20160223,20160219,1.1506,1.1506,,,1.1506,0
513500.SH,20160224,20160222,1.1666,1.1666,,,1.1666,0
513500.SH,20160225,20160223,1.1541,1.1541,,,1.1541,0
513500.SH,20160226,20160224,1.1599,1.1599,,,1.1599,0
513500.SH,20160227,20160225,1.1735,1.1735,,,1.1735,0
513500.SH,20160301,20160226,1.1716,1.1716,,,1.1716,0
513500.SH,20160302,20160229,1.1642,1.1642,,,1.1642,0
513500.SH,20160303,20160301,1.1908,1.1908,,,1.1908,0
513500.SH,20160304,20160302,1.1975,1.1975,,,1.1975,0
513500.SH,20160305,20160303,1.2003,1.2003,,,1.2003,0
513500.SH,20160308,20160304,1.202,1.202,,,1.202,0
513500.SH,20160309,20160307,1.1999,1.1999,,,1.1999,0
513500.SH,20160310,20160308,1.1854,1.1854,,,1.1854,0
513500.SH,20160311,20160309,1.1926,1.1926,,,1.1926,0
513500.SH,20160312,20160310,1.1932,1.1932,,,1.1932,0
513500.SH,20160315,20160311,1.2088,1.2088,,,1.2088,0
513500.SH,20160316,20160314,1.2074,1.2074,,,1.2074,0
513500.SH,20160317,20160315,1.2082,1.2082,,,1.2082,0
513500.SH,20160318,20160316,1.2167,1.2167,,,1.2167,0
513500.SH,20160319,20160317,1.2208,1.2208,,,1.2208,0
513500.SH,20160322,20160318,1.2199,1.2199,,,1.2199,0
513500.SH,20160323,20160321,1.2248,1.2248,,,1.2248,0
513500.SH,20160324,20160322,1.2266,1.2266,,,1.2266,0
513500.SH,20160325,20160323,1.2181,1.2181,,,1.2181,0
513500.SH,20160326,20160324,1.2215,1.2215,,,1.2215,0
513500.SH,20160330,20160328,1.2235,1.2235,,,1.2235,0
513500.SH,20160331,20160329,1.2312,1.2312,,,1.2312,0
513500.SH,20160401,20160330,1.2326,1.2326,,,1.2326,0
513500.SH,20160422,20160331,1.2257,1.2257,,208149093.64,1.2257,0
513500.SH,20160406,20160401,1.233,1.233,,,1.233,0
513500.SH,20160407,20160405,1.2182,1.2182,,,1.2182,0
513500.SH,20160408,20160406,1.233,1.233,,,1.233,0
513500.SH,20160409,20160407,1.2173,1.2173,,,1.2173,0
513500.SH,20160412,20160408,1.2211,1.2211,,,1.2211,0
513500.SH,20160413,20160411,1.2161,1.2161,,,1.2161,0
513500.SH,20160414,20160412,1.2272,1.2272,,,1.2272,0
513500.SH,20160415,20160413,1.2392,1.2392,,,1.2392,0
513500.SH,20160416,20160414,1.2452,1.2452,,,1.2452,0
513500.SH,20160419,20160415,1.2443,1.2443,,,1.2443,0
513500.SH,20160420,20160418,1.2499,1.2499,,,1.2499,0
513500.SH,20160421,20160419,1.2521,1.2521,,,1.2521,0
513500.SH,20160422,20160420,1.2508,1.2508,,,1.2508,0
513500.SH,20160423,20160421,1.2485,1.2485,,,1.2485,0
513500.SH,20160426,20160422,1.2504,1.2504,,,1.2504,0
513500.SH,20160427,20160425,1.2523,1.2523,,,1.2523,0
513500.SH,20160428,20160426,1.2501,1.2501,,,1.2501,0
513500.SH,20160429,20160427,1.2513,1.2513,,,1.2513,0
513500.SH,20160430,20160428,1.2421,1.2421,,,1.2421,0
513500.SH,20160504,20160429,1.2288,1.2288,,,1.2288,0
513500.SH,20160505,20160503,1.2271,1.2271,,,1.2271,0
513500.SH,20160506,20160504,1.2271,1.2271,,,1.2271,0
513500.SH,20160507,20160505,1.2304,1.2304,,,1.2304,0
513500.SH,20160510,20160506,1.2358,1.2358,,,1.2358,0
513500.SH,20160511,20160509,1.2348,1.2348,,,1.2348,0
513500.SH,20160512,20160510,1.2525,1.2525,,,1.2525,0
513500.SH,20160513,20160511,1.2407,1.2407,,,1.2407,0
513500.SH,20160514,20160512,1.2358,1.2358,,,1.2358,0
513500.SH,20160517,20160513,1.2308,1.2308,,,1.2308,0
513500.SH,20160518,20160516,1.2446,1.2446,,,1.2446,0
513500.SH,20160519,20160517,1.2306,1.2306,,,1.2306,0
513500.SH,20160520,20160518,1.2312,1.2312,,,1.2312,0
513500.SH,20160521,20160519,1.2326,1.2326,,,1.2326,0
513500.SH,20160524,20160520,1.2397,1.2397,,,1.2397,0
513500.SH,20160525,20160523,1.236,1.236,,,1.236,0
513500.SH,20160526,20160524,1.253,1.253,,,1.253,0
513500.SH,20160527,20160525,1.2659,1.2659,,,1.2659,0
513500.SH,20160528,20160526,1.2632,1.2632,,,1.2632,0
513500.SH,20160531,20160527,1.2675,1.2675,,,1.2675,0
513500.SH,20160602,20160531,1.2718,1.2718,,,1.2718,0
513500.SH,20160603,20160601,1.2754,1.2754,,,1.2754,0
513500.SH,20160604,20160602,1.2752,1.2752,,,1.2752,0
513500.SH,20160607,20160603,1.2735,1.2735,,,1.2735,0
513500.SH,20160608,20160606,1.2739,1.2739,,,1.2739,0
513500.SH,20160609,20160607,1.2778,1.2778,,,1.2778,0
513500.SH,20160614,20160608,1.2817,1.2817,,,1.2817,0
513500.SH,20160615,20160613,1.2617,1.2617,,,1.2617,0
513500.SH,20160616,20160614,1.2592,1.2592,,,1.2592,0
513500.SH,20160617,20160615,1.2609,1.2609,,,1.2609,0
513500.SH,20160618,20160616,1.26,1.26,,,1.26,0
513500.SH,20160621,20160617,1.2568,1.2568,,,1.2568,0
513500.SH,20160622,20160620,1.2624,1.2624,,,1.2624,0
513500.SH,20160623,20160621,1.2647,1.2647,,,1.2647,0
513500.SH,20160624,20160622,1.2678,1.2678,,,1.2678,0
513500.SH,20160625,20160623,1.2795,1.2795,,,1.2795,0
513500.SH,20160628,20160624,1.2355,1.2355,,,1.2355,0
513500.SH,20160629,20160627,1.2239,1.2239,,,1.2239,0
513500.SH,20160630,20160628,1.2489,1.2489,,,1.2489,0
513500.SH,20160701,20160629,1.2665,1.2665,,,1.2665,0
513500.SH,20160702,20160630,1.2832,1.2832,,208932199.99,1.2832,0
513500.SH,20160705,20160701,1.2894,1.2894,,,1.2894,0
513500.SH,20160707,20160705,1.2824,1.2824,,,1.2824,0
513500.SH,20160708,20160706,1.2945,1.2945,,,1.2945,0
513500.SH,20160709,20160707,1.2928,1.2928,,,1.2928,0
513500.SH,20160712,20160708,1.3129,1.3129,,,1.3129,0
513500.SH,20160713,20160711,1.3171,1.3171,,,1.3171,0
513500.SH,20160714,20160712,1.3284,1.3284,,,1.3284,0
513500.SH,20160715,20160713,1.3275,1.3275,,,1.3275,0
513500.SH,20160716,20160714,1.3335,1.3335,,,1.3335,0
513500.SH,20160719,20160715,1.3314,1.3314,,,1.3314,0
513500.SH,20160720,20160718,1.3376,1.3376,,,1.3376,0
513500.SH,20160721,20160719,1.3359,1.3359,,,1.3359,0
513500.SH,20160722,20160720,1.3412,1.3412,,,1.3412,0
513500.SH,20160723,20160721,1.3348,1.3348,,,1.3348,0
513500.SH,20160726,20160722,1.3368,1.3368,,,1.3368,0
513500.SH,20160727,20160725,1.3364,1.3364,,,1.3364,0
513500.SH,20160728,20160726,1.3352,1.3352,,,1.3352,0
513500.SH,20160729,20160727,1.3315,1.3315,,,1.3315,0
513500.SH,20160730,20160728,1.3322,1.3322,,,1.3322,0
513500.SH,20160802,20160729,1.3327,1.3327,,,1.3327,0
513500.SH,20160803,20160801,1.3261,1.3261,,,1.3261,0
513500.SH,20160804,20160802,1.3212,1.3212,,,1.3212,0
513500.SH,20160805,20160803,1.3205,1.3205,,,1.3205,0
513500.SH,20160806,20160804,1.326,1.326,,,1.326,0
513500.SH,20160809,20160805,1.3366,1.3366,,,1.3366,0
513500.SH,20160810,20160808,1.3395,1.3395,,,1.3395,0
513500.SH,20160811,20160809,1.3396,1.3396,,,1.3396,0
513500.SH,20160812,20160810,1.3349,1.3349,,,1.3349,0
513500.SH,20160813,20160811,1.3358,1.3358,,,1.3358,0
513500.SH,20160816,20160812,1.3405,1.3405,,,1.3405,0
513500.SH,20160817,20160815,1.342,1.342,,,1.342,0
513500.SH,20160818,20160816,1.3324,1.3324,,,1.3324,0
513500.SH,20160819,20160817,1.3302,1.3302,,,1.3302,0
513500.SH,20160820,20160818,1.3374,1.3374,,,1.3374,0
513500.SH,20160823,20160819,1.3343,1.3343,,,1.3343,0
513500.SH,20160824,20160822,1.3422,1.3422,,,1.3422,0
513500.SH,20160825,20160823,1.3435,1.3435,,,1.3435,0
513500.SH,20160826,20160824,1.3333,1.3333,,,1.3333,0
513500.SH,20160827,20160825,1.3351,1.3351,,,1.3351,0
513500.SH,20160830,20160826,1.3307,1.3307,,,1.3307,0
513500.SH,20160831,20160829,1.3449,1.3449,,,1.3449,0
513500.SH,20160901,20160830,1.3415,1.3415,,,1.3415,0
513500.SH,20160902,20160831,1.3404,1.3404,,,1.3404,0
513500.SH,20160903,20160901,1.3378,1.3378,,,1.3378,0
513500.SH,20160906,20160902,1.3423,1.3423,,,1.3423,0
513500.SH,20160908,20160906,1.3444,1.3444,,,1.3444,0
513500.SH,20160909,20160907,1.3421,1.3421,,,1.3421,0
513500.SH,20160910,20160908,1.3406,1.3406,,,1.3406,0
513500.SH,20160913,20160909,1.3091,1.3091,,,1.3091,0
513500.SH,20160914,20160912,1.3328,1.3328,,,1.3328,0
513500.SH,20160915,20160913,1.3099,1.3099,,,1.3099,0
513500.SH,20160920,20160914,1.3122,1.3122,,,1.3122,0
513500.SH,20160921,20160919,1.3186,1.3186,,,1.3186,0
513500.SH,20160922,20160920,1.3151,1.3151,,,1.3151,0
513500.SH,20160923,20160921,1.3321,1.3321,,,1.3321,0
513500.SH,20160924,20160922,1.336,1.336,,,1.336,0
513500.SH,20160927,20160923,1.3314,1.3314,,,1.3314,0
513500.SH,20160928,20160926,1.3214,1.3214,,,1.3214,0
513500.SH,20160929,20160927,1.328,1.328,,,1.328,0
513500.SH,20160930,20160928,1.3359,1.3359,,,1.3359,0
513500.SH,20161001,20160929,1.324,1.324,,,1.324,0
513500.SH,20161024,20160930,1.3359,1.3359,,217506414.91,1.3359,0
513500.SH,20161012,20161010,1.3379,1.3379,,,1.3379,0
513500.SH,20161013,20161011,1.3231,1.3231,,,1.3231,0
513500.SH,20161014,20161012,1.3276,1.3276,,,1.3276,0
513500.SH,20161015,20161013,1.3242,1.3242,,,1.3242,0
513500.SH,20161018,20161014,1.3218,1.3218,,,1.3218,0
513500.SH,20161019,20161017,1.322,1.322,,,1.322,0
513500.SH,20161020,20161018,1.3285,1.3285,,,1.3285,0
513500.SH,20161021,20161019,1.3317,1.3317,,,1.3317,0
513500.SH,20161022,20161020,1.3297,1.3297,,,1.3297,0
513500.SH,20161025,20161021,1.3343,1.3343,,,1.3343,0
513500.SH,20161026,20161024,1.3431,1.3431,,,1.3431,0
513500.SH,20161027,20161025,1.339,1.339,,,1.339,0
513500.SH,20161028,20161026,1.3359,1.3359,,,1.3359,0
513500.SH,20161029,20161027,1.3324,1.3324,,,1.3324,0
513500.SH,20161101,20161028,1.3308,1.3308,,,1.3308,0
513500.SH,20161102,20161031,1.3262,1.3262,,,1.3262,0
513500.SH,20161103,20161101,1.3189,1.3189,,,1.3189,0
513500.SH,20161104,20161102,1.3073,1.3073,,,1.3073,0
513500.SH,20161105,20161103,1.3006,1.3006,,,1.3006,0
513500.SH,20161108,20161104,1.2989,1.2989,,,1.2989,0
513500.SH,20161109,20161107,1.3317,1.3317,,,1.3317,0
513500.SH,20161110,20161108,1.339,1.339,,,1.339,0
513500.SH,20161111,20161109,1.3542,1.3542,,,1.3542,0
513500.SH,20161112,20161110,1.3581,1.3581,,,1.3581,0
513500.SH,20161115,20161111,1.3606,1.3606,,,1.3606,0
513500.SH,20161116,20161114,1.3639,1.3639,,,1.3639,0
513500.SH,20161117,20161115,1.3785,1.3785,,,1.3785,0
513500.SH,20161118,20161116,1.3785,1.3785,,,1.3785,0
513500.SH,20161119,20161117,1.387,1.387,,,1.387,0
513500.SH,20161122,20161118,1.386,1.386,,,1.386,0
513500.SH,20161123,20161121,1.3998,1.3998,,,1.3998,0
513500.SH,20161124,20161122,1.3989,1.3989,,,1.3989,0
513500.SH,20161125,20161123,1.4025,1.4025,,,1.4025,0
513500.SH,20161129,20161125,1.4132,1.4132,,,1.4132,0
513500.SH,20161130,20161128,1.4033,1.4033,,,1.4033,0
513500.SH,20161201,20161129,1.4023,1.4023,,,1.4023,0
513500.SH,20161202,20161130,1.3983,1.3983,,,1.3983,0
513500.SH,20161203,20161201,1.3953,1.3953,,,1.3953,0
513500.SH,20161206,20161202,1.3925,1.3925,,,1.3925,0
513500.SH,20161207,20161205,1.4021,1.4021,,,1.4021,0
513500.SH,20161208,20161206,1.4008,1.4008,,,1.4008,0
513500.SH,20161209,20161207,1.4241,1.4241,,,1.4241,0
513500.SH,20161210,20161208,1.4259,1.4259,,,1.4259,0
513500.SH,20161213,20161209,1.4393,1.4393,,,1.4393,0
513500.SH,20161214,20161212,1.4398,1.4398,,,1.4398,0
513500.SH,20161215,20161213,1.4463,1.4463,,,1.4463,0
513500.SH,20161216,20161214,1.4366,1.4366,,,1.4366,0
513500.SH,20161217,20161215,1.4475,1.4475,,,1.4475,0
513500.SH,20161220,20161216,1.4494,1.4494,,,1.4494,0
513500.SH,20161221,20161219,1.4481,1.4481,,,1.4481,0
513500.SH,20161222,20161220,1.4568,1.4568,,,1.4568,0
513500.SH,20161223,20161221,1.4537,1.4537,,,1.4537,0
513500.SH,20161224,20161222,1.45,1.45,,,1.45,0
513500.SH,20161227,20161223,1.4524,1.4524,,,1.4524,0
513500.SH,20161229,20161227,1.4553,1.4553,,,1.4553,0
513500.SH,20161230,20161228,1.4441,1.4441,,,1.4441,0
513500.SH,20161231,20161229,1.4436,1.4436,,,1.4436,0
513500.SH,20170104,20161230,1.4344,1.4344,,,1.4344,0
513500.SH,20170104,20161231,1.4343,1.4343,,265095525.08,1.4343,0
513500.SH,20170105,20170103,1.448,1.448,,,1.448,0
513500.SH,20170106,20170104,1.4568,1.4568,,,1.4568,0
513500.SH,20170107,20170105,1.4513,1.4513,,,1.4513,0
513500.SH,20170110,20170106,1.4432,1.4432,,,1.4432,0
513500.SH,20170111,20170109,1.45,1.45,,,1.45,0
513500.SH,20170112,20170110,1.4493,1.4493,,,1.4493,0
513500.SH,20170113,20170111,1.4535,1.4535,,,1.4535,0
513500.SH,20170114,20170112,1.4485,1.4485,,,1.4485,0
513500.SH,20170117,20170113,1.4469,1.4469,,,1.4469,0
513500.SH,20170119,20170117,1.4439,1.4439,,,1.4439,0
513500.SH,20170120,20170118,1.4377,1.4377,,,1.4377,0
513500.SH,20170121,20170119,1.4336,1.4336,,,1.4336,0
513500.SH,20170124,20170120,1.4406,1.4406,,,1.4406,0
513500.SH,20170125,20170123,1.4345,1.4345,,,1.4345,0
513500.SH,20170126,20170124,1.4391,1.4391,,,1.4391,0
513500.SH,20170127,20170125,1.4556,1.4556,,,1.4556,0
513500.SH,20170204,20170126,1.4545,1.4545,,,1.4545,0
513500.SH,20170207,20170203,1.4543,1.4543,,,1.4543,0
513500.SH,20170208,20170206,1.4518,1.4518,,,1.4518,0
513500.SH,20170209,20170207,1.4519,1.4519,,,1.4519,0
513500.SH,20170210,20170208,1.4584,1.4584,,,1.4584,0
513500.SH,20170211,20170209,1.4641,1.4641,,,1.4641,0
513500.SH,20170214,20170210,1.4717,1.4717,,,1.4717,0
513500.SH,20170215,20170213,1.4813,1.4813,,,1.4813,0
513500.SH,20170216,20170214,1.4856,1.4856,,,1.4856,0
513500.SH,20170217,20170215,1.4895,1.4895,,,1.4895,0
513500.SH,20170218,20170216,1.4881,1.4881,,,1.4881,0
513500.SH,20170221,20170217,1.4868,1.4868,,,1.4868,0
513500.SH,20170223,20170221,1.5025,1.5025,,,1.5025,0
513500.SH,20170224,20170222,1.502,1.502,,,1.502,0
513500.SH,20170225,20170223,1.4998,1.4998,,,1.4998,0
513500.SH,20170228,20170224,1.5014,1.5014,,,1.5014,0
513500.SH,20170301,20170227,1.5065,1.5065,,,1.5065,0
513500.SH,20170302,20170228,1.5012,1.5012,,,1.5012,0
513500.SH,20170303,20170301,1.5229,1.5229,,,1.5229,0
513500.SH,20170304,20170302,1.5144,1.5144,,,1.5144,0
513500.SH,20170307,20170303,1.5169,1.5169,,,1.5169,0
513500.SH,20170308,20170306,1.5096,1.5096,,,1.5096,0
513500.SH,20170309,20170307,1.5088,1.5088,,,1.5088,0
513500.SH,20170310,20170308,1.5074,1.5074,,,1.5074,0
513500.SH,20170311,20170309,1.5106,1.5106,,,1.5106,0
513500.SH,20170314,20170310,1.5152,1.5152,,,1.5152,0
513500.SH,20170315,20170313,1.5132,1.5132,,,1.5132,0
513500.SH,20170316,20170314,1.5108,1.5108,,,1.5108,0
513500.SH,20170317,20170315,1.5232,1.5232,,,1.5232,0
513500.SH,20170318,20170316,1.5153,1.5153,,,1.5153,0
513500.SH,20170321,20170317,1.5135,1.5135,,,1.5135,0
513500.SH,20170322,20170320,1.513,1.513,,,1.513,0
513500.SH,20170323,20170321,1.4961,1.4961,,,1.4961,0
513500.SH,20170324,20170322,1.4948,1.4948,,,1.4948,0
513500.SH,20170325,20170323,1.4925,1.4925,,,1.4925,0
513500.SH,20170328,20170324,1.4912,1.4912,,,1.4912,0
513500.SH,20170329,20170327,1.4864,1.4864,,,1.4864,0
513500.SH,20170330,20170328,1.4987,1.4987,,,1.4987,0
513500.SH,20170331,20170329,1.5036,1.5036,,,1.5036,0
513500.SH,20170401,20170330,1.5074,1.5074,,,1.5074,0
513500.SH,20170422,20170331,1.5062,1.5062,,379287785.4,1.5062,0
513500.SH,20170407,20170405,1.4982,1.4982,,,1.4982,0
513500.SH,20170408,20170406,1.5019,1.5019,,,1.5019,0
513500.SH,20170411,20170407,1.5011,1.5011,,,1.5011,0
513500.SH,20170412,20170410,1.504,1.504,,,1.504,0
513500.SH,20170413,20170411,1.5002,1.5002,,,1.5002,0
513500.SH,20170414,20170412,1.4941,1.4941,,,1.4941,0
513500.SH,20170415,20170413,1.4778,1.4778,,,1.4778,0
513500.SH,20170419,20170417,1.4931,1.4931,,,1.4931,0
513500.SH,20170420,20170418,1.4902,1.4902,,,1.4902,0
513500.SH,20170421,20170419,1.4838,1.4838,,,1.4838,0
513500.SH,20170422,20170420,1.4977,1.4977,,,1.4977,0
513500.SH,20170425,20170421,1.4939,1.4939,,,1.4939,0
513500.SH,20170426,20170424,1.5066,1.5066,,,1.5066,0
513500.SH,20170427,20170425,1.5192,1.5192,,,1.5192,0
513500.SH,20170428,20170426,1.5187,1.5187,,,1.5187,0
513500.SH,20170429,20170427,1.5208,1.5208,,,1.5208,0
513500.SH,20170503,20170428,1.5186,1.5186,,,1.5186,0
513500.SH,20170504,20170502,1.5233,1.5233,,,1.5233,0
513500.SH,20170505,20170503,1.5202,1.5202,,,1.5202,0
513500.SH,20170506,20170504,1.5226,1.5226,,,1.5226,0
513500.SH,20170509,20170505,1.5272,1.5272,,,1.5272,0
513500.SH,20170510,20170508,1.5285,1.5285,,,1.5285,0
513500.SH,20170511,20170509,1.529,1.529,,,1.529,0
513500.SH,20170512,20170510,1.5318,1.5318,,,1.5318,0
513500.SH,20170513,20170511,1.5286,1.5286,,,1.5286,0
513500.SH,20170516,20170512,1.524,1.524,,,1.524,0
513500.SH,20170517,20170515,1.5291,1.5291,,,1.5291,0
513500.SH,20170518,20170516,1.5269,1.5269,,,1.5269,0
513500.SH,20170519,20170517,1.4964,1.4964,,,1.4964,0
513500.SH,20170520,20170518,1.5013,1.5013,,,1.5013,0
513500.SH,20170523,20170519,1.5152,1.5152,,,1.5152,0
513500.SH,20170524,20170522,1.5204,1.5204,,,1.5204,0
513500.SH,20170525,20170523,1.5229,1.5229,,,1.5229,0
513500.SH,20170526,20170524,1.5288,1.5288,,,1.5288,0
513500.SH,20170527,20170525,1.5343,1.5343,,,1.5343,0
513500.SH,20170601,20170526,1.535,1.535,,,1.535,0
513500.SH,20170602,20170531,1.5311,1.5311,,,1.5311,0
513500.SH,20170603,20170601,1.5307,1.5307,,,1.5307,0
513500.SH,20170606,20170602,1.5358,1.5358,,,1.5358,0
513500.SH,20170607,20170605,1.5308,1.5308,,,1.5308,0
513500.SH,20170608,20170606,1.5266,1.5266,,,1.5266,0
513500.SH,20170609,20170607,1.5274,1.5274,,,1.5274,0
513500.SH,20170610,20170608,1.5295,1.5295,,,1.5295,0
513500.SH,20170613,20170609,1.5291,1.5291,,,1.5291,0
513500.SH,20170614,20170612,1.5271,1.5271,,,1.5271,0
513500.SH,20170615,20170613,1.5343,1.5343,,,1.5343,0
513500.SH,20170616,20170614,1.5324,1.5324,,,1.5324,0
513500.SH,20170617,20170615,1.5273,1.5273,,,1.5273,0
513500.SH,20170620,20170616,1.5308,1.5308,,,1.5308,0
513500.SH,20170621,20170619,1.5429,1.5429,,,1.5429,0
513500.SH,20170622,20170620,1.5355,1.5355,,,1.5355,0
513500.SH,20170623,20170621,1.5368,1.5368,,,1.5368,0
513500.SH,20170624,20170622,1.5361,1.5361,,,1.5361,0
513500.SH,20170627,20170623,1.5393,1.5393,,,1.5393,0
513500.SH,20170628,20170626,1.5393,1.5393,,,1.5393,0
513500.SH,20170629,20170627,1.5286,1.5286,,,1.5286,0
513500.SH,20170630,20170628,1.5369,1.5369,,,1.5369,0
513500.SH,20170701,20170629,1.5212,1.5212,,,1.5212,0
513500.SH,20170704,20170630,1.5191,1.5191,,385582128.52,1.5191,0
513500.SH,20170705,20170703,1.5232,1.5232,,,1.5232,0
513500.SH,20170707,20170705,1.5288,1.5288,,,1.5288,0
513500.SH,20170708,20170706,1.5157,1.5157,,,1.5157,0
513500.SH,20170711,20170707,1.5245,1.5245,,,1.5245,0
513500.SH,20170712,20170710,1.5269,1.5269,,,1.5269,0
513500.SH,20170713,20170711,1.5262,1.5262,,,1.5262,0
513500.SH,20170714,20170712,1.5348,1.5348,,,1.5348,0
513500.SH,20170715,20170713,1.5362,1.5362,,,1.5362,0
513500.SH,20170718,20170714,1.5426,1.5426,,,1.5426,0
513500.SH,20170719,20170717,1.5377,1.5377,,,1.5377,0
513500.SH,20170720,20170718,1.5397,1.5397,,,1.5397,0
513500.SH,20170721,20170719,1.5444,1.5444,,,1.5444,0
513500.SH,20170722,20170720,1.5445,1.5445,,,1.5445,0
513500.SH,20170725,20170721,1.5428,1.5428,,,1.5428,0
513500.SH,20170726,20170724,1.541,1.541,,,1.541,0
513500.SH,20170727,20170725,1.5471,1.5471,,,1.5471,0
513500.SH,20170728,20170726,1.5484,1.5484,,,1.5484,0
513500.SH,20170729,20170727,1.542,1.542,,,1.542,0
513500.SH,20170801,20170728,1.5413,1.5413,,,1.5413,0
513500.SH,20170802,20170731,1.538,1.538,,,1.538,0
513500.SH,20170803,20170801,1.5387,1.5387,,,1.5387,0
513500.SH,20170804,20170802,1.541,1.541,,,1.541,0
513500.SH,20170805,20170803,1.5381,1.5381,,,1.5381,0
513500.SH,20170808,20170804,1.5391,1.5391,,,1.5391,0
513500.SH,20170809,20170807,1.5437,1.5437,,,1.5437,0
513500.SH,20170810,20170808,1.5391,1.5391,,,1.5391,0
513500.SH,20170811,20170809,1.5362,1.5362,,,1.5362,0
513500.SH,20170812,20170810,1.5075,1.5075,,,1.5075,0
513500.SH,20170815,20170811,1.5066,1.5066,,,1.5066,0
513500.SH,20170816,20170814,1.5207,1.5207,,,1.5207,0
513500.SH,20170817,20170815,1.5222,1.5222,,,1.5222,0
513500.SH,20170818,20170816,1.5267,1.5267,,,1.5267,0
513500.SH,20170819,20170817,1.5017,1.5017,,,1.5017,0
513500.SH,20170822,20170818,1.4997,1.4997,,,1.4997,0
513500.SH,20170823,20170821,1.5005,1.5005,,,1.5005,0
513500.SH,20170824,20170822,1.5129,1.5129,,,1.5129,0
513500.SH,20170825,20170823,1.5085,1.5085,,,1.5085,0
513500.SH,20170826,20170824,1.503,1.503,,,1.503,0
513500.SH,20170829,20170825,1.5068,1.5068,,,1.5068,0
513500.SH,20170830,20170828,1.5024,1.5024,,,1.5024,0
513500.SH,20170831,20170829,1.5025,1.5025,,,1.5025,0
513500.SH,20170901,20170830,1.5053,1.5053,,,1.5053,0
513500.SH,20170902,20170831,1.5118,1.5118,,,1.5118,0
513500.SH,20170905,20170901,1.5126,1.5126,,,1.5126,0
513500.SH,20170907,20170905,1.489,1.489,,,1.489,0
513500.SH,20170908,20170906,1.4923,1.4923,,,1.4923,0
513500.SH,20170909,20170907,1.4913,1.4913,,,1.4913,0
513500.SH,20170912,20170908,1.4838,1.4838,,,1.4838,0
513500.SH,20170913,20170911,1.4988,1.4988,,,1.4988,0
513500.SH,20170914,20170912,1.5103,1.5103,,,1.5103,0
513500.SH,20170915,20170913,1.5139,1.5139,,,1.5139,0
513500.SH,20170916,20170914,1.5145,1.5145,,,1.5145,0
513500.SH,20170919,20170915,1.5165,1.5165,,,1.5165,0
513500.SH,20170920,20170918,1.5185,1.5185,,,1.5185,0
513500.SH,20170921,20170919,1.5227,1.5227,,,1.5227,0
513500.SH,20170922,20170920,1.5269,1.5269,,,1.5269,0
513500.SH,20170923,20170921,1.5268,1.5268,,,1.5268,0
513500.SH,20170926,20170922,1.5276,1.5276,,,1.5276,0
513500.SH,20170927,20170925,1.5262,1.5262,,,1.5262,0
513500.SH,20170928,20170926,1.5293,1.5293,,,1.5293,0
513500.SH,20170929,20170927,1.5381,1.5381,,,1.5381,0
513500.SH,20170930,20170928,1.5423,1.5423,,,1.5423,0
513500.SH,20171010,20170929,1.5499,1.5499,,,1.5499,0
513500.SH,20171027,20170930,1.5498,1.5498,,382529823.75,1.5498,0
513500.SH,20171011,20171009,1.5687,1.5687,,,1.5687,0
513500.SH,20171012,20171010,1.5672,1.5672,,,1.5672,0
513500.SH,20171013,20171011,1.5596,1.5596,,,1.5596,0
513500.SH,20171014,20171012,1.5564,1.5564,,,1.5564,0
513500.SH,20171017,20171013,1.5591,1.5591,,,1.5591,0
513500.SH,20171018,20171016,1.5611,1.5611,,,1.5611,0
513500.SH,20171019,20171017,1.5631,1.5631,,,1.5631,0
513500.SH,20171020,20171018,1.5668,1.5668,,,1.5668,0
513500.SH,20171021,20171019,1.5697,1.5697,,,1.5697,0
513500.SH,20171024,20171020,1.5778,1.5778,,,1.5778,0
513500.SH,20171025,20171023,1.574,1.574,,,1.574,0
513500.SH,20171026,20171024,1.5781,1.5781,,,1.5781,0
513500.SH,20171027,20171025,1.572,1.572,,,1.572,0
513500.SH,20171028,20171026,1.5731,1.5731,,,1.5731,0
513500.SH,20171031,20171027,1.5899,1.5899,,,1.5899,0
513500.SH,20171101,20171030,1.585,1.585,,,1.585,0
513500.SH,20171102,20171031,1.5844,1.5844,,,1.5844,0
513500.SH,20171103,20171101,1.5846,1.5846,,,1.5846,0
513500.SH,20171104,20171102,1.5825,1.5825,,,1.5825,0
513500.SH,20171107,20171103,1.5846,1.5846,,,1.5846,0
513500.SH,20171108,20171106,1.5906,1.5906,,,1.5906,0
513500.SH,20171109,20171107,1.5895,1.5895,,,1.5895,0
513500.SH,20171110,20171108,1.5931,1.5931,,,1.5931,0
513500.SH,20171111,20171109,1.5886,1.5886,,,1.5886,0
513500.SH,20171114,20171110,1.5866,1.5866,,,1.5866,0
513500.SH,20171115,20171113,1.5895,1.5895,,,1.5895,0
513500.SH,20171116,20171114,1.5872,1.5872,,,1.5872,0
513500.SH,20171117,20171115,1.5756,1.5756,,,1.5756,0
513500.SH,20171118,20171116,1.5895,1.5895,,,1.5895,0
513500.SH,20171121,20171117,1.585,1.585,,,1.585,0
513500.SH,20171122,20171120,1.5869,1.5869,,,1.5869,0
513500.SH,20171123,20171121,1.5992,1.5992,,,1.5992,0
513500.SH,20171124,20171122,1.5965,1.5965,,,1.5965,0
513500.SH,20171128,20171124,1.5883,1.5883,,,1.5883,0
513500.SH,20171129,20171127,1.5892,1.5892,,,1.5892,0
513500.SH,20171130,20171128,1.6066,1.6066,,,1.6066,0
513500.SH,20171201,20171129,1.608,1.608,,,1.608,0
513500.SH,20171202,20171130,1.6222,1.6222,,,1.6222,0
513500.SH,20171205,20171201,1.6197,1.6197,,,1.6197,0
513500.SH,20171206,20171204,1.6189,1.6189,,,1.6189,0
513500.SH,20171207,20171205,1.6128,1.6128,,,1.6128,0
513500.SH,20171208,20171206,1.6138,1.6138,,,1.6138,0
513500.SH,20171209,20171207,1.6195,1.6195,,,1.6195,0
513500.SH,20171212,20171208,1.6288,1.6288,,,1.6288,0
513500.SH,20171213,20171211,1.632,1.632,,,1.632,0
513500.SH,20171214,20171212,1.6347,1.6347,,,1.6347,0
513500.SH,20171215,20171213,1.6361,1.6361,,,1.6361,0
513500.SH,20171216,20171214,1.6242,1.6242,,,1.6242,0
513500.SH,20171219,20171215,1.6407,1.6407,,,1.6407,0
513500.SH,20171220,20171218,1.6505,1.6505,,,1.6505,0
513500.SH,20171221,20171219,1.6436,1.6436,,,1.6436,0
513500.SH,20171222,20171220,1.6416,1.6416,,,1.6416,0
513500.SH,20171223,20171221,1.6384,1.6384,,,1.6384,0
513500.SH,20171226,20171222,1.6383,1.6383,,,1.6383,0
513500.SH,20171228,20171226,1.627,1.627,,,1.627,0
513500.SH,20171229,20171227,1.6283,1.6283,,,1.6283,0
513500.SH,20171230,20171228,1.631,1.631,,,1.631,0
513500.SH,20180103,20171229,1.6211,1.6211,,,1.6211,0
513500.SH,20180103,20171231,1.621,1.621,,456821477.98,1.621,0
513500.SH,20180104,20180102,1.6277,1.6277,,,1.6277,0
513500.SH,20180105,20180103,1.6343,1.6343,,,1.6343,0
513500.SH,20180106,20180104,1.6441,1.6441,,,1.6441,0
513500.SH,20180109,20180105,1.6524,1.6524,,,1.6524,0
513500.SH,20180110,20180108,1.653,1.653,,,1.653,0
513500.SH,20180111,20180109,1.6589,1.6589,,,1.6589,0
513500.SH,20180112,20180110,1.6629,1.6629,,,1.6629,0
513500.SH,20180113,20180111,1.6731,1.6731,,,1.6731,0
513500.SH,20180116,20180112,1.679,1.679,,,1.679,0
513500.SH,20180118,20180116,1.659,1.659,,,1.659,0
513500.SH,20180119,20180117,1.6734,1.6734,,,1.6734,0
513500.SH,20180120,20180118,1.6724,1.6724,,,1.6724,0
513500.SH,20180123,20180119,1.6739,1.6739,,,1.6739,0
513500.SH,20180124,20180122,1.6856,1.6856,,,1.6856,0
513500.SH,20180125,20180123,1.6866,1.6866,,,1.6866,0
513500.SH,20180126,20180124,1.6833,1.6833,,,1.6833,0
513500.SH,20180127,20180125,1.6793,1.6793,,,1.6793,0
513500.SH,20180130,20180126,1.6916,1.6916,,,1.6916,0
513500.SH,20180131,20180129,1.6758,1.6758,,,1.6758,0
513500.SH,20180201,20180130,1.6588,1.6588,,,1.6588,0
513500.SH,20180202,20180131,1.6604,1.6604,,,1.6604,0
513500.SH,20180203,20180201,1.6516,1.6516,,,1.6516,0
513500.SH,20180206,20180202,1.6124,1.6124,,,1.6124,0
513500.SH,20180207,20180205,1.549,1.549,,,1.549,0
513500.SH,20180208,20180206,1.5781,1.5781,,,1.5781,0
513500.SH,20180209,20180207,1.5653,1.5653,,,1.5653,0
513500.SH,20180210,20180208,1.5058,1.5058,,,1.5058,0
513500.SH,20180213,20180209,1.5372,1.5372,,,1.5372,0
513500.SH,20180214,20180212,1.5533,1.5533,,,1.5533,0
513500.SH,20180215,20180213,1.5637,1.5637,,,1.5637,0
513500.SH,20180223,20180214,1.5894,1.5894,,,1.5894,0
513500.SH,20180224,20180222,1.5957,1.5957,,,1.5957,0
513500.SH,20180227,20180223,1.6197,1.6197,,,1.6197,0
513500.SH,20180228,20180226,1.6361,1.6361,,,1.6361,0
513500.SH,20180301,20180227,1.6095,1.6095,,,1.6095,0
513500.SH,20180302,20180228,1.5954,1.5954,,,1.5954,0
513500.SH,20180303,20180301,1.5757,1.5757,,,1.5757,0
513500.SH,20180306,20180302,1.5833,1.5833,,,1.5833,0
513500.SH,20180307,20180305,1.603,1.603,,,1.603,0
513500.SH,20180308,20180306,1.6061,1.6061,,,1.6061,0
513500.SH,20180309,20180307,1.6031,1.6031,,,1.6031,0
513500.SH,20180310,20180308,1.6093,1.6093,,,1.6093,0
513500.SH,20180313,20180309,1.6424,1.6424,,,1.6424,0
513500.SH,20180314,20180312,1.6372,1.6372,,,1.6372,0
513500.SH,20180315,20180313,1.624,1.624,,,1.624,0
513500.SH,20180316,20180314,1.6146,1.6146,,,1.6146,0
513500.SH,20180317,20180315,1.6119,1.6119,,,1.6119,0
513500.SH,20180320,20180316,1.6195,1.6195,,,1.6195,0
513500.SH,20180321,20180319,1.596,1.596,,,1.596,0
513500.SH,20180322,20180320,1.5964,1.5964,,,1.5964,0
513500.SH,20180323,20180321,1.5973,1.5973,,,1.5973,0
513500.SH,20180324,20180322,1.5514,1.5514,,,1.5514,0
513500.SH,20180327,20180323,1.5214,1.5214,,,1.5214,0
513500.SH,20180328,20180326,1.5602,1.5602,,,1.5602,0
513500.SH,20180329,20180327,1.5245,1.5245,,,1.5245,0
513500.SH,20180330,20180328,1.5195,1.5195,,,1.5195,0
513500.SH,20180331,20180329,1.5466,1.5466,,,1.5466,0
513500.SH,20180420,20180331,1.5426,1.5426,,450162962.84,1.5426,0
513500.SH,20180404,20180402,1.5052,1.5052,,,1.5052,0
513500.SH,20180405,20180403,1.5259,1.5259,,,1.5259,0
513500.SH,20180410,20180404,1.5459,1.5459,,,1.5459,0
513500.SH,20180411,20180409,1.5323,1.5323,,,1.5323,0
513500.SH,20180412,20180410,1.5566,1.5566,,,1.5566,0
513500.SH,20180413,20180411,1.5443,1.5443,,,1.5443,0
513500.SH,20180414,20180412,1.5552,1.5552,,,1.5552,0
513500.SH,20180417,20180413,1.5523,1.5523,,,1.5523,0
513500.SH,20180418,20180416,1.5645,1.5645,,,1.5645,0
513500.SH,20180419,20180417,1.5782,1.5782,,,1.5782,0
513500.SH,20180420,20180418,1.5807,1.5807,,,1.5807,0
513500.SH,20180421,20180419,1.572,1.572,,,1.572,0
513500.SH,20180424,20180420,1.5602,1.5602,,,1.5602,0
513500.SH,20180425,20180423,1.5634,1.5634,,,1.5634,0
513500.SH,20180426,20180424,1.5473,1.5473,,,1.5473,0
513500.SH,20180427,20180425,1.5462,1.5462,,,1.5462,0
513500.SH,20180428,20180426,1.5676,1.5676,,,1.5676,0
513500.SH,20180503,20180427,1.572,1.572,,,1.572,0
513500.SH,20180504,20180502,1.5581,1.5581,,,1.5581,0
513500.SH,20180505,20180503,1.5564,1.5564,,,1.5564,0
513500.SH,20180508,20180504,1.5712,1.5712,,,1.5712,0
513500.SH,20180509,20180507,1.578,1.578,,,1.578,0
513500.SH,20180510,20180508,1.5797,1.5797,,,1.5797,0
513500.SH,20180511,20180509,1.5965,1.5965,,,1.5965,0
513500.SH,20180512,20180510,1.6125,1.6125,,,1.6125,0
513500.SH,20180515,20180511,1.6097,1.6097,,,1.6097,0
513500.SH,20180516,20180514,1.6066,1.6066,,,1.6066,0
513500.SH,20180517,20180515,1.5991,1.5991,,,1.5991,0
513500.SH,20180518,20180516,1.6124,1.6124,,,1.6124,0
513500.SH,20180519,20180517,1.6097,1.6097,,,1.6097,0
513500.SH,20180522,20180518,1.6077,1.6077,,,1.6077,0
513500.SH,20180523,20180521,1.6217,1.6217,,,1.6217,0
513500.SH,20180524,20180522,1.6153,1.6153,,,1.6153,0
513500.SH,20180525,20180523,1.6198,1.6198,,,1.6198,0
513500.SH,20180526,20180524,1.6176,1.6176,,,1.6176,0
513500.SH,20180529,20180525,1.6151,1.6151,,,1.6151,0
513500.SH,20180531,20180529,1.6003,1.6003,,,1.6003,0
513500.SH,20180601,20180530,1.6254,1.6254,,,1.6254,0
513500.SH,20180602,20180531,1.6129,1.6129,,,1.6129,0
513500.SH,20180605,20180601,1.6288,1.6288,,,1.6288,0
513500.SH,20180606,20180604,1.6393,1.6393,,,1.6393,0
513500.SH,20180607,20180605,1.6393,1.6393,,,1.6393,0
513500.SH,20180608,20180606,1.6503,1.6503,,,1.6503,0
513500.SH,20180609,20180607,1.6463,1.6463,,,1.6463,0
513500.SH,20180612,20180608,1.6535,1.6535,,,1.6535,0
513500.SH,20180613,20180611,1.6567,1.6567,,,1.6567,0
513500.SH,20180614,20180612,1.6608,1.6608,,,1.6608,0
513500.SH,20180615,20180613,1.6549,1.6549,,,1.6549,0
513500.SH,20180616,20180614,1.6544,1.6544,,,1.6544,0
513500.SH,20180620,20180615,1.6612,1.6612,,,1.6612,0
513500.SH,20180621,20180619,1.6492,1.6492,,,1.6492,0
513500.SH,20180622,20180620,1.6608,1.6608,,,1.6608,0
513500.SH,20180623,20180621,1.6534,1.6534,,,1.6534,0
513500.SH,20180626,20180622,1.6589,1.6589,,,1.6589,0
513500.SH,20180627,20180625,1.6382,1.6382,,,1.6382,0
513500.SH,20180628,20180626,1.6489,1.6489,,,1.6489,0
513500.SH,20180629,20180627,1.6441,1.6441,,,1.6441,0
513500.SH,20180630,20180628,1.6639,1.6639,,,1.6639,0
513500.SH,20180703,20180629,1.6702,1.6702,,,1.6702,0
513500.SH,20180703,20180630,1.6701,1.6701,,490716769.58,1.6701,0
513500.SH,20180704,20180702,1.6749,1.6749,,,1.6749,0
513500.SH,20180705,20180703,1.6749,1.6749,,,1.6749,0
513500.SH,20180707,20180705,1.6818,1.6818,,,1.6818,0
513500.SH,20180710,20180706,1.6999,1.6999,,,1.6999,0
513500.SH,20180711,20180709,1.7165,1.7165,,,1.7165,0
513500.SH,20180712,20180710,1.7189,1.7189,,,1.7189,0
513500.SH,20180713,20180711,1.706,1.706,,,1.706,0
513500.SH,20180714,20180712,1.7335,1.7335,,,1.7335,0
513500.SH,20180717,20180713,1.7353,1.7353,,,1.7353,0
513500.SH,20180718,20180716,1.7341,1.7341,,,1.7341,0
513500.SH,20180719,20180717,1.7427,1.7427,,,1.7427,0
513500.SH,20180720,20180718,1.7488,1.7488,,,1.7488,0
513500.SH,20180721,20180719,1.7458,1.7458,,,1.7458,0
513500.SH,20180724,20180720,1.7596,1.7596,,,1.7596,0
513500.SH,20180725,20180723,1.7608,1.7608,,,1.7608,0
513500.SH,20180726,20180724,1.7768,1.7768,,,1.7768,0
513500.SH,20180727,20180725,1.7967,1.7967,,,1.7967,0
513500.SH,20180728,20180726,1.7817,1.7817,,,1.7817,0
513500.SH,20180731,20180727,1.7769,1.7769,,,1.7769,0
513500.SH,20180801,20180730,1.7715,1.7715,,,1.7715,0
513500.SH,20180802,20180731,1.781,1.781,,,1.781,0
513500.SH,20180803,20180801,1.7822,1.7822,,,1.7822,0
513500.SH,20180804,20180802,1.782,1.782,,,1.782,0
513500.SH,20180807,20180803,1.8004,1.8004,,,1.8004,0
513500.SH,20180808,20180806,1.8118,1.8118,,,1.8118,0
513500.SH,20180809,20180807,1.8147,1.8147,,,1.8147,0
513500.SH,20180810,20180808,1.8109,1.8109,,,1.8109,0
513500.SH,20180811,20180809,1.8086,1.8086,,,1.8086,0
513500.SH,20180814,20180810,1.7983,1.7983,,,1.7983,0
513500.SH,20180815,20180813,1.7971,1.7971,,,1.7971,0
513500.SH,20180816,20180814,1.8103,1.8103,,,1.8103,0
513500.SH,20180817,20180815,1.8008,1.8008,,,1.8008,0
513500.SH,20180818,20180816,1.8177,1.8177,,,1.8177,0
513500.SH,20180821,20180817,1.8223,1.8223,,,1.8223,0
513500.SH,20180822,20180820,1.8221,1.8221,,,1.8221,0
513500.SH,20180823,20180821,1.8164,1.8164,,,1.8164,0
513500.SH,20180824,20180822,1.8133,1.8133,,,1.8133,0
513500.SH,20180825,20180823,1.8128,1.8128,,,1.8128,0
513500.SH,20180828,20180824,1.8331,1.8331,,,1.8331,0
513500.SH,20180829,20180827,1.8418,1.8418,,,1.8418,0
513500.SH,20180830,20180828,1.8302,1.8302,,,1.8302,0
513500.SH,20180831,20180829,1.8412,1.8412,,,1.8412,0
513500.SH,20180901,20180830,1.8343,1.8343,,,1.8343,0
513500.SH,20180904,20180831,1.8382,1.8382,,,1.8382,0
513500.SH,20180906,20180904,1.8334,1.8334,,,1.8334,0
513500.SH,20180907,20180905,1.8305,1.8305,,,1.8305,0
513500.SH,20180908,20180906,1.823,1.823,,,1.823,0
513500.SH,20180911,20180907,1.819,1.819,,,1.819,0
513500.SH,20180912,20180910,1.8269,1.8269,,,1.8269,0
513500.SH,20180913,20180911,1.8363,1.8363,,,1.8363,0
513500.SH,20180914,20180912,1.8384,1.8384,,,1.8384,0
513500.SH,20180915,20180913,1.8469,1.8469,,,1.8469,0
513500.SH,20180918,20180914,1.8443,1.8443,,,1.8443,0
513500.SH,20180919,20180917,1.8378,1.8378,,,1.8378,0
513500.SH,20180920,20180918,1.8487,1.8487,,,1.8487,0
513500.SH,20180921,20180919,1.8514,1.8514,,,1.8514,0
513500.SH,20180922,20180920,1.8649,1.8649,,,1.8649,0
513500.SH,20180926,20180921,1.8596,1.8596,,,1.8596,0
513500.SH,20180927,20180925,1.8529,1.8529,,,1.8529,0
513500.SH,20180928,20180926,1.8502,1.8502,,,1.8502,0
513500.SH,20180929,20180927,1.8574,1.8574,,,1.8574,0
513500.SH,20181009,20180928,1.8613,1.8613,,,1.8613,0
513500.SH,20181025,20180930,1.8612,1.8612,,826021561.2,1.8612,0
513500.SH,20181010,20181008,1.8468,1.8468,,,1.8468,0
513500.SH,20181011,20181009,1.8461,1.8461,,,1.8461,0
513500.SH,20181012,20181010,1.7868,1.7868,,,1.7868,0
513500.SH,20181013,20181011,1.7511,1.7511,,,1.7511,0
513500.SH,20181016,20181012,1.7762,1.7762,,,1.7762,0
513500.SH,20181017,20181015,1.7663,1.7663,,,1.7663,0
513500.SH,20181018,20181016,1.8039,1.8039,,,1.8039,0
513500.SH,20181019,20181017,1.803,1.803,,,1.803,0
513500.SH,20181020,20181018,1.7814,1.7814,,,1.7814,0
513500.SH,20181023,20181019,1.7836,1.7836,,,1.7836,0
513500.SH,20181024,20181022,1.7719,1.7719,,,1.7719,0
513500.SH,20181025,20181023,1.7649,1.7649,,,1.7649,0
513500.SH,20181026,20181024,1.7112,1.7112,,,1.7112,0
513500.SH,20181027,20181025,1.7438,1.7438,,,1.7438,0
513500.SH,20181030,20181026,1.7166,1.7166,,,1.7166,0
513500.SH,20181031,20181029,1.7019,1.7019,,,1.7019,0
513500.SH,20181101,20181030,1.7335,1.7335,,,1.7335,0
513500.SH,20181102,20181031,1.754,1.754,,,1.754,0
513500.SH,20181103,20181101,1.7731,1.7731,,,1.7731,0
513500.SH,20181106,20181102,1.7546,1.7546,,,1.7546,0
513500.SH,20181107,20181105,1.7543,1.7543,,,1.7543,0
513500.SH,20181108,20181106,1.7679,1.7679,,,1.7679,0
513500.SH,20181109,20181107,1.805,1.805,,,1.805,0
513500.SH,20181110,20181108,1.8038,1.8038,,,1.8038,0
513500.SH,20181113,20181109,1.7915,1.7915,,,1.7915,0
513500.SH,20181114,20181112,1.7599,1.7599,,,1.7599,0
513500.SH,20181115,20181113,1.7612,1.7612,,,1.7612,0
513500.SH,20181116,20181114,1.7424,1.7424,,,1.7424,0
513500.SH,20181117,20181115,1.7612,1.7612,,,1.7612,0
513500.SH,20181120,20181116,1.7648,1.7648,,,1.7648,0
513500.SH,20181121,20181119,1.7321,1.7321,,,1.7321,0
513500.SH,20181122,20181120,1.7014,1.7014,,,1.7014,0
513500.SH,20181123,20181121,1.7108,1.7108,,,1.7108,0
513500.SH,20181127,20181123,1.696,1.696,,,1.696,0
513500.SH,20181128,20181126,1.7262,1.7262,,,1.7262,0
513500.SH,20181129,20181127,1.7322,1.7322,,,1.7322,0
513500.SH,20181130,20181128,1.7728,1.7728,,,1.7728,0
513500.SH,20181201,20181129,1.7656,1.7656,,,1.7656,0
513500.SH,20181204,20181130,1.78,1.78,,,1.78,0
513500.SH,20181205,20181203,1.8009,1.8009,,,1.8009,0
513500.SH,20181206,20181204,1.7306,1.7306,,,1.7306,0
513500.SH,20181208,20181206,1.7198,1.7198,,,1.7198,0
513500.SH,20181211,20181207,1.6818,1.6818,,,1.6818,0
513500.SH,20181212,20181210,1.6854,1.6854,,,1.6854,0
513500.SH,20181213,20181211,1.6924,1.6924,,,1.6924,0
513500.SH,20181214,20181212,1.7031,1.7031,,,1.7031,0
513500.SH,20181215,20181213,1.6956,1.6956,,,1.6956,0
513500.SH,20181218,20181214,1.6638,1.6638,,,1.6638,0
513500.SH,20181219,20181217,1.6337,1.6337,,,1.6337,0
513500.SH,20181220,20181218,1.6322,1.6322,,,1.6322,0
513500.SH,20181221,20181219,1.6077,1.6077,,,1.6077,0
513500.SH,20181222,20181220,1.5845,1.5845,,,1.5845,0
513500.SH,20181225,20181221,1.5499,1.5499,,,1.5499,0
513500.SH,20181226,20181224,1.5116,1.5116,,,1.5116,0
513500.SH,20181228,20181226,1.5814,1.5814,,,1.5814,0
513500.SH,20181229,20181227,1.5963,1.5963,,,1.5963,0
513500.SH,20190103,20181228,1.5885,1.5885,,,1.5885,0
513500.SH,20190103,20181231,1.6019,1.6019,,702935967.5,1.6019,0
513500.SH,20190104,20190102,1.6004,1.6004,,,1.6004,0
513500.SH,20190105,20190103,1.5645,1.5645,,,1.5645,0
513500.SH,20190108,20190104,1.6179,1.6179,,,1.6179,0
513500.SH,20190109,20190107,1.6276,1.6276,,,1.6276,0
513500.SH,20190110,20190108,1.6407,1.6407,,,1.6407,0
513500.SH,20190111,20190109,1.6507,1.6507,,,1.6507,0
513500.SH,20190112,20190110,1.6495,1.6495,,,1.6495,0
513500.SH,20190115,20190111,1.6434,1.6434,,,1.6434,0
513500.SH,20190116,20190114,1.6266,1.6266,,,1.6266,0
513500.SH,20190117,20190115,1.6436,1.6436,,,1.6436,0
513500.SH,20190118,20190116,1.649,1.649,,,1.649,0
513500.SH,20190119,20190117,1.661,1.661,,,1.661,0
513500.SH,20190122,20190118,1.6847,1.6847,,,1.6847,0
513500.SH,20190124,20190122,1.6653,1.6653,,,1.6653,0
513500.SH,20190125,20190123,1.6718,1.6718,,,1.6718,0
513500.SH,20190126,20190124,1.67,1.67,,,1.67,0
513500.SH,20190129,20190125,1.6874,1.6874,,,1.6874,0
513500.SH,20190130,20190128,1.6629,1.6629,,,1.6629,0
513500.SH,20190131,20190129,1.6578,1.6578,,,1.6578,0
513500.SH,20190201,20190130,1.6833,1.6833,,,1.6833,0
513500.SH,20190202,20190131,1.6902,1.6902,,,1.6902,0
513500.SH,20190212,20190201,1.6932,1.6932,,,1.6932,0
513500.SH,20190213,20190211,1.7058,1.7058,,,1.7058,0
513500.SH,20190214,20190212,1.7346,1.7346,,,1.7346,0
513500.SH,20190215,20190213,1.7376,1.7376,,,1.7376,0
513500.SH,20190216,20190214,1.7353,1.7353,,,1.7353,0
513500.SH,20190219,20190215,1.7514,1.7514,,,1.7514,0
513500.SH,20190221,20190219,1.7544,1.7544,,,1.7544,0
513500.SH,20190222,20190220,1.7555,1.7555,,,1.7555,0
513500.SH,20190223,20190221,1.7407,1.7407,,,1.7407,0
513500.SH,20190226,20190222,1.7501,1.7501,,,1.7501,0
513500.SH,20190227,20190225,1.7518,1.7518,,,1.7518,0
513500.SH,20190228,20190226,1.7457,1.7457,,,1.7457,0
513500.SH,20190301,20190227,1.7425,1.7425,,,1.7425,0
513500.SH,20190302,20190228,1.739,1.739,,,1.739,0
513500.SH,20190305,20190301,1.7525,1.7525,,,1.7525,0
513500.SH,20190306,20190304,1.7477,1.7477,,,1.7477,0
513500.SH,20190307,20190305,1.7446,1.7446,,,1.7446,0
513500.SH,20190308,20190306,1.7345,1.7345,,,1.7345,0
513500.SH,20190309,20190307,1.7222,1.7222,,,1.7222,0
513500.SH,20190312,20190308,1.7215,1.7215,,,1.7215,0
513500.SH,20190313,20190311,1.7457,1.7457,,,1.7457,0
513500.SH,20190314,20190312,1.749,1.749,,,1.749,0
513500.SH,20190315,20190313,1.761,1.761,,,1.761,0
513500.SH,20190316,20190314,1.7571,1.7571,,,1.7571,0
513500.SH,20190319,20190315,1.7702,1.7702,,,1.7702,0
513500.SH,20190320,20190318,1.7746,1.7746,,,1.7746,0
513500.SH,20190321,20190319,1.7737,1.7737,,,1.7737,0
513500.SH,20190322,20190320,1.7694,1.7694,,,1.7694,0
513500.SH,20190323,20190321,1.782,1.782,,,1.782,0
513500.SH,20190326,20190322,1.7507,1.7507,,,1.7507,0
513500.SH,20190327,20190325,1.7532,1.7532,,,1.7532,0
513500.SH,20190328,20190326,1.7643,1.7643,,,1.7643,0
513500.SH,20190329,20190327,1.7587,1.7587,,,1.7587,0
513500.SH,20190330,20190328,1.7684,1.7684,,,1.7684,0
513500.SH,20190402,20190329,1.7821,1.7821,,,1.7821,0
513500.SH,20190422,20190331,1.782,1.782,,801560933.91,1.782,0
513500.SH,20190403,20190401,1.7987,1.7987,,,1.7987,0
513500.SH,20190404,20190402,1.7978,1.7978,,,1.7978,0
513500.SH,20190405,20190403,1.8026,1.8026,,,1.8026,0
513500.SH,20190409,20190404,1.8029,1.8029,,,1.8029,0
513500.SH,20190410,20190408,1.817,1.817,,,1.817,0
513500.SH,20190411,20190409,1.805,1.805,,,1.805,0
513500.SH,20190412,20190410,1.8105,1.8105,,,1.8105,0
513500.SH,20190413,20190411,1.8099,1.8099,,,1.8099,0
513500.SH,20190416,20190412,1.8256,1.8256,,,1.8256,0
513500.SH,20190417,20190415,1.8215,1.8215,,,1.8215,0
513500.SH,20190418,20190416,1.8219,1.8219,,,1.8219,0
513500.SH,20190419,20190417,1.8181,1.8181,,,1.8181,0
513500.SH,20190420,20190418,1.8158,1.8158,,,1.8158,0
513500.SH,20190424,20190422,1.8207,1.8207,,,1.8207,0
513500.SH,20190425,20190423,1.8381,1.8381,,,1.8381,0
513500.SH,20190426,20190424,1.8373,1.8373,,,1.8373,0
513500.SH,20190427,20190425,1.8392,1.8392,,,1.8392,0
513500.SH,20190430,20190426,1.8479,1.8479,,,1.8479,0
513500.SH,20190501,20190429,1.8498,1.8498,,,1.8498,0
513500.SH,20190507,20190430,1.851,1.851,,,1.851,0
513500.SH,20190508,20190506,1.8445,1.8445,,,1.8445,0
513500.SH,20190509,20190507,1.8213,1.8213,,,1.8213,0
513500.SH,20190510,20190508,1.818,1.818,,,1.818,0
513500.SH,20190511,20190509,1.8147,1.8147,,,1.8147,0
513500.SH,20190514,20190510,1.8285,1.8285,,,1.8285,0
513500.SH,20190515,20190513,1.785,1.785,,,1.785,0
513500.SH,20190516,20190514,1.8103,1.8103,,,1.8103,0
513500.SH,20190517,20190515,1.8285,1.8285,,,1.8285,0
513500.SH,20190518,20190516,1.846,1.846,,,1.846,0
513500.SH,20190521,20190517,1.8396,1.8396,,,1.8396,0
513500.SH,20190522,20190520,1.8305,1.8305,,,1.8305,0
513500.SH,20190523,20190521,1.8459,1.8459,,,1.8459,0
513500.SH,20190524,20190522,1.8407,1.8407,,,1.8407,0
513500.SH,20190525,20190523,1.819,1.819,,,1.819,0
513500.SH,20190528,20190524,1.8218,1.8218,,,1.8218,0
513500.SH,20190530,20190528,1.8058,1.8058,,,1.8058,0
513500.SH,20190531,20190529,1.7935,1.7935,,,1.7935,0
513500.SH,20190601,20190530,1.7976,1.7976,,,1.7976,0
513500.SH,20190604,20190531,1.7742,1.7742,,,1.7742,0
513500.SH,20190605,20190603,1.7667,1.7667,,,1.7667,0
513500.SH,20190606,20190604,1.8026,1.8026,,,1.8026,0
513500.SH,20190607,20190605,1.8195,1.8195,,,1.8195,0
513500.SH,20190611,20190606,1.8323,1.8323,,,1.8323,0
513500.SH,20190612,20190610,1.8596,1.8596,,,1.8596,0
513500.SH,20190613,20190611,1.8589,1.8589,,,1.8589,0
513500.SH,20190614,20190612,1.8552,1.8552,,,1.8552,0
513500.SH,20190615,20190613,1.8633,1.8633,,,1.8633,0
513500.SH,20190618,20190614,1.8606,1.8606,,,1.8606,0
513500.SH,20190619,20190617,1.8622,1.8622,,,1.8622,0
513500.SH,20190620,20190618,1.8804,1.8804,,,1.8804,0
513500.SH,20190621,20190619,1.8846,1.8846,,,1.8846,0
513500.SH,20190622,20190620,1.9,1.9,,,1.9,0
513500.SH,20190625,20190621,1.8884,1.8884,,,1.8884,0
513500.SH,20190626,20190624,1.886,1.886,,,1.886,0
513500.SH,20190627,20190625,1.87,1.87,,,1.87,0
513500.SH,20190628,20190626,1.871,1.871,,,1.871,0
513500.SH,20190629,20190627,1.8805,1.8805,,,1.8805,0
513500.SH,20190702,20190628,1.8902,1.8902,,,1.8902,0
513500.SH,20190702,20190630,1.8901,1.8901,,912565688.92,1.8901,0
513500.SH,20190703,20190701,1.9037,1.9037,,,1.9037,0
513500.SH,20190704,20190702,1.9036,1.9036,,,1.9036,0
513500.SH,20190705,20190703,1.9223,1.9223,,,1.9223,0
513500.SH,20190709,20190705,1.9203,1.9203,,,1.9203,0
513500.SH,20190710,20190708,1.9161,1.9161,,,1.9161,0
513500.SH,20190711,20190709,1.9183,1.9183,,,1.9183,0
513500.SH,20190712,20190710,1.9271,1.9271,,,1.9271,0
513500.SH,20190713,20190711,1.9265,1.9265,,,1.9265,0
513500.SH,20190716,20190712,1.935,1.935,,,1.935,0
513500.SH,20190717,20190715,1.9356,1.9356,,,1.9356,0
513500.SH,20190718,20190716,1.93,1.93,,,1.93,0
513500.SH,20190719,20190717,1.9205,1.9205,,,1.9205,0
513500.SH,20190720,20190718,1.9257,1.9257,,,1.9257,0
513500.SH,20190723,20190719,1.9104,1.9104,,,1.9104,0
513500.SH,20190724,20190722,1.9191,1.9191,,,1.9191,0
513500.SH,20190725,20190723,1.9337,1.9337,,,1.9337,0
513500.SH,20190726,20190724,1.9439,1.9439,,,1.9439,0
513500.SH,20190727,20190725,1.9304,1.9304,,,1.9304,0
513500.SH,20190730,20190726,1.946,1.946,,,1.946,0
513500.SH,20190731,20190729,1.9435,1.9435,,,1.9435,0
513500.SH,20190801,20190730,1.9396,1.9396,,,1.9396,0
513500.SH,20190802,20190731,1.918,1.918,,,1.918,0
513500.SH,20190803,20190801,1.9034,1.9034,,,1.9034,0
513500.SH,20190806,20190802,1.8914,1.8914,,,1.8914,0
513500.SH,20190807,20190805,1.8408,1.8408,,,1.8408,0
513500.SH,20190808,20190806,1.8769,1.8769,,,1.8769,0
513500.SH,20190809,20190807,1.8862,1.8862,,,1.8862,0
513500.SH,20190810,20190808,1.9233,1.9233,,,1.9233,0
513500.SH,20190813,20190809,1.913,1.913,,,1.913,0
513500.SH,20190814,20190812,1.8922,1.8922,,,1.8922,0
513500.SH,20190815,20190813,1.9232,1.9232,,,1.9232,0
513500.SH,20190816,20190814,1.8668,1.8668,,,1.8668,0
513500.SH,20190817,20190815,1.8705,1.8705,,,1.8705,0
513500.SH,20190820,20190816,1.8989,1.8989,,,1.8989,0
513500.SH,20190821,20190819,1.9229,1.9229,,,1.9229,0
513500.SH,20190822,20190820,1.9101,1.9101,,,1.9101,0
513500.SH,20190823,20190821,1.9255,1.9255,,,1.9255,0
513500.SH,20190824,20190822,1.9259,1.9259,,,1.9259,0
513500.SH,20190827,20190823,1.8784,1.8784,,,1.8784,0
513500.SH,20190828,20190826,1.8989,1.8989,,,1.8989,0
513500.SH,20190829,20190827,1.8985,1.8985,,,1.8985,0
513500.SH,20190830,20190828,1.9118,1.9118,,,1.9118,0
513500.SH,20190831,20190829,1.9367,1.9367,,,1.9367,0
513500.SH,20190903,20190830,1.938,1.938,,,1.938,0
513500.SH,20190905,20190903,1.9247,1.9247,,,1.9247,0
513500.SH,20190906,20190904,1.9455,1.9455,,,1.9455,0
513500.SH,20190907,20190905,1.9701,1.9701,,,1.9701,0
513500.SH,20190910,20190906,1.9722,1.9722,,,1.9722,0
513500.SH,20190911,20190909,1.9718,1.9718,,,1.9718,0
513500.SH,20190912,20190910,1.9722,1.9722,,,1.9722,0
513500.SH,20190913,20190911,1.9864,1.9864,,,1.9864,0
513500.SH,20190917,20190912,1.9925,1.9925,,,1.9925,0
513500.SH,20190918,20190916,1.9799,1.9799,,,1.9799,0
513500.SH,20190919,20190917,1.987,1.987,,,1.987,0
513500.SH,20190920,20190918,1.9875,1.9875,,,1.9875,0
513500.SH,20190921,20190919,1.9877,1.9877,,,1.9877,0
513500.SH,20190924,20190920,1.9778,1.9778,,,1.9778,0
513500.SH,20190925,20190923,1.9779,1.9779,,,1.9779,0
513500.SH,20190926,20190924,1.961,1.961,,,1.961,0
513500.SH,20190927,20190925,1.9728,1.9728,,,1.9728,0
513500.SH,20190928,20190926,1.9682,1.9682,,,1.9682,0
513500.SH,20191001,20190927,1.958,1.958,,,1.958,0
513500.SH,20191023,20190930,1.9677,1.9677,,1140905623.78,1.9677,1
513500.SH,20191010,20191008,1.9126,1.9126,,,1.9126,0
513500.SH,20191011,20191009,1.9306,1.9306,,,1.9306,0
513500.SH,20191012,20191010,1.9432,1.9432,,,1.9432,0
513500.SH,20191015,20191011,1.9643,1.9643,,,1.9643,0
513500.SH,20191016,20191014,1.9613,1.9613,,,1.9613,0
513500.SH,20191017,20191015,1.9803,1.9803,,,1.9803,0
513500.SH,20191018,20191016,1.9774,1.9774,,,1.9774,0
513500.SH,20191019,20191017,1.9841,1.9841,,,1.9841,0
513500.SH,20191022,20191018,1.9736,1.9736,,,1.9736,0
513500.SH,20191023,20191021,1.9868,1.9868,,,1.9868,0
513500.SH,20191024,20191022,1.9793,1.9793,,,1.9793,0
513500.SH,20191025,20191023,1.9874,1.9874,,,1.9874,0
513500.SH,20191026,20191024,1.9903,1.9903,,,1.9903,0
513500.SH,20191029,20191025,1.999,1.999,,,1.999,0
513500.SH,20191030,20191028,2.0103,2.0103,,,2.0103,0
513500.SH,20191031,20191029,2.0045,2.0045,,,2.0045,0
513500.SH,20191101,20191030,2.0103,2.0103,,,2.0103,0
513500.SH,20191102,20191031,2.0027,2.0027,,,2.0027,0
513500.SH,20191105,20191101,2.0192,2.0192,,,2.0192,0
513500.SH,20191106,20191104,2.025,2.025,,,2.025,0
513500.SH,20191107,20191105,2.0226,2.0226,,,2.0226,0
513500.SH,20191108,20191106,2.0156,2.0156,,,2.0156,0
513500.SH,20191109,20191107,2.0198,2.0198,,,2.0198,0
513500.SH,20191112,20191108,2.0233,2.0233,,,2.0233,0
513500.SH,20191113,20191111,2.0189,2.0189,,,2.0189,0
513500.SH,20191114,20191112,2.0237,2.0237,,,2.0237,0
513500.SH,20191115,20191113,2.0263,2.0263,,,2.0263,0
513500.SH,20191116,20191114,2.03,2.03,,,2.03,0
513500.SH,20191119,20191115,2.0461,2.0461,,,2.0461,0
513500.SH,20191120,20191118,2.0456,2.0456,,,2.0456,0
513500.SH,20191121,20191119,2.0442,2.0442,,,2.0442,0
513500.SH,20191122,20191120,2.0394,2.0394,,,2.0394,0
513500.SH,20191123,20191121,2.0391,2.0391,,,2.0391,0
513500.SH,20191126,20191122,2.046,2.046,,,2.046,0
513500.SH,20191127,20191125,2.0639,2.0639,,,2.0639,0
513500.SH,20191128,20191126,2.067,2.067,,,2.067,0
513500.SH,20191129,20191127,2.0757,2.0757,,,2.0757,0
513500.SH,20191203,20191129,2.0662,2.0662,,,2.0662,0
513500.SH,20191204,20191202,2.0472,2.0472,,,2.0472,0
513500.SH,20191205,20191203,2.0324,2.0324,,,2.0324,0
513500.SH,20191206,20191204,2.0495,2.0495,,,2.0495,0
513500.SH,20191207,20191205,2.057,2.057,,,2.057,0
513500.SH,20191210,20191206,2.0717,2.0717,,,2.0717,0
513500.SH,20191211,20191209,2.0657,2.0657,,,2.0657,0
513500.SH,20191212,20191210,2.0635,2.0635,,,2.0635,0
513500.SH,20191213,20191211,2.069,2.069,,,2.069,0
513500.SH,20191214,20191212,2.0829,2.0829,,,2.0829,0
513500.SH,20191217,20191213,2.0807,2.0807,,,2.0807,0
513500.SH,20191218,20191216,2.0883,2.0883,,,2.0883,0
513500.SH,20191219,20191217,2.0903,2.0903,,,2.0903,0
513500.SH,20191220,20191218,2.0897,2.0897,,,2.0897,0
513500.SH,20191221,20191219,2.1005,2.1005,,,2.1005,0
513500.SH,20191224,20191220,2.1105,2.1105,,,2.1105,0
513500.SH,20191225,20191223,2.115,2.115,,,2.115,0
513500.SH,20191226,20191224,2.1147,2.1147,,,2.1147,0
513500.SH,20191228,20191226,2.1161,2.1161,,,2.1161,0
513500.SH,20191231,20191227,2.1182,2.1182,,,2.1182,0
513500.SH,20200101,20191230,2.104,2.104,,,2.104,0
513500.SH,20200117,20191231,2.1088,2.1088,,1477921261.68,2.1088,1
513500.SH,20200104,20200102,2.1222,2.1222,,,2.1222,0
513500.SH,20200107,20200103,2.1094,2.1094,,,2.1094,0
513500.SH,20200108,20200106,2.1176,2.1176,,,2.1176,0
513500.SH,20200109,20200107,2.1111,2.1111,,,2.1111,0
513500.SH,20200110,20200108,2.1146,2.1146,,,2.1146,0
513500.SH,20200111,20200109,2.1303,2.1303,,,2.1303,0
513500.SH,20200114,20200110,2.1198,2.1198,,,2.1198,0
513500.SH,20200115,20200113,2.1318,2.1318,,,2.1318,0
513500.SH,20200116,20200114,2.1195,2.1195,,,2.1195,0
513500.SH,20200117,20200115,2.12,2.12,,,2.12,0
513500.SH,20200118,20200116,2.1363,2.1363,,,2.1363,0
513500.SH,20200121,20200117,2.1468,2.1468,,,2.1468,0
513500.SH,20200123,20200121,2.1323,2.1323,,,2.1323,0
513500.SH,20200124,20200122,2.1406,2.1406,,,2.1406,0
513500.SH,20200204,20200123,2.1439,2.1439,,,2.1439,0
513500.SH,20200205,20200203,2.106,2.106,,,2.106,0
513500.SH,20200206,20200204,2.1537,2.1537,,,2.1537,0
513500.SH,20200207,20200205,2.1792,2.1792,,,2.1792,0
513500.SH,20200208,20200206,2.1918,2.1918,,,2.1918,0
513500.SH,20200211,20200207,2.1734,2.1734,,,2.1734,0
513500.SH,20200212,20200210,2.1927,2.1927,,,2.1927,0
513500.SH,20200213,20200211,2.1974,2.1974,,,2.1974,0
513500.SH,20200214,20200212,2.2061,2.2061,,,2.2061,0
513500.SH,20200215,20200213,2.2052,2.2052,,,2.2052,0
513500.SH,20200218,20200214,2.2113,2.2113,,,2.2113,0
513500.SH,20200220,20200218,2.204,2.204,,,2.204,0
513500.SH,20200221,20200219,2.2205,2.2205,,,2.2205,0
513500.SH,20200222,20200220,2.2123,2.2123,,,2.2123,0
513500.SH,20200225,20200221,2.1949,2.1949,,,2.1949,0
513500.SH,20200226,20200224,2.1224,2.1224,,,2.1224,0
513500.SH,20200227,20200225,2.0579,2.0579,,,2.0579,0
513500.SH,20200228,20200226,2.0467,2.0467,,,2.0467,0
513500.SH,20200229,20200227,1.9587,1.9587,,,1.9587,0
513500.SH,20200303,20200228,1.9395,1.9395,,,1.9395,0
513500.SH,20200304,20200302,2.0196,2.0196,,,2.0196,0
513500.SH,20200305,20200303,1.9561,1.9561,,,1.9561,0
513500.SH,20200306,20200304,2.0383,2.0383,,,2.0383,0
513500.SH,20200307,20200305,1.9667,1.9667,,,1.9667,0
513500.SH,20200310,20200306,1.9315,1.9315,,,1.9315,0
513500.SH,20200311,20200309,1.784,1.784,,,1.784,0
513500.SH,20200312,20200310,1.8742,1.8742,,,1.8742,0
513500.SH,20200313,20200311,1.7891,1.7891,,,1.7891,0
513500.SH,20200314,20200312,1.6199,1.6199,,,1.6199,0
513500.SH,20200317,20200313,1.7804,1.7804,,,1.7804,0
513500.SH,20200318,20200316,1.5679,1.5679,,,1.5679,0
513500.SH,20200319,20200317,1.6614,1.6614,,,1.6614,0
513500.SH,20200320,20200318,1.5822,1.5822,,,1.5822,0
513500.SH,20200321,20200319,1.5931,1.5931,,,1.5931,0
513500.SH,20200324,20200320,1.5361,1.5361,,,1.5361,0
513500.SH,20200325,20200323,1.4889,1.4889,,,1.4889,0
513500.SH,20200326,20200324,1.6297,1.6297,,,1.6297,0
513500.SH,20200327,20200325,1.6428,1.6428,,,1.6428,0
513500.SH,20200328,20200326,1.7437,1.7437,,,1.7437,0
513500.SH,20200331,20200327,1.6789,1.6789,,,1.6789,0
513500.SH,20200401,20200330,1.7358,1.7358,,,1.7358,0
513500.SH,20200422,20200331,1.718,1.718,,1674738794.82,1.718,1
513500.SH,20200403,20200401,1.6401,1.6401,,,1.6401,0
513500.SH,20200404,20200402,1.6835,1.6835,,,1.6835,0
513500.SH,20200408,20200403,1.661,1.661,,,1.661,0
513500.SH,20200409,20200407,1.77,1.77,,,1.77,0
513500.SH,20200410,20200408,1.8189,1.8189,,,1.8189,0
513500.SH,20200411,20200409,1.847,1.847,,,1.847,0
513500.SH,20200415,20200413,1.8225,1.8225,,,1.8225,0
513500.SH,20200416,20200414,1.8811,1.8811,,,1.8811,0
513500.SH,20200417,20200415,1.8394,1.8394,,,1.8394,0
513500.SH,20200418,20200416,1.858,1.858,,,1.858,0
513500.SH,20200421,20200417,1.9083,1.9083,,,1.9083,0
513500.SH,20200422,20200420,1.8718,1.8718,,,1.8718,0
513500.SH,20200423,20200421,1.8174,1.8174,,,1.8174,0
513500.SH,20200424,20200422,1.8627,1.8627,,,1.8627,0
513500.SH,20200425,20200423,1.861,1.861,,,1.861,0
513500.SH,20200428,20200424,1.885,1.885,,,1.885,0
513500.SH,20200429,20200427,1.9097,1.9097,,,1.9097,0
513500.SH,20200430,20200428,1.9004,1.9004,,,1.9004,0
513500.SH,20200501,20200429,1.9506,1.9506,,,1.9506,0
513500.SH,20200507,20200430,1.9286,1.9286,,,1.9286,0
513500.SH,20200508,20200506,1.8893,1.8893,,,1.8893,0
513500.SH,20200509,20200507,1.9187,1.9187,,,1.9187,0
513500.SH,20200512,20200508,1.9475,1.9475,,,1.9475,0
513500.SH,20200513,20200511,1.9469,1.9469,,,1.9469,0
513500.SH,20200514,20200512,1.9108,1.9108,,,1.9108,0
513500.SH,20200515,20200513,1.8768,1.8768,,,1.8768,0
513500.SH,20200516,20200514,1.9007,1.9007,,,1.9007,0
513500.SH,20200519,20200515,1.9071,1.9071,,,1.9071,0
513500.SH,20200520,20200518,1.9703,1.9703,,,1.9703,0
513500.SH,20200521,20200519,1.9466,1.9466,,,1.9466,0
513500.SH,20200522,20200520,1.9806,1.9806,,,1.9806,0
513500.SH,20200523,20200521,1.9624,1.9624,,,1.9624,0
513500.SH,20200526,20200522,1.9696,1.9696,,,1.9696,0
513500.SH,20200528,20200526,2.0038,2.0038,,,2.0038,0
513500.SH,20200529,20200527,2.0276,2.0276,,,2.0276,0
513500.SH,20200530,20200528,2.0291,2.0291,,,2.0291,0
513500.SH,20200602,20200529,2.0397,2.0397,,,2.0397,0
513500.SH,20200603,20200601,2.0473,2.0473,,,2.0473,0
513500.SH,20200604,20200602,2.0597,2.0597,,,2.0597,0
513500.SH,20200605,20200603,2.0852,2.0852,,,2.0852,0
513500.SH,20200606,20200604,2.0769,2.0769,,,2.0769,0
513500.SH,20200609,20200605,2.1299,2.1299,,,2.1299,0
513500.SH,20200610,20200608,2.153,2.153,,,2.153,0
513500.SH,20200611,20200609,2.1312,2.1312,,,2.1312,0
513500.SH,20200612,20200610,2.1196,2.1196,,,2.1196,0
513500.SH,20200613,20200611,1.9925,1.9925,,,1.9925,0
513500.SH,20200616,20200612,2.0258,2.0258,,,2.0258,0
513500.SH,20200617,20200615,2.0441,2.0441,,,2.0441,0
513500.SH,20200618,20200616,2.0785,2.0785,,,2.0785,0
513500.SH,20200619,20200617,2.0741,2.0741,,,2.0741,0
513500.SH,20200620,20200618,2.0758,2.0758,,,2.0758,0
513500.SH,20200623,20200619,2.0636,2.0636,,,2.0636,0
513500.SH,20200624,20200622,2.0767,2.0767,,,2.0767,0
513500.SH,20200625,20200623,2.0798,2.0798,,,2.0798,0
513500.SH,20200630,20200624,2.0229,2.0229,,,2.0229,0
513500.SH,20200701,20200629,2.0321,2.0321,,,2.0321,0
513500.SH,20200721,20200630,2.0628,2.0628,,2056218396.34,2.0628,1
513500.SH,20200703,20200701,2.0705,2.0705,,,2.0705,0
513500.SH,20200704,20200702,2.0764,2.0764,,,2.0764,0
513500.SH,20200708,20200706,2.1117,2.1117,,,2.1117,0
513500.SH,20200709,20200707,2.0782,2.0782,,,2.0782,0
513500.SH,20200710,20200708,2.0914,2.0914,,,2.0914,0
513500.SH,20200711,20200709,2.0763,2.0763,,,2.0763,0
513500.SH,20200714,20200710,2.0939,2.0939,,,2.0939,0
513500.SH,20200715,20200713,2.0746,2.0746,,,2.0746,0
513500.SH,20200716,20200714,2.1034,2.1034,,,2.1034,0
513500.SH,20200717,20200715,2.1222,2.1222,,,2.1222,0
513500.SH,20200718,20200716,2.1125,2.1125,,,2.1125,0
513500.SH,20200721,20200717,2.1227,2.1227,,,2.1227,0
513500.SH,20200722,20200720,2.1368,2.1368,,,2.1368,0
513500.SH,20200723,20200721,2.1383,2.1383,,,2.1383,0
513500.SH,20200724,20200722,2.1458,2.1458,,,2.1458,0
513500.SH,20200725,20200723,2.1258,2.1258,,,2.1258,0
513500.SH,20200728,20200724,2.1132,2.1132,,,2.1132,0
513500.SH,20200729,20200727,2.1316,2.1316,,,2.1316,0
513500.SH,20200730,20200728,2.1139,2.1139,,,2.1139,0
513500.SH,20200731,20200729,2.1423,2.1423,,,2.1423,0
513500.SH,20200801,20200730,2.1328,2.1328,,,2.1328,0
513500.SH,20200804,20200731,2.1473,2.1473,,,2.1473,0
513500.SH,20200805,20200803,2.1666,2.1666,,,2.1666,0
513500.SH,20200806,20200804,2.1688,2.1688,,,2.1688,0
513500.SH,20200807,20200805,2.1806,2.1806,,,2.1806,0
513500.SH,20200808,20200806,2.1846,2.1846,,,2.1846,0
513500.SH,20200811,20200807,2.1854,2.1854,,,2.1854,0
513500.SH,20200812,20200810,2.1988,2.1988,,,2.1988,0
513500.SH,20200813,20200811,2.1835,2.1835,,,2.1835,0
513500.SH,20200814,20200812,2.2104,2.2104,,,2.2104,0
513500.SH,20200815,20200813,2.2012,2.2012,,,2.2012,0
513500.SH,20200818,20200814,2.1999,2.1999,,,2.1999,0
513500.SH,20200819,20200817,2.2046,2.2046,,,2.2046,0
513500.SH,20200820,20200818,2.2088,2.2088,,,2.2088,0
513500.SH,20200821,20200819,2.1945,2.1945,,,2.1945,0
513500.SH,20200822,20200820,2.2046,2.2046,,,2.2046,0
513500.SH,20200825,20200821,2.2069,2.2069,,,2.2069,0
513500.SH,20200826,20200824,2.2318,2.2318,,,2.2318,0
513500.SH,20200827,20200825,2.2396,2.2396,,,2.2396,0
513500.SH,20200828,20200826,2.259,2.259,,,2.259,0
513500.SH,20200829,20200827,2.2571,2.2571,,,2.2571,0
513500.SH,20200901,20200828,2.2719,2.2719,,,2.2719,0
513500.SH,20200902,20200831,2.2577,2.2577,,,2.2577,0
513500.SH,20200903,20200901,2.2712,2.2712,,,2.2712,0
513500.SH,20200904,20200902,2.3018,2.3018,,,2.3018,0
513500.SH,20200905,20200903,2.2196,2.2196,,,2.2196,0
513500.SH,20200908,20200904,2.2022,2.2022,,,2.2022,0
513500.SH,20200910,20200908,2.1416,2.1416,,,2.1416,0
513500.SH,20200911,20200909,2.1866,2.1866,,,2.1866,0
513500.SH,20200912,20200910,2.1453,2.1453,,,2.1453,0
513500.SH,20200915,20200911,2.1479,2.1479,,,2.1479,0
513500.SH,20200916,20200914,2.1749,2.1749,,,2.1749,0
513500.SH,20200917,20200915,2.1821,2.1821,,,2.1821,0
513500.SH,20200918,20200916,2.1595,2.1595,,,2.1595,0
513500.SH,20200919,20200917,2.1367,2.1367,,,2.1367,0
513500.SH,20200922,20200918,2.1103,2.1103,,,2.1103,0
513500.SH,20200923,20200921,2.0858,2.0858,,,2.0858,0
513500.SH,20200924,20200922,2.1157,2.1157,,,2.1157,0
513500.SH,20200925,20200923,2.0695,2.0695,,,2.0695,0
513500.SH,20200926,20200924,2.0769,2.0769,,,2.0769,0
513500.SH,20200929,20200925,2.1125,2.1125,,,2.1125,0
513500.SH,20200930,20200928,2.1507,2.1507,,,2.1507,0
513500.SH,20201001,20200929,2.138,2.138,,,2.138,0
513500.SH,20201028,20200930,2.1531,2.1531,,2157054534.26,2.1531,1
513500.SH,20201013,20201009,2.2173,2.2173,,,2.2173,0
513500.SH,20201014,20201012,2.2315,2.2315,,,2.2315,0
513500.SH,20201015,20201013,2.2228,2.2228,,,2.2228,0
513500.SH,20201016,20201014,2.2139,2.2139,,,2.2139,0
513500.SH,20201017,20201015,2.2073,2.2073,,,2.2073,0
513500.SH,20201020,20201016,2.2057,2.2057,,,2.2057,0
513500.SH,20201021,20201019,2.1599,2.1599,,,2.1599,0
513500.SH,20201022,20201020,2.1673,2.1673,,,2.1673,0
513500.SH,20201023,20201021,2.1582,2.1582,,,2.1582,0
513500.SH,20201024,20201022,2.1622,2.1622,,,2.1622,0
513500.SH,20201027,20201023,2.174,2.174,,,2.174,0
513500.SH,20201028,20201026,2.1344,2.1344,,,2.1344,0
513500.SH,20201029,20201027,2.1362,2.1362,,,2.1362,0
513500.SH,20201030,20201028,2.0669,2.0669,,,2.0669,0
513500.SH,20201031,20201029,2.0936,2.0936,,,2.0936,0
513500.SH,20201103,20201030,2.0677,2.0677,,,2.0677,0
513500.SH,20201104,20201102,2.0874,2.0874,,,2.0874,0
513500.SH,20201105,20201103,2.1217,2.1217,,,2.1217,0
513500.SH,20201106,20201104,2.1625,2.1625,,,2.1625,0
513500.SH,20201107,20201105,2.209,2.209,,,2.209,0
513500.SH,20201110,20201106,2.1889,2.1889,,,2.1889,0
513500.SH,20201111,20201109,2.209,2.209,,,2.209,0
513500.SH,20201112,20201110,2.1988,2.1988,,,2.1988,0
513500.SH,20201113,20201111,2.2213,2.2213,,,2.2213,0
513500.SH,20201114,20201112,2.2048,2.2048,,,2.2048,0
513500.SH,20201117,20201113,2.2366,2.2366,,,2.2366,0
513500.SH,20201118,20201116,2.2545,2.2545,,,2.2545,0
513500.SH,20201119,20201117,2.2346,2.2346,,,2.2346,0
513500.SH,20201120,20201118,2.2036,2.2036,,,2.2036,0
513500.SH,20201121,20201119,2.2088,2.2088,,,2.2088,0
513500.SH,20201124,20201120,2.2035,2.2035,,,2.2035,1
513500.SH,20201125,20201123,2.2138,2.2138,,,2.2138,0
513500.SH,20201126,20201124,2.2525,2.2525,,,2.2525,0
513500.SH,20201127,20201125,2.2469,2.2469,,,2.2469,0
513500.SH,20201201,20201127,2.2526,2.2526,,,2.2526,0
513500.SH,20201202,20201130,2.2434,2.2434,,,2.2434,0
513500.SH,20201203,20201201,2.2733,2.2733,,,2.2733,0
513500.SH,20201204,20201202,2.267,2.267,,,2.267,0
513500.SH,20201205,20201203,2.2652,2.2652,,,2.2652,0
513500.SH,20201208,20201204,2.2824,2.2824,,,2.2824,0
513500.SH,20201209,20201207,2.2728,2.2728,,,2.2728,0
513500.SH,20201210,20201208,2.2778,2.2778,,,2.2778,0
513500.SH,20201211,20201209,2.2594,2.2594,,,2.2594,0
513500.SH,20201212,20201210,2.2619,2.2619,,,2.2619,0
513500.SH,20201215,20201211,2.2565,2.2565,,,2.2565,0
513500.SH,20201216,20201214,2.2454,2.2454,,,2.2454,0
513500.SH,20201217,20201215,2.2769,2.2769,,,2.2769,0
513500.SH,20201218,20201216,2.2782,2.2782,,,2.2782,0
513500.SH,20201219,20201217,2.2915,2.2915,,,2.2915,0
513500.SH,20201222,20201218,2.2822,2.2822,,,2.2822,0
513500.SH,20201223,20201221,2.2806,2.2806,,,2.2806,0
513500.SH,20201224,20201222,2.2718,2.2718,,,2.2718,0
513500.SH,20201225,20201223,2.2793,2.2793,,,2.2793,0
513500.SH,20201226,20201224,2.2809,2.2809,,,2.2809,0
513500.SH,20201230,20201228,2.2963,2.2963,,,2.2963,0
513500.SH,20201231,20201229,2.2985,2.2985,,,2.2985,0
513500.SH,20210101,20201230,2.2974,2.2974,,,2.2974,0
513500.SH,20210121,20201231,2.3097,2.3097,,2584124485.23,2.3097,1
513500.SH,20210106,20210104,2.2809,2.2809,,,2.2809,0
513500.SH,20210107,20210105,2.2751,2.2751,,,2.2751,0
513500.SH,20210108,20210106,2.2827,2.2827,,,2.2827,0
513500.SH,20210109,20210107,2.3171,2.3171,,,2.3171,0
513500.SH,20210112,20210108,2.3337,2.3337,,,2.3337,0
513500.SH,20210113,20210111,2.3201,2.3201,,,2.3201,0
513500.SH,20210114,20210112,2.323,2.323,,,2.323,0
513500.SH,20210115,20210113,2.3207,2.3207,,,2.3207,0
513500.SH,20210116,20210114,2.317,2.317,,,2.317,0
513500.SH,20210119,20210115,2.2965,2.2965,,,2.2965,0
513500.SH,20210121,20210119,2.3237,2.3237,,,2.3237,0
513500.SH,20210122,20210120,2.3545,2.3545,,,2.3545,0
513500.SH,20210123,20210121,2.3503,2.3503,,,2.3503,0
513500.SH,20210126,20210122,2.3403,2.3403,,,2.3403,0
513500.SH,20210127,20210125,2.356,2.356,,,2.356,0
513500.SH,20210128,20210126,2.3534,2.3534,,,2.3534,0
513500.SH,20210129,20210127,2.2863,2.2863,,,2.2863,0
513500.SH,20210130,20210128,2.3152,2.3152,,,2.3152,0
513500.SH,20210202,20210129,2.2659,2.2659,,,2.2659,0
513500.SH,20210203,20210201,2.2991,2.2991,,,2.2991,0
513500.SH,20210204,20210202,2.3351,2.3351,,,2.3351,0
513500.SH,20210205,20210203,2.335,2.335,,,2.335,0
513500.SH,20210206,20210204,2.3584,2.3584,,,2.3584,0
513500.SH,20210209,20210205,2.3717,2.3717,,,2.3717,0
513500.SH,20210210,20210208,2.3877,2.3877,,,2.3877,0
513500.SH,20210211,20210209,2.3801,2.3801,,,2.3801,0
513500.SH,20210219,20210210,2.3741,2.3741,,,2.3741,0
513500.SH,20210220,20210218,2.3827,2.3827,,,2.3827,0
513500.SH,20210223,20210219,2.3815,2.3815,,,2.3815,0
513500.SH,20210224,20210222,2.3607,2.3607,,,2.3607,0
513500.SH,20210225,20210223,2.362,2.362,,,2.362,0
513500.SH,20210226,20210224,2.3926,2.3926,,,2.3926,0
513500.SH,20210227,20210225,2.3311,2.3311,,,2.3311,0
513500.SH,20210302,20210226,2.3269,2.3269,,,2.3269,0
513500.SH,20210303,20210301,2.3835,2.3835,,,2.3835,0
513500.SH,20210304,20210302,2.3596,2.3596,,,2.3596,0
513500.SH,20210305,20210303,2.3267,2.3267,,,2.3267,0
513500.SH,20210306,20210304,2.3027,2.3027,,,2.3027,0
513500.SH,20210309,20210305,2.3527,2.3527,,,2.3527,0
513500.SH,20210310,20210308,2.3361,2.3361,,,2.3361,0
513500.SH,20210311,20210309,2.3886,2.3886,,,2.3886,0
513500.SH,20210312,20210310,2.3947,2.3947,,,2.3947,0
513500.SH,20210313,20210311,2.4147,2.4147,,,2.4147,0
513500.SH,20210316,20210312,2.4131,2.4131,,,2.4131,0
513500.SH,20210317,20210315,2.4347,2.4347,,,2.4347,0
513500.SH,20210318,20210316,2.4316,2.4316,,,2.4316,0
513500.SH,20210319,20210317,2.4365,2.4365,,,2.4365,0
513500.SH,20210320,20210318,2.3964,2.3964,,,2.3964,0
513500.SH,20210323,20210319,2.4035,2.4035,,,2.4035,0
513500.SH,20210324,20210322,2.4238,2.4238,,,2.4238,0
513500.SH,20210325,20210323,2.3999,2.3999,,,2.3999,0
513500.SH,20210326,20210324,2.3939,2.3939,,,2.3939,0
513500.SH,20210327,20210325,2.4082,2.4082,,,2.4082,0
513500.SH,20210330,20210326,2.4517,2.4517,,,2.4517,0
513500.SH,20210331,20210329,2.4507,2.4507,,,2.4507,0
513500.SH,20210401,20210330,2.4514,2.4514,,,2.4514,0
513500.SH,20210422,20210331,2.4631,2.4631,,2726212354.48,2.4631,1
513500.SH,20210403,20210401,2.4872,2.4872,,,2.4872,0
513500.SH,20210408,20210406,2.5185,2.5185,,,2.5185,0
513500.SH,20210409,20210407,2.5168,2.5168,,,2.5168,0
513500.SH,20210410,20210408,2.5308,2.5308,,,2.5308,0
513500.SH,20210413,20210409,2.5482,2.5482,,,2.5482,0
513500.SH,20210414,20210412,2.5541,2.5541,,,2.5541,0
513500.SH,20210415,20210413,2.5577,2.5577,,,2.5577,0
513500.SH,20210416,20210414,2.5439,2.5439,,,2.5439,0
513500.SH,20210417,20210415,2.5695,2.5695,,,2.5695,0
513500.SH,20210420,20210416,2.5783,2.5783,,,2.5783,0
513500.SH,20210421,20210419,2.5623,2.5623,,,2.5623,0
513500.SH,20210422,20210420,2.5399,2.5399,,,2.5399,0
513500.SH,20210423,20210421,2.5612,2.5612,,,2.5612,0
513500.SH,20210424,20210422,2.5322,2.5322,,,2.5322,0
513500.SH,20210427,20210423,2.561,2.561,,,2.561,0
513500.SH,20210428,20210426,2.5646,2.5646,,,2.5646,0
513500.SH,20210429,20210427,2.5644,2.5644,,,2.5644,0
513500.SH,20210430,20210428,2.5595,2.5595,,,2.5595,0
513500.SH,20210501,20210429,2.5714,2.5714,,,2.5714,0
513500.SH,20210507,20210430,2.5513,2.5513,,,2.5513,0
513500.SH,20210508,20210506,2.5725,2.5725,,,2.5725,0
513500.SH,20210511,20210507,2.5832,2.5832,,,2.5832,0
513500.SH,20210512,20210510,2.5463,2.5463,,,2.5463,0
513500.SH,20210513,20210511,2.5176,2.5176,,,2.5176,0
513500.SH,20210514,20210512,2.4639,2.4639,,,2.4639,0
513500.SH,20210515,20210513,2.5077,2.5077,,,2.5077,0
513500.SH,20210518,20210514,2.5418,2.5418,,,2.5418,0
513500.SH,20210519,20210517,2.5267,2.5267,,,2.5267,0
513500.SH,20210520,20210518,2.5073,2.5073,,,2.5073,0
513500.SH,20210521,20210519,2.4963,2.4963,,,2.4963,0
513500.SH,20210522,20210520,2.5308,2.5308,,,2.5308,0
513500.SH,20210525,20210521,2.5226,2.5226,,,2.5226,0
513500.SH,20210526,20210524,2.5518,2.5518,,,2.5518,0
513500.SH,20210527,20210525,2.5416,2.5416,,,2.5416,0
513500.SH,20210528,20210526,2.5391,2.5391,,,2.5391,0
513500.SH,20210529,20210527,2.5396,2.5396,,,2.5396,0
513500.SH,20210601,20210528,2.535,2.535,,,2.535,0
513500.SH,20210603,20210601,2.5223,2.5223,,,2.5223,0
513500.SH,20210604,20210602,2.5341,2.5341,,,2.5341,0
513500.SH,20210605,20210603,2.5267,2.5267,,,2.5267,0
513500.SH,20210608,20210604,2.5592,2.5592,,,2.5592,0
513500.SH,20210609,20210607,2.5528,2.5528,,,2.5528,0
513500.SH,20210610,20210608,2.5511,2.5511,,,2.5511,0
513500.SH,20210611,20210609,2.5483,2.5483,,,2.5483,0
513500.SH,20210612,20210610,2.5608,2.5608,,,2.5608,0
513500.SH,20210616,20210611,2.5612,2.5612,,,2.5612,0
513500.SH,20210617,20210615,2.5696,2.5696,,,2.5696,0
513500.SH,20210618,20210616,2.5556,2.5556,,,2.5556,0
513500.SH,20210619,20210617,2.5632,2.5632,,,2.5632,0
513500.SH,20210622,20210618,2.532,2.532,,,2.532,0
513500.SH,20210623,20210621,2.5747,2.5747,,,2.5747,0
513500.SH,20210624,20210622,2.5905,2.5905,,,2.5905,0
513500.SH,20210625,20210623,2.5879,2.5879,,,2.5879,0
513500.SH,20210626,20210624,2.6112,2.6112,,,2.6112,0
513500.SH,20210629,20210625,2.6167,2.6167,,,2.6167,0
513500.SH,20210630,20210628,2.6158,2.6158,,,2.6158,0
513500.SH,20210701,20210629,2.6162,2.6162,,,2.6162,0
513500.SH,20210721,20210630,2.6211,2.6211,,3425243664.28,2.6211,1
513500.SH,20210703,20210701,2.6392,2.6392,,,2.6392,0
513500.SH,20210706,20210702,2.6593,2.6593,,,2.6593,0
513500.SH,20210708,20210706,2.6497,2.6497,,,2.6497,0
513500.SH,20210709,20210707,2.6647,2.6647,,,2.6647,0
513500.SH,20210710,20210708,2.64,2.64,,,2.64,0
513500.SH,20210713,20210709,2.6717,2.6717,,,2.6717,0
513500.SH,20210714,20210712,2.682,2.682,,,2.682,0
513500.SH,20210715,20210713,2.6714,2.6714,,,2.6714,0
513500.SH,20210716,20210714,2.6767,2.6767,,,2.6767,0
513500.SH,20210717,20210715,2.6613,2.6613,,,2.6613,0
513500.SH,20210720,20210716,2.6437,2.6437,,,2.6437,0
513500.SH,20210721,20210719,2.6015,2.6015,,,2.6015,0
513500.SH,20210722,20210720,2.6471,2.6471,,,2.6471,0
513500.SH,20210723,20210721,2.6676,2.6676,,,2.6676,0
513500.SH,20210724,20210722,2.6657,2.6657,,,2.6657,0
513500.SH,20210727,20210723,2.6927,2.6927,,,2.6927,0
513500.SH,20210728,20210726,2.7036,2.7036,,,2.7036,0
513500.SH,20210729,20210727,2.6896,2.6896,,,2.6896,0
513500.SH,20210730,20210728,2.6968,2.6968,,,2.6968,0
513500.SH,20210731,20210729,2.7089,2.7089,,,2.7089,0
513500.SH,20210803,20210730,2.6806,2.6806,,,2.6806,0
513500.SH,20210804,20210802,2.6778,2.6778,,,2.6778,0
513500.SH,20210805,20210803,2.6976,2.6976,,,2.6976,0
513500.SH,20210806,20210804,2.6869,2.6869,,,2.6869,0
513500.SH,20210807,20210805,2.7045,2.7045,,,2.7045,0
513500.SH,20210810,20210806,2.7066,2.7066,,,2.7066,0
513500.SH,20210811,20210809,2.7129,2.7129,,,2.7129,0
513500.SH,20210812,20210810,2.7157,2.7157,,,2.7157,0
513500.SH,20210813,20210811,2.7219,2.7219,,,2.7219,0
513500.SH,20210814,20210812,2.7273,2.7273,,,2.7273,0
513500.SH,20210817,20210813,2.7336,2.7336,,,2.7336,0
513500.SH,20210818,20210816,2.7372,2.7372,,,2.7372,0
513500.SH,20210819,20210817,2.72,2.72,,,2.72,0
513500.SH,20210820,20210818,2.6971,2.6971,,,2.6971,0
513500.SH,20210821,20210819,2.698,2.698,,,2.698,0
513500.SH,20210824,20210820,2.7253,2.7253,,,2.7253,0
513500.SH,20210825,20210823,2.7479,2.7479,,,2.7479,0
513500.SH,20210826,20210824,2.7452,2.7452,,,2.7452,0
513500.SH,20210827,20210825,2.748,2.748,,,2.748,0
513500.SH,20210828,20210826,2.7321,2.7321,,,2.7321,0
513500.SH,20210831,20210827,2.7617,2.7617,,,2.7617,0
513500.SH,20210901,20210830,2.7658,2.7658,,,2.7658,0
513500.SH,20210902,20210831,2.7624,2.7624,,,2.7624,0
513500.SH,20210903,20210901,2.7634,2.7634,,,2.7634,0
513500.SH,20210904,20210902,2.7679,2.7679,,,2.7679,0
513500.SH,20210907,20210903,2.7663,2.7663,,,2.7663,0
513500.SH,20210909,20210907,2.7549,2.7549,,,2.7549,0
513500.SH,20210910,20210908,2.7571,2.7571,,,2.7571,0
513500.SH,20210911,20210909,2.7422,2.7422,,,2.7422,0
513500.SH,20210914,20210910,2.7191,2.7191,,,2.7191,0
513500.SH,20210915,20210913,2.722,2.722,,,2.722,0
513500.SH,20210916,20210914,2.707,2.707,,,2.707,0
513500.SH,20210917,20210915,2.7296,2.7296,,,2.7296,0
513500.SH,20210918,20210916,2.7188,2.7188,,,2.7188,0
513500.SH,20210923,20210917,2.7017,2.7017,,,2.7017,0
513500.SH,20210924,20210922,2.6854,2.6854,,,2.6854,0
513500.SH,20210925,20210923,2.7203,2.7203,,,2.7203,0
513500.SH,20210928,20210924,2.7181,2.7181,,,2.7181,0
513500.SH,20210929,20210927,2.7143,2.7143,,,2.7143,0
513500.SH,20210930,20210928,2.6557,2.6557,,,2.6557,0
513500.SH,20211001,20210929,2.6622,2.6622,,,2.6622,0
513500.SH,20211027,20210930,2.6382,2.6382,,4094008573.51,2.6382,1
513500.SH,20211012,20211008,2.6798,2.6798,,,2.6798,0
513500.SH,20211013,20211011,2.6561,2.6561,,,2.6561,0
513500.SH,20211014,20211012,2.6484,2.6484,,,2.6484,0
513500.SH,20211015,20211013,2.663,2.663,,,2.663,0
513500.SH,20211016,20211014,2.7005,2.7005,,,2.7005,0
513500.SH,20211019,20211015,2.7194,2.7194,,,2.7194,0
513500.SH,20211020,20211018,2.7248,2.7248,,,2.7248,0
513500.SH,20211021,20211019,2.7452,2.7452,,,2.7452,0
513500.SH,20211022,20211020,2.7452,2.7452,,,2.7452,0
513500.SH,20211023,20211021,2.746,2.746,,,2.746,0
513500.SH,20211026,20211022,2.749,2.749,,,2.749,0
513500.SH,20211027,20211025,2.7573,2.7573,,,2.7573,0
513500.SH,20211028,20211026,2.7608,2.7608,,,2.7608,0
513500.SH,20211029,20211027,2.7455,2.7455,,,2.7455,0
513500.SH,20211030,20211028,2.7767,2.7767,,,2.7767,0
513500.SH,20211102,20211029,2.7802,2.7802,,,2.7802,0
513500.SH,20211103,20211101,2.7971,2.7971,,,2.7971,0
513500.SH,20211104,20211102,2.7996,2.7996,,,2.7996,0
513500.SH,20211105,20211103,2.8205,2.8205,,,2.8205,0
513500.SH,20211106,20211104,2.8267,2.8267,,,2.8267,0
513500.SH,20211109,20211105,2.839,2.839,,,2.839,0
513500.SH,20211110,20211108,2.8403,2.8403,,,2.8403,0
513500.SH,20211111,20211109,2.8281,2.8281,,,2.8281,0
513500.SH,20211112,20211110,2.8072,2.8072,,,2.8072,0
513500.SH,20211113,20211111,2.8171,2.8171,,,2.8171,0
513500.SH,20211116,20211112,2.8343,2.8343,,,2.8343,0
513500.SH,20211117,20211115,2.8269,2.8269,,,2.8269,0
513500.SH,20211118,20211116,2.839,2.839,,,2.839,0
513500.SH,20211119,20211117,2.8326,2.8326,,,2.8326,0
513500.SH,20211120,20211118,2.8365,2.8365,,,2.8365,0
513500.SH,20211123,20211119,2.8335,2.8335,,,2.8335,0
513500.SH,20211124,20211122,2.8299,2.8299,,,2.8299,0
513500.SH,20211125,20211123,2.8336,2.8336,,,2.8336,0
513500.SH,20211126,20211124,2.839,2.839,,,2.839,0
513500.SH,20211130,20211126,2.776,2.776,,,2.776,0
513500.SH,20211201,20211129,2.8097,2.8097,,,2.8097,0
513500.SH,20211202,20211130,2.7538,2.7538,,,2.7538,0
513500.SH,20211203,20211201,2.717,2.717,,,2.717,0
513500.SH,20211204,20211202,2.7571,2.7571,,,2.7571,0
513500.SH,20211207,20211203,2.7347,2.7347,,,2.7347,0
513500.SH,20211208,20211206,2.7651,2.7651,,,2.7651,0
513500.SH,20211209,20211207,2.8238,2.8238,,,2.8238,0
513500.SH,20211210,20211208,2.8298,2.8298,,,2.8298,0
513500.SH,20211211,20211209,2.8022,2.8022,,,2.8022,0
513500.SH,20211214,20211210,2.8376,2.8376,,,2.8376,0
513500.SH,20211215,20211213,2.8102,2.8102,,,2.8102,0
513500.SH,20211216,20211214,2.7898,2.7898,,,2.7898,0
513500.SH,20211217,20211215,2.8369,2.8369,,,2.8369,0
513500.SH,20211218,20211216,2.8088,2.8088,,,2.8088,0
513500.SH,20211221,20211217,2.7803,2.7803,,,2.7803,0
513500.SH,20211222,20211220,2.7603,2.7603,,,2.7603,0
513500.SH,20211223,20211221,2.8006,2.8006,,,2.8006,0
513500.SH,20211224,20211222,2.8279,2.8279,,,2.8279,0
513500.SH,20211225,20211223,2.8432,2.8432,,,2.8432,0
513500.SH,20211229,20211227,2.8834,2.8834,,,2.8834,0
513500.SH,20211230,20211228,2.8824,2.8824,,,2.8824,0
513500.SH,20211231,20211229,2.8866,2.8866,,,2.8866,0
513500.SH,20220101,20211230,2.8753,2.8753,,,2.8753,0
513500.SH,20220124,20211231,2.8714,2.8714,,7002849558.16,2.8714,1
513500.SH,20220106,20220104,2.8894,2.8894,,,2.8894,0
513500.SH,20220107,20220105,2.8328,2.8328,,,2.8328,0
513500.SH,20220108,20220106,2.8279,2.8279,,,2.8279,0
513500.SH,20220111,20220107,2.8175,2.8175,,,2.8175,0
513500.SH,20220112,20220110,2.8093,2.8093,,,2.8093,0
513500.SH,20220113,20220111,2.8364,2.8364,,,2.8364,0
513500.SH,20220114,20220112,2.8431,2.8431,,,2.8431,0
513500.SH,20220115,20220113,2.7978,2.7978,,,2.7978,0
513500.SH,20220118,20220114,2.8059,2.8059,,,2.8059,0
513500.SH,20220120,20220118,2.7475,2.7475,,,2.7475,0
513500.SH,20220121,20220119,2.7252,2.7252,,,2.7252,0
513500.SH,20220122,20220120,2.6895,2.6895,,,2.6895,0
513500.SH,20220125,20220121,2.6389,2.6389,,,2.6389,0
513500.SH,20220126,20220124,2.6427,2.6427,,,2.6427,0
513500.SH,20220127,20220125,2.6107,2.6107,,,2.6107,0
513500.SH,20220128,20220126,2.5996,2.5996,,,2.5996,0
513500.SH,20220129,20220127,2.5913,2.5913,,,2.5913,0
513500.SH,20220208,20220128,2.6701,2.6701,,,2.6701,0
513500.SH,20220209,20220207,2.6942,2.6942,,,2.6942,0
513500.SH,20220210,20220208,2.7163,2.7163,,,2.7163,0
513500.SH,20220211,20220209,2.7596,2.7596,,,2.7596,0
513500.SH,20220212,20220210,2.7076,2.7076,,,2.7076,0
513500.SH,20220215,20220211,2.6597,2.6597,,,2.6597,0
513500.SH,20220216,20220214,2.6487,2.6487,,,2.6487,0
513500.SH,20220217,20220215,2.6882,2.6882,,,2.6882,0
513500.SH,20220218,20220216,2.6849,2.6849,,,2.6849,0
513500.SH,20220219,20220217,2.6224,2.6224,,,2.6224,0
513500.SH,20220222,20220218,2.6048,2.6048,,,2.6048,0
513500.SH,20220224,20220222,2.584,2.584,,,2.584,0
513500.SH,20220225,20220223,2.5295,2.5295,,,2.5295,0
513500.SH,20220226,20220224,2.5661,2.5661,,,2.5661,0
513500.SH,20220301,20220225,2.6263,2.6263,,,2.6263,0
513500.SH,20220302,20220228,2.6148,2.6148,,,2.6148,0
513500.SH,20220303,20220301,2.566,2.566,,,2.566,0
513500.SH,20220304,20220302,2.6275,2.6275,,,2.6275,0
513500.SH,20220305,20220303,2.5995,2.5995,,,2.5995,0
513500.SH,20220308,20220304,2.5905,2.5905,,,2.5905,0
513500.SH,20220309,20220307,2.5213,2.5213,,,2.5213,0
513500.SH,20220310,20220308,2.4908,2.4908,,,2.4908,0
513500.SH,20220311,20220309,2.5549,2.5549,,,2.5549,0
513500.SH,20220312,20220310,2.5411,2.5411,,,2.5411,0
513500.SH,20220315,20220311,2.5161,2.5161,,,2.5161,0
513500.SH,20220316,20220314,2.5054,2.5054,,,2.5054,0
513500.SH,20220317,20220315,2.5687,2.5687,,,2.5687,0
513500.SH,20220318,20220316,2.628,2.628,,,2.628,0
513500.SH,20220319,20220317,2.6444,2.6444,,,2.6444,0
513500.SH,20220322,20220318,2.676,2.676,,,2.676,0
513500.SH,20220323,20220321,2.6849,2.6849,,,2.6849,0
513500.SH,20220324,20220322,2.7147,2.7147,,,2.7147,0
513500.SH,20220325,20220323,2.6768,2.6768,,,2.6768,0
513500.SH,20220326,20220324,2.7183,2.7183,,,2.7183,0
513500.SH,20220329,20220325,2.7362,2.7362,,,2.7362,0
513500.SH,20220330,20220328,2.7551,2.7551,,,2.7551,0
513500.SH,20220331,20220329,1.3924,2.7848,,,2.7848,0
513500.SH,20220401,20220330,1.3822,2.7644,,,2.7644,0
513500.SH,20220422,20220331,1.359,2.718,,7164301985.2,2.718,1
513500.SH,20220407,20220401,1.364,2.728,,,2.728,0
513500.SH,20220408,20220406,1.3508,2.7016,,,2.7016,0
513500.SH,20220409,20220407,1.3537,2.7074,,,2.7074,0
513500.SH,20220412,20220408,1.3499,2.6998,,,2.6998,0
513500.SH,20220413,20220411,1.3269,2.6538,,,2.6538,0
513500.SH,20220414,20220412,1.3255,2.651,,,2.651,0
513500.SH,20220415,20220413,1.3396,2.6792,,,2.6792,0
513500.SH,20220416,20220414,1.3189,2.6378,,,2.6378,0
513500.SH,20220420,20220418,1.3231,2.6462,,,2.6462,0
513500.SH,20220421,20220419,1.3435,2.687,,,2.687,0
513500.SH,20220422,20220420,1.3484,2.6968,,,2.6968,0
513500.SH,20220423,20220421,1.3307,2.6614,,,2.6614,0
513500.SH,20220426,20220422,1.3038,2.6076,,,2.6076,0
513500.SH,20220427,20220425,1.3175,2.635,,,2.635,0
513500.SH,20220428,20220426,1.2938,2.5876,,,2.5876,0
513500.SH,20220429,20220427,1.2967,2.5934,,,2.5934,0
513500.SH,20220430,20220428,1.3294,2.6588,,,2.6588,0
513500.SH,20220506,20220429,1.2919,2.5838,,,2.5838,0
513500.SH,20220507,20220505,1.2867,2.5734,,,2.5734,0
513500.SH,20220510,20220506,1.2922,2.5844,,,2.5844,0
513500.SH,20220511,20220509,1.2613,2.5226,,,2.5226,0
513500.SH,20220512,20220510,1.2688,2.5376,,,2.5376,0
513500.SH,20220513,20220511,1.2508,2.5016,,,2.5016,0
513500.SH,20220514,20220512,1.2496,2.4992,,,2.4992,0
513500.SH,20220517,20220513,1.2909,2.5818,,,2.5818,0
513500.SH,20220518,20220516,1.2852,2.5704,,,2.5704,0
513500.SH,20220519,20220517,1.3108,2.6216,,,2.6216,0
513500.SH,20220520,20220518,1.2503,2.5006,,,2.5006,0
513500.SH,20220521,20220519,1.2449,2.4898,,,2.4898,0
513500.SH,20220524,20220520,1.2445,2.489,,,2.489,0
513500.SH,20220525,20220523,1.2539,2.5078,,,2.5078,0
513500.SH,20220526,20220524,1.2402,2.4804,,,2.4804,0
513500.SH,20220527,20220525,1.2516,2.5032,,,2.5032,0
513500.SH,20220528,20220526,1.2805,2.561,,,2.561,0
513500.SH,20220531,20220527,1.3245,2.649,,,2.649,0
513500.SH,20220601,20220530,1.3177,2.6354,,,2.6354,0
513500.SH,20220602,20220531,1.301,2.602,,,2.602,0
513500.SH,20220603,20220601,1.2921,2.5842,,,2.5842,0
513500.SH,20220607,20220602,1.3249,2.6498,,,2.6498,0
513500.SH,20220608,20220606,1.2993,2.5986,,,2.5986,0
513500.SH,20220609,20220607,1.3108,2.6216,,,2.6216,0
513500.SH,20220610,20220608,1.2964,2.5928,,,2.5928,0
513500.SH,20220611,20220609,1.269,2.538,,,2.538,0
513500.SH,20220614,20220610,1.2354,2.4708,,,2.4708,0
513500.SH,20220615,20220613,1.1908,2.3816,,,2.3816,0
513500.SH,20220616,20220614,1.192,2.384,,,2.384,0
513500.SH,20220617,20220615,1.21,2.42,,,2.42,0
513500.SH,20220618,20220616,1.1632,2.3264,,,2.3264,0
513500.SH,20220621,20220617,1.1627,2.3254,,,2.3254,0
513500.SH,20220622,20220620,1.1661,2.3322,,,2.3322,0
513500.SH,20220623,20220621,1.1897,2.3794,,,2.3794,0
513500.SH,20220624,20220622,1.1928,2.3856,,,2.3856,0
513500.SH,20220625,20220623,1.2036,2.4072,,,2.4072,0
513500.SH,20220628,20220624,1.2391,2.4782,,,2.4782,0
513500.SH,20220629,20220627,1.2325,2.465,,,2.465,0
513500.SH,20220630,20220628,1.2092,2.4184,,,2.4184,0
513500.SH,20220701,20220629,1.2101,2.4202,,,2.4202,0
513500.SH,20220721,20220630,1.2011,2.4022,,6294516857.44,2.4022,1
513500.SH,20220705,20220701,1.2092,2.4184,,,2.4184,0
513500.SH,20220706,20220704,1.2128,2.4256,,,2.4256,0
513500.SH,20220707,20220705,1.2134,2.4268,,,2.4268,0
513500.SH,20220708,20220706,1.2222,2.4444,,,2.4444,0
513500.SH,20220709,20220707,1.2388,2.4776,,,2.4776,0
513500.SH,20220712,20220708,1.237,2.474,,,2.474,0
513500.SH,20220713,20220711,1.2202,2.4404,,,2.4404,0
513500.SH,20220714,20220712,1.2147,2.4294,,,2.4294,0
513500.SH,20220715,20220713,1.2092,2.4184,,,2.4184,0
513500.SH,20220716,20220714,1.2054,2.4108,,,2.4108,0
513500.SH,20220719,20220715,1.2326,2.4652,,,2.4652,0
513500.SH,20220720,20220718,1.2213,2.4426,,,2.4426,0
513500.SH,20220721,20220719,1.255,2.51,,,2.51,0
513500.SH,20220722,20220720,1.2627,2.5254,,,2.5254,0
513500.SH,20220723,20220721,1.278,2.556,,,2.556,0
513500.SH,20220726,20220722,1.2643,2.5286,,,2.5286,0
513500.SH,20220727,20220725,1.2663,2.5326,,,2.5326,0
513500.SH,20220728,20220726,1.2505,2.501,,,2.501,0
513500.SH,20220729,20220727,1.2878,2.5756,,,2.5756,0
513500.SH,20220730,20220728,1.2975,2.595,,,2.595,0
513500.SH,20220802,20220729,1.3165,2.633,,,2.633,0
513500.SH,20220803,20220801,1.3132,2.6264,,,2.6264,0
513500.SH,20220804,20220802,1.3044,2.6088,,,2.6088,0
513500.SH,20220805,20220803,1.3314,2.6628,,,2.6628,0
513500.SH,20220806,20220804,1.327,2.654,,,2.654,0
513500.SH,20220809,20220805,1.3206,2.6412,,,2.6412,0
513500.SH,20220810,20220808,1.3244,2.6488,,,2.6488,0
513500.SH,20220811,20220809,1.3167,2.6334,,,2.6334,0
513500.SH,20220812,20220810,1.3453,2.6906,,,2.6906,0
513500.SH,20220813,20220811,1.339,2.678,,,2.678,0
513500.SH,20220816,20220812,1.3641,2.7282,,,2.7282,0
513500.SH,20220817,20220815,1.3694,2.7388,,,2.7388,0
513500.SH,20220818,20220816,1.3785,2.757,,,2.757,0
513500.SH,20220819,20220817,1.3713,2.7426,,,2.7426,0
513500.SH,20220820,20220818,1.3733,2.7466,,,2.7466,0
513500.SH,20220823,20220819,1.3609,2.7218,,,2.7218,0
513500.SH,20220824,20220822,1.3346,2.6692,,,2.6692,0
513500.SH,20220825,20220823,1.3379,2.6758,,,2.6758,0
513500.SH,20220826,20220824,1.3391,2.6782,,,2.6782,0
513500.SH,20220827,20220825,1.361,2.722,,,2.722,0
513500.SH,20220830,20220826,1.3141,2.6282,,,2.6282,0
513500.SH,20220831,20220829,1.3094,2.6188,,,2.6188,0
513500.SH,20220901,20220830,1.297,2.594,,,2.594,0
513500.SH,20220902,20220831,1.289,2.578,,,2.578,0
513500.SH,20220903,20220901,1.2914,2.5828,,,2.5828,0
513500.SH,20220906,20220902,1.2793,2.5586,,,2.5586,0
513500.SH,20220907,20220905,1.2807,2.5614,,,2.5614,0
513500.SH,20220908,20220906,1.2773,2.5546,,,2.5546,0
513500.SH,20220909,20220907,1.3016,2.6032,,,2.6032,0
513500.SH,20220910,20220908,1.3097,2.6194,,,2.6194,0
513500.SH,20220914,20220909,1.3288,2.6576,,,2.6576,0
513500.SH,20220915,20220913,1.2817,2.5634,,,2.5634,0
513500.SH,20220916,20220914,1.2896,2.5792,,,2.5792,0
513500.SH,20220917,20220915,1.2747,2.5494,,,2.5494,0
513500.SH,20220920,20220916,1.269,2.538,,,2.538,0
513500.SH,20220921,20220919,1.2788,2.5576,,,2.5576,0
513500.SH,20220922,20220920,1.2653,2.5306,,,2.5306,0
513500.SH,20220923,20220921,1.2446,2.4892,,,2.4892,0
513500.SH,20220924,20220922,1.238,2.476,,,2.476,0
513500.SH,20220927,20220923,1.2187,2.4374,,,2.4374,0
513500.SH,20220928,20220926,1.2124,2.4248,,,2.4248,0
513500.SH,20220929,20220927,1.2168,2.4336,,,2.4336,0
513500.SH,20220930,20220928,1.2473,2.4946,,,2.4946,0
513500.SH,20221001,20220929,1.2208,2.4416,,,2.4416,0
513500.SH,20221026,20220930,1.2007,2.4014,,7136773736.92,2.4014,1
513500.SH,20221012,20221010,1.2096,2.4192,,,2.4192,0
513500.SH,20221013,20221011,1.2047,2.4094,,,2.4094,0
513500.SH,20221014,20221012,1.2018,2.4036,,,2.4036,0
513500.SH,20221015,20221013,1.2331,2.4662,,,2.4662,0
513500.SH,20221018,20221014,1.2038,2.4076,,,2.4076,0
513500.SH,20221019,20221017,1.2356,2.4712,,,2.4712,0
513500.SH,20221020,20221018,1.2495,2.499,,,2.499,0
513500.SH,20221021,20221019,1.2415,2.483,,,2.483,0
513500.SH,20221022,20221020,1.2325,2.465,,,2.465,0
513500.SH,20221025,20221021,1.2614,2.5228,,,2.5228,0
513500.SH,20221026,20221024,1.2771,2.5542,,,2.5542,0
513500.SH,20221027,20221025,1.3056,2.6112,,,2.6112,0
513500.SH,20221028,20221026,1.2951,2.5902,,,2.5902,0
513500.SH,20221029,20221027,1.2859,2.5718,,,2.5718,0
513500.SH,20221101,20221028,1.32,2.64,,,2.64,0
513500.SH,20221102,20221031,1.3115,2.623,,,2.623,0
513500.SH,20221103,20221101,1.3119,2.6238,,,2.6238,0
513500.SH,20221104,20221102,1.2813,2.5626,,,2.5626,0
513500.SH,20221105,20221103,1.2726,2.5452,,,2.5452,0
513500.SH,20221108,20221104,1.2916,2.5832,,,2.5832,0
513500.SH,20221109,20221107,1.2989,2.5978,,,2.5978,0
513500.SH,20221110,20221108,1.3033,2.6066,,,2.6066,0
513500.SH,20221111,20221109,1.2777,2.5554,,,2.5554,0
513500.SH,20221112,20221110,1.3528,2.7056,,,2.7056,0
513500.SH,20221115,20221111,1.3558,2.7116,,,2.7116,0
513500.SH,20221116,20221114,1.3249,2.6498,,,2.6498,0
513500.SH,20221117,20221115,1.3275,2.655,,,2.655,0
513500.SH,20221118,20221116,1.3158,2.6316,,,2.6316,0
513500.SH,20221119,20221117,1.3173,2.6346,,,2.6346,0
513500.SH,20221122,20221118,1.3316,2.6632,,,2.6632,0
513500.SH,20221123,20221121,1.3295,2.659,,,2.659,0
513500.SH,20221124,20221122,1.3551,2.7102,,,2.7102,0
513500.SH,20221125,20221123,1.356,2.712,,,2.712,0
513500.SH,20221126,20221124,1.3545,2.709,,,2.709,0
513500.SH,20221129,20221125,1.3567,2.7134,,,2.7134,0
513500.SH,20221130,20221128,1.3407,2.6814,,,2.6814,0
513500.SH,20221201,20221129,1.3454,2.6908,,,2.6908,0
513500.SH,20221202,20221130,1.383,2.766,,,2.766,0
513500.SH,20221203,20221201,1.3719,2.7438,,,2.7438,0
513500.SH,20221206,20221202,1.3575,2.715,,,2.715,0
513500.SH,20221207,20221205,1.3302,2.6604,,,2.6604,0
513500.SH,20221208,20221206,1.2997,2.5994,,,2.5994,0
513500.SH,20221209,20221207,1.3014,2.6028,,,2.6028,0
513500.SH,20221210,20221208,1.3045,2.609,,,2.609,0
513500.SH,20221213,20221209,1.2946,2.5892,,,2.5892,0
513500.SH,20221214,20221212,1.3125,2.625,,,2.625,0
513500.SH,20221215,20221213,1.3255,2.651,,,2.651,0
513500.SH,20221216,20221214,1.3137,2.6274,,,2.6274,0
513500.SH,20221217,20221215,1.2773,2.5546,,,2.5546,0
513500.SH,20221220,20221216,1.2712,2.5424,,,2.5424,0
513500.SH,20221221,20221219,1.259,2.518,,,2.518,0
513500.SH,20221222,20221220,1.2623,2.5246,,,2.5246,0
513500.SH,20221223,20221221,1.2774,2.5548,,,2.5548,0
513500.SH,20221224,20221222,1.26,2.52,,,2.52,0
513500.SH,20221227,20221223,1.269,2.538,,,2.538,0
513500.SH,20221228,20221226,1.2692,2.5384,,,2.5384,0
513500.SH,20221229,20221227,1.2591,2.5182,,,2.5182,0
513500.SH,20221230,20221228,1.2464,2.4928,,,2.4928,0
513500.SH,20221231,20221229,1.2702,2.5404,,,2.5404,0
513500.SH,20230101,20221230,1.2644,2.5288,,,2.5288,1
513500.SH,20230120,20221231,1.2643,2.5286,,9359412268.37,2.5286,1
513500.SH,20230105,20230103,1.2565,2.513,,,2.513,0
513500.SH,20230106,20230104,1.2594,2.5188,,,2.5188,0
513500.SH,20230107,20230105,1.2413,2.4826,,,2.4826,0
513500.SH,20230110,20230106,1.2692,2.5384,,,2.5384,0
513500.SH,20230111,20230109,1.2534,2.5068,,,2.5068,0
513500.SH,20230112,20230110,1.2471,2.4942,,,2.4942,0
513500.SH,20230113,20230111,1.2662,2.5324,,,2.5324,0
513500.SH,20230114,20230112,1.2689,2.5378,,,2.5378,0
513500.SH,20230117,20230113,1.2659,2.5318,,,2.5318,0
513500.SH,20230118,20230116,1.2628,2.5256,,,2.5256,0
513500.SH,20230119,20230117,1.2619,2.5238,,,2.5238,0
513500.SH,20230120,20230118,1.2492,2.4984,,,2.4984,0
513500.SH,20230121,20230119,1.2412,2.4824,,,2.4824,0
513500.SH,20230131,20230120,1.2651,2.5302,,,2.5302,0
513500.SH,20230201,20230130,1.2779,2.5558,,,2.5558,0
513500.SH,20230202,20230131,1.2962,2.5924,,,2.5924,0
513500.SH,20230203,20230201,1.3075,2.615,,,2.615,0
513500.SH,20230204,20230202,1.3195,2.639,,,2.639,0
513500.SH,20230207,20230203,1.3108,2.6216,,,2.6216,0
513500.SH,20230208,20230206,1.3097,2.6194,,,2.6194,0
513500.SH,20230209,20230207,1.331,2.662,,,2.662,0
513500.SH,20230210,20230208,1.3121,2.6242,,,2.6242,0
513500.SH,20230211,20230209,1.3036,2.6072,,,2.6072,0
513500.SH,20230214,20230210,1.3062,2.6124,,,2.6124,0
513500.SH,20230215,20230213,1.3266,2.6532,,,2.6532,0
513500.SH,20230216,20230214,1.326,2.652,,,2.652,0
513500.SH,20230217,20230215,1.3309,2.6618,,,2.6618,0
513500.SH,20230218,20230216,1.3191,2.6382,,,2.6382,0
513500.SH,20230221,20230217,1.3183,2.6366,,,2.6366,0
513500.SH,20230222,20230220,1.3179,2.6358,,,2.6358,0
513500.SH,20230223,20230221,1.2899,2.5798,,,2.5798,0
513500.SH,20230224,20230222,1.2916,2.5832,,,2.5832,0
513500.SH,20230225,20230223,1.3036,2.6072,,,2.6072,0
513500.SH,20230228,20230224,1.2883,2.5766,,,2.5766,0
513500.SH,20230301,20230227,1.304,2.608,,,2.608,0
513500.SH,20230302,20230228,1.2992,2.5984,,,2.5984,0
513500.SH,20230303,20230301,1.2909,2.5818,,,2.5818,0
513500.SH,20230304,20230302,1.2897,2.5794,,,2.5794,0
513500.SH,20230307,20230303,1.3164,2.6328,,,2.6328,0
513500.SH,20230308,20230306,1.3141,2.6282,,,2.6282,0
513500.SH,20230309,20230307,1.2978,2.5956,,,2.5956,0
513500.SH,20230310,20230308,1.3067,2.6134,,,2.6134,0
513500.SH,20230311,20230309,1.2853,2.5706,,,2.5706,0
513500.SH,20230314,20230310,1.2665,2.533,,,2.533,0
513500.SH,20230315,20230313,1.2595,2.519,,,2.519,0
513500.SH,20230316,20230314,1.2725,2.545,,,2.545,0
513500.SH,20230317,20230315,1.2588,2.5176,,,2.5176,0
513500.SH,20230318,20230316,1.2897,2.5794,,,2.5794,0
513500.SH,20230321,20230317,1.2738,2.5476,,,2.5476,0
513500.SH,20230322,20230320,1.2784,2.5568,,,2.5568,0
513500.SH,20230323,20230321,1.2964,2.5928,,,2.5928,0
513500.SH,20230324,20230322,1.2742,2.5484,,,2.5484,0
513500.SH,20230325,20230323,1.2779,2.5558,,,2.5558,0
513500.SH,20230328,20230324,1.2787,2.5574,,,2.5574,0
513500.SH,20230329,20230327,1.2872,2.5744,,,2.5744,0
513500.SH,20230330,20230328,1.2858,2.5716,,,2.5716,0
513500.SH,20230331,20230329,1.3045,2.609,,,2.609,0
513500.SH,20230401,20230330,1.3142,2.6284,,,2.6284,0
513500.SH,20230422,20230331,1.3299,2.6598,,6187533529.73,2.6598,1
513500.SH,20230405,20230403,1.3364,2.6728,,,2.6728,0
513500.SH,20230407,20230404,1.3267,2.6534,,,2.6534,0
513500.SH,20230408,20230406,1.3293,2.6586,,,2.6586,0
513500.SH,20230411,20230407,1.3311,2.6622,,,2.6622,0
513500.SH,20230412,20230410,1.3309,2.6618,,,2.6618,0
513500.SH,20230413,20230411,1.3331,2.6662,,,2.6662,0
513500.SH,20230414,20230412,1.327,2.654,,,2.654,0
513500.SH,20230415,20230413,1.3408,2.6816,,,2.6816,0
513500.SH,20230418,20230414,1.337,2.674,,,2.674,0
513500.SH,20230419,20230417,1.3428,2.6856,,,2.6856,0
513500.SH,20230420,20230418,1.3466,2.6932,,,2.6932,0
513500.SH,20230421,20230419,1.3448,2.6896,,,2.6896,0
513500.SH,20230422,20230420,1.3418,2.6836,,,2.6836,0
513500.SH,20230425,20230421,1.3384,2.6768,,,2.6768,0
513500.SH,20230426,20230424,1.3411,2.6822,,,2.6822,0
513500.SH,20230427,20230425,1.3202,2.6404,,,2.6404,0
513500.SH,20230428,20230426,1.3226,2.6452,,,2.6452,0
513500.SH,20230429,20230427,1.3478,2.6956,,,2.6956,0
513500.SH,20230505,20230428,1.3597,2.7194,,,2.7194,0
513500.SH,20230506,20230504,1.3208,2.6416,,,2.6416,0
513500.SH,20230509,20230505,1.3464,2.6928,,,2.6928,0
513500.SH,20230510,20230508,1.3478,2.6956,,,2.6956,0
513500.SH,20230511,20230509,1.3435,2.687,,,2.687,0
513500.SH,20230512,20230510,1.3504,2.7008,,,2.7008,0
513500.SH,20230513,20230511,1.3444,2.6888,,,2.6888,0
513500.SH,20230516,20230512,1.35,2.7,,,2.7,0
513500.SH,20230517,20230515,1.3574,2.7148,,,2.7148,0
513500.SH,20230518,20230516,1.3459,2.6918,,,2.6918,0
513500.SH,20230519,20230517,1.3668,2.7336,,,2.7336,0
513500.SH,20230520,20230518,1.3842,2.7684,,,2.7684,0
513500.SH,20230523,20230519,1.3898,2.7796,,,2.7796,0
513500.SH,20230524,20230522,1.3862,2.7724,,,2.7724,0
513500.SH,20230525,20230523,1.3739,2.7478,,,2.7478,0
513500.SH,20230526,20230524,1.3683,2.7366,,,2.7366,0
513500.SH,20230527,20230525,1.3796,2.7592,,,2.7592,0
513500.SH,20230530,20230526,1.4021,2.8042,,,2.8042,0
513500.SH,20230531,20230529,1.3985,2.797,,,2.797,0
513500.SH,20230601,20230530,1.4032,2.8064,,,2.8064,0
513500.SH,20230602,20230531,1.395,2.79,,,2.79,0
513500.SH,20230603,20230601,1.4117,2.8234,,,2.8234,0
513500.SH,20230606,20230602,1.4317,2.8634,,,2.8634,0
513500.SH,20230607,20230605,1.4281,2.8562,,,2.8562,0
513500.SH,20230608,20230606,1.4347,2.8694,,,2.8694,0
513500.SH,20230609,20230607,1.4316,2.8632,,,2.8632,0
513500.SH,20230610,20230608,1.4422,2.8844,,,2.8844,0
513500.SH,20230613,20230609,1.4406,2.8812,,,2.8812,0
513500.SH,20230614,20230612,1.4558,2.9116,,,2.9116,0
513500.SH,20230615,20230613,1.4715,2.943,,,2.943,0
513500.SH,20230616,20230614,1.4742,2.9484,,,2.9484,0
513500.SH,20230617,20230615,1.4908,2.9816,,,2.9816,0
513500.SH,20230620,20230616,1.4812,2.9624,,,2.9624,0
513500.SH,20230621,20230619,1.4793,2.9586,,,2.9586,0
513500.SH,20230622,20230620,1.4803,2.9606,,,2.9606,0
513500.SH,20230627,20230621,1.4766,2.9532,,,2.9532,0
513500.SH,20230628,20230626,1.4693,2.9386,,,2.9386,0
513500.SH,20230629,20230627,1.4869,2.9738,,,2.9738,0
513500.SH,20230630,20230628,1.4864,2.9728,,,2.9728,0
513500.SH,20230701,20230629,1.4953,2.9906,,,2.9906,0
513500.SH,20230721,20230630,1.5147,3.0294,,7188154335.76,3.0294,1
513500.SH,20230705,20230703,1.5143,3.0286,,,3.0286,0
513500.SH,20230706,20230704,1.512,3.024,,,3.024,0
513500.SH,20230707,20230705,1.5076,3.0152,,,3.0152,0
513500.SH,20230708,20230706,1.4983,2.9966,,,2.9966,0
513500.SH,20230711,20230707,1.4933,2.9866,,,2.9866,0
513500.SH,20230712,20230710,1.4942,2.9884,,,2.9884,0
513500.SH,20230713,20230711,1.5035,3.007,,,3.007,0
513500.SH,20230714,20230712,1.5121,3.0242,,,3.0242,0
513500.SH,20230715,20230713,1.5201,3.0402,,,3.0402,0
513500.SH,20230718,20230714,1.5142,3.0284,,,3.0284,0
513500.SH,20230719,20230717,1.52,3.04,,,3.04,0
513500.SH,20230720,20230718,1.5334,3.0668,,,3.0668,0
513500.SH,20230721,20230719,1.5378,3.0756,,,3.0756,0
513500.SH,20230722,20230720,1.5272,3.0544,,,3.0544,0
513500.SH,20230725,20230721,1.5273,3.0546,,,3.0546,0
513500.SH,20230726,20230724,1.5333,3.0666,,,3.0666,0
513500.SH,20230727,20230725,1.5366,3.0732,,,3.0732,0
513500.SH,20230728,20230726,1.534,3.068,,,3.068,0
513500.SH,20230729,20230727,1.5236,3.0472,,,3.0472,0
513500.SH,20230801,20230728,1.5399,3.0798,,,3.0798,0
513500.SH,20230802,20230731,1.5414,3.0828,,,3.0828,0
513500.SH,20230803,20230801,1.5368,3.0736,,,3.0736,0
513500.SH,20230804,20230802,1.5173,3.0346,,,3.0346,0
513500.SH,20230805,20230803,1.516,3.032,,,3.032,0
513500.SH,20230808,20230804,1.5064,3.0128,,,3.0128,0
513500.SH,20230809,20230807,1.5191,3.0382,,,3.0382,0
513500.SH,20230810,20230808,1.5165,3.033,,,3.033,0
513500.SH,20230811,20230809,1.5064,3.0128,,,3.0128,0
513500.SH,20230812,20230810,1.5066,3.0132,,,3.0132,0
513500.SH,20230815,20230811,1.5054,3.0108,,,3.0108,0
513500.SH,20230816,20230814,1.5161,3.0322,,,3.0322,0
513500.SH,20230817,20230815,1.5005,3.001,,,3.001,0
513500.SH,20230818,20230816,1.4939,2.9878,,,2.9878,0
513500.SH,20230819,20230817,1.4844,2.9688,,,2.9688,0
513500.SH,20230822,20230818,1.4827,2.9654,,,2.9654,0
513500.SH,20230823,20230821,1.4924,2.9848,,,2.9848,0
513500.SH,20230824,20230822,1.4882,2.9764,,,2.9764,0
513500.SH,20230825,20230823,1.5045,3.009,,,3.009,0
513500.SH,20230826,20230824,1.4824,2.9648,,,2.9648,0
513500.SH,20230829,20230825,1.4924,2.9848,,,2.9848,0
513500.SH,20230830,20230828,1.5011,3.0022,,,3.0022,0
513500.SH,20230831,20230829,1.5228,3.0456,,,3.0456,0
513500.SH,20230901,20230830,1.5281,3.0562,,,3.0562,0
513500.SH,20230902,20230831,1.5258,3.0516,,,3.0516,0
513500.SH,20230905,20230901,1.5281,3.0562,,,3.0562,0
513500.SH,20230906,20230904,1.5279,3.0558,,,3.0558,0
513500.SH,20230907,20230905,1.5216,3.0432,,,3.0432,0
513500.SH,20230908,20230906,1.5149,3.0298,,,3.0298,0
513500.SH,20230909,20230907,1.5107,3.0214,,,3.0214,0
513500.SH,20230912,20230908,1.5163,3.0326,,,3.0326,0
513500.SH,20230913,20230911,1.5261,3.0522,,,3.0522,0
513500.SH,20230914,20230912,1.5141,3.0282,,,3.0282,0
513500.SH,20230915,20230913,1.5139,3.0278,,,3.0278,0
513500.SH,20230916,20230914,1.5266,3.0532,,,3.0532,0
513500.SH,20230919,20230915,1.5063,3.0126,,,3.0126,0
513500.SH,20230920,20230918,1.5064,3.0128,,,3.0128,0
513500.SH,20230921,20230919,1.503,3.006,,,3.006,0
513500.SH,20230922,20230920,1.4889,2.9778,,,2.9778,0
513500.SH,20230923,20230921,1.4645,2.929,,,2.929,0
513500.SH,20230926,20230922,1.4611,2.9222,,,2.9222,0
513500.SH,20230927,20230925,1.4668,2.9336,,,2.9336,0
513500.SH,20230928,20230926,1.4453,2.8906,,,2.8906,0
513500.SH,20230929,20230927,1.4454,2.8908,,,2.8908,0
513500.SH,20231010,20230928,1.4556,2.9112,,,2.9112,0
513500.SH,20231025,20230930,1.4516,2.9072,,7585548372.66,2.9032,0
513500.SH,20231011,20231009,1.4676,2.9352,,,2.9352,0
513500.SH,20231012,20231010,1.475,2.95,,,2.95,0
513500.SH,20231013,20231011,1.4813,2.9626,,,2.9626,0
513500.SH,20231014,20231012,1.4721,2.9442,,,2.9442,0
513500.SH,20231017,20231013,1.4641,2.9282,,,2.9282,0
513500.SH,20231018,20231016,1.48,2.96,,,2.96,0
513500.SH,20231019,20231017,1.4797,2.9594,,,2.9594,0
513500.SH,20231020,20231018,1.46,2.92,,,2.92,0
513500.SH,20231021,20231019,1.4476,2.8952,,,2.8952,0
513500.SH,20231024,20231020,1.4293,2.8586,,,2.8586,0
513500.SH,20231025,20231023,1.4267,2.8534,,,2.8534,0
513500.SH,20231026,20231024,1.437,2.874,,,2.874,0
513500.SH,20231027,20231025,1.4163,2.8326,,,2.8326,0
513500.SH,20231028,20231026,1.3994,2.7988,,,2.7988,0
513500.SH,20231031,20231027,1.3927,2.7854,,,2.7854,0
513500.SH,20231101,20231030,1.4095,2.819,,,2.819,0
513500.SH,20231102,20231031,1.4186,2.8372,,,2.8372,0
513500.SH,20231103,20231101,1.4335,2.867,,,2.867,0
513500.SH,20231104,20231102,1.461,2.922,,,2.922,0
513500.SH,20231107,20231103,1.4748,2.9496,,,2.9496,0
513500.SH,20231108,20231106,1.4769,2.9538,,,2.9538,0
513500.SH,20231109,20231107,1.4809,2.9618,,,2.9618,0
513500.SH,20231110,20231108,1.4823,2.9646,,,2.9646,0
513500.SH,20231111,20231109,1.4705,2.941,,,2.941,0
513500.SH,20231114,20231110,1.4939,2.9878,,,2.9878,0
513500.SH,20231115,20231113,1.4925,2.985,,,2.985,0
513500.SH,20231116,20231114,1.5212,3.0424,,,3.0424,0
513500.SH,20231117,20231115,1.5235,3.047,,,3.047,0
513500.SH,20231118,20231116,1.5249,3.0498,,,3.0498,0
513500.SH,20231121,20231117,1.5269,3.0538,,,3.0538,0
513500.SH,20231122,20231120,1.5358,3.0716,,,3.0716,0
513500.SH,20231123,20231121,1.5282,3.0564,,,3.0564,0
513500.SH,20231124,20231122,1.5312,3.0624,,,3.0624,0
513500.SH,20231125,20231123,1.5302,3.0604,,,3.0604,0
513500.SH,20231128,20231124,1.5298,3.0596,,,3.0596,0
513500.SH,20231129,20231127,1.5269,3.0538,,,3.0538,0
513500.SH,20231130,20231128,1.5277,3.0554,,,3.0554,0
513500.SH,20231201,20231129,1.5243,3.0486,,,3.0486,0
513500.SH,20231202,20231130,1.5302,3.0604,,,3.0604,0
513500.SH,20231205,20231201,1.5411,3.0822,,,3.0822,0
513500.SH,20231206,20231204,1.5307,3.0614,,,3.0614,0
513500.SH,20231207,20231205,1.5323,3.0646,,,3.0646,0
513500.SH,20231208,20231206,1.5266,3.0532,,,3.0532,0
513500.SH,20231209,20231207,1.5399,3.0798,,,3.0798,0
513500.SH,20231212,20231208,1.5451,3.0902,,,3.0902,0
513500.SH,20231213,20231211,1.5519,3.1038,,,3.1038,0
513500.SH,20231214,20231212,1.5594,3.1188,,,3.1188,0
513500.SH,20231215,20231213,1.5795,3.159,,,3.159,0
513500.SH,20231216,20231214,1.5834,3.1668,,,3.1668,0
513500.SH,20231219,20231215,1.5805,3.161,,,3.161,0
513500.SH,20231220,20231218,1.5869,3.1738,,,3.1738,0
513500.SH,20231221,20231219,1.5974,3.1948,,,3.1948,0
513500.SH,20231222,20231220,1.5736,3.1472,,,3.1472,0
513500.SH,20231223,20231221,1.5908,3.1816,,,3.1816,0
513500.SH,20231226,20231222,1.592,3.184,,,3.184,0
513500.SH,20231227,20231225,1.5931,3.1862,,,3.1862,0
513500.SH,20231228,20231226,1.5989,3.1978,,,3.1978,0
513500.SH,20231229,20231227,1.6021,3.2042,,,3.2042,0
513500.SH,20231230,20231228,1.6021,3.2042,,,3.2042,0
513500.SH,20240103,20231229,1.5943,3.1886,,,3.1886,0
513500.SH,20240122,20231231,1.5942,3.1884,,8440744671.48,3.1884,1
513500.SH,20240104,20240102,1.5837,3.1674,,,3.1674,0
513500.SH,20240105,20240103,1.576,3.152,,,3.152,0
513500.SH,20240106,20240104,1.5707,3.1414,,,3.1414,0
513500.SH,20240109,20240105,1.5742,3.1484,,,3.1484,0
513500.SH,20240110,20240108,1.5958,3.1916,,,3.1916,0
513500.SH,20240111,20240109,1.5937,3.1874,,,3.1874,0
513500.SH,20240112,20240110,1.6038,3.2076,,,3.2076,0
513500.SH,20240113,20240111,1.6035,3.207,,,3.207,0
513500.SH,20240116,20240112,1.6037,3.2074,,,3.2074,0
513500.SH,20240117,20240115,1.6043,3.2086,,,3.2086,0
513500.SH,20240118,20240116,1.5995,3.199,,,3.199,0
513500.SH,20240119,20240117,1.5913,3.1826,,,3.1826,0
513500.SH,20240120,20240118,1.6055,3.211,,,3.211,0
513500.SH,20240123,20240119,1.6252,3.2504,,,3.2504,0
513500.SH,20240124,20240122,1.6273,3.2546,,,3.2546,0
513500.SH,20240125,20240123,1.6322,3.2644,,,3.2644,0
513500.SH,20240126,20240124,1.6321,3.2642,,,3.2642,0
513500.SH,20240127,20240125,1.6406,3.2812,,,3.2812,0
513500.SH,20240130,20240126,1.6402,3.2804,,,3.2804,0
513500.SH,20240131,20240129,1.6531,3.3062,,,3.3062,0
513500.SH,20240201,20240130,1.6511,3.3022,,,3.3022,0
513500.SH,20240202,20240131,1.624,3.248,,,3.248,0
513500.SH,20240203,20240201,1.6446,3.2892,,,3.2892,0
513500.SH,20240206,20240202,1.6614,3.3228,,,3.3228,0
513500.SH,20240207,20240205,1.6575,3.315,,,3.315,0
513500.SH,20240208,20240206,1.6616,3.3232,,,3.3232,0
513500.SH,20240209,20240207,1.6745,3.349,,,3.349,0
513500.SH,20240220,20240208,1.676,3.352,,,3.352,0
513500.SH,20240221,20240219,1.6786,3.3572,,,3.3572,0
513500.SH,20240222,20240220,1.6693,3.3386,,,3.3386,0
513500.SH,20240223,20240221,1.6705,3.341,,,3.341,0
513500.SH,20240224,20240222,1.7057,3.4114,,,3.4114,0
513500.SH,20240227,20240223,1.7073,3.4146,,,3.4146,0
513500.SH,20240228,20240226,1.7012,3.4024,,,3.4024,0
513500.SH,20240229,20240227,1.7036,3.4072,,,3.4072,0
513500.SH,20240301,20240228,1.7013,3.4026,,,3.4026,0
513500.SH,20240302,20240229,1.7096,3.4192,,,3.4192,0
513500.SH,20240305,20240301,1.7241,3.4482,,,3.4482,0
513500.SH,20240306,20240304,1.7206,3.4412,,,3.4412,0
513500.SH,20240307,20240305,1.7032,3.4064,,,3.4064,0
513500.SH,20240308,20240306,1.7119,3.4238,,,3.4238,0
513500.SH,20240309,20240307,1.7293,3.4586,,,3.4586,0
513500.SH,20240312,20240308,1.7174,3.4348,,,3.4348,0
513500.SH,20240313,20240311,1.7152,3.4304,,,3.4304,0
513500.SH,20240314,20240312,1.7342,3.4684,,,3.4684,0
513500.SH,20240315,20240313,1.73,3.46,,,3.46,0
513500.SH,20240316,20240314,1.7264,3.4528,,,3.4528,0
513500.SH,20240319,20240315,1.7151,3.4302,,,3.4302,0
513500.SH,20240320,20240318,1.7253,3.4506,,,3.4506,0
513500.SH,20240321,20240319,1.736,3.472,,,3.472,0
513500.SH,20240322,20240320,1.7512,3.5024,,,3.5024,0
513500.SH,20240323,20240321,1.7563,3.5126,,,3.5126,0
513500.SH,20240326,20240322,1.7551,3.5102,,,3.5102,0
513500.SH,20240327,20240325,1.7493,3.4986,,,3.4986,0
513500.SH,20240328,20240326,1.7431,3.4862,,,3.4862,0
513500.SH,20240329,20240327,1.7582,3.5164,,,3.5164,0
513500.SH,20240330,20240328,1.7602,3.5204,,,3.5204,0
513500.SH,20240402,20240329,1.7603,3.5206,,,3.5206,0
513500.SH,20240422,20240331,1.7602,3.5206,,12204459928.18,3.5204,0
513500.SH,20240403,20240401,1.7561,3.5122,,,3.5122,0
513500.SH,20240404,20240402,1.7442,3.4884,,,3.4884,0
513500.SH,20240409,20240403,1.7463,3.4926,,,3.4926,0
513500.SH,20240410,20240408,1.7425,3.485,,,3.485,0
513500.SH,20240411,20240409,1.7457,3.4914,,,3.4914,0
513500.SH,20240412,20240410,1.7291,3.4582,,,3.4582,0
513500.SH,20240413,20240411,1.7422,3.4844,,,3.4844,0
513500.SH,20240416,20240412,1.717,3.434,,,3.434,0
513500.SH,20240417,20240415,1.6965,3.393,,,3.393,0
513500.SH,20240418,20240416,1.694,3.388,,,3.388,0
513500.SH,20240419,20240417,1.6841,3.3682,,,3.3682,0
513500.SH,20240420,20240418,1.6802,3.3604,,,3.3604,0
513500.SH,20240423,20240419,1.6659,3.3318,,,3.3318,0
513500.SH,20240424,20240422,1.6803,3.3606,,,3.3606,0
513500.SH,20240425,20240423,1.7009,3.4018,,,3.4018,0
513500.SH,20240426,20240424,1.701,3.402,,,3.402,0
513500.SH,20240427,20240425,1.6932,3.3864,,,3.3864,0
513500.SH,20240430,20240426,1.7105,3.421,,,3.421,0
513500.SH,20240501,20240429,1.716,3.432,,,3.432,0
513500.SH,20240507,20240430,1.689,3.378,,,3.378,0
513500.SH,20240508,20240506,1.7355,3.471,,,3.471,0
513500.SH,20240509,20240507,1.738,3.476,,,3.476,0
513500.SH,20240510,20240508,1.7381,3.4762,,,3.4762,0
513500.SH,20240511,20240509,1.7474,3.4948,,,3.4948,0
513500.SH,20240514,20240510,1.75,3.5,,,3.5,0
513500.SH,20240515,20240513,1.75,3.5,,,3.5,0
513500.SH,20240516,20240514,1.7593,3.5186,,,3.5186,0
513500.SH,20240517,20240515,1.7803,3.5606,,,3.5606,0
513500.SH,20240518,20240516,1.776,3.552,,,3.552,0
513500.SH,20240521,20240517,1.7788,3.5576,,,3.5576,0
513500.SH,20240522,20240520,1.7803,3.5606,,,3.5606,0
513500.SH,20240523,20240521,1.7854,3.5708,,,3.5708,0
513500.SH,20240524,20240522,1.7806,3.5612,,,3.5612,0
513500.SH,20240525,20240523,1.768,3.536,,,3.536,0
513500.SH,20240528,20240524,1.7805,3.561,,,3.561,0
513500.SH,20240529,20240527,1.7801,3.5602,,,3.5602,0
513500.SH,20240530,20240528,1.781,3.562,,,3.562,0
513500.SH,20240531,20240529,1.7681,3.5362,,,3.5362,0
513500.SH,20240601,20240530,1.7576,3.5152,,,3.5152,0
513500.SH,20240604,20240531,1.7711,3.5422,,,3.5422,0
513500.SH,20240605,20240603,1.7731,3.5462,,,3.5462,0
513500.SH,20240606,20240604,1.7757,3.5514,,,3.5514,0
513500.SH,20240607,20240605,1.7972,3.5944,,,3.5944,0
513500.SH,20240608,20240606,1.797,3.594,,,3.594,0
513500.SH,20240612,20240607,1.7952,3.5904,,,3.5904,0
513500.SH,20240613,20240611,1.8057,3.6114,,,3.6114,0
513500.SH,20240614,20240612,1.821,3.642,,,3.642,0
513500.SH,20240615,20240613,1.8252,3.6504,,,3.6504,0
513500.SH,20240618,20240614,1.8257,3.6514,,,3.6514,0
513500.SH,20240619,20240617,1.8396,3.6792,,,3.6792,0
513500.SH,20240620,20240618,1.8441,3.6882,,,3.6882,0
513500.SH,20240621,20240619,1.8444,3.6888,,,3.6888,0
513500.SH,20240622,20240620,1.8403,3.6806,,,3.6806,0
513500.SH,20240625,20240621,1.8375,3.675,,,3.675,0
513500.SH,20240626,20240624,1.8322,3.6644,,,3.6644,0
513500.SH,20240627,20240625,1.8399,3.6798,,,3.6798,0
513500.SH,20240628,20240626,1.8434,3.6868,,,3.6868,0
513500.SH,20240629,20240627,1.8456,3.6912,,,3.6912,0
513500.SH,20240702,20240628,1.8381,3.6762,,,3.6762,0
513500.SH,20240719,20240630,1.8381,3.6762,,13553165059.47,3.6762,1
513500.SH,20240703,20240701,1.843,3.686,,,3.686,0
513500.SH,20240704,20240702,1.8551,3.7102,,,3.7102,0
513500.SH,20240705,20240703,1.865,3.73,,,3.73,0
513500.SH,20240706,20240704,1.8647,3.7294,,,3.7294,0
513500.SH,20240709,20240705,1.8748,3.7496,,,3.7496,0
513500.SH,20240710,20240708,1.8767,3.7534,,,3.7534,0
513500.SH,20240711,20240709,1.8788,3.7576,,,3.7576,0
513500.SH,20240712,20240710,1.899,3.798,,,3.798,0
513500.SH,20240713,20240711,1.8823,3.7646,,,3.7646,0
513500.SH,20240716,20240712,1.8917,3.7834,,,3.7834,0
513500.SH,20240717,20240715,1.8971,3.7942,,,3.7942,0
513500.SH,20240718,20240716,1.9095,3.819,,,3.819,0
513500.SH,20240719,20240717,1.8825,3.765,,,3.765,0
513500.SH,20240720,20240718,1.8669,3.7338,,,3.7338,0
513500.SH,20240723,20240719,1.8545,3.709,,,3.709,0
513500.SH,20240724,20240722,1.8749,3.7498,,,3.7498,0
513500.SH,20240725,20240723,1.8713,3.7426,,,3.7426,0
513500.SH,20240726,20240724,1.8285,3.657,,,3.657,0
513500.SH,20240727,20240725,1.8175,3.635,,,3.635,0
513500.SH,20240730,20240726,1.8363,3.6726,,,3.6726,0
513500.SH,20240731,20240729,1.8388,3.6776,,,3.6776,0
513500.SH,20240801,20240730,1.8306,3.6612,,,3.6612,0
513500.SH,20240802,20240731,1.8591,3.7182,,,3.7182,0
513500.SH,20240803,20240801,1.8329,3.6658,,,3.6658,0
513500.SH,20240806,20240802,1.8005,3.601,,,3.601,0
513500.SH,20240807,20240805,1.7459,3.4918,,,3.4918,0
513500.SH,20240808,20240806,1.7633,3.5266,,,3.5266,0
513500.SH,20240809,20240807,1.7513,3.5026,,,3.5026,0
513500.SH,20240810,20240808,1.7936,3.5872,,,3.5872,0
513500.SH,20240813,20240809,1.8017,3.6034,,,3.6034,0
513500.SH,20240814,20240812,1.802,3.604,,,3.604,0
513500.SH,20240815,20240813,1.8329,3.6658,,,3.6658,0
513500.SH,20240816,20240814,1.8382,3.6764,,,3.6764,0
513500.SH,20240817,20240815,1.8681,3.7362,,,3.7362,0
513500.SH,20240820,20240816,1.8737,3.7474,,,3.7474,0
513500.SH,20240821,20240819,1.8907,3.7814,,,3.7814,0
513500.SH,20240822,20240820,1.8846,3.7692,,,3.7692,0
513500.SH,20240823,20240821,1.8922,3.7844,,,3.7844,0
513500.SH,20240824,20240822,1.8731,3.7462,,,3.7462,0
513500.SH,20240827,20240823,1.8981,3.7962,,,3.7962,0
513500.SH,20240828,20240826,1.8862,3.7724,,,3.7724,0
513500.SH,20240829,20240827,1.8921,3.7842,,,3.7842,0
513500.SH,20240830,20240828,1.8797,3.7594,,,3.7594,0
513500.SH,20240831,20240829,1.8818,3.7636,,,3.7636,0
513500.SH,20240903,20240830,1.8962,3.7924,,,3.7924,0
513500.SH,20240904,20240902,1.8935,3.787,,,3.787,0
513500.SH,20240905,20240903,1.8557,3.7114,,,3.7114,0
513500.SH,20240906,20240904,1.8536,3.7072,,,3.7072,0
513500.SH,20240907,20240905,1.844,3.688,,,3.688,0
513500.SH,20240910,20240906,1.8106,3.6212,,,3.6212,0
513500.SH,20240911,20240909,1.8331,3.6662,,,3.6662,0
513500.SH,20240912,20240910,1.8453,3.6906,,,3.6906,0
513500.SH,20240913,20240911,1.8664,3.7328,,,3.7328,0
513500.SH,20240914,20240912,1.8812,3.7624,,,3.7624,0
513500.SH,20240919,20240913,1.8867,3.7734,,,3.7734,0
513500.SH,20240920,20240918,1.8801,3.7602,,,3.7602,0
513500.SH,20240921,20240919,1.9152,3.8304,,,3.8304,0
513500.SH,20240924,20240920,1.9023,3.8046,,,3.8046,0
513500.SH,20240925,20240923,1.9042,3.8084,,,3.8084,0
513500.SH,20240926,20240924,1.9084,3.8168,,,3.8168,0
513500.SH,20240927,20240925,1.8965,3.793,,,3.793,0
513500.SH,20240928,20240926,1.9084,3.8168,,,3.8168,0
513500.SH,20241001,20240927,1.8991,3.7982,,,3.7982,0
513500.SH,20241025,20240930,1.9064,3.8128,,14255068355.82,3.8128,1
513500.SH,20241010,20241008,1.9196,3.8392,,,3.8392,0
513500.SH,20241011,20241009,1.9295,3.859,,,3.859,0
513500.SH,20241012,20241010,1.9306,3.8612,,,3.8612,0
513500.SH,20241015,20241011,1.9418,3.8836,,,3.8836,0
513500.SH,20241016,20241014,1.9564,3.9128,,,3.9128,0
513500.SH,20241017,20241015,1.9444,3.8888,,,3.8888,0
513500.SH,20241018,20241016,1.9633,3.9266,,,3.9266,0
513500.SH,20241019,20241017,1.9638,3.9276,,,3.9276,0
513500.SH,20241022,20241018,1.9731,3.9462,,,3.9462,0
513500.SH,20241023,20241021,1.9614,3.9228,,,3.9228,0
513500.SH,20241024,20241022,1.9674,3.9348,,,3.9348,0
513500.SH,20241025,20241023,1.9497,3.8994,,,3.8994,0
513500.SH,20241026,20241024,1.9551,3.9102,,,3.9102,0
513500.SH,20241029,20241025,1.9491,3.8982,,,3.8982,0
513500.SH,20241030,20241028,1.9603,3.9206,,,3.9206,0
513500.SH,20241031,20241029,1.963,3.926,,,3.926,0
513500.SH,20241101,20241030,1.9594,3.9188,,,3.9188,0
513500.SH,20241102,20241031,1.919,3.838,,,3.838,0
513500.SH,20241105,20241101,1.924,3.848,,,3.848,0
513500.SH,20241106,20241104,1.9204,3.8408,,,3.8408,0
513500.SH,20241107,20241105,1.9388,3.8776,,,3.8776,0
513500.SH,20241108,20241106,1.9872,3.9744,,,3.9744,0
513500.SH,20241109,20241107,2.0207,4.0414,,,4.0414,0
513500.SH,20241112,20241108,2.0221,4.0442,,,4.0442,0
513500.SH,20241113,20241111,2.0336,4.0672,,,4.0672,0
513500.SH,20241114,20241112,2.0318,4.0636,,,4.0636,0
513500.SH,20241115,20241113,2.0342,4.0684,,,4.0684,0
513500.SH,20241116,20241114,2.0218,4.0436,,,4.0436,0
513500.SH,20241119,20241115,1.9959,3.9918,,,3.9918,0
513500.SH,20241120,20241118,2.0016,4.0032,,,4.0032,0
513500.SH,20241121,20241119,2.0095,4.019,,,4.019,0
513500.SH,20241122,20241120,2.0102,4.0204,,,4.0204,0
513500.SH,20241123,20241121,2.021,4.042,,,4.042,0
513500.SH,20241126,20241122,2.0282,4.0564,,,4.0564,0
513500.SH,20241127,20241125,2.0339,4.0678,,,4.0678,0
513500.SH,20241128,20241126,2.0453,4.0906,,,4.0906,0
513500.SH,20241129,20241127,2.0395,4.079,,,4.079,0
513500.SH,20241130,20241128,2.037,4.074,,,4.074,0
513500.SH,20241203,20241129,2.0481,4.0962,,,4.0962,0
513500.SH,20241204,20241202,2.0527,4.1054,,,4.1054,0
513500.SH,20241205,20241203,2.0574,4.1148,,,4.1148,0
513500.SH,20241206,20241204,2.068,4.136,,,4.136,0
513500.SH,20241207,20241205,2.0627,4.1254,,,4.1254,0
513500.SH,20241210,20241206,2.0672,4.1344,,,4.1344,0
513500.SH,20241211,20241209,2.0553,4.1106,,,4.1106,0
513500.SH,20241212,20241210,2.0498,4.0996,,,4.0996,0
513500.SH,20241213,20241211,2.0651,4.1302,,,4.1302,0
513500.SH,20241214,20241212,2.0543,4.1086,,,4.1086,0
513500.SH,20241217,20241213,2.0549,4.1098,,,4.1098,0
513500.SH,20241218,20241216,2.0631,4.1262,,,4.1262,0
513500.SH,20241219,20241217,2.0553,4.1106,,,4.1106,0
513500.SH,20241220,20241218,1.9942,3.9884,,,3.9884,0
513500.SH,20241221,20241219,1.9932,3.9864,,,3.9864,0
513500.SH,20241224,20241220,2.0148,4.0296,,,4.0296,0
513500.SH,20241225,20241223,2.0286,4.0572,,,4.0572,0
513500.SH,20241226,20241224,2.051,4.102,,,4.102,0
513500.SH,20241227,20241225,2.0507,4.1014,,,4.1014,0
513500.SH,20241228,20241226,2.0508,4.1016,,,4.1016,0
513500.SH,20241231,20241227,2.0281,4.0562,,,4.0562,0
513500.SH,20250101,20241230,2.0062,4.0124,,,4.0124,0
513500.SH,20250122,20241231,1.9975,3.995,,15837680132.11,3.995,1
513500.SH,20250104,20250102,1.9928,3.9856,,,3.9856,0
513500.SH,20250107,20250103,2.0181,4.0362,,,4.0362,0
513500.SH,20250108,20250106,2.0295,4.059,,,4.059,0
513500.SH,20250109,20250107,2.007,4.014,,,4.014,0
513500.SH,20250110,20250108,2.0101,4.0202,,,4.0202,0
513500.SH,20250111,20250109,2.01,4.02,,,4.02,0
513500.SH,20250114,20250110,1.9795,3.959,,,3.959,0
513500.SH,20250115,20250113,1.982,3.964,,,3.964,0
513500.SH,20250116,20250114,1.9839,3.9678,,,3.9678,0
513500.SH,20250117,20250115,2.0206,4.0412,,,4.0412,0
513500.SH,20250118,20250116,2.0161,4.0322,,,4.0322,0
513500.SH,20250121,20250117,2.0364,4.0728,,,4.0728,0
513500.SH,20250122,20250120,2.0362,4.0724,,,4.0724,0
513500.SH,20250123,20250121,2.0484,4.0968,,,4.0968,0
513500.SH,20250124,20250122,2.0609,4.1218,,,4.1218,0
513500.SH,20250125,20250123,2.0721,4.1442,,,4.1442,0
513500.SH,20250128,20250124,2.0663,4.1326,,,4.1326,0
513500.SH,20250206,20250127,2.0357,4.0714,,,4.0714,0
513500.SH,20250207,20250205,2.0524,4.1048,,,4.1048,0
513500.SH,20250208,20250206,2.0598,4.1196,,,4.1196,0
513500.SH,20250211,20250207,2.0407,4.0814,,,4.0814,0
513500.SH,20250212,20250210,2.0546,4.1092,,,4.1092,0
513500.SH,20250213,20250211,2.0555,4.111,,,4.111,0
513500.SH,20250214,20250212,2.05,4.1,,,4.1,0
513500.SH,20250215,20250213,2.0718,4.1436,,,4.1436,0
513500.SH,20250218,20250214,2.072,4.144,,,4.144,0
513500.SH,20250219,20250217,2.0717,4.1434,,,4.1434,0
513500.SH,20250220,20250218,2.0767,4.1534,,,4.1534,0
513500.SH,20250221,20250219,2.0819,4.1638,,,4.1638,0
513500.SH,20250222,20250220,2.0731,4.1462,,,4.1462,0
513500.SH,20250225,20250221,2.0371,4.0742,,,4.0742,0
513500.SH,20250226,20250224,2.0273,4.0546,,,4.0546,0
513500.SH,20250227,20250225,2.0178,4.0356,,,4.0356,0
513500.SH,20250228,20250226,2.0183,4.0366,,,4.0366,0
513500.SH,20250301,20250227,1.986,3.972,,,3.972,0
513500.SH,20250304,20250228,2.0176,4.0352,,,4.0352,0
513500.SH,20250305,20250303,1.982,3.964,,,3.964,0
513500.SH,20250306,20250304,1.9579,3.9158,,,3.9158,0
513500.SH,20250307,20250305,1.9788,3.9576,,,3.9576,0
513500.SH,20250308,20250306,1.9428,3.8856,,,3.8856,0
513500.SH,20250311,20250307,1.954,3.908,,,3.908,0
513500.SH,20250312,20250310,1.9018,3.8036,,,3.8036,0
513500.SH,20250313,20250311,1.8876,3.7752,,,3.7752,0
513500.SH,20250314,20250312,1.8959,3.7918,,,3.7918,0
513500.SH,20250315,20250313,1.8701,3.7402,,,3.7402,0
513500.SH,20250318,20250314,1.9106,3.8212,,,3.8212,0
513500.SH,20250319,20250317,1.9215,3.843,,,3.843,0
513500.SH,20250320,20250318,1.902,3.804,,,3.804,0
513500.SH,20250321,20250319,1.9215,3.843,,,3.843,0
513500.SH,20250322,20250320,1.919,3.838,,,3.838,0
513500.SH,20250325,20250321,1.9211,3.8422,,,3.8422,0
513500.SH,20250326,20250324,1.9553,3.9106,,,3.9106,0
513500.SH,20250327,20250325,1.9585,3.917,,,3.917,0
513500.SH,20250328,20250326,1.9356,3.8712,,,3.8712,0
513500.SH,20250329,20250327,1.9294,3.8588,,,3.8588,0
513500.SH,20250401,20250328,1.891,3.782,,,3.782,0
513500.SH,20250422,20250331,1.9024,3.8048,,16472077151.4,3.8048,1
513500.SH,20250403,20250401,1.9095,3.819,,,3.819,0
513500.SH,20250404,20250402,1.9227,3.8454,,,3.8454,0
513500.SH,20250408,20250403,1.8314,3.6628,,,3.6628,0
513500.SH,20250409,20250407,1.7208,3.4416,,,3.4416,0
513500.SH,20250410,20250408,1.6943,3.3886,,,3.3886,0
513500.SH,20250411,20250409,1.8566,3.7132,,,3.7132,0
513500.SH,20250412,20250410,1.7927,3.5854,,,3.5854,0
513500.SH,20250415,20250411,1.8251,3.6502,,,3.6502,0
513500.SH,20250416,20250414,1.8401,3.6802,,,3.6802,0
513500.SH,20250417,20250415,1.8368,3.6736,,,3.6736,0
513500.SH,20250418,20250416,1.7962,3.5924,,,3.5924,0
513500.SH,20250419,20250417,1.7976,3.5952,,,3.5952,0
513500.SH,20250422,20250418,1.7972,3.5944,,,3.5944,0
513500.SH,20250423,20250421,1.7544,3.5088,,,3.5088,0
513500.SH,20250424,20250422,1.8001,3.6002,,,3.6002,0
513500.SH,20250425,20250423,1.8309,3.6618,,,3.6618,0
513500.SH,20250426,20250424,1.8675,3.735,,,3.735,0
513500.SH,20250429,20250425,1.8802,3.7604,,,3.7604,0
513500.SH,20250430,20250428,1.8807,3.7614,,,3.7614,0
513500.SH,20250501,20250429,1.8912,3.7824,,,3.7824,0
513500.SH,20250507,20250430,1.8936,3.7872,,,3.7872,0
513500.SH,20250508,20250506,1.9063,3.8126,,,3.8126,0
513500.SH,20250509,20250507,1.9145,3.829,,,3.829,0
513500.SH,20250510,20250508,1.9274,3.8548,,,3.8548,0
513500.SH,20250513,20250509,1.927,3.854,,,3.854,0
513500.SH,20250514,20250512,1.9893,3.9786,,,3.9786,0
513500.SH,20250515,20250513,2.0019,4.0038,,,4.0038,0
513500.SH,20250516,20250514,2.0031,4.0062,,,4.0062,0
513500.SH,20250517,20250515,2.0116,4.0232,,,4.0232,0
513500.SH,20250520,20250516,2.0252,4.0504,,,4.0504,0
513500.SH,20250521,20250519,2.0264,4.0528,,,4.0528,0
513500.SH,20250522,20250520,2.0189,4.0378,,,4.0378,0
513500.SH,20250523,20250521,1.9865,3.973,,,3.973,0
513500.SH,20250524,20250522,1.9846,3.9692,,,3.9692,0
513500.SH,20250527,20250523,1.9718,3.9436,,,3.9436,0
513500.SH,20250528,20250526,1.9693,3.9386,,,3.9386,0
513500.SH,20250529,20250527,2.011,4.022,,,4.022,0
513500.SH,20250530,20250528,2.0003,4.0006,,,4.0006,0
513500.SH,20250531,20250529,2.0086,4.0172,,,4.0172,0
513500.SH,20250604,20250530,2.0066,4.0132,,,4.0132,0
513500.SH,20250605,20250603,2.0273,4.0546,,,4.0546,0
513500.SH,20250606,20250604,2.0279,4.0558,,,4.0558,0
513500.SH,20250607,20250605,2.0166,4.0332,,,4.0332,0
513500.SH,20250610,20250606,2.037,4.074,,,4.074,0
513500.SH,20250611,20250609,2.0391,4.0782,,,4.0782,0
513500.SH,20250612,20250610,2.0501,4.1002,,,4.1002,0
513500.SH,20250613,20250611,2.0437,4.0874,,,4.0874,0
513500.SH,20250614,20250612,2.0511,4.1022,,,4.1022,0
513500.SH,20250617,20250613,2.0267,4.0534,,,4.0534,0
513500.SH,20250618,20250616,2.0467,4.0934,,,4.0934,0
513500.SH,20250619,20250617,2.028,4.056,,,4.056,0
513500.SH,20250620,20250618,2.0281,4.0562,,,4.0562,0
513500.SH,20250621,20250619,2.0272,4.0544,,,4.0544,0
513500.SH,20250624,20250620,2.0217,4.0434,,,4.0434,0
513500.SH,20250625,20250623,2.0416,4.0832,,,4.0832,0
513500.SH,20250626,20250624,2.0633,4.1266,,,4.1266,0
513500.SH,20250627,20250625,2.0636,4.1272,,,4.1272,0
513500.SH,20250628,20250626,2.0787,4.1574,,,4.1574,0
513500.SH,20250701,20250627,2.0898,4.1796,,,4.1796,0
513500.SH,20250721,20250630,2.0993,4.1986,,20001584737.46,4.1986,1
513500.SH,20250703,20250701,2.0955,4.191,,,4.191,0
513500.SH,20250704,20250702,2.1059,4.2118,,,4.2118,0
513500.SH,20250705,20250703,2.123,4.246,,,4.246,0
513500.SH,20250708,20250704,2.1233,4.2466,,,4.2466,0
513500.SH,20250709,20250707,2.1055,4.211,,,4.211,0
513500.SH,20250710,20250708,2.1049,4.2098,,,4.2098,0
513500.SH,20250711,20250709,2.1179,4.2358,,,4.2358,0
513500.SH,20250712,20250710,2.123,4.246,,,4.246,0
513500.SH,20250715,20250711,2.1148,4.2296,,,4.2296,0
513500.SH,20250716,20250714,2.1179,4.2358,,,4.2358,0
513500.SH,20250717,20250715,2.1099,4.2198,,,4.2198,0
513500.SH,20250718,20250716,2.1174,4.2348,,,4.2348,0
513500.SH,20250719,20250717,2.1267,4.2534,,,4.2534,0
513500.SH,20250722,20250718,2.1278,4.2556,,,4.2556,0
513500.SH,20250723,20250721,2.1315,4.263,,,4.263,0
513500.SH,20250724,20250722,2.1312,4.2624,,,4.2624,0
513500.SH,20250725,20250723,2.146,4.292,,,4.292,0
513500.SH,20250726,20250724,2.1467,4.2934,,,4.2934,0
513500.SH,20250729,20250725,2.1562,4.3124,,,4.3124,0
513500.SH,20250730,20250728,2.1579,4.3158,,,4.3158,0
513500.SH,20250731,20250729,2.1528,4.3056,,,4.3056,0
513500.SH,20250801,20250730,2.1479,4.2958,,,4.2958,0
513500.SH,20250802,20250731,2.1416,4.2832,,,4.2832,0
513500.SH,20250805,20250801,2.1072,4.2144,,,4.2144,0
513500.SH,20250806,20250804,2.1353,4.2706,,,4.2706,0
513500.SH,20250807,20250805,2.124,4.248,,,4.248,0
513500.SH,20250808,20250806,2.1408,4.2816,,,4.2816,0
513500.SH,20250809,20250807,2.1372,4.2744,,,4.2744,0
513500.SH,20250812,20250808,2.1553,4.3106,,,4.3106,0
513500.SH,20250813,20250811,2.1507,4.3014,,,4.3014,0
513500.SH,20250814,20250812,2.1755,4.351,,,4.351,0
513500.SH,20250815,20250813,2.1804,4.3608,,,4.3608,0
513500.SH,20250816,20250814,2.1808,4.3616,,,4.3616,0
513500.SH,20250819,20250815,2.1758,4.3516,,,4.3516,0
513500.SH,20250820,20250818,2.174,4.348,,,4.348,0
513500.SH,20250821,20250819,2.1626,4.3252,,,4.3252,0
513500.SH,20250822,20250820,2.1578,4.3156,,,4.3156,0
513500.SH,20250823,20250821,2.1464,4.2928,,,4.2928,0
513500.SH,20250826,20250822,2.1802,4.3604,,,4.3604,0
513500.SH,20250827,20250825,2.1659,4.3318,,,4.3318,0
513500.SH,20250828,20250826,2.1756,4.3512,,,4.3512,0
513500.SH,20250829,20250827,2.1783,4.3566,,,4.3566,0
513500.SH,20250830,20250828,2.1838,4.3676,,,4.3676,0
513500.SH,20250902,20250829,2.1689,4.3378,,,4.3378,0
513500.SH,20250903,20250901,2.1701,4.3402,,,4.3402,0
513500.SH,20250904,20250902,2.1558,4.3116,,,4.3116,0
513500.SH,20250905,20250903,2.1675,4.335,,,4.335,0
513500.SH,20250906,20250904,2.1839,4.3678,,,4.3678,0
513500.SH,20250909,20250905,2.1776,4.3552,,,4.3552,0
513500.SH,20250910,20250908,2.1814,4.3628,,,4.3628,0
513500.SH,20250911,20250909,2.1868,4.3736,,,4.3736,0
513500.SH,20250912,20250910,2.1947,4.3894,,,4.3894,0
513500.SH,20250913,20250911,2.2123,4.4246,,,4.4246,0
513500.SH,20250916,20250912,2.2109,4.4218,,,4.4218,0
513500.SH,20250917,20250915,2.2227,4.4454,,,4.4454,0
513500.SH,20250918,20250916,2.2189,4.4378,,,4.4378,0
513500.SH,20250919,20250917,2.2161,4.4322,,,4.4322,0
513500.SH,20250920,20250918,2.2291,4.4582,,,4.4582,0
513500.SH,20250923,20250919,2.2413,4.4826,,,4.4826,0
513500.SH,20250924,20250922,2.2506,4.5012,,,4.5012,0
513500.SH,20250925,20250923,2.2364,4.4728,,,4.4728,0
513500.SH,20250926,20250924,2.2305,4.461,,,4.461,0
513500.SH,20250927,20250925,2.2206,4.4412,,,4.4412,0
513500.SH,20250930,20250926,2.2346,4.4692,,,4.4692,0
513500.SH,20251001,20250929,2.2384,4.4768,,,4.4768,0
513500.SH,20251028,20250930,2.2463,4.4926,,22037796945.39,4.4926,1
513500.SH,20251011,20251009,2.2637,4.5274,,,4.5274,0
513500.SH,20251014,20251010,2.2009,4.4018,,,4.4018,0
513500.SH,20251015,20251013,2.2339,4.4678,,,4.4678,0
513500.SH,20251016,20251014,2.2307,4.4614,,,4.4614,0
513500.SH,20251017,20251015,2.2393,4.4786,,,4.4786,0
513500.SH,20251018,20251016,2.2243,4.4486,,,4.4486,0
513500.SH,20251021,20251017,2.2355,4.471,,,4.471,0
513500.SH,20251022,20251020,2.2598,4.5196,,,4.5196,0
513500.SH,20251023,20251021,2.258,4.516,,,4.516,0
513500.SH,20251024,20251022,2.2464,4.4928,,,4.4928,0
513500.SH,20251025,20251023,2.2583,4.5166,,,4.5166,0
513500.SH,20251028,20251024,2.2766,4.5532,,,4.5532,0
513500.SH,20251029,20251027,2.3031,4.6062,,,4.6062,0
513500.SH,20251030,20251028,2.3076,4.6152,,,4.6152,0
513500.SH,20251031,20251029,2.3072,4.6144,,,4.6144,0
513500.SH,20251101,20251030,2.2848,4.5696,,,4.5696,0
513500.SH,20251104,20251031,2.2913,4.5826,,,4.5826,0
513500.SH,20251105,20251103,2.295,4.59,,,4.59,0
513500.SH,20251106,20251104,2.2686,4.5372,,,4.5372,0
513500.SH,20251107,20251105,2.2776,4.5552,,,4.5552,0
513500.SH,20251108,20251106,2.2507,4.5014,,,4.5014,0
513500.SH,20251111,20251107,2.2528,4.5056,,,4.5056,0
513500.SH,20251112,20251110,2.2884,4.5768,,,4.5768,0
513500.SH,20251113,20251111,2.2934,4.5868,,,4.5868,0
513500.SH,20251114,20251112,2.2939,4.5878,,,4.5878,0
513500.SH,20251115,20251113,2.257,4.514,,,4.514,0
513500.SH,20251118,20251114,2.2547,4.5094,,,4.5094,0
513500.SH,20251119,20251117,2.2337,4.4674,,,4.4674,0
513500.SH,20251120,20251118,2.2165,4.433,,,4.433,0
513500.SH,20251121,20251119,2.2255,4.451,,,4.451,0
513500.SH,20251122,20251120,2.1919,4.3838,,,4.3838,0
513500.SH,20251125,20251121,2.2129,4.4258,,,4.4258,0
513500.SH,20251126,20251124,2.2463,4.4926,,,4.4926,0
513500.SH,20251127,20251125,2.2662,4.5324,,,4.5324,0
513500.SH,20251128,20251126,2.2809,4.5618,,,4.5618,0
513500.SH,20251129,20251127,2.2803,4.5606,,,4.5606,0
513500.SH,20251202,20251128,2.2927,4.5854,,,4.5854,0
513500.SH,20251203,20251201,2.2803,4.5606,,,4.5606,0
513500.SH,20251204,20251202,2.2869,4.5738,,,4.5738,0
513500.SH,20251205,20251203,2.2926,4.5852,,,4.5852,0
513500.SH,20251206,20251204,2.2942,4.5884,,,4.5884,0
513500.SH,20251209,20251205,2.2993,4.5986,,,4.5986,0
513500.SH,20251210,20251208,2.2917,4.5834,,,4.5834,0
513500.SH,20251211,20251209,2.2899,4.5798,,,4.5798,0
513500.SH,20251212,20251210,2.3046,4.6092,,,4.6092,0
513500.SH,20251213,20251211,2.307,4.614,,,4.614,0
513500.SH,20251216,20251212,2.2807,4.5614,,,4.5614,0
513500.SH,20251217,20251215,2.2777,4.5554,,,4.5554,0
513500.SH,20251218,20251216,2.2706,4.5412,,,4.5412,0
513500.SH,20251219,20251217,2.2435,4.487,,,4.487,0
513500.SH,20251220,20251218,2.2616,4.5232,,,4.5232,0
513500.SH,20251223,20251219,2.2802,4.5604,,,4.5604,0
513500.SH,20251224,20251222,2.2952,4.5904,,,4.5904,0
513500.SH,20251225,20251223,2.304,4.608,,,4.608,0
513500.SH,20251226,20251224,2.3097,4.6194,,,4.6194,0
513500.SH,20251227,20251225,2.307,4.614,,,4.614,0
513500.SH,20251230,20251226,2.3055,4.611,,,4.611,0
513500.SH,20251231,20251229,2.2964,4.5928,,,4.5928,0
513500.SH,20260101,20251230,2.2938,4.5876,,,4.5876,0
513500.SH,20260122,20251231,2.275,4.55,,22319550354.18,4.55,1
513500.SH,20260107,20260105,2.2915,4.583,,,4.583,0
513500.SH,20260108,20260106,2.3039,4.6078,,,4.6078,0
513500.SH,20260109,20260107,2.2969,4.5938,,,4.5938,0
513500.SH,20260110,20260108,2.297,4.594,,,4.594,0
513500.SH,20260113,20260109,2.3093,4.6186,,,4.6186,0
513500.SH,20260114,20260112,2.312,4.624,,,4.624,0
513500.SH,20260115,20260113,2.3072,4.6144,,,4.6144,0
513500.SH,20260116,20260114,2.295,4.59,,,4.59,0
513500.SH,20260117,20260115,2.2989,4.5978,,,4.5978,0
513500.SH,20260120,20260116,2.2978,4.5956,,,4.5956,0
513500.SH,20260121,20260119,2.2968,4.5936,,,4.5936,0
513500.SH,20260122,20260120,2.248,4.496,,,4.496,0
513500.SH,20260123,20260121,2.2743,4.5486,,,4.5486,0
513500.SH,20260124,20260122,2.287,4.574,,,4.574,0
513500.SH,20260127,20260123,2.2849,4.5698,,,4.5698,0
513500.SH,20260128,20260126,2.2937,4.5874,,,4.5874,0
513500.SH,20260129,20260127,2.303,4.606,,,4.606,0
513500.SH,20260130,20260128,2.2994,4.5988,,,4.5988,0
513500.SH,20260131,20260129,2.2966,4.5932,,,4.5932,0
513500.SH,20260203,20260130,2.2836,4.5672,,,4.5672,0
513500.SH,20260204,20260202,2.2965,4.593,,,4.593,0
513500.SH,20260205,20260203,2.274,4.548,,,4.548,0
513500.SH,20260206,20260204,2.2605,4.521,,,4.521,0
513500.SH,20260207,20260205,2.2337,4.4674,,,4.4674,0
513500.SH,20260210,20260206,2.2783,4.5566,,,4.5566,0
513500.SH,20260211,20260209,2.2869,4.5738,,,4.5738,0
513500.SH,20260212,20260210,2.2774,4.5548,,,4.5548,0
513500.SH,20260213,20260211,2.2766,4.5532,,,4.5532,0
513500.SH,20260214,20260212,2.241,4.482,,,4.482,0
513500.SH,20260225,20260213,2.2404,4.4808,,,4.4808,0
513500.SH,20260226,20260224,2.2589,4.5178,,,4.5178,0
513500.SH,20260227,20260225,2.2748,4.5496,,,4.5496,0
513500.SH,20260228,20260226,2.2593,4.5186,,,4.5186,0
513500.SH,20260303,20260227,2.2491,4.4982,,,4.4982,0
513500.SH,20260304,20260302,2.2494,4.4988,,,4.4988,0
513500.SH,20260305,20260303,2.2237,4.4474,,,4.4474,0
513500.SH,20260306,20260304,2.2421,4.4842,,,4.4842,0
513500.SH,20260307,20260305,2.2259,4.4518,,,4.4518,0
513500.SH,20260310,20260306,2.1965,4.393,,,4.393,0
513500.SH,20260311,20260309,2.2193,4.4386,,,4.4386,0
513500.SH,20260312,20260310,2.2093,4.4186,,,4.4186,0
513500.SH,20260313,20260311,2.2054,4.4108,,,4.4108,0
513500.SH,20260314,20260312,2.1731,4.3462,,,4.3462,0
513500.SH,20260317,20260313,2.1615,4.323,,,4.323,0
513500.SH,20260318,20260316,2.1852,4.3704,,,4.3704,0
513500.SH,20260319,20260317,2.1879,4.3758,,,4.3758,0
513500.SH,20260320,20260318,2.1561,4.3122,,,4.3122,0
513500.SH,20260321,20260319,2.1525,4.305,,,4.305,0
513500.SH,20260324,20260320,2.1176,4.2352,,,4.2352,0
513500.SH,20260325,20260323,2.1469,4.2938,,,4.2938,0
513500.SH,20260326,20260324,2.1352,4.2704,,,4.2704,0
513500.SH,20260327,20260325,2.1456,4.2912,,,4.2912,0
513500.SH,20260328,20260326,2.1132,4.2264,,,4.2264,0
513500.SH,20260331,20260327,2.0802,4.1604,,,4.1604,0
513500.SH,20260401,20260330,2.0751,4.1502,,,4.1502,0
513500.SH,20260422,20260331,2.1345,4.269,,20941057082.68,4.269,1
513500.SH,20260403,20260401,2.1441,4.2882,,,4.2882,0
513500.SH,20260404,20260402,2.1417,4.2834,,,4.2834,0
513500.SH,20260408,20260403,2.1432,4.2864,,,4.2864,0
513500.SH,20260409,20260407,2.152,4.304,,,4.304,0
513500.SH,20260410,20260408,2.2001,4.4002,,,4.4002,0
513500.SH,20260411,20260409,2.2128,4.4256,,,4.4256,0
513500.SH,20260414,20260410,2.2105,4.421,,,4.421,0
513500.SH,20260415,20260413,2.2332,4.4664,,,4.4664,0
513500.SH,20260416,20260414,2.2575,4.515,,,4.515,0
513500.SH,20260417,20260415,2.2756,4.5512,,,4.5512,0
513500.SH,20260418,20260416,2.2828,4.5656,,,4.5656,0
513500.SH,20260421,20260417,2.3108,4.6216,,,4.6216,0
513500.SH,20260422,20260420,2.3062,4.6124,,,4.6124,0
513500.SH,20260423,20260421,2.2903,4.5806,,,4.5806,0
513500.SH,20260424,20260422,2.3163,4.6326,,,4.6326,0
513500.SH,20260425,20260423,2.3074,4.6148,,,4.6148,0
513500.SH,20260428,20260424,2.3271,4.6542,,,4.6542,0
513500.SH,20260429,20260427,2.3268,4.6536,,,4.6536,0
513500.SH,20260430,20260428,2.3155,4.631,,,4.631,0
513500.SH,20260501,20260429,2.3153,4.6306,,,4.6306,0
513500.SH,20260507,20260430,2.3397,4.6794,,,4.6794,0
513500.SH,20260508,20260506,2.3882,4.7764,,,4.7764,0
513500.SH,20260509,20260507,2.3766,4.7532,,,4.7532,0
513500.SH,20260512,20260508,2.3975,4.795,,,4.795,0
513500.SH,20260513,20260511,2.4008,4.8016,,,4.8016,0
513500.SH,20260514,20260512,2.3954,4.7908,,,4.7908,0
513500.SH,20260515,20260513,2.4098,4.8196,,,4.8196,0
513500.SH,20260516,20260514,2.4274,4.8548,,,4.8548,0
513500.SH,20260519,20260515,2.3983,4.7966,,,4.7966,0
513500.SH,20260520,20260518,2.3968,4.7936,,,4.7936,0
513500.SH,20260521,20260519,2.3788,4.7576,,,4.7576,0
513500.SH,20260522,20260520,2.4054,4.8108,,,4.8108,0
513500.SH,20260523,20260521,2.408,4.816,,,4.816,0
513500.SH,20260526,20260522,2.4177,4.8354,,,4.8354,0
513500.SH,20260527,20260525,2.4157,4.8314,,,4.8314,0
513500.SH,20260528,20260526,2.4294,4.8588,,,4.8588,0
513500.SH,20260529,20260527,2.4301,4.8602,,,4.8602,0
513500.SH,20260530,20260528,2.4421,4.8842,,,4.8842,0
513500.SH,20260602,20260529,2.4452,4.8904,,,4.8904,0
513500.SH,20260603,20260601,2.4517,4.9034,,,4.9034,0
513500.SH,20260603,20260602,2.4557,4.9114,,,4.9114,0
513500.SH,20260604,20260603,2.4375,4.875,,,4.875,0
513500.SH,20260605,20260604,2.448,4.896,,,4.896,0
513500.SH,20260608,20260605,2.3815,4.763,,,4.763,0
513500.SH,20260609,20260608,2.39,4.78,,,4.78,0
513500.SH,20260610,20260609,2.3818,4.7636,,,4.7636,0
513500.SH,20260611,20260610,2.3428,4.6856,,,4.6856,0
513500.SH,20260612,20260611,2.384,4.768,,,4.768,0
513500.SH,20260615,20260612,2.3948,4.7896,,,4.7896,0
513500.SH,20260616,20260615,2.4343,4.8686,,,4.8686,0
513500.SH,20260617,20260616,2.4209,4.8418,,,4.8418,0
513500.SH,20260618,20260617,2.3904,4.7808,,,4.7808,0
513500.SH,20260622,20260618,2.4182,4.8364,,,4.8364,0
513500.SH,20260623,20260622,2.41,4.82,,,4.82,0
513500.SH,20260624,20260623,2.3757,4.7514,,,4.7514,0
513500.SH,20260625,20260624,2.3743,4.7486,,,4.7486,0
513500.SH,20260626,20260625,2.3744,4.7488,,,4.7488,0
513500.SH,20260629,20260626,2.3714,4.7428,,,4.7428,0
513500.SH,20260630,20260629,2.3999,4.7998,,,4.7998,0
513500.SH,20260701,20260630,2.4164,4.8328,,,4.8328,0
513500.SH,20260702,20260701,2.4096,4.8192,,,4.8192,0
513500.SH,20260703,20260702,2.4096,4.8192,,,4.8192,0
513500.SH,20260706,20260703,2.4081,4.8162,,,4.8162,0
513500.SH,20260707,20260706,2.4264,4.8528,,,4.8528,0
513500.SH,20260708,20260707,2.415,4.83,,,4.83,0
513500.SH,20260709,20260708,2.4093,4.8186,,,4.8186,0
513500.SH,20260710,20260709,2.4277,4.8554,,,4.8554,0
513500.SH,20260713,20260710,2.4364,4.8728,,,4.8728,0
513500.SH,20260714,20260713,2.4162,4.8324,,,4.8324,0
513500.SH,20260715,20260714,2.4262,4.8524,,,4.8524,0
513500.SH,20260716,20260715,2.4326,4.8652,,,4.8652,0
513500.SH,20260717,20260716,2.4202,4.8404,,,4.8404,0
513500.SH,20260720,20260717,2.3965,4.793,,,4.793,0
513500.SH,20260721,20260720,2.3922,4.7844,,,4.7844,0
513500.SH,20260722,20260721,2.4124,4.8248,,,4.8248,0
513500.SH,20260723,20260722,2.4095,4.819,,,4.819,0
513500.SH,20260724,20260723,2.3781,4.7562,,,4.7562,0
513500.SH,20260727,20260724,2.3802,4.7604,,,4.7604,0
513500.SH,20260728,20260727,2.3792,4.7584,,,4.7584,0
513500.SH,20260729,20260728,2.3848,4.7696,,,4.7696,0
513500.SH,20260730,20260729,2.3477,4.6954,,,4.6954,0
