ts_code,ann_date,nav_date,unit_nav,accum_nav,accum_div,net_asset,adj_nav,update_flag
511010.SH,20130306,20130305,100.0,1.0,,5423628798.0,100.0,0
511010.SH,20130309,20130308,100.012,1.0,,5424278920.61,100.012,0
511010.SH,20130316,20130315,99.786,0.998,,5412025242.27,99.786,0
511010.SH,20130320,20130318,99.818,0.998,,5413751566.86,99.818,0
511010.SH,20130323,20130322,99.853,0.999,,5415667374.55,99.853,0
511010.SH,20130326,20130325,99.89,0.999,,,99.89,0
511010.SH,20130327,20130326,99.889,0.999,,,99.889,0
511010.SH,20130328,20130327,99.901,0.999,,,99.901,0
511010.SH,20130329,20130328,99.953,1.0,,,99.953,0
511010.SH,20130330,20130329,99.961,1.0,,,99.961,0
511010.SH,20130402,20130401,100.097,1.001,,,100.097,0
511010.SH,20130403,20130402,100.243,1.002,,,100.243,0
511010.SH,20130404,20130403,100.316,1.003,,,100.316,0
511010.SH,20130409,20130408,100.344,1.003,,,100.344,0
511010.SH,20130410,20130409,100.375,1.004,,,100.375,0
511010.SH,20130411,20130410,100.457,1.005,,,100.457,0
511010.SH,20130412,20130411,100.429,1.004,,,100.429,0
511010.SH,20130413,20130412,100.48,1.005,,,100.48,0
511010.SH,20130416,20130415,100.56,1.006,,,100.56,0
511010.SH,20130417,20130416,100.755,1.008,,,100.755,0
511010.SH,20130418,20130417,100.666,1.007,,,100.666,0
511010.SH,20130419,20130418,100.554,1.006,,,100.554,0
511010.SH,20130420,20130419,100.551,1.006,,,100.551,0
511010.SH,20130423,20130422,100.438,1.004,,,100.438,0
511010.SH,20130424,20130423,100.609,1.006,,,100.609,0
511010.SH,20130425,20130424,100.672,1.007,,,100.672,0
511010.SH,20130426,20130425,100.675,1.007,,,100.675,0
511010.SH,20130427,20130426,100.761,1.008,,,100.761,0
511010.SH,20130503,20130502,100.923,1.009,,,100.923,0
511010.SH,20130504,20130503,100.965,1.01,,,100.965,0
511010.SH,20130507,20130506,100.878,1.009,,,100.878,0
511010.SH,20130508,20130507,101.121,1.011,,,101.121,0
511010.SH,20130509,20130508,100.96,1.01,,,100.96,0
511010.SH,20130510,20130509,100.959,1.01,,,100.959,0
511010.SH,20130511,20130510,101.042,1.01,,,101.042,0
511010.SH,20130514,20130513,101.051,1.011,,,101.051,0
511010.SH,20130515,20130514,101.058,1.011,,,101.058,0
511010.SH,20130516,20130515,101.083,1.011,,,101.083,0
511010.SH,20130517,20130516,101.067,1.011,,,101.067,0
511010.SH,20130518,20130517,100.992,1.01,,,100.992,0
511010.SH,20130521,20130520,101.0,1.01,,,101.0,0
511010.SH,20130522,20130521,100.984,1.01,,,100.984,0
511010.SH,20130523,20130522,101.013,1.01,,,101.013,0
511010.SH,20130524,20130523,101.045,1.01,,,101.045,0
511010.SH,20130525,20130524,101.072,1.011,,,101.072,0
511010.SH,20130528,20130527,101.115,1.011,,,101.115,0
511010.SH,20130529,20130528,101.175,1.012,,,101.175,0
511010.SH,20130530,20130529,101.041,1.01,,,101.041,0
511010.SH,20130531,20130530,101.058,1.011,,,101.058,0
511010.SH,20130601,20130531,101.027,1.01,,,101.027,0
511010.SH,20130604,20130603,100.692,1.01,,,100.9718,0
511010.SH,20130605,20130604,100.661,1.009,,,100.9407,0
511010.SH,20130606,20130605,100.597,1.009,,,100.8766,0
511010.SH,20130607,20130606,100.523,1.008,,,100.8024,0
511010.SH,20130608,20130607,100.417,1.007,,,100.6961,0
511010.SH,20130614,20130613,100.524,1.008,,,100.8034,0
511010.SH,20130615,20130614,100.439,1.007,,,100.7181,0
511010.SH,20130618,20130617,100.422,1.007,,,100.7011,0
511010.SH,20130619,20130618,100.345,1.006,,,100.6239,0
511010.SH,20130620,20130619,100.012,1.003,,,100.2899,0
511010.SH,20130621,20130620,99.15,0.994,,,99.4255,0
511010.SH,20130622,20130621,99.305,0.996,,,99.581,0
511010.SH,20130625,20130624,99.472,0.998,,,99.7484,0
511010.SH,20130626,20130625,99.603,0.999,,,99.8798,0
511010.SH,20130627,20130626,100.205,1.005,,,100.4835,0
511010.SH,20130628,20130627,100.428,1.007,,,100.7071,0
511010.SH,20130629,20130628,100.557,1.008,,,100.8364,0
511010.SH,20130701,20130630,100.573,1.009,,1342270402.39,100.8525,0
511010.SH,20130702,20130701,100.567,1.008,,,100.8465,0
511010.SH,20130703,20130702,100.571,1.009,,,100.8505,0
511010.SH,20130704,20130703,100.604,1.009,,,100.8836,0
511010.SH,20130705,20130704,100.618,1.009,,,100.8976,0
511010.SH,20130706,20130705,100.625,1.009,,,100.9046,0
511010.SH,20130709,20130708,100.542,1.008,,,100.8214,0
511010.SH,20130710,20130709,100.466,1.007,,,100.7452,0
511010.SH,20130711,20130710,100.235,1.005,,,100.5136,0
511010.SH,20130712,20130711,100.076,1.004,,,100.3541,0
511010.SH,20130713,20130712,99.912,1.002,,,100.1897,0
511010.SH,20130716,20130715,99.898,1.002,,,100.1756,0
511010.SH,20130717,20130716,99.829,1.001,,,100.1064,0
511010.SH,20130718,20130717,99.67,1.0,,,99.947,0
511010.SH,20130719,20130718,99.66,0.999,,,99.937,0
511010.SH,20130720,20130719,99.633,0.999,,,99.9099,0
511010.SH,20130723,20130722,99.455,0.997,,,99.7314,0
511010.SH,20130724,20130723,99.229,0.995,,,99.5048,0
511010.SH,20130725,20130724,98.93,0.992,,,99.2049,0
511010.SH,20130726,20130725,99.101,0.994,,,99.3764,0
511010.SH,20130727,20130726,99.194,0.995,,,99.4697,0
511010.SH,20130730,20130729,99.171,0.995,,,99.4466,0
511010.SH,20130731,20130730,99.216,0.995,,,99.4917,0
511010.SH,20130801,20130731,99.312,0.996,,,99.588,0
511010.SH,20130802,20130801,99.434,0.997,,,99.7103,0
511010.SH,20130803,20130802,99.458,0.997,,,99.7344,0
511010.SH,20130806,20130805,99.412,0.997,,,99.6883,0
511010.SH,20130807,20130806,99.369,0.996,,,99.6451,0
511010.SH,20130808,20130807,99.166,0.994,,,99.4416,0
511010.SH,20130809,20130808,98.91,0.992,,,99.1849,0
511010.SH,20130810,20130809,98.851,0.991,,,99.1257,0
511010.SH,20130813,20130812,98.766,0.99,,,99.0405,0
511010.SH,20130814,20130813,98.478,0.988,,,98.7517,0
511010.SH,20130815,20130814,98.191,0.985,,,98.4639,0
511010.SH,20130816,20130815,98.154,0.984,,,98.4268,0
511010.SH,20130817,20130816,98.214,0.985,,,98.4869,0
511010.SH,20130820,20130819,98.085,0.984,,,98.3576,0
511010.SH,20130821,20130820,97.82,0.981,,,98.0918,0
511010.SH,20130822,20130821,97.985,0.983,,,98.2573,0
511010.SH,20130823,20130822,97.971,0.983,,,98.2433,0
511010.SH,20130824,20130823,98.196,0.985,,,98.4689,0
511010.SH,20130827,20130826,98.352,0.986,,,98.6253,0
511010.SH,20130828,20130827,98.339,0.986,,,98.6123,0
511010.SH,20130829,20130828,98.099,0.984,,,98.3716,0
511010.SH,20130830,20130829,98.072,0.984,,,98.3445,0
511010.SH,20130831,20130830,98.097,0.984,,,98.3696,0
511010.SH,20130903,20130902,98.105,0.984,,,98.3776,0
511010.SH,20130904,20130903,98.088,0.984,,,98.3606,0
511010.SH,20130905,20130904,97.96,0.982,,,98.2322,0
511010.SH,20130906,20130905,98.02,0.983,,,98.2924,0
511010.SH,20130907,20130906,98.055,0.983,,,98.3275,0
511010.SH,20130910,20130909,97.942,0.982,,,98.2142,0
511010.SH,20130911,20130910,97.82,0.981,,,98.0918,0
511010.SH,20130912,20130911,97.58,0.979,,,97.8512,0
511010.SH,20130913,20130912,97.616,0.979,,,97.8873,0
511010.SH,20130914,20130913,97.657,0.979,,,97.9284,0
511010.SH,20130917,20130916,97.706,0.98,,,97.9775,0
511010.SH,20130918,20130917,97.945,0.982,,,98.2172,0
511010.SH,20130919,20130918,97.955,0.982,,,98.2272,0
511010.SH,20130924,20130923,98.212,0.985,,,98.4849,0
511010.SH,20130925,20130924,98.226,0.985,,,98.499,0
511010.SH,20130926,20130925,98.324,0.986,,,98.5972,0
511010.SH,20130927,20130926,98.474,0.988,,,98.7477,0
511010.SH,20130928,20130927,98.429,0.987,,,98.7025,0
511010.SH,20131001,20130930,98.451,0.987,,1359243348.77,98.7246,0
511010.SH,20131009,20131008,98.579,0.989,,,98.853,0
511010.SH,20131010,20131009,98.501,0.988,,,98.7747,0
511010.SH,20131011,20131010,98.538,0.988,,,98.8118,0
511010.SH,20131012,20131011,98.478,0.988,,,98.7517,0
511010.SH,20131015,20131014,98.37,0.987,,,98.6434,0
511010.SH,20131016,20131015,98.318,0.986,,,98.5912,0
511010.SH,20131017,20131016,98.285,0.986,,,98.5581,0
511010.SH,20131018,20131017,98.254,0.985,,,98.527,0
511010.SH,20131019,20131018,98.228,0.985,,,98.501,0
511010.SH,20131022,20131021,98.181,0.985,,,98.4538,0
511010.SH,20131023,20131022,98.159,0.984,,,98.4318,0
511010.SH,20131024,20131023,98.105,0.984,,,98.3776,0
511010.SH,20131025,20131024,97.974,0.983,,,98.2463,0
511010.SH,20131026,20131025,97.921,0.982,,,98.1931,0
511010.SH,20131029,20131028,97.905,0.982,,,98.1771,0
511010.SH,20131030,20131029,97.813,0.981,,,98.0848,0
511010.SH,20131031,20131030,97.793,0.981,,,98.0648,0
511010.SH,20131101,20131031,97.897,0.982,,,98.1691,0
511010.SH,20131102,20131101,98.107,0.984,,,98.3796,0
511010.SH,20131105,20131104,97.999,0.983,,,98.2713,0
511010.SH,20131106,20131105,97.878,0.982,,,98.15,0
511010.SH,20131107,20131106,97.607,0.979,,,97.8782,0
511010.SH,20131108,20131107,97.341,0.976,,,97.6115,0
511010.SH,20131109,20131108,97.141,0.974,,,97.411,0
511010.SH,20131112,20131111,96.634,0.969,,,96.9025,0
511010.SH,20131113,20131112,96.768,0.97,,,97.0369,0
511010.SH,20131114,20131113,96.446,0.967,,,96.714,0
511010.SH,20131115,20131114,96.442,0.967,,,96.71,0
511010.SH,20131116,20131115,96.074,0.964,,,96.341,0
511010.SH,20131119,20131118,95.992,0.963,,,96.2588,0
511010.SH,20131120,20131119,95.916,0.962,,,96.1826,0
511010.SH,20131121,20131120,95.8,0.961,,,96.0662,0
511010.SH,20131122,20131121,95.956,0.962,,,96.2227,0
511010.SH,20131123,20131122,96.197,0.965,,,96.4643,0
511010.SH,20131126,20131125,96.113,0.964,,,96.3801,0
511010.SH,20131127,20131126,96.166,0.964,,,96.4332,0
511010.SH,20131128,20131127,96.533,0.968,,,96.8013,0
511010.SH,20131129,20131128,96.872,0.972,,,97.1412,0
511010.SH,20131130,20131129,97.015,0.973,,,97.2846,0
511010.SH,20131203,20131202,96.58,0.969,,,96.8484,0
511010.SH,20131204,20131203,96.754,0.97,,,97.0229,0
511010.SH,20131205,20131204,96.778,0.971,,,97.0469,0
511010.SH,20131206,20131205,96.594,0.969,,,96.8624,0
511010.SH,20131207,20131206,96.496,0.968,,,96.7642,0
511010.SH,20131210,20131209,96.33,0.966,,,96.5977,0
511010.SH,20131211,20131210,96.083,0.964,,,96.35,0
511010.SH,20131212,20131211,95.962,0.962,,,96.2287,0
511010.SH,20131213,20131212,96.14,0.964,,,96.4072,0
511010.SH,20131214,20131213,96.425,0.967,,,96.693,0
511010.SH,20131217,20131216,96.333,0.966,,,96.6007,0
511010.SH,20131218,20131217,96.268,0.965,,,96.5355,0
511010.SH,20131219,20131218,96.174,0.965,,,96.4413,0
511010.SH,20131220,20131219,96.068,0.963,,,96.335,0
511010.SH,20131221,20131220,96.117,0.964,,,96.3841,0
511010.SH,20131224,20131223,96.16,0.964,,,96.4272,0
511010.SH,20131225,20131224,96.32,0.966,,,96.5877,0
511010.SH,20131226,20131225,96.308,0.966,,,96.5756,0
511010.SH,20131227,20131226,96.355,0.966,,,96.6228,0
511010.SH,20131228,20131227,96.297,0.966,,,96.5646,0
511010.SH,20131231,20131230,96.302,0.966,,,96.5696,0
511010.SH,20140101,20131231,96.325,0.966,,891612733.94,96.5927,0
511010.SH,20140103,20140102,96.255,0.965,,,96.5225,0
511010.SH,20140104,20140103,96.194,0.965,,,96.4613,0
511010.SH,20140107,20140106,96.055,0.963,,,96.3219,0
511010.SH,20140108,20140107,96.199,0.965,,,96.4663,0
511010.SH,20140109,20140108,96.356,0.966,,,96.6238,0
511010.SH,20140110,20140109,96.468,0.967,,,96.7361,0
511010.SH,20140111,20140110,96.491,0.968,,,96.7591,0
511010.SH,20140114,20140113,96.489,0.968,,,96.7571,0
511010.SH,20140115,20140114,96.509,0.968,,,96.7772,0
511010.SH,20140116,20140115,96.724,0.97,,,96.9928,0
511010.SH,20140117,20140116,96.677,0.97,,,96.9457,0
511010.SH,20140118,20140117,96.634,0.969,,,96.9025,0
511010.SH,20140121,20140120,96.677,0.97,,,96.9457,0
511010.SH,20140122,20140121,97.003,0.973,,,97.2726,0
511010.SH,20140123,20140122,97.167,0.974,,,97.437,0
511010.SH,20140124,20140123,97.111,0.974,,,97.3809,0
511010.SH,20140125,20140124,97.099,0.974,,,97.3688,0
511010.SH,20140128,20140127,97.438,0.977,,,97.7088,0
511010.SH,20140129,20140128,97.352,0.976,,,97.6225,0
511010.SH,20140130,20140129,97.369,0.976,,,97.6396,0
511010.SH,20140131,20140130,97.392,0.977,,,97.6627,0
511010.SH,20140208,20140207,97.611,0.979,,,97.8823,0
511010.SH,20140211,20140210,97.649,0.979,,,97.9204,0
511010.SH,20140212,20140211,97.695,0.98,,,97.9665,0
511010.SH,20140213,20140212,97.718,0.98,,,97.9896,0
511010.SH,20140214,20140213,97.756,0.98,,,98.0277,0
511010.SH,20140215,20140214,97.779,0.981,,,98.0507,0
511010.SH,20140218,20140217,97.709,0.98,,,97.9805,0
511010.SH,20140219,20140218,97.62,0.979,,,97.8913,0
511010.SH,20140220,20140219,97.586,0.979,,,97.8572,0
511010.SH,20140221,20140220,97.583,0.979,,,97.8542,0
511010.SH,20140222,20140221,97.643,0.979,,,97.9143,0
511010.SH,20140225,20140224,97.821,0.981,,,98.0928,0
511010.SH,20140226,20140225,98.248,0.985,,,98.521,0
511010.SH,20140227,20140226,98.092,0.984,,,98.3646,0
511010.SH,20140228,20140227,98.525,0.988,,,98.7988,0
511010.SH,20140301,20140228,98.412,0.987,,,98.6855,0
511010.SH,20140304,20140303,98.35,0.986,,,98.6233,0
511010.SH,20140305,20140304,97.965,0.982,,,98.2372,0
511010.SH,20140306,20140305,97.951,0.982,,,98.2232,0
511010.SH,20140307,20140306,98.002,0.983,,,98.2743,0
511010.SH,20140308,20140307,97.996,0.983,,,98.2683,0
511010.SH,20140311,20140310,98.089,0.984,,,98.3616,0
511010.SH,20140312,20140311,98.081,0.984,,,98.3536,0
511010.SH,20140313,20140312,98.085,0.984,,,98.3576,0
511010.SH,20140314,20140313,98.182,0.985,,,98.4548,0
511010.SH,20140315,20140314,98.284,0.986,,,98.5571,0
511010.SH,20140318,20140317,98.308,0.986,,,98.5812,0
511010.SH,20140319,20140318,98.186,0.985,,,98.4589,0
511010.SH,20140320,20140319,98.117,0.984,,,98.3897,0
511010.SH,20140321,20140320,98.192,0.985,,,98.4649,0
511010.SH,20140322,20140321,98.232,0.985,,,98.505,0
511010.SH,20140325,20140324,98.197,0.985,,,98.4699,0
511010.SH,20140326,20140325,98.179,0.985,,,98.4518,0
511010.SH,20140327,20140326,98.199,0.985,,,98.4719,0
511010.SH,20140328,20140327,98.26,0.985,,,98.5331,0
511010.SH,20140329,20140328,98.21,0.985,,,98.4829,0
511010.SH,20140401,20140331,98.297,0.986,,786991187.57,98.5702,0
511010.SH,20140402,20140401,98.216,0.985,,,98.4889,0
511010.SH,20140403,20140402,98.157,0.984,,,98.4298,0
511010.SH,20140404,20140403,98.055,0.983,,,98.3275,0
511010.SH,20140405,20140404,98.024,0.983,,,98.2964,0
511010.SH,20140409,20140408,98.122,0.984,,,98.3947,0
511010.SH,20140410,20140409,98.052,0.983,,,98.3245,0
511010.SH,20140411,20140410,98.188,0.985,,,98.4609,0
511010.SH,20140412,20140411,98.236,0.985,,,98.509,0
511010.SH,20140415,20140414,98.397,0.987,,,98.6704,0
511010.SH,20140416,20140415,98.376,0.987,,,98.6494,0
511010.SH,20140417,20140416,98.473,0.988,,,98.7467,0
511010.SH,20140418,20140417,98.754,0.99,,,99.0284,0
511010.SH,20140419,20140418,98.73,0.99,,,99.0044,0
511010.SH,20140422,20140421,98.714,0.99,,,98.9883,0
511010.SH,20140423,20140422,98.732,0.99,,,99.0064,0
511010.SH,20140424,20140423,98.685,0.99,,,98.9592,0
511010.SH,20140425,20140424,98.735,0.99,,,99.0094,0
511010.SH,20140426,20140425,98.763,0.99,,,99.0375,0
511010.SH,20140429,20140428,98.794,0.991,,,99.0685,0
511010.SH,20140430,20140429,98.8,0.991,,,99.0746,0
511010.SH,20140501,20140430,98.811,0.991,,,99.0856,0
511010.SH,20140506,20140505,98.892,0.992,,,99.1668,0
511010.SH,20140507,20140506,99.024,0.993,,,99.2992,0
511010.SH,20140508,20140507,99.16,0.994,,,99.4356,0
511010.SH,20140509,20140508,99.258,0.995,,,99.5338,0
511010.SH,20140510,20140509,99.727,1.0,,,100.0041,0
511010.SH,20140513,20140512,99.649,0.999,,,99.9259,0
511010.SH,20140514,20140513,99.696,1.0,,,99.9731,0
511010.SH,20140515,20140514,99.625,0.999,,,99.9019,0
511010.SH,20140516,20140515,99.558,0.998,,,99.8347,0
511010.SH,20140517,20140516,99.541,0.998,,,99.8176,0
511010.SH,20140520,20140519,99.626,0.999,,,99.9029,0
511010.SH,20140521,20140520,99.591,0.999,,,99.8678,0
511010.SH,20140522,20140521,99.623,0.999,,,99.8999,0
511010.SH,20140523,20140522,99.678,1.0,,,99.955,0
511010.SH,20140524,20140523,99.713,1.0,,,99.9901,0
511010.SH,20140527,20140526,99.754,1.0,,,100.0312,0
511010.SH,20140528,20140527,99.823,1.001,,,100.1004,0
511010.SH,20140529,20140528,100.06,1.003,,,100.3381,0
511010.SH,20140530,20140529,100.183,1.005,,,100.4614,0
511010.SH,20140531,20140530,100.327,1.006,,,100.6058,0
511010.SH,20140604,20140603,100.601,1.009,,,100.8806,0
511010.SH,20140605,20140604,100.766,1.01,,,101.046,0
511010.SH,20140606,20140605,100.637,1.009,,,100.9167,0
511010.SH,20140607,20140606,100.589,1.009,,,100.8685,0
511010.SH,20140610,20140609,100.636,1.009,,,100.9157,0
511010.SH,20140611,20140610,100.706,1.01,,,100.9859,0
511010.SH,20140612,20140611,100.725,1.01,,,101.0049,0
511010.SH,20140613,20140612,100.696,1.01,,,100.9758,0
511010.SH,20140614,20140613,100.634,1.009,,,100.9137,0
511010.SH,20140617,20140616,100.817,1.011,,,101.0972,0
511010.SH,20140618,20140617,100.825,1.011,,,101.1052,0
511010.SH,20140619,20140618,100.767,1.01,,,101.047,0
511010.SH,20140620,20140619,100.732,1.01,,,101.0119,0
511010.SH,20140621,20140620,100.848,1.011,,,101.1283,0
511010.SH,20140624,20140623,100.809,1.011,,,101.0891,0
511010.SH,20140625,20140624,100.854,1.011,,,101.1343,0
511010.SH,20140626,20140625,100.866,1.011,,,101.1463,0
511010.SH,20140627,20140626,100.86,1.011,,,101.1403,0
511010.SH,20140628,20140627,100.826,1.011,,,101.1062,0
511010.SH,20140701,20140630,100.832,1.011,,592517968.46,101.1122,0
511010.SH,20140702,20140701,100.698,1.01,,,100.9778,0
511010.SH,20140703,20140702,100.433,1.007,,,100.7121,0
511010.SH,20140704,20140703,100.333,1.006,,,100.6118,0
511010.SH,20140705,20140704,100.276,1.006,,,100.5547,0
511010.SH,20140708,20140707,100.395,1.007,,,100.674,0
511010.SH,20140709,20140708,100.324,1.006,,,100.6028,0
511010.SH,20140710,20140709,100.358,1.006,,,100.6369,0
511010.SH,20140711,20140710,100.317,1.006,,,100.5958,0
511010.SH,20140712,20140711,100.329,1.006,,,100.6078,0
511010.SH,20140715,20140714,100.286,1.006,,,100.5647,0
511010.SH,20140716,20140715,100.147,1.004,,,100.4253,0
511010.SH,20140717,20140716,99.97,1.003,,,100.2478,0
511010.SH,20140718,20140717,99.722,1.0,,,99.9991,0
511010.SH,20140719,20140718,99.705,1.0,,,99.9821,0
511010.SH,20140722,20140721,99.828,1.001,,,100.1054,0
511010.SH,20140723,20140722,99.898,1.002,,,100.1756,0
511010.SH,20140724,20140723,99.92,1.002,,,100.1977,0
511010.SH,20140725,20140724,99.92,1.002,,,100.1977,0
511010.SH,20140726,20140725,99.98,1.003,,,100.2578,0
511010.SH,20140729,20140728,100.04,1.003,,,100.318,0
511010.SH,20140730,20140729,100.026,1.003,,,100.304,0
511010.SH,20140731,20140730,99.999,1.003,,,100.2769,0
511010.SH,20140801,20140731,100.13,1.004,,,100.4083,0
511010.SH,20140802,20140801,100.164,1.004,,,100.4424,0
511010.SH,20140805,20140804,100.211,1.005,,,100.4895,0
511010.SH,20140806,20140805,100.219,1.005,,,100.4975,0
511010.SH,20140807,20140806,100.217,1.005,,,100.4955,0
511010.SH,20140808,20140807,100.191,1.005,,,100.4694,0
511010.SH,20140809,20140808,100.201,1.005,,,100.4795,0
511010.SH,20140812,20140811,100.227,1.005,,,100.5055,0
511010.SH,20140813,20140812,100.203,1.005,,,100.4815,0
511010.SH,20140814,20140813,100.281,1.006,,,100.5597,0
511010.SH,20140815,20140814,100.469,1.007,,,100.7482,0
511010.SH,20140816,20140815,100.429,1.007,,,100.7081,0
511010.SH,20140819,20140818,100.437,1.007,,,100.7161,0
511010.SH,20140820,20140819,100.296,1.006,,,100.5747,0
511010.SH,20140821,20140820,100.231,1.005,,,100.5095,0
511010.SH,20140822,20140821,100.284,1.006,,,100.5627,0
511010.SH,20140823,20140822,100.294,1.006,,,100.5727,0
511010.SH,20140826,20140825,100.314,1.006,,,100.5928,0
511010.SH,20140827,20140826,100.315,1.006,,,100.5938,0
511010.SH,20140828,20140827,100.47,1.008,,,100.7492,0
511010.SH,20140829,20140828,100.535,1.008,,,100.8144,0
511010.SH,20140830,20140829,100.55,1.008,,,100.8294,0
511010.SH,20140902,20140901,100.576,1.009,,,100.8555,0
511010.SH,20140903,20140902,100.608,1.009,,,100.8876,0
511010.SH,20140904,20140903,100.518,1.008,,,100.7973,0
511010.SH,20140905,20140904,100.545,1.008,,,100.8244,0
511010.SH,20140906,20140905,100.535,1.008,,,100.8144,0
511010.SH,20140910,20140909,100.553,1.008,,,100.8324,0
511010.SH,20140911,20140910,100.437,1.007,,,100.7161,0
511010.SH,20140912,20140911,100.404,1.007,,,100.683,0
511010.SH,20140913,20140912,100.471,1.008,,,100.7502,0
511010.SH,20140916,20140915,100.629,1.009,,,100.9086,0
511010.SH,20140917,20140916,100.607,1.009,,,100.8866,0
511010.SH,20140918,20140917,100.801,1.011,,,101.0811,0
511010.SH,20140919,20140918,101.084,1.014,,,101.3649,0
511010.SH,20140920,20140919,101.417,1.017,,,101.6988,0
511010.SH,20140923,20140922,101.552,1.018,,,101.8342,0
511010.SH,20140924,20140923,101.587,1.019,,,101.8693,0
511010.SH,20140925,20140924,101.435,1.017,,,101.7169,0
511010.SH,20140926,20140925,101.526,1.018,,,101.8081,0
511010.SH,20140927,20140926,101.522,1.018,,,101.8041,0
511010.SH,20140930,20140929,101.625,1.019,,,101.9074,0
511010.SH,20141001,20140930,101.696,1.02,,368777536.94,101.9786,0
511010.SH,20141009,20141008,101.75,1.02,,,102.0328,0
511010.SH,20141010,20141009,101.649,1.019,,,101.9315,0
511010.SH,20141011,20141010,101.675,1.02,,,101.9576,0
511010.SH,20141014,20141013,101.909,1.022,,,102.1922,0
511010.SH,20141015,20141014,102.373,1.027,,,102.6575,0
511010.SH,20141016,20141015,102.721,1.03,,,103.0065,0
511010.SH,20141017,20141016,102.856,1.031,,,103.1418,0
511010.SH,20141018,20141017,103.04,1.033,,,103.3263,0
511010.SH,20141021,20141020,103.309,1.036,,,103.5961,0
511010.SH,20141022,20141021,103.403,1.037,,,103.6904,0
511010.SH,20141023,20141022,103.27,1.036,,,103.557,0
511010.SH,20141024,20141023,103.161,1.034,,,103.4477,0
511010.SH,20141025,20141024,103.14,1.034,,,103.4266,0
511010.SH,20141028,20141027,103.154,1.034,,,103.4407,0
511010.SH,20141029,20141028,103.245,1.035,,,103.5319,0
511010.SH,20141030,20141029,103.345,1.036,,,103.6322,0
511010.SH,20141031,20141030,103.363,1.036,,,103.6502,0
511010.SH,20141101,20141031,103.342,1.036,,,103.6292,0
511010.SH,20141104,20141103,103.664,1.039,,,103.9521,0
511010.SH,20141105,20141104,103.895,1.042,,,104.1837,0
511010.SH,20141106,20141105,104.114,1.044,,,104.4033,0
511010.SH,20141107,20141106,104.093,1.044,,,104.3823,0
511010.SH,20141108,20141107,104.43,1.047,,,104.7202,0
511010.SH,20141111,20141110,104.737,1.05,,,105.0281,0
511010.SH,20141112,20141111,104.848,1.051,,,105.1394,0
511010.SH,20141113,20141112,104.547,1.048,,,104.8375,0
511010.SH,20141114,20141113,104.427,1.047,,,104.7172,0
511010.SH,20141115,20141114,104.152,1.044,,,104.4414,0
511010.SH,20141118,20141117,104.0,1.043,,,104.289,0
511010.SH,20141119,20141118,104.221,1.045,,,104.5106,0
511010.SH,20141120,20141119,104.248,1.045,,,104.5377,0
511010.SH,20141121,20141120,104.065,1.043,,,104.3542,0
511010.SH,20141122,20141121,103.948,1.042,,,104.2369,0
511010.SH,20141125,20141124,104.819,1.051,,,105.1103,0
511010.SH,20141126,20141125,104.64,1.049,,,104.9308,0
511010.SH,20141127,20141126,104.684,1.05,,,104.9749,0
511010.SH,20141128,20141127,104.73,1.05,,,105.021,0
511010.SH,20141129,20141128,104.839,1.051,,,105.1303,0
511010.SH,20141202,20141201,104.862,1.051,,,105.1534,0
511010.SH,20141203,20141202,104.625,1.049,,,104.9158,0
511010.SH,20141204,20141203,104.197,1.045,,,104.4866,0
511010.SH,20141205,20141204,103.858,1.041,,,104.1466,0
511010.SH,20141206,20141205,103.339,1.036,,,103.6262,0
511010.SH,20141209,20141208,103.253,1.035,,,103.5399,0
511010.SH,20141210,20141209,103.293,1.036,,,103.5801,0
511010.SH,20141211,20141210,103.676,1.04,,,103.9641,0
511010.SH,20141212,20141211,103.469,1.037,,,103.7565,0
511010.SH,20141213,20141212,103.455,1.037,,,103.7425,0
511010.SH,20141216,20141215,103.373,1.037,,,103.6603,0
511010.SH,20141217,20141216,103.573,1.039,,,103.8608,0
511010.SH,20141218,20141217,103.811,1.041,,,104.0995,0
511010.SH,20141219,20141218,103.83,1.041,,,104.1185,0
511010.SH,20141220,20141219,104.018,1.043,,,104.3071,0
511010.SH,20141223,20141222,103.988,1.043,,,104.277,0
511010.SH,20141224,20141223,104.199,1.045,,,104.4886,0
511010.SH,20141225,20141224,104.512,1.048,,,104.8024,0
511010.SH,20141226,20141225,104.464,1.047,,,104.7543,0
511010.SH,20141227,20141226,104.494,1.048,,,104.7844,0
511010.SH,20141230,20141229,104.489,1.048,,,104.7794,0
511010.SH,20141231,20141230,104.423,1.047,,,104.7132,0
511010.SH,20150101,20141231,104.412,1.047,,378627162.42,104.7022,0
511010.SH,20150106,20150105,104.482,1.048,,,104.7724,0
511010.SH,20150107,20150106,104.489,1.048,,,104.7794,0
511010.SH,20150108,20150107,104.584,1.049,,,104.8746,0
511010.SH,20150109,20150108,104.548,1.048,,,104.8385,0
511010.SH,20150110,20150109,104.514,1.048,,,104.8044,0
511010.SH,20150113,20150112,104.576,1.049,,,104.8666,0
511010.SH,20150114,20150113,104.837,1.051,,,105.1283,0
511010.SH,20150115,20150114,104.987,1.053,,,105.2788,0
511010.SH,20150116,20150115,104.927,1.052,,,105.2186,0
511010.SH,20150117,20150116,105.248,1.055,,,105.5405,0
511010.SH,20150120,20150119,105.27,1.056,,,105.5625,0
511010.SH,20150121,20150120,105.315,1.056,,,105.6077,0
511010.SH,20150122,20150121,105.41,1.057,,,105.7029,0
511010.SH,20150123,20150122,105.503,1.058,,,105.7962,0
511010.SH,20150124,20150123,105.551,1.058,,,105.8443,0
511010.SH,20150127,20150126,105.745,1.06,,,106.0389,0
511010.SH,20150128,20150127,105.682,1.06,,,105.9757,0
511010.SH,20150129,20150128,105.442,1.057,,,105.735,0
511010.SH,20150130,20150129,105.306,1.056,,,105.5986,0
511010.SH,20150131,20150130,105.338,1.056,,,105.6307,0
511010.SH,20150203,20150202,105.567,1.058,,,105.8604,0
511010.SH,20150204,20150203,105.604,1.059,,,105.8975,0
511010.SH,20150205,20150204,105.646,1.059,,,105.9396,0
511010.SH,20150206,20150205,105.779,1.061,,,106.073,0
511010.SH,20150207,20150206,105.716,1.06,,,106.0098,0
511010.SH,20150210,20150209,105.863,1.061,,,106.1572,0
511010.SH,20150211,20150210,105.91,1.062,,,106.2043,0
511010.SH,20150212,20150211,106.187,1.065,,,106.4821,0
511010.SH,20150213,20150212,106.349,1.066,,,106.6445,0
511010.SH,20150214,20150213,106.468,1.067,,,106.7639,0
511010.SH,20150217,20150216,106.647,1.069,,,106.9434,0
511010.SH,20150218,20150217,106.628,1.069,,,106.9243,0
511010.SH,20150226,20150225,106.827,1.071,,,107.1239,0
511010.SH,20150227,20150226,106.723,1.07,,,107.0196,0
511010.SH,20150228,20150227,106.672,1.07,,,106.9684,0
511010.SH,20150303,20150302,106.563,1.068,,,106.8591,0
511010.SH,20150304,20150303,106.433,1.067,,,106.7288,0
511010.SH,20150305,20150304,106.519,1.068,,,106.815,0
511010.SH,20150306,20150305,106.267,1.065,,,106.5623,0
511010.SH,20150307,20150306,106.249,1.065,,,106.5443,0
511010.SH,20150310,20150309,106.054,1.063,,,106.3487,0
511010.SH,20150311,20150310,106.152,1.064,,,106.447,0
511010.SH,20150312,20150311,106.344,1.066,,,106.6395,0
511010.SH,20150313,20150312,106.453,1.067,,,106.7488,0
511010.SH,20150314,20150313,106.217,1.065,,,106.5122,0
511010.SH,20150317,20150316,106.108,1.064,,,106.4029,0
511010.SH,20150318,20150317,106.172,1.065,,,106.4671,0
511010.SH,20150319,20150318,106.071,1.064,,,106.3658,0
511010.SH,20150320,20150319,106.105,1.064,,,106.3999,0
511010.SH,20150321,20150320,106.328,1.066,,,106.6235,0
511010.SH,20150324,20150323,106.283,1.066,,,106.5784,0
511010.SH,20150325,20150324,106.25,1.065,,,106.5453,0
511010.SH,20150326,20150325,106.196,1.065,,,106.4911,0
511010.SH,20150327,20150326,105.836,1.061,,,106.1301,0
511010.SH,20150328,20150327,105.697,1.06,,,105.9907,0
511010.SH,20150331,20150330,105.551,1.058,,,105.8443,0
511010.SH,20150401,20150331,105.315,1.056,,373478675.24,105.6077,0
511010.SH,20150402,20150401,105.499,1.058,,,105.7922,0
511010.SH,20150403,20150402,105.772,1.061,,,106.0659,0
511010.SH,20150404,20150403,105.661,1.059,,,105.9546,0
511010.SH,20150408,20150407,105.57,1.059,,,105.8634,0
511010.SH,20150409,20150408,105.33,1.056,,,105.6227,0
511010.SH,20150410,20150409,105.342,1.056,,,105.6347,0
511010.SH,20150411,20150410,105.382,1.057,,,105.6749,0
511010.SH,20150414,20150413,105.545,1.058,,,105.8383,0
511010.SH,20150415,20150414,105.55,1.058,,,105.8433,0
511010.SH,20150416,20150415,105.796,1.061,,,106.09,0
511010.SH,20150417,20150416,105.78,1.061,,,106.074,0
511010.SH,20150418,20150417,105.889,1.062,,,106.1833,0
511010.SH,20150421,20150420,106.446,1.067,,,106.7418,0
511010.SH,20150422,20150421,106.657,1.069,,,106.9534,0
511010.SH,20150423,20150422,106.602,1.069,,,106.8982,0
511010.SH,20150424,20150423,106.483,1.068,,,106.7789,0
511010.SH,20150425,20150424,106.489,1.068,,,106.7849,0
511010.SH,20150428,20150427,106.709,1.07,,,107.0055,0
511010.SH,20150429,20150428,106.809,1.071,,,107.1058,0
511010.SH,20150430,20150429,106.816,1.071,,,107.1128,0
511010.SH,20150501,20150430,106.824,1.071,,,107.1209,0
511010.SH,20150505,20150504,106.862,1.071,,,107.159,0
511010.SH,20150506,20150505,106.885,1.072,,,107.182,0
511010.SH,20150507,20150506,106.667,1.069,,,106.9634,0
511010.SH,20150508,20150507,106.604,1.069,,,106.9003,0
511010.SH,20150509,20150508,106.803,1.071,,,107.0998,0
511010.SH,20150512,20150511,106.904,1.072,,,107.2011,0
511010.SH,20150513,20150512,107.063,1.073,,,107.3605,0
511010.SH,20150514,20150513,107.471,1.078,,,107.7697,0
511010.SH,20150515,20150514,107.796,1.081,,,108.0956,0
511010.SH,20150516,20150515,107.619,1.079,,,107.9181,0
511010.SH,20150519,20150518,107.575,1.079,,,107.874,0
511010.SH,20150520,20150519,107.516,1.078,,,107.8148,0
511010.SH,20150521,20150520,107.39,1.077,,,107.6884,0
511010.SH,20150522,20150521,107.424,1.077,,,107.7225,0
511010.SH,20150523,20150522,107.336,1.076,,,107.6343,0
511010.SH,20150526,20150525,107.271,1.076,,,107.5691,0
511010.SH,20150527,20150526,107.07,1.074,,,107.3675,0
511010.SH,20150528,20150527,107.173,1.075,,,107.4708,0
511010.SH,20150529,20150528,106.385,1.067,,,106.6806,0
511010.SH,20150530,20150529,106.49,1.068,,,106.7859,0
511010.SH,20150602,20150601,106.287,1.066,,,106.5824,0
511010.SH,20150603,20150602,106.615,1.069,,,106.9113,0
511010.SH,20150604,20150603,106.724,1.07,,,107.0206,0
511010.SH,20150605,20150604,106.815,1.071,,,107.1118,0
511010.SH,20150606,20150605,106.887,1.072,,,107.184,0
511010.SH,20150609,20150608,106.923,1.072,,,107.2201,0
511010.SH,20150610,20150609,106.954,1.072,,,107.2512,0
511010.SH,20150611,20150610,106.929,1.072,,,107.2262,0
511010.SH,20150612,20150611,106.825,1.071,,,107.1219,0
511010.SH,20150613,20150612,106.926,1.072,,,107.2231,0
511010.SH,20150616,20150615,106.795,1.071,,,107.0918,0
511010.SH,20150617,20150616,106.883,1.072,,,107.18,0
511010.SH,20150618,20150617,106.925,1.072,,,107.2221,0
511010.SH,20150619,20150618,107.306,1.076,,,107.6042,0
511010.SH,20150620,20150619,107.327,1.076,,,107.6253,0
511010.SH,20150624,20150623,107.306,1.076,,,107.6042,0
511010.SH,20150625,20150624,107.234,1.075,,,107.532,0
511010.SH,20150626,20150625,107.243,1.075,,,107.541,0
511010.SH,20150627,20150626,107.251,1.075,,,107.5491,0
511010.SH,20150630,20150629,107.2,1.075,,,107.4979,0
511010.SH,20150701,20150630,107.312,1.076,,390218614.36,107.6102,0
511010.SH,20150702,20150701,107.457,1.077,,,107.7556,0
511010.SH,20150703,20150702,107.366,1.076,,,107.6644,0
511010.SH,20150704,20150703,107.509,1.078,,,107.8078,0
511010.SH,20150707,20150706,107.794,1.081,,,108.0936,0
511010.SH,20150708,20150707,107.75,1.08,,,108.0494,0
511010.SH,20150709,20150708,107.699,1.08,,,107.9983,0
511010.SH,20150710,20150709,107.783,1.081,,,108.0825,0
511010.SH,20150711,20150710,107.723,1.08,,,108.0224,0
511010.SH,20150714,20150713,107.682,1.08,,,107.9812,0
511010.SH,20150715,20150714,107.568,1.078,,,107.8669,0
511010.SH,20150716,20150715,107.574,1.079,,,107.8729,0
511010.SH,20150717,20150716,107.649,1.079,,,107.9482,0
511010.SH,20150718,20150717,107.711,1.08,,,108.0103,0
511010.SH,20150721,20150720,107.761,1.08,,,108.0605,0
511010.SH,20150722,20150721,107.663,1.079,,,107.9622,0
511010.SH,20150723,20150722,107.722,1.08,,,108.0214,0
511010.SH,20150724,20150723,107.805,1.081,,,108.1046,0
511010.SH,20150725,20150724,107.889,1.082,,,108.1888,0
511010.SH,20150728,20150727,107.914,1.082,,,108.2139,0
511010.SH,20150729,20150728,107.941,1.082,,,108.241,0
511010.SH,20150730,20150729,107.953,1.082,,,108.253,0
511010.SH,20150731,20150730,107.948,1.082,,,108.248,0
511010.SH,20150801,20150731,107.807,1.081,,,108.1066,0
511010.SH,20150804,20150803,107.726,1.08,,,108.0254,0
511010.SH,20150805,20150804,107.758,1.08,,,108.0575,0
511010.SH,20150806,20150805,107.748,1.08,,,108.0474,0
511010.SH,20150807,20150806,107.896,1.082,,,108.1958,0
511010.SH,20150808,20150807,107.98,1.083,,,108.2801,0
511010.SH,20150811,20150810,107.974,1.083,,,108.2741,0
511010.SH,20150812,20150811,107.614,1.079,,,107.9131,0
511010.SH,20150813,20150812,107.553,1.078,,,107.8519,0
511010.SH,20150814,20150813,107.609,1.079,,,107.908,0
511010.SH,20150815,20150814,107.641,1.079,,,107.9401,0
511010.SH,20150818,20150817,107.663,1.079,,,107.9622,0
511010.SH,20150819,20150818,107.594,1.079,,,107.893,0
511010.SH,20150820,20150819,107.554,1.078,,,107.8529,0
511010.SH,20150821,20150820,107.546,1.078,,,107.8449,0
511010.SH,20150822,20150821,107.678,1.08,,,107.9772,0
511010.SH,20150825,20150824,107.741,1.08,,,108.0404,0
511010.SH,20150826,20150825,107.891,1.082,,,108.1908,0
511010.SH,20150827,20150826,107.954,1.082,,,108.254,0
511010.SH,20150828,20150827,108.086,1.084,,,108.3864,0
511010.SH,20150829,20150828,108.136,1.084,,,108.4365,0
511010.SH,20150901,20150831,108.297,1.086,,,108.598,0
511010.SH,20150902,20150901,108.316,1.086,,,108.617,0
511010.SH,20150903,20150902,108.231,1.085,,,108.5318,0
511010.SH,20150908,20150907,107.99,1.083,,,108.2901,0
511010.SH,20150909,20150908,108.04,1.083,,,108.3402,0
511010.SH,20150910,20150909,108.017,1.083,,,108.3172,0
511010.SH,20150911,20150910,107.999,1.083,,,108.2991,0
511010.SH,20150912,20150911,108.012,1.083,,,108.3122,0
511010.SH,20150915,20150914,108.088,1.084,,,108.3884,0
511010.SH,20150916,20150915,108.172,1.085,,,108.4726,0
511010.SH,20150917,20150916,108.161,1.084,,,108.4616,0
511010.SH,20150918,20150917,108.068,1.083,,,108.3683,0
511010.SH,20150919,20150918,108.148,1.084,,,108.4485,0
511010.SH,20150922,20150921,108.191,1.085,,,108.4917,0
511010.SH,20150923,20150922,108.153,1.084,,,108.4536,0
511010.SH,20150924,20150923,108.148,1.084,,,108.4485,0
511010.SH,20150925,20150924,108.247,1.085,,,108.5478,0
511010.SH,20150926,20150925,108.294,1.086,,,108.5949,0
511010.SH,20150929,20150928,108.445,1.087,,,108.7464,0
511010.SH,20150930,20150929,108.69,1.09,,,108.992,0
511010.SH,20151026,20150930,108.722,1.09,,837840259.41,109.0241,0
511010.SH,20151009,20151008,108.826,1.091,,,109.1284,0
511010.SH,20151010,20151009,108.17,1.095,,,109.4766,0
511010.SH,20151013,20151012,108.247,1.095,,,109.5545,0
511010.SH,20151014,20151013,108.432,1.097,,,109.7418,0
511010.SH,20151015,20151014,108.701,1.1,,,110.014,0
511010.SH,20151016,20151015,108.538,1.098,,,109.849,0
511010.SH,20151017,20151016,108.297,1.096,,,109.6051,0
511010.SH,20151020,20151019,108.337,1.096,,,109.6456,0
511010.SH,20151021,20151020,108.613,1.099,,,109.9249,0
511010.SH,20151022,20151021,108.624,1.099,,,109.9361,0
511010.SH,20151023,20151022,108.666,1.099,,,109.9786,0
511010.SH,20151024,20151023,108.724,1.1,,,110.0373,0
511010.SH,20151027,20151026,108.902,1.102,,,110.2174,0
511010.SH,20151028,20151027,109.102,1.104,,,110.4198,0
511010.SH,20151029,20151028,109.052,1.103,,,110.3692,0
511010.SH,20151030,20151029,108.793,1.101,,,110.1071,0
511010.SH,20151031,20151030,108.718,1.1,,,110.0312,0
511010.SH,20151103,20151102,108.797,1.101,,,110.1112,0
511010.SH,20151104,20151103,108.685,1.1,,,109.9978,0
511010.SH,20151105,20151104,108.504,1.098,,,109.8146,0
511010.SH,20151106,20151105,108.524,1.098,,,109.8349,0
511010.SH,20151107,20151106,108.529,1.098,,,109.8399,0
511010.SH,20151110,20151109,108.151,1.094,,,109.4574,0
511010.SH,20151111,20151110,108.198,1.095,,,109.5049,0
511010.SH,20151112,20151111,108.368,1.096,,,109.677,0
511010.SH,20151113,20151112,108.432,1.097,,,109.7418,0
511010.SH,20151114,20151113,108.5,1.098,,,109.8106,0
511010.SH,20151117,20151116,108.551,1.098,,,109.8622,0
511010.SH,20151118,20151117,108.497,1.098,,,109.8075,0
511010.SH,20151119,20151118,108.432,1.097,,,109.7418,0
511010.SH,20151120,20151119,108.446,1.097,,,109.7559,0
511010.SH,20151121,20151120,108.542,1.098,,,109.8531,0
511010.SH,20151124,20151123,108.53,1.098,,,109.8409,0
511010.SH,20151125,20151124,108.65,1.099,,,109.9624,0
511010.SH,20151126,20151125,108.737,1.1,,,110.0504,0
511010.SH,20151127,20151126,108.887,1.102,,,110.2022,0
511010.SH,20151128,20151127,108.94,1.102,,,110.2559,0
511010.SH,20151201,20151130,109.041,1.103,,,110.3581,0
511010.SH,20151202,20151201,109.055,1.103,,,110.3723,0
511010.SH,20151203,20151202,109.017,1.103,,,110.3338,0
511010.SH,20151204,20151203,109.201,1.105,,,110.52,0
511010.SH,20151205,20151204,109.23,1.105,,,110.5494,0
511010.SH,20151208,20151207,109.229,1.105,,,110.5484,0
511010.SH,20151209,20151208,109.338,1.106,,,110.6587,0
511010.SH,20151210,20151209,109.408,1.107,,,110.7295,0
511010.SH,20151211,20151210,109.4,1.107,,,110.7214,0
511010.SH,20151212,20151211,109.447,1.107,,,110.769,0
511010.SH,20151215,20151214,109.346,1.106,,,110.6668,0
511010.SH,20151216,20151215,109.411,1.107,,,110.7326,0
511010.SH,20151217,20151216,109.465,1.107,,,110.7872,0
511010.SH,20151218,20151217,109.658,1.109,,,110.9826,0
511010.SH,20151219,20151218,109.813,1.111,,,111.1394,0
511010.SH,20151222,20151221,110.07,1.114,,,111.3995,0
511010.SH,20151223,20151222,110.194,1.115,,,111.525,0
511010.SH,20151224,20151223,110.161,1.114,,,111.4916,0
511010.SH,20151225,20151224,110.26,1.115,,,111.5918,0
511010.SH,20151226,20151225,110.275,1.116,,,111.607,0
511010.SH,20151229,20151228,110.326,1.116,,,111.6586,0
511010.SH,20151230,20151229,110.343,1.116,,,111.6758,0
511010.SH,20151231,20151230,110.172,1.115,,,111.5028,0
511010.SH,20160101,20151231,110.178,1.115,,1113488620.26,111.5088,0
511010.SH,20160105,20160104,110.021,1.113,,,111.3499,0
511010.SH,20160106,20160105,109.856,1.111,,,111.183,0
511010.SH,20160107,20160106,109.952,1.112,,,111.2801,0
511010.SH,20160108,20160107,110.011,1.113,,,111.3398,0
511010.SH,20160109,20160108,110.11,1.114,,,111.44,0
511010.SH,20160112,20160111,110.278,1.116,,,111.61,0
511010.SH,20160113,20160112,110.393,1.117,,,111.7264,0
511010.SH,20160114,20160113,110.642,1.119,,,111.9784,0
511010.SH,20160115,20160114,110.591,1.119,,,111.9268,0
511010.SH,20160116,20160115,110.517,1.118,,,111.8519,0
511010.SH,20160119,20160118,110.452,1.117,,,111.7861,0
511010.SH,20160120,20160119,110.353,1.116,,,111.686,0
511010.SH,20160121,20160120,110.244,1.115,,,111.5756,0
511010.SH,20160122,20160121,110.344,1.116,,,111.6768,0
511010.SH,20160123,20160122,110.41,1.117,,,111.7436,0
511010.SH,20160126,20160125,110.075,1.114,,,111.4046,0
511010.SH,20160127,20160126,110.061,1.113,,,111.3904,0
511010.SH,20160128,20160127,109.936,1.112,,,111.2639,0
511010.SH,20160129,20160128,110.015,1.113,,,111.3439,0
511010.SH,20160130,20160129,110.143,1.114,,,111.4734,0
511010.SH,20160202,20160201,110.287,1.116,,,111.6192,0
511010.SH,20160203,20160202,110.167,1.114,,,111.4977,0
511010.SH,20160204,20160203,110.154,1.114,,,111.4846,0
511010.SH,20160205,20160204,110.268,1.115,,,111.5999,0
511010.SH,20160206,20160205,110.278,1.116,,,111.61,0
511010.SH,20160216,20160215,110.507,1.118,,,111.8418,0
511010.SH,20160217,20160216,110.426,1.117,,,111.7598,0
511010.SH,20160218,20160217,110.417,1.117,,,111.7507,0
511010.SH,20160219,20160218,110.461,1.117,,,111.7953,0
511010.SH,20160220,20160219,110.487,1.118,,,111.8216,0
511010.SH,20160223,20160222,110.554,1.118,,,111.8894,0
511010.SH,20160224,20160223,110.574,1.119,,,111.9096,0
511010.SH,20160225,20160224,110.649,1.119,,,111.9855,0
511010.SH,20160226,20160225,110.596,1.119,,,111.9319,0
511010.SH,20160227,20160226,110.637,1.119,,,111.9734,0
511010.SH,20160301,20160229,110.671,1.12,,,112.0078,0
511010.SH,20160302,20160301,110.748,1.12,,,112.0857,0
511010.SH,20160303,20160302,110.775,1.121,,,112.1131,0
511010.SH,20160304,20160303,110.719,1.12,,,112.0564,0
511010.SH,20160305,20160304,110.77,1.121,,,112.108,0
511010.SH,20160308,20160307,110.702,1.12,,,112.0392,0
511010.SH,20160309,20160308,110.606,1.119,,,111.942,0
511010.SH,20160310,20160309,110.689,1.12,,,112.026,0
511010.SH,20160311,20160310,110.822,1.121,,,112.1606,0
511010.SH,20160312,20160311,110.914,1.122,,,112.2537,0
511010.SH,20160315,20160314,110.96,1.122,,,112.3003,0
511010.SH,20160316,20160315,110.986,1.123,,,112.3266,0
511010.SH,20160317,20160316,111.183,1.125,,,112.526,0
511010.SH,20160318,20160317,111.119,1.124,,,112.4612,0
511010.SH,20160319,20160318,111.1,1.124,,,112.442,0
511010.SH,20160322,20160321,111.146,1.124,,,112.4885,0
511010.SH,20160323,20160322,111.088,1.124,,,112.4298,0
511010.SH,20160324,20160323,111.253,1.125,,,112.5968,0
511010.SH,20160325,20160324,111.309,1.126,,,112.6535,0
511010.SH,20160326,20160325,111.498,1.128,,,112.8448,0
511010.SH,20160329,20160328,111.402,1.127,,,112.7476,0
511010.SH,20160330,20160329,111.441,1.127,,,112.7871,0
511010.SH,20160331,20160330,111.605,1.129,,,112.9531,0
511010.SH,20160422,20160331,111.678,1.13,,479798896.51,113.027,0
511010.SH,20160402,20160401,111.597,1.129,,,112.945,0
511010.SH,20160406,20160405,111.629,1.129,,,112.9774,0
511010.SH,20160407,20160406,111.528,1.128,,,112.8751,0
511010.SH,20160408,20160407,111.472,1.128,,,112.8185,0
511010.SH,20160409,20160408,111.482,1.128,,,112.8286,0
511010.SH,20160412,20160411,111.438,1.127,,,112.7841,0
511010.SH,20160413,20160412,111.414,1.127,,,112.7598,0
511010.SH,20160414,20160413,111.142,1.124,,,112.4845,0
511010.SH,20160415,20160414,111.048,1.123,,,112.3893,0
511010.SH,20160416,20160415,111.137,1.124,,,112.4794,0
511010.SH,20160419,20160418,111.257,1.125,,,112.6009,0
511010.SH,20160420,20160419,111.162,1.124,,,112.5047,0
511010.SH,20160421,20160420,110.749,1.12,,,112.0867,0
511010.SH,20160422,20160421,110.646,1.119,,,111.9825,0
511010.SH,20160423,20160422,110.491,1.118,,,111.8256,0
511010.SH,20160426,20160425,110.152,1.114,,,111.4825,0
511010.SH,20160427,20160426,110.412,1.117,,,111.7457,0
511010.SH,20160428,20160427,110.571,1.119,,,111.9066,0
511010.SH,20160429,20160428,110.664,1.119,,,112.0007,0
511010.SH,20160430,20160429,110.676,1.12,,,112.0129,0
511010.SH,20160504,20160503,110.768,1.12,,,112.106,0
511010.SH,20160505,20160504,110.828,1.121,,,112.1667,0
511010.SH,20160506,20160505,110.814,1.121,,,112.1525,0
511010.SH,20160507,20160506,110.814,1.121,,,112.1525,0
511010.SH,20160510,20160509,110.986,1.123,,,112.3266,0
511010.SH,20160511,20160510,111.076,1.124,,,112.4177,0
511010.SH,20160512,20160511,111.044,1.123,,,112.3853,0
511010.SH,20160513,20160512,111.07,1.124,,,112.4116,0
511010.SH,20160514,20160513,111.061,1.123,,,112.4025,0
511010.SH,20160517,20160516,110.985,1.123,,,112.3256,0
511010.SH,20160518,20160517,110.884,1.122,,,112.2234,0
511010.SH,20160519,20160518,110.665,1.119,,,112.0017,0
511010.SH,20160520,20160519,110.637,1.119,,,111.9734,0
511010.SH,20160521,20160520,110.721,1.12,,,112.0584,0
511010.SH,20160524,20160523,110.708,1.12,,,112.0452,0
511010.SH,20160525,20160524,110.77,1.121,,,112.108,0
511010.SH,20160526,20160525,110.793,1.121,,,112.1313,0
511010.SH,20160527,20160526,110.774,1.121,,,112.112,0
511010.SH,20160528,20160527,110.761,1.12,,,112.0989,0
511010.SH,20160531,20160530,110.763,1.12,,,112.1009,0
511010.SH,20160601,20160531,110.788,1.121,,,112.1262,0
511010.SH,20160602,20160601,110.786,1.121,,,112.1242,0
511010.SH,20160603,20160602,110.744,1.12,,,112.0817,0
511010.SH,20160604,20160603,110.699,1.12,,,112.0361,0
511010.SH,20160607,20160606,110.801,1.121,,,112.1394,0
511010.SH,20160608,20160607,110.801,1.121,,,112.1394,0
511010.SH,20160609,20160608,110.683,1.12,,,112.0199,0
511010.SH,20160614,20160613,110.745,1.12,,,112.0827,0
511010.SH,20160615,20160614,110.911,1.122,,,112.2507,0
511010.SH,20160616,20160615,110.94,1.122,,,112.28,0
511010.SH,20160617,20160616,111.08,1.124,,,112.4217,0
511010.SH,20160618,20160617,111.079,1.124,,,112.4207,0
511010.SH,20160621,20160620,111.252,1.125,,,112.5958,0
511010.SH,20160622,20160621,111.309,1.126,,,112.6535,0
511010.SH,20160623,20160622,111.458,1.127,,,112.8043,0
511010.SH,20160624,20160623,111.428,1.127,,,112.7739,0
511010.SH,20160625,20160624,111.534,1.128,,,112.8812,0
511010.SH,20160628,20160627,111.734,1.13,,,113.0836,0
511010.SH,20160629,20160628,111.624,1.129,,,112.9723,0
511010.SH,20160630,20160629,111.592,1.129,,,112.9399,0
511010.SH,20160701,20160630,111.687,1.13,,637319838.96,113.0361,0
511010.SH,20160702,20160701,111.899,1.132,,,113.2506,0
511010.SH,20160705,20160704,111.817,1.131,,,113.1676,0
511010.SH,20160706,20160705,111.725,1.13,,,113.0745,0
511010.SH,20160707,20160706,111.851,1.131,,,113.202,0
511010.SH,20160708,20160707,111.94,1.132,,,113.2921,0
511010.SH,20160709,20160708,111.962,1.132,,,113.3144,0
511010.SH,20160712,20160711,111.936,1.132,,,113.2881,0
511010.SH,20160713,20160712,111.861,1.131,,,113.2122,0
511010.SH,20160714,20160713,111.77,1.131,,,113.1201,0
511010.SH,20160715,20160714,111.849,1.131,,,113.2,0
511010.SH,20160716,20160715,111.873,1.132,,,113.2243,0
511010.SH,20160719,20160718,111.899,1.132,,,113.2506,0
511010.SH,20160720,20160719,111.963,1.132,,,113.3154,0
511010.SH,20160721,20160720,112.149,1.134,,,113.5036,0
511010.SH,20160722,20160721,112.269,1.135,,,113.6251,0
511010.SH,20160723,20160722,112.281,1.136,,,113.6372,0
511010.SH,20160726,20160725,112.233,1.135,,,113.5887,0
511010.SH,20160727,20160726,112.286,1.136,,,113.6423,0
511010.SH,20160728,20160727,112.295,1.136,,,113.6514,0
511010.SH,20160729,20160728,112.333,1.136,,,113.6899,0
511010.SH,20160730,20160729,112.368,1.136,,,113.7253,0
511010.SH,20160802,20160801,112.374,1.137,,,113.7314,0
511010.SH,20160803,20160802,112.374,1.137,,,113.7314,0
511010.SH,20160804,20160803,112.423,1.137,,,113.781,0
511010.SH,20160805,20160804,112.461,1.137,,,113.8194,0
511010.SH,20160806,20160805,112.608,1.139,,,113.9682,0
511010.SH,20160809,20160808,112.67,1.14,,,114.0309,0
511010.SH,20160810,20160809,112.796,1.141,,,114.1585,0
511010.SH,20160811,20160810,112.935,1.142,,,114.2991,0
511010.SH,20160812,20160811,112.968,1.142,,,114.3325,0
511010.SH,20160813,20160812,112.878,1.142,,,114.2415,0
511010.SH,20160816,20160815,113.062,1.143,,,114.4277,0
511010.SH,20160817,20160816,112.957,1.142,,,114.3214,0
511010.SH,20160818,20160817,112.836,1.141,,,114.1989,0
511010.SH,20160819,20160818,112.799,1.141,,,114.1615,0
511010.SH,20160820,20160819,112.688,1.14,,,114.0492,0
511010.SH,20160823,20160822,112.815,1.141,,,114.1777,0
511010.SH,20160824,20160823,112.698,1.14,,,114.0593,0
511010.SH,20160825,20160824,112.627,1.139,,,113.9874,0
511010.SH,20160826,20160825,112.695,1.14,,,114.0562,0
511010.SH,20160827,20160826,112.746,1.14,,,114.1079,0
511010.SH,20160830,20160829,112.668,1.139,,,114.0289,0
511010.SH,20160831,20160830,112.55,1.138,,,113.9095,0
511010.SH,20160901,20160831,112.583,1.139,,,113.9429,0
511010.SH,20160902,20160901,112.608,1.139,,,113.9682,0
511010.SH,20160903,20160902,112.647,1.139,,,114.0077,0
511010.SH,20160906,20160905,112.606,1.139,,,113.9662,0
511010.SH,20160907,20160906,112.667,1.139,,,114.0279,0
511010.SH,20160908,20160907,112.653,1.139,,,114.0137,0
511010.SH,20160909,20160908,112.701,1.14,,,114.0623,0
511010.SH,20160910,20160909,112.762,1.14,,,114.1241,0
511010.SH,20160913,20160912,112.685,1.14,,,114.0461,0
511010.SH,20160914,20160913,112.757,1.14,,,114.119,0
511010.SH,20160915,20160914,112.807,1.141,,,114.1696,0
511010.SH,20160920,20160919,112.846,1.141,,,114.2091,0
511010.SH,20160921,20160920,112.889,1.142,,,114.2526,0
511010.SH,20160922,20160921,112.863,1.141,,,114.2263,0
511010.SH,20160923,20160922,112.906,1.142,,,114.2698,0
511010.SH,20160924,20160923,112.953,1.142,,,114.3174,0
511010.SH,20160927,20160926,113.011,1.143,,,114.3761,0
511010.SH,20160928,20160927,112.993,1.143,,,114.3578,0
511010.SH,20160929,20160928,112.977,1.143,,,114.3416,0
511010.SH,20160930,20160929,112.988,1.143,,,114.3528,0
511010.SH,20161024,20160930,113.023,1.143,,763613079.85,114.3882,0
511010.SH,20161011,20161010,113.317,1.146,,,114.6858,0
511010.SH,20161012,20161011,113.32,1.146,,,114.6888,0
511010.SH,20161013,20161012,113.296,1.146,,,114.6645,0
511010.SH,20161014,20161013,113.282,1.146,,,114.6503,0
511010.SH,20161015,20161014,113.55,1.148,,,114.9216,0
511010.SH,20161018,20161017,113.583,1.149,,,114.955,0
511010.SH,20161019,20161018,113.605,1.149,,,114.9772,0
511010.SH,20161020,20161019,113.707,1.15,,,115.0805,0
511010.SH,20161021,20161020,113.822,1.151,,,115.1969,0
511010.SH,20161022,20161021,114.01,1.153,,,115.3871,0
511010.SH,20161025,20161024,113.998,1.153,,,115.375,0
511010.SH,20161026,20161025,114.013,1.153,,,115.3902,0
511010.SH,20161027,20161026,113.773,1.151,,,115.1473,0
511010.SH,20161028,20161027,113.781,1.151,,,115.1554,0
511010.SH,20161029,20161028,113.786,1.151,,,115.1604,0
511010.SH,20161101,20161031,113.779,1.151,,,115.1533,0
511010.SH,20161102,20161101,113.685,1.15,,,115.0582,0
511010.SH,20161103,20161102,113.731,1.15,,,115.1048,0
511010.SH,20161104,20161103,113.727,1.15,,,115.1007,0
511010.SH,20161105,20161104,113.686,1.15,,,115.0592,0
511010.SH,20161108,20161107,113.604,1.149,,,114.9762,0
511010.SH,20161109,20161108,113.538,1.148,,,114.9094,0
511010.SH,20161110,20161109,113.513,1.148,,,114.8841,0
511010.SH,20161111,20161110,113.495,1.148,,,114.8659,0
511010.SH,20161112,20161111,113.324,1.146,,,114.6928,0
511010.SH,20161115,20161114,113.094,1.144,,,114.4601,0
511010.SH,20161116,20161115,112.993,1.143,,,114.3578,0
511010.SH,20161117,20161116,112.914,1.142,,,114.2779,0
511010.SH,20161118,20161117,112.771,1.141,,,114.1332,0
511010.SH,20161119,20161118,112.765,1.14,,,114.1271,0
511010.SH,20161122,20161121,112.75,1.14,,,114.1119,0
511010.SH,20161123,20161122,112.76,1.14,,,114.122,0
511010.SH,20161124,20161123,112.777,1.141,,,114.1392,0
511010.SH,20161125,20161124,112.734,1.14,,,114.0957,0
511010.SH,20161126,20161125,112.689,1.14,,,114.0502,0
511010.SH,20161129,20161128,112.712,1.14,,,114.0734,0
511010.SH,20161130,20161129,112.457,1.137,,,113.8154,0
511010.SH,20161201,20161130,112.364,1.136,,,113.7212,0
511010.SH,20161202,20161201,112.122,1.134,,,113.4763,0
511010.SH,20161203,20161202,112.074,1.134,,,113.4277,0
511010.SH,20161206,20161205,112.037,1.133,,,113.3903,0
511010.SH,20161207,20161206,111.629,1.129,,,112.9774,0
511010.SH,20161208,20161207,111.69,1.13,,,113.0391,0
511010.SH,20161209,20161208,111.791,1.131,,,113.1413,0
511010.SH,20161210,20161209,111.881,1.132,,,113.2324,0
511010.SH,20161213,20161212,111.646,1.129,,,112.9946,0
511010.SH,20161214,20161213,111.552,1.128,,,112.8994,0
511010.SH,20161215,20161214,111.449,1.127,,,112.7952,0
511010.SH,20161216,20161215,110.871,1.122,,,112.2102,0
511010.SH,20161217,20161216,110.928,1.122,,,112.2679,0
511010.SH,20161220,20161219,110.588,1.119,,,111.9238,0
511010.SH,20161221,20161220,110.398,1.117,,,111.7315,0
511010.SH,20161222,20161221,110.612,1.119,,,111.9481,0
511010.SH,20161223,20161222,110.873,1.122,,,112.2122,0
511010.SH,20161224,20161223,111.177,1.125,,,112.5199,0
511010.SH,20161227,20161226,111.416,1.127,,,112.7618,0
511010.SH,20161228,20161227,111.418,1.127,,,112.7638,0
511010.SH,20161229,20161228,111.423,1.127,,,112.7689,0
511010.SH,20161230,20161229,111.733,1.13,,,113.0826,0
511010.SH,20161231,20161230,111.769,1.13,,,113.1191,0
511010.SH,20170101,20161231,111.757,1.13,,598603061.22,113.1069,0
511010.SH,20170104,20170103,111.635,1.129,,,112.9834,0
511010.SH,20170105,20170104,111.45,1.127,,,112.7962,0
511010.SH,20170106,20170105,111.472,1.128,,,112.8185,0
511010.SH,20170107,20170106,111.42,1.127,,,112.7658,0
511010.SH,20170110,20170109,111.487,1.128,,,112.8337,0
511010.SH,20170111,20170110,111.605,1.129,,,112.9531,0
511010.SH,20170112,20170111,111.44,1.127,,,112.7861,0
511010.SH,20170113,20170112,111.452,1.127,,,112.7982,0
511010.SH,20170114,20170113,111.516,1.128,,,112.863,0
511010.SH,20170117,20170116,111.501,1.128,,,112.8478,0
511010.SH,20170118,20170117,111.39,1.127,,,112.7355,0
511010.SH,20170119,20170118,111.482,1.128,,,112.8286,0
511010.SH,20170120,20170119,111.459,1.127,,,112.8053,0
511010.SH,20170121,20170120,111.524,1.128,,,112.8711,0
511010.SH,20170124,20170123,111.597,1.129,,,112.945,0
511010.SH,20170125,20170124,111.517,1.128,,,112.864,0
511010.SH,20170126,20170125,111.327,1.126,,,112.6717,0
511010.SH,20170127,20170126,111.31,1.126,,,112.6545,0
511010.SH,20170204,20170203,111.21,1.125,,,112.5533,0
511010.SH,20170207,20170206,111.103,1.124,,,112.445,0
511010.SH,20170208,20170207,111.036,1.123,,,112.3772,0
511010.SH,20170209,20170208,111.042,1.123,,,112.3833,0
511010.SH,20170210,20170209,111.187,1.125,,,112.53,0
511010.SH,20170211,20170210,111.228,1.125,,,112.5715,0
511010.SH,20170214,20170213,111.312,1.126,,,112.6565,0
511010.SH,20170215,20170214,111.275,1.126,,,112.6191,0
511010.SH,20170216,20170215,111.283,1.126,,,112.6272,0
511010.SH,20170217,20170216,111.293,1.126,,,112.6373,0
511010.SH,20170218,20170217,111.409,1.127,,,112.7547,0
511010.SH,20170221,20170220,111.553,1.128,,,112.9004,0
511010.SH,20170222,20170221,111.572,1.129,,,112.9197,0
511010.SH,20170223,20170222,111.551,1.128,,,112.8984,0
511010.SH,20170224,20170223,111.585,1.129,,,112.9328,0
511010.SH,20170225,20170224,111.538,1.128,,,112.8853,0
511010.SH,20170228,20170227,111.632,1.129,,,112.9804,0
511010.SH,20170301,20170228,111.606,1.129,,,112.9541,0
511010.SH,20170302,20170301,111.552,1.128,,,112.8994,0
511010.SH,20170303,20170302,111.5,1.128,,,112.8468,0
511010.SH,20170304,20170303,111.519,1.128,,,112.866,0
511010.SH,20170307,20170306,111.516,1.128,,,112.863,0
511010.SH,20170308,20170307,111.49,1.128,,,112.8367,0
511010.SH,20170309,20170308,111.357,1.126,,,112.7021,0
511010.SH,20170310,20170309,111.283,1.126,,,112.6272,0
511010.SH,20170311,20170310,111.096,1.124,,,112.4379,0
511010.SH,20170314,20170313,111.235,1.125,,,112.5786,0
511010.SH,20170315,20170314,111.283,1.126,,,112.6272,0
511010.SH,20170316,20170315,111.289,1.126,,,112.6333,0
511010.SH,20170317,20170316,111.356,1.126,,,112.7011,0
511010.SH,20170318,20170317,111.315,1.126,,,112.6596,0
511010.SH,20170321,20170320,111.313,1.126,,,112.6575,0
511010.SH,20170322,20170321,111.197,1.125,,,112.5401,0
511010.SH,20170323,20170322,111.131,1.124,,,112.4734,0
511010.SH,20170324,20170323,111.094,1.124,,,112.4359,0
511010.SH,20170325,20170324,111.229,1.125,,,112.5725,0
511010.SH,20170328,20170327,111.342,1.126,,,112.6869,0
511010.SH,20170329,20170328,111.382,1.127,,,112.7274,0
511010.SH,20170330,20170329,111.387,1.127,,,112.7324,0
511010.SH,20170331,20170330,111.388,1.127,,,112.7335,0
511010.SH,20170422,20170331,111.404,1.127,,426264748.3,112.7496,0
511010.SH,20170406,20170405,111.42,1.127,,,112.7658,0
511010.SH,20170407,20170406,111.363,1.126,,,112.7082,0
511010.SH,20170408,20170407,111.441,1.127,,,112.7871,0
511010.SH,20170411,20170410,111.397,1.127,,,112.7426,0
511010.SH,20170412,20170411,111.348,1.126,,,112.693,0
511010.SH,20170413,20170412,111.252,1.125,,,112.5958,0
511010.SH,20170414,20170413,111.271,1.126,,,112.615,0
511010.SH,20170415,20170414,111.202,1.125,,,112.5452,0
511010.SH,20170418,20170417,110.991,1.123,,,112.3317,0
511010.SH,20170419,20170418,110.877,1.122,,,112.2163,0
511010.SH,20170420,20170419,110.85,1.121,,,112.189,0
511010.SH,20170421,20170420,110.843,1.121,,,112.1819,0
511010.SH,20170422,20170421,110.711,1.12,,,112.0483,0
511010.SH,20170425,20170424,110.555,1.118,,,111.8904,0
511010.SH,20170426,20170425,110.648,1.119,,,111.9845,0
511010.SH,20170427,20170426,110.565,1.118,,,111.9005,0
511010.SH,20170428,20170427,110.61,1.119,,,111.9461,0
511010.SH,20170429,20170428,110.6,1.119,,,111.9359,0
511010.SH,20170503,20170502,110.453,1.117,,,111.7872,0
511010.SH,20170504,20170503,110.295,1.116,,,111.6273,0
511010.SH,20170505,20170504,110.059,1.113,,,111.3884,0
511010.SH,20170506,20170505,110.016,1.113,,,111.3449,0
511010.SH,20170509,20170508,109.79,1.111,,,111.1162,0
511010.SH,20170510,20170509,109.615,1.109,,,110.939,0
511010.SH,20170511,20170510,109.285,1.106,,,110.6051,0
511010.SH,20170512,20170511,109.415,1.107,,,110.7366,0
511010.SH,20170513,20170512,109.301,1.106,,,110.6212,0
511010.SH,20170516,20170515,109.465,1.107,,,110.7872,0
511010.SH,20170517,20170516,109.407,1.107,,,110.7285,0
511010.SH,20170518,20170517,109.23,1.105,,,110.5494,0
511010.SH,20170519,20170518,109.358,1.106,,,110.6789,0
511010.SH,20170520,20170519,109.23,1.105,,,110.5494,0
511010.SH,20170523,20170522,109.11,1.104,,,110.4279,0
511010.SH,20170524,20170523,109.18,1.105,,,110.4988,0
511010.SH,20170525,20170524,109.356,1.106,,,110.6769,0
511010.SH,20170526,20170525,109.44,1.107,,,110.7619,0
511010.SH,20170527,20170526,109.383,1.107,,,110.7042,0
511010.SH,20170601,20170531,109.746,1.11,,,111.0716,0
511010.SH,20170602,20170601,109.767,1.11,,,111.0929,0
511010.SH,20170603,20170602,109.662,1.109,,,110.9866,0
511010.SH,20170606,20170605,109.7,1.11,,,111.0251,0
511010.SH,20170607,20170606,109.59,1.109,,,110.9137,0
511010.SH,20170608,20170607,109.524,1.108,,,110.8469,0
511010.SH,20170609,20170608,109.411,1.107,,,110.7326,0
511010.SH,20170610,20170609,109.465,1.107,,,110.7872,0
511010.SH,20170613,20170612,109.682,1.11,,,111.0068,0
511010.SH,20170614,20170613,109.677,1.11,,,111.0018,0
511010.SH,20170615,20170614,109.723,1.11,,,111.0483,0
511010.SH,20170616,20170615,109.774,1.111,,,111.1,0
511010.SH,20170617,20170616,109.703,1.11,,,111.0281,0
511010.SH,20170620,20170619,110.058,1.113,,,111.3874,0
511010.SH,20170621,20170620,110.086,1.114,,,111.4157,0
511010.SH,20170622,20170621,109.922,1.112,,,111.2497,0
511010.SH,20170623,20170622,109.813,1.111,,,111.1394,0
511010.SH,20170624,20170623,109.925,1.112,,,111.2528,0
511010.SH,20170627,20170626,110.122,1.114,,,111.4522,0
511010.SH,20170628,20170627,110.097,1.114,,,111.4269,0
511010.SH,20170629,20170628,110.09,1.114,,,111.4198,0
511010.SH,20170630,20170629,110.157,1.114,,,111.4876,0
511010.SH,20170701,20170630,110.122,1.114,,425762766.93,111.4522,0
511010.SH,20170704,20170703,110.066,1.113,,,111.3955,0
511010.SH,20170705,20170704,110.089,1.114,,,111.4188,0
511010.SH,20170706,20170705,110.196,1.115,,,111.5271,0
511010.SH,20170707,20170706,110.293,1.116,,,111.6252,0
511010.SH,20170708,20170707,110.294,1.116,,,111.6262,0
511010.SH,20170711,20170710,110.261,1.115,,,111.5928,0
511010.SH,20170712,20170711,110.238,1.115,,,111.5696,0
511010.SH,20170713,20170712,110.24,1.115,,,111.5716,0
511010.SH,20170714,20170713,110.265,1.115,,,111.5969,0
511010.SH,20170715,20170714,110.264,1.115,,,111.5959,0
511010.SH,20170718,20170717,110.338,1.116,,,111.6708,0
511010.SH,20170719,20170718,110.177,1.115,,,111.5078,0
511010.SH,20170720,20170719,110.195,1.115,,,111.526,0
511010.SH,20170721,20170720,110.251,1.115,,,111.5827,0
511010.SH,20170722,20170721,110.259,1.115,,,111.5908,0
511010.SH,20170725,20170724,110.293,1.116,,,111.6252,0
511010.SH,20170726,20170725,110.244,1.115,,,111.5756,0
511010.SH,20170727,20170726,110.151,1.114,,,111.4815,0
511010.SH,20170728,20170727,110.142,1.114,,,111.4724,0
511010.SH,20170729,20170728,110.155,1.114,,,111.4856,0
511010.SH,20170801,20170731,110.124,1.114,,,111.4542,0
511010.SH,20170802,20170801,110.11,1.114,,,111.44,0
511010.SH,20170803,20170802,110.17,1.115,,,111.5007,0
511010.SH,20170804,20170803,110.166,1.114,,,111.4967,0
511010.SH,20170805,20170804,110.185,1.115,,,111.5159,0
511010.SH,20170808,20170807,110.125,1.114,,,111.4552,0
511010.SH,20170809,20170808,110.074,1.114,,,111.4036,0
511010.SH,20170810,20170809,110.021,1.113,,,111.3499,0
511010.SH,20170811,20170810,110.077,1.114,,,111.4066,0
511010.SH,20170812,20170811,110.182,1.115,,,111.5129,0
511010.SH,20170815,20170814,110.273,1.116,,,111.605,0
511010.SH,20170816,20170815,110.281,1.116,,,111.6131,0
511010.SH,20170817,20170816,110.233,1.115,,,111.5645,0
511010.SH,20170818,20170817,110.217,1.115,,,111.5483,0
511010.SH,20170819,20170818,110.226,1.115,,,111.5574,0
511010.SH,20170822,20170821,110.207,1.115,,,111.5382,0
511010.SH,20170823,20170822,110.157,1.114,,,111.4876,0
511010.SH,20170824,20170823,110.198,1.115,,,111.5291,0
511010.SH,20170825,20170824,110.105,1.114,,,111.435,0
511010.SH,20170826,20170825,110.098,1.114,,,111.4279,0
511010.SH,20170829,20170828,110.002,1.113,,,111.3307,0
511010.SH,20170830,20170829,110.064,1.113,,,111.3935,0
511010.SH,20170831,20170830,110.074,1.114,,,111.4036,0
511010.SH,20170901,20170831,110.122,1.114,,,111.4522,0
511010.SH,20170902,20170901,110.121,1.114,,,111.4512,0
511010.SH,20170905,20170904,110.127,1.114,,,111.4572,0
511010.SH,20170906,20170905,110.088,1.114,,,111.4178,0
511010.SH,20170907,20170906,110.112,1.114,,,111.442,0
511010.SH,20170908,20170907,110.215,1.115,,,111.5463,0
511010.SH,20170909,20170908,110.333,1.116,,,111.6657,0
511010.SH,20170912,20170911,110.292,1.116,,,111.6242,0
511010.SH,20170913,20170912,110.28,1.116,,,111.6121,0
511010.SH,20170914,20170913,110.152,1.114,,,111.4825,0
511010.SH,20170915,20170914,110.246,1.115,,,111.5777,0
511010.SH,20170916,20170915,110.27,1.116,,,111.602,0
511010.SH,20170919,20170918,110.184,1.115,,,111.5149,0
511010.SH,20170920,20170919,110.204,1.115,,,111.5352,0
511010.SH,20170921,20170920,110.156,1.114,,,111.4866,0
511010.SH,20170922,20170921,110.093,1.114,,,111.4228,0
511010.SH,20170923,20170922,110.202,1.115,,,111.5331,0
511010.SH,20170926,20170925,110.309,1.116,,,111.6414,0
511010.SH,20170927,20170926,110.263,1.115,,,111.5949,0
511010.SH,20170928,20170927,110.271,1.116,,,111.603,0
511010.SH,20170929,20170928,110.332,1.116,,,111.6647,0
511010.SH,20170930,20170929,110.371,1.117,,,111.7042,0
511010.SH,20171027,20170930,110.326,1.116,,342703945.22,111.6586,0
511010.SH,20171010,20171009,110.319,1.116,,,111.6515,0
511010.SH,20171011,20171010,110.311,1.116,,,111.6434,0
511010.SH,20171012,20171011,110.31,1.116,,,111.6424,0
511010.SH,20171013,20171012,110.202,1.115,,,111.5331,0
511010.SH,20171014,20171013,110.225,1.115,,,111.5564,0
511010.SH,20171017,20171016,110.047,1.113,,,111.3763,0
511010.SH,20171018,20171017,109.88,1.112,,,111.2072,0
511010.SH,20171019,20171018,109.933,1.112,,,111.2609,0
511010.SH,20171020,20171019,110.015,1.113,,,111.3439,0
511010.SH,20171021,20171020,110.044,1.113,,,111.3732,0
511010.SH,20171024,20171023,110.05,1.113,,,111.3793,0
511010.SH,20171025,20171024,110.032,1.113,,,111.3611,0
511010.SH,20171026,20171025,109.834,1.111,,,111.1607,0
511010.SH,20171027,20171026,109.841,1.111,,,111.1678,0
511010.SH,20171028,20171027,109.641,1.109,,,110.9654,0
511010.SH,20171031,20171030,109.293,1.106,,,110.6132,0
511010.SH,20171101,20171031,109.385,1.107,,,110.7063,0
511010.SH,20171102,20171101,109.556,1.108,,,110.8793,0
511010.SH,20171103,20171102,109.451,1.107,,,110.7731,0
511010.SH,20171104,20171103,109.433,1.107,,,110.7548,0
511010.SH,20171107,20171106,109.454,1.107,,,110.7761,0
511010.SH,20171108,20171107,109.37,1.107,,,110.6911,0
511010.SH,20171109,20171108,109.453,1.107,,,110.7751,0
511010.SH,20171110,20171109,109.46,1.107,,,110.7822,0
511010.SH,20171111,20171110,109.44,1.107,,,110.7619,0
511010.SH,20171114,20171113,109.285,1.106,,,110.6051,0
511010.SH,20171115,20171114,109.261,1.105,,,110.5808,0
511010.SH,20171116,20171115,109.364,1.106,,,110.685,0
511010.SH,20171117,20171116,109.51,1.108,,,110.8328,0
511010.SH,20171118,20171117,109.51,1.108,,,110.8328,0
511010.SH,20171121,20171120,109.487,1.108,,,110.8095,0
511010.SH,20171122,20171121,109.455,1.107,,,110.7771,0
511010.SH,20171123,20171122,109.334,1.106,,,110.6546,0
511010.SH,20171124,20171123,109.352,1.106,,,110.6729,0
511010.SH,20171125,20171124,109.439,1.107,,,110.7609,0
511010.SH,20171128,20171127,109.536,1.108,,,110.8591,0
511010.SH,20171129,20171128,109.539,1.108,,,110.8621,0
511010.SH,20171130,20171129,109.617,1.109,,,110.9411,0
511010.SH,20171201,20171130,109.691,1.11,,,111.016,0
511010.SH,20171202,20171201,109.796,1.111,,,111.1222,0
511010.SH,20171205,20171204,109.84,1.111,,,111.1668,0
511010.SH,20171206,20171205,109.878,1.112,,,111.2052,0
511010.SH,20171207,20171206,109.879,1.112,,,111.2062,0
511010.SH,20171208,20171207,109.817,1.111,,,111.1435,0
511010.SH,20171209,20171208,109.807,1.111,,,111.1334,0
511010.SH,20171212,20171211,109.709,1.11,,,111.0342,0
511010.SH,20171213,20171212,109.665,1.109,,,110.9896,0
511010.SH,20171214,20171213,109.672,1.11,,,110.9967,0
511010.SH,20171215,20171214,109.73,1.11,,,111.0554,0
511010.SH,20171216,20171215,109.837,1.111,,,111.1637,0
511010.SH,20171219,20171218,109.927,1.112,,,111.2548,0
511010.SH,20171220,20171219,109.945,1.112,,,111.273,0
511010.SH,20171221,20171220,109.879,1.112,,,111.2062,0
511010.SH,20171222,20171221,109.876,1.112,,,111.2032,0
511010.SH,20171223,20171222,109.907,1.112,,,111.2346,0
511010.SH,20171226,20171225,109.957,1.112,,,111.2852,0
511010.SH,20171227,20171226,109.862,1.111,,,111.189,0
511010.SH,20171228,20171227,109.847,1.111,,,111.1738,0
511010.SH,20171229,20171228,109.888,1.112,,,111.2153,0
511010.SH,20171230,20171229,109.935,1.112,,,111.2629,0
511010.SH,20180101,20171231,109.962,1.112,,249206426.66,111.2902,0
511010.SH,20180103,20180102,109.952,1.112,,,111.2801,0
511010.SH,20180104,20180103,109.941,1.112,,,111.269,0
511010.SH,20180105,20180104,109.841,1.111,,,111.1678,0
511010.SH,20180106,20180105,109.978,1.113,,,111.3064,0
511010.SH,20180109,20180108,110.125,1.114,,,111.4552,0
511010.SH,20180110,20180109,110.177,1.115,,,111.5078,0
511010.SH,20180111,20180110,110.123,1.114,,,111.4532,0
511010.SH,20180112,20180111,109.95,1.112,,,111.2781,0
511010.SH,20180113,20180112,109.952,1.112,,,111.2801,0
511010.SH,20180116,20180115,109.918,1.112,,,111.2457,0
511010.SH,20180117,20180116,109.938,1.112,,,111.2659,0
511010.SH,20180118,20180117,109.852,1.111,,,111.1789,0
511010.SH,20180119,20180118,109.841,1.111,,,111.1678,0
511010.SH,20180120,20180119,109.946,1.112,,,111.274,0
511010.SH,20180123,20180122,110.078,1.114,,,111.4076,0
511010.SH,20180124,20180123,110.138,1.114,,,111.4684,0
511010.SH,20180125,20180124,110.2,1.115,,,111.5311,0
511010.SH,20180126,20180125,110.18,1.115,,,111.5109,0
511010.SH,20180127,20180126,110.261,1.115,,,111.5928,0
511010.SH,20180130,20180129,110.214,1.115,,,111.5453,0
511010.SH,20180131,20180130,110.152,1.114,,,111.4825,0
511010.SH,20180201,20180131,110.225,1.115,,,111.5564,0
511010.SH,20180202,20180201,110.218,1.115,,,111.5493,0
511010.SH,20180203,20180202,110.2,1.115,,,111.5311,0
511010.SH,20180206,20180205,110.187,1.115,,,111.5179,0
511010.SH,20180207,20180206,110.262,1.115,,,111.5939,0
511010.SH,20180208,20180207,110.297,1.116,,,111.6293,0
511010.SH,20180209,20180208,110.279,1.116,,,111.6111,0
511010.SH,20180210,20180209,110.348,1.116,,,111.6809,0
511010.SH,20180213,20180212,110.423,1.117,,,111.7568,0
511010.SH,20180214,20180213,110.419,1.117,,,111.7528,0
511010.SH,20180215,20180214,110.419,1.117,,,111.7528,0
511010.SH,20180223,20180222,110.478,1.118,,,111.8125,0
511010.SH,20180224,20180223,110.505,1.118,,,111.8398,0
511010.SH,20180227,20180226,110.707,1.12,,,112.0442,0
511010.SH,20180228,20180227,110.815,1.121,,,112.1535,0
511010.SH,20180301,20180228,110.892,1.122,,,112.2315,0
511010.SH,20180302,20180301,110.883,1.122,,,112.2224,0
511010.SH,20180303,20180302,110.888,1.122,,,112.2274,0
511010.SH,20180306,20180305,110.863,1.121,,,112.2021,0
511010.SH,20180307,20180306,110.814,1.121,,,112.1525,0
511010.SH,20180308,20180307,110.881,1.122,,,112.2203,0
511010.SH,20180309,20180308,110.922,1.122,,,112.2618,0
511010.SH,20180310,20180309,111.003,1.123,,,112.3438,0
511010.SH,20180313,20180312,111.046,1.123,,,112.3873,0
511010.SH,20180314,20180313,111.004,1.123,,,112.3448,0
511010.SH,20180315,20180314,111.031,1.123,,,112.3721,0
511010.SH,20180316,20180315,111.023,1.123,,,112.364,0
511010.SH,20180317,20180316,111.023,1.123,,,112.364,0
511010.SH,20180320,20180319,111.045,1.123,,,112.3863,0
511010.SH,20180321,20180320,111.082,1.124,,,112.4238,0
511010.SH,20180322,20180321,111.103,1.124,,,112.445,0
511010.SH,20180323,20180322,111.164,1.124,,,112.5067,0
511010.SH,20180324,20180323,111.298,1.126,,,112.6424,0
511010.SH,20180327,20180326,111.29,1.126,,,112.6343,0
511010.SH,20180328,20180327,111.214,1.125,,,112.5574,0
511010.SH,20180329,20180328,111.2,1.125,,,112.5432,0
511010.SH,20180330,20180329,111.201,1.125,,,112.5442,0
511010.SH,20180331,20180330,111.198,1.125,,,112.5412,0
511010.SH,20180420,20180331,111.205,1.132,,204204759.58,112.5482,0
511010.SH,20180403,20180402,111.309,1.126,,,112.6535,0
511010.SH,20180404,20180403,111.348,1.126,,,112.693,0
511010.SH,20180405,20180404,111.407,1.127,,,112.7527,0
511010.SH,20180410,20180409,111.653,1.129,,,113.0017,0
511010.SH,20180411,20180410,111.707,1.13,,,113.0563,0
511010.SH,20180412,20180411,111.759,1.13,,,113.1089,0
511010.SH,20180413,20180412,111.861,1.131,,,113.2122,0
511010.SH,20180414,20180413,112.031,1.133,,,113.3842,0
511010.SH,20180417,20180416,112.019,1.133,,,113.3721,0
511010.SH,20180418,20180417,112.154,1.134,,,113.5087,0
511010.SH,20180419,20180418,112.644,1.139,,,114.0046,0
511010.SH,20180420,20180419,112.551,1.138,,,113.9105,0
511010.SH,20180421,20180420,112.639,1.139,,,113.9996,0
511010.SH,20180424,20180423,112.579,1.139,,,113.9388,0
511010.SH,20180425,20180424,112.605,1.139,,,113.9652,0
511010.SH,20180426,20180425,112.645,1.139,,,114.0056,0
511010.SH,20180427,20180426,112.596,1.139,,,113.956,0
511010.SH,20180428,20180427,112.552,1.138,,,113.9115,0
511010.SH,20180503,20180502,112.497,1.138,,,113.8559,0
511010.SH,20180504,20180503,112.613,1.139,,,113.9733,0
511010.SH,20180505,20180504,112.619,1.139,,,113.9793,0
511010.SH,20180508,20180507,112.572,1.139,,,113.9318,0
511010.SH,20180509,20180508,112.499,1.138,,,113.8579,0
511010.SH,20180510,20180509,112.405,1.137,,,113.7627,0
511010.SH,20180511,20180510,112.474,1.138,,,113.8326,0
511010.SH,20180512,20180511,112.556,1.138,,,113.9156,0
511010.SH,20180515,20180514,112.513,1.138,,,113.872,0
511010.SH,20180516,20180515,112.491,1.138,,,113.8498,0
511010.SH,20180517,20180516,112.449,1.137,,,113.8073,0
511010.SH,20180518,20180517,112.404,1.137,,,113.7617,0
511010.SH,20180519,20180518,112.388,1.137,,,113.7455,0
511010.SH,20180522,20180521,112.44,1.137,,,113.7982,0
511010.SH,20180523,20180522,112.505,1.138,,,113.8639,0
511010.SH,20180524,20180523,112.504,1.138,,,113.8629,0
511010.SH,20180525,20180524,112.478,1.138,,,113.8366,0
511010.SH,20180526,20180525,112.534,1.138,,,113.8933,0
511010.SH,20180529,20180528,112.512,1.138,,,113.871,0
511010.SH,20180530,20180529,112.503,1.138,,,113.8619,0
511010.SH,20180531,20180530,112.516,1.138,,,113.8751,0
511010.SH,20180601,20180531,112.473,1.138,,,113.8316,0
511010.SH,20180602,20180601,112.358,1.136,,,113.7152,0
511010.SH,20180605,20180604,112.377,1.137,,,113.7344,0
511010.SH,20180606,20180605,112.339,1.136,,,113.6959,0
511010.SH,20180607,20180606,112.283,1.136,,,113.6393,0
511010.SH,20180608,20180607,112.283,1.136,,,113.6393,0
511010.SH,20180609,20180608,112.426,1.137,,,113.784,0
511010.SH,20180612,20180611,112.4,1.137,,,113.7577,0
511010.SH,20180613,20180612,112.265,1.135,,,113.621,0
511010.SH,20180614,20180613,112.326,1.136,,,113.6828,0
511010.SH,20180615,20180614,112.41,1.137,,,113.7678,0
511010.SH,20180616,20180615,112.467,1.137,,,113.8255,0
511010.SH,20180620,20180619,112.572,1.139,,,113.9318,0
511010.SH,20180621,20180620,112.547,1.138,,,113.9065,0
511010.SH,20180622,20180621,112.561,1.138,,,113.9206,0
511010.SH,20180623,20180622,112.54,1.138,,,113.8994,0
511010.SH,20180626,20180625,112.524,1.138,,,113.8832,0
511010.SH,20180627,20180626,112.545,1.138,,,113.9044,0
511010.SH,20180628,20180627,112.593,1.139,,,113.953,0
511010.SH,20180629,20180628,112.714,1.14,,,114.0755,0
511010.SH,20180630,20180629,112.868,1.141,,181298534.56,114.2313,0
511010.SH,20180701,20180630,112.875,1.142,,181309443.69,114.2384,0
511010.SH,20180703,20180702,112.949,1.142,,,114.3133,0
511010.SH,20180704,20180703,113.03,1.143,,,114.3953,0
511010.SH,20180705,20180704,113.025,1.143,,,114.3902,0
511010.SH,20180706,20180705,113.073,1.144,,,114.4388,0
511010.SH,20180707,20180706,113.048,1.143,,,114.4135,0
511010.SH,20180710,20180709,113.024,1.143,,,114.3892,0
511010.SH,20180711,20180710,112.98,1.143,,,114.3447,0
511010.SH,20180712,20180711,113.056,1.143,,,114.4216,0
511010.SH,20180713,20180712,113.1,1.144,,,114.4661,0
511010.SH,20180714,20180713,113.239,1.145,,,114.6068,0
511010.SH,20180717,20180716,113.285,1.146,,,114.6534,0
511010.SH,20180718,20180717,113.222,1.145,,,114.5896,0
511010.SH,20180719,20180718,113.236,1.145,,,114.6038,0
511010.SH,20180720,20180719,113.298,1.146,,,114.6665,0
511010.SH,20180721,20180720,113.23,1.145,,,114.5977,0
511010.SH,20180724,20180723,113.272,1.146,,,114.6402,0
511010.SH,20180725,20180724,113.275,1.146,,,114.6432,0
511010.SH,20180726,20180725,113.339,1.146,,,114.708,0
511010.SH,20180727,20180726,113.422,1.147,,,114.792,0
511010.SH,20180728,20180727,113.567,1.148,,,114.9388,0
511010.SH,20180731,20180730,113.678,1.15,,,115.0511,0
511010.SH,20180801,20180731,113.79,1.151,,,115.1645,0
511010.SH,20180802,20180801,113.828,1.151,,,115.2029,0
511010.SH,20180803,20180802,113.865,1.151,,,115.2404,0
511010.SH,20180804,20180803,113.944,1.152,,,115.3203,0
511010.SH,20180807,20180806,113.974,1.153,,,115.3507,0
511010.SH,20180808,20180807,114.02,1.153,,,115.3972,0
511010.SH,20180809,20180808,113.843,1.151,,,115.2181,0
511010.SH,20180810,20180809,113.668,1.149,,,115.041,0
511010.SH,20180811,20180810,113.629,1.149,,,115.0015,0
511010.SH,20180814,20180813,113.474,1.148,,,114.8447,0
511010.SH,20180815,20180814,113.455,1.147,,,114.8254,0
511010.SH,20180816,20180815,113.453,1.147,,,114.8234,0
511010.SH,20180817,20180816,113.356,1.146,,,114.7252,0
511010.SH,20180818,20180817,113.212,1.145,,,114.5795,0
511010.SH,20180821,20180820,113.266,1.145,,,114.6341,0
511010.SH,20180822,20180821,113.128,1.144,,,114.4945,0
511010.SH,20180823,20180822,113.193,1.145,,,114.5603,0
511010.SH,20180824,20180823,113.398,1.147,,,114.7677,0
511010.SH,20180825,20180824,113.372,1.147,,,114.7414,0
511010.SH,20180828,20180827,113.383,1.147,,,114.7526,0
511010.SH,20180829,20180828,113.377,1.147,,,114.7465,0
511010.SH,20180830,20180829,113.409,1.147,,,114.7789,0
511010.SH,20180831,20180830,113.488,1.148,,,114.8588,0
511010.SH,20180901,20180831,113.567,1.148,,,114.9388,0
511010.SH,20180904,20180903,113.498,1.148,,,114.8689,0
511010.SH,20180905,20180904,113.417,1.147,,,114.787,0
511010.SH,20180906,20180905,113.421,1.147,,,114.791,0
511010.SH,20180907,20180906,113.376,1.147,,,114.7455,0
511010.SH,20180908,20180907,113.345,1.146,,,114.7141,0
511010.SH,20180911,20180910,113.245,1.145,,,114.6129,0
511010.SH,20180912,20180911,113.206,1.145,,,114.5734,0
511010.SH,20180913,20180912,113.192,1.145,,,114.5592,0
511010.SH,20180914,20180913,113.264,1.145,,,114.6321,0
511010.SH,20180915,20180914,113.247,1.145,,,114.6149,0
511010.SH,20180918,20180917,113.326,1.146,,,114.6949,0
511010.SH,20180919,20180918,113.364,1.146,,,114.7333,0
511010.SH,20180920,20180919,113.358,1.146,,,114.7273,0
511010.SH,20180921,20180920,113.277,1.146,,,114.6453,0
511010.SH,20180922,20180921,113.335,1.146,,,114.704,0
511010.SH,20180926,20180925,113.442,1.147,,,114.8123,0
511010.SH,20180927,20180926,113.518,1.148,,,114.8892,0
511010.SH,20180928,20180927,113.571,1.149,,,114.9428,0
511010.SH,20180929,20180928,113.659,1.149,,,115.0319,0
511010.SH,20181025,20180930,113.643,1.1492,,166633500.5,115.0157,1
511010.SH,20181009,20181008,113.723,1.15,,,115.0967,1
511010.SH,20181010,20181009,113.744,1.15,,,115.1179,1
511010.SH,20181011,20181010,113.83,1.151,,,115.205,1
511010.SH,20181012,20181011,113.961,1.152,,,115.3375,1
511010.SH,20181013,20181012,113.968,1.152,,,115.3446,1
511010.SH,20181016,20181015,113.985,1.153,,,115.3618,1
511010.SH,20181017,20181016,113.985,1.153,,,115.3618,1
511010.SH,20181018,20181017,114.002,1.153,,,115.379,1
511010.SH,20181019,20181018,114.06,1.153,,,115.4377,1
511010.SH,20181020,20181019,114.068,1.153,,,115.4458,1
511010.SH,20181023,20181022,114.028,1.153,,,115.4053,0
511010.SH,20181024,20181023,114.049,1.153,,,115.4266,0
511010.SH,20181025,20181024,114.095,1.154,,,115.4732,0
511010.SH,20181026,20181025,114.125,1.154,,,115.5035,0
511010.SH,20181027,20181026,114.144,1.154,,,115.5227,0
511010.SH,20181030,20181029,114.308,1.156,,,115.6887,0
511010.SH,20181031,20181030,114.36,1.156,,,115.7414,0
511010.SH,20181101,20181031,114.326,1.156,,,115.7069,0
511010.SH,20181102,20181101,114.335,1.156,,,115.7161,0
511010.SH,20181103,20181102,114.31,1.156,,,115.6908,0
511010.SH,20181106,20181105,114.343,1.156,,,115.7241,0
511010.SH,20181107,20181106,114.418,1.157,,,115.8001,0
511010.SH,20181108,20181107,114.562,1.158,,,115.9458,0
511010.SH,20181109,20181108,114.615,1.159,,,115.9994,0
511010.SH,20181110,20181109,114.664,1.159,,,116.049,0
511010.SH,20181113,20181112,114.675,1.16,,,116.0602,0
511010.SH,20181114,20181113,114.768,1.16,,,116.1543,0
511010.SH,20181115,20181114,115.176,1.165,,,116.5672,0
511010.SH,20181116,20181115,115.17,1.165,,,116.5611,0
511010.SH,20181117,20181116,115.217,1.165,,,116.6087,0
511010.SH,20181120,20181119,115.196,1.165,,,116.5875,0
511010.SH,20181121,20181120,115.182,1.165,,,116.5733,0
511010.SH,20181122,20181121,115.205,1.165,,,116.5966,0
511010.SH,20181123,20181122,115.183,1.165,,,116.5743,0
511010.SH,20181124,20181123,115.222,1.165,,,116.6138,0
511010.SH,20181127,20181126,115.276,1.166,,,116.6684,0
511010.SH,20181128,20181127,115.273,1.166,,,116.6654,0
511010.SH,20181129,20181128,115.25,1.165,,,116.6421,0
511010.SH,20181130,20181129,115.384,1.167,,,116.7777,0
511010.SH,20181201,20181130,115.441,1.167,,,116.8354,0
511010.SH,20181204,20181203,115.469,1.167,,,116.8638,0
511010.SH,20181205,20181204,115.641,1.169,,,117.0378,0
511010.SH,20181206,20181205,115.721,1.17,,,117.1188,0
511010.SH,20181207,20181206,115.761,1.17,,,117.1593,0
511010.SH,20181208,20181207,115.933,1.172,,,117.3334,0
511010.SH,20181211,20181210,116.067,1.173,,,117.469,0
511010.SH,20181212,20181211,116.049,1.173,,,117.4508,0
511010.SH,20181213,20181212,116.027,1.173,,,117.4285,0
511010.SH,20181214,20181213,115.888,1.172,,,117.2878,0
511010.SH,20181215,20181214,115.849,1.171,,,117.2483,0
511010.SH,20181218,20181217,115.829,1.171,,,117.2281,0
511010.SH,20181219,20181218,115.837,1.171,,,117.2362,0
511010.SH,20181220,20181219,115.871,1.172,,,117.2706,0
511010.SH,20181221,20181220,115.993,1.173,,,117.3941,0
511010.SH,20181222,20181221,115.994,1.173,,,117.3951,0
511010.SH,20181225,20181224,115.939,1.172,,,117.3394,0
511010.SH,20181226,20181225,115.948,1.172,,,117.3485,0
511010.SH,20181227,20181226,115.953,1.172,,,117.3536,0
511010.SH,20181228,20181227,116.128,1.174,,,117.5307,0
511010.SH,20181229,20181228,116.313,1.176,,,117.7179,0
511010.SH,20190101,20181231,116.277,1.176,,568161784.41,117.6815,0
511010.SH,20190103,20190102,116.459,1.177,,,117.8657,0
511010.SH,20190104,20190103,116.647,1.179,,,118.056,0
511010.SH,20190105,20190104,116.658,1.179,,,118.0671,0
511010.SH,20190108,20190107,116.521,1.178,,,117.9285,0
511010.SH,20190109,20190108,116.602,1.179,,,118.0104,0
511010.SH,20190110,20190109,116.603,1.179,,,118.0114,0
511010.SH,20190111,20190110,116.548,1.178,,,117.9558,0
511010.SH,20190112,20190111,116.485,1.178,,,117.892,0
511010.SH,20190115,20190114,116.56,1.178,,,117.9679,0
511010.SH,20190116,20190115,116.451,1.177,,,117.8576,0
511010.SH,20190117,20190116,116.589,1.179,,,117.9973,0
511010.SH,20190118,20190117,116.671,1.18,,,118.0803,0
511010.SH,20190119,20190118,116.51,1.178,,,117.9173,0
511010.SH,20190122,20190121,116.515,1.178,,,117.9224,0
511010.SH,20190123,20190122,116.586,1.179,,,117.9942,0
511010.SH,20190124,20190123,116.594,1.179,,,118.0023,0
511010.SH,20190125,20190124,116.6,1.179,,,118.0084,0
511010.SH,20190126,20190125,116.542,1.178,,,117.9497,0
511010.SH,20190129,20190128,116.514,1.178,,,117.9214,0
511010.SH,20190130,20190129,116.651,1.179,,,118.06,0
511010.SH,20190131,20190130,116.723,1.18,,,118.1329,0
511010.SH,20190201,20190131,116.824,1.181,,,118.2351,0
511010.SH,20190202,20190201,116.812,1.181,,,118.223,0
511010.SH,20190212,20190211,117.014,1.183,,,118.4274,0
511010.SH,20190213,20190212,117.08,1.184,,,118.4942,0
511010.SH,20190214,20190213,117.013,1.183,,,118.4264,0
511010.SH,20190215,20190214,117.017,1.183,,,118.4304,0
511010.SH,20190216,20190215,117.007,1.183,,,118.4203,0
511010.SH,20190219,20190218,116.886,1.182,,,118.2979,0
511010.SH,20190220,20190219,116.876,1.182,,,118.2877,0
511010.SH,20190221,20190220,116.898,1.182,,,118.31,0
511010.SH,20190222,20190221,116.852,1.181,,,118.2635,0
511010.SH,20190223,20190222,116.812,1.181,,,118.223,0
511010.SH,20190226,20190225,116.648,1.179,,,118.057,0
511010.SH,20190227,20190226,116.428,1.177,,,117.8343,0
511010.SH,20190228,20190227,116.456,1.177,,,117.8627,0
511010.SH,20190301,20190228,116.447,1.177,,,117.8536,0
511010.SH,20190302,20190301,116.321,1.176,,,117.726,0
511010.SH,20190305,20190304,116.311,1.176,,,117.7159,0
511010.SH,20190306,20190305,116.217,1.175,,,117.6208,0
511010.SH,20190307,20190306,116.217,1.175,,,117.6208,0
511010.SH,20190308,20190307,116.352,1.176,,,117.7574,0
511010.SH,20190309,20190308,116.484,1.178,,,117.891,0
511010.SH,20190312,20190311,116.462,1.177,,,117.8687,0
511010.SH,20190313,20190312,116.424,1.177,,,117.8303,0
511010.SH,20190314,20190313,116.407,1.177,,,117.8131,0
511010.SH,20190315,20190314,116.37,1.177,,,117.7756,0
511010.SH,20190316,20190315,116.409,1.177,,,117.8151,0
511010.SH,20190319,20190318,116.405,1.177,,,117.8111,0
511010.SH,20190320,20190319,116.404,1.177,,,117.81,0
511010.SH,20190321,20190320,116.429,1.177,,,117.8353,0
511010.SH,20190322,20190321,116.502,1.178,,,117.9092,0
511010.SH,20190323,20190322,116.555,1.178,,,117.9629,0
511010.SH,20190326,20190325,116.734,1.18,,,118.144,0
511010.SH,20190327,20190326,116.818,1.181,,,118.229,0
511010.SH,20190328,20190327,116.841,1.181,,,118.2523,0
511010.SH,20190329,20190328,116.928,1.182,,,118.3404,0
511010.SH,20190330,20190329,116.969,1.182,,,118.3819,0
511010.SH,20190422,20190331,116.981,1.1821,,531827638.27,118.394,1
511010.SH,20190402,20190401,116.827,1.181,,,118.2382,0
511010.SH,20190403,20190402,116.729,1.18,,,118.139,0
511010.SH,20190404,20190403,116.572,1.179,,,117.9801,0
511010.SH,20190405,20190404,116.269,1.175,,,117.6734,0
511010.SH,20190409,20190408,116.26,1.175,,,117.6643,0
511010.SH,20190410,20190409,115.992,1.173,,,117.3931,0
511010.SH,20190411,20190410,116.015,1.173,,,117.4163,0
511010.SH,20190412,20190411,116.13,1.174,,,117.5327,0
511010.SH,20190413,20190412,116.138,1.174,,,117.5408,0
511010.SH,20190416,20190415,115.898,1.172,,,117.2979,0
511010.SH,20190417,20190416,115.819,1.171,,,117.218,0
511010.SH,20190418,20190417,115.799,1.171,,,117.1977,0
511010.SH,20190419,20190418,116.017,1.173,,,117.4184,0
511010.SH,20190420,20190419,116.065,1.173,,,117.4669,0
511010.SH,20190423,20190422,115.983,1.173,,,117.384,0
511010.SH,20190424,20190423,115.933,1.172,,,117.3334,0
511010.SH,20190425,20190424,115.841,1.171,,,117.2402,0
511010.SH,20190426,20190425,115.938,1.172,,,117.3384,0
511010.SH,20190427,20190426,115.986,1.173,,,117.387,0
511010.SH,20190430,20190429,115.986,1.173,,,117.387,0
511010.SH,20190501,20190430,116.036,1.173,,,117.4376,0
511010.SH,20190507,20190506,116.325,1.176,,,117.7301,0
511010.SH,20190508,20190507,116.223,1.175,,,117.6269,0
511010.SH,20190509,20190508,116.302,1.176,,,117.7068,0
511010.SH,20190510,20190509,116.385,1.177,,,117.7908,0
511010.SH,20190511,20190510,116.376,1.177,,,117.7817,0
511010.SH,20190514,20190513,116.467,1.177,,,117.8738,0
511010.SH,20190515,20190514,116.383,1.177,,,117.7888,0
511010.SH,20190516,20190515,116.421,1.177,,,117.8272,0
511010.SH,20190517,20190516,116.536,1.178,,,117.9436,0
511010.SH,20190518,20190517,116.525,1.178,,,117.9325,0
511010.SH,20190521,20190520,116.548,1.178,,,117.9558,0
511010.SH,20190522,20190521,116.526,1.178,,,117.9335,0
511010.SH,20190523,20190522,116.511,1.178,,,117.9183,0
511010.SH,20190524,20190523,116.624,1.179,,,118.0327,0
511010.SH,20190525,20190524,116.658,1.179,,,118.0671,0
511010.SH,20190528,20190527,116.531,1.178,,,117.9386,0
511010.SH,20190529,20190528,116.584,1.179,,,117.9922,0
511010.SH,20190530,20190529,116.759,1.18,,,118.1693,0
511010.SH,20190531,20190530,116.906,1.182,,,118.3181,0
511010.SH,20190601,20190531,116.874,1.182,,,118.2857,0
511010.SH,20190604,20190603,116.95,1.182,,,118.3626,0
511010.SH,20190605,20190604,117.026,1.183,,,118.4396,0
511010.SH,20190606,20190605,117.0,1.183,,,118.4132,0
511010.SH,20190607,20190606,116.987,1.183,,,118.4001,0
511010.SH,20190611,20190610,116.925,1.182,,,118.3373,0
511010.SH,20190612,20190611,116.793,1.181,,,118.2037,0
511010.SH,20190613,20190612,116.816,1.181,,,118.227,0
511010.SH,20190614,20190613,116.879,1.182,,,118.2908,0
511010.SH,20190615,20190614,116.997,1.183,,,118.4102,0
511010.SH,20190618,20190617,117.093,1.184,,,118.5074,0
511010.SH,20190619,20190618,117.112,1.184,,,118.5266,0
511010.SH,20190620,20190619,117.089,1.184,,,118.5033,0
511010.SH,20190621,20190620,117.193,1.185,,,118.6086,0
511010.SH,20190622,20190621,117.234,1.185,,,118.6501,0
511010.SH,20190625,20190624,117.165,1.184,,,118.5802,0
511010.SH,20190626,20190625,117.212,1.185,,,118.6278,0
511010.SH,20190627,20190626,117.184,1.185,,,118.5995,0
511010.SH,20190628,20190627,117.118,1.184,,,118.5327,0
511010.SH,20190629,20190628,117.202,1.185,,,118.6177,0
511010.SH,20190701,20190630,117.219,1.185,,437962745.62,118.6349,0
511010.SH,20190702,20190701,117.229,1.185,,,118.645,0
511010.SH,20190703,20190702,117.442,1.187,,,118.8606,0
511010.SH,20190704,20190703,117.519,1.188,,,118.9385,0
511010.SH,20190705,20190704,117.573,1.189,,,118.9932,0
511010.SH,20190706,20190705,117.443,1.187,,,118.8616,0
511010.SH,20190709,20190708,117.427,1.187,,,118.8454,0
511010.SH,20190710,20190709,117.455,1.187,,,118.8737,0
511010.SH,20190711,20190710,117.449,1.187,,,118.8677,0
511010.SH,20190712,20190711,117.493,1.188,,,118.9122,0
511010.SH,20190713,20190712,117.547,1.188,,,118.9669,0
511010.SH,20190716,20190715,117.471,1.188,,,118.8899,0
511010.SH,20190717,20190716,117.487,1.188,,,118.9061,0
511010.SH,20190718,20190717,117.522,1.188,,,118.9415,0
511010.SH,20190719,20190718,117.6,1.189,,,119.0205,0
511010.SH,20190720,20190719,117.606,1.189,,,119.0266,0
511010.SH,20190723,20190722,117.674,1.19,,,119.0954,0
511010.SH,20190724,20190723,117.717,1.19,,,119.1389,0
511010.SH,20190725,20190724,117.649,1.189,,,119.0701,0
511010.SH,20190726,20190725,117.68,1.19,,,119.1015,0
511010.SH,20190727,20190726,117.675,1.19,,,119.0964,0
511010.SH,20190730,20190729,117.629,1.189,,,119.0498,0
511010.SH,20190731,20190730,117.66,1.189,,,119.0812,0
511010.SH,20190801,20190731,117.76,1.19,,,119.1824,0
511010.SH,20190802,20190801,117.831,1.191,,,119.2543,0
511010.SH,20190803,20190802,118.021,1.193,,,119.4466,0
511010.SH,20190806,20190805,118.177,1.195,,,119.6045,0
511010.SH,20190807,20190806,118.135,1.194,,,119.562,0
511010.SH,20190808,20190807,118.173,1.195,,,119.6004,0
511010.SH,20190809,20190808,118.191,1.195,,,119.6186,0
511010.SH,20190810,20190809,118.289,1.196,,,119.7178,0
511010.SH,20190813,20190812,118.26,1.195,,,119.6885,0
511010.SH,20190814,20190813,118.345,1.196,,,119.7745,0
511010.SH,20190815,20190814,118.314,1.196,,,119.7431,0
511010.SH,20190816,20190815,118.293,1.196,,,119.7219,0
511010.SH,20190817,20190816,118.219,1.195,,,119.647,0
511010.SH,20190820,20190819,118.323,1.196,,,119.7522,0
511010.SH,20190821,20190820,118.288,1.196,,,119.7168,0
511010.SH,20190822,20190821,118.193,1.195,,,119.6207,0
511010.SH,20190823,20190822,118.181,1.195,,,119.6085,0
511010.SH,20190824,20190823,118.19,1.195,,,119.6176,0
511010.SH,20190827,20190826,118.288,1.196,,,119.7168,0
511010.SH,20190828,20190827,118.282,1.196,,,119.7107,0
511010.SH,20190829,20190828,118.268,1.195,,,119.6966,0
511010.SH,20190830,20190829,118.392,1.197,,,119.8221,0
511010.SH,20190831,20190830,118.262,1.195,,,119.6905,0
511010.SH,20190903,20190902,118.208,1.195,,,119.6358,0
511010.SH,20190904,20190903,118.178,1.195,,,119.6055,0
511010.SH,20190905,20190904,118.262,1.195,,,119.6905,0
511010.SH,20190906,20190905,118.461,1.197,,,119.8919,0
511010.SH,20190907,20190906,118.567,1.198,,,119.9992,0
511010.SH,20190910,20190909,118.484,1.198,,,119.9152,0
511010.SH,20190911,20190910,118.431,1.197,,,119.8615,0
511010.SH,20190912,20190911,118.447,1.197,,,119.8777,0
511010.SH,20190913,20190912,118.364,1.196,,,119.7937,0
511010.SH,20190917,20190916,118.397,1.197,,,119.8271,0
511010.SH,20190918,20190917,118.377,1.197,,,119.8069,0
511010.SH,20190919,20190918,118.368,1.196,,,119.7978,0
511010.SH,20190920,20190919,118.383,1.197,,,119.8129,0
511010.SH,20190921,20190920,118.414,1.197,,,119.8443,0
511010.SH,20190924,20190923,118.477,1.198,,,119.9081,0
511010.SH,20190925,20190924,118.436,1.197,,,119.8666,0
511010.SH,20190926,20190925,118.478,1.198,,,119.9091,0
511010.SH,20190927,20190926,118.41,1.197,,,119.8403,0
511010.SH,20190928,20190927,118.385,1.197,,,119.815,0
511010.SH,20191023,20190930,118.422,1.197,,492196849.77,119.8524,1
511010.SH,20191009,20191008,118.56,1.198,,,119.9921,0
511010.SH,20191010,20191009,118.567,1.198,,,119.9992,0
511010.SH,20191011,20191010,118.513,1.198,,,119.9445,0
511010.SH,20191012,20191011,118.431,1.197,,,119.8615,0
511010.SH,20191015,20191014,118.421,1.197,,,119.8514,0
511010.SH,20191016,20191015,118.406,1.197,,,119.8362,0
511010.SH,20191017,20191016,118.483,1.198,,,119.9142,0
511010.SH,20191018,20191017,118.519,1.198,,,119.9506,0
511010.SH,20191019,20191018,118.476,1.198,,,119.9071,0
511010.SH,20191022,20191021,118.426,1.197,,,119.8565,0
511010.SH,20191023,20191022,118.31,1.196,,,119.7391,0
511010.SH,20191024,20191023,118.409,1.197,,,119.8393,0
511010.SH,20191025,20191024,118.439,1.197,,,119.8696,0
511010.SH,20191026,20191025,118.428,1.197,,,119.8585,0
511010.SH,20191029,20191028,118.274,1.196,,,119.7026,0
511010.SH,20191030,20191029,118.214,1.195,,,119.6419,0
511010.SH,20191031,20191030,118.1,1.194,,,119.5265,0
511010.SH,20191101,20191031,118.191,1.195,,,119.6186,0
511010.SH,20191102,20191101,118.284,1.196,,,119.7128,0
511010.SH,20191105,20191104,118.209,1.195,,,119.6368,0
511010.SH,20191106,20191105,118.362,1.196,,,119.7917,0
511010.SH,20191107,20191106,118.386,1.197,,,119.816,0
511010.SH,20191108,20191107,118.352,1.196,,,119.7816,0
511010.SH,20191109,20191108,118.344,1.196,,,119.7735,0
511010.SH,20191112,20191111,118.486,1.198,,,119.9172,0
511010.SH,20191113,20191112,118.44,1.197,,,119.8706,0
511010.SH,20191114,20191113,118.477,1.198,,,119.9081,0
511010.SH,20191115,20191114,118.442,1.197,,,119.8727,0
511010.SH,20191116,20191115,118.516,1.198,,,119.9476,0
511010.SH,20191119,20191118,118.638,1.199,,,120.071,0
511010.SH,20191120,20191119,118.73,1.2,,,120.1641,0
511010.SH,20191121,20191120,118.808,1.201,,,120.2431,0
511010.SH,20191122,20191121,118.865,1.201,,,120.3008,0
511010.SH,20191123,20191122,118.874,1.202,,,120.3099,0
511010.SH,20191126,20191125,118.782,1.201,,,120.2168,0
511010.SH,20191127,20191126,118.83,1.201,,,120.2653,0
511010.SH,20191128,20191127,118.844,1.201,,,120.2795,0
511010.SH,20191129,20191128,118.854,1.201,,,120.2896,0
511010.SH,20191130,20191129,118.897,1.202,,,120.3332,0
511010.SH,20191203,20191202,118.792,1.201,,,120.2269,0
511010.SH,20191204,20191203,118.785,1.201,,,120.2198,0
511010.SH,20191205,20191204,118.929,1.202,,,120.3655,0
511010.SH,20191206,20191205,118.929,1.202,,,120.3655,0
511010.SH,20191207,20191206,118.917,1.202,,,120.3534,0
511010.SH,20191210,20191209,118.88,1.202,,,120.31595152,0
511010.SH,20191211,20191210,118.904,1.202,,,120.34024142,0
511010.SH,20191212,20191211,118.952,1.202,,,120.38882121,0
511010.SH,20191213,20191212,118.991,1.203,,,120.42829229,0
511010.SH,20191214,20191213,118.965,1.202,,,120.40197824,0
511010.SH,20191217,20191216,118.983,1.203,,,120.42019566,0
511010.SH,20191218,20191217,118.921,1.202,,,120.35744676,0
511010.SH,20191219,20191218,118.935,1.202,,,120.37161587,0
511010.SH,20191220,20191219,118.995,1.203,,,120.43234061,0
511010.SH,20191221,20191220,119.168,1.204,,,120.60743027,0
511010.SH,20191224,20191223,119.356,1.206,,,120.79770112,0
511010.SH,20191225,20191224,119.463,1.207,,,120.90599358,0
511010.SH,20191226,20191225,119.52,1.208,,,120.96368208,0
511010.SH,20191227,20191226,119.68,1.21,,,121.12561472,0
511010.SH,20191228,20191227,119.68,1.21,,,121.12561472,0
511010.SH,20191231,20191230,119.705,1.21,,,121.1509167,0
511010.SH,20200117,20191231,119.725,1.21,,476062269.69,121.17115828,1
511010.SH,20200103,20200102,119.619,1.209,,,121.0638779,0
511010.SH,20200104,20200103,119.575,1.209,,,121.01934643,0
511010.SH,20200107,20200106,119.697,1.21,,,121.14282006,0
511010.SH,20200108,20200107,119.654,1.209,,,121.09930067,0
511010.SH,20200109,20200108,119.738,1.21,,,121.1843153,0
511010.SH,20200110,20200109,119.751,1.21,,,121.19747233,0
511010.SH,20200111,20200110,119.883,1.212,,,121.33106676,0
511010.SH,20200114,20200113,119.897,1.212,,,121.34523586,0
511010.SH,20200115,20200114,119.815,1.211,,,121.26224539,0
511010.SH,20200116,20200115,119.826,1.211,,,121.27337825,0
511010.SH,20200117,20200116,119.85,1.211,,,121.29766815,0
511010.SH,20200118,20200117,119.893,1.212,,,121.34118755,0
511010.SH,20200121,20200120,120.029,1.213,,,121.47883029,0
511010.SH,20200122,20200121,120.202,1.215,,,121.65391996,0
511010.SH,20200123,20200122,120.239,1.215,,,121.69136688,0
511010.SH,20200124,20200123,120.395,1.217,,,121.84925121,0
511010.SH,20200204,20200203,120.814,1.221,,,122.27331231,0
511010.SH,20200205,20200204,121.141,1.224,,,122.60426214,0
511010.SH,20200206,20200205,121.083,1.224,,,122.54556156,0
511010.SH,20200207,20200206,121.15,1.224,,,122.61337085,0
511010.SH,20200208,20200207,121.339,1.226,,,122.80465378,0
511010.SH,20200211,20200210,121.492,1.228,,,122.95950187,0
511010.SH,20200212,20200211,121.404,1.227,,,122.87043892,0
511010.SH,20200213,20200212,121.336,1.226,,,122.80161754,0
511010.SH,20200214,20200213,121.38,1.227,,,122.84614902,0
511010.SH,20200215,20200214,121.284,1.226,,,122.74898944,0
511010.SH,20200218,20200217,121.144,1.224,,,122.60729838,0
511010.SH,20200219,20200218,121.202,1.225,,,122.66599896,0
511010.SH,20200220,20200219,121.218,1.225,,,122.68219222,0
511010.SH,20200221,20200220,121.087,1.224,,,122.54960987,0
511010.SH,20200222,20200221,121.203,1.225,,,122.66701104,0
511010.SH,20200225,20200224,121.365,1.226,,,122.83096784,0
511010.SH,20200226,20200225,121.347,1.226,,,122.81275041,0
511010.SH,20200227,20200226,121.387,1.227,,,122.85323357,0
511010.SH,20200228,20200227,121.502,1.228,,,122.96962266,0
511010.SH,20200229,20200228,121.757,1.23,,,123.2277028,0
511010.SH,20200303,20200302,121.774,1.231,,,123.24490815,0
511010.SH,20200304,20200303,121.757,1.23,,,123.2277028,0
511010.SH,20200305,20200304,122.064,1.233,,,123.53841106,0
511010.SH,20200306,20200305,122.047,1.233,,,123.52120571,0
511010.SH,20200307,20200306,122.253,1.235,,,123.72969399,0
511010.SH,20200310,20200309,122.655,1.239,,,124.13654975,0
511010.SH,20200311,20200310,122.29,1.236,,,123.76714091,0
511010.SH,20200312,20200311,122.306,1.236,,,123.78333417,0
511010.SH,20200313,20200312,122.202,1.235,,,123.67807796,0
511010.SH,20200314,20200313,121.986,1.233,,,123.45946889,0
511010.SH,20200317,20200316,122.062,1.233,,,123.5363869,0
511010.SH,20200318,20200317,121.973,1.233,,,123.44631187,0
511010.SH,20200319,20200318,121.998,1.233,,,123.47161384,0
511010.SH,20200320,20200319,121.997,1.233,,,123.47060176,0
511010.SH,20200321,20200320,122.113,1.234,,,123.58800293,0
511010.SH,20200324,20200323,122.347,1.236,,,123.82482941,0
511010.SH,20200325,20200324,122.455,1.237,,,123.93413395,0
511010.SH,20200326,20200325,122.526,1.238,,,124.00599155,0
511010.SH,20200327,20200326,122.83,1.241,,,124.31366357,0
511010.SH,20200328,20200327,122.761,1.24,,,124.24383012,0
511010.SH,20200331,20200330,122.905,1.242,,,124.3895695,0
511010.SH,20200422,20200331,123.114,1.244,,556019243.32,124.60109401,1
511010.SH,20200402,20200401,123.245,1.245,,,124.73367636,0
511010.SH,20200403,20200402,123.175,1.245,,,124.66283083,0
511010.SH,20200404,20200403,123.298,1.246,,,124.78731654,0
511010.SH,20200408,20200407,124.085,1.254,,,125.58382272,0
511010.SH,20200409,20200408,124.719,1.26,,,126.2254808,0
511010.SH,20200410,20200409,124.583,1.259,,,126.08783806,0
511010.SH,20200411,20200410,124.401,1.257,,,125.90363968,0
511010.SH,20200414,20200413,124.424,1.257,,,125.9269175,0
511010.SH,20200415,20200414,124.543,1.258,,,126.0473549,0
511010.SH,20200416,20200415,124.75,1.26,,,126.25685525,0
511010.SH,20200417,20200416,124.791,1.261,,,126.29835049,0
511010.SH,20200418,20200417,124.751,1.26,,,126.25786733,0
511010.SH,20200421,20200420,124.792,1.261,,,126.29936257,0
511010.SH,20200422,20200421,124.952,1.262,,,126.46129521,0
511010.SH,20200423,20200422,125.37,1.267,,,126.88434423,0
511010.SH,20200424,20200423,125.59,1.269,,,127.10700161,0
511010.SH,20200425,20200424,125.57,1.269,,,127.08676003,0
511010.SH,20200428,20200427,125.549,1.268,,,127.06550637,0
511010.SH,20200429,20200428,125.647,1.269,,,127.16469011,0
511010.SH,20200430,20200429,126.041,1.273,,,127.56344924,0
511010.SH,20200501,20200430,125.982,1.273,,,127.50373658,0
511010.SH,20200507,20200506,125.753,1.27,,,127.27197049,0
511010.SH,20200508,20200507,125.27,1.266,,,126.78313633,0
511010.SH,20200509,20200508,125.288,1.266,,,126.80135375,0
511010.SH,20200512,20200511,124.845,1.261,,,126.35300276,0
511010.SH,20200513,20200512,124.846,1.261,,,126.35401483,0
511010.SH,20200514,20200513,124.803,1.261,,,126.31049544,0
511010.SH,20200515,20200514,124.972,1.263,,,126.48153679,0
511010.SH,20200516,20200515,125.181,1.265,,,126.6930613,0
511010.SH,20200519,20200518,124.82,1.261,,,126.32770078,0
511010.SH,20200520,20200519,124.55,1.258,,,126.05443945,0
511010.SH,20200521,20200520,124.475,1.258,,,125.97853353,0
511010.SH,20200522,20200521,124.36,1.256,,,125.86214444,0
511010.SH,20200523,20200522,124.854,1.261,,,126.36211147,0
511010.SH,20200526,20200525,124.515,1.258,,,126.01901669,0
511010.SH,20200527,20200526,124.076,1.254,,,125.574714,0
511010.SH,20200528,20200527,123.703,1.25,,,125.19720854,0
511010.SH,20200529,20200528,123.859,1.251,,,125.35509286,0
511010.SH,20200530,20200529,123.966,1.252,,,125.46338531,0
511010.SH,20200602,20200601,123.891,1.252,,,125.38747939,0
511010.SH,20200603,20200602,123.222,1.245,,,124.71039854,0
511010.SH,20200604,20200603,123.06,1.243,,,124.54644174,0
511010.SH,20200605,20200604,122.648,1.239,,,124.12946519,0
511010.SH,20200606,20200605,122.393,1.237,,,123.87138505,0
511010.SH,20200609,20200608,122.524,1.238,,,124.0039674,0
511010.SH,20200610,20200609,122.598,1.239,,,124.07886124,0
511010.SH,20200611,20200610,122.476,1.238,,,123.9553876,0
511010.SH,20200612,20200611,122.634,1.239,,,124.11529609,0
511010.SH,20200613,20200612,122.747,1.24,,,124.22966101,0
511010.SH,20200616,20200615,122.665,1.239,,,124.14667054,0
511010.SH,20200617,20200616,122.238,1.235,,,123.7145128,0
511010.SH,20200618,20200617,122.085,1.234,,,123.55966472,0
511010.SH,20200619,20200618,122.129,1.234,,,123.60419619,0
511010.SH,20200620,20200619,122.105,1.234,,,123.5799063,0
511010.SH,20200623,20200622,121.836,1.231,,,123.30765704,0
511010.SH,20200624,20200623,121.814,1.231,,,123.28539131,0
511010.SH,20200625,20200624,122.306,1.236,,,123.78333417,0
511010.SH,20200630,20200629,122.403,1.237,,,123.88150584,0
511010.SH,20200721,20200630,122.546,1.238,,1093885002.49,124.02623313,1
511010.SH,20200702,20200701,122.419,1.237,,,123.8976991,0
511010.SH,20200703,20200702,122.499,1.238,,,123.97866542,0
511010.SH,20200704,20200703,122.388,1.237,,,123.86632465,0
511010.SH,20200707,20200706,121.651,1.229,,,123.12042243,0
511010.SH,20200708,20200707,121.424,1.227,,,122.8906805,0
511010.SH,20200709,20200708,121.121,1.224,,,122.58402056,0
511010.SH,20200710,20200709,120.931,1.222,,,122.39172555,0
511010.SH,20200711,20200710,121.166,1.224,,,122.62956411,0
511010.SH,20200714,20200713,120.989,1.223,,,122.45042613,0
511010.SH,20200715,20200714,121.251,1.225,,,122.71559083,0
511010.SH,20200716,20200715,121.608,1.229,,,123.07690303,0
511010.SH,20200717,20200716,121.799,1.231,,,123.27021012,0
511010.SH,20200718,20200717,121.851,1.231,,,123.32283823,0
511010.SH,20200721,20200720,121.938,1.232,,,123.4108891,0
511010.SH,20200722,20200721,122.191,1.235,,,123.66694509,0
511010.SH,20200723,20200722,122.202,1.235,,,123.67807796,0
511010.SH,20200724,20200723,122.127,1.234,,,123.60217203,0
511010.SH,20200725,20200724,122.328,1.236,,,123.80559991,0
511010.SH,20200728,20200727,122.21,1.235,,,123.68617459,0
511010.SH,20200729,20200728,122.075,1.234,,,123.54954393,0
511010.SH,20200730,20200729,121.991,1.233,,,123.46452929,0
511010.SH,20200731,20200730,121.988,1.233,,,123.46149305,0
511010.SH,20200801,20200731,121.854,1.231,,,123.32587447,0
511010.SH,20200804,20200803,121.935,1.232,,,123.40785287,0
511010.SH,20200805,20200804,121.905,1.232,,,123.3774905,0
511010.SH,20200806,20200805,121.578,1.229,,,123.04654066,0
511010.SH,20200807,20200806,121.416,1.227,,,122.88258386,0
511010.SH,20200808,20200807,121.353,1.226,,,122.81882289,0
511010.SH,20200811,20200810,121.527,1.228,,,122.99492463,0
511010.SH,20200812,20200811,121.409,1.227,,,122.87549931,0
511010.SH,20200813,20200812,121.284,1.226,,,122.74898944,0
511010.SH,20200814,20200813,121.405,1.227,,,122.871451,0
511010.SH,20200815,20200814,121.506,1.228,,,122.97367097,0
511010.SH,20200818,20200817,121.571,1.229,,,123.03945611,0
511010.SH,20200819,20200818,121.446,1.227,,,122.91294623,0
511010.SH,20200820,20200819,121.282,1.226,,,122.74696528,0
511010.SH,20200821,20200820,121.148,1.224,,,122.61134669,0
511010.SH,20200822,20200821,121.252,1.225,,,122.71660291,0
511010.SH,20200825,20200824,121.198,1.225,,,122.66195064,0
511010.SH,20200826,20200825,120.96,1.222,,,122.42107584,0
511010.SH,20200827,20200826,120.828,1.221,,,122.28748141,0
511010.SH,20200828,20200827,120.81,1.221,,,122.26926399,0
511010.SH,20200829,20200828,120.788,1.221,,,122.24699825,0
511010.SH,20200901,20200831,120.953,1.222,,,122.41399129,0
511010.SH,20200902,20200901,120.859,1.221,,,122.31885586,0
511010.SH,20200903,20200902,120.66,1.219,,,122.11745214,0
511010.SH,20200904,20200903,120.488,1.218,,,121.94337455,0
511010.SH,20200905,20200904,120.425,1.217,,,121.87961358,0
511010.SH,20200908,20200907,120.381,1.217,,,121.8350821,0
511010.SH,20200909,20200908,120.481,1.218,,,121.93629,0
511010.SH,20200910,20200909,120.727,1.22,,,122.18526143,0
511010.SH,20200911,20200910,120.928,1.222,,,122.38868931,0
511010.SH,20200912,20200911,120.816,1.221,,,122.27533646,0
511010.SH,20200915,20200914,120.69,1.22,,,122.14781451,0
511010.SH,20200916,20200915,120.92,1.222,,,122.38059268,0
511010.SH,20200917,20200916,121.003,1.223,,,122.46459524,0
511010.SH,20200918,20200917,120.944,1.222,,,122.40488258,0
511010.SH,20200919,20200918,121.163,1.224,,,122.62652788,0
511010.SH,20200922,20200921,121.342,1.226,,,122.80769002,0
511010.SH,20200923,20200922,121.384,1.227,,,122.85019734,0
511010.SH,20200924,20200923,121.372,1.227,,,122.83805239,0
511010.SH,20200925,20200924,121.305,1.226,,,122.7702431,0
511010.SH,20200926,20200925,121.145,1.224,,,122.60831046,0
511010.SH,20200929,20200928,121.168,1.224,,,122.63158827,0
511010.SH,20200930,20200929,121.07,1.224,,,122.53240453,0
511010.SH,20201028,20200930,120.93,1.222,,1141130610.15,122.39071347,1
511010.SH,20201010,20201009,120.705,1.22,,,122.1629957,0
511010.SH,20201013,20201012,120.799,1.221,,,122.25813112,0
511010.SH,20201014,20201013,120.762,1.22,,,122.2206842,0
511010.SH,20201015,20201014,120.621,1.219,,,122.07798106,0
511010.SH,20201016,20201015,120.587,1.219,,,122.04357037,0
511010.SH,20201017,20201016,120.629,1.219,,,122.08607769,0
511010.SH,20201020,20201019,120.776,1.221,,,122.2348533,0
511010.SH,20201021,20201020,120.827,1.221,,,122.28646933,0
511010.SH,20201022,20201021,120.903,1.222,,,122.36338734,0
511010.SH,20201023,20201022,121.143,1.224,,,122.6062863,0
511010.SH,20201024,20201023,121.118,1.224,,,122.58098432,0
511010.SH,20201027,20201026,121.149,1.224,,,122.61235877,0
511010.SH,20201028,20201027,121.23,1.225,,,122.69433717,0
511010.SH,20201029,20201028,121.156,1.224,,,122.61944332,0
511010.SH,20201030,20201029,121.184,1.225,,,122.64778154,0
511010.SH,20201031,20201030,121.225,1.225,,,122.68927678,0
511010.SH,20201103,20201102,121.285,1.226,,,122.75000152,0
511010.SH,20201104,20201103,121.379,1.227,,,122.84513694,0
511010.SH,20201105,20201104,121.331,1.226,,,122.79655715,0
511010.SH,20201106,20201105,121.236,1.225,,,122.70040964,0
511010.SH,20201107,20201106,121.1,1.224,,,122.5627669,0
511010.SH,20201110,20201109,121.005,1.223,,,122.4666194,0
511010.SH,20201111,20201110,121.104,1.224,,,122.56681522,0
511010.SH,20201112,20201111,121.089,1.224,,,122.55163403,0
511010.SH,20201113,20201112,120.962,1.222,,,122.4231,0
511010.SH,20201114,20201113,120.884,1.222,,,122.34415784,0
511010.SH,20201117,20201116,120.858,1.221,,,122.31784378,0
511010.SH,20201118,20201117,120.785,1.221,,,122.24396202,0
511010.SH,20201119,20201118,120.606,1.219,,,122.06279987,0
511010.SH,20201120,20201119,120.374,1.217,,,121.82799755,0
511010.SH,20201121,20201120,120.488,1.218,,,121.94337455,0
511010.SH,20201124,20201123,120.65,1.219,,,122.10733135,0
511010.SH,20201125,20201124,120.542,1.218,,,121.99802682,0
511010.SH,20201126,20201125,120.656,1.219,,,122.11340382,0
511010.SH,20201127,20201126,120.616,1.219,,,122.07292066,0
511010.SH,20201128,20201127,120.549,1.218,,,122.00511137,0
511010.SH,20201201,20201130,120.928,1.222,,,122.38868931,0
511010.SH,20201202,20201201,120.844,1.221,,,122.30367468,0
511010.SH,20201203,20201202,120.677,1.22,,,122.13465748,0
511010.SH,20201204,20201203,120.638,1.219,,,122.0951864,0
511010.SH,20201205,20201204,120.705,1.22,,,122.1629957,0
511010.SH,20201208,20201207,120.648,1.219,,,122.10530719,0
511010.SH,20201209,20201208,120.787,1.221,,,122.24598617,0
511010.SH,20201210,20201209,120.784,1.221,,,122.24294994,0
511010.SH,20201211,20201210,120.88,1.222,,,122.34010952,0
511010.SH,20201212,20201211,120.716,1.22,,,122.17412856,0
511010.SH,20201215,20201214,120.782,1.221,,,122.24092578,0
511010.SH,20201216,20201215,120.947,1.222,,,122.40791881,0
511010.SH,20201217,20201216,121.069,1.223,,,122.53139245,0
511010.SH,20201218,20201217,120.965,1.222,,,122.42613624,0
511010.SH,20201219,20201218,120.923,1.222,,,122.38362892,0
511010.SH,20201222,20201221,121.132,1.224,,,122.59515343,0
511010.SH,20201223,20201222,121.324,1.226,,,122.7894726,0
511010.SH,20201224,20201223,121.413,1.227,,,122.87954763,0
511010.SH,20201225,20201224,121.331,1.226,,,122.79655715,0
511010.SH,20201226,20201225,121.488,1.228,,,122.95545355,0
511010.SH,20201229,20201228,121.551,1.228,,,123.01921453,0
511010.SH,20201230,20201229,121.576,1.229,,,123.0445165,0
511010.SH,20201231,20201230,121.847,1.231,,,123.31878991,0
511010.SH,20210122,20201231,121.801,1.231,,1039725053.31,123.27223428,1
511010.SH,20210105,20210104,121.602,1.229,,,123.07083056,0
511010.SH,20210106,20210105,121.824,1.231,,,123.2955121,0
511010.SH,20210107,20210106,121.9,1.232,,,123.3724301,0
511010.SH,20210108,20210107,121.988,1.233,,,123.46149305,0
511010.SH,20210109,20210108,121.894,1.232,,,123.36635763,0
511010.SH,20210112,20210111,121.818,1.231,,,123.28943962,0
511010.SH,20210113,20210112,121.944,1.232,,,123.41696158,0
511010.SH,20210114,20210113,122.16,1.234,,,123.63557064,0
511010.SH,20210115,20210114,122.182,1.235,,,123.65783638,0
511010.SH,20210116,20210115,121.901,1.232,,,123.37344218,0
511010.SH,20210119,20210118,121.716,1.23,,,123.18620756,0
511010.SH,20210120,20210119,121.81,1.231,,,123.28134299,0
511010.SH,20210121,20210120,121.939,1.232,,,123.41190118,0
511010.SH,20210122,20210121,122.076,1.234,,,123.550556,0
511010.SH,20210123,20210122,122.058,1.233,,,123.53233858,0
511010.SH,20210126,20210125,121.983,1.233,,,123.45643266,0
511010.SH,20210127,20210126,121.766,1.23,,,123.23681151,0
511010.SH,20210128,20210127,121.768,1.23,,,123.23883567,0
511010.SH,20210129,20210128,121.576,1.229,,,123.0445165,0
511010.SH,20210130,20210129,121.688,1.23,,,123.15786935,0
511010.SH,20210202,20210201,121.821,1.231,,,123.29247586,0
511010.SH,20210203,20210202,121.779,1.231,,,123.24996854,0
511010.SH,20210204,20210203,121.571,1.229,,,123.03945611,0
511010.SH,20210205,20210204,121.485,1.228,,,122.95241732,0
511010.SH,20210206,20210205,121.543,1.228,,,123.0111179,0
511010.SH,20210209,20210208,121.497,1.228,,,122.96456226,0
511010.SH,20210210,20210209,121.622,1.229,,,123.09107214,0
511010.SH,20210211,20210210,121.605,1.229,,,123.0738668,0
511010.SH,20210219,20210218,121.489,1.228,,,122.95646563,0
511010.SH,20210220,20210219,121.646,1.229,,,123.11536203,0
511010.SH,20210223,20210222,121.65,1.229,,,123.11941035,0
511010.SH,20210224,20210223,121.692,1.23,,,123.16191767,0
511010.SH,20210225,20210224,121.771,1.231,,,123.24187191,0
511010.SH,20210226,20210225,121.709,1.23,,,123.17912301,0
511010.SH,20210227,20210226,121.694,1.23,,,123.16394183,0
511010.SH,20210302,20210301,121.816,1.231,,,123.28741546,0
511010.SH,20210303,20210302,121.808,1.231,,,123.27931883,0
511010.SH,20210304,20210303,121.778,1.231,,,123.24895646,0
511010.SH,20210305,20210304,121.73,1.23,,,123.20037667,0
511010.SH,20210306,20210305,121.811,1.231,,,123.28235507,0
511010.SH,20210309,20210308,121.827,1.231,,,123.29854833,0
511010.SH,20210310,20210309,121.793,1.231,,,123.26413765,0
511010.SH,20210311,20210310,121.84,1.231,,,123.31170536,0
511010.SH,20210312,20210311,121.827,1.231,,,123.29854833,0
511010.SH,20210313,20210312,121.794,1.231,,,123.26514973,0
511010.SH,20210316,20210315,121.719,1.23,,,123.1892438,0
511010.SH,20210317,20210316,121.793,1.231,,,123.26413765,0
511010.SH,20210318,20210317,121.837,1.231,,,123.30866912,0
511010.SH,20210319,20210318,121.819,1.231,,,123.2904517,0
511010.SH,20210320,20210319,121.905,1.232,,,123.3774905,0
511010.SH,20210323,20210322,121.953,1.232,,,123.42607029,0
511010.SH,20210324,20210323,122.003,1.233,,,123.47667424,0
511010.SH,20210325,20210324,122.098,1.234,,,123.57282174,0
511010.SH,20210326,20210325,122.117,1.234,,,123.59205124,0
511010.SH,20210327,20210326,122.089,1.234,,,123.56371303,0
511010.SH,20210330,20210329,122.13,1.234,,,123.60520827,0
511010.SH,20210331,20210330,122.11,1.234,,,123.58496669,0
511010.SH,20210422,20210331,122.241,1.235,,998251495.94,123.71754904,1
511010.SH,20210402,20210401,122.18,1.235,,,123.65581222,0
511010.SH,20210403,20210402,122.177,1.235,,,123.65277598,0
511010.SH,20210407,20210406,122.134,1.234,,,123.60925659,0
511010.SH,20210408,20210407,122.086,1.234,,,123.56067679,0
511010.SH,20210409,20210408,122.081,1.234,,,123.5556164,0
511010.SH,20210410,20210409,122.172,1.235,,,123.64771559,0
511010.SH,20210413,20210412,122.26,1.235,,,123.73677854,0
511010.SH,20210414,20210413,122.399,1.237,,,123.87745752,0
511010.SH,20210415,20210414,122.396,1.237,,,123.87442128,0
511010.SH,20210416,20210415,122.438,1.237,,,123.9169286,0
511010.SH,20210417,20210416,122.497,1.238,,,123.97664126,0
511010.SH,20210420,20210419,122.575,1.239,,,124.05558343,0
511010.SH,20210421,20210420,122.653,1.239,,,124.13452559,0
511010.SH,20210422,20210421,122.718,1.24,,,124.20031072,0
511010.SH,20210423,20210422,122.694,1.24,,,124.17602083,0
511010.SH,20210424,20210423,122.7,1.24,,,124.1820933,0
511010.SH,20210427,20210426,122.505,1.238,,,123.9847379,0
511010.SH,20210428,20210427,122.488,1.238,,,123.96753255,0
511010.SH,20210429,20210428,122.572,1.239,,,124.05254719,0
511010.SH,20210430,20210429,122.626,1.239,,,124.10719945,0
511010.SH,20210501,20210430,122.748,1.24,,,124.23067309,0
511010.SH,20210507,20210506,122.858,1.241,,,124.34200178,0
511010.SH,20210508,20210507,122.917,1.242,,,124.40171444,0
511010.SH,20210511,20210510,123.048,1.243,,,124.53429679,0
511010.SH,20210512,20210511,123.076,1.244,,,124.562635,0
511010.SH,20210513,20210512,123.042,1.243,,,124.52822432,0
511010.SH,20210514,20210513,122.944,1.242,,,124.42904058,0
511010.SH,20210515,20210514,122.991,1.243,,,124.47660829,0
511010.SH,20210518,20210517,122.913,1.242,,,124.39766613,0
511010.SH,20210519,20210518,122.953,1.242,,,124.43814929,0
511010.SH,20210520,20210519,123.073,1.244,,,124.55959877,0
511010.SH,20210521,20210520,123.199,1.245,,,124.68712072,0
511010.SH,20210522,20210521,123.263,1.245,,,124.75189378,0
511010.SH,20210525,20210524,123.267,1.245,,,124.75594209,0
511010.SH,20210526,20210525,123.248,1.245,,,124.73671259,0
511010.SH,20210527,20210526,123.312,1.246,,,124.80148565,0
511010.SH,20210528,20210527,123.218,1.245,,,124.70635022,0
511010.SH,20210529,20210528,123.137,1.244,,,124.62437182,0
511010.SH,20210601,20210531,123.207,1.245,,,124.69521735,0
511010.SH,20210602,20210601,123.242,1.245,,,124.73064012,0
511010.SH,20210603,20210602,123.132,1.244,,,124.61931143,0
511010.SH,20210604,20210603,123.195,1.245,,,124.68307241,0
511010.SH,20210605,20210604,123.036,1.243,,,124.52215184,0
511010.SH,20210608,20210607,122.947,1.242,,,124.43207681,0
511010.SH,20210609,20210608,122.961,1.242,,,124.44624592,0
511010.SH,20210610,20210609,122.974,1.243,,,124.45940295,0
511010.SH,20210611,20210610,123.023,1.243,,,124.50899482,0
511010.SH,20210612,20210611,122.948,1.242,,,124.43308889,0
511010.SH,20210616,20210615,122.986,1.243,,,124.47154789,0
511010.SH,20210617,20210616,122.979,1.243,,,124.46446334,0
511010.SH,20210618,20210617,122.938,1.242,,,124.4229681,0
511010.SH,20210619,20210618,123.053,1.243,,,124.53935719,0
511010.SH,20210622,20210621,123.224,1.245,,,124.7124227,0
511010.SH,20210623,20210622,123.24,1.245,,,124.72861596,0
511010.SH,20210624,20210623,123.312,1.246,,,124.80148565,0
511010.SH,20210625,20210624,123.349,1.246,,,124.83893257,0
511010.SH,20210626,20210625,123.361,1.246,,,124.85107752,0
511010.SH,20210629,20210628,123.284,1.246,,,124.77314744,0
511010.SH,20210630,20210629,123.347,1.246,,,124.83690841,0
511010.SH,20210721,20210630,123.418,1.247,,911600390.0,124.90876602,1
511010.SH,20210702,20210701,123.392,1.247,,,124.88245197,0
511010.SH,20210703,20210702,123.44,1.247,,,124.93103176,0
511010.SH,20210706,20210705,123.494,1.248,,,124.98568403,0
511010.SH,20210707,20210706,123.495,1.248,,,124.98669611,0
511010.SH,20210708,20210707,123.604,1.249,,,125.09701272,0
511010.SH,20210709,20210708,123.935,1.252,,,125.43201087,0
511010.SH,20210710,20210709,123.846,1.251,,,125.34193583,0
511010.SH,20210713,20210712,124.227,1.255,,,125.72753793,0
511010.SH,20210714,20210713,124.318,1.256,,,125.81963712,0
511010.SH,20210715,20210714,124.311,1.256,,,125.81255257,0
511010.SH,20210716,20210715,124.213,1.255,,,125.71336883,0
511010.SH,20210717,20210716,124.328,1.256,,,125.82975791,0
511010.SH,20210720,20210719,124.337,1.256,,,125.83886662,0
511010.SH,20210721,20210720,124.429,1.257,,,125.93197789,0
511010.SH,20210722,20210721,124.505,1.258,,,126.0088959,0
511010.SH,20210723,20210722,124.486,1.258,,,125.98966639,0
511010.SH,20210724,20210723,124.597,1.259,,,126.10200716,0
511010.SH,20210727,20210726,124.816,1.261,,,126.32365246,0
511010.SH,20210728,20210727,124.616,1.259,,,126.12123666,0
511010.SH,20210729,20210728,124.512,1.258,,,126.01598045,0
511010.SH,20210730,20210729,124.681,1.26,,,126.1870218,0
511010.SH,20210731,20210730,124.908,1.262,,,126.41676373,0
511010.SH,20210803,20210802,125.061,1.263,,,126.57161182,0
511010.SH,20210804,20210803,124.968,1.262,,,126.47748847,0
511010.SH,20210805,20210804,124.925,1.262,,,126.43396908,0
511010.SH,20210806,20210805,125.067,1.263,,,126.57768429,0
511010.SH,20210807,20210806,125.021,1.263,,,126.53112866,0
511010.SH,20210810,20210809,124.772,1.261,,,126.27912099,0
511010.SH,20210811,20210810,124.787,1.261,,,126.29430217,0
511010.SH,20210812,20210811,124.711,1.26,,,126.21738417,0
511010.SH,20210813,20210812,124.846,1.261,,,126.35401483,0
511010.SH,20210814,20210813,124.77,1.261,,,126.27709683,0
511010.SH,20210817,20210816,124.736,1.26,,,126.24268614,0
511010.SH,20210818,20210817,124.809,1.261,,,126.31656791,0
511010.SH,20210819,20210818,124.988,1.263,,,126.49773005,0
511010.SH,20210820,20210819,125.046,1.263,,,126.55643063,0
511010.SH,20210821,20210820,124.964,1.262,,,126.47344016,0
511010.SH,20210824,20210823,124.917,1.262,,,126.42587244,0
511010.SH,20210825,20210824,125.01,1.263,,,126.51999579,0
511010.SH,20210826,20210825,125.034,1.263,,,126.54428569,0
511010.SH,20210827,20210826,124.932,1.262,,,126.44105363,0
511010.SH,20210828,20210827,125.004,1.263,,,126.51392332,0
511010.SH,20210831,20210830,125.118,1.264,,,126.62930032,0
511010.SH,20210901,20210831,125.156,1.264,,,126.6678,0
511010.SH,20210902,20210901,125.306,1.266,,,126.81957117,0
511010.SH,20210903,20210902,125.274,1.266,,,126.78718465,0
511010.SH,20210904,20210903,125.263,1.265,,,126.77605178,0
511010.SH,20210907,20210906,125.244,1.265,,,126.75682228,0
511010.SH,20210908,20210907,125.145,1.264,,,126.65662646,0
511010.SH,20210909,20210908,125.135,1.264,,,126.64650567,0
511010.SH,20210910,20210909,125.104,1.264,,,126.61513122,0
511010.SH,20210911,20210910,125.104,1.264,,,126.61513122,0
511010.SH,20210914,20210913,125.013,1.263,,,126.52303203,0
511010.SH,20210915,20210914,125.007,1.263,,,126.51695955,0
511010.SH,20210916,20210915,124.924,1.262,,,126.432957,0
511010.SH,20210917,20210916,124.964,1.262,,,126.47344016,0
511010.SH,20210918,20210917,125.023,1.263,,,126.53315282,0
511010.SH,20210923,20210922,125.149,1.264,,,126.66067477,0
511010.SH,20210924,20210923,125.206,1.265,,,126.71836327,0
511010.SH,20210925,20210924,125.154,1.264,,,126.66573517,0
511010.SH,20210928,20210927,125.164,1.264,,,126.67585596,0
511010.SH,20210929,20210928,125.132,1.264,,,126.64346943,0
511010.SH,20210930,20210929,125.218,1.265,,,126.73050822,0
511010.SH,20211027,20210930,125.228,1.265,,939995587.5,126.74062901,1
511010.SH,20211009,20211008,125.136,1.264,,,126.64751774,0
511010.SH,20211012,20211011,124.915,1.262,,,126.42384829,0
511010.SH,20211013,20211012,124.878,1.262,,,126.38640136,0
511010.SH,20211014,20211013,124.871,1.262,,,126.37931681,0
511010.SH,20211015,20211014,124.855,1.261,,,126.36312355,0
511010.SH,20211016,20211015,124.803,1.261,,,126.31049544,0
511010.SH,20211019,20211018,124.439,1.257,,,125.94209868,0
511010.SH,20211020,20211019,124.541,1.258,,,126.04533074,0
511010.SH,20211021,20211020,124.601,1.259,,,126.10605548,0
511010.SH,20211022,20211021,124.77,1.261,,,126.27709683,0
511010.SH,20211023,20211022,124.717,1.26,,,126.22345664,0
511010.SH,20211026,20211025,124.732,1.26,,,126.23863783,0
511010.SH,20211027,20211026,124.793,1.261,,,126.30037465,0
511010.SH,20211028,20211027,124.782,1.261,,,126.28924178,0
511010.SH,20211029,20211028,124.832,1.261,,,126.33984573,0
511010.SH,20211030,20211029,124.809,1.261,,,126.31656791,0
511010.SH,20211102,20211101,124.965,1.262,,,126.47445224,0
511010.SH,20211103,20211102,125.131,1.264,,,126.64245735,0
511010.SH,20211104,20211103,125.078,1.264,,,126.58881716,0
511010.SH,20211105,20211104,125.197,1.265,,,126.70925456,0
511010.SH,20211106,20211105,125.435,1.267,,,126.95012937,0
511010.SH,20211109,20211108,125.407,1.267,,,126.92179115,0
511010.SH,20211110,20211109,125.378,1.267,,,126.89244086,0
511010.SH,20211111,20211110,125.379,1.267,,,126.89345294,0
511010.SH,20211112,20211111,125.304,1.266,,,126.81754702,0
511010.SH,20211113,20211112,125.304,1.266,,,126.81754702,0
511010.SH,20211116,20211115,125.416,1.267,,,126.93089986,0
511010.SH,20211117,20211116,125.444,1.267,,,126.95923808,0
511010.SH,20211118,20211117,125.43,1.267,,,126.94506897,0
511010.SH,20211119,20211118,125.481,1.268,,,126.996685,0
511010.SH,20211120,20211119,125.391,1.267,,,126.90559789,0
511010.SH,20211123,20211122,125.509,1.268,,,127.02502321,0
511010.SH,20211124,20211123,125.502,1.268,,,127.01793866,0
511010.SH,20211125,20211124,125.671,1.27,,,127.18898001,0
511010.SH,20211126,20211125,125.69,1.27,,,127.20820951,0
511010.SH,20211127,20211126,125.854,1.271,,,127.37419047,0
511010.SH,20211130,20211129,125.83,1.271,,,127.34990057,0
511010.SH,20211201,20211130,125.806,1.271,,,127.32561067,0
511010.SH,20211202,20211201,125.721,1.27,,,127.23958396,0
511010.SH,20211203,20211202,125.589,1.269,,,127.10598953,0
511010.SH,20211204,20211203,125.529,1.268,,,127.04526479,0
511010.SH,20211207,20211206,125.835,1.271,,,127.35496097,0
511010.SH,20211208,20211207,125.698,1.27,,,127.21630614,0
511010.SH,20211209,20211208,125.646,1.269,,,127.16367803,0
511010.SH,20211210,20211209,125.694,1.27,,,127.21225783,0
511010.SH,20211211,20211210,125.763,1.27,,,127.28209128,0
511010.SH,20211214,20211213,125.792,1.271,,,127.31144157,0
511010.SH,20211215,20211214,125.903,1.272,,,127.42378234,0
511010.SH,20211216,20211215,125.923,1.272,,,127.44402392,0
511010.SH,20211217,20211216,125.888,1.272,,,127.40860115,0
511010.SH,20211218,20211217,125.914,1.272,,,127.43491521,0
511010.SH,20211221,20211220,125.841,1.271,,,127.36103344,0
511010.SH,20211222,20211221,125.842,1.271,,,127.36204552,0
511010.SH,20211223,20211222,125.982,1.273,,,127.50373658,0
511010.SH,20211224,20211223,126.151,1.274,,,127.67477793,0
511010.SH,20211225,20211224,126.108,1.274,,,127.63125853,0
511010.SH,20211228,20211227,126.195,1.275,,,127.71930941,0
511010.SH,20211229,20211228,126.243,1.275,,,127.7678892,0
511010.SH,20211230,20211229,126.411,1.277,,,127.93791847,0
511010.SH,20211231,20211230,126.543,1.278,,,128.0715129,0
511010.SH,20220124,20211231,126.501,1.278,,793958265.52,128.02900558,1
511010.SH,20220105,20220104,126.598,1.279,,,128.12717724,0
511010.SH,20220106,20220105,126.495,1.278,,,128.02293311,0
511010.SH,20220107,20220106,126.379,1.277,,,127.90553194,0
511010.SH,20220108,20220107,126.403,1.277,,,127.92982184,0
511010.SH,20220111,20220110,126.573,1.279,,,128.10187527,0
511010.SH,20220112,20220111,126.684,1.28,,,128.21421604,0
511010.SH,20220113,20220112,126.686,1.28,,,128.21624019,0
511010.SH,20220114,20220113,126.722,1.28,,,128.25267504,0
511010.SH,20220115,20220114,126.696,1.28,,,128.22636098,0
511010.SH,20220118,20220117,126.817,1.281,,,128.34882254,0
511010.SH,20220119,20220118,127.279,1.286,,,128.81640304,0
511010.SH,20220120,20220119,127.325,1.286,,,128.86295868,0
511010.SH,20220121,20220120,127.432,1.287,,,128.97125113,0
511010.SH,20220122,20220121,127.647,1.289,,,129.18884811,0
511010.SH,20220125,20220124,127.908,1.292,,,129.45300073,0
511010.SH,20220126,20220125,127.688,1.29,,,129.23034335,0
511010.SH,20220127,20220126,127.542,1.288,,,129.08257982,0
511010.SH,20220128,20220127,127.469,1.287,,,129.00869805,0
511010.SH,20220129,20220128,127.648,1.289,,,129.18986019,0
511010.SH,20220208,20220207,127.711,1.29,,,129.25362117,0
511010.SH,20220209,20220208,127.696,1.29,,,129.23843998,0
511010.SH,20220210,20220209,127.591,1.289,,,129.13217169,0
511010.SH,20220211,20220210,127.608,1.289,,,129.14937703,0
511010.SH,20220212,20220211,127.223,1.285,,,128.75972662,0
511010.SH,20220215,20220214,127.13,1.284,,,128.66560327,0
511010.SH,20220216,20220215,127.179,1.285,,,128.71519514,0
511010.SH,20220217,20220216,127.264,1.285,,,128.80122186,0
511010.SH,20220218,20220217,127.326,1.286,,,128.86397075,0
511010.SH,20220219,20220218,127.22,1.285,,,128.75669038,0
511010.SH,20220222,20220221,126.917,1.282,,,128.45003044,0
511010.SH,20220223,20220222,126.837,1.281,,,128.36906412,0
511010.SH,20220224,20220223,127.005,1.283,,,128.5390934,0
511010.SH,20220225,20220224,127.044,1.283,,,128.57856448,0
511010.SH,20220226,20220225,127.131,1.284,,,128.66661535,0
511010.SH,20220301,20220228,127.209,1.285,,,128.74555751,0
511010.SH,20220302,20220301,127.097,1.284,,,128.63220466,0
511010.SH,20220303,20220302,126.971,1.283,,,128.50468271,0
511010.SH,20220304,20220303,126.826,1.281,,,128.35793125,0
511010.SH,20220305,20220304,126.937,1.282,,,128.47027202,0
511010.SH,20220308,20220307,127.053,1.283,,,128.58767319,0
511010.SH,20220309,20220308,127.094,1.284,,,128.62916843,0
511010.SH,20220310,20220309,126.951,1.282,,,128.48444113,0
511010.SH,20220311,20220310,126.912,1.282,,,128.44497005,0
511010.SH,20220312,20220311,127.209,1.285,,,128.74555751,0
511010.SH,20220315,20220314,127.498,1.288,,,129.03804834,0
511010.SH,20220316,20220315,127.131,1.284,,,128.66661535,0
511010.SH,20220317,20220316,127.167,1.284,,,128.70305019,0
511010.SH,20220318,20220317,127.213,1.285,,,128.74960583,0
511010.SH,20220319,20220318,127.309,1.286,,,128.84676541,0
511010.SH,20220322,20220321,127.199,1.285,,,128.73543672,0
511010.SH,20220323,20220322,127.015,1.283,,,128.54921419,0
511010.SH,20220324,20220323,127.056,1.283,,,128.59070942,0
511010.SH,20220325,20220324,127.121,1.284,,,128.65649456,0
511010.SH,20220326,20220325,127.185,1.285,,,128.72126762,0
511010.SH,20220329,20220328,127.156,1.284,,,128.69191732,0
511010.SH,20220330,20220329,127.135,1.284,,,128.67066367,0
511010.SH,20220331,20220330,127.263,1.285,,,128.80020978,0
511010.SH,20220422,20220331,127.214,1.285,,742454688.72,128.75061791,1
511010.SH,20220402,20220401,127.366,1.286,,,128.90445391,0
511010.SH,20220407,20220406,127.531,1.288,,,129.07144695,0
511010.SH,20220408,20220407,127.631,1.289,,,129.17265485,0
511010.SH,20220409,20220408,127.562,1.288,,,129.1028214,0
511010.SH,20220412,20220411,127.403,1.287,,,128.94190084,0
511010.SH,20220413,20220412,127.371,1.287,,,128.90951431,0
511010.SH,20220414,20220413,127.477,1.288,,,129.01679468,0
511010.SH,20220415,20220414,127.542,1.288,,,129.08257982,0
511010.SH,20220416,20220415,127.671,1.29,,,129.21313801,0
511010.SH,20220419,20220418,127.394,1.287,,,128.93279213,0
511010.SH,20220420,20220419,127.364,1.286,,,128.90242976,0
511010.SH,20220421,20220420,127.286,1.286,,,128.82348759,0
511010.SH,20220422,20220421,127.336,1.286,,,128.87409154,0
511010.SH,20220423,20220422,127.244,1.285,,,128.78098028,0
511010.SH,20220426,20220425,127.412,1.287,,,128.95100955,0
511010.SH,20220427,20220426,127.344,1.286,,,128.88218818,0
511010.SH,20220428,20220427,127.279,1.286,,,128.81640304,0
511010.SH,20220429,20220428,127.201,1.285,,,128.73746088,0
511010.SH,20220430,20220429,127.315,1.286,,,128.85283789,0
511010.SH,20220506,20220505,127.392,1.287,,,128.93076797,0
511010.SH,20220507,20220506,127.382,1.287,,,128.92064718,0
511010.SH,20220510,20220509,127.472,1.288,,,129.01173429,0
511010.SH,20220511,20220510,127.615,1.289,,,129.15646159,0
511010.SH,20220512,20220511,127.553,1.288,,,129.09371269,0
511010.SH,20220513,20220512,127.657,1.289,,,129.1989689,0
511010.SH,20220514,20220513,127.637,1.289,,,129.17872732,0
511010.SH,20220517,20220516,127.671,1.29,,,129.21313801,0
511010.SH,20220518,20220517,127.755,1.29,,,129.29815265,0
511010.SH,20220519,20220518,127.854,1.291,,,129.39834847,0
511010.SH,20220520,20220519,127.822,1.291,,,129.36596194,0
511010.SH,20220521,20220520,127.815,1.291,,,129.35887739,0
511010.SH,20220524,20220523,127.912,1.292,,,129.45704905,0
511010.SH,20220525,20220524,127.911,1.292,,,129.45603697,0
511010.SH,20220526,20220525,127.937,1.292,,,129.48235102,0
511010.SH,20220527,20220526,128.175,1.295,,,129.72322583,0
511010.SH,20220528,20220527,128.198,1.295,,,129.74650364,0
511010.SH,20220531,20220530,128.084,1.294,,,129.63112664,0
511010.SH,20220601,20220531,127.915,1.292,,,129.46008529,0
511010.SH,20220602,20220601,127.906,1.292,,,129.45097657,0
511010.SH,20220603,20220602,127.864,1.291,,,129.40846926,0
511010.SH,20220607,20220606,127.765,1.29,,,129.30827344,0
511010.SH,20220608,20220607,127.812,1.291,,,129.35584115,0
511010.SH,20220609,20220608,127.821,1.291,,,129.36494986,0
511010.SH,20220610,20220609,127.869,1.291,,,129.41352965,0
511010.SH,20220611,20220610,127.892,1.292,,,129.43680747,0
511010.SH,20220614,20220613,127.835,1.291,,,129.37911897,0
511010.SH,20220615,20220614,127.819,1.291,,,129.3629257,0
511010.SH,20220616,20220615,127.764,1.29,,,129.30726136,0
511010.SH,20220617,20220616,127.855,1.291,,,129.39936055,0
511010.SH,20220618,20220617,127.868,1.291,,,129.41251757,0
511010.SH,20220621,20220620,127.809,1.291,,,129.35280491,0
511010.SH,20220622,20220621,127.825,1.291,,,129.36899818,0
511010.SH,20220623,20220622,127.867,1.291,,,129.41150549,0
511010.SH,20220624,20220623,127.868,1.291,,,129.41251757,0
511010.SH,20220625,20220624,127.81,1.291,,,129.35381699,0
511010.SH,20220628,20220627,127.67,1.29,,,129.21212593,0
511010.SH,20220629,20220628,127.611,1.289,,,129.15241327,0
511010.SH,20220630,20220629,127.676,1.29,,,129.2181984,0
511010.SH,20220721,20220630,127.742,1.29,,805578272.23,129.28499562,1
511010.SH,20220702,20220701,127.781,1.291,,,129.3244667,0
511010.SH,20220705,20220704,127.568,1.288,,,129.10889387,0
511010.SH,20220706,20220705,127.583,1.289,,,129.12407506,0
511010.SH,20220707,20220706,127.627,1.289,,,129.16860653,0
511010.SH,20220708,20220707,127.651,1.289,,,129.19289643,0
511010.SH,20220709,20220708,127.683,1.29,,,129.22528296,0
511010.SH,20220712,20220711,127.85,1.291,,,129.39430015,0
511010.SH,20220713,20220712,128.008,1.293,,,129.55420863,0
511010.SH,20220714,20220713,128.067,1.293,,,129.61392129,0
511010.SH,20220715,20220714,128.195,1.295,,,129.74346741,0
511010.SH,20220716,20220715,128.223,1.295,,,129.77180562,0
511010.SH,20220719,20220718,128.267,1.295,,,129.81633709,0
511010.SH,20220720,20220719,128.241,1.295,,,129.79002304,0
511010.SH,20220721,20220720,128.359,1.296,,,129.90944836,0
511010.SH,20220722,20220721,128.41,1.297,,,129.96106439,0
511010.SH,20220723,20220722,128.331,1.296,,,129.88111015,0
511010.SH,20220726,20220725,128.436,1.297,,,129.98737844,0
511010.SH,20220727,20220726,128.505,1.298,,,130.0572119,0
511010.SH,20220728,20220727,128.526,1.298,,,130.07846555,0
511010.SH,20220729,20220728,128.425,1.297,,,129.97624558,0
511010.SH,20220730,20220729,128.593,1.299,,,130.14627485,0
511010.SH,20220802,20220801,128.757,1.3,,,130.3122558,0
511010.SH,20220803,20220802,128.788,1.301,,,130.34363025,0
511010.SH,20220804,20220803,128.941,1.302,,,130.49847834,0
511010.SH,20220805,20220804,128.996,1.303,,,130.55414268,0
511010.SH,20220806,20220805,128.903,1.302,,,130.46001934,0
511010.SH,20220809,20220808,128.915,1.302,,,130.47216429,0
511010.SH,20220810,20220809,128.846,1.301,,,130.40233083,0
511010.SH,20220811,20220810,128.833,1.301,,,130.38917381,0
511010.SH,20220812,20220811,128.838,1.301,,,130.3942342,0
511010.SH,20220813,20220812,128.843,1.301,,,130.3992946,0
511010.SH,20220816,20220815,129.357,1.306,,,130.9195032,0
511010.SH,20220817,20220816,129.444,1.307,,,131.00755408,0
511010.SH,20220818,20220817,129.455,1.307,,,131.01868695,0
511010.SH,20220819,20220818,129.547,1.308,,,131.11179821,0
511010.SH,20220820,20220819,129.511,1.308,,,131.07536337,0
511010.SH,20220823,20220822,129.49,1.308,,,131.05410971,0
511010.SH,20220824,20220823,129.391,1.307,,,130.95391389,0
511010.SH,20220825,20220824,129.373,1.307,,,130.93569647,0
511010.SH,20220826,20220825,129.218,1.305,,,130.77882422,0
511010.SH,20220827,20220826,129.226,1.305,,,130.78692085,0
511010.SH,20220830,20220829,129.342,1.306,,,130.90432202,0
511010.SH,20220831,20220830,129.415,1.307,,,130.97820379,0
511010.SH,20220901,20220831,129.426,1.307,,,130.98933665,0
511010.SH,20220902,20220901,129.501,1.308,,,131.06524258,0
511010.SH,20220903,20220902,129.483,1.308,,,131.04702516,0
511010.SH,20220906,20220905,129.567,1.308,,,131.13203979,0
511010.SH,20220907,20220906,129.598,1.309,,,131.16341424,0
511010.SH,20220908,20220907,129.569,1.308,,,131.13406395,0
511010.SH,20220909,20220908,129.512,1.308,,,131.07637545,0
511010.SH,20220910,20220909,129.449,1.307,,,131.01261447,0
511010.SH,20220914,20220913,129.416,1.307,,,130.97921586,0
511010.SH,20220915,20220914,129.323,1.306,,,130.88509252,0
511010.SH,20220916,20220915,129.297,1.306,,,130.85877846,0
511010.SH,20220917,20220916,129.229,1.305,,,130.78995709,0
511010.SH,20220920,20220919,129.273,1.306,,,130.83448857,0
511010.SH,20220921,20220920,129.373,1.307,,,130.93569647,0
511010.SH,20220922,20220921,129.453,1.307,,,131.01666279,0
511010.SH,20220923,20220922,129.426,1.307,,,130.98933665,0
511010.SH,20220924,20220923,129.32,1.306,,,130.88205628,0
511010.SH,20220927,20220926,129.118,1.304,,,130.67761632,0
511010.SH,20220928,20220927,129.155,1.304,,,130.71506325,0
511010.SH,20220929,20220928,129.003,1.303,,,130.56122724,0
511010.SH,20220930,20220929,128.867,1.301,,,130.42358449,0
511010.SH,20221026,20220930,128.845,1.301,,739090330.5,130.40131876,1
511010.SH,20221011,20221010,129.177,1.305,,,130.73732898,0
511010.SH,20221012,20221011,129.17,1.305,,,130.73024443,0
511010.SH,20221013,20221012,129.227,1.305,,,130.78793293,0
511010.SH,20221014,20221013,129.28,1.306,,,130.84157312,0
511010.SH,20221015,20221014,129.397,1.307,,,130.95998636,0
511010.SH,20221018,20221017,129.407,1.307,,,130.97010715,0
511010.SH,20221019,20221018,129.432,1.307,,,130.99540913,0
511010.SH,20221020,20221019,129.438,1.307,,,131.0014816,0
511010.SH,20221021,20221020,129.401,1.307,,,130.96403468,0
511010.SH,20221022,20221021,129.36,1.306,,,130.92253944,0
511010.SH,20221025,20221024,129.434,1.307,,,130.99743329,0
511010.SH,20221026,20221025,129.349,1.306,,,130.91140657,0
511010.SH,20221027,20221026,129.444,1.307,,,131.00755408,0
511010.SH,20221028,20221027,129.555,1.308,,,131.11989485,0
511010.SH,20221029,20221028,129.691,1.31,,,131.25753759,0
511010.SH,20221101,20221031,129.741,1.31,,,131.30814154,0
511010.SH,20221102,20221101,129.675,1.31,,,131.24134433,0
511010.SH,20221103,20221102,129.591,1.309,,,131.15632969,0
511010.SH,20221104,20221103,129.594,1.309,,,131.15936593,0
511010.SH,20221105,20221104,129.482,1.308,,,131.04601308,0
511010.SH,20221108,20221107,129.497,1.308,,,131.06119426,0
511010.SH,20221109,20221108,129.509,1.308,,,131.07333921,0
511010.SH,20221110,20221109,129.478,1.308,,,131.04196476,0
511010.SH,20221111,20221110,129.457,1.307,,,131.0207111,0
511010.SH,20221112,20221111,129.277,1.306,,,130.83853688,0
511010.SH,20221115,20221114,128.665,1.299,,,130.21914454,0
511010.SH,20221116,20221115,128.671,1.3,,,130.22521701,0
511010.SH,20221117,20221116,128.526,1.298,,,130.07846555,0
511010.SH,20221118,20221117,128.748,1.3,,,130.30314709,0
511010.SH,20221119,20221118,128.741,1.3,,,130.29606254,0
511010.SH,20221122,20221121,128.852,1.301,,,130.40840331,0
511010.SH,20221123,20221122,128.876,1.302,,,130.4326932,0
511010.SH,20221124,20221123,129.072,1.304,,,130.63106069,0
511010.SH,20221125,20221124,129.149,1.304,,,130.70899077,0
511010.SH,20221126,20221125,128.926,1.302,,,130.48329715,0
511010.SH,20221129,20221128,128.756,1.3,,,130.31124372,0
511010.SH,20221130,20221129,128.476,1.298,,,130.0278616,0
511010.SH,20221201,20221130,128.523,1.298,,,130.07542932,0
511010.SH,20221202,20221201,128.642,1.299,,,130.19586672,0
511010.SH,20221203,20221202,128.709,1.3,,,130.26367601,0
511010.SH,20221206,20221205,128.651,1.299,,,130.20497543,0
511010.SH,20221207,20221206,128.459,1.297,,,130.01065626,0
511010.SH,20221208,20221207,128.511,1.298,,,130.06328437,0
511010.SH,20221209,20221208,128.599,1.299,,,130.15234732,0
511010.SH,20221210,20221209,128.49,1.298,,,130.04203071,0
511010.SH,20221213,20221212,128.456,1.297,,,130.00762002,0
511010.SH,20221214,20221213,128.362,1.296,,,129.9124846,0
511010.SH,20221215,20221214,128.635,1.299,,,130.18878217,0
511010.SH,20221216,20221215,128.631,1.299,,,130.18473385,0
511010.SH,20221217,20221216,128.642,1.299,,,130.19586672,0
511010.SH,20221220,20221219,128.84,1.301,,,130.39625836,0
511010.SH,20221221,20221220,128.817,1.301,,,130.37298054,0
511010.SH,20221222,20221221,128.817,1.301,,,130.37298054,0
511010.SH,20221223,20221222,128.897,1.302,,,130.45394686,0
511010.SH,20221224,20221223,129.053,1.303,,,130.61183119,0
511010.SH,20221227,20221226,128.994,1.303,,,130.55211853,0
511010.SH,20221228,20221227,128.856,1.301,,,130.41245162,0
511010.SH,20221229,20221228,128.88,1.302,,,130.43674152,0
511010.SH,20221230,20221229,129.103,1.304,,,130.66243514,0
511010.SH,20221231,20221230,129.089,1.304,,,130.64826603,0
511010.SH,20230120,20221231,129.128,1.304,,607714559.81,130.68773711,1
511010.SH,20230104,20230103,129.152,1.304,,,130.71202701,0
511010.SH,20230105,20230104,129.268,1.305,,,130.82942817,0
511010.SH,20230106,20230105,129.178,1.305,,,130.73834106,0
511010.SH,20230107,20230106,129.069,1.303,,,130.62802445,0
511010.SH,20230110,20230109,129.034,1.303,,,130.59260169,0
511010.SH,20230111,20230110,128.827,1.301,,,130.38310133,0
511010.SH,20230112,20230111,128.89,1.302,,,130.44686231,0
511010.SH,20230113,20230112,128.939,1.302,,,130.49645418,0
511010.SH,20230114,20230113,128.883,1.302,,,130.43977776,0
511010.SH,20230117,20230116,128.701,1.3,,,130.25557938,0
511010.SH,20230118,20230117,128.766,1.3,,,130.32136451,0
511010.SH,20230119,20230118,128.801,1.301,,,130.35678728,0
511010.SH,20230120,20230119,128.818,1.301,,,130.37399262,0
511010.SH,20230121,20230120,128.804,1.301,,,130.35982352,0
511010.SH,20230131,20230130,128.918,1.302,,,130.47520052,0
511010.SH,20230201,20230131,129.029,1.303,,,130.58754129,0
511010.SH,20230202,20230201,128.979,1.303,,,130.53693734,0
511010.SH,20230203,20230202,129.048,1.303,,,130.60677079,0
511010.SH,20230204,20230203,129.064,1.303,,,130.62296406,0
511010.SH,20230207,20230206,129.019,1.303,,,130.5774205,0
511010.SH,20230208,20230207,129.052,1.303,,,130.61081911,0
511010.SH,20230209,20230208,129.062,1.303,,,130.6209399,0
511010.SH,20230210,20230209,129.099,1.304,,,130.65838682,0
511010.SH,20230211,20230210,129.102,1.304,,,130.66142306,0
511010.SH,20230214,20230213,129.128,1.304,,,130.68773711,0
511010.SH,20230215,20230214,129.147,1.304,,,130.70696661,0
511010.SH,20230216,20230215,129.151,1.304,,,130.71101493,0
511010.SH,20230217,20230216,129.195,1.305,,,130.75554641,0
511010.SH,20230218,20230217,129.184,1.305,,,130.74441354,0
511010.SH,20230221,20230220,129.077,1.304,,,130.63612108,0
511010.SH,20230222,20230221,129.05,1.303,,,130.60879495,0
511010.SH,20230223,20230222,129.098,1.304,,,130.65737474,0
511010.SH,20230224,20230223,129.077,1.304,,,130.63612108,0
511010.SH,20230225,20230224,129.099,1.304,,,130.65838682,0
511010.SH,20230228,20230227,129.113,1.304,,,130.67255593,0
511010.SH,20230301,20230228,129.13,1.304,,,130.68976127,0
511010.SH,20230302,20230301,129.136,1.304,,,130.69583374,0
511010.SH,20230303,20230302,129.069,1.303,,,130.62802445,0
511010.SH,20230304,20230303,129.125,1.304,,,130.68470088,0
511010.SH,20230307,20230306,129.261,1.305,,,130.82234362,0
511010.SH,20230308,20230307,129.302,1.306,,,130.86383886,0
511010.SH,20230309,20230308,129.294,1.306,,,130.85574223,0
511010.SH,20230310,20230309,129.331,1.306,,,130.89318915,0
511010.SH,20230311,20230310,129.372,1.307,,,130.93468439,0
511010.SH,20230314,20230313,129.354,1.306,,,130.91646697,0
511010.SH,20230315,20230314,129.394,1.307,,,130.95695013,0
511010.SH,20230316,20230315,129.374,1.307,,,130.93670855,0
511010.SH,20230317,20230316,129.474,1.308,,,131.03791645,0
511010.SH,20230318,20230317,129.477,1.308,,,131.04095268,0
511010.SH,20230321,20230320,129.609,1.309,,,131.17454711,0
511010.SH,20230322,20230321,129.526,1.308,,,131.09054455,0
511010.SH,20230323,20230322,129.497,1.308,,,131.06119426,0
511010.SH,20230324,20230323,129.496,1.308,,,131.06018218,0
511010.SH,20230325,20230324,129.436,1.307,,,130.99945744,0
511010.SH,20230328,20230327,129.538,1.308,,,131.1026895,0
511010.SH,20230329,20230328,129.526,1.308,,,131.09054455,0
511010.SH,20230330,20230329,129.549,1.308,,,131.11382237,0
511010.SH,20230331,20230330,129.542,1.308,,,131.10673782,0
511010.SH,20230422,20230331,129.621,1.309,,501151399.3,131.18669206,1
511010.SH,20230404,20230403,129.585,1.309,,,131.15025722,0
511010.SH,20230405,20230404,129.6,1.309,,,131.1654384,0
511010.SH,20230407,20230406,129.606,1.309,,,131.17151087,0
511010.SH,20230408,20230407,129.675,1.31,,,131.24134433,0
511010.SH,20230411,20230410,129.695,1.31,,,131.26158591,0
511010.SH,20230412,20230411,129.773,1.311,,,131.34052807,0
511010.SH,20230413,20230412,129.826,1.311,,,131.39416825,0
511010.SH,20230414,20230413,129.796,1.311,,,131.36380588,0
511010.SH,20230415,20230414,129.793,1.311,,,131.36076965,0
511010.SH,20230418,20230417,129.757,1.31,,,131.3243348,0
511010.SH,20230419,20230418,129.805,1.311,,,131.3729146,0
511010.SH,20230420,20230419,129.824,1.311,,,131.3921441,0
511010.SH,20230421,20230420,129.84,1.311,,,131.40833736,0
511010.SH,20230422,20230421,129.872,1.312,,,131.44072389,0
511010.SH,20230425,20230424,129.922,1.312,,,131.49132784,0
511010.SH,20230426,20230425,129.938,1.312,,,131.5075211,0
511010.SH,20230427,20230426,130.018,1.313,,,131.58848742,0
511010.SH,20230428,20230427,130.171,1.315,,,131.74333551,0
511010.SH,20230429,20230428,130.212,1.315,,,131.78483075,0
511010.SH,20230505,20230504,130.339,1.316,,,131.91336478,0
511010.SH,20230506,20230505,130.514,1.318,,,132.09047861,0
511010.SH,20230509,20230508,130.445,1.317,,,132.02064516,0
511010.SH,20230510,20230509,130.496,1.318,,,132.07226118,0
511010.SH,20230511,20230510,130.665,1.319,,,132.24330254,0
511010.SH,20230512,20230511,130.824,1.321,,,132.4042231,0
511010.SH,20230513,20230512,130.851,1.321,,,132.43154923,0
511010.SH,20230516,20230515,130.791,1.321,,,132.37082449,0
511010.SH,20230517,20230516,130.789,1.321,,,132.36880033,0
511010.SH,20230518,20230517,130.727,1.32,,,132.30605143,0
511010.SH,20230519,20230518,130.736,1.32,,,132.31516014,0
511010.SH,20230520,20230519,130.856,1.321,,,132.43660962,0
511010.SH,20230523,20230522,131.049,1.323,,,132.63194087,0
511010.SH,20230524,20230523,131.181,1.325,,,132.7655353,0
511010.SH,20230525,20230524,131.154,1.324,,,132.73820917,0
511010.SH,20230526,20230525,131.165,1.324,,,132.74934204,0
511010.SH,20230527,20230526,131.051,1.323,,,132.63396503,0
511010.SH,20230530,20230529,131.156,1.324,,,132.74023332,0
511010.SH,20230531,20230530,131.181,1.325,,,132.7655353,0
511010.SH,20230601,20230531,131.316,1.326,,,132.90216596,0
511010.SH,20230602,20230601,131.445,1.327,,,133.03272416,0
511010.SH,20230603,20230602,131.322,1.326,,,132.90823844,0
511010.SH,20230606,20230605,131.346,1.326,,,132.93252833,0
511010.SH,20230607,20230606,131.443,1.327,,,133.0307,0
511010.SH,20230608,20230607,131.464,1.327,,,133.05195366,0
511010.SH,20230609,20230608,131.43,1.327,,,133.01754297,0
511010.SH,20230610,20230609,131.551,1.328,,,133.14000453,0
511010.SH,20230613,20230612,131.551,1.328,,,133.14000453,0
511010.SH,20230614,20230613,131.739,1.33,,,133.33027538,0
511010.SH,20230615,20230614,131.764,1.33,,,133.35557736,0
511010.SH,20230616,20230615,131.553,1.328,,,133.14202869,0
511010.SH,20230617,20230616,131.435,1.327,,,133.02260337,0
511010.SH,20230620,20230619,131.216,1.325,,,132.80095806,0
511010.SH,20230621,20230620,131.343,1.326,,,132.9294921,0
511010.SH,20230622,20230621,131.405,1.327,,,132.992241,0
511010.SH,20230627,20230626,131.468,1.327,,,133.05600197,0
511010.SH,20230628,20230627,131.428,1.327,,,133.01551881,0
511010.SH,20230629,20230628,131.506,1.328,,,133.09446097,0
511010.SH,20230630,20230629,131.556,1.328,,,133.14506492,0
511010.SH,20230721,20230630,131.773,1.331,,1293520180.07,133.36468607,1
511010.SH,20230704,20230703,131.746,1.33,,,133.33735993,0
511010.SH,20230705,20230704,131.733,1.33,,,133.32420291,0
511010.SH,20230706,20230705,131.774,1.331,,,133.36569815,0
511010.SH,20230707,20230706,131.796,1.331,,,133.38796388,0
511010.SH,20230708,20230707,131.829,1.331,,,133.42136249,0
511010.SH,20230711,20230710,131.814,1.331,,,133.40618131,0
511010.SH,20230712,20230711,131.861,1.331,,,133.45374902,0
511010.SH,20230713,20230712,131.846,1.331,,,133.43856783,0
511010.SH,20230714,20230713,131.799,1.331,,,133.39100012,0
511010.SH,20230715,20230714,131.804,1.331,,,133.39606052,0
511010.SH,20230718,20230717,131.904,1.332,,,133.49726842,0
511010.SH,20230719,20230718,131.977,1.333,,,133.57115018,0
511010.SH,20230720,20230719,131.979,1.333,,,133.57317434,0
511010.SH,20230721,20230720,132.004,1.333,,,133.59847632,0
511010.SH,20230722,20230721,132.079,1.334,,,133.67438224,0
511010.SH,20230725,20230724,132.123,1.334,,,133.71891372,0
511010.SH,20230726,20230725,131.739,1.33,,,133.33027538,0
511010.SH,20230727,20230726,131.873,1.332,,,133.46589397,0
511010.SH,20230728,20230727,131.969,1.332,,,133.56305355,0
511010.SH,20230729,20230728,131.872,1.332,,,133.46488189,0
511010.SH,20230801,20230731,131.814,1.331,,,133.40618131,0
511010.SH,20230802,20230801,131.836,1.331,,,133.42844704,0
511010.SH,20230803,20230802,131.882,1.332,,,133.47500268,0
511010.SH,20230804,20230803,132.028,1.333,,,133.62276621,0
511010.SH,20230805,20230804,132.029,1.333,,,133.62377829,0
511010.SH,20230808,20230807,132.05,1.333,,,133.64503195,0
511010.SH,20230809,20230808,132.076,1.334,,,133.671346,0
511010.SH,20230810,20230809,132.071,1.334,,,133.66628561,0
511010.SH,20230811,20230810,132.048,1.333,,,133.64300779,0
511010.SH,20230812,20230811,132.085,1.334,,,133.68045472,0
511010.SH,20230815,20230814,132.203,1.335,,,133.79988004,0
511010.SH,20230816,20230815,132.397,1.337,,,133.99622336,0
511010.SH,20230817,20230816,132.452,1.337,,,134.05188771,0
511010.SH,20230818,20230817,132.416,1.337,,,134.01545286,0
511010.SH,20230819,20230818,132.454,1.337,,,134.05391187,0
511010.SH,20230822,20230821,132.548,1.338,,,134.14904729,0
511010.SH,20230823,20230822,132.502,1.338,,,134.10249166,0
511010.SH,20230824,20230823,132.489,1.338,,,134.08933463,0
511010.SH,20230825,20230824,132.51,1.338,,,134.11058829,0
511010.SH,20230826,20230825,132.414,1.337,,,134.01342871,0
511010.SH,20230829,20230828,132.318,1.336,,,133.91626912,0
511010.SH,20230830,20230829,132.239,1.335,,,133.83631488,0
511010.SH,20230831,20230830,132.359,1.336,,,133.95776436,0
511010.SH,20230901,20230831,132.378,1.337,,,133.97699386,0
511010.SH,20230902,20230901,132.184,1.335,,,133.78065054,0
511010.SH,20230905,20230904,132.028,1.333,,,133.62276621,0
511010.SH,20230906,20230905,132.061,1.333,,,133.65616482,0
511010.SH,20230907,20230906,131.874,1.332,,,133.46690605,0
511010.SH,20230908,20230907,131.883,1.332,,,133.47601476,0
511010.SH,20230909,20230908,131.913,1.332,,,133.50637713,0
511010.SH,20230912,20230911,131.947,1.332,,,133.54078781,0
511010.SH,20230913,20230912,132.013,1.333,,,133.60758503,0
511010.SH,20230914,20230913,132.104,1.334,,,133.69968422,0
511010.SH,20230915,20230914,132.149,1.334,,,133.74522777,0
511010.SH,20230916,20230915,132.029,1.333,,,133.62377829,0
511010.SH,20230919,20230918,131.899,1.332,,,133.49220802,0
511010.SH,20230920,20230919,131.853,1.331,,,133.44565239,0
511010.SH,20230921,20230920,131.879,1.332,,,133.47196644,0
511010.SH,20230922,20230921,131.953,1.332,,,133.54686029,0
511010.SH,20230923,20230922,131.902,1.332,,,133.49524426,0
511010.SH,20230926,20230925,131.813,1.331,,,133.40516923,0
511010.SH,20230927,20230926,131.771,1.331,,,133.36266191,0
511010.SH,20230928,20230927,131.808,1.331,,,133.40010883,0
511010.SH,20230929,20230928,131.958,1.332,,,133.55192068,0
511010.SH,20231025,20230930,131.975,1.333,,1712542068.38,133.56912603,1
511010.SH,20231010,20231009,132.033,1.333,,,133.62782661,0
511010.SH,20231011,20231010,131.919,1.332,,,133.5124496,0
511010.SH,20231012,20231011,131.72,1.33,,,133.31104588,0
511010.SH,20231013,20231012,131.77,1.331,,,133.36164983,0
511010.SH,20231014,20231013,131.901,1.332,,,133.49423218,0
511010.SH,20231017,20231016,131.903,1.332,,,133.49625634,0
511010.SH,20231018,20231017,131.819,1.331,,,133.4112417,0
511010.SH,20231019,20231018,131.735,1.33,,,133.32622707,0
511010.SH,20231020,20231019,131.595,1.329,,,133.18453601,0
511010.SH,20231021,20231020,131.71,1.33,,,133.30092509,0
511010.SH,20231024,20231023,131.81,1.331,,,133.40213299,0
511010.SH,20231025,20231024,131.782,1.331,,,133.37379478,0
511010.SH,20231026,20231025,131.984,1.333,,,133.57823474,0
511010.SH,20231027,20231026,131.974,1.333,,,133.56811395,0
511010.SH,20231028,20231027,131.988,1.333,,,133.58228305,0
511010.SH,20231031,20231030,132.044,1.333,,,133.63895948,0
511010.SH,20231101,20231031,132.155,1.334,,,133.75130025,0
511010.SH,20231102,20231101,132.151,1.334,,,133.74725193,0
511010.SH,20231103,20231102,132.28,1.336,,,133.87781012,0
511010.SH,20231104,20231103,132.252,1.335,,,133.84947191,0
511010.SH,20231107,20231106,132.276,1.336,,,133.8737618,0
511010.SH,20231108,20231107,132.219,1.335,,,133.8160733,0
511010.SH,20231109,20231108,132.297,1.336,,,133.89501546,0
511010.SH,20231110,20231109,132.282,1.336,,,133.87983428,0
511010.SH,20231111,20231110,132.352,1.336,,,133.95067981,0
511010.SH,20231114,20231113,132.409,1.337,,,134.00836831,0
511010.SH,20231115,20231114,132.368,1.336,,,133.96687307,0
511010.SH,20231116,20231115,132.39,1.337,,,133.98913881,0
511010.SH,20231117,20231116,132.42,1.337,,,134.01950118,0
511010.SH,20231118,20231117,132.426,1.337,,,134.02557365,0
511010.SH,20231121,20231120,132.382,1.337,,,133.98104218,0
511010.SH,20231122,20231121,132.311,1.336,,,133.90918457,0
511010.SH,20231123,20231122,132.2,1.335,,,133.7968438,0
511010.SH,20231124,20231123,132.086,1.334,,,133.68146679,0
511010.SH,20231125,20231124,132.055,1.333,,,133.65009235,0
511010.SH,20231128,20231127,131.983,1.333,,,133.57722266,0
511010.SH,20231129,20231128,132.11,1.334,,,133.70575669,0
511010.SH,20231130,20231129,132.114,1.334,,,133.70980501,0
511010.SH,20231201,20231130,132.184,1.335,,,133.78065054,0
511010.SH,20231202,20231201,132.21,1.335,,,133.80696459,0
511010.SH,20231205,20231204,132.149,1.334,,,133.74522777,0
511010.SH,20231206,20231205,132.156,1.334,,,133.75231232,0
511010.SH,20231207,20231206,132.118,1.334,,,133.71385332,0
511010.SH,20231208,20231207,132.249,1.335,,,133.84643567,0
511010.SH,20231209,20231208,132.278,1.336,,,133.87578596,0
511010.SH,20231212,20231211,132.406,1.337,,,134.00533207,0
511010.SH,20231213,20231212,132.429,1.337,,,134.02860989,0
511010.SH,20231214,20231213,132.562,1.338,,,134.1632164,0
511010.SH,20231215,20231214,132.588,1.339,,,134.18953045,0
511010.SH,20231216,20231215,132.725,1.34,,,134.32818528,0
511010.SH,20231219,20231218,132.778,1.341,,,134.38182546,0
511010.SH,20231220,20231219,132.724,1.34,,,134.3271732,0
511010.SH,20231221,20231220,132.691,1.34,,,134.29377459,0
511010.SH,20231222,20231221,132.843,1.341,,,134.4476106,0
511010.SH,20231223,20231222,132.991,1.343,,,134.59739829,0
511010.SH,20231226,20231225,133.156,1.344,,,134.76439132,0
511010.SH,20231227,20231226,133.229,1.345,,,134.83827309,0
511010.SH,20231228,20231227,133.372,1.347,,,134.98300039,0
511010.SH,20231229,20231228,133.288,1.346,,,134.89798575,0
511010.SH,20231230,20231229,133.361,1.346,,,134.97186752,0
511010.SH,20240122,20231231,133.367,1.346,,1441198294.12,134.97793999,1
511010.SH,20240103,20240102,133.264,1.345,,,134.87369586,0
511010.SH,20240104,20240103,133.252,1.345,,,134.86155091,0
511010.SH,20240105,20240104,133.287,1.346,,,134.89697367,0
511010.SH,20240106,20240105,133.423,1.347,,,135.03461642,0
511010.SH,20240109,20240108,133.384,1.347,,,134.99514534,0
511010.SH,20240110,20240109,133.468,1.347,,,135.08015997,0
511010.SH,20240111,20240110,133.404,1.347,,,135.01538692,0
511010.SH,20240112,20240111,133.453,1.347,,,135.06497879,0
511010.SH,20240113,20240112,133.385,1.347,,,134.99615742,0
511010.SH,20240116,20240115,133.366,1.346,,,134.97692791,0
511010.SH,20240117,20240116,133.302,1.346,,,134.91215486,0
511010.SH,20240118,20240117,133.413,1.347,,,135.02449563,0
511010.SH,20240119,20240118,133.433,1.347,,,135.04473721,0
511010.SH,20240120,20240119,133.52,1.348,,,135.13278808,0
511010.SH,20240123,20240122,133.609,1.349,,,135.22286311,0
511010.SH,20240124,20240123,133.542,1.348,,,135.15505382,0
511010.SH,20240125,20240124,133.621,1.349,,,135.23500806,0
511010.SH,20240126,20240125,133.829,1.351,,,135.44552049,0
511010.SH,20240127,20240126,133.805,1.351,,,135.4212306,0
511010.SH,20240130,20240129,133.932,1.352,,,135.54976463,0
511010.SH,20240131,20240130,134.154,1.354,,,135.77444617,0
511010.SH,20240201,20240131,134.128,1.354,,,135.74813211,0
511010.SH,20240202,20240201,134.084,1.354,,,135.70360064,0
511010.SH,20240203,20240202,134.164,1.354,,,135.78456696,0
511010.SH,20240206,20240205,134.182,1.355,,,135.80278438,0
511010.SH,20240207,20240206,133.955,1.352,,,135.57304245,0
511010.SH,20240208,20240207,134.137,1.354,,,135.75724082,0
511010.SH,20240209,20240208,134.078,1.354,,,135.69752816,0
511010.SH,20240220,20240219,134.124,1.354,,,135.7440838,0
511010.SH,20240221,20240220,134.279,1.356,,,135.90095604,0
511010.SH,20240222,20240221,134.291,1.356,,,135.91310099,0
511010.SH,20240223,20240222,134.454,1.357,,,136.07806987,0
511010.SH,20240224,20240223,134.464,1.357,,,136.08819066,0
511010.SH,20240227,20240226,134.582,1.359,,,136.20761598,0
511010.SH,20240228,20240227,134.483,1.358,,,136.10742016,0
511010.SH,20240229,20240228,134.608,1.359,,,136.23393003,0
511010.SH,20240301,20240229,134.648,1.359,,,136.27441319,0
511010.SH,20240302,20240301,134.408,1.357,,,136.03151423,0
511010.SH,20240305,20240304,134.512,1.358,,,136.13677045,0
511010.SH,20240306,20240305,134.617,1.359,,,136.24303874,0
511010.SH,20240307,20240306,134.937,1.362,,,136.56690402,0
511010.SH,20240308,20240307,134.797,1.361,,,136.42521296,0
511010.SH,20240309,20240308,134.744,1.36,,,136.37157278,0
511010.SH,20240312,20240311,134.646,1.359,,,136.27238903,0
511010.SH,20240313,20240312,134.454,1.357,,,136.07806987,0
511010.SH,20240314,20240313,134.536,1.358,,,136.16106034,0
511010.SH,20240315,20240314,134.515,1.358,,,136.13980669,0
511010.SH,20240316,20240315,134.585,1.359,,,136.21065222,0
511010.SH,20240319,20240318,134.76,1.36,,,136.38776604,0
511010.SH,20240320,20240319,134.812,1.361,,,136.44039415,0
511010.SH,20240321,20240320,134.706,1.36,,,136.33311377,0
511010.SH,20240322,20240321,134.835,1.361,,,136.46367197,0
511010.SH,20240323,20240322,134.781,1.361,,,136.4090197,0
511010.SH,20240326,20240325,134.73,1.36,,,136.35740367,0
511010.SH,20240327,20240326,134.738,1.36,,,136.3655003,0
511010.SH,20240328,20240327,134.931,1.362,,,136.56083155,0
511010.SH,20240329,20240328,134.883,1.362,,,136.51225176,0
511010.SH,20240330,20240329,135.0,1.363,,,136.630665,0
511010.SH,20240420,20240331,135.015,1.363,,1693937724.3,136.64584619,0
511010.SH,20240402,20240401,134.897,1.362,,,136.52642086,0
511010.SH,20240403,20240402,135.006,1.363,,,136.63673747,0
511010.SH,20240404,20240403,135.088,1.364,,,136.71972795,0
511010.SH,20240409,20240408,135.244,1.365,,,136.87761228,0
511010.SH,20240410,20240409,135.332,1.366,,,136.96667523,0
511010.SH,20240411,20240410,135.327,1.366,,,136.96161483,0
511010.SH,20240412,20240411,135.431,1.367,,,137.06687105,0
511010.SH,20240413,20240412,135.581,1.369,,,137.2186829,0
511010.SH,20240416,20240415,135.528,1.368,,,137.16504271,0
511010.SH,20240417,20240416,135.528,1.368,,,137.16504271,0
511010.SH,20240418,20240417,135.579,1.369,,,137.21665874,0
511010.SH,20240419,20240418,135.726,1.37,,,137.36543435,0
511010.SH,20240420,20240419,135.734,1.37,,,137.37353099,0
511010.SH,20240423,20240422,135.802,1.371,,,137.44235236,0
511010.SH,20240424,20240423,135.91,1.372,,,137.55165689,0
511010.SH,20240425,20240424,135.683,1.37,,,137.32191496,0
511010.SH,20240426,20240425,135.834,1.371,,,137.47473889,0
511010.SH,20240427,20240426,135.51,1.368,,,137.14682529,0
511010.SH,20240430,20240429,135.194,1.365,,,136.82700833,0
511010.SH,20240501,20240430,135.507,1.368,,,137.14378905,0
511010.SH,20240507,20240506,135.625,1.369,,,137.26321438,0
511010.SH,20240508,20240507,135.753,1.37,,,137.39276049,0
511010.SH,20240509,20240508,135.696,1.37,,,137.33507198,0
511010.SH,20240510,20240509,135.58,1.369,,,137.21767082,0
511010.SH,20240511,20240510,135.605,1.369,,,137.2429728,0
511010.SH,20240514,20240513,135.781,1.371,,,137.4210987,0
511010.SH,20240515,20240514,135.806,1.371,,,137.44640067,0
511010.SH,20240516,20240515,135.769,1.37,,,137.40895375,0
511010.SH,20240517,20240516,135.71,1.37,,,137.34924109,0
511010.SH,20240518,20240517,135.794,1.371,,,137.43425573,0
511010.SH,20240521,20240520,135.805,1.371,,,137.4453886,0
511010.SH,20240522,20240521,135.795,1.371,,,137.43526781,0
511010.SH,20240523,20240522,135.847,1.371,,,137.48789591,0
511010.SH,20240524,20240523,135.909,1.372,,,137.55064481,0
511010.SH,20240525,20240524,135.879,1.372,,,137.52028244,0
511010.SH,20240528,20240527,135.9,1.372,,,137.5415361,0
511010.SH,20240529,20240528,135.974,1.373,,,137.61642995,0
511010.SH,20240530,20240529,136.009,1.373,,,137.65185271,0
511010.SH,20240531,20240530,136.018,1.373,,,137.66096142,0
511010.SH,20240601,20240531,136.03,1.373,,,137.67310637,0
511010.SH,20240604,20240603,136.131,1.374,,,137.77532635,0
511010.SH,20240605,20240604,136.136,1.374,,,137.78038674,0
511010.SH,20240606,20240605,136.248,1.375,,,137.89373959,0
511010.SH,20240607,20240606,136.247,1.375,,,137.89272751,0
511010.SH,20240608,20240607,136.254,1.375,,,137.89981207,0
511010.SH,20240612,20240611,136.305,1.376,,,137.9514281,0
511010.SH,20240613,20240612,136.274,1.376,,,137.92005365,0
511010.SH,20240614,20240613,136.268,1.375,,,137.91398117,0
511010.SH,20240615,20240614,136.311,1.376,,,137.95750057,0
511010.SH,20240618,20240617,136.28,1.376,,,137.92612612,0
511010.SH,20240619,20240618,136.345,1.376,,,137.99191126,0
511010.SH,20240620,20240619,136.517,1.378,,,138.16598884,0
511010.SH,20240621,20240620,136.493,1.378,,,138.14169895,0
511010.SH,20240622,20240621,136.443,1.377,,,138.091095,0
511010.SH,20240625,20240624,136.542,1.378,,,138.19129082,0
511010.SH,20240626,20240625,136.636,1.379,,,138.28642624,0
511010.SH,20240627,20240626,136.72,1.38,,,138.37144088,0
511010.SH,20240628,20240627,136.86,1.381,,,138.51313194,0
511010.SH,20240629,20240628,136.855,1.381,,,138.50807155,0
511010.SH,20240719,20240630,136.871,1.382,,1908840042.03,138.52426481,1
511010.SH,20240702,20240701,136.665,1.379,,,138.31577654,0
511010.SH,20240703,20240702,136.857,1.381,,,138.5100957,0
511010.SH,20240704,20240703,136.973,1.383,,,138.62749687,0
511010.SH,20240705,20240704,136.934,1.382,,,138.58802579,0
511010.SH,20240706,20240705,136.804,1.381,,,138.45645552,0
511010.SH,20240709,20240708,136.619,1.379,,,138.2692209,0
511010.SH,20240710,20240709,136.777,1.381,,,138.42912938,0
511010.SH,20240711,20240710,136.767,1.38,,,138.41900859,0
511010.SH,20240712,20240711,136.818,1.381,,,138.47062462,0
511010.SH,20240713,20240712,136.881,1.382,,,138.5343856,0
511010.SH,20240716,20240715,136.969,1.382,,,138.62344855,0
511010.SH,20240717,20240716,136.983,1.383,,,138.63761766,0
511010.SH,20240718,20240717,137.017,1.383,,,138.67202834,0
511010.SH,20240719,20240718,136.997,1.383,,,138.65178676,0
511010.SH,20240720,20240719,137.078,1.384,,,138.73376516,0
511010.SH,20240723,20240722,137.363,1.386,,,139.02220768,0
511010.SH,20240724,20240723,137.499,1.388,,,139.15985042,0
511010.SH,20240725,20240724,137.474,1.388,,,139.13454845,0
511010.SH,20240726,20240725,137.478,1.388,,,139.13859676,0
511010.SH,20240727,20240726,137.492,1.388,,,139.15276587,0
511010.SH,20240730,20240729,137.555,1.388,,,139.21652685,0
511010.SH,20240731,20240730,137.629,1.389,,,139.29142069,0
511010.SH,20240801,20240731,137.784,1.391,,,139.44829294,0
511010.SH,20240802,20240801,137.913,1.392,,,139.57885113,0
511010.SH,20240803,20240802,137.963,1.392,,,139.62945508,0
511010.SH,20240806,20240805,137.993,1.393,,,139.65981745,0
511010.SH,20240807,20240806,137.967,1.392,,,139.63350339,0
511010.SH,20240808,20240807,138.069,1.393,,,139.73673545,0
511010.SH,20240809,20240808,137.856,1.391,,,139.52116262,0
511010.SH,20240810,20240809,137.683,1.39,,,139.34607296,0
511010.SH,20240813,20240812,137.313,1.386,,,138.97160373,0
511010.SH,20240814,20240813,137.543,1.388,,,139.2043819,0
511010.SH,20240815,20240814,137.652,1.389,,,139.31469851,0
511010.SH,20240816,20240815,137.534,1.388,,,139.19527319,0
511010.SH,20240817,20240816,137.584,1.389,,,139.24587714,0
511010.SH,20240820,20240819,137.643,1.389,,,139.3055898,0
511010.SH,20240821,20240820,137.651,1.389,,,139.31368643,0
511010.SH,20240822,20240821,137.686,1.39,,,139.34910919,0
511010.SH,20240823,20240822,137.754,1.39,,,139.41793057,0
511010.SH,20240824,20240823,137.89,1.392,,,139.55557331,0
511010.SH,20240827,20240826,137.924,1.392,,,139.589984,0
511010.SH,20240828,20240827,137.805,1.391,,,139.4695466,0
511010.SH,20240829,20240828,137.897,1.392,,,139.56265786,0
511010.SH,20240830,20240829,137.848,1.391,,,139.51306599,0
511010.SH,20240831,20240830,137.915,1.392,,,139.58087529,0
511010.SH,20240903,20240902,138.199,1.395,,,139.86830572,0
511010.SH,20240904,20240903,138.354,1.396,,,140.02517797,0
511010.SH,20240905,20240904,138.421,1.397,,,140.09298726,0
511010.SH,20240906,20240905,138.459,1.397,,,140.13144626,0
511010.SH,20240907,20240906,138.47,1.398,,,140.14257913,0
511010.SH,20240910,20240909,138.551,1.398,,,140.22455753,0
511010.SH,20240911,20240910,138.687,1.4,,,140.36220027,0
511010.SH,20240912,20240911,138.856,1.401,,,140.53324162,0
511010.SH,20240913,20240912,138.839,1.401,,,140.51603628,0
511010.SH,20240914,20240913,138.852,1.401,,,140.52919331,0
511010.SH,20240919,20240918,138.885,1.402,,,140.56259192,0
511010.SH,20240920,20240919,138.777,1.401,,,140.45328738,0
511010.SH,20240921,20240920,138.844,1.401,,,140.52109668,0
511010.SH,20240924,20240923,138.835,1.401,,,140.51198797,0
511010.SH,20240925,20240924,138.737,1.4,,,140.41280422,0
511010.SH,20240926,20240925,139.027,1.403,,,140.70630713,0
511010.SH,20240927,20240926,138.882,1.402,,,140.55955568,0
511010.SH,20240928,20240927,138.361,1.396,,,140.03226252,0
511010.SH,20241025,20240930,138.256,1.395,,1922633720.35,139.92599422,1
511010.SH,20241009,20241008,137.95,1.392,,,139.61629805,0
511010.SH,20241010,20241009,138.015,1.393,,,139.68208319,0
511010.SH,20241011,20241010,138.341,1.396,,,140.01202094,0
511010.SH,20241012,20241011,138.452,1.397,,,140.12436171,0
511010.SH,20241015,20241014,138.458,1.397,,,140.13043418,0
511010.SH,20241016,20241015,138.527,1.398,,,140.20026763,0
511010.SH,20241017,20241016,138.459,1.397,,,140.13144626,0
511010.SH,20241018,20241017,138.684,1.4,,,140.35916404,0
511010.SH,20241019,20241018,138.562,1.398,,,140.2356904,0
511010.SH,20241022,20241021,138.528,1.398,,,140.20127971,0
511010.SH,20241023,20241022,138.323,1.396,,,139.99380352,0
511010.SH,20241024,20241023,138.229,1.395,,,139.89866809,0
511010.SH,20241025,20241024,138.212,1.395,,,139.88146275,0
511010.SH,20241026,20241025,138.3,1.396,,,139.9705257,0
511010.SH,20241029,20241028,138.342,1.396,,,140.01303302,0
511010.SH,20241030,20241029,138.411,1.397,,,140.08286647,0
511010.SH,20241031,20241030,138.42,1.397,,,140.09197518,0
511010.SH,20241101,20241031,138.559,1.398,,,140.23265416,0
511010.SH,20241102,20241101,138.689,1.4,,,140.36422443,0
511010.SH,20241105,20241104,138.672,1.4,,,140.34701909,0
511010.SH,20241106,20241105,138.738,1.4,,,140.4138163,0
511010.SH,20241107,20241106,138.715,1.4,,,140.39053849,0
511010.SH,20241108,20241107,138.861,1.401,,,140.53830202,0
511010.SH,20241109,20241108,138.925,1.402,,,140.60307508,0
511010.SH,20241112,20241111,138.978,1.403,,,140.65671526,0
511010.SH,20241113,20241112,139.144,1.404,,,140.82472038,0
511010.SH,20241114,20241113,139.079,1.404,,,140.75893524,0
511010.SH,20241115,20241114,139.163,1.404,,,140.84394988,0
511010.SH,20241116,20241115,139.167,1.404,,,140.84799819,0
511010.SH,20241119,20241118,139.128,1.404,,,140.80852711,0
511010.SH,20241120,20241119,139.244,1.405,,,140.92592828,0
511010.SH,20241121,20241120,139.254,1.405,,,140.93604907,0
511010.SH,20241122,20241121,139.357,1.406,,,141.0402932,0
511010.SH,20241123,20241122,139.326,1.406,,,141.00891875,0
511010.SH,20241126,20241125,139.426,1.407,,,141.11012665,0
511010.SH,20241127,20241126,139.385,1.407,,,141.06863142,0
511010.SH,20241128,20241127,139.387,1.407,,,141.07065557,0
511010.SH,20241129,20241128,139.487,1.408,,,141.17186347,0
511010.SH,20241130,20241129,139.6,1.409,,,141.2862284,0
511010.SH,20241203,20241202,139.911,1.412,,,141.60098497,0
511010.SH,20241204,20241203,139.827,1.411,,,141.51597033,0
511010.SH,20241205,20241204,139.963,1.412,,,141.65361308,0
511010.SH,20241206,20241205,139.952,1.412,,,141.64248021,0
511010.SH,20241207,20241206,139.934,1.412,,,141.62426279,0
511010.SH,20241210,20241209,140.084,1.414,,,141.77607464,0
511010.SH,20241211,20241210,140.413,1.417,,,142.10904863,0
511010.SH,20241212,20241211,140.446,1.417,,,142.14244723,0
511010.SH,20241213,20241212,140.696,1.42,,,142.39546698,0
511010.SH,20241214,20241213,140.993,1.423,,,142.69605445,0
511010.SH,20241217,20241216,141.102,1.424,,,142.80637106,0
511010.SH,20241218,20241217,141.01,1.423,,,142.71325979,0
511010.SH,20241219,20241218,140.982,1.423,,,142.68492158,0
511010.SH,20241220,20241219,141.171,1.425,,,142.87620451,0
511010.SH,20241221,20241220,141.426,1.427,,,143.13428465,0
511010.SH,20241224,20241223,141.326,1.426,,,143.03307675,0
511010.SH,20241225,20241224,141.212,1.425,,,142.91769975,0
511010.SH,20241226,20241225,141.044,1.423,,,142.74767048,0
511010.SH,20241227,20241226,141.086,1.424,,,142.79017779,0
511010.SH,20241228,20241227,141.29,1.426,,,142.99664191,0
511010.SH,20241231,20241230,141.151,1.424,,,142.85596293,0
511010.SH,20250122,20241231,141.299,1.426,,2179711477.42,143.00575062,1
511010.SH,20250103,20250102,141.417,1.427,,,143.12517594,0
511010.SH,20250104,20250103,141.78,1.431,,,143.49256062,0
511010.SH,20250107,20250106,141.73,1.43,,,143.44195667,0
511010.SH,20250108,20250107,141.517,1.428,,,143.22638384,0
511010.SH,20250109,20250108,141.48,1.428,,,143.18893692,0
511010.SH,20250110,20250109,141.165,1.424,,,142.87013204,0
511010.SH,20250111,20250110,141.217,1.425,,,142.92276014,0
511010.SH,20250114,20250113,140.964,1.422,,,142.66670416,0
511010.SH,20250115,20250114,141.279,1.426,,,142.98550904,0
511010.SH,20250116,20250115,141.267,1.425,,,142.97336409,0
511010.SH,20250117,20250116,141.221,1.425,,,142.92680846,0
511010.SH,20250118,20250117,141.198,1.425,,,142.90353064,0
511010.SH,20250121,20250120,141.152,1.424,,,142.85697501,0
511010.SH,20250122,20250121,141.315,1.426,,,143.02194389,0
511010.SH,20250123,20250122,141.238,1.425,,,142.9440138,0
511010.SH,20250124,20250123,141.118,1.424,,,142.82256432,0
511010.SH,20250125,20250124,141.066,1.423,,,142.76993621,0
511010.SH,20250128,20250127,141.423,1.427,,,143.13124842,0
511010.SH,20250206,20250205,141.481,1.428,,,143.189949,0
511010.SH,20250207,20250206,141.648,1.429,,,143.35896619,0
511010.SH,20250208,20250207,141.526,1.428,,,143.23549255,0
511010.SH,20250211,20250210,141.216,1.425,,,142.92174806,0
511010.SH,20250212,20250211,141.285,1.426,,,142.99158152,0
511010.SH,20250213,20250212,141.21,1.425,,,142.91567559,0
511010.SH,20250214,20250213,141.165,1.424,,,142.87013204,0
511010.SH,20250215,20250214,140.923,1.422,,,142.62520892,0
511010.SH,20250218,20250217,140.787,1.421,,,142.48756617,0
511010.SH,20250219,20250218,140.668,1.419,,,142.36712877,0
511010.SH,20250220,20250219,140.814,1.421,,,142.51489231,0
511010.SH,20250221,20250220,140.559,1.418,,,142.25681216,0
511010.SH,20250222,20250221,140.327,1.416,,,142.02200983,0
511010.SH,20250225,20250224,140.122,1.414,,,141.81453364,0
511010.SH,20250226,20250225,140.246,1.415,,,141.94003143,0
511010.SH,20250227,20250226,140.319,1.416,,,142.0139132,0
511010.SH,20250228,20250227,140.146,1.414,,,141.83882353,0
511010.SH,20250301,20250228,140.319,1.416,,,142.0139132,0
511010.SH,20250304,20250303,140.587,1.419,,,142.28515037,0
511010.SH,20250305,20250304,140.509,1.418,,,142.20620821,0
511010.SH,20250306,20250305,140.556,1.418,,,142.25377592,0
511010.SH,20250307,20250306,140.301,1.416,,,141.99569578,0
511010.SH,20250308,20250307,139.932,1.412,,,141.62223863,0
511010.SH,20250311,20250310,139.946,1.412,,,141.63640773,0
511010.SH,20250312,20250311,139.576,1.409,,,141.2619385,0
511010.SH,20250313,20250312,139.994,1.413,,,141.68498753,0
511010.SH,20250314,20250313,139.921,1.412,,,141.61110576,0
511010.SH,20250315,20250314,140.053,1.413,,,141.74470019,0
511010.SH,20250318,20250317,139.685,1.41,,,141.37225512,0
511010.SH,20250319,20250318,139.801,1.411,,,141.48965628,0
511010.SH,20250320,20250319,139.801,1.411,,,141.48965628,0
511010.SH,20250321,20250320,140.003,1.413,,,141.69409624,0
511010.SH,20250322,20250321,139.87,1.412,,,141.55948973,0
511010.SH,20250325,20250324,139.923,1.412,,,141.61312992,0
511010.SH,20250326,20250325,140.015,1.413,,,141.70624119,0
511010.SH,20250327,20250326,140.18,1.415,,,141.87323422,0
511010.SH,20250328,20250327,140.178,1.415,,,141.87121006,0
511010.SH,20250329,20250328,140.232,1.415,,,141.92586233,0
511010.SH,20250422,20250331,140.214,1.415,,2653733161.54,141.90764491,1
511010.SH,20250402,20250401,140.135,1.414,,,141.82769067,0
511010.SH,20250403,20250402,140.326,1.416,,,142.02099775,0
511010.SH,20250404,20250403,140.812,1.421,,,142.51286815,0
511010.SH,20250408,20250407,141.237,1.425,,,142.94300172,0
511010.SH,20250409,20250408,140.99,1.423,,,142.69301821,0
511010.SH,20250410,20250409,141.179,1.425,,,142.88430114,0
511010.SH,20250411,20250410,141.353,1.426,,,143.06040289,0
511010.SH,20250412,20250411,141.344,1.426,,,143.05129418,0
511010.SH,20250415,20250414,141.247,1.425,,,142.95312251,0
511010.SH,20250416,20250415,141.245,1.425,,,142.95109836,0
511010.SH,20250417,20250416,141.362,1.426,,,143.0695116,0
511010.SH,20250418,20250417,141.255,1.425,,,142.96121915,0
511010.SH,20250419,20250418,141.247,1.425,,,142.95312251,0
511010.SH,20250422,20250421,141.098,1.424,,,142.80232274,0
511010.SH,20250423,20250422,141.179,1.425,,,142.88430114,0
511010.SH,20250424,20250423,141.07,1.424,,,142.77398453,0
511010.SH,20250425,20250424,140.989,1.423,,,142.69200613,0
511010.SH,20250426,20250425,141.005,1.423,,,142.7081994,0
511010.SH,20250429,20250428,141.032,1.423,,,142.73552553,0
511010.SH,20250430,20250429,141.161,1.424,,,142.86608372,0
511010.SH,20250501,20250430,141.276,1.426,,,142.9824728,0
511010.SH,20250507,20250506,141.256,1.425,,,142.96223122,0
511010.SH,20250508,20250507,141.25,1.425,,,142.95615875,0
511010.SH,20250509,20250508,141.455,1.427,,,143.16363495,0
511010.SH,20250510,20250509,141.404,1.427,,,143.11201892,0
511010.SH,20250513,20250512,141.211,1.425,,,142.91668767,0
511010.SH,20250514,20250513,141.27,1.426,,,142.97640033,0
511010.SH,20250515,20250514,141.141,1.424,,,142.84584214,0
511010.SH,20250516,20250515,141.026,1.423,,,142.72945305,0
511010.SH,20250517,20250516,140.986,1.423,,,142.68896989,0
511010.SH,20250520,20250519,141.101,1.424,,,142.80535898,0
511010.SH,20250521,20250520,141.037,1.423,,,142.74058592,0
511010.SH,20250522,20250521,141.057,1.423,,,142.7608275,0
511010.SH,20250523,20250522,141.077,1.424,,,142.78106908,0
511010.SH,20250524,20250523,141.12,1.424,,,142.82458848,0
511010.SH,20250527,20250526,141.156,1.424,,,142.86102332,0
511010.SH,20250528,20250527,141.106,1.424,,,142.81041937,0
511010.SH,20250529,20250528,141.095,1.424,,,142.79928651,0
511010.SH,20250530,20250529,140.982,1.423,,,142.68492158,0
511010.SH,20250531,20250530,141.142,1.424,,,142.84685422,0
511010.SH,20250604,20250603,141.104,1.424,,,142.80839522,0
511010.SH,20250605,20250604,141.17,1.425,,,142.87519243,0
511010.SH,20250606,20250605,141.248,1.425,,,142.95413459,0
511010.SH,20250607,20250606,141.369,1.426,,,143.07659615,0
511010.SH,20250610,20250609,141.388,1.427,,,143.09582565,0
511010.SH,20250611,20250610,141.365,1.426,,,143.07254784,0
511010.SH,20250612,20250611,141.426,1.427,,,143.13428465,0
511010.SH,20250613,20250612,141.385,1.427,,,143.09278942,0
511010.SH,20250614,20250613,141.411,1.427,,,143.11910347,0
511010.SH,20250617,20250616,141.446,1.427,,,143.15452623,0
511010.SH,20250618,20250617,141.607,1.429,,,143.31747095,0
511010.SH,20250619,20250618,141.611,1.429,,,143.32151927,0
511010.SH,20250620,20250619,141.596,1.429,,,143.30633808,0
511010.SH,20250621,20250620,141.61,1.429,,,143.32050719,0
511010.SH,20250624,20250623,141.603,1.429,,,143.31342264,0
511010.SH,20250625,20250624,141.555,1.428,,,143.26484285,0
511010.SH,20250626,20250625,141.523,1.428,,,143.23245632,0
511010.SH,20250627,20250626,141.576,1.429,,,143.2860965,0
511010.SH,20250628,20250627,141.635,1.429,,,143.34580917,0
511010.SH,20250719,20250630,141.598,1.429,,2977288276.62,143.30836224,1
511010.SH,20250702,20250701,141.624,1.429,,,143.3346763,0
511010.SH,20250703,20250702,141.691,1.43,,,143.40248559,0
511010.SH,20250704,20250703,141.714,1.43,,,143.42576341,0
511010.SH,20250705,20250704,141.733,1.43,,,143.44499291,0
511010.SH,20250708,20250707,141.734,1.43,,,143.44600499,0
511010.SH,20250709,20250708,141.67,1.43,,,143.38123193,0
511010.SH,20250710,20250709,141.643,1.429,,,143.3539058,0
511010.SH,20250711,20250710,141.525,1.428,,,143.23448048,0
511010.SH,20250712,20250711,141.502,1.428,,,143.21120266,0
511010.SH,20250715,20250714,141.421,1.427,,,143.12922426,0
511010.SH,20250716,20250715,141.574,1.429,,,143.28407235,0
511010.SH,20250717,20250716,141.543,1.428,,,143.2526979,0
511010.SH,20250718,20250717,141.554,1.428,,,143.26383077,0
511010.SH,20250719,20250718,141.571,1.429,,,143.28103611,0
511010.SH,20250722,20250721,141.477,1.428,,,143.18590068,0
511010.SH,20250723,20250722,141.392,1.427,,,143.09987397,0
511010.SH,20250724,20250723,141.304,1.426,,,143.01081102,0
511010.SH,20250725,20250724,141.093,1.424,,,142.79726235,0
511010.SH,20250726,20250725,141.11,1.424,,,142.81446769,0
511010.SH,20250729,20250728,141.269,1.425,,,142.97538825,0
511010.SH,20250730,20250729,141.05,1.423,,,142.75374295,0
511010.SH,20250731,20250730,141.175,1.425,,,142.88025283,0
511010.SH,20250801,20250731,141.281,1.426,,,142.9875332,0
511010.SH,20250802,20250801,141.288,1.426,,,142.99461775,0
511010.SH,20250805,20250804,141.275,1.426,,,142.98146073,0
511010.SH,20250806,20250805,141.297,1.426,,,143.00372646,0
511010.SH,20250807,20250806,141.377,1.427,,,143.08469278,0
511010.SH,20250808,20250807,141.496,1.428,,,143.20513018,0
511010.SH,20250809,20250808,141.506,1.428,,,143.21525097,0
511010.SH,20250812,20250811,141.361,1.426,,,143.06849952,0
511010.SH,20250813,20250812,141.325,1.426,,,143.03206468,0
511010.SH,20250814,20250813,141.372,1.427,,,143.07963239,0
511010.SH,20250815,20250814,141.34,1.426,,,143.04724586,0
511010.SH,20250816,20250815,141.262,1.425,,,142.9683037,0
511010.SH,20250819,20250818,141.01,1.423,,,142.71325979,0
511010.SH,20250820,20250819,141.081,1.424,,,142.7851174,0
511010.SH,20250821,20250820,140.996,1.423,,,142.69909068,0
511010.SH,20250822,20250821,141.083,1.424,,,142.78714156,0
511010.SH,20250823,20250822,141.062,1.423,,,142.7658879,0
511010.SH,20250826,20250825,141.152,1.424,,,142.85697501,0
511010.SH,20250827,20250826,141.2,1.425,,,142.9055548,0
511010.SH,20250828,20250827,141.184,1.425,,,142.88936154,0
511010.SH,20250829,20250828,141.092,1.424,,,142.79625027,0
511010.SH,20250830,20250829,141.191,1.425,,,142.89644609,0
511010.SH,20250902,20250901,141.275,1.426,,,142.98146073,0
511010.SH,20250903,20250902,141.313,1.426,,,143.01991973,0
511010.SH,20250904,20250903,141.447,1.427,,,143.15553831,0
511010.SH,20250905,20250904,141.423,1.427,,,143.13124842,0
511010.SH,20250906,20250905,141.337,1.426,,,143.04420962,0
511010.SH,20250909,20250908,141.278,1.426,,,142.98449696,0
511010.SH,20250910,20250909,141.258,1.425,,,142.96425538,0
511010.SH,20250911,20250910,141.146,1.424,,,142.85090253,0
511010.SH,20250912,20250911,141.333,1.426,,,143.04016131,0
511010.SH,20250913,20250912,141.364,1.426,,,143.07153576,0
511010.SH,20250916,20250915,141.391,1.427,,,143.09886189,0
511010.SH,20250917,20250916,141.548,1.428,,,143.25775829,0
511010.SH,20250918,20250917,141.667,1.429,,,143.37819569,0
511010.SH,20250919,20250918,141.543,1.428,,,143.2526979,0
511010.SH,20250920,20250919,141.428,1.427,,,143.13630881,0
511010.SH,20250923,20250922,141.459,1.427,,,143.16768326,0
511010.SH,20250924,20250923,139.943,1.427,,,143.10019385,0
511010.SH,20250925,20250924,139.797,1.425,,,142.9509,0
511010.SH,20250926,20250925,139.817,1.425,,,142.97135122,0
511010.SH,20250927,20250926,139.885,1.426,,,143.04088533,0
511010.SH,20250930,20250929,139.821,1.426,,,142.97544146,0
511010.SH,20251028,20250930,139.991,1.427,,2271533029.59,143.14927675,1
511010.SH,20251010,20251009,140.136,1.429,,,143.29754804,0
511010.SH,20251011,20251010,140.093,1.428,,,143.25357793,0
511010.SH,20251014,20251013,140.141,1.429,,,143.30266084,0
511010.SH,20251015,20251014,140.177,1.429,,,143.33947302,0
511010.SH,20251016,20251015,140.159,1.429,,,143.32106693,0
511010.SH,20251017,20251016,140.162,1.429,,,143.32413461,0
511010.SH,20251018,20251017,140.212,1.429,,,143.37526264,0
511010.SH,20251021,20251020,140.112,1.428,,,143.27300658,0
511010.SH,20251022,20251021,140.153,1.429,,,143.31493157,0
511010.SH,20251023,20251022,140.162,1.429,,,143.32413461,0
511010.SH,20251024,20251023,140.147,1.429,,,143.3087962,0
511010.SH,20251025,20251024,140.081,1.428,,,143.24130721,0
511010.SH,20251028,20251027,140.196,1.429,,,143.35890167,0
511010.SH,20251029,20251028,140.395,1.431,,,143.56239123,0
511010.SH,20251030,20251029,140.586,1.433,,,143.75770029,0
511010.SH,20251031,20251030,140.674,1.434,,,143.84768562,0
511010.SH,20251101,20251031,140.657,1.434,,,143.83030209,0
511010.SH,20251104,20251103,140.642,1.434,,,143.81496369,0
511010.SH,20251105,20251104,140.605,1.433,,,143.77712894,0
511010.SH,20251106,20251105,140.6,1.433,,,143.77201614,0
511010.SH,20251107,20251106,140.587,1.433,,,143.75872285,0
511010.SH,20251108,20251107,140.554,1.433,,,143.72497836,0
511010.SH,20251111,20251110,140.593,1.433,,,143.76485822,0
511010.SH,20251112,20251111,140.618,1.433,,,143.79042223,0
511010.SH,20251113,20251112,140.643,1.434,,,143.81598625,0
511010.SH,20251114,20251113,140.584,1.433,,,143.75565517,0
511010.SH,20251115,20251114,140.561,1.433,,,143.73213628,0
511010.SH,20251118,20251117,140.606,1.433,,,143.77815151,0
511010.SH,20251119,20251118,140.603,1.433,,,143.77508382,0
511010.SH,20251120,20251119,140.582,1.433,,,143.75361005,0
511010.SH,20251121,20251120,140.646,1.434,,,143.81905393,0
511010.SH,20251122,20251121,140.62,1.434,,,143.79246735,0
511010.SH,20251125,20251124,140.643,1.434,,,143.81598625,0
511010.SH,20251126,20251125,140.604,1.433,,,143.77610638,0
511010.SH,20251127,20251126,140.501,1.432,,,143.67078265,0
511010.SH,20251128,20251127,140.439,1.432,,,143.60738389,0
511010.SH,20251129,20251128,140.497,1.432,,,143.6666924,0
511010.SH,20251202,20251201,140.566,1.433,,,143.73724908,0
511010.SH,20251203,20251202,140.541,1.433,,,143.71168507,0
511010.SH,20251204,20251203,140.536,1.433,,,143.70657227,0
511010.SH,20251205,20251204,140.381,1.431,,,143.54807538,0
511010.SH,20251206,20251205,140.475,1.432,,,143.64419607,0
511010.SH,20251209,20251208,140.502,1.432,,,143.67180521,0
511010.SH,20251210,20251209,140.543,1.433,,,143.71373019,0
511010.SH,20251211,20251210,140.578,1.433,,,143.74951981,0
511010.SH,20251212,20251211,140.638,1.434,,,143.81087344,0
511010.SH,20251213,20251212,140.579,1.433,,,143.75054237,0
511010.SH,20251216,20251215,140.55,1.433,,,143.72088811,0
511010.SH,20251217,20251216,140.557,1.433,,,143.72804604,0
511010.SH,20251218,20251217,140.64,1.434,,,143.81291856,0
511010.SH,20251219,20251218,140.682,1.434,,,143.85586611,0
511010.SH,20251220,20251219,140.789,1.435,,,143.96528009,0
511010.SH,20251223,20251222,140.75,1.435,,,143.92540023,0
511010.SH,20251224,20251223,140.844,1.436,,,144.02152092,0
511010.SH,20251225,20251224,140.87,1.436,,,144.0481075,0
511010.SH,20251226,20251225,140.843,1.436,,,144.02049836,0
511010.SH,20251227,20251226,140.245,1.436,,,144.07823384,0
511010.SH,20251230,20251229,140.111,1.435,,,143.9405713,0
511010.SH,20251231,20251230,140.039,1.434,,,143.86660336,0
511010.SH,20260122,20251231,140.027,1.434,,3021255492.97,143.85427538,1
511010.SH,20260106,20260105,139.99,1.434,,,143.81626408,0
511010.SH,20260107,20260106,139.841,1.432,,,143.66319155,0
511010.SH,20260108,20260107,139.779,1.432,,,143.59949694,0
511010.SH,20260109,20260108,139.875,1.433,,,143.69812085,0
511010.SH,20260110,20260109,139.914,1.433,,,143.73818681,0
511010.SH,20260113,20260112,139.977,1.434,,,143.80290875,0
511010.SH,20260114,20260113,139.985,1.434,,,143.81112741,0
511010.SH,20260115,20260114,140.073,1.435,,,143.90153267,0
511010.SH,20260116,20260115,140.092,1.435,,,143.92105198,0
511010.SH,20260117,20260116,140.221,1.436,,,144.05357786,0
511010.SH,20260120,20260119,140.237,1.436,,,144.07001518,0
511010.SH,20260121,20260120,140.295,1.437,,,144.12960046,0
511010.SH,20260122,20260121,140.297,1.437,,,144.13165513,0
511010.SH,20260123,20260122,140.25,1.436,,,144.0833705,0
511010.SH,20260124,20260123,140.348,1.437,,,144.18404908,0
511010.SH,20260127,20260126,140.356,1.437,,,144.19226774,0
511010.SH,20260128,20260127,140.343,1.437,,,144.17891242,0
511010.SH,20260129,20260128,140.432,1.438,,,144.270345,0
511010.SH,20260130,20260129,140.427,1.438,,,144.26520834,0
511010.SH,20260131,20260130,140.423,1.438,,,144.26109901,0
511010.SH,20260203,20260202,140.43,1.438,,,144.26829034,0
511010.SH,20260204,20260203,140.471,1.439,,,144.31041097,0
511010.SH,20260205,20260204,140.459,1.438,,,144.29808298,0
511010.SH,20260206,20260205,140.509,1.439,,,144.3494496,0
511010.SH,20260207,20260206,140.57,1.44,,,144.41211687,0
511010.SH,20260210,20260209,140.632,1.44,,,144.47581148,0
511010.SH,20260211,20260210,140.656,1.44,,,144.50046746,0
511010.SH,20260212,20260211,140.712,1.441,,,144.55799808,0
511010.SH,20260213,20260212,140.761,1.441,,,144.60833736,0
511010.SH,20260214,20260213,140.788,1.442,,,144.63607534,0
511010.SH,20260225,20260224,140.843,1.442,,,144.69257862,0
511010.SH,20260226,20260225,140.743,1.441,,,144.58984538,0
511010.SH,20260227,20260226,140.653,1.44,,,144.49738546,0
511010.SH,20260228,20260227,140.709,1.441,,,144.55491608,0
511010.SH,20260303,20260302,140.813,1.442,,,144.66175865,0
511010.SH,20260304,20260303,140.826,1.442,,,144.67511397,0
511010.SH,20260305,20260304,140.905,1.443,,,144.75627323,0
511010.SH,20260306,20260305,140.896,1.443,,,144.74702724,0
511010.SH,20260307,20260306,140.901,1.443,,,144.7521639,0
511010.SH,20260310,20260309,140.768,1.442,,,144.61552869,0
511010.SH,20260311,20260310,140.778,1.442,,,144.62580201,0
511010.SH,20260312,20260311,140.735,1.441,,,144.58162672,0
511010.SH,20260313,20260312,140.794,1.442,,,144.64223933,0
511010.SH,20260314,20260313,140.756,1.441,,,144.6032007,0
511010.SH,20260317,20260316,140.688,1.441,,,144.5333421,0
511010.SH,20260318,20260317,140.711,1.441,,,144.55697074,0
511010.SH,20260319,20260318,140.824,1.442,,,144.67305931,0
511010.SH,20260320,20260319,140.818,1.442,,,144.66689531,0
511010.SH,20260321,20260320,140.833,1.442,,,144.6823053,0
511010.SH,20260324,20260323,140.793,1.442,,,144.641212,0
511010.SH,20260325,20260324,140.78,1.442,,,144.62785668,0
511010.SH,20260326,20260325,140.234,1.442,,,144.65416025,0
511010.SH,20260327,20260326,140.298,1.443,,,144.72017753,0
511010.SH,20260328,20260327,140.361,1.443,,,144.78516328,0
511010.SH,20260331,20260330,140.522,1.445,,,144.95123798,0
511010.SH,20260422,20260331,140.471,1.444,,3813258240.94,144.89863047,1
511010.SH,20260402,20260401,140.374,1.443,,,144.79857304,0
511010.SH,20260403,20260402,140.407,1.444,,,144.8326132,0
511010.SH,20260404,20260403,140.439,1.444,,,144.86562183,0
511010.SH,20260408,20260407,140.451,1.444,,,144.87800007,0
511010.SH,20260409,20260408,140.402,1.444,,,144.8274556,0
511010.SH,20260410,20260409,140.398,1.444,,,144.82332952,0
511010.SH,20260411,20260410,140.412,1.444,,,144.83777079,0
511010.SH,20260414,20260413,140.449,1.444,,,144.87593703,0
511010.SH,20260415,20260414,140.496,1.445,,,144.92441847,0
511010.SH,20260416,20260415,140.611,1.446,,,145.04304325,0
511010.SH,20260417,20260416,140.667,1.446,,,145.10080837,0
511010.SH,20260418,20260417,140.725,1.447,,,145.16063652,0
511010.SH,20260421,20260420,140.711,1.447,,,145.14619524,0
511010.SH,20260422,20260421,140.748,1.447,,,145.18436148,0
511010.SH,20260423,20260422,140.823,1.448,,,145.26172547,0
511010.SH,20260424,20260423,140.841,1.448,,,145.28029283,0
511010.SH,20260425,20260424,140.828,1.448,,,145.26688307,0
511010.SH,20260428,20260427,140.757,1.447,,,145.19364516,0
511010.SH,20260429,20260428,140.836,1.448,,,145.27513523,0
511010.SH,20260430,20260429,140.912,1.449,,,145.35353074,0
511010.SH,20260501,20260430,140.883,1.448,,,145.32361666,0
511010.SH,20260507,20260506,140.839,1.448,,,145.27822979,0
511010.SH,20260508,20260507,140.865,1.448,,,145.3050493,0
511010.SH,20260509,20260508,140.877,1.448,,,145.31742754,0
511010.SH,20260512,20260511,140.911,1.449,,,145.35249922,0
511010.SH,20260513,20260512,140.939,1.449,,,145.38138178,0
511010.SH,20260514,20260513,140.973,1.449,,,145.41645345,0
511010.SH,20260515,20260514,140.979,1.449,,,145.42264257,0
511010.SH,20260516,20260515,141.03,1.45,,,145.47525009,0
511010.SH,20260519,20260518,141.117,1.451,,,145.56499232,0
511010.SH,20260520,20260519,141.214,1.452,,,145.66504975,0
511010.SH,20260521,20260520,141.258,1.452,,,145.71043662,0
511010.SH,20260522,20260521,141.22,1.452,,,145.67123887,0
511010.SH,20260523,20260522,141.152,1.451,,,145.60109551,0
511010.SH,20260526,20260525,141.19,1.451,,,145.64029327,0
511010.SH,20260527,20260526,141.223,1.452,,,145.67433343,0
511010.SH,20260528,20260527,141.306,1.453,,,145.75994958,0
511010.SH,20260529,20260528,141.418,1.454,,,145.8754798,0
511010.SH,20260530,20260529,141.477,1.454,,,145.93633948,0
511010.SH,20260602,20260601,141.488,1.454,,,145.9476862,0
511010.SH,20260602,20260602,141.487,1.454,0.01,,1.45943,0
511010.SH,20260603,20260603,141.456,1.454,0.01,,1.45911,0
511010.SH,20260604,20260604,141.507,1.455,0.01,,1.459636,0
511010.SH,20260605,20260605,141.465,1.454,0.01,,1.459203,0
511010.SH,20260608,20260608,141.412,1.454,0.01,,1.458656,0
511010.SH,20260609,20260609,141.342,1.453,0.01,,1.457934,0
511010.SH,20260610,20260610,141.231,1.452,0.01,,1.456789,0
511010.SH,20260611,20260611,141.158,1.451,0.01,,1.456036,0
511010.SH,20260612,20260612,141.164,1.451,0.01,,1.456098,0
511010.SH,20260615,20260615,141.167,1.451,0.01,,1.456129,0
511010.SH,20260616,20260616,141.306,1.453,0.01,,1.457563,0
511010.SH,20260617,20260617,141.359,1.453,0.01,,1.458109,0
511010.SH,20260618,20260618,141.427,1.454,0.01,,1.458811,0
511010.SH,20260622,20260622,141.438,1.454,0.01,,1.458924,0
511010.SH,20260623,20260623,141.395,1.454,0.01,,1.458481,0
511010.SH,20260624,20260624,141.416,1.454,0.01,,1.458697,0
511010.SH,20260625,20260625,140.661,1.454,0.01,,1.45931,0
511010.SH,20260626,20260626,140.716,1.455,0.01,,1.459881,0
511010.SH,20260629,20260629,140.846,1.456,0.01,,1.461229,0
511010.SH,20260630,20260630,140.753,1.455,0.01,,1.460265,0
511010.SH,20260701,20260701,140.599,1.454,0.01,,1.458667,0
511010.SH,20260702,20260702,140.671,1.454,0.01,,1.459414,0
511010.SH,20260703,20260703,140.672,1.454,0.01,,1.459424,0
511010.SH,20260706,20260706,140.738,1.455,0.01,,1.460109,0
511010.SH,20260707,20260707,140.741,1.455,0.01,,1.46014,0
511010.SH,20260708,20260708,140.786,1.456,0.01,,1.460607,0
511010.SH,20260709,20260709,140.779,1.455,0.01,,1.460534,0
511010.SH,20260710,20260710,140.778,1.455,0.01,,1.460524,0
511010.SH,20260713,20260713,140.769,1.455,0.01,,1.460431,0
511010.SH,20260714,20260714,140.789,1.456,0.01,,1.460638,0
511010.SH,20260715,20260715,140.808,1.456,0.01,,1.460835,0
511010.SH,20260716,20260716,140.797,1.456,0.01,,1.460721,0
511010.SH,20260717,20260717,140.812,1.456,0.01,,1.460877,0
511010.SH,20260720,20260720,140.786,1.456,0.01,,1.460607,0
511010.SH,20260721,20260721,140.824,1.456,0.01,,1.461001,0
511010.SH,20260722,20260722,140.913,1.457,0.01,,1.461924,0
511010.SH,20260723,20260723,140.853,1.456,0.01,,1.461302,0
511010.SH,20260724,20260724,140.865,1.456,0.01,,1.461426,0
511010.SH,20260727,20260727,140.828,1.456,0.01,,1.461043,0
511010.SH,20260728,20260728,140.792,1.456,0.01,,1.460669,0
511010.SH,20260729,20260729,140.81,1.456,0.01,,1.460856,0
511010.SH,20260730,20260730,140.894,1.457,0.01,,1.461727,0
