ts_code,trade_date,fd_share,fund_type,market
510500.SH,20130206,114755.3216,ETF,SH
510500.SH,20130314,461609.3841,ETF,SH
510500.SH,20130315,445609.38,ETF,SH
510500.SH,20130318,443400.0,ETF,SH
510500.SH,20130319,450000.0,ETF,SH
510500.SH,20130320,450400.0,ETF,SH
510500.SH,20130321,446800.0,ETF,SH
510500.SH,20130322,443200.0,ETF,SH
510500.SH,20130325,440800.0,ETF,SH
510500.SH,20130326,441200.0,ETF,SH
510500.SH,20130327,442500.0,ETF,SH
510500.SH,20130328,442200.0,ETF,SH
510500.SH,20130329,448800.0,ETF,SH
510500.SH,20130401,450200.0,ETF,SH
510500.SH,20130402,451400.0,ETF,SH
510500.SH,20130403,450400.0,ETF,SH
510500.SH,20130408,449600.0,ETF,SH
510500.SH,20130409,450000.0,ETF,SH
510500.SH,20130410,450600.0,ETF,SH
510500.SH,20130411,450400.0,ETF,SH
510500.SH,20130412,450600.0,ETF,SH
510500.SH,20130415,450800.0,ETF,SH
510500.SH,20130416,450200.0,ETF,SH
510500.SH,20130417,449400.0,ETF,SH
510500.SH,20130418,449200.0,ETF,SH
510500.SH,20130419,448800.0,ETF,SH
510500.SH,20130422,448400.0,ETF,SH
510500.SH,20130423,448000.0,ETF,SH
510500.SH,20130424,447800.0,ETF,SH
510500.SH,20130425,446200.0,ETF,SH
510500.SH,20130426,446400.0,ETF,SH
510500.SH,20130502,447200.0,ETF,SH
510500.SH,20130503,447400.0,ETF,SH
510500.SH,20130506,448000.0,ETF,SH
510500.SH,20130507,449300.0,ETF,SH
510500.SH,20130508,449600.0,ETF,SH
510500.SH,20130509,449200.0,ETF,SH
510500.SH,20130510,449000.0,ETF,SH
510500.SH,20130513,448600.0,ETF,SH
510500.SH,20130514,449400.0,ETF,SH
510500.SH,20130515,449800.0,ETF,SH
510500.SH,20130517,450000.0,ETF,SH
510500.SH,20130520,449600.0,ETF,SH
510500.SH,20130521,447600.0,ETF,SH
510500.SH,20130522,447200.0,ETF,SH
510500.SH,20130523,446600.0,ETF,SH
510500.SH,20130524,445800.0,ETF,SH
510500.SH,20130527,445600.0,ETF,SH
510500.SH,20130528,445000.0,ETF,SH
510500.SH,20130529,444800.0,ETF,SH
510500.SH,20130530,445000.0,ETF,SH
510500.SH,20130531,444800.0,ETF,SH
510500.SH,20130614,444200.0,ETF,SH
510500.SH,20130617,444600.0,ETF,SH
510500.SH,20130619,446600.0,ETF,SH
510500.SH,20130620,446900.0,ETF,SH
510500.SH,20130621,448600.0,ETF,SH
510500.SH,20130624,449000.0,ETF,SH
510500.SH,20130625,451000.0,ETF,SH
510500.SH,20130626,450800.0,ETF,SH
510500.SH,20130627,448000.0,ETF,SH
510500.SH,20130628,447600.0,ETF,SH
510500.SH,20130630,447609.3841,ETF,SH
510500.SH,20130701,448600.0,ETF,SH
510500.SH,20130702,448400.0,ETF,SH
510500.SH,20130708,448600.0,ETF,SH
510500.SH,20130712,448400.0,ETF,SH
510500.SH,20130716,448200.0,ETF,SH
510500.SH,20130719,448000.0,ETF,SH
510500.SH,20130724,447800.0,ETF,SH
510500.SH,20130726,447600.0,ETF,SH
510500.SH,20130801,447400.0,ETF,SH
510500.SH,20130802,446400.0,ETF,SH
510500.SH,20130805,446000.0,ETF,SH
510500.SH,20130807,445200.0,ETF,SH
510500.SH,20130808,443700.0,ETF,SH
510500.SH,20130812,443800.0,ETF,SH
510500.SH,20130813,442200.0,ETF,SH
510500.SH,20130814,441800.0,ETF,SH
510500.SH,20130815,441600.0,ETF,SH
510500.SH,20130816,441200.0,ETF,SH
510500.SH,20130819,439600.0,ETF,SH
510500.SH,20130820,439400.0,ETF,SH
510500.SH,20130821,439200.0,ETF,SH
510500.SH,20130823,439000.0,ETF,SH
510500.SH,20130826,437600.0,ETF,SH
510500.SH,20130827,435400.0,ETF,SH
510500.SH,20130829,435200.0,ETF,SH
510500.SH,20130830,435000.0,ETF,SH
510500.SH,20130902,434200.0,ETF,SH
510500.SH,20130905,432800.0,ETF,SH
510500.SH,20130906,431600.0,ETF,SH
510500.SH,20130909,430600.0,ETF,SH
510500.SH,20130910,429000.0,ETF,SH
510500.SH,20130912,427400.0,ETF,SH
510500.SH,20130913,425400.0,ETF,SH
510500.SH,20130916,422200.0,ETF,SH
510500.SH,20130918,420200.0,ETF,SH
510500.SH,20130924,417200.0,ETF,SH
510500.SH,20130925,417000.0,ETF,SH
510500.SH,20130927,415800.0,ETF,SH
510500.SH,20130930,414609.3841,ETF,SH
510500.SH,20131008,414600.0,ETF,SH
510500.SH,20131010,413600.0,ETF,SH
510500.SH,20131011,413400.0,ETF,SH
510500.SH,20131014,412400.0,ETF,SH
510500.SH,20131016,429200.0,ETF,SH
510500.SH,20131017,418200.0,ETF,SH
510500.SH,20131018,431600.0,ETF,SH
510500.SH,20131021,434000.0,ETF,SH
510500.SH,20131023,434200.0,ETF,SH
510500.SH,20131025,433800.0,ETF,SH
510500.SH,20131028,433600.0,ETF,SH
510500.SH,20131029,434000.0,ETF,SH
510500.SH,20131030,433800.0,ETF,SH
510500.SH,20131105,433600.0,ETF,SH
510500.SH,20131108,433800.0,ETF,SH
510500.SH,20131111,401100.0,ETF,SH
510500.SH,20131113,401200.0,ETF,SH
510500.SH,20131115,401300.0,ETF,SH
510500.SH,20131118,401400.0,ETF,SH
510500.SH,20131119,402200.0,ETF,SH
510500.SH,20131120,402600.0,ETF,SH
510500.SH,20131121,402500.0,ETF,SH
510500.SH,20131122,402700.0,ETF,SH
510500.SH,20131125,402300.0,ETF,SH
510500.SH,20131126,402400.0,ETF,SH
510500.SH,20131127,402700.0,ETF,SH
510500.SH,20131128,403200.0,ETF,SH
510500.SH,20131129,403300.0,ETF,SH
510500.SH,20131202,403400.0,ETF,SH
510500.SH,20131203,403600.0,ETF,SH
510500.SH,20131204,403400.0,ETF,SH
510500.SH,20131210,403300.0,ETF,SH
510500.SH,20131211,403200.0,ETF,SH
510500.SH,20131213,403500.0,ETF,SH
510500.SH,20131216,403700.0,ETF,SH
510500.SH,20131217,401200.0,ETF,SH
510500.SH,20131219,401000.0,ETF,SH
510500.SH,20131224,401300.0,ETF,SH
510500.SH,20131225,401200.0,ETF,SH
510500.SH,20131230,400400.0,ETF,SH
510500.SH,20131231,417009.3841,ETF,SH
510500.SH,20140102,417100.0,ETF,SH
510500.SH,20140103,422000.0,ETF,SH
510500.SH,20140106,451600.0,ETF,SH
510500.SH,20140108,455400.0,ETF,SH
510500.SH,20140109,457500.0,ETF,SH
510500.SH,20140110,459400.0,ETF,SH
510500.SH,20140113,461800.0,ETF,SH
510500.SH,20140114,462300.0,ETF,SH
510500.SH,20140115,462400.0,ETF,SH
510500.SH,20140120,462200.0,ETF,SH
510500.SH,20140123,472900.0,ETF,SH
510500.SH,20140124,503600.0,ETF,SH
510500.SH,20140127,506000.0,ETF,SH
510500.SH,20140128,563600.0,ETF,SH
510500.SH,20140129,576000.0,ETF,SH
510500.SH,20140210,577000.0,ETF,SH
510500.SH,20140211,581600.0,ETF,SH
510500.SH,20140212,586800.0,ETF,SH
510500.SH,20140213,600000.0,ETF,SH
510500.SH,20140214,599800.0,ETF,SH
510500.SH,20140218,591000.0,ETF,SH
510500.SH,20140219,590000.0,ETF,SH
510500.SH,20140220,589600.0,ETF,SH
510500.SH,20140221,588800.0,ETF,SH
510500.SH,20140224,588200.0,ETF,SH
510500.SH,20140225,587800.0,ETF,SH
510500.SH,20140226,584800.0,ETF,SH
510500.SH,20140227,584600.0,ETF,SH
510500.SH,20140228,576000.0,ETF,SH
510500.SH,20140303,576200.0,ETF,SH
510500.SH,20140304,558800.0,ETF,SH
510500.SH,20140305,511000.0,ETF,SH
510500.SH,20140306,503600.0,ETF,SH
510500.SH,20140307,489000.0,ETF,SH
510500.SH,20140310,481200.0,ETF,SH
510500.SH,20140311,465000.0,ETF,SH
510500.SH,20140312,465200.0,ETF,SH
510500.SH,20140313,462000.0,ETF,SH
510500.SH,20140314,460600.0,ETF,SH
510500.SH,20140317,459800.0,ETF,SH
510500.SH,20140318,460000.0,ETF,SH
510500.SH,20140319,459600.0,ETF,SH
510500.SH,20140320,459800.0,ETF,SH
510500.SH,20140321,460800.0,ETF,SH
510500.SH,20140324,461000.0,ETF,SH
510500.SH,20140325,460600.0,ETF,SH
510500.SH,20140326,458200.0,ETF,SH
510500.SH,20140327,457800.0,ETF,SH
510500.SH,20140328,457000.0,ETF,SH
510500.SH,20140331,456809.3841,ETF,SH
510500.SH,20140402,456600.0,ETF,SH
510500.SH,20140403,457000.0,ETF,SH
510500.SH,20140404,456600.0,ETF,SH
510500.SH,20140408,456400.0,ETF,SH
510500.SH,20140409,456800.0,ETF,SH
510500.SH,20140410,456200.0,ETF,SH
510500.SH,20140411,455800.0,ETF,SH
510500.SH,20140414,454800.0,ETF,SH
510500.SH,20140415,454400.0,ETF,SH
510500.SH,20140417,454600.0,ETF,SH
510500.SH,20140418,454400.0,ETF,SH
510500.SH,20140421,455000.0,ETF,SH
510500.SH,20140422,454400.0,ETF,SH
510500.SH,20140423,453400.0,ETF,SH
510500.SH,20140424,453800.0,ETF,SH
510500.SH,20140425,455400.0,ETF,SH
510500.SH,20140428,455800.0,ETF,SH
510500.SH,20140430,455400.0,ETF,SH
510500.SH,20140507,455000.0,ETF,SH
510500.SH,20140509,455800.0,ETF,SH
510500.SH,20140513,455600.0,ETF,SH
510500.SH,20140514,455400.0,ETF,SH
510500.SH,20140515,455200.0,ETF,SH
510500.SH,20140516,455400.0,ETF,SH
510500.SH,20140520,455600.0,ETF,SH
510500.SH,20140522,456600.0,ETF,SH
510500.SH,20140526,456800.0,ETF,SH
510500.SH,20140528,456600.0,ETF,SH
510500.SH,20140530,456000.0,ETF,SH
510500.SH,20140603,456600.0,ETF,SH
510500.SH,20140605,457000.0,ETF,SH
510500.SH,20140606,457400.0,ETF,SH
510500.SH,20140611,455600.0,ETF,SH
510500.SH,20140613,456400.0,ETF,SH
510500.SH,20140616,455400.0,ETF,SH
510500.SH,20140617,455800.0,ETF,SH
510500.SH,20140619,455600.0,ETF,SH
510500.SH,20140620,454800.0,ETF,SH
510500.SH,20140623,454400.0,ETF,SH
510500.SH,20140624,454200.0,ETF,SH
510500.SH,20140630,454409.3841,ETF,SH
510500.SH,20140701,454200.0,ETF,SH
510500.SH,20140703,453000.0,ETF,SH
510500.SH,20140708,452400.0,ETF,SH
510500.SH,20140709,452200.0,ETF,SH
510500.SH,20140710,451200.0,ETF,SH
510500.SH,20140711,450800.0,ETF,SH
510500.SH,20140714,449600.0,ETF,SH
510500.SH,20140715,449200.0,ETF,SH
510500.SH,20140717,446800.0,ETF,SH
510500.SH,20140718,443000.0,ETF,SH
510500.SH,20140721,442600.0,ETF,SH
510500.SH,20140722,441000.0,ETF,SH
510500.SH,20140723,441200.0,ETF,SH
510500.SH,20140725,438000.0,ETF,SH
510500.SH,20140728,430400.0,ETF,SH
510500.SH,20140729,413000.0,ETF,SH
510500.SH,20140730,412800.0,ETF,SH
510500.SH,20140731,414300.0,ETF,SH
510500.SH,20140801,415200.0,ETF,SH
510500.SH,20140804,412800.0,ETF,SH
510500.SH,20140805,412600.0,ETF,SH
510500.SH,20140806,412000.0,ETF,SH
510500.SH,20140807,411800.0,ETF,SH
510500.SH,20140808,409400.0,ETF,SH
510500.SH,20140811,409200.0,ETF,SH
510500.SH,20140812,407000.0,ETF,SH
510500.SH,20140813,406400.0,ETF,SH
510500.SH,20140814,406600.0,ETF,SH
510500.SH,20140815,405000.0,ETF,SH
510500.SH,20140818,404200.0,ETF,SH
510500.SH,20140819,403000.0,ETF,SH
510500.SH,20140820,402800.0,ETF,SH
510500.SH,20140821,403000.0,ETF,SH
510500.SH,20140822,402800.0,ETF,SH
510500.SH,20140825,403400.0,ETF,SH
510500.SH,20140826,402800.0,ETF,SH
510500.SH,20140827,395400.0,ETF,SH
510500.SH,20140828,394200.0,ETF,SH
510500.SH,20140829,393800.0,ETF,SH
510500.SH,20140903,394500.0,ETF,SH
510500.SH,20140904,392600.0,ETF,SH
510500.SH,20140905,393400.0,ETF,SH
510500.SH,20140909,392000.0,ETF,SH
510500.SH,20140910,390400.0,ETF,SH
510500.SH,20140911,390800.0,ETF,SH
510500.SH,20140912,391000.0,ETF,SH
510500.SH,20140915,391400.0,ETF,SH
510500.SH,20140916,392200.0,ETF,SH
510500.SH,20140917,388000.0,ETF,SH
510500.SH,20140918,387400.0,ETF,SH
510500.SH,20140922,386900.0,ETF,SH
510500.SH,20140923,386800.0,ETF,SH
510500.SH,20140924,388600.0,ETF,SH
510500.SH,20140925,389000.0,ETF,SH
510500.SH,20140926,390000.0,ETF,SH
510500.SH,20140929,391000.0,ETF,SH
510500.SH,20140930,392009.3841,ETF,SH
510500.SH,20141008,392000.0,ETF,SH
510500.SH,20141009,391800.0,ETF,SH
510500.SH,20141010,391000.0,ETF,SH
510500.SH,20141013,388200.0,ETF,SH
510500.SH,20141014,387400.0,ETF,SH
510500.SH,20141015,386800.0,ETF,SH
510500.SH,20141016,386400.0,ETF,SH
510500.SH,20141017,387200.0,ETF,SH
510500.SH,20141020,386000.0,ETF,SH
510500.SH,20141021,381600.0,ETF,SH
510500.SH,20141022,380600.0,ETF,SH
510500.SH,20141023,380000.0,ETF,SH
510500.SH,20141024,379600.0,ETF,SH
510500.SH,20141027,379200.0,ETF,SH
510500.SH,20141028,380000.0,ETF,SH
510500.SH,20141029,380600.0,ETF,SH
510500.SH,20141030,382000.0,ETF,SH
510500.SH,20141031,380600.0,ETF,SH
510500.SH,20141103,380200.0,ETF,SH
510500.SH,20141104,378800.0,ETF,SH
510500.SH,20141105,377400.0,ETF,SH
510500.SH,20141106,377800.0,ETF,SH
510500.SH,20141110,373400.0,ETF,SH
510500.SH,20141111,371000.0,ETF,SH
510500.SH,20141112,374600.0,ETF,SH
510500.SH,20141113,372200.0,ETF,SH
510500.SH,20141114,368000.0,ETF,SH
510500.SH,20141117,369400.0,ETF,SH
510500.SH,20141118,370200.0,ETF,SH
510500.SH,20141119,370600.0,ETF,SH
510500.SH,20141120,368800.0,ETF,SH
510500.SH,20141121,368000.0,ETF,SH
510500.SH,20141124,364200.0,ETF,SH
510500.SH,20141125,361200.0,ETF,SH
510500.SH,20141126,355200.0,ETF,SH
510500.SH,20141127,352200.0,ETF,SH
510500.SH,20141128,350200.0,ETF,SH
510500.SH,20141201,348000.0,ETF,SH
510500.SH,20141202,343200.0,ETF,SH
510500.SH,20141203,341700.0,ETF,SH
510500.SH,20141204,338800.0,ETF,SH
510500.SH,20141205,338000.0,ETF,SH
510500.SH,20141208,332600.0,ETF,SH
510500.SH,20141209,328000.0,ETF,SH
510500.SH,20141210,320600.0,ETF,SH
510500.SH,20141211,319600.0,ETF,SH
510500.SH,20141212,321100.0,ETF,SH
510500.SH,20141215,322200.0,ETF,SH
510500.SH,20141216,318200.0,ETF,SH
510500.SH,20141217,320800.0,ETF,SH
510500.SH,20141218,321400.0,ETF,SH
510500.SH,20141219,324900.0,ETF,SH
510500.SH,20141222,328400.0,ETF,SH
510500.SH,20141223,330600.0,ETF,SH
510500.SH,20141224,331300.0,ETF,SH
510500.SH,20141225,330400.0,ETF,SH
510500.SH,20141226,327800.0,ETF,SH
510500.SH,20141229,323200.0,ETF,SH
510500.SH,20141230,318000.0,ETF,SH
510500.SH,20141231,316609.3841,ETF,SH
510500.SH,20150105,315800.0,ETF,SH
510500.SH,20150106,316000.0,ETF,SH
510500.SH,20150107,311800.0,ETF,SH
510500.SH,20150108,307600.0,ETF,SH
510500.SH,20150109,303200.0,ETF,SH
510500.SH,20150112,302800.0,ETF,SH
510500.SH,20150113,304600.0,ETF,SH
510500.SH,20150114,306600.0,ETF,SH
510500.SH,20150115,308000.0,ETF,SH
510500.SH,20150116,307500.0,ETF,SH
510500.SH,20150119,310400.0,ETF,SH
510500.SH,20150120,310000.0,ETF,SH
510500.SH,20150121,310400.0,ETF,SH
510500.SH,20150122,310800.0,ETF,SH
510500.SH,20150123,310400.0,ETF,SH
510500.SH,20150126,311400.0,ETF,SH
510500.SH,20150127,306400.0,ETF,SH
510500.SH,20150128,309800.0,ETF,SH
510500.SH,20150129,300600.0,ETF,SH
510500.SH,20150130,302200.0,ETF,SH
510500.SH,20150202,304000.0,ETF,SH
510500.SH,20150203,306000.0,ETF,SH
510500.SH,20150204,306300.0,ETF,SH
510500.SH,20150205,310000.0,ETF,SH
510500.SH,20150206,313400.0,ETF,SH
510500.SH,20150209,312000.0,ETF,SH
510500.SH,20150211,313600.0,ETF,SH
510500.SH,20150212,313000.0,ETF,SH
510500.SH,20150213,312800.0,ETF,SH
510500.SH,20150216,310400.0,ETF,SH
510500.SH,20150217,311600.0,ETF,SH
510500.SH,20150225,311300.0,ETF,SH
510500.SH,20150226,308800.0,ETF,SH
510500.SH,20150227,309400.0,ETF,SH
510500.SH,20150302,310800.0,ETF,SH
510500.SH,20150303,307600.0,ETF,SH
510500.SH,20150304,305800.0,ETF,SH
510500.SH,20150305,299600.0,ETF,SH
510500.SH,20150306,294600.0,ETF,SH
510500.SH,20150309,293400.0,ETF,SH
510500.SH,20150310,292900.0,ETF,SH
510500.SH,20150311,292700.0,ETF,SH
510500.SH,20150312,291400.0,ETF,SH
510500.SH,20150313,291000.0,ETF,SH
510500.SH,20150316,292400.0,ETF,SH
510500.SH,20150317,295800.0,ETF,SH
510500.SH,20150318,300300.0,ETF,SH
510500.SH,20150319,300000.0,ETF,SH
510500.SH,20150320,302000.0,ETF,SH
510500.SH,20150323,305000.0,ETF,SH
510500.SH,20150324,309800.0,ETF,SH
510500.SH,20150325,309200.0,ETF,SH
510500.SH,20150326,307200.0,ETF,SH
510500.SH,20150327,308400.0,ETF,SH
510500.SH,20150331,309209.3841,ETF,SH
510500.SH,20150401,309400.0,ETF,SH
510500.SH,20150402,309900.0,ETF,SH
510500.SH,20150403,312100.0,ETF,SH
510500.SH,20150407,315600.0,ETF,SH
510500.SH,20150408,314200.0,ETF,SH
510500.SH,20150409,296000.0,ETF,SH
510500.SH,20150410,296600.0,ETF,SH
510500.SH,20150414,83146.7244,ETF,SH
510500.SH,20150415,81500.0,ETF,SH
510500.SH,20150416,81000.0,ETF,SH
510500.SH,20150417,78100.0,ETF,SH
510500.SH,20150420,77200.0,ETF,SH
510500.SH,20150421,74300.0,ETF,SH
510500.SH,20150422,74900.0,ETF,SH
510500.SH,20150423,75300.0,ETF,SH
510500.SH,20150424,75500.0,ETF,SH
510500.SH,20150427,75600.0,ETF,SH
510500.SH,20150428,75200.0,ETF,SH
510500.SH,20150429,74900.0,ETF,SH
510500.SH,20150430,75100.0,ETF,SH
510500.SH,20150504,74900.0,ETF,SH
510500.SH,20150505,74600.0,ETF,SH
510500.SH,20150506,73300.0,ETF,SH
510500.SH,20150507,73000.0,ETF,SH
510500.SH,20150508,72100.0,ETF,SH
510500.SH,20150511,73300.0,ETF,SH
510500.SH,20150512,74100.0,ETF,SH
510500.SH,20150513,73300.0,ETF,SH
510500.SH,20150514,73200.0,ETF,SH
510500.SH,20150515,72700.0,ETF,SH
510500.SH,20150519,74200.0,ETF,SH
510500.SH,20150520,78000.0,ETF,SH
510500.SH,20150521,78900.0,ETF,SH
510500.SH,20150522,78300.0,ETF,SH
510500.SH,20150525,78100.0,ETF,SH
510500.SH,20150526,79200.0,ETF,SH
510500.SH,20150527,80600.0,ETF,SH
510500.SH,20150528,80800.0,ETF,SH
510500.SH,20150529,82300.0,ETF,SH
510500.SH,20150601,89600.0,ETF,SH
510500.SH,20150602,108400.0,ETF,SH
510500.SH,20150603,111900.0,ETF,SH
510500.SH,20150604,80900.0,ETF,SH
510500.SH,20150605,79800.0,ETF,SH
510500.SH,20150608,77900.0,ETF,SH
510500.SH,20150609,76300.0,ETF,SH
510500.SH,20150610,75700.0,ETF,SH
510500.SH,20150611,72800.0,ETF,SH
510500.SH,20150612,70900.0,ETF,SH
510500.SH,20150615,70300.0,ETF,SH
510500.SH,20150616,70200.0,ETF,SH
510500.SH,20150617,69600.0,ETF,SH
510500.SH,20150618,69500.0,ETF,SH
510500.SH,20150619,70000.0,ETF,SH
510500.SH,20150623,72400.0,ETF,SH
510500.SH,20150624,69400.0,ETF,SH
510500.SH,20150625,67600.0,ETF,SH
510500.SH,20150626,67300.0,ETF,SH
510500.SH,20150629,66300.0,ETF,SH
510500.SH,20150630,69466.7244,ETF,SH
510500.SH,20150701,66100.0,ETF,SH
510500.SH,20150702,83900.0,ETF,SH
510500.SH,20150703,123600.0,ETF,SH
510500.SH,20150706,221700.0,ETF,SH
510500.SH,20150707,262200.0,ETF,SH
510500.SH,20150708,254500.0,ETF,SH
510500.SH,20150709,251600.0,ETF,SH
510500.SH,20150710,255200.0,ETF,SH
510500.SH,20150713,258400.0,ETF,SH
510500.SH,20150714,256900.0,ETF,SH
510500.SH,20150715,247100.0,ETF,SH
510500.SH,20150716,243100.0,ETF,SH
510500.SH,20150717,244000.0,ETF,SH
510500.SH,20150720,245400.0,ETF,SH
510500.SH,20150721,241100.0,ETF,SH
510500.SH,20150722,237400.0,ETF,SH
510500.SH,20150723,239500.0,ETF,SH
510500.SH,20150724,239300.0,ETF,SH
510500.SH,20150727,242700.0,ETF,SH
510500.SH,20150728,242100.0,ETF,SH
510500.SH,20150729,243600.0,ETF,SH
510500.SH,20150730,244500.0,ETF,SH
510500.SH,20150731,246000.0,ETF,SH
510500.SH,20150803,245200.0,ETF,SH
510500.SH,20150804,244800.0,ETF,SH
510500.SH,20150805,246300.0,ETF,SH
510500.SH,20150806,247300.0,ETF,SH
510500.SH,20150807,249400.0,ETF,SH
510500.SH,20150810,250800.0,ETF,SH
510500.SH,20150811,249900.0,ETF,SH
510500.SH,20150812,249200.0,ETF,SH
510500.SH,20150813,246800.0,ETF,SH
510500.SH,20150814,245000.0,ETF,SH
510500.SH,20150817,245300.0,ETF,SH
510500.SH,20150818,248300.0,ETF,SH
510500.SH,20150819,248300.0,ETF,SH
510500.SH,20150820,248200.0,ETF,SH
510500.SH,20150821,246600.0,ETF,SH
510500.SH,20150824,248700.0,ETF,SH
510500.SH,20150825,249100.0,ETF,SH
510500.SH,20150826,248500.0,ETF,SH
510500.SH,20150827,249100.0,ETF,SH
510500.SH,20150828,249200.0,ETF,SH
510500.SH,20150831,247600.0,ETF,SH
510500.SH,20150901,247500.0,ETF,SH
510500.SH,20150902,249100.0,ETF,SH
510500.SH,20150907,249500.0,ETF,SH
510500.SH,20150908,252900.0,ETF,SH
510500.SH,20150909,258700.0,ETF,SH
510500.SH,20150910,258500.0,ETF,SH
510500.SH,20150911,258100.0,ETF,SH
510500.SH,20150914,257100.0,ETF,SH
510500.SH,20150915,256600.0,ETF,SH
510500.SH,20150916,257100.0,ETF,SH
510500.SH,20150917,257000.0,ETF,SH
510500.SH,20150918,256800.0,ETF,SH
510500.SH,20150921,257500.0,ETF,SH
510500.SH,20150922,257200.0,ETF,SH
510500.SH,20150923,255800.0,ETF,SH
510500.SH,20150924,255700.0,ETF,SH
510500.SH,20150925,255800.0,ETF,SH
510500.SH,20150928,255800.0,ETF,SH
510500.SH,20150929,256200.0,ETF,SH
510500.SH,20150930,258466.7244,ETF,SH
510500.SH,20151008,258100.0,ETF,SH
510500.SH,20151009,259100.0,ETF,SH
510500.SH,20151012,261400.0,ETF,SH
510500.SH,20151013,264500.0,ETF,SH
510500.SH,20151014,267500.0,ETF,SH
510500.SH,20151015,269600.0,ETF,SH
510500.SH,20151016,268700.0,ETF,SH
510500.SH,20151019,268600.0,ETF,SH
510500.SH,20151020,272000.0,ETF,SH
510500.SH,20151021,271900.0,ETF,SH
510500.SH,20151022,273500.0,ETF,SH
510500.SH,20151023,271500.0,ETF,SH
510500.SH,20151026,270200.0,ETF,SH
510500.SH,20151027,265600.0,ETF,SH
510500.SH,20151028,263100.0,ETF,SH
510500.SH,20151029,258100.0,ETF,SH
510500.SH,20151030,257800.0,ETF,SH
510500.SH,20151102,257500.0,ETF,SH
510500.SH,20151103,257500.0,ETF,SH
510500.SH,20151104,257600.0,ETF,SH
510500.SH,20151105,257300.0,ETF,SH
510500.SH,20151106,258800.0,ETF,SH
510500.SH,20151109,257600.0,ETF,SH
510500.SH,20151110,263300.0,ETF,SH
510500.SH,20151111,261100.0,ETF,SH
510500.SH,20151112,261500.0,ETF,SH
510500.SH,20151113,261300.0,ETF,SH
510500.SH,20151116,261300.0,ETF,SH
510500.SH,20151117,261200.0,ETF,SH
510500.SH,20151118,261100.0,ETF,SH
510500.SH,20151119,261900.0,ETF,SH
510500.SH,20151120,261500.0,ETF,SH
510500.SH,20151123,263200.0,ETF,SH
510500.SH,20151124,262800.0,ETF,SH
510500.SH,20151125,262300.0,ETF,SH
510500.SH,20151126,262000.0,ETF,SH
510500.SH,20151127,262300.0,ETF,SH
510500.SH,20151130,263600.0,ETF,SH
510500.SH,20151201,268100.0,ETF,SH
510500.SH,20151202,269400.0,ETF,SH
510500.SH,20151203,270900.0,ETF,SH
510500.SH,20151204,269700.0,ETF,SH
510500.SH,20151207,269900.0,ETF,SH
510500.SH,20151208,269400.0,ETF,SH
510500.SH,20151209,269400.0,ETF,SH
510500.SH,20151210,269500.0,ETF,SH
510500.SH,20151211,269000.0,ETF,SH
510500.SH,20151214,268600.0,ETF,SH
510500.SH,20151215,267700.0,ETF,SH
510500.SH,20151216,267500.0,ETF,SH
510500.SH,20151217,266900.0,ETF,SH
510500.SH,20151218,264300.0,ETF,SH
510500.SH,20151221,263900.0,ETF,SH
510500.SH,20151222,261500.0,ETF,SH
510500.SH,20151223,260500.0,ETF,SH
510500.SH,20151224,260400.0,ETF,SH
510500.SH,20151225,260300.0,ETF,SH
510500.SH,20151228,260500.0,ETF,SH
510500.SH,20151229,260200.0,ETF,SH
510500.SH,20151230,260700.0,ETF,SH
510500.SH,20151231,260746.7244,ETF,SH
510500.SH,20160104,261300.0,ETF,SH
510500.SH,20160105,263300.0,ETF,SH
510500.SH,20160106,261900.0,ETF,SH
510500.SH,20160107,261800.0,ETF,SH
510500.SH,20160108,259700.0,ETF,SH
510500.SH,20160111,261300.0,ETF,SH
510500.SH,20160112,263300.0,ETF,SH
510500.SH,20160113,263800.0,ETF,SH
510500.SH,20160114,266000.0,ETF,SH
510500.SH,20160115,267900.0,ETF,SH
510500.SH,20160118,269300.0,ETF,SH
510500.SH,20160119,267900.0,ETF,SH
510500.SH,20160120,267700.0,ETF,SH
510500.SH,20160121,271500.0,ETF,SH
510500.SH,20160122,275700.0,ETF,SH
510500.SH,20160125,275500.0,ETF,SH
510500.SH,20160126,280700.0,ETF,SH
510500.SH,20160127,289100.0,ETF,SH
510500.SH,20160128,290100.0,ETF,SH
510500.SH,20160129,291400.0,ETF,SH
510500.SH,20160201,292500.0,ETF,SH
510500.SH,20160202,295900.0,ETF,SH
510500.SH,20160203,295600.0,ETF,SH
510500.SH,20160204,296300.0,ETF,SH
510500.SH,20160205,307900.0,ETF,SH
510500.SH,20160215,308400.0,ETF,SH
510500.SH,20160216,307900.0,ETF,SH
510500.SH,20160217,312200.0,ETF,SH
510500.SH,20160218,306600.0,ETF,SH
510500.SH,20160219,301500.0,ETF,SH
510500.SH,20160222,299700.0,ETF,SH
510500.SH,20160223,298600.0,ETF,SH
510500.SH,20160224,297500.0,ETF,SH
510500.SH,20160225,294500.0,ETF,SH
510500.SH,20160226,296300.0,ETF,SH
510500.SH,20160229,296400.0,ETF,SH
510500.SH,20160301,296100.0,ETF,SH
510500.SH,20160302,295700.0,ETF,SH
510500.SH,20160303,294000.0,ETF,SH
510500.SH,20160304,292400.0,ETF,SH
510500.SH,20160307,288800.0,ETF,SH
510500.SH,20160308,290900.0,ETF,SH
510500.SH,20160309,291300.0,ETF,SH
510500.SH,20160310,289500.0,ETF,SH
510500.SH,20160311,288300.0,ETF,SH
510500.SH,20160314,291000.0,ETF,SH
510500.SH,20160315,290800.0,ETF,SH
510500.SH,20160316,291200.0,ETF,SH
510500.SH,20160317,296000.0,ETF,SH
510500.SH,20160318,302600.0,ETF,SH
510500.SH,20160321,303400.0,ETF,SH
510500.SH,20160322,301400.0,ETF,SH
510500.SH,20160323,296200.0,ETF,SH
510500.SH,20160324,294800.0,ETF,SH
510500.SH,20160325,288000.0,ETF,SH
510500.SH,20160328,284200.0,ETF,SH
510500.SH,20160329,279700.0,ETF,SH
510500.SH,20160330,281500.0,ETF,SH
510500.SH,20160331,281626.7244,ETF,SH
510500.SH,20160401,281500.0,ETF,SH
510500.SH,20160405,282200.0,ETF,SH
510500.SH,20160406,280800.0,ETF,SH
510500.SH,20160407,280300.0,ETF,SH
510500.SH,20160408,279700.0,ETF,SH
510500.SH,20160411,280700.0,ETF,SH
510500.SH,20160412,280200.0,ETF,SH
510500.SH,20160413,290500.0,ETF,SH
510500.SH,20160414,292700.0,ETF,SH
510500.SH,20160415,293200.0,ETF,SH
510500.SH,20160418,292000.0,ETF,SH
510500.SH,20160419,292700.0,ETF,SH
510500.SH,20160420,293900.0,ETF,SH
510500.SH,20160421,292700.0,ETF,SH
510500.SH,20160422,293100.0,ETF,SH
510500.SH,20160425,292500.0,ETF,SH
510500.SH,20160426,292100.0,ETF,SH
510500.SH,20160427,292400.0,ETF,SH
510500.SH,20160428,292900.0,ETF,SH
510500.SH,20160429,291600.0,ETF,SH
510500.SH,20160503,292500.0,ETF,SH
510500.SH,20160504,289000.0,ETF,SH
510500.SH,20160505,289100.0,ETF,SH
510500.SH,20160506,288900.0,ETF,SH
510500.SH,20160509,291000.0,ETF,SH
510500.SH,20160510,292100.0,ETF,SH
510500.SH,20160511,291900.0,ETF,SH
510500.SH,20160512,291200.0,ETF,SH
510500.SH,20160513,288300.0,ETF,SH
510500.SH,20160516,287200.0,ETF,SH
510500.SH,20160517,285300.0,ETF,SH
510500.SH,20160518,286100.0,ETF,SH
510500.SH,20160519,283600.0,ETF,SH
510500.SH,20160520,284700.0,ETF,SH
510500.SH,20160523,283900.0,ETF,SH
510500.SH,20160524,283100.0,ETF,SH
510500.SH,20160525,282900.0,ETF,SH
510500.SH,20160526,283600.0,ETF,SH
510500.SH,20160527,282900.0,ETF,SH
510500.SH,20160530,283000.0,ETF,SH
510500.SH,20160531,284700.0,ETF,SH
510500.SH,20160601,282500.0,ETF,SH
510500.SH,20160602,282700.0,ETF,SH
510500.SH,20160603,284600.0,ETF,SH
510500.SH,20160606,286400.0,ETF,SH
510500.SH,20160607,285400.0,ETF,SH
510500.SH,20160608,285300.0,ETF,SH
510500.SH,20160613,284800.0,ETF,SH
510500.SH,20160614,285400.0,ETF,SH
510500.SH,20160615,290900.0,ETF,SH
510500.SH,20160616,289500.0,ETF,SH
510500.SH,20160617,288900.0,ETF,SH
510500.SH,20160620,286500.0,ETF,SH
510500.SH,20160621,286100.0,ETF,SH
510500.SH,20160622,286300.0,ETF,SH
510500.SH,20160623,286700.0,ETF,SH
510500.SH,20160624,287500.0,ETF,SH
510500.SH,20160627,287000.0,ETF,SH
510500.SH,20160628,287500.0,ETF,SH
510500.SH,20160629,286800.0,ETF,SH
510500.SH,20160630,286066.7244,ETF,SH
510500.SH,20160701,287000.0,ETF,SH
510500.SH,20160704,288000.0,ETF,SH
510500.SH,20160705,286500.0,ETF,SH
510500.SH,20160706,286000.0,ETF,SH
510500.SH,20160707,285600.0,ETF,SH
510500.SH,20160708,285900.0,ETF,SH
510500.SH,20160711,286200.0,ETF,SH
510500.SH,20160712,279500.0,ETF,SH
510500.SH,20160713,279300.0,ETF,SH
510500.SH,20160714,278400.0,ETF,SH
510500.SH,20160715,278100.0,ETF,SH
510500.SH,20160718,278100.0,ETF,SH
510500.SH,20160719,276600.0,ETF,SH
510500.SH,20160720,276100.0,ETF,SH
510500.SH,20160721,276500.0,ETF,SH
510500.SH,20160722,277900.0,ETF,SH
510500.SH,20160725,278500.0,ETF,SH
510500.SH,20160726,277300.0,ETF,SH
510500.SH,20160727,286400.0,ETF,SH
510500.SH,20160728,286300.0,ETF,SH
510500.SH,20160729,285500.0,ETF,SH
510500.SH,20160801,287000.0,ETF,SH
510500.SH,20160802,287100.0,ETF,SH
510500.SH,20160803,286300.0,ETF,SH
510500.SH,20160804,285000.0,ETF,SH
510500.SH,20160805,284300.0,ETF,SH
510500.SH,20160808,284800.0,ETF,SH
510500.SH,20160809,283600.0,ETF,SH
510500.SH,20160810,281600.0,ETF,SH
510500.SH,20160811,281600.0,ETF,SH
510500.SH,20160812,282600.0,ETF,SH
510500.SH,20160815,284400.0,ETF,SH
510500.SH,20160816,283900.0,ETF,SH
510500.SH,20160817,280700.0,ETF,SH
510500.SH,20160818,271700.0,ETF,SH
510500.SH,20160819,262400.0,ETF,SH
510500.SH,20160822,259700.0,ETF,SH
510500.SH,20160823,259800.0,ETF,SH
510500.SH,20160824,258500.0,ETF,SH
510500.SH,20160825,259200.0,ETF,SH
510500.SH,20160826,259400.0,ETF,SH
510500.SH,20160829,258900.0,ETF,SH
510500.SH,20160830,258800.0,ETF,SH
510500.SH,20160831,258500.0,ETF,SH
510500.SH,20160901,257600.0,ETF,SH
510500.SH,20160902,258300.0,ETF,SH
510500.SH,20160905,257600.0,ETF,SH
510500.SH,20160906,258500.0,ETF,SH
510500.SH,20160907,259600.0,ETF,SH
510500.SH,20160908,259900.0,ETF,SH
510500.SH,20160909,260100.0,ETF,SH
510500.SH,20160912,261300.0,ETF,SH
510500.SH,20160913,260700.0,ETF,SH
510500.SH,20160914,261500.0,ETF,SH
510500.SH,20160919,261300.0,ETF,SH
510500.SH,20160920,260800.0,ETF,SH
510500.SH,20160921,261700.0,ETF,SH
510500.SH,20160922,262100.0,ETF,SH
510500.SH,20160923,262100.0,ETF,SH
510500.SH,20160926,263400.0,ETF,SH
510500.SH,20160927,264400.0,ETF,SH
510500.SH,20160928,263500.0,ETF,SH
510500.SH,20160929,264400.0,ETF,SH
510500.SH,20160930,264626.7244,ETF,SH
510500.SH,20161010,265200.0,ETF,SH
510500.SH,20161011,264600.0,ETF,SH
510500.SH,20161012,264500.0,ETF,SH
510500.SH,20161013,264500.0,ETF,SH
510500.SH,20161014,260400.0,ETF,SH
510500.SH,20161017,260100.0,ETF,SH
510500.SH,20161018,260000.0,ETF,SH
510500.SH,20161019,260000.0,ETF,SH
510500.SH,20161020,259700.0,ETF,SH
510500.SH,20161021,259500.0,ETF,SH
510500.SH,20161024,259900.0,ETF,SH
510500.SH,20161025,258500.0,ETF,SH
510500.SH,20161026,257800.0,ETF,SH
510500.SH,20161027,257500.0,ETF,SH
510500.SH,20161028,257700.0,ETF,SH
510500.SH,20161031,256800.0,ETF,SH
510500.SH,20161101,255900.0,ETF,SH
510500.SH,20161102,255400.0,ETF,SH
510500.SH,20161103,255500.0,ETF,SH
510500.SH,20161104,255200.0,ETF,SH
510500.SH,20161107,254900.0,ETF,SH
510500.SH,20161108,255500.0,ETF,SH
510500.SH,20161109,256300.0,ETF,SH
510500.SH,20161110,255900.0,ETF,SH
510500.SH,20161111,255900.0,ETF,SH
510500.SH,20161114,256600.0,ETF,SH
510500.SH,20161115,256300.0,ETF,SH
510500.SH,20161116,256200.0,ETF,SH
510500.SH,20161117,256100.0,ETF,SH
510500.SH,20161118,255900.0,ETF,SH
510500.SH,20161121,256200.0,ETF,SH
510500.SH,20161122,255900.0,ETF,SH
510500.SH,20161123,255900.0,ETF,SH
510500.SH,20161124,255300.0,ETF,SH
510500.SH,20161125,254200.0,ETF,SH
510500.SH,20161128,254000.0,ETF,SH
510500.SH,20161129,253500.0,ETF,SH
510500.SH,20161130,254000.0,ETF,SH
510500.SH,20161201,253500.0,ETF,SH
510500.SH,20161202,253000.0,ETF,SH
510500.SH,20161205,252800.0,ETF,SH
510500.SH,20161206,252300.0,ETF,SH
510500.SH,20161207,252400.0,ETF,SH
510500.SH,20161208,252600.0,ETF,SH
510500.SH,20161209,253000.0,ETF,SH
510500.SH,20161212,255600.0,ETF,SH
510500.SH,20161213,255000.0,ETF,SH
510500.SH,20161214,255300.0,ETF,SH
510500.SH,20161215,254400.0,ETF,SH
510500.SH,20161216,254600.0,ETF,SH
510500.SH,20161219,254600.0,ETF,SH
510500.SH,20161220,254700.0,ETF,SH
510500.SH,20161221,253900.0,ETF,SH
510500.SH,20161222,253300.0,ETF,SH
510500.SH,20161223,253500.0,ETF,SH
510500.SH,20161226,254300.0,ETF,SH
510500.SH,20161227,253900.0,ETF,SH
510500.SH,20161228,254300.0,ETF,SH
510500.SH,20161229,254700.0,ETF,SH
510500.SH,20161230,255200.0,ETF,SH
510500.SH,20161231,255186.7244,ETF,SH
510500.SH,20170103,255500.0,ETF,SH
510500.SH,20170104,255800.0,ETF,SH
510500.SH,20170105,255900.0,ETF,SH
510500.SH,20170106,255700.0,ETF,SH
510500.SH,20170109,255700.0,ETF,SH
510500.SH,20170110,255500.0,ETF,SH
510500.SH,20170111,256000.0,ETF,SH
510500.SH,20170112,255900.0,ETF,SH
510500.SH,20170113,256500.0,ETF,SH
510500.SH,20170116,257400.0,ETF,SH
510500.SH,20170117,256900.0,ETF,SH
510500.SH,20170118,258400.0,ETF,SH
510500.SH,20170119,259600.0,ETF,SH
510500.SH,20170120,260500.0,ETF,SH
510500.SH,20170123,261900.0,ETF,SH
510500.SH,20170124,264100.0,ETF,SH
510500.SH,20170125,266800.0,ETF,SH
510500.SH,20170126,266800.0,ETF,SH
510500.SH,20170203,266500.0,ETF,SH
510500.SH,20170206,266500.0,ETF,SH
510500.SH,20170207,269100.0,ETF,SH
510500.SH,20170208,268900.0,ETF,SH
510500.SH,20170209,270500.0,ETF,SH
510500.SH,20170210,270000.0,ETF,SH
510500.SH,20170213,269600.0,ETF,SH
510500.SH,20170214,269000.0,ETF,SH
510500.SH,20170215,268800.0,ETF,SH
510500.SH,20170216,268500.0,ETF,SH
510500.SH,20170217,268500.0,ETF,SH
510500.SH,20170220,268700.0,ETF,SH
510500.SH,20170221,269000.0,ETF,SH
510500.SH,20170222,269100.0,ETF,SH
510500.SH,20170223,269000.0,ETF,SH
510500.SH,20170224,268900.0,ETF,SH
510500.SH,20170227,265900.0,ETF,SH
510500.SH,20170228,265900.0,ETF,SH
510500.SH,20170301,261200.0,ETF,SH
510500.SH,20170302,260500.0,ETF,SH
510500.SH,20170303,260300.0,ETF,SH
510500.SH,20170306,260900.0,ETF,SH
510500.SH,20170307,261100.0,ETF,SH
510500.SH,20170308,261500.0,ETF,SH
510500.SH,20170309,261900.0,ETF,SH
510500.SH,20170310,261500.0,ETF,SH
510500.SH,20170313,261900.0,ETF,SH
510500.SH,20170314,261700.0,ETF,SH
510500.SH,20170315,261500.0,ETF,SH
510500.SH,20170316,260000.0,ETF,SH
510500.SH,20170317,256900.0,ETF,SH
510500.SH,20170320,256300.0,ETF,SH
510500.SH,20170321,255700.0,ETF,SH
510500.SH,20170322,255500.0,ETF,SH
510500.SH,20170323,255800.0,ETF,SH
510500.SH,20170324,256300.0,ETF,SH
510500.SH,20170327,256300.0,ETF,SH
510500.SH,20170328,255900.0,ETF,SH
510500.SH,20170329,255100.0,ETF,SH
510500.SH,20170330,254800.0,ETF,SH
510500.SH,20170331,254386.7244,ETF,SH
510500.SH,20170405,254900.0,ETF,SH
510500.SH,20170406,254000.0,ETF,SH
510500.SH,20170407,252200.0,ETF,SH
510500.SH,20170410,250900.0,ETF,SH
510500.SH,20170411,250500.0,ETF,SH
510500.SH,20170412,250400.0,ETF,SH
510500.SH,20170413,250500.0,ETF,SH
510500.SH,20170414,249500.0,ETF,SH
510500.SH,20170417,250800.0,ETF,SH
510500.SH,20170418,251200.0,ETF,SH
510500.SH,20170419,253900.0,ETF,SH
510500.SH,20170420,254800.0,ETF,SH
510500.SH,20170421,255000.0,ETF,SH
510500.SH,20170424,262300.0,ETF,SH
510500.SH,20170425,262800.0,ETF,SH
510500.SH,20170426,262800.0,ETF,SH
510500.SH,20170427,264000.0,ETF,SH
510500.SH,20170428,263900.0,ETF,SH
510500.SH,20170502,263300.0,ETF,SH
510500.SH,20170503,263800.0,ETF,SH
510500.SH,20170504,263900.0,ETF,SH
510500.SH,20170505,265700.0,ETF,SH
510500.SH,20170508,268200.0,ETF,SH
510500.SH,20170509,268600.0,ETF,SH
510500.SH,20170510,268900.0,ETF,SH
510500.SH,20170511,275000.0,ETF,SH
510500.SH,20170512,274100.0,ETF,SH
510500.SH,20170515,274000.0,ETF,SH
510500.SH,20170516,275800.0,ETF,SH
510500.SH,20170517,276400.0,ETF,SH
510500.SH,20170518,277800.0,ETF,SH
510500.SH,20170519,277800.0,ETF,SH
510500.SH,20170522,279100.0,ETF,SH
510500.SH,20170523,280400.0,ETF,SH
510500.SH,20170524,283900.0,ETF,SH
510500.SH,20170525,286700.0,ETF,SH
510500.SH,20170526,287000.0,ETF,SH
510500.SH,20170531,286800.0,ETF,SH
510500.SH,20170601,287200.0,ETF,SH
510500.SH,20170602,292300.0,ETF,SH
510500.SH,20170605,291600.0,ETF,SH
510500.SH,20170606,290500.0,ETF,SH
510500.SH,20170607,294100.0,ETF,SH
510500.SH,20170608,292400.0,ETF,SH
510500.SH,20170609,293100.0,ETF,SH
510500.SH,20170612,292100.0,ETF,SH
510500.SH,20170613,293200.0,ETF,SH
510500.SH,20170614,292500.0,ETF,SH
510500.SH,20170615,293000.0,ETF,SH
510500.SH,20170616,292200.0,ETF,SH
510500.SH,20170619,292400.0,ETF,SH
510500.SH,20170620,291900.0,ETF,SH
510500.SH,20170621,290200.0,ETF,SH
510500.SH,20170622,288300.0,ETF,SH
510500.SH,20170623,285800.0,ETF,SH
510500.SH,20170626,287500.0,ETF,SH
510500.SH,20170627,286500.0,ETF,SH
510500.SH,20170628,285300.0,ETF,SH
510500.SH,20170629,286400.0,ETF,SH
510500.SH,20170630,286946.7244,ETF,SH
510500.SH,20170703,288200.0,ETF,SH
510500.SH,20170704,287800.0,ETF,SH
510500.SH,20170705,287400.0,ETF,SH
510500.SH,20170706,284100.0,ETF,SH
510500.SH,20170707,284000.0,ETF,SH
510500.SH,20170710,283800.0,ETF,SH
510500.SH,20170711,283700.0,ETF,SH
510500.SH,20170712,280300.0,ETF,SH
510500.SH,20170713,277300.0,ETF,SH
510500.SH,20170714,275800.0,ETF,SH
510500.SH,20170717,281200.0,ETF,SH
510500.SH,20170718,280700.0,ETF,SH
510500.SH,20170719,280700.0,ETF,SH
510500.SH,20170720,279000.0,ETF,SH
510500.SH,20170721,274700.0,ETF,SH
510500.SH,20170724,273200.0,ETF,SH
510500.SH,20170725,272400.0,ETF,SH
510500.SH,20170726,272300.0,ETF,SH
510500.SH,20170727,272700.0,ETF,SH
510500.SH,20170728,272800.0,ETF,SH
510500.SH,20170731,271700.0,ETF,SH
510500.SH,20170801,270800.0,ETF,SH
510500.SH,20170802,271200.0,ETF,SH
510500.SH,20170803,272000.0,ETF,SH
510500.SH,20170804,271100.0,ETF,SH
510500.SH,20170807,271100.0,ETF,SH
510500.SH,20170808,271600.0,ETF,SH
510500.SH,20170809,271900.0,ETF,SH
510500.SH,20170810,271600.0,ETF,SH
510500.SH,20170811,273600.0,ETF,SH
510500.SH,20170814,276000.0,ETF,SH
510500.SH,20170815,275500.0,ETF,SH
510500.SH,20170816,275400.0,ETF,SH
510500.SH,20170817,274800.0,ETF,SH
510500.SH,20170818,274200.0,ETF,SH
510500.SH,20170821,274600.0,ETF,SH
510500.SH,20170822,274800.0,ETF,SH
510500.SH,20170823,275200.0,ETF,SH
510500.SH,20170824,276100.0,ETF,SH
510500.SH,20170825,279900.0,ETF,SH
510500.SH,20170828,284600.0,ETF,SH
510500.SH,20170829,283800.0,ETF,SH
510500.SH,20170830,283300.0,ETF,SH
510500.SH,20170831,283000.0,ETF,SH
510500.SH,20170901,283800.0,ETF,SH
510500.SH,20170904,283600.0,ETF,SH
510500.SH,20170905,282400.0,ETF,SH
510500.SH,20170906,282000.0,ETF,SH
510500.SH,20170907,282000.0,ETF,SH
510500.SH,20170908,281500.0,ETF,SH
510500.SH,20170911,282400.0,ETF,SH
510500.SH,20170912,281500.0,ETF,SH
510500.SH,20170913,281500.0,ETF,SH
510500.SH,20170914,280900.0,ETF,SH
510500.SH,20170915,279700.0,ETF,SH
510500.SH,20170918,281000.0,ETF,SH
510500.SH,20170919,279300.0,ETF,SH
510500.SH,20170920,279300.0,ETF,SH
510500.SH,20170921,278300.0,ETF,SH
510500.SH,20170922,277600.0,ETF,SH
510500.SH,20170925,276400.0,ETF,SH
510500.SH,20170926,276100.0,ETF,SH
510500.SH,20170927,276100.0,ETF,SH
510500.SH,20170928,275600.0,ETF,SH
510500.SH,20170929,275900.0,ETF,SH
510500.SH,20170930,275946.7244,ETF,SH
510500.SH,20171009,278100.0,ETF,SH
510500.SH,20171010,278500.0,ETF,SH
510500.SH,20171011,278300.0,ETF,SH
510500.SH,20171012,278700.0,ETF,SH
510500.SH,20171013,278700.0,ETF,SH
510500.SH,20171016,278500.0,ETF,SH
510500.SH,20171017,278100.0,ETF,SH
510500.SH,20171018,277200.0,ETF,SH
510500.SH,20171019,278300.0,ETF,SH
510500.SH,20171020,279300.0,ETF,SH
510500.SH,20171023,276800.0,ETF,SH
510500.SH,20171024,277700.0,ETF,SH
510500.SH,20171025,278300.0,ETF,SH
510500.SH,20171026,278900.0,ETF,SH
510500.SH,20171027,278300.0,ETF,SH
510500.SH,20171030,278300.0,ETF,SH
510500.SH,20171031,277500.0,ETF,SH
510500.SH,20171101,277500.0,ETF,SH
510500.SH,20171102,277100.0,ETF,SH
510500.SH,20171103,276700.0,ETF,SH
510500.SH,20171106,276700.0,ETF,SH
510500.SH,20171107,276200.0,ETF,SH
510500.SH,20171108,276200.0,ETF,SH
510500.SH,20171109,275400.0,ETF,SH
510500.SH,20171110,273400.0,ETF,SH
510500.SH,20171113,272900.0,ETF,SH
510500.SH,20171114,272500.0,ETF,SH
510500.SH,20171115,272700.0,ETF,SH
510500.SH,20171116,269500.0,ETF,SH
510500.SH,20171117,269900.0,ETF,SH
510500.SH,20171120,271300.0,ETF,SH
510500.SH,20171121,271500.0,ETF,SH
510500.SH,20171122,271100.0,ETF,SH
510500.SH,20171123,271100.0,ETF,SH
510500.SH,20171124,271700.0,ETF,SH
510500.SH,20171127,271900.0,ETF,SH
510500.SH,20171128,273100.0,ETF,SH
510500.SH,20171129,273000.0,ETF,SH
510500.SH,20171130,272900.0,ETF,SH
510500.SH,20171201,273900.0,ETF,SH
510500.SH,20171204,272900.0,ETF,SH
510500.SH,20171205,275500.0,ETF,SH
510500.SH,20171206,277400.0,ETF,SH
510500.SH,20171207,276100.0,ETF,SH
510500.SH,20171208,277100.0,ETF,SH
510500.SH,20171211,276400.0,ETF,SH
510500.SH,20171212,276100.0,ETF,SH
510500.SH,20171213,276500.0,ETF,SH
510500.SH,20171214,276600.0,ETF,SH
510500.SH,20171215,276600.0,ETF,SH
510500.SH,20171218,277600.0,ETF,SH
510500.SH,20171219,278300.0,ETF,SH
510500.SH,20171220,278100.0,ETF,SH
510500.SH,20171221,279900.0,ETF,SH
510500.SH,20171222,279500.0,ETF,SH
510500.SH,20171225,278600.0,ETF,SH
510500.SH,20171226,280200.0,ETF,SH
510500.SH,20171227,279900.0,ETF,SH
510500.SH,20171228,280500.0,ETF,SH
510500.SH,20171229,281100.0,ETF,SH
510500.SH,20171231,281066.7244,ETF,SH
510500.SH,20180102,283000.0,ETF,SH
510500.SH,20180103,283300.0,ETF,SH
510500.SH,20180104,282100.0,ETF,SH
510500.SH,20180105,281400.0,ETF,SH
510500.SH,20180108,282300.0,ETF,SH
510500.SH,20180109,281900.0,ETF,SH
510500.SH,20180110,282600.0,ETF,SH
510500.SH,20180111,283200.0,ETF,SH
510500.SH,20180112,282800.0,ETF,SH
510500.SH,20180115,283800.0,ETF,SH
510500.SH,20180116,282700.0,ETF,SH
510500.SH,20180117,281000.0,ETF,SH
510500.SH,20180118,281300.0,ETF,SH
510500.SH,20180119,281200.0,ETF,SH
510500.SH,20180122,284900.0,ETF,SH
510500.SH,20180123,286200.0,ETF,SH
510500.SH,20180124,291900.0,ETF,SH
510500.SH,20180125,293200.0,ETF,SH
510500.SH,20180126,294000.0,ETF,SH
510500.SH,20180129,297500.0,ETF,SH
510500.SH,20180130,301600.0,ETF,SH
510500.SH,20180131,308700.0,ETF,SH
510500.SH,20180201,312700.0,ETF,SH
510500.SH,20180202,313400.0,ETF,SH
510500.SH,20180205,311300.0,ETF,SH
510500.SH,20180206,312500.0,ETF,SH
510500.SH,20180207,314100.0,ETF,SH
510500.SH,20180208,317600.0,ETF,SH
510500.SH,20180209,333600.0,ETF,SH
510500.SH,20180212,335700.0,ETF,SH
510500.SH,20180213,337600.0,ETF,SH
510500.SH,20180214,343100.0,ETF,SH
510500.SH,20180222,342500.0,ETF,SH
510500.SH,20180223,341300.0,ETF,SH
510500.SH,20180226,344700.0,ETF,SH
510500.SH,20180227,346500.0,ETF,SH
510500.SH,20180228,347100.0,ETF,SH
510500.SH,20180301,347000.0,ETF,SH
510500.SH,20180302,347000.0,ETF,SH
510500.SH,20180305,346000.0,ETF,SH
510500.SH,20180306,344900.0,ETF,SH
510500.SH,20180307,344200.0,ETF,SH
510500.SH,20180308,344500.0,ETF,SH
510500.SH,20180309,346000.0,ETF,SH
510500.SH,20180312,345200.0,ETF,SH
510500.SH,20180313,344800.0,ETF,SH
510500.SH,20180314,343300.0,ETF,SH
510500.SH,20180315,339700.0,ETF,SH
510500.SH,20180316,339000.0,ETF,SH
510500.SH,20180319,339500.0,ETF,SH
510500.SH,20180320,339100.0,ETF,SH
510500.SH,20180321,335900.0,ETF,SH
510500.SH,20180322,335500.0,ETF,SH
510500.SH,20180323,340600.0,ETF,SH
510500.SH,20180326,348500.0,ETF,SH
510500.SH,20180327,348400.0,ETF,SH
510500.SH,20180328,348700.0,ETF,SH
510500.SH,20180329,348400.0,ETF,SH
510500.SH,20180330,347700.0,ETF,SH
510500.SH,20180331,347786.7244,ETF,SH
510500.SH,20180402,347100.0,ETF,SH
510500.SH,20180403,347400.0,ETF,SH
510500.SH,20180404,347100.0,ETF,SH
510500.SH,20180409,348300.0,ETF,SH
510500.SH,20180410,348100.0,ETF,SH
510500.SH,20180411,348400.0,ETF,SH
510500.SH,20180412,347600.0,ETF,SH
510500.SH,20180413,347600.0,ETF,SH
510500.SH,20180416,346100.0,ETF,SH
510500.SH,20180417,346500.0,ETF,SH
510500.SH,20180418,351200.0,ETF,SH
510500.SH,20180419,350400.0,ETF,SH
510500.SH,20180420,348300.0,ETF,SH
510500.SH,20180423,351200.0,ETF,SH
510500.SH,20180424,355400.0,ETF,SH
510500.SH,20180425,355000.0,ETF,SH
510500.SH,20180426,354300.0,ETF,SH
510500.SH,20180427,357500.0,ETF,SH
510500.SH,20180502,359300.0,ETF,SH
510500.SH,20180503,362000.0,ETF,SH
510500.SH,20180504,360600.0,ETF,SH
510500.SH,20180507,362100.0,ETF,SH
510500.SH,20180508,362500.0,ETF,SH
510500.SH,20180509,362500.0,ETF,SH
510500.SH,20180510,362400.0,ETF,SH
510500.SH,20180511,363000.0,ETF,SH
510500.SH,20180514,365600.0,ETF,SH
510500.SH,20180515,367800.0,ETF,SH
510500.SH,20180516,367900.0,ETF,SH
510500.SH,20180517,368200.0,ETF,SH
510500.SH,20180518,368000.0,ETF,SH
510500.SH,20180521,371000.0,ETF,SH
510500.SH,20180522,372000.0,ETF,SH
510500.SH,20180523,370000.0,ETF,SH
510500.SH,20180524,369900.0,ETF,SH
510500.SH,20180525,370800.0,ETF,SH
510500.SH,20180528,369900.0,ETF,SH
510500.SH,20180529,369700.0,ETF,SH
510500.SH,20180530,371400.0,ETF,SH
510500.SH,20180531,373600.0,ETF,SH
510500.SH,20180601,374700.0,ETF,SH
510500.SH,20180604,376500.0,ETF,SH
510500.SH,20180605,378600.0,ETF,SH
510500.SH,20180606,383300.0,ETF,SH
510500.SH,20180607,383800.0,ETF,SH
510500.SH,20180608,384500.0,ETF,SH
510500.SH,20180611,387200.0,ETF,SH
510500.SH,20180612,390200.0,ETF,SH
510500.SH,20180613,389300.0,ETF,SH
510500.SH,20180614,389200.0,ETF,SH
510500.SH,20180615,393300.0,ETF,SH
510500.SH,20180619,408700.0,ETF,SH
510500.SH,20180620,416100.0,ETF,SH
510500.SH,20180621,423300.0,ETF,SH
510500.SH,20180622,427300.0,ETF,SH
510500.SH,20180625,424700.0,ETF,SH
510500.SH,20180626,427400.0,ETF,SH
510500.SH,20180627,427100.0,ETF,SH
510500.SH,20180628,430600.0,ETF,SH
510500.SH,20180629,435900.0,ETF,SH
510500.SH,20180630,438066.7244,ETF,SH
510500.SH,20180702,435900.0,ETF,SH
510500.SH,20180703,443200.0,ETF,SH
510500.SH,20180704,445300.0,ETF,SH
510500.SH,20180705,449700.0,ETF,SH
510500.SH,20180706,457400.0,ETF,SH
510500.SH,20180709,457500.0,ETF,SH
510500.SH,20180710,458200.0,ETF,SH
510500.SH,20180711,473300.0,ETF,SH
510500.SH,20180712,481800.0,ETF,SH
510500.SH,20180713,481500.0,ETF,SH
510500.SH,20180716,480500.0,ETF,SH
510500.SH,20180717,481100.0,ETF,SH
510500.SH,20180718,479900.0,ETF,SH
510500.SH,20180719,480400.0,ETF,SH
510500.SH,20180720,485700.0,ETF,SH
510500.SH,20180723,487500.0,ETF,SH
510500.SH,20180724,497000.0,ETF,SH
510500.SH,20180725,493800.0,ETF,SH
510500.SH,20180726,491626.72,ETF,SH
510500.SH,20180727,491080.06,ETF,SH
510500.SH,20180730,489106.72,ETF,SH
510500.SH,20180731,489906.72,ETF,SH
510500.SH,20180801,489697.72,ETF,SH
510500.SH,20180802,490066.69,ETF,SH
510500.SH,20180803,493146.72,ETF,SH
510500.SH,20180806,502866.06,ETF,SH
510500.SH,20180807,507386.72,ETF,SH
510500.SH,20180808,503467.22,ETF,SH
510500.SH,20180809,508546.72,ETF,SH
510500.SH,20180810,507826.72,ETF,SH
510500.SH,20180813,511506.72,ETF,SH
510500.SH,20180814,510184.67,ETF,SH
510500.SH,20180815,506026.72,ETF,SH
510500.SH,20180816,508221.27,ETF,SH
510500.SH,20180817,510336.14,ETF,SH
510500.SH,20180820,518711.38,ETF,SH
510500.SH,20180821,524153.32,ETF,SH
510500.SH,20180822,524386.72,ETF,SH
510500.SH,20180823,529905.37,ETF,SH
510500.SH,20180824,530141.09,ETF,SH
510500.SH,20180827,535106.72,ETF,SH
510500.SH,20180828,535826.72,ETF,SH
510500.SH,20180829,535746.72,ETF,SH
510500.SH,20180830,536546.72,ETF,SH
510500.SH,20180831,537291.07,ETF,SH
510500.SH,20180903,544453.29,ETF,SH
510500.SH,20180904,544817.66,ETF,SH
510500.SH,20180905,544098.5,ETF,SH
510500.SH,20180906,547048.41,ETF,SH
510500.SH,20180907,550386.72,ETF,SH
510500.SH,20180910,551506.72,ETF,SH
510500.SH,20180911,558640.54,ETF,SH
510500.SH,20180912,561603.3,ETF,SH
510500.SH,20180913,571625.39,ETF,SH
510500.SH,20180914,571800.3,ETF,SH
510500.SH,20180917,571906.72,ETF,SH
510500.SH,20180918,573312.38,ETF,SH
510500.SH,20180919,571986.72,ETF,SH
510500.SH,20180920,571986.72,ETF,SH
510500.SH,20180921,579957.63,ETF,SH
510500.SH,20180925,580139.36,ETF,SH
510500.SH,20180926,581946.7,ETF,SH
510500.SH,20180927,580346.72,ETF,SH
510500.SH,20180928,582746.72,ETF,SH
510500.SH,20180930,583106.7244,ETF,SH
510500.SH,20181008,583386.72,ETF,SH
510500.SH,20181009,583346.72,ETF,SH
510500.SH,20181010,585746.72,ETF,SH
510500.SH,20181011,588226.58,ETF,SH
510500.SH,20181012,589066.72,ETF,SH
510500.SH,20181015,586466.72,ETF,SH
510500.SH,20181016,587186.72,ETF,SH
510500.SH,20181017,602824.01,ETF,SH
510500.SH,20181018,607186.69,ETF,SH
510500.SH,20181019,616346.72,ETF,SH
510500.SH,20181022,644866.72,ETF,SH
510500.SH,20181023,656159.84,ETF,SH
510500.SH,20181024,662146.72,ETF,SH
510500.SH,20181025,661186.51,ETF,SH
510500.SH,20181026,665866.72,ETF,SH
510500.SH,20181029,669866.72,ETF,SH
510500.SH,20181030,677044.28,ETF,SH
510500.SH,20181031,691017.21,ETF,SH
510500.SH,20181101,708426.72,ETF,SH
510500.SH,20181102,787932.8,ETF,SH
510500.SH,20181105,784265.71,ETF,SH
510500.SH,20181106,785346.72,ETF,SH
510500.SH,20181107,783026.72,ETF,SH
510500.SH,20181108,777746.72,ETF,SH
510500.SH,20181109,776786.72,ETF,SH
510500.SH,20181112,790651.5,ETF,SH
510500.SH,20181113,801141.91,ETF,SH
510500.SH,20181114,798595.9,ETF,SH
510500.SH,20181115,799301.97,ETF,SH
510500.SH,20181116,801837.32,ETF,SH
510500.SH,20181119,785786.72,ETF,SH
510500.SH,20181120,767786.72,ETF,SH
510500.SH,20181121,758625.45,ETF,SH
510500.SH,20181122,748946.72,ETF,SH
510500.SH,20181123,739026.72,ETF,SH
510500.SH,20181126,725426.72,ETF,SH
510500.SH,20181127,721866.72,ETF,SH
510500.SH,20181128,723664.96,ETF,SH
510500.SH,20181129,722106.72,ETF,SH
510500.SH,20181130,726280.8,ETF,SH
510500.SH,20181203,746259.15,ETF,SH
510500.SH,20181204,748305.49,ETF,SH
510500.SH,20181205,751344.69,ETF,SH
510500.SH,20181206,744384.51,ETF,SH
510500.SH,20181207,744606.79,ETF,SH
510500.SH,20181210,740675.78,ETF,SH
510500.SH,20181211,741050.56,ETF,SH
510500.SH,20181212,743346.72,ETF,SH
510500.SH,20181213,751506.66,ETF,SH
510500.SH,20181214,750106.72,ETF,SH
510500.SH,20181217,754326.72,ETF,SH
510500.SH,20181218,750598.83,ETF,SH
510500.SH,20181219,743139.0,ETF,SH
510500.SH,20181220,742826.72,ETF,SH
510500.SH,20181221,740346.72,ETF,SH
510500.SH,20181224,748266.68,ETF,SH
510500.SH,20181225,751592.32,ETF,SH
510500.SH,20181226,750581.98,ETF,SH
510500.SH,20181227,749501.3,ETF,SH
510500.SH,20181228,749346.72,ETF,SH
510500.SH,20181231,749986.7244,ETF,SH
510500.SH,20190102,744546.72,ETF,SH
510500.SH,20190103,742226.72,ETF,SH
510500.SH,20190104,743826.72,ETF,SH
510500.SH,20190107,748026.72,ETF,SH
510500.SH,20190108,749165.54,ETF,SH
510500.SH,20190109,758819.27,ETF,SH
510500.SH,20190110,760882.22,ETF,SH
510500.SH,20190111,765485.38,ETF,SH
510500.SH,20190114,763266.72,ETF,SH
510500.SH,20190115,766699.39,ETF,SH
510500.SH,20190116,769823.78,ETF,SH
510500.SH,20190117,771604.19,ETF,SH
510500.SH,20190118,777026.68,ETF,SH
510500.SH,20190121,781846.72,ETF,SH
510500.SH,20190122,779426.72,ETF,SH
510500.SH,20190123,778226.72,ETF,SH
510500.SH,20190124,780306.72,ETF,SH
510500.SH,20190125,781026.72,ETF,SH
510500.SH,20190128,782374.73,ETF,SH
510500.SH,20190129,786781.02,ETF,SH
510500.SH,20190130,787226.72,ETF,SH
510500.SH,20190131,798746.72,ETF,SH
510500.SH,20190201,816622.54,ETF,SH
510500.SH,20190211,820986.72,ETF,SH
510500.SH,20190212,822146.72,ETF,SH
510500.SH,20190213,830626.72,ETF,SH
510500.SH,20190214,828726.72,ETF,SH
510500.SH,20190215,824946.72,ETF,SH
510500.SH,20190218,833346.72,ETF,SH
510500.SH,20190219,828918.79,ETF,SH
510500.SH,20190220,820186.72,ETF,SH
510500.SH,20190221,810946.72,ETF,SH
510500.SH,20190222,812106.72,ETF,SH
510500.SH,20190225,812266.72,ETF,SH
510500.SH,20190226,808586.72,ETF,SH
510500.SH,20190227,803066.72,ETF,SH
510500.SH,20190228,796746.72,ETF,SH
510500.SH,20190301,788266.72,ETF,SH
510500.SH,20190304,779106.72,ETF,SH
510500.SH,20190305,776906.72,ETF,SH
510500.SH,20190306,788546.72,ETF,SH
510500.SH,20190307,785226.72,ETF,SH
510500.SH,20190308,773186.72,ETF,SH
510500.SH,20190311,768626.72,ETF,SH
510500.SH,20190312,764186.72,ETF,SH
510500.SH,20190313,736706.72,ETF,SH
510500.SH,20190314,741226.72,ETF,SH
510500.SH,20190315,747076.72,ETF,SH
510500.SH,20190318,750346.72,ETF,SH
510500.SH,20190319,734426.72,ETF,SH
510500.SH,20190320,722306.72,ETF,SH
510500.SH,20190321,727546.72,ETF,SH
510500.SH,20190322,727386.71,ETF,SH
510500.SH,20190325,727826.72,ETF,SH
510500.SH,20190326,715598.35,ETF,SH
510500.SH,20190327,705306.71,ETF,SH
510500.SH,20190328,698186.72,ETF,SH
510500.SH,20190329,725466.96,ETF,SH
510500.SH,20190331,725506.7244,ETF,SH
510500.SH,20190401,729106.72,ETF,SH
510500.SH,20190402,734541.29,ETF,SH
510500.SH,20190403,736386.71,ETF,SH
510500.SH,20190404,737026.72,ETF,SH
510500.SH,20190408,728866.72,ETF,SH
510500.SH,20190409,735106.72,ETF,SH
510500.SH,20190410,736586.72,ETF,SH
510500.SH,20190411,735266.72,ETF,SH
510500.SH,20190412,736426.72,ETF,SH
510500.SH,20190415,725226.72,ETF,SH
510500.SH,20190416,724586.72,ETF,SH
510500.SH,20190417,714986.72,ETF,SH
510500.SH,20190418,709786.72,ETF,SH
510500.SH,20190419,708786.72,ETF,SH
510500.SH,20190422,705746.72,ETF,SH
510500.SH,20190423,706186.72,ETF,SH
510500.SH,20190424,706186.72,ETF,SH
510500.SH,20190425,704386.72,ETF,SH
510500.SH,20190426,725104.01,ETF,SH
510500.SH,20190429,762826.67,ETF,SH
510500.SH,20190430,773106.72,ETF,SH
510500.SH,20190506,795459.83,ETF,SH
510500.SH,20190507,807958.4,ETF,SH
510500.SH,20190508,812986.72,ETF,SH
510500.SH,20190509,827826.72,ETF,SH
510500.SH,20190510,840664.08,ETF,SH
510500.SH,20190513,824746.72,ETF,SH
510500.SH,20190514,829222.54,ETF,SH
510500.SH,20190515,825186.72,ETF,SH
510500.SH,20190516,836834.21,ETF,SH
510500.SH,20190517,839392.61,ETF,SH
510500.SH,20190520,849055.09,ETF,SH
510500.SH,20190521,850146.72,ETF,SH
510500.SH,20190522,844066.72,ETF,SH
510500.SH,20190523,846819.11,ETF,SH
510500.SH,20190524,861488.65,ETF,SH
510500.SH,20190527,871746.72,ETF,SH
510500.SH,20190528,857706.72,ETF,SH
510500.SH,20190529,838346.72,ETF,SH
510500.SH,20190530,838426.72,ETF,SH
510500.SH,20190531,834856.18,ETF,SH
510500.SH,20190603,835626.72,ETF,SH
510500.SH,20190604,851626.36,ETF,SH
510500.SH,20190605,851249.75,ETF,SH
510500.SH,20190606,855946.72,ETF,SH
510500.SH,20190610,854930.13,ETF,SH
510500.SH,20190611,857383.09,ETF,SH
510500.SH,20190612,847546.72,ETF,SH
510500.SH,20190613,848346.72,ETF,SH
510500.SH,20190614,843626.72,ETF,SH
510500.SH,20190617,852004.27,ETF,SH
510500.SH,20190618,860466.72,ETF,SH
510500.SH,20190619,892686.72,ETF,SH
510500.SH,20190620,909666.67,ETF,SH
510500.SH,20190621,933226.72,ETF,SH
510500.SH,20190624,917946.72,ETF,SH
510500.SH,20190625,909194.66,ETF,SH
510500.SH,20190626,900866.72,ETF,SH
510500.SH,20190627,900586.72,ETF,SH
510500.SH,20190628,903506.72,ETF,SH
510500.SH,20190630,903506.7244,ETF,SH
510500.SH,20190701,910954.87,ETF,SH
510500.SH,20190702,896226.72,ETF,SH
510500.SH,20190703,894746.72,ETF,SH
510500.SH,20190704,896986.72,ETF,SH
510500.SH,20190705,898106.72,ETF,SH
510500.SH,20190708,897706.72,ETF,SH
510500.SH,20190709,893809.42,ETF,SH
510500.SH,20190710,892143.47,ETF,SH
510500.SH,20190711,891426.72,ETF,SH
510500.SH,20190712,894166.72,ETF,SH
510500.SH,20190715,906960.1,ETF,SH
510500.SH,20190716,905306.72,ETF,SH
510500.SH,20190717,902066.72,ETF,SH
510500.SH,20190718,899146.72,ETF,SH
510500.SH,20190719,892866.72,ETF,SH
510500.SH,20190722,899906.15,ETF,SH
510500.SH,20190723,900506.72,ETF,SH
510500.SH,20190724,897466.72,ETF,SH
510500.SH,20190725,891666.72,ETF,SH
510500.SH,20190726,887460.34,ETF,SH
510500.SH,20190729,882106.72,ETF,SH
510500.SH,20190730,877306.72,ETF,SH
510500.SH,20190731,873101.98,ETF,SH
510500.SH,20190801,876367.48,ETF,SH
510500.SH,20190802,884306.53,ETF,SH
510500.SH,20190805,884266.72,ETF,SH
510500.SH,20190806,903426.72,ETF,SH
510500.SH,20190807,897826.72,ETF,SH
510500.SH,20190808,891186.72,ETF,SH
510500.SH,20190809,892826.72,ETF,SH
510500.SH,20190812,897701.84,ETF,SH
510500.SH,20190813,897906.72,ETF,SH
510500.SH,20190814,896477.29,ETF,SH
510500.SH,20190815,903566.72,ETF,SH
510500.SH,20190816,895506.72,ETF,SH
510500.SH,20190819,895066.72,ETF,SH
510500.SH,20190820,892906.72,ETF,SH
510500.SH,20190821,887826.72,ETF,SH
510500.SH,20190822,877866.72,ETF,SH
510500.SH,20190823,876306.72,ETF,SH
510500.SH,20190826,875384.72,ETF,SH
510500.SH,20190827,869866.72,ETF,SH
510500.SH,20190828,866306.72,ETF,SH
510500.SH,20190829,858157.07,ETF,SH
510500.SH,20190830,859306.72,ETF,SH
510500.SH,20190902,863379.98,ETF,SH
510500.SH,20190903,856066.72,ETF,SH
510500.SH,20190904,857814.96,ETF,SH
510500.SH,20190905,870506.72,ETF,SH
510500.SH,20190906,871995.7,ETF,SH
510500.SH,20190909,858426.72,ETF,SH
510500.SH,20190910,849826.72,ETF,SH
510500.SH,20190911,848306.72,ETF,SH
510500.SH,20190912,851826.72,ETF,SH
510500.SH,20190916,843626.72,ETF,SH
510500.SH,20190917,846386.72,ETF,SH
510500.SH,20190918,842746.72,ETF,SH
510500.SH,20190919,837386.72,ETF,SH
510500.SH,20190920,824626.72,ETF,SH
510500.SH,20190923,815057.4,ETF,SH
510500.SH,20190924,808066.72,ETF,SH
510500.SH,20190925,810254.52,ETF,SH
510500.SH,20190926,820540.9,ETF,SH
510500.SH,20190927,819183.09,ETF,SH
510500.SH,20190930,814466.7244,ETF,SH
510500.SH,20191008,813906.72,ETF,SH
510500.SH,20191009,817506.72,ETF,SH
510500.SH,20191010,809026.72,ETF,SH
510500.SH,20191011,801226.72,ETF,SH
510500.SH,20191014,795986.72,ETF,SH
510500.SH,20191015,797069.68,ETF,SH
510500.SH,20191016,795546.72,ETF,SH
510500.SH,20191017,796586.72,ETF,SH
510500.SH,20191018,801437.03,ETF,SH
510500.SH,20191021,803346.72,ETF,SH
510500.SH,20191022,800306.72,ETF,SH
510500.SH,20191023,797146.72,ETF,SH
510500.SH,20191024,804863.82,ETF,SH
510500.SH,20191025,806146.72,ETF,SH
510500.SH,20191028,795292.22,ETF,SH
510500.SH,20191029,792033.26,ETF,SH
510500.SH,20191030,791866.72,ETF,SH
510500.SH,20191031,793386.72,ETF,SH
510500.SH,20191101,798018.19,ETF,SH
510500.SH,20191104,788226.72,ETF,SH
510500.SH,20191105,787066.72,ETF,SH
510500.SH,20191106,781106.72,ETF,SH
510500.SH,20191107,781715.48,ETF,SH
510500.SH,20191108,788208.05,ETF,SH
510500.SH,20191111,797942.64,ETF,SH
510500.SH,20191112,800844.46,ETF,SH
510500.SH,20191113,796466.72,ETF,SH
510500.SH,20191114,790826.72,ETF,SH
510500.SH,20191115,791826.72,ETF,SH
510500.SH,20191118,796397.7,ETF,SH
510500.SH,20191119,796106.72,ETF,SH
510500.SH,20191120,781506.72,ETF,SH
510500.SH,20191121,782506.72,ETF,SH
510500.SH,20191122,784146.72,ETF,SH
510500.SH,20191125,784232.47,ETF,SH
510500.SH,20191126,777266.72,ETF,SH
510500.SH,20191127,778066.72,ETF,SH
510500.SH,20191128,782006.72,ETF,SH
510500.SH,20191129,792789.51,ETF,SH
510500.SH,20191202,795506.72,ETF,SH
510500.SH,20191203,800618.61,ETF,SH
510500.SH,20191204,801266.72,ETF,SH
510500.SH,20191205,801546.72,ETF,SH
510500.SH,20191206,801986.72,ETF,SH
510500.SH,20191209,801106.72,ETF,SH
510500.SH,20191210,801426.72,ETF,SH
510500.SH,20191211,800466.72,ETF,SH
510500.SH,20191212,800906.72,ETF,SH
510500.SH,20191213,803226.72,ETF,SH
510500.SH,20191216,795466.72,ETF,SH
510500.SH,20191217,797666.7,ETF,SH
510500.SH,20191218,802666.72,ETF,SH
510500.SH,20191219,802866.72,ETF,SH
510500.SH,20191220,804626.72,ETF,SH
510500.SH,20191223,804186.72,ETF,SH
510500.SH,20191224,794746.72,ETF,SH
510500.SH,20191225,783746.72,ETF,SH
510500.SH,20191226,778266.72,ETF,SH
510500.SH,20191227,776666.72,ETF,SH
510500.SH,20191230,780060.05,ETF,SH
510500.SH,20191231,780346.7244,ETF,SH
510500.SH,20200102,783546.72,ETF,SH
510500.SH,20200103,783586.72,ETF,SH
510500.SH,20200106,782866.72,ETF,SH
510500.SH,20200107,783026.72,ETF,SH
510500.SH,20200108,786986.72,ETF,SH
510500.SH,20200109,788906.72,ETF,SH
510500.SH,20200110,786946.72,ETF,SH
510500.SH,20200113,787026.72,ETF,SH
510500.SH,20200114,787386.72,ETF,SH
510500.SH,20200115,787746.72,ETF,SH
510500.SH,20200116,787666.72,ETF,SH
510500.SH,20200117,787386.72,ETF,SH
510500.SH,20200120,787666.72,ETF,SH
510500.SH,20200121,779706.72,ETF,SH
510500.SH,20200122,779146.72,ETF,SH
510500.SH,20200123,770386.72,ETF,SH
510500.SH,20200203,797866.72,ETF,SH
510500.SH,20200204,836466.72,ETF,SH
510500.SH,20200205,827706.72,ETF,SH
510500.SH,20200206,817186.72,ETF,SH
510500.SH,20200207,808346.72,ETF,SH
510500.SH,20200210,788386.72,ETF,SH
510500.SH,20200211,783386.72,ETF,SH
510500.SH,20200212,778066.72,ETF,SH
510500.SH,20200213,770986.72,ETF,SH
510500.SH,20200214,766306.72,ETF,SH
510500.SH,20200217,760986.72,ETF,SH
510500.SH,20200218,728186.72,ETF,SH
510500.SH,20200219,715546.72,ETF,SH
510500.SH,20200220,706146.72,ETF,SH
510500.SH,20200221,703946.72,ETF,SH
510500.SH,20200224,694106.72,ETF,SH
510500.SH,20200225,691946.72,ETF,SH
510500.SH,20200226,684186.72,ETF,SH
510500.SH,20200227,675746.72,ETF,SH
510500.SH,20200228,705346.72,ETF,SH
510500.SH,20200302,698106.72,ETF,SH
510500.SH,20200303,672706.72,ETF,SH
510500.SH,20200304,663586.72,ETF,SH
510500.SH,20200305,659346.72,ETF,SH
510500.SH,20200306,658306.72,ETF,SH
510500.SH,20200309,662866.72,ETF,SH
510500.SH,20200310,682826.72,ETF,SH
510500.SH,20200311,660186.72,ETF,SH
510500.SH,20200312,665346.72,ETF,SH
510500.SH,20200313,682986.72,ETF,SH
510500.SH,20200316,679306.72,ETF,SH
510500.SH,20200317,698826.72,ETF,SH
510500.SH,20200318,687826.72,ETF,SH
510500.SH,20200319,699026.72,ETF,SH
510500.SH,20200320,700026.72,ETF,SH
510500.SH,20200323,711826.72,ETF,SH
510500.SH,20200324,725026.72,ETF,SH
510500.SH,20200325,711586.72,ETF,SH
510500.SH,20200326,703746.72,ETF,SH
510500.SH,20200327,703626.72,ETF,SH
510500.SH,20200330,721066.72,ETF,SH
510500.SH,20200331,723226.7244,ETF,SH
510500.SH,20200401,726666.72,ETF,SH
510500.SH,20200402,737746.72,ETF,SH
510500.SH,20200403,729106.72,ETF,SH
510500.SH,20200407,727626.72,ETF,SH
510500.SH,20200408,720026.72,ETF,SH
510500.SH,20200409,716306.72,ETF,SH
510500.SH,20200410,726346.72,ETF,SH
510500.SH,20200413,732066.72,ETF,SH
510500.SH,20200414,733466.72,ETF,SH
510500.SH,20200415,729106.72,ETF,SH
510500.SH,20200416,729506.72,ETF,SH
510500.SH,20200417,730066.72,ETF,SH
510500.SH,20200420,721506.72,ETF,SH
510500.SH,20200421,714986.72,ETF,SH
510500.SH,20200422,708186.72,ETF,SH
510500.SH,20200423,704986.72,ETF,SH
510500.SH,20200424,715306.72,ETF,SH
510500.SH,20200427,718186.72,ETF,SH
510500.SH,20200428,720626.72,ETF,SH
510500.SH,20200429,722986.72,ETF,SH
510500.SH,20200430,728186.72,ETF,SH
510500.SH,20200506,719666.72,ETF,SH
510500.SH,20200507,705706.72,ETF,SH
510500.SH,20200508,704146.72,ETF,SH
510500.SH,20200511,698746.72,ETF,SH
510500.SH,20200512,679266.72,ETF,SH
510500.SH,20200513,665946.72,ETF,SH
510500.SH,20200514,663746.72,ETF,SH
510500.SH,20200515,666746.72,ETF,SH
510500.SH,20200518,665826.72,ETF,SH
510500.SH,20200519,663146.72,ETF,SH
510500.SH,20200520,656626.72,ETF,SH
510500.SH,20200521,656946.72,ETF,SH
510500.SH,20200522,666106.72,ETF,SH
510500.SH,20200525,670906.72,ETF,SH
510500.SH,20200526,658826.72,ETF,SH
510500.SH,20200527,643746.72,ETF,SH
510500.SH,20200528,645546.72,ETF,SH
510500.SH,20200529,639706.72,ETF,SH
510500.SH,20200601,644266.72,ETF,SH
510500.SH,20200602,642826.72,ETF,SH
510500.SH,20200603,635786.72,ETF,SH
510500.SH,20200604,626626.72,ETF,SH
510500.SH,20200605,625186.72,ETF,SH
510500.SH,20200608,622186.72,ETF,SH
510500.SH,20200609,621186.72,ETF,SH
510500.SH,20200610,617466.72,ETF,SH
510500.SH,20200611,615666.72,ETF,SH
510500.SH,20200612,621146.72,ETF,SH
510500.SH,20200615,605306.72,ETF,SH
510500.SH,20200616,606786.72,ETF,SH
510500.SH,20200617,599146.72,ETF,SH
510500.SH,20200618,604706.72,ETF,SH
510500.SH,20200619,607666.72,ETF,SH
510500.SH,20200622,606706.72,ETF,SH
510500.SH,20200623,601266.72,ETF,SH
510500.SH,20200624,598906.72,ETF,SH
510500.SH,20200629,599546.72,ETF,SH
510500.SH,20200630,599946.7244,ETF,SH
510500.SH,20200701,592306.72,ETF,SH
510500.SH,20200702,598146.72,ETF,SH
510500.SH,20200703,598186.72,ETF,SH
510500.SH,20200706,623146.72,ETF,SH
510500.SH,20200707,636666.72,ETF,SH
510500.SH,20200708,627026.72,ETF,SH
510500.SH,20200709,627226.72,ETF,SH
510500.SH,20200710,624106.72,ETF,SH
510500.SH,20200713,621066.72,ETF,SH
510500.SH,20200714,610426.72,ETF,SH
510500.SH,20200715,602506.72,ETF,SH
510500.SH,20200716,605946.72,ETF,SH
510500.SH,20200717,609426.72,ETF,SH
510500.SH,20200720,585186.72,ETF,SH
510500.SH,20200721,578986.72,ETF,SH
510500.SH,20200722,577306.72,ETF,SH
510500.SH,20200723,573986.72,ETF,SH
510500.SH,20200724,568226.72,ETF,SH
510500.SH,20200727,573866.72,ETF,SH
510500.SH,20200728,560066.72,ETF,SH
510500.SH,20200729,566546.72,ETF,SH
510500.SH,20200730,554586.72,ETF,SH
510500.SH,20200731,562866.72,ETF,SH
510500.SH,20200803,555386.72,ETF,SH
510500.SH,20200804,547266.72,ETF,SH
510500.SH,20200805,539386.72,ETF,SH
510500.SH,20200806,535466.72,ETF,SH
510500.SH,20200807,531866.72,ETF,SH
510500.SH,20200810,530666.72,ETF,SH
510500.SH,20200811,527546.72,ETF,SH
510500.SH,20200812,528946.72,ETF,SH
510500.SH,20200813,521026.72,ETF,SH
510500.SH,20200814,535506.72,ETF,SH
510500.SH,20200817,530586.72,ETF,SH
510500.SH,20200818,523666.72,ETF,SH
510500.SH,20200819,519506.72,ETF,SH
510500.SH,20200820,525586.72,ETF,SH
510500.SH,20200821,525346.72,ETF,SH
510500.SH,20200824,518706.72,ETF,SH
510500.SH,20200825,516266.72,ETF,SH
510500.SH,20200826,527826.72,ETF,SH
510500.SH,20200827,529306.72,ETF,SH
510500.SH,20200828,541026.72,ETF,SH
510500.SH,20200831,531146.72,ETF,SH
510500.SH,20200901,533626.72,ETF,SH
510500.SH,20200902,513306.72,ETF,SH
510500.SH,20200903,516946.72,ETF,SH
510500.SH,20200904,528066.72,ETF,SH
510500.SH,20200907,524426.72,ETF,SH
510500.SH,20200908,532466.72,ETF,SH
510500.SH,20200909,533746.72,ETF,SH
510500.SH,20200910,544026.72,ETF,SH
510500.SH,20200911,544186.72,ETF,SH
510500.SH,20200914,537026.72,ETF,SH
510500.SH,20200915,533306.72,ETF,SH
510500.SH,20200916,530866.72,ETF,SH
510500.SH,20200917,539786.72,ETF,SH
510500.SH,20200918,546466.72,ETF,SH
510500.SH,20200921,530026.72,ETF,SH
510500.SH,20200922,531226.72,ETF,SH
510500.SH,20200923,529786.72,ETF,SH
510500.SH,20200924,521786.72,ETF,SH
510500.SH,20200925,531306.72,ETF,SH
510500.SH,20200928,538266.72,ETF,SH
510500.SH,20200929,543946.72,ETF,SH
510500.SH,20200930,536266.7244,ETF,SH
510500.SH,20201009,535426.72,ETF,SH
510500.SH,20201012,538106.72,ETF,SH
510500.SH,20201013,527346.72,ETF,SH
510500.SH,20201014,526626.72,ETF,SH
510500.SH,20201015,533306.72,ETF,SH
510500.SH,20201016,534786.72,ETF,SH
510500.SH,20201019,521626.72,ETF,SH
510500.SH,20201020,524986.72,ETF,SH
510500.SH,20201021,519066.72,ETF,SH
510500.SH,20201022,528866.72,ETF,SH
510500.SH,20201023,542106.72,ETF,SH
510500.SH,20201026,553106.72,ETF,SH
510500.SH,20201027,554866.72,ETF,SH
510500.SH,20201028,554946.72,ETF,SH
510500.SH,20201029,556866.72,ETF,SH
510500.SH,20201030,551146.72,ETF,SH
510500.SH,20201102,555106.72,ETF,SH
510500.SH,20201103,555066.72,ETF,SH
510500.SH,20201104,547666.72,ETF,SH
510500.SH,20201105,547106.72,ETF,SH
510500.SH,20201106,544866.72,ETF,SH
510500.SH,20201109,544546.72,ETF,SH
510500.SH,20201110,532346.72,ETF,SH
510500.SH,20201111,532026.72,ETF,SH
510500.SH,20201112,532666.72,ETF,SH
510500.SH,20201113,531946.72,ETF,SH
510500.SH,20201116,531426.72,ETF,SH
510500.SH,20201117,533226.72,ETF,SH
510500.SH,20201118,538986.72,ETF,SH
510500.SH,20201119,540666.72,ETF,SH
510500.SH,20201120,541546.72,ETF,SH
510500.SH,20201123,541706.72,ETF,SH
510500.SH,20201124,540466.72,ETF,SH
510500.SH,20201125,538986.72,ETF,SH
510500.SH,20201126,546906.72,ETF,SH
510500.SH,20201127,547226.72,ETF,SH
510500.SH,20201130,550066.72,ETF,SH
510500.SH,20201201,553266.72,ETF,SH
510500.SH,20201202,551506.72,ETF,SH
510500.SH,20201203,542666.72,ETF,SH
510500.SH,20201204,541346.72,ETF,SH
510500.SH,20201207,530866.72,ETF,SH
510500.SH,20201208,534146.72,ETF,SH
510500.SH,20201209,537026.72,ETF,SH
510500.SH,20201210,538906.72,ETF,SH
510500.SH,20201211,538786.72,ETF,SH
510500.SH,20201214,538706.72,ETF,SH
510500.SH,20201215,533826.72,ETF,SH
510500.SH,20201216,533546.72,ETF,SH
510500.SH,20201217,543706.72,ETF,SH
510500.SH,20201218,535106.72,ETF,SH
510500.SH,20201221,539266.72,ETF,SH
510500.SH,20201222,537386.72,ETF,SH
510500.SH,20201223,542346.72,ETF,SH
510500.SH,20201224,539026.72,ETF,SH
510500.SH,20201225,547026.72,ETF,SH
510500.SH,20201228,540506.72,ETF,SH
510500.SH,20201229,549866.72,ETF,SH
510500.SH,20201230,550146.72,ETF,SH
510500.SH,20201231,541986.7244,ETF,SH
510500.SH,20210104,522666.72,ETF,SH
510500.SH,20210105,510826.72,ETF,SH
510500.SH,20210106,504266.72,ETF,SH
510500.SH,20210107,499906.72,ETF,SH
510500.SH,20210108,502906.72,ETF,SH
510500.SH,20210111,498106.72,ETF,SH
510500.SH,20210112,493026.72,ETF,SH
510500.SH,20210113,486786.72,ETF,SH
510500.SH,20210114,494346.72,ETF,SH
510500.SH,20210115,501386.72,ETF,SH
510500.SH,20210118,494626.72,ETF,SH
510500.SH,20210119,488226.72,ETF,SH
510500.SH,20210120,484466.72,ETF,SH
510500.SH,20210121,481266.72,ETF,SH
510500.SH,20210122,472666.72,ETF,SH
510500.SH,20210125,469146.72,ETF,SH
510500.SH,20210126,473346.72,ETF,SH
510500.SH,20210127,471186.72,ETF,SH
510500.SH,20210128,487266.72,ETF,SH
510500.SH,20210129,506306.72,ETF,SH
510500.SH,20210201,505386.72,ETF,SH
510500.SH,20210202,492426.72,ETF,SH
510500.SH,20210203,480666.72,ETF,SH
510500.SH,20210204,507786.72,ETF,SH
510500.SH,20210205,510906.72,ETF,SH
510500.SH,20210208,516386.72,ETF,SH
510500.SH,20210209,497306.72,ETF,SH
510500.SH,20210210,475346.72,ETF,SH
510500.SH,20210218,472826.72,ETF,SH
510500.SH,20210219,477506.72,ETF,SH
510500.SH,20210222,479906.72,ETF,SH
510500.SH,20210223,489506.72,ETF,SH
510500.SH,20210224,511866.72,ETF,SH
510500.SH,20210225,508866.72,ETF,SH
510500.SH,20210226,520466.72,ETF,SH
510500.SH,20210301,515506.72,ETF,SH
510500.SH,20210302,500026.72,ETF,SH
510500.SH,20210303,502826.72,ETF,SH
510500.SH,20210304,517466.72,ETF,SH
510500.SH,20210305,531346.72,ETF,SH
510500.SH,20210308,544306.72,ETF,SH
510500.SH,20210309,571786.72,ETF,SH
510500.SH,20210310,570986.72,ETF,SH
510500.SH,20210311,560946.72,ETF,SH
510500.SH,20210312,546106.72,ETF,SH
510500.SH,20210315,553506.72,ETF,SH
510500.SH,20210316,560186.72,ETF,SH
510500.SH,20210317,553066.72,ETF,SH
510500.SH,20210318,544986.72,ETF,SH
510500.SH,20210319,546506.72,ETF,SH
510500.SH,20210322,548466.72,ETF,SH
510500.SH,20210323,545626.72,ETF,SH
510500.SH,20210324,559506.72,ETF,SH
510500.SH,20210325,572506.72,ETF,SH
510500.SH,20210326,576146.72,ETF,SH
510500.SH,20210329,558866.72,ETF,SH
510500.SH,20210330,552426.72,ETF,SH
510500.SH,20210331,544466.7244,ETF,SH
510500.SH,20210401,540106.72,ETF,SH
510500.SH,20210402,534146.72,ETF,SH
510500.SH,20210406,526906.72,ETF,SH
510500.SH,20210407,517346.72,ETF,SH
510500.SH,20210408,508826.72,ETF,SH
510500.SH,20210409,509146.72,ETF,SH
510500.SH,20210412,527946.72,ETF,SH
510500.SH,20210413,536586.72,ETF,SH
510500.SH,20210414,541946.72,ETF,SH
510500.SH,20210415,547266.72,ETF,SH
510500.SH,20210416,567906.72,ETF,SH
510500.SH,20210419,567266.72,ETF,SH
510500.SH,20210420,559146.72,ETF,SH
510500.SH,20210421,558586.72,ETF,SH
510500.SH,20210422,546426.72,ETF,SH
510500.SH,20210423,546626.72,ETF,SH
510500.SH,20210426,542386.72,ETF,SH
510500.SH,20210427,547426.72,ETF,SH
510500.SH,20210428,543866.72,ETF,SH
510500.SH,20210429,541266.72,ETF,SH
510500.SH,20210430,540626.72,ETF,SH
510500.SH,20210506,538306.72,ETF,SH
510500.SH,20210507,545986.72,ETF,SH
510500.SH,20210510,544106.72,ETF,SH
510500.SH,20210511,542506.72,ETF,SH
510500.SH,20210512,541906.72,ETF,SH
510500.SH,20210513,547666.72,ETF,SH
510500.SH,20210514,559906.72,ETF,SH
510500.SH,20210517,566666.72,ETF,SH
510500.SH,20210518,570186.72,ETF,SH
510500.SH,20210519,569906.72,ETF,SH
510500.SH,20210520,570466.72,ETF,SH
510500.SH,20210521,571266.72,ETF,SH
510500.SH,20210524,572826.72,ETF,SH
510500.SH,20210525,576626.72,ETF,SH
510500.SH,20210526,570986.72,ETF,SH
510500.SH,20210527,565826.72,ETF,SH
510500.SH,20210528,559586.72,ETF,SH
510500.SH,20210531,552066.72,ETF,SH
510500.SH,20210601,530986.72,ETF,SH
510500.SH,20210602,521866.72,ETF,SH
510500.SH,20210603,515186.72,ETF,SH
510500.SH,20210604,514226.72,ETF,SH
510500.SH,20210607,505946.72,ETF,SH
510500.SH,20210608,502746.72,ETF,SH
510500.SH,20210609,500266.72,ETF,SH
510500.SH,20210610,499706.72,ETF,SH
510500.SH,20210611,501066.72,ETF,SH
510500.SH,20210615,503346.72,ETF,SH
510500.SH,20210616,509426.72,ETF,SH
510500.SH,20210617,512266.72,ETF,SH
510500.SH,20210618,518666.72,ETF,SH
510500.SH,20210621,522706.72,ETF,SH
510500.SH,20210622,523666.72,ETF,SH
510500.SH,20210623,523506.72,ETF,SH
510500.SH,20210624,516586.72,ETF,SH
510500.SH,20210625,526666.72,ETF,SH
510500.SH,20210628,525106.72,ETF,SH
510500.SH,20210629,518546.72,ETF,SH
510500.SH,20210630,514786.7244,ETF,SH
510500.SH,20210701,510106.72,ETF,SH
510500.SH,20210702,514466.72,ETF,SH
510500.SH,20210705,513026.72,ETF,SH
510500.SH,20210706,512146.72,ETF,SH
510500.SH,20210707,510666.72,ETF,SH
510500.SH,20210708,508826.72,ETF,SH
510500.SH,20210709,509666.72,ETF,SH
510500.SH,20210712,505426.72,ETF,SH
510500.SH,20210713,505186.72,ETF,SH
510500.SH,20210714,513786.72,ETF,SH
510500.SH,20210715,518066.72,ETF,SH
510500.SH,20210716,520066.72,ETF,SH
510500.SH,20210719,526386.72,ETF,SH
510500.SH,20210720,531306.72,ETF,SH
510500.SH,20210721,521906.72,ETF,SH
510500.SH,20210722,519826.72,ETF,SH
510500.SH,20210723,515306.72,ETF,SH
510500.SH,20210726,530306.72,ETF,SH
510500.SH,20210727,559346.72,ETF,SH
510500.SH,20210728,595426.72,ETF,SH
510500.SH,20210729,590466.72,ETF,SH
510500.SH,20210730,585226.72,ETF,SH
510500.SH,20210802,570826.72,ETF,SH
510500.SH,20210803,565706.72,ETF,SH
510500.SH,20210804,543186.72,ETF,SH
510500.SH,20210805,533106.72,ETF,SH
510500.SH,20210806,530866.72,ETF,SH
510500.SH,20210809,523586.72,ETF,SH
510500.SH,20210810,520906.72,ETF,SH
510500.SH,20210811,515826.72,ETF,SH
510500.SH,20210812,514266.72,ETF,SH
510500.SH,20210813,516706.72,ETF,SH
510500.SH,20210816,519066.72,ETF,SH
510500.SH,20210817,540346.72,ETF,SH
510500.SH,20210818,541786.72,ETF,SH
510500.SH,20210819,531186.72,ETF,SH
510500.SH,20210820,538346.72,ETF,SH
510500.SH,20210823,530506.72,ETF,SH
510500.SH,20210824,530386.72,ETF,SH
510500.SH,20210825,526386.72,ETF,SH
510500.SH,20210826,523426.72,ETF,SH
510500.SH,20210827,526426.72,ETF,SH
510500.SH,20210830,523666.72,ETF,SH
510500.SH,20210831,522426.72,ETF,SH
510500.SH,20210901,522266.72,ETF,SH
510500.SH,20210902,524106.72,ETF,SH
510500.SH,20210903,530986.72,ETF,SH
510500.SH,20210906,529306.72,ETF,SH
510500.SH,20210907,529226.72,ETF,SH
510500.SH,20210908,532546.72,ETF,SH
510500.SH,20210909,534666.72,ETF,SH
510500.SH,20210910,535946.72,ETF,SH
510500.SH,20210913,530946.72,ETF,SH
510500.SH,20210914,533626.72,ETF,SH
510500.SH,20210915,533226.72,ETF,SH
510500.SH,20210916,531066.72,ETF,SH
510500.SH,20210917,542266.72,ETF,SH
510500.SH,20210922,542466.72,ETF,SH
510500.SH,20210923,536226.72,ETF,SH
510500.SH,20210924,563746.72,ETF,SH
510500.SH,20210927,591546.72,ETF,SH
510500.SH,20210928,589906.72,ETF,SH
510500.SH,20210929,615746.72,ETF,SH
510500.SH,20210930,595466.7244,ETF,SH
510500.SH,20211008,587026.72,ETF,SH
510500.SH,20211011,580826.72,ETF,SH
510500.SH,20211012,595386.72,ETF,SH
510500.SH,20211013,602386.72,ETF,SH
510500.SH,20211014,592146.72,ETF,SH
510500.SH,20211015,586666.72,ETF,SH
510500.SH,20211018,558226.72,ETF,SH
510500.SH,20211019,542986.72,ETF,SH
510500.SH,20211020,532106.72,ETF,SH
510500.SH,20211021,523506.72,ETF,SH
510500.SH,20211022,525746.72,ETF,SH
510500.SH,20211025,524706.72,ETF,SH
510500.SH,20211026,513146.72,ETF,SH
510500.SH,20211027,510426.72,ETF,SH
510500.SH,20211028,531506.72,ETF,SH
510500.SH,20211029,537786.72,ETF,SH
510500.SH,20211101,538466.72,ETF,SH
510500.SH,20211102,559746.72,ETF,SH
510500.SH,20211103,567066.72,ETF,SH
510500.SH,20211104,565826.72,ETF,SH
510500.SH,20211105,574106.72,ETF,SH
510500.SH,20211108,575826.72,ETF,SH
510500.SH,20211109,572146.72,ETF,SH
510500.SH,20211110,560906.72,ETF,SH
510500.SH,20211111,557426.72,ETF,SH
510500.SH,20211112,557426.72,ETF,SH
510500.SH,20211115,557026.72,ETF,SH
510500.SH,20211116,557666.72,ETF,SH
510500.SH,20211117,556586.72,ETF,SH
510500.SH,20211118,548586.72,ETF,SH
510500.SH,20211119,562266.72,ETF,SH
510500.SH,20211122,548186.72,ETF,SH
510500.SH,20211123,539626.72,ETF,SH
510500.SH,20211124,541026.72,ETF,SH
510500.SH,20211125,539106.72,ETF,SH
510500.SH,20211126,539346.72,ETF,SH
510500.SH,20211129,548666.72,ETF,SH
510500.SH,20211130,540746.72,ETF,SH
510500.SH,20211201,542746.72,ETF,SH
510500.SH,20211202,539746.72,ETF,SH
510500.SH,20211203,538586.72,ETF,SH
510500.SH,20211206,531586.72,ETF,SH
510500.SH,20211207,534506.72,ETF,SH
510500.SH,20211208,530586.72,ETF,SH
510500.SH,20211209,530826.72,ETF,SH
510500.SH,20211210,540946.72,ETF,SH
510500.SH,20211213,539706.72,ETF,SH
510500.SH,20211214,541946.72,ETF,SH
510500.SH,20211215,541786.72,ETF,SH
510500.SH,20211216,544266.72,ETF,SH
510500.SH,20211217,554266.72,ETF,SH
510500.SH,20211220,590106.72,ETF,SH
510500.SH,20211221,595866.72,ETF,SH
510500.SH,20211222,594106.72,ETF,SH
510500.SH,20211223,597626.72,ETF,SH
510500.SH,20211224,617226.72,ETF,SH
510500.SH,20211227,636826.72,ETF,SH
510500.SH,20211228,645386.72,ETF,SH
510500.SH,20211229,656266.72,ETF,SH
510500.SH,20211230,659746.72,ETF,SH
510500.SH,20211231,659786.7244,ETF,SH
510500.SH,20220104,651466.72,ETF,SH
510500.SH,20220105,652426.72,ETF,SH
510500.SH,20220106,642506.72,ETF,SH
510500.SH,20220107,643731.72,ETF,SH
510500.SH,20220110,643486.72,ETF,SH
510500.SH,20220111,647546.72,ETF,SH
510500.SH,20220112,648421.72,ETF,SH
510500.SH,20220113,658116.72,ETF,SH
510500.SH,20220114,669911.72,ETF,SH
510500.SH,20220117,678031.72,ETF,SH
510500.SH,20220118,673201.72,ETF,SH
510500.SH,20220119,681006.72,ETF,SH
510500.SH,20220120,693606.72,ETF,SH
510500.SH,20220121,720346.72,ETF,SH
510500.SH,20220124,728956.72,ETF,SH
510500.SH,20220125,737811.72,ETF,SH
510500.SH,20220126,739981.72,ETF,SH
510500.SH,20220127,735466.72,ETF,SH
510500.SH,20220128,715621.72,ETF,SH
510500.SH,20220207,695601.72,ETF,SH
510500.SH,20220208,699101.72,ETF,SH
510500.SH,20220209,694656.72,ETF,SH
510500.SH,20220210,692171.72,ETF,SH
510500.SH,20220211,699416.72,ETF,SH
510500.SH,20220214,716496.72,ETF,SH
510500.SH,20220215,716601.72,ETF,SH
510500.SH,20220216,714326.72,ETF,SH
510500.SH,20220217,713101.72,ETF,SH
510500.SH,20220218,713346.72,ETF,SH
510500.SH,20220221,705016.72,ETF,SH
510500.SH,20220222,706136.72,ETF,SH
510500.SH,20220223,694481.72,ETF,SH
510500.SH,20220224,715516.72,ETF,SH
510500.SH,20220225,721956.72,ETF,SH
510500.SH,20220228,718281.72,ETF,SH
510500.SH,20220301,708551.72,ETF,SH
510500.SH,20220302,703721.72,ETF,SH
510500.SH,20220303,696581.72,ETF,SH
510500.SH,20220304,705226.72,ETF,SH
510500.SH,20220307,705996.72,ETF,SH
510500.SH,20220308,679536.72,ETF,SH
510500.SH,20220309,643031.72,ETF,SH
510500.SH,20220310,621226.72,ETF,SH
510500.SH,20220311,620351.72,ETF,SH
510500.SH,20220314,630326.72,ETF,SH
510500.SH,20220315,617481.72,ETF,SH
510500.SH,20220316,618531.72,ETF,SH
510500.SH,20220317,606316.72,ETF,SH
510500.SH,20220318,601591.72,ETF,SH
510500.SH,20220321,569251.72,ETF,SH
510500.SH,20220322,563266.72,ETF,SH
510500.SH,20220323,558646.72,ETF,SH
510500.SH,20220324,557771.72,ETF,SH
510500.SH,20220325,554096.72,ETF,SH
510500.SH,20220328,555741.72,ETF,SH
510500.SH,20220329,552801.72,ETF,SH
510500.SH,20220330,565121.72,ETF,SH
510500.SH,20220331,566486.7244,ETF,SH
510500.SH,20220401,577791.72,ETF,SH
510500.SH,20220406,573276.72,ETF,SH
510500.SH,20220407,563791.72,ETF,SH
510500.SH,20220408,558681.72,ETF,SH
510500.SH,20220411,556651.72,ETF,SH
510500.SH,20220412,574221.72,ETF,SH
510500.SH,20220413,574396.72,ETF,SH
510500.SH,20220414,573626.72,ETF,SH
510500.SH,20220415,575446.72,ETF,SH
510500.SH,20220418,585176.72,ETF,SH
510500.SH,20220419,585841.72,ETF,SH
510500.SH,20220420,582621.72,ETF,SH
510500.SH,20220421,588011.72,ETF,SH
510500.SH,20220422,581571.72,ETF,SH
510500.SH,20220425,590881.72,ETF,SH
510500.SH,20220426,609851.72,ETF,SH
510500.SH,20220427,626161.72,ETF,SH
510500.SH,20220428,607576.72,ETF,SH
510500.SH,20220429,618496.72,ETF,SH
510500.SH,20220505,619266.72,ETF,SH
510500.SH,20220506,601661.72,ETF,SH
510500.SH,20220509,584861.72,ETF,SH
510500.SH,20220510,590951.72,ETF,SH
510500.SH,20220511,599771.72,ETF,SH
510500.SH,20220512,599736.72,ETF,SH
510500.SH,20220513,595991.72,ETF,SH
510500.SH,20220516,586051.72,ETF,SH
510500.SH,20220517,591791.72,ETF,SH
510500.SH,20220518,585316.72,ETF,SH
510500.SH,20220519,587381.72,ETF,SH
510500.SH,20220520,587171.72,ETF,SH
510500.SH,20220523,580976.72,ETF,SH
510500.SH,20220524,573556.72,ETF,SH
510500.SH,20220525,567886.72,ETF,SH
510500.SH,20220526,569426.72,ETF,SH
510500.SH,20220527,569671.72,ETF,SH
510500.SH,20220530,565436.72,ETF,SH
510500.SH,20220531,579016.72,ETF,SH
510500.SH,20220601,574746.72,ETF,SH
510500.SH,20220602,580626.72,ETF,SH
510500.SH,20220606,595221.72,ETF,SH
510500.SH,20220607,589166.72,ETF,SH
510500.SH,20220608,584476.72,ETF,SH
510500.SH,20220609,578771.72,ETF,SH
510500.SH,20220610,591581.72,ETF,SH
510500.SH,20220613,588466.72,ETF,SH
510500.SH,20220614,586681.72,ETF,SH
510500.SH,20220615,587906.72,ETF,SH
510500.SH,20220616,591721.72,ETF,SH
510500.SH,20220617,591686.72,ETF,SH
510500.SH,20220620,583181.72,ETF,SH
510500.SH,20220621,584231.72,ETF,SH
510500.SH,20220622,571981.72,ETF,SH
510500.SH,20220623,581536.72,ETF,SH
510500.SH,20220624,584301.72,ETF,SH
510500.SH,20220627,575061.72,ETF,SH
510500.SH,20220628,578421.72,ETF,SH
510500.SH,20220629,580696.72,ETF,SH
510500.SH,20220630,576776.7244,ETF,SH
510500.SH,20220701,575901.72,ETF,SH
510500.SH,20220704,559871.72,ETF,SH
510500.SH,20220705,545521.72,ETF,SH
510500.SH,20220706,547901.72,ETF,SH
510500.SH,20220707,542861.72,ETF,SH
510500.SH,20220708,539396.72,ETF,SH
510500.SH,20220711,539291.72,ETF,SH
510500.SH,20220712,538206.72,ETF,SH
510500.SH,20220713,530926.72,ETF,SH
510500.SH,20220714,540831.72,ETF,SH
510500.SH,20220715,540306.72,ETF,SH
510500.SH,20220718,543106.72,ETF,SH
510500.SH,20220719,538731.72,ETF,SH
510500.SH,20220720,541146.72,ETF,SH
510500.SH,20220721,540866.72,ETF,SH
510500.SH,20220722,531136.72,ETF,SH
510500.SH,20220725,523786.72,ETF,SH
510500.SH,20220726,523821.72,ETF,SH
510500.SH,20220727,523401.72,ETF,SH
510500.SH,20220728,523016.72,ETF,SH
510500.SH,20220729,519656.72,ETF,SH
510500.SH,20220801,518991.72,ETF,SH
510500.SH,20220802,530856.72,ETF,SH
510500.SH,20220803,529596.72,ETF,SH
510500.SH,20220804,522666.72,ETF,SH
510500.SH,20220805,522246.72,ETF,SH
510500.SH,20220808,518921.72,ETF,SH
510500.SH,20220809,513986.72,ETF,SH
510500.SH,20220810,512131.72,ETF,SH
510500.SH,20220811,515841.72,ETF,SH
510500.SH,20220812,517661.72,ETF,SH
510500.SH,20220815,529036.72,ETF,SH
510500.SH,20220816,530471.72,ETF,SH
510500.SH,20220817,531451.72,ETF,SH
510500.SH,20220818,533166.72,ETF,SH
510500.SH,20220819,532921.72,ETF,SH
510500.SH,20220822,532571.72,ETF,SH
510500.SH,20220823,528196.72,ETF,SH
510500.SH,20220824,522911.72,ETF,SH
510500.SH,20220825,516859.72,ETF,SH
510500.SH,20220826,592576.8617,ETF,SH
510500.SH,20220829,603696.86,ETF,SH
510500.SH,20220830,599816.86,ETF,SH
510500.SH,20220831,613136.86,ETF,SH
510500.SH,20220901,614336.86,ETF,SH
510500.SH,20220902,626656.86,ETF,SH
510500.SH,20220905,621616.86,ETF,SH
510500.SH,20220906,620616.86,ETF,SH
510500.SH,20220907,621416.86,ETF,SH
510500.SH,20220908,618816.86,ETF,SH
510500.SH,20220909,622216.86,ETF,SH
510500.SH,20220913,621656.86,ETF,SH
510500.SH,20220914,631376.86,ETF,SH
510500.SH,20220915,634656.86,ETF,SH
510500.SH,20220916,635736.86,ETF,SH
510500.SH,20220919,630696.86,ETF,SH
510500.SH,20220920,627296.86,ETF,SH
510500.SH,20220921,628216.86,ETF,SH
510500.SH,20220922,630376.86,ETF,SH
510500.SH,20220923,631136.86,ETF,SH
510500.SH,20220926,655416.86,ETF,SH
510500.SH,20220927,664056.86,ETF,SH
510500.SH,20220928,660016.86,ETF,SH
510500.SH,20220929,673456.86,ETF,SH
510500.SH,20220930,677776.8617,ETF,SH
510500.SH,20221010,683576.86,ETF,SH
510500.SH,20221011,702776.86,ETF,SH
510500.SH,20221012,711536.86,ETF,SH
510500.SH,20221013,709776.86,ETF,SH
510500.SH,20221014,717256.86,ETF,SH
510500.SH,20221017,716896.86,ETF,SH
510500.SH,20221018,710376.86,ETF,SH
510500.SH,20221019,710456.86,ETF,SH
510500.SH,20221020,707576.86,ETF,SH
510500.SH,20221021,704736.86,ETF,SH
510500.SH,20221024,706176.86,ETF,SH
510500.SH,20221025,718496.86,ETF,SH
510500.SH,20221026,718896.86,ETF,SH
510500.SH,20221027,728096.86,ETF,SH
510500.SH,20221028,724616.86,ETF,SH
510500.SH,20221031,727256.86,ETF,SH
510500.SH,20221101,751056.86,ETF,SH
510500.SH,20221102,753576.86,ETF,SH
510500.SH,20221103,757856.86,ETF,SH
510500.SH,20221104,769576.86,ETF,SH
510500.SH,20221107,766456.86,ETF,SH
510500.SH,20221108,770016.86,ETF,SH
510500.SH,20221109,767336.86,ETF,SH
510500.SH,20221110,769496.86,ETF,SH
510500.SH,20221111,789936.86,ETF,SH
510500.SH,20221114,793616.86,ETF,SH
510500.SH,20221115,797216.86,ETF,SH
510500.SH,20221116,799816.86,ETF,SH
510500.SH,20221117,813296.86,ETF,SH
510500.SH,20221118,844176.86,ETF,SH
510500.SH,20221121,866016.86,ETF,SH
510500.SH,20221122,862336.86,ETF,SH
510500.SH,20221123,886696.86,ETF,SH
510500.SH,20221124,891616.86,ETF,SH
510500.SH,20221125,905856.86,ETF,SH
510500.SH,20221128,920296.86,ETF,SH
510500.SH,20221129,932096.86,ETF,SH
510500.SH,20221130,932496.86,ETF,SH
510500.SH,20221201,938976.86,ETF,SH
510500.SH,20221202,939496.86,ETF,SH
510500.SH,20221205,915256.86,ETF,SH
510500.SH,20221206,913176.86,ETF,SH
510500.SH,20221207,910016.86,ETF,SH
510500.SH,20221208,909376.86,ETF,SH
510500.SH,20221209,912736.86,ETF,SH
510500.SH,20221212,910416.86,ETF,SH
510500.SH,20221213,916976.86,ETF,SH
510500.SH,20221214,920976.86,ETF,SH
510500.SH,20221215,925376.86,ETF,SH
510500.SH,20221216,937496.86,ETF,SH
510500.SH,20221219,975776.86,ETF,SH
510500.SH,20221220,998056.86,ETF,SH
510500.SH,20221221,1000096.86,ETF,SH
510500.SH,20221222,1001856.86,ETF,SH
510500.SH,20221223,1028416.86,ETF,SH
510500.SH,20221226,1046336.86,ETF,SH
510500.SH,20221227,1030656.86,ETF,SH
510500.SH,20221228,1027296.86,ETF,SH
510500.SH,20221229,1027776.86,ETF,SH
510500.SH,20221230,1025136.86,ETF,SH
510500.SH,20221231,1025136.8617,ETF,SH
510500.SH,20230103,1022856.86,ETF,SH
510500.SH,20230104,1014576.86,ETF,SH
510500.SH,20230105,1018176.86,ETF,SH
510500.SH,20230106,1018016.86,ETF,SH
510500.SH,20230109,1009776.86,ETF,SH
510500.SH,20230110,1009216.86,ETF,SH
510500.SH,20230111,1008776.86,ETF,SH
510500.SH,20230112,1010896.86,ETF,SH
510500.SH,20230113,1012136.86,ETF,SH
510500.SH,20230116,1025696.86,ETF,SH
510500.SH,20230117,1033576.86,ETF,SH
510500.SH,20230118,1043776.86,ETF,SH
510500.SH,20230119,1055576.86,ETF,SH
510500.SH,20230120,1068656.86,ETF,SH
510500.SH,20230130,1078176.86,ETF,SH
510500.SH,20230131,1088336.86,ETF,SH
510500.SH,20230201,1063856.86,ETF,SH
510500.SH,20230202,1046536.86,ETF,SH
510500.SH,20230203,1038176.86,ETF,SH
510500.SH,20230206,1027336.86,ETF,SH
510500.SH,20230207,984296.86,ETF,SH
510500.SH,20230208,949896.86,ETF,SH
510500.SH,20230209,961416.86,ETF,SH
510500.SH,20230210,929776.86,ETF,SH
510500.SH,20230213,895176.86,ETF,SH
510500.SH,20230214,880576.86,ETF,SH
510500.SH,20230215,866656.86,ETF,SH
510500.SH,20230216,867816.86,ETF,SH
510500.SH,20230217,869656.86,ETF,SH
510500.SH,20230220,834816.86,ETF,SH
510500.SH,20230221,828656.86,ETF,SH
510500.SH,20230222,816216.86,ETF,SH
510500.SH,20230223,793776.86,ETF,SH
510500.SH,20230224,784296.86,ETF,SH
510500.SH,20230227,771816.86,ETF,SH
510500.SH,20230228,774256.86,ETF,SH
510500.SH,20230301,775376.86,ETF,SH
510500.SH,20230302,769256.86,ETF,SH
510500.SH,20230303,753096.86,ETF,SH
510500.SH,20230306,735016.86,ETF,SH
510500.SH,20230307,726856.86,ETF,SH
510500.SH,20230308,735576.86,ETF,SH
510500.SH,20230309,723096.86,ETF,SH
510500.SH,20230310,723856.86,ETF,SH
510500.SH,20230313,720536.86,ETF,SH
510500.SH,20230314,718856.86,ETF,SH
510500.SH,20230315,713616.86,ETF,SH
510500.SH,20230316,724456.86,ETF,SH
510500.SH,20230317,747456.86,ETF,SH
510500.SH,20230320,750576.86,ETF,SH
510500.SH,20230321,759656.86,ETF,SH
510500.SH,20230322,757816.86,ETF,SH
510500.SH,20230323,751496.86,ETF,SH
510500.SH,20230324,748096.86,ETF,SH
510500.SH,20230327,735336.86,ETF,SH
510500.SH,20230328,728256.86,ETF,SH
510500.SH,20230329,736016.86,ETF,SH
510500.SH,20230330,765056.86,ETF,SH
510500.SH,20230331,784976.8617,ETF,SH
510500.SH,20230403,777936.86,ETF,SH
510500.SH,20230404,780056.86,ETF,SH
510500.SH,20230406,763896.86,ETF,SH
510500.SH,20230407,761176.86,ETF,SH
510500.SH,20230410,759256.86,ETF,SH
510500.SH,20230411,779776.86,ETF,SH
510500.SH,20230412,750656.86,ETF,SH
510500.SH,20230413,741296.86,ETF,SH
510500.SH,20230414,736896.86,ETF,SH
510500.SH,20230417,733976.86,ETF,SH
510500.SH,20230418,721776.86,ETF,SH
510500.SH,20230419,720936.86,ETF,SH
510500.SH,20230420,720336.86,ETF,SH
510500.SH,20230421,725296.86,ETF,SH
510500.SH,20230424,731896.86,ETF,SH
510500.SH,20230425,742136.86,ETF,SH
510500.SH,20230426,744496.86,ETF,SH
510500.SH,20230427,753096.86,ETF,SH
510500.SH,20230428,760336.86,ETF,SH
510500.SH,20230504,755016.86,ETF,SH
510500.SH,20230505,749456.86,ETF,SH
510500.SH,20230508,743976.86,ETF,SH
510500.SH,20230509,731576.86,ETF,SH
510500.SH,20230510,741536.86,ETF,SH
510500.SH,20230511,740216.86,ETF,SH
510500.SH,20230512,741016.86,ETF,SH
510500.SH,20230515,747936.86,ETF,SH
510500.SH,20230516,748456.86,ETF,SH
510500.SH,20230517,754336.86,ETF,SH
510500.SH,20230518,747136.86,ETF,SH
510500.SH,20230519,754456.86,ETF,SH
510500.SH,20230522,755456.86,ETF,SH
510500.SH,20230523,755096.86,ETF,SH
510500.SH,20230524,768696.86,ETF,SH
510500.SH,20230525,772776.86,ETF,SH
510500.SH,20230526,775576.86,ETF,SH
510500.SH,20230529,766696.86,ETF,SH
510500.SH,20230530,772296.86,ETF,SH
510500.SH,20230531,768736.86,ETF,SH
510500.SH,20230601,781296.86,ETF,SH
510500.SH,20230602,794656.86,ETF,SH
510500.SH,20230605,795016.86,ETF,SH
510500.SH,20230606,797256.86,ETF,SH
510500.SH,20230607,801136.86,ETF,SH
510500.SH,20230608,801976.86,ETF,SH
510500.SH,20230609,806656.86,ETF,SH
510500.SH,20230612,810376.86,ETF,SH
510500.SH,20230613,812376.86,ETF,SH
510500.SH,20230614,812336.86,ETF,SH
510500.SH,20230615,813576.86,ETF,SH
510500.SH,20230616,811616.86,ETF,SH
510500.SH,20230619,809696.86,ETF,SH
510500.SH,20230620,809376.86,ETF,SH
510500.SH,20230621,811216.86,ETF,SH
510500.SH,20230626,836816.86,ETF,SH
510500.SH,20230627,816136.86,ETF,SH
510500.SH,20230628,807456.86,ETF,SH
510500.SH,20230629,797216.86,ETF,SH
510500.SH,20230630,794896.8617,ETF,SH
510500.SH,20230703,788056.86,ETF,SH
510500.SH,20230704,776336.86,ETF,SH
510500.SH,20230705,764096.86,ETF,SH
510500.SH,20230706,754656.86,ETF,SH
510500.SH,20230707,751776.86,ETF,SH
510500.SH,20230710,749616.86,ETF,SH
510500.SH,20230711,750216.86,ETF,SH
510500.SH,20230712,750416.86,ETF,SH
510500.SH,20230713,759016.86,ETF,SH
510500.SH,20230714,759096.86,ETF,SH
510500.SH,20230717,749416.86,ETF,SH
510500.SH,20230718,744576.86,ETF,SH
510500.SH,20230719,744176.86,ETF,SH
510500.SH,20230720,759416.86,ETF,SH
510500.SH,20230721,776016.86,ETF,SH
510500.SH,20230724,778096.86,ETF,SH
510500.SH,20230725,782016.86,ETF,SH
510500.SH,20230726,783176.86,ETF,SH
510500.SH,20230727,783616.86,ETF,SH
510500.SH,20230728,788416.86,ETF,SH
510500.SH,20230731,796216.86,ETF,SH
510500.SH,20230801,799296.86,ETF,SH
510500.SH,20230802,797336.86,ETF,SH
510500.SH,20230803,784416.86,ETF,SH
510500.SH,20230804,786216.86,ETF,SH
510500.SH,20230807,814816.86,ETF,SH
510500.SH,20230808,828536.86,ETF,SH
510500.SH,20230809,858456.86,ETF,SH
510500.SH,20230810,861776.86,ETF,SH
510500.SH,20230811,857576.86,ETF,SH
510500.SH,20230814,867656.86,ETF,SH
510500.SH,20230815,865376.86,ETF,SH
510500.SH,20230816,874056.86,ETF,SH
510500.SH,20230817,889016.86,ETF,SH
510500.SH,20230818,898296.86,ETF,SH
510500.SH,20230821,914136.86,ETF,SH
510500.SH,20230822,908176.86,ETF,SH
510500.SH,20230823,905936.86,ETF,SH
510500.SH,20230824,904696.86,ETF,SH
510500.SH,20230825,909376.86,ETF,SH
510500.SH,20230828,914376.86,ETF,SH
510500.SH,20230829,996776.86,ETF,SH
510500.SH,20230830,985976.86,ETF,SH
510500.SH,20230831,987616.86,ETF,SH
510500.SH,20230901,982376.86,ETF,SH
510500.SH,20230904,989336.86,ETF,SH
510500.SH,20230905,970736.86,ETF,SH
510500.SH,20230906,969936.86,ETF,SH
510500.SH,20230907,951456.86,ETF,SH
510500.SH,20230908,931696.86,ETF,SH
510500.SH,20230911,919776.86,ETF,SH
510500.SH,20230912,913456.86,ETF,SH
510500.SH,20230913,901056.86,ETF,SH
510500.SH,20230914,895016.86,ETF,SH
510500.SH,20230915,900696.86,ETF,SH
510500.SH,20230918,947056.86,ETF,SH
510500.SH,20230919,953136.86,ETF,SH
510500.SH,20230920,970936.86,ETF,SH
510500.SH,20230921,974736.86,ETF,SH
510500.SH,20230922,988856.86,ETF,SH
510500.SH,20230925,975056.86,ETF,SH
510500.SH,20230926,986456.86,ETF,SH
510500.SH,20230927,1005616.86,ETF,SH
510500.SH,20230928,995336.86,ETF,SH
510500.SH,20230930,995336.8617,ETF,SH
510500.SH,20231009,990656.86,ETF,SH
510500.SH,20231010,990856.86,ETF,SH
510500.SH,20231011,969896.86,ETF,SH
510500.SH,20231012,959616.86,ETF,SH
510500.SH,20231013,960056.86,ETF,SH
510500.SH,20231016,957256.86,ETF,SH
510500.SH,20231017,949776.86,ETF,SH
510500.SH,20231018,954416.86,ETF,SH
510500.SH,20231019,955656.86,ETF,SH
510500.SH,20231020,954776.86,ETF,SH
510500.SH,20231023,933096.86,ETF,SH
510500.SH,20231024,904496.86,ETF,SH
510500.SH,20231025,894416.86,ETF,SH
510500.SH,20231026,887896.86,ETF,SH
510500.SH,20231027,880176.86,ETF,SH
510500.SH,20231030,861696.86,ETF,SH
510500.SH,20231031,857736.86,ETF,SH
510500.SH,20231101,855936.86,ETF,SH
510500.SH,20231102,859776.86,ETF,SH
510500.SH,20231103,870016.86,ETF,SH
510500.SH,20231106,855176.86,ETF,SH
510500.SH,20231107,845616.86,ETF,SH
510500.SH,20231108,837256.86,ETF,SH
510500.SH,20231109,829456.86,ETF,SH
510500.SH,20231110,820696.86,ETF,SH
510500.SH,20231113,809976.86,ETF,SH
510500.SH,20231114,799616.86,ETF,SH
510500.SH,20231115,795096.86,ETF,SH
510500.SH,20231116,800136.86,ETF,SH
510500.SH,20231117,790256.86,ETF,SH
510500.SH,20231120,784216.86,ETF,SH
510500.SH,20231121,783456.86,ETF,SH
510500.SH,20231122,790016.86,ETF,SH
510500.SH,20231123,792696.86,ETF,SH
510500.SH,20231124,771216.86,ETF,SH
510500.SH,20231127,766936.86,ETF,SH
510500.SH,20231128,757976.86,ETF,SH
510500.SH,20231129,754496.86,ETF,SH
510500.SH,20231130,748656.86,ETF,SH
510500.SH,20231201,743696.86,ETF,SH
510500.SH,20231204,738976.86,ETF,SH
510500.SH,20231205,746056.86,ETF,SH
510500.SH,20231206,756776.86,ETF,SH
510500.SH,20231207,763256.86,ETF,SH
510500.SH,20231208,773336.86,ETF,SH
510500.SH,20231211,791016.86,ETF,SH
510500.SH,20231212,790936.86,ETF,SH
510500.SH,20231213,789976.86,ETF,SH
510500.SH,20231214,795576.86,ETF,SH
510500.SH,20231215,788296.86,ETF,SH
510500.SH,20231218,795856.86,ETF,SH
510500.SH,20231219,805376.86,ETF,SH
510500.SH,20231220,809736.86,ETF,SH
510500.SH,20231221,823256.86,ETF,SH
510500.SH,20231222,832896.86,ETF,SH
510500.SH,20231225,841976.86,ETF,SH
510500.SH,20231226,842896.86,ETF,SH
510500.SH,20231227,833736.86,ETF,SH
510500.SH,20231228,842736.86,ETF,SH
510500.SH,20231229,846256.86,ETF,SH
510500.SH,20231231,846256.8617,ETF,SH
510500.SH,20240102,830096.86,ETF,SH
510500.SH,20240103,823096.86,ETF,SH
510500.SH,20240104,810496.86,ETF,SH
510500.SH,20240105,810856.86,ETF,SH
510500.SH,20240108,802536.86,ETF,SH
510500.SH,20240109,799536.86,ETF,SH
510500.SH,20240110,800176.86,ETF,SH
510500.SH,20240111,805296.86,ETF,SH
510500.SH,20240112,799896.86,ETF,SH
510500.SH,20240115,801536.86,ETF,SH
510500.SH,20240116,800376.86,ETF,SH
510500.SH,20240117,793936.86,ETF,SH
510500.SH,20240118,801256.86,ETF,SH
510500.SH,20240119,789536.86,ETF,SH
510500.SH,20240122,800056.86,ETF,SH
510500.SH,20240123,812496.86,ETF,SH
510500.SH,20240124,808816.86,ETF,SH
510500.SH,20240125,811176.86,ETF,SH
510500.SH,20240126,795976.86,ETF,SH
510500.SH,20240129,796056.86,ETF,SH
510500.SH,20240130,798656.86,ETF,SH
510500.SH,20240131,820136.86,ETF,SH
510500.SH,20240201,831536.86,ETF,SH
510500.SH,20240202,832496.86,ETF,SH
510500.SH,20240205,1139896.86,ETF,SH
510500.SH,20240206,1203616.86,ETF,SH
510500.SH,20240207,1276656.86,ETF,SH
510500.SH,20240208,1373376.86,ETF,SH
510500.SH,20240219,1396216.86,ETF,SH
510500.SH,20240220,1366936.86,ETF,SH
510500.SH,20240221,1366456.86,ETF,SH
510500.SH,20240222,1360536.86,ETF,SH
510500.SH,20240223,1353096.86,ETF,SH
510500.SH,20240226,1351616.86,ETF,SH
510500.SH,20240227,1364016.86,ETF,SH
510500.SH,20240228,1381136.86,ETF,SH
510500.SH,20240229,1413696.86,ETF,SH
510500.SH,20240301,1412096.86,ETF,SH
510500.SH,20240304,1387056.86,ETF,SH
510500.SH,20240305,1464256.86,ETF,SH
510500.SH,20240306,1475096.86,ETF,SH
510500.SH,20240307,1473896.86,ETF,SH
510500.SH,20240308,1481576.86,ETF,SH
510500.SH,20240311,1486216.86,ETF,SH
510500.SH,20240312,1501696.86,ETF,SH
510500.SH,20240313,1495296.86,ETF,SH
510500.SH,20240314,1490136.86,ETF,SH
510500.SH,20240315,1470216.86,ETF,SH
510500.SH,20240318,1466856.86,ETF,SH
510500.SH,20240319,1465616.86,ETF,SH
510500.SH,20240320,1469576.86,ETF,SH
510500.SH,20240321,1464976.86,ETF,SH
510500.SH,20240322,1458816.86,ETF,SH
510500.SH,20240325,1454216.86,ETF,SH
510500.SH,20240326,1476176.86,ETF,SH
510500.SH,20240327,1472656.86,ETF,SH
510500.SH,20240328,1463976.86,ETF,SH
510500.SH,20240329,1456816.86,ETF,SH
510500.SH,20240331,1456816.8617,ETF,SH
510500.SH,20240401,1472496.86,ETF,SH
510500.SH,20240402,1453056.86,ETF,SH
510500.SH,20240403,1423816.86,ETF,SH
510500.SH,20240408,1403376.86,ETF,SH
510500.SH,20240409,1396256.86,ETF,SH
510500.SH,20240410,1387536.86,ETF,SH
510500.SH,20240411,1400896.86,ETF,SH
510500.SH,20240412,1385496.86,ETF,SH
510500.SH,20240415,1393576.86,ETF,SH
510500.SH,20240416,1394656.86,ETF,SH
510500.SH,20240417,1396936.86,ETF,SH
510500.SH,20240418,1399056.86,ETF,SH
510500.SH,20240419,1381376.86,ETF,SH
510500.SH,20240422,1379576.86,ETF,SH
510500.SH,20240423,1381576.86,ETF,SH
510500.SH,20240424,1380976.86,ETF,SH
510500.SH,20240425,1383096.86,ETF,SH
510500.SH,20240426,1443096.86,ETF,SH
510500.SH,20240429,1470856.86,ETF,SH
510500.SH,20240430,1474296.86,ETF,SH
510500.SH,20240506,1485456.86,ETF,SH
510500.SH,20240507,1477696.86,ETF,SH
510500.SH,20240508,1452136.86,ETF,SH
510500.SH,20240509,1456856.86,ETF,SH
510500.SH,20240510,1423256.86,ETF,SH
510500.SH,20240513,1406936.86,ETF,SH
510500.SH,20240514,1393536.86,ETF,SH
510500.SH,20240515,1384776.86,ETF,SH
510500.SH,20240516,1386656.86,ETF,SH
510500.SH,20240517,1417336.86,ETF,SH
510500.SH,20240520,1400136.86,ETF,SH
510500.SH,20240521,1386456.86,ETF,SH
510500.SH,20240522,1378176.86,ETF,SH
510500.SH,20240523,1355616.86,ETF,SH
510500.SH,20240524,1356736.86,ETF,SH
510500.SH,20240527,1346496.86,ETF,SH
510500.SH,20240528,1335936.86,ETF,SH
510500.SH,20240529,1346696.86,ETF,SH
510500.SH,20240530,1355856.86,ETF,SH
510500.SH,20240531,1358936.86,ETF,SH
510500.SH,20240603,1347776.86,ETF,SH
510500.SH,20240604,1347896.86,ETF,SH
510500.SH,20240605,1341136.86,ETF,SH
510500.SH,20240606,1344336.86,ETF,SH
510500.SH,20240607,1344976.86,ETF,SH
510500.SH,20240611,1349016.86,ETF,SH
510500.SH,20240612,1345416.86,ETF,SH
510500.SH,20240613,1347056.86,ETF,SH
510500.SH,20240614,1365416.86,ETF,SH
510500.SH,20240617,1367576.86,ETF,SH
510500.SH,20240618,1376776.86,ETF,SH
510500.SH,20240619,1377216.86,ETF,SH
510500.SH,20240620,1377936.86,ETF,SH
510500.SH,20240621,1383376.86,ETF,SH
510500.SH,20240624,1441736.86,ETF,SH
510500.SH,20240625,1457136.86,ETF,SH
510500.SH,20240626,1452336.86,ETF,SH
510500.SH,20240627,1476976.86,ETF,SH
510500.SH,20240628,1477376.86,ETF,SH
510500.SH,20240630,1477376.8617,ETF,SH
510500.SH,20240701,1461416.86,ETF,SH
510500.SH,20240702,1456776.86,ETF,SH
510500.SH,20240703,1455136.86,ETF,SH
510500.SH,20240704,1476976.86,ETF,SH
510500.SH,20240705,1478856.86,ETF,SH
510500.SH,20240708,1487056.86,ETF,SH
510500.SH,20240709,1501176.86,ETF,SH
510500.SH,20240710,1505976.86,ETF,SH
510500.SH,20240711,1510016.86,ETF,SH
510500.SH,20240712,1510736.86,ETF,SH
510500.SH,20240715,1527096.86,ETF,SH
510500.SH,20240716,1534296.86,ETF,SH
510500.SH,20240717,1578616.86,ETF,SH
510500.SH,20240718,1603336.86,ETF,SH
510500.SH,20240719,1646256.86,ETF,SH
510500.SH,20240722,1655896.86,ETF,SH
510500.SH,20240723,1662136.86,ETF,SH
510500.SH,20240724,1678456.86,ETF,SH
510500.SH,20240725,1681336.86,ETF,SH
510500.SH,20240726,1680016.86,ETF,SH
510500.SH,20240729,1676016.86,ETF,SH
510500.SH,20240730,1683256.86,ETF,SH
510500.SH,20240731,1718696.86,ETF,SH
510500.SH,20240801,1723896.86,ETF,SH
510500.SH,20240802,1724496.86,ETF,SH
510500.SH,20240805,1722296.86,ETF,SH
510500.SH,20240806,1716656.86,ETF,SH
510500.SH,20240807,1711456.86,ETF,SH
510500.SH,20240808,1716416.86,ETF,SH
510500.SH,20240809,1709576.86,ETF,SH
510500.SH,20240812,1716176.86,ETF,SH
510500.SH,20240813,1716816.86,ETF,SH
510500.SH,20240814,1708016.86,ETF,SH
510500.SH,20240815,1734656.86,ETF,SH
510500.SH,20240816,1782496.86,ETF,SH
510500.SH,20240819,1795216.86,ETF,SH
510500.SH,20240820,1777696.86,ETF,SH
510500.SH,20240821,1781296.86,ETF,SH
510500.SH,20240822,1799656.86,ETF,SH
510500.SH,20240823,1806696.86,ETF,SH
510500.SH,20240826,1805896.86,ETF,SH
510500.SH,20240827,1809576.86,ETF,SH
510500.SH,20240828,1823296.86,ETF,SH
510500.SH,20240829,1842416.86,ETF,SH
510500.SH,20240830,1870296.86,ETF,SH
510500.SH,20240902,1847016.86,ETF,SH
510500.SH,20240903,1835056.86,ETF,SH
510500.SH,20240904,1838136.86,ETF,SH
510500.SH,20240905,1840496.86,ETF,SH
510500.SH,20240906,1835056.86,ETF,SH
510500.SH,20240909,1839456.86,ETF,SH
510500.SH,20240910,1836336.86,ETF,SH
510500.SH,20240911,1836336.86,ETF,SH
510500.SH,20240912,1838736.86,ETF,SH
510500.SH,20240913,1840816.86,ETF,SH
510500.SH,20240918,1839616.86,ETF,SH
510500.SH,20240919,1860376.86,ETF,SH
510500.SH,20240920,1859536.86,ETF,SH
510500.SH,20240923,1861696.86,ETF,SH
510500.SH,20240924,1911136.86,ETF,SH
510500.SH,20240925,1912856.86,ETF,SH
510500.SH,20240926,1987736.86,ETF,SH
510500.SH,20240927,1999576.86,ETF,SH
510500.SH,20240930,2121496.8617,ETF,SH
510500.SH,20241008,2084976.86,ETF,SH
510500.SH,20241009,2098416.86,ETF,SH
510500.SH,20241010,2105016.86,ETF,SH
510500.SH,20241011,2091576.86,ETF,SH
510500.SH,20241014,2063536.86,ETF,SH
510500.SH,20241015,2021056.86,ETF,SH
510500.SH,20241016,2013536.86,ETF,SH
510500.SH,20241017,1978176.86,ETF,SH
510500.SH,20241018,2030416.86,ETF,SH
510500.SH,20241021,2001656.86,ETF,SH
510500.SH,20241022,1993696.86,ETF,SH
510500.SH,20241023,1990856.86,ETF,SH
510500.SH,20241024,1985176.86,ETF,SH
510500.SH,20241025,1983456.86,ETF,SH
510500.SH,20241028,1951736.86,ETF,SH
510500.SH,20241029,1922816.86,ETF,SH
510500.SH,20241030,1897016.86,ETF,SH
510500.SH,20241031,1886256.86,ETF,SH
510500.SH,20241101,1880976.86,ETF,SH
510500.SH,20241104,1883176.86,ETF,SH
510500.SH,20241105,1888976.86,ETF,SH
510500.SH,20241106,1880216.86,ETF,SH
510500.SH,20241107,1876656.86,ETF,SH
510500.SH,20241108,1852936.86,ETF,SH
510500.SH,20241111,1820496.86,ETF,SH
510500.SH,20241112,1805736.86,ETF,SH
510500.SH,20241113,1803136.86,ETF,SH
510500.SH,20241114,1808096.86,ETF,SH
510500.SH,20241115,1845176.86,ETF,SH
510500.SH,20241118,1838296.86,ETF,SH
510500.SH,20241119,1815616.86,ETF,SH
510500.SH,20241120,1780016.86,ETF,SH
510500.SH,20241121,1772176.86,ETF,SH
510500.SH,20241122,1778496.86,ETF,SH
510500.SH,20241125,1778096.86,ETF,SH
510500.SH,20241126,1777736.86,ETF,SH
510500.SH,20241127,1790656.86,ETF,SH
510500.SH,20241128,1780736.86,ETF,SH
510500.SH,20241129,1795336.86,ETF,SH
510500.SH,20241202,1789056.86,ETF,SH
510500.SH,20241203,1782736.86,ETF,SH
510500.SH,20241204,1780656.86,ETF,SH
510500.SH,20241205,1780896.86,ETF,SH
510500.SH,20241206,1790296.86,ETF,SH
510500.SH,20241209,1765736.86,ETF,SH
510500.SH,20241210,1795216.86,ETF,SH
510500.SH,20241211,1827656.86,ETF,SH
510500.SH,20241212,1844856.86,ETF,SH
510500.SH,20241213,1822176.86,ETF,SH
510500.SH,20241216,1824056.86,ETF,SH
510500.SH,20241217,1840336.86,ETF,SH
510500.SH,20241218,1835056.86,ETF,SH
510500.SH,20241219,1840736.86,ETF,SH
510500.SH,20241220,1830856.86,ETF,SH
510500.SH,20241223,1827336.86,ETF,SH
510500.SH,20241224,1823496.86,ETF,SH
510500.SH,20241225,1800896.86,ETF,SH
510500.SH,20241226,1799256.86,ETF,SH
510500.SH,20241227,1799616.86,ETF,SH
510500.SH,20241230,1799816.86,ETF,SH
510500.SH,20241231,1749256.8617,ETF,SH
510500.SH,20250102,1755656.86,ETF,SH
510500.SH,20250103,1771856.86,ETF,SH
510500.SH,20250106,1778656.86,ETF,SH
510500.SH,20250107,1757016.86,ETF,SH
510500.SH,20250108,1749176.86,ETF,SH
510500.SH,20250109,1736616.86,ETF,SH
510500.SH,20250110,1741096.86,ETF,SH
510500.SH,20250113,1759936.86,ETF,SH
510500.SH,20250114,1764776.86,ETF,SH
510500.SH,20250115,1760776.86,ETF,SH
510500.SH,20250116,1762376.86,ETF,SH
510500.SH,20250117,1765816.86,ETF,SH
510500.SH,20250120,1776736.86,ETF,SH
510500.SH,20250121,1762456.86,ETF,SH
510500.SH,20250122,1754576.86,ETF,SH
510500.SH,20250123,1768696.86,ETF,SH
510500.SH,20250124,1802496.86,ETF,SH
510500.SH,20250127,1769416.86,ETF,SH
510500.SH,20250205,1761616.86,ETF,SH
510500.SH,20250206,1776096.86,ETF,SH
510500.SH,20250207,1787616.86,ETF,SH
510500.SH,20250210,1765296.86,ETF,SH
510500.SH,20250211,1752896.86,ETF,SH
510500.SH,20250212,1746536.86,ETF,SH
510500.SH,20250213,1737096.86,ETF,SH
510500.SH,20250214,1743896.86,ETF,SH
510500.SH,20250217,1724336.86,ETF,SH
510500.SH,20250218,1722616.86,ETF,SH
510500.SH,20250219,1719736.86,ETF,SH
510500.SH,20250220,1693416.86,ETF,SH
510500.SH,20250221,1705056.86,ETF,SH
510500.SH,20250224,1680856.86,ETF,SH
510500.SH,20250225,1674096.86,ETF,SH
510500.SH,20250226,1656176.86,ETF,SH
510500.SH,20250227,1648176.86,ETF,SH
510500.SH,20250228,1645376.86,ETF,SH
510500.SH,20250303,1640856.86,ETF,SH
510500.SH,20250304,1635936.86,ETF,SH
510500.SH,20250305,1630376.86,ETF,SH
510500.SH,20250306,1655496.86,ETF,SH
510500.SH,20250307,1644816.86,ETF,SH
510500.SH,20250310,1620056.86,ETF,SH
510500.SH,20250311,1624136.86,ETF,SH
510500.SH,20250312,1625456.86,ETF,SH
510500.SH,20250313,1625376.86,ETF,SH
510500.SH,20250314,1656096.86,ETF,SH
510500.SH,20250317,1627776.86,ETF,SH
510500.SH,20250318,1628056.86,ETF,SH
510500.SH,20250319,1627376.86,ETF,SH
510500.SH,20250320,1623576.86,ETF,SH
510500.SH,20250321,1623056.86,ETF,SH
510500.SH,20250324,1625296.86,ETF,SH
510500.SH,20250325,1623816.86,ETF,SH
510500.SH,20250326,1623816.86,ETF,SH
510500.SH,20250327,1629736.86,ETF,SH
510500.SH,20250328,1620336.86,ETF,SH
510500.SH,20250331,1620616.8617,ETF,SH
510500.SH,20250401,1617136.86,ETF,SH
510500.SH,20250402,1623936.86,ETF,SH
510500.SH,20250403,1618216.86,ETF,SH
510500.SH,20250407,1626416.86,ETF,SH
510500.SH,20250408,1904096.86,ETF,SH
510500.SH,20250409,1902976.86,ETF,SH
510500.SH,20250410,1898256.86,ETF,SH
510500.SH,20250411,1893976.86,ETF,SH
510500.SH,20250414,1881296.86,ETF,SH
510500.SH,20250415,1897736.86,ETF,SH
510500.SH,20250416,1944456.86,ETF,SH
510500.SH,20250417,1955896.86,ETF,SH
510500.SH,20250418,1960536.86,ETF,SH
510500.SH,20250421,1950696.86,ETF,SH
510500.SH,20250422,1944416.86,ETF,SH
510500.SH,20250423,1950736.86,ETF,SH
510500.SH,20250424,1951896.86,ETF,SH
510500.SH,20250425,1949496.86,ETF,SH
510500.SH,20250428,1950176.86,ETF,SH
510500.SH,20250429,1950496.86,ETF,SH
510500.SH,20250430,1940056.86,ETF,SH
510500.SH,20250506,1942696.86,ETF,SH
510500.SH,20250507,1939896.86,ETF,SH
510500.SH,20250508,1941576.86,ETF,SH
510500.SH,20250509,1937896.86,ETF,SH
510500.SH,20250512,1936496.86,ETF,SH
510500.SH,20250513,1926136.86,ETF,SH
510500.SH,20250514,1936176.86,ETF,SH
510500.SH,20250515,1932576.86,ETF,SH
510500.SH,20250516,1927776.86,ETF,SH
510500.SH,20250519,1922376.86,ETF,SH
510500.SH,20250520,1920976.86,ETF,SH
510500.SH,20250521,1920096.86,ETF,SH
510500.SH,20250522,1917936.86,ETF,SH
510500.SH,20250523,1921456.86,ETF,SH
510500.SH,20250526,1930696.86,ETF,SH
510500.SH,20250527,1922616.86,ETF,SH
510500.SH,20250528,1919136.86,ETF,SH
510500.SH,20250529,1948296.86,ETF,SH
510500.SH,20250530,1926576.86,ETF,SH
510500.SH,20250603,1931536.86,ETF,SH
510500.SH,20250604,1931416.86,ETF,SH
510500.SH,20250605,1930016.86,ETF,SH
510500.SH,20250606,1927656.86,ETF,SH
510500.SH,20250609,1933176.86,ETF,SH
510500.SH,20250610,1926736.86,ETF,SH
510500.SH,20250611,1930016.86,ETF,SH
510500.SH,20250612,1928456.86,ETF,SH
510500.SH,20250613,1926856.86,ETF,SH
510500.SH,20250616,1936816.86,ETF,SH
510500.SH,20250617,1927536.86,ETF,SH
510500.SH,20250618,1925616.86,ETF,SH
510500.SH,20250619,1921456.86,ETF,SH
510500.SH,20250620,1945896.86,ETF,SH
510500.SH,20250623,1945536.86,ETF,SH
510500.SH,20250624,1945296.86,ETF,SH
510500.SH,20250625,1933376.86,ETF,SH
510500.SH,20250626,1924456.86,ETF,SH
510500.SH,20250627,1913736.86,ETF,SH
510500.SH,20250630,1901216.8617,ETF,SH
510500.SH,20250701,1893576.86,ETF,SH
510500.SH,20250702,1894496.86,ETF,SH
510500.SH,20250703,1892496.86,ETF,SH
510500.SH,20250704,1891256.86,ETF,SH
510500.SH,20250707,1888736.86,ETF,SH
510500.SH,20250708,1896416.86,ETF,SH
510500.SH,20250709,1894216.86,ETF,SH
510500.SH,20250710,1891456.86,ETF,SH
510500.SH,20250711,1900656.86,ETF,SH
510500.SH,20250714,1896776.86,ETF,SH
510500.SH,20250715,1890296.86,ETF,SH
510500.SH,20250716,1888696.86,ETF,SH
510500.SH,20250717,1890696.86,ETF,SH
510500.SH,20250718,1895336.86,ETF,SH
510500.SH,20250721,1896336.86,ETF,SH
510500.SH,20250722,1892656.86,ETF,SH
510500.SH,20250723,1906496.86,ETF,SH
510500.SH,20250724,1915216.86,ETF,SH
510500.SH,20250725,1897216.86,ETF,SH
510500.SH,20250728,1886176.86,ETF,SH
510500.SH,20250729,1874736.86,ETF,SH
510500.SH,20250730,1868256.86,ETF,SH
510500.SH,20250731,1861656.86,ETF,SH
510500.SH,20250801,1856176.86,ETF,SH
510500.SH,20250804,1855216.86,ETF,SH
510500.SH,20250805,1852296.86,ETF,SH
510500.SH,20250806,1860296.86,ETF,SH
510500.SH,20250807,1854256.86,ETF,SH
510500.SH,20250808,1850976.86,ETF,SH
510500.SH,20250811,1854656.86,ETF,SH
510500.SH,20250812,1854936.86,ETF,SH
510500.SH,20250813,1858256.86,ETF,SH
510500.SH,20250814,1858696.86,ETF,SH
510500.SH,20250815,1866176.86,ETF,SH
510500.SH,20250818,1870736.86,ETF,SH
510500.SH,20250819,1853496.86,ETF,SH
510500.SH,20250820,1851616.86,ETF,SH
510500.SH,20250821,1855896.86,ETF,SH
510500.SH,20250822,1928776.86,ETF,SH
510500.SH,20250825,1911976.86,ETF,SH
510500.SH,20250826,1886216.86,ETF,SH
510500.SH,20250827,1881496.86,ETF,SH
510500.SH,20250828,1877336.86,ETF,SH
510500.SH,20250829,1867216.86,ETF,SH
510500.SH,20250901,1865656.86,ETF,SH
510500.SH,20250902,1864056.86,ETF,SH
510500.SH,20250903,1853096.86,ETF,SH
510500.SH,20250904,1860016.86,ETF,SH
510500.SH,20250905,1867256.86,ETF,SH
510500.SH,20250908,1861816.86,ETF,SH
510500.SH,20250909,1857616.86,ETF,SH
510500.SH,20250910,1856576.86,ETF,SH
510500.SH,20250911,1882696.86,ETF,SH
510500.SH,20250912,1883856.86,ETF,SH
510500.SH,20250915,1859016.86,ETF,SH
510500.SH,20250916,1859456.86,ETF,SH
510500.SH,20250917,1858296.86,ETF,SH
510500.SH,20250918,1851816.86,ETF,SH
510500.SH,20250919,1861816.86,ETF,SH
510500.SH,20250922,1847656.86,ETF,SH
510500.SH,20250923,1841536.86,ETF,SH
510500.SH,20250924,1849656.86,ETF,SH
510500.SH,20250925,1850776.86,ETF,SH
510500.SH,20250926,1851136.86,ETF,SH
510500.SH,20250929,1864656.86,ETF,SH
510500.SH,20250930,1864456.86,ETF,SH
510500.SH,20251009,1870216.86,ETF,SH
510500.SH,20251010,1866776.86,ETF,SH
510500.SH,20251013,1857376.86,ETF,SH
510500.SH,20251014,1831216.86,ETF,SH
510500.SH,20251015,1839736.86,ETF,SH
510500.SH,20251016,1824936.86,ETF,SH
510500.SH,20251017,1832216.86,ETF,SH
510500.SH,20251020,1844696.86,ETF,SH
510500.SH,20251021,1847296.86,ETF,SH
510500.SH,20251022,1838256.86,ETF,SH
510500.SH,20251023,1830376.86,ETF,SH
510500.SH,20251024,1828056.86,ETF,SH
510500.SH,20251027,1823896.86,ETF,SH
510500.SH,20251028,1825856.86,ETF,SH
510500.SH,20251029,1833176.86,ETF,SH
510500.SH,20251030,1830176.86,ETF,SH
510500.SH,20251031,1839936.86,ETF,SH
510500.SH,20251103,1832856.86,ETF,SH
510500.SH,20251104,1814096.86,ETF,SH
510500.SH,20251105,1814056.86,ETF,SH
510500.SH,20251106,1815816.86,ETF,SH
510500.SH,20251107,1813016.86,ETF,SH
510500.SH,20251110,1812096.86,ETF,SH
510500.SH,20251111,1809896.86,ETF,SH
510500.SH,20251112,1813536.86,ETF,SH
510500.SH,20251113,1817296.86,ETF,SH
510500.SH,20251114,1819096.86,ETF,SH
510500.SH,20251117,1824496.86,ETF,SH
510500.SH,20251118,1827816.86,ETF,SH
510500.SH,20251119,1842456.86,ETF,SH
510500.SH,20251120,1853016.86,ETF,SH
510500.SH,20251121,1900416.86,ETF,SH
510500.SH,20251124,1913296.86,ETF,SH
510500.SH,20251125,1871176.86,ETF,SH
510500.SH,20251126,1844256.86,ETF,SH
510500.SH,20251127,1836416.86,ETF,SH
510500.SH,20251128,1840536.86,ETF,SH
510500.SH,20251201,1844136.86,ETF,SH
510500.SH,20251202,1836096.86,ETF,SH
510500.SH,20251203,1833816.86,ETF,SH
510500.SH,20251204,1836896.86,ETF,SH
510500.SH,20251205,1854896.86,ETF,SH
510500.SH,20251208,1855296.86,ETF,SH
510500.SH,20251209,1847176.86,ETF,SH
510500.SH,20251210,1827176.86,ETF,SH
510500.SH,20251211,1825616.86,ETF,SH
510500.SH,20251212,1854096.86,ETF,SH
510500.SH,20251215,1853376.86,ETF,SH
510500.SH,20251216,1852376.86,ETF,SH
510500.SH,20251217,1861816.86,ETF,SH
510500.SH,20251218,1862216.86,ETF,SH
510500.SH,20251219,1873376.86,ETF,SH
510500.SH,20251222,1865096.86,ETF,SH
510500.SH,20251223,1862896.86,ETF,SH
510500.SH,20251224,1875616.86,ETF,SH
510500.SH,20251225,1886336.86,ETF,SH
510500.SH,20251226,1917416.86,ETF,SH
510500.SH,20251229,1903296.86,ETF,SH
510500.SH,20251230,1909976.86,ETF,SH
510500.SH,20251231,1906456.86,ETF,SH
510500.SH,20260105,1943176.86,ETF,SH
510500.SH,20260106,1955936.86,ETF,SH
510500.SH,20260107,1949176.86,ETF,SH
510500.SH,20260108,1935856.86,ETF,SH
510500.SH,20260109,1952176.86,ETF,SH
510500.SH,20260112,1955296.86,ETF,SH
510500.SH,20260113,1953936.86,ETF,SH
510500.SH,20260114,1956296.86,ETF,SH
510500.SH,20260115,1872936.86,ETF,SH
510500.SH,20260116,1762056.86,ETF,SH
510500.SH,20260119,1724616.86,ETF,SH
510500.SH,20260120,1614296.86,ETF,SH
510500.SH,20260121,1618816.86,ETF,SH
510500.SH,20260122,1615856.86,ETF,SH
510500.SH,20260123,1635536.86,ETF,SH
510500.SH,20260126,1519056.86,ETF,SH
510500.SH,20260127,1505816.86,ETF,SH
510500.SH,20260128,1403176.86,ETF,SH
510500.SH,20260129,1336056.86,ETF,SH
510500.SH,20260130,1260656.86,ETF,SH
510500.SH,20260202,1116056.86,ETF,SH
510500.SH,20260203,1159096.86,ETF,SH
510500.SH,20260204,1139136.86,ETF,SH
510500.SH,20260205,1100816.86,ETF,SH
510500.SH,20260206,1128256.86,ETF,SH
510500.SH,20260209,1156536.86,ETF,SH
510500.SH,20260210,1139496.86,ETF,SH
510500.SH,20260211,1143936.86,ETF,SH
510500.SH,20260212,1157176.86,ETF,SH
510500.SH,20260213,1089896.86,ETF,SH
510500.SH,20260224,1091056.86,ETF,SH
510500.SH,20260225,1107656.86,ETF,SH
510500.SH,20260226,1042696.86,ETF,SH
510500.SH,20260227,1030336.86,ETF,SH
510500.SH,20260302,983696.86,ETF,SH
510500.SH,20260303,962576.86,ETF,SH
510500.SH,20260304,975216.86,ETF,SH
510500.SH,20260305,937856.86,ETF,SH
510500.SH,20260306,941016.86,ETF,SH
510500.SH,20260309,941256.86,ETF,SH
510500.SH,20260310,954296.86,ETF,SH
510500.SH,20260311,931176.86,ETF,SH
510500.SH,20260312,909976.86,ETF,SH
510500.SH,20260313,911736.86,ETF,SH
510500.SH,20260316,920416.86,ETF,SH
510500.SH,20260317,924136.86,ETF,SH
510500.SH,20260318,934416.86,ETF,SH
510500.SH,20260319,931536.86,ETF,SH
510500.SH,20260320,967176.86,ETF,SH
510500.SH,20260323,963136.86,ETF,SH
510500.SH,20260324,967016.86,ETF,SH
510500.SH,20260325,961016.86,ETF,SH
510500.SH,20260326,947656.86,ETF,SH
510500.SH,20260327,961296.86,ETF,SH
510500.SH,20260330,938336.86,ETF,SH
510500.SH,20260331,943656.86,ETF,SH
510500.SH,20260401,960696.86,ETF,SH
510500.SH,20260402,931536.86,ETF,SH
510500.SH,20260403,944416.86,ETF,SH
510500.SH,20260407,963816.86,ETF,SH
510500.SH,20260408,1057576.86,ETF,SH
510500.SH,20260409,1015296.86,ETF,SH
510500.SH,20260410,1022896.86,ETF,SH
510500.SH,20260413,996616.86,ETF,SH
510500.SH,20260414,979256.86,ETF,SH
510500.SH,20260415,985776.86,ETF,SH
510500.SH,20260416,989776.86,ETF,SH
510500.SH,20260417,976296.86,ETF,SH
510500.SH,20260420,939296.86,ETF,SH
510500.SH,20260421,915016.86,ETF,SH
510500.SH,20260422,892896.86,ETF,SH
510500.SH,20260423,853936.86,ETF,SH
510500.SH,20260424,843536.86,ETF,SH
510500.SH,20260427,819576.86,ETF,SH
510500.SH,20260428,781696.86,ETF,SH
510500.SH,20260429,804496.86,ETF,SH
510500.SH,20260430,747656.86,ETF,SH
510500.SH,20260506,756736.86,ETF,SH
510500.SH,20260507,681576.86,ETF,SH
510500.SH,20260508,601416.86,ETF,SH
510500.SH,20260511,557816.86,ETF,SH
510500.SH,20260512,537296.86,ETF,SH
510500.SH,20260513,529376.86,ETF,SH
510500.SH,20260514,503096.86,ETF,SH
510500.SH,20260515,523536.86,ETF,SH
510500.SH,20260518,512816.86,ETF,SH
510500.SH,20260519,471296.86,ETF,SH
510500.SH,20260520,439496.86,ETF,SH
510500.SH,20260521,450536.86,ETF,SH
510500.SH,20260522,478216.86,ETF,SH
510500.SH,20260525,435816.86,ETF,SH
510500.SH,20260526,434376.86,ETF,SH
510500.SH,20260527,435416.86,ETF,SH
510500.SH,20260528,433216.86,ETF,SH
510500.SH,20260529,433496.86,ETF,SH
510500.SH,20260601,458576.86,ETF,SH
510500.SH,20260602,474296.86,ETF,SH
510500.SH,20260603,470096.86,ETF,SH
510500.SH,20260604,467216.86,ETF,SH
510500.SH,20260605,449336.86,ETF,SH
510500.SH,20260608,459336.86,ETF,SH
510500.SH,20260609,437936.86,ETF,SH
510500.SH,20260610,432736.86,ETF,SH
510500.SH,20260611,435016.86,ETF,SH
510500.SH,20260612,445336.86,ETF,SH
510500.SH,20260615,469856.86,ETF,SH
510500.SH,20260616,458696.86,ETF,SH
510500.SH,20260617,457856.86,ETF,SH
510500.SH,20260618,458216.86,ETF,SH
510500.SH,20260622,446376.86,ETF,SH
510500.SH,20260623,432576.86,ETF,SH
510500.SH,20260624,432136.86,ETF,SH
510500.SH,20260625,426656.86,ETF,SH
510500.SH,20260626,417656.86,ETF,SH
510500.SH,20260629,413936.86,ETF,SH
510500.SH,20260630,414856.8617,ETF,SH
510500.SH,20260701,410896.86,ETF,SH
510500.SH,20260702,434856.86,ETF,SH
510500.SH,20260703,431776.86,ETF,SH
510500.SH,20260706,437696.86,ETF,SH
510500.SH,20260707,446496.86,ETF,SH
510500.SH,20260708,462136.86,ETF,SH
510500.SH,20260709,468056.86,ETF,SH
510500.SH,20260710,453656.86,ETF,SH
510500.SH,20260713,525256.86,ETF,SH
510500.SH,20260714,547856.86,ETF,SH
510500.SH,20260715,543656.86,ETF,SH
510500.SH,20260716,572216.86,ETF,SH
510500.SH,20260717,592376.86,ETF,SH
510500.SH,20260720,617256.86,ETF,SH
510500.SH,20260721,614056.86,ETF,SH
510500.SH,20260722,578696.86,ETF,SH
510500.SH,20260723,573376.86,ETF,SH
510500.SH,20260724,568056.86,ETF,SH
510500.SH,20260727,613656.86,ETF,SH
510500.SH,20260728,565416.86,ETF,SH
510500.SH,20260729,623496.86,ETF,SH
510500.SH,20260730,598816.86,ETF,SH
