ts_code,ann_date,nav_date,unit_nav,accum_nav,accum_div,net_asset,adj_nav,update_flag
518880.SH,20130719,20130718,1.0,1.0,,1208486400.0,1.0,0
518880.SH,20130720,20130719,1.001,1.001,,1209317553.97,1.001,0
518880.SH,20130724,20130722,1.006,1.006,,1215715732.8,1.006,0
518880.SH,20130726,20130724,2.687,1.015,,,1.0146,0
518880.SH,20130727,20130726,2.665,1.006,,,1.0063,0
518880.SH,20130730,20130729,2.643,0.998,,,0.998,0
518880.SH,20130731,20130730,2.641,0.997,,,0.9973,0
518880.SH,20130801,20130731,2.657,1.003,,,1.0033,0
518880.SH,20130802,20130801,2.644,0.998,,,0.9984,0
518880.SH,20130803,20130802,2.583,0.975,,,0.9754,0
518880.SH,20130806,20130805,2.635,0.995,,,0.995,0
518880.SH,20130807,20130806,2.599,0.981,,,0.9814,0
518880.SH,20130808,20130807,2.571,0.971,,,0.9708,0
518880.SH,20130809,20130808,2.59,0.978,,,0.978,0
518880.SH,20130810,20130809,2.622,0.99,,,0.9901,0
518880.SH,20130813,20130812,2.667,1.007,,,1.0071,0
518880.SH,20130814,20130813,2.679,1.012,,,1.0116,0
518880.SH,20130815,20130814,2.647,1.0,,,0.9995,0
518880.SH,20130816,20130815,2.671,1.009,,,1.0086,0
518880.SH,20130817,20130816,2.718,1.026,,,1.0264,0
518880.SH,20130820,20130819,2.735,1.033,,,1.0328,0
518880.SH,20130821,20130820,2.705,1.021,,,1.0214,0
518880.SH,20130822,20130821,2.721,1.027,,,1.0275,0
518880.SH,20130823,20130822,2.716,1.026,,,1.0256,0
518880.SH,20130824,20130823,2.73,1.031,,,1.0309,0
518880.SH,20130827,20130826,2.774,1.048,,,1.0475,0
518880.SH,20130828,20130827,2.781,1.05,,,1.0501,0
518880.SH,20130829,20130828,2.82,1.065,,,1.0649,0
518880.SH,20130830,20130829,2.797,1.056,,,1.0562,0
518880.SH,20130831,20130830,2.774,1.048,,,1.0475,0
518880.SH,20130903,20130902,2.767,1.045,,,1.0449,0
518880.SH,20130904,20130903,2.761,1.043,,,1.0426,0
518880.SH,20130905,20130904,2.789,1.053,,,1.0532,0
518880.SH,20130906,20130905,2.754,1.04,,,1.0399,0
518880.SH,20130907,20130906,2.73,1.031,,,1.0309,0
518880.SH,20130910,20130909,2.758,1.041,,,1.0415,0
518880.SH,20130911,20130910,2.735,1.033,,,1.0328,0
518880.SH,20130912,20130911,2.72,1.027,,,1.0271,0
518880.SH,20130913,20130912,2.678,1.011,,,1.0113,0
518880.SH,20130914,20130913,2.624,0.991,,,0.9909,0
518880.SH,20130917,20130916,2.634,0.995,,,0.9946,0
518880.SH,20130918,20130917,2.616,0.988,,,0.9878,0
518880.SH,20130919,20130918,2.587,0.977,,,0.9769,0
518880.SH,20130924,20130923,2.631,0.994,,,0.9935,0
518880.SH,20130925,20130924,2.621,0.99,,,0.9897,0
518880.SH,20130926,20130925,2.619,0.989,,,0.989,0
518880.SH,20130927,20130926,2.642,0.998,,,0.9977,0
518880.SH,20130928,20130927,2.632,0.994,,,0.9939,0
518880.SH,20131001,20130930,2.653,1.002,,365405869.37,1.0018,0
518880.SH,20131009,20131008,2.628,0.992,,,0.9924,0
518880.SH,20131010,20131009,2.617,0.988,,,0.9882,0
518880.SH,20131011,20131010,2.594,0.98,,,0.9795,0
518880.SH,20131012,20131011,2.574,0.972,,,0.972,0
518880.SH,20131015,20131014,2.548,0.962,,,0.9622,0
518880.SH,20131016,20131015,2.529,0.955,,,0.955,0
518880.SH,20131017,20131016,2.546,0.961,,,0.9614,0
518880.SH,20131018,20131017,2.536,0.958,,,0.9576,0
518880.SH,20131019,20131018,2.597,0.981,,,0.9807,0
518880.SH,20131022,20131021,2.603,0.983,,,0.9829,0
518880.SH,20131023,20131022,2.591,0.978,,,0.9784,0
518880.SH,20131024,20131023,2.621,0.99,,,0.9897,0
518880.SH,20131025,20131024,2.622,0.99,,,0.9901,0
518880.SH,20131026,20131025,2.624,0.991,,,0.9909,0
518880.SH,20131029,20131028,2.637,0.996,,,0.9958,0
518880.SH,20131030,20131029,2.638,0.996,,,0.9961,0
518880.SH,20131031,20131030,2.635,0.995,,,0.995,0
518880.SH,20131101,20131031,2.618,0.989,,,0.9886,0
518880.SH,20131102,20131101,2.603,0.983,,,0.9829,0
518880.SH,20131105,20131104,2.58,0.974,,,0.9742,0
518880.SH,20131106,20131105,2.583,0.975,,,0.9754,0
518880.SH,20131107,20131106,2.577,0.973,,,0.9731,0
518880.SH,20131108,20131107,2.586,0.977,,,0.9765,0
518880.SH,20131109,20131108,2.571,0.971,,,0.9708,0
518880.SH,20131112,20131111,2.529,0.955,,,0.955,0
518880.SH,20131113,20131112,2.516,0.95,,,0.9501,0
518880.SH,20131114,20131113,2.506,0.946,,,0.9463,0
518880.SH,20131115,20131114,2.526,0.954,,,0.9539,0
518880.SH,20131116,20131115,2.526,0.954,,,0.9539,0
518880.SH,20131119,20131118,2.527,0.954,,,0.9542,0
518880.SH,20131120,20131119,2.505,0.946,,,0.9459,0
518880.SH,20131121,20131120,2.508,0.947,,,0.9471,0
518880.SH,20131122,20131121,2.458,0.928,,,0.9282,0
518880.SH,20131123,20131122,2.453,0.926,,,0.9263,0
518880.SH,20131126,20131125,2.429,0.917,,,0.9172,0
518880.SH,20131127,20131126,2.469,0.932,,,0.9323,0
518880.SH,20131128,20131127,2.455,0.927,,,0.927,0
518880.SH,20131129,20131128,2.442,0.922,,,0.9221,0
518880.SH,20131130,20131129,2.443,0.923,,,0.9225,0
518880.SH,20131203,20131202,2.454,0.927,,,0.9267,0
518880.SH,20131204,20131203,2.418,0.913,,,0.9131,0
518880.SH,20131205,20131204,2.405,0.908,,,0.9082,0
518880.SH,20131206,20131205,2.432,0.918,,,0.9184,0
518880.SH,20131207,20131206,2.431,0.918,,,0.918,0
518880.SH,20131210,20131209,2.436,0.92,,,0.9199,0
518880.SH,20131211,20131210,2.446,0.924,,,0.9236,0
518880.SH,20131212,20131211,2.464,0.93,,,0.9304,0
518880.SH,20131213,20131212,2.457,0.928,,,0.9278,0
518880.SH,20131214,20131213,2.418,0.913,,,0.9131,0
518880.SH,20131217,20131216,2.424,0.915,,,0.9153,0
518880.SH,20131218,20131217,2.452,0.926,,,0.9259,0
518880.SH,20131219,20131218,2.427,0.916,,,0.9165,0
518880.SH,20131220,20131219,2.407,0.909,,,0.9089,0
518880.SH,20131221,20131220,2.361,0.892,,,0.8915,0
518880.SH,20131224,20131223,2.385,0.901,,,0.9006,0
518880.SH,20131225,20131224,2.373,0.896,,,0.8961,0
518880.SH,20131226,20131225,2.387,0.901,,,0.9014,0
518880.SH,20131227,20131226,2.39,0.902,,,0.9025,0
518880.SH,20131228,20131227,2.402,0.907,,,0.907,0
518880.SH,20131231,20131230,2.385,0.901,,,0.9006,0
518880.SH,20140101,20131231,2.362,0.892,,241735733.19,0.8919,0
518880.SH,20140103,20140102,2.42,0.914,,,0.9138,0
518880.SH,20140104,20140103,2.434,0.919,,,0.9191,0
518880.SH,20140107,20140106,2.451,0.926,,,0.9255,0
518880.SH,20140108,20140107,2.455,0.927,,,0.927,0
518880.SH,20140109,20140108,2.417,0.913,,,0.9127,0
518880.SH,20140110,20140109,2.416,0.912,,,0.9123,0
518880.SH,20140111,20140110,2.428,0.917,,,0.9168,0
518880.SH,20140114,20140113,2.462,0.93,,,0.9297,0
518880.SH,20140115,20140114,2.461,0.929,,,0.9293,0
518880.SH,20140116,20140115,2.439,0.921,,,0.921,0
518880.SH,20140117,20140116,2.442,0.922,,,0.9221,0
518880.SH,20140118,20140117,2.451,0.926,,,0.9255,0
518880.SH,20140121,20140120,2.466,0.931,,,0.9312,0
518880.SH,20140122,20140121,2.456,0.927,,,0.9274,0
518880.SH,20140123,20140122,2.436,0.92,,,0.9199,0
518880.SH,20140124,20140123,2.43,0.918,,,0.9176,0
518880.SH,20140125,20140124,2.466,0.931,,,0.9312,0
518880.SH,20140128,20140127,2.475,0.935,,,0.9346,0
518880.SH,20140129,20140128,2.457,0.928,,,0.9278,0
518880.SH,20140130,20140129,2.457,0.928,,,0.9278,0
518880.SH,20140131,20140130,2.461,0.929,,,0.9293,0
518880.SH,20140208,20140207,2.48,0.936,,,0.9365,0
518880.SH,20140211,20140210,2.501,0.944,,,0.9444,0
518880.SH,20140212,20140211,2.512,0.949,,,0.9486,0
518880.SH,20140213,20140212,2.518,0.951,,,0.9508,0
518880.SH,20140214,20140213,2.519,0.951,,,0.9512,0
518880.SH,20140215,20140214,2.564,0.968,,,0.9682,0
518880.SH,20140218,20140217,2.596,0.98,,,0.9803,0
518880.SH,20140219,20140218,2.578,0.973,,,0.9735,0
518880.SH,20140220,20140219,2.58,0.974,,,0.9742,0
518880.SH,20140221,20140220,2.573,0.972,,,0.9716,0
518880.SH,20140222,20140221,2.591,0.978,,,0.9784,0
518880.SH,20140225,20140224,2.603,0.983,,,0.9829,0
518880.SH,20140226,20140225,2.621,0.99,,,0.9897,0
518880.SH,20140227,20140226,2.65,1.001,,,1.0007,0
518880.SH,20140228,20140227,2.612,0.986,,,0.9863,0
518880.SH,20140301,20140228,2.625,0.991,,,0.9912,0
518880.SH,20140304,20140303,2.66,1.004,,,1.0045,0
518880.SH,20140305,20140304,2.638,0.996,,,0.9961,0
518880.SH,20140306,20140305,2.629,0.993,,,0.9927,0
518880.SH,20140307,20140306,2.628,0.992,,,0.9924,0
518880.SH,20140308,20140307,2.651,1.001,,,1.0011,0
518880.SH,20140311,20140310,2.623,0.99,,,0.9905,0
518880.SH,20140312,20140311,2.643,0.998,,,0.998,0
518880.SH,20140313,20140312,2.672,1.009,,,1.009,0
518880.SH,20140314,20140313,2.696,1.018,,,1.018,0
518880.SH,20140315,20140314,2.694,1.017,,,1.0173,0
518880.SH,20140318,20140317,2.731,1.031,,,1.0313,0
518880.SH,20140319,20140318,2.689,1.015,,,1.0154,0
518880.SH,20140320,20140319,2.68,1.012,,,1.012,0
518880.SH,20140321,20140320,2.653,1.002,,,1.0018,0
518880.SH,20140322,20140321,2.651,1.001,,,1.0011,0
518880.SH,20140325,20140324,2.638,0.996,,,0.9961,0
518880.SH,20140326,20140325,2.611,0.986,,,0.986,0
518880.SH,20140327,20140326,2.619,0.989,,,0.989,0
518880.SH,20140328,20140327,2.594,0.98,,,0.9795,0
518880.SH,20140329,20140328,2.584,0.976,,,0.9758,0
518880.SH,20140401,20140331,2.577,0.973,,150083044.66,0.9731,0
518880.SH,20140402,20140401,2.562,0.967,,,0.9674,0
518880.SH,20140403,20140402,2.561,0.967,,,0.9671,0
518880.SH,20140404,20140403,2.57,0.97,,,0.9705,0
518880.SH,20140405,20140404,2.575,0.972,,,0.9724,0
518880.SH,20140409,20140408,2.609,0.985,,,0.9852,0
518880.SH,20140410,20140409,2.61,0.986,,,0.9856,0
518880.SH,20140411,20140410,2.629,0.993,,,0.9927,0
518880.SH,20140412,20140411,2.625,0.991,,,0.9912,0
518880.SH,20140415,20140414,2.648,1.0,,,0.9999,0
518880.SH,20140416,20140415,2.621,0.99,,,0.9897,0
518880.SH,20140417,20140416,2.6,0.982,,,0.9818,0
518880.SH,20140418,20140417,2.593,0.979,,,0.9792,0
518880.SH,20140419,20140418,2.593,0.979,,,0.9792,0
518880.SH,20140422,20140421,2.576,0.973,,,0.9727,0
518880.SH,20140423,20140422,2.585,0.976,,,0.9761,0
518880.SH,20140424,20140423,2.579,0.974,,,0.9739,0
518880.SH,20140425,20140424,2.577,0.973,,,0.9731,0
518880.SH,20140426,20140425,2.597,0.981,,,0.9807,0
518880.SH,20140429,20140428,2.619,0.989,,,0.989,0
518880.SH,20140430,20140429,2.601,0.982,,,0.9822,0
518880.SH,20140501,20140430,2.603,0.983,,,0.9829,0
518880.SH,20140506,20140505,2.629,0.993,,,0.9927,0
518880.SH,20140507,20140506,2.63,0.993,,,0.9931,0
518880.SH,20140508,20140507,2.628,0.992,,,0.9924,0
518880.SH,20140509,20140508,2.591,0.978,,,0.9784,0
518880.SH,20140510,20140509,2.592,0.979,,,0.9788,0
518880.SH,20140513,20140512,2.592,0.979,,,0.9788,0
518880.SH,20140514,20140513,2.596,0.98,,,0.9803,0
518880.SH,20140515,20140514,2.604,0.983,,,0.9833,0
518880.SH,20140516,20140515,2.611,0.986,,,0.986,0
518880.SH,20140517,20140516,2.598,0.981,,,0.981,0
518880.SH,20140520,20140519,2.608,0.985,,,0.9848,0
518880.SH,20140521,20140520,2.599,0.981,,,0.9814,0
518880.SH,20140522,20140521,2.6,0.982,,,0.9818,0
518880.SH,20140523,20140522,2.602,0.983,,,0.9826,0
518880.SH,20140524,20140523,2.602,0.983,,,0.9826,0
518880.SH,20140527,20140526,2.597,0.981,,,0.9807,0
518880.SH,20140528,20140527,2.584,0.976,,,0.9758,0
518880.SH,20140529,20140528,2.551,0.963,,,0.9633,0
518880.SH,20140530,20140529,2.523,0.953,,,0.9527,0
518880.SH,20140531,20140530,2.53,0.955,,,0.9554,0
518880.SH,20140604,20140603,2.511,0.948,,,0.9482,0
518880.SH,20140605,20140604,2.512,0.949,,,0.9486,0
518880.SH,20140606,20140605,2.506,0.946,,,0.9463,0
518880.SH,20140607,20140606,2.53,0.955,,,0.9554,0
518880.SH,20140610,20140609,2.524,0.953,,,0.9531,0
518880.SH,20140611,20140610,2.518,0.951,,,0.9508,0
518880.SH,20140612,20140611,2.527,0.954,,,0.9542,0
518880.SH,20140613,20140612,2.523,0.953,,,0.9527,0
518880.SH,20140614,20140613,2.546,0.961,,,0.9614,0
518880.SH,20140617,20140616,2.57,0.97,,,0.9705,0
518880.SH,20140618,20140617,2.54,0.959,,,0.9591,0
518880.SH,20140619,20140618,2.546,0.961,,,0.9614,0
518880.SH,20140620,20140619,2.563,0.968,,,0.9678,0
518880.SH,20140621,20140620,2.628,0.992,,,0.9924,0
518880.SH,20140624,20140623,2.64,0.997,,,0.9969,0
518880.SH,20140625,20140624,2.639,0.997,,,0.9965,0
518880.SH,20140626,20140625,2.632,0.994,,,0.9939,0
518880.SH,20140627,20140626,2.631,0.994,,,0.9935,0
518880.SH,20140628,20140627,2.634,0.995,,,0.9946,0
518880.SH,20140701,20140630,2.622,0.99,,141692064.7,0.9901,0
518880.SH,20140702,20140701,2.643,0.998,,,0.998,0
518880.SH,20140703,20140702,2.649,1.0,,,1.0003,0
518880.SH,20140704,20140703,2.641,0.997,,,0.9973,0
518880.SH,20140705,20140704,2.643,0.998,,,0.998,0
518880.SH,20140708,20140707,2.621,0.99,,,0.9897,0
518880.SH,20140709,20140708,2.634,0.995,,,0.9946,0
518880.SH,20140710,20140709,2.641,0.997,,,0.9973,0
518880.SH,20140711,20140710,2.652,1.001,,,1.0014,0
518880.SH,20140712,20140711,2.673,1.009,,,1.0094,0
518880.SH,20140715,20140714,2.637,0.996,,,0.9958,0
518880.SH,20140716,20140715,2.621,0.99,,,0.9897,0
518880.SH,20140717,20140716,2.596,0.98,,,0.9803,0
518880.SH,20140718,20140717,2.609,0.985,,,0.9852,0
518880.SH,20140719,20140718,2.621,0.99,,,0.9897,0
518880.SH,20140722,20140721,2.63,0.993,,,0.9931,0
518880.SH,20140723,20140722,2.615,0.987,,,0.9875,0
518880.SH,20140724,20140723,2.616,0.988,,,0.9878,0
518880.SH,20140725,20140724,2.593,0.979,,,0.9792,0
518880.SH,20140726,20140725,2.583,0.975,,,0.9754,0
518880.SH,20140729,20140728,2.602,0.983,,,0.9826,0
518880.SH,20140730,20140729,2.603,0.983,,,0.9829,0
518880.SH,20140731,20140730,2.589,0.978,,,0.9776,0
518880.SH,20140801,20140731,2.583,0.975,,,0.9754,0
518880.SH,20140802,20140801,2.561,0.967,,,0.9671,0
518880.SH,20140805,20140804,2.581,0.975,,,0.9746,0
518880.SH,20140806,20140805,2.573,0.972,,,0.9716,0
518880.SH,20140807,20140806,2.57,0.97,,,0.9705,0
518880.SH,20140808,20140807,2.592,0.979,,,0.9788,0
518880.SH,20140809,20140808,2.616,0.988,,,0.9878,0
518880.SH,20140812,20140811,2.599,0.981,,,0.9814,0
518880.SH,20140813,20140812,2.605,0.984,,,0.9837,0
518880.SH,20140814,20140813,2.602,0.983,,,0.9826,0
518880.SH,20140815,20140814,2.61,0.986,,,0.9856,0
518880.SH,20140816,20140815,2.607,0.984,,,0.9844,0
518880.SH,20140819,20140818,2.581,0.975,,,0.9746,0
518880.SH,20140820,20140819,2.576,0.973,,,0.9727,0
518880.SH,20140821,20140820,2.57,0.97,,,0.9705,0
518880.SH,20140822,20140821,2.544,0.961,,,0.9607,0
518880.SH,20140823,20140822,2.545,0.961,,,0.961,0
518880.SH,20140826,20140825,2.539,0.959,,,0.9588,0
518880.SH,20140827,20140826,2.564,0.968,,,0.9682,0
518880.SH,20140828,20140827,2.556,0.965,,,0.9652,0
518880.SH,20140829,20140828,2.558,0.966,,,0.9659,0
518880.SH,20140830,20140829,2.557,0.966,,,0.9656,0
518880.SH,20140902,20140901,2.558,0.966,,,0.9659,0
518880.SH,20140903,20140902,2.535,0.957,,,0.9573,0
518880.SH,20140904,20140903,2.519,0.951,,,0.9512,0
518880.SH,20140905,20140904,2.516,0.95,,,0.9501,0
518880.SH,20140906,20140905,2.509,0.947,,,0.9474,0
518880.SH,20140910,20140909,2.488,0.94,,,0.9395,0
518880.SH,20140911,20140910,2.491,0.941,,,0.9406,0
518880.SH,20140912,20140911,2.479,0.936,,,0.9361,0
518880.SH,20140913,20140912,2.459,0.929,,,0.9286,0
518880.SH,20140916,20140915,2.455,0.927,,,0.927,0
518880.SH,20140917,20140916,2.461,0.929,,,0.9293,0
518880.SH,20140918,20140917,2.46,0.929,,,0.9289,0
518880.SH,20140919,20140918,2.43,0.918,,,0.9176,0
518880.SH,20140920,20140919,2.427,0.916,,,0.9165,0
518880.SH,20140923,20140922,2.398,0.906,,,0.9055,0
518880.SH,20140924,20140923,2.416,0.912,,,0.9123,0
518880.SH,20140925,20140924,2.432,0.918,,,0.9184,0
518880.SH,20140926,20140925,2.4,0.906,,,0.9063,0
518880.SH,20140927,20140926,2.435,0.919,,,0.9195,0
518880.SH,20140930,20140929,2.417,0.913,,,0.9127,0
518880.SH,20141001,20140930,2.42,0.914,,193909560.58,0.9138,0
518880.SH,20141009,20141008,2.42,0.914,,,0.9138,0
518880.SH,20141010,20141009,2.433,0.919,,,0.9187,0
518880.SH,20141011,20141010,2.425,0.916,,,0.9157,0
518880.SH,20141014,20141013,2.444,0.923,,,0.9229,0
518880.SH,20141015,20141014,2.444,0.923,,,0.9229,0
518880.SH,20141016,20141015,2.429,0.917,,,0.9172,0
518880.SH,20141017,20141016,2.452,0.926,,,0.9259,0
518880.SH,20141018,20141017,2.457,0.928,,,0.9278,0
518880.SH,20141021,20141020,2.456,0.927,,,0.9274,0
518880.SH,20141022,20141021,2.478,0.936,,,0.9357,0
518880.SH,20141023,20141022,2.462,0.93,,,0.9297,0
518880.SH,20141024,20141023,2.457,0.928,,,0.9278,0
518880.SH,20141025,20141024,2.432,0.918,,,0.9184,0
518880.SH,20141028,20141027,2.43,0.918,,,0.9176,0
518880.SH,20141029,20141028,2.426,0.916,,,0.9161,0
518880.SH,20141030,20141029,2.427,0.916,,,0.9165,0
518880.SH,20141031,20141030,2.382,0.899,,,0.8995,0
518880.SH,20141101,20141031,2.313,0.873,,,0.8734,0
518880.SH,20141104,20141103,2.317,0.875,,,0.8749,0
518880.SH,20141105,20141104,2.303,0.87,,,0.8696,0
518880.SH,20141106,20141105,2.267,0.856,,,0.8561,0
518880.SH,20141107,20141106,2.262,0.854,,,0.8542,0
518880.SH,20141108,20141107,2.261,0.854,,,0.8538,0
518880.SH,20141111,20141110,2.315,0.874,,,0.8742,0
518880.SH,20141112,20141111,2.286,0.863,,,0.8632,0
518880.SH,20141113,20141112,2.312,0.873,,,0.873,0
518880.SH,20141114,20141113,2.297,0.867,,,0.8674,0
518880.SH,20141115,20141114,2.281,0.861,,,0.8613,0
518880.SH,20141118,20141117,2.354,0.889,,,0.8889,0
518880.SH,20141119,20141118,2.353,0.889,,,0.8885,0
518880.SH,20141120,20141119,2.361,0.892,,,0.8915,0
518880.SH,20141121,20141120,2.347,0.886,,,0.8863,0
518880.SH,20141122,20141121,2.363,0.892,,,0.8923,0
518880.SH,20141125,20141124,2.38,0.899,,,0.8987,0
518880.SH,20141126,20141125,2.379,0.898,,,0.8983,0
518880.SH,20141127,20141126,2.383,0.9,,,0.8999,0
518880.SH,20141128,20141127,2.373,0.896,,,0.8961,0
518880.SH,20141129,20141128,2.363,0.892,,,0.8923,0
518880.SH,20141202,20141201,2.297,0.867,,,0.8674,0
518880.SH,20141203,20141202,2.398,0.906,,,0.9055,0
518880.SH,20141204,20141203,2.386,0.901,,,0.901,0
518880.SH,20141205,20141204,2.389,0.902,,,0.9021,0
518880.SH,20141206,20141205,2.399,0.906,,,0.9059,0
518880.SH,20141209,20141208,2.379,0.898,,,0.8983,0
518880.SH,20141210,20141209,2.413,0.911,,,0.9112,0
518880.SH,20141211,20141210,2.471,0.933,,,0.9331,0
518880.SH,20141212,20141211,2.442,0.922,,,0.9221,0
518880.SH,20141213,20141212,2.439,0.921,,,0.921,0
518880.SH,20141216,20141215,2.441,0.922,,,0.9218,0
518880.SH,20141217,20141216,2.401,0.907,,,0.9067,0
518880.SH,20141218,20141217,2.403,0.907,,,0.9074,0
518880.SH,20141219,20141218,2.413,0.911,,,0.9112,0
518880.SH,20141220,20141219,2.419,0.913,,,0.9134,0
518880.SH,20141223,20141222,2.413,0.911,,,0.9112,0
518880.SH,20141224,20141223,2.379,0.898,,,0.8983,0
518880.SH,20141225,20141224,2.375,0.897,,,0.8968,0
518880.SH,20141226,20141225,2.377,0.898,,,0.8976,0
518880.SH,20141227,20141226,2.392,0.903,,,0.9033,0
518880.SH,20141230,20141229,2.41,0.91,,,0.91,0
518880.SH,20141231,20141230,2.385,0.901,,,0.9006,0
518880.SH,20150101,20141231,2.416,0.912,,161728747.96,0.9123,0
518880.SH,20150106,20150105,2.417,0.913,,,0.9127,0
518880.SH,20150107,20150106,2.436,0.92,,,0.9199,0
518880.SH,20150108,20150107,2.442,0.922,,,0.9221,0
518880.SH,20150109,20150108,2.438,0.921,,,0.9206,0
518880.SH,20150110,20150109,2.44,0.921,,,0.9214,0
518880.SH,20150113,20150112,2.469,0.932,,,0.9323,0
518880.SH,20150114,20150113,2.485,0.938,,,0.9384,0
518880.SH,20150115,20150114,2.487,0.939,,,0.9391,0
518880.SH,20150116,20150115,2.462,0.93,,,0.9297,0
518880.SH,20150117,20150116,2.531,0.956,,,0.9557,0
518880.SH,20150120,20150119,2.57,0.97,,,0.9705,0
518880.SH,20150121,20150120,2.572,0.971,,,0.9712,0
518880.SH,20150122,20150121,2.615,0.987,,,0.9875,0
518880.SH,20150123,20150122,2.585,0.976,,,0.9761,0
518880.SH,20150124,20150123,2.61,0.986,,,0.9856,0
518880.SH,20150127,20150126,2.62,0.989,,,0.9893,0
518880.SH,20150128,20150127,2.596,0.98,,,0.9803,0
518880.SH,20150129,20150128,2.604,0.983,,,0.9833,0
518880.SH,20150130,20150129,2.587,0.977,,,0.9769,0
518880.SH,20150131,20150130,2.545,0.961,,,0.961,0
518880.SH,20150203,20150202,2.592,0.979,,,0.9788,0
518880.SH,20150204,20150203,2.595,0.98,,,0.9799,0
518880.SH,20150205,20150204,2.56,0.967,,,0.9667,0
518880.SH,20150206,20150205,2.566,0.969,,,0.969,0
518880.SH,20150207,20150206,2.562,0.967,,,0.9674,0
518880.SH,20150210,20150209,2.51,0.948,,,0.9478,0
518880.SH,20150211,20150210,2.515,0.95,,,0.9497,0
518880.SH,20150212,20150211,2.501,0.944,,,0.9444,0
518880.SH,20150213,20150212,2.471,0.933,,,0.9331,0
518880.SH,20150214,20150213,2.489,0.94,,,0.9399,0
518880.SH,20150217,20150216,2.499,0.944,,,0.9437,0
518880.SH,20150218,20150217,2.485,0.938,,,0.9384,0
518880.SH,20150226,20150225,2.458,0.928,,,0.9282,0
518880.SH,20150227,20150226,2.459,0.929,,,0.9286,0
518880.SH,20150228,20150227,2.461,0.929,,,0.9293,0
518880.SH,20150303,20150302,2.487,0.939,,,0.9391,0
518880.SH,20150304,20150303,2.463,0.93,,,0.9301,0
518880.SH,20150305,20150304,2.455,0.927,,,0.927,0
518880.SH,20150306,20150305,2.443,0.923,,,0.9225,0
518880.SH,20150307,20150306,2.436,0.92,,,0.9199,0
518880.SH,20150310,20150309,2.387,0.901,,,0.9014,0
518880.SH,20150311,20150310,2.367,0.894,,,0.8938,0
518880.SH,20150312,20150311,2.365,0.893,,,0.8931,0
518880.SH,20150313,20150312,2.37,0.895,,,0.8949,0
518880.SH,20150314,20150313,2.359,0.891,,,0.8908,0
518880.SH,20150317,20150316,2.361,0.892,,,0.8915,0
518880.SH,20150318,20150317,2.342,0.884,,,0.8844,0
518880.SH,20150319,20150318,2.322,0.877,,,0.8768,0
518880.SH,20150320,20150319,2.357,0.89,,,0.89,0
518880.SH,20150321,20150320,2.357,0.89,,,0.89,0
518880.SH,20150324,20150323,2.379,0.898,,,0.8983,0
518880.SH,20150325,20150324,2.39,0.902,,,0.9025,0
518880.SH,20150326,20150325,2.394,0.904,,,0.904,0
518880.SH,20150327,20150326,2.422,0.915,,,0.9146,0
518880.SH,20150328,20150327,2.417,0.913,,,0.9127,0
518880.SH,20150331,20150330,2.399,0.906,,,0.9059,0
518880.SH,20150401,20150331,2.367,0.894,,280632979.25,0.8938,0
518880.SH,20150402,20150401,2.379,0.898,,,0.8983,0
518880.SH,20150403,20150402,2.415,0.912,,,0.9119,0
518880.SH,20150404,20150403,2.406,0.909,,,0.9085,0
518880.SH,20150408,20150407,2.426,0.916,,,0.9161,0
518880.SH,20150409,20150408,2.431,0.918,,,0.918,0
518880.SH,20150410,20150409,2.397,0.905,,,0.9051,0
518880.SH,20150411,20150410,2.4,0.906,,,0.9063,0
518880.SH,20150414,20150413,2.425,0.916,,,0.9157,0
518880.SH,20150415,20150414,2.402,0.907,,,0.907,0
518880.SH,20150416,20150415,2.394,0.904,,,0.904,0
518880.SH,20150417,20150416,2.414,0.912,,,0.9116,0
518880.SH,20150418,20150417,2.411,0.91,,,0.9104,0
518880.SH,20150421,20150420,2.429,0.917,,,0.9172,0
518880.SH,20150422,20150421,2.397,0.905,,,0.9051,0
518880.SH,20150423,20150422,2.411,0.91,,,0.9104,0
518880.SH,20150424,20150423,2.381,0.899,,,0.8991,0
518880.SH,20150425,20150424,2.399,0.906,,,0.9059,0
518880.SH,20150428,20150427,2.378,0.898,,,0.898,0
518880.SH,20150429,20150428,2.415,0.912,,,0.9119,0
518880.SH,20150430,20150429,2.425,0.916,,,0.9157,0
518880.SH,20150501,20150430,2.41,0.91,,,0.91,0
518880.SH,20150505,20150504,2.38,0.899,,,0.8987,0
518880.SH,20150506,20150505,2.388,0.902,,,0.9017,0
518880.SH,20150507,20150506,2.398,0.906,,,0.9055,0
518880.SH,20150508,20150507,2.379,0.898,,,0.8983,0
518880.SH,20150509,20150508,2.386,0.901,,,0.901,0
518880.SH,20150512,20150511,2.382,0.899,,,0.8995,0
518880.SH,20150513,20150512,2.379,0.898,,,0.8983,0
518880.SH,20150514,20150513,2.4,0.906,,,0.9063,0
518880.SH,20150515,20150514,2.438,0.921,,,0.9206,0
518880.SH,20150516,20150515,2.445,0.923,,,0.9233,0
518880.SH,20150519,20150518,2.464,0.93,,,0.9304,0
518880.SH,20150520,20150519,2.446,0.924,,,0.9236,0
518880.SH,20150521,20150520,2.421,0.914,,,0.9142,0
518880.SH,20150522,20150521,2.428,0.917,,,0.9168,0
518880.SH,20150523,20150522,2.427,0.916,,,0.9165,0
518880.SH,20150526,20150525,2.414,0.912,,,0.9116,0
518880.SH,20150527,20150526,2.401,0.907,,,0.9067,0
518880.SH,20150528,20150527,2.386,0.901,,,0.901,0
518880.SH,20150529,20150528,2.382,0.899,,,0.8995,0
518880.SH,20150530,20150529,2.384,0.9,,,0.9002,0
518880.SH,20150602,20150601,2.377,0.898,,,0.8976,0
518880.SH,20150603,20150602,2.383,0.9,,,0.8999,0
518880.SH,20150604,20150603,2.384,0.9,,,0.9002,0
518880.SH,20150605,20150604,2.368,0.894,,,0.8942,0
518880.SH,20150606,20150605,2.359,0.891,,,0.8908,0
518880.SH,20150609,20150608,2.355,0.889,,,0.8893,0
518880.SH,20150610,20150609,2.36,0.891,,,0.8912,0
518880.SH,20150611,20150610,2.377,0.898,,,0.8976,0
518880.SH,20150612,20150611,2.373,0.896,,,0.8961,0
518880.SH,20150613,20150612,2.372,0.896,,,0.8957,0
518880.SH,20150616,20150615,2.375,0.897,,,0.8968,0
518880.SH,20150617,20150616,2.382,0.899,,,0.8995,0
518880.SH,20150618,20150617,2.365,0.893,,,0.8931,0
518880.SH,20150619,20150618,2.384,0.9,,,0.9002,0
518880.SH,20150620,20150619,2.403,0.907,,,0.9074,0
518880.SH,20150624,20150623,2.382,0.899,,,0.8995,0
518880.SH,20150625,20150624,2.352,0.888,,,0.8881,0
518880.SH,20150626,20150625,2.36,0.891,,,0.8912,0
518880.SH,20150627,20150626,2.358,0.89,,,0.8904,0
518880.SH,20150630,20150629,2.364,0.893,,,0.8927,0
518880.SH,20150701,20150630,2.358,0.89,,387669628.71,0.8904,0
518880.SH,20150702,20150701,2.352,0.888,,,0.8881,0
518880.SH,20150703,20150702,2.336,0.882,,,0.8821,0
518880.SH,20150704,20150703,2.345,0.886,,,0.8855,0
518880.SH,20150707,20150706,2.345,0.886,,,0.8855,0
518880.SH,20150708,20150707,2.347,0.886,,,0.8863,0
518880.SH,20150709,20150708,2.299,0.868,,,0.8681,0
518880.SH,20150710,20150709,2.334,0.881,,,0.8814,0
518880.SH,20150711,20150710,2.335,0.882,,,0.8817,0
518880.SH,20150714,20150713,2.324,0.878,,,0.8776,0
518880.SH,20150715,20150714,2.315,0.874,,,0.8742,0
518880.SH,20150716,20150715,2.32,0.876,,,0.8761,0
518880.SH,20150717,20150716,2.304,0.87,,,0.87,0
518880.SH,20150718,20150717,2.3,0.869,,,0.8685,0
518880.SH,20150721,20150720,2.243,0.847,,,0.847,0
518880.SH,20150722,20150721,2.224,0.84,,,0.8398,0
518880.SH,20150723,20150722,2.196,0.829,,,0.8292,0
518880.SH,20150724,20150723,2.203,0.832,,,0.8319,0
518880.SH,20150725,20150724,2.179,0.823,,,0.8228,0
518880.SH,20150728,20150727,2.22,0.838,,,0.8383,0
518880.SH,20150729,20150728,2.202,0.832,,,0.8315,0
518880.SH,20150730,20150729,2.203,0.832,,,0.8319,0
518880.SH,20150731,20150730,2.181,0.824,,,0.8236,0
518880.SH,20150801,20150731,2.175,0.821,,,0.8213,0
518880.SH,20150804,20150803,2.2,0.831,,,0.8308,0
518880.SH,20150805,20150804,2.188,0.826,,,0.8262,0
518880.SH,20150806,20150805,2.183,0.824,,,0.8243,0
518880.SH,20150807,20150806,2.182,0.824,,,0.824,0
518880.SH,20150808,20150807,2.194,0.828,,,0.8285,0
518880.SH,20150811,20150810,2.205,0.833,,,0.8326,0
518880.SH,20150812,20150811,2.256,0.852,,,0.8519,0
518880.SH,20150813,20150812,2.33,0.88,,,0.8798,0
518880.SH,20150814,20150813,2.318,0.875,,,0.8753,0
518880.SH,20150815,20150814,2.306,0.871,,,0.8708,0
518880.SH,20150818,20150817,2.313,0.873,,,0.8734,0
518880.SH,20150819,20150818,2.317,0.875,,,0.8749,0
518880.SH,20150820,20150819,2.324,0.878,,,0.8776,0
518880.SH,20150821,20150820,2.352,0.888,,,0.8881,0
518880.SH,20150822,20150821,2.387,0.901,,,0.9014,0
518880.SH,20150825,20150824,2.4,0.906,,,0.9063,0
518880.SH,20150826,20150825,2.383,0.9,,,0.8999,0
518880.SH,20150827,20150826,2.363,0.892,,,0.8923,0
518880.SH,20150828,20150827,2.337,0.882,,,0.8825,0
518880.SH,20150829,20150828,2.338,0.883,,,0.8829,0
518880.SH,20150901,20150831,2.343,0.885,,,0.8847,0
518880.SH,20150902,20150901,2.352,0.888,,,0.8881,0
518880.SH,20150903,20150902,2.355,0.889,,,0.8893,0
518880.SH,20150908,20150907,2.315,0.874,,,0.8742,0
518880.SH,20150909,20150908,2.311,0.873,,,0.8727,0
518880.SH,20150910,20150909,2.316,0.875,,,0.8746,0
518880.SH,20150911,20150910,2.286,0.863,,,0.8632,0
518880.SH,20150912,20150911,2.289,0.864,,,0.8644,0
518880.SH,20150915,20150914,2.283,0.862,,,0.8621,0
518880.SH,20150916,20150915,2.284,0.862,,,0.8625,0
518880.SH,20150917,20150916,2.285,0.863,,,0.8628,0
518880.SH,20150918,20150917,2.31,0.872,,,0.8723,0
518880.SH,20150919,20150918,2.324,0.878,,,0.8776,0
518880.SH,20150922,20150921,2.345,0.886,,,0.8855,0
518880.SH,20150923,20150922,2.339,0.883,,,0.8832,0
518880.SH,20150924,20150923,2.33,0.88,,,0.8798,0
518880.SH,20150925,20150924,2.344,0.885,,,0.8851,0
518880.SH,20150926,20150925,2.357,0.89,,,0.89,0
518880.SH,20150929,20150928,2.341,0.884,,,0.884,0
518880.SH,20150930,20150929,2.309,0.872,,,0.8719,0
518880.SH,20151027,20150930,2.308,0.872,,414899141.75,0.8715,0
518880.SH,20151009,20151008,2.352,0.888,,,0.8881,0
518880.SH,20151010,20151009,2.351,0.888,,,0.8878,0
518880.SH,20151013,20151012,2.376,0.897,,,0.8972,0
518880.SH,20151014,20151013,2.367,0.894,,,0.8938,0
518880.SH,20151015,20151014,2.401,0.907,,,0.9067,0
518880.SH,20151016,20151015,2.418,0.913,,,0.9131,0
518880.SH,20151017,20151016,2.409,0.91,,,0.9097,0
518880.SH,20151020,20151019,2.399,0.906,,,0.9059,0
518880.SH,20151021,20151020,2.404,0.908,,,0.9078,0
518880.SH,20151022,20151021,2.406,0.909,,,0.9085,0
518880.SH,20151023,20151022,2.393,0.904,,,0.9036,0
518880.SH,20151024,20151023,2.408,0.909,,,0.9093,0
518880.SH,20151027,20151026,2.386,0.901,,,0.901,0
518880.SH,20151028,20151027,2.388,0.902,,,0.9017,0
518880.SH,20151029,20151028,2.403,0.907,,,0.9074,0
518880.SH,20151030,20151029,2.377,0.898,,,0.8976,0
518880.SH,20151031,20151030,2.342,0.884,,,0.8844,0
518880.SH,20151103,20151102,2.336,0.882,,,0.8821,0
518880.SH,20151104,20151103,2.324,0.878,,,0.8776,0
518880.SH,20151105,20151104,2.291,0.865,,,0.8651,0
518880.SH,20151106,20151105,2.273,0.858,,,0.8583,0
518880.SH,20151107,20151106,2.276,0.859,,,0.8594,0
518880.SH,20151110,20151109,2.247,0.848,,,0.8485,0
518880.SH,20151111,20151110,2.245,0.848,,,0.8477,0
518880.SH,20151112,20151111,2.247,0.848,,,0.8485,0
518880.SH,20151113,20151112,2.237,0.845,,,0.8447,0
518880.SH,20151114,20151113,2.235,0.844,,,0.844,0
518880.SH,20151117,20151116,2.258,0.853,,,0.8527,0
518880.SH,20151118,20151117,2.225,0.84,,,0.8402,0
518880.SH,20151119,20151118,2.212,0.835,,,0.8353,0
518880.SH,20151120,20151119,2.218,0.838,,,0.8375,0
518880.SH,20151121,20151120,2.234,0.844,,,0.8436,0
518880.SH,20151124,20151123,2.211,0.835,,,0.8349,0
518880.SH,20151125,20151124,2.217,0.837,,,0.8372,0
518880.SH,20151126,20151125,2.231,0.842,,,0.8425,0
518880.SH,20151127,20151126,2.22,0.838,,,0.8383,0
518880.SH,20151128,20151127,2.209,0.834,,,0.8341,0
518880.SH,20151201,20151130,2.182,0.824,,,0.824,0
518880.SH,20151202,20151201,2.218,0.838,,,0.8375,0
518880.SH,20151203,20151202,2.208,0.834,,,0.8338,0
518880.SH,20151204,20151203,2.183,0.824,,,0.8243,0
518880.SH,20151205,20151204,2.201,0.831,,,0.8311,0
518880.SH,20151208,20151207,2.251,0.85,,,0.85,0
518880.SH,20151209,20151208,2.248,0.849,,,0.8489,0
518880.SH,20151210,20151209,2.235,0.844,,,0.844,0
518880.SH,20151211,20151210,2.23,0.842,,,0.8421,0
518880.SH,20151212,20151211,2.232,0.843,,,0.8428,0
518880.SH,20151215,20151214,2.242,0.847,,,0.8466,0
518880.SH,20151216,20151215,2.219,0.838,,,0.8379,0
518880.SH,20151217,20151216,2.225,0.84,,,0.8402,0
518880.SH,20151218,20151217,2.234,0.844,,,0.8436,0
518880.SH,20151219,20151218,2.217,0.837,,,0.8372,0
518880.SH,20151222,20151221,2.241,0.846,,,0.8462,0
518880.SH,20151223,20151222,2.254,0.851,,,0.8511,0
518880.SH,20151224,20151223,2.248,0.849,,,0.8489,0
518880.SH,20151225,20151224,2.249,0.849,,,0.8493,0
518880.SH,20151226,20151225,2.253,0.851,,,0.8508,0
518880.SH,20151229,20151228,2.251,0.85,,,0.85,0
518880.SH,20151230,20151229,2.252,0.85,,,0.8504,0
518880.SH,20151231,20151230,2.246,0.848,,,0.8481,0
518880.SH,20160101,20151231,2.233,0.843,,715596063.42,0.8432,0
518880.SH,20160105,20160104,2.249,0.849,,,0.8493,0
518880.SH,20160106,20160105,2.268,0.856,,,0.8564,0
518880.SH,20160107,20160106,2.283,0.862,,,0.8621,0
518880.SH,20160108,20160107,2.334,0.881,,,0.8814,0
518880.SH,20160109,20160108,2.337,0.882,,,0.8825,0
518880.SH,20160112,20160111,2.351,0.888,,,0.8878,0
518880.SH,20160113,20160112,2.326,0.878,,,0.8783,0
518880.SH,20160114,20160113,2.295,0.867,,,0.8666,0
518880.SH,20160115,20160114,2.316,0.875,,,0.8746,0
518880.SH,20160116,20160115,2.307,0.871,,,0.8712,0
518880.SH,20160119,20160118,2.319,0.876,,,0.8757,0
518880.SH,20160120,20160119,2.315,0.874,,,0.8742,0
518880.SH,20160121,20160120,2.325,0.878,,,0.878,0
518880.SH,20160122,20160121,2.344,0.885,,,0.8851,0
518880.SH,20160123,20160122,2.327,0.879,,,0.8787,0
518880.SH,20160126,20160125,2.339,0.883,,,0.8832,0
518880.SH,20160127,20160126,2.372,0.896,,,0.8957,0
518880.SH,20160128,20160127,2.373,0.896,,,0.8961,0
518880.SH,20160129,20160128,2.37,0.895,,,0.8949,0
518880.SH,20160130,20160129,2.367,0.894,,,0.8938,0
518880.SH,20160202,20160201,2.383,0.9,,,0.8999,0
518880.SH,20160203,20160202,2.387,0.901,,,0.9014,0
518880.SH,20160204,20160203,2.387,0.901,,,0.9014,0
518880.SH,20160205,20160204,2.42,0.914,,,0.9138,0
518880.SH,20160206,20160205,2.441,0.922,,,0.9218,0
518880.SH,20160216,20160215,2.539,0.959,,,0.9588,0
518880.SH,20160217,20160216,2.516,0.95,,,0.9501,0
518880.SH,20160218,20160217,2.542,0.96,,,0.9599,0
518880.SH,20160219,20160218,2.532,0.956,,,0.9561,0
518880.SH,20160220,20160219,2.568,0.97,,,0.9697,0
518880.SH,20160223,20160222,2.551,0.963,,,0.9633,0
518880.SH,20160224,20160223,2.563,0.968,,,0.9678,0
518880.SH,20160225,20160224,2.572,0.971,,,0.9712,0
518880.SH,20160226,20160225,2.605,0.984,,,0.9837,0
518880.SH,20160227,20160226,2.606,0.984,,,0.9841,0
518880.SH,20160301,20160229,2.59,0.978,,,0.978,0
518880.SH,20160302,20160301,2.613,0.987,,,0.9867,0
518880.SH,20160303,20160302,2.588,0.977,,,0.9773,0
518880.SH,20160304,20160303,2.616,0.988,,,0.9878,0
518880.SH,20160305,20160304,2.649,1.0,,,1.0003,0
518880.SH,20160308,20160307,2.651,1.001,,,1.0011,0
518880.SH,20160309,20160308,2.664,1.006,,,1.006,0
518880.SH,20160310,20160309,2.639,0.997,,,0.9965,0
518880.SH,20160311,20160310,2.616,0.988,,,0.9878,0
518880.SH,20160312,20160311,2.651,1.001,,,1.0011,0
518880.SH,20160315,20160314,2.622,0.99,,,0.9901,0
518880.SH,20160316,20160315,2.578,0.973,,,0.9735,0
518880.SH,20160317,20160316,2.592,0.979,,,0.9788,0
518880.SH,20160318,20160317,2.64,0.997,,,0.9969,0
518880.SH,20160319,20160318,2.626,0.992,,,0.9916,0
518880.SH,20160322,20160321,2.598,0.981,,,0.981,0
518880.SH,20160323,20160322,2.622,0.99,,,0.9901,0
518880.SH,20160324,20160323,2.583,0.975,,,0.9754,0
518880.SH,20160325,20160324,2.551,0.963,,,0.9633,0
518880.SH,20160326,20160325,2.561,0.967,,,0.9671,0
518880.SH,20160329,20160328,2.558,0.966,,,0.9659,0
518880.SH,20160330,20160329,2.551,0.963,,,0.9633,0
518880.SH,20160331,20160330,2.587,0.977,,,0.9769,0
518880.SH,20160420,20160331,2.558,0.966,,3450637977.36,0.9659,0
518880.SH,20160402,20160401,2.571,0.971,,,0.9708,0
518880.SH,20160406,20160405,2.555,0.965,,,0.9648,0
518880.SH,20160407,20160406,2.561,0.967,,,0.9671,0
518880.SH,20160408,20160407,2.557,0.966,,,0.9656,0
518880.SH,20160409,20160408,2.574,0.972,,,0.972,0
518880.SH,20160412,20160411,2.61,0.986,,,0.9856,0
518880.SH,20160413,20160412,2.614,0.987,,,0.9871,0
518880.SH,20160414,20160413,2.599,0.981,,,0.9814,0
518880.SH,20160415,20160414,2.58,0.974,,,0.9742,0
518880.SH,20160416,20160415,2.57,0.97,,,0.9705,0
518880.SH,20160419,20160418,2.5833,0.9755,,,0.9755,0
518880.SH,20160420,20160419,2.5995,0.9816,,,0.9816,0
518880.SH,20160421,20160420,2.6005,0.982,,,0.982,0
518880.SH,20160422,20160421,2.6278,0.9923,,,0.9923,0
518880.SH,20160423,20160422,2.6048,0.9836,,,0.9836,0
518880.SH,20160426,20160425,2.5908,0.9783,,,0.9783,0
518880.SH,20160427,20160426,2.5842,0.9758,,,0.9758,0
518880.SH,20160428,20160427,2.6069,0.9844,,,0.9844,0
518880.SH,20160429,20160428,2.6151,0.9875,,,0.9875,0
518880.SH,20160430,20160429,2.6633,1.0057,,,1.0057,0
518880.SH,20160504,20160503,2.7069,1.0222,,,1.0222,0
518880.SH,20160505,20160504,2.6835,1.0133,,,1.0133,0
518880.SH,20160506,20160505,2.676,1.0105,,,1.0105,0
518880.SH,20160507,20160506,2.6822,1.0128,,,1.0128,0
518880.SH,20160510,20160509,2.6809,1.0123,,,1.0123,0
518880.SH,20160511,20160510,2.6599,1.0044,,,1.0044,0
518880.SH,20160512,20160511,2.6702,1.0083,,,1.0083,0
518880.SH,20160513,20160512,2.6639,1.0059,,,1.0059,0
518880.SH,20160514,20160513,2.6747,1.01,,,1.01,0
518880.SH,20160517,20160516,2.6933,1.017,,,1.017,0
518880.SH,20160518,20160517,2.6787,1.0115,,,1.0115,0
518880.SH,20160519,20160518,2.6791,1.0117,,,1.0117,0
518880.SH,20160520,20160519,2.6448,0.9987,,,0.9987,0
518880.SH,20160521,20160520,2.6449,0.9988,,,0.9988,0
518880.SH,20160524,20160523,2.6408,0.9972,,,0.9972,0
518880.SH,20160525,20160524,2.6242,0.9909,,,0.9909,0
518880.SH,20160526,20160525,2.5841,0.9758,,,0.9758,0
518880.SH,20160527,20160526,2.5981,0.9811,,,0.9811,0
518880.SH,20160528,20160527,2.5799,0.9742,,,0.9742,0
518880.SH,20160531,20160530,2.5525,0.9639,,,0.9639,0
518880.SH,20160601,20160531,2.5685,0.9699,,,0.9699,0
518880.SH,20160602,20160601,2.5825,0.9752,,,0.9752,0
518880.SH,20160603,20160602,2.5793,0.974,,,0.974,0
518880.SH,20160604,20160603,2.5735,0.9718,,,0.9718,0
518880.SH,20160607,20160606,2.6243,0.991,,,0.991,0
518880.SH,20160608,20160607,2.6284,0.9925,,,0.9925,0
518880.SH,20160609,20160608,2.6504,1.0008,,,1.0008,0
518880.SH,20160614,20160613,2.7169,1.0259,,,1.0259,0
518880.SH,20160615,20160614,2.7144,1.025,,,1.025,0
518880.SH,20160616,20160615,2.7272,1.0298,,,1.0298,0
518880.SH,20160617,20160616,2.7759,1.0482,,,1.0482,0
518880.SH,20160618,20160617,2.7263,1.0295,,,1.0295,0
518880.SH,20160621,20160620,2.7193,1.0268,,,1.0268,0
518880.SH,20160622,20160621,2.7157,1.0255,,,1.0255,0
518880.SH,20160623,20160622,2.6849,1.0139,,,1.0139,0
518880.SH,20160624,20160623,2.6883,1.0151,,,1.0151,0
518880.SH,20160625,20160624,2.8135,1.0624,,,1.0624,0
518880.SH,20160628,20160627,2.8275,1.0677,,,1.0677,0
518880.SH,20160629,20160628,2.8158,1.0633,,,1.0633,0
518880.SH,20160630,20160629,2.829,1.0683,,,1.0683,0
518880.SH,20160701,20160630,2.814,1.0626,,4566460650.79,1.0626,0
518880.SH,20160702,20160701,2.8579,1.0792,,,1.0792,0
518880.SH,20160705,20160704,2.8977,1.0942,,,1.0942,0
518880.SH,20160706,20160705,2.8858,1.0897,,,1.0897,0
518880.SH,20160707,20160706,2.9371,1.1091,,,1.1091,0
518880.SH,20160708,20160707,2.9414,1.1107,,,1.1107,0
518880.SH,20160709,20160708,2.9152,1.1008,,,1.1008,0
518880.SH,20160712,20160711,2.9289,1.106,,,1.106,0
518880.SH,20160713,20160712,2.9228,1.1037,,,1.1037,0
518880.SH,20160714,20160713,2.893,1.0924,,,1.0924,0
518880.SH,20160715,20160714,2.8729,1.0848,,,1.0848,0
518880.SH,20160716,20160715,2.8692,1.0834,,,1.0835,0
518880.SH,20160719,20160718,2.8617,1.0806,,,1.0806,0
518880.SH,20160720,20160719,2.869,1.0834,,,1.0834,0
518880.SH,20160721,20160720,2.8573,1.079,,,1.079,0
518880.SH,20160722,20160721,2.8321,1.0694,,,1.0694,0
518880.SH,20160723,20160722,2.8487,1.0757,,,1.0757,0
518880.SH,20160726,20160725,2.8313,1.0691,,,1.0691,0
518880.SH,20160727,20160726,2.8383,1.0718,,,1.0718,0
518880.SH,20160728,20160727,2.8349,1.0705,,,1.0705,0
518880.SH,20160729,20160728,2.8756,1.0859,,,1.0859,0
518880.SH,20160730,20160729,2.8568,1.0788,,,1.0788,0
518880.SH,20160802,20160801,2.8802,1.0876,,,1.0876,0
518880.SH,20160803,20160802,2.8994,1.0949,,,1.0949,0
518880.SH,20160804,20160803,2.9174,1.1016,,,1.1017,0
518880.SH,20160805,20160804,2.8889,1.0909,,,1.0909,0
518880.SH,20160806,20160805,2.9196,1.1025,,,1.1025,0
518880.SH,20160809,20160808,2.8626,1.081,,,1.081,0
518880.SH,20160810,20160809,2.8883,1.0907,,,1.0907,0
518880.SH,20160811,20160810,2.8942,1.0929,,,1.0929,0
518880.SH,20160812,20160811,2.8767,1.0863,,,1.0863,0
518880.SH,20160813,20160812,2.8663,1.0824,,,1.0824,0
518880.SH,20160816,20160815,2.8718,1.0844,,,1.0844,0
518880.SH,20160817,20160816,2.878,1.0868,,,1.0868,0
518880.SH,20160818,20160817,2.8662,1.0823,,,1.0823,0
518880.SH,20160819,20160818,2.8869,1.0901,,,1.0901,0
518880.SH,20160820,20160819,2.8802,1.0876,,,1.0876,0
518880.SH,20160823,20160822,2.8617,1.0806,,,1.0806,0
518880.SH,20160824,20160823,2.8664,1.0824,,,1.0824,0
518880.SH,20160825,20160824,2.8652,1.0819,,,1.0819,0
518880.SH,20160826,20160825,2.8469,1.075,,,1.075,0
518880.SH,20160827,20160826,2.8469,1.075,,,1.075,0
518880.SH,20160830,20160829,2.833,1.0698,,,1.0698,0
518880.SH,20160831,20160830,2.8379,1.0716,,,1.0716,0
518880.SH,20160901,20160831,2.8299,1.0686,,,1.0686,0
518880.SH,20160902,20160901,2.8129,1.0622,,,1.0622,0
518880.SH,20160903,20160902,2.8226,1.0659,,,1.0659,0
518880.SH,20160906,20160905,2.8512,1.0767,,,1.0767,0
518880.SH,20160907,20160906,2.8609,1.0803,,,1.0803,0
518880.SH,20160908,20160907,2.8916,1.0919,,,1.0919,0
518880.SH,20160909,20160908,2.8899,1.0913,,,1.0913,0
518880.SH,20160910,20160909,2.8749,1.0856,,,1.0856,0
518880.SH,20160913,20160912,2.8618,1.0807,,,1.0807,0
518880.SH,20160914,20160913,2.8594,1.0797,,,1.0797,0
518880.SH,20160915,20160914,2.8474,1.0752,,,1.0752,0
518880.SH,20160920,20160919,2.8359,1.0709,,,1.0709,0
518880.SH,20160921,20160920,2.833,1.0698,,,1.0698,0
518880.SH,20160922,20160921,2.8419,1.0731,,,1.0731,0
518880.SH,20160923,20160922,2.8664,1.0824,,,1.0824,0
518880.SH,20160924,20160923,2.8659,1.0822,,,1.0822,0
518880.SH,20160927,20160926,2.8691,1.0834,,,1.0834,0
518880.SH,20160928,20160927,2.8728,1.0848,,,1.0848,0
518880.SH,20160929,20160928,2.847,1.0751,,,1.0751,0
518880.SH,20160930,20160929,2.8433,1.0737,,,1.0737,0
518880.SH,20161025,20160930,2.8474,1.0752,,6258144534.88,1.0752,0
518880.SH,20161011,20161010,2.7313,1.0314,,,1.0314,0
518880.SH,20161012,20161011,2.7316,1.0315,,,1.0315,0
518880.SH,20161013,20161012,2.7246,1.0288,,,1.0288,0
518880.SH,20161014,20161013,2.7302,1.031,,,1.031,0
518880.SH,20161015,20161014,2.7262,1.0295,,,1.0295,0
518880.SH,20161018,20161017,2.7288,1.0304,,,1.0304,0
518880.SH,20161019,20161018,2.7479,1.0376,,,1.0376,0
518880.SH,20161020,20161019,2.7443,1.0363,,,1.0363,0
518880.SH,20161021,20161020,2.7582,1.0415,,,1.0415,0
518880.SH,20161022,20161021,2.7536,1.0398,,,1.0398,0
518880.SH,20161025,20161024,2.7671,1.0449,,,1.0449,0
518880.SH,20161026,20161025,2.7713,1.0465,,,1.0465,0
518880.SH,20161027,20161026,2.7859,1.052,,,1.052,0
518880.SH,20161028,20161027,2.775,1.0479,,,1.0479,0
518880.SH,20161029,20161028,2.7737,1.0474,,,1.0474,0
518880.SH,20161101,20161031,2.7876,1.0526,,,1.0526,0
518880.SH,20161102,20161101,2.7994,1.0571,,,1.0571,0
518880.SH,20161103,20161102,2.824,1.0664,,,1.0664,0
518880.SH,20161104,20161103,2.8356,1.0708,,,1.0708,0
518880.SH,20161105,20161104,2.8277,1.0678,,,1.0678,0
518880.SH,20161108,20161107,2.8122,1.0619,,,1.0619,0
518880.SH,20161109,20161108,2.8054,1.0594,,,1.0594,0
518880.SH,20161110,20161109,2.8821,1.0883,,,1.0883,0
518880.SH,20161111,20161110,2.8245,1.0666,,,1.0666,0
518880.SH,20161112,20161111,2.7832,1.051,,,1.051,0
518880.SH,20161115,20161114,2.7184,1.0265,,,1.0265,0
518880.SH,20161116,20161115,2.7354,1.0329,,,1.0329,0
518880.SH,20161117,20161116,2.7312,1.0313,,,1.0313,0
518880.SH,20161118,20161117,2.7331,1.0321,,,1.0321,0
518880.SH,20161119,20161118,2.7056,1.0217,,,1.0217,0
518880.SH,20161122,20161121,2.7266,1.0296,,,1.0296,0
518880.SH,20161123,20161122,2.7228,1.0282,,,1.0282,0
518880.SH,20161124,20161123,2.7287,1.0304,,,1.0304,0
518880.SH,20161125,20161124,2.7027,1.0206,,,1.0206,0
518880.SH,20161126,20161125,2.6922,1.0166,,,1.0166,0
518880.SH,20161129,20161128,2.7046,1.0213,,,1.0213,0
518880.SH,20161130,20161129,2.6857,1.0142,,,1.0142,0
518880.SH,20161201,20161130,2.6779,1.0112,,,1.0112,0
518880.SH,20161202,20161201,2.6542,1.0023,,,1.0023,0
518880.SH,20161203,20161202,2.6522,1.0015,,,1.0015,0
518880.SH,20161206,20161205,2.6489,1.0003,,,1.0003,0
518880.SH,20161207,20161206,2.6458,0.9991,,,0.9991,0
518880.SH,20161208,20161207,2.6534,1.002,,,1.002,0
518880.SH,20161209,20161208,2.6838,1.0134,,,1.0134,0
518880.SH,20161210,20161209,2.6638,1.0059,,,1.0059,0
518880.SH,20161213,20161212,2.649,1.0003,,,1.0003,0
518880.SH,20161214,20161213,2.6524,1.0016,,,1.0016,0
518880.SH,20161215,20161214,2.6583,1.0038,,,1.0038,0
518880.SH,20161216,20161215,2.6291,0.9928,,,0.9928,0
518880.SH,20161217,20161216,2.6202,0.9894,,,0.9894,0
518880.SH,20161220,20161219,2.6267,0.9919,,,0.9919,0
518880.SH,20161221,20161220,2.6198,0.9893,,,0.9893,0
518880.SH,20161222,20161221,2.6089,0.9852,,,0.9852,0
518880.SH,20161223,20161222,2.5992,0.9815,,,0.9815,0
518880.SH,20161224,20161223,2.5999,0.9818,,,0.9818,0
518880.SH,20161227,20161226,2.6132,0.9868,,,0.9868,0
518880.SH,20161228,20161227,2.6159,0.9878,,,0.9878,0
518880.SH,20161229,20161228,2.6184,0.9887,,,0.9887,0
518880.SH,20161230,20161229,2.6292,0.9928,,,0.9928,0
518880.SH,20161231,20161230,2.6383,0.9963,,,0.9963,0
518880.SH,20170101,20161231,2.6383,0.9963,,6356598830.78,0.9963,0
518880.SH,20170104,20170103,2.6359,0.9954,,,0.9954,0
518880.SH,20170105,20170104,2.6481,1.0,,,1.0,0
518880.SH,20170106,20170105,2.6467,0.9994,,,0.9994,0
518880.SH,20170107,20170106,2.6523,1.0015,,,1.0015,0
518880.SH,20170110,20170109,2.6583,1.0038,,,1.0038,0
518880.SH,20170111,20170110,2.6805,1.0122,,,1.0122,0
518880.SH,20170112,20170111,2.6904,1.0159,,,1.0159,0
518880.SH,20170113,20170112,2.6928,1.0168,,,1.0168,0
518880.SH,20170114,20170113,2.6874,1.0148,,,1.0148,0
518880.SH,20170117,20170116,2.7045,1.0213,,,1.0213,0
518880.SH,20170118,20170117,2.7213,1.0276,,,1.0276,0
518880.SH,20170119,20170118,2.7099,1.0233,,,1.0233,0
518880.SH,20170120,20170119,2.6799,1.012,,,1.012,0
518880.SH,20170121,20170120,2.69,1.0158,,,1.0158,0
518880.SH,20170124,20170123,2.7023,1.0204,,,1.0204,0
518880.SH,20170125,20170124,2.6981,1.0188,,,1.0188,0
518880.SH,20170126,20170125,2.6802,1.0121,,,1.0121,0
518880.SH,20170127,20170126,2.662,1.0052,,,1.0052,0
518880.SH,20170204,20170203,2.6925,1.0167,,,1.0167,0
518880.SH,20170207,20170206,2.7173,1.0261,,,1.0261,0
518880.SH,20170208,20170207,2.741,1.035,,,1.035,0
518880.SH,20170209,20170208,2.7429,1.0358,,,1.0358,0
518880.SH,20170210,20170209,2.7625,1.0432,,,1.0432,0
518880.SH,20170211,20170210,2.7278,1.0301,,,1.0301,0
518880.SH,20170214,20170213,2.7458,1.0369,,,1.0369,0
518880.SH,20170215,20170214,2.74,1.0347,,,1.0347,0
518880.SH,20170216,20170215,2.7334,1.0322,,,1.0322,0
518880.SH,20170217,20170216,2.7487,1.0379,,,1.0379,0
518880.SH,20170218,20170217,2.7569,1.041,,,1.041,0
518880.SH,20170221,20170220,2.7544,1.0401,,,1.0401,0
518880.SH,20170222,20170221,2.7549,1.0403,,,1.0403,0
518880.SH,20170223,20170222,2.7554,1.0405,,,1.0405,0
518880.SH,20170224,20170223,2.7614,1.0427,,,1.0427,0
518880.SH,20170225,20170224,2.7956,1.0557,,,1.0557,0
518880.SH,20170228,20170227,2.8053,1.0593,,,1.0593,0
518880.SH,20170301,20170228,2.8176,1.064,,,1.064,0
518880.SH,20170302,20170301,2.7793,1.0495,,,1.0495,0
518880.SH,20170303,20170302,2.7828,1.0508,,,1.0508,0
518880.SH,20170304,20170303,2.7616,1.0428,,,1.0428,0
518880.SH,20170307,20170306,2.7647,1.044,,,1.044,0
518880.SH,20170308,20170307,2.7531,1.0396,,,1.0396,0
518880.SH,20170309,20170308,2.7373,1.0336,,,1.0336,0
518880.SH,20170310,20170309,2.7216,1.0277,,,1.0277,0
518880.SH,20170311,20170310,2.7035,1.0209,,,1.0209,0
518880.SH,20170314,20170313,2.7283,1.0302,,,1.0302,0
518880.SH,20170315,20170314,2.7124,1.0242,,,1.0242,0
518880.SH,20170316,20170315,2.7145,1.025,,,1.025,0
518880.SH,20170317,20170316,2.7582,1.0415,,,1.0415,0
518880.SH,20170318,20170317,2.7556,1.0406,,,1.0406,0
518880.SH,20170321,20170320,2.77,1.046,,,1.046,0
518880.SH,20170322,20170321,2.7569,1.041,,,1.041,0
518880.SH,20170323,20170322,2.7814,1.0503,,,1.0503,0
518880.SH,20170324,20170323,2.7815,1.0503,,,1.0503,0
518880.SH,20170325,20170324,2.7781,1.049,,,1.049,0
518880.SH,20170328,20170327,2.8046,1.0591,,,1.0591,0
518880.SH,20170329,20170328,2.8016,1.0579,,,1.0579,0
518880.SH,20170330,20170329,2.7967,1.0561,,,1.0561,0
518880.SH,20170331,20170330,2.7953,1.0555,,,1.0555,0
518880.SH,20170424,20170331,2.7774,1.0488,,6905948035.16,1.0488,0
518880.SH,20170406,20170405,2.8056,1.0594,,,1.0594,0
518880.SH,20170407,20170406,2.8014,1.0578,,,1.0578,0
518880.SH,20170408,20170407,2.8286,1.0681,,,1.0681,0
518880.SH,20170411,20170410,2.8133,1.0623,,,1.0623,0
518880.SH,20170412,20170411,2.8177,1.064,,,1.064,0
518880.SH,20170413,20170412,2.8434,1.0737,,,1.0737,0
518880.SH,20170414,20170413,2.8662,1.0823,,,1.0823,0
518880.SH,20170415,20170414,2.8653,1.082,,,1.082,0
518880.SH,20170418,20170417,2.8683,1.0831,,,1.0831,0
518880.SH,20170419,20170418,2.8606,1.0802,,,1.0802,0
518880.SH,20170420,20170419,2.8569,1.0788,,,1.0788,0
518880.SH,20170421,20170420,2.8543,1.0778,,,1.0778,0
518880.SH,20170422,20170421,2.853,1.0773,,,1.0773,0
518880.SH,20170425,20170424,2.8352,1.0706,,,1.0706,0
518880.SH,20170426,20170425,2.8323,1.0695,,,1.0695,0
518880.SH,20170427,20170426,2.8199,1.0648,,,1.0648,0
518880.SH,20170428,20170427,2.8252,1.0668,,,1.0668,0
518880.SH,20170429,20170428,2.8338,1.0701,,,1.0701,0
518880.SH,20170503,20170502,2.8088,1.0606,,,1.0606,0
518880.SH,20170504,20170503,2.8031,1.0585,,,1.0585,0
518880.SH,20170505,20170504,2.7614,1.0427,,,1.0427,0
518880.SH,20170506,20170505,2.7581,1.0415,,,1.0415,0
518880.SH,20170509,20170508,2.7545,1.0401,,,1.0401,0
518880.SH,20170510,20170509,2.7515,1.039,,,1.039,0
518880.SH,20170511,20170510,2.7384,1.0341,,,1.0341,0
518880.SH,20170512,20170511,2.7421,1.0355,,,1.0355,0
518880.SH,20170513,20170512,2.7545,1.0401,,,1.0401,0
518880.SH,20170516,20170515,2.7623,1.0431,,,1.0431,0
518880.SH,20170517,20170516,2.7665,1.0447,,,1.0447,0
518880.SH,20170518,20170517,2.7755,1.0481,,,1.0481,0
518880.SH,20170519,20170518,2.7976,1.0564,,,1.0564,0
518880.SH,20170520,20170519,2.7921,1.0543,,,1.0543,0
518880.SH,20170523,20170522,2.7994,1.0571,,,1.0571,0
518880.SH,20170524,20170523,2.8134,1.0624,,,1.0624,0
518880.SH,20170525,20170524,2.7845,1.0515,,,1.0515,0
518880.SH,20170526,20170525,2.7968,1.0561,,,1.0561,0
518880.SH,20170527,20170526,2.8027,1.0583,,,1.0583,0
518880.SH,20170601,20170531,2.7893,1.0533,,,1.0533,0
518880.SH,20170602,20170601,2.7892,1.0532,,,1.0532,0
518880.SH,20170603,20170602,2.7809,1.0501,,,1.0501,0
518880.SH,20170606,20170605,2.8179,1.0641,,,1.0641,0
518880.SH,20170607,20170606,2.8312,1.0691,,,1.0691,0
518880.SH,20170608,20170607,2.8368,1.0712,,,1.0712,0
518880.SH,20170609,20170608,2.8263,1.0672,,,1.0673,0
518880.SH,20170610,20170609,2.7966,1.056,,,1.056,0
518880.SH,20170613,20170612,2.7879,1.0527,,,1.0528,0
518880.SH,20170614,20170613,2.7829,1.0509,,,1.0509,0
518880.SH,20170615,20170614,2.7923,1.0544,,,1.0544,0
518880.SH,20170616,20170615,2.7741,1.0475,,,1.0475,0
518880.SH,20170617,20170616,2.7683,1.0453,,,1.0453,0
518880.SH,20170620,20170619,2.7619,1.0429,,,1.0429,0
518880.SH,20170621,20170620,2.7594,1.042,,,1.042,0
518880.SH,20170622,20170621,2.7572,1.0412,,,1.0412,0
518880.SH,20170623,20170622,2.774,1.0475,,,1.0475,0
518880.SH,20170624,20170623,2.7769,1.0486,,,1.0486,0
518880.SH,20170627,20170626,2.7781,1.049,,,1.049,0
518880.SH,20170628,20170627,2.7647,1.044,,,1.044,0
518880.SH,20170629,20170628,2.7585,1.0416,,,1.0416,0
518880.SH,20170630,20170629,2.7494,1.0382,,,1.0382,0
518880.SH,20170701,20170630,2.7301,1.0309,,5463119460.2,1.0309,0
518880.SH,20170704,20170703,2.7175,1.0262,,,1.0262,0
518880.SH,20170705,20170704,2.7029,1.0207,,,1.0207,0
518880.SH,20170706,20170705,2.6993,1.0193,,,1.0193,0
518880.SH,20170707,20170706,2.7003,1.0197,,,1.0197,0
518880.SH,20170708,20170707,2.6971,1.0185,,,1.0185,0
518880.SH,20170711,20170710,2.657,1.0033,,,1.0033,0
518880.SH,20170712,20170711,2.6747,1.01,,,1.01,0
518880.SH,20170713,20170712,2.6881,1.0151,,,1.0151,0
518880.SH,20170714,20170713,2.6901,1.0158,,,1.0158,0
518880.SH,20170715,20170714,2.6771,1.0109,,,1.0109,0
518880.SH,20170718,20170717,2.7021,1.0203,,,1.0204,0
518880.SH,20170719,20170718,2.7076,1.0224,,,1.0224,0
518880.SH,20170720,20170719,2.7126,1.0243,,,1.0243,0
518880.SH,20170721,20170720,2.712,1.0241,,,1.0241,0
518880.SH,20170722,20170721,2.7309,1.0312,,,1.0312,0
518880.SH,20170725,20170724,2.737,1.0335,,,1.0335,0
518880.SH,20170726,20170725,2.7372,1.0336,,,1.0336,0
518880.SH,20170727,20170726,2.7218,1.0278,,,1.0278,0
518880.SH,20170728,20170727,2.7448,1.0365,,,1.0365,0
518880.SH,20170729,20170728,2.7417,1.0353,,,1.0353,0
518880.SH,20170801,20170731,2.7498,1.0384,,,1.0384,0
518880.SH,20170802,20170801,2.7518,1.0391,,,1.0391,0
518880.SH,20170803,20170802,2.7468,1.0372,,,1.0372,0
518880.SH,20170804,20170803,2.7328,1.0319,,,1.0319,0
518880.SH,20170805,20170804,2.7513,1.0389,,,1.0389,0
518880.SH,20170808,20170807,2.7325,1.0318,,,1.0318,0
518880.SH,20170809,20170808,2.729,1.0305,,,1.0305,0
518880.SH,20170810,20170809,2.7401,1.0347,,,1.0347,0
518880.SH,20170811,20170810,2.7516,1.039,,,1.039,0
518880.SH,20170812,20170811,2.7659,1.0444,,,1.0444,0
518880.SH,20170815,20170814,2.7647,1.044,,,1.044,0
518880.SH,20170816,20170815,2.7457,1.0368,,,1.0368,0
518880.SH,20170817,20170816,2.7437,1.0361,,,1.0361,0
518880.SH,20170818,20170817,2.7686,1.0455,,,1.0455,0
518880.SH,20170819,20170818,2.7836,1.0511,,,1.0511,0
518880.SH,20170822,20170821,2.7737,1.0474,,,1.0474,0
518880.SH,20170823,20170822,2.7654,1.0443,,,1.0443,0
518880.SH,20170824,20170823,2.7686,1.0455,,,1.0455,0
518880.SH,20170825,20170824,2.7694,1.0458,,,1.0458,0
518880.SH,20170826,20170825,2.7664,1.0446,,,1.0446,0
518880.SH,20170829,20170828,2.7804,1.0499,,,1.0499,0
518880.SH,20170830,20170829,2.81,1.0611,,,1.0611,0
518880.SH,20170831,20170830,2.7784,1.0492,,,1.0492,0
518880.SH,20170901,20170831,2.7774,1.0488,,,1.0488,0
518880.SH,20170902,20170901,2.7937,1.0549,,,1.0549,0
518880.SH,20170905,20170904,2.8186,1.0643,,,1.0643,0
518880.SH,20170906,20170905,2.8102,1.0612,,,1.0612,0
518880.SH,20170907,20170906,2.8226,1.0659,,,1.0659,0
518880.SH,20170908,20170907,2.8121,1.0619,,,1.0619,0
518880.SH,20170909,20170908,2.8157,1.0632,,,1.0632,0
518880.SH,20170912,20170911,2.813,1.0622,,,1.0622,0
518880.SH,20170913,20170912,2.7967,1.0561,,,1.0561,0
518880.SH,20170914,20170913,2.8048,1.0591,,,1.0591,0
518880.SH,20170915,20170914,2.7961,1.0558,,,1.0558,0
518880.SH,20170916,20170915,2.8001,1.0574,,,1.0574,0
518880.SH,20170919,20170918,2.7874,1.0526,,,1.0526,0
518880.SH,20170920,20170919,2.7846,1.0515,,,1.0515,0
518880.SH,20170921,20170920,2.787,1.0524,,,1.0524,0
518880.SH,20170922,20170921,2.7627,1.0432,,,1.0432,0
518880.SH,20170923,20170922,2.771,1.0464,,,1.0464,0
518880.SH,20170926,20170925,2.7633,1.0435,,,1.0435,0
518880.SH,20170927,20170926,2.7987,1.0568,,,1.0568,0
518880.SH,20170928,20170927,2.7743,1.0476,,,1.0476,0
518880.SH,20170929,20170928,2.7645,1.0439,,,1.0439,0
518880.SH,20170930,20170929,2.7722,1.0468,,,1.0468,0
518880.SH,20171025,20170930,2.7722,1.0468,,4993358734.1,1.0468,0
518880.SH,20171010,20171009,2.7605,1.0424,,,1.0424,0
518880.SH,20171011,20171010,2.7596,1.0421,,,1.0421,0
518880.SH,20171012,20171011,2.7486,1.0379,,,1.0379,0
518880.SH,20171013,20171012,2.76,1.0422,,,1.0422,0
518880.SH,20171014,20171013,2.7625,1.0432,,,1.0432,0
518880.SH,20171017,20171016,2.7779,1.049,,,1.049,0
518880.SH,20171018,20171017,2.7636,1.0436,,,1.0436,0
518880.SH,20171019,20171018,2.7544,1.0401,,,1.0401,0
518880.SH,20171020,20171019,2.7464,1.0371,,,1.0371,0
518880.SH,20171021,20171020,2.7456,1.0368,,,1.0368,0
518880.SH,20171024,20171023,2.7381,1.0339,,,1.0339,0
518880.SH,20171025,20171024,2.7474,1.0375,,,1.0375,0
518880.SH,20171026,20171025,2.7359,1.0331,,,1.0331,0
518880.SH,20171027,20171026,2.742,1.0354,,,1.0354,0
518880.SH,20171028,20171027,2.7263,1.0295,,,1.0295,0
518880.SH,20171031,20171030,2.7262,1.0295,,,1.0295,0
518880.SH,20171101,20171031,2.7363,1.0333,,,1.0333,0
518880.SH,20171102,20171101,2.7314,1.0314,,,1.0314,0
518880.SH,20171103,20171102,2.7303,1.031,,,1.031,0
518880.SH,20171104,20171103,2.7329,1.032,,,1.032,0
518880.SH,20171107,20171106,2.7269,1.0297,,,1.0297,0
518880.SH,20171108,20171107,2.7402,1.0347,,,1.0347,0
518880.SH,20171109,20171108,2.7425,1.0356,,,1.0356,0
518880.SH,20171110,20171109,2.7505,1.0386,,,1.0386,0
518880.SH,20171111,20171110,2.7562,1.0408,,,1.0408,0
518880.SH,20171114,20171113,2.7466,1.0372,,,1.0372,0
518880.SH,20171115,20171114,2.7416,1.0353,,,1.0353,0
518880.SH,20171116,20171115,2.7472,1.0374,,,1.0374,0
518880.SH,20171117,20171116,2.7367,1.0334,,,1.0334,0
518880.SH,20171118,20171117,2.7452,1.0366,,,1.0366,0
518880.SH,20171121,20171120,2.7596,1.0421,,,1.0421,0
518880.SH,20171122,20171121,2.7455,1.0367,,,1.0367,0
518880.SH,20171123,20171122,2.744,1.0362,,,1.0362,0
518880.SH,20171124,20171123,2.7486,1.0379,,,1.0379,0
518880.SH,20171125,20171124,2.7488,1.038,,,1.038,0
518880.SH,20171128,20171127,2.7497,1.0383,,,1.0383,0
518880.SH,20171129,20171128,2.7533,1.0397,,,1.0397,0
518880.SH,20171130,20171129,2.7582,1.0415,,,1.0415,0
518880.SH,20171201,20171130,2.7402,1.0347,,,1.0347,0
518880.SH,20171202,20171201,2.7246,1.0288,,,1.0288,0
518880.SH,20171205,20171204,2.7227,1.0281,,,1.0281,0
518880.SH,20171206,20171205,2.7249,1.029,,,1.029,0
518880.SH,20171207,20171206,2.7105,1.0235,,,1.0235,0
518880.SH,20171208,20171207,2.6891,1.0154,,,1.0154,0
518880.SH,20171209,20171208,2.6742,1.0098,,,1.0098,0
518880.SH,20171212,20171211,2.679,1.0116,,,1.0116,0
518880.SH,20171213,20171212,2.6712,1.0087,,,1.0087,0
518880.SH,20171214,20171213,2.6741,1.0098,,,1.0098,0
518880.SH,20171215,20171214,2.6961,1.0181,,,1.0181,0
518880.SH,20171216,20171215,2.6919,1.0165,,,1.0165,0
518880.SH,20171219,20171218,2.6951,1.0177,,,1.0177,0
518880.SH,20171220,20171219,2.7091,1.023,,,1.023,0
518880.SH,20171221,20171220,2.7029,1.0207,,,1.0207,0
518880.SH,20171222,20171221,2.6976,1.0187,,,1.0187,0
518880.SH,20171223,20171222,2.7014,1.0201,,,1.0201,0
518880.SH,20171226,20171225,2.7113,1.0238,,,1.0238,0
518880.SH,20171227,20171226,2.7149,1.0252,,,1.0252,0
518880.SH,20171228,20171227,2.7232,1.0283,,,1.0283,0
518880.SH,20171229,20171228,2.7307,1.0311,,,1.0312,0
518880.SH,20171230,20171229,2.7257,1.0293,,,1.0293,0
518880.SH,20180101,20171231,2.7257,1.0293,,5067440851.25,1.0293,0
518880.SH,20180103,20180102,2.7486,1.0379,,,1.0379,0
518880.SH,20180104,20180103,2.7556,1.0406,,,1.0406,0
518880.SH,20180105,20180104,2.7475,1.0375,,,1.0375,0
518880.SH,20180106,20180105,2.7582,1.0415,,,1.0415,0
518880.SH,20180109,20180108,2.7615,1.0428,,,1.0428,0
518880.SH,20180110,20180109,2.7674,1.045,,,1.045,0
518880.SH,20180111,20180110,2.762,1.043,,,1.043,0
518880.SH,20180112,20180111,2.7735,1.0473,,,1.0473,0
518880.SH,20180113,20180112,2.7792,1.0495,,,1.0495,0
518880.SH,20180116,20180115,2.7909,1.0539,,,1.0539,0
518880.SH,20180117,20180116,2.7834,1.051,,,1.0511,0
518880.SH,20180118,20180117,2.7719,1.0467,,,1.0467,0
518880.SH,20180119,20180118,2.757,1.0411,,,1.0411,0
518880.SH,20180120,20180119,2.7514,1.039,,,1.039,0
518880.SH,20180123,20180122,2.7549,1.0403,,,1.0403,0
518880.SH,20180124,20180123,2.7667,1.0447,,,1.0447,0
518880.SH,20180125,20180124,2.7737,1.0474,,,1.0474,0
518880.SH,20180126,20180125,2.7837,1.0512,,,1.0512,0
518880.SH,20180127,20180126,2.77,1.046,,,1.046,0
518880.SH,20180130,20180129,2.7549,1.0403,,,1.0403,0
518880.SH,20180131,20180130,2.7351,1.0328,,,1.0328,0
518880.SH,20180201,20180131,2.7356,1.033,,,1.033,0
518880.SH,20180202,20180201,2.7291,1.0305,,,1.0305,0
518880.SH,20180203,20180202,2.7326,1.0319,,,1.0319,0
518880.SH,20180206,20180205,2.71,1.0233,,,1.0233,0
518880.SH,20180207,20180206,2.7274,1.0299,,,1.0299,0
518880.SH,20180208,20180207,2.693,1.0169,,,1.0169,0
518880.SH,20180209,20180208,2.688,1.015,,,1.015,0
518880.SH,20180210,20180209,2.6906,1.016,,,1.016,0
518880.SH,20180213,20180212,2.6959,1.018,,,1.018,0
518880.SH,20180214,20180213,2.7063,1.0219,,,1.0219,0
518880.SH,20180215,20180214,2.7268,1.0297,,,1.0297,0
518880.SH,20180223,20180222,2.7083,1.0227,,,1.0227,0
518880.SH,20180224,20180223,2.714,1.0248,,,1.0248,0
518880.SH,20180227,20180226,2.7303,1.031,,,1.031,0
518880.SH,20180228,20180227,2.7179,1.0263,,,1.0263,0
518880.SH,20180301,20180228,2.6973,1.0185,,,1.0185,0
518880.SH,20180302,20180301,2.6922,1.0166,,,1.0166,0
518880.SH,20180303,20180302,2.7033,1.0208,,,1.0208,0
518880.SH,20180306,20180305,2.7151,1.0253,,,1.0253,0
518880.SH,20180307,20180306,2.7059,1.0218,,,1.0218,0
518880.SH,20180308,20180307,2.7172,1.0261,,,1.0261,0
518880.SH,20180309,20180308,2.7162,1.0257,,,1.0257,0
518880.SH,20180310,20180309,2.7002,1.0196,,,1.0196,0
518880.SH,20180313,20180312,2.7021,1.0203,,,1.0204,0
518880.SH,20180314,20180313,2.7011,1.02,,,1.02,0
518880.SH,20180315,20180314,2.7053,1.0216,,,1.0216,0
518880.SH,20180316,20180315,2.7037,1.021,,,1.021,0
518880.SH,20180317,20180316,2.696,1.018,,,1.018,0
518880.SH,20180320,20180319,2.68,1.012,,,1.012,0
518880.SH,20180321,20180320,2.6891,1.0154,,,1.0154,0
518880.SH,20180322,20180321,2.6913,1.0163,,,1.0163,0
518880.SH,20180323,20180322,2.7149,1.0252,,,1.0252,0
518880.SH,20180324,20180323,2.7431,1.0358,,,1.0358,0
518880.SH,20180327,20180326,2.7354,1.0329,,,1.0329,0
518880.SH,20180328,20180327,2.7345,1.0326,,,1.0326,0
518880.SH,20180329,20180328,2.7187,1.0266,,,1.0266,0
518880.SH,20180330,20180329,2.6925,1.0167,,,1.0167,0
518880.SH,20180331,20180330,2.6989,1.0191,,,1.0191,0
518880.SH,20180421,20180331,2.6989,1.0191,,4627367466.31,1.0191,0
518880.SH,20180403,20180402,2.7017,1.0202,,,1.0202,0
518880.SH,20180404,20180403,2.7177,1.0262,,,1.0262,0
518880.SH,20180405,20180404,2.7148,1.0251,,,1.0251,0
518880.SH,20180410,20180409,2.7082,1.0227,,,1.0227,0
518880.SH,20180411,20180410,2.7128,1.0244,,,1.0244,0
518880.SH,20180412,20180411,2.7221,1.0279,,,1.0279,0
518880.SH,20180413,20180412,2.7338,1.0323,,,1.0323,0
518880.SH,20180414,20180413,2.714,1.0248,,,1.0248,0
518880.SH,20180417,20180416,2.7217,1.0278,,,1.0278,0
518880.SH,20180418,20180417,2.7278,1.0301,,,1.0301,0
518880.SH,20180419,20180418,2.7232,1.0283,,,1.0283,0
518880.SH,20180420,20180419,2.7336,1.0322,,,1.0322,0
518880.SH,20180421,20180420,2.7215,1.0277,,,1.0277,0
518880.SH,20180424,20180423,2.7072,1.0223,,,1.0223,0
518880.SH,20180425,20180424,2.7035,1.0209,,,1.0209,0
518880.SH,20180426,20180425,2.6974,1.0186,,,1.0186,0
518880.SH,20180427,20180426,2.7049,1.0214,,,1.0214,0
518880.SH,20180428,20180427,2.6952,1.0177,,,1.0177,0
518880.SH,20180503,20180502,2.6904,1.0159,,,1.0159,0
518880.SH,20180504,20180503,2.686,1.0143,,,1.0143,0
518880.SH,20180505,20180504,2.6867,1.0145,,,1.0145,0
518880.SH,20180508,20180507,2.6917,1.0164,,,1.0164,0
518880.SH,20180509,20180508,2.6952,1.0177,,,1.0177,0
518880.SH,20180510,20180509,2.6878,1.0149,,,1.015,0
518880.SH,20180511,20180510,2.6927,1.0168,,,1.0168,0
518880.SH,20180512,20180511,2.6995,1.0194,,,1.0194,0
518880.SH,20180515,20180514,2.6967,1.0183,,,1.0183,0
518880.SH,20180516,20180515,2.6862,1.0143,,,1.0143,0
518880.SH,20180517,20180516,2.6625,1.0054,,,1.0054,0
518880.SH,20180518,20180517,2.6464,0.9993,,,0.9993,0
518880.SH,20180519,20180518,2.6494,1.0004,,,1.0005,0
518880.SH,20180522,20180521,2.6445,0.9986,,,0.9986,0
518880.SH,20180523,20180522,2.6513,1.0012,,,1.0012,0
518880.SH,20180524,20180523,2.6561,1.003,,,1.003,0
518880.SH,20180525,20180524,2.6676,1.0073,,,1.0073,0
518880.SH,20180526,20180525,2.6794,1.0118,,,1.0118,0
518880.SH,20180529,20180528,2.6687,1.0077,,,1.0077,0
518880.SH,20180530,20180529,2.6746,1.01,,,1.01,0
518880.SH,20180531,20180530,2.6791,1.0117,,,1.0117,0
518880.SH,20180601,20180531,2.6859,1.0142,,,1.0142,0
518880.SH,20180602,20180601,2.6814,1.0125,,,1.0125,0
518880.SH,20180605,20180604,2.6698,1.0082,,,1.0082,0
518880.SH,20180606,20180605,2.6653,1.0065,,,1.0065,0
518880.SH,20180607,20180606,2.669,1.0079,,,1.0079,0
518880.SH,20180608,20180607,2.6711,1.0086,,,1.0086,0
518880.SH,20180609,20180608,2.6715,1.0088,,,1.0088,0
518880.SH,20180612,20180611,2.6727,1.0092,,,1.0092,0
518880.SH,20180613,20180612,2.6712,1.0087,,,1.0087,0
518880.SH,20180614,20180613,2.6686,1.0077,,,1.0077,0
518880.SH,20180615,20180614,2.6792,1.0117,,,1.0117,0
518880.SH,20180616,20180615,2.6767,1.0108,,,1.0108,0
518880.SH,20180620,20180619,2.6679,1.0074,,,1.0074,0
518880.SH,20180621,20180620,2.6528,1.0017,,,1.0017,0
518880.SH,20180622,20180621,2.6472,0.9996,,,0.9996,0
518880.SH,20180623,20180622,2.6564,1.0031,,,1.0031,0
518880.SH,20180626,20180625,2.6608,1.0048,,,1.0048,0
518880.SH,20180627,20180626,2.6612,1.0049,,,1.0049,0
518880.SH,20180628,20180627,2.6647,1.0062,,,1.0062,0
518880.SH,20180629,20180628,2.6591,1.0041,,,1.0041,0
518880.SH,20180630,20180629,2.6628,1.0055,,,1.0055,0
518880.SH,20180701,20180630,2.6628,1.0055,,5080702086.33,1.0055,0
518880.SH,20180703,20180702,2.6632,1.0057,,,1.0057,0
518880.SH,20180704,20180703,2.6673,1.0072,,,1.0072,0
518880.SH,20180705,20180704,2.6728,1.0093,,,1.0093,0
518880.SH,20180706,20180705,2.6717,1.0089,,,1.0089,0
518880.SH,20180707,20180706,2.6808,1.0123,,,1.0123,0
518880.SH,20180710,20180709,2.6796,1.0119,,,1.0119,0
518880.SH,20180711,20180710,2.6711,1.0086,,,1.0086,0
518880.SH,20180712,20180711,2.6785,1.0114,,,1.0114,0
518880.SH,20180713,20180712,2.6684,1.0076,,,1.0076,0
518880.SH,20180714,20180713,2.6665,1.0069,,,1.0069,0
518880.SH,20180717,20180716,2.6699,1.0082,,,1.0082,0
518880.SH,20180718,20180717,2.667,1.0071,,,1.0071,0
518880.SH,20180719,20180718,2.643,0.998,,,0.998,0
518880.SH,20180720,20180719,2.6511,1.0011,,,1.0011,0
518880.SH,20180721,20180720,2.6629,1.0055,,,1.0055,0
518880.SH,20180724,20180723,2.672,1.009,,,1.009,0
518880.SH,20180725,20180724,2.6723,1.0091,,,1.0091,0
518880.SH,20180726,20180725,2.6677,1.0074,,,1.0074,0
518880.SH,20180727,20180726,2.6734,1.0095,,,1.0095,0
518880.SH,20180728,20180727,2.6701,1.0083,,,1.0083,0
518880.SH,20180731,20180730,2.6704,1.0084,,,1.0084,0
518880.SH,20180801,20180731,2.6739,1.0097,,,1.0097,0
518880.SH,20180802,20180801,2.6698,1.0082,,,1.0082,0
518880.SH,20180803,20180802,2.6667,1.007,,,1.007,0
518880.SH,20180804,20180803,2.6654,1.0065,,,1.0065,0
518880.SH,20180807,20180806,2.6632,1.0057,,,1.0057,0
518880.SH,20180808,20180807,2.6633,1.0057,,,1.0057,0
518880.SH,20180809,20180808,2.6591,1.0041,,,1.0041,0
518880.SH,20180810,20180809,2.6585,1.0039,,,1.0039,0
518880.SH,20180811,20180810,2.6594,1.0042,,,1.0042,0
518880.SH,20180814,20180813,2.6641,1.006,,,1.006,0
518880.SH,20180815,20180814,2.642,0.9977,,,0.9977,0
518880.SH,20180816,20180815,2.6366,0.9956,,,0.9956,0
518880.SH,20180817,20180816,2.6108,0.9859,,,0.9859,0
518880.SH,20180818,20180817,2.6027,0.9828,,,0.9828,0
518880.SH,20180821,20180820,2.6185,0.9888,,,0.9888,0
518880.SH,20180822,20180821,2.6317,0.9938,,,0.9938,0
518880.SH,20180823,20180822,2.6276,0.9922,,,0.9922,0
518880.SH,20180824,20180823,2.6292,0.9928,,,0.9928,0
518880.SH,20180825,20180824,2.6321,0.9939,,,0.9939,0
518880.SH,20180828,20180827,2.639,0.9965,,,0.9965,0
518880.SH,20180829,20180828,2.6493,1.0004,,,1.0004,0
518880.SH,20180830,20180829,2.6428,0.998,,,0.998,0
518880.SH,20180831,20180830,2.6458,0.9991,,,0.9991,0
518880.SH,20180901,20180831,2.6505,1.0009,,,1.0009,0
518880.SH,20180904,20180903,2.6358,0.9953,,,0.9953,0
518880.SH,20180905,20180904,2.6272,0.9921,,,0.9921,0
518880.SH,20180906,20180905,2.6248,0.9912,,,0.9912,0
518880.SH,20180907,20180906,2.6336,0.9945,,,0.9945,0
518880.SH,20180908,20180907,2.6378,0.9961,,,0.9961,0
518880.SH,20180911,20180910,2.6374,0.9959,,,0.9959,0
518880.SH,20180912,20180911,2.6393,0.9966,,,0.9966,0
518880.SH,20180913,20180912,2.6374,0.9959,,,0.9959,0
518880.SH,20180914,20180913,2.6468,0.9995,,,0.9995,0
518880.SH,20180915,20180914,2.6525,1.0016,,,1.0016,0
518880.SH,20180918,20180917,2.6422,0.9977,,,0.9977,0
518880.SH,20180919,20180918,2.6431,0.9981,,,0.9981,0
518880.SH,20180920,20180919,2.652,1.0014,,,1.0014,0
518880.SH,20180921,20180920,2.6505,1.0009,,,1.0009,0
518880.SH,20180922,20180921,2.662,1.0052,,,1.0052,0
518880.SH,20180926,20180925,2.6499,1.0006,,,1.0006,0
518880.SH,20180927,20180926,2.6556,1.0028,,,1.0028,0
518880.SH,20180928,20180927,2.6476,0.9998,,,0.9998,0
518880.SH,20180929,20180928,2.6253,0.9913,,,0.9914,0
518880.SH,20181026,20180930,2.6252,0.9912,,4001683371.03,0.9913,0
518880.SH,20181009,20181008,2.654,1.0022,,,1.0022,1
518880.SH,20181010,20181009,2.6513,1.0012,,,1.0012,1
518880.SH,20181011,20181010,2.6487,1.0002,,,1.0002,1
518880.SH,20181012,20181011,2.6668,1.007,,,1.007,1
518880.SH,20181013,20181012,2.6973,1.0185,,,1.0185,1
518880.SH,20181016,20181015,2.728,1.0301,,,1.0301,1
518880.SH,20181017,20181016,2.7261,1.0294,,,1.0294,1
518880.SH,20181018,20181017,2.7209,1.0274,,,1.0274,1
518880.SH,20181019,20181018,2.72,1.0271,,,1.0271,1
518880.SH,20181020,20181019,2.7255,1.0292,,,1.0292,1
518880.SH,20181023,20181022,2.7303,1.031,,,1.031,0
518880.SH,20181024,20181023,2.7464,1.0371,,,1.0371,0
518880.SH,20181025,20181024,2.7453,1.0367,,,1.0367,0
518880.SH,20181026,20181025,2.7479,1.0376,,,1.0376,0
518880.SH,20181027,20181026,2.7575,1.0413,,,1.0413,0
518880.SH,20181030,20181029,2.7546,1.0402,,,1.0402,0
518880.SH,20181031,20181030,2.7407,1.0349,,,1.0349,0
518880.SH,20181101,20181031,2.7208,1.0274,,,1.0274,0
518880.SH,20181102,20181101,2.7311,1.0313,,,1.0313,0
518880.SH,20181103,20181102,2.726,1.0294,,,1.0294,0
518880.SH,20181106,20181105,2.7376,1.0338,,,1.0338,0
518880.SH,20181107,20181106,2.731,1.0313,,,1.0313,0
518880.SH,20181108,20181107,2.7345,1.0326,,,1.0326,0
518880.SH,20181109,20181108,2.721,1.0275,,,1.0275,0
518880.SH,20181110,20181109,2.7171,1.026,,,1.026,0
518880.SH,20181113,20181112,2.6948,1.0176,,,1.0176,0
518880.SH,20181114,20181113,2.6883,1.0151,,,1.0151,0
518880.SH,20181115,20181114,2.6836,1.0134,,,1.0134,0
518880.SH,20181116,20181115,2.703,1.0207,,,1.0207,0
518880.SH,20181117,20181116,2.709,1.023,,,1.023,0
518880.SH,20181120,20181119,2.719,1.0267,,,1.0267,0
518880.SH,20181121,20181120,2.726,1.0294,,,1.0294,0
518880.SH,20181122,20181121,2.7256,1.0292,,,1.0292,0
518880.SH,20181123,20181122,2.7282,1.0302,,,1.0302,0
518880.SH,20181124,20181123,2.7275,1.0299,,,1.0299,0
518880.SH,20181127,20181126,2.7312,1.0313,,,1.0313,0
518880.SH,20181128,20181127,2.7231,1.0283,,,1.0283,0
518880.SH,20181129,20181128,2.7103,1.0234,,,1.0234,0
518880.SH,20181130,20181129,2.7271,1.0298,,,1.0298,0
518880.SH,20181201,20181130,2.7276,1.03,,,1.03,0
518880.SH,20181204,20181203,2.7236,1.0285,,,1.0285,0
518880.SH,20181205,20181204,2.7215,1.0277,,,1.0277,0
518880.SH,20181206,20181205,2.7237,1.0285,,,1.0285,0
518880.SH,20181207,20181206,2.7338,1.0323,,,1.0323,0
518880.SH,20181208,20181207,2.7387,1.0342,,,1.0342,0
518880.SH,20181211,20181210,2.7686,1.0455,,,1.0455,0
518880.SH,20181212,20181211,2.7613,1.0427,,,1.0427,0
518880.SH,20181213,20181212,2.7549,1.0403,,,1.0403,0
518880.SH,20181214,20181213,2.7628,1.0433,,,1.0433,0
518880.SH,20181215,20181214,2.755,1.0403,,,1.0403,0
518880.SH,20181218,20181217,2.7482,1.0378,,,1.0378,0
518880.SH,20181219,20181218,2.7659,1.0444,,,1.0444,0
518880.SH,20181220,20181219,2.7689,1.0456,,,1.0456,0
518880.SH,20181221,20181220,2.7698,1.0459,,,1.0459,0
518880.SH,20181222,20181221,2.7894,1.0533,,,1.0533,0
518880.SH,20181225,20181224,2.7973,1.0563,,,1.0563,0
518880.SH,20181226,20181225,2.8132,1.0623,,,1.0623,0
518880.SH,20181227,20181226,2.8212,1.0653,,,1.0653,0
518880.SH,20181228,20181227,2.8079,1.0603,,,1.0603,0
518880.SH,20181229,20181228,2.8249,1.0667,,,1.0667,0
518880.SH,20190101,20181231,2.8248,1.0667,,7448265742.32,1.0667,0
518880.SH,20190103,20190102,2.8366,1.0711,,,1.0711,0
518880.SH,20190104,20190103,2.8516,1.0768,,,1.0768,0
518880.SH,20190105,20190104,2.8534,1.0775,,,1.0775,0
518880.SH,20190108,20190107,2.8403,1.0725,,,1.0725,0
518880.SH,20190109,20190108,2.8261,1.0672,,,1.0672,0
518880.SH,20190110,20190109,2.8174,1.0639,,,1.0639,0
518880.SH,20190111,20190110,2.817,1.0637,,,1.0637,0
518880.SH,20190112,20190111,2.8105,1.0613,,,1.0613,0
518880.SH,20190115,20190114,2.8134,1.0624,,,1.0624,0
518880.SH,20190116,20190115,2.8017,1.058,,,1.058,0
518880.SH,20190117,20190116,2.8081,1.0604,,,1.0604,0
518880.SH,20190118,20190117,2.8094,1.0609,,,1.0609,0
518880.SH,20190119,20190118,2.8111,1.0615,,,1.0615,0
518880.SH,20190122,20190121,2.8001,1.0574,,,1.0574,0
518880.SH,20190123,20190122,2.8063,1.0597,,,1.0597,0
518880.SH,20190124,20190123,2.8016,1.0579,,,1.0579,0
518880.SH,20190125,20190124,2.8041,1.0589,,,1.0589,0
518880.SH,20190126,20190125,2.8017,1.058,,,1.058,0
518880.SH,20190129,20190128,2.822,1.0656,,,1.0656,0
518880.SH,20190130,20190129,2.8366,1.0711,,,1.0711,0
518880.SH,20190131,20190130,2.8445,1.0741,,,1.0741,0
518880.SH,20190201,20190131,2.8443,1.074,,,1.074,0
518880.SH,20190202,20190201,2.8514,1.0767,,,1.0767,0
518880.SH,20190212,20190211,2.8512,1.0767,,,1.0767,0
518880.SH,20190213,20190212,2.8548,1.078,,,1.078,0
518880.SH,20190214,20190213,2.8475,1.0753,,,1.0753,0
518880.SH,20190215,20190214,2.8419,1.0731,,,1.0731,0
518880.SH,20190216,20190215,2.8607,1.0802,,,1.0802,0
518880.SH,20190219,20190218,2.8762,1.0861,,,1.0861,0
518880.SH,20190220,20190219,2.8831,1.0887,,,1.0887,0
518880.SH,20190221,20190220,2.8995,1.0949,,,1.0949,0
518880.SH,20190222,20190221,2.8834,1.0888,,,1.0888,0
518880.SH,20190223,20190222,2.8655,1.0821,,,1.0821,0
518880.SH,20190226,20190225,2.8594,1.0797,,,1.0797,0
518880.SH,20190227,20190226,2.8561,1.0785,,,1.0785,0
518880.SH,20190228,20190227,2.855,1.0781,,,1.0781,0
518880.SH,20190301,20190228,2.8364,1.0711,,,1.0711,0
518880.SH,20190302,20190301,2.8212,1.0653,,,1.0653,0
518880.SH,20190305,20190304,2.7837,1.0512,,,1.0512,0
518880.SH,20190306,20190305,2.7716,1.0466,,,1.0466,0
518880.SH,20190307,20190306,2.7889,1.0531,,,1.0531,0
518880.SH,20190308,20190307,2.7765,1.0484,,,1.0484,0
518880.SH,20190309,20190308,2.8016,1.0579,,,1.0579,0
518880.SH,20190312,20190311,2.8111,1.0615,,,1.0615,0
518880.SH,20190313,20190312,2.8041,1.0589,,,1.0589,0
518880.SH,20190314,20190313,2.8245,1.0666,,,1.0666,0
518880.SH,20190315,20190314,2.8173,1.0639,,,1.0639,0
518880.SH,20190316,20190315,2.8188,1.0644,,,1.0644,0
518880.SH,20190319,20190318,2.8186,1.0643,,,1.0643,0
518880.SH,20190320,20190319,2.8277,1.0678,,,1.0678,0
518880.SH,20190321,20190320,2.8216,1.0655,,,1.0655,0
518880.SH,20190322,20190321,2.8405,1.0726,,,1.0726,0
518880.SH,20190323,20190322,2.8405,1.0726,,,1.0726,0
518880.SH,20190326,20190325,2.8471,1.0751,,,1.0751,0
518880.SH,20190327,20190326,2.8515,1.0768,,,1.0768,0
518880.SH,20190328,20190327,2.846,1.0747,,,1.0747,0
518880.SH,20190329,20190328,2.8399,1.0724,,,1.0724,0
518880.SH,20190330,20190329,2.7856,1.0519,,,1.0519,0
518880.SH,20190420,20190331,2.7855,1.0518,,6538252604.63,1.0518,0
518880.SH,20190402,20190401,2.7953,1.0555,,,1.0555,0
518880.SH,20190403,20190402,2.7905,1.0537,,,1.0537,0
518880.SH,20190404,20190403,2.7958,1.0557,,,1.0557,0
518880.SH,20190405,20190404,2.8023,1.0582,,,1.0582,0
518880.SH,20190409,20190408,2.8112,1.0615,,,1.0615,0
518880.SH,20190410,20190409,2.813,1.0622,,,1.0622,0
518880.SH,20190411,20190410,2.8258,1.0671,,,1.0671,0
518880.SH,20190412,20190411,2.8263,1.0672,,,1.0673,0
518880.SH,20190413,20190412,2.803,1.0585,,,1.0585,0
518880.SH,20190416,20190415,2.7895,1.0534,,,1.0534,0
518880.SH,20190417,20190416,2.7888,1.0531,,,1.0531,0
518880.SH,20190418,20190417,2.7721,1.0468,,,1.0468,0
518880.SH,20190419,20190418,2.7622,1.043,,,1.043,0
518880.SH,20190420,20190419,2.7712,1.0464,,,1.0464,0
518880.SH,20190423,20190422,2.7761,1.0483,,,1.0483,0
518880.SH,20190424,20190423,2.7666,1.0447,,,1.0447,0
518880.SH,20190425,20190424,2.76,1.0422,,,1.0422,0
518880.SH,20190426,20190425,2.7756,1.0481,,,1.0481,0
518880.SH,20190427,20190426,2.7845,1.0515,,,1.0515,0
518880.SH,20190430,20190429,2.7794,1.0495,,,1.0495,0
518880.SH,20190501,20190430,2.7832,1.051,,,1.051,0
518880.SH,20190507,20190506,2.7947,1.0553,,,1.0553,0
518880.SH,20190508,20190507,2.7916,1.0541,,,1.0541,0
518880.SH,20190509,20190508,2.8005,1.0575,,,1.0575,0
518880.SH,20190510,20190509,2.8089,1.0607,,,1.0607,0
518880.SH,20190511,20190510,2.8071,1.06,,,1.06,0
518880.SH,20190514,20190513,2.8241,1.0664,,,1.0664,0
518880.SH,20190515,20190514,2.8601,1.08,,,1.08,0
518880.SH,20190516,20190515,2.8492,1.0759,,,1.0759,0
518880.SH,20190517,20190516,2.8602,1.0801,,,1.0801,0
518880.SH,20190518,20190517,2.8532,1.0774,,,1.0774,0
518880.SH,20190521,20190520,2.8451,1.0743,,,1.0743,0
518880.SH,20190522,20190521,2.8392,1.0721,,,1.0721,0
518880.SH,20190523,20190522,2.8369,1.0713,,,1.0713,0
518880.SH,20190524,20190523,2.8393,1.0722,,,1.0722,0
518880.SH,20190525,20190524,2.8581,1.0793,,,1.0793,0
518880.SH,20190528,20190527,2.8564,1.0786,,,1.0786,0
518880.SH,20190529,20190528,2.8576,1.0791,,,1.0791,0
518880.SH,20190530,20190529,2.8595,1.0798,,,1.0798,0
518880.SH,20190531,20190530,2.8438,1.0739,,,1.0739,0
518880.SH,20190601,20190531,2.8803,1.0876,,,1.0876,0
518880.SH,20190604,20190603,2.917,1.1015,,,1.1015,0
518880.SH,20190605,20190604,2.9474,1.113,,,1.113,0
518880.SH,20190606,20190605,2.9611,1.1182,,,1.1182,0
518880.SH,20190607,20190606,2.9646,1.1195,,,1.1195,0
518880.SH,20190611,20190610,2.959,1.1174,,,1.1174,0
518880.SH,20190612,20190611,2.9415,1.1108,,,1.1108,0
518880.SH,20190613,20190612,2.9673,1.1205,,,1.1205,0
518880.SH,20190614,20190613,2.9752,1.1235,,,1.1235,0
518880.SH,20190615,20190614,3.0209,1.1407,,,1.1407,0
518880.SH,20190618,20190617,2.9844,1.1269,,,1.127,0
518880.SH,20190619,20190618,3.0066,1.1353,,,1.1353,0
518880.SH,20190620,20190619,2.9928,1.1301,,,1.1301,0
518880.SH,20190621,20190620,3.0559,1.1539,,,1.154,0
518880.SH,20190622,20190621,3.0799,1.163,,,1.163,0
518880.SH,20190625,20190624,3.1022,1.1714,,,1.1714,0
518880.SH,20190626,20190625,3.1677,1.1962,,,1.1962,0
518880.SH,20190627,20190626,3.1136,1.1757,,,1.1757,0
518880.SH,20190628,20190627,3.108,1.1736,,,1.1736,0
518880.SH,20190629,20190628,3.1134,1.1757,,,1.1757,0
518880.SH,20190701,20190630,3.1133,1.1756,,5583538911.23,1.1756,0
518880.SH,20190702,20190701,3.0456,1.1501,,,1.1501,0
518880.SH,20190703,20190702,3.067,1.1581,,,1.1581,0
518880.SH,20190704,20190703,3.1485,1.1889,,,1.1889,0
518880.SH,20190705,20190704,3.1189,1.1777,,,1.1777,0
518880.SH,20190706,20190705,3.1258,1.1803,,,1.1803,0
518880.SH,20190709,20190708,3.1094,1.1742,,,1.1742,0
518880.SH,20190710,20190709,3.0839,1.1645,,,1.1645,0
518880.SH,20190711,20190710,3.0804,1.1632,,,1.1632,0
518880.SH,20190712,20190711,3.1335,1.1833,,,1.1833,0
518880.SH,20190713,20190712,3.1145,1.1761,,,1.1761,0
518880.SH,20190716,20190715,3.1185,1.1776,,,1.1776,0
518880.SH,20190717,20190716,3.1221,1.1789,,,1.1789,0
518880.SH,20190718,20190717,3.106,1.1729,,,1.1729,0
518880.SH,20190719,20190718,3.1338,1.1834,,,1.1834,0
518880.SH,20190720,20190719,3.1724,1.1979,,,1.1979,0
518880.SH,20190723,20190722,3.1524,1.1904,,,1.1904,0
518880.SH,20190724,20190723,3.1326,1.1829,,,1.1829,0
518880.SH,20190725,20190724,3.1434,1.187,,,1.187,0
518880.SH,20190726,20190725,3.1443,1.1873,,,1.1873,0
518880.SH,20190727,20190726,3.136,1.1842,,,1.1842,0
518880.SH,20190730,20190729,3.1388,1.1853,,,1.1853,0
518880.SH,20190731,20190730,3.152,1.1902,,,1.1902,0
518880.SH,20190801,20190731,3.1665,1.1957,,,1.1957,0
518880.SH,20190802,20190801,3.1198,1.1781,,,1.1781,0
518880.SH,20190803,20190802,3.1933,1.2058,,,1.2058,0
518880.SH,20190806,20190805,3.2853,1.2406,,,1.2406,0
518880.SH,20190807,20190806,3.2962,1.2447,,,1.2447,0
518880.SH,20190808,20190807,3.3675,1.2716,,,1.2716,0
518880.SH,20190809,20190808,3.3974,1.2829,,,1.2829,0
518880.SH,20190810,20190809,3.3982,1.2832,,,1.2832,0
518880.SH,20190813,20190812,3.376,1.2748,,,1.2748,0
518880.SH,20190814,20190813,3.4632,1.3078,,,1.3078,0
518880.SH,20190815,20190814,3.3805,1.2765,,,1.2765,0
518880.SH,20190816,20190815,3.4098,1.2876,,,1.2876,0
518880.SH,20190817,20190816,3.4207,1.2917,,,1.2917,0
518880.SH,20190820,20190819,3.4065,1.2863,,,1.2863,0
518880.SH,20190821,20190820,3.3949,1.282,,,1.282,0
518880.SH,20190822,20190821,3.3889,1.2797,,,1.2797,0
518880.SH,20190823,20190822,3.4017,1.2845,,,1.2845,0
518880.SH,20190824,20190823,3.3935,1.2814,,,1.2814,0
518880.SH,20190827,20190826,3.5129,1.3265,,,1.3265,0
518880.SH,20190828,20190827,3.5192,1.3289,,,1.3289,0
518880.SH,20190829,20190828,3.5337,1.3344,,,1.3344,0
518880.SH,20190830,20190829,3.5505,1.3407,,,1.3407,0
518880.SH,20190831,20190830,3.503,1.3228,,,1.3228,0
518880.SH,20190903,20190902,3.4919,1.3186,,,1.3186,0
518880.SH,20190904,20190903,3.5137,1.3268,,,1.3268,0
518880.SH,20190905,20190904,3.5306,1.3332,,,1.3332,0
518880.SH,20190906,20190905,3.5416,1.3374,,,1.3374,0
518880.SH,20190907,20190906,3.4498,1.3027,,,1.3027,0
518880.SH,20190910,20190909,3.4442,1.3006,,,1.3006,0
518880.SH,20190911,20190910,3.3963,1.2825,,,1.2825,0
518880.SH,20190912,20190911,3.4034,1.2852,,,1.2852,0
518880.SH,20190913,20190912,3.4101,1.2877,,,1.2877,0
518880.SH,20190917,20190916,3.4063,1.2863,,,1.2863,0
518880.SH,20190918,20190917,3.3991,1.2835,,,1.2835,0
518880.SH,20190919,20190918,3.4105,1.2879,,,1.2879,0
518880.SH,20190920,20190919,3.3975,1.2829,,,1.2829,0
518880.SH,20190921,20190920,3.4133,1.2889,,,1.2889,0
518880.SH,20190924,20190923,3.4484,1.3022,,,1.3022,0
518880.SH,20190925,20190924,3.46,1.3065,,,1.3065,0
518880.SH,20190926,20190925,3.4822,1.3149,,,1.3149,0
518880.SH,20190927,20190926,3.4334,1.2965,,,1.2965,0
518880.SH,20190928,20190927,3.4139,1.2891,,,1.2891,0
518880.SH,20191022,20190930,3.4057,1.286,,8597897261.42,1.286,1
518880.SH,20191009,20191008,3.4007,1.2842,,,1.2842,0
518880.SH,20191010,20191009,3.4443,1.3006,,,1.3006,0
518880.SH,20191011,20191010,3.4246,1.2932,,,1.2932,0
518880.SH,20191012,20191011,3.4063,1.2863,,,1.2863,0
518880.SH,20191015,20191014,3.3596,1.2686,,,1.2686,0
518880.SH,20191016,20191015,3.372,1.2733,,,1.2733,0
518880.SH,20191017,20191016,3.3625,1.2697,,,1.2697,0
518880.SH,20191018,20191017,3.3756,1.2747,,,1.2747,0
518880.SH,20191019,20191018,3.3647,1.2706,,,1.2706,0
518880.SH,20191022,20191021,3.3685,1.272,,,1.272,0
518880.SH,20191023,20191022,3.3623,1.2697,,,1.2697,0
518880.SH,20191024,20191023,3.3666,1.2713,,,1.2713,0
518880.SH,20191025,20191024,3.3603,1.2689,,,1.2689,0
518880.SH,20191026,20191025,3.3979,1.2831,,,1.2831,0
518880.SH,20191029,20191028,3.3963,1.2825,,,1.2825,0
518880.SH,20191030,20191029,3.3668,1.2713,,,1.2714,0
518880.SH,20191031,20191030,3.3582,1.2681,,,1.2681,0
518880.SH,20191101,20191031,3.3631,1.27,,,1.27,0
518880.SH,20191102,20191101,3.3924,1.281,,,1.281,0
518880.SH,20191105,20191104,3.3849,1.2782,,,1.2782,0
518880.SH,20191106,20191105,3.3696,1.2724,,,1.2724,0
518880.SH,20191107,20191106,3.3209,1.254,,,1.254,0
518880.SH,20191108,20191107,3.3195,1.2535,,,1.2535,0
518880.SH,20191109,20191108,3.2748,1.2366,,,1.2366,0
518880.SH,20191112,20191111,3.27,1.2348,,,1.2348,0
518880.SH,20191113,20191112,3.2393,1.2232,,,1.2232,0
518880.SH,20191114,20191113,3.2696,1.2346,,,1.2346,0
518880.SH,20191115,20191114,3.2803,1.2387,,,1.2387,0
518880.SH,20191116,20191115,3.2717,1.2354,,,1.2354,0
518880.SH,20191119,20191118,3.2686,1.2343,,,1.2343,0
518880.SH,20191120,20191119,3.285,1.2405,,,1.2405,0
518880.SH,20191121,20191120,3.2962,1.2447,,,1.2447,0
518880.SH,20191122,20191121,3.2945,1.244,,,1.244,0
518880.SH,20191123,20191122,3.2984,1.2455,,,1.2455,0
518880.SH,20191126,20191125,3.2688,1.2343,,,1.2343,0
518880.SH,20191127,20191126,3.2685,1.2342,,,1.2342,0
518880.SH,20191128,20191127,3.2745,1.2365,,,1.2365,0
518880.SH,20191129,20191128,3.2657,1.2332,,,1.2332,0
518880.SH,20191130,20191129,3.2762,1.2371,,,1.2371,0
518880.SH,20191203,20191202,3.2726,1.2358,,,1.2358,0
518880.SH,20191204,20191203,3.289,1.242,,,1.242,0
518880.SH,20191205,20191204,3.3502,1.2651,,,1.2651,0
518880.SH,20191206,20191205,3.3236,1.255,,,1.255,0
518880.SH,20191207,20191206,3.305,1.248,,,1.248,0
518880.SH,20191210,20191209,3.2823,1.2394,,,1.23944243,0
518880.SH,20191211,20191210,3.2928,1.2434,,,1.24340738,0
518880.SH,20191212,20191211,3.2859,1.2408,,,1.24080184,0
518880.SH,20191213,20191212,3.3055,1.2482,,,1.24820308,0
518880.SH,20191214,20191213,3.2762,1.2371,,,1.23713899,0
518880.SH,20191217,20191216,3.3001,1.2462,,,1.24616396,0
518880.SH,20191218,20191217,3.2958,1.2445,,,1.24454022,0
518880.SH,20191219,20191218,3.3011,1.2465,,,1.24654158,0
518880.SH,20191220,20191219,3.294,1.2439,,,1.24386052,0
518880.SH,20191221,20191220,3.3071,1.2488,,,1.24880726,0
518880.SH,20191224,20191223,3.3189,1.2533,,,1.2532631,0
518880.SH,20191225,20191224,3.3277,1.2566,,,1.25658611,0
518880.SH,20191226,20191225,3.3434,1.2625,,,1.26251465,0
518880.SH,20191227,20191226,3.3554,1.267,,,1.26704602,0
518880.SH,20191228,20191227,3.362,1.2695,,,1.26953827,0
518880.SH,20191231,20191230,3.3615,1.2693,,,1.26934946,0
518880.SH,20200121,20191231,3.3658,1.271,,6994637619.26,1.2709732,1
518880.SH,20200103,20200102,3.3757,1.2747,,,1.27471158,0
518880.SH,20200104,20200103,3.4287,1.2947,,,1.29472512,0
518880.SH,20200107,20200106,3.5004,1.3218,,,1.32180005,0
518880.SH,20200108,20200107,3.4688,1.3099,,,1.30986744,0
518880.SH,20200109,20200108,3.5209,1.3295,,,1.32954113,0
518880.SH,20200110,20200109,3.4144,1.2893,,,1.28932524,0
518880.SH,20200111,20200110,3.4235,1.2928,,,1.29276153,0
518880.SH,20200114,20200113,3.4129,1.2888,,,1.28875882,0
518880.SH,20200115,20200114,3.3853,1.2783,,,1.27833667,0
518880.SH,20200116,20200115,3.4054,1.2859,,,1.28592672,0
518880.SH,20200117,20200116,3.4101,1.2877,,,1.2877015,0
518880.SH,20200118,20200117,3.4032,1.2851,,,1.28509596,0
518880.SH,20200121,20200120,3.4075,1.2867,,,1.28671971,0
518880.SH,20200122,20200121,3.4371,1.2979,,,1.29789708,0
518880.SH,20200123,20200122,3.4138,1.2891,,,1.28909867,0
518880.SH,20200124,20200123,3.4334,1.2965,,,1.29649991,0
518880.SH,20200204,20200203,3.5143,1.327,,,1.32704888,0
518880.SH,20200205,20200204,3.4939,1.3193,,,1.31934555,0
518880.SH,20200206,20200205,3.4705,1.3105,,,1.31050939,0
518880.SH,20200207,20200206,3.4477,1.3019,,,1.30189979,0
518880.SH,20200208,20200207,3.4715,1.3109,,,1.310887,0
518880.SH,20200211,20200210,3.4831,1.3153,,,1.31526732,0
518880.SH,20200212,20200211,3.4774,1.3131,,,1.31311492,0
518880.SH,20200213,20200212,3.4623,1.3074,,,1.30741295,0
518880.SH,20200214,20200213,3.4875,1.3169,,,1.31692883,0
518880.SH,20200215,20200214,3.4909,1.3182,,,1.31821271,0
518880.SH,20200218,20200217,3.5055,1.3237,,,1.32372588,0
518880.SH,20200219,20200218,3.5245,1.3309,,,1.33090054,0
518880.SH,20200220,20200219,3.5627,1.3453,,,1.3453254,0
518880.SH,20200221,20200220,3.5743,1.3497,,,1.34970572,0
518880.SH,20200222,20200221,3.6479,1.3775,,,1.37749811,0
518880.SH,20200225,20200224,3.718,1.404,,,1.40396885,0
518880.SH,20200226,20200225,3.6453,1.3765,,,1.37651631,0
518880.SH,20200227,20200226,3.6671,1.3847,,,1.3847483,0
518880.SH,20200228,20200227,3.6625,1.383,,,1.38301128,0
518880.SH,20200229,20200228,3.6039,1.3609,,,1.36088309,0
518880.SH,20200303,20200302,3.5412,1.3372,,,1.3372067,0
518880.SH,20200304,20200303,3.5371,1.3357,,,1.33565848,0
518880.SH,20200305,20200304,3.5999,1.3594,,,1.35937264,0
518880.SH,20200306,20200305,3.6145,1.3649,,,1.3648858,0
518880.SH,20200307,20200306,3.6729,1.3869,,,1.38693846,0
518880.SH,20200310,20200309,3.6832,1.3908,,,1.39082788,0
518880.SH,20200311,20200310,3.6196,1.3668,,,1.36681163,0
518880.SH,20200312,20200311,3.6489,1.3779,,,1.37787572,0
518880.SH,20200313,20200312,3.6142,1.3648,,,1.36477252,0
518880.SH,20200314,20200313,3.5107,1.3257,,,1.32568947,0
518880.SH,20200317,20200316,3.4019,1.2846,,,1.28460507,0
518880.SH,20200318,20200317,3.2642,1.2326,,,1.23260762,0
518880.SH,20200319,20200318,3.3363,1.2598,,,1.25983359,0
518880.SH,20200320,20200319,3.3138,1.2513,,,1.25133727,0
518880.SH,20200321,20200320,3.352,1.2658,,,1.26576213,0
518880.SH,20200324,20200323,3.344,1.2627,,,1.26274122,0
518880.SH,20200325,20200324,3.5169,1.328,,,1.32803068,0
518880.SH,20200326,20200325,3.5792,1.3516,,,1.35155603,0
518880.SH,20200327,20200326,3.5693,1.3478,,,1.34781765,0
518880.SH,20200328,20200327,3.6034,1.3607,,,1.36069429,0
518880.SH,20200331,20200330,3.5885,1.3551,,,1.35506784,0
518880.SH,20200422,20200331,3.5914,1.3562,,8914813547.5,1.35616292,1
518880.SH,20200402,20200401,3.5481,1.3398,,,1.33981223,0
518880.SH,20200403,20200402,3.5537,1.3419,,,1.34192687,0
518880.SH,20200404,20200403,3.5737,1.3495,,,1.34947915,0
518880.SH,20200408,20200407,3.6581,1.3813,,,1.38134977,0
518880.SH,20200409,20200408,3.6487,1.3778,,,1.3778002,0
518880.SH,20200410,20200409,3.6504,1.3784,,,1.37844215,0
518880.SH,20200411,20200410,3.6686,1.3853,,,1.38531472,0
518880.SH,20200414,20200413,3.6665,1.3845,,,1.38452173,0
518880.SH,20200415,20200414,3.7163,1.4033,,,1.40332691,0
518880.SH,20200416,20200415,3.6873,1.3924,,,1.3923761,0
518880.SH,20200417,20200416,3.7288,1.408,,,1.40804708,0
518880.SH,20200418,20200417,3.6467,1.377,,,1.37704497,0
518880.SH,20200421,20200420,3.6498,1.3782,,,1.37821558,0
518880.SH,20200422,20200421,3.6923,1.3943,,,1.39426417,0
518880.SH,20200423,20200422,3.6812,1.3901,,,1.39007266,0
518880.SH,20200424,20200423,3.7337,1.4099,,,1.40989739,0
518880.SH,20200425,20200424,3.7566,1.4185,,,1.41854475,0
518880.SH,20200428,20200427,3.7494,1.4158,,,1.41582593,0
518880.SH,20200429,20200428,3.7158,1.4031,,,1.4031381,0
518880.SH,20200430,20200429,3.7262,1.4071,,,1.40706529,0
518880.SH,20200501,20200430,3.754,1.4176,,,1.41756296,0
518880.SH,20200507,20200506,3.7474,1.4151,,,1.4150707,0
518880.SH,20200508,20200507,3.743,1.4134,,,1.4134092,0
518880.SH,20200509,20200508,3.7788,1.4269,,,1.42692778,0
518880.SH,20200512,20200511,3.7567,1.4186,,,1.41858251,0
518880.SH,20200513,20200512,3.7539,1.4175,,,1.41752519,0
518880.SH,20200514,20200513,3.755,1.4179,,,1.41794057,0
518880.SH,20200515,20200514,3.7785,1.4268,,,1.4268145,0
518880.SH,20200516,20200515,3.8309,1.4466,,,1.44660147,0
518880.SH,20200519,20200518,3.9233,1.4815,,,1.48149301,0
518880.SH,20200520,20200519,3.866,1.4599,,,1.45985572,0
518880.SH,20200521,20200520,3.9086,1.4759,,,1.47594208,0
518880.SH,20200522,20200521,3.8621,1.4584,,,1.45838303,0
518880.SH,20200523,20200522,3.8619,1.4583,,,1.45830751,0
518880.SH,20200526,20200525,3.855,1.4557,,,1.45570197,0
518880.SH,20200527,20200526,3.873,1.4625,,,1.46249902,0
518880.SH,20200528,20200527,3.8416,1.4506,,,1.45064194,0
518880.SH,20200529,20200528,3.8653,1.4596,,,1.45959139,0
518880.SH,20200530,20200529,3.8606,1.4578,,,1.45781661,0
518880.SH,20200602,20200601,3.9005,1.4729,,,1.47288341,0
518880.SH,20200603,20200602,3.8888,1.4685,,,1.46846532,0
518880.SH,20200604,20200603,3.8534,1.4551,,,1.45509779,0
518880.SH,20200605,20200604,3.8201,1.4425,,,1.44252324,0
518880.SH,20200606,20200605,3.8202,1.4426,,,1.442561,0
518880.SH,20200609,20200608,3.7839,1.4289,,,1.42885361,0
518880.SH,20200610,20200609,3.7878,1.4303,,,1.43032631,0
518880.SH,20200611,20200610,3.8299,1.4462,,,1.44622386,0
518880.SH,20200612,20200611,3.8594,1.4574,,,1.45736347,0
518880.SH,20200613,20200612,3.8521,1.4546,,,1.45460689,0
518880.SH,20200616,20200615,3.8267,1.445,,,1.44501549,0
518880.SH,20200617,20200616,3.8366,1.4488,,,1.44875387,0
518880.SH,20200618,20200617,3.8455,1.4521,,,1.45211464,0
518880.SH,20200619,20200618,3.8393,1.4498,,,1.44977343,0
518880.SH,20200620,20200619,3.8471,1.4527,,,1.45271882,0
518880.SH,20200623,20200622,3.8784,1.4645,,,1.46453814,0
518880.SH,20200624,20200623,3.8846,1.4669,,,1.46687934,0
518880.SH,20200625,20200624,3.9088,1.476,,,1.4760176,0
518880.SH,20200630,20200629,3.9102,1.4765,,,1.47654626,0
518880.SH,20200721,20200630,3.9163,1.4788,,10905516187.07,1.47884971,1
518880.SH,20200702,20200701,3.9459,1.49,,,1.49002708,0
518880.SH,20200703,20200702,3.8992,1.4724,,,1.47239251,0
518880.SH,20200704,20200703,3.9139,1.4779,,,1.47794343,0
518880.SH,20200707,20200706,3.908,1.4757,,,1.47571551,0
518880.SH,20200708,20200707,3.9128,1.4775,,,1.47752806,0
518880.SH,20200709,20200708,3.9317,1.4847,,,1.48466496,0
518880.SH,20200710,20200709,3.9573,1.4943,,,1.49433188,0
518880.SH,20200711,20200710,3.9349,1.4859,,,1.48587333,0
518880.SH,20200714,20200713,3.9489,1.4912,,,1.49115992,0
518880.SH,20200715,20200714,3.9405,1.488,,,1.48798797,0
518880.SH,20200716,20200715,3.9413,1.4883,,,1.48829006,0
518880.SH,20200717,20200716,3.9351,1.4859,,,1.48594885,0
518880.SH,20200718,20200717,3.9118,1.4771,,,1.47715045,0
518880.SH,20200721,20200720,3.9242,1.4818,,,1.48183286,0
518880.SH,20200722,20200721,3.9531,1.4927,,,1.4927459,0
518880.SH,20200723,20200722,4.0399,1.5255,,,1.5255228,0
518880.SH,20200724,20200723,4.0614,1.5336,,,1.5336415,0
518880.SH,20200725,20200724,4.1125,1.5529,,,1.55293758,0
518880.SH,20200728,20200727,4.2004,1.5861,,,1.58612985,0
518880.SH,20200729,20200728,4.1848,1.5802,,,1.58023907,0
518880.SH,20200730,20200729,4.2029,1.5871,,,1.58707388,0
518880.SH,20200731,20200730,4.1537,1.5685,,,1.56849527,0
518880.SH,20200801,20200731,4.221,1.5939,,,1.59390869,0
518880.SH,20200804,20200803,4.2084,1.5891,,,1.58915076,0
518880.SH,20200805,20200804,4.2123,1.5906,,,1.59062345,0
518880.SH,20200806,20200805,4.3249,1.6331,,,1.63314279,0
518880.SH,20200807,20200806,4.3589,1.646,,,1.64598166,0
518880.SH,20200808,20200807,4.3888,1.6573,,,1.65727232,0
518880.SH,20200811,20200810,4.3479,1.6418,,,1.64182791,0
518880.SH,20200812,20200811,4.2604,1.6088,,,1.60878669,0
518880.SH,20200813,20200812,4.0042,1.512,,,1.51204198,0
518880.SH,20200814,20200813,4.0586,1.5326,,,1.53258418,0
518880.SH,20200815,20200814,4.0952,1.5464,,,1.54640485,0
518880.SH,20200818,20200817,4.1383,1.5627,,,1.56268002,0
518880.SH,20200819,20200818,4.2302,1.5974,,,1.59738274,0
518880.SH,20200820,20200819,4.1711,1.5751,,,1.57506576,0
518880.SH,20200821,20200820,4.0883,1.5438,,,1.54379932,0
518880.SH,20200822,20200821,4.0827,1.5417,,,1.54168468,0
518880.SH,20200825,20200824,4.0878,1.5436,,,1.54361051,0
518880.SH,20200826,20200825,4.0628,1.5342,,,1.53417016,0
518880.SH,20200827,20200826,4.0586,1.5326,,,1.53258418,0
518880.SH,20200828,20200827,4.1076,1.5511,,,1.55108727,0
518880.SH,20200829,20200828,4.113,1.5531,,,1.55312638,0
518880.SH,20200901,20200831,4.1217,1.5564,,,1.55641162,0
518880.SH,20200902,20200901,4.1699,1.5746,,,1.57461262,0
518880.SH,20200903,20200902,4.115,1.5539,,,1.55388161,0
518880.SH,20200904,20200903,4.0759,1.5391,,,1.5391169,0
518880.SH,20200905,20200904,4.0788,1.5402,,,1.54021198,0
518880.SH,20200908,20200907,4.0642,1.5347,,,1.53469882,0
518880.SH,20200909,20200908,4.0763,1.5393,,,1.53926795,0
518880.SH,20200910,20200909,4.0785,1.5401,,,1.5400987,0
518880.SH,20200911,20200910,4.1049,1.5501,,,1.55006771,0
518880.SH,20200912,20200911,4.0937,1.5458,,,1.54583843,0
518880.SH,20200915,20200914,4.0863,1.543,,,1.54304409,0
518880.SH,20200916,20200915,4.1013,1.5487,,,1.5487083,0
518880.SH,20200917,20200916,4.0953,1.5464,,,1.54644261,0
518880.SH,20200918,20200917,4.0678,1.5361,,,1.53605823,0
518880.SH,20200919,20200918,4.0854,1.5427,,,1.54270424,0
518880.SH,20200922,20200921,4.0832,1.5419,,,1.54187348,0
518880.SH,20200923,20200922,3.9881,1.506,,,1.50596239,0
518880.SH,20200924,20200923,3.9404,1.4879,,,1.48795021,0
518880.SH,20200925,20200924,3.8863,1.4675,,,1.46752129,0
518880.SH,20200926,20200925,3.9329,1.4851,,,1.4851181,0
518880.SH,20200929,20200928,3.9252,1.4822,,,1.48221047,0
518880.SH,20200930,20200929,3.97,1.4991,,,1.49912758,0
518880.SH,20201027,20200930,3.9627,1.4964,,11546934158.24,1.496371,1
518880.SH,20201010,20201009,3.9762,1.5015,,,1.50146879,0
518880.SH,20201013,20201012,4.0182,1.5173,,,1.51732857,0
518880.SH,20201014,20201013,3.9975,1.5095,,,1.50951197,0
518880.SH,20201015,20201014,3.9595,1.4952,,,1.49516263,0
518880.SH,20201016,20201015,3.9547,1.4933,,,1.49335009,0
518880.SH,20201017,20201016,3.9707,1.4994,,,1.49939191,0
518880.SH,20201020,20201019,3.9746,1.5009,,,1.5008646,0
518880.SH,20201021,20201020,3.9427,1.4888,,,1.48881872,0
518880.SH,20201022,20201021,3.9716,1.4997,,,1.49973176,0
518880.SH,20201023,20201022,3.9707,1.4994,,,1.49939191,0
518880.SH,20201024,20201023,3.958,1.4946,,,1.49459621,0
518880.SH,20201027,20201026,3.9402,1.4879,,,1.48787468,0
518880.SH,20201028,20201027,3.9705,1.4993,,,1.49931639,0
518880.SH,20201029,20201028,3.9762,1.5015,,,1.50146879,0
518880.SH,20201030,20201029,3.9254,1.4823,,,1.482286,0
518880.SH,20201031,20201030,3.9029,1.4738,,,1.47378968,0
518880.SH,20201103,20201102,3.9295,1.4838,,,1.48383421,0
518880.SH,20201104,20201103,3.9459,1.49,,,1.49002708,0
518880.SH,20201105,20201104,3.9565,1.494,,,1.49402979,0
518880.SH,20201106,20201105,3.9541,1.4931,,,1.49312352,0
518880.SH,20201107,20201106,3.9986,1.5099,,,1.50992734,0
518880.SH,20201110,20201109,3.992,1.5074,,,1.50743509,0
518880.SH,20201111,20201110,3.8971,1.4716,,,1.47159952,0
518880.SH,20201112,20201111,3.8933,1.4702,,,1.47016459,0
518880.SH,20201113,20201112,3.8748,1.4632,,,1.46317873,0
518880.SH,20201114,20201113,3.8894,1.4687,,,1.46869189,0
518880.SH,20201117,20201116,3.8899,1.4689,,,1.4688807,0
518880.SH,20201118,20201117,3.8878,1.4681,,,1.46808771,0
518880.SH,20201119,20201118,3.8671,1.4603,,,1.4602711,0
518880.SH,20201120,20201119,3.8457,1.4522,,,1.45219016,0
518880.SH,20201121,20201120,3.8514,1.4543,,,1.45434256,0
518880.SH,20201124,20201123,3.8473,1.4528,,,1.45279434,0
518880.SH,20201125,20201124,3.7656,1.4219,,,1.42194328,0
518880.SH,20201126,20201125,3.7175,1.4038,,,1.40378005,0
518880.SH,20201127,20201126,3.7212,1.4052,,,1.40517722,0
518880.SH,20201128,20201127,3.7089,1.4005,,,1.40053256,0
518880.SH,20201201,20201130,3.6386,1.374,,,1.3739863,0
518880.SH,20201202,20201201,3.6629,1.3832,,,1.38316232,0
518880.SH,20201203,20201202,3.7163,1.4033,,,1.40332691,0
518880.SH,20201204,20201203,3.7604,1.42,,,1.41997969,0
518880.SH,20201205,20201204,3.7642,1.4214,,,1.42141462,0
518880.SH,20201208,20201207,3.7561,1.4184,,,1.41835595,0
518880.SH,20201209,20201208,3.7984,1.4343,,,1.43432902,0
518880.SH,20201210,20201209,3.7785,1.4268,,,1.4268145,0
518880.SH,20201211,20201210,3.7459,1.4145,,,1.41450428,0
518880.SH,20201212,20201211,3.7469,1.4149,,,1.4148819,0
518880.SH,20201215,20201214,3.7364,1.4109,,,1.41091695,0
518880.SH,20201216,20201215,3.7686,1.4231,,,1.42307612,0
518880.SH,20201217,20201216,3.7853,1.4294,,,1.42938227,0
518880.SH,20201218,20201217,3.8163,1.4411,,,1.44108831,0
518880.SH,20201219,20201218,3.8331,1.4474,,,1.44743222,0
518880.SH,20201222,20201221,3.8879,1.4681,,,1.46812547,0
518880.SH,20201223,20201222,3.8318,1.4469,,,1.44694133,0
518880.SH,20201224,20201223,3.8292,1.446,,,1.44595953,0
518880.SH,20201225,20201224,3.8324,1.4472,,,1.44716789,0
518880.SH,20201226,20201225,3.8502,1.4539,,,1.45388942,0
518880.SH,20201229,20201228,3.8445,1.4517,,,1.45173702,0
518880.SH,20201230,20201229,3.8343,1.4479,,,1.44788536,0
518880.SH,20201231,20201230,3.8321,1.4471,,,1.44705461,0
518880.SH,20210121,20201231,3.8306,1.4465,,10280611353.91,1.44648819,1
518880.SH,20210105,20210104,3.907,1.4753,,,1.4753379,0
518880.SH,20210106,20210105,3.936,1.4863,,,1.4862887,0
518880.SH,20210107,20210106,3.9328,1.4851,,,1.48508034,0
518880.SH,20210108,20210107,3.9108,1.4768,,,1.47677283,0
518880.SH,20210109,20210108,3.8862,1.4675,,,1.46748353,0
518880.SH,20210112,20210111,3.7783,1.4267,,,1.42673898,0
518880.SH,20210113,20210112,3.8073,1.4377,,,1.43768978,0
518880.SH,20210114,20210113,3.7935,1.4325,,,1.43247871,0
518880.SH,20210115,20210114,3.7669,1.4224,,,1.42243418,0
518880.SH,20210116,20210115,3.7826,1.4284,,,1.42836272,0
518880.SH,20210119,20210118,3.7747,1.4254,,,1.42537957,0
518880.SH,20210120,20210119,3.7778,1.4265,,,1.42655017,0
518880.SH,20210121,20210120,3.7953,1.4332,,,1.43315841,0
518880.SH,20210122,20210121,3.8223,1.4434,,,1.44335399,0
518880.SH,20210123,20210122,3.8087,1.4382,,,1.43821844,0
518880.SH,20210126,20210125,3.7881,1.4304,,,1.43043959,0
518880.SH,20210127,20210126,3.8018,1.4356,,,1.43561291,0
518880.SH,20210128,20210127,3.7816,1.428,,,1.4279851,0
518880.SH,20210129,20210128,3.7519,1.4168,,,1.41676997,0
518880.SH,20210130,20210129,3.773,1.4247,,,1.42473762,0
518880.SH,20210202,20210201,3.8118,1.4394,,,1.43938905,0
518880.SH,20210203,20210202,3.7771,1.4263,,,1.42628584,0
518880.SH,20210204,20210203,3.7517,1.4167,,,1.41669444,0
518880.SH,20210205,20210204,3.7233,1.406,,,1.40597021,0
518880.SH,20210206,20210205,3.6914,1.3939,,,1.39392432,0
518880.SH,20210209,20210208,3.7139,1.4024,,,1.40242063,0
518880.SH,20210210,20210209,3.7547,1.4178,,,1.41782729,0
518880.SH,20210211,20210210,3.7572,1.4188,,,1.41877132,0
518880.SH,20210219,20210218,3.6501,1.3783,,,1.37832886,0
518880.SH,20210220,20210219,3.6362,1.3731,,,1.37308003,0
518880.SH,20210223,20210222,3.674,1.3874,,,1.38735384,0
518880.SH,20210224,20210223,3.7083,1.4003,,,1.400306,0
518880.SH,20210225,20210224,3.701,1.3975,,,1.39754941,0
518880.SH,20210226,20210225,3.6598,1.382,,,1.38199172,0
518880.SH,20210227,20210226,3.6122,1.364,,,1.36401729,0
518880.SH,20210302,20210301,3.6028,1.3605,,,1.36046772,0
518880.SH,20210303,20210302,3.5347,1.3348,,,1.33475221,0
518880.SH,20210304,20210303,3.5512,1.341,,,1.34098284,0
518880.SH,20210305,20210304,3.5208,1.3295,,,1.32950337,0
518880.SH,20210306,20210305,3.4883,1.3172,,,1.31723092,0
518880.SH,20210309,20210308,3.5204,1.3294,,,1.32935233,0
518880.SH,20210310,20210309,3.5083,1.3248,,,1.3247832,0
518880.SH,20210311,20210310,3.5411,1.3372,,,1.33716894,0
518880.SH,20210312,20210311,3.5784,1.3513,,,1.35125394,0
518880.SH,20210313,20210312,3.527,1.3318,,,1.33184458,0
518880.SH,20210316,20210315,3.5585,1.3437,,,1.34373942,0
518880.SH,20210317,20210316,3.5625,1.3452,,,1.34524988,0
518880.SH,20210318,20210317,3.5764,1.3505,,,1.35049871,0
518880.SH,20210319,20210318,3.5973,1.3584,,,1.35839084,0
518880.SH,20210320,20210319,3.5948,1.3574,,,1.35744681,0
518880.SH,20210323,20210322,3.5732,1.3493,,,1.34929034,0
518880.SH,20210324,20210323,3.5905,1.3558,,,1.35582307,0
518880.SH,20210325,20210324,3.5751,1.35,,,1.35000781,0
518880.SH,20210326,20210325,3.5854,1.3539,,,1.35389724,0
518880.SH,20210327,20210326,3.5797,1.3517,,,1.35174484,0
518880.SH,20210330,20210329,3.5824,1.3528,,,1.35276439,0
518880.SH,20210331,20210330,3.5361,1.3353,,,1.33528087,0
518880.SH,20210421,20210331,3.4983,1.321,,11383830168.67,1.32100706,1
518880.SH,20210402,20210401,3.5734,1.3494,,,1.34936587,0
518880.SH,20210403,20210402,3.6081,1.3625,,,1.36246907,0
518880.SH,20210407,20210406,3.5914,1.3562,,,1.35616292,0
518880.SH,20210408,20210407,3.6085,1.3626,,,1.36262012,0
518880.SH,20210409,20210408,3.6189,1.3665,,,1.3665473,0
518880.SH,20210410,20210409,3.6283,1.3701,,,1.37009688,0
518880.SH,20210413,20210412,3.613,1.3643,,,1.36431938,0
518880.SH,20210414,20210413,3.5833,1.3531,,,1.35310425,0
518880.SH,20210415,20210414,3.6129,1.3643,,,1.36428162,0
518880.SH,20210416,20210415,3.6119,1.3639,,,1.36390401,0
518880.SH,20210417,20210416,3.644,1.376,,,1.37602542,0
518880.SH,20210420,20210419,3.6723,1.3867,,,1.38671189,0
518880.SH,20210421,20210420,3.6403,1.3746,,,1.37462824,0
518880.SH,20210422,20210421,3.6717,1.3865,,,1.38648532,0
518880.SH,20210423,20210422,3.6771,1.3885,,,1.38852444,0
518880.SH,20210424,20210423,3.6633,1.3833,,,1.38331337,0
518880.SH,20210427,20210426,3.6534,1.3796,,,1.37957499,0
518880.SH,20210428,20210427,3.6548,1.3801,,,1.38010365,0
518880.SH,20210429,20210428,3.6257,1.3691,,,1.36911508,0
518880.SH,20210430,20210429,3.6495,1.3781,,,1.37810229,0
518880.SH,20210501,20210430,3.6349,1.3726,,,1.37258913,0
518880.SH,20210507,20210506,3.6775,1.3887,,,1.38867549,0
518880.SH,20210508,20210507,3.721,1.4051,,,1.40510169,0
518880.SH,20210511,20210510,3.7295,1.4083,,,1.40831141,0
518880.SH,20210512,20210511,3.7295,1.4083,,,1.40831141,0
518880.SH,20210513,20210512,3.7351,1.4104,,,1.41042605,0
518880.SH,20210514,20210513,3.7168,1.4035,,,1.40351572,0
518880.SH,20210515,20210514,3.7335,1.4098,,,1.40982187,0
518880.SH,20210518,20210517,3.7768,1.4262,,,1.42617256,0
518880.SH,20210519,20210518,3.8026,1.4359,,,1.435915,0
518880.SH,20210520,20210519,3.8087,1.4382,,,1.43821844,0
518880.SH,20210521,20210520,3.8117,1.4393,,,1.43935128,0
518880.SH,20210522,20210521,3.8142,1.4403,,,1.44029532,0
518880.SH,20210525,20210524,3.8278,1.4454,,,1.44543087,0
518880.SH,20210526,20210525,3.8165,1.4412,,,1.44116383,0
518880.SH,20210527,20210526,3.8509,1.4542,,,1.45415375,0
518880.SH,20210528,20210527,3.8245,1.4442,,,1.44418474,0
518880.SH,20210529,20210528,3.808,1.438,,,1.43795411,0
518880.SH,20210601,20210531,3.8301,1.4463,,,1.44629938,0
518880.SH,20210602,20210601,3.8535,1.4551,,,1.45513555,0
518880.SH,20210603,20210602,3.7994,1.4347,,,1.43470663,0
518880.SH,20210604,20210603,3.7746,1.4253,,,1.4253418,0
518880.SH,20210605,20210604,3.7456,1.4144,,,1.414391,0
518880.SH,20210608,20210607,3.7631,1.421,,,1.42099924,0
518880.SH,20210609,20210608,3.773,1.4247,,,1.42473762,0
518880.SH,20210610,20210609,3.7797,1.4273,,,1.42726764,0
518880.SH,20210611,20210610,3.7673,1.4226,,,1.42258522,0
518880.SH,20210612,20210611,3.7993,1.4347,,,1.43466887,0
518880.SH,20210616,20210615,3.7401,1.4123,,,1.41231412,0
518880.SH,20210617,20210616,3.7313,1.409,,,1.40899112,0
518880.SH,20210618,20210617,3.662,1.3828,,,1.38282247,0
518880.SH,20210619,20210618,3.6323,1.3716,,,1.37160733,0
518880.SH,20210622,20210621,3.6281,1.37,,,1.37002135,0
518880.SH,20210623,20210622,3.6377,1.3736,,,1.37364645,0
518880.SH,20210624,20210623,3.6413,1.375,,,1.37500586,0
518880.SH,20210625,20210624,3.6258,1.3692,,,1.36915284,0
518880.SH,20210626,20210625,3.6293,1.3705,,,1.37047449,0
518880.SH,20210629,20210628,3.6333,1.372,,,1.37198495,0
518880.SH,20210630,20210629,3.615,1.3651,,,1.36507461,0
518880.SH,20210720,20210630,3.5809,1.3522,,10852508078.41,1.35219797,1
518880.SH,20210702,20210701,3.6242,1.3685,,,1.36854866,0
518880.SH,20210703,20210702,3.6323,1.3716,,,1.37160733,0
518880.SH,20210706,20210705,3.646,1.3768,,,1.37678064,0
518880.SH,20210707,20210706,3.68,1.3896,,,1.38961952,0
518880.SH,20210708,20210707,3.6742,1.3874,,,1.38742936,0
518880.SH,20210709,20210708,3.6801,1.3897,,,1.38965728,0
518880.SH,20210710,20210709,3.6868,1.3922,,,1.3921873,0
518880.SH,20210713,20210712,3.6763,1.3882,,,1.38822235,0
518880.SH,20210714,20210713,3.6884,1.3928,,,1.39279148,0
518880.SH,20210715,20210714,3.6966,1.3959,,,1.39588791,0
518880.SH,20210716,20210715,3.7238,1.4062,,,1.40615901,0
518880.SH,20210717,20210716,3.7115,1.4015,,,1.40151436,0
518880.SH,20210720,20210719,3.6846,1.3914,,,1.39135654,0
518880.SH,20210721,20210720,3.7039,1.3986,,,1.39864449,0
518880.SH,20210722,20210721,3.6897,1.3933,,,1.39328238,0
518880.SH,20210723,20210722,3.6698,1.3858,,,1.38576786,0
518880.SH,20210724,20210723,3.6828,1.3907,,,1.39067684,0
518880.SH,20210727,20210726,3.6954,1.3954,,,1.39543478,0
518880.SH,20210728,20210727,3.6836,1.391,,,1.39097893,0
518880.SH,20210729,20210728,3.698,1.3964,,,1.39641657,0
518880.SH,20210730,20210729,3.7061,1.3995,,,1.39947525,0
518880.SH,20210731,20210730,3.7268,1.4073,,,1.40729186,0
518880.SH,20210803,20210802,3.6813,1.3901,,,1.39011042,0
518880.SH,20210804,20210803,3.6876,1.3925,,,1.39248939,0
518880.SH,20210805,20210804,3.6929,1.3945,,,1.39449074,0
518880.SH,20210806,20210805,3.686,1.3919,,,1.3918852,0
518880.SH,20210807,20210806,3.6662,1.3844,,,1.38440845,0
518880.SH,20210810,20210809,3.5753,1.3501,,,1.35008333,0
518880.SH,20210811,20210810,3.5562,1.3429,,,1.34287091,0
518880.SH,20210812,20210811,3.5452,1.3387,,,1.33871715,0
518880.SH,20210813,20210812,3.5884,1.355,,,1.35503008,0
518880.SH,20210814,20210813,3.5971,1.3583,,,1.35831532,0
518880.SH,20210817,20210816,3.6307,1.371,,,1.37100315,0
518880.SH,20210818,20210817,3.6655,1.3841,,,1.38414412,0
518880.SH,20210819,20210818,3.6606,1.3823,,,1.38229381,0
518880.SH,20210820,20210819,3.6476,1.3774,,,1.37738483,0
518880.SH,20210821,20210820,3.6624,1.383,,,1.38297351,0
518880.SH,20210824,20210823,3.6551,1.3802,,,1.38021693,0
518880.SH,20210825,20210824,3.6822,1.3904,,,1.39045027,0
518880.SH,20210826,20210825,3.6621,1.3829,,,1.38286023,0
518880.SH,20210827,20210826,3.651,1.3787,,,1.37866871,0
518880.SH,20210828,20210827,3.6813,1.3901,,,1.39011042,0
518880.SH,20210831,20210830,3.692,1.3941,,,1.39415089,0
518880.SH,20210901,20210831,3.6925,1.3943,,,1.3943,0
518880.SH,20210902,20210901,3.6907,1.3937,,,1.39365999,0
518880.SH,20210903,20210902,3.6898,1.3933,,,1.39332014,0
518880.SH,20210904,20210903,3.6865,1.3921,,,1.39207401,0
518880.SH,20210907,20210906,3.7105,1.4011,,,1.40113675,0
518880.SH,20210908,20210907,3.7014,1.3977,,,1.39770046,0
518880.SH,20210909,20210908,3.6658,1.3843,,,1.3842574,0
518880.SH,20210910,20210909,3.6493,1.378,,,1.37802677,0
518880.SH,20210911,20210910,3.6582,1.3814,,,1.38138753,0
518880.SH,20210914,20210913,3.6469,1.3771,,,1.3771205,0
518880.SH,20210915,20210914,3.6474,1.3773,,,1.3773093,0
518880.SH,20210916,20210915,3.6581,1.3813,,,1.38134977,0
518880.SH,20210917,20210916,3.6287,1.3702,,,1.37024792,0
518880.SH,20210918,20210917,3.5958,1.3578,,,1.35782442,0
518880.SH,20210923,20210922,3.6395,1.3743,,,1.37432615,0
518880.SH,20210924,20210923,3.6035,1.3607,,,1.36073205,0
518880.SH,20210925,20210924,3.5851,1.3538,,,1.35378395,0
518880.SH,20210928,20210927,3.5951,1.3576,,,1.35756009,0
518880.SH,20210929,20210928,3.5647,1.3461,,,1.34608063,0
518880.SH,20210930,20210929,3.555,1.3424,,,1.34241777,0
518880.SH,20211027,20210930,3.5404,1.3369,,10895311013.87,1.33690461,1
518880.SH,20211009,20211008,3.5769,1.3507,,,1.35068752,0
518880.SH,20211012,20211011,3.5695,1.3479,,,1.34789317,0
518880.SH,20211013,20211012,3.591,1.356,,,1.35601187,0
518880.SH,20211014,20211013,3.5889,1.3552,,,1.35521888,0
518880.SH,20211015,20211014,3.6361,1.373,,,1.37304227,0
518880.SH,20211016,20211015,3.6274,1.3698,,,1.36975702,0
518880.SH,20211019,20211018,3.581,1.3522,,,1.35223573,0
518880.SH,20211020,20211019,3.5956,1.3577,,,1.3577489,0
518880.SH,20211021,20211020,3.5835,1.3532,,,1.35317977,0
518880.SH,20211022,20211021,3.5988,1.359,,,1.35895726,0
518880.SH,20211023,20211022,3.6152,1.3651,,,1.36515013,0
518880.SH,20211026,20211025,3.6111,1.3636,,,1.36360192,0
518880.SH,20211027,20211026,3.6203,1.3671,,,1.36707596,0
518880.SH,20211028,20211027,3.5913,1.3561,,,1.35612516,0
518880.SH,20211029,20211028,3.632,1.3715,,,1.37149405,0
518880.SH,20211030,20211029,3.6177,1.3661,,,1.36609417,0
518880.SH,20211102,20211101,3.6018,1.3601,,,1.36009011,0
518880.SH,20211103,20211102,3.6179,1.3662,,,1.36616969,0
518880.SH,20211104,20211103,3.5898,1.3556,,,1.35555874,0
518880.SH,20211105,20211104,3.5804,1.352,,,1.35200917,0
518880.SH,20211106,20211105,3.6242,1.3685,,,1.36854866,0
518880.SH,20211109,20211108,3.6605,1.3823,,,1.38225605,0
518880.SH,20211110,20211109,3.673,1.387,,,1.38697622,0
518880.SH,20211111,20211110,3.6708,1.3861,,,1.38614547,0
518880.SH,20211112,20211111,3.7344,1.4102,,,1.41016172,0
518880.SH,20211113,20211112,3.734,1.41,,,1.41001068,0
518880.SH,20211116,20211115,3.7195,1.4045,,,1.40453527,0
518880.SH,20211117,20211116,3.7362,1.4108,,,1.41084143,0
518880.SH,20211118,20211117,3.7293,1.4082,,,1.40823589,0
518880.SH,20211119,20211118,3.7371,1.4112,,,1.41118128,0
518880.SH,20211120,20211119,3.7388,1.4118,,,1.41182322,0
518880.SH,20211123,20211122,3.6983,1.3965,,,1.39652986,0
518880.SH,20211124,20211123,3.6393,1.3742,,,1.37425063,0
518880.SH,20211125,20211124,3.6139,1.3647,,,1.36465923,0
518880.SH,20211126,20211125,3.6125,1.3641,,,1.36413058,0
518880.SH,20211127,20211126,3.6358,1.3729,,,1.37292898,0
518880.SH,20211130,20211129,3.6091,1.3628,,,1.36284669,0
518880.SH,20211201,20211130,3.5999,1.3594,,,1.35937264,0
518880.SH,20211202,20211201,3.5882,1.355,,,1.35495455,0
518880.SH,20211203,20211202,3.571,1.3485,,,1.34845959,0
518880.SH,20211204,20211203,3.5671,1.347,,,1.3469869,0
518880.SH,20211207,20211206,3.5946,1.3574,,,1.35737128,0
518880.SH,20211208,20211207,3.5895,1.3554,,,1.35544545,0
518880.SH,20211209,20211208,3.5919,1.3564,,,1.35635173,0
518880.SH,20211210,20211209,3.5815,1.3524,,,1.35242454,0
518880.SH,20211211,20211210,3.5735,1.3494,,,1.34940363,0
518880.SH,20211214,20211213,3.5897,1.3555,,,1.35552098,0
518880.SH,20211215,20211214,3.5907,1.3559,,,1.35589859,0
518880.SH,20211216,20211215,3.5546,1.3423,,,1.34226672,0
518880.SH,20211217,20211216,3.5878,1.3548,,,1.35480351,0
518880.SH,20211218,20211217,3.6331,1.3719,,,1.37190942,0
518880.SH,20211221,20211220,3.6234,1.3682,,,1.36824657,0
518880.SH,20211222,20211221,3.6028,1.3605,,,1.36046772,0
518880.SH,20211223,20211222,3.5921,1.3564,,,1.35642725,0
518880.SH,20211224,20211223,3.6311,1.3712,,,1.3711542,0
518880.SH,20211225,20211224,3.6393,1.3742,,,1.37425063,0
518880.SH,20211228,20211227,3.6351,1.3727,,,1.37266465,0
518880.SH,20211229,20211228,3.6475,1.3773,,,1.37734707,0
518880.SH,20211230,20211229,3.6286,1.3702,,,1.37021016,0
518880.SH,20211231,20211230,3.6108,1.3635,,,1.36348863,0
518880.SH,20220121,20211231,3.6503,1.3784,,12017827263.93,1.37840438,1
518880.SH,20220105,20220104,3.6253,1.369,,,1.36896403,0
518880.SH,20220106,20220105,3.6403,1.3746,,,1.37462824,0
518880.SH,20220107,20220106,3.6208,1.3673,,,1.36726477,0
518880.SH,20220108,20220107,3.5967,1.3582,,,1.35816427,0
518880.SH,20220111,20220110,3.6014,1.3599,,,1.35993906,0
518880.SH,20220112,20220111,3.6324,1.3716,,,1.37164509,0
518880.SH,20220113,20220112,3.6446,1.3763,,,1.37625198,0
518880.SH,20220114,20220113,3.6542,1.3799,,,1.37987708,0
518880.SH,20220115,20220114,3.653,1.3794,,,1.37942394,0
518880.SH,20220118,20220117,3.6403,1.3746,,,1.37462824,0
518880.SH,20220119,20220118,3.6281,1.37,,,1.37002135,0
518880.SH,20220120,20220119,3.6296,1.3706,,,1.37058777,0
518880.SH,20220121,20220120,3.6743,1.3875,,,1.38746712,0
518880.SH,20220122,20220121,3.6767,1.3884,,,1.38837339,0
518880.SH,20220125,20220124,3.6676,1.3849,,,1.38493711,0
518880.SH,20220126,20220125,3.6733,1.3871,,,1.38708951,0
518880.SH,20220127,20220126,3.6765,1.3883,,,1.38829787,0
518880.SH,20220128,20220127,3.6142,1.3648,,,1.36477252,0
518880.SH,20220129,20220128,3.602,1.3602,,,1.36016563,0
518880.SH,20220208,20220207,3.6241,1.3685,,,1.3685109,0
518880.SH,20220209,20220208,3.6412,1.375,,,1.3749681,0
518880.SH,20220210,20220209,3.6583,1.3814,,,1.3814253,0
518880.SH,20220211,20220210,3.6664,1.3845,,,1.38448397,0
518880.SH,20220212,20220211,3.6483,1.3776,,,1.37764916,0
518880.SH,20220215,20220214,3.7072,1.3999,,,1.39989062,0
518880.SH,20220216,20220215,3.7475,1.4151,,,1.41510847,0
518880.SH,20220217,20220216,3.6978,1.3963,,,1.39634105,0
518880.SH,20220218,20220217,3.7303,1.4086,,,1.4086135,0
518880.SH,20220219,20220218,3.7613,1.4203,,,1.42031954,0
518880.SH,20220222,20220221,3.7593,1.4196,,,1.41956431,0
518880.SH,20220223,20220222,3.8093,1.4384,,,1.43844501,0
518880.SH,20220224,20220223,3.7702,1.4237,,,1.4236803,0
518880.SH,20220225,20220224,3.8549,1.4557,,,1.45566421,0
518880.SH,20220226,20220225,3.8011,1.4353,,,1.43534858,0
518880.SH,20220301,20220228,3.7725,1.4245,,,1.42454882,0
518880.SH,20220302,20220301,3.7841,1.4289,,,1.42892914,0
518880.SH,20220303,20220302,3.8499,1.4538,,,1.45377614,0
518880.SH,20220304,20220303,3.8234,1.4438,,,1.44376937,0
518880.SH,20220305,20220304,3.8432,1.4512,,,1.45124612,0
518880.SH,20220308,20220307,3.9162,1.4788,,,1.47881195,0
518880.SH,20220309,20220308,3.9983,1.5098,,,1.50981406,0
518880.SH,20220310,20220309,4.0485,1.5288,,,1.52877028,0
518880.SH,20220311,20220310,3.9218,1.4809,,,1.48092659,0
518880.SH,20220312,20220311,3.9364,1.4864,,,1.48643975,0
518880.SH,20220315,20220314,3.9078,1.4756,,,1.47563999,0
518880.SH,20220316,20220315,3.8396,1.4499,,,1.44988671,0
518880.SH,20220317,20220316,3.8162,1.441,,,1.44105055,0
518880.SH,20220318,20220317,3.8432,1.4512,,,1.45124612,0
518880.SH,20220319,20220318,3.8583,1.4569,,,1.4569481,0
518880.SH,20220322,20220321,3.8389,1.4496,,,1.44962238,0
518880.SH,20220323,20220322,3.864,1.4591,,,1.4591005,0
518880.SH,20220324,20220323,3.8402,1.4501,,,1.45011328,0
518880.SH,20220325,20220324,3.881,1.4655,,,1.46551993,0
518880.SH,20220326,20220325,3.9002,1.4728,,,1.47277012,0
518880.SH,20220329,20220328,3.866,1.4599,,,1.45985572,0
518880.SH,20220330,20220329,3.8416,1.4506,,,1.45064194,0
518880.SH,20220331,20220330,3.8399,1.45,,,1.45,0
518880.SH,20220421,20220331,3.8428,1.4511,,11676126651.86,1.45109508,1
518880.SH,20220402,20220401,3.8531,1.455,,,1.4549845,0
518880.SH,20220407,20220406,3.8334,1.4475,,,1.44754551,0
518880.SH,20220408,20220407,3.844,1.4515,,,1.45154822,0
518880.SH,20220409,20220408,3.852,1.4546,,,1.45456913,0
518880.SH,20220412,20220411,3.8837,1.4665,,,1.46653949,0
518880.SH,20220413,20220412,3.9021,1.4735,,,1.47348759,0
518880.SH,20220414,20220413,3.9179,1.4795,,,1.47945389,0
518880.SH,20220415,20220414,3.9325,1.485,,,1.48496706,0
518880.SH,20220416,20220415,3.9429,1.4889,,,1.48889424,0
518880.SH,20220419,20220418,3.9655,1.4974,,,1.49742832,0
518880.SH,20220420,20220419,3.9459,1.49,,,1.49002708,0
518880.SH,20220421,20220420,3.8976,1.4718,,,1.47178833,0
518880.SH,20220422,20220421,3.9349,1.4859,,,1.48587333,0
518880.SH,20220423,20220422,3.9548,1.4934,,,1.49338785,0
518880.SH,20220426,20220425,3.9372,1.4867,,,1.48674184,0
518880.SH,20220427,20220426,3.9,1.4727,,,1.4726946,0
518880.SH,20220428,20220427,3.9046,1.4744,,,1.47443162,0
518880.SH,20220429,20220428,3.8977,1.4718,,,1.47182609,0
518880.SH,20220430,20220429,3.9488,1.4911,,,1.49112216,0
518880.SH,20220506,20220505,3.9242,1.4818,,,1.48183286,0
518880.SH,20220507,20220506,3.9271,1.4829,,,1.48292794,0
518880.SH,20220510,20220509,3.9348,1.4858,,,1.48583557,0
518880.SH,20220511,20220510,3.9207,1.4805,,,1.48051121,0
518880.SH,20220512,20220511,3.9011,1.4731,,,1.47310998,0
518880.SH,20220513,20220512,3.9238,1.4817,,,1.48168181,0
518880.SH,20220514,20220513,3.8875,1.468,,,1.46797443,0
518880.SH,20220517,20220516,3.8611,1.458,,,1.45800542,0
518880.SH,20220518,20220517,3.87,1.4614,,,1.46136618,0
518880.SH,20220519,20220518,3.8466,1.4525,,,1.45253001,0
518880.SH,20220520,20220519,3.8474,1.4528,,,1.4528321,0
518880.SH,20220521,20220520,3.8644,1.4592,,,1.45925154,0
518880.SH,20220524,20220523,3.88,1.4651,,,1.46514232,0
518880.SH,20220525,20220524,3.8904,1.4691,,,1.46906951,0
518880.SH,20220526,20220525,3.8907,1.4692,,,1.46918279,0
518880.SH,20220527,20220526,3.9053,1.4747,,,1.47469595,0
518880.SH,20220528,20220527,3.9211,1.4807,,,1.48066226,0
518880.SH,20220531,20220530,3.8879,1.4681,,,1.46812547,0
518880.SH,20220601,20220531,3.8806,1.4654,,,1.46536889,0
518880.SH,20220602,20220601,3.854,1.4553,,,1.45532436,0
518880.SH,20220603,20220602,3.8792,1.4648,,,1.46484023,0
518880.SH,20220607,20220606,3.8672,1.4603,,,1.46030886,0
518880.SH,20220608,20220607,3.8604,1.4577,,,1.45774109,0
518880.SH,20220609,20220608,3.8671,1.4603,,,1.4602711,0
518880.SH,20220610,20220609,3.8797,1.465,,,1.46502904,0
518880.SH,20220611,20220610,3.8689,1.4609,,,1.4609508,0
518880.SH,20220614,20220613,3.9255,1.4823,,,1.48232376,0
518880.SH,20220615,20220614,3.8618,1.4583,,,1.45826975,0
518880.SH,20220616,20220615,3.8409,1.4504,,,1.45037761,0
518880.SH,20220617,20220616,3.8492,1.4535,,,1.45351181,0
518880.SH,20220618,20220617,3.8773,1.4641,,,1.46412276,0
518880.SH,20220621,20220620,3.8636,1.4589,,,1.45894945,0
518880.SH,20220622,20220621,3.8516,1.4544,,,1.45441808,0
518880.SH,20220623,20220622,3.8559,1.456,,,1.45604182,0
518880.SH,20220624,20220623,3.8575,1.4566,,,1.45664601,0
518880.SH,20220625,20220624,3.8355,1.4483,,,1.4483385,0
518880.SH,20220628,20220627,3.8572,1.4565,,,1.45653272,0
518880.SH,20220629,20220628,3.8355,1.4483,,,1.4483385,0
518880.SH,20220630,20220629,3.8239,1.444,,,1.44395817,0
518880.SH,20220720,20220630,3.8143,1.4403,,10013951654.32,1.44033308,1
518880.SH,20220702,20220701,3.7826,1.4284,,,1.42836272,0
518880.SH,20220705,20220704,3.8032,1.4361,,,1.43614156,0
518880.SH,20220706,20220705,3.7976,1.434,,,1.43402693,0
518880.SH,20220707,20220706,3.7259,1.407,,,1.406952,0
518880.SH,20220708,20220707,3.6737,1.3872,,,1.38724055,0
518880.SH,20220709,20220708,3.663,1.3832,,,1.38320008,0
518880.SH,20220712,20220711,3.6659,1.3843,,,1.38429516,0
518880.SH,20220713,20220712,3.6732,1.3871,,,1.38705174,0
518880.SH,20220714,20220713,3.6483,1.3776,,,1.37764916,0
518880.SH,20220715,20220714,3.6445,1.3762,,,1.37621422,0
518880.SH,20220716,20220715,3.6208,1.3673,,,1.36726477,0
518880.SH,20220719,20220718,3.6411,1.3749,,,1.37493034,0
518880.SH,20220720,20220719,3.6258,1.3692,,,1.36915284,0
518880.SH,20220721,20220720,3.6256,1.3691,,,1.36907732,0
518880.SH,20220722,20220721,3.598,1.3587,,,1.35865517,0
518880.SH,20220723,20220722,3.6573,1.381,,,1.38104768,0
518880.SH,20220726,20220725,3.6707,1.3861,,,1.38610771,0
518880.SH,20220727,20220726,3.6716,1.3864,,,1.38644756,0
518880.SH,20220728,20220727,3.6608,1.3824,,,1.38236933,0
518880.SH,20220729,20220728,3.6941,1.3949,,,1.39494388,0
518880.SH,20220730,20220729,3.7375,1.4113,,,1.41133233,0
518880.SH,20220802,20220801,3.7488,1.4156,,,1.41559936,0
518880.SH,20220803,20220802,3.7686,1.4231,,,1.42307612,0
518880.SH,20220804,20220803,3.7532,1.4173,,,1.41726086,0
518880.SH,20220805,20220804,3.7672,1.4225,,,1.42254746,0
518880.SH,20220806,20220805,3.7978,1.4341,,,1.43410245,0
518880.SH,20220809,20220808,3.7766,1.4261,,,1.42609703,0
518880.SH,20220810,20220809,3.7892,1.4309,,,1.43085497,0
518880.SH,20220811,20220810,3.7984,1.4343,,,1.43432902,0
518880.SH,20220812,20220811,3.7832,1.4286,,,1.42858928,0
518880.SH,20220813,20220812,3.7973,1.4339,,,1.43391364,0
518880.SH,20220816,20220815,3.8018,1.4356,,,1.43561291,0
518880.SH,20220817,20220816,3.7981,1.4342,,,1.43421573,0
518880.SH,20220818,20220817,3.7831,1.4285,,,1.42855152,0
518880.SH,20220819,20220818,3.7683,1.423,,,1.42296284,0
518880.SH,20220820,20220819,3.7579,1.419,,,1.41903565,0
518880.SH,20220823,20220822,3.7475,1.4151,,,1.41510847,0
518880.SH,20220824,20220823,3.7693,1.4233,,,1.42334045,0
518880.SH,20220825,20220824,3.7844,1.429,,,1.42904242,0
518880.SH,20220826,20220825,3.7953,1.4332,,,1.43315841,0
518880.SH,20220827,20220826,3.7995,1.4347,,,1.43474439,0
518880.SH,20220830,20220829,3.7705,1.4238,,,1.42379359,0
518880.SH,20220831,20220830,3.7841,1.4289,,,1.42892914,0
518880.SH,20220901,20220831,3.7639,1.4213,,,1.42130133,0
518880.SH,20220902,20220901,3.7389,1.4119,,,1.41186098,0
518880.SH,20220903,20220902,3.7395,1.4121,,,1.41208755,0
518880.SH,20220906,20220905,3.7666,1.4223,,,1.42232089,0
518880.SH,20220907,20220906,3.7823,1.4282,,,1.42824943,0
518880.SH,20220908,20220907,3.769,1.4232,,,1.42322717,0
518880.SH,20220909,20220908,3.7917,1.4318,,,1.431799,0
518880.SH,20220910,20220909,3.7955,1.4332,,,1.43323394,0
518880.SH,20220914,20220913,3.788,1.4304,,,1.43040183,0
518880.SH,20220915,20220914,3.7617,1.4205,,,1.42047058,0
518880.SH,20220916,20220915,3.749,1.4157,,,1.41567489,0
518880.SH,20220917,20220916,3.7419,1.413,,,1.41299383,0
518880.SH,20220920,20220919,3.7385,1.4117,,,1.41170994,0
518880.SH,20220921,20220920,3.7509,1.4164,,,1.41639235,0
518880.SH,20220922,20220921,3.7622,1.4207,,,1.42065939,0
518880.SH,20220923,20220922,3.752,1.4168,,,1.41680773,0
518880.SH,20220924,20220923,3.7736,1.425,,,1.42496419,0
518880.SH,20220927,20220926,3.7528,1.4171,,,1.41710982,0
518880.SH,20220928,20220927,3.7543,1.4177,,,1.41767624,0
518880.SH,20220929,20220928,3.7527,1.4171,,,1.41707206,0
518880.SH,20220930,20220929,3.7834,1.4287,,,1.42866481,0
518880.SH,20221025,20220930,3.7931,1.4323,,9826220272.79,1.43232766,1
518880.SH,20221011,20221010,3.817,1.4414,,,1.44135264,0
518880.SH,20221012,20221011,3.8122,1.4395,,,1.43954009,0
518880.SH,20221013,20221012,3.8176,1.4416,,,1.44157921,0
518880.SH,20221014,20221013,3.8201,1.4425,,,1.44252324,0
518880.SH,20221015,20221014,3.8163,1.4411,,,1.44108831,0
518880.SH,20221018,20221017,3.8019,1.4356,,,1.43565067,0
518880.SH,20221019,20221018,3.8002,1.435,,,1.43500872,0
518880.SH,20221020,20221019,3.7925,1.4321,,,1.4321011,0
518880.SH,20221021,20221020,3.7787,1.4269,,,1.42689002,0
518880.SH,20221022,20221021,3.7819,1.4281,,,1.42809839,0
518880.SH,20221025,20221024,3.8244,1.4441,,,1.44414698,0
518880.SH,20221026,20221025,3.8276,1.4454,,,1.44535535,0
518880.SH,20221027,20221026,3.8303,1.4464,,,1.4463749,0
518880.SH,20221028,20221027,3.8226,1.4435,,,1.44346728,0
518880.SH,20221029,20221028,3.8166,1.4412,,,1.44120159,0
518880.SH,20221101,20221031,3.8087,1.4382,,,1.43821844,0
518880.SH,20221102,20221101,3.8109,1.439,,,1.43904919,0
518880.SH,20221103,20221102,3.8168,1.4413,,,1.44127712,0
518880.SH,20221104,20221103,3.8107,1.439,,,1.43897367,0
518880.SH,20221105,20221104,3.8176,1.4416,,,1.44157921,0
518880.SH,20221108,20221107,3.835,1.4481,,,1.44814969,0
518880.SH,20221109,20221108,3.8416,1.4506,,,1.45064194,0
518880.SH,20221110,20221109,3.9228,1.4813,,,1.4813042,0
518880.SH,20221111,20221110,3.913,1.4776,,,1.47760358,0
518880.SH,20221112,20221111,3.9582,1.4947,,,1.49467173,0
518880.SH,20221115,20221114,3.9123,1.4773,,,1.47733925,0
518880.SH,20221116,20221115,3.9365,1.4865,,,1.48647751,0
518880.SH,20221117,20221116,3.9537,1.493,,,1.49297247,0
518880.SH,20221118,20221117,3.959,1.495,,,1.49497383,0
518880.SH,20221119,20221118,3.9521,1.4924,,,1.49236829,0
518880.SH,20221122,20221121,3.9336,1.4854,,,1.48538243,0
518880.SH,20221123,20221122,3.9357,1.4862,,,1.48617542,0
518880.SH,20221124,20221123,3.93,1.484,,,1.48402302,0
518880.SH,20221125,20221124,3.945,1.4897,,,1.48968723,0
518880.SH,20221126,20221125,3.9486,1.491,,,1.49104664,0
518880.SH,20221129,20221128,3.9541,1.4931,,,1.49312352,0
518880.SH,20221130,20221129,3.9521,1.4924,,,1.49236829,0
518880.SH,20221201,20221130,3.9431,1.489,,,1.48896976,0
518880.SH,20221202,20221201,3.9596,1.4952,,,1.49520039,0
518880.SH,20221203,20221202,3.9839,1.5044,,,1.50437641,0
518880.SH,20221206,20221205,3.9469,1.4904,,,1.4904047,0
518880.SH,20221207,20221206,3.9215,1.4808,,,1.4808133,0
518880.SH,20221208,20221207,3.9103,1.4766,,,1.47658402,0
518880.SH,20221209,20221208,3.9201,1.4803,,,1.48028464,0
518880.SH,20221210,20221209,3.9327,1.485,,,1.48504258,0
518880.SH,20221213,20221212,3.9227,1.4813,,,1.48126644,0
518880.SH,20221214,20221213,3.9352,1.486,,,1.48598661,0
518880.SH,20221215,20221214,3.9739,1.5006,,,1.50060027,0
518880.SH,20221216,20221215,3.9293,1.4838,,,1.48375869,0
518880.SH,20221217,20221216,3.9224,1.4812,,,1.48115315,0
518880.SH,20221220,20221219,3.9427,1.4888,,,1.48881872,0
518880.SH,20221221,20221220,3.9426,1.4888,,,1.48878096,0
518880.SH,20221222,20221221,3.9831,1.5041,,,1.50407432,0
518880.SH,20221223,20221222,3.9828,1.504,,,1.50396104,0
518880.SH,20221224,20221223,3.9735,1.5004,,,1.50044923,0
518880.SH,20221227,20221226,3.959,1.495,,,1.49497383,0
518880.SH,20221228,20221227,3.9634,1.4966,,,1.49663533,0
518880.SH,20221229,20221228,3.9732,1.5003,,,1.50033594,0
518880.SH,20221230,20221229,3.9558,1.4938,,,1.49376546,0
518880.SH,20221231,20221230,3.9877,1.5058,,,1.50581135,0
518880.SH,20230120,20221231,3.9876,1.5058,,9723632688.37,1.50577359,1
518880.SH,20230104,20230103,4.0047,1.5122,,,1.51223079,0
518880.SH,20230105,20230104,4.02,1.518,,,1.51800828,0
518880.SH,20230106,20230105,4.0093,1.514,,,1.51396781,0
518880.SH,20230107,20230106,3.9765,1.5016,,,1.50158207,0
518880.SH,20230110,20230109,4.0158,1.5164,,,1.5164223,0
518880.SH,20230111,20230110,4.0227,1.519,,,1.51902784,0
518880.SH,20230112,20230111,4.0311,1.5222,,,1.5221998,0
518880.SH,20230113,20230112,4.025,1.5199,,,1.51989635,0
518880.SH,20230114,20230113,4.0256,1.5201,,,1.52012292,0
518880.SH,20230117,20230116,4.0524,1.5302,,,1.53024297,0
518880.SH,20230118,20230117,4.0619,1.5338,,,1.53383031,0
518880.SH,20230119,20230118,4.0622,1.5339,,,1.53394359,0
518880.SH,20230120,20230119,4.0716,1.5375,,,1.53749316,0
518880.SH,20230121,20230120,4.1027,1.5492,,,1.54923696,0
518880.SH,20230131,20230130,4.1045,1.5499,,,1.54991666,0
518880.SH,20230201,20230131,4.0626,1.5341,,,1.53409464,0
518880.SH,20230202,20230201,4.0947,1.5462,,,1.54621605,0
518880.SH,20230203,20230202,4.1351,1.5615,,,1.56147165,0
518880.SH,20230204,20230203,4.074,1.5384,,,1.53839944,0
518880.SH,20230207,20230206,4.021,1.5184,,,1.51838589,0
518880.SH,20230208,20230207,4.0109,1.5146,,,1.51457199,0
518880.SH,20230209,20230208,4.0152,1.5162,,,1.51619573,0
518880.SH,20230210,20230209,4.0256,1.5201,,,1.52012292,0
518880.SH,20230211,20230210,4.0074,1.5132,,,1.51325034,0
518880.SH,20230214,20230213,4.0187,1.5175,,,1.51751738,0
518880.SH,20230215,20230214,4.0114,1.5148,,,1.5147608,0
518880.SH,20230216,20230215,4.0049,1.5123,,,1.51230631,0
518880.SH,20230217,20230216,4.001,1.5108,,,1.51083361,0
518880.SH,20230218,20230217,3.9947,1.5085,,,1.50845465,0
518880.SH,20230221,20230220,4.012,1.515,,,1.51498737,0
518880.SH,20230222,20230221,3.999,1.5101,,,1.51007839,0
518880.SH,20230223,20230222,4.0202,1.5181,,,1.5180838,0
518880.SH,20230224,20230223,4.0084,1.5136,,,1.51362796,0
518880.SH,20230225,20230224,4.0199,1.518,,,1.51797052,0
518880.SH,20230228,20230227,4.0105,1.5144,,,1.51442095,0
518880.SH,20230301,20230228,4.0072,1.5132,,,1.51317482,0
518880.SH,20230302,20230301,4.027,1.5206,,,1.52065158,0
518880.SH,20230303,20230302,4.0226,1.519,,,1.51899008,0
518880.SH,20230304,20230303,4.0411,1.526,,,1.52597594,0
518880.SH,20230307,20230306,4.0801,1.5407,,,1.54070288,0
518880.SH,20230308,20230307,4.0753,1.5389,,,1.53889033,0
518880.SH,20230309,20230308,4.0314,1.5223,,,1.52231308,0
518880.SH,20230310,20230309,4.0336,1.5231,,,1.52314383,0
518880.SH,20230311,20230310,4.0556,1.5314,,,1.53145134,0
518880.SH,20230314,20230313,4.0915,1.545,,,1.54500768,0
518880.SH,20230315,20230314,4.1452,1.5653,,,1.56528555,0
518880.SH,20230316,20230315,4.141,1.5637,,,1.56369957,0
518880.SH,20230317,20230316,4.1772,1.5774,,,1.5773692,0
518880.SH,20230318,20230317,4.1977,1.5851,,,1.58511029,0
518880.SH,20230321,20230320,4.3599,1.6464,,,1.64635928,0
518880.SH,20230322,20230321,4.2842,1.6178,,,1.6177739,0
518880.SH,20230323,20230322,4.2141,1.5913,,,1.59130316,0
518880.SH,20230324,20230323,4.2534,1.6061,,,1.60614339,0
518880.SH,20230325,20230324,4.2673,1.6114,,,1.61139222,0
518880.SH,20230328,20230327,4.2436,1.6024,,,1.60244277,0
518880.SH,20230329,20230328,4.2298,1.5972,,,1.5972317,0
518880.SH,20230330,20230329,4.2414,1.6016,,,1.60161202,0
518880.SH,20230331,20230330,4.2431,1.6023,,,1.60225396,0
518880.SH,20230421,20230331,4.2775,1.6152,,10112130493.05,1.61524389,1
518880.SH,20230404,20230403,4.2273,1.5963,,,1.59628766,0
518880.SH,20230405,20230404,4.2655,1.6107,,,1.61071252,0
518880.SH,20230407,20230406,4.3351,1.637,,,1.63699445,0
518880.SH,20230408,20230407,4.3274,1.6341,,,1.63408682,0
518880.SH,20230411,20230410,4.2927,1.621,,,1.62098362,0
518880.SH,20230412,20230411,4.3107,1.6278,,,1.62778067,0
518880.SH,20230413,20230412,4.3412,1.6393,,,1.6392979,0
518880.SH,20230414,20230413,4.3462,1.6412,,,1.64118597,0
518880.SH,20230415,20230414,4.3607,1.6467,,,1.64666137,0
518880.SH,20230418,20230417,4.3226,1.6323,,,1.63227428,0
518880.SH,20230419,20230418,4.3057,1.6259,,,1.6258926,0
518880.SH,20230420,20230419,4.304,1.6252,,,1.62525066,0
518880.SH,20230421,20230420,4.31,1.6275,,,1.62751634,0
518880.SH,20230422,20230421,4.2935,1.6213,,,1.62128571,0
518880.SH,20230425,20230424,4.2856,1.6183,,,1.61830256,0
518880.SH,20230426,20230425,4.3221,1.6321,,,1.63208547,0
518880.SH,20230427,20230426,4.3269,1.6339,,,1.63389802,0
518880.SH,20230428,20230427,4.3345,1.6368,,,1.63676788,0
518880.SH,20230429,20230428,4.302,1.6245,,,1.62449543,0
518880.SH,20230505,20230504,4.3932,1.6589,,,1.65893382,0
518880.SH,20230506,20230505,4.4138,1.6667,,,1.66671267,0
518880.SH,20230509,20230508,4.3689,1.6498,,,1.6497578,0
518880.SH,20230510,20230509,4.3771,1.6529,,,1.65285424,0
518880.SH,20230511,20230510,4.3912,1.6582,,,1.6581786,0
518880.SH,20230512,20230511,4.3937,1.6591,,,1.65912263,0
518880.SH,20230513,20230512,4.3699,1.6501,,,1.65013542,0
518880.SH,20230516,20230515,4.3865,1.6564,,,1.65640381,0
518880.SH,20230517,20230516,4.3751,1.6521,,,1.65209901,0
518880.SH,20230518,20230517,4.3577,1.6455,,,1.64552853,0
518880.SH,20230519,20230518,4.3512,1.6431,,,1.64307404,0
518880.SH,20230520,20230519,4.3339,1.6365,,,1.63654131,0
518880.SH,20230523,20230522,4.3504,1.6428,,,1.64277195,0
518880.SH,20230524,20230523,4.3269,1.6339,,,1.63389802,0
518880.SH,20230525,20230524,4.3546,1.6444,,,1.64435792,0
518880.SH,20230526,20230525,4.3424,1.6397,,,1.63975103,0
518880.SH,20230527,20230526,4.3195,1.6311,,,1.63110367,0
518880.SH,20230530,20230529,4.3125,1.6285,,,1.62846038,0
518880.SH,20230531,20230530,4.3048,1.6256,,,1.62555275,0
518880.SH,20230601,20230531,4.3614,1.6469,,,1.6469257,0
518880.SH,20230602,20230601,4.3577,1.6455,,,1.64552853,0
518880.SH,20230603,20230602,4.3759,1.6524,,,1.6524011,0
518880.SH,20230606,20230605,4.3293,1.6348,,,1.63480429,0
518880.SH,20230607,20230606,4.3554,1.6447,,,1.64466002,0
518880.SH,20230608,20230607,4.3581,1.6457,,,1.64567957,0
518880.SH,20230609,20230608,4.3416,1.6394,,,1.63944894,0
518880.SH,20230610,20230609,4.3734,1.6515,,,1.65145707,0
518880.SH,20230613,20230612,4.3788,1.6535,,,1.65349618,0
518880.SH,20230614,20230613,4.3958,1.6599,,,1.65991562,0
518880.SH,20230615,20230614,4.3668,1.649,,,1.64896482,0
518880.SH,20230616,20230615,4.3292,1.6348,,,1.63476653,0
518880.SH,20230617,20230616,4.3654,1.6484,,,1.64843616,0
518880.SH,20230620,20230619,4.3678,1.6493,,,1.64934243,0
518880.SH,20230621,20230620,4.3754,1.6522,,,1.6522123,0
518880.SH,20230622,20230621,4.3638,1.6478,,,1.64783197,0
518880.SH,20230627,20230626,4.3571,1.6453,,,1.64530196,0
518880.SH,20230628,20230627,4.3566,1.6451,,,1.64511315,0
518880.SH,20230629,20230628,4.333,1.6362,,,1.63620146,0
518880.SH,20230630,20230629,4.3357,1.6372,,,1.63722102,0
518880.SH,20230720,20230630,4.3491,1.6423,,10406586106.09,1.64228105,1
518880.SH,20230704,20230703,4.359,1.646,,,1.64601943,0
518880.SH,20230705,20230704,4.3635,1.6477,,,1.64771869,0
518880.SH,20230706,20230705,4.3708,1.6505,,,1.65047527,0
518880.SH,20230707,20230706,4.3675,1.6492,,,1.64922915,0
518880.SH,20230708,20230707,4.3626,1.6474,,,1.64737884,0
518880.SH,20230711,20230710,4.3763,1.6526,,,1.65255215,0
518880.SH,20230712,20230711,4.3658,1.6486,,,1.6485872,0
518880.SH,20230713,20230712,4.3754,1.6522,,,1.6522123,0
518880.SH,20230714,20230713,4.4105,1.6655,,,1.66546655,0
518880.SH,20230715,20230714,4.3875,1.6568,,,1.65678143,0
518880.SH,20230718,20230717,4.4032,1.6627,,,1.66270996,0
518880.SH,20230719,20230718,4.4242,1.6706,,,1.67063986,0
518880.SH,20230720,20230719,4.4807,1.692,,,1.69197505,0
518880.SH,20230721,20230720,4.4687,1.6874,,,1.68744368,0
518880.SH,20230722,20230721,4.4434,1.6779,,,1.67789005,0
518880.SH,20230725,20230724,4.4461,1.6789,,,1.67890961,0
518880.SH,20230726,20230725,4.4164,1.6677,,,1.66769447,0
518880.SH,20230727,20230726,4.4395,1.6764,,,1.67641735,0
518880.SH,20230728,20230727,4.4479,1.6796,,,1.67958931,0
518880.SH,20230729,20230728,4.4171,1.668,,,1.6679588,0
518880.SH,20230801,20230731,4.4138,1.6667,,,1.66671267,0
518880.SH,20230802,20230801,4.4243,1.6707,,,1.67067762,0
518880.SH,20230803,20230802,4.4277,1.672,,,1.67196151,0
518880.SH,20230804,20230803,4.4073,1.6643,,,1.66425818,0
518880.SH,20230805,20230804,4.4006,1.6617,,,1.66172817,0
518880.SH,20230808,20230807,4.409,1.6649,,,1.66490013,0
518880.SH,20230809,20230808,4.4084,1.6647,,,1.66467356,0
518880.SH,20230810,20230809,4.4103,1.6654,,,1.66539102,0
518880.SH,20230811,20230810,4.3964,1.6601,,,1.66014219,0
518880.SH,20230812,20230811,4.4121,1.6661,,,1.66607073,0
518880.SH,20230815,20230814,4.4191,1.6687,,,1.66871403,0
518880.SH,20230816,20230815,4.4192,1.6687,,,1.66875179,0
518880.SH,20230817,20230816,4.4269,1.6717,,,1.67165942,0
518880.SH,20230818,20230817,4.426,1.6713,,,1.67131956,0
518880.SH,20230819,20230818,4.42,1.6691,,,1.66905388,0
518880.SH,20230822,20230821,4.4375,1.6757,,,1.67566213,0
518880.SH,20230823,20230822,4.4365,1.6753,,,1.67528451,0
518880.SH,20230824,20230823,4.4414,1.6771,,,1.67713482,0
518880.SH,20230825,20230824,4.4547,1.6822,,,1.68215709,0
518880.SH,20230826,20230825,4.4476,1.6795,,,1.67947603,0
518880.SH,20230829,20230828,4.4487,1.6799,,,1.6798914,0
518880.SH,20230830,20230829,4.4605,1.6843,,,1.68434725,0
518880.SH,20230831,20230830,4.4758,1.6901,,,1.69012474,0
518880.SH,20230901,20230831,4.497,1.6981,,,1.69813016,0
518880.SH,20230902,20230901,4.4935,1.6968,,,1.69680851,0
518880.SH,20230905,20230904,4.5099,1.703,,,1.70300138,0
518880.SH,20230906,20230905,4.5133,1.7043,,,1.70428527,0
518880.SH,20230907,20230906,4.4967,1.698,,,1.69801687,0
518880.SH,20230908,20230907,4.4991,1.6989,,,1.69892315,0
518880.SH,20230909,20230908,4.5308,1.7109,,,1.71089351,0
518880.SH,20230912,20230911,4.5347,1.7124,,,1.71236621,0
518880.SH,20230913,20230912,4.5472,1.7171,,,1.71708638,0
518880.SH,20230914,20230913,4.5551,1.7201,,,1.72006953,0
518880.SH,20230915,20230914,4.5984,1.7364,,,1.73642022,0
518880.SH,20230916,20230915,4.5493,1.7179,,,1.71787937,0
518880.SH,20230919,20230918,4.5446,1.7161,,,1.71610458,0
518880.SH,20230920,20230919,4.5647,1.7237,,,1.72369463,0
518880.SH,20230921,20230920,4.5721,1.7265,,,1.72648897,0
518880.SH,20230922,20230921,4.58,1.7295,,,1.72947212,0
518880.SH,20230923,20230922,4.569,1.7253,,,1.72531837,0
518880.SH,20230926,20230925,4.6073,1.7398,,,1.73978098,0
518880.SH,20230927,20230926,4.591,1.7336,,,1.73362587,0
518880.SH,20230928,20230927,4.4817,1.6924,,,1.69235266,0
518880.SH,20230929,20230928,4.3306,1.6353,,,1.63529519,0
518880.SH,20231024,20230930,4.3305,1.6352,,12091332430.24,1.63525743,0
518880.SH,20231010,20231009,4.2426,1.6021,,,1.60206516,0
518880.SH,20231011,20231010,4.3568,1.6452,,,1.64518868,0
518880.SH,20231012,20231011,4.362,1.6472,,,1.64715227,0
518880.SH,20231013,20231012,4.3683,1.6495,,,1.64953124,0
518880.SH,20231014,20231013,4.3952,1.6597,,,1.65968905,0
518880.SH,20231017,20231016,4.4568,1.6829,,,1.68295008,0
518880.SH,20231018,20231017,4.4793,1.6914,,,1.69144639,0
518880.SH,20231019,20231018,4.5122,1.7039,,,1.70386989,0
518880.SH,20231020,20231019,4.5405,1.7146,,,1.71455637,0
518880.SH,20231021,20231020,4.5977,1.7362,,,1.73615589,0
518880.SH,20231024,20231023,4.5742,1.7273,,,1.72728196,0
518880.SH,20231025,20231024,4.5819,1.7302,,,1.73018959,0
518880.SH,20231026,20231025,4.5601,1.722,,,1.7219576,0
518880.SH,20231027,20231026,4.5897,1.7331,,,1.73313498,0
518880.SH,20231028,20231027,4.6054,1.7391,,,1.73906352,0
518880.SH,20231031,20231030,4.6165,1.7433,,,1.74325503,0
518880.SH,20231101,20231031,4.6159,1.743,,,1.74302846,0
518880.SH,20231102,20231101,4.6018,1.7377,,,1.73770411,0
518880.SH,20231103,20231102,4.6106,1.741,,,1.74102711,0
518880.SH,20231104,20231103,4.6165,1.7433,,,1.74325503,0
518880.SH,20231107,20231106,4.5941,1.7348,,,1.73479648,0
518880.SH,20231108,20231107,4.5638,1.7234,,,1.72335477,0
518880.SH,20231109,20231108,4.55,1.7181,,,1.7181437,0
518880.SH,20231110,20231109,4.528,1.7098,,,1.70983619,0
518880.SH,20231111,20231110,4.5445,1.7161,,,1.71606682,0
518880.SH,20231114,20231113,4.5391,1.714,,,1.71402771,0
518880.SH,20231115,20231114,4.5568,1.7207,,,1.72071148,0
518880.SH,20231116,20231115,4.5643,1.7235,,,1.72354358,0
518880.SH,20231117,20231116,4.5578,1.7211,,,1.72108909,0
518880.SH,20231118,20231117,4.565,1.7238,,,1.72380791,0
518880.SH,20231121,20231120,4.5147,1.7048,,,1.70481393,0
518880.SH,20231122,20231121,4.5178,1.706,,,1.70598453,0
518880.SH,20231123,20231122,4.5076,1.7021,,,1.70213287,0
518880.SH,20231124,20231123,4.5005,1.6994,,,1.69945181,0
518880.SH,20231125,20231124,4.5007,1.6995,,,1.69952733,0
518880.SH,20231128,20231127,4.5467,1.7169,,,1.71689757,0
518880.SH,20231129,20231128,4.5611,1.7223,,,1.72233522,0
518880.SH,20231130,20231129,4.5886,1.7327,,,1.7327196,0
518880.SH,20231201,20231130,4.5868,1.732,,,1.7320399,0
518880.SH,20231202,20231201,4.5895,1.7331,,,1.73305945,0
518880.SH,20231205,20231204,4.6483,1.7553,,,1.75526316,0
518880.SH,20231206,20231205,4.5854,1.7315,,,1.73151124,0
518880.SH,20231207,20231206,4.5831,1.7306,,,1.73064272,0
518880.SH,20231208,20231207,4.5903,1.7334,,,1.73336154,0
518880.SH,20231209,20231208,4.5869,1.7321,,,1.73207766,0
518880.SH,20231212,20231211,4.5409,1.7147,,,1.71470741,0
518880.SH,20231213,20231212,4.5255,1.7089,,,1.70889216,0
518880.SH,20231214,20231213,4.5086,1.7025,,,1.70251048,0
518880.SH,20231215,20231214,4.5956,1.7354,,,1.7353629,0
518880.SH,20231216,20231215,4.5858,1.7317,,,1.73166228,0
518880.SH,20231219,20231218,4.5839,1.7309,,,1.73094481,0
518880.SH,20231220,20231219,4.5855,1.7315,,,1.731549,0
518880.SH,20231221,20231220,4.6107,1.7411,,,1.74106487,0
518880.SH,20231222,20231221,4.6005,1.7372,,,1.73721321,0
518880.SH,20231223,20231222,4.6306,1.7486,,,1.74857939,0
518880.SH,20231226,20231225,4.6336,1.7497,,,1.74971223,0
518880.SH,20231227,20231226,4.6479,1.7551,,,1.75511211,0
518880.SH,20231228,20231227,4.6641,1.7612,,,1.76122946,0
518880.SH,20231229,20231228,4.6644,1.7613,,,1.76134274,0
518880.SH,20231230,20231229,4.6391,1.7518,,,1.75178911,0
518880.SH,20240119,20231231,4.6391,1.7518,,13953580409.29,1.75178911,1
518880.SH,20240103,20240102,4.6782,1.7666,,,1.76655381,0
518880.SH,20240104,20240103,4.6573,1.7587,,,1.75866168,0
518880.SH,20240105,20240104,4.6467,1.7547,,,1.75465897,0
518880.SH,20240106,20240105,4.6429,1.7532,,,1.75322404,0
518880.SH,20240109,20240108,4.6331,1.7495,,,1.74952342,0
518880.SH,20240110,20240109,4.6297,1.7482,,,1.74823954,0
518880.SH,20240111,20240110,4.6242,1.7462,,,1.74616266,0
518880.SH,20240112,20240111,4.6253,1.7466,,,1.74657803,0
518880.SH,20240113,20240112,4.6347,1.7501,,,1.75012761,0
518880.SH,20240116,20240115,4.6756,1.7656,,,1.76557202,0
518880.SH,20240117,20240116,4.6685,1.7629,,,1.76289096,0
518880.SH,20240118,20240117,4.6164,1.7432,,,1.74321727,0
518880.SH,20240119,20240118,4.6038,1.7385,,,1.73845933,0
518880.SH,20240120,20240119,4.6376,1.7512,,,1.75122269,0
518880.SH,20240123,20240122,4.6267,1.7471,,,1.74710669,0
518880.SH,20240124,20240123,4.6278,1.7475,,,1.74752207,0
518880.SH,20240125,20240124,4.6228,1.7456,,,1.745634,0
518880.SH,20240126,20240125,4.6013,1.7375,,,1.7375153,0
518880.SH,20240127,20240126,4.6346,1.7501,,,1.75008984,0
518880.SH,20240130,20240129,4.6339,1.7498,,,1.74982551,0
518880.SH,20240131,20240130,4.6431,1.7533,,,1.75329956,0
518880.SH,20240201,20240131,4.6417,1.7528,,,1.7527709,0
518880.SH,20240202,20240201,4.6417,1.7528,,,1.7527709,0
518880.SH,20240203,20240202,4.6758,1.7656,,,1.76564754,0
518880.SH,20240206,20240205,4.6329,1.7494,,,1.7494479,0
518880.SH,20240207,20240206,4.6299,1.7483,,,1.74831506,0
518880.SH,20240208,20240207,4.6421,1.7529,,,1.75292195,0
518880.SH,20240209,20240208,4.6469,1.7547,,,1.7547345,0
518880.SH,20240220,20240219,4.6362,1.7507,,,1.75069403,0
518880.SH,20240221,20240220,4.6375,1.7512,,,1.75118493,0
518880.SH,20240222,20240221,4.6367,1.7509,,,1.75088283,0
518880.SH,20240223,20240222,4.6342,1.7499,,,1.7499388,0
518880.SH,20240224,20240223,4.6193,1.7443,,,1.74431235,0
518880.SH,20240227,20240226,4.6458,1.7543,,,1.75431912,0
518880.SH,20240228,20240227,4.6528,1.757,,,1.75696242,0
518880.SH,20240229,20240228,4.6412,1.7526,,,1.7525821,0
518880.SH,20240301,20240229,4.6495,1.7557,,,1.75571629,0
518880.SH,20240302,20240301,4.6731,1.7646,,,1.76462798,0
518880.SH,20240305,20240304,4.7271,1.785,,,1.78501914,0
518880.SH,20240306,20240305,4.7996,1.8124,,,1.81239615,0
518880.SH,20240307,20240306,4.831,1.8243,,,1.82425323,0
518880.SH,20240308,20240307,4.8825,1.8437,,,1.84370036,0
518880.SH,20240309,20240308,4.8896,1.8464,,,1.84638141,0
518880.SH,20240312,20240311,4.9035,1.8516,,,1.85163025,0
518880.SH,20240313,20240312,4.8838,1.8442,,,1.84419125,0
518880.SH,20240314,20240313,4.8793,1.8425,,,1.84249199,0
518880.SH,20240315,20240314,4.8833,1.844,,,1.84400245,0
518880.SH,20240316,20240315,4.9016,1.8509,,,1.85091278,0
518880.SH,20240319,20240318,4.8644,1.8369,,,1.83686554,0
518880.SH,20240320,20240319,4.872,1.8397,,,1.83973541,0
518880.SH,20240321,20240320,4.8829,1.8438,,,1.8438514,0
518880.SH,20240322,20240321,4.9767,1.8793,,,1.87927159,0
518880.SH,20240323,20240322,4.9403,1.8655,,,1.86552644,0
518880.SH,20240326,20240325,4.9397,1.8653,,,1.86529988,0
518880.SH,20240327,20240326,4.9529,1.8703,,,1.87028438,0
518880.SH,20240328,20240327,4.9859,1.8827,,,1.88274564,0
518880.SH,20240329,20240328,5.0134,1.8931,,,1.89313003,0
518880.SH,20240330,20240329,5.0978,1.925,,,1.92500065,0
518880.SH,20240422,20240331,5.0977,1.925,,16166490705.38,1.92496289,0
518880.SH,20240402,20240401,5.1574,1.9475,,,1.94750644,0
518880.SH,20240403,20240402,5.1579,1.9477,,,1.94769525,0
518880.SH,20240404,20240403,5.1937,1.9612,,,1.96121383,0
518880.SH,20240409,20240408,5.3536,2.0216,,,2.02159431,0
518880.SH,20240410,20240409,5.367,2.0267,,,2.02665434,0
518880.SH,20240411,20240410,5.3901,2.0354,,,2.03537722,0
518880.SH,20240412,20240411,5.3537,2.0216,,,2.02163207,0
518880.SH,20240413,20240412,5.4797,2.0692,,,2.06921144,0
518880.SH,20240416,20240415,5.3974,2.0381,,,2.0381338,0
518880.SH,20240417,20240416,5.4341,2.052,,,2.05199224,0
518880.SH,20240418,20240417,5.4529,2.0591,,,2.05909138,0
518880.SH,20240419,20240418,5.4422,2.055,,,2.05505091,0
518880.SH,20240420,20240419,5.4633,2.063,,,2.06301857,0
518880.SH,20240423,20240422,5.3764,2.0302,,,2.03020391,0
518880.SH,20240424,20240423,5.2552,1.9844,,,1.98443709,0
518880.SH,20240425,20240424,5.2964,2.0,,,1.99999479,0
518880.SH,20240426,20240425,5.2943,1.9992,,,1.9992018,0
518880.SH,20240427,20240426,5.3404,2.0166,,,2.01660981,0
518880.SH,20240430,20240429,5.3025,2.0023,,,2.00229824,0
518880.SH,20240501,20240430,5.2714,1.9906,,,1.99055444,0
518880.SH,20240507,20240506,5.2547,1.9842,,,1.98424829,0
518880.SH,20240508,20240507,5.2616,1.9869,,,1.98685382,0
518880.SH,20240509,20240508,5.2551,1.9844,,,1.98439933,0
518880.SH,20240510,20240509,5.2478,1.9816,,,1.98164275,0
518880.SH,20240511,20240510,5.3719,2.0285,,,2.02850465,0
518880.SH,20240514,20240513,5.3399,2.0164,,,2.016421,0
518880.SH,20240515,20240514,5.3172,2.0078,,,2.00784916,0
518880.SH,20240516,20240515,5.3683,2.0271,,,2.02714524,0
518880.SH,20240517,20240516,5.4103,2.043,,,2.04300502,0
518880.SH,20240518,20240517,5.4207,2.0469,,,2.04693221,0
518880.SH,20240521,20240520,5.5395,2.0918,,,2.09179275,0
518880.SH,20240522,20240521,5.4929,2.0742,,,2.07419594,0
518880.SH,20240523,20240522,5.4894,2.0729,,,2.07287429,0
518880.SH,20240524,20240523,5.3748,2.0296,,,2.02959973,0
518880.SH,20240525,20240524,5.3233,2.0102,,,2.01015261,0
518880.SH,20240528,20240527,5.3248,2.0107,,,2.01071903,0
518880.SH,20240529,20240528,5.3354,2.0147,,,2.01472174,0
518880.SH,20240530,20240529,5.3648,2.0258,,,2.02582359,0
518880.SH,20240531,20240530,5.3257,2.0111,,,2.01105888,0
518880.SH,20240601,20240531,5.3438,2.0179,,,2.01789369,0
518880.SH,20240604,20240603,5.301,2.0017,,,2.00173181,0
518880.SH,20240605,20240604,5.3424,2.0174,,,2.01736503,0
518880.SH,20240606,20240605,5.311,2.0055,,,2.00550795,0
518880.SH,20240607,20240606,5.3988,2.0387,,,2.03866246,0
518880.SH,20240608,20240607,5.404,2.0406,,,2.04062606,0
518880.SH,20240612,20240611,5.2497,1.9824,,,1.98236022,0
518880.SH,20240613,20240612,5.2692,1.9897,,,1.98972369,0
518880.SH,20240614,20240613,5.2719,1.9907,,,1.99074325,0
518880.SH,20240615,20240614,5.2716,1.9906,,,1.99062996,0
518880.SH,20240618,20240617,5.282,1.9946,,,1.99455715,0
518880.SH,20240619,20240618,5.2849,1.9957,,,1.99565223,0
518880.SH,20240620,20240619,5.3081,2.0044,,,2.00441287,0
518880.SH,20240621,20240620,5.3494,2.02,,,2.02000833,0
518880.SH,20240622,20240621,5.3678,2.027,,,2.02695643,0
518880.SH,20240625,20240624,5.3071,2.004,,,2.00403526,0
518880.SH,20240626,20240625,5.3044,2.003,,,2.0030157,0
518880.SH,20240627,20240626,5.2699,1.99,,,1.98998802,0
518880.SH,20240628,20240627,5.2476,1.9816,,,1.98156723,0
518880.SH,20240629,20240628,5.3054,2.0034,,,2.00339332,0
518880.SH,20240719,20240630,5.3053,2.0034,,22922275197.61,2.00335555,1
518880.SH,20240702,20240701,5.2987,2.0009,,,2.0008633,0
518880.SH,20240703,20240702,5.3015,2.0019,,,2.00192062,0
518880.SH,20240704,20240703,5.3464,2.0189,,,2.01887549,0
518880.SH,20240705,20240704,5.3685,2.0272,,,2.02722076,0
518880.SH,20240706,20240705,5.383,2.0327,,,2.03269616,0
518880.SH,20240709,20240708,5.395,2.0372,,,2.03722753,0
518880.SH,20240710,20240709,5.3629,2.0251,,,2.02510612,0
518880.SH,20240711,20240710,5.4104,2.043,,,2.04304279,0
518880.SH,20240712,20240711,5.4193,2.0464,,,2.04640355,0
518880.SH,20240713,20240712,5.4337,2.0518,,,2.05184119,0
518880.SH,20240716,20240715,5.4373,2.0532,,,2.0532006,0
518880.SH,20240717,20240716,5.5062,2.0792,,,2.07921821,0
518880.SH,20240718,20240717,5.5693,2.103,,,2.10304565,0
518880.SH,20240719,20240718,5.571,2.1037,,,2.10368759,0
518880.SH,20240720,20240719,5.4201,2.0467,,,2.04670564,0
518880.SH,20240723,20240722,5.4334,2.0517,,,2.05172791,0
518880.SH,20240724,20240723,5.4013,2.0396,,,2.0396065,0
518880.SH,20240725,20240724,5.4625,2.0627,,,2.06271648,0
518880.SH,20240726,20240725,5.3276,2.0118,,,2.01177635,0
518880.SH,20240727,20240726,5.3573,2.023,,,2.02299148,0
518880.SH,20240730,20240729,5.3889,2.0349,,,2.03492408,0
518880.SH,20240731,20240730,5.3878,2.0345,,,2.03450871,0
518880.SH,20240801,20240731,5.4319,2.0512,,,2.05116149,0
518880.SH,20240802,20240801,5.4834,2.0706,,,2.07060861,0
518880.SH,20240803,20240802,5.508,2.0799,,,2.07989791,0
518880.SH,20240806,20240805,5.4068,2.0417,,,2.04168338,0
518880.SH,20240807,20240806,5.3448,2.0183,,,2.01827131,0
518880.SH,20240808,20240807,5.3488,2.0198,,,2.01978176,0
518880.SH,20240809,20240808,5.3532,2.0214,,,2.02144326,0
518880.SH,20240810,20240809,5.4088,2.0424,,,2.0424386,0
518880.SH,20240813,20240812,5.439,2.0538,,,2.05384255,0
518880.SH,20240814,20240813,5.4751,2.0675,,,2.06747441,0
518880.SH,20240815,20240814,5.4641,2.0633,,,2.06332066,0
518880.SH,20240816,20240815,5.4539,2.0595,,,2.05946899,0
518880.SH,20240817,20240816,5.4585,2.0612,,,2.06120602,0
518880.SH,20240820,20240819,5.5171,2.0833,,,2.0833342,0
518880.SH,20240821,20240820,5.5217,2.0851,,,2.08507122,0
518880.SH,20240822,20240821,5.5385,2.0914,,,2.09141514,0
518880.SH,20240823,20240822,5.5229,2.0855,,,2.08552436,0
518880.SH,20240824,20240823,5.5099,2.0806,,,2.08061538,0
518880.SH,20240827,20240826,5.5415,2.0925,,,2.09254798,0
518880.SH,20240828,20240827,5.5328,2.0893,,,2.08926274,0
518880.SH,20240829,20240828,5.5264,2.0868,,,2.08684601,0
518880.SH,20240830,20240829,5.5414,2.0925,,,2.09251022,0
518880.SH,20240831,20240830,5.5273,2.0872,,,2.08718586,0
518880.SH,20240903,20240902,5.5006,2.0771,,,2.07710357,0
518880.SH,20240904,20240903,5.5081,2.0799,,,2.07993567,0
518880.SH,20240905,20240904,5.47,2.0655,,,2.06554858,0
518880.SH,20240906,20240905,5.5108,2.081,,,2.08095523,0
518880.SH,20240907,20240906,5.5209,2.0848,,,2.08476913,0
518880.SH,20240910,20240909,5.4958,2.0753,,,2.07529102,0
518880.SH,20240911,20240910,5.5195,2.0842,,,2.08424047,0
518880.SH,20240912,20240911,5.5484,2.0952,,,2.09515352,0
518880.SH,20240913,20240912,5.5412,2.0924,,,2.0924347,0
518880.SH,20240914,20240913,5.6138,2.1198,,,2.11984947,0
518880.SH,20240919,20240918,5.6081,2.1177,,,2.11769707,0
518880.SH,20240920,20240919,5.6182,2.1215,,,2.12151097,0
518880.SH,20240921,20240920,5.6686,2.1405,,,2.14054272,0
518880.SH,20240924,20240923,5.706,2.1547,,,2.15466548,0
518880.SH,20240925,20240924,5.704,2.1539,,,2.15391026,0
518880.SH,20240926,20240925,5.7389,2.1671,,,2.16708898,0
518880.SH,20240927,20240926,5.7531,2.1724,,,2.1724511,0
518880.SH,20240928,20240927,5.7532,2.1725,,,2.17248886,0
518880.SH,20241025,20240930,5.7344,2.1654,,23592863252.18,2.16538972,1
518880.SH,20241009,20241008,5.7161,2.1585,,,2.15847939,0
518880.SH,20241010,20241009,5.6699,2.141,,,2.14103362,0
518880.SH,20241011,20241010,5.6915,2.1492,,,2.14919008,0
518880.SH,20241012,20241011,5.7531,2.1724,,,2.1724511,0
518880.SH,20241015,20241014,5.7867,2.1851,,,2.18513893,0
518880.SH,20241016,20241015,5.81,2.1939,,,2.19393734,0
518880.SH,20241017,20241016,5.8744,2.2183,,,2.21825568,0
518880.SH,20241018,20241017,5.9004,2.2281,,,2.22807365,0
518880.SH,20241019,20241018,5.9406,2.2433,,,2.24325373,0
518880.SH,20241022,20241021,6.0098,2.2694,,,2.26938462,0
518880.SH,20241023,20241022,6.0188,2.2728,,,2.27278314,0
518880.SH,20241024,20241023,6.0542,2.2861,,,2.28615068,0
518880.SH,20241025,20241024,5.9995,2.2655,,,2.26549519,0
518880.SH,20241026,20241025,5.9845,2.2598,,,2.25983098,0
518880.SH,20241029,20241028,6.0145,2.2712,,,2.2711594,0
518880.SH,20241030,20241029,6.0611,2.2888,,,2.28875622,0
518880.SH,20241031,20241030,6.1308,2.3151,,,2.31507591,0
518880.SH,20241101,20241031,6.1043,2.3051,,,2.30506914,0
518880.SH,20241102,20241101,6.0432,2.282,,,2.28199692,0
518880.SH,20241105,20241104,6.0025,2.2666,,,2.26662804,0
518880.SH,20241106,20241105,6.0052,2.2676,,,2.26764759,0
518880.SH,20241107,20241106,6.0139,2.2709,,,2.27093283,0
518880.SH,20241108,20241107,5.8726,2.2176,,,2.21757598,0
518880.SH,20241109,20241108,5.8999,2.2279,,,2.22788484,0
518880.SH,20241112,20241111,5.9039,2.2294,,,2.22939529,0
518880.SH,20241113,20241112,5.8032,2.1914,,,2.19136956,0
518880.SH,20241114,20241113,5.8053,2.1922,,,2.19216255,0
518880.SH,20241115,20241114,5.6902,2.1487,,,2.14869918,0
518880.SH,20241116,20241115,5.6981,2.1517,,,2.15168233,0
518880.SH,20241119,20241118,5.7638,2.1765,,,2.17649157,0
518880.SH,20241120,20241119,5.8451,2.2072,,,2.20719159,0
518880.SH,20241121,20241120,5.852,2.2098,,,2.20979713,0
518880.SH,20241122,20241121,5.9327,2.2403,,,2.24027058,0
518880.SH,20241123,20241122,6.0047,2.2675,,,2.26745879,0
518880.SH,20241126,20241125,5.9331,2.2404,,,2.24042162,0
518880.SH,20241127,20241126,5.8415,2.2058,,,2.20583218,0
518880.SH,20241128,20241127,5.9066,2.2304,,,2.23041485,0
518880.SH,20241129,20241128,5.887,2.223,,,2.22301362,0
518880.SH,20241130,20241129,5.9168,2.2343,,,2.23426652,0
518880.SH,20241203,20241202,5.9001,2.228,,,2.22796036,0
518880.SH,20241204,20241203,5.9341,2.2408,,,2.24079924,0
518880.SH,20241205,20241204,5.9258,2.2377,,,2.23766504,0
518880.SH,20241206,20241205,5.9271,2.2382,,,2.23815594,0
518880.SH,20241207,20241206,5.9086,2.2312,,,2.23117008,0
518880.SH,20241210,20241209,5.9387,2.2425,,,2.24253626,0
518880.SH,20241211,20241210,5.9615,2.2511,,,2.25114586,0
518880.SH,20241212,20241211,6.0109,2.2698,,,2.26979999,0
518880.SH,20241213,20241212,6.0496,2.2844,,,2.28441365,0
518880.SH,20241214,20241213,5.9882,2.2612,,,2.26122815,0
518880.SH,20241217,20241216,5.9485,2.2462,,,2.24623688,0
518880.SH,20241218,20241217,5.9472,2.2457,,,2.24574598,0
518880.SH,20241219,20241218,5.9306,2.2395,,,2.23947759,0
518880.SH,20241220,20241219,5.9114,2.2322,,,2.2322274,0
518880.SH,20241221,20241220,5.8854,2.2224,,,2.22240944,0
518880.SH,20241224,20241223,5.9483,2.2462,,,2.24616136,0
518880.SH,20241225,20241224,5.9284,2.2386,,,2.23864684,0
518880.SH,20241226,20241225,5.9325,2.2402,,,2.24019506,0
518880.SH,20241227,20241226,5.9445,2.2447,,,2.24472642,0
518880.SH,20241228,20241227,5.949,2.2464,,,2.24642569,0
518880.SH,20241231,20241230,5.929,2.2389,,,2.23887341,0
518880.SH,20250122,20241231,5.9127,2.2327,,28675605584.26,2.2327183,1
518880.SH,20250103,20250102,5.9815,2.2587,,,2.25869814,0
518880.SH,20250104,20250103,6.0283,2.2764,,,2.27637048,0
518880.SH,20250107,20250106,6.0035,2.267,,,2.26700565,0
518880.SH,20250108,20250107,6.0099,2.2694,,,2.26942238,0
518880.SH,20250109,20250108,6.0418,2.2815,,,2.28146827,0
518880.SH,20250110,20250109,6.0611,2.2888,,,2.28875622,0
518880.SH,20250111,20250110,6.0941,2.3012,,,2.30121748,0
518880.SH,20250114,20250113,6.1234,2.3123,,,2.31228157,0
518880.SH,20250115,20250114,6.0805,2.2961,,,2.29608193,0
518880.SH,20250116,20250115,6.1001,2.3035,,,2.30348316,0
518880.SH,20250117,20250116,6.1245,2.3127,,,2.31269694,0
518880.SH,20250118,20250117,6.1302,2.3148,,,2.31484934,0
518880.SH,20250121,20250120,6.1281,2.3141,,,2.31405635,0
518880.SH,20250122,20250121,6.1424,2.3195,,,2.31945623,0
518880.SH,20250123,20250122,6.1855,2.3357,,,2.3357314,0
518880.SH,20250124,20250123,6.1908,2.3377,,,2.33773275,0
518880.SH,20250125,20250124,6.2045,2.3429,,,2.34290606,0
518880.SH,20250128,20250127,6.1816,2.3343,,,2.3342587,0
518880.SH,20250206,20250205,6.4182,2.4236,,,2.42360217,0
518880.SH,20250207,20250206,6.4135,2.4218,,,2.42182739,0
518880.SH,20250208,20250207,6.4288,2.4276,,,2.42760488,0
518880.SH,20250211,20250210,6.5306,2.466,,,2.46604599,0
518880.SH,20250212,20250211,6.5686,2.4804,,,2.48039532,0
518880.SH,20250213,20250212,6.536,2.4681,,,2.4680851,0
518880.SH,20250214,20250213,6.571,2.4813,,,2.48130159,0
518880.SH,20250215,20250214,6.5971,2.4912,,,2.49115732,0
518880.SH,20250218,20250217,6.4981,2.4538,,,2.45377353,0
518880.SH,20250219,20250218,6.5607,2.4774,,,2.47741217,0
518880.SH,20250220,20250219,6.5994,2.492,,,2.49202583,0
518880.SH,20250221,20250220,6.621,2.5002,,,2.50018229,0
518880.SH,20250222,20250221,6.5662,2.4795,,,2.47948905,0
518880.SH,20250225,20250224,6.586,2.487,,,2.4869658,0
518880.SH,20250226,20250225,6.5818,2.4854,,,2.48537983,0
518880.SH,20250227,20250226,6.5256,2.4642,,,2.46415792,0
518880.SH,20250228,20250227,6.4984,2.4539,,,2.45388682,0
518880.SH,20250301,20250228,6.4438,2.4333,,,2.43326909,0
518880.SH,20250304,20250303,6.452,2.4364,,,2.43636553,0
518880.SH,20250305,20250304,6.5288,2.4654,,,2.46536628,0
518880.SH,20250306,20250305,6.5465,2.472,,,2.47205005,0
518880.SH,20250307,20250306,6.5278,2.465,,,2.46498867,0
518880.SH,20250308,20250307,6.5255,2.4641,,,2.46412016,0
518880.SH,20250311,20250310,6.5493,2.4731,,,2.47310737,0
518880.SH,20250312,20250311,6.4993,2.4542,,,2.45422667,0
518880.SH,20250313,20250312,6.525,2.4639,,,2.46393135,0
518880.SH,20250314,20250313,6.5668,2.4797,,,2.47971562,0
518880.SH,20250315,20250314,6.6532,2.5123,,,2.51234146,0
518880.SH,20250318,20250317,6.6776,2.5216,,,2.52155525,0
518880.SH,20250319,20250318,6.7289,2.5409,,,2.54092684,0
518880.SH,20250320,20250319,6.7946,2.5657,,,2.56573608,0
518880.SH,20250321,20250320,6.8093,2.5713,,,2.57128701,0
518880.SH,20250322,20250321,6.7841,2.5618,,,2.56177114,0
518880.SH,20250325,20250324,6.7776,2.5593,,,2.55931665,0
518880.SH,20250326,20250325,6.765,2.5546,,,2.55455871,0
518880.SH,20250327,20250326,6.7952,2.566,,,2.56596265,0
518880.SH,20250328,20250327,6.8089,2.5711,,,2.57113596,0
518880.SH,20250329,20250328,6.9223,2.614,,,2.61395739,0
518880.SH,20250422,20250331,7.0151,2.649,,41596539562.74,2.64899997,1
518880.SH,20250402,20250401,7.0639,2.6674,,,2.66742753,0
518880.SH,20250403,20250402,7.0324,2.6555,,,2.65553269,0
518880.SH,20250404,20250403,7.0914,2.6778,,,2.67781192,0
518880.SH,20250408,20250407,6.8615,2.591,,,2.59099846,0
518880.SH,20250409,20250408,6.8873,2.6007,,,2.6007409,0
518880.SH,20250410,20250409,6.994,2.641,,,2.64103232,0
518880.SH,20250411,20250410,7.1149,2.6867,,,2.68668585,0
518880.SH,20250412,20250411,7.2666,2.744,,,2.74396989,0
518880.SH,20250415,20250414,7.3165,2.7628,,,2.76281283,0
518880.SH,20250416,20250415,7.3213,2.7646,,,2.76462538,0
518880.SH,20250417,20250416,7.5003,2.8322,,,2.83221828,0
518880.SH,20250418,20250417,7.5437,2.8486,,,2.84860673,0
518880.SH,20250419,20250418,7.5685,2.858,,,2.85797156,0
518880.SH,20250422,20250421,7.7163,2.9138,,,2.91378291,0
518880.SH,20250423,20250422,7.9238,2.9921,,,2.99213781,0
518880.SH,20250424,20250423,7.553,2.8521,,,2.85211854,0
518880.SH,20250425,20250424,7.6049,2.8717,,,2.87171671,0
518880.SH,20250426,20250425,7.5394,2.847,,,2.84698299,0
518880.SH,20250429,20250428,7.4695,2.8206,,,2.82058777,0
518880.SH,20250430,20250429,7.4858,2.8267,,,2.82674288,0
518880.SH,20250501,20250430,7.4864,2.827,,,2.82696945,0
518880.SH,20250507,20250506,7.6008,2.8702,,,2.87016849,0
518880.SH,20250508,20250507,7.6612,2.893,,,2.89297638,0
518880.SH,20250509,20250508,7.5469,2.8498,,,2.8498151,0
518880.SH,20250510,20250509,7.5352,2.8454,,,2.84539701,0
518880.SH,20250513,20250512,7.2835,2.7503,,,2.75035157,0
518880.SH,20250514,20250513,7.3273,2.7669,,,2.76689106,0
518880.SH,20250515,20250514,7.2758,2.7474,,,2.74744394,0
518880.SH,20250516,20250515,7.0595,2.6658,,,2.66576603,0
518880.SH,20250517,20250516,7.1608,2.704,,,2.70401833,0
518880.SH,20250520,20250519,7.237,2.7328,,,2.73279252,0
518880.SH,20250521,20250520,7.2276,2.7292,,,2.72924295,0
518880.SH,20250522,20250521,7.422,2.8026,,,2.80265111,0
518880.SH,20250523,20250522,7.466,2.8193,,,2.81926612,0
518880.SH,20250524,20250523,7.4457,2.8116,,,2.81160056,0
518880.SH,20250527,20250526,7.4223,2.8028,,,2.80276439,0
518880.SH,20250528,20250527,7.3727,2.784,,,2.78403474,0
518880.SH,20250529,20250528,7.3818,2.7875,,,2.78747103,0
518880.SH,20250530,20250529,7.3171,2.763,,,2.7630394,0
518880.SH,20250531,20250530,7.373,2.7841,,,2.78414802,0
518880.SH,20250604,20250603,7.4668,2.8196,,,2.81956822,0
518880.SH,20250605,20250604,7.4749,2.8226,,,2.82262689,0
518880.SH,20250606,20250605,7.4918,2.829,,,2.82900857,0
518880.SH,20250607,20250606,7.4791,2.8242,,,2.82421287,0
518880.SH,20250610,20250609,7.4055,2.7964,,,2.79642048,0
518880.SH,20250611,20250610,7.4089,2.7977,,,2.79770436,0
518880.SH,20250612,20250611,7.4284,2.8051,,,2.80506784,0
518880.SH,20250613,20250612,7.4845,2.8262,,,2.82625198,0
518880.SH,20250614,20250613,7.5946,2.8678,,,2.86782728,0
518880.SH,20250617,20250616,7.5576,2.8539,,,2.85385557,0
518880.SH,20250618,20250617,7.5092,2.8356,,,2.83557905,0
518880.SH,20250619,20250618,7.4963,2.8307,,,2.83070783,0
518880.SH,20250620,20250619,7.4538,2.8147,,,2.81465923,0
518880.SH,20250621,20250620,7.4533,2.8145,,,2.81447043,0
518880.SH,20250624,20250623,7.4586,2.8165,,,2.81647178,0
518880.SH,20250625,20250624,7.3714,2.7835,,,2.78354384,0
518880.SH,20250626,20250625,7.3957,2.7927,,,2.79271986,0
518880.SH,20250627,20250626,7.4162,2.8005,,,2.80046095,0
518880.SH,20250628,20250627,7.3172,2.7631,,,2.76307716,0
518880.SH,20250721,20250630,7.3274,2.7669,,59822908275.91,2.76692882,1
518880.SH,20250702,20250701,7.4083,2.7975,,,2.7974778,0
518880.SH,20250703,20250702,7.3876,2.7897,,,2.78966119,0
518880.SH,20250704,20250703,7.4395,2.8093,,,2.80925935,0
518880.SH,20250705,20250704,7.3987,2.7938,,,2.7938527,0
518880.SH,20250708,20250707,7.3587,2.7787,,,2.77874814,0
518880.SH,20250709,20250708,7.3943,2.7922,,,2.7921912,0
518880.SH,20250710,20250709,7.3166,2.7628,,,2.76285059,0
518880.SH,20250711,20250710,7.3773,2.7858,,,2.78577176,0
518880.SH,20250712,20250711,7.3765,2.7855,,,2.78546967,0
518880.SH,20250715,20250714,7.4502,2.8133,,,2.81329982,0
518880.SH,20250716,20250715,7.437,2.8083,,,2.80831532,0
518880.SH,20250717,20250716,7.4022,2.7952,,,2.79517435,0
518880.SH,20250718,20250717,7.3879,2.7898,,,2.78977447,0
518880.SH,20250719,20250718,7.4125,2.7991,,,2.79906378,0
518880.SH,20250722,20250721,7.449,2.8128,,,2.81284669,0
518880.SH,20250723,20250722,7.4778,2.8237,,,2.82372197,0
518880.SH,20250724,20250723,7.5557,2.8531,,,2.8531381,0
518880.SH,20250725,20250724,7.4296,2.8055,,,2.80552097,0
518880.SH,20250726,20250725,7.4182,2.8012,,,2.80121617,0
518880.SH,20250729,20250728,7.3948,2.7924,,,2.79238001,0
518880.SH,20250730,20250729,7.3554,2.7775,,,2.77750202,0
518880.SH,20250731,20250730,7.3743,2.7846,,,2.78463892,0
518880.SH,20250801,20250731,7.3519,2.7762,,,2.77618037,0
518880.SH,20250802,20250801,7.3512,2.7759,,,2.77591604,0
518880.SH,20250805,20250804,7.4344,2.8073,,,2.80733352,0
518880.SH,20250806,20250805,7.4711,2.8212,,,2.82119196,0
518880.SH,20250807,20250806,7.4642,2.8186,,,2.81858642,0
518880.SH,20250808,20250807,7.4921,2.8291,,,2.82912185,0
518880.SH,20250809,20250808,7.5026,2.8331,,,2.8330868,0
518880.SH,20250812,20250811,7.4293,2.8054,,,2.80540769,0
518880.SH,20250813,20250812,7.4093,2.7979,,,2.79785541,0
518880.SH,20250814,20250813,7.4233,2.8031,,,2.80314201,0
518880.SH,20250815,20250814,7.4242,2.8035,,,2.80348186,0
518880.SH,20250816,20250815,7.4096,2.798,,,2.79796869,0
518880.SH,20250819,20250818,7.418,2.8011,,,2.80114065,0
518880.SH,20250820,20250819,7.4044,2.796,,,2.7960051,0
518880.SH,20250821,20250820,7.3774,2.7858,,,2.78580952,0
518880.SH,20250822,20250821,7.3942,2.7922,,,2.79215344,0
518880.SH,20250823,20250822,7.3928,2.7916,,,2.79162478,0
518880.SH,20250826,20250825,7.4303,2.8058,,,2.8057853,0
518880.SH,20250827,20250826,7.4421,2.8102,,,2.81024115,0
518880.SH,20250828,20250827,7.4513,2.8137,,,2.8137152,0
518880.SH,20250829,20250828,7.4682,2.8201,,,2.82009687,0
518880.SH,20250830,20250829,7.4858,2.8267,,,2.82674288,0
518880.SH,20250902,20250901,7.6091,2.8733,,,2.87330269,0
518880.SH,20250903,20250902,7.6597,2.8924,,,2.89240996,0
518880.SH,20250904,20250903,7.7461,2.925,,,2.92503581,0
518880.SH,20250905,20250904,7.7479,2.9257,,,2.92571551,0
518880.SH,20250906,20250905,7.7698,2.934,,,2.93398526,0
518880.SH,20250909,20250908,7.8621,2.9688,,,2.96883903,0
518880.SH,20250910,20250909,7.9653,3.0078,,,3.00780879,0
518880.SH,20250911,20250910,7.9437,2.9996,,,2.99965233,0
518880.SH,20250912,20250911,7.9128,2.988,,,2.98798406,0
518880.SH,20250913,20250912,7.9498,3.002,,,3.00195578,0
518880.SH,20250916,20250915,7.9284,2.9939,,,2.99387484,0
518880.SH,20250917,20250916,8.0289,3.0318,,,3.03182504,0
518880.SH,20250918,20250917,7.9631,3.007,,,3.00697804,0
518880.SH,20250919,20250918,7.8934,2.9807,,,2.98065835,0
518880.SH,20250920,20250919,7.9135,2.9882,,,2.98824839,0
518880.SH,20250923,20250922,8.0354,3.0343,,,3.03427954,0
518880.SH,20250924,20250923,8.1421,3.0746,,,3.07457095,0
518880.SH,20250925,20250924,8.1992,3.0961,,,3.09613271,0
518880.SH,20250926,20250925,8.1521,3.0783,,,3.07834709,0
518880.SH,20250927,20250926,8.164,3.0828,,,3.0828407,0
518880.SH,20250930,20250929,8.2581,3.1184,,,3.11837417,0
518880.SH,20251028,20250930,8.3439,3.1508,,68263611103.52,3.15077345,1
518880.SH,20251010,20251009,8.722,3.2935,,,3.29354931,0
518880.SH,20251011,20251010,8.5894,3.2435,,,3.24347769,0
518880.SH,20251014,20251013,8.8669,3.3483,,,3.34826558,0
518880.SH,20251015,20251014,9.0011,3.3989,,,3.39894138,0
518880.SH,20251016,20251015,9.1758,3.4649,,,3.46491054,0
518880.SH,20251017,20251016,9.2629,3.4978,,,3.49780072,0
518880.SH,20251018,20251017,9.5404,3.6026,,,3.60258861,0
518880.SH,20251021,20251020,9.3213,3.5198,,,3.51985338,0
518880.SH,20251022,20251021,9.444,3.5662,,,3.56618662,0
518880.SH,20251023,20251022,9.0771,3.4276,,,3.42764004,0
518880.SH,20251024,20251023,9.0041,3.4001,,,3.40007422,0
518880.SH,20251025,20251024,8.9504,3.3798,,,3.37979635,0
518880.SH,20251028,20251027,8.9039,3.3622,,,3.36223729,0
518880.SH,20251029,20251028,8.5774,3.2389,,,3.23894632,0
518880.SH,20251030,20251029,8.7325,3.2975,,,3.29751426,0
518880.SH,20251031,20251030,8.675,3.2758,,,3.27580145,0
518880.SH,20251101,20251031,8.8145,3.3285,,,3.3284786,0
518880.SH,20251104,20251103,8.7998,3.3229,,,3.32292768,0
518880.SH,20251105,20251104,8.7661,3.3102,,,3.31020209,0
518880.SH,20251106,20251105,8.7038,3.2867,,,3.28667673,0
518880.SH,20251107,20251106,8.78,3.3154,,,3.31545092,0
518880.SH,20251108,20251107,8.7803,3.3156,,,3.3155642,0
518880.SH,20251111,20251110,8.9401,3.3759,,,3.37590692,0
518880.SH,20251112,20251111,9.0549,3.4193,,,3.41925701,0
518880.SH,20251113,20251112,9.0361,3.4122,,,3.41215787,0
518880.SH,20251114,20251113,9.1725,3.4637,,,3.46366442,0
518880.SH,20251115,20251114,9.0665,3.4236,,,3.42363733,0
518880.SH,20251118,20251117,8.9068,3.3633,,,3.36333238,0
518880.SH,20251119,20251118,8.7685,3.3111,,,3.31110836,0
518880.SH,20251120,20251119,8.9437,3.3773,,,3.37726633,0
518880.SH,20251121,20251120,8.8924,3.3579,,,3.35789473,0
518880.SH,20251122,20251121,8.8395,3.3379,,,3.33791895,0
518880.SH,20251125,20251124,8.8539,3.3434,,,3.34335659,0
518880.SH,20251126,20251125,9.0021,3.3993,,,3.39931899,0
518880.SH,20251127,20251126,8.9984,3.3979,,,3.39792182,0
518880.SH,20251128,20251127,9.0251,3.408,,,3.40800411,0
518880.SH,20251129,20251128,9.0649,3.423,,,3.42303315,0
518880.SH,20251202,20251201,9.1631,3.4601,,,3.46011484,0
518880.SH,20251203,20251202,9.1289,3.4472,,,3.44720044,0
518880.SH,20251204,20251203,9.0827,3.4298,,,3.42975468,0
518880.SH,20251205,20251204,9.0754,3.427,,,3.4269981,0
518880.SH,20251206,20251205,9.1437,3.4528,,,3.45278913,0
518880.SH,20251209,20251208,9.1204,3.444,,,3.44399073,0
518880.SH,20251210,20251209,9.0537,3.4188,,,3.41880387,0
518880.SH,20251211,20251210,9.0897,3.4324,,,3.43239798,0
518880.SH,20251212,20251211,9.1037,3.4377,,,3.43768457,0
518880.SH,20251213,20251212,9.2167,3.4804,,,3.48035495,0
518880.SH,20251216,20251215,9.3363,3.5255,,,3.52551759,0
518880.SH,20251217,20251216,9.2224,3.4825,,,3.48250735,0
518880.SH,20251218,20251217,9.2968,3.5106,,,3.51060184,0
518880.SH,20251219,20251218,9.3237,3.5208,,,3.52075965,0
518880.SH,20251220,20251219,9.3232,3.5206,,,3.52057084,0
518880.SH,20251223,20251222,9.4876,3.5826,,,3.58265059,0
518880.SH,20251224,20251223,9.6222,3.6335,,,3.63347743,0
518880.SH,20251225,20251224,9.63,3.6364,,,3.63642282,0
518880.SH,20251226,20251225,9.5845,3.6192,,,3.61924138,0
518880.SH,20251227,20251226,9.6229,3.6337,,,3.63374176,0
518880.SH,20251230,20251229,9.5938,3.6227,,,3.62275319,0
518880.SH,20251231,20251230,9.3824,3.5429,,,3.54292559,0
518880.SH,20260122,20251231,9.3153,3.5176,,93984811203.24,3.51758769,1
518880.SH,20260106,20260105,9.4928,3.5846,,,3.58461418,0
518880.SH,20260107,20260106,9.5829,3.6186,,,3.6186372,0
518880.SH,20260108,20260107,9.551,3.6066,,,3.60659131,0
518880.SH,20260109,20260108,9.5177,3.594,,,3.59401677,0
518880.SH,20260110,20260109,9.5869,3.6201,,,3.62014766,0
518880.SH,20260113,20260112,9.7796,3.6929,,,3.69291387,0
518880.SH,20260114,20260113,9.7921,3.6976,,,3.69763405,0
518880.SH,20260115,20260114,9.9157,3.7443,,,3.74430714,0
518880.SH,20260116,20260115,9.88,3.7308,,,3.73082632,0
518880.SH,20260117,20260116,9.8642,3.7249,,,3.72486002,0
518880.SH,20260120,20260119,9.9887,3.7719,,,3.77187296,0
518880.SH,20260121,20260120,10.0908,3.8104,,,3.81042735,0
518880.SH,20260122,20260121,10.3903,3.9235,,,3.92352274,0
518880.SH,20260123,20260122,10.3509,3.9086,,,3.90864475,0
518880.SH,20260124,20260123,10.6045,4.0044,,,4.00440766,0
518880.SH,20260127,20260126,10.9301,4.1274,,,4.12735878,0
518880.SH,20260128,20260127,10.9271,4.1262,,,4.12622594,0
518880.SH,20260129,20260128,11.3162,4.2732,,,4.27315555,0
518880.SH,20260130,20260129,11.8713,4.4828,,,4.48276908,0
518880.SH,20260131,20260130,11.1167,4.1978,,,4.19782155,0
518880.SH,20260203,20260202,9.8372,3.7147,,,3.71466444,0
518880.SH,20260204,20260203,10.4832,3.9586,,,3.95860308,0
518880.SH,20260205,20260204,10.8878,4.1114,,,4.11138571,0
518880.SH,20260206,20260205,10.5557,3.986,,,3.9859801,0
518880.SH,20260207,20260206,10.4441,3.9438,,,3.94383838,0
518880.SH,20260210,20260209,10.6557,4.0237,,,4.0237415,0
518880.SH,20260211,20260210,10.6621,4.0262,,,4.02615823,0
518880.SH,20260212,20260211,10.7222,4.0488,,,4.04885283,0
518880.SH,20260213,20260212,10.7173,4.047,,,4.04700252,0
518880.SH,20260214,20260213,10.5872,3.9979,,,3.99787494,0
518880.SH,20260225,20260224,10.9551,4.1368,,,4.13679913,0
518880.SH,20260226,20260225,10.9353,4.1293,,,4.12932237,0
518880.SH,20260227,20260226,10.9244,4.1252,,,4.12520638,0
518880.SH,20260228,20260227,10.9095,4.1196,,,4.11957993,0
518880.SH,20260303,20260302,11.4475,4.3227,,,4.32273627,0
518880.SH,20260304,20260303,11.2816,4.2601,,,4.2600901,0
518880.SH,20260305,20260304,11.006,4.156,,,4.15601968,0
518880.SH,20260306,20260305,10.9718,4.1431,,,4.14310529,0
518880.SH,20260307,20260306,10.8735,4.106,,,4.10598583,0
518880.SH,20260310,20260309,10.8829,4.1095,,,4.1095354,0
518880.SH,20260311,20260310,10.9249,4.1254,,,4.12539519,0
518880.SH,20260312,20260311,10.9786,4.1457,,,4.14567306,0
518880.SH,20260313,20260312,10.9404,4.1312,,,4.13124821,0
518880.SH,20260314,20260313,10.7938,4.0759,,,4.07588999,0
518880.SH,20260317,20260316,10.6359,4.0163,,,4.01626474,0
518880.SH,20260318,20260317,10.6485,4.021,,,4.02102268,0
518880.SH,20260319,20260318,10.6094,4.0063,,,4.00625797,0
518880.SH,20260320,20260319,10.1242,3.823,,,3.82303966,0
518880.SH,20260321,20260320,9.9383,3.7528,,,3.75284122,0
518880.SH,20260324,20260323,8.8241,3.3321,,,3.3321037,0
518880.SH,20260325,20260324,9.346,3.5292,,,3.52918044,0
518880.SH,20260326,20260325,9.6879,3.6583,,,3.65828667,0
518880.SH,20260327,20260326,9.4584,3.5716,,,3.57162426,0
518880.SH,20260328,20260327,9.482,3.5805,,,3.58053595,0
518880.SH,20260331,20260330,9.6231,3.6338,,,3.63381728,0
518880.SH,20260422,20260331,9.72,3.6704,,113815514176.68,3.67040808,1
518880.SH,20260402,20260401,9.9962,3.7747,,,3.77470507,0
518880.SH,20260403,20260402,9.8018,3.7013,,,3.70129691,0
518880.SH,20260404,20260403,9.8674,3.7261,,,3.72606838,0
518880.SH,20260408,20260407,9.8057,3.7028,,,3.7027696,0
518880.SH,20260409,20260408,10.1097,3.8176,,,3.81756426,0
518880.SH,20260410,20260409,9.8818,3.7315,,,3.73150603,0
518880.SH,20260411,20260410,9.9886,3.7718,,,3.7718352,0
518880.SH,20260414,20260413,9.941,3.7539,,,3.75386077,0
518880.SH,20260415,20260414,9.9986,3.7756,,,3.77561134,0
518880.SH,20260416,20260415,10.0638,3.8002,,,3.80023177,0
518880.SH,20260417,20260416,10.0938,3.8116,,,3.81156019,0
518880.SH,20260418,20260417,10.0425,3.7922,,,3.7921886,0
518880.SH,20260421,20260420,10.0514,3.7955,,,3.79554936,0
518880.SH,20260422,20260421,10.0178,3.7829,,,3.78286153,0
518880.SH,20260423,20260422,10.0045,3.7778,,,3.77783926,0
518880.SH,20260424,20260423,9.8937,3.736,,,3.73599963,0
518880.SH,20260425,20260424,9.8527,3.7205,,,3.72051746,0
518880.SH,20260428,20260427,9.89,3.7346,,,3.73460246,0
518880.SH,20260429,20260428,9.7328,3.6752,,,3.67524154,0
518880.SH,20260430,20260429,9.6291,3.6361,,,3.63608297,0
518880.SH,20260501,20260430,9.6641,3.6493,,,3.64929946,0
518880.SH,20260507,20260506,9.7904,3.697,,,3.69699211,0
518880.SH,20260508,20260507,9.9046,3.7401,,,3.74011562,0
518880.SH,20260509,20260508,9.8386,3.7152,,,3.7151931,0
518880.SH,20260512,20260511,9.7791,3.6927,,,3.69272507,0
518880.SH,20260513,20260512,9.8047,3.7024,,,3.70239199,0
518880.SH,20260514,20260513,9.8184,3.7076,,,3.7075653,0
518880.SH,20260515,20260514,9.8058,3.7028,,,3.70280736,0
518880.SH,20260516,20260515,9.5898,3.6212,,,3.62124274,0
518880.SH,20260519,20260518,9.5289,3.5982,,,3.59824604,0
518880.SH,20260520,20260519,9.5128,3.5922,,,3.59216646,0
518880.SH,20260521,20260520,9.3885,3.5452,,,3.54522904,0
518880.SH,20260522,20260521,9.4497,3.5683,,,3.56833902,0
518880.SH,20260523,20260522,9.456,3.5707,,,3.57071798,0
518880.SH,20260526,20260525,9.5019,3.588,,,3.58805047,0
518880.SH,20260527,20260526,9.4539,3.5699,,,3.56992499,0
518880.SH,20260528,20260527,9.3638,3.5359,,,3.53590197,0
518880.SH,20260529,20260528,9.1664,3.4614,,,3.46136097,0
518880.SH,20260530,20260529,9.3866,3.5445,,,3.54451157,0
518880.SH,20260602,20260601,9.3449,3.5288,,,3.52876507,0
518880.SH,20260602,20260602,9.4095,3.5532,,,3.553155,0
518880.SH,20260603,20260603,9.2702,3.5006,,,3.500553,0
518880.SH,20260604,20260604,9.2862,3.5066,,,3.506595,0
518880.SH,20260605,20260605,9.2851,3.5062,,,3.50618,0
518880.SH,20260608,20260608,8.9668,3.386,,,3.385985,0
518880.SH,20260609,20260609,9.0043,3.4001,,,3.400146,0
518880.SH,20260610,20260610,8.7246,3.2945,,,3.294527,0
518880.SH,20260611,20260611,8.5375,3.2239,,,3.223876,0
518880.SH,20260612,20260612,8.6466,3.2651,,,3.265073,0
518880.SH,20260615,20260615,8.9319,3.3728,,,3.372807,0
518880.SH,20260616,20260616,8.9603,3.3835,,,3.383531,0
518880.SH,20260617,20260617,8.9478,3.3788,,,3.378811,0
518880.SH,20260618,20260618,8.9161,3.3668,,,3.36684,0
518880.SH,20260622,20260622,8.7105,3.2892,,,3.289203,0
518880.SH,20260623,20260623,8.5637,3.2338,,,3.233769,0
518880.SH,20260624,20260624,8.5201,3.2173,,,3.217305,0
518880.SH,20260625,20260625,8.3345,3.1472,,,3.14722,0
518880.SH,20260626,20260626,8.4175,3.1786,,,3.178562,0
518880.SH,20260629,20260629,8.4463,3.1894,,,3.189437,0
518880.SH,20260630,20260630,8.3724,3.1615,,,3.161532,0
518880.SH,20260701,20260701,8.2753,3.1249,,,3.124865,0
518880.SH,20260702,20260702,8.4484,3.1902,,,3.19023,0
518880.SH,20260703,20260703,8.6764,3.2763,,,3.276326,0
518880.SH,20260706,20260706,8.6456,3.2647,,,3.264696,0
518880.SH,20260707,20260707,8.5959,3.2459,,,3.245928,0
518880.SH,20260708,20260708,8.5815,3.2405,,,3.240491,0
518880.SH,20260709,20260709,8.5593,3.2321,,,3.232108,0
518880.SH,20260710,20260710,8.5448,3.2266,,,3.226632,0
518880.SH,20260713,20260713,8.4416,3.1877,,,3.187663,0
518880.SH,20260714,20260714,8.3788,3.1639,,,3.163948,0
518880.SH,20260715,20260715,8.3608,3.1572,,,3.157151,0
518880.SH,20260716,20260716,8.3541,3.1546,,,3.154621,0
518880.SH,20260717,20260717,8.3077,3.1371,,,3.1371,0
518880.SH,20260720,20260720,8.3123,3.1388,,,3.138837,0
518880.SH,20260721,20260721,8.4449,3.1889,,,3.188909,0
518880.SH,20260722,20260722,8.5596,3.2322,,,3.232221,0
518880.SH,20260723,20260723,8.528,3.2203,,,3.220288,0
518880.SH,20260724,20260724,8.4129,3.1768,,,3.176825,0
518880.SH,20260727,20260727,8.5107,3.2138,,,3.213756,0
518880.SH,20260728,20260728,8.4088,3.1753,,,3.175277,0
518880.SH,20260729,20260729,8.3962,3.1705,,,3.170519,0
518880.SH,20260730,20260730,8.3839,3.1659,,,3.165874,0
