ts_code,ann_date,nav_date,unit_nav,accum_nav,accum_div,net_asset,adj_nav,update_flag
159941.SZ,20150611,20150610,1.0,1.0,,263052541.0,1.0,0
159941.SZ,20150616,20150612,1.0,1.0,,263053956.69,1.0,0
159941.SZ,20150624,20150619,0.9995,0.9995,,262917965.78,0.9995,0
159941.SZ,20150630,20150626,0.9953,0.9953,,261805986.38,0.9953,0
159941.SZ,20150702,20150630,0.9914,0.9914,,260780396.58,0.9914,0
159941.SZ,20150707,20150703,0.993,0.993,,261221669.0,0.993,0
159941.SZ,20150711,20150709,0.9891,0.9891,,,0.9891,0
159941.SZ,20150714,20150710,0.992,0.992,,,0.992,0
159941.SZ,20150715,20150713,0.9979,0.9979,,,0.9979,0
159941.SZ,20150716,20150714,1.0011,1.0011,,,1.0011,0
159941.SZ,20150717,20150715,1.0017,1.0017,,,1.0017,0
159941.SZ,20150718,20150716,1.0113,1.0113,,,1.0113,0
159941.SZ,20150721,20150717,1.0202,1.0202,,,1.0202,0
159941.SZ,20150722,20150720,1.0244,1.0244,,,1.0244,0
159941.SZ,20150723,20150721,1.0221,1.0221,,,1.0221,0
159941.SZ,20150724,20150722,1.0121,1.0121,,,1.0121,0
159941.SZ,20150725,20150723,1.0119,1.0119,,,1.0119,0
159941.SZ,20150728,20150724,0.9962,0.9962,,,0.9962,0
159941.SZ,20150729,20150727,0.986,0.986,,,0.986,0
159941.SZ,20150730,20150728,0.9917,0.9917,,,0.9917,0
159941.SZ,20150731,20150729,0.9935,0.9935,,,0.9935,0
159941.SZ,20150801,20150730,1.0,1.0,,,1.0,0
159941.SZ,20150804,20150731,0.9972,0.9972,,,0.9972,0
159941.SZ,20150805,20150803,0.9943,0.9943,,,0.9943,0
159941.SZ,20150806,20150804,0.9881,0.9881,,,0.9881,0
159941.SZ,20150807,20150805,0.9976,0.9976,,,0.9976,0
159941.SZ,20150808,20150806,0.9822,0.9822,,,0.9822,0
159941.SZ,20150811,20150807,0.9806,0.9806,,,0.9806,0
159941.SZ,20150812,20150810,0.9912,0.9912,,,0.9912,0
159941.SZ,20150813,20150811,0.9849,0.9849,,,0.9849,0
159941.SZ,20150814,20150812,0.9951,0.9951,,,0.9951,0
159941.SZ,20150815,20150813,0.9945,0.9945,,,0.9945,0
159941.SZ,20150818,20150814,0.9976,0.9976,,,0.9976,0
159941.SZ,20150819,20150817,1.0049,1.0049,,,1.0049,0
159941.SZ,20150820,20150818,1.0,1.0,,,1.0,0
159941.SZ,20150821,20150819,0.9906,0.9906,,,0.9906,0
159941.SZ,20150822,20150820,0.9586,0.9586,,,0.9586,0
159941.SZ,20150825,20150821,0.9215,0.9215,,,0.9215,0
159941.SZ,20150826,20150824,0.8786,0.8786,,,0.8786,0
159941.SZ,20150827,20150825,0.8853,0.8853,,,0.8853,0
159941.SZ,20150828,20150826,0.9236,0.9236,,,0.9236,0
159941.SZ,20150829,20150827,0.9483,0.9483,,,0.9483,0
159941.SZ,20150901,20150828,0.9483,0.9483,,,0.9483,0
159941.SZ,20150902,20150831,0.9338,0.9338,,,0.9338,0
159941.SZ,20150903,20150901,0.9076,0.9076,,,0.9076,0
159941.SZ,20150908,20150902,0.9281,0.9281,,,0.9281,0
159941.SZ,20150909,20150907,0.913,0.913,,,0.913,0
159941.SZ,20150910,20150908,0.9366,0.9366,,,0.9366,0
159941.SZ,20150911,20150909,0.9269,0.9269,,,0.9269,0
159941.SZ,20150912,20150910,0.9375,0.9375,,,0.9375,0
159941.SZ,20150915,20150911,0.9431,0.9431,,,0.9431,0
159941.SZ,20150916,20150914,0.9396,0.9396,,,0.9396,0
159941.SZ,20150917,20150915,0.9503,0.9503,,,0.9503,0
159941.SZ,20150918,20150916,0.9577,0.9577,,,0.9577,0
159941.SZ,20150919,20150917,0.9546,0.9546,,,0.9546,0
159941.SZ,20150922,20150918,0.9426,0.9426,,,0.9426,0
159941.SZ,20150923,20150921,0.9421,0.9421,,,0.9421,0
159941.SZ,20150924,20150922,0.927,0.927,,,0.927,0
159941.SZ,20150925,20150923,0.9269,0.9269,,,0.9269,0
159941.SZ,20150926,20150924,0.9236,0.9236,,,0.9236,0
159941.SZ,20150929,20150925,0.9159,0.9159,,,0.9159,0
159941.SZ,20150930,20150928,0.8865,0.8865,,,0.8865,0
159941.SZ,20151001,20150929,0.8811,0.8811,,,0.8811,0
159941.SZ,20151026,20150930,0.9013,0.9013,,61336924.67,0.9013,0
159941.SZ,20151010,20151008,0.9369,0.9369,,,0.9369,0
159941.SZ,20151013,20151009,0.941,0.941,,,0.941,0
159941.SZ,20151014,20151012,0.9422,0.9422,,,0.9422,0
159941.SZ,20151015,20151013,0.9331,0.9331,,,0.9331,0
159941.SZ,20151016,20151014,0.9344,0.9344,,,0.9344,0
159941.SZ,20151017,20151015,0.9496,0.9496,,,0.9496,0
159941.SZ,20151020,20151016,0.9545,0.9545,,,0.9545,0
159941.SZ,20151021,20151019,0.9608,0.9608,,,0.9608,0
159941.SZ,20151022,20151020,0.9569,0.9569,,,0.9569,0
159941.SZ,20151023,20151021,0.9494,0.9494,,,0.9494,0
159941.SZ,20151024,20151022,0.9691,0.9691,,,0.9691,0
159941.SZ,20151027,20151023,0.9966,0.9966,,,0.9966,0
159941.SZ,20151028,20151026,0.997,0.997,,,0.997,0
159941.SZ,20151029,20151027,0.9978,0.9978,,,0.9978,0
159941.SZ,20151030,20151028,1.0068,1.0068,,,1.0068,0
159941.SZ,20151031,20151029,1.0059,1.0059,,,1.0059,0
159941.SZ,20151103,20151030,0.9994,0.9994,,,0.9994,0
159941.SZ,20151104,20151102,1.0052,1.0052,,,1.0052,0
159941.SZ,20151105,20151103,1.011,1.011,,,1.011,0
159941.SZ,20151106,20151104,1.0115,1.0115,,,1.0115,0
159941.SZ,20151107,20151105,1.0094,1.0094,,,1.0094,0
159941.SZ,20151110,20151106,1.0115,1.0115,,,1.0115,0
159941.SZ,20151111,20151109,1.0023,1.0023,,,1.0023,0
159941.SZ,20151112,20151110,0.9995,0.9995,,,0.9995,0
159941.SZ,20151113,20151111,0.999,0.999,,,0.999,0
159941.SZ,20151114,20151112,0.9895,0.9895,,,0.9895,0
159941.SZ,20151117,20151113,0.9718,0.9718,,,0.9718,0
159941.SZ,20151118,20151116,0.9863,0.9863,,,0.9863,0
159941.SZ,20151119,20151117,0.9866,0.9866,,,0.9866,0
159941.SZ,20151120,20151118,1.006,1.006,,,1.006,0
159941.SZ,20151121,20151119,1.0063,1.0063,,,1.0063,0
159941.SZ,20151124,20151120,1.0127,1.0127,,,1.0127,0
159941.SZ,20151125,20151123,1.0115,1.0115,,,1.0115,0
159941.SZ,20151126,20151124,1.0108,1.0108,,,1.0108,0
159941.SZ,20151127,20151125,1.0112,1.0112,,,1.0112,0
159941.SZ,20151128,20151126,1.0115,1.0115,,,1.0115,0
159941.SZ,20151201,20151127,1.0135,1.0135,,,1.0135,0
159941.SZ,20151202,20151130,1.0107,1.0107,,,1.0107,0
159941.SZ,20151203,20151201,1.0215,1.0215,,,1.0215,0
159941.SZ,20151204,20151202,1.0145,1.0145,,,1.0145,0
159941.SZ,20151205,20151203,0.9972,0.9972,,,0.9972,0
159941.SZ,20151208,20151204,1.0184,1.0184,,,1.0184,0
159941.SZ,20151209,20151207,1.0156,1.0156,,,1.0156,0
159941.SZ,20151210,20151208,1.0174,1.0174,,,1.0174,0
159941.SZ,20151211,20151209,1.0026,1.0026,,,1.0026,0
159941.SZ,20151212,20151210,1.0085,1.0085,,,1.0085,0
159941.SZ,20151215,20151211,0.9874,0.9874,,,0.9874,0
159941.SZ,20151216,20151214,0.9965,0.9965,,,0.9965,0
159941.SZ,20151217,20151215,1.0033,1.0033,,,1.0033,0
159941.SZ,20151218,20151216,1.0188,1.0188,,,1.0188,0
159941.SZ,20151219,20151217,1.0063,1.0063,,,1.0063,0
159941.SZ,20151222,20151218,0.9888,0.9888,,,0.9888,0
159941.SZ,20151223,20151221,0.9976,0.9976,,,0.9976,0
159941.SZ,20151224,20151222,1.0037,1.0037,,,1.0037,0
159941.SZ,20151225,20151223,1.0111,1.0111,,,1.0111,0
159941.SZ,20151226,20151224,1.0111,1.0111,,,1.0111,0
159941.SZ,20151229,20151225,1.0103,1.0103,,,1.0103,0
159941.SZ,20151230,20151228,1.0104,1.0104,,,1.0104,0
159941.SZ,20151231,20151229,1.0275,1.0275,,,1.0275,0
159941.SZ,20160101,20151230,1.0191,1.0191,,,1.0191,0
159941.SZ,20160105,20151231,1.0065,1.0065,,36288473.65,1.0065,0
159941.SZ,20160106,20160104,0.9864,0.9864,,,0.9864,0
159941.SZ,20160107,20160105,0.985,0.985,,,0.985,0
159941.SZ,20160108,20160106,0.9783,0.9783,,,0.9783,0
159941.SZ,20160109,20160107,0.9516,0.9516,,,0.9516,0
159941.SZ,20160112,20160108,0.944,0.944,,,0.944,0
159941.SZ,20160113,20160111,0.9464,0.9464,,,0.9464,0
159941.SZ,20160114,20160112,0.9575,0.9575,,,0.9575,0
159941.SZ,20160115,20160113,0.9238,0.9238,,,0.9238,0
159941.SZ,20160116,20160114,0.944,0.944,,,0.944,0
159941.SZ,20160119,20160115,0.9147,0.9147,,,0.9147,0
159941.SZ,20160120,20160118,0.9138,0.9138,,,0.9138,0
159941.SZ,20160121,20160119,0.9154,0.9154,,,0.9154,0
159941.SZ,20160122,20160120,0.9121,0.9121,,,0.9121,0
159941.SZ,20160123,20160121,0.9141,0.9141,,,0.9141,0
159941.SZ,20160126,20160122,0.94,0.94,,,0.94,0
159941.SZ,20160127,20160125,0.9254,0.9254,,,0.9254,0
159941.SZ,20160128,20160126,0.9331,0.9331,,,0.9331,0
159941.SZ,20160129,20160127,0.9096,0.9096,,,0.9096,0
159941.SZ,20160130,20160128,0.9227,0.9227,,,0.9227,0
159941.SZ,20160202,20160129,0.9429,0.9429,,,0.9429,0
159941.SZ,20160203,20160201,0.9446,0.9446,,,0.9446,0
159941.SZ,20160204,20160202,0.9235,0.9235,,,0.9235,0
159941.SZ,20160205,20160203,0.9195,0.9195,,,0.9195,0
159941.SZ,20160206,20160204,0.9174,0.9174,,,0.9174,0
159941.SZ,20160216,20160205,0.8846,0.8846,,,0.8846,0
159941.SZ,20160217,20160215,0.8797,0.8797,,,0.8797,0
159941.SZ,20160218,20160216,0.8993,0.8993,,,0.8993,0
159941.SZ,20160219,20160217,0.9218,0.9218,,,0.9218,0
159941.SZ,20160220,20160218,0.9103,0.9103,,,0.9103,0
159941.SZ,20160223,20160219,0.9138,0.9138,,,0.9138,0
159941.SZ,20160224,20160222,0.9282,0.9282,,,0.9282,0
159941.SZ,20160225,20160223,0.914,0.914,,,0.914,0
159941.SZ,20160226,20160224,0.9226,0.9226,,,0.9226,0
159941.SZ,20160227,20160225,0.9313,0.9313,,,0.9313,0
159941.SZ,20160301,20160226,0.9303,0.9303,,,0.9303,0
159941.SZ,20160302,20160229,0.9247,0.9247,,,0.9247,0
159941.SZ,20160303,20160301,0.953,0.953,,,0.953,0
159941.SZ,20160304,20160302,0.9547,0.9547,,,0.9547,0
159941.SZ,20160305,20160303,0.9516,0.9516,,,0.9516,0
159941.SZ,20160308,20160304,0.9511,0.9511,,,0.9511,0
159941.SZ,20160309,20160307,0.9427,0.9427,,,0.9427,0
159941.SZ,20160310,20160308,0.9333,0.9333,,,0.9333,0
159941.SZ,20160311,20160309,0.9405,0.9405,,,0.9405,0
159941.SZ,20160312,20160310,0.9393,0.9393,,,0.9393,0
159941.SZ,20160315,20160311,0.952,0.952,,,0.952,0
159941.SZ,20160316,20160314,0.9535,0.9535,,,0.9535,0
159941.SZ,20160317,20160315,0.9559,0.9559,,,0.9559,0
159941.SZ,20160318,20160316,0.9657,0.9657,,,0.9657,0
159941.SZ,20160319,20160317,0.9621,0.9621,,,0.9621,0
159941.SZ,20160322,20160318,0.9597,0.9597,,,0.9597,0
159941.SZ,20160323,20160321,0.9657,0.9657,,,0.9657,0
159941.SZ,20160324,20160322,0.9706,0.9706,,,0.9706,0
159941.SZ,20160325,20160323,0.9622,0.9622,,,0.9622,0
159941.SZ,20160326,20160324,0.9661,0.9661,,,0.9661,0
159941.SZ,20160329,20160325,0.9671,0.9671,,,0.9671,0
159941.SZ,20160330,20160328,0.9657,0.9657,,,0.9657,0
159941.SZ,20160331,20160329,0.9785,0.9785,,,0.9785,0
159941.SZ,20160401,20160330,0.9803,0.9803,,,0.9803,0
159941.SZ,20160422,20160331,0.9754,0.9754,,32241086.6,0.9754,0
159941.SZ,20160406,20160401,0.9855,0.9855,,,0.9855,0
159941.SZ,20160407,20160405,0.9736,0.9736,,,0.9736,0
159941.SZ,20160408,20160406,0.9909,0.9909,,,0.9909,0
159941.SZ,20160409,20160407,0.9753,0.9753,,,0.9753,0
159941.SZ,20160412,20160408,0.9756,0.9756,,,0.9756,0
159941.SZ,20160413,20160411,0.9705,0.9705,,,0.9705,0
159941.SZ,20160414,20160412,0.9783,0.9783,,,0.9783,0
159941.SZ,20160415,20160413,0.9904,0.9904,,,0.9904,0
159941.SZ,20160416,20160414,0.9949,0.9949,,,0.9949,0
159941.SZ,20160419,20160415,0.9927,0.9927,,,0.9927,0
159941.SZ,20160420,20160418,0.9956,0.9956,,,0.9956,0
159941.SZ,20160421,20160419,0.9881,0.9881,,,0.9881,0
159941.SZ,20160422,20160420,0.9868,0.9868,,,0.9868,0
159941.SZ,20160423,20160421,0.9904,0.9904,,,0.9904,0
159941.SZ,20160426,20160422,0.9769,0.9769,,,0.9769,0
159941.SZ,20160427,20160425,0.9801,0.9801,,,0.9801,0
159941.SZ,20160428,20160426,0.9715,0.9715,,,0.9715,0
159941.SZ,20160429,20160427,0.9626,0.9626,,,0.9626,0
159941.SZ,20160430,20160428,0.953,0.953,,,0.953,0
159941.SZ,20160504,20160429,0.9429,0.9429,,,0.9429,0
159941.SZ,20160505,20160503,0.9424,0.9424,,,0.9424,0
159941.SZ,20160506,20160504,0.9416,0.9416,,,0.9416,0
159941.SZ,20160507,20160505,0.9432,0.9432,,,0.9432,0
159941.SZ,20160510,20160506,0.9475,0.9475,,,0.9475,0
159941.SZ,20160511,20160509,0.9461,0.9461,,,0.9461,0
159941.SZ,20160512,20160510,0.9623,0.9623,,,0.9623,0
159941.SZ,20160513,20160511,0.952,0.952,,,0.952,0
159941.SZ,20160514,20160512,0.9437,0.9437,,,0.9437,0
159941.SZ,20160517,20160513,0.9447,0.9447,,,0.9447,0
159941.SZ,20160518,20160516,0.958,0.958,,,0.958,0
159941.SZ,20160519,20160517,0.9436,0.9436,,,0.9436,0
159941.SZ,20160520,20160518,0.947,0.947,,,0.947,0
159941.SZ,20160521,20160519,0.9462,0.9462,,,0.9462,0
159941.SZ,20160524,20160520,0.9561,0.9561,,,0.9561,0
159941.SZ,20160525,20160523,0.9533,0.9533,,,0.9533,0
159941.SZ,20160526,20160524,0.9733,0.9733,,,0.9733,0
159941.SZ,20160527,20160525,0.9837,0.9837,,,0.9837,0
159941.SZ,20160528,20160526,0.9842,0.9842,,,0.9842,0
159941.SZ,20160531,20160527,0.9888,0.9888,,,0.9888,0
159941.SZ,20160601,20160530,0.9931,0.9931,,,0.9931,0
159941.SZ,20160602,20160531,0.9957,0.9957,,,0.9957,0
159941.SZ,20160603,20160601,0.9964,0.9964,,,0.9964,0
159941.SZ,20160604,20160602,0.9956,0.9956,,,0.9956,0
159941.SZ,20160607,20160603,0.992,0.992,,,0.992,0
159941.SZ,20160608,20160606,0.9906,0.9906,,,0.9906,0
159941.SZ,20160609,20160607,0.9901,0.9901,,,0.9901,0
159941.SZ,20160614,20160608,0.9913,0.9913,,,0.9913,0
159941.SZ,20160615,20160613,0.972,0.972,,,0.972,0
159941.SZ,20160616,20160614,0.9724,0.9724,,,0.9724,0
159941.SZ,20160617,20160615,0.9719,0.9719,,,0.9719,0
159941.SZ,20160618,20160616,0.9712,0.9712,,,0.9712,0
159941.SZ,20160621,20160617,0.9606,0.9606,,,0.9606,0
159941.SZ,20160622,20160620,0.965,0.965,,,0.965,0
159941.SZ,20160623,20160621,0.9672,0.9672,,,0.9672,0
159941.SZ,20160624,20160622,0.9693,0.9693,,,0.9693,0
159941.SZ,20160625,20160623,0.9791,0.9791,,,0.9791,0
159941.SZ,20160628,20160624,0.9409,0.9409,,,0.9409,0
159941.SZ,20160629,20160627,0.9304,0.9304,,,0.9304,0
159941.SZ,20160630,20160628,0.9522,0.9522,,,0.9522,0
159941.SZ,20160701,20160629,0.9656,0.9656,,,0.9656,0
159941.SZ,20160702,20160630,0.9774,0.9774,,30352022.54,0.9774,0
159941.SZ,20160705,20160701,0.9848,0.9848,,,0.9848,0
159941.SZ,20160706,20160704,0.9843,0.9843,,,0.9843,0
159941.SZ,20160707,20160705,0.9805,0.9805,,,0.9805,0
159941.SZ,20160708,20160706,0.9921,0.9921,,,0.9921,0
159941.SZ,20160709,20160707,0.9947,0.9947,,,0.9947,0
159941.SZ,20160712,20160708,1.0108,1.0108,,,1.0108,0
159941.SZ,20160713,20160711,1.0167,1.0167,,,1.0167,0
159941.SZ,20160714,20160712,1.0235,1.0235,,,1.0235,0
159941.SZ,20160715,20160713,1.0199,1.0199,,,1.0199,0
159941.SZ,20160716,20160714,1.0263,1.0263,,,1.0263,0
159941.SZ,20160719,20160715,1.0241,1.0241,,,1.0241,0
159941.SZ,20160720,20160718,1.0332,1.0332,,,1.0332,0
159941.SZ,20160721,20160719,1.0295,1.0295,,,1.0295,0
159941.SZ,20160722,20160720,1.0413,1.0413,,,1.0413,0
159941.SZ,20160723,20160721,1.0376,1.0376,,,1.0376,0
159941.SZ,20160726,20160722,1.0389,1.0389,,,1.0389,0
159941.SZ,20160727,20160725,1.042,1.042,,,1.042,0
159941.SZ,20160728,20160726,1.0418,1.0418,,,1.0418,0
159941.SZ,20160729,20160727,1.0481,1.0481,,,1.0481,0
159941.SZ,20160730,20160728,1.0508,1.0508,,,1.0508,0
159941.SZ,20160802,20160729,1.0508,1.0508,,,1.0508,0
159941.SZ,20160803,20160801,1.053,1.053,,,1.053,0
159941.SZ,20160804,20160802,1.0475,1.0475,,,1.0475,0
159941.SZ,20160805,20160803,1.0471,1.0471,,,1.0471,0
159941.SZ,20160806,20160804,1.0536,1.0536,,,1.0536,0
159941.SZ,20160809,20160805,1.063,1.063,,,1.063,0
159941.SZ,20160810,20160808,1.0648,1.0648,,,1.0648,0
159941.SZ,20160811,20160809,1.0678,1.0678,,,1.0678,0
159941.SZ,20160812,20160810,1.0634,1.0634,,,1.0634,0
159941.SZ,20160813,20160811,1.0645,1.0645,,,1.0645,0
159941.SZ,20160816,20160812,1.07,1.07,,,1.07,0
159941.SZ,20160817,20160815,1.0744,1.0744,,,1.0744,0
159941.SZ,20160818,20160816,1.0659,1.0659,,,1.0659,0
159941.SZ,20160819,20160817,1.0639,1.0639,,,1.0639,0
159941.SZ,20160820,20160818,1.07,1.07,,,1.07,0
159941.SZ,20160823,20160819,1.067,1.067,,,1.067,0
159941.SZ,20160824,20160822,1.0748,1.0748,,,1.0748,0
159941.SZ,20160825,20160823,1.0764,1.0764,,,1.0764,0
159941.SZ,20160826,20160824,1.0643,1.0643,,,1.0643,0
159941.SZ,20160827,20160825,1.0656,1.0656,,,1.0656,0
159941.SZ,20160830,20160826,1.0664,1.0664,,,1.0664,0
159941.SZ,20160831,20160829,1.0737,1.0737,,,1.0737,0
159941.SZ,20160901,20160830,1.0696,1.0696,,,1.0696,0
159941.SZ,20160902,20160831,1.0714,1.0714,,,1.0714,0
159941.SZ,20160903,20160901,1.0724,1.0724,,,1.0724,0
159941.SZ,20160906,20160902,1.0756,1.0756,,,1.0756,0
159941.SZ,20160907,20160905,1.0777,1.0777,,,1.0777,0
159941.SZ,20160908,20160906,1.0804,1.0804,,,1.0804,0
159941.SZ,20160909,20160907,1.0788,1.0788,,,1.0788,0
159941.SZ,20160910,20160908,1.074,1.074,,,1.074,0
159941.SZ,20160913,20160909,1.0473,1.0473,,,1.0473,0
159941.SZ,20160914,20160912,1.0696,1.0696,,,1.0696,0
159941.SZ,20160915,20160913,1.057,1.057,,,1.057,0
159941.SZ,20160920,20160914,1.0657,1.0657,,,1.0657,0
159941.SZ,20160921,20160919,1.0749,1.0749,,,1.0749,0
159941.SZ,20160922,20160920,1.0733,1.0733,,,1.0733,0
159941.SZ,20160923,20160921,1.0869,1.0869,,,1.0869,0
159941.SZ,20160924,20160922,1.0914,1.0914,,,1.0914,0
159941.SZ,20160927,20160923,1.0866,1.0866,,,1.0866,0
159941.SZ,20160928,20160926,1.0788,1.0788,,,1.0788,0
159941.SZ,20160929,20160927,1.0888,1.0888,,,1.0888,0
159941.SZ,20160930,20160928,1.0907,1.0907,,,1.0907,0
159941.SZ,20161001,20160929,1.0823,1.0823,,,1.0823,0
159941.SZ,20161024,20160930,1.0925,1.0925,,25185842.18,1.0925,0
159941.SZ,20161012,20161010,1.1027,1.1027,,,1.1027,0
159941.SZ,20161013,20161011,1.0863,1.0863,,,1.0863,0
159941.SZ,20161014,20161012,1.0878,1.0878,,,1.0878,0
159941.SZ,20161015,20161013,1.0838,1.0838,,,1.0838,0
159941.SZ,20161018,20161014,1.0839,1.0839,,,1.0839,0
159941.SZ,20161019,20161017,1.0832,1.0832,,,1.0832,0
159941.SZ,20161020,20161018,1.0919,1.0919,,,1.0919,0
159941.SZ,20161021,20161019,1.0918,1.0918,,,1.0918,0
159941.SZ,20161022,20161020,1.0902,1.0902,,,1.0902,0
159941.SZ,20161025,20161021,1.0984,1.0984,,,1.0984,0
159941.SZ,20161026,20161024,1.114,1.114,,,1.114,0
159941.SZ,20161027,20161025,1.1107,1.1107,,,1.1107,0
159941.SZ,20161028,20161026,1.1031,1.1031,,,1.1031,0
159941.SZ,20161029,20161027,1.0971,1.0971,,,1.0971,0
159941.SZ,20161101,20161028,1.0915,1.0915,,,1.0915,0
159941.SZ,20161102,20161031,1.0851,1.0851,,,1.0851,0
159941.SZ,20161103,20161101,1.0785,1.0785,,,1.0785,0
159941.SZ,20161104,20161102,1.0664,1.0664,,,1.0664,0
159941.SZ,20161105,20161103,1.0545,1.0545,,,1.0545,0
159941.SZ,20161108,20161104,1.0508,1.0508,,,1.0508,0
159941.SZ,20161109,20161107,1.08,1.08,,,1.08,0
159941.SZ,20161110,20161108,1.0885,1.0885,,,1.0885,0
159941.SZ,20161111,20161109,1.0937,1.0937,,,1.0937,0
159941.SZ,20161112,20161110,1.0742,1.0742,,,1.0742,0
159941.SZ,20161115,20161111,1.079,1.079,,,1.079,0
159941.SZ,20161116,20161114,1.0699,1.0699,,,1.0699,0
159941.SZ,20161117,20161115,1.0877,1.0877,,,1.0877,0
159941.SZ,20161118,20161116,1.0954,1.0954,,,1.0954,0
159941.SZ,20161119,20161117,1.1054,1.1054,,,1.1054,0
159941.SZ,20161122,20161118,1.1023,1.1023,,,1.1023,0
159941.SZ,20161123,20161121,1.1168,1.1168,,,1.1168,0
159941.SZ,20161124,20161122,1.1172,1.1172,,,1.1172,0
159941.SZ,20161125,20161123,1.1143,1.1143,,,1.1143,0
159941.SZ,20161129,20161125,1.122,1.122,,,1.122,0
159941.SZ,20161130,20161128,1.1171,1.1171,,,1.1171,0
159941.SZ,20161201,20161129,1.1178,1.1178,,,1.1178,0
159941.SZ,20161202,20161130,1.103,1.103,,,1.103,0
159941.SZ,20161203,20161201,1.0866,1.0866,,,1.0866,0
159941.SZ,20161206,20161202,1.0853,1.0853,,,1.0853,0
159941.SZ,20161207,20161205,1.0951,1.0951,,,1.0951,0
159941.SZ,20161208,20161206,1.0934,1.0934,,,1.0934,0
159941.SZ,20161209,20161207,1.1114,1.1114,,,1.1114,0
159941.SZ,20161210,20161208,1.1117,1.1117,,,1.1117,0
159941.SZ,20161213,20161209,1.1238,1.1238,,,1.1238,0
159941.SZ,20161214,20161212,1.119,1.119,,,1.119,0
159941.SZ,20161215,20161213,1.1326,1.1326,,,1.1326,0
159941.SZ,20161216,20161214,1.1305,1.1305,,,1.1305,0
159941.SZ,20161217,20161215,1.1357,1.1357,,,1.1357,0
159941.SZ,20161220,20161216,1.1333,1.1333,,,1.1333,0
159941.SZ,20161221,20161219,1.1371,1.1371,,,1.1371,0
159941.SZ,20161222,20161220,1.1425,1.1425,,,1.1425,0
159941.SZ,20161223,20161221,1.1409,1.1409,,,1.1409,0
159941.SZ,20161224,20161222,1.1362,1.1362,,,1.1362,0
159941.SZ,20161227,20161223,1.1383,1.1383,,,1.1383,0
159941.SZ,20161229,20161227,1.144,1.144,,,1.144,0
159941.SZ,20161230,20161228,1.1349,1.1349,,,1.1349,0
159941.SZ,20161231,20161229,1.1331,1.1331,,,1.1331,0
159941.SZ,20170104,20161230,1.1176,1.1176,,,1.1176,0
159941.SZ,20170104,20161231,1.1175,1.1175,,33583641.31,1.1175,0
159941.SZ,20170105,20170103,1.1305,1.1305,,,1.1305,0
159941.SZ,20170106,20170104,1.1373,1.1373,,,1.1373,0
159941.SZ,20170107,20170105,1.1402,1.1402,,,1.1402,0
159941.SZ,20170110,20170106,1.1396,1.1396,,,1.1396,0
159941.SZ,20170111,20170109,1.1534,1.1534,,,1.1534,0
159941.SZ,20170112,20170110,1.1553,1.1553,,,1.1553,0
159941.SZ,20170113,20170111,1.1588,1.1588,,,1.1588,0
159941.SZ,20170114,20170112,1.155,1.155,,,1.155,0
159941.SZ,20170117,20170113,1.1555,1.1555,,,1.1555,0
159941.SZ,20170119,20170117,1.1529,1.1529,,,1.1529,0
159941.SZ,20170120,20170118,1.1478,1.1478,,,1.1478,0
159941.SZ,20170121,20170119,1.1474,1.1474,,,1.1474,0
159941.SZ,20170124,20170120,1.1521,1.1521,,,1.1521,0
159941.SZ,20170125,20170123,1.1505,1.1505,,,1.1505,0
159941.SZ,20170126,20170124,1.1546,1.1546,,,1.1546,0
159941.SZ,20170127,20170125,1.1708,1.1708,,,1.1708,0
159941.SZ,20170204,20170126,1.1718,1.1718,,,1.1718,0
159941.SZ,20170207,20170203,1.1721,1.1721,,,1.1721,0
159941.SZ,20170208,20170206,1.1742,1.1742,,,1.1742,0
159941.SZ,20170209,20170207,1.1785,1.1785,,,1.1785,0
159941.SZ,20170210,20170208,1.1852,1.1852,,,1.1852,0
159941.SZ,20170211,20170209,1.187,1.187,,,1.187,0
159941.SZ,20170214,20170210,1.1923,1.1923,,,1.1923,0
159941.SZ,20170215,20170213,1.2008,1.2008,,,1.2008,0
159941.SZ,20170216,20170214,1.2031,1.2031,,,1.2031,0
159941.SZ,20170217,20170215,1.2074,1.2074,,,1.2074,0
159941.SZ,20170218,20170216,1.2067,1.2067,,,1.2067,0
159941.SZ,20170221,20170217,1.2094,1.2094,,,1.2094,0
159941.SZ,20170223,20170221,1.221,1.221,,,1.221,0
159941.SZ,20170224,20170222,1.2221,1.2221,,,1.2221,0
159941.SZ,20170225,20170223,1.215,1.215,,,1.215,0
159941.SZ,20170228,20170224,1.2168,1.2168,,,1.2168,0
159941.SZ,20170301,20170227,1.2206,1.2206,,,1.2206,0
159941.SZ,20170302,20170228,1.2154,1.2154,,,1.2154,0
159941.SZ,20170303,20170301,1.2305,1.2305,,,1.2305,0
159941.SZ,20170304,20170302,1.2242,1.2242,,,1.2242,0
159941.SZ,20170307,20170303,1.2281,1.2281,,,1.2281,0
159941.SZ,20170308,20170306,1.2229,1.2229,,,1.2229,0
159941.SZ,20170309,20170307,1.2236,1.2236,,,1.2236,0
159941.SZ,20170310,20170308,1.227,1.227,,,1.227,0
159941.SZ,20170311,20170309,1.2295,1.2295,,,1.2295,0
159941.SZ,20170314,20170310,1.2345,1.2345,,,1.2345,0
159941.SZ,20170315,20170313,1.234,1.234,,,1.234,0
159941.SZ,20170316,20170314,1.2334,1.2334,,,1.2334,0
159941.SZ,20170317,20170315,1.2412,1.2412,,,1.2412,0
159941.SZ,20170318,20170316,1.2357,1.2357,,,1.2357,0
159941.SZ,20170321,20170317,1.2349,1.2349,,,1.2349,0
159941.SZ,20170322,20170320,1.2381,1.2381,,,1.2381,0
159941.SZ,20170323,20170321,1.2206,1.2206,,,1.2206,0
159941.SZ,20170324,20170322,1.2253,1.2253,,,1.2253,0
159941.SZ,20170325,20170323,1.2218,1.2218,,,1.2218,0
159941.SZ,20170328,20170324,1.2238,1.2238,,,1.2238,0
159941.SZ,20170329,20170327,1.2232,1.2232,,,1.2232,0
159941.SZ,20170330,20170328,1.2322,1.2322,,,1.2322,0
159941.SZ,20170331,20170329,1.2401,1.2401,,,1.2401,0
159941.SZ,20170401,20170330,1.2416,1.2416,,,1.2416,0
159941.SZ,20170422,20170331,1.2427,1.2427,,37345005.61,1.2427,0
159941.SZ,20170407,20170405,1.237,1.237,,,1.237,0
159941.SZ,20170408,20170406,1.238,1.238,,,1.238,0
159941.SZ,20170411,20170407,1.2378,1.2378,,,1.2378,0
159941.SZ,20170412,20170410,1.2399,1.2399,,,1.2399,0
159941.SZ,20170413,20170411,1.233,1.233,,,1.233,0
159941.SZ,20170414,20170412,1.2276,1.2276,,,1.2276,0
159941.SZ,20170415,20170413,1.2171,1.2171,,,1.2171,0
159941.SZ,20170419,20170417,1.2295,1.2295,,,1.2295,0
159941.SZ,20170420,20170418,1.2289,1.2289,,,1.2289,0
159941.SZ,20170421,20170419,1.2274,1.2274,,,1.2274,0
159941.SZ,20170422,20170420,1.2397,1.2397,,,1.2397,0
159941.SZ,20170425,20170421,1.2398,1.2398,,,1.2398,0
159941.SZ,20170426,20170424,1.2521,1.2521,,,1.2521,0
159941.SZ,20170427,20170425,1.2643,1.2643,,,1.2643,0
159941.SZ,20170428,20170426,1.2626,1.2626,,,1.2626,0
159941.SZ,20170429,20170427,1.2709,1.2709,,,1.2709,0
159941.SZ,20170503,20170428,1.274,1.274,,,1.274,0
159941.SZ,20170504,20170502,1.2883,1.2883,,,1.2883,0
159941.SZ,20170505,20170503,1.2827,1.2827,,,1.2827,0
159941.SZ,20170506,20170504,1.2844,1.2844,,,1.2844,0
159941.SZ,20170509,20170505,1.2877,1.2877,,,1.2877,0
159941.SZ,20170510,20170508,1.2917,1.2917,,,1.2917,0
159941.SZ,20170511,20170509,1.2978,1.2978,,,1.2978,0
159941.SZ,20170512,20170510,1.2989,1.2989,,,1.2989,0
159941.SZ,20170513,20170511,1.2974,1.2974,,,1.2974,0
159941.SZ,20170516,20170512,1.2984,1.2984,,,1.2984,0
159941.SZ,20170517,20170515,1.3005,1.3005,,,1.3005,0
159941.SZ,20170518,20170516,1.3045,1.3045,,,1.3045,0
159941.SZ,20170519,20170517,1.2685,1.2685,,,1.2685,0
159941.SZ,20170520,20170518,1.2786,1.2786,,,1.2786,0
159941.SZ,20170523,20170519,1.2877,1.2877,,,1.2877,0
159941.SZ,20170524,20170522,1.2963,1.2963,,,1.2963,0
159941.SZ,20170525,20170523,1.2969,1.2969,,,1.2969,0
159941.SZ,20170526,20170524,1.3048,1.3048,,,1.3048,0
159941.SZ,20170527,20170525,1.3147,1.3147,,,1.3147,0
159941.SZ,20170601,20170526,1.3171,1.3171,,,1.3171,0
159941.SZ,20170602,20170531,1.3155,1.3155,,,1.3155,0
159941.SZ,20170603,20170601,1.3114,1.3114,,,1.3114,0
159941.SZ,20170606,20170602,1.3258,1.3258,,,1.3258,0
159941.SZ,20170607,20170605,1.3221,1.3221,,,1.3221,0
159941.SZ,20170608,20170606,1.3171,1.3171,,,1.3171,0
159941.SZ,20170609,20170607,1.3203,1.3203,,,1.3203,0
159941.SZ,20170610,20170608,1.3232,1.3232,,,1.3232,0
159941.SZ,20170613,20170609,1.2911,1.2911,,,1.2911,0
159941.SZ,20170614,20170612,1.2827,1.2827,,,1.2827,0
159941.SZ,20170615,20170613,1.2927,1.2927,,,1.2927,0
159941.SZ,20170616,20170614,1.2867,1.2867,,,1.2867,0
159941.SZ,20170617,20170615,1.279,1.279,,,1.279,0
159941.SZ,20170620,20170616,1.2771,1.2771,,,1.2771,0
159941.SZ,20170621,20170619,1.2972,1.2972,,,1.2972,0
159941.SZ,20170622,20170620,1.289,1.289,,,1.289,0
159941.SZ,20170623,20170621,1.3038,1.3038,,,1.3038,0
159941.SZ,20170624,20170622,1.303,1.303,,,1.303,0
159941.SZ,20170627,20170623,1.3092,1.3092,,,1.3092,0
159941.SZ,20170628,20170626,1.3026,1.3026,,,1.3026,0
159941.SZ,20170629,20170627,1.2794,1.2794,,,1.2794,0
159941.SZ,20170630,20170628,1.2937,1.2937,,,1.2937,0
159941.SZ,20170701,20170629,1.2683,1.2683,,,1.2683,0
159941.SZ,20170704,20170630,1.2634,1.2634,,37968913.51,1.2634,0
159941.SZ,20170705,20170703,1.252,1.252,,,1.252,0
159941.SZ,20170707,20170705,1.267,1.267,,,1.267,0
159941.SZ,20170708,20170706,1.2557,1.2557,,,1.2557,0
159941.SZ,20170711,20170707,1.2684,1.2684,,,1.2684,0
159941.SZ,20170712,20170710,1.2778,1.2778,,,1.2778,0
159941.SZ,20170713,20170711,1.2818,1.2818,,,1.2818,0
159941.SZ,20170714,20170712,1.2954,1.2954,,,1.2954,0
159941.SZ,20170715,20170713,1.2973,1.2973,,,1.2973,0
159941.SZ,20170718,20170714,1.307,1.307,,,1.307,0
159941.SZ,20170719,20170717,1.3028,1.3028,,,1.3028,0
159941.SZ,20170720,20170718,1.3127,1.3127,,,1.3127,0
159941.SZ,20170721,20170719,1.3175,1.3175,,,1.3175,0
159941.SZ,20170722,20170720,1.3188,1.3188,,,1.3188,0
159941.SZ,20170725,20170721,1.3178,1.3178,,,1.3178,0
159941.SZ,20170726,20170724,1.3219,1.3219,,,1.3219,0
159941.SZ,20170727,20170725,1.3211,1.3211,,,1.3211,0
159941.SZ,20170728,20170726,1.3263,1.3263,,,1.3263,0
159941.SZ,20170729,20170727,1.314,1.314,,,1.314,0
159941.SZ,20170801,20170728,1.3135,1.3135,,,1.3135,0
159941.SZ,20170802,20170731,1.3051,1.3051,,,1.3051,0
159941.SZ,20170803,20170801,1.3055,1.3055,,,1.3055,0
159941.SZ,20170804,20170802,1.311,1.311,,,1.311,0
159941.SZ,20170805,20170803,1.3061,1.3061,,,1.3061,0
159941.SZ,20170808,20170804,1.3063,1.3063,,,1.3063,0
159941.SZ,20170809,20170807,1.316,1.316,,,1.316,0
159941.SZ,20170810,20170808,1.3128,1.3128,,,1.3128,0
159941.SZ,20170811,20170809,1.3091,1.3091,,,1.3091,0
159941.SZ,20170812,20170810,1.2738,1.2738,,,1.2738,0
159941.SZ,20170815,20170811,1.2812,1.2812,,,1.2812,0
159941.SZ,20170816,20170814,1.2974,1.2974,,,1.2974,0
159941.SZ,20170817,20170815,1.2997,1.2997,,,1.2997,0
159941.SZ,20170818,20170816,1.3037,1.3037,,,1.3037,0
159941.SZ,20170819,20170817,1.2742,1.2742,,,1.2742,0
159941.SZ,20170822,20170818,1.2737,1.2737,,,1.2737,0
159941.SZ,20170823,20170821,1.2717,1.2717,,,1.2717,0
159941.SZ,20170824,20170822,1.2893,1.2893,,,1.2893,0
159941.SZ,20170825,20170823,1.2848,1.2848,,,1.2848,0
159941.SZ,20170826,20170824,1.2789,1.2789,,,1.2789,0
159941.SZ,20170829,20170825,1.277,1.277,,,1.277,0
159941.SZ,20170830,20170828,1.2761,1.2761,,,1.2761,0
159941.SZ,20170831,20170829,1.2804,1.2804,,,1.2804,0
159941.SZ,20170901,20170830,1.2925,1.2925,,,1.2925,0
159941.SZ,20170902,20170831,1.3033,1.3033,,,1.3033,0
159941.SZ,20170905,20170901,1.301,1.301,,,1.301,0
159941.SZ,20170907,20170905,1.2778,1.2778,,,1.2778,0
159941.SZ,20170908,20170906,1.2806,1.2806,,,1.2806,0
159941.SZ,20170909,20170907,1.2827,1.2827,,,1.2827,0
159941.SZ,20170912,20170908,1.2666,1.2666,,,1.2666,0
159941.SZ,20170913,20170911,1.2805,1.2805,,,1.2805,0
159941.SZ,20170914,20170912,1.2894,1.2894,,,1.2894,0
159941.SZ,20170915,20170913,1.2932,1.2932,,,1.2932,0
159941.SZ,20170916,20170914,1.2868,1.2868,,,1.2868,0
159941.SZ,20170919,20170915,1.2899,1.2899,,,1.2899,0
159941.SZ,20170920,20170918,1.2882,1.2882,,,1.2882,0
159941.SZ,20170921,20170919,1.2926,1.2926,,,1.2926,0
159941.SZ,20170922,20170920,1.2913,1.2913,,,1.2913,0
159941.SZ,20170923,20170921,1.2864,1.2864,,,1.2864,0
159941.SZ,20170926,20170922,1.2855,1.2855,,,1.2855,0
159941.SZ,20170927,20170925,1.272,1.272,,,1.272,0
159941.SZ,20170928,20170926,1.2777,1.2777,,,1.2777,0
159941.SZ,20170929,20170927,1.2926,1.2926,,,1.2926,0
159941.SZ,20170930,20170928,1.2934,1.2934,,,1.2934,0
159941.SZ,20171010,20170929,1.3058,1.3058,,,1.3058,0
159941.SZ,20171027,20170930,1.3057,1.3057,,26182900.88,1.3057,0
159941.SZ,20171011,20171009,1.326,1.326,,,1.326,0
159941.SZ,20171012,20171010,1.323,1.323,,,1.323,0
159941.SZ,20171013,20171011,1.3179,1.3179,,,1.3179,0
159941.SZ,20171014,20171012,1.3146,1.3146,,,1.3146,0
159941.SZ,20171017,20171013,1.3209,1.3209,,,1.3209,0
159941.SZ,20171018,20171016,1.3248,1.3248,,,1.3248,0
159941.SZ,20171019,20171017,1.3273,1.3273,,,1.3273,0
159941.SZ,20171020,20171018,1.3275,1.3275,,,1.3275,0
159941.SZ,20171021,20171019,1.3242,1.3242,,,1.3242,0
159941.SZ,20171024,20171020,1.3284,1.3284,,,1.3284,0
159941.SZ,20171025,20171023,1.3208,1.3208,,,1.3208,0
159941.SZ,20171026,20171024,1.325,1.325,,,1.325,0
159941.SZ,20171027,20171025,1.3204,1.3204,,,1.3204,0
159941.SZ,20171028,20171026,1.3163,1.3163,,,1.3163,0
159941.SZ,20171031,20171027,1.3614,1.3614,,,1.3614,0
159941.SZ,20171101,20171030,1.3649,1.3649,,,1.3649,0
159941.SZ,20171102,20171031,1.3679,1.3679,,,1.3679,0
159941.SZ,20171103,20171101,1.3653,1.3653,,,1.3653,0
159941.SZ,20171104,20171102,1.3602,1.3602,,,1.3602,0
159941.SZ,20171107,20171103,1.3713,1.3713,,,1.3713,0
159941.SZ,20171108,20171106,1.3792,1.3792,,,1.3792,0
159941.SZ,20171109,20171107,1.3798,1.3798,,,1.3798,0
159941.SZ,20171110,20171108,1.3869,1.3869,,,1.3869,0
159941.SZ,20171111,20171109,1.38,1.38,,,1.38,0
159941.SZ,20171114,20171110,1.3787,1.3787,,,1.3787,0
159941.SZ,20171115,20171113,1.3814,1.3814,,,1.3814,0
159941.SZ,20171116,20171114,1.3774,1.3774,,,1.3774,0
159941.SZ,20171117,20171115,1.3669,1.3669,,,1.3669,0
159941.SZ,20171118,20171116,1.3862,1.3862,,,1.3862,0
159941.SZ,20171121,20171117,1.3802,1.3802,,,1.3802,0
159941.SZ,20171122,20171120,1.3785,1.3785,,,1.3785,0
159941.SZ,20171123,20171121,1.3963,1.3963,,,1.3963,0
159941.SZ,20171124,20171122,1.3968,1.3968,,,1.3968,0
159941.SZ,20171128,20171124,1.3921,1.3921,,,1.3921,0
159941.SZ,20171129,20171127,1.3922,1.3922,,,1.3922,0
159941.SZ,20171130,20171128,1.3972,1.3972,,,1.3972,0
159941.SZ,20171201,20171129,1.3726,1.3726,,,1.3726,0
159941.SZ,20171202,20171130,1.3858,1.3858,,,1.3858,0
159941.SZ,20171205,20171201,1.38,1.38,,,1.38,0
159941.SZ,20171206,20171204,1.3632,1.3632,,,1.3632,0
159941.SZ,20171207,20171205,1.3637,1.3637,,,1.3637,0
159941.SZ,20171208,20171206,1.3708,1.3708,,,1.3708,0
159941.SZ,20171209,20171207,1.3768,1.3768,,,1.3768,0
159941.SZ,20171212,20171208,1.3835,1.3835,,,1.3835,0
159941.SZ,20171213,20171211,1.3936,1.3936,,,1.3936,0
159941.SZ,20171214,20171212,1.3911,1.3911,,,1.3911,0
159941.SZ,20171215,20171213,1.3956,1.3956,,,1.3956,0
159941.SZ,20171216,20171214,1.3899,1.3899,,,1.3899,0
159941.SZ,20171219,20171215,1.4094,1.4094,,,1.4094,0
159941.SZ,20171220,20171218,1.4213,1.4213,,,1.4213,0
159941.SZ,20171221,20171219,1.4101,1.4101,,,1.4101,0
159941.SZ,20171222,20171220,1.4069,1.4069,,,1.4069,0
159941.SZ,20171223,20171221,1.4019,1.4019,,,1.4019,0
159941.SZ,20171226,20171222,1.4001,1.4001,,,1.4001,0
159941.SZ,20171228,20171226,1.3828,1.3828,,,1.3828,0
159941.SZ,20171229,20171227,1.3825,1.3825,,,1.3825,0
159941.SZ,20171230,20171228,1.3829,1.3829,,,1.3829,0
159941.SZ,20180103,20171229,1.369,1.369,,,1.369,0
159941.SZ,20180103,20171231,1.3687,1.3687,,20602827.59,1.3687,0
159941.SZ,20180104,20180102,1.3911,1.3911,,,1.3911,0
159941.SZ,20180105,20180103,1.4047,1.4047,,,1.4047,0
159941.SZ,20180106,20180104,1.4103,1.4103,,,1.4103,0
159941.SZ,20180109,20180105,1.4249,1.4249,,,1.4249,0
159941.SZ,20180110,20180108,1.4287,1.4287,,,1.4287,0
159941.SZ,20180111,20180109,1.4317,1.4317,,,1.4317,0
159941.SZ,20180112,20180110,1.4331,1.4331,,,1.4331,0
159941.SZ,20180113,20180111,1.4438,1.4438,,,1.4438,0
159941.SZ,20180116,20180112,1.4519,1.4519,,,1.4519,0
159941.SZ,20180118,20180116,1.4343,1.4343,,,1.4343,0
159941.SZ,20180119,20180117,1.4494,1.4494,,,1.4494,0
159941.SZ,20180120,20180118,1.4506,1.4506,,,1.4506,0
159941.SZ,20180123,20180119,1.451,1.451,,,1.451,0
159941.SZ,20180124,20180122,1.4664,1.4664,,,1.4664,0
159941.SZ,20180125,20180123,1.4764,1.4764,,,1.4764,0
159941.SZ,20180126,20180124,1.4644,1.4644,,,1.4644,0
159941.SZ,20180127,20180125,1.4595,1.4595,,,1.4595,0
159941.SZ,20180130,20180126,1.4769,1.4769,,,1.4769,0
159941.SZ,20180131,20180129,1.4648,1.4648,,,1.4648,0
159941.SZ,20180201,20180130,1.453,1.453,,,1.453,0
159941.SZ,20180202,20180131,1.4579,1.4579,,,1.4579,0
159941.SZ,20180203,20180201,1.4398,1.4398,,,1.4398,0
159941.SZ,20180206,20180202,1.4042,1.4042,,,1.4042,0
159941.SZ,20180207,20180205,1.345,1.345,,,1.345,0
159941.SZ,20180208,20180206,1.3865,1.3865,,,1.3865,0
159941.SZ,20180209,20180207,1.363,1.363,,,1.363,0
159941.SZ,20180210,20180208,1.3008,1.3008,,,1.3008,0
159941.SZ,20180213,20180209,1.3326,1.3326,,,1.3326,0
159941.SZ,20180214,20180212,1.3536,1.3536,,,1.3536,0
159941.SZ,20180215,20180213,1.3654,1.3654,,,1.3654,0
159941.SZ,20180223,20180214,1.3977,1.3977,,,1.3977,0
159941.SZ,20180224,20180222,1.4201,1.4201,,,1.4201,0
159941.SZ,20180227,20180223,1.4495,1.4495,,,1.4495,0
159941.SZ,20180228,20180226,1.4682,1.4682,,,1.4682,0
159941.SZ,20180301,20180227,1.4425,1.4425,,,1.4425,0
159941.SZ,20180302,20180228,1.4356,1.4356,,,1.4356,0
159941.SZ,20180303,20180301,1.413,1.413,,,1.413,0
159941.SZ,20180306,20180302,1.4257,1.4257,,,1.4257,0
159941.SZ,20180307,20180305,1.4436,1.4436,,,1.4436,0
159941.SZ,20180308,20180306,1.4497,1.4497,,,1.4497,0
159941.SZ,20180309,20180307,1.4514,1.4514,,,1.4514,0
159941.SZ,20180310,20180308,1.4592,1.4592,,,1.4592,0
159941.SZ,20180313,20180309,1.4942,1.4942,,,1.4942,0
159941.SZ,20180314,20180312,1.4985,1.4985,,,1.4985,0
159941.SZ,20180315,20180313,1.4766,1.4766,,,1.4766,0
159941.SZ,20180316,20180314,1.4742,1.4742,,,1.4742,0
159941.SZ,20180317,20180315,1.4714,1.4714,,,1.4714,0
159941.SZ,20180320,20180316,1.4738,1.4738,,,1.4738,0
159941.SZ,20180321,20180319,1.4429,1.4429,,,1.4429,0
159941.SZ,20180322,20180320,1.4448,1.4448,,,1.4448,0
159941.SZ,20180323,20180321,1.4407,1.4407,,,1.4407,0
159941.SZ,20180324,20180322,1.3957,1.3957,,,1.3957,0
159941.SZ,20180327,20180323,1.3594,1.3594,,,1.3594,0
159941.SZ,20180328,20180326,1.4124,1.4124,,,1.4124,0
159941.SZ,20180329,20180327,1.3539,1.3539,,,1.3539,0
159941.SZ,20180330,20180328,1.3371,1.3371,,,1.3371,0
159941.SZ,20180331,20180329,1.3692,1.3692,,,1.3692,0
159941.SZ,20180420,20180331,1.3655,1.3655,,17823695.33,1.3655,0
159941.SZ,20180404,20180402,1.3252,1.3252,,,1.3252,0
159941.SZ,20180405,20180403,1.342,1.342,,,1.342,0
159941.SZ,20180410,20180404,1.3675,1.3675,,,1.3675,0
159941.SZ,20180411,20180409,1.351,1.351,,,1.351,0
159941.SZ,20180412,20180410,1.382,1.382,,,1.382,0
159941.SZ,20180413,20180411,1.3711,1.3711,,,1.3711,0
159941.SZ,20180414,20180412,1.3861,1.3861,,,1.3861,0
159941.SZ,20180417,20180413,1.3809,1.3809,,,1.3809,0
159941.SZ,20180418,20180416,1.3919,1.3919,,,1.3919,0
159941.SZ,20180419,20180417,1.4204,1.4204,,,1.4204,0
159941.SZ,20180420,20180418,1.4251,1.4251,,,1.4251,0
159941.SZ,20180421,20180419,1.4118,1.4118,,,1.4118,0
159941.SZ,20180424,20180420,1.3889,1.3889,,,1.3889,0
159941.SZ,20180425,20180423,1.3875,1.3875,,,1.3875,0
159941.SZ,20180426,20180424,1.3597,1.3597,,,1.3597,0
159941.SZ,20180427,20180425,1.3582,1.3582,,,1.3582,0
159941.SZ,20180428,20180426,1.3952,1.3952,,,1.3952,0
159941.SZ,20180503,20180427,1.3959,1.3959,,,1.3959,0
159941.SZ,20180504,20180502,1.3976,1.3976,,,1.3976,0
159941.SZ,20180505,20180503,1.3999,1.3999,,,1.3999,0
159941.SZ,20180508,20180504,1.4239,1.4239,,,1.4239,0
159941.SZ,20180509,20180507,1.437,1.437,,,1.437,0
159941.SZ,20180510,20180508,1.4375,1.4375,,,1.4375,0
159941.SZ,20180511,20180509,1.4573,1.4573,,,1.4573,0
159941.SZ,20180512,20180510,1.4745,1.4745,,,1.4745,0
159941.SZ,20180515,20180511,1.467,1.467,,,1.467,0
159941.SZ,20180516,20180514,1.4655,1.4655,,,1.4655,0
159941.SZ,20180517,20180515,1.4502,1.4502,,,1.4502,0
159941.SZ,20180518,20180516,1.4668,1.4668,,,1.4668,0
159941.SZ,20180519,20180517,1.4584,1.4584,,,1.4584,0
159941.SZ,20180522,20180518,1.4519,1.4519,,,1.4519,0
159941.SZ,20180523,20180521,1.463,1.463,,,1.463,0
159941.SZ,20180524,20180522,1.4594,1.4594,,,1.4594,0
159941.SZ,20180525,20180523,1.4726,1.4726,,,1.4726,0
159941.SZ,20180526,20180524,1.4727,1.4727,,,1.4727,0
159941.SZ,20180529,20180525,1.4762,1.4762,,,1.4762,0
159941.SZ,20180531,20180529,1.4718,1.4718,,,1.4718,0
159941.SZ,20180601,20180530,1.4877,1.4877,,,1.4877,0
159941.SZ,20180602,20180531,1.4839,1.4839,,,1.4839,0
159941.SZ,20180605,20180601,1.5087,1.5087,,,1.5087,0
159941.SZ,20180606,20180604,1.5253,1.5253,,,1.5253,0
159941.SZ,20180607,20180605,1.5296,1.5296,,,1.5296,0
159941.SZ,20180608,20180606,1.5365,1.5365,,,1.5365,0
159941.SZ,20180609,20180607,1.5206,1.5206,,,1.5206,0
159941.SZ,20180612,20180608,1.5221,1.5221,,,1.5221,0
159941.SZ,20180613,20180611,1.5261,1.5261,,,1.5261,0
159941.SZ,20180614,20180612,1.5364,1.5364,,,1.5364,0
159941.SZ,20180615,20180613,1.5364,1.5364,,,1.5364,0
159941.SZ,20180616,20180614,1.5491,1.5491,,,1.5491,0
159941.SZ,20180620,20180615,1.5515,1.5515,,,1.5515,0
159941.SZ,20180621,20180619,1.5428,1.5428,,,1.5428,0
159941.SZ,20180622,20180620,1.5634,1.5634,,,1.5634,0
159941.SZ,20180623,20180621,1.551,1.551,,,1.551,0
159941.SZ,20180626,20180622,1.5487,1.5487,,,1.5487,0
159941.SZ,20180627,20180625,1.5137,1.5137,,,1.5137,0
159941.SZ,20180628,20180626,1.5273,1.5273,,,1.5273,0
159941.SZ,20180629,20180627,1.5127,1.5127,,,1.5127,0
159941.SZ,20180630,20180628,1.5362,1.5362,,,1.5362,0
159941.SZ,20180703,20180629,1.5432,1.5432,,,1.5432,0
159941.SZ,20180703,20180630,1.5431,1.5431,,17055288.22,1.5431,0
159941.SZ,20180704,20180702,1.5555,1.5555,,,1.5555,0
159941.SZ,20180705,20180703,1.5431,1.5431,,,1.5431,0
159941.SZ,20180707,20180705,1.5569,1.5569,,,1.5569,0
159941.SZ,20180710,20180706,1.5857,1.5857,,,1.5857,0
159941.SZ,20180711,20180709,1.6012,1.6012,,,1.6012,0
159941.SZ,20180712,20180710,1.5991,1.5991,,,1.5991,0
159941.SZ,20180713,20180711,1.5906,1.5906,,,1.5906,0
159941.SZ,20180714,20180712,1.627,1.627,,,1.627,0
159941.SZ,20180717,20180713,1.6289,1.6289,,,1.6289,0
159941.SZ,20180718,20180716,1.6246,1.6246,,,1.6246,0
159941.SZ,20180719,20180717,1.6374,1.6374,,,1.6374,0
159941.SZ,20180720,20180718,1.6361,1.6361,,,1.6361,0
159941.SZ,20180721,20180719,1.6315,1.6315,,,1.6315,0
159941.SZ,20180724,20180720,1.6455,1.6455,,,1.6455,0
159941.SZ,20180725,20180723,1.6489,1.6489,,,1.6489,0
159941.SZ,20180726,20180724,1.6631,1.6631,,,1.6631,0
159941.SZ,20180727,20180725,1.6887,1.6887,,,1.6887,0
159941.SZ,20180728,20180726,1.656,1.656,,,1.656,0
159941.SZ,20180731,20180727,1.6394,1.6394,,,1.6394,0
159941.SZ,20180801,20180730,1.6201,1.6201,,,1.6201,0
159941.SZ,20180802,20180731,1.6284,1.6284,,,1.6284,0
159941.SZ,20180803,20180801,1.6404,1.6404,,,1.6404,0
159941.SZ,20180804,20180802,1.6538,1.6538,,,1.6538,0
159941.SZ,20180807,20180803,1.6676,1.6676,,,1.6676,0
159941.SZ,20180808,20180806,1.6816,1.6816,,,1.6816,0
159941.SZ,20180809,20180807,1.6855,1.6855,,,1.6855,0
159941.SZ,20180810,20180808,1.6834,1.6834,,,1.6834,0
159941.SZ,20180811,20180809,1.6832,1.6832,,,1.6832,0
159941.SZ,20180814,20180810,1.6723,1.6723,,,1.6723,0
159941.SZ,20180815,20180813,1.6751,1.6751,,,1.6751,0
159941.SZ,20180816,20180814,1.6879,1.6879,,,1.6879,0
159941.SZ,20180817,20180815,1.6695,1.6695,,,1.6695,0
159941.SZ,20180818,20180816,1.6763,1.6763,,,1.6763,0
159941.SZ,20180821,20180817,1.6755,1.6755,,,1.6755,0
159941.SZ,20180822,20180820,1.6697,1.6697,,,1.6697,0
159941.SZ,20180823,20180821,1.6668,1.6668,,,1.6668,0
159941.SZ,20180824,20180822,1.6722,1.6722,,,1.6722,0
159941.SZ,20180825,20180823,1.6719,1.6719,,,1.6719,0
159941.SZ,20180828,20180824,1.6979,1.6979,,,1.6979,0
159941.SZ,20180829,20180827,1.7109,1.7109,,,1.7109,0
159941.SZ,20180830,20180828,1.7025,1.7025,,,1.7025,0
159941.SZ,20180831,20180829,1.7251,1.7251,,,1.7251,0
159941.SZ,20180901,20180830,1.7222,1.7222,,,1.7222,0
159941.SZ,20180904,20180831,1.7282,1.7282,,,1.7282,0
159941.SZ,20180906,20180904,1.7192,1.7192,,,1.7192,0
159941.SZ,20180907,20180905,1.6956,1.6956,,,1.6956,0
159941.SZ,20180908,20180906,1.6767,1.6767,,,1.6767,0
159941.SZ,20180911,20180907,1.671,1.671,,,1.671,0
159941.SZ,20180912,20180910,1.6786,1.6786,,,1.6786,0
159941.SZ,20180913,20180911,1.6948,1.6948,,,1.6948,0
159941.SZ,20180914,20180912,1.6911,1.6911,,,1.6911,0
159941.SZ,20180915,20180913,1.7066,1.7066,,,1.7066,0
159941.SZ,20180918,20180914,1.6997,1.6997,,,1.6997,0
159941.SZ,20180919,20180917,1.6772,1.6772,,,1.6772,0
159941.SZ,20180920,20180918,1.6922,1.6922,,,1.6922,0
159941.SZ,20180921,20180919,1.6917,1.6917,,,1.6917,0
159941.SZ,20180922,20180920,1.7086,1.7086,,,1.7086,0
159941.SZ,20180926,20180921,1.6953,1.6953,,,1.6953,0
159941.SZ,20180927,20180925,1.7051,1.7051,,,1.7051,0
159941.SZ,20180928,20180926,1.7077,1.7077,,,1.7077,0
159941.SZ,20180929,20180927,1.7247,1.7247,,,1.7247,0
159941.SZ,20181009,20180928,1.7274,1.7274,,,1.7274,0
159941.SZ,20181025,20180930,1.7272,1.7272,,32906845.34,1.7272,0
159941.SZ,20181010,20181008,1.6686,1.6686,,,1.6686,0
159941.SZ,20181011,20181009,1.6739,1.6739,,,1.6739,0
159941.SZ,20181012,20181010,1.6005,1.6005,,,1.6005,0
159941.SZ,20181013,20181011,1.5856,1.5856,,,1.5856,0
159941.SZ,20181016,20181012,1.6286,1.6286,,,1.6286,0
159941.SZ,20181017,20181015,1.6084,1.6084,,,1.6084,0
159941.SZ,20181018,20181016,1.6568,1.6568,,,1.6568,0
159941.SZ,20181019,20181017,1.6553,1.6553,,,1.6553,0
159941.SZ,20181020,20181018,1.6198,1.6198,,,1.6198,0
159941.SZ,20181023,20181019,1.619,1.619,,,1.619,0
159941.SZ,20181024,20181022,1.6242,1.6242,,,1.6242,0
159941.SZ,20181025,20181023,1.621,1.621,,,1.621,0
159941.SZ,20181026,20181024,1.5432,1.5432,,,1.5432,0
159941.SZ,20181027,20181025,1.5943,1.5943,,,1.5943,0
159941.SZ,20181030,20181026,1.5619,1.5619,,,1.5619,0
159941.SZ,20181031,20181029,1.5249,1.5249,,,1.5249,0
159941.SZ,20181101,20181030,1.5512,1.5512,,,1.5512,0
159941.SZ,20181102,20181031,1.5906,1.5906,,,1.5906,0
159941.SZ,20181103,20181101,1.6155,1.6155,,,1.6155,0
159941.SZ,20181106,20181102,1.5846,1.5846,,,1.5846,0
159941.SZ,20181107,20181105,1.5684,1.5684,,,1.5684,0
159941.SZ,20181108,20181106,1.5828,1.5828,,,1.5828,0
159941.SZ,20181109,20181107,1.6317,1.6317,,,1.6317,0
159941.SZ,20181110,20181108,1.624,1.624,,,1.624,0
159941.SZ,20181113,20181109,1.5992,1.5992,,,1.5992,0
159941.SZ,20181114,20181112,1.5541,1.5541,,,1.5541,0
159941.SZ,20181115,20181113,1.5579,1.5579,,,1.5579,0
159941.SZ,20181116,20181114,1.5388,1.5388,,,1.5388,0
159941.SZ,20181117,20181115,1.5676,1.5676,,,1.5676,0
159941.SZ,20181120,20181116,1.5616,1.5616,,,1.5616,0
159941.SZ,20181121,20181119,1.5065,1.5065,,,1.5065,0
159941.SZ,20181122,20181120,1.4801,1.4801,,,1.4801,0
159941.SZ,20181123,20181121,1.4949,1.4949,,,1.4949,0
159941.SZ,20181127,20181123,1.4806,1.4806,,,1.4806,0
159941.SZ,20181128,20181126,1.5182,1.5182,,,1.5182,0
159941.SZ,20181129,20181127,1.5241,1.5241,,,1.5241,0
159941.SZ,20181130,20181128,1.5737,1.5737,,,1.5737,0
159941.SZ,20181201,20181129,1.5661,1.5661,,,1.5661,0
159941.SZ,20181204,20181130,1.5782,1.5782,,,1.5782,0
159941.SZ,20181205,20181203,1.607,1.607,,,1.607,0
159941.SZ,20181206,20181204,1.5335,1.5335,,,1.5335,0
159941.SZ,20181208,20181206,1.5358,1.5358,,,1.5358,0
159941.SZ,20181211,20181207,1.4854,1.4854,,,1.4854,0
159941.SZ,20181212,20181210,1.5032,1.5032,,,1.5032,0
159941.SZ,20181213,20181211,1.5142,1.5142,,,1.5142,0
159941.SZ,20181214,20181212,1.5295,1.5295,,,1.5295,0
159941.SZ,20181215,20181213,1.5232,1.5232,,,1.5232,0
159941.SZ,20181218,20181214,1.4838,1.4838,,,1.4838,0
159941.SZ,20181219,20181217,1.4535,1.4535,,,1.4535,0
159941.SZ,20181220,20181218,1.4617,1.4617,,,1.4617,0
159941.SZ,20181221,20181219,1.4283,1.4283,,,1.4283,0
159941.SZ,20181222,20181220,1.4076,1.4076,,,1.4076,0
159941.SZ,20181225,20181221,1.3625,1.3625,,,1.3625,0
159941.SZ,20181226,20181224,1.3326,1.3326,,,1.3326,0
159941.SZ,20181228,20181226,1.415,1.415,,,1.415,0
159941.SZ,20181229,20181227,1.4217,1.4217,,,1.4217,0
159941.SZ,20190103,20181228,1.4148,1.4148,,,1.4148,0
159941.SZ,20190103,20181231,1.4248,1.4248,,32844599.35,1.4248,0
159941.SZ,20190104,20190102,1.4292,1.4292,,,1.4292,0
159941.SZ,20190105,20190103,1.3832,1.3832,,,1.3832,0
159941.SZ,20190108,20190104,1.4444,1.4444,,,1.4444,0
159941.SZ,20190109,20190107,1.4572,1.4572,,,1.4572,0
159941.SZ,20190110,20190108,1.4691,1.4691,,,1.4691,0
159941.SZ,20190111,20190109,1.4838,1.4838,,,1.4838,0
159941.SZ,20190112,20190110,1.4802,1.4802,,,1.4802,0
159941.SZ,20190115,20190111,1.4701,1.4701,,,1.4701,0
159941.SZ,20190116,20190114,1.4484,1.4484,,,1.4484,0
159941.SZ,20190117,20190115,1.4768,1.4768,,,1.4768,0
159941.SZ,20190118,20190116,1.4781,1.4781,,,1.4781,0
159941.SZ,20190119,20190117,1.4881,1.4881,,,1.4881,0
159941.SZ,20190122,20190118,1.5043,1.5043,,,1.5043,0
159941.SZ,20190124,20190122,1.477,1.477,,,1.477,0
159941.SZ,20190125,20190123,1.482,1.482,,,1.482,0
159941.SZ,20190126,20190124,1.4868,1.4868,,,1.4868,0
159941.SZ,20190129,20190125,1.5099,1.5099,,,1.5099,0
159941.SZ,20190130,20190128,1.479,1.479,,,1.479,0
159941.SZ,20190131,20190129,1.4615,1.4615,,,1.4615,0
159941.SZ,20190201,20190130,1.5011,1.5011,,,1.5011,0
159941.SZ,20190202,20190131,1.5151,1.5151,,,1.5151,0
159941.SZ,20190212,20190201,1.5082,1.5082,,,1.5082,0
159941.SZ,20190213,20190211,1.5246,1.5246,,,1.5246,0
159941.SZ,20190214,20190212,1.554,1.554,,,1.554,0
159941.SZ,20190215,20190213,1.552,1.552,,,1.552,0
159941.SZ,20190216,20190214,1.5558,1.5558,,,1.5558,0
159941.SZ,20190219,20190215,1.5595,1.5595,,,1.5595,0
159941.SZ,20190221,20190219,1.5621,1.5621,,,1.5621,0
159941.SZ,20190222,20190220,1.5596,1.5596,,,1.5596,0
159941.SZ,20190223,20190221,1.5454,1.5454,,,1.5454,0
159941.SZ,20190226,20190222,1.5562,1.5562,,,1.5562,0
159941.SZ,20190227,20190225,1.5614,1.5614,,,1.5614,0
159941.SZ,20190228,20190226,1.5589,1.5589,,,1.5589,0
159941.SZ,20190301,20190227,1.5557,1.5557,,,1.5557,0
159941.SZ,20190302,20190228,1.5519,1.5519,,,1.5519,0
159941.SZ,20190305,20190301,1.5655,1.5655,,,1.5655,0
159941.SZ,20190306,20190304,1.5679,1.5679,,,1.5679,0
159941.SZ,20190307,20190305,1.5678,1.5678,,,1.5678,0
159941.SZ,20190308,20190306,1.5594,1.5594,,,1.5594,0
159941.SZ,20190309,20190307,1.5414,1.5414,,,1.5414,0
159941.SZ,20190312,20190308,1.5424,1.5424,,,1.5424,0
159941.SZ,20190313,20190311,1.5741,1.5741,,,1.5741,0
159941.SZ,20190314,20190312,1.581,1.581,,,1.581,0
159941.SZ,20190315,20190313,1.5932,1.5932,,,1.5932,0
159941.SZ,20190316,20190314,1.586,1.586,,,1.586,0
159941.SZ,20190319,20190315,1.6049,1.6049,,,1.6049,0
159941.SZ,20190320,20190318,1.6067,1.6067,,,1.6067,0
159941.SZ,20190321,20190319,1.6105,1.6105,,,1.6105,0
159941.SZ,20190322,20190320,1.6191,1.6191,,,1.6191,0
159941.SZ,20190323,20190321,1.6368,1.6368,,,1.6368,0
159941.SZ,20190326,20190322,1.6014,1.6014,,,1.6014,0
159941.SZ,20190327,20190325,1.6023,1.6023,,,1.6023,0
159941.SZ,20190328,20190326,1.6081,1.6081,,,1.6081,0
159941.SZ,20190329,20190327,1.6008,1.6008,,,1.6008,0
159941.SZ,20190330,20190328,1.6059,1.6059,,,1.6059,0
159941.SZ,20190402,20190329,1.6203,1.6203,,,1.6203,0
159941.SZ,20190422,20190331,1.6201,1.6201,,24385928.7,1.6201,0
159941.SZ,20190403,20190401,1.6386,1.6386,,,1.6386,0
159941.SZ,20190404,20190402,1.6428,1.6428,,,1.6428,0
159941.SZ,20190405,20190403,1.6535,1.6535,,,1.6535,0
159941.SZ,20190409,20190404,1.6493,1.6493,,,1.6493,0
159941.SZ,20190410,20190408,1.6657,1.6657,,,1.6657,0
159941.SZ,20190411,20190409,1.6577,1.6577,,,1.6577,0
159941.SZ,20190412,20190410,1.6664,1.6664,,,1.6664,0
159941.SZ,20190413,20190411,1.6614,1.6614,,,1.6614,0
159941.SZ,20190416,20190412,1.6737,1.6737,,,1.6737,0
159941.SZ,20190417,20190415,1.6704,1.6704,,,1.6704,0
159941.SZ,20190418,20190416,1.6757,1.6757,,,1.6757,0
159941.SZ,20190419,20190417,1.6805,1.6805,,,1.6805,0
159941.SZ,20190420,20190418,1.6782,1.6782,,,1.6782,0
159941.SZ,20190423,20190419,1.6813,1.6813,,,1.6813,0
159941.SZ,20190424,20190422,1.6864,1.6864,,,1.6864,0
159941.SZ,20190425,20190423,1.7102,1.7102,,,1.7102,0
159941.SZ,20190426,20190424,1.7083,1.7083,,,1.7083,0
159941.SZ,20190427,20190425,1.7167,1.7167,,,1.7167,0
159941.SZ,20190430,20190426,1.7202,1.7202,,,1.7202,0
159941.SZ,20190501,20190429,1.7215,1.7215,,,1.7215,0
159941.SZ,20190507,20190430,1.7078,1.7078,,,1.7078,0
159941.SZ,20190508,20190506,1.7109,1.7109,,,1.7109,0
159941.SZ,20190509,20190507,1.6842,1.6842,,,1.6842,0
159941.SZ,20190510,20190508,1.6786,1.6786,,,1.6786,0
159941.SZ,20190511,20190509,1.6704,1.6704,,,1.6704,0
159941.SZ,20190514,20190510,1.6763,1.6763,,,1.6763,0
159941.SZ,20190515,20190513,1.6158,1.6158,,,1.6158,0
159941.SZ,20190516,20190514,1.6407,1.6407,,,1.6407,0
159941.SZ,20190517,20190515,1.6693,1.6693,,,1.6693,0
159941.SZ,20190518,20190516,1.6868,1.6868,,,1.6868,0
159941.SZ,20190521,20190517,1.6718,1.6718,,,1.6718,0
159941.SZ,20190522,20190520,1.6445,1.6445,,,1.6445,0
159941.SZ,20190523,20190521,1.6621,1.6621,,,1.6621,0
159941.SZ,20190524,20190522,1.6539,1.6539,,,1.6539,0
159941.SZ,20190525,20190523,1.6263,1.6263,,,1.6263,0
159941.SZ,20190528,20190524,1.6254,1.6254,,,1.6254,0
159941.SZ,20190529,20190527,1.623,1.623,,,1.623,0
159941.SZ,20190530,20190528,1.6187,1.6187,,,1.6187,0
159941.SZ,20190531,20190529,1.602,1.602,,,1.602,0
159941.SZ,20190601,20190530,1.6101,1.6101,,,1.6101,0
159941.SZ,20190604,20190531,1.5791,1.5791,,,1.5791,0
159941.SZ,20190605,20190603,1.5367,1.5367,,,1.5367,0
159941.SZ,20190606,20190604,1.584,1.584,,,1.584,0
159941.SZ,20190607,20190605,1.5991,1.5991,,,1.5991,0
159941.SZ,20190611,20190606,1.6141,1.6141,,,1.6141,0
159941.SZ,20190612,20190610,1.6733,1.6733,,,1.6733,0
159941.SZ,20190613,20190611,1.6761,1.6761,,,1.6761,0
159941.SZ,20190614,20190612,1.6655,1.6655,,,1.6655,0
159941.SZ,20190615,20190613,1.6762,1.6762,,,1.6762,0
159941.SZ,20190618,20190614,1.6681,1.6681,,,1.6681,0
159941.SZ,20190619,20190617,1.6801,1.6801,,,1.6801,0
159941.SZ,20190620,20190618,1.7062,1.7062,,,1.7062,0
159941.SZ,20190621,20190619,1.712,1.712,,,1.712,0
159941.SZ,20190622,20190620,1.7265,1.7265,,,1.7265,0
159941.SZ,20190625,20190621,1.7156,1.7156,,,1.7156,0
159941.SZ,20190626,20190624,1.7146,1.7146,,,1.7146,0
159941.SZ,20190627,20190625,1.6836,1.6836,,,1.6836,0
159941.SZ,20190628,20190626,1.6956,1.6956,,,1.6956,0
159941.SZ,20190629,20190627,1.7045,1.7045,,,1.7045,0
159941.SZ,20190702,20190628,1.7062,1.7062,,,1.7062,0
159941.SZ,20190702,20190630,1.7059,1.7059,,22265842.78,1.7059,0
159941.SZ,20190703,20190701,1.7259,1.7259,,,1.7259,0
159941.SZ,20190704,20190702,1.7285,1.7285,,,1.7285,0
159941.SZ,20190705,20190703,1.7442,1.7442,,,1.7442,0
159941.SZ,20190706,20190704,1.7456,1.7456,,,1.7456,0
159941.SZ,20190709,20190705,1.7416,1.7416,,,1.7416,0
159941.SZ,20190710,20190708,1.7329,1.7329,,,1.7329,0
159941.SZ,20190711,20190709,1.7415,1.7415,,,1.7415,0
159941.SZ,20190712,20190710,1.7584,1.7584,,,1.7584,0
159941.SZ,20190713,20190711,1.7525,1.7525,,,1.7525,0
159941.SZ,20190716,20190712,1.7627,1.7627,,,1.7627,0
159941.SZ,20190717,20190715,1.7675,1.7675,,,1.7675,0
159941.SZ,20190718,20190716,1.7593,1.7593,,,1.7593,0
159941.SZ,20190719,20190717,1.7528,1.7528,,,1.7528,0
159941.SZ,20190720,20190718,1.7555,1.7555,,,1.7555,0
159941.SZ,20190723,20190719,1.7385,1.7385,,,1.7385,0
159941.SZ,20190724,20190722,1.7576,1.7576,,,1.7576,0
159941.SZ,20190725,20190723,1.7699,1.7699,,,1.7699,0
159941.SZ,20190726,20190724,1.7824,1.7824,,,1.7824,0
159941.SZ,20190727,20190725,1.762,1.762,,,1.762,0
159941.SZ,20190730,20190726,1.782,1.782,,,1.782,0
159941.SZ,20190731,20190729,1.7763,1.7763,,,1.7763,0
159941.SZ,20190801,20190730,1.7691,1.7691,,,1.7691,0
159941.SZ,20190802,20190731,1.7475,1.7475,,,1.7475,0
159941.SZ,20190803,20190801,1.7392,1.7392,,,1.7392,0
159941.SZ,20190806,20190802,1.7168,1.7168,,,1.7168,0
159941.SZ,20190807,20190805,1.6607,1.6607,,,1.6607,0
159941.SZ,20190808,20190806,1.6951,1.6951,,,1.6951,0
159941.SZ,20190809,20190807,1.7083,1.7083,,,1.7083,0
159941.SZ,20190810,20190808,1.7471,1.7471,,,1.7471,0
159941.SZ,20190813,20190809,1.7329,1.7329,,,1.7329,0
159941.SZ,20190814,20190812,1.7155,1.7155,,,1.7155,0
159941.SZ,20190815,20190813,1.7559,1.7559,,,1.7559,0
159941.SZ,20190816,20190814,1.7023,1.7023,,,1.7023,0
159941.SZ,20190817,20190815,1.6994,1.6994,,,1.6994,0
159941.SZ,20190820,20190816,1.7265,1.7265,,,1.7265,0
159941.SZ,20190821,20190819,1.7532,1.7532,,,1.7532,0
159941.SZ,20190822,20190820,1.7432,1.7432,,,1.7432,0
159941.SZ,20190823,20190821,1.758,1.758,,,1.758,0
159941.SZ,20190824,20190822,1.7528,1.7528,,,1.7528,0
159941.SZ,20190827,20190823,1.7008,1.7008,,,1.7008,0
159941.SZ,20190828,20190826,1.7238,1.7238,,,1.7238,0
159941.SZ,20190829,20190827,1.7265,1.7265,,,1.7265,0
159941.SZ,20190830,20190828,1.7322,1.7322,,,1.7322,0
159941.SZ,20190831,20190829,1.7585,1.7585,,,1.7585,0
159941.SZ,20190903,20190830,1.7561,1.7561,,,1.7561,0
159941.SZ,20190904,20190902,1.7556,1.7556,,,1.7556,0
159941.SZ,20190905,20190903,1.7369,1.7369,,,1.7369,0
159941.SZ,20190906,20190904,1.7611,1.7611,,,1.7611,0
159941.SZ,20190907,20190905,1.7932,1.7932,,,1.7932,0
159941.SZ,20190910,20190906,1.7904,1.7904,,,1.7904,0
159941.SZ,20190911,20190909,1.7859,1.7859,,,1.7859,0
159941.SZ,20190912,20190910,1.7823,1.7823,,,1.7823,0
159941.SZ,20190913,20190911,1.7992,1.7992,,,1.7992,0
159941.SZ,20190917,20190912,1.8054,1.8054,,,1.8054,0
159941.SZ,20190918,20190916,1.7856,1.7856,,,1.7856,0
159941.SZ,20190919,20190917,1.7948,1.7948,,,1.7948,0
159941.SZ,20190920,20190918,1.795,1.795,,,1.795,0
159941.SZ,20190921,20190919,1.7974,1.7974,,,1.7974,0
159941.SZ,20190924,20190920,1.7797,1.7797,,,1.7797,0
159941.SZ,20190925,20190923,1.778,1.778,,,1.778,0
159941.SZ,20190926,20190924,1.7534,1.7534,,,1.7534,0
159941.SZ,20190927,20190925,1.7744,1.7744,,,1.7744,0
159941.SZ,20190928,20190926,1.7663,1.7663,,,1.7663,0
159941.SZ,20191001,20190927,1.7462,1.7462,,,1.7462,0
159941.SZ,20191023,20190930,1.7608,1.7608,,19461809.91,1.7608,1
159941.SZ,20191010,20191008,1.7271,1.7271,,,1.7271,0
159941.SZ,20191011,20191009,1.7463,1.7463,,,1.7463,0
159941.SZ,20191012,20191010,1.7575,1.7575,,,1.7575,0
159941.SZ,20191015,20191011,1.7807,1.7807,,,1.7807,0
159941.SZ,20191016,20191014,1.7793,1.7793,,,1.7793,0
159941.SZ,20191017,20191015,1.8019,1.8019,,,1.8019,0
159941.SZ,20191018,20191016,1.7976,1.7976,,,1.7976,0
159941.SZ,20191019,20191017,1.8034,1.8034,,,1.8034,0
159941.SZ,20191022,20191018,1.7841,1.7841,,,1.7841,0
159941.SZ,20191023,20191021,1.7992,1.7992,,,1.7992,0
159941.SZ,20191024,20191022,1.7846,1.7846,,,1.7846,0
159941.SZ,20191025,20191023,1.7906,1.7906,,,1.7906,0
159941.SZ,20191026,20191024,1.8054,1.8054,,,1.8054,0
159941.SZ,20191029,20191025,1.8208,1.8208,,,1.8208,0
159941.SZ,20191030,20191028,1.839,1.839,,,1.839,0
159941.SZ,20191031,20191029,1.8203,1.8203,,,1.8203,0
159941.SZ,20191101,20191030,1.8269,1.8269,,,1.8269,0
159941.SZ,20191102,20191031,1.826,1.826,,,1.826,0
159941.SZ,20191105,20191101,1.8412,1.8412,,,1.8412,0
159941.SZ,20191106,20191104,1.8512,1.8512,,,1.8512,0
159941.SZ,20191107,20191105,1.8512,1.8512,,,1.8512,0
159941.SZ,20191108,20191106,1.8399,1.8399,,,1.8399,0
159941.SZ,20191109,20191107,1.844,1.844,,,1.844,0
159941.SZ,20191112,20191108,1.8511,1.8511,,,1.8511,0
159941.SZ,20191113,20191111,1.847,1.847,,,1.847,0
159941.SZ,20191114,20191112,1.8536,1.8536,,,1.8536,0
159941.SZ,20191115,20191113,1.8539,1.8539,,,1.8539,0
159941.SZ,20191116,20191114,1.854,1.854,,,1.854,0
159941.SZ,20191119,20191115,1.8672,1.8672,,,1.8672,0
159941.SZ,20191120,20191118,1.868,1.868,,,1.868,0
159941.SZ,20191121,20191119,1.8692,1.8692,,,1.8692,0
159941.SZ,20191122,20191120,1.8597,1.8597,,,1.8597,0
159941.SZ,20191123,20191121,1.8588,1.8588,,,1.8588,0
159941.SZ,20191126,20191122,1.8626,1.8626,,,1.8626,0
159941.SZ,20191127,20191125,1.8869,1.8869,,,1.8869,0
159941.SZ,20191128,20191126,1.8881,1.8881,,,1.8881,0
159941.SZ,20191129,20191127,1.9011,1.9011,,,1.9011,0
159941.SZ,20191130,20191128,1.8988,1.8988,,,1.8988,0
159941.SZ,20191203,20191129,1.8902,1.8902,,,1.8902,0
159941.SZ,20191204,20191202,1.8675,1.8675,,,1.8675,0
159941.SZ,20191205,20191203,1.8552,1.8552,,,1.8552,0
159941.SZ,20191206,20191204,1.8675,1.8675,,,1.8675,0
159941.SZ,20191207,20191205,1.8737,1.8737,,,1.8737,0
159941.SZ,20191210,20191206,1.8889,1.8889,,,1.8889,0
159941.SZ,20191211,20191209,1.8807,1.8807,,,1.8807,0
159941.SZ,20191212,20191210,1.8793,1.8793,,,1.8793,0
159941.SZ,20191213,20191211,1.8892,1.8892,,,1.8892,0
159941.SZ,20191214,20191212,1.8994,1.8994,,,1.8994,0
159941.SZ,20191217,20191213,1.9017,1.9017,,,1.9017,0
159941.SZ,20191218,20191216,1.9133,1.9133,,,1.9133,0
159941.SZ,20191219,20191217,1.9156,1.9156,,,1.9156,0
159941.SZ,20191220,20191218,1.9165,1.9165,,,1.9165,0
159941.SZ,20191221,20191219,1.9306,1.9306,,,1.9306,0
159941.SZ,20191224,20191220,1.9378,1.9378,,,1.9378,0
159941.SZ,20191225,20191223,1.9449,1.9449,,,1.9449,0
159941.SZ,20191226,20191224,1.945,1.945,,,1.945,0
159941.SZ,20191227,20191225,1.9434,1.9434,,,1.9434,0
159941.SZ,20191228,20191226,1.9552,1.9552,,,1.9552,0
159941.SZ,20191231,20191227,1.9551,1.9551,,,1.9551,0
159941.SZ,20200101,20191230,1.9397,1.9397,,,1.9397,0
159941.SZ,20200117,20191231,1.9435,1.9435,,31197642.06,1.9435,1
159941.SZ,20200104,20200102,1.9717,1.9717,,,1.9717,0
159941.SZ,20200107,20200103,1.9551,1.9551,,,1.9551,0
159941.SZ,20200108,20200106,1.9671,1.9671,,,1.9671,0
159941.SZ,20200109,20200107,1.9662,1.9662,,,1.9662,0
159941.SZ,20200110,20200108,1.9741,1.9741,,,1.9741,0
159941.SZ,20200111,20200109,1.9923,1.9923,,,1.9923,0
159941.SZ,20200114,20200110,1.9834,1.9834,,,1.9834,0
159941.SZ,20200115,20200113,2.0012,2.0012,,,2.0012,0
159941.SZ,20200116,20200114,1.9862,1.9862,,,1.9862,0
159941.SZ,20200117,20200115,1.9821,1.9821,,,1.9821,0
159941.SZ,20200118,20200116,1.9986,1.9986,,,1.9986,0
159941.SZ,20200121,20200117,2.01,2.01,,,2.01,0
159941.SZ,20200122,20200120,2.0038,2.0038,,,2.0038,0
159941.SZ,20200123,20200121,2.0021,2.0021,,,2.0021,0
159941.SZ,20200124,20200122,2.0111,2.0111,,,2.0111,0
159941.SZ,20200204,20200123,2.0186,2.0186,,,2.0186,0
159941.SZ,20200205,20200203,2.0079,2.0079,,,2.0079,0
159941.SZ,20200206,20200204,2.0686,2.0686,,,2.0686,0
159941.SZ,20200207,20200205,2.0771,2.0771,,,2.0771,0
159941.SZ,20200208,20200206,2.0992,2.0992,,,2.0992,0
159941.SZ,20200211,20200207,2.0842,2.0842,,,2.0842,0
159941.SZ,20200212,20200210,2.112,2.112,,,2.112,0
159941.SZ,20200213,20200211,2.112,2.112,,,2.112,0
159941.SZ,20200214,20200212,2.128,2.128,,,2.128,0
159941.SZ,20200215,20200213,2.1257,2.1257,,,2.1257,0
159941.SZ,20200218,20200214,2.1331,2.1331,,,2.1331,0
159941.SZ,20200219,20200217,2.1316,2.1316,,,2.1316,0
159941.SZ,20200220,20200218,2.1339,2.1339,,,2.1339,0
159941.SZ,20200221,20200219,2.1589,2.1589,,,2.1589,0
159941.SZ,20200222,20200220,2.139,2.139,,,2.139,0
159941.SZ,20200225,20200221,2.1043,2.1043,,,2.1043,0
159941.SZ,20200226,20200224,2.0238,2.0238,,,2.0238,0
159941.SZ,20200227,20200225,1.9701,1.9701,,,1.9701,0
159941.SZ,20200228,20200226,1.9754,1.9754,,,1.9754,0
159941.SZ,20200229,20200227,1.8817,1.8817,,,1.8817,0
159941.SZ,20200303,20200228,1.8883,1.8883,,,1.8883,0
159941.SZ,20200304,20200302,1.9728,1.9728,,,1.9728,0
159941.SZ,20200305,20200303,1.902,1.902,,,1.902,0
159941.SZ,20200306,20200304,1.9797,1.9797,,,1.9797,0
159941.SZ,20200307,20200305,1.9153,1.9153,,,1.9153,0
159941.SZ,20200310,20200306,1.8811,1.8811,,,1.8811,0
159941.SZ,20200311,20200309,1.7519,1.7519,,,1.7519,0
159941.SZ,20200312,20200310,1.8482,1.8482,,,1.8482,0
159941.SZ,20200313,20200311,1.7736,1.7736,,,1.7736,0
159941.SZ,20200314,20200312,1.609,1.609,,,1.609,0
159941.SZ,20200317,20200313,1.7831,1.7831,,,1.7831,0
159941.SZ,20200318,20200316,1.5611,1.5611,,,1.5611,0
159941.SZ,20200319,20200317,1.6603,1.6603,,,1.6603,0
159941.SZ,20200320,20200318,1.6064,1.6064,,,1.6064,0
159941.SZ,20200321,20200319,1.633,1.633,,,1.633,0
159941.SZ,20200324,20200320,1.5777,1.5777,,,1.5777,0
159941.SZ,20200325,20200323,1.5782,1.5782,,,1.5782,0
159941.SZ,20200326,20200324,1.6984,1.6984,,,1.6984,0
159941.SZ,20200327,20200325,1.6754,1.6754,,,1.6754,0
159941.SZ,20200328,20200326,1.7638,1.7638,,,1.7638,0
159941.SZ,20200331,20200327,1.6939,1.6939,,,1.6939,0
159941.SZ,20200401,20200330,1.7554,1.7554,,,1.7554,0
159941.SZ,20200421,20200331,1.7508,1.7508,,313479512.86,1.7508,1
159941.SZ,20200403,20200401,1.6766,1.6766,,,1.6766,0
159941.SZ,20200404,20200402,1.7156,1.7156,,,1.7156,0
159941.SZ,20200408,20200403,1.6945,1.6945,,,1.6945,0
159941.SZ,20200409,20200407,1.8039,1.8039,,,1.8039,0
159941.SZ,20200410,20200408,1.8316,1.8316,,,1.8316,0
159941.SZ,20200411,20200409,1.8348,1.8348,,,1.8348,0
159941.SZ,20200414,20200410,1.8302,1.8302,,,1.8302,0
159941.SZ,20200415,20200413,1.8491,1.8491,,,1.8491,0
159941.SZ,20200416,20200414,1.9269,1.9269,,,1.9269,0
159941.SZ,20200417,20200415,1.9061,1.9061,,,1.9061,0
159941.SZ,20200418,20200416,1.9485,1.9485,,,1.9485,0
159941.SZ,20200421,20200417,1.9636,1.9636,,,1.9636,0
159941.SZ,20200422,20200420,1.9395,1.9395,,,1.9395,0
159941.SZ,20200423,20200421,1.8742,1.8742,,,1.8742,0
159941.SZ,20200424,20200422,1.9324,1.9324,,,1.9324,0
159941.SZ,20200425,20200423,1.9268,1.9268,,,1.9268,0
159941.SZ,20200428,20200424,1.9557,1.9557,,,1.9557,0
159941.SZ,20200429,20200427,1.964,1.964,,,1.964,0
159941.SZ,20200430,20200428,1.9304,1.9304,,,1.9304,0
159941.SZ,20200501,20200429,1.9948,1.9948,,,1.9948,0
159941.SZ,20200507,20200430,1.9952,1.9952,,,1.9952,0
159941.SZ,20200508,20200506,1.9943,1.9943,,,1.9943,0
159941.SZ,20200509,20200507,2.0255,2.0255,,,2.0255,0
159941.SZ,20200512,20200508,2.0477,2.0477,,,2.0477,0
159941.SZ,20200513,20200511,2.0632,2.0632,,,2.0632,0
159941.SZ,20200514,20200512,2.0272,2.0272,,,2.0272,0
159941.SZ,20200515,20200513,2.0021,2.0021,,,2.0021,0
159941.SZ,20200516,20200514,2.0237,2.0237,,,2.0237,0
159941.SZ,20200519,20200515,2.0351,2.0351,,,2.0351,0
159941.SZ,20200520,20200518,2.0762,2.0762,,,2.0762,0
159941.SZ,20200521,20200519,2.0656,2.0656,,,2.0656,0
159941.SZ,20200522,20200520,2.1074,2.1074,,,2.1074,0
159941.SZ,20200523,20200521,2.0821,2.0821,,,2.0821,0
159941.SZ,20200526,20200522,2.0909,2.0909,,,2.0909,0
159941.SZ,20200527,20200525,2.0987,2.0987,,,2.0987,0
159941.SZ,20200528,20200526,2.0965,2.0965,,,2.0965,0
159941.SZ,20200529,20200527,2.1022,2.1022,,,2.1022,0
159941.SZ,20200530,20200528,2.1023,2.1023,,,2.1023,0
159941.SZ,20200602,20200529,2.1324,2.1324,,,2.1324,0
159941.SZ,20200603,20200601,2.1412,2.1412,,,2.1412,0
159941.SZ,20200604,20200602,2.1492,2.1492,,,2.1492,0
159941.SZ,20200605,20200603,2.1561,2.1561,,,2.1561,0
159941.SZ,20200606,20200604,2.1389,2.1389,,,2.1389,0
159941.SZ,20200609,20200605,2.1794,2.1794,,,2.1794,0
159941.SZ,20200610,20200608,2.193,2.193,,,2.193,0
159941.SZ,20200611,20200609,2.2023,2.2023,,,2.2023,0
159941.SZ,20200612,20200610,2.2291,2.2291,,,2.2291,0
159941.SZ,20200613,20200611,2.1172,2.1172,,,2.1172,0
159941.SZ,20200616,20200612,2.1409,2.1409,,,2.1409,0
159941.SZ,20200617,20200615,2.1654,2.1654,,,2.1654,0
159941.SZ,20200618,20200616,2.1984,2.1984,,,2.1984,0
159941.SZ,20200619,20200617,2.209,2.209,,,2.209,0
159941.SZ,20200620,20200618,2.216,2.216,,,2.216,0
159941.SZ,20200623,20200619,2.2154,2.2154,,,2.2154,0
159941.SZ,20200624,20200622,2.2399,2.2399,,,2.2399,0
159941.SZ,20200625,20200623,2.2511,2.2511,,,2.2511,0
159941.SZ,20200630,20200624,2.2023,2.2023,,,2.2023,0
159941.SZ,20200701,20200629,2.201,2.201,,,2.201,0
159941.SZ,20200720,20200630,2.2432,2.2432,,599041176.63,2.2432,1
159941.SZ,20200703,20200701,2.2669,2.2669,,,2.2669,0
159941.SZ,20200704,20200702,2.2761,2.2761,,,2.2761,0
159941.SZ,20200707,20200703,2.2784,2.2784,,,2.2784,0
159941.SZ,20200708,20200706,2.3364,2.3364,,,2.3364,0
159941.SZ,20200709,20200707,2.307,2.307,,,2.307,0
159941.SZ,20200710,20200708,2.3345,2.3345,,,2.3345,0
159941.SZ,20200711,20200709,2.349,2.349,,,2.349,0
159941.SZ,20200714,20200710,2.3618,2.3618,,,2.3618,0
159941.SZ,20200715,20200713,2.312,2.312,,,2.312,0
159941.SZ,20200716,20200714,2.3315,2.3315,,,2.3315,0
159941.SZ,20200717,20200715,2.3339,2.3339,,,2.3339,0
159941.SZ,20200718,20200716,2.3148,2.3148,,,2.3148,0
159941.SZ,20200721,20200717,2.3232,2.3232,,,2.3232,0
159941.SZ,20200722,20200720,2.3858,2.3858,,,2.3858,0
159941.SZ,20200723,20200721,2.3581,2.3581,,,2.3581,0
159941.SZ,20200724,20200722,2.3607,2.3607,,,2.3607,0
159941.SZ,20200725,20200723,2.3057,2.3057,,,2.3057,0
159941.SZ,20200728,20200724,2.2854,2.2854,,,2.2854,0
159941.SZ,20200729,20200727,2.3288,2.3288,,,2.3288,0
159941.SZ,20200730,20200728,2.2939,2.2939,,,2.2939,0
159941.SZ,20200731,20200729,2.3251,2.3251,,,2.3251,0
159941.SZ,20200801,20200730,2.3347,2.3347,,,2.3347,0
159941.SZ,20200804,20200731,2.3744,2.3744,,,2.3744,0
159941.SZ,20200805,20200803,2.4106,2.4106,,,2.4106,0
159941.SZ,20200806,20200804,2.4129,2.4129,,,2.4129,0
159941.SZ,20200807,20200805,2.4174,2.4174,,,2.4174,0
159941.SZ,20200808,20200806,2.4377,2.4377,,,2.4377,0
159941.SZ,20200811,20200807,2.4094,2.4094,,,2.4094,0
159941.SZ,20200812,20200810,2.4069,2.4069,,,2.4069,0
159941.SZ,20200813,20200811,2.3638,2.3638,,,2.3638,0
159941.SZ,20200814,20200812,2.42,2.42,,,2.42,0
159941.SZ,20200815,20200813,2.4194,2.4194,,,2.4194,0
159941.SZ,20200818,20200814,2.4155,2.4155,,,2.4155,0
159941.SZ,20200819,20200817,2.4394,2.4394,,,2.4394,0
159941.SZ,20200820,20200818,2.4621,2.4621,,,2.4621,0
159941.SZ,20200821,20200819,2.4403,2.4403,,,2.4403,0
159941.SZ,20200822,20200820,2.4783,2.4783,,,2.4783,0
159941.SZ,20200825,20200821,2.4899,2.4899,,,2.4899,0
159941.SZ,20200826,20200824,2.5087,2.5087,,,2.5087,0
159941.SZ,20200827,20200825,2.5278,2.5278,,,2.5278,0
159941.SZ,20200828,20200826,2.5767,2.5767,,,2.5767,0
159941.SZ,20200829,20200827,2.5612,2.5612,,,2.5612,0
159941.SZ,20200901,20200828,2.5749,2.5749,,,2.5749,0
159941.SZ,20200902,20200831,2.5887,2.5887,,,2.5887,0
159941.SZ,20200903,20200901,2.6236,2.6236,,,2.6236,0
159941.SZ,20200904,20200902,2.6454,2.6454,,,2.6454,0
159941.SZ,20200905,20200903,2.5071,2.5071,,,2.5071,0
159941.SZ,20200908,20200904,2.4766,2.4766,,,2.4766,0
159941.SZ,20200909,20200907,2.4773,2.4773,,,2.4773,0
159941.SZ,20200910,20200908,2.3604,2.3604,,,2.3604,0
159941.SZ,20200911,20200909,2.4313,2.4313,,,2.4313,0
159941.SZ,20200912,20200910,2.3771,2.3771,,,2.3771,0
159941.SZ,20200915,20200911,2.3633,2.3633,,,2.3633,0
159941.SZ,20200916,20200914,2.4026,2.4026,,,2.4026,0
159941.SZ,20200917,20200915,2.4324,2.4324,,,2.4324,0
159941.SZ,20200918,20200916,2.3787,2.3787,,,2.3787,0
159941.SZ,20200919,20200917,2.3387,2.3387,,,2.3387,0
159941.SZ,20200922,20200918,2.3052,2.3052,,,2.3052,0
159941.SZ,20200923,20200921,2.3152,2.3152,,,2.3152,0
159941.SZ,20200924,20200922,2.3663,2.3663,,,2.3663,0
159941.SZ,20200925,20200923,2.2952,2.2952,,,2.2952,0
159941.SZ,20200926,20200924,2.31,2.31,,,2.31,0
159941.SZ,20200929,20200925,2.3663,2.3663,,,2.3663,0
159941.SZ,20200930,20200928,2.4164,2.4164,,,2.4164,0
159941.SZ,20201001,20200929,2.4048,2.4048,,,2.4048,0
159941.SZ,20201028,20200930,2.4215,2.4215,,622450606.68,2.4215,1
159941.SZ,20201013,20201009,2.476,2.476,,,2.476,0
159941.SZ,20201014,20201012,2.5298,2.5298,,,2.5298,0
159941.SZ,20201015,20201013,2.5337,2.5337,,,2.5337,0
159941.SZ,20201016,20201014,2.5191,2.5191,,,2.5191,0
159941.SZ,20201017,20201015,2.4976,2.4976,,,2.4976,0
159941.SZ,20201020,20201016,2.4854,2.4854,,,2.4854,0
159941.SZ,20201021,20201019,2.4293,2.4293,,,2.4293,0
159941.SZ,20201022,20201020,2.4348,2.4348,,,2.4348,0
159941.SZ,20201023,20201021,2.4279,2.4279,,,2.4279,0
159941.SZ,20201024,20201022,2.4186,2.4186,,,2.4186,0
159941.SZ,20201027,20201023,2.4298,2.4298,,,2.4298,0
159941.SZ,20201028,20201026,2.392,2.392,,,2.392,0
159941.SZ,20201029,20201027,2.4203,2.4203,,,2.4203,0
159941.SZ,20201030,20201028,2.33,2.33,,,2.33,0
159941.SZ,20201031,20201029,2.3754,2.3754,,,2.3754,0
159941.SZ,20201103,20201030,2.3136,2.3136,,,2.3136,0
159941.SZ,20201104,20201102,2.3128,2.3128,,,2.3128,0
159941.SZ,20201105,20201103,2.3498,2.3498,,,2.3498,0
159941.SZ,20201106,20201104,2.4478,2.4478,,,2.4478,0
159941.SZ,20201107,20201105,2.5167,2.5167,,,2.5167,0
159941.SZ,20201110,20201106,2.4969,2.4969,,,2.4969,0
159941.SZ,20201111,20201109,2.4384,2.4384,,,2.4384,0
159941.SZ,20201112,20201110,2.3882,2.3882,,,2.3882,0
159941.SZ,20201113,20201111,2.4478,2.4478,,,2.4478,0
159941.SZ,20201114,20201112,2.439,2.439,,,2.439,0
159941.SZ,20201117,20201113,2.4626,2.4626,,,2.4626,0
159941.SZ,20201118,20201116,2.4695,2.4695,,,2.4695,0
159941.SZ,20201119,20201117,2.4525,2.4525,,,2.4525,0
159941.SZ,20201120,20201118,2.4302,2.4302,,,2.4302,0
159941.SZ,20201121,20201119,2.4438,2.4438,,,2.4438,0
159941.SZ,20201124,20201120,2.4381,2.4381,,,2.4381,0
159941.SZ,20201125,20201123,2.4348,2.4348,,,2.4348,0
159941.SZ,20201126,20201124,2.4728,2.4728,,,2.4728,0
159941.SZ,20201127,20201125,2.4852,2.4852,,,2.4852,0
159941.SZ,20201128,20201126,2.4862,2.4862,,,2.4862,0
159941.SZ,20201201,20201127,2.5057,2.5057,,,2.5057,0
159941.SZ,20201202,20201130,2.5084,2.5084,,,2.5084,0
159941.SZ,20201203,20201201,2.551,2.551,,,2.551,0
159941.SZ,20201204,20201202,2.54,2.54,,,2.54,0
159941.SZ,20201205,20201203,2.5411,2.5411,,,2.5411,0
159941.SZ,20201208,20201204,2.5498,2.5498,,,2.5498,0
159941.SZ,20201209,20201207,2.5576,2.5576,,,2.5576,0
159941.SZ,20201210,20201208,2.5633,2.5633,,,2.5633,0
159941.SZ,20201211,20201209,2.5084,2.5084,,,2.5084,0
159941.SZ,20201212,20201210,2.522,2.522,,,2.522,0
159941.SZ,20201215,20201211,2.5139,2.5139,,,2.5139,0
159941.SZ,20201216,20201214,2.5296,2.5296,,,2.5296,0
159941.SZ,20201217,20201215,2.56,2.56,,,2.56,0
159941.SZ,20201218,20201216,2.5712,2.5712,,,2.5712,0
159941.SZ,20201219,20201217,2.5877,2.5877,,,2.5877,0
159941.SZ,20201222,20201218,2.5827,2.5827,,,2.5827,0
159941.SZ,20201223,20201221,2.5817,2.5817,,,2.5817,0
159941.SZ,20201224,20201222,2.5829,2.5829,,,2.5829,0
159941.SZ,20201225,20201223,2.5768,2.5768,,,2.5768,0
159941.SZ,20201226,20201224,2.5806,2.5806,,,2.5806,0
159941.SZ,20201229,20201225,2.5794,2.5794,,,2.5794,0
159941.SZ,20201230,20201228,2.6064,2.6064,,,2.6064,0
159941.SZ,20201231,20201229,2.6143,2.6143,,,2.6143,0
159941.SZ,20210101,20201230,2.6073,2.6073,,,2.6073,0
159941.SZ,20210121,20201231,2.6121,2.6121,,1055412606.85,2.6121,1
159941.SZ,20210106,20210104,2.5792,2.5792,,,2.5792,0
159941.SZ,20210107,20210105,2.575,2.575,,,2.575,0
159941.SZ,20210108,20210106,2.5316,2.5316,,,2.5316,0
159941.SZ,20210109,20210107,2.5957,2.5957,,,2.5957,0
159941.SZ,20210112,20210108,2.6336,2.6336,,,2.6336,0
159941.SZ,20210113,20210111,2.5925,2.5925,,,2.5925,0
159941.SZ,20210114,20210112,2.5932,2.5932,,,2.5932,0
159941.SZ,20210115,20210113,2.6014,2.6014,,,2.6014,0
159941.SZ,20210116,20210114,2.5902,2.5902,,,2.5902,0
159941.SZ,20210119,20210115,2.5664,2.5664,,,2.5664,0
159941.SZ,20210120,20210118,2.5746,2.5746,,,2.5746,0
159941.SZ,20210121,20210119,2.6146,2.6146,,,2.6146,0
159941.SZ,20210122,20210120,2.6762,2.6762,,,2.6762,0
159941.SZ,20210123,20210121,2.6941,2.6941,,,2.6941,0
159941.SZ,20210126,20210122,2.6852,2.6852,,,2.6852,0
159941.SZ,20210127,20210125,2.7196,2.7196,,,2.7196,0
159941.SZ,20210128,20210126,2.7236,2.7236,,,2.7236,0
159941.SZ,20210129,20210127,2.6416,2.6416,,,2.6416,0
159941.SZ,20210130,20210128,2.6625,2.6625,,,2.6625,0
159941.SZ,20210202,20210129,2.5983,2.5983,,,2.5983,0
159941.SZ,20210203,20210201,2.6622,2.6622,,,2.6622,0
159941.SZ,20210204,20210202,2.7072,2.7072,,,2.7072,0
159941.SZ,20210205,20210203,2.6956,2.6956,,,2.6956,0
159941.SZ,20210206,20210204,2.7233,2.7233,,,2.7233,0
159941.SZ,20210209,20210205,2.7369,2.7369,,,2.7369,0
159941.SZ,20210210,20210208,2.7519,2.7519,,,2.7519,0
159941.SZ,20210211,20210209,2.7432,2.7432,,,2.7432,0
159941.SZ,20210219,20210210,2.7286,2.7286,,,2.7286,0
159941.SZ,20210220,20210218,2.7291,2.7291,,,2.7291,0
159941.SZ,20210223,20210219,2.7196,2.7196,,,2.7196,0
159941.SZ,20210224,20210222,2.6443,2.6443,,,2.6443,0
159941.SZ,20210225,20210223,2.6366,2.6366,,,2.6366,0
159941.SZ,20210226,20210224,2.6615,2.6615,,,2.6615,0
159941.SZ,20210227,20210225,2.5629,2.5629,,,2.5629,0
159941.SZ,20210302,20210226,2.5863,2.5863,,,2.5863,0
159941.SZ,20210303,20210301,2.6643,2.6643,,,2.6643,0
159941.SZ,20210304,20210302,2.6142,2.6142,,,2.6142,0
159941.SZ,20210305,20210303,2.5368,2.5368,,,2.5368,0
159941.SZ,20210306,20210304,2.5025,2.5025,,,2.5025,0
159941.SZ,20210309,20210305,2.5486,2.5486,,,2.5486,0
159941.SZ,20210310,20210308,2.4686,2.4686,,,2.4686,0
159941.SZ,20210311,20210309,2.5913,2.5913,,,2.5913,0
159941.SZ,20210312,20210310,2.5732,2.5732,,,2.5732,0
159941.SZ,20210313,20210311,2.629,2.629,,,2.629,0
159941.SZ,20210316,20210312,2.5992,2.5992,,,2.5992,0
159941.SZ,20210317,20210315,2.6351,2.6351,,,2.6351,0
159941.SZ,20210318,20210316,2.6502,2.6502,,,2.6502,0
159941.SZ,20210319,20210317,2.6583,2.6583,,,2.6583,0
159941.SZ,20210320,20210318,2.5677,2.5677,,,2.5677,0
159941.SZ,20210323,20210319,2.5916,2.5916,,,2.5916,0
159941.SZ,20210324,20210322,2.6411,2.6411,,,2.6411,0
159941.SZ,20210325,20210323,2.623,2.623,,,2.623,0
159941.SZ,20210326,20210324,2.5861,2.5861,,,2.5861,0
159941.SZ,20210327,20210325,2.5833,2.5833,,,2.5833,0
159941.SZ,20210330,20210326,2.6239,2.6239,,,2.6239,0
159941.SZ,20210331,20210329,2.6237,2.6237,,,2.6237,0
159941.SZ,20210401,20210330,2.6183,2.6183,,,2.6183,0
159941.SZ,20210421,20210331,2.6621,2.6621,,753519739.27,2.6621,1
159941.SZ,20210403,20210401,2.7049,2.7049,,,2.7049,0
159941.SZ,20210407,20210402,2.7074,2.7074,,,2.7074,0
159941.SZ,20210408,20210406,2.757,2.757,,,2.757,0
159941.SZ,20210409,20210407,2.7613,2.7613,,,2.7613,0
159941.SZ,20210410,20210408,2.7942,2.7942,,,2.7942,0
159941.SZ,20210413,20210409,2.8125,2.8125,,,2.8125,0
159941.SZ,20210414,20210412,2.8137,2.8137,,,2.8137,0
159941.SZ,20210415,20210413,2.845,2.845,,,2.845,0
159941.SZ,20210416,20210414,2.8021,2.8021,,,2.8021,0
159941.SZ,20210417,20210415,2.8446,2.8446,,,2.8446,0
159941.SZ,20210420,20210416,2.8475,2.8475,,,2.8475,0
159941.SZ,20210421,20210419,2.8198,2.8198,,,2.8198,0
159941.SZ,20210422,20210420,2.7946,2.7946,,,2.7946,0
159941.SZ,20210423,20210421,2.8168,2.8168,,,2.8168,0
159941.SZ,20210424,20210422,2.7743,2.7743,,,2.7743,0
159941.SZ,20210427,20210423,2.8127,2.8127,,,2.8127,0
159941.SZ,20210428,20210426,2.8287,2.8287,,,2.8287,0
159941.SZ,20210429,20210427,2.8155,2.8155,,,2.8155,0
159941.SZ,20210430,20210428,2.8008,2.8008,,,2.8008,0
159941.SZ,20210501,20210429,2.8075,2.8075,,,2.8075,0
159941.SZ,20210507,20210430,2.7852,2.7852,,,2.7852,0
159941.SZ,20210508,20210506,2.7435,2.7435,,,2.7435,0
159941.SZ,20210511,20210507,2.7552,2.7552,,,2.7552,0
159941.SZ,20210512,20210510,2.6711,2.6711,,,2.6711,0
159941.SZ,20210513,20210511,2.6603,2.6603,,,2.6603,0
159941.SZ,20210514,20210512,2.5901,2.5901,,,2.5901,0
159941.SZ,20210515,20210513,2.6266,2.6266,,,2.6266,0
159941.SZ,20210518,20210514,2.6801,2.6801,,,2.6801,0
159941.SZ,20210519,20210517,2.6556,2.6556,,,2.6556,0
159941.SZ,20210520,20210518,2.6374,2.6374,,,2.6374,0
159941.SZ,20210521,20210519,2.6365,2.6365,,,2.6365,0
159941.SZ,20210522,20210520,2.695,2.695,,,2.695,0
159941.SZ,20210525,20210521,2.6705,2.6705,,,2.6705,0
159941.SZ,20210526,20210524,2.7216,2.7216,,,2.7216,0
159941.SZ,20210527,20210525,2.7199,2.7199,,,2.7199,0
159941.SZ,20210528,20210526,2.7211,2.7211,,,2.7211,0
159941.SZ,20210529,20210527,2.7081,2.7081,,,2.7081,0
159941.SZ,20210601,20210528,2.7049,2.7049,,,2.7049,0
159941.SZ,20210602,20210531,2.6975,2.6975,,,2.6975,0
159941.SZ,20210603,20210601,2.6862,2.6862,,,2.6862,0
159941.SZ,20210604,20210602,2.6979,2.6979,,,2.6979,0
159941.SZ,20210605,20210603,2.67,2.67,,,2.67,0
159941.SZ,20210608,20210604,2.7291,2.7291,,,2.7291,0
159941.SZ,20210609,20210607,2.7314,2.7314,,,2.7314,0
159941.SZ,20210610,20210608,2.7322,2.7322,,,2.7322,0
159941.SZ,20210611,20210609,2.7358,2.7358,,,2.7358,0
159941.SZ,20210612,20210610,2.7647,2.7647,,,2.7647,0
159941.SZ,20210616,20210611,2.767,2.767,,,2.767,0
159941.SZ,20210617,20210615,2.7846,2.7846,,,2.7846,0
159941.SZ,20210618,20210616,2.7773,2.7773,,,2.7773,0
159941.SZ,20210619,20210617,2.823,2.823,,,2.823,0
159941.SZ,20210622,20210618,2.8033,2.8033,,,2.8033,0
159941.SZ,20210623,20210621,2.8295,2.8295,,,2.8295,0
159941.SZ,20210624,20210622,2.8594,2.8594,,,2.8594,0
159941.SZ,20210625,20210623,2.8611,2.8611,,,2.8611,0
159941.SZ,20210626,20210624,2.8858,2.8858,,,2.8858,0
159941.SZ,20210629,20210625,2.8764,2.8764,,,2.8764,0
159941.SZ,20210630,20210628,2.9049,2.9049,,,2.9049,0
159941.SZ,20210701,20210629,2.9141,2.9141,,,2.9141,0
159941.SZ,20210720,20210630,2.9128,2.9128,,661349825.83,2.9128,1
159941.SZ,20210703,20210701,2.9193,2.9193,,,2.9193,0
159941.SZ,20210706,20210702,2.9561,2.9561,,,2.9561,0
159941.SZ,20210707,20210705,2.955,2.955,,,2.955,0
159941.SZ,20210708,20210706,2.9663,2.9663,,,2.9663,0
159941.SZ,20210709,20210707,2.9806,2.9806,,,2.9806,0
159941.SZ,20210710,20210708,2.9606,2.9606,,,2.9606,0
159941.SZ,20210713,20210709,2.9829,2.9829,,,2.9829,0
159941.SZ,20210714,20210712,2.9942,2.9942,,,2.9942,0
159941.SZ,20210715,20210713,2.9933,2.9933,,,2.9933,0
159941.SZ,20210716,20210714,3.0032,3.0032,,,3.0032,0
159941.SZ,20210717,20210715,2.9742,2.9742,,,2.9742,0
159941.SZ,20210720,20210716,2.9533,2.9533,,,2.9533,0
159941.SZ,20210721,20210719,2.9227,2.9227,,,2.9227,0
159941.SZ,20210722,20210720,2.9658,2.9658,,,2.9658,0
159941.SZ,20210723,20210721,2.9878,2.9878,,,2.9878,0
159941.SZ,20210724,20210722,2.9991,2.9991,,,2.9991,0
159941.SZ,20210727,20210723,3.0346,3.0346,,,3.0346,0
159941.SZ,20210728,20210726,3.0426,3.0426,,,3.0426,0
159941.SZ,20210729,20210727,3.0065,3.0065,,,3.0065,0
159941.SZ,20210730,20210728,3.0279,3.0279,,,3.0279,0
159941.SZ,20210731,20210729,3.0343,3.0343,,,3.0343,0
159941.SZ,20210803,20210730,3.0004,3.0004,,,3.0004,0
159941.SZ,20210804,20210802,3.0036,3.0036,,,3.0036,0
159941.SZ,20210805,20210803,3.021,3.021,,,3.021,0
159941.SZ,20210806,20210804,3.0279,3.0279,,,3.0279,0
159941.SZ,20210807,20210805,3.0498,3.0498,,,3.0498,0
159941.SZ,20210810,20210806,3.0322,3.0322,,,3.0322,0
159941.SZ,20210811,20210809,3.0472,3.0472,,,3.0472,0
159941.SZ,20210812,20210810,3.0305,3.0305,,,3.0305,0
159941.SZ,20210813,20210811,3.0244,3.0244,,,3.0244,0
159941.SZ,20210814,20210812,3.0336,3.0336,,,3.0336,0
159941.SZ,20210817,20210813,3.0455,3.0455,,,3.0455,0
159941.SZ,20210818,20210816,3.0423,3.0423,,,3.0423,0
159941.SZ,20210819,20210817,3.0166,3.0166,,,3.0166,0
159941.SZ,20210820,20210818,2.9946,2.9946,,,2.9946,0
159941.SZ,20210821,20210819,3.0074,3.0074,,,3.0074,0
159941.SZ,20210824,20210820,3.0459,3.0459,,,3.0459,0
159941.SZ,20210825,20210823,3.0899,3.0899,,,3.0899,0
159941.SZ,20210826,20210824,3.0912,3.0912,,,3.0912,0
159941.SZ,20210827,20210825,3.0897,3.0897,,,3.0897,0
159941.SZ,20210828,20210826,3.071,3.071,,,3.071,0
159941.SZ,20210831,20210827,3.1086,3.1086,,,3.1086,0
159941.SZ,20210901,20210830,3.1345,3.1345,,,3.1345,0
159941.SZ,20210902,20210831,3.1302,3.1302,,,3.1302,0
159941.SZ,20210903,20210901,3.1368,3.1368,,,3.1368,0
159941.SZ,20210904,20210902,3.1313,3.1313,,,3.1313,0
159941.SZ,20210907,20210903,3.1405,3.1405,,,3.1405,0
159941.SZ,20210908,20210906,3.138,3.138,,,3.138,0
159941.SZ,20210909,20210907,3.1436,3.1436,,,3.1436,0
159941.SZ,20210910,20210908,3.1388,3.1388,,,3.1388,0
159941.SZ,20210911,20210909,3.1242,3.1242,,,3.1242,0
159941.SZ,20210914,20210910,3.0977,3.0977,,,3.0977,0
159941.SZ,20210915,20210913,3.0932,3.0932,,,3.0932,0
159941.SZ,20210916,20210914,3.0834,3.0834,,,3.0834,0
159941.SZ,20210917,20210915,3.1063,3.1063,,,3.1063,0
159941.SZ,20210918,20210916,3.1014,3.1014,,,3.1014,0
159941.SZ,20210923,20210917,3.0736,3.0736,,,3.0736,0
159941.SZ,20210924,20210922,3.0497,3.0497,,,3.0497,0
159941.SZ,20210925,20210923,3.0798,3.0798,,,3.0798,0
159941.SZ,20210928,20210924,3.0756,3.0756,,,3.0756,0
159941.SZ,20210929,20210927,3.0549,3.0549,,,3.0549,0
159941.SZ,20210930,20210928,2.9645,2.9645,,,2.9645,0
159941.SZ,20211001,20210929,2.9634,2.9634,,,2.9634,0
159941.SZ,20211026,20210930,2.9592,2.9592,,719252311.69,2.9592,1
159941.SZ,20211012,20211008,2.9737,2.9737,,,2.9737,0
159941.SZ,20211013,20211011,2.9468,2.9468,,,2.9468,0
159941.SZ,20211014,20211012,2.9347,2.9347,,,2.9347,0
159941.SZ,20211015,20211013,2.9636,2.9636,,,2.9636,0
159941.SZ,20211016,20211014,3.0106,3.0106,,,3.0106,0
159941.SZ,20211019,20211015,3.0283,3.0283,,,3.0283,0
159941.SZ,20211020,20211018,3.0549,3.0549,,,3.0549,0
159941.SZ,20211021,20211019,3.0769,3.0769,,,3.0769,0
159941.SZ,20211022,20211020,3.0621,3.0621,,,3.0621,0
159941.SZ,20211023,20211021,3.0738,3.0738,,,3.0738,0
159941.SZ,20211026,20211022,3.0538,3.0538,,,3.0538,0
159941.SZ,20211027,20211025,3.0797,3.0797,,,3.0797,0
159941.SZ,20211028,20211026,3.087,3.087,,,3.087,0
159941.SZ,20211029,20211027,3.0931,3.0931,,,3.0931,0
159941.SZ,20211030,20211028,3.1331,3.1331,,,3.1331,0
159941.SZ,20211102,20211029,3.145,3.145,,,3.145,0
159941.SZ,20211103,20211101,3.1692,3.1692,,,3.1692,0
159941.SZ,20211104,20211102,3.174,3.174,,,3.174,0
159941.SZ,20211105,20211103,3.2114,3.2114,,,3.2114,0
159941.SZ,20211106,20211104,3.245,3.245,,,3.245,0
159941.SZ,20211109,20211105,3.2499,3.2499,,,3.2499,0
159941.SZ,20211110,20211108,3.2439,3.2439,,,3.2439,0
159941.SZ,20211111,20211109,3.2179,3.2179,,,3.2179,0
159941.SZ,20211112,20211110,3.1733,3.1733,,,3.1733,0
159941.SZ,20211113,20211111,3.1921,3.1921,,,3.1921,0
159941.SZ,20211116,20211112,3.2218,3.2218,,,3.2218,0
159941.SZ,20211117,20211115,3.2129,3.2129,,,3.2129,0
159941.SZ,20211118,20211116,3.2377,3.2377,,,3.2377,0
159941.SZ,20211119,20211117,3.2381,3.2381,,,3.2381,0
159941.SZ,20211120,20211118,3.2666,3.2666,,,3.2666,0
159941.SZ,20211123,20211119,3.2858,3.2858,,,3.2858,0
159941.SZ,20211124,20211122,3.2536,3.2536,,,3.2536,0
159941.SZ,20211125,20211123,3.2382,3.2382,,,3.2382,0
159941.SZ,20211126,20211124,3.2488,3.2488,,,3.2488,0
159941.SZ,20211127,20211125,3.2526,3.2526,,,3.2526,0
159941.SZ,20211130,20211126,3.1826,3.1826,,,3.1826,0
159941.SZ,20211201,20211129,3.2528,3.2528,,,3.2528,0
159941.SZ,20211202,20211130,3.1979,3.1979,,,3.1979,0
159941.SZ,20211203,20211201,3.1424,3.1424,,,3.1424,0
159941.SZ,20211204,20211202,3.1654,3.1654,,,3.1654,0
159941.SZ,20211207,20211203,3.1119,3.1119,,,3.1119,0
159941.SZ,20211208,20211206,3.1368,3.1368,,,3.1368,0
159941.SZ,20211209,20211207,3.2334,3.2334,,,3.2334,0
159941.SZ,20211210,20211208,3.2442,3.2442,,,3.2442,0
159941.SZ,20211211,20211209,3.1868,3.1868,,,3.1868,0
159941.SZ,20211214,20211210,3.2323,3.2323,,,3.2323,0
159941.SZ,20211215,20211213,3.1806,3.1806,,,3.1806,0
159941.SZ,20211216,20211214,3.1478,3.1478,,,3.1478,0
159941.SZ,20211217,20211215,3.2238,3.2238,,,3.2238,0
159941.SZ,20211218,20211216,3.1351,3.1351,,,3.1351,0
159941.SZ,20211221,20211217,3.1231,3.1231,,,3.1231,0
159941.SZ,20211222,20211220,3.1024,3.1024,,,3.1024,0
159941.SZ,20211223,20211221,3.1642,3.1642,,,3.1642,0
159941.SZ,20211224,20211222,3.204,3.204,,,3.204,0
159941.SZ,20211225,20211223,3.2283,3.2283,,,3.2283,0
159941.SZ,20211228,20211224,3.2302,3.2302,,,3.2302,0
159941.SZ,20211229,20211227,3.281,3.281,,,3.281,0
159941.SZ,20211230,20211228,3.268,3.268,,,3.268,0
159941.SZ,20211231,20211229,3.2687,3.2687,,,3.2687,0
159941.SZ,20220101,20211230,3.2518,3.2518,,,3.2518,0
159941.SZ,20220121,20211231,3.2339,3.2339,,1135260400.91,3.2339,1
159941.SZ,20220106,20220104,3.2329,3.2329,,,3.2329,0
159941.SZ,20220107,20220105,3.1296,3.1296,,,3.1296,0
159941.SZ,20220108,20220106,3.1238,3.1238,,,3.1238,0
159941.SZ,20220111,20220107,3.0887,3.0887,,,3.0887,0
159941.SZ,20220112,20220110,3.0898,3.0898,,,3.0898,0
159941.SZ,20220113,20220111,3.1359,3.1359,,,3.1359,0
159941.SZ,20220114,20220112,3.1484,3.1484,,,3.1484,0
159941.SZ,20220115,20220113,3.0598,3.0598,,,3.0598,0
159941.SZ,20220118,20220114,3.0887,3.0887,,,3.0887,0
159941.SZ,20220119,20220117,3.0849,3.0849,,,3.0849,0
159941.SZ,20220120,20220118,3.0027,3.0027,,,3.0027,0
159941.SZ,20220121,20220119,2.9726,2.9726,,,2.9726,0
159941.SZ,20220122,20220120,2.9261,2.9261,,,2.9261,0
159941.SZ,20220125,20220121,2.8445,2.8445,,,2.8445,0
159941.SZ,20220126,20220124,2.8532,2.8532,,,2.8532,0
159941.SZ,20220127,20220125,2.7827,2.7827,,,2.7827,0
159941.SZ,20220128,20220126,2.7819,2.7819,,,2.7819,0
159941.SZ,20220129,20220127,2.7521,2.7521,,,2.7521,0
159941.SZ,20220208,20220128,2.8577,2.8577,,,2.8577,0
159941.SZ,20220209,20220207,2.8768,2.8768,,,2.8768,0
159941.SZ,20220210,20220208,2.9119,2.9119,,,2.9119,0
159941.SZ,20220211,20220209,2.9768,2.9768,,,2.9768,0
159941.SZ,20220212,20220210,2.903,2.903,,,2.903,0
159941.SZ,20220215,20220211,2.8146,2.8146,,,2.8146,0
159941.SZ,20220216,20220214,2.8176,2.8176,,,2.8176,0
159941.SZ,20220217,20220215,2.8866,2.8866,,,2.8866,0
159941.SZ,20220218,20220216,2.8775,2.8775,,,2.8775,0
159941.SZ,20220219,20220217,2.7852,2.7852,,,2.7852,0
159941.SZ,20220222,20220218,2.754,2.754,,,2.754,0
159941.SZ,20220223,20220221,2.7561,2.7561,,,2.7561,0
159941.SZ,20220224,20220222,2.7314,2.7314,,,2.7314,0
159941.SZ,20220225,20220223,2.6522,2.6522,,,2.6522,0
159941.SZ,20220226,20220224,2.7421,2.7421,,,2.7421,0
159941.SZ,20220301,20220225,2.7865,2.7865,,,2.7865,0
159941.SZ,20220302,20220228,2.7922,2.7922,,,2.7922,0
159941.SZ,20220303,20220301,2.7387,2.7387,,,2.7387,0
159941.SZ,20220304,20220302,2.7986,2.7986,,,2.7986,0
159941.SZ,20220305,20220303,2.7437,2.7437,,,2.7437,0
159941.SZ,20220308,20220304,2.7162,2.7162,,,2.7162,0
159941.SZ,20220309,20220307,2.6219,2.6219,,,2.6219,0
159941.SZ,20220310,20220308,2.6,2.6,,,2.6,0
159941.SZ,20220311,20220309,2.6935,2.6935,,,2.6935,0
159941.SZ,20220312,20220310,2.6605,2.6605,,,2.6605,0
159941.SZ,20220315,20220311,2.6111,2.6111,,,2.6111,0
159941.SZ,20220316,20220314,2.5681,2.5681,,,2.5681,0
159941.SZ,20220317,20220315,2.6609,2.6609,,,2.6609,0
159941.SZ,20220318,20220316,2.7613,2.7613,,,2.7613,0
159941.SZ,20220319,20220317,2.7768,2.7768,,,2.7768,0
159941.SZ,20220322,20220318,2.8386,2.8386,,,2.8386,0
159941.SZ,20220323,20220321,2.8426,2.8426,,,2.8426,0
159941.SZ,20220324,20220322,2.8989,2.8989,,,2.8989,0
159941.SZ,20220325,20220323,2.8536,2.8536,,,2.8536,0
159941.SZ,20220326,20220324,2.9211,2.9211,,,2.9211,0
159941.SZ,20220329,20220325,2.9236,2.9236,,,2.9236,0
159941.SZ,20220330,20220328,2.9719,2.9719,,,2.9719,0
159941.SZ,20220331,20220329,3.0174,3.0174,,,3.0174,0
159941.SZ,20220401,20220330,2.9803,2.9803,,,2.9803,0
159941.SZ,20220421,20220331,2.9295,2.9295,,1186610953.21,2.9295,1
159941.SZ,20220407,20220401,2.9348,2.9348,,,2.9348,0
159941.SZ,20220408,20220406,2.8742,2.8742,,,2.8742,0
159941.SZ,20220409,20220407,2.8739,2.8739,,,2.8739,0
159941.SZ,20220412,20220408,2.8318,2.8318,,,2.8318,0
159941.SZ,20220413,20220411,2.7622,2.7622,,,2.7622,0
159941.SZ,20220414,20220412,2.7588,2.7588,,,2.7588,0
159941.SZ,20220415,20220413,2.8116,2.8116,,,2.8116,0
159941.SZ,20220416,20220414,2.7371,2.7371,,,2.7371,0
159941.SZ,20220419,20220415,2.752,2.752,,,2.752,0
159941.SZ,20220420,20220418,2.7508,2.7508,,,2.7508,0
159941.SZ,20220421,20220419,2.808,2.808,,,2.808,0
159941.SZ,20220422,20220420,2.7774,2.7774,,,2.7774,0
159941.SZ,20220423,20220421,2.7272,2.7272,,,2.7272,0
159941.SZ,20220426,20220422,2.6755,2.6755,,,2.6755,0
159941.SZ,20220427,20220425,2.7241,2.7241,,,2.7241,0
159941.SZ,20220428,20220426,2.6437,2.6437,,,2.6437,0
159941.SZ,20220429,20220427,2.6428,2.6428,,,2.6428,0
159941.SZ,20220430,20220428,2.7361,2.7361,,,2.7361,0
159941.SZ,20220506,20220429,2.6352,2.6352,,,2.6352,0
159941.SZ,20220507,20220505,2.6137,2.6137,,,2.6137,0
159941.SZ,20220510,20220506,2.6092,2.6092,,,2.6092,0
159941.SZ,20220511,20220509,2.5256,2.5256,,,2.5256,0
159941.SZ,20220512,20220510,2.5671,2.5671,,,2.5671,0
159941.SZ,20220513,20220511,2.4936,2.4936,,,2.4936,0
159941.SZ,20220514,20220512,2.4886,2.4886,,,2.4886,0
159941.SZ,20220517,20220513,2.6034,2.6034,,,2.6034,0
159941.SZ,20220518,20220516,2.572,2.572,,,2.572,0
159941.SZ,20220519,20220517,2.6383,2.6383,,,2.6383,0
159941.SZ,20220520,20220518,2.4888,2.4888,,,2.4888,0
159941.SZ,20220521,20220519,2.4798,2.4798,,,2.4798,0
159941.SZ,20220524,20220520,2.4683,2.4683,,,2.4683,0
159941.SZ,20220525,20220523,2.4809,2.4809,,,2.4809,0
159941.SZ,20220526,20220524,2.4185,2.4185,,,2.4185,0
159941.SZ,20220527,20220525,2.4542,2.4542,,,2.4542,0
159941.SZ,20220528,20220526,2.5302,2.5302,,,2.5302,0
159941.SZ,20220531,20220527,2.6373,2.6373,,,2.6373,0
159941.SZ,20220601,20220530,2.6242,2.6242,,,2.6242,0
159941.SZ,20220602,20220531,2.5995,2.5995,,,2.5995,0
159941.SZ,20220603,20220601,2.5819,2.5819,,,2.5819,0
159941.SZ,20220607,20220602,2.6696,2.6696,,,2.6696,0
159941.SZ,20220608,20220606,2.5931,2.5931,,,2.5931,0
159941.SZ,20220609,20220607,2.6146,2.6146,,,2.6146,0
159941.SZ,20220610,20220608,2.5944,2.5944,,,2.5944,0
159941.SZ,20220611,20220609,2.5302,2.5302,,,2.5302,0
159941.SZ,20220614,20220610,2.4473,2.4473,,,2.4473,0
159941.SZ,20220615,20220613,2.3416,2.3416,,,2.3416,0
159941.SZ,20220616,20220614,2.3568,2.3568,,,2.3568,0
159941.SZ,20220617,20220615,2.4162,2.4162,,,2.4162,0
159941.SZ,20220618,20220616,2.3047,2.3047,,,2.3047,0
159941.SZ,20220621,20220617,2.327,2.327,,,2.327,0
159941.SZ,20220622,20220620,2.334,2.334,,,2.334,0
159941.SZ,20220623,20220621,2.3817,2.3817,,,2.3817,0
159941.SZ,20220624,20220622,2.3868,2.3868,,,2.3868,0
159941.SZ,20220625,20220623,2.4206,2.4206,,,2.4206,0
159941.SZ,20220628,20220624,2.5014,2.5014,,,2.5014,0
159941.SZ,20220629,20220627,2.4758,2.4758,,,2.4758,0
159941.SZ,20220630,20220628,2.4027,2.4027,,,2.4027,0
159941.SZ,20220701,20220629,2.4106,2.4106,,,2.4106,0
159941.SZ,20220720,20220630,2.3819,2.3819,,7929359676.85,2.3819,1
159941.SZ,20220705,20220701,2.3898,2.3898,,,2.3898,0
159941.SZ,20220706,20220704,0.5992,2.3968,,,2.3968,0
159941.SZ,20220707,20220705,0.6086,2.4344,,,2.4344,0
159941.SZ,20220708,20220706,0.6146,2.4584,,,2.4584,0
159941.SZ,20220709,20220707,0.6269,2.5076,,,2.5076,0
159941.SZ,20220712,20220708,0.6273,2.5092,,,2.5092,0
159941.SZ,20220713,20220711,0.6123,2.4492,,,2.4492,0
159941.SZ,20220714,20220712,0.6093,2.4372,,,2.4372,0
159941.SZ,20220715,20220713,0.6084,2.4336,,,2.4336,0
159941.SZ,20220716,20220714,0.6103,2.4412,,,2.4412,0
159941.SZ,20220719,20220715,0.6236,2.4944,,,2.4944,0
159941.SZ,20220720,20220718,0.6175,2.47,,,2.47,0
159941.SZ,20220721,20220719,0.6367,2.5468,,,2.5468,0
159941.SZ,20220722,20220720,0.6467,2.5868,,,2.5868,0
159941.SZ,20220723,20220721,0.6576,2.6304,,,2.6304,0
159941.SZ,20220726,20220722,0.6451,2.5804,,,2.5804,0
159941.SZ,20220727,20220725,0.6417,2.5668,,,2.5668,0
159941.SZ,20220728,20220726,0.6286,2.5144,,,2.5144,0
159941.SZ,20220729,20220727,0.6574,2.6296,,,2.6296,0
159941.SZ,20220730,20220728,0.6603,2.6412,,,2.6412,0
159941.SZ,20220802,20220729,0.6725,2.69,,,2.69,0
159941.SZ,20220803,20220801,0.6724,2.6896,,,2.6896,0
159941.SZ,20220804,20220802,0.6702,2.6808,,,2.6808,0
159941.SZ,20220805,20220803,0.692,2.768,,,2.768,0
159941.SZ,20220806,20220804,0.6934,2.7736,,,2.7736,0
159941.SZ,20220809,20220805,0.6858,2.7432,,,2.7432,0
159941.SZ,20220810,20220808,0.6861,2.7444,,,2.7444,0
159941.SZ,20220811,20220809,0.6771,2.7084,,,2.7084,0
159941.SZ,20220812,20220810,0.6965,2.786,,,2.786,0
159941.SZ,20220813,20220811,0.6893,2.7572,,,2.7572,0
159941.SZ,20220816,20220812,0.7043,2.8172,,,2.8172,0
159941.SZ,20220817,20220815,0.7094,2.8376,,,2.8376,0
159941.SZ,20220818,20220816,0.711,2.844,,,2.844,0
159941.SZ,20220819,20220817,0.704,2.816,,,2.816,0
159941.SZ,20220820,20220818,0.7051,2.8204,,,2.8204,0
159941.SZ,20220823,20220819,0.694,2.776,,,2.776,0
159941.SZ,20220824,20220822,0.6769,2.7076,,,2.7076,0
159941.SZ,20220825,20220823,0.6796,2.7184,,,2.7184,0
159941.SZ,20220826,20220824,0.6801,2.7204,,,2.7204,0
159941.SZ,20220827,20220825,0.6934,2.7736,,,2.7736,0
159941.SZ,20220830,20220826,0.6646,2.6584,,,2.6584,0
159941.SZ,20220831,20220829,0.6602,2.6408,,,2.6408,0
159941.SZ,20220901,20220830,0.6537,2.6148,,,2.6148,0
159941.SZ,20220902,20220831,0.6509,2.6036,,,2.6036,0
159941.SZ,20220903,20220901,0.6503,2.6012,,,2.6012,0
159941.SZ,20220906,20220902,0.6418,2.5672,,,2.5672,0
159941.SZ,20220907,20220905,0.6425,2.57,,,2.57,0
159941.SZ,20220908,20220906,0.6388,2.5552,,,2.5552,0
159941.SZ,20220909,20220907,0.6523,2.6092,,,2.6092,0
159941.SZ,20220910,20220908,0.6556,2.6224,,,2.6224,1
159941.SZ,20220914,20220909,0.6693,2.6772,,,2.6772,0
159941.SZ,20220915,20220913,0.6382,2.5528,,,2.5528,0
159941.SZ,20220916,20220914,0.6452,2.5808,,,2.5808,0
159941.SZ,20220917,20220915,0.6341,2.5364,,,2.5364,0
159941.SZ,20220920,20220916,0.6323,2.5292,,,2.5292,0
159941.SZ,20220921,20220919,0.638,2.552,,,2.552,0
159941.SZ,20220922,20220920,0.6332,2.5328,,,2.5328,0
159941.SZ,20220923,20220921,0.6224,2.4896,,,2.4896,0
159941.SZ,20220924,20220922,0.6174,2.4696,,,2.4696,0
159941.SZ,20220927,20220923,0.6082,2.4328,,,2.4328,0
159941.SZ,20220928,20220926,0.6085,2.434,,,2.434,0
159941.SZ,20220929,20220927,0.6131,2.4524,,,2.4524,0
159941.SZ,20220930,20220928,0.6287,2.5148,,,2.5148,0
159941.SZ,20221001,20220929,0.6106,2.4424,,,2.4424,0
159941.SZ,20221026,20220930,0.5992,2.3968,,10615154375.25,2.3968,1
159941.SZ,20221012,20221010,0.5965,2.386,,,2.386,0
159941.SZ,20221013,20221011,0.5898,2.3592,,,2.3592,0
159941.SZ,20221014,20221012,0.5897,2.3588,,,2.3588,0
159941.SZ,20221015,20221013,0.603,2.412,,,2.412,0
159941.SZ,20221018,20221014,0.5843,2.3372,,,2.3372,0
159941.SZ,20221019,20221017,0.6044,2.4176,,,2.4176,0
159941.SZ,20221020,20221018,0.609,2.436,,,2.436,0
159941.SZ,20221021,20221019,0.6066,2.4264,,,2.4264,0
159941.SZ,20221022,20221020,0.6042,2.4168,,,2.4168,0
159941.SZ,20221025,20221021,0.6185,2.474,,,2.474,0
159941.SZ,20221026,20221024,0.6253,2.5012,,,2.5012,0
159941.SZ,20221027,20221025,0.6422,2.5688,,,2.5688,0
159941.SZ,20221028,20221026,0.6274,2.5096,,,2.5096,0
159941.SZ,20221029,20221027,0.6152,2.4608,,,2.4608,0
159941.SZ,20221101,20221028,0.6356,2.5424,,,2.5424,0
159941.SZ,20221102,20221031,0.6285,2.514,,,2.514,0
159941.SZ,20221103,20221101,0.6247,2.4988,,,2.4988,0
159941.SZ,20221104,20221102,0.6044,2.4176,,,2.4176,0
159941.SZ,20221105,20221103,0.5948,2.3792,,,2.3792,0
159941.SZ,20221108,20221104,0.6048,2.4192,,,2.4192,0
159941.SZ,20221109,20221107,0.6092,2.4368,,,2.4368,0
159941.SZ,20221110,20221108,0.6126,2.4504,,,2.4504,0
159941.SZ,20221111,20221109,0.5986,2.3944,,,2.3944,0
159941.SZ,20221112,20221110,0.6447,2.5788,,,2.5788,0
159941.SZ,20221115,20221111,0.6521,2.6084,,,2.6084,0
159941.SZ,20221116,20221114,0.6373,2.5492,,,2.5492,0
159941.SZ,20221117,20221115,0.6425,2.57,,,2.57,0
159941.SZ,20221118,20221116,0.6329,2.5316,,,2.5316,0
159941.SZ,20221119,20221117,0.6341,2.5364,,,2.5364,0
159941.SZ,20221122,20221118,0.6377,2.5508,,,2.5508,0
159941.SZ,20221123,20221121,0.6323,2.5292,,,2.5292,0
159941.SZ,20221124,20221122,0.6448,2.5792,,,2.5792,0
159941.SZ,20221125,20221123,0.6479,2.5916,,,2.5916,0
159941.SZ,20221126,20221124,0.6472,2.5888,,,2.5888,0
159941.SZ,20221129,20221125,0.6438,2.5752,,,2.5752,0
159941.SZ,20221130,20221128,0.637,2.548,,,2.548,0
159941.SZ,20221201,20221129,0.6354,2.5416,,,2.5416,0
159941.SZ,20221202,20221130,0.6621,2.6484,,,2.6484,0
159941.SZ,20221203,20221201,0.6585,2.634,,,2.634,0
159941.SZ,20221206,20221202,0.6499,2.5996,,,2.5996,0
159941.SZ,20221207,20221205,0.6373,2.5492,,,2.5492,0
159941.SZ,20221208,20221206,0.6196,2.4784,,,2.4784,0
159941.SZ,20221209,20221207,0.6186,2.4744,,,2.4744,0
159941.SZ,20221210,20221208,0.623,2.492,,,2.492,0
159941.SZ,20221213,20221209,0.6189,2.4756,,,2.4756,0
159941.SZ,20221214,20221212,0.6262,2.5048,,,2.5048,0
159941.SZ,20221215,20221213,0.6344,2.5376,,,2.5376,0
159941.SZ,20221216,20221214,0.6276,2.5104,,,2.5104,0
159941.SZ,20221217,20221215,0.6051,2.4204,,,2.4204,0
159941.SZ,20221220,20221216,0.6033,2.4132,,,2.4132,0
159941.SZ,20221221,20221219,0.5949,2.3796,,,2.3796,0
159941.SZ,20221222,20221220,0.5953,2.3812,,,2.3812,0
159941.SZ,20221223,20221221,0.6025,2.41,,,2.41,0
159941.SZ,20221224,20221222,0.5887,2.3548,,,2.3548,0
159941.SZ,20221227,20221223,0.5908,2.3632,,,2.3632,0
159941.SZ,20221228,20221226,0.5909,2.3636,,,2.3636,0
159941.SZ,20221229,20221227,0.5803,2.3212,,,2.3212,0
159941.SZ,20221230,20221228,0.5736,2.2944,,,2.2944,0
159941.SZ,20221231,20221229,0.5888,2.3552,,,2.3552,0
159941.SZ,20230104,20221230,0.5871,2.3484,,,2.3484,0
159941.SZ,20230120,20221231,0.587,2.348,,11476569245.86,2.348,1
159941.SZ,20230105,20230103,0.5816,2.3264,,,2.3264,0
159941.SZ,20230106,20230104,0.5822,2.3288,,,2.3288,0
159941.SZ,20230107,20230105,0.5715,2.286,,,2.286,0
159941.SZ,20230110,20230106,0.5873,2.3492,,,2.3492,0
159941.SZ,20230111,20230109,0.5855,2.342,,,2.342,0
159941.SZ,20230112,20230110,0.5853,2.3412,,,2.3412,0
159941.SZ,20230113,20230111,0.5965,2.386,,,2.386,0
159941.SZ,20230114,20230112,0.5987,2.3948,,,2.3948,0
159941.SZ,20230117,20230113,0.5997,2.3988,,,2.3988,0
159941.SZ,20230118,20230116,0.5983,2.3932,,,2.3932,0
159941.SZ,20230119,20230117,0.5998,2.3992,,,2.3992,0
159941.SZ,20230120,20230118,0.5953,2.3812,,,2.3812,0
159941.SZ,20230121,20230119,0.5901,2.3604,,,2.3604,0
159941.SZ,20230131,20230120,0.6068,2.4272,,,2.4272,0
159941.SZ,20230201,20230130,0.6213,2.4852,,,2.4852,0
159941.SZ,20230202,20230131,0.6307,2.5228,,,2.5228,0
159941.SZ,20230203,20230201,0.643,2.572,,,2.572,0
159941.SZ,20230204,20230202,0.6621,2.6484,,,2.6484,0
159941.SZ,20230207,20230203,0.6529,2.6116,,,2.6116,0
159941.SZ,20230208,20230206,0.6503,2.6012,,,2.6012,0
159941.SZ,20230209,20230207,0.6656,2.6624,,,2.6624,0
159941.SZ,20230210,20230208,0.6517,2.6068,,,2.6068,0
159941.SZ,20230211,20230209,0.6471,2.5884,,,2.5884,0
159941.SZ,20230214,20230210,0.6431,2.5724,,,2.5724,0
159941.SZ,20230215,20230213,0.6555,2.622,,,2.622,0
159941.SZ,20230216,20230214,0.6598,2.6392,,,2.6392,0
159941.SZ,20230217,20230215,0.6656,2.6624,,,2.6624,0
159941.SZ,20230218,20230216,0.6561,2.6244,,,2.6244,0
159941.SZ,20230221,20230217,0.653,2.612,,,2.612,0
159941.SZ,20230222,20230220,0.6528,2.6112,,,2.6112,0
159941.SZ,20230223,20230221,0.6365,2.546,,,2.546,0
159941.SZ,20230224,20230222,0.6385,2.554,,,2.554,0
159941.SZ,20230225,20230223,0.6465,2.586,,,2.586,0
159941.SZ,20230228,20230224,0.6347,2.5388,,,2.5388,0
159941.SZ,20230301,20230227,0.6447,2.5788,,,2.5788,0
159941.SZ,20230302,20230228,0.6434,2.5736,,,2.5736,0
159941.SZ,20230303,20230301,0.6369,2.5476,,,2.5476,0
159941.SZ,20230304,20230302,0.6374,2.5496,,,2.5496,0
159941.SZ,20230307,20230303,0.653,2.612,,,2.612,0
159941.SZ,20230308,20230306,0.6521,2.6084,,,2.6084,0
159941.SZ,20230309,20230307,0.6459,2.5836,,,2.5836,0
159941.SZ,20230310,20230308,0.6525,2.61,,,2.61,0
159941.SZ,20230311,20230309,0.642,2.568,,,2.568,0
159941.SZ,20230314,20230310,0.6331,2.5324,,,2.5324,0
159941.SZ,20230315,20230313,0.6356,2.5424,,,2.5424,0
159941.SZ,20230316,20230314,0.6464,2.5856,,,2.5856,0
159941.SZ,20230317,20230315,0.6466,2.5864,,,2.5864,0
159941.SZ,20230318,20230316,0.668,2.672,,,2.672,0
159941.SZ,20230321,20230317,0.6637,2.6548,,,2.6548,0
159941.SZ,20230322,20230320,0.663,2.652,,,2.652,0
159941.SZ,20230323,20230321,0.673,2.692,,,2.692,0
159941.SZ,20230324,20230322,0.6633,2.6532,,,2.6532,0
159941.SZ,20230325,20230323,0.6716,2.6864,,,2.6864,0
159941.SZ,20230328,20230324,0.6705,2.682,,,2.682,0
159941.SZ,20230329,20230327,0.6687,2.6748,,,2.6748,0
159941.SZ,20230330,20230328,0.6658,2.6632,,,2.6632,0
159941.SZ,20230331,20230329,0.6783,2.7132,,,2.7132,0
159941.SZ,20230401,20230330,0.6856,2.7424,,,2.7424,0
159941.SZ,20230421,20230331,0.6954,2.7816,,14758803410.98,2.7816,1
159941.SZ,20230405,20230403,0.6945,2.778,,,2.778,0
159941.SZ,20230407,20230404,0.6911,2.7644,,,2.7644,0
159941.SZ,20230408,20230406,0.6894,2.7576,,,2.7576,0
159941.SZ,20230411,20230407,0.6902,2.7608,,,2.7608,0
159941.SZ,20230412,20230410,0.6888,2.7552,,,2.7552,0
159941.SZ,20230413,20230411,0.6855,2.742,,,2.742,0
159941.SZ,20230414,20230412,0.679,2.716,,,2.716,0
159941.SZ,20230415,20230413,0.6909,2.7636,,,2.7636,0
159941.SZ,20230418,20230414,0.6888,2.7552,,,2.7552,0
159941.SZ,20230419,20230417,0.6898,2.7592,,,2.7592,0
159941.SZ,20230420,20230418,0.6913,2.7652,,,2.7652,0
159941.SZ,20230421,20230419,0.6902,2.7608,,,2.7608,0
159941.SZ,20230422,20230420,0.6873,2.7492,,,2.7492,0
159941.SZ,20230425,20230421,0.6858,2.7432,,,2.7432,0
159941.SZ,20230426,20230424,0.685,2.74,,,2.74,0
159941.SZ,20230427,20230425,0.6723,2.6892,,,2.6892,0
159941.SZ,20230428,20230426,0.6798,2.7192,,,2.7192,0
159941.SZ,20230429,20230427,0.698,2.792,,,2.792,0
159941.SZ,20230505,20230428,0.7029,2.8116,,,2.8116,0
159941.SZ,20230506,20230504,0.687,2.748,,,2.748,0
159941.SZ,20230509,20230505,0.7022,2.8088,,,2.8088,0
159941.SZ,20230510,20230508,0.7044,2.8176,,,2.8176,0
159941.SZ,20230511,20230509,0.7007,2.8028,,,2.8028,0
159941.SZ,20230512,20230510,0.7088,2.8352,,,2.8352,0
159941.SZ,20230513,20230511,0.709,2.836,,,2.836,0
159941.SZ,20230516,20230512,0.7104,2.8416,,,2.8416,0
159941.SZ,20230517,20230515,0.716,2.864,,,2.864,0
159941.SZ,20230518,20230516,0.715,2.86,,,2.86,0
159941.SZ,20230519,20230517,0.7263,2.9052,,,2.9052,0
159941.SZ,20230520,20230518,0.7418,2.9672,,,2.9672,0
159941.SZ,20230523,20230519,0.7442,2.9768,,,2.9768,0
159941.SZ,20230524,20230522,0.7444,2.9776,,,2.9776,0
159941.SZ,20230525,20230523,0.7366,2.9464,,,2.9464,0
159941.SZ,20230526,20230524,0.7353,2.9412,,,2.9412,0
159941.SZ,20230527,20230525,0.7521,3.0084,,,3.0084,0
159941.SZ,20230530,20230526,0.7739,3.0956,,,3.0956,0
159941.SZ,20230531,20230529,0.7719,3.0876,,,3.0876,0
159941.SZ,20230601,20230530,0.7775,3.11,,,3.11,0
159941.SZ,20230602,20230531,0.7723,3.0892,,,3.0892,0
159941.SZ,20230603,20230601,0.7839,3.1356,,,3.1356,0
159941.SZ,20230606,20230602,0.7892,3.1568,,,3.1568,0
159941.SZ,20230607,20230605,0.7893,3.1572,,,3.1572,0
159941.SZ,20230608,20230606,0.7913,3.1652,,,3.1652,0
159941.SZ,20230609,20230607,0.7791,3.1164,,,3.1164,0
159941.SZ,20230610,20230608,0.7899,3.1596,,,3.1596,0
159941.SZ,20230613,20230609,0.7906,3.1624,,,3.1624,0
159941.SZ,20230614,20230612,0.8054,3.2216,,,3.2216,0
159941.SZ,20230615,20230613,0.8148,3.2592,,,3.2592,0
159941.SZ,20230616,20230614,0.8211,3.2844,,,3.2844,0
159941.SZ,20230617,20230615,0.8297,3.3188,,,3.3188,0
159941.SZ,20230620,20230616,0.8219,3.2876,,,3.2876,0
159941.SZ,20230621,20230619,0.8208,3.2832,,,3.2832,0
159941.SZ,20230622,20230620,0.8244,3.2976,,,3.2976,0
159941.SZ,20230627,20230621,0.8155,3.262,,,3.262,0
159941.SZ,20230628,20230626,0.8087,3.2348,,,3.2348,0
159941.SZ,20230629,20230627,0.8232,3.2928,,,3.2928,0
159941.SZ,20230630,20230628,0.8243,3.2972,,,3.2972,0
159941.SZ,20230701,20230629,0.8242,3.2968,,,3.2968,0
159941.SZ,20230720,20230630,0.8379,3.3516,,17025795204.86,3.3516,1
159941.SZ,20230705,20230703,0.8383,3.3532,,,3.3532,0
159941.SZ,20230706,20230704,0.837,3.348,,,3.348,0
159941.SZ,20230707,20230705,0.8358,3.3432,,,3.3432,0
159941.SZ,20230708,20230706,0.8309,3.3236,,,3.3236,0
159941.SZ,20230711,20230707,0.8274,3.3096,,,3.3096,0
159941.SZ,20230712,20230710,0.8266,3.3064,,,3.3064,0
159941.SZ,20230713,20230711,0.8302,3.3208,,,3.3208,0
159941.SZ,20230714,20230712,0.8389,3.3556,,,3.3556,0
159941.SZ,20230715,20230713,0.8504,3.4016,,,3.4016,0
159941.SZ,20230718,20230714,0.8475,3.39,,,3.39,0
159941.SZ,20230719,20230717,0.8556,3.4224,,,3.4224,0
159941.SZ,20230720,20230718,0.8639,3.4556,,,3.4556,0
159941.SZ,20230721,20230719,0.8636,3.4544,,,3.4544,0
159941.SZ,20230722,20230720,0.8442,3.3768,,,3.3768,0
159941.SZ,20230725,20230721,0.8419,3.3676,,,3.3676,0
159941.SZ,20230726,20230724,0.8435,3.374,,,3.374,0
159941.SZ,20230727,20230725,0.8492,3.3968,,,3.3968,0
159941.SZ,20230728,20230726,0.845,3.38,,,3.38,0
159941.SZ,20230729,20230727,0.8424,3.3696,,,3.3696,0
159941.SZ,20230801,20230728,0.859,3.436,,,3.436,0
159941.SZ,20230802,20230731,0.8587,3.4348,,,3.4348,0
159941.SZ,20230803,20230801,0.8559,3.4236,,,3.4236,0
159941.SZ,20230804,20230802,0.8381,3.3524,,,3.3524,0
159941.SZ,20230805,20230803,0.8385,3.354,,,3.354,0
159941.SZ,20230808,20230804,0.8337,3.3348,,,3.3348,0
159941.SZ,20230809,20230807,0.8402,3.3608,,,3.3608,0
159941.SZ,20230810,20230808,0.8352,3.3408,,,3.3408,0
159941.SZ,20230811,20230809,0.8258,3.3032,,,3.3032,0
159941.SZ,20230812,20230810,0.8272,3.3088,,,3.3088,0
159941.SZ,20230815,20230811,0.822,3.288,,,3.288,0
159941.SZ,20230816,20230814,0.8329,3.3316,,,3.3316,0
159941.SZ,20230817,20230815,0.8247,3.2988,,,3.2988,0
159941.SZ,20230818,20230816,0.8184,3.2736,,,3.2736,0
159941.SZ,20230819,20230817,0.8109,3.2436,,,3.2436,0
159941.SZ,20230822,20230818,0.8085,3.234,,,3.234,0
159941.SZ,20230823,20230821,0.822,3.288,,,3.288,0
159941.SZ,20230824,20230822,0.8205,3.282,,,3.282,0
159941.SZ,20230825,20230823,0.8338,3.3352,,,3.3352,0
159941.SZ,20230826,20230824,0.8145,3.258,,,3.258,0
159941.SZ,20230829,20230825,0.821,3.284,,,3.284,0
159941.SZ,20230830,20230828,0.8265,3.306,,,3.306,0
159941.SZ,20230831,20230829,0.8448,3.3792,,,3.3792,0
159941.SZ,20230901,20230830,0.8493,3.3972,,,3.3972,0
159941.SZ,20230902,20230831,0.8514,3.4056,,,3.4056,0
159941.SZ,20230905,20230901,0.8503,3.4012,,,3.4012,0
159941.SZ,20230906,20230904,0.8502,3.4008,,,3.4008,0
159941.SZ,20230907,20230905,0.8514,3.4056,,,3.4056,0
159941.SZ,20230908,20230906,0.8453,3.3812,,,3.3812,0
159941.SZ,20230909,20230907,0.8392,3.3568,,,3.3568,0
159941.SZ,20230912,20230908,0.8422,3.3688,,,3.3688,0
159941.SZ,20230913,20230911,0.8527,3.4108,,,3.4108,0
159941.SZ,20230914,20230912,0.8411,3.3644,,,3.3644,0
159941.SZ,20230915,20230913,0.8437,3.3748,,,3.3748,0
159941.SZ,20230916,20230914,0.8507,3.4028,,,3.4028,0
159941.SZ,20230919,20230915,0.8346,3.3384,,,3.3384,0
159941.SZ,20230920,20230918,0.8352,3.3408,,,3.3408,0
159941.SZ,20230921,20230919,0.8333,3.3332,,,3.3332,0
159941.SZ,20230922,20230920,0.8207,3.2828,,,3.2828,0
159941.SZ,20230923,20230921,0.8055,3.222,,,3.222,0
159941.SZ,20230926,20230922,0.8055,3.222,,,3.222,0
159941.SZ,20230927,20230925,0.8093,3.2372,,,3.2372,0
159941.SZ,20230928,20230926,0.7967,3.1868,,,3.1868,0
159941.SZ,20230929,20230927,0.7982,3.1928,,,3.1928,0
159941.SZ,20231010,20230928,0.8057,3.2228,,,3.2228,0
159941.SZ,20231025,20230930,0.8064,3.2235,,15720840540.95,3.2256,0
159941.SZ,20231011,20231009,0.8252,3.3008,,,3.3008,0
159941.SZ,20231012,20231010,0.8297,3.3188,,,3.3188,0
159941.SZ,20231013,20231011,0.8358,3.3432,,,3.3432,0
159941.SZ,20231014,20231012,0.8323,3.3292,,,3.3292,0
159941.SZ,20231017,20231013,0.8218,3.2872,,,3.2872,0
159941.SZ,20231018,20231016,0.8318,3.3272,,,3.3272,0
159941.SZ,20231019,20231017,0.8289,3.3156,,,3.3156,0
159941.SZ,20231020,20231018,0.8169,3.2676,,,3.2676,0
159941.SZ,20231021,20231019,0.8098,3.2392,,,3.2392,0
159941.SZ,20231024,20231020,0.7974,3.1896,,,3.1896,0
159941.SZ,20231025,20231023,0.7998,3.1992,,,3.1992,0
159941.SZ,20231026,20231024,0.8075,3.23,,,3.23,0
159941.SZ,20231027,20231025,0.7872,3.1488,,,3.1488,0
159941.SZ,20231028,20231026,0.7714,3.0856,,,3.0856,0
159941.SZ,20231031,20231027,0.7754,3.1016,,,3.1016,0
159941.SZ,20231101,20231030,0.7846,3.1384,,,3.1384,0
159941.SZ,20231102,20231031,0.7884,3.1536,,,3.1536,0
159941.SZ,20231103,20231101,0.8029,3.2116,,,3.2116,0
159941.SZ,20231104,20231102,0.8172,3.2688,,,3.2688,0
159941.SZ,20231107,20231103,0.8271,3.3084,,,3.3084,0
159941.SZ,20231108,20231106,0.8304,3.3216,,,3.3216,0
159941.SZ,20231109,20231107,0.8382,3.3528,,,3.3528,0
159941.SZ,20231110,20231108,0.8391,3.3564,,,3.3564,0
159941.SZ,20231111,20231109,0.832,3.328,,,3.328,0
159941.SZ,20231114,20231110,0.8509,3.4036,,,3.4036,0
159941.SZ,20231115,20231113,0.8484,3.3936,,,3.3936,0
159941.SZ,20231116,20231114,0.8661,3.4644,,,3.4644,0
159941.SZ,20231117,20231115,0.8663,3.4652,,,3.4652,0
159941.SZ,20231118,20231116,0.8674,3.4696,,,3.4696,0
159941.SZ,20231121,20231117,0.8673,3.4692,,,3.4692,0
159941.SZ,20231122,20231120,0.8762,3.5048,,,3.5048,0
159941.SZ,20231123,20231121,0.8687,3.4748,,,3.4748,0
159941.SZ,20231124,20231122,0.8706,3.4824,,,3.4824,0
159941.SZ,20231125,20231123,0.8701,3.4804,,,3.4804,0
159941.SZ,20231128,20231124,0.8679,3.4716,,,3.4716,0
159941.SZ,20231129,20231127,0.8669,3.4676,,,3.4676,0
159941.SZ,20231130,20231128,0.8696,3.4784,,,3.4784,0
159941.SZ,20231201,20231129,0.8663,3.4652,,,3.4652,0
159941.SZ,20231202,20231130,0.8639,3.4556,,,3.4556,0
159941.SZ,20231205,20231201,0.8672,3.4688,,,3.4688,0
159941.SZ,20231206,20231204,0.8574,3.4296,,,3.4296,0
159941.SZ,20231207,20231205,0.8615,3.446,,,3.446,0
159941.SZ,20231208,20231206,0.8566,3.4264,,,3.4264,0
159941.SZ,20231209,20231207,0.87,3.48,,,3.48,0
159941.SZ,20231212,20231208,0.8727,3.4908,,,3.4908,0
159941.SZ,20231213,20231211,0.8786,3.5144,,,3.5144,0
159941.SZ,20231214,20231212,0.8858,3.5432,,,3.5432,0
159941.SZ,20231215,20231213,0.8962,3.5848,,,3.5848,0
159941.SZ,20231216,20231214,0.8944,3.5776,,,3.5776,0
159941.SZ,20231219,20231215,0.8971,3.5884,,,3.5884,0
159941.SZ,20231220,20231218,0.9029,3.6116,,,3.6116,0
159941.SZ,20231221,20231219,0.9081,3.6324,,,3.6324,0
159941.SZ,20231222,20231220,0.894,3.576,,,3.576,0
159941.SZ,20231223,20231221,0.9055,3.622,,,3.622,0
159941.SZ,20231226,20231222,0.9058,3.6232,,,3.6232,0
159941.SZ,20231227,20231225,0.9064,3.6256,,,3.6256,0
159941.SZ,20231228,20231226,0.9113,3.6452,,,3.6452,0
159941.SZ,20231229,20231227,0.9132,3.6528,,,3.6528,0
159941.SZ,20231230,20231228,0.9124,3.6496,,,3.6496,0
159941.SZ,20240103,20231229,0.9066,3.6264,,,3.6264,0
159941.SZ,20240119,20231231,0.9066,3.6264,,16740309800.33,3.6264,1
159941.SZ,20240104,20240102,0.8906,3.5624,,,3.5624,0
159941.SZ,20240105,20240103,0.8841,3.5364,,,3.5364,0
159941.SZ,20240106,20240104,0.8793,3.5172,,,3.5172,0
159941.SZ,20240109,20240105,0.881,3.524,,,3.524,0
159941.SZ,20240110,20240108,0.8992,3.5968,,,3.5968,0
159941.SZ,20240111,20240109,0.9008,3.6032,,,3.6032,0
159941.SZ,20240112,20240110,0.9077,3.6308,,,3.6308,0
159941.SZ,20240113,20240111,0.9095,3.638,,,3.638,0
159941.SZ,20240116,20240112,0.9096,3.6384,,,3.6384,0
159941.SZ,20240117,20240115,0.91,3.64,,,3.64,0
159941.SZ,20240118,20240116,0.9105,3.642,,,3.642,0
159941.SZ,20240119,20240117,0.9058,3.6232,,,3.6232,0
159941.SZ,20240120,20240118,0.919,3.676,,,3.676,0
159941.SZ,20240123,20240119,0.9367,3.7468,,,3.7468,0
159941.SZ,20240124,20240122,0.9367,3.7468,,,3.7468,0
159941.SZ,20240125,20240123,0.9407,3.7628,,,3.7628,0
159941.SZ,20240126,20240124,0.9451,3.7804,,,3.7804,0
159941.SZ,20240127,20240125,0.9459,3.7836,,,3.7836,0
159941.SZ,20240130,20240126,0.9411,3.7644,,,3.7644,0
159941.SZ,20240131,20240129,0.9508,3.8032,,,3.8032,0
159941.SZ,20240201,20240130,0.944,3.776,,,3.776,0
159941.SZ,20240202,20240131,0.9254,3.7016,,,3.7016,0
159941.SZ,20240203,20240201,0.9366,3.7464,,,3.7464,0
159941.SZ,20240206,20240202,0.9525,3.81,,,3.81,0
159941.SZ,20240207,20240205,0.9517,3.8068,,,3.8068,0
159941.SZ,20240208,20240206,0.9497,3.7988,,,3.7988,0
159941.SZ,20240209,20240207,0.9592,3.8368,,,3.8368,0
159941.SZ,20240220,20240208,0.9607,3.8428,,,3.8428,0
159941.SZ,20240221,20240219,0.9552,3.8208,,,3.8208,0
159941.SZ,20240222,20240220,0.948,3.792,,,3.792,0
159941.SZ,20240223,20240221,0.944,3.776,,,3.776,0
159941.SZ,20240224,20240222,0.9722,3.8888,,,3.8888,0
159941.SZ,20240227,20240223,0.9692,3.8768,,,3.8768,0
159941.SZ,20240228,20240226,0.969,3.876,,,3.876,0
159941.SZ,20240229,20240227,0.9707,3.8828,,,3.8828,0
159941.SZ,20240301,20240228,0.9657,3.8628,,,3.8628,0
159941.SZ,20240302,20240229,0.9744,3.8976,,,3.8976,0
159941.SZ,20240305,20240301,0.9884,3.9536,,,3.9536,0
159941.SZ,20240306,20240304,0.9837,3.9348,,,3.9348,0
159941.SZ,20240307,20240305,0.9664,3.8656,,,3.8656,0
159941.SZ,20240308,20240306,0.9726,3.8904,,,3.8904,0
159941.SZ,20240309,20240307,0.9875,3.95,,,3.95,0
159941.SZ,20240312,20240308,0.9724,3.8896,,,3.8896,0
159941.SZ,20240313,20240311,0.9685,3.874,,,3.874,0
159941.SZ,20240314,20240312,0.9828,3.9312,,,3.9312,0
159941.SZ,20240315,20240313,0.9745,3.898,,,3.898,0
159941.SZ,20240316,20240314,0.9723,3.8892,,,3.8892,0
159941.SZ,20240319,20240315,0.9612,3.8448,,,3.8448,0
159941.SZ,20240320,20240318,0.9704,3.8816,,,3.8816,0
159941.SZ,20240321,20240319,0.9734,3.8936,,,3.8936,0
159941.SZ,20240322,20240320,0.9845,3.938,,,3.938,0
159941.SZ,20240323,20240321,0.9883,3.9532,,,3.9532,0
159941.SZ,20240326,20240322,0.9902,3.9608,,,3.9608,0
159941.SZ,20240327,20240325,0.9867,3.9468,,,3.9468,0
159941.SZ,20240328,20240326,0.9823,3.9292,,,3.9292,0
159941.SZ,20240329,20240327,0.986,3.944,,,3.944,0
159941.SZ,20240330,20240328,0.9846,3.9384,,,3.9384,0
159941.SZ,20240402,20240329,0.9846,3.9384,,,3.9384,0
159941.SZ,20240419,20240331,0.9846,3.9384,,19617702954.46,3.9384,0
159941.SZ,20240403,20240401,0.9865,3.946,,,3.946,0
159941.SZ,20240404,20240402,0.9777,3.9108,,,3.9108,0
159941.SZ,20240409,20240403,0.9797,3.9188,,,3.9188,0
159941.SZ,20240410,20240408,0.9764,3.9056,,,3.9056,0
159941.SZ,20240411,20240409,0.9803,3.9212,,,3.9212,0
159941.SZ,20240412,20240410,0.9722,3.8888,,,3.8888,0
159941.SZ,20240413,20240411,0.9882,3.9528,,,3.9528,0
159941.SZ,20240416,20240412,0.972,3.888,,,3.888,0
159941.SZ,20240417,20240415,0.9561,3.8244,,,3.8244,0
159941.SZ,20240418,20240416,0.957,3.828,,,3.828,0
159941.SZ,20240419,20240417,0.9451,3.7804,,,3.7804,0
159941.SZ,20240420,20240418,0.9397,3.7588,,,3.7588,0
159941.SZ,20240423,20240419,0.9205,3.682,,,3.682,0
159941.SZ,20240424,20240422,0.9297,3.7188,,,3.7188,0
159941.SZ,20240425,20240423,0.944,3.776,,,3.776,0
159941.SZ,20240426,20240424,0.9467,3.7868,,,3.7868,0
159941.SZ,20240427,20240425,0.9415,3.766,,,3.766,0
159941.SZ,20240430,20240426,0.9572,3.8288,,,3.8288,0
159941.SZ,20240501,20240429,0.9605,3.842,,,3.842,0
159941.SZ,20240507,20240430,0.9421,3.7684,,,3.7684,0
159941.SZ,20240508,20240506,0.977,3.908,,,3.908,0
159941.SZ,20240509,20240507,0.9769,3.9076,,,3.9076,0
159941.SZ,20240510,20240508,0.9767,3.9068,,,3.9068,0
159941.SZ,20240511,20240509,0.9784,3.9136,,,3.9136,0
159941.SZ,20240514,20240510,0.9806,3.9224,,,3.9224,0
159941.SZ,20240515,20240513,0.9825,3.93,,,3.93,0
159941.SZ,20240516,20240514,0.9896,3.9584,,,3.9584,0
159941.SZ,20240517,20240515,1.0044,4.0176,,,4.0176,0
159941.SZ,20240518,20240516,1.0021,4.0084,,,4.0084,0
159941.SZ,20240521,20240517,1.0016,4.0064,,,4.0064,0
159941.SZ,20240522,20240520,1.0084,4.0336,,,4.0336,0
159941.SZ,20240523,20240521,1.0108,4.0432,,,4.0432,0
159941.SZ,20240524,20240522,1.0104,4.0416,,,4.0416,0
159941.SZ,20240525,20240523,1.0065,4.026,,,4.026,0
159941.SZ,20240528,20240524,1.0165,4.066,,,4.066,0
159941.SZ,20240529,20240527,1.0163,4.0652,,,4.0652,0
159941.SZ,20240530,20240528,1.0202,4.0808,,,4.0808,0
159941.SZ,20240531,20240529,1.0133,4.0532,,,4.0532,0
159941.SZ,20240601,20240530,1.0023,4.0092,,,4.0092,0
159941.SZ,20240604,20240531,1.0017,4.0068,,,4.0068,0
159941.SZ,20240605,20240603,1.0053,4.0212,,,4.0212,0
159941.SZ,20240606,20240604,1.0083,4.0332,,,4.0332,0
159941.SZ,20240607,20240605,1.0289,4.1156,,,4.1156,0
159941.SZ,20240608,20240606,1.0285,4.114,,,4.114,0
159941.SZ,20240612,20240607,1.0274,4.1096,,,4.1096,0
159941.SZ,20240613,20240611,1.039,4.156,,,4.156,0
159941.SZ,20240614,20240612,1.0529,4.2116,,,4.2116,0
159941.SZ,20240615,20240613,1.0584,4.2336,,,4.2336,0
159941.SZ,20240618,20240614,1.0633,4.2532,,,4.2532,0
159941.SZ,20240619,20240617,1.076,4.304,,,4.304,0
159941.SZ,20240620,20240618,1.0764,4.3056,,,4.3056,0
159941.SZ,20240621,20240619,1.0764,4.3056,,,4.3056,0
159941.SZ,20240622,20240620,1.0684,4.2736,,,4.2736,0
159941.SZ,20240625,20240621,1.0655,4.262,,,4.262,0
159941.SZ,20240626,20240624,1.0532,4.2128,,,4.2128,0
159941.SZ,20240627,20240625,1.0661,4.2644,,,4.2644,0
159941.SZ,20240628,20240626,1.0692,4.2768,,,4.2768,0
159941.SZ,20240629,20240627,1.0714,4.2856,,,4.2856,0
159941.SZ,20240702,20240628,1.0654,4.2616,,,4.2616,0
159941.SZ,20240718,20240630,1.0654,4.2616,,21193443531.56,4.2616,1
159941.SZ,20240703,20240701,1.0723,4.2892,,,4.2892,0
159941.SZ,20240704,20240702,1.0834,4.3336,,,4.3336,0
159941.SZ,20240705,20240703,1.0933,4.3732,,,4.3732,0
159941.SZ,20240706,20240704,1.0932,4.3728,,,4.3728,0
159941.SZ,20240709,20240705,1.1042,4.4168,,,4.4168,0
159941.SZ,20240710,20240708,1.1065,4.426,,,4.426,0
159941.SZ,20240711,20240709,1.1077,4.4308,,,4.4308,0
159941.SZ,20240712,20240710,1.1203,4.4812,,,4.4812,0
159941.SZ,20240713,20240711,1.0949,4.3796,,,4.3796,0
159941.SZ,20240716,20240712,1.1008,4.4032,,,4.4032,0
159941.SZ,20240717,20240715,1.1037,4.4148,,,4.4148,0
159941.SZ,20240718,20240716,1.1044,4.4176,,,4.4176,0
159941.SZ,20240719,20240717,1.0719,4.2876,,,4.2876,0
159941.SZ,20240720,20240718,1.0665,4.266,,,4.266,0
159941.SZ,20240723,20240719,1.057,4.228,,,4.228,0
159941.SZ,20240724,20240722,1.0736,4.2944,,,4.2944,0
159941.SZ,20240725,20240723,1.0698,4.2792,,,4.2792,0
159941.SZ,20240726,20240724,1.0314,4.1256,,,4.1256,0
159941.SZ,20240727,20240725,1.02,4.08,,,4.08,0
159941.SZ,20240730,20240726,1.0296,4.1184,,,4.1184,0
159941.SZ,20240731,20240729,1.0322,4.1288,,,4.1288,0
159941.SZ,20240801,20240730,1.0187,4.0748,,,4.0748,0
159941.SZ,20240802,20240731,1.0488,4.1952,,,4.1952,0
159941.SZ,20240803,20240801,1.0234,4.0936,,,4.0936,0
159941.SZ,20240806,20240802,1.0001,4.0004,,,4.0004,0
159941.SZ,20240807,20240805,0.97,3.88,,,3.88,0
159941.SZ,20240808,20240806,0.9794,3.9176,,,3.9176,0
159941.SZ,20240809,20240807,0.9695,3.878,,,3.878,0
159941.SZ,20240810,20240808,0.9999,3.9996,,,3.9996,0
159941.SZ,20240813,20240809,1.0051,4.0204,,,4.0204,0
159941.SZ,20240814,20240812,1.0069,4.0276,,,4.0276,0
159941.SZ,20240815,20240813,1.0322,4.1288,,,4.1288,0
159941.SZ,20240816,20240814,1.0321,4.1284,,,4.1284,0
159941.SZ,20240817,20240815,1.0571,4.2284,,,4.2284,0
159941.SZ,20240820,20240816,1.0592,4.2368,,,4.2368,0
159941.SZ,20240821,20240819,1.0725,4.29,,,4.29,0
159941.SZ,20240822,20240820,1.0687,4.2748,,,4.2748,0
159941.SZ,20240823,20240821,1.074,4.296,,,4.296,0
159941.SZ,20240824,20240822,1.0549,4.2196,,,4.2196,0
159941.SZ,20240827,20240823,1.0691,4.2764,,,4.2764,0
159941.SZ,20240828,20240826,1.0552,4.2208,,,4.2208,0
159941.SZ,20240829,20240827,1.0602,4.2408,,,4.2408,0
159941.SZ,20240830,20240828,1.0477,4.1908,,,4.1908,0
159941.SZ,20240831,20240829,1.0471,4.1884,,,4.1884,0
159941.SZ,20240903,20240830,1.058,4.232,,,4.232,0
159941.SZ,20240904,20240902,1.0565,4.226,,,4.226,0
159941.SZ,20240905,20240903,1.0244,4.0976,,,4.0976,0
159941.SZ,20240906,20240904,1.0229,4.0916,,,4.0916,0
159941.SZ,20240907,20240905,1.0215,4.086,,,4.086,0
159941.SZ,20240910,20240906,0.9936,3.9744,,,3.9744,0
159941.SZ,20240911,20240909,1.0071,4.0284,,,4.0284,0
159941.SZ,20240912,20240910,1.018,4.072,,,4.072,0
159941.SZ,20240913,20240911,1.0405,4.162,,,4.162,0
159941.SZ,20240914,20240912,1.051,4.204,,,4.204,0
159941.SZ,20240919,20240913,1.0532,4.2128,,,4.2128,0
159941.SZ,20240920,20240918,1.0419,4.1676,,,4.1676,0
159941.SZ,20240921,20240919,1.0702,4.2808,,,4.2808,0
159941.SZ,20240924,20240920,1.0626,4.2504,,,4.2504,0
159941.SZ,20240925,20240923,1.064,4.256,,,4.256,0
159941.SZ,20240926,20240924,1.0688,4.2752,,,4.2752,0
159941.SZ,20240927,20240925,1.0659,4.2636,,,4.2636,0
159941.SZ,20240928,20240926,1.0757,4.3028,,,4.3028,0
159941.SZ,20241001,20240927,1.0664,4.2656,,,4.2656,0
159941.SZ,20241025,20240930,1.0687,4.2748,,21804836474.42,4.2748,1
159941.SZ,20241010,20241008,1.0802,4.3208,,,4.3208,0
159941.SZ,20241011,20241009,1.0865,4.346,,,4.346,0
159941.SZ,20241012,20241010,1.0876,4.3504,,,4.3504,0
159941.SZ,20241015,20241011,1.0889,4.3556,,,4.3556,0
159941.SZ,20241016,20241014,1.0978,4.3912,,,4.3912,0
159941.SZ,20241017,20241015,1.0845,4.338,,,4.338,0
159941.SZ,20241018,20241016,1.0905,4.362,,,4.362,0
159941.SZ,20241019,20241017,1.0918,4.3672,,,4.3672,0
159941.SZ,20241022,20241018,1.0997,4.3988,,,4.3988,0
159941.SZ,20241023,20241021,1.0976,4.3904,,,4.3904,0
159941.SZ,20241024,20241022,1.1025,4.41,,,4.41,0
159941.SZ,20241025,20241023,1.0856,4.3424,,,4.3424,0
159941.SZ,20241026,20241024,1.0951,4.3804,,,4.3804,0
159941.SZ,20241029,20241025,1.0987,4.3948,,,4.3948,0
159941.SZ,20241030,20241028,1.1017,4.4068,,,4.4068,0
159941.SZ,20241031,20241029,1.112,4.448,,,4.448,0
159941.SZ,20241101,20241030,1.1049,4.4196,,,4.4196,0
159941.SZ,20241102,20241031,1.0759,4.3036,,,4.3036,0
159941.SZ,20241105,20241101,1.082,4.328,,,4.328,0
159941.SZ,20241106,20241104,1.0791,4.3164,,,4.3164,0
159941.SZ,20241107,20241105,1.0906,4.3624,,,4.3624,0
159941.SZ,20241108,20241106,1.1199,4.4796,,,4.4796,0
159941.SZ,20241109,20241107,1.1472,4.5888,,,4.5888,0
159941.SZ,20241112,20241108,1.1446,4.5784,,,4.5784,0
159941.SZ,20241113,20241111,1.1493,4.5972,,,4.5972,0
159941.SZ,20241114,20241112,1.1498,4.5992,,,4.5992,0
159941.SZ,20241115,20241113,1.1488,4.5952,,,4.5952,0
159941.SZ,20241116,20241114,1.1408,4.5632,,,4.5632,0
159941.SZ,20241119,20241115,1.114,4.456,,,4.456,0
159941.SZ,20241120,20241118,1.1204,4.4816,,,4.4816,0
159941.SZ,20241121,20241119,1.1282,4.5128,,,4.5128,0
159941.SZ,20241122,20241120,1.1274,4.5096,,,4.5096,0
159941.SZ,20241123,20241121,1.1315,4.526,,,4.526,0
159941.SZ,20241126,20241122,1.1329,4.5316,,,4.5316,0
159941.SZ,20241127,20241125,1.1341,4.5364,,,4.5364,0
159941.SZ,20241128,20241126,1.1403,4.5612,,,4.5612,0
159941.SZ,20241129,20241127,1.1319,4.5276,,,4.5276,0
159941.SZ,20241130,20241128,1.1305,4.522,,,4.522,0
159941.SZ,20241203,20241129,1.1402,4.5608,,,4.5608,0
159941.SZ,20241204,20241202,1.1526,4.6104,,,4.6104,0
159941.SZ,20241205,20241203,1.1578,4.6312,,,4.6312,0
159941.SZ,20241206,20241204,1.1711,4.6844,,,4.6844,0
159941.SZ,20241207,20241205,1.1668,4.6672,,,4.6672,0
159941.SZ,20241210,20241206,1.1765,4.706,,,4.706,0
159941.SZ,20241211,20241209,1.168,4.672,,,4.672,0
159941.SZ,20241212,20241210,1.165,4.66,,,4.66,0
159941.SZ,20241213,20241211,1.1855,4.742,,,4.742,0
159941.SZ,20241214,20241212,1.1777,4.7108,,,4.7108,0
159941.SZ,20241217,20241213,1.1862,4.7448,,,4.7448,0
159941.SZ,20241218,20241216,1.2028,4.8112,,,4.8112,0
159941.SZ,20241219,20241217,1.198,4.792,,,4.792,0
159941.SZ,20241220,20241218,1.1551,4.6204,,,4.6204,0
159941.SZ,20241221,20241219,1.1503,4.6012,,,4.6012,0
159941.SZ,20241224,20241220,1.1595,4.638,,,4.638,0
159941.SZ,20241225,20241223,1.171,4.684,,,4.684,0
159941.SZ,20241226,20241224,1.1869,4.7476,,,4.7476,0
159941.SZ,20241227,20241225,1.1867,4.7468,,,4.7468,0
159941.SZ,20241228,20241226,1.1858,4.7432,,,4.7432,0
159941.SZ,20241231,20241227,1.1698,4.6792,,,4.6792,0
159941.SZ,20250101,20241230,1.1549,4.6196,,,4.6196,0
159941.SZ,20250121,20241231,1.145,4.58,,23791846787.27,4.58,1
159941.SZ,20250104,20250102,1.1426,4.5704,,,4.5704,0
159941.SZ,20250107,20250103,1.1613,4.6452,,,4.6452,0
159941.SZ,20250108,20250106,1.1743,4.6972,,,4.6972,0
159941.SZ,20250109,20250107,1.1538,4.6152,,,4.6152,0
159941.SZ,20250110,20250108,1.1545,4.618,,,4.618,0
159941.SZ,20250111,20250109,1.1544,4.6176,,,4.6176,0
159941.SZ,20250114,20250110,1.1365,4.546,,,4.546,0
159941.SZ,20250115,20250113,1.1331,4.5324,,,4.5324,0
159941.SZ,20250116,20250114,1.1313,4.5252,,,4.5252,0
159941.SZ,20250117,20250115,1.1573,4.6292,,,4.6292,0
159941.SZ,20250118,20250116,1.1491,4.5964,,,4.5964,0
159941.SZ,20250121,20250117,1.1679,4.6716,,,4.6716,0
159941.SZ,20250122,20250120,1.1677,4.6708,,,4.6708,0
159941.SZ,20250123,20250121,1.1716,4.6864,,,4.6864,0
159941.SZ,20250124,20250122,1.1866,4.7464,,,4.7464,0
159941.SZ,20250125,20250123,1.1892,4.7568,,,4.7568,0
159941.SZ,20250128,20250124,1.1824,4.7296,,,4.7296,0
159941.SZ,20250206,20250127,1.1476,4.5904,,,4.5904,0
159941.SZ,20250207,20250205,1.1733,4.6932,,,4.6932,0
159941.SZ,20250208,20250206,1.1787,4.7148,,,4.7148,0
159941.SZ,20250211,20250207,1.1634,4.6536,,,4.6536,0
159941.SZ,20250212,20250210,1.1774,4.7096,,,4.7096,0
159941.SZ,20250213,20250211,1.1742,4.6968,,,4.6968,0
159941.SZ,20250214,20250212,1.1753,4.7012,,,4.7012,0
159941.SZ,20250215,20250213,1.1922,4.7688,,,4.7688,0
159941.SZ,20250218,20250214,1.1965,4.786,,,4.786,0
159941.SZ,20250219,20250217,1.1963,4.7852,,,4.7852,0
159941.SZ,20250220,20250218,1.1985,4.794,,,4.794,0
159941.SZ,20250221,20250219,1.1998,4.7992,,,4.7992,0
159941.SZ,20250222,20250220,1.1946,4.7784,,,4.7784,0
159941.SZ,20250225,20250221,1.1699,4.6796,,,4.6796,0
159941.SZ,20250226,20250224,1.1565,4.626,,,4.626,0
159941.SZ,20250227,20250225,1.1421,4.5684,,,4.5684,0
159941.SZ,20250228,20250226,1.1445,4.578,,,4.578,0
159941.SZ,20250301,20250227,1.1134,4.4536,,,4.4536,0
159941.SZ,20250304,20250228,1.1313,4.5252,,,4.5252,0
159941.SZ,20250305,20250303,1.1067,4.4268,,,4.4268,0
159941.SZ,20250306,20250304,1.1027,4.4108,,,4.4108,0
159941.SZ,20250307,20250305,1.1171,4.4684,,,4.4684,0
159941.SZ,20250308,20250306,1.0861,4.3444,,,4.3444,0
159941.SZ,20250311,20250307,1.0942,4.3768,,,4.3768,0
159941.SZ,20250312,20250310,1.0531,4.2124,,,4.2124,0
159941.SZ,20250313,20250311,1.0503,4.2012,,,4.2012,0
159941.SZ,20250314,20250312,1.0615,4.246,,,4.246,0
159941.SZ,20250315,20250313,1.042,4.168,,,4.168,0
159941.SZ,20250318,20250314,1.068,4.272,,,4.272,0
159941.SZ,20250319,20250317,1.073,4.292,,,4.292,0
159941.SZ,20250320,20250318,1.0558,4.2232,,,4.2232,0
159941.SZ,20250321,20250319,1.069,4.276,,,4.276,0
159941.SZ,20250322,20250320,1.0666,4.2664,,,4.2664,0
159941.SZ,20250325,20250321,1.071,4.284,,,4.284,0
159941.SZ,20250326,20250324,1.0942,4.3768,,,4.3768,0
159941.SZ,20250327,20250325,1.1001,4.4004,,,4.4004,0
159941.SZ,20250328,20250326,1.0796,4.3184,,,4.3184,0
159941.SZ,20250329,20250327,1.0734,4.2936,,,4.2936,0
159941.SZ,20250401,20250328,1.0452,4.1808,,,4.1808,0
159941.SZ,20250421,20250331,1.0454,4.1816,,22434800700.41,4.1816,1
159941.SZ,20250403,20250401,1.0538,4.2152,,,4.2152,0
159941.SZ,20250404,20250402,1.062,4.248,,,4.248,0
159941.SZ,20250408,20250403,1.0061,4.0244,,,4.0244,0
159941.SZ,20250409,20250407,0.9483,3.7932,,,3.7932,0
159941.SZ,20250410,20250408,0.9307,3.7228,,,3.7228,0
159941.SZ,20250411,20250409,1.0417,4.1668,,,4.1668,0
159941.SZ,20250412,20250410,0.9988,3.9952,,,3.9952,0
159941.SZ,20250415,20250411,1.0173,4.0692,,,4.0692,0
159941.SZ,20250416,20250414,1.0234,4.0936,,,4.0936,0
159941.SZ,20250417,20250415,1.0252,4.1008,,,4.1008,0
159941.SZ,20250418,20250416,0.9947,3.9788,,,3.9788,0
159941.SZ,20250419,20250417,0.9941,3.9764,,,3.9764,0
159941.SZ,20250422,20250418,0.9939,3.9756,,,3.9756,0
159941.SZ,20250423,20250421,0.9695,3.878,,,3.878,0
159941.SZ,20250424,20250422,0.9948,3.9792,,,3.9792,0
159941.SZ,20250425,20250423,1.0177,4.0708,,,4.0708,0
159941.SZ,20250426,20250424,1.0455,4.182,,,4.182,0
159941.SZ,20250429,20250425,1.0569,4.2276,,,4.2276,0
159941.SZ,20250430,20250428,1.0563,4.2252,,,4.2252,0
159941.SZ,20250501,20250429,1.0624,4.2496,,,4.2496,0
159941.SZ,20250507,20250430,1.0636,4.2544,,,4.2544,0
159941.SZ,20250508,20250506,1.0749,4.2996,,,4.2996,0
159941.SZ,20250509,20250507,1.079,4.316,,,4.316,0
159941.SZ,20250510,20250508,1.0905,4.362,,,4.362,0
159941.SZ,20250513,20250509,1.0906,4.3624,,,4.3624,0
159941.SZ,20250514,20250512,1.1335,4.534,,,4.534,0
159941.SZ,20250515,20250513,1.1502,4.6008,,,4.6008,0
159941.SZ,20250516,20250514,1.1563,4.6252,,,4.6252,0
159941.SZ,20250517,20250515,1.1573,4.6292,,,4.6292,0
159941.SZ,20250520,20250516,1.1621,4.6484,,,4.6484,0
159941.SZ,20250521,20250519,1.1627,4.6508,,,4.6508,0
159941.SZ,20250522,20250520,1.1588,4.6352,,,4.6352,0
159941.SZ,20250523,20250521,1.1436,4.5744,,,4.5744,0
159941.SZ,20250524,20250522,1.1448,4.5792,,,4.5792,0
159941.SZ,20250527,20250523,1.1345,4.538,,,4.538,0
159941.SZ,20250528,20250526,1.1331,4.5324,,,4.5324,0
159941.SZ,20250529,20250527,1.1601,4.6404,,,4.6404,0
159941.SZ,20250530,20250528,1.1552,4.6208,,,4.6208,0
159941.SZ,20250531,20250529,1.1577,4.6308,,,4.6308,0
159941.SZ,20250604,20250530,1.1558,4.6232,,,4.6232,0
159941.SZ,20250605,20250603,1.1735,4.694,,,4.694,0
159941.SZ,20250606,20250604,1.1769,4.7076,,,4.7076,0
159941.SZ,20250607,20250605,1.1668,4.6672,,,4.6672,0
159941.SZ,20250610,20250606,1.1779,4.7116,,,4.7116,0
159941.SZ,20250611,20250609,1.1805,4.722,,,4.722,0
159941.SZ,20250612,20250610,1.1878,4.7512,,,4.7512,0
159941.SZ,20250613,20250611,1.1828,4.7312,,,4.7312,0
159941.SZ,20250614,20250612,1.1857,4.7428,,,4.7428,0
159941.SZ,20250617,20250613,1.1705,4.682,,,4.682,0
159941.SZ,20250618,20250616,1.187,4.748,,,4.748,0
159941.SZ,20250619,20250617,1.1746,4.6984,,,4.6984,0
159941.SZ,20250620,20250618,1.1749,4.6996,,,4.6996,0
159941.SZ,20250621,20250619,1.1744,4.6976,,,4.6976,0
159941.SZ,20250624,20250620,1.1697,4.6788,,,4.6788,0
159941.SZ,20250625,20250623,1.1814,4.7256,,,4.7256,0
159941.SZ,20250626,20250624,1.1976,4.7904,,,4.7904,0
159941.SZ,20250627,20250625,1.2004,4.8016,,,4.8016,0
159941.SZ,20250628,20250626,1.2107,4.8428,,,4.8428,0
159941.SZ,20250701,20250627,1.215,4.86,,,4.86,0
159941.SZ,20250718,20250630,1.222,4.888,,26698905868.53,4.888,1
159941.SZ,20250703,20250701,1.2105,4.842,,,4.842,0
159941.SZ,20250704,20250702,1.2194,4.8776,,,4.8776,0
159941.SZ,20250705,20250703,1.231,4.924,,,4.924,0
159941.SZ,20250708,20250704,1.2312,4.9248,,,4.9248,0
159941.SZ,20250709,20250707,1.2209,4.8836,,,4.8836,0
159941.SZ,20250710,20250708,1.2223,4.8892,,,4.8892,0
159941.SZ,20250711,20250709,1.231,4.924,,,4.924,0
159941.SZ,20250712,20250710,1.2287,4.9148,,,4.9148,0
159941.SZ,20250715,20250711,1.2256,4.9024,,,4.9024,0
159941.SZ,20250716,20250714,1.2296,4.9184,,,4.9184,0
159941.SZ,20250717,20250715,1.2312,4.9248,,,4.9248,0
159941.SZ,20250718,20250716,1.2327,4.9308,,,4.9308,0
159941.SZ,20250719,20250717,1.2405,4.962,,,4.962,0
159941.SZ,20250722,20250718,1.2403,4.9612,,,4.9612,0
159941.SZ,20250723,20250721,1.2468,4.9872,,,4.9872,0
159941.SZ,20250724,20250722,1.2397,4.9588,,,4.9588,0
159941.SZ,20250725,20250723,1.2442,4.9768,,,4.9768,0
159941.SZ,20250726,20250724,1.2468,4.9872,,,4.9872,0
159941.SZ,20250729,20250725,1.25,5.0,,,5.0,0
159941.SZ,20250730,20250728,1.2552,5.0208,,,5.0208,0
159941.SZ,20250731,20250729,1.2535,5.014,,,5.014,0
159941.SZ,20250801,20250730,1.2543,5.0172,,,5.0172,0
159941.SZ,20250802,20250731,1.2484,4.9936,,,4.9936,0
159941.SZ,20250805,20250801,1.224,4.896,,,4.896,0
159941.SZ,20250806,20250804,1.2447,4.9788,,,4.9788,0
159941.SZ,20250807,20250805,1.2352,4.9408,,,4.9408,0
159941.SZ,20250808,20250806,1.2514,5.0056,,,5.0056,0
159941.SZ,20250809,20250807,1.2543,5.0172,,,5.0172,0
159941.SZ,20250812,20250808,1.267,5.068,,,5.068,0
159941.SZ,20250813,20250811,1.2631,5.0524,,,5.0524,0
159941.SZ,20250814,20250812,1.2801,5.1204,,,5.1204,0
159941.SZ,20250815,20250813,1.2794,5.1176,,,5.1176,0
159941.SZ,20250816,20250814,1.2785,5.114,,,5.114,0
159941.SZ,20250819,20250815,1.2726,5.0904,,,5.0904,0
159941.SZ,20250820,20250818,1.2717,5.0868,,,5.0868,0
159941.SZ,20250821,20250819,1.2547,5.0188,,,5.0188,0
159941.SZ,20250822,20250820,1.2479,4.9916,,,4.9916,0
159941.SZ,20250823,20250821,1.2407,4.9628,,,4.9628,0
159941.SZ,20250826,20250822,1.2601,5.0404,,,5.0404,0
159941.SZ,20250827,20250825,1.2536,5.0144,,,5.0144,0
159941.SZ,20250828,20250826,1.2593,5.0372,,,5.0372,0
159941.SZ,20250829,20250827,1.2601,5.0404,,,5.0404,0
159941.SZ,20250830,20250828,1.2665,5.066,,,5.066,0
159941.SZ,20250902,20250829,1.2507,5.0028,,,5.0028,0
159941.SZ,20250903,20250901,1.2513,5.0052,,,5.0052,0
159941.SZ,20250904,20250902,1.2417,4.9668,,,4.9668,0
159941.SZ,20250905,20250903,1.2518,5.0072,,,5.0072,0
159941.SZ,20250906,20250904,1.2624,5.0496,,,5.0496,0
159941.SZ,20250909,20250905,1.2638,5.0552,,,5.0552,0
159941.SZ,20250910,20250908,1.269,5.076,,,5.076,0
159941.SZ,20250911,20250909,1.2726,5.0904,,,5.0904,0
159941.SZ,20250912,20250910,1.2741,5.0964,,,5.0964,0
159941.SZ,20250913,20250911,1.2811,5.1244,,,5.1244,0
159941.SZ,20250916,20250912,1.2863,5.1452,,,5.1452,0
159941.SZ,20250917,20250915,1.2977,5.1908,,,5.1908,0
159941.SZ,20250918,20250916,1.2961,5.1844,,,5.1844,0
159941.SZ,20250919,20250917,1.2931,5.1724,,,5.1724,0
159941.SZ,20250920,20250918,1.3065,5.226,,,5.226,0
159941.SZ,20250923,20250919,1.3163,5.2652,,,5.2652,0
159941.SZ,20250924,20250922,1.3232,5.2928,,,5.2928,0
159941.SZ,20250925,20250923,1.3128,5.2512,,,5.2512,0
159941.SZ,20250926,20250924,1.3091,5.2364,,,5.2364,0
159941.SZ,20250927,20250925,1.3041,5.2164,,,5.2164,0
159941.SZ,20250930,20250926,1.3104,5.2416,,,5.2416,0
159941.SZ,20251001,20250929,1.3147,5.2588,,,5.2588,0
159941.SZ,20251028,20250930,1.3177,5.2708,,29019708608.7,5.2708,1
159941.SZ,20251011,20251009,1.3404,5.3616,,,5.3616,0
159941.SZ,20251014,20251010,1.2927,5.1708,,,5.1708,0
159941.SZ,20251015,20251013,1.3199,5.2796,,,5.2796,0
159941.SZ,20251016,20251014,1.3111,5.2444,,,5.2444,0
159941.SZ,20251017,20251015,1.3194,5.2776,,,5.2776,0
159941.SZ,20251018,20251016,1.3142,5.2568,,,5.2568,0
159941.SZ,20251021,20251017,1.3223,5.2892,,,5.2892,0
159941.SZ,20251022,20251020,1.3397,5.3588,,,5.3588,0
159941.SZ,20251023,20251021,1.3382,5.3528,,,5.3528,0
159941.SZ,20251024,20251022,1.3255,5.302,,,5.302,0
159941.SZ,20251025,20251023,1.3363,5.3452,,,5.3452,0
159941.SZ,20251028,20251024,1.3501,5.4004,,,5.4004,0
159941.SZ,20251029,20251027,1.3738,5.4952,,,5.4952,0
159941.SZ,20251030,20251028,1.3835,5.534,,,5.534,0
159941.SZ,20251031,20251029,1.389,5.556,,,5.556,0
159941.SZ,20251101,20251030,1.3689,5.4756,,,5.4756,0
159941.SZ,20251104,20251031,1.3757,5.5028,,,5.5028,0
159941.SZ,20251105,20251103,1.3815,5.526,,,5.526,0
159941.SZ,20251106,20251104,1.3533,5.4132,,,5.4132,0
159941.SZ,20251107,20251105,1.3633,5.4532,,,5.4532,0
159941.SZ,20251108,20251106,1.3367,5.3468,,,5.3468,0
159941.SZ,20251111,20251107,1.3323,5.3292,,,5.3292,0
159941.SZ,20251112,20251110,1.3619,5.4476,,,5.4476,0
159941.SZ,20251113,20251111,1.358,5.432,,,5.432,0
159941.SZ,20251114,20251112,1.3565,5.426,,,5.426,0
159941.SZ,20251115,20251113,1.3294,5.3176,,,5.3176,0
159941.SZ,20251118,20251114,1.3295,5.318,,,5.318,0
159941.SZ,20251119,20251117,1.3183,5.2732,,,5.2732,0
159941.SZ,20251120,20251118,1.3034,5.2136,,,5.2136,0
159941.SZ,20251121,20251119,1.3109,5.2436,,,5.2436,0
159941.SZ,20251122,20251120,1.2808,5.1232,,,5.1232,0
159941.SZ,20251125,20251121,1.2901,5.1604,,,5.1604,0
159941.SZ,20251126,20251124,1.3229,5.2916,,,5.2916,0
159941.SZ,20251127,20251125,1.3302,5.3208,,,5.3208,0
159941.SZ,20251128,20251126,1.3412,5.3648,,,5.3648,0
159941.SZ,20251129,20251127,1.3409,5.3636,,,5.3636,0
159941.SZ,20251202,20251128,1.3515,5.406,,,5.406,0
159941.SZ,20251203,20251201,1.346,5.384,,,5.384,0
159941.SZ,20251204,20251202,1.3579,5.4316,,,5.4316,0
159941.SZ,20251205,20251203,1.3599,5.4396,,,5.4396,0
159941.SZ,20251206,20251204,1.3582,5.4328,,,5.4328,0
159941.SZ,20251209,20251205,1.3644,5.4576,,,5.4576,0
159941.SZ,20251210,20251208,1.3612,5.4448,,,5.4448,0
159941.SZ,20251211,20251209,1.3634,5.4536,,,5.4536,0
159941.SZ,20251212,20251210,1.3687,5.4748,,,5.4748,0
159941.SZ,20251213,20251211,1.3627,5.4508,,,5.4508,0
159941.SZ,20251216,20251212,1.3359,5.3436,,,5.3436,0
159941.SZ,20251217,20251215,1.3294,5.3176,,,5.3176,0
159941.SZ,20251218,20251216,1.3318,5.3272,,,5.3272,0
159941.SZ,20251219,20251217,1.3058,5.2232,,,5.2232,0
159941.SZ,20251220,20251218,1.3254,5.3016,,,5.3016,0
159941.SZ,20251223,20251219,1.3419,5.3676,,,5.3676,0
159941.SZ,20251224,20251222,1.3486,5.3944,,,5.3944,0
159941.SZ,20251225,20251223,1.3554,5.4216,,,5.4216,0
159941.SZ,20251226,20251224,1.3579,5.4316,,,5.4316,0
159941.SZ,20251227,20251225,1.3564,5.4256,,,5.4256,0
159941.SZ,20251230,20251226,1.3551,5.4204,,,5.4204,0
159941.SZ,20251231,20251229,1.3482,5.3928,,,5.3928,0
159941.SZ,20260101,20251230,1.3452,5.3808,,,5.3808,0
159941.SZ,20260122,20251231,1.3329,5.3316,,29775054562.92,5.3316,1
159941.SZ,20260107,20260105,1.3396,5.3584,,,5.3584,0
159941.SZ,20260108,20260106,1.3508,5.4032,,,5.4032,0
159941.SZ,20260109,20260107,1.3519,5.4076,,,5.4076,0
159941.SZ,20260110,20260108,1.3444,5.3776,,,5.3776,0
159941.SZ,20260113,20260109,1.3566,5.4264,,,5.4264,0
159941.SZ,20260114,20260112,1.3572,5.4288,,,5.4288,0
159941.SZ,20260115,20260113,1.3547,5.4188,,,5.4188,0
159941.SZ,20260116,20260114,1.3405,5.362,,,5.362,0
159941.SZ,20260117,20260115,1.3437,5.3748,,,5.3748,0
159941.SZ,20260120,20260116,1.3429,5.3716,,,5.3716,0
159941.SZ,20260121,20260119,1.3423,5.3692,,,5.3692,0
159941.SZ,20260122,20260120,1.3124,5.2496,,,5.2496,0
159941.SZ,20260123,20260121,1.3304,5.3216,,,5.3216,0
159941.SZ,20260124,20260122,1.3411,5.3644,,,5.3644,0
159941.SZ,20260127,20260123,1.3439,5.3756,,,5.3756,0
159941.SZ,20260128,20260126,1.3479,5.3916,,,5.3916,0
159941.SZ,20260129,20260127,1.36,5.44,,,5.44,0
159941.SZ,20260130,20260128,1.3625,5.45,,,5.45,0
159941.SZ,20260131,20260129,1.3554,5.4216,,,5.4216,0
159941.SZ,20260203,20260130,1.3365,5.346,,,5.346,0
159941.SZ,20260204,20260202,1.3464,5.3856,,,5.3856,0
159941.SZ,20260205,20260203,1.3239,5.2956,,,5.2956,0
159941.SZ,20260206,20260204,1.2994,5.1976,,,5.1976,0
159941.SZ,20260207,20260205,1.2822,5.1288,,,5.1288,0
159941.SZ,20260210,20260206,1.3096,5.2384,,,5.2384,0
159941.SZ,20260211,20260209,1.3184,5.2736,,,5.2736,0
159941.SZ,20260212,20260210,1.31,5.24,,,5.24,0
159941.SZ,20260213,20260211,1.3134,5.2536,,,5.2536,0
159941.SZ,20260214,20260212,1.287,5.148,,,5.148,0
159941.SZ,20260225,20260213,1.2883,5.1532,,,5.1532,0
159941.SZ,20260226,20260224,1.3012,5.2048,,,5.2048,0
159941.SZ,20260227,20260225,1.3177,5.2708,,,5.2708,0
159941.SZ,20260228,20260226,1.3008,5.2032,,,5.2032,0
159941.SZ,20260303,20260227,1.2969,5.1876,,,5.1876,0
159941.SZ,20260304,20260302,1.2987,5.1948,,,5.1948,0
159941.SZ,20260305,20260303,1.282,5.128,,,5.128,0
159941.SZ,20260306,20260304,1.3018,5.2072,,,5.2072,0
159941.SZ,20260307,20260305,1.2959,5.1836,,,5.1836,0
159941.SZ,20260310,20260306,1.277,5.108,,,5.108,0
159941.SZ,20260311,20260309,1.2959,5.1836,,,5.1836,0
159941.SZ,20260312,20260310,1.2923,5.1692,,,5.1692,0
159941.SZ,20260313,20260311,1.2915,5.166,,,5.166,0
159941.SZ,20260314,20260312,1.2701,5.0804,,,5.0804,0
159941.SZ,20260317,20260313,1.2631,5.0524,,,5.0524,0
159941.SZ,20260318,20260316,1.278,5.112,,,5.112,0
159941.SZ,20260319,20260317,1.2827,5.1308,,,5.1308,0
159941.SZ,20260320,20260318,1.2635,5.054,,,5.054,0
159941.SZ,20260321,20260319,1.2611,5.0444,,,5.0444,0
159941.SZ,20260324,20260320,1.2365,4.946,,,4.946,0
159941.SZ,20260325,20260323,1.2536,5.0144,,,5.0144,0
159941.SZ,20260326,20260324,1.2424,4.9696,,,4.9696,0
159941.SZ,20260327,20260325,1.2499,4.9996,,,4.9996,0
159941.SZ,20260328,20260326,1.2228,4.8912,,,4.8912,0
159941.SZ,20260331,20260327,1.2008,4.8032,,,4.8032,0
159941.SZ,20260401,20260330,1.1929,4.7716,,,4.7716,0
159941.SZ,20260422,20260331,1.2327,4.9308,,27625000378.15,4.9308,1
159941.SZ,20260403,20260401,1.2443,4.9772,,,4.9772,0
159941.SZ,20260404,20260402,1.2432,4.9728,,,4.9728,0
159941.SZ,20260408,20260403,1.244,4.976,,,4.976,0
159941.SZ,20260409,20260407,1.2505,5.002,,,5.002,0
159941.SZ,20260410,20260408,1.2832,5.1328,,,5.1328,0
159941.SZ,20260411,20260409,1.2918,5.1672,,,5.1672,0
159941.SZ,20260414,20260410,1.2937,5.1748,,,5.1748,0
159941.SZ,20260415,20260413,1.3073,5.2292,,,5.2292,0
159941.SZ,20260416,20260414,1.3297,5.3188,,,5.3188,0
159941.SZ,20260417,20260415,1.3482,5.3928,,,5.3928,0
159941.SZ,20260418,20260416,1.3553,5.4212,,,5.4212,0
159941.SZ,20260421,20260417,1.3729,5.4916,,,5.4916,0
159941.SZ,20260422,20260420,1.3693,5.4772,,,5.4772,0
159941.SZ,20260423,20260421,1.3625,5.45,,,5.45,0
159941.SZ,20260424,20260422,1.3862,5.5448,,,5.5448,0
159941.SZ,20260425,20260423,1.3788,5.5152,,,5.5152,0
159941.SZ,20260428,20260424,1.4054,5.6216,,,5.6216,0
159941.SZ,20260429,20260427,1.403,5.612,,,5.612,0
159941.SZ,20260430,20260428,1.3892,5.5568,,,5.5568,0
159941.SZ,20260501,20260429,1.3974,5.5896,,,5.5896,0
159941.SZ,20260507,20260430,1.4112,5.6448,,,5.6448,0
159941.SZ,20260508,20260506,1.4685,5.874,,,5.874,0
159941.SZ,20260509,20260507,1.4652,5.8608,,,5.8608,0
159941.SZ,20260512,20260508,1.4999,5.9996,,,5.9996,0
159941.SZ,20260513,20260511,1.5035,6.014,,,6.014,0
159941.SZ,20260514,20260512,1.4895,5.958,,,5.958,0
159941.SZ,20260515,20260513,1.5051,6.0204,,,6.0204,0
159941.SZ,20260516,20260514,1.5155,6.062,,,6.062,0
159941.SZ,20260519,20260515,1.4926,5.9704,,,5.9704,0
159941.SZ,20260520,20260518,1.4864,5.9456,,,5.9456,0
159941.SZ,20260521,20260519,1.476,5.904,,,5.904,0
159941.SZ,20260522,20260520,1.5008,6.0032,,,6.0032,0
159941.SZ,20260523,20260521,1.5029,6.0116,,,6.0116,0
159941.SZ,20260526,20260522,1.5097,6.0388,,,6.0388,0
159941.SZ,20260527,20260525,1.5085,6.034,,,6.034,0
159941.SZ,20260528,20260526,1.5342,6.1368,,,6.1368,0
159941.SZ,20260529,20260527,1.5328,6.1312,,,6.1312,0
159941.SZ,20260530,20260528,1.5445,6.178,,,6.178,0
159941.SZ,20260602,20260529,1.5488,6.1952,,,6.1952,0
159941.SZ,20260603,20260601,1.5577,6.2308,,,6.2308,0
159941.SZ,20260603,20260602,1.5657,6.2628,,,6.2628,0
159941.SZ,20260604,20260603,1.5609,6.2436,,,6.2436,0
159941.SZ,20260605,20260604,1.5531,6.2124,,,6.2124,0
159941.SZ,20260608,20260605,1.4782,5.9128,,,5.9128,0
159941.SZ,20260609,20260608,1.5019,6.0076,,,6.0076,0
159941.SZ,20260610,20260609,1.4839,5.9356,,,5.9356,0
159941.SZ,20260611,20260610,1.4542,5.8168,,,5.8168,0
159941.SZ,20260612,20260611,1.502,6.008,,,6.008,0
159941.SZ,20260615,20260612,1.5107,6.0428,,,6.0428,0
159941.SZ,20260616,20260615,1.5562,6.2248,,,6.2248,0
159941.SZ,20260617,20260616,1.5271,6.1084,,,6.1084,0
159941.SZ,20260618,20260617,1.5118,6.0472,,,6.0472,0
159941.SZ,20260622,20260618,1.5502,6.2008,,,6.2008,0
159941.SZ,20260623,20260622,1.5476,6.1904,,,6.1904,0
159941.SZ,20260624,20260623,1.4966,5.9864,,,5.9864,0
159941.SZ,20260625,20260624,1.4905,5.962,,,5.962,0
159941.SZ,20260626,20260625,1.5023,6.0092,,,6.0092,0
159941.SZ,20260629,20260626,1.4844,5.9376,,,5.9376,0
159941.SZ,20260630,20260629,1.5182,6.0728,,,6.0728,0
159941.SZ,20260701,20260630,1.5424,6.1696,,,6.1696,0
159941.SZ,20260702,20260701,1.5175,6.07,,,6.07,0
159941.SZ,20260703,20260702,1.493,5.972,,,5.972,0
159941.SZ,20260706,20260703,1.4921,5.9684,,,5.9684,0
159941.SZ,20260707,20260706,1.5114,6.0456,,,6.0456,0
159941.SZ,20260708,20260707,1.4841,5.9364,,,5.9364,0
159941.SZ,20260709,20260708,1.4887,5.9548,,,5.9548,0
159941.SZ,20260710,20260709,1.5121,6.0484,,,6.0484,0
159941.SZ,20260713,20260710,1.516,6.064,,,6.064,0
159941.SZ,20260714,20260713,1.4868,5.9472,,,5.9472,0
159941.SZ,20260715,20260714,1.5036,6.0144,,,6.0144,0
159941.SZ,20260716,20260715,1.4974,5.9896,,,5.9896,0
159941.SZ,20260717,20260716,1.473,5.892,,,5.892,0
159941.SZ,20260720,20260717,1.4514,5.8056,,,5.8056,0
159941.SZ,20260721,20260720,1.4522,5.8088,,,5.8088,0
159941.SZ,20260722,20260721,1.4796,5.9184,,,5.9184,0
159941.SZ,20260723,20260722,1.472,5.888,,,5.888,0
159941.SZ,20260724,20260723,1.4438,5.7752,,,5.7752,0
159941.SZ,20260727,20260724,1.4277,5.7108,,,5.7108,0
159941.SZ,20260728,20260727,1.4224,5.6896,,,5.6896,0
159941.SZ,20260729,20260728,1.4086,5.6344,,,5.6344,0
159941.SZ,20260730,20260729,1.379,5.516,,,5.516,0
