ts_code,trade_date,bid_open,bid_close,bid_high,bid_low,ask_open,ask_close,ask_high,ask_low,tick_qty
USDCNH.FXCM,20120218,6.2999,6.2999,6.2999,6.2999,6.3021,6.3021,6.3021,6.3021,0
USDCNH.FXCM,20120220,6.2999,6.2918,6.2999,6.2841,6.3021,6.2969,6.3021,6.2908,6605
USDCNH.FXCM,20120221,6.2918,6.2964,6.3009,6.2898,6.2969,6.3013,6.3041,6.295,11092
USDCNH.FXCM,20120222,6.2964,6.296,6.3019,6.2932,6.3013,6.3009,6.3036,6.2963,9891
USDCNH.FXCM,20120223,6.296,6.2966,6.3011,6.2945,6.3009,6.2997,6.3031,6.2966,9202
USDCNH.FXCM,20120224,6.2966,6.2939,6.2975,6.2894,6.2997,6.297,6.3005,6.296,8980
USDCNH.FXCM,20120227,6.2939,6.3023,6.3042,6.2864,6.297,6.3054,6.3068,6.2916,12412
USDCNH.FXCM,20120228,6.3023,6.2939,6.3033,6.2915,6.3054,6.2987,6.3078,6.2951,4711
USDCNH.FXCM,20120229,6.2939,6.2951,6.2966,6.2891,6.2987,6.2981,6.2993,6.2929,3500
USDCNH.FXCM,20120301,6.2951,6.2922,6.2997,6.2913,6.2981,6.2953,6.304,6.295,3221
USDCNH.FXCM,20120302,6.2922,6.2919,6.2961,6.2917,6.2953,6.2969,6.2992,6.2946,2319
USDCNH.FXCM,20120305,6.2919,6.3005,6.3039,6.2889,6.2969,6.3035,6.3244,6.2938,4236
USDCNH.FXCM,20120306,6.3005,6.3117,6.3141,6.2975,6.3035,6.3147,6.3173,6.3025,3833
USDCNH.FXCM,20120307,6.3117,6.3067,6.3161,6.2943,6.3147,6.3098,6.3213,6.3015,5018
USDCNH.FXCM,20120308,6.3067,6.3029,6.3109,6.3018,6.3098,6.3078,6.316,6.3053,3214
USDCNH.FXCM,20120309,6.3029,6.3084,6.3084,6.2959,6.3078,6.3122,6.3122,6.3004,2457
USDCNH.FXCM,20120312,6.3084,6.317,6.3201,6.3056,6.3122,6.32,6.323,6.3105,3425
USDCNH.FXCM,20120313,6.317,6.3365,6.3434,6.3146,6.32,6.3399,6.3501,6.3174,3444
USDCNH.FXCM,20120314,6.3365,6.3353,6.3468,6.3277,6.3399,6.3406,6.3515,6.3308,4329
USDCNH.FXCM,20120315,6.3353,6.3296,6.3413,6.3257,6.3406,6.3354,6.3448,6.329,3481
USDCNH.FXCM,20120316,6.3296,6.3169,6.3303,6.3148,6.3354,6.3207,6.3358,6.3195,3440
USDCNH.FXCM,20120319,6.3169,6.3154,6.3214,6.3113,6.3207,6.3232,6.3235,6.3154,2587
USDCNH.FXCM,20120320,6.3154,6.3256,6.3295,6.3114,6.3232,6.3295,6.3356,6.3164,1479
USDCNH.FXCM,20120321,6.3256,6.3245,6.328,6.3193,6.3295,6.3283,6.3358,6.3231,2503
USDCNH.FXCM,20120322,6.3245,6.314,6.3245,6.3091,6.3283,6.3181,6.3284,6.3139,1580
USDCNH.FXCM,20120323,6.314,6.3088,6.314,6.2968,6.3181,6.3133,6.3189,6.3016,2441
USDCNH.FXCM,20120326,6.3088,6.3125,6.3209,6.3029,6.3133,6.3155,6.3222,6.3083,2191
USDCNH.FXCM,20120327,6.3125,6.3126,6.3169,6.3099,6.3155,6.3158,6.3186,6.312,2918
USDCNH.FXCM,20120328,6.3126,6.3149,6.3183,6.306,6.3158,6.3179,6.3213,6.3109,21699
USDCNH.FXCM,20120329,6.3149,6.3138,6.3174,6.3107,6.3179,6.3169,6.3206,6.3152,22662
USDCNH.FXCM,20120330,6.3138,6.309,6.3143,6.3062,6.3169,6.3123,6.3175,6.3094,26735
USDCNH.FXCM,20120402,6.309,6.3079,6.3108,6.3046,6.3123,6.3123,6.3158,6.3106,26746
USDCNH.FXCM,20120403,6.3079,6.3079,6.3108,6.3036,6.3123,6.3118,6.3174,6.3076,30735
USDCNH.FXCM,20120404,6.3079,6.3135,6.3143,6.3049,6.3118,6.317,6.3176,6.3093,26966
USDCNH.FXCM,20120405,6.3135,6.3111,6.3169,6.3106,6.317,6.3145,6.3197,6.3133,16628
USDCNH.FXCM,20120406,6.3111,6.3097,6.3169,6.3079,6.3145,6.3134,6.3186,6.3123,10520
USDCNH.FXCM,20120409,6.3097,6.3098,6.3126,6.3007,6.3134,6.3142,6.3349,6.3118,12611
USDCNH.FXCM,20120410,6.3098,6.3105,6.3119,6.3062,6.3142,6.3139,6.3159,6.3103,21549
USDCNH.FXCM,20120411,6.3105,6.3095,6.3136,6.3067,6.3139,6.313,6.32,6.3095,17001
USDCNH.FXCM,20120412,6.3095,6.2996,6.3102,6.2976,6.313,6.3031,6.3159,6.3022,20336
USDCNH.FXCM,20120413,6.2996,6.2973,6.3015,6.2907,6.3031,6.3008,6.31,6.2941,19377
USDCNH.FXCM,20120416,6.2973,6.2989,6.3167,6.2945,6.3008,6.3033,6.3241,6.2985,21165
USDCNH.FXCM,20120417,6.2989,6.2979,6.3032,6.2916,6.3033,6.3014,6.3058,6.2988,16477
USDCNH.FXCM,20120418,6.2979,6.3033,6.3058,6.2944,6.3014,6.3067,6.3129,6.2981,16870
USDCNH.FXCM,20120419,6.3033,6.3058,6.3088,6.3002,6.3067,6.3093,6.3117,6.3041,16864
USDCNH.FXCM,20120420,6.3058,6.303,6.3087,6.2984,6.3093,6.3065,6.3111,6.3035,14111
USDCNH.FXCM,20120423,6.303,6.3051,6.3072,6.2993,6.3065,6.3086,6.3105,6.303,14851
USDCNH.FXCM,20120424,6.3051,6.3045,6.3087,6.3028,6.3086,6.308,6.3111,6.3066,14886
USDCNH.FXCM,20120425,6.3045,6.3045,6.3072,6.3017,6.308,6.308,6.3097,6.3053,16645
USDCNH.FXCM,20120426,6.3045,6.3034,6.3058,6.2979,6.308,6.3071,6.3087,6.3021,15683
USDCNH.FXCM,20120427,6.3034,6.3005,6.3132,6.2993,6.3071,6.304,6.3172,6.3029,17395
USDCNH.FXCM,20120430,6.3005,6.2996,6.3027,6.2942,6.304,6.3033,6.314,6.3006,11590
USDCNH.FXCM,20120501,6.2996,6.2992,6.3006,6.2952,6.3033,6.3027,6.3061,6.3015,11831
USDCNH.FXCM,20120502,6.2992,6.3035,6.3057,6.2946,6.3027,6.3069,6.3117,6.2986,14767
USDCNH.FXCM,20120503,6.3035,6.3032,6.3088,6.2967,6.3069,6.3066,6.3162,6.3029,18826
USDCNH.FXCM,20120504,6.3032,6.3055,6.3068,6.298,6.3066,6.3089,6.3107,6.3039,15846
USDCNH.FXCM,20120507,6.3055,6.3068,6.314,6.3031,6.3089,6.3103,6.322,6.3089,18107
USDCNH.FXCM,20120508,6.3068,6.3075,6.3091,6.3022,6.3103,6.311,6.3151,6.308,16559
USDCNH.FXCM,20120509,6.3075,6.3125,6.3142,6.3051,6.311,6.3164,6.3186,6.3097,17761
USDCNH.FXCM,20120510,6.3125,6.3112,6.3159,6.3097,6.3164,6.3146,6.3199,6.313,17602
USDCNH.FXCM,20120511,6.3112,6.3123,6.3178,6.3075,6.3146,6.3162,6.321,6.3127,16532
USDCNH.FXCM,20120514,6.3123,6.319,6.3208,6.3084,6.3162,6.3229,6.329,6.3152,18290
USDCNH.FXCM,20120515,6.319,6.3195,6.3248,6.3149,6.3229,6.3229,6.328,6.3181,17726
USDCNH.FXCM,20120516,6.3195,6.3232,6.3292,6.3191,6.3229,6.3266,6.3351,6.3228,24512
USDCNH.FXCM,20120517,6.3232,6.3084,6.3269,6.308,6.3266,6.3291,6.3305,6.3211,17462
USDCNH.FXCM,20120518,6.3084,6.3201,6.3286,6.3036,6.3291,6.326,6.335,6.3248,15801
USDCNH.FXCM,20120521,6.3201,6.3244,6.3256,6.3037,6.326,6.3291,6.339,6.3202,15075
USDCNH.FXCM,20120522,6.3244,6.3243,6.3247,6.3186,6.3291,6.3279,6.3366,6.3217,15981
USDCNH.FXCM,20120523,6.3243,6.3303,6.3349,6.3179,6.3279,6.3368,6.3482,6.3275,18404
USDCNH.FXCM,20120524,6.3303,6.3416,6.3425,6.3298,6.3368,6.3451,6.3483,6.3348,28011
USDCNH.FXCM,20120525,6.3416,6.3453,6.3495,6.3371,6.3451,6.3489,6.3524,6.342,22708
USDCNH.FXCM,20120528,6.3453,6.3394,6.3453,6.3375,6.3489,6.3456,6.3489,6.341,14831
USDCNH.FXCM,20120529,6.3394,6.342,6.3484,6.3386,6.3456,6.3491,6.3594,6.3414,21623
USDCNH.FXCM,20120530,6.342,6.3595,6.3599,6.3388,6.3491,6.3658,6.367,6.3435,22217
USDCNH.FXCM,20120531,6.3595,6.3669,6.3716,6.3565,6.3658,6.372,6.3762,6.3628,22610
USDCNH.FXCM,20120601,6.3669,6.3655,6.3735,6.3585,6.372,6.3709,6.3802,6.364,19362
USDCNH.FXCM,20120604,6.3655,6.3621,6.3695,6.362,6.3709,6.3684,6.375,6.3669,19387
USDCNH.FXCM,20120605,6.3621,6.3632,6.3679,6.3594,6.3684,6.3696,6.3733,6.362,21579
USDCNH.FXCM,20120606,6.3632,6.3547,6.3656,6.3536,6.3696,6.3611,6.3699,6.3585,22470
USDCNH.FXCM,20120607,6.3547,6.3576,6.3611,6.3536,6.3611,6.3639,6.3654,6.3579,21094
USDCNH.FXCM,20120608,6.3576,6.3704,6.3731,6.3551,6.3639,6.3761,6.3765,6.3603,27187
USDCNH.FXCM,20120611,6.3704,6.3698,6.3716,6.3645,6.3761,6.3761,6.3765,6.3672,13564
USDCNH.FXCM,20120612,6.3698,6.3715,6.3755,6.367,6.3761,6.3777,6.3787,6.37,22809
USDCNH.FXCM,20120613,6.3715,6.3684,6.3722,6.3644,6.3777,6.3746,6.3785,6.3679,22970
USDCNH.FXCM,20120614,6.3684,6.3644,6.3692,6.3634,6.3746,6.3708,6.3748,6.3678,23945
USDCNH.FXCM,20120615,6.3644,6.3643,6.3763,6.3622,6.3708,6.3736,6.3797,6.3654,21307
USDCNH.FXCM,20120618,6.3643,6.3636,6.3681,6.3506,6.3736,6.3684,6.3854,6.362,24688
USDCNH.FXCM,20120619,6.3636,6.3566,6.3649,6.3555,6.3684,6.3601,6.3703,6.3595,22497
USDCNH.FXCM,20120620,6.3566,6.3571,6.3611,6.3517,6.3601,6.3634,6.3669,6.3587,24396
USDCNH.FXCM,20120621,6.3571,6.3709,6.3717,6.3571,6.3634,6.3772,6.3779,6.3614,21807
USDCNH.FXCM,20120622,6.3709,6.3677,6.3731,6.3657,6.3772,6.3715,6.3772,6.3698,23061
USDCNH.FXCM,20120625,6.3677,6.3675,6.3759,6.3638,6.3715,6.3737,6.3836,6.3691,21596
USDCNH.FXCM,20120626,6.3675,6.3637,6.3709,6.3608,6.3737,6.3693,6.3765,6.3672,15686
USDCNH.FXCM,20120627,6.3637,6.3621,6.365,6.3568,6.3693,6.3656,6.3721,6.3636,15952
USDCNH.FXCM,20120628,6.3621,6.3617,6.3628,6.357,6.3656,6.3651,6.3669,6.3613,21867
USDCNH.FXCM,20120629,6.3617,6.3513,6.3623,6.3512,6.3651,6.3584,6.368,6.3564,16803
USDCNH.FXCM,20120702,6.3513,6.3497,6.3552,6.3403,6.3584,6.3576,6.3698,6.3524,7917
USDCNH.FXCM,20120703,6.3497,6.3497,6.3538,6.3486,6.3576,6.3531,6.36,6.3528,3211
USDCNH.FXCM,20120704,6.3497,6.3463,6.3503,6.3436,6.3531,6.3505,6.3538,6.3472,7072
USDCNH.FXCM,20120705,6.3463,6.3581,6.3587,6.3445,6.3505,6.3631,6.3673,6.3505,10840
USDCNH.FXCM,20120706,6.3581,6.3698,6.3705,6.3504,6.3631,6.3754,6.3759,6.3576,8934
USDCNH.FXCM,20120709,6.3698,6.3688,6.3759,6.3609,6.3754,6.3726,6.3917,6.3703,8779
USDCNH.FXCM,20120710,6.3688,6.3635,6.3695,6.3622,6.3726,6.367,6.3736,6.3652,11130
USDCNH.FXCM,20120711,6.3635,6.3668,6.3673,6.3605,6.367,6.3703,6.3706,6.3638,12048
USDCNH.FXCM,20120712,6.3668,6.3723,6.3733,6.3639,6.3703,6.3771,6.3777,6.3675,9723
USDCNH.FXCM,20120713,6.3723,6.3713,6.3773,6.3627,6.3771,6.3756,6.3868,6.372,9525
USDCNH.FXCM,20120716,6.3713,6.3784,6.3786,6.3535,6.3756,6.3811,6.3818,6.3742,3905
USDCNH.FXCM,20120717,6.3784,6.372,6.3784,6.3686,6.3811,6.377,6.3811,6.3733,9345
USDCNH.FXCM,20120718,6.372,6.3703,6.3731,6.3651,6.377,6.3737,6.3802,6.3722,4998
USDCNH.FXCM,20120719,6.3703,6.3678,6.3714,6.3647,6.3737,6.3731,6.375,6.3698,9219
USDCNH.FXCM,20120720,6.3678,6.3696,6.3742,6.3591,6.3731,6.374,6.3833,6.372,7044
USDCNH.FXCM,20120723,6.3696,6.385,6.3861,6.3657,6.374,6.3884,6.3901,6.374,10631
USDCNH.FXCM,20120724,6.385,6.3873,6.3895,6.3779,6.3884,6.3907,6.3948,6.3865,12198
USDCNH.FXCM,20120725,6.3873,6.3866,6.3927,6.3825,6.3907,6.3901,6.3971,6.3867,13118
USDCNH.FXCM,20120726,6.3866,6.3731,6.3878,6.372,6.3901,6.385,6.3973,6.381,13297
USDCNH.FXCM,20120727,6.3731,6.3818,6.3848,6.3696,6.385,6.3861,6.3887,6.3816,6988
USDCNH.FXCM,20120730,6.3818,6.3815,6.3832,6.3708,6.3861,6.3864,6.3953,6.383,9173
USDCNH.FXCM,20120731,6.3815,6.3719,6.3837,6.3684,6.3864,6.3757,6.3971,6.3754,9282
USDCNH.FXCM,20120801,6.3719,6.3763,6.3777,6.3718,6.3757,6.3799,6.3834,6.3751,8657
USDCNH.FXCM,20120802,6.3763,6.3827,6.3886,6.3702,6.3799,6.3892,6.3941,6.3759,14543
USDCNH.FXCM,20120803,6.3827,6.3764,6.3857,6.3717,6.3892,6.3798,6.3909,6.3758,10733
USDCNH.FXCM,20120806,6.3764,6.3754,6.3772,6.3735,6.3798,6.3789,6.3827,6.3761,6443
USDCNH.FXCM,20120807,6.3754,6.3689,6.3759,6.3675,6.3789,6.3733,6.3794,6.37,7728
USDCNH.FXCM,20120808,6.3689,6.3678,6.3731,6.3649,6.3733,6.3712,6.3766,6.3684,8409
USDCNH.FXCM,20120809,6.3678,6.3657,6.3691,6.3598,6.3712,6.3692,6.3726,6.3623,8684
USDCNH.FXCM,20120810,6.3657,6.3642,6.3698,6.3599,6.3692,6.3676,6.375,6.3662,6846
USDCNH.FXCM,20120813,6.3642,6.3629,6.3669,6.3524,6.3676,6.3663,6.3718,6.3636,7160
USDCNH.FXCM,20120814,6.3629,6.3628,6.365,6.3622,6.3663,6.3663,6.3688,6.3647,7308
USDCNH.FXCM,20120815,6.3628,6.3681,6.3713,6.3603,6.3663,6.3716,6.3738,6.3655,6524
USDCNH.FXCM,20120816,6.3681,6.3661,6.373,6.3599,6.3716,6.3695,6.3823,6.3669,8745
USDCNH.FXCM,20120817,6.3661,6.3646,6.3688,6.3578,6.3695,6.3682,6.3728,6.363,7691
USDCNH.FXCM,20120820,6.3646,6.3619,6.366,6.3596,6.3682,6.3653,6.3711,6.3621,7340
USDCNH.FXCM,20120821,6.3619,6.3523,6.3638,6.3514,6.3653,6.3588,6.3672,6.3563,7191
USDCNH.FXCM,20120822,6.3523,6.3544,6.359,6.3359,6.3588,6.3579,6.3659,6.3561,10954
USDCNH.FXCM,20120823,6.3544,6.3546,6.3579,6.3504,6.3579,6.358,6.3625,6.354,10275
USDCNH.FXCM,20120824,6.3546,6.359,6.3618,6.3515,6.358,6.3625,6.3696,6.3574,8308
USDCNH.FXCM,20120827,6.359,6.361,6.362,6.3514,6.3625,6.3644,6.367,6.3607,4781
USDCNH.FXCM,20120828,6.361,6.3591,6.3639,6.3573,6.3644,6.3626,6.3671,6.361,8241
USDCNH.FXCM,20120829,6.3591,6.356,6.3592,6.3534,6.3626,6.3594,6.3679,6.3561,8547
USDCNH.FXCM,20120830,6.356,6.3538,6.3588,6.3526,6.3594,6.3572,6.3621,6.3551,7405
USDCNH.FXCM,20120831,6.3538,6.3499,6.3553,6.3393,6.3572,6.3535,6.3666,6.3512,11249
USDCNH.FXCM,20120903,6.3499,6.3453,6.3541,6.3424,6.3535,6.3487,6.3603,6.347,4981
USDCNH.FXCM,20120904,6.3453,6.3471,6.3518,6.3367,6.3487,6.3506,6.3553,6.3436,7385
USDCNH.FXCM,20120905,6.3471,6.3488,6.3543,6.3379,6.3506,6.3523,6.362,6.3463,9540
USDCNH.FXCM,20120906,6.3488,6.3446,6.3496,6.344,6.3523,6.3481,6.3582,6.3467,10254
USDCNH.FXCM,20120907,6.3446,6.3393,6.3453,6.3357,6.3481,6.3427,6.3488,6.3407,9609
USDCNH.FXCM,20120910,6.3393,6.343,6.3431,6.3343,6.3427,6.3478,6.348,6.3392,7240
USDCNH.FXCM,20120911,6.343,6.3366,6.3443,6.3361,6.3478,6.34,6.3483,6.3386,9109
USDCNH.FXCM,20120912,6.3366,6.3296,6.3369,6.3269,6.34,6.3331,6.3404,6.33,10458
USDCNH.FXCM,20120913,6.3296,6.3266,6.3347,6.3208,6.3331,6.3301,6.3398,6.3301,12005
USDCNH.FXCM,20120914,6.3266,6.3197,6.3275,6.3049,6.3301,6.3232,6.3336,6.3162,14515
USDCNH.FXCM,20120917,6.3197,6.3221,6.3246,6.3139,6.3232,6.3256,6.3326,6.3199,7493
USDCNH.FXCM,20120918,6.3221,6.3278,6.3305,6.3203,6.3256,6.3334,6.337,6.3251,10157
USDCNH.FXCM,20120919,6.3278,6.3148,6.331,6.3081,6.3334,6.3182,6.3392,6.3133,9562
USDCNH.FXCM,20120920,6.3148,6.3146,6.3202,6.3056,6.3182,6.3193,6.3229,6.3094,11332
USDCNH.FXCM,20120921,6.3146,6.312,6.3152,6.3051,6.3193,6.3155,6.3203,6.3128,9942
USDCNH.FXCM,20120924,6.312,6.3149,6.3159,6.31,6.3155,6.3183,6.3189,6.3125,7050
USDCNH.FXCM,20120925,6.3149,6.3134,6.3152,6.3069,6.3183,6.3168,6.3226,6.3108,8787
USDCNH.FXCM,20120926,6.3134,6.3039,6.3135,6.301,6.3168,6.3074,6.3176,6.3048,8678
USDCNH.FXCM,20120927,6.3039,6.3073,6.3165,6.3031,6.3074,6.3137,6.3214,6.3071,11210
USDCNH.FXCM,20120928,6.3073,6.3042,6.3099,6.2987,6.3137,6.3082,6.3174,6.3012,9661
USDCNH.FXCM,20121001,6.3042,6.3015,6.3052,6.291,6.3082,6.3054,6.3082,6.3029,8318
USDCNH.FXCM,20121002,6.3015,6.301,6.3029,6.2998,6.3054,6.3044,6.3063,6.3023,6288
USDCNH.FXCM,20121003,6.301,6.3058,6.3066,6.2987,6.3044,6.3093,6.3096,6.3024,7929
USDCNH.FXCM,20121004,6.3058,6.3005,6.306,6.2988,6.3093,6.304,6.3101,6.303,8747
USDCNH.FXCM,20121005,6.3005,6.2919,6.3014,6.2899,6.304,6.2954,6.3068,6.2944,7544
USDCNH.FXCM,20121008,6.2919,6.2915,6.3008,6.2894,6.2954,6.2984,6.3101,6.2921,6087
USDCNH.FXCM,20121009,6.2915,6.2899,6.2931,6.287,6.2984,6.2941,6.2986,6.2896,9180
USDCNH.FXCM,20121010,6.2899,6.2889,6.2935,6.2836,6.2941,6.2924,6.3013,6.2885,8002
USDCNH.FXCM,20121011,6.2889,6.2797,6.2902,6.2747,6.2924,6.2831,6.2945,6.2786,4505
USDCNH.FXCM,20121012,6.2797,6.2713,6.28,6.2688,6.2831,6.2748,6.2834,6.2713,7092
USDCNH.FXCM,20121015,6.2713,6.265,6.2745,6.2566,6.2748,6.2685,6.2776,6.2665,6646
USDCNH.FXCM,20121016,6.265,6.2603,6.2715,6.2599,6.2685,6.2637,6.2739,6.2627,8662
USDCNH.FXCM,20121017,6.2603,6.2507,6.2605,6.2469,6.2637,6.2541,6.2644,6.2525,8430
USDCNH.FXCM,20121018,6.2507,6.2546,6.2605,6.2419,6.2541,6.258,6.2632,6.2494,7662
USDCNH.FXCM,20121019,6.2546,6.2552,6.2595,6.2504,6.258,6.2586,6.2647,6.255,8176
USDCNH.FXCM,20121022,6.2552,6.2503,6.2615,6.2484,6.2586,6.2542,6.273,6.2519,7073
USDCNH.FXCM,20121023,6.2503,6.2527,6.2543,6.2473,6.2542,6.257,6.2574,6.25,7890
USDCNH.FXCM,20121024,6.2527,6.2419,6.2551,6.2405,6.257,6.2464,6.2697,6.2441,8835
USDCNH.FXCM,20121025,6.2419,6.2357,6.2442,6.2316,6.2464,6.2392,6.2497,6.2342,7771
USDCNH.FXCM,20121026,6.2357,6.2419,6.2455,6.2233,6.2392,6.2453,6.2533,6.2314,10563
USDCNH.FXCM,20121029,6.2419,6.2436,6.2474,6.238,6.2453,6.2479,6.2533,6.2405,5515
USDCNH.FXCM,20121030,6.2436,6.2414,6.2454,6.2396,6.2479,6.2449,6.2494,6.2431,3114
USDCNH.FXCM,20121031,6.2414,6.2422,6.2457,6.2382,6.2449,6.2476,6.2491,6.2417,6377
USDCNH.FXCM,20121101,6.2422,6.2402,6.2444,6.2398,6.2476,6.2437,6.248,6.2428,6341
USDCNH.FXCM,20121102,6.2402,6.2405,6.2448,6.2379,6.2437,6.244,6.2472,6.2404,7642
USDCNH.FXCM,20121105,6.2405,6.2408,6.2449,6.239,6.244,6.2443,6.2554,6.2415,7199
USDCNH.FXCM,20121106,6.2408,6.2366,6.2412,6.2362,6.2443,6.24,6.2446,6.239,6558
USDCNH.FXCM,20121107,6.2366,6.2347,6.2369,6.2335,6.24,6.2382,6.2403,6.2362,3441
USDCNH.FXCM,20121108,6.2347,6.2335,6.2379,6.2327,6.2382,6.2369,6.2403,6.2352,9406
USDCNH.FXCM,20121109,6.2335,6.2334,6.2356,6.2242,6.2369,6.2369,6.2392,6.2279,9179
USDCNH.FXCM,20121112,6.2334,6.2205,6.2335,6.219,6.2369,6.2239,6.2381,6.2231,5843
USDCNH.FXCM,20121113,6.2205,6.2166,6.2221,6.2141,6.2239,6.2201,6.2256,6.2178,8643
USDCNH.FXCM,20121114,6.2166,6.2097,6.2176,6.209,6.2201,6.2143,6.2203,6.2117,7426
USDCNH.FXCM,20121115,6.2097,6.2274,6.232,6.2053,6.2143,6.2351,6.2386,6.2131,9167
USDCNH.FXCM,20121116,6.2274,6.2399,6.2436,6.2253,6.2351,6.2434,6.246,6.2295,8608
USDCNH.FXCM,20121119,6.2399,6.2292,6.2399,6.2271,6.2434,6.2326,6.2434,6.2308,4272
USDCNH.FXCM,20121120,6.2292,6.2318,6.2333,6.2269,6.2326,6.2352,6.2359,6.2294,8640
USDCNH.FXCM,20121121,6.2318,6.2315,6.2345,6.229,6.2352,6.2349,6.237,6.2317,7752
USDCNH.FXCM,20121122,6.2315,6.2271,6.2316,6.2254,6.2349,6.2326,6.2357,6.2302,6619
USDCNH.FXCM,20121123,6.2271,6.2245,6.2295,6.2234,6.2326,6.2279,6.233,6.2266,5930
USDCNH.FXCM,20121126,6.2245,6.2245,6.2282,6.2208,6.2279,6.2279,6.232,6.2259,6427
USDCNH.FXCM,20121127,6.2245,6.2232,6.2259,6.2189,6.2279,6.2266,6.2336,6.222,9221
USDCNH.FXCM,20121128,6.2232,6.221,6.2276,6.219,6.2266,6.2247,6.2307,6.2234,9041
USDCNH.FXCM,20121129,6.221,6.2049,6.2224,6.2013,6.2247,6.2119,6.2268,6.2071,9318
USDCNH.FXCM,20121130,6.2049,6.2092,6.2152,6.202,6.2119,6.2147,6.2221,6.205,7954
USDCNH.FXCM,20121203,6.2092,6.2047,6.2163,6.2036,6.2147,6.2184,6.221,6.2127,7544
USDCNH.FXCM,20121204,6.2047,6.2055,6.2129,6.198,6.2184,6.2089,6.2243,6.2081,7556
USDCNH.FXCM,20121205,6.2055,6.2088,6.2148,6.203,6.2089,6.2123,6.2176,6.2058,8575
USDCNH.FXCM,20121206,6.2088,6.21,6.2146,6.2053,6.2123,6.2135,6.218,6.2086,9172
USDCNH.FXCM,20121207,6.21,6.2082,6.2118,6.2065,6.2135,6.2117,6.2152,6.2091,6782
USDCNH.FXCM,20121210,6.2082,6.2078,6.2113,6.2014,6.2117,6.2112,6.2206,6.2049,5968
USDCNH.FXCM,20121211,6.2078,6.2229,6.2251,6.2027,6.2112,6.2282,6.2295,6.211,7241
USDCNH.FXCM,20121212,6.2229,6.2221,6.2272,6.2206,6.2282,6.2255,6.23,6.2244,8014
USDCNH.FXCM,20121213,6.2221,6.2177,6.2275,6.2151,6.2255,6.223,6.2299,6.2179,8964
USDCNH.FXCM,20121214,6.2177,6.2126,6.2234,6.2049,6.223,6.2211,6.2366,6.2183,8489
USDCNH.FXCM,20121217,6.2126,6.213,6.2172,6.2029,6.2211,6.2181,6.2221,6.2141,6538
USDCNH.FXCM,20121218,6.213,6.2066,6.2133,6.1985,6.2181,6.2101,6.2222,6.2089,5913
USDCNH.FXCM,20121219,6.2066,6.2038,6.2071,6.198,6.2101,6.2073,6.2152,6.2056,6548
USDCNH.FXCM,20121220,6.2038,6.2099,6.214,6.2007,6.2073,6.2149,6.2184,6.2061,7970
USDCNH.FXCM,20121221,6.2099,6.2202,6.2247,6.2084,6.2149,6.2243,6.2317,6.2145,10671
USDCNH.FXCM,20121226,6.2202,6.2281,6.2303,6.2202,6.2243,6.2324,6.2364,6.2243,3974
USDCNH.FXCM,20121227,6.2281,6.2174,6.232,6.2135,6.2324,6.2298,6.2408,6.2277,7608
USDCNH.FXCM,20121228,6.2174,6.2231,6.2291,6.2152,6.2298,6.2295,6.2342,6.2237,6758
USDCNH.FXCM,20121231,6.2231,6.2218,6.2231,6.2165,6.2295,6.2248,6.2332,6.2206,4373
USDCNH.FXCM,20130102,6.2218,6.2032,6.2218,6.1999,6.2248,6.2075,6.2248,6.2024,7624
USDCNH.FXCM,20130103,6.2032,6.2106,6.2136,6.2028,6.2075,6.2168,6.2178,6.206,9279
USDCNH.FXCM,20130104,6.2106,6.2084,6.2162,6.2066,6.2168,6.2119,6.2271,6.2118,9640
USDCNH.FXCM,20130107,6.2084,6.2075,6.2138,6.2064,6.2119,6.2118,6.2164,6.2097,7330
USDCNH.FXCM,20130108,6.2075,6.2036,6.2092,6.203,6.2118,6.2082,6.2124,6.2059,8132
USDCNH.FXCM,20130109,6.2036,6.1981,6.2049,6.198,6.2082,6.2015,6.2092,6.2006,8303
USDCNH.FXCM,20130110,6.1981,6.1845,6.2035,6.1816,6.2015,6.1879,6.2118,6.1841,10659
USDCNH.FXCM,20130111,6.1845,6.1824,6.1876,6.1731,6.1879,6.1858,6.1925,6.1769,10973
USDCNH.FXCM,20130114,6.1824,6.1808,6.1865,6.18,6.1858,6.1851,6.1892,6.1834,5674
USDCNH.FXCM,20130115,6.1808,6.19,6.1919,6.1793,6.1851,6.1935,6.195,6.1845,11005
USDCNH.FXCM,20130116,6.19,6.1852,6.1958,6.1787,6.1935,6.1887,6.1989,6.1863,10926
USDCNH.FXCM,20130117,6.1852,6.1823,6.1898,6.178,6.1887,6.1857,6.1922,6.1844,10446
USDCNH.FXCM,20130118,6.1823,6.1891,6.1907,6.1819,6.1857,6.1926,6.1932,6.1854,9998
USDCNH.FXCM,20130121,6.1891,6.1933,6.1951,6.1891,6.1926,6.1967,6.1976,6.1926,3717
USDCNH.FXCM,20130122,6.1933,6.1943,6.1991,6.193,6.1967,6.1977,6.2016,6.1965,9137
USDCNH.FXCM,20130123,6.1943,6.1989,6.2043,6.1941,6.1977,6.2023,6.2068,6.1977,8065
USDCNH.FXCM,20130124,6.1989,6.2032,6.2064,6.1988,6.2023,6.2066,6.2088,6.2023,8591
USDCNH.FXCM,20130125,6.2032,6.2216,6.225,6.2029,6.2066,6.2253,6.2289,6.2064,10999
USDCNH.FXCM,20130128,6.2216,6.2328,6.2336,6.2169,6.2253,6.2362,6.2367,6.2219,8051
USDCNH.FXCM,20130129,6.2328,6.2166,6.2329,6.2077,6.2362,6.22,6.2383,6.2176,10575
USDCNH.FXCM,20130130,6.2166,6.2105,6.218,6.2091,6.22,6.2139,6.2214,6.212,10073
USDCNH.FXCM,20130131,6.2105,6.2085,6.2149,6.2035,6.2139,6.2119,6.2173,6.2101,9065
USDCNH.FXCM,20130201,6.2085,6.2087,6.2169,6.2012,6.2119,6.2121,6.2194,6.2099,11656
USDCNH.FXCM,20130203,6.2087,6.2008,6.2087,6.199,6.2121,6.2138,6.2148,6.2121,74
USDCNH.FXCM,20130204,6.2008,6.2157,6.2171,6.197,6.2138,6.2192,6.2198,6.2115,8339
USDCNH.FXCM,20130205,6.2157,6.2113,6.2197,6.2112,6.2192,6.2147,6.2225,6.2146,6752
USDCNH.FXCM,20130206,6.2113,6.2141,6.2178,6.2111,6.2147,6.2175,6.2198,6.2142,4878
USDCNH.FXCM,20130207,6.2141,6.2218,6.2247,6.2126,6.2175,6.2265,6.2296,6.2175,1341
USDCNH.FXCM,20130208,6.2218,6.2174,6.2269,6.2162,6.2265,6.2234,6.2407,6.2187,1766
USDCNH.FXCM,20130211,6.2174,6.2191,6.2228,6.2148,6.2234,6.2235,6.2351,6.2216,827
USDCNH.FXCM,20130212,6.2191,6.2173,6.2248,6.2048,6.2235,6.2207,6.2271,6.2202,517
USDCNH.FXCM,20130213,6.2173,6.2201,6.2216,6.2169,6.2207,6.2235,6.2244,6.2203,640
USDCNH.FXCM,20130214,6.2201,6.2184,6.2209,6.2121,6.2235,6.2218,6.2315,6.2202,632
USDCNH.FXCM,20130215,6.2184,6.2164,6.2202,6.2157,6.2218,6.2238,6.2252,6.2175,818
USDCNH.FXCM,20130218,6.2164,6.2309,6.2329,6.203,6.2238,6.2343,6.2349,6.2199,898
USDCNH.FXCM,20130219,6.2309,6.2363,6.2417,6.2277,6.2343,6.2398,6.2434,6.2324,1037
USDCNH.FXCM,20130220,6.2363,6.2367,6.2389,6.2198,6.2398,6.2402,6.2417,6.2339,924
USDCNH.FXCM,20130221,6.2367,6.2408,6.2434,6.2359,6.2402,6.2443,6.2556,6.2381,829
USDCNH.FXCM,20130222,6.2408,6.2319,6.2423,6.2319,6.2443,6.237,6.245,6.2343,1032
USDCNH.FXCM,20130224,6.2319,6.2321,6.2321,6.2319,6.237,6.2355,6.237,6.2355,1
USDCNH.FXCM,20130225,6.2321,6.2303,6.2376,6.2278,6.2355,6.2349,6.2402,6.2292,1439
USDCNH.FXCM,20130226,6.2303,6.2248,6.2333,6.2238,6.2349,6.2304,6.2376,6.2265,1575
USDCNH.FXCM,20130227,6.2248,6.2196,6.227,6.2103,6.2304,6.2235,6.2304,6.2215,1303
USDCNH.FXCM,20130228,6.2196,6.2177,6.2211,6.2162,6.2235,6.2238,6.2245,6.2186,1348
USDCNH.FXCM,20130301,6.2177,6.2116,6.2213,6.2105,6.2238,6.2296,6.2319,6.2164,1269
USDCNH.FXCM,20130303,6.2116,6.2181,6.2182,6.21,6.2296,6.2231,6.232,6.2229,46
USDCNH.FXCM,20130304,6.2181,6.2225,6.2252,6.208,6.2231,6.2264,6.233,6.2218,1207
USDCNH.FXCM,20130305,6.2225,6.2141,6.2232,6.206,6.2264,6.2189,6.228,6.2161,1280
USDCNH.FXCM,20130306,6.2141,6.2079,6.216,6.1986,6.2189,6.2127,6.2216,6.2085,1127
USDCNH.FXCM,20130307,6.2079,6.1994,6.2127,6.1925,6.2127,6.2056,6.216,6.2036,1263
USDCNH.FXCM,20130308,6.1994,6.1969,6.2057,6.1954,6.2056,6.2149,6.2168,6.2024,1672
USDCNH.FXCM,20130311,6.1969,6.2013,6.2083,6.1908,6.2149,6.2075,6.2149,6.2043,826
USDCNH.FXCM,20130312,6.2013,6.2033,6.2098,6.1993,6.2075,6.2081,6.2122,6.2048,873
USDCNH.FXCM,20130313,6.2033,6.209,6.211,6.1984,6.2081,6.2138,6.2198,6.2074,857
USDCNH.FXCM,20130314,6.209,6.2057,6.2146,6.2027,6.2138,6.2125,6.2201,6.2073,1033
USDCNH.FXCM,20130315,6.2057,6.1936,6.2098,6.191,6.2125,6.2094,6.2181,6.2037,839
USDCNH.FXCM,20130317,6.1936,6.1995,6.1995,6.1936,6.2094,6.2115,6.2115,6.2094,1
USDCNH.FXCM,20130318,6.1995,6.2051,6.2102,6.1872,6.2115,6.2099,6.2197,6.2026,839
USDCNH.FXCM,20130319,6.2051,6.2103,6.2138,6.1996,6.2099,6.2151,6.2207,6.2065,1248
USDCNH.FXCM,20130320,6.2103,6.2044,6.2134,6.2009,6.2151,6.2083,6.2188,6.2067,1130
USDCNH.FXCM,20130321,6.2044,6.2032,6.2089,6.1942,6.2083,6.2071,6.2164,6.2046,991
USDCNH.FXCM,20130322,6.2032,6.1972,6.206,6.1928,6.2071,6.2107,6.2192,6.2031,771
USDCNH.FXCM,20130324,6.1972,6.1999,6.1999,6.1972,6.2107,6.2079,6.2107,6.2079,2
USDCNH.FXCM,20130325,6.1999,6.2023,6.2046,6.1932,6.2079,6.2084,6.215,6.2019,804
USDCNH.FXCM,20130326,6.2023,6.2024,6.2047,6.1912,6.2084,6.2072,6.2126,6.2046,731
USDCNH.FXCM,20130327,6.2024,6.208,6.2109,6.1988,6.2072,6.2141,6.2142,6.2053,997
USDCNH.FXCM,20130328,6.208,6.2039,6.2115,6.1958,6.2141,6.21,6.2172,6.2081,639
USDCNH.FXCM,20130329,6.2039,6.1964,6.2066,6.1964,6.21,6.2189,6.2189,6.205,291
USDCNH.FXCM,20130331,6.1964,6.1889,6.1964,6.1889,6.2189,6.2186,6.2189,6.2186,1
USDCNH.FXCM,20130401,6.1889,6.2001,6.2042,6.1889,6.2186,6.204,6.2233,6.2038,286
USDCNH.FXCM,20130402,6.2001,6.1915,6.201,6.1899,6.204,6.1977,6.2078,6.1935,902
USDCNH.FXCM,20130403,6.1915,6.1939,6.1975,6.1834,6.1977,6.1978,6.2048,6.1947,590
USDCNH.FXCM,20130404,6.1939,6.1953,6.203,6.1887,6.1978,6.1998,6.206,6.1967,712
USDCNH.FXCM,20130405,6.1953,6.1888,6.202,6.1866,6.1998,6.2068,6.213,6.1993,622
USDCNH.FXCM,20130408,6.1888,6.1949,6.2025,6.1887,6.2068,6.2011,6.21,6.1962,859
USDCNH.FXCM,20130409,6.1949,6.1875,6.1975,6.1875,6.2011,6.1943,6.2022,6.1925,853
USDCNH.FXCM,20130410,6.1875,6.1839,6.1893,6.1815,6.1943,6.19,6.1949,6.1854,724
USDCNH.FXCM,20130411,6.1839,6.1823,6.1891,6.1805,6.19,6.1884,6.1968,6.1847,936
USDCNH.FXCM,20130412,6.1823,6.1774,6.1882,6.1774,6.1884,6.1954,6.1993,6.185,918
USDCNH.FXCM,20130414,6.1774,6.1814,6.1814,6.1772,6.1954,6.1894,6.1954,6.1894,3
USDCNH.FXCM,20130415,6.1814,6.1912,6.1939,6.1732,6.1894,6.1968,6.1988,6.1844,1084
USDCNH.FXCM,20130416,6.1912,6.1835,6.1937,6.176,6.1968,6.1878,6.2049,6.186,1008
USDCNH.FXCM,20130417,6.1835,6.1749,6.1838,6.1743,6.1878,6.181,6.1879,6.1765,1944
USDCNH.FXCM,20130418,6.1749,6.1743,6.1806,6.1684,6.181,6.1782,6.1842,6.1716,1408
USDCNH.FXCM,20130419,6.1743,6.1774,6.1802,6.1695,6.1782,6.1842,6.1884,6.1744,1007
USDCNH.FXCM,20130421,6.1774,6.1739,6.1774,6.1739,6.1842,6.1804,6.1842,6.1804,1
USDCNH.FXCM,20130422,6.1739,6.1768,6.1807,6.1699,6.1804,6.1807,6.1913,6.1761,1398
USDCNH.FXCM,20130423,6.1768,6.1761,6.1792,6.1681,6.1807,6.1823,6.1895,6.1766,1212
USDCNH.FXCM,20130424,6.1761,6.1668,6.1779,6.1606,6.1823,6.1752,6.1839,6.1714,1284
USDCNH.FXCM,20130425,6.1668,6.164,6.1719,6.1617,6.1752,6.1688,6.1779,6.1667,921
USDCNH.FXCM,20130426,6.164,6.1625,6.1665,6.1591,6.1688,6.1693,6.1735,6.1628,1043
USDCNH.FXCM,20130429,6.1625,6.1581,6.1657,6.1555,6.1693,6.1642,6.1796,6.1621,589
USDCNH.FXCM,20130430,6.1581,6.1602,6.1645,6.1559,6.1642,6.165,6.1678,6.1619,845
USDCNH.FXCM,20130501,6.1602,6.1599,6.1621,6.1564,6.165,6.1658,6.1678,6.1614,349
USDCNH.FXCM,20130502,6.1599,6.1575,6.1609,6.1436,6.1658,6.1637,6.1662,6.1569,995
USDCNH.FXCM,20130503,6.1575,6.1511,6.1606,6.145,6.1637,6.1579,6.1659,6.1537,1099
USDCNH.FXCM,20130506,6.1511,6.1733,6.1906,6.1458,6.1579,6.1794,6.1937,6.1524,2106
USDCNH.FXCM,20130507,6.1733,6.1529,6.1775,6.1529,6.1794,6.1591,6.1805,6.1566,1896
USDCNH.FXCM,20130508,6.1529,6.1348,6.1554,6.1335,6.1591,6.1409,6.1605,6.1369,1213
USDCNH.FXCM,20130509,6.1348,6.1396,6.1417,6.124,6.1409,6.1449,6.1467,6.1353,1067
USDCNH.FXCM,20130510,6.1396,6.1442,6.1574,6.1294,6.1449,6.1622,6.1622,6.1371,1666
USDCNH.FXCM,20130512,6.1442,6.1488,6.1488,6.1442,6.1622,6.1528,6.1622,6.1528,3
USDCNH.FXCM,20130513,6.1488,6.1404,6.1539,6.1391,6.1528,6.1443,6.1578,6.1434,1530
USDCNH.FXCM,20130514,6.1404,6.1415,6.1431,6.133,6.1443,6.1445,6.1489,6.1394,1816
USDCNH.FXCM,20130515,6.1415,6.141,6.1462,6.1311,6.1445,6.1458,6.1525,6.1429,1589
USDCNH.FXCM,20130516,6.141,6.1428,6.1485,6.1374,6.1458,6.1476,6.1522,6.1416,1641
USDCNH.FXCM,20130517,6.1428,6.1373,6.1461,6.1373,6.1476,6.1553,6.1554,6.1404,1198
USDCNH.FXCM,20130519,6.1373,6.14096,6.14097,6.1299,6.1553,6.14826,6.1553,6.14825,11
USDCNH.FXCM,20130520,6.14096,6.13296,6.14446,6.1294,6.14826,6.13676,6.15157,6.13536,2645
USDCNH.FXCM,20130521,6.13296,6.13027,6.13665,6.12308,6.13676,6.13467,6.1402,6.12588,2970
USDCNH.FXCM,20130522,6.13027,6.13313,6.13415,6.1215,6.13467,6.13693,6.1383,6.12532,3644
USDCNH.FXCM,20130523,6.13313,6.1272,6.13917,6.12245,6.13693,6.1319,6.14194,6.12989,3566
USDCNH.FXCM,20130524,6.1272,6.11889,6.12805,6.11748,6.1319,6.12809,6.13243,6.12308,3090
USDCNH.FXCM,20130526,6.11889,6.1195,6.1195,6.11889,6.12809,6.1275,6.12809,6.1275,1
USDCNH.FXCM,20130527,6.1195,6.11168,6.12208,6.11066,6.1275,6.11728,6.1345,6.11558,1888
USDCNH.FXCM,20130528,6.11168,6.11935,6.12067,6.1102,6.11728,6.12375,6.12397,6.11663,2769
USDCNH.FXCM,20130529,6.11935,6.13022,6.1364,6.11429,6.12375,6.13522,6.1382,6.1234,3647
USDCNH.FXCM,20130530,6.13022,6.13362,6.13566,6.1235,6.13522,6.13802,6.14811,6.12942,3634
USDCNH.FXCM,20130531,6.13362,6.14469,6.155,6.1288,6.13802,6.15269,6.1584,6.13206,4399
USDCNH.FXCM,20130602,6.14469,6.14001,6.14469,6.14001,6.15269,6.15601,6.15602,6.15269,5
USDCNH.FXCM,20130603,6.14001,6.12458,6.1473,6.1224,6.15601,6.13098,6.15639,6.12736,3132
USDCNH.FXCM,20130604,6.12458,6.12737,6.13404,6.1138,6.13098,6.13117,6.1374,6.12645,2968
USDCNH.FXCM,20130605,6.12737,6.1252,6.1306,6.1186,6.13117,6.1319,6.13395,6.1269,3162
USDCNH.FXCM,20130606,6.1252,6.12444,6.1331,6.12354,6.1319,6.12928,6.13835,6.1283,3645
USDCNH.FXCM,20130607,6.12444,6.1283,6.14355,6.1208,6.12928,6.146,6.14958,6.12494,4095
USDCNH.FXCM,20130610,6.1283,6.14661,6.14965,6.13168,6.146,6.15145,6.15476,6.14326,3536
USDCNH.FXCM,20130611,6.14661,6.14308,6.1522,6.1395,6.15145,6.14898,6.15492,6.14384,3677
USDCNH.FXCM,20130612,6.14308,6.14262,6.14401,6.1369,6.14898,6.14888,6.15034,6.141,2352
USDCNH.FXCM,20130613,6.14262,6.1371,6.14818,6.1337,6.14888,6.14194,6.1516,6.1399,3513
USDCNH.FXCM,20130614,6.1371,6.1291,6.1385,6.12538,6.14194,6.1394,6.1479,6.13197,2947
USDCNH.FXCM,20130617,6.1291,6.1272,6.13304,6.1219,6.1394,6.1345,6.1435,6.12846,2229
USDCNH.FXCM,20130618,6.1272,6.1334,6.13669,6.1263,6.1345,6.1402,6.1405,6.1297,3069
USDCNH.FXCM,20130619,6.1334,6.1302,6.13682,6.11851,6.1402,6.136,6.1403,6.12448,2780
USDCNH.FXCM,20130620,6.1302,6.1231,6.13548,6.1231,6.136,6.1349,6.13795,6.12653,4159
USDCNH.FXCM,20130621,6.1231,6.127,6.1348,6.1219,6.1349,6.1357,6.13918,6.12995,3102
USDCNH.FXCM,20130623,6.127,6.12951,6.12952,6.1216,6.1357,6.13551,6.1435,6.1355,9
USDCNH.FXCM,20130624,6.12951,6.13668,6.14311,6.1216,6.13551,6.14453,6.1458,6.13403,3384
USDCNH.FXCM,20130625,6.13668,6.13772,6.14524,6.13361,6.14453,6.1442,6.14812,6.13937,3924
USDCNH.FXCM,20130626,6.13772,6.1427,6.15037,6.13675,6.1442,6.1495,6.1533,6.14191,3626
USDCNH.FXCM,20130627,6.1427,6.14137,6.14862,6.14135,6.1495,6.14785,6.15549,6.14568,2952
USDCNH.FXCM,20130628,6.14137,6.1288,6.14509,6.12475,6.14785,6.1451,6.1502,6.13204,5587
USDCNH.FXCM,20130701,6.1288,6.12892,6.1368,6.1229,6.1451,6.13376,6.14428,6.132,2315
USDCNH.FXCM,20130702,6.12892,6.1279,6.13148,6.1258,6.13376,6.1358,6.1358,6.1282,3316
USDCNH.FXCM,20130703,6.1279,6.12833,6.13409,6.1164,6.1358,6.13317,6.13746,6.1318,4401
USDCNH.FXCM,20130704,6.12833,6.12641,6.1295,6.12608,6.13317,6.13321,6.13436,6.12904,3443
USDCNH.FXCM,20130705,6.12641,6.1349,6.13811,6.12601,6.13321,6.14274,6.1446,6.13037,3069
USDCNH.FXCM,20130707,6.1349,6.13564,6.13564,6.13563,6.14274,6.14164,6.14164,6.14163,2
USDCNH.FXCM,20130708,6.13564,6.13411,6.1419,6.125,6.14164,6.13895,6.147,6.13757,3591
USDCNH.FXCM,20130709,6.13411,6.13539,6.13906,6.12663,6.13895,6.14029,6.14222,6.134,4070
USDCNH.FXCM,20130710,6.13539,6.1332,6.14117,6.13206,6.14029,6.14,6.14376,6.1364,3641
USDCNH.FXCM,20130711,6.1332,6.13468,6.13904,6.12856,6.14,6.1387,6.14535,6.1325,3038
USDCNH.FXCM,20130712,6.13468,6.13517,6.14407,6.13118,6.1387,6.14881,6.151,6.13647,2641
USDCNH.FXCM,20130714,6.13517,6.13251,6.13251,6.1318,6.14881,6.14451,6.1455,6.14448,3
USDCNH.FXCM,20130715,6.13251,6.13872,6.1422,6.13109,6.14451,6.14356,6.1455,6.13939,2715
USDCNH.FXCM,20130716,6.13872,6.1334,6.13898,6.12787,6.14356,6.13824,6.14479,6.13625,3180
USDCNH.FXCM,20130717,6.1334,6.13488,6.13703,6.12433,6.13824,6.1385,6.14787,6.1343,3553
USDCNH.FXCM,20130718,6.13488,6.14007,6.1431,6.12978,6.1385,6.14369,6.15332,6.13794,3392
USDCNH.FXCM,20130719,6.14007,6.13196,6.14266,6.13158,6.14369,6.13957,6.14767,6.13536,3129
USDCNH.FXCM,20130722,6.13196,6.1319,6.13718,6.13022,6.13957,6.1387,6.15102,6.1345,2619
USDCNH.FXCM,20130723,6.1319,6.13271,6.13743,6.13044,6.1387,6.13633,6.14006,6.13571,2773
USDCNH.FXCM,20130724,6.13271,6.13328,6.13514,6.1291,6.13633,6.13732,6.13961,6.13479,2705
USDCNH.FXCM,20130725,6.13328,6.13417,6.13734,6.1307,6.13732,6.13821,6.14193,6.1361,2794
USDCNH.FXCM,20130726,6.13417,6.13229,6.13464,6.13002,6.13821,6.13803,6.14035,6.1346,2661
USDCNH.FXCM,20130728,6.13229,6.13146,6.132,6.1298,6.13803,6.14086,6.1418,6.14086,3
USDCNH.FXCM,20130729,6.13146,6.13365,6.13487,6.13075,6.14086,6.13605,6.1435,6.1339,1897
USDCNH.FXCM,20130730,6.1339,6.1337,6.13723,6.1295,6.13794,6.1389,6.14092,6.13358,3165
USDCNH.FXCM,20130731,6.1337,6.13059,6.13506,6.12725,6.1389,6.13429,6.14065,6.13329,3077
USDCNH.FXCM,20130801,6.13059,6.1287,6.13285,6.1244,6.13429,6.1366,6.1374,6.12987,3291
USDCNH.FXCM,20130802,6.1287,6.1209,6.13266,6.1209,6.1366,6.1307,6.13811,6.12777,3269
USDCNH.FXCM,20130804,6.1209,6.12473,6.12475,6.1235,6.1307,6.13573,6.141,6.13571,6
USDCNH.FXCM,20130805,6.12473,6.1188,6.1274,6.11678,6.13573,6.1255,6.13618,6.12132,3051
USDCNH.FXCM,20130806,6.1188,6.11767,6.12204,6.11697,6.1255,6.12129,6.12472,6.119,2685
USDCNH.FXCM,20130807,6.11767,6.11614,6.11994,6.1146,6.12129,6.11976,6.12335,6.1177,3132
USDCNH.FXCM,20130808,6.11614,6.11216,6.1168,6.1092,6.11976,6.11578,6.12101,6.1128,2887
USDCNH.FXCM,20130809,6.11216,6.11604,6.11822,6.10883,6.11578,6.12254,6.1248,6.11354,2095
USDCNH.FXCM,20130811,6.11604,6.11235,6.11235,6.11233,6.12254,6.12079,6.12079,6.12077,4
USDCNH.FXCM,20130812,6.11235,6.11603,6.12022,6.109,6.12079,6.11966,6.126,6.1183,1873
USDCNH.FXCM,20130813,6.11603,6.11738,6.12143,6.1139,6.11966,6.12101,6.12547,6.1185,2592
USDCNH.FXCM,20130814,6.11738,6.1096,6.1203,6.109,6.12101,6.1178,6.1244,6.11298,2435
USDCNH.FXCM,20130815,6.1096,6.10699,6.11376,6.1053,6.1178,6.11104,6.1202,6.1091,3077
USDCNH.FXCM,20130816,6.10699,6.10675,6.10874,6.10253,6.11104,6.11249,6.11488,6.1078,2772
USDCNH.FXCM,20130818,6.10675,6.10867,6.10869,6.10867,6.11249,6.11267,6.11269,6.11267,3
USDCNH.FXCM,20130819,6.10867,6.11498,6.11671,6.07849,6.11267,6.11818,6.1206,6.08389,2721
USDCNH.FXCM,20130820,6.11498,6.11259,6.11963,6.11106,6.11818,6.11749,6.12371,6.11346,2771
USDCNH.FXCM,20130821,6.11259,6.11549,6.1189,6.10961,6.11749,6.12289,6.12319,6.1145,2621
USDCNH.FXCM,20130822,6.11549,6.11315,6.12,6.10841,6.12289,6.11755,6.124,6.11565,2581
USDCNH.FXCM,20130823,6.11315,6.10813,6.1161,6.1056,6.11755,6.1147,6.1217,6.11224,2652
USDCNH.FXCM,20130826,6.10813,6.1085,6.11351,6.04679,6.1147,6.1183,6.1183,6.06325,1975
USDCNH.FXCM,20130827,6.1085,6.11424,6.11512,6.1082,6.1183,6.11787,6.1189,6.1136,2614
USDCNH.FXCM,20130828,6.11424,6.11494,6.1192,6.1114,6.11787,6.11914,6.1214,6.11504,2670
USDCNH.FXCM,20130829,6.11494,6.11636,6.118,6.11258,6.11914,6.11973,6.12164,6.117,2322
USDCNH.FXCM,20130830,6.11636,6.112,6.1175,6.112,6.11973,6.1218,6.1218,6.1166,2368
USDCNH.FXCM,20130902,6.112,6.1106,6.11457,6.1102,6.1218,6.1178,6.11817,6.1132,1643
USDCNH.FXCM,20130903,6.1106,6.11301,6.11444,6.1086,6.1178,6.11681,6.12141,6.1145,2633
USDCNH.FXCM,20130904,6.11301,6.11123,6.1158,6.107,6.11681,6.11503,6.1227,6.1131,3082
USDCNH.FXCM,20130905,6.11123,6.11317,6.1142,6.1067,6.11503,6.11692,6.11753,6.113,2505
USDCNH.FXCM,20130906,6.11317,6.10872,6.1147,6.10812,6.11692,6.11672,6.1203,6.11269,2435
USDCNH.FXCM,20130909,6.10872,6.1047,6.1126,6.10253,6.11672,6.1091,6.11949,6.10784,2232
USDCNH.FXCM,20130910,6.1047,6.10852,6.11165,6.1022,6.1091,6.11292,6.1193,6.107,2641
USDCNH.FXCM,20130911,6.10852,6.10648,6.11245,6.10471,6.11292,6.11208,6.11615,6.10982,2260
USDCNH.FXCM,20130912,6.10648,6.10679,6.1091,6.09972,6.11208,6.11119,6.1147,6.10839,2676
USDCNH.FXCM,20130913,6.10679,6.10994,6.1137,6.1051,6.11119,6.11674,6.11674,6.1099,2393
USDCNH.FXCM,20130915,6.10994,6.10958,6.1105,6.10691,6.11674,6.11638,6.119,6.11546,108
USDCNH.FXCM,20130916,6.10958,6.10725,6.1121,6.1025,6.11638,6.11055,6.11799,6.1087,2304
USDCNH.FXCM,20130917,6.10725,6.10793,6.1117,6.1044,6.11055,6.11233,6.11682,6.11,2147
USDCNH.FXCM,20130918,6.10793,6.10293,6.11104,6.10272,6.11233,6.10781,6.11743,6.10625,2436
USDCNH.FXCM,20130919,6.10293,6.1089,6.10931,6.1007,6.10781,6.1121,6.1156,6.10549,2531
USDCNH.FXCM,20130920,6.1089,6.10768,6.1122,6.10396,6.1121,6.11448,6.116,6.1094,1910
USDCNH.FXCM,20130922,6.10768,6.10758,6.10758,6.10468,6.11448,6.11358,6.11693,6.11356,90
USDCNH.FXCM,20130923,6.10758,6.11,6.113,6.1045,6.11358,6.1158,6.1158,6.10639,2478
USDCNH.FXCM,20130924,6.11,6.1138,6.11762,6.1085,6.1158,6.122,6.122,6.1135,3098
USDCNH.FXCM,20130925,6.1138,6.1144,6.118,6.11325,6.122,6.1215,6.12205,6.11745,2081
USDCNH.FXCM,20130926,6.1144,6.1169,6.1183,6.1125,6.1215,6.1207,6.125,6.1165,2060
USDCNH.FXCM,20130927,6.1169,6.1096,6.11977,6.10821,6.1207,6.1229,6.12939,6.11733,2269
USDCNH.FXCM,20130929,6.1096,6.10233,6.10533,6.10083,6.1229,6.1193,6.1208,6.11631,148
USDCNH.FXCM,20130930,6.10233,6.11492,6.11773,6.10179,6.1193,6.11888,6.12049,6.1177,2335
USDCNH.FXCM,20131001,6.11492,6.111,6.1167,6.111,6.11888,6.1183,6.12268,6.11505,2036
USDCNH.FXCM,20131002,6.111,6.10875,6.11408,6.1087,6.1183,6.1143,6.12,6.1116,2245
USDCNH.FXCM,20131003,6.10875,6.1048,6.11063,6.1048,6.1143,6.1115,6.1147,6.10924,2352
USDCNH.FXCM,20131004,6.1048,6.10332,6.1087,6.10332,6.1115,6.1104,6.112,6.10702,1985
USDCNH.FXCM,20131006,6.10332,6.10611,6.10613,6.1061,6.1104,6.11351,6.11353,6.1135,8
USDCNH.FXCM,20131007,6.10611,6.10764,6.10857,6.10476,6.11351,6.11179,6.11486,6.1079,1387
USDCNH.FXCM,20131008,6.10764,6.11,6.11142,6.1052,6.11179,6.1167,6.1167,6.10908,2059
USDCNH.FXCM,20131009,6.11,6.11104,6.1133,6.106,6.1167,6.11447,6.1194,6.1112,2165
USDCNH.FXCM,20131010,6.11104,6.1032,6.1148,6.1016,6.11447,6.1106,6.1175,6.1058,2564
USDCNH.FXCM,20131011,6.1032,6.10309,6.10772,6.09882,6.1106,6.10989,6.1127,6.1035,2605
USDCNH.FXCM,20131013,6.10309,6.0993,6.09944,6.0943,6.10989,6.1113,6.1163,6.11116,24
USDCNH.FXCM,20131014,6.0993,6.0981,6.10846,6.0943,6.1113,6.1038,6.1163,6.10181,3149
USDCNH.FXCM,20131015,6.0981,6.09379,6.10125,6.09378,6.1038,6.09984,6.10647,6.09691,2877
USDCNH.FXCM,20131016,6.09379,6.09431,6.0994,6.0915,6.09984,6.09874,6.10498,6.09434,3631
USDCNH.FXCM,20131017,6.09431,6.08802,6.09754,6.0879,6.09874,6.09315,6.1009,6.09155,2862
USDCNH.FXCM,20131018,6.08802,6.08486,6.0909,6.0827,6.09315,6.0933,6.0943,6.0881,2876
USDCNH.FXCM,20131021,6.08486,6.0835,6.0913,6.083,6.0933,6.0906,6.09446,6.08808,1813
USDCNH.FXCM,20131022,6.0835,6.08,6.09047,6.08,6.0906,6.0867,6.09304,6.08425,1985
USDCNH.FXCM,20131023,6.08,6.08337,6.0851,6.07998,6.0867,6.08832,6.0887,6.08275,2610
USDCNH.FXCM,20131024,6.08337,6.0721,6.0837,6.0721,6.08832,6.0803,6.0888,6.07814,2056
USDCNH.FXCM,20131025,6.0721,6.0694,6.07644,6.0694,6.0803,6.07994,6.0825,6.07536,2345
USDCNH.FXCM,20131027,6.0694,6.07063,6.07065,6.0706,6.07994,6.08147,6.08149,6.08144,67
USDCNH.FXCM,20131028,6.07063,6.07161,6.0763,6.05453,6.08147,6.07576,6.08292,6.0732,2092
USDCNH.FXCM,20131029,6.07161,6.07826,6.08024,6.0701,6.07576,6.08279,6.0833,6.076,2487
USDCNH.FXCM,20131030,6.07826,6.0794,6.0841,6.07202,6.08279,6.0872,6.0918,6.08166,2473
USDCNH.FXCM,20131031,6.0794,6.0866,6.09409,6.0736,6.0872,6.0944,6.101,6.08384,2730
USDCNH.FXCM,20131101,6.0866,6.0816,6.0912,6.08045,6.0944,6.0914,6.09925,6.08727,2451
USDCNH.FXCM,20131103,6.0816,6.07837,6.07966,6.0677,6.0914,6.09321,6.095,6.089,26
USDCNH.FXCM,20131104,6.07837,6.0828,6.08951,6.07802,6.09321,6.0898,6.09356,6.0872,2175
USDCNH.FXCM,20131105,6.0828,6.08496,6.08652,6.08158,6.0898,6.09014,6.0909,6.08573,2228
USDCNH.FXCM,20131106,6.08496,6.08141,6.08718,6.07961,6.09014,6.08584,6.0925,6.08436,1905
USDCNH.FXCM,20131107,6.08141,6.0814,6.08731,6.0798,6.08584,6.0892,6.0906,6.08251,2613
USDCNH.FXCM,20131108,6.0814,6.0776,6.08544,6.0712,6.0892,6.0844,6.0907,6.07886,2895
USDCNH.FXCM,20131111,6.0776,6.0753,6.08017,6.06768,6.0844,6.0823,6.091,6.0789,1663
USDCNH.FXCM,20131112,6.0753,6.0758,6.0788,6.0748,6.0823,6.0809,6.083,6.0788,2372
USDCNH.FXCM,20131113,6.0758,6.0731,6.07988,6.073,6.0809,6.0796,6.08218,6.0769,2397
USDCNH.FXCM,20131114,6.0731,6.0742,6.0781,6.07311,6.0796,6.0801,6.0819,6.07683,2886
USDCNH.FXCM,20131115,6.0742,6.0696,6.07849,6.0696,6.0801,6.0763,6.08093,6.07461,3823
USDCNH.FXCM,20131118,6.0696,6.0666,6.07355,6.06608,6.0763,6.0734,6.0774,6.0691,3736
USDCNH.FXCM,20131119,6.0666,6.06066,6.0701,6.0544,6.0734,6.0637,6.08,6.05805,7018
USDCNH.FXCM,20131120,6.06066,6.0662,6.06835,6.0573,6.0637,6.0733,6.0736,6.06295,6045
USDCNH.FXCM,20131121,6.0662,6.0666,6.07136,6.0638,6.0733,6.0738,6.0741,6.06859,6477
USDCNH.FXCM,20131122,6.0666,6.0681,6.07634,6.0613,6.0738,6.0752,6.07854,6.0708,4674
USDCNH.FXCM,20131124,6.0681,6.0646,6.0708,6.0633,6.0752,6.0816,6.0853,6.07443,81
USDCNH.FXCM,20131125,6.0646,6.076,6.08076,6.0638,6.0816,6.0824,6.08376,6.07336,4723
USDCNH.FXCM,20131126,6.076,6.0778,6.08062,6.0737,6.0824,6.0849,6.0852,6.07914,4710
USDCNH.FXCM,20131127,6.0778,6.0838,6.08588,6.0765,6.0849,6.089,6.0898,6.0798,4651
USDCNH.FXCM,20131128,6.0838,6.0826,6.08667,6.08156,6.089,6.0894,6.0899,6.0839,2976
USDCNH.FXCM,20131129,6.0826,6.0825,6.08882,6.0815,6.0894,6.08631,6.091,6.0857,4630
USDCNH.FXCM,20131201,6.0825,6.0825,6.0825,6.08049,6.08631,6.0913,6.09258,6.09112,43
USDCNH.FXCM,20131202,6.0825,6.0825,6.08662,6.0825,6.0913,6.0896,6.0913,6.08545,6044
USDCNH.FXCM,20131203,6.0825,6.0785,6.08706,6.0785,6.0896,6.0852,6.0904,6.08396,5567
USDCNH.FXCM,20131204,6.0785,6.0756,6.08378,6.0756,6.0852,6.0826,6.08673,6.0803,7027
USDCNH.FXCM,20131205,6.0756,6.0757,6.08253,6.0739,6.0826,6.0825,6.0848,6.07892,9167
USDCNH.FXCM,20131206,6.0757,6.064,6.07728,6.064,6.0825,6.0738,6.0836,6.06843,9053
USDCNH.FXCM,20131208,6.064,6.0635,6.06561,6.0635,6.0738,6.0755,6.0755,6.07311,105
USDCNH.FXCM,20131209,6.0635,6.0609,6.0682,6.05767,6.0755,6.0681,6.0779,6.06068,5066
USDCNH.FXCM,20131210,6.0609,6.0622,6.06524,6.0599,6.0681,6.0684,6.0684,6.064,5059
USDCNH.FXCM,20131211,6.0622,6.0741,6.07502,6.0618,6.0684,6.0808,6.081,6.06592,6174
USDCNH.FXCM,20131212,6.0741,6.0727,6.0789,6.071,6.0808,6.079,6.08098,6.0743,7152
USDCNH.FXCM,20131213,6.0727,6.0705,6.07624,6.0705,6.079,6.0772,6.0813,6.07294,5904
USDCNH.FXCM,20131215,6.0705,6.0688,6.07346,6.0688,6.0772,6.0795,6.0795,6.07645,56
USDCNH.FXCM,20131216,6.0688,6.0657,6.0736,6.0657,6.0795,6.0729,6.0801,6.0714,4944
USDCNH.FXCM,20131217,6.0657,6.0666,6.07263,6.0649,6.0729,6.0739,6.075,6.07013,5022
USDCNH.FXCM,20131218,6.0666,6.0699,6.07324,6.06441,6.0739,6.076,6.084,6.07125,5152
USDCNH.FXCM,20131219,6.0699,6.0692,6.07574,6.0684,6.076,6.078,6.07849,6.0734,5869
USDCNH.FXCM,20131220,6.0692,6.0643,6.0746,6.0643,6.078,6.0741,6.0782,6.06818,6965
USDCNH.FXCM,20131222,6.0643,6.0658,6.06602,6.0645,6.0741,6.079,6.0792,6.07149,75
USDCNH.FXCM,20131223,6.0658,6.0672,6.0709,6.06452,6.079,6.0749,6.079,6.06848,4702
USDCNH.FXCM,20131224,6.0672,6.0704,6.07254,6.066,6.0749,6.0754,6.0758,6.07062,2787
USDCNH.FXCM,20131226,6.0704,6.0702,6.07469,6.0696,6.0754,6.0774,6.0781,6.07361,2047
USDCNH.FXCM,20131227,6.0702,6.0678,6.0749,6.0663,6.0774,6.0776,6.079,6.07087,7565
USDCNH.FXCM,20131229,6.0678,6.0654,6.07091,6.0645,6.0776,6.0786,6.0786,6.07336,40
USDCNH.FXCM,20131230,6.0654,6.0635,6.073,6.061,6.0786,6.0709,6.0786,6.0672,5219
USDCNH.FXCM,20131231,6.0635,6.0563,6.0657,6.0541,6.0709,6.0622,6.0729,6.05681,4633
USDCNH.FXCM,20140102,6.0563,6.0504,6.0508,6.0433,6.0622,6.0579,6.0579,6.04592,8073
USDCNH.FXCM,20140103,6.0504,6.0442,6.05154,6.0436,6.0579,6.0514,6.0593,6.04647,7425
USDCNH.FXCM,20140105,6.0442,6.0405,6.04754,6.0397,6.0514,6.055,6.055,6.04474,180
USDCNH.FXCM,20140106,6.0405,6.042,6.04882,6.0368,6.055,6.0471,6.0559,6.04408,6370
USDCNH.FXCM,20140107,6.042,6.0355,6.04416,6.0354,6.0471,6.0417,6.0483,6.038,6670
USDCNH.FXCM,20140108,6.0355,6.0355,6.03861,6.0307,6.0417,6.041,6.0427,6.03293,7406
USDCNH.FXCM,20140109,6.0355,6.0348,6.04159,6.0337,6.041,6.0416,6.0441,6.03865,8894
USDCNH.FXCM,20140110,6.0348,6.0275,6.03996,6.0275,6.0416,6.0362,6.0433,6.03345,9428
USDCNH.FXCM,20140112,6.0275,6.0231,6.03249,6.0231,6.0362,6.042,6.042,6.03534,32
USDCNH.FXCM,20140113,6.0231,6.026,6.03303,6.0231,6.042,6.0328,6.042,6.02688,5904
USDCNH.FXCM,20140114,6.026,6.0159,6.02814,6.014,6.0328,6.023,6.0343,6.01716,7842
USDCNH.FXCM,20140115,6.0159,6.0187,6.02293,6.0148,6.023,6.0247,6.0248,6.01797,8328
USDCNH.FXCM,20140116,6.0187,6.0215,6.0254,6.0173,6.0247,6.0265,6.02781,6.02357,7592
USDCNH.FXCM,20140117,6.0215,6.017,6.02369,6.0159,6.0265,6.0268,6.0285,6.0221,6089
USDCNH.FXCM,20140119,6.017,6.019,6.02023,6.019,6.0268,6.026,6.026,6.02383,124
USDCNH.FXCM,20140120,6.019,6.0173,6.02424,6.0173,6.026,6.0234,6.02696,6.02059,5004
USDCNH.FXCM,20140121,6.0173,6.0283,6.03285,6.0155,6.0234,6.0355,6.0355,6.02126,7956
USDCNH.FXCM,20140122,6.0283,6.0257,6.03107,6.02551,6.0355,6.0315,6.0374,6.0281,6856
USDCNH.FXCM,20140123,6.0257,6.0349,6.03723,6.0231,6.0315,6.0417,6.0427,6.0306,10061
USDCNH.FXCM,20140124,6.0349,6.0391,6.04431,6.0319,6.0417,6.0488,6.0488,6.03425,9255
USDCNH.FXCM,20140126,6.0391,6.0391,6.03967,6.03843,6.0488,6.0465,6.0465,6.0434,101
USDCNH.FXCM,20140127,6.0391,6.0327,6.0422,6.0319,6.0465,6.0419,6.04503,6.03741,8220
USDCNH.FXCM,20140128,6.0327,6.0264,6.03658,6.0264,6.0419,6.0342,6.0428,6.02933,7585
USDCNH.FXCM,20140129,6.0264,6.0269,6.03387,6.023,6.0342,6.0357,6.0403,6.02797,8548
USDCNH.FXCM,20140130,6.0269,6.0303,6.03781,6.0224,6.0357,6.0391,6.0417,6.03099,8218
USDCNH.FXCM,20140131,6.0303,6.0312,6.03713,6.0298,6.0391,6.0432,6.0432,6.03505,7533
USDCNH.FXCM,20140202,6.0312,6.0306,6.03426,6.0306,6.0432,6.0404,6.0404,6.0377,87
USDCNH.FXCM,20140203,6.0306,6.0298,6.0349,6.0298,6.0404,6.0355,6.0404,6.03333,6081
USDCNH.FXCM,20140204,6.0298,6.02635,6.03308,6.0234,6.0355,6.02903,6.0375,6.02829,6178
USDCNH.FXCM,20140205,6.02635,6.0259,6.02796,6.0227,6.02903,6.0309,6.0325,6.02621,6379
USDCNH.FXCM,20140206,6.0259,6.024,6.02664,6.0237,6.0309,6.0291,6.0334,6.02623,7739
USDCNH.FXCM,20140207,6.024,6.0207,6.032,6.0207,6.0291,6.0305,6.0349,6.02614,7826
USDCNH.FXCM,20140209,6.0207,6.0239,6.02673,6.0239,6.0305,6.0335,6.0335,6.02843,112
USDCNH.FXCM,20140210,6.0239,6.0318,6.03605,6.0231,6.0335,6.038,6.0387,6.0276,5533
USDCNH.FXCM,20140211,6.0318,6.0328,6.03808,6.0246,6.038,6.0393,6.04035,6.03478,6748
USDCNH.FXCM,20140212,6.0328,6.0319,6.04049,6.0306,6.0393,6.0421,6.0429,6.03692,7290
USDCNH.FXCM,20140213,6.0319,6.0355,6.04276,6.0332,6.0421,6.0449,6.04494,6.03811,7642
USDCNH.FXCM,20140214,6.0355,6.0255,6.04029,6.0255,6.0449,6.0401,6.0449,6.0348,5938
USDCNH.FXCM,20140216,6.0255,6.0246,6.03393,6.024,6.0401,6.0406,6.0406,6.03671,101
USDCNH.FXCM,20140217,6.0246,6.03391,6.03667,6.0263,6.0406,6.03656,6.0406,6.0342,4694
USDCNH.FXCM,20140218,6.03391,6.03636,6.03782,6.0335,6.03656,6.039,6.0417,6.03619,6314
USDCNH.FXCM,20140219,6.03636,6.04866,6.04886,6.034,6.039,6.05087,6.0541,6.03805,7526
USDCNH.FXCM,20140220,6.04866,6.0698,6.07265,6.0464,6.05087,6.0766,6.0769,6.05086,12951
USDCNH.FXCM,20140221,6.0698,6.0919,6.11508,6.0667,6.0766,6.107,6.11736,6.0689,19053
USDCNH.FXCM,20140223,6.0919,6.0815,6.1047,6.0815,6.107,6.1035,6.1214,6.09031,207
USDCNH.FXCM,20140224,6.0815,6.093,6.104,6.07722,6.1035,6.1004,6.11059,6.09031,10375
USDCNH.FXCM,20140225,6.093,6.112,6.12755,6.0886,6.1004,6.119,6.1298,6.09414,17067
USDCNH.FXCM,20140226,6.112,6.1134,6.1303,6.10745,6.119,6.1232,6.1331,6.10983,15934
USDCNH.FXCM,20140227,6.1134,6.0971,6.1242,6.09391,6.1232,6.1043,6.12656,6.09616,19872
USDCNH.FXCM,20140228,6.0971,6.1154,6.1324,6.0954,6.1043,6.1251,6.1351,6.10085,21221
USDCNH.FXCM,20140302,6.1154,6.1138,6.12183,6.1113,6.1251,6.1308,6.1333,6.12387,13
USDCNH.FXCM,20140303,6.1138,6.12571,6.12881,6.1138,6.1308,6.12798,6.1316,6.11971,11164
USDCNH.FXCM,20140304,6.12571,6.12799,6.13144,6.1219,6.12798,6.13275,6.13359,6.12622,11274
USDCNH.FXCM,20140305,6.12799,6.1162,6.13723,6.1162,6.13275,6.1254,6.13943,6.12121,10996
USDCNH.FXCM,20140306,6.1162,6.0969,6.12525,6.0956,6.1254,6.1042,6.129,6.09793,16793
USDCNH.FXCM,20140307,6.0969,6.1054,6.11285,6.09241,6.1042,6.116,6.116,6.09463,11477
USDCNH.FXCM,20140309,6.1054,6.1059,6.11238,6.1059,6.116,6.121,6.121,6.11413,92
USDCNH.FXCM,20140310,6.1059,6.13544,6.13689,6.1037,6.121,6.13808,6.1399,6.11487,11722
USDCNH.FXCM,20140311,6.13544,6.13979,6.14299,6.12446,6.13808,6.14231,6.14559,6.12674,10766
USDCNH.FXCM,20140312,6.13979,6.13808,6.1489,6.1346,6.14231,6.14344,6.15109,6.13866,12111
USDCNH.FXCM,20140313,6.13808,6.1428,6.14635,6.13065,6.14344,6.1441,6.14695,6.13313,13241
USDCNH.FXCM,20140314,6.1428,6.1522,6.15943,6.13926,6.1441,6.1583,6.1609,6.13963,17429
USDCNH.FXCM,20140317,6.1522,6.1588,6.16886,6.1438,6.1583,6.1601,6.1696,6.1552,12867
USDCNH.FXCM,20140318,6.1588,6.17673,6.18479,6.1578,6.1601,6.17894,6.18607,6.1604,14859
USDCNH.FXCM,20140319,6.17673,6.1908,6.19808,6.1765,6.17894,6.1939,6.20053,6.17906,17499
USDCNH.FXCM,20140320,6.1908,6.2055,6.21126,6.1856,6.1939,6.2088,6.2138,6.1924,21082
USDCNH.FXCM,20140321,6.2055,6.195,6.2086,6.19295,6.2088,6.2018,6.2141,6.19516,13016
USDCNH.FXCM,20140323,6.195,6.1937,6.1937,6.1919,6.2018,6.2084,6.2084,6.20081,96
USDCNH.FXCM,20140324,6.1937,6.1809,6.1994,6.1798,6.2084,6.1841,6.2084,6.18144,12370
USDCNH.FXCM,20140325,6.1809,6.1834,6.19037,6.17065,6.1841,6.18918,6.1928,6.17285,13803
USDCNH.FXCM,20140326,6.1834,6.20217,6.20341,6.182,6.18918,6.20533,6.20651,6.18588,11887
USDCNH.FXCM,20140327,6.20217,6.20662,6.21348,6.1993,6.20533,6.20929,6.2159,6.20345,11879
USDCNH.FXCM,20140328,6.20662,6.2025,6.2123,6.2017,6.20929,6.2079,6.2137,6.20383,9430
USDCNH.FXCM,20140330,6.2025,6.20218,6.2044,6.20218,6.2079,6.20535,6.20883,6.20535,114
USDCNH.FXCM,20140331,6.20218,6.2134,6.21738,6.2015,6.20535,6.2166,6.2196,6.2039,10580
USDCNH.FXCM,20140401,6.2134,6.2036,6.21494,6.2011,6.2166,6.2074,6.2174,6.20335,9376
USDCNH.FXCM,20140402,6.2036,6.2031,6.20485,6.19543,6.2074,6.2062,6.2079,6.1977,7935
USDCNH.FXCM,20140403,6.2031,6.2141,6.21564,6.1998,6.2062,6.2171,6.2182,6.20402,10969
USDCNH.FXCM,20140404,6.2141,6.2061,6.22061,6.2061,6.2171,6.2162,6.223,6.21104,8805
USDCNH.FXCM,20140406,6.2061,6.2055,6.21072,6.1989,6.2162,6.215,6.2193,6.21388,27
USDCNH.FXCM,20140407,6.2055,6.209,6.21379,6.2008,6.215,6.2115,6.219,6.21127,3886
USDCNH.FXCM,20140408,6.209,6.1887,6.21129,6.18852,6.2115,6.1934,6.2149,6.1912,8872
USDCNH.FXCM,20140409,6.1887,6.1892,6.19949,6.18501,6.1934,6.194,6.2017,6.18727,9369
USDCNH.FXCM,20140410,6.1892,6.2082,6.20913,6.1882,6.194,6.2117,6.2119,6.19197,10088
USDCNH.FXCM,20140411,6.2082,6.2067,6.21382,6.2038,6.2117,6.2127,6.216,6.2088,8675
USDCNH.FXCM,20140413,6.2067,6.20727,6.20731,6.20621,6.2127,6.21212,6.21323,6.21211,204
USDCNH.FXCM,20140414,6.20727,6.2209,6.22335,6.199,6.21212,6.2244,6.22644,6.2112,7212
USDCNH.FXCM,20140415,6.2209,6.22355,6.2303,6.21995,6.2244,6.22665,6.23249,6.22327,7681
USDCNH.FXCM,20140416,6.22355,6.2235,6.22766,6.2221,6.22665,6.2265,6.2311,6.22493,6364
USDCNH.FXCM,20140417,6.2235,6.223,6.2241,6.2153,6.2265,6.2282,6.2293,6.2185,7116
USDCNH.FXCM,20140418,6.223,6.2212,6.22478,6.219,6.2282,6.2272,6.2291,6.22188,1907
USDCNH.FXCM,20140420,6.2212,6.22214,6.22217,6.21642,6.2272,6.22624,6.23168,6.22624,29
USDCNH.FXCM,20140421,6.22214,6.2268,6.23153,6.2165,6.22624,6.2313,6.2338,6.2232,3402
USDCNH.FXCM,20140422,6.2268,6.236,6.23797,6.2248,6.2313,6.239,6.2404,6.22984,8874
USDCNH.FXCM,20140423,6.236,6.2367,6.24598,6.2338,6.239,6.2402,6.2483,6.23691,10563
USDCNH.FXCM,20140424,6.2367,6.2509,6.2544,6.23485,6.2402,6.2539,6.2569,6.23734,9401
USDCNH.FXCM,20140425,6.2509,6.2562,6.26245,6.24785,6.2539,6.2592,6.2646,6.25005,8618
USDCNH.FXCM,20140427,6.2562,6.255,6.2591,6.25197,6.2592,6.2639,6.26723,6.25838,82
USDCNH.FXCM,20140428,6.255,6.2496,6.25833,6.24951,6.2639,6.2531,6.2664,6.25194,7531
USDCNH.FXCM,20140429,6.2496,6.2563,6.25785,6.2491,6.2531,6.2608,6.2608,6.25262,6549
USDCNH.FXCM,20140430,6.2563,6.2504,6.27057,6.2449,6.2608,6.2548,6.2728,6.25329,11221
USDCNH.FXCM,20140501,6.2504,6.251,6.25732,6.24779,6.2548,6.254,6.25996,6.25001,4369
USDCNH.FXCM,20140502,6.251,6.2522,6.26099,6.25,6.254,6.2582,6.263,6.25399,5877
USDCNH.FXCM,20140504,6.2522,6.25446,6.25536,6.25443,6.2582,6.26028,6.26035,6.25947,74
USDCNH.FXCM,20140505,6.25446,6.24174,6.25511,6.24107,6.26028,6.24535,6.26064,6.24345,7326
USDCNH.FXCM,20140506,6.24174,6.2203,6.24569,6.22,6.24535,6.2237,6.25,6.22244,10590
USDCNH.FXCM,20140507,6.2203,6.2323,6.2375,6.2195,6.2237,6.2358,6.2398,6.22193,9937
USDCNH.FXCM,20140508,6.2323,6.2303,6.23909,6.223,6.2358,6.2338,6.24157,6.22524,12991
USDCNH.FXCM,20140509,6.2303,6.2315,6.23375,6.2271,6.2338,6.23541,6.23643,6.2294,8446
USDCNH.FXCM,20140511,6.2315,6.23263,6.23265,6.23179,6.23541,6.23496,6.23649,6.23496,15
USDCNH.FXCM,20140512,6.23263,6.2416,6.24231,6.23124,6.23496,6.2446,6.24461,6.23464,6080
USDCNH.FXCM,20140513,6.2416,6.2341,6.2443,6.23321,6.2446,6.2371,6.2473,6.23549,10251
USDCNH.FXCM,20140514,6.2341,6.22506,6.23904,6.22324,6.2371,6.22734,6.2419,6.22545,9327
USDCNH.FXCM,20140515,6.22506,6.2293,6.23385,6.2228,6.22734,6.2323,6.23606,6.2256,8569
USDCNH.FXCM,20140516,6.2293,6.23048,6.23706,6.2267,6.2323,6.23439,6.23934,6.2291,6580
USDCNH.FXCM,20140518,6.23048,6.2301,6.23068,6.22999,6.23439,6.2347,6.23473,6.23401,33
USDCNH.FXCM,20140519,6.2301,6.2348,6.24068,6.22931,6.2347,6.2378,6.24288,6.23226,6722
USDCNH.FXCM,20140520,6.2348,6.23571,6.23876,6.2346,6.2378,6.23813,6.241,6.23723,5478
USDCNH.FXCM,20140521,6.23571,6.2319,6.23819,6.23162,6.23813,6.2347,6.24064,6.2338,6829
USDCNH.FXCM,20140522,6.2319,6.2301,6.23558,6.2294,6.2347,6.2329,6.2383,6.23171,6732
USDCNH.FXCM,20140523,6.2301,6.2331,6.23682,6.2293,6.2329,6.2364,6.2391,6.23229,5588
USDCNH.FXCM,20140525,6.2331,6.23246,6.23261,6.23234,6.2364,6.23599,6.23609,6.23585,137
USDCNH.FXCM,20140526,6.23246,6.2303,6.2369,6.2303,6.23599,6.2379,6.239,6.23503,4300
USDCNH.FXCM,20140527,6.2303,6.25416,6.25562,6.2301,6.2379,6.25688,6.2601,6.23544,9295
USDCNH.FXCM,20140528,6.25416,6.2627,6.27006,6.2518,6.25688,6.2656,6.27244,6.25544,12426
USDCNH.FXCM,20140529,6.2627,6.2455,6.26695,6.2441,6.2656,6.2496,6.2703,6.2465,12019
USDCNH.FXCM,20140530,6.2455,6.2442,6.2495,6.23989,6.2496,6.2506,6.2519,6.24209,8619
USDCNH.FXCM,20140601,6.2442,6.24562,6.24563,6.24559,6.2506,6.24844,6.24846,6.24842,25
USDCNH.FXCM,20140602,6.24562,6.2532,6.25462,6.2434,6.24844,6.2567,6.2575,6.24793,3989
USDCNH.FXCM,20140603,6.2532,6.2492,6.25557,6.2455,6.2567,6.2528,6.2587,6.24763,8555
USDCNH.FXCM,20140604,6.2492,6.2532,6.25789,6.24757,6.2528,6.256,6.26009,6.24994,9623
USDCNH.FXCM,20140605,6.2532,6.2527,6.26234,6.2523,6.256,6.2556,6.26453,6.25496,17371
USDCNH.FXCM,20140606,6.2527,6.2423,6.2541,6.24154,6.2556,6.2472,6.2573,6.2438,11274
USDCNH.FXCM,20140608,6.2423,6.2398,6.24084,6.2398,6.2472,6.2463,6.2463,6.24598,45
USDCNH.FXCM,20140609,6.2398,6.2249,6.24406,6.2249,6.2463,6.2301,6.2481,6.2274,11319
USDCNH.FXCM,20140610,6.2249,6.2142,6.23036,6.2142,6.2301,6.2172,6.23276,6.2166,11774
USDCNH.FXCM,20140611,6.2142,6.2206,6.2271,6.2143,6.2172,6.2235,6.2294,6.2179,9294
USDCNH.FXCM,20140612,6.2206,6.2103,6.22593,6.21,6.2235,6.215,6.22963,6.21291,10492
USDCNH.FXCM,20140613,6.2103,6.20967,6.21731,6.20337,6.215,6.21519,6.21956,6.2056,11314
USDCNH.FXCM,20140615,6.20967,6.2107,6.21071,6.21012,6.21519,6.21523,6.21538,6.21515,49
USDCNH.FXCM,20140616,6.2107,6.2168,6.2235,6.20706,6.21523,6.2221,6.2259,6.20926,10175
USDCNH.FXCM,20140617,6.2168,6.2305,6.2326,6.2178,6.2221,6.2338,6.2349,6.22008,12084
USDCNH.FXCM,20140618,6.2305,6.2242,6.2353,6.22381,6.2338,6.2271,6.2376,6.22636,9629
USDCNH.FXCM,20140619,6.2242,6.2279,6.2308,6.2228,6.2271,6.2309,6.23304,6.22532,9707
USDCNH.FXCM,20140620,6.2279,6.2252,6.23018,6.2252,6.2309,6.2306,6.2339,6.22747,7098
USDCNH.FXCM,20140622,6.2252,6.2251,6.22664,6.2251,6.2306,6.2309,6.2309,6.2291,103
USDCNH.FXCM,20140623,6.2251,6.222,6.22878,6.2211,6.2309,6.225,6.231,6.22391,6779
USDCNH.FXCM,20140624,6.222,6.23151,6.23195,6.2211,6.225,6.23383,6.2344,6.22377,7968
USDCNH.FXCM,20140625,6.23151,6.2263,6.23531,6.22625,6.23383,6.2295,6.2377,6.22845,7234
USDCNH.FXCM,20140626,6.2263,6.2221,6.22993,6.22146,6.2295,6.2274,6.2339,6.22367,8971
USDCNH.FXCM,20140627,6.2221,6.2125,6.22541,6.212,6.2274,6.2179,6.2282,6.21537,9817
USDCNH.FXCM,20140629,6.2125,6.21398,6.21416,6.21397,6.2179,6.21658,6.21659,6.21635,16
USDCNH.FXCM,20140630,6.21398,6.2041,6.21516,6.2041,6.21658,6.2068,6.21875,6.20642,8361
USDCNH.FXCM,20140701,6.2041,6.2017,6.2072,6.19971,6.2068,6.2063,6.2095,6.20198,7583
USDCNH.FXCM,20140702,6.2017,6.214,6.21631,6.2017,6.2063,6.217,6.21861,6.2055,9301
USDCNH.FXCM,20140703,6.214,6.2092,6.2184,6.208,6.217,6.2133,6.22083,6.21125,9892
USDCNH.FXCM,20140704,6.2092,6.20367,6.2158,6.20367,6.2133,6.20918,6.218,6.20605,6415
USDCNH.FXCM,20140706,6.20367,6.20428,6.20432,6.204,6.20918,6.20662,6.2107,6.20661,24
USDCNH.FXCM,20140707,6.20428,6.2003,6.20699,6.19762,6.20662,6.2035,6.2107,6.19982,7113
USDCNH.FXCM,20140708,6.2003,6.202,6.2054,6.1992,6.2035,6.2051,6.20759,6.20142,7752
USDCNH.FXCM,20140709,6.202,6.1947,6.20228,6.1947,6.2051,6.1989,6.207,6.1969,8372
USDCNH.FXCM,20140710,6.1947,6.2017,6.20675,6.1915,6.1989,6.2052,6.209,6.19411,11036
USDCNH.FXCM,20140711,6.2017,6.2018,6.20863,6.2008,6.2052,6.2063,6.21089,6.2039,9140
USDCNH.FXCM,20140714,6.2018,6.2073,6.20867,6.2007,6.2063,6.2104,6.2109,6.2054,6140
USDCNH.FXCM,20140715,6.2073,6.2133,6.2143,6.2063,6.2104,6.2164,6.21681,6.20883,10642
USDCNH.FXCM,20140716,6.2133,6.2059,6.2162,6.2056,6.2164,6.2086,6.2188,6.20781,8223
USDCNH.FXCM,20140717,6.2059,6.2049,6.20893,6.1995,6.2086,6.2081,6.212,6.2017,9450
USDCNH.FXCM,20140718,6.2049,6.20467,6.20644,6.2003,6.2081,6.21018,6.21018,6.20249,9213
USDCNH.FXCM,20140720,6.20467,6.20431,6.20432,6.20229,6.21018,6.20749,6.20776,6.20674,16
USDCNH.FXCM,20140721,6.20431,6.2033,6.20614,6.2023,6.20749,6.2067,6.2093,6.20467,5329
USDCNH.FXCM,20140722,6.2033,6.2012,6.20486,6.2008,6.2067,6.2059,6.2088,6.20271,6515
USDCNH.FXCM,20140723,6.2012,6.1901,6.2028,6.1897,6.2059,6.1946,6.2073,6.19232,7010
USDCNH.FXCM,20140724,6.1901,6.18991,6.1924,6.1869,6.1946,6.19223,6.1964,6.1895,8226
USDCNH.FXCM,20140725,6.18991,6.1858,6.1947,6.1858,6.19223,6.19132,6.1968,6.18928,8452
USDCNH.FXCM,20140727,6.1858,6.186,6.18782,6.1859,6.19132,6.1935,6.19426,6.1935,49
USDCNH.FXCM,20140728,6.186,6.1796,6.1882,6.179,6.1935,6.1823,6.1949,6.1817,6826
USDCNH.FXCM,20140729,6.1796,6.17995,6.1828,6.176,6.1823,6.18237,6.185,6.17828,9230
USDCNH.FXCM,20140730,6.17995,6.1716,6.18118,6.16953,6.18237,6.1745,6.1832,6.17203,10974
USDCNH.FXCM,20140731,6.1716,6.179,6.18013,6.1696,6.1745,6.1819,6.182,6.1749,10858
USDCNH.FXCM,20140801,6.179,6.17013,6.183,6.17013,6.1819,6.17564,6.1851,6.17445,12326
USDCNH.FXCM,20140804,6.17013,6.173,6.177,6.1717,6.17564,6.1753,6.1799,6.17388,6607
USDCNH.FXCM,20140805,6.173,6.1664,6.1747,6.1658,6.1753,6.1723,6.177,6.168,8589
USDCNH.FXCM,20140806,6.1664,6.1592,6.1699,6.1585,6.1723,6.162,6.1728,6.16135,8799
USDCNH.FXCM,20140807,6.1592,6.1651,6.16658,6.15734,6.162,6.1684,6.1689,6.1595,11869
USDCNH.FXCM,20140808,6.1651,6.15147,6.16816,6.1513,6.1684,6.15699,6.1703,6.15568,11061
USDCNH.FXCM,20140810,6.15147,6.15403,6.15502,6.15395,6.15699,6.15652,6.15745,6.15595,59
USDCNH.FXCM,20140811,6.15403,6.151,6.1553,6.15,6.15652,6.1566,6.1587,6.1522,6126
USDCNH.FXCM,20140812,6.151,6.1585,6.16215,6.1512,6.1566,6.1613,6.16445,6.15437,7846
USDCNH.FXCM,20140813,6.1585,6.1575,6.16433,6.15567,6.1613,6.15982,6.1666,6.15788,8734
USDCNH.FXCM,20140814,6.1575,6.1488,6.15777,6.1473,6.15982,6.1545,6.1611,6.1512,7053
USDCNH.FXCM,20140815,6.1488,6.14486,6.15129,6.1405,6.1545,6.15037,6.1547,6.14553,9028
USDCNH.FXCM,20140817,6.14486,6.1465,6.14739,6.14523,6.15037,6.14854,6.14975,6.14772,91
USDCNH.FXCM,20140818,6.1465,6.13971,6.14634,6.1385,6.14854,6.14204,6.1505,6.1407,5551
USDCNH.FXCM,20140819,6.13971,6.1406,6.14436,6.13431,6.14204,6.1467,6.1467,6.13659,9057
USDCNH.FXCM,20140820,6.1406,6.14304,6.14585,6.1401,6.1467,6.14536,6.1481,6.14287,8071
USDCNH.FXCM,20140821,6.14304,6.153,6.1578,6.1406,6.14536,6.1557,6.16,6.14621,10563
USDCNH.FXCM,20140822,6.153,6.15391,6.16131,6.1512,6.1557,6.15942,6.16351,6.15501,11954
USDCNH.FXCM,20140824,6.15391,6.15367,6.15613,6.15262,6.15942,6.15806,6.15889,6.15623,173
USDCNH.FXCM,20140825,6.15367,6.1535,6.1604,6.1525,6.15806,6.1563,6.16287,6.15478,6624
USDCNH.FXCM,20140826,6.1535,6.1482,6.15722,6.14778,6.1563,6.153,6.16,6.15013,8264
USDCNH.FXCM,20140827,6.1482,6.1424,6.15011,6.1422,6.153,6.1452,6.1539,6.14451,10534
USDCNH.FXCM,20140828,6.1424,6.1487,6.15198,6.141,6.1452,6.1519,6.15464,6.14361,9715
USDCNH.FXCM,20140829,6.1487,6.1468,6.15102,6.14523,6.1519,6.15232,6.1548,6.1482,8237
USDCNH.FXCM,20140831,6.1468,6.14784,6.14784,6.14784,6.15232,6.15101,6.15101,6.15101,1
USDCNH.FXCM,20140901,6.14784,6.1443,6.15083,6.1424,6.15101,6.1472,6.15354,6.14468,5705
USDCNH.FXCM,20140902,6.1443,6.1501,6.1535,6.1428,6.1472,6.1544,6.157,6.14546,8534
USDCNH.FXCM,20140903,6.1501,6.1424,6.1524,6.1424,6.1544,6.1471,6.1568,6.14571,8549
USDCNH.FXCM,20140904,6.1424,6.1444,6.14686,6.1367,6.1471,6.1492,6.1492,6.13896,12745
USDCNH.FXCM,20140905,6.1444,6.13939,6.14827,6.1386,6.1492,6.1449,6.1508,6.14168,9570
USDCNH.FXCM,20140907,6.13939,6.13953,6.14244,6.13953,6.1449,6.14192,6.14688,6.14192,124
USDCNH.FXCM,20140908,6.13953,6.13868,6.14093,6.13253,6.14192,6.141,6.14461,6.13498,7415
USDCNH.FXCM,20140909,6.13868,6.1369,6.14019,6.13101,6.141,6.1396,6.143,6.13351,10691
USDCNH.FXCM,20140910,6.1369,6.13166,6.13756,6.1298,6.1396,6.1343,6.1411,6.132,12052
USDCNH.FXCM,20140911,6.13166,6.1355,6.13629,6.1301,6.1343,6.1383,6.13875,6.13412,9862
USDCNH.FXCM,20140912,6.1355,6.1389,6.14075,6.13446,6.1383,6.14442,6.14442,6.13666,9939
USDCNH.FXCM,20140914,6.1389,6.14034,6.14211,6.13749,6.14442,6.14401,6.14578,6.14002,93
USDCNH.FXCM,20140915,6.14034,6.168,6.175,6.1389,6.14401,6.1713,6.17743,6.1424,16366
USDCNH.FXCM,20140916,6.168,6.15443,6.17824,6.153,6.1713,6.15707,6.1808,6.15564,16837
USDCNH.FXCM,20140917,6.15443,6.1551,6.15749,6.14765,6.15707,6.1614,6.1614,6.14993,12137
USDCNH.FXCM,20140918,6.1551,6.14426,6.16292,6.1441,6.1614,6.1469,6.16632,6.14647,11431
USDCNH.FXCM,20140919,6.14426,6.14094,6.14614,6.1395,6.1469,6.14646,6.1506,6.1418,10428
USDCNH.FXCM,20140921,6.14094,6.1406,6.1416,6.13895,6.14646,6.14483,6.14714,6.14384,71
USDCNH.FXCM,20140922,6.1406,6.1515,6.1539,6.1386,6.14483,6.1545,6.15601,6.14079,9941
USDCNH.FXCM,20140923,6.1515,6.14124,6.15192,6.13871,6.1545,6.14386,6.157,6.14099,9419
USDCNH.FXCM,20140924,6.14124,6.1377,6.1424,6.1354,6.14386,6.1411,6.1468,6.13768,8800
USDCNH.FXCM,20140925,6.1377,6.14597,6.15002,6.1365,6.1411,6.1484,6.1521,6.1403,11411
USDCNH.FXCM,20140926,6.14597,6.14328,6.14728,6.1382,6.1484,6.1488,6.1508,6.14144,9738
USDCNH.FXCM,20140928,6.14328,6.14566,6.14659,6.1418,6.1488,6.14664,6.15,6.14587,65
USDCNH.FXCM,20140929,6.14566,6.17684,6.17943,6.14306,6.14664,6.18027,6.18173,6.14661,19383
USDCNH.FXCM,20140930,6.17684,6.1773,6.17838,6.1616,6.18027,6.1808,6.1829,6.16391,12979
USDCNH.FXCM,20141001,6.1773,6.16927,6.18291,6.1688,6.1808,6.17159,6.1859,6.17101,8915
USDCNH.FXCM,20141002,6.16927,6.16028,6.16929,6.1575,6.17159,6.1627,6.1729,6.15978,9491
USDCNH.FXCM,20141003,6.16028,6.16461,6.16855,6.15534,6.1627,6.17012,6.17084,6.15771,8037
USDCNH.FXCM,20141005,6.16461,6.16447,6.16551,6.16447,6.17012,6.16891,6.16891,6.16791,102
USDCNH.FXCM,20141006,6.16447,6.14978,6.17076,6.1482,6.16891,6.15416,6.17316,6.15108,6614
USDCNH.FXCM,20141007,6.14978,6.14551,6.1531,6.14505,6.15416,6.14794,6.15579,6.14757,11409
USDCNH.FXCM,20141008,6.14551,6.13702,6.14617,6.13543,6.14794,6.13934,6.15034,6.13781,10080
USDCNH.FXCM,20141009,6.13702,6.1375,6.14168,6.1322,6.13934,6.1405,6.1448,6.1345,8330
USDCNH.FXCM,20141010,6.1375,6.13906,6.1438,6.1341,6.1405,6.14457,6.146,6.1383,6266
USDCNH.FXCM,20141012,6.13906,6.1393,6.13947,6.13927,6.14457,6.14319,6.14321,6.143,113
USDCNH.FXCM,20141013,6.1393,6.13421,6.14323,6.13421,6.14319,6.13686,6.14637,6.13685,9107
USDCNH.FXCM,20141014,6.13421,6.1399,6.14186,6.133,6.13686,6.1437,6.14401,6.13511,10595
USDCNH.FXCM,20141015,6.1399,6.13311,6.14139,6.13111,6.1437,6.13554,6.14414,6.13332,16242
USDCNH.FXCM,20141016,6.13311,6.14021,6.154,6.1296,6.13554,6.14264,6.1564,6.13178,13330
USDCNH.FXCM,20141017,6.14021,6.1379,6.14781,6.13349,6.14264,6.14342,6.1511,6.13615,11825
USDCNH.FXCM,20141019,6.1379,6.13763,6.13764,6.13711,6.14342,6.14181,6.14211,6.14181,120
USDCNH.FXCM,20141020,6.13763,6.1305,6.139,6.1305,6.14181,6.1343,6.1445,6.13296,8450
USDCNH.FXCM,20141021,6.1305,6.12603,6.13188,6.12345,6.1343,6.12888,6.1365,6.12573,11289
USDCNH.FXCM,20141022,6.12603,6.1217,6.12744,6.11965,6.12888,6.1273,6.1305,6.12218,11356
USDCNH.FXCM,20141023,6.1217,6.12338,6.12606,6.1212,6.1273,6.12624,6.1286,6.12515,9786
USDCNH.FXCM,20141024,6.12338,6.12285,6.12939,6.1204,6.12624,6.12837,6.13159,6.12403,8802
USDCNH.FXCM,20141026,6.12285,6.12333,6.12371,6.12333,6.12837,6.1257,6.12665,6.1257,14
USDCNH.FXCM,20141027,6.12333,6.11845,6.12449,6.11817,6.1257,6.12088,6.1304,6.12039,8319
USDCNH.FXCM,20141028,6.11845,6.1123,6.11915,6.1106,6.12088,6.1151,6.1226,6.11377,8577
USDCNH.FXCM,20141029,6.1123,6.11589,6.1176,6.1095,6.1151,6.11853,6.12017,6.11229,8457
USDCNH.FXCM,20141030,6.11589,6.11582,6.12215,6.115,6.11853,6.11846,6.1254,6.1177,12900
USDCNH.FXCM,20141031,6.11582,6.1251,6.128,6.1134,6.11846,6.13062,6.13062,6.11574,16206
USDCNH.FXCM,20141102,6.1251,6.127,6.1283,6.1259,6.13062,6.1308,6.1319,6.12957,30
USDCNH.FXCM,20141103,6.127,6.12925,6.12962,6.12171,6.1308,6.13189,6.1324,6.1241,12022
USDCNH.FXCM,20141104,6.12925,6.11662,6.1305,6.11644,6.13189,6.11926,6.13304,6.11874,10531
USDCNH.FXCM,20141105,6.11662,6.11848,6.12234,6.11393,6.11926,6.12112,6.12537,6.11613,13230
USDCNH.FXCM,20141106,6.11848,6.12194,6.12349,6.1162,6.12112,6.12458,6.1258,6.1186,14765
USDCNH.FXCM,20141107,6.12194,6.13219,6.14162,6.11866,6.12458,6.13771,6.14436,6.12163,16371
USDCNH.FXCM,20141110,6.13219,6.12293,6.13211,6.1191,6.13771,6.12558,6.1374,6.12134,11875
USDCNH.FXCM,20141111,6.12293,6.1264,6.13376,6.1208,6.12558,6.1316,6.13604,6.12324,11698
USDCNH.FXCM,20141112,6.1264,6.1308,6.13709,6.1249,6.1316,6.1336,6.13929,6.12774,14751
USDCNH.FXCM,20141113,6.1308,6.12792,6.13444,6.12623,6.1336,6.13056,6.137,6.12963,9700
USDCNH.FXCM,20141114,6.12792,6.12804,6.13403,6.12631,6.13056,6.13356,6.13723,6.12851,11916
USDCNH.FXCM,20141116,6.12804,6.1266,6.12909,6.1265,6.13356,6.1339,6.1345,6.13149,3
USDCNH.FXCM,20141117,6.1266,6.1247,6.1298,6.1226,6.1339,6.1274,6.1346,6.12484,10078
USDCNH.FXCM,20141118,6.1247,6.11636,6.12571,6.1157,6.1274,6.119,6.12802,6.1179,12217
USDCNH.FXCM,20141119,6.11636,6.12369,6.12652,6.11435,6.119,6.12655,6.12889,6.11655,11048
USDCNH.FXCM,20141120,6.12369,6.1242,6.12942,6.122,6.12655,6.127,6.13186,6.12478,14225
USDCNH.FXCM,20141121,6.1242,6.13286,6.13776,6.1201,6.127,6.13837,6.14,6.12248,14266
USDCNH.FXCM,20141123,6.13286,6.13265,6.13268,6.13265,6.13837,6.13699,6.13701,6.13698,15
USDCNH.FXCM,20141124,6.13265,6.1574,6.16171,6.1309,6.13699,6.1602,6.16396,6.13368,15734
USDCNH.FXCM,20141125,6.1574,6.14587,6.15788,6.1423,6.1602,6.14851,6.1604,6.14454,17306
USDCNH.FXCM,20141126,6.14587,6.14765,6.15663,6.1369,6.14851,6.15051,6.1586,6.139,23905
USDCNH.FXCM,20141127,6.14765,6.1457,6.1486,6.1415,6.15051,6.14835,6.1535,6.14365,10853
USDCNH.FXCM,20141128,6.1457,6.15893,6.16219,6.1434,6.14835,6.16445,6.165,6.14832,14078
USDCNH.FXCM,20141130,6.15893,6.15885,6.15959,6.15884,6.16445,6.16105,6.164,6.16102,82
USDCNH.FXCM,20141201,6.15885,6.1566,6.16724,6.156,6.16105,6.1598,6.16943,6.15824,15018
USDCNH.FXCM,20141202,6.1566,6.15538,6.15792,6.14867,6.1598,6.15824,6.1612,6.15082,11801
USDCNH.FXCM,20141203,6.15538,6.1458,6.15594,6.14455,6.15824,6.1489,6.158,6.14668,12440
USDCNH.FXCM,20141204,6.1458,6.15065,6.15766,6.1465,6.1489,6.15329,6.16176,6.14892,13375
USDCNH.FXCM,20141205,6.15065,6.15729,6.15887,6.14839,6.15329,6.1628,6.16282,6.15137,12071
USDCNH.FXCM,20141207,6.15729,6.15653,6.15655,6.1565,6.1628,6.15938,6.1597,6.15926,33
USDCNH.FXCM,20141208,6.15653,6.17218,6.18053,6.14991,6.15938,6.17482,6.18273,6.15213,17400
USDCNH.FXCM,20141209,6.17218,6.18682,6.20427,6.16923,6.17482,6.18946,6.2065,6.17179,29089
USDCNH.FXCM,20141210,6.18682,6.17923,6.1981,6.17604,6.18946,6.18187,6.20025,6.17859,18900
USDCNH.FXCM,20141211,6.17923,6.19513,6.19767,6.17395,6.18187,6.19756,6.2003,6.17644,24393
USDCNH.FXCM,20141212,6.19513,6.19236,6.20224,6.1856,6.19756,6.19787,6.20443,6.1878,17799
USDCNH.FXCM,20141214,6.19236,6.1903,6.19031,6.18893,6.19787,6.19599,6.19643,6.19559,60
USDCNH.FXCM,20141215,6.1903,6.1987,6.1989,6.18721,6.19599,6.20156,6.20156,6.18947,14357
USDCNH.FXCM,20141216,6.1987,6.19116,6.20135,6.18832,6.20156,6.19445,6.20347,6.19089,16294
USDCNH.FXCM,20141217,6.19116,6.2012,6.20138,6.1898,6.19445,6.20384,6.20398,6.192,13365
USDCNH.FXCM,20141218,6.2012,6.21914,6.22348,6.19933,6.20384,6.22178,6.22589,6.2015,25012
USDCNH.FXCM,20141219,6.21914,6.2209,6.22882,6.2155,6.22178,6.22641,6.231,6.21799,15725
USDCNH.FXCM,20141221,6.2209,6.21997,6.21998,6.21996,6.22641,6.22595,6.22596,6.22594,12
USDCNH.FXCM,20141222,6.21997,6.21716,6.22557,6.2135,6.22595,6.2198,6.22797,6.2157,9394
USDCNH.FXCM,20141223,6.21716,6.22993,6.23196,6.21807,6.2198,6.23236,6.23419,6.22037,11925
USDCNH.FXCM,20141224,6.22993,6.2224,6.23148,6.22,6.23236,6.228,6.23389,6.22385,8681
USDCNH.FXCM,20141226,6.2224,6.21618,6.21641,6.20815,6.228,6.2217,6.2217,6.2114,2434
USDCNH.FXCM,20141228,6.21618,6.21603,6.21604,6.21515,6.2217,6.22177,6.22178,6.22089,39
USDCNH.FXCM,20141229,6.21603,6.23278,6.23602,6.21011,6.22177,6.23542,6.23849,6.21274,12261
USDCNH.FXCM,20141230,6.23278,6.21556,6.2385,6.2134,6.23542,6.21842,6.2406,6.2155,14317
USDCNH.FXCM,20141231,6.21556,6.21777,6.22688,6.20508,6.21842,6.22052,6.22933,6.20776,12780
USDCNH.FXCM,20150102,6.21777,6.22527,6.22762,6.2238,6.22052,6.23078,6.23078,6.226,6069
USDCNH.FXCM,20150104,6.22527,6.22692,6.227,6.226,6.23078,6.2301,6.231,6.23,25
USDCNH.FXCM,20150105,6.22692,6.22649,6.2325,6.22032,6.2301,6.22913,6.23486,6.2229,14780
USDCNH.FXCM,20150106,6.22649,6.21071,6.22726,6.2059,6.22913,6.21335,6.23,6.20843,20300
USDCNH.FXCM,20150107,6.21071,6.214,6.21985,6.20596,6.21335,6.2166,6.22365,6.2101,18300
USDCNH.FXCM,20150108,6.214,6.21624,6.22277,6.2131,6.2166,6.21888,6.22496,6.21549,16705
USDCNH.FXCM,20150109,6.21624,6.20095,6.22,6.20095,6.21888,6.20647,6.2225,6.20626,18359
USDCNH.FXCM,20150112,6.20095,6.1958,6.20431,6.1946,6.20647,6.1985,6.2087,6.19699,14082
USDCNH.FXCM,20150113,6.1958,6.19515,6.20382,6.19301,6.1985,6.19758,6.206,6.19547,17285
USDCNH.FXCM,20150114,6.19515,6.19307,6.19761,6.19165,6.19758,6.1955,6.20074,6.19379,16963
USDCNH.FXCM,20150115,6.19307,6.20879,6.21735,6.1866,6.1955,6.21207,6.2194,6.18888,24113
USDCNH.FXCM,20150116,6.20879,6.23408,6.2375,6.1974,6.21207,6.24241,6.24591,6.1996,27969
USDCNH.FXCM,20150119,6.23408,6.22172,6.23389,6.22011,6.24241,6.22693,6.23673,6.22245,6929
USDCNH.FXCM,20150120,6.22172,6.22096,6.22692,6.21403,6.22693,6.22382,6.2296,6.21708,15703
USDCNH.FXCM,20150121,6.22096,6.21502,6.22478,6.20481,6.22382,6.21788,6.23941,6.21367,15628
USDCNH.FXCM,20150122,6.21502,6.21984,6.2227,6.20803,6.21788,6.2227,6.22529,6.21146,22974
USDCNH.FXCM,20150123,6.21984,6.2498,6.25409,6.21709,6.2227,6.25502,6.2591,6.21987,31181
USDCNH.FXCM,20150125,6.2498,6.2502,6.25021,6.24876,6.25502,6.25457,6.25569,6.25391,208
USDCNH.FXCM,20150126,6.2502,6.25433,6.26882,6.24736,6.25457,6.25697,6.27259,6.25035,30076
USDCNH.FXCM,20150127,6.25433,6.24129,6.25472,6.23734,6.25697,6.24482,6.25788,6.23955,24136
USDCNH.FXCM,20150128,6.24129,6.2571,6.26189,6.23896,6.24482,6.2609,6.26786,6.24156,24491
USDCNH.FXCM,20150129,6.2571,6.26051,6.26407,6.25341,6.2609,6.26316,6.26647,6.25589,17875
USDCNH.FXCM,20150130,6.26051,6.28082,6.28849,6.2545,6.26316,6.28603,6.29093,6.25709,31317
USDCNH.FXCM,20150201,6.28082,6.28112,6.2837,6.27346,6.28603,6.29001,6.29589,6.28756,45
USDCNH.FXCM,20150202,6.28112,6.26614,6.28586,6.26485,6.29001,6.26878,6.29214,6.2674,18120
USDCNH.FXCM,20150203,6.26614,6.25642,6.27459,6.24976,6.26878,6.25906,6.27689,6.25165,25035
USDCNH.FXCM,20150204,6.25642,6.25542,6.25913,6.24635,6.25906,6.2585,6.2645,6.24862,21691
USDCNH.FXCM,20150205,6.25542,6.2417,6.26425,6.2414,6.2585,6.2441,6.26699,6.24381,16881
USDCNH.FXCM,20150206,6.2417,6.2462,6.25273,6.23367,6.2441,6.2504,6.255,6.23599,17673
USDCNH.FXCM,20150208,6.2462,6.24629,6.24735,6.24627,6.2504,6.25343,6.25449,6.25341,178
USDCNH.FXCM,20150209,6.24629,6.2526,6.2541,6.24671,6.25343,6.2552,6.25631,6.24919,12654
USDCNH.FXCM,20150210,6.2526,6.25545,6.25733,6.24081,6.2552,6.25809,6.25953,6.24308,15494
USDCNH.FXCM,20150211,6.25545,6.2451,6.25587,6.24291,6.25809,6.248,6.25939,6.24511,18779
USDCNH.FXCM,20150212,6.2451,6.23891,6.25137,6.23891,6.248,6.24156,6.2535,6.24156,18490
USDCNH.FXCM,20150213,6.23891,6.24193,6.24572,6.23563,6.24156,6.24714,6.25119,6.23799,12935
USDCNH.FXCM,20150215,6.24193,6.2474,6.24841,6.2458,6.24714,6.25128,6.25133,6.24871,155
USDCNH.FXCM,20150216,6.2474,6.2637,6.27144,6.24477,6.25128,6.2683,6.27392,6.24741,13721
USDCNH.FXCM,20150217,6.2637,6.27481,6.28465,6.25914,6.2683,6.27745,6.28691,6.26665,19558
USDCNH.FXCM,20150218,6.27481,6.2723,6.28361,6.27068,6.27745,6.2753,6.28572,6.27448,12849
USDCNH.FXCM,20150219,6.2723,6.2764,6.2787,6.27136,6.2753,6.2792,6.2819,6.2741,9507
USDCNH.FXCM,20150220,6.2764,6.27516,6.28159,6.2729,6.2792,6.28037,6.28569,6.27576,13071
USDCNH.FXCM,20150222,6.27516,6.27404,6.27456,6.274,6.28037,6.28183,6.28196,6.28182,107
USDCNH.FXCM,20150223,6.27404,6.27176,6.27845,6.27111,6.28183,6.27441,6.28234,6.27398,7913
USDCNH.FXCM,20150224,6.27176,6.2617,6.27651,6.26105,6.27441,6.2647,6.27879,6.26337,10806
USDCNH.FXCM,20150225,6.2617,6.26928,6.27267,6.2607,6.2647,6.27248,6.27539,6.26387,12621
USDCNH.FXCM,20150226,6.26928,6.27713,6.27922,6.2638,6.27248,6.27977,6.2816,6.266,13835
USDCNH.FXCM,20150227,6.27713,6.28582,6.29253,6.27514,6.27977,6.29103,6.29481,6.27806,18394
USDCNH.FXCM,20150301,6.28582,6.29211,6.29414,6.29108,6.29103,6.29591,6.29916,6.294,78
USDCNH.FXCM,20150302,6.29211,6.28888,6.30207,6.2826,6.29591,6.2919,6.30227,6.28291,17901
USDCNH.FXCM,20150303,6.28888,6.2852,6.29068,6.28094,6.2919,6.2885,6.29302,6.28314,17401
USDCNH.FXCM,20150304,6.2852,6.28588,6.28745,6.2751,6.2885,6.2889,6.29023,6.2773,16029
USDCNH.FXCM,20150305,6.28588,6.27361,6.29109,6.27181,6.2889,6.27663,6.29344,6.27413,19802
USDCNH.FXCM,20150306,6.27361,6.28122,6.28443,6.26651,6.27663,6.28832,6.28832,6.27176,14057
USDCNH.FXCM,20150308,6.28122,6.27349,6.2763,6.27,6.28832,6.27929,6.28272,6.27739,60
USDCNH.FXCM,20150309,6.27349,6.27172,6.28216,6.27047,6.27929,6.27474,6.28516,6.2728,12544
USDCNH.FXCM,20150310,6.27172,6.28222,6.28285,6.2696,6.27474,6.28524,6.28524,6.2719,16233
USDCNH.FXCM,20150311,6.28222,6.2774,6.2823,6.27158,6.28524,6.2805,6.28574,6.27378,18046
USDCNH.FXCM,20150312,6.2774,6.2738,6.28038,6.26633,6.2805,6.2771,6.28294,6.26901,20618
USDCNH.FXCM,20150313,6.2738,6.28256,6.28886,6.26812,6.2771,6.28966,6.2912,6.27032,20016
USDCNH.FXCM,20150315,6.28256,6.28122,6.28142,6.2812,6.28966,6.2861,6.2888,6.28608,89
USDCNH.FXCM,20150316,6.28122,6.26841,6.2829,6.26287,6.2861,6.27177,6.28618,6.26545,17646
USDCNH.FXCM,20150317,6.26841,6.24592,6.26943,6.24201,6.27177,6.24894,6.27229,6.24429,25664
USDCNH.FXCM,20150318,6.24592,6.2216,6.24674,6.21977,6.24894,6.2249,6.25024,6.2225,22993
USDCNH.FXCM,20150319,6.2216,6.21474,6.22555,6.19961,6.2249,6.21776,6.22875,6.20193,34590
USDCNH.FXCM,20150320,6.21474,6.19956,6.22198,6.19551,6.21776,6.20666,6.22453,6.19771,33841
USDCNH.FXCM,20150322,6.19956,6.19889,6.19894,6.19886,6.20666,6.20477,6.20482,6.20474,53
USDCNH.FXCM,20150323,6.19889,6.2031,6.215,6.19281,6.20477,6.2062,6.21785,6.19521,25295
USDCNH.FXCM,20150324,6.2031,6.2088,6.21589,6.1994,6.2062,6.2119,6.2184,6.20423,24434
USDCNH.FXCM,20150325,6.2088,6.21012,6.21597,6.20583,6.2119,6.21348,6.2182,6.20806,16315
USDCNH.FXCM,20150326,6.21012,6.21471,6.21655,6.2084,6.21348,6.21784,6.21912,6.2107,15534
USDCNH.FXCM,20150327,6.21471,6.20804,6.2238,6.20804,6.21784,6.21514,6.226,6.21185,18523
USDCNH.FXCM,20150329,6.20804,6.20909,6.2092,6.20904,6.21514,6.21583,6.21583,6.21568,52
USDCNH.FXCM,20150330,6.20909,6.20661,6.21585,6.20448,6.21583,6.2099,6.2181,6.20712,18039
USDCNH.FXCM,20150331,6.20661,6.20427,6.2088,6.20098,6.2099,6.20709,6.21196,6.20326,19271
USDCNH.FXCM,20150401,6.20427,6.20199,6.20946,6.1986,6.20709,6.20589,6.21215,6.20091,16168
USDCNH.FXCM,20150402,6.20199,6.1976,6.20606,6.1973,6.20589,6.20159,6.20897,6.2001,14455
USDCNH.FXCM,20150403,6.1976,6.19267,6.20311,6.19231,6.20159,6.19977,6.20599,6.19559,7879
USDCNH.FXCM,20150406,6.19267,6.19462,6.1973,6.1918,6.19977,6.19765,6.19981,6.19434,5620
USDCNH.FXCM,20150407,6.19462,6.19877,6.20032,6.19153,6.19765,6.20181,6.20262,6.19417,20352
USDCNH.FXCM,20150408,6.19877,6.20533,6.20874,6.19718,6.20181,6.20801,6.21122,6.19943,14641
USDCNH.FXCM,20150409,6.20533,6.21721,6.2183,6.20425,6.20801,6.22179,6.22179,6.2081,16346
USDCNH.FXCM,20150410,6.21721,6.2164,6.22084,6.2144,6.22179,6.2202,6.223,6.21671,14073
USDCNH.FXCM,20150412,6.2164,6.2147,6.21481,6.21469,6.2202,6.22266,6.22271,6.22258,50
USDCNH.FXCM,20150413,6.2147,6.22361,6.22826,6.21469,6.22266,6.22711,6.23096,6.21869,16762
USDCNH.FXCM,20150414,6.22361,6.21317,6.2258,6.211,6.22711,6.21654,6.22918,6.21328,21378
USDCNH.FXCM,20150415,6.21317,6.19792,6.21477,6.19737,6.21654,6.20219,6.21833,6.19999,17495
USDCNH.FXCM,20150416,6.19792,6.18705,6.20155,6.18611,6.20219,6.18979,6.20696,6.18849,23027
USDCNH.FXCM,20150417,6.18705,6.1928,6.19743,6.185,6.18979,6.1962,6.19984,6.1875,22935
USDCNH.FXCM,20150419,6.1928,6.19368,6.19518,6.19149,6.1962,6.19864,6.19945,6.1975,43
USDCNH.FXCM,20150420,6.19368,6.19469,6.20285,6.19447,6.19864,6.1977,6.2052,6.1967,19466
USDCNH.FXCM,20150421,6.19469,6.19572,6.20074,6.1944,6.1977,6.19836,6.20295,6.19764,16645
USDCNH.FXCM,20150422,6.19572,6.19353,6.19816,6.18842,6.19836,6.19601,6.2004,6.1912,20891
USDCNH.FXCM,20150423,6.19353,6.18775,6.19737,6.18775,6.19601,6.1928,6.20034,6.19134,24182
USDCNH.FXCM,20150424,6.18775,6.19289,6.19855,6.18872,6.1928,6.19969,6.20083,6.19092,21326
USDCNH.FXCM,20150426,6.19289,6.19224,6.19227,6.1922,6.19969,6.2001,6.20013,6.20006,45
USDCNH.FXCM,20150427,6.19224,6.2161,6.22348,6.19273,6.2001,6.2191,6.2259,6.19491,25718
USDCNH.FXCM,20150428,6.2161,6.20322,6.21867,6.19946,6.2191,6.2058,6.2209,6.20219,27110
USDCNH.FXCM,20150429,6.20322,6.19995,6.20724,6.19797,6.2058,6.20291,6.20952,6.20121,24634
USDCNH.FXCM,20150430,6.19995,6.2065,6.21079,6.1963,6.20291,6.20979,6.2132,6.19849,41868
USDCNH.FXCM,20150501,6.2065,6.20997,6.2135,6.2063,6.20979,6.21677,6.21677,6.20878,10211
USDCNH.FXCM,20150503,6.20997,6.20931,6.20933,6.20783,6.21677,6.21487,6.21504,6.21389,45
USDCNH.FXCM,20150504,6.20931,6.20874,6.21468,6.20845,6.21487,6.21329,6.2168,6.21081,10738
USDCNH.FXCM,20150505,6.20874,6.20561,6.21337,6.20496,6.21329,6.20813,6.21557,6.20725,19040
USDCNH.FXCM,20150506,6.20561,6.20116,6.20763,6.19677,6.20813,6.2036,6.21038,6.19908,23873
USDCNH.FXCM,20150507,6.20116,6.2112,6.21364,6.19956,6.2036,6.21428,6.21599,6.2019,22681
USDCNH.FXCM,20150508,6.2112,6.20495,6.2134,6.20495,6.21428,6.21175,6.216,6.20832,23876
USDCNH.FXCM,20150510,6.20495,6.20802,6.20805,6.20601,6.21175,6.21348,6.2145,6.21017,73
USDCNH.FXCM,20150511,6.20802,6.21148,6.21551,6.20593,6.21348,6.21481,6.21774,6.2089,14993
USDCNH.FXCM,20150512,6.21148,6.20731,6.21373,6.20547,6.21481,6.20995,6.216,6.20775,17750
USDCNH.FXCM,20150513,6.20731,6.19894,6.20962,6.19819,6.20995,6.2017,6.212,6.20043,36997
USDCNH.FXCM,20150514,6.19894,6.20301,6.204,6.19754,6.2017,6.20608,6.2062,6.19976,27891
USDCNH.FXCM,20150515,6.20301,6.19897,6.20728,6.19897,6.20608,6.20577,6.2096,6.20272,23044
USDCNH.FXCM,20150517,6.19897,6.19949,6.20045,6.19949,6.20577,6.20549,6.2056,6.20462,73
USDCNH.FXCM,20150518,6.19949,6.20461,6.20588,6.19947,6.20549,6.20709,6.20846,6.20326,12591
USDCNH.FXCM,20150519,6.20461,6.208,6.20967,6.2035,6.20709,6.21071,6.2116,6.20584,13882
USDCNH.FXCM,20150520,6.208,6.20274,6.20962,6.20274,6.21071,6.20749,6.2117,6.20579,21795
USDCNH.FXCM,20150521,6.20274,6.19562,6.20513,6.1951,6.20749,6.19841,6.2083,6.1974,29502
USDCNH.FXCM,20150522,6.19562,6.19733,6.20142,6.1923,6.19841,6.20413,6.20413,6.1945,23595
USDCNH.FXCM,20150524,6.19733,6.19744,6.19747,6.19742,6.20413,6.2034,6.20363,6.20338,137
USDCNH.FXCM,20150525,6.19744,6.2001,6.20342,6.19737,6.2034,6.20404,6.20592,6.20133,11872
USDCNH.FXCM,20150526,6.2001,6.20811,6.20837,6.20002,6.20404,6.21059,6.21091,6.20353,28031
USDCNH.FXCM,20150527,6.20811,6.20235,6.20852,6.20222,6.21059,6.20629,6.2111,6.20463,21327
USDCNH.FXCM,20150528,6.20235,6.20276,6.20593,6.19934,6.20629,6.20536,6.20906,6.20151,23779
USDCNH.FXCM,20150529,6.20276,6.19868,6.20383,6.19868,6.20536,6.20548,6.20637,6.20276,18306
USDCNH.FXCM,20150531,6.19868,6.20061,6.20067,6.2006,6.20548,6.20607,6.20813,6.20607,69
USDCNH.FXCM,20150601,6.20061,6.20394,6.20461,6.19653,6.20607,6.2066,6.20795,6.19876,18767
USDCNH.FXCM,20150602,6.20394,6.19966,6.2046,6.19801,6.2066,6.20214,6.20712,6.20021,42533
USDCNH.FXCM,20150603,6.19966,6.19795,6.20085,6.1969,6.20214,6.20059,6.20331,6.19906,30443
USDCNH.FXCM,20150604,6.19795,6.20227,6.20789,6.1963,6.20059,6.20728,6.21013,6.1989,28967
USDCNH.FXCM,20150605,6.20227,6.2081,6.21328,6.20195,6.20728,6.2149,6.21552,6.20494,31273
USDCNH.FXCM,20150607,6.2081,6.20574,6.20579,6.20571,6.2149,6.2117,6.21175,6.21167,85
USDCNH.FXCM,20150608,6.20574,6.20763,6.21419,6.2047,6.2117,6.21001,6.21643,6.208,32843
USDCNH.FXCM,20150609,6.20763,6.21041,6.21393,6.20585,6.21001,6.21289,6.2162,6.20916,28559
USDCNH.FXCM,20150610,6.21041,6.20696,6.21215,6.2065,6.21289,6.20944,6.21452,6.20898,27275
USDCNH.FXCM,20150611,6.20696,6.21096,6.21146,6.2061,6.20944,6.21344,6.21662,6.20945,25157
USDCNH.FXCM,20150612,6.21096,6.21285,6.21856,6.20942,6.21344,6.21965,6.2211,6.21162,26747
USDCNH.FXCM,20150614,6.21285,6.2109,6.21095,6.21088,6.21965,6.21786,6.21791,6.21783,203
USDCNH.FXCM,20150615,6.2109,6.21122,6.21497,6.21083,6.21786,6.21418,6.21821,6.21316,28302
USDCNH.FXCM,20150616,6.21122,6.20775,6.21169,6.2075,6.21418,6.21167,6.2147,6.20981,21078
USDCNH.FXCM,20150617,6.20775,6.20219,6.2099,6.20168,6.21167,6.20559,6.21214,6.20428,34978
USDCNH.FXCM,20150618,6.20219,6.202,6.20778,6.19872,6.20559,6.2047,6.2111,6.20333,30423
USDCNH.FXCM,20150619,6.202,6.20396,6.213,6.2014,6.2047,6.21076,6.21543,6.20359,22469
USDCNH.FXCM,20150621,6.20396,6.20286,6.20289,6.20282,6.21076,6.21022,6.21024,6.21018,185
USDCNH.FXCM,20150622,6.20286,6.2018,6.20524,6.2011,6.21022,6.20604,6.21085,6.20334,13765
USDCNH.FXCM,20150623,6.2018,6.19906,6.20478,6.1989,6.20604,6.20154,6.20797,6.20116,31206
USDCNH.FXCM,20150624,6.19906,6.20011,6.20364,6.19869,6.20154,6.20259,6.20705,6.2016,27840
USDCNH.FXCM,20150625,6.20011,6.20272,6.20783,6.1993,6.20259,6.20616,6.21002,6.20324,30299
USDCNH.FXCM,20150626,6.20272,6.20288,6.21005,6.2025,6.20616,6.20968,6.21225,6.2055,31229
USDCNH.FXCM,20150628,6.20288,6.20902,6.20908,6.2073,6.20968,6.21511,6.21511,6.2133,65
USDCNH.FXCM,20150629,6.20902,6.2065,6.21556,6.2057,6.21511,6.2092,6.21804,6.20801,29378
USDCNH.FXCM,20150630,6.2065,6.20567,6.2083,6.20186,6.2092,6.20803,6.21069,6.20439,22039
USDCNH.FXCM,20150701,6.20567,6.20382,6.20591,6.20064,6.20803,6.20726,6.21034,6.20326,14472
USDCNH.FXCM,20150702,6.20382,6.20152,6.20569,6.20098,6.20726,6.20388,6.2083,6.2034,19541
USDCNH.FXCM,20150703,6.20152,6.206,6.20701,6.20117,6.20388,6.2105,6.21236,6.20354,14362
USDCNH.FXCM,20150705,6.206,6.20463,6.20749,6.20352,6.2105,6.20959,6.21119,6.20701,515
USDCNH.FXCM,20150706,6.20463,6.21206,6.21723,6.20382,6.20959,6.21518,6.21933,6.20708,25186
USDCNH.FXCM,20150707,6.21206,6.22004,6.22683,6.21065,6.21518,6.22372,6.22897,6.21318,43990
USDCNH.FXCM,20150708,6.22004,6.22167,6.22813,6.21404,6.22372,6.22403,6.2307,6.21618,40909
USDCNH.FXCM,20150709,6.22167,6.2151,6.2212,6.21085,6.22403,6.21909,6.22484,6.21299,30240
USDCNH.FXCM,20150710,6.2151,6.21278,6.21759,6.2116,6.21909,6.22038,6.22198,6.2138,40392
USDCNH.FXCM,20150712,6.21278,6.21403,6.21507,6.21285,6.22038,6.22029,6.22288,6.22025,272
USDCNH.FXCM,20150713,6.21403,6.21506,6.21776,6.213,6.22029,6.21751,6.22079,6.2152,22871
USDCNH.FXCM,20150714,6.21506,6.21199,6.21664,6.20912,6.21751,6.21543,6.21987,6.21416,36564
USDCNH.FXCM,20150715,6.21199,6.21409,6.2153,6.21116,6.21543,6.21721,6.21937,6.21326,20990
USDCNH.FXCM,20150716,6.21409,6.21247,6.2156,6.212,6.21721,6.21483,6.21808,6.21412,32876
USDCNH.FXCM,20150717,6.21247,6.20731,6.21439,6.20731,6.21483,6.21771,6.21771,6.21351,16926
USDCNH.FXCM,20150719,6.20731,6.21129,6.2113,6.21107,6.21771,6.21539,6.2154,6.21506,97
USDCNH.FXCM,20150720,6.21129,6.21282,6.21376,6.21117,6.21539,6.21518,6.21588,6.21329,15395
USDCNH.FXCM,20150721,6.21282,6.20724,6.21361,6.2069,6.21518,6.21068,6.2164,6.209,14909
USDCNH.FXCM,20150722,6.20724,6.21047,6.21209,6.20719,6.21068,6.21391,6.21421,6.20924,10509
USDCNH.FXCM,20150723,6.21047,6.21242,6.21686,6.2098,6.21391,6.21538,6.21898,6.21295,23307
USDCNH.FXCM,20150724,6.21242,6.22501,6.22751,6.21187,6.21538,6.231,6.231,6.21471,40978
USDCNH.FXCM,20150726,6.22501,6.22317,6.22327,6.22317,6.231,6.22811,6.22987,6.228,78
USDCNH.FXCM,20150727,6.22317,6.21769,6.22825,6.21769,6.22811,6.22113,6.23117,6.22028,27270
USDCNH.FXCM,20150728,6.21769,6.21613,6.21988,6.21335,6.22113,6.21867,6.22355,6.21564,25270
USDCNH.FXCM,20150729,6.21613,6.2162,6.21829,6.21254,6.21867,6.2188,6.22041,6.21466,19220
USDCNH.FXCM,20150730,6.2162,6.21927,6.22188,6.21456,6.2188,6.22192,6.22402,6.21837,17801
USDCNH.FXCM,20150731,6.21927,6.21843,6.22314,6.21387,6.22192,6.22442,6.22526,6.21599,27812
USDCNH.FXCM,20150803,6.21843,6.21882,6.2198,6.21611,6.22442,6.22165,6.22204,6.21822,13669
USDCNH.FXCM,20150804,6.21882,6.21792,6.21915,6.21404,6.22165,6.22136,6.22167,6.21616,41078
USDCNH.FXCM,20150805,6.21792,6.21667,6.22562,6.21437,6.22136,6.21903,6.22844,6.21809,24778
USDCNH.FXCM,20150806,6.21667,6.21672,6.21911,6.2156,6.21903,6.21908,6.22123,6.21858,12982
USDCNH.FXCM,20150807,6.21672,6.21347,6.21872,6.21347,6.21908,6.21946,6.22084,6.21688,50871
USDCNH.FXCM,20150809,6.21347,6.2143,6.21603,6.21119,6.21946,6.2196,6.22262,6.21831,84
USDCNH.FXCM,20150810,6.2143,6.21329,6.21804,6.21288,6.2196,6.21573,6.22016,6.21521,18311
USDCNH.FXCM,20150811,6.21329,6.38504,6.43419,6.21255,6.21573,6.38812,6.44077,6.21466,91302
USDCNH.FXCM,20150812,6.38504,6.42508,6.59303,6.3835,6.38812,6.4353,6.59627,6.38792,79942
USDCNH.FXCM,20150813,6.42508,6.46188,6.49908,6.42767,6.4353,6.46532,6.51107,6.4331,49540
USDCNH.FXCM,20150814,6.46188,6.45036,6.46209,6.42591,6.46532,6.45639,6.46758,6.42851,31133
USDCNH.FXCM,20150816,6.45036,6.4409,6.44758,6.44085,6.45639,6.45142,6.4554,6.45121,63
USDCNH.FXCM,20150817,6.4409,6.44213,6.45497,6.42965,6.45142,6.4463,6.46162,6.43204,42026
USDCNH.FXCM,20150818,6.44213,6.43856,6.4518,6.43135,6.4463,6.44201,6.45585,6.43363,46615
USDCNH.FXCM,20150819,6.43856,6.46088,6.46219,6.43442,6.44201,6.46432,6.46957,6.43661,48993
USDCNH.FXCM,20150820,6.46088,6.43782,6.46164,6.43628,6.46432,6.44127,6.4663,6.43853,46294
USDCNH.FXCM,20150821,6.43782,6.45148,6.45424,6.43385,6.44127,6.45768,6.45809,6.43645,65494
USDCNH.FXCM,20150823,6.45148,6.45017,6.45088,6.44971,6.45768,6.45591,6.45926,6.45588,136
USDCNH.FXCM,20150824,6.45017,6.49099,6.52788,6.44772,6.45591,6.49741,6.53223,6.45091,94988
USDCNH.FXCM,20150825,6.49099,6.51103,6.51359,6.45127,6.49741,6.51438,6.51629,6.45386,70760
USDCNH.FXCM,20150826,6.51103,6.48821,6.51398,6.47981,6.51438,6.49182,6.51984,6.48262,76590
USDCNH.FXCM,20150827,6.48821,6.47708,6.48959,6.47067,6.49182,6.4803,6.4975,6.47303,62778
USDCNH.FXCM,20150828,6.47708,6.45926,6.4777,6.44887,6.4803,6.46537,6.48495,6.45123,41588
USDCNH.FXCM,20150830,6.45926,6.45767,6.45799,6.45765,6.46537,6.46541,6.46843,6.46539,53
USDCNH.FXCM,20150831,6.45767,6.4407,6.45905,6.43972,6.46541,6.4443,6.46841,6.4423,44317
USDCNH.FXCM,20150901,6.4407,6.41621,6.44662,6.40658,6.4443,6.41925,6.44898,6.40887,72461
USDCNH.FXCM,20150902,6.41621,6.44512,6.45713,6.41229,6.41925,6.44784,6.46035,6.41489,69974
USDCNH.FXCM,20150903,6.44512,6.44843,6.45357,6.43924,6.44784,6.45232,6.45624,6.44212,47621
USDCNH.FXCM,20150904,6.44843,6.46361,6.47065,6.44494,6.45232,6.46964,6.47417,6.4492,40378
USDCNH.FXCM,20150906,6.46361,6.46401,6.46625,6.46349,6.46964,6.46783,6.47536,6.46775,104
USDCNH.FXCM,20150907,6.46401,6.47628,6.4907,6.44234,6.46783,6.4817,6.49329,6.4469,58089
USDCNH.FXCM,20150908,6.47628,6.4536,6.49301,6.45073,6.4817,6.4568,6.49855,6.45333,64187
USDCNH.FXCM,20150909,6.4536,6.46531,6.47072,6.4428,6.4568,6.46839,6.47307,6.4467,41503
USDCNH.FXCM,20150910,6.46531,6.38546,6.48157,6.37829,6.46839,6.38854,6.48425,6.38065,121266
USDCNH.FXCM,20150911,6.38546,6.40596,6.41791,6.37639,6.38854,6.41199,6.42063,6.37988,39544
USDCNH.FXCM,20150913,6.40596,6.40702,6.40842,6.40698,6.41199,6.41084,6.4128,6.4108,36
USDCNH.FXCM,20150914,6.40702,6.40109,6.41343,6.39779,6.41084,6.40561,6.41811,6.40057,22817
USDCNH.FXCM,20150915,6.40109,6.40877,6.41079,6.39454,6.40561,6.41289,6.41315,6.39771,20092
USDCNH.FXCM,20150916,6.40877,6.40301,6.41088,6.39971,6.41289,6.4061,6.41363,6.40257,20155
USDCNH.FXCM,20150917,6.40301,6.3987,6.41226,6.39652,6.4061,6.40179,6.41438,6.39912,17526
USDCNH.FXCM,20150918,6.3987,6.3851,6.40223,6.38384,6.40179,6.3894,6.40466,6.38615,55886
USDCNH.FXCM,20150921,6.3851,6.39696,6.40691,6.38539,6.3894,6.40004,6.41,6.3908,37752
USDCNH.FXCM,20150922,6.39696,6.41514,6.41864,6.3968,6.40004,6.41795,6.421,6.4003,53866
USDCNH.FXCM,20150923,6.41514,6.43686,6.43839,6.41118,6.41795,6.43994,6.44075,6.41362,68463
USDCNH.FXCM,20150924,6.43686,6.41541,6.44236,6.41442,6.43994,6.41849,6.44608,6.41746,41091
USDCNH.FXCM,20150925,6.41541,6.39481,6.41946,6.39481,6.41849,6.40084,6.425,6.39734,28848
USDCNH.FXCM,20150927,6.39481,6.39588,6.39668,6.39579,6.40084,6.40574,6.40768,6.40565,67
USDCNH.FXCM,20150928,6.39588,6.35656,6.39668,6.35601,6.40574,6.35964,6.40574,6.35861,32398
USDCNH.FXCM,20150929,6.35656,6.34263,6.37372,6.33207,6.35964,6.34562,6.37604,6.33435,50027
USDCNH.FXCM,20150930,6.34263,6.3609,6.36621,6.33873,6.34562,6.3658,6.36845,6.34145,58267
USDCNH.FXCM,20151001,6.3609,6.36616,6.36985,6.35456,6.3658,6.36928,6.37197,6.35715,26265
USDCNH.FXCM,20151002,6.36616,6.35356,6.37861,6.35354,6.36928,6.35959,6.38079,6.35722,31567
USDCNH.FXCM,20151004,6.35356,6.35504,6.35515,6.35498,6.35959,6.36276,6.36294,6.3627,58
USDCNH.FXCM,20151005,6.35504,6.34751,6.36255,6.34396,6.36276,6.35059,6.36559,6.3461,30550
USDCNH.FXCM,20151006,6.34751,6.35011,6.35821,6.3461,6.35059,6.35319,6.36069,6.34943,25358
USDCNH.FXCM,20151007,6.35011,6.34466,6.35342,6.33518,6.35319,6.34938,6.3558,6.33742,26499
USDCNH.FXCM,20151008,6.34466,6.3397,6.35626,6.3376,6.34938,6.34336,6.35843,6.34136,33304
USDCNH.FXCM,20151009,6.3397,6.33574,6.34731,6.33574,6.34336,6.34177,6.35076,6.33879,25700
USDCNH.FXCM,20151011,6.33574,6.33726,6.33727,6.33715,6.34177,6.34408,6.34416,6.34403,28
USDCNH.FXCM,20151012,6.33726,6.32124,6.3414,6.31429,6.34408,6.32496,6.34493,6.31665,60757
USDCNH.FXCM,20151013,6.32124,6.34081,6.34547,6.31874,6.32496,6.34389,6.34833,6.32287,38840
USDCNH.FXCM,20151014,6.34081,6.33769,6.3548,6.33453,6.34389,6.3409,6.35726,6.33856,44050
USDCNH.FXCM,20151015,6.33769,6.34866,6.35134,6.33618,6.3409,6.35174,6.35358,6.33961,44268
USDCNH.FXCM,20151016,6.34866,6.36137,6.36718,6.34701,6.35174,6.3677,6.36955,6.34988,70608
USDCNH.FXCM,20151019,6.36137,6.38703,6.38784,6.35773,6.3677,6.39002,6.39033,6.36431,39601
USDCNH.FXCM,20151020,6.38703,6.36891,6.38594,6.36377,6.39002,6.37199,6.39012,6.36601,61886
USDCNH.FXCM,20151021,6.36891,6.36776,6.37135,6.35523,6.37199,6.37088,6.37733,6.35758,41351
USDCNH.FXCM,20151022,6.36776,6.38503,6.39361,6.36111,6.37088,6.38993,6.39588,6.36427,44141
USDCNH.FXCM,20151023,6.38503,6.39231,6.39795,6.3775,6.38993,6.39834,6.40079,6.3815,42069
USDCNH.FXCM,20151026,6.39231,6.38761,6.39594,6.38602,6.39834,6.39033,6.40136,6.38826,19649
USDCNH.FXCM,20151027,6.38761,6.3919,6.39516,6.37743,6.39033,6.39552,6.39783,6.38026,26013
USDCNH.FXCM,20151028,6.3919,6.38938,6.4049,6.3866,6.39552,6.39192,6.40792,6.3887,37211
USDCNH.FXCM,20151029,6.38938,6.34691,6.39929,6.34542,6.39192,6.34999,6.40683,6.34767,96519
USDCNH.FXCM,20151030,6.34691,6.31859,6.35132,6.3141,6.34999,6.32492,6.35498,6.31622,70854
USDCNH.FXCM,20151102,6.31859,6.3447,6.34903,6.31949,6.32492,6.3495,6.35123,6.32295,21021
USDCNH.FXCM,20151103,6.3447,6.34325,6.35328,6.34086,6.3495,6.34617,6.35544,6.34307,18081
USDCNH.FXCM,20151104,6.34325,6.35129,6.35558,6.34025,6.34617,6.3564,6.35793,6.34609,15439
USDCNH.FXCM,20151105,6.35129,6.37086,6.37427,6.35161,6.3564,6.37394,6.37645,6.3563,19601
USDCNH.FXCM,20151106,6.37086,6.38861,6.39195,6.35412,6.37394,6.39464,6.39465,6.3573,28812
USDCNH.FXCM,20151108,6.38861,6.38595,6.38599,6.38592,6.39464,6.39427,6.39431,6.39424,90
USDCNH.FXCM,20151109,6.38595,6.38951,6.39377,6.38029,6.39427,6.39259,6.39596,6.38265,22501
USDCNH.FXCM,20151110,6.38951,6.39251,6.39408,6.38264,6.39259,6.39559,6.39642,6.38519,14805
USDCNH.FXCM,20151111,6.39251,6.3895,6.39846,6.38414,6.39559,6.393,6.40069,6.38649,16174
USDCNH.FXCM,20151112,6.3895,6.3898,6.3979,6.38573,6.393,6.39262,6.40002,6.38801,13748
USDCNH.FXCM,20151113,6.3898,6.40293,6.4142,6.3887,6.39262,6.40896,6.41649,6.39144,28137
USDCNH.FXCM,20151116,6.40293,6.3977,6.4194,6.38332,6.40896,6.40132,6.42164,6.38657,22343
USDCNH.FXCM,20151117,6.3977,6.4093,6.4093,6.39014,6.40132,6.4122,6.4122,6.39262,17436
USDCNH.FXCM,20151118,6.4093,6.41615,6.41858,6.4002,6.4122,6.4195,6.42114,6.40417,22144
USDCNH.FXCM,20151119,6.41615,6.4022,6.41619,6.40127,6.4195,6.4051,6.4215,6.40359,22717
USDCNH.FXCM,20151120,6.4022,6.4173,6.42036,6.40075,6.4051,6.4235,6.4235,6.40493,17673
USDCNH.FXCM,20151122,6.4173,6.41252,6.41254,6.4125,6.4235,6.42194,6.42196,6.42192,57
USDCNH.FXCM,20151123,6.41252,6.43,6.4342,6.41466,6.42194,6.433,6.43969,6.41884,17071
USDCNH.FXCM,20151124,6.43,6.42548,6.43191,6.42118,6.433,6.4287,6.43444,6.42354,15744
USDCNH.FXCM,20151125,6.42548,6.42125,6.42724,6.41367,6.4287,6.42415,6.43165,6.41619,21380
USDCNH.FXCM,20151126,6.42125,6.4326,6.43827,6.41817,6.42415,6.43672,6.44041,6.42072,12746
USDCNH.FXCM,20151127,6.4326,6.44506,6.45723,6.43145,6.43672,6.45306,6.45959,6.43401,21884
USDCNH.FXCM,20151129,6.44506,6.44724,6.44726,6.44722,6.45306,6.45556,6.45557,6.45546,51
USDCNH.FXCM,20151130,6.44724,6.42335,6.45981,6.41487,6.45556,6.42625,6.46426,6.41726,44050
USDCNH.FXCM,20151201,6.42335,6.44609,6.44889,6.42287,6.42625,6.449,6.4547,6.42739,25053
USDCNH.FXCM,20151202,6.44609,6.4456,6.44935,6.43556,6.449,6.4485,6.45189,6.4378,15291
USDCNH.FXCM,20151203,6.4456,6.4197,6.45378,6.41885,6.4485,6.4239,6.456,6.42109,21139
USDCNH.FXCM,20151204,6.4197,6.44184,6.4517,6.42007,6.4239,6.44787,6.45757,6.425,21134
USDCNH.FXCM,20151206,6.44184,6.44298,6.44298,6.44194,6.44787,6.4488,6.4488,6.44866,26
USDCNH.FXCM,20151207,6.44298,6.4703,6.47357,6.44111,6.4488,6.474,6.47581,6.44424,17930
USDCNH.FXCM,20151208,6.4703,6.48598,6.49786,6.47046,6.474,6.4902,6.50018,6.4727,24287
USDCNH.FXCM,20151209,6.48598,6.4992,6.5217,6.48465,6.4902,6.50362,6.52522,6.4869,24482
USDCNH.FXCM,20151210,6.4992,6.49537,6.54168,6.48671,6.50362,6.50209,6.54816,6.4891,36652
USDCNH.FXCM,20151211,6.49537,6.53039,6.56026,6.49498,6.50209,6.53809,6.56303,6.50041,38667
USDCNH.FXCM,20151213,6.53039,6.52964,6.53454,6.52961,6.53809,6.53726,6.54186,6.53676,119
USDCNH.FXCM,20151214,6.52964,6.5521,6.55861,6.52994,6.53726,6.5579,6.56295,6.53581,20884
USDCNH.FXCM,20151215,6.5521,6.53829,6.55265,6.52554,6.5579,6.54159,6.55858,6.52859,22571
USDCNH.FXCM,20151216,6.53829,6.52172,6.54342,6.51302,6.54159,6.52534,6.54579,6.51542,25884
USDCNH.FXCM,20151217,6.52172,6.56566,6.56998,6.5205,6.52534,6.57078,6.5728,6.527,23732
USDCNH.FXCM,20151218,6.56566,6.55043,6.57267,6.55001,6.57078,6.55646,6.5757,6.55279,18351
USDCNH.FXCM,20151220,6.55043,6.55198,6.55201,6.54978,6.55646,6.5577,6.55773,6.5575,53
USDCNH.FXCM,20151221,6.55198,6.54892,6.55663,6.5454,6.5577,6.55524,6.55957,6.5479,13594
USDCNH.FXCM,20151222,6.54892,6.52405,6.55113,6.52387,6.55524,6.5274,6.55756,6.5265,13882
USDCNH.FXCM,20151223,6.52405,6.54369,6.54766,6.5249,6.5274,6.54769,6.55064,6.52925,11941
USDCNH.FXCM,20151224,6.54369,6.53931,6.54692,6.52885,6.54769,6.54289,6.54989,6.5323,9297
USDCNH.FXCM,20151227,6.53931,6.53445,6.53453,6.53435,6.54289,6.54317,6.54325,6.54316,19
USDCNH.FXCM,20151228,6.53445,6.55917,6.56356,6.53358,6.54317,6.56319,6.56611,6.53707,10742
USDCNH.FXCM,20151229,6.55917,6.57499,6.57956,6.55624,6.56319,6.57802,6.58571,6.56023,15980
USDCNH.FXCM,20151230,6.57499,6.5657,6.60914,6.56109,6.57802,6.5693,6.61184,6.56393,26342
USDCNH.FXCM,20151231,6.5657,6.56604,6.59164,6.5631,6.5693,6.57044,6.5941,6.5678,16955
USDCNH.FXCM,20160104,6.56604,6.6282,6.63364,6.56729,6.57044,6.6311,6.63624,6.57351,25807
USDCNH.FXCM,20160105,6.6282,6.6426,6.65286,6.62528,6.6311,6.64732,6.65594,6.62808,24745
USDCNH.FXCM,20160106,6.6426,6.6903,6.73055,6.63421,6.64732,6.6966,6.73355,6.63798,45510
USDCNH.FXCM,20160107,6.6903,6.68092,6.75747,6.6625,6.6966,6.68481,6.76635,6.66553,54635
USDCNH.FXCM,20160108,6.68092,6.68127,6.6903,6.64753,6.68481,6.6873,6.69554,6.65553,31109
USDCNH.FXCM,20160110,6.68127,6.6857,6.6857,6.68285,6.6873,6.69012,6.69012,6.68727,59
USDCNH.FXCM,20160111,6.6857,6.58295,6.70592,6.58247,6.69012,6.58817,6.71039,6.58551,35801
USDCNH.FXCM,20160112,6.58295,6.5746,6.60626,6.56457,6.58817,6.57951,6.61069,6.56776,46295
USDCNH.FXCM,20160113,6.5746,6.5641,6.58101,6.55891,6.57951,6.5697,6.58653,6.56174,31819
USDCNH.FXCM,20160114,6.5641,6.59869,6.62416,6.56467,6.5697,6.60331,6.62695,6.57025,31139
USDCNH.FXCM,20160115,6.59869,6.61286,6.61907,6.59597,6.60331,6.61891,6.62166,6.60012,21960
USDCNH.FXCM,20160118,6.61286,6.58229,6.6017,6.57116,6.61891,6.58642,6.6074,6.57449,35067
USDCNH.FXCM,20160119,6.58229,6.58475,6.60768,6.58171,6.58642,6.59229,6.61054,6.58629,26161
USDCNH.FXCM,20160120,6.58475,6.60071,6.6109,6.58632,6.59229,6.60532,6.61496,6.59319,29759
USDCNH.FXCM,20160121,6.60071,6.60069,6.61792,6.59592,6.60532,6.60525,6.62046,6.60131,23776
USDCNH.FXCM,20160122,6.60069,6.60944,6.61429,6.59891,6.60525,6.61858,6.62124,6.60384,17982
USDCNH.FXCM,20160124,6.60944,6.60803,6.60848,6.60801,6.61858,6.61109,6.61592,6.61107,50
USDCNH.FXCM,20160125,6.60803,6.6077,6.61749,6.59898,6.61109,6.61061,6.61997,6.60501,15278
USDCNH.FXCM,20160126,6.6077,6.60924,6.61928,6.6057,6.61061,6.61437,6.62152,6.60899,16851
USDCNH.FXCM,20160127,6.60924,6.61591,6.61811,6.60392,6.61437,6.61972,6.62258,6.60691,18819
USDCNH.FXCM,20160128,6.61591,6.61459,6.61663,6.60754,6.61972,6.61735,6.62187,6.61069,15637
USDCNH.FXCM,20160129,6.61459,6.58741,6.63022,6.58741,6.61735,6.60004,6.63598,6.5929,32637
USDCNH.FXCM,20160131,6.58741,6.5934,6.59342,6.59091,6.60004,6.59782,6.59784,6.59726,83
USDCNH.FXCM,20160201,6.5934,6.61884,6.61962,6.58948,6.59782,6.62165,6.6234,6.5952,20835
USDCNH.FXCM,20160202,6.61884,6.62657,6.62891,6.61232,6.62165,6.63141,6.63167,6.61508,19460
USDCNH.FXCM,20160203,6.62657,6.60884,6.64981,6.59591,6.63141,6.61577,6.6524,6.5994,41528
USDCNH.FXCM,20160204,6.60884,6.57392,6.61766,6.56107,6.61577,6.58341,6.62024,6.56427,42065
USDCNH.FXCM,20160205,6.57392,6.56571,6.5832,6.55647,6.58341,6.57174,6.5859,6.5591,39841
USDCNH.FXCM,20160207,6.56571,6.56875,6.56877,6.56665,6.57174,6.58101,6.58101,6.58101,72
USDCNH.FXCM,20160208,6.56875,6.57071,6.58265,6.56649,6.58101,6.57457,6.58903,6.56962,7330
USDCNH.FXCM,20160209,6.57071,6.56337,6.58133,6.56213,6.57457,6.56778,6.58475,6.5646,7280
USDCNH.FXCM,20160210,6.56337,6.54331,6.56664,6.52591,6.56778,6.55008,6.56939,6.52896,13825
USDCNH.FXCM,20160211,6.54331,6.525,6.54901,6.525,6.55008,6.5313,6.55326,6.52762,24181
USDCNH.FXCM,20160212,6.525,6.50201,6.5477,6.49679,6.5313,6.51404,6.5503,6.49998,26973
USDCNH.FXCM,20160214,6.50201,6.5043,6.50753,6.50283,6.51404,6.51601,6.51915,6.51445,43
USDCNH.FXCM,20160215,6.5043,6.49724,6.53437,6.48476,6.51601,6.50594,6.53673,6.48782,23121
USDCNH.FXCM,20160216,6.49724,6.51362,6.52515,6.49591,6.50594,6.51885,6.52839,6.50029,24597
USDCNH.FXCM,20160217,6.51362,6.51999,6.5374,6.51426,6.51885,6.52569,6.54299,6.51992,25300
USDCNH.FXCM,20160218,6.51999,6.51998,6.53088,6.51462,6.52569,6.52327,6.53406,6.51762,14107
USDCNH.FXCM,20160219,6.51998,6.5236,6.52796,6.5176,6.52327,6.5283,6.53184,6.52342,16338
USDCNH.FXCM,20160221,6.5236,6.52733,6.5281,6.52449,6.5283,6.53127,6.5325,6.53102,106
USDCNH.FXCM,20160222,6.52733,6.52668,6.52867,6.51956,6.53127,6.53002,6.5323,6.52212,11119
USDCNH.FXCM,20160223,6.52668,6.53272,6.5367,6.5238,6.53002,6.53795,6.53944,6.52699,19350
USDCNH.FXCM,20160224,6.53272,6.53348,6.54251,6.53074,6.53795,6.53635,6.54508,6.5333,20113
USDCNH.FXCM,20160225,6.53348,6.53279,6.54412,6.53069,6.53635,6.53686,6.54761,6.53484,22001
USDCNH.FXCM,20160226,6.53279,6.54151,6.5449,6.53003,6.53686,6.5535,6.55353,6.53319,17250
USDCNH.FXCM,20160228,6.54151,6.54199,6.54767,6.54199,6.5535,6.54981,6.55278,6.54866,147
USDCNH.FXCM,20160229,6.54199,6.55074,6.55785,6.54337,6.54981,6.55326,6.56056,6.54784,19071
USDCNH.FXCM,20160301,6.55074,6.54495,6.55481,6.5391,6.55326,6.55018,6.5581,6.54159,16122
USDCNH.FXCM,20160302,6.54495,6.54666,6.5549,6.54363,6.55018,6.54994,6.5572,6.54747,13345
USDCNH.FXCM,20160303,6.54666,6.52039,6.54782,6.519,6.54994,6.52296,6.552,6.52186,15903
USDCNH.FXCM,20160304,6.52039,6.4964,6.52846,6.4964,6.52296,6.50839,6.53143,6.50147,24419
USDCNH.FXCM,20160306,6.4964,6.49909,6.49909,6.49909,6.50839,6.50922,6.50925,6.50919,59
USDCNH.FXCM,20160307,6.49909,6.50479,6.52351,6.4948,6.50922,6.51079,6.52624,6.49854,16837
USDCNH.FXCM,20160308,6.50479,6.50343,6.51371,6.50252,6.51079,6.50979,6.521,6.50726,15133
USDCNH.FXCM,20160309,6.50343,6.50791,6.51855,6.5049,6.50979,6.51539,6.52104,6.50883,11773
USDCNH.FXCM,20160310,6.50791,6.50234,6.5258,6.50073,6.51539,6.50568,6.52808,6.50325,18055
USDCNH.FXCM,20160311,6.50234,6.47662,6.5051,6.46825,6.50568,6.48861,6.5128,6.47434,23191
USDCNH.FXCM,20160313,6.47662,6.47899,6.47899,6.47899,6.48861,6.48985,6.48989,6.48938,51
USDCNH.FXCM,20160314,6.47899,6.49226,6.49581,6.4774,6.48985,6.49569,6.49809,6.48259,12519
USDCNH.FXCM,20160315,6.49226,6.51087,6.51125,6.4913,6.49569,6.51341,6.51402,6.49553,15373
USDCNH.FXCM,20160316,6.51087,6.4833,6.5244,6.47862,6.51341,6.48583,6.52709,6.48169,17602
USDCNH.FXCM,20160317,6.4833,6.45492,6.49756,6.44811,6.48583,6.46112,6.5005,6.45125,27898
USDCNH.FXCM,20160318,6.45492,6.4605,6.47727,6.4346,6.46112,6.4693,6.47951,6.44139,27649
USDCNH.FXCM,20160320,6.4605,6.45849,6.45849,6.45849,6.4693,6.46911,6.46916,6.4691,61
USDCNH.FXCM,20160321,6.45849,6.48354,6.4838,6.45849,6.46911,6.48988,6.48988,6.4665,12777
USDCNH.FXCM,20160322,6.48354,6.49236,6.49631,6.48026,6.48988,6.49629,6.4988,6.4851,19791
USDCNH.FXCM,20160323,6.49236,6.50644,6.50875,6.48803,6.49629,6.50978,6.51106,6.4903,16927
USDCNH.FXCM,20160324,6.50644,6.522,6.52356,6.50402,6.50978,6.52724,6.52753,6.50853,17003
USDCNH.FXCM,20160325,6.522,6.52063,6.52813,6.51931,6.52724,6.53262,6.53262,6.52188,5395
USDCNH.FXCM,20160327,6.52063,6.52249,6.52402,6.5177,6.53262,6.52776,6.5324,6.52768,34
USDCNH.FXCM,20160328,6.52249,6.51553,6.52786,6.51346,6.52776,6.51932,6.5315,6.51681,6626
USDCNH.FXCM,20160329,6.51553,6.48879,6.51776,6.48879,6.51932,6.49428,6.5241,6.49333,18431
USDCNH.FXCM,20160330,6.48879,6.47322,6.5007,6.47119,6.49428,6.47931,6.5061,6.47419,22909
USDCNH.FXCM,20160331,6.47322,6.46351,6.47953,6.45598,6.47931,6.46603,6.48267,6.45832,19543
USDCNH.FXCM,20160401,6.46351,6.4657,6.48318,6.46062,6.46603,6.47775,6.48583,6.46368,17226
USDCNH.FXCM,20160403,6.4657,6.4667,6.4667,6.4645,6.47775,6.47626,6.4784,6.47623,37
USDCNH.FXCM,20160404,6.4667,6.47168,6.48102,6.46478,6.47626,6.47437,6.48399,6.46865,9263
USDCNH.FXCM,20160405,6.47168,6.48343,6.48544,6.46717,6.47437,6.48744,6.48834,6.47087,17079
USDCNH.FXCM,20160406,6.48343,6.48094,6.49271,6.47693,6.48744,6.48348,6.49512,6.48065,18023
USDCNH.FXCM,20160407,6.48094,6.48212,6.48947,6.47348,6.48348,6.48819,6.49215,6.47597,23158
USDCNH.FXCM,20160408,6.48212,6.47295,6.49204,6.47295,6.48819,6.485,6.49475,6.48089,14031
USDCNH.FXCM,20160410,6.47295,6.4746,6.47888,6.4731,6.485,6.4871,6.4878,6.482,98
USDCNH.FXCM,20160411,6.4746,6.46452,6.48349,6.46388,6.4871,6.47068,6.48717,6.46959,16391
USDCNH.FXCM,20160412,6.46452,6.46957,6.48428,6.4644,6.47068,6.47576,6.48722,6.46944,17538
USDCNH.FXCM,20160413,6.46957,6.48278,6.48486,6.4699,6.47576,6.48597,6.4873,6.47242,17129
USDCNH.FXCM,20160414,6.48278,6.4885,6.4992,6.4815,6.48597,6.4943,6.5024,6.48597,18806
USDCNH.FXCM,20160415,6.4885,6.47797,6.49774,6.47797,6.4943,6.49002,6.49998,6.48236,16535
USDCNH.FXCM,20160417,6.47797,6.4826,6.48727,6.47895,6.49002,6.4952,6.4952,6.489,143
USDCNH.FXCM,20160418,6.4826,6.48281,6.49072,6.48003,6.4952,6.48651,6.4954,6.48243,10026
USDCNH.FXCM,20160419,6.48281,6.46657,6.48456,6.4665,6.48651,6.4691,6.4894,6.46887,16172
USDCNH.FXCM,20160420,6.46657,6.47911,6.48102,6.4648,6.4691,6.48449,6.48479,6.46905,16125
USDCNH.FXCM,20160421,6.47911,6.48639,6.48787,6.47514,6.48449,6.48948,6.49096,6.47756,17702
USDCNH.FXCM,20160422,6.48639,6.50054,6.50611,6.4822,6.48948,6.51259,6.51259,6.48481,16156
USDCNH.FXCM,20160425,6.50054,6.5041,6.51603,6.4969,6.51259,6.50834,6.5185,6.50516,16272
USDCNH.FXCM,20160426,6.5041,6.50239,6.50813,6.49526,6.50834,6.50493,6.51037,6.49841,16482
USDCNH.FXCM,20160427,6.50239,6.50277,6.51283,6.49466,6.50493,6.50529,6.51613,6.49765,21924
USDCNH.FXCM,20160428,6.50277,6.48366,6.51431,6.47969,6.50529,6.48618,6.5168,6.48195,22721
USDCNH.FXCM,20160429,6.48366,6.48083,6.4918,6.47382,6.48618,6.49288,6.49403,6.47655,20301
USDCNH.FXCM,20160501,6.48083,6.484,6.484,6.484,6.49288,6.49356,6.49358,6.49353,64
USDCNH.FXCM,20160502,6.484,6.47574,6.48611,6.4755,6.49356,6.48097,6.49333,6.4808,7377
USDCNH.FXCM,20160503,6.47574,6.50144,6.50411,6.47304,6.48097,6.50863,6.50899,6.47582,20372
USDCNH.FXCM,20160504,6.50144,6.51595,6.5195,6.4973,6.50863,6.51848,6.52201,6.50195,22204
USDCNH.FXCM,20160505,6.51595,6.51576,6.52015,6.50799,6.51848,6.52099,6.5231,6.51023,17099
USDCNH.FXCM,20160506,6.51576,6.50964,6.5227,6.50686,6.52099,6.52169,6.52516,6.51022,18380
USDCNH.FXCM,20160508,6.50964,6.506,6.5105,6.5047,6.52169,6.5195,6.5211,6.515,92
USDCNH.FXCM,20160509,6.506,6.53901,6.53915,6.5059,6.5195,6.545,6.5451,6.51155,18326
USDCNH.FXCM,20160510,6.53901,6.53495,6.54363,6.53339,6.545,6.53748,6.5464,6.5357,21908
USDCNH.FXCM,20160511,6.53495,6.52595,6.53817,6.5248,6.53748,6.53003,6.543,6.52694,13157
USDCNH.FXCM,20160512,6.52595,6.54509,6.54869,6.5237,6.53003,6.55033,6.55121,6.5271,16863
USDCNH.FXCM,20160513,6.54509,6.54685,6.55872,6.53751,6.55033,6.5589,6.56096,6.53974,21559
USDCNH.FXCM,20160515,6.54685,6.55588,6.55624,6.5498,6.5589,6.55942,6.566,6.5593,107
USDCNH.FXCM,20160516,6.55588,6.54848,6.55865,6.54194,6.55942,6.55088,6.5651,6.54418,16153
USDCNH.FXCM,20160517,6.54848,6.54727,6.54782,6.53667,6.55088,6.54967,6.5538,6.5391,15709
USDCNH.FXCM,20160518,6.54727,6.57359,6.5792,6.54314,6.54967,6.57918,6.58159,6.5455,23003
USDCNH.FXCM,20160519,6.57359,6.55868,6.57815,6.55727,6.57918,6.56448,6.58617,6.55951,24214
USDCNH.FXCM,20160520,6.55868,6.55578,6.56526,6.55252,6.56448,6.56783,6.56797,6.55508,16049
USDCNH.FXCM,20160522,6.55578,6.55943,6.56032,6.55711,6.56783,6.56623,6.56874,6.5659,69
USDCNH.FXCM,20160523,6.55943,6.56023,6.5654,6.55441,6.56623,6.56306,6.571,6.55741,14674
USDCNH.FXCM,20160524,6.56023,6.56324,6.568,6.5582,6.56306,6.56775,6.57059,6.56189,15716
USDCNH.FXCM,20160525,6.56324,6.5639,6.56834,6.55937,6.56775,6.567,6.57138,6.56161,16378
USDCNH.FXCM,20160526,6.5639,6.55664,6.56524,6.55358,6.567,6.56018,6.5698,6.55605,13952
USDCNH.FXCM,20160527,6.55664,6.57214,6.57607,6.5529,6.56018,6.58419,6.58419,6.55905,14540
USDCNH.FXCM,20160529,6.57214,6.575,6.575,6.5749,6.58419,6.57971,6.58029,6.57969,22
USDCNH.FXCM,20160530,6.575,6.5866,6.59053,6.5684,6.57971,6.5943,6.5943,6.57938,13283
USDCNH.FXCM,20160531,6.5866,6.58502,6.5914,6.58167,6.5943,6.58743,6.5947,6.58391,16828
USDCNH.FXCM,20160601,6.58502,6.5838,6.59811,6.58318,6.58743,6.5894,6.60035,6.5856,19791
USDCNH.FXCM,20160602,6.5838,6.58606,6.58741,6.57991,6.5894,6.5894,6.5948,6.58269,11337
USDCNH.FXCM,20160603,6.58606,6.53504,6.59495,6.53504,6.5894,6.54709,6.59719,6.54121,21000
USDCNH.FXCM,20160605,6.53504,6.53824,6.53825,6.53603,6.54709,6.5495,6.5495,6.5495,64
USDCNH.FXCM,20160606,6.53824,6.56503,6.57058,6.5356,6.5495,6.56837,6.5729,6.54501,20545
USDCNH.FXCM,20160607,6.56503,6.57377,6.5773,6.564,6.56837,6.57678,6.57959,6.56719,24858
USDCNH.FXCM,20160608,6.57377,6.56309,6.57857,6.56309,6.57678,6.56761,6.58081,6.56674,14947
USDCNH.FXCM,20160609,6.56309,6.58294,6.58411,6.56248,6.56761,6.58628,6.58685,6.56554,18662
USDCNH.FXCM,20160610,6.58294,6.59727,6.60693,6.5803,6.58628,6.60932,6.60951,6.58301,12476
USDCNH.FXCM,20160612,6.59727,6.601,6.601,6.59999,6.60932,6.61104,6.61108,6.61103,75
USDCNH.FXCM,20160613,6.601,6.59535,6.60863,6.59316,6.61104,6.59775,6.61496,6.59554,19525
USDCNH.FXCM,20160614,6.59535,6.60508,6.60594,6.5916,6.59775,6.60748,6.60833,6.59675,17332
USDCNH.FXCM,20160615,6.60508,6.59319,6.6144,6.58437,6.60748,6.59771,6.61689,6.58689,25494
USDCNH.FXCM,20160616,6.59319,6.59574,6.60516,6.58398,6.59771,6.59954,6.60743,6.58645,21954
USDCNH.FXCM,20160617,6.59574,6.59022,6.60252,6.58794,6.59954,6.60227,6.6108,6.5904,16792
USDCNH.FXCM,20160619,6.59022,6.59194,6.59395,6.59105,6.60227,6.59598,6.6067,6.59449,154
USDCNH.FXCM,20160620,6.59194,6.58494,6.59245,6.58214,6.59598,6.59323,6.5973,6.5845,17283
USDCNH.FXCM,20160621,6.58494,6.59266,6.59501,6.58178,6.59323,6.59508,6.5976,6.58401,15609
USDCNH.FXCM,20160622,6.59266,6.57981,6.59796,6.57721,6.59508,6.5822,6.60023,6.58042,16533
USDCNH.FXCM,20160623,6.57981,6.58331,6.59401,6.57533,6.5822,6.58851,6.59629,6.58104,24959
USDCNH.FXCM,20160624,6.58331,6.62725,6.65081,6.57655,6.58851,6.646,6.65474,6.58139,66727
USDCNH.FXCM,20160626,6.62725,6.63323,6.64371,6.62367,6.646,6.6485,6.651,6.631,90
USDCNH.FXCM,20160627,6.63323,6.67755,6.68666,6.63357,6.6485,6.6828,6.68909,6.6414,23387
USDCNH.FXCM,20160628,6.67755,6.68498,6.68799,6.67154,6.6828,6.6874,6.69057,6.67402,23588
USDCNH.FXCM,20160629,6.68498,6.65117,6.68425,6.65109,6.6874,6.65626,6.693,6.65481,28920
USDCNH.FXCM,20160630,6.65117,6.66761,6.69984,6.647,6.65626,6.67003,6.70567,6.65394,38430
USDCNH.FXCM,20160701,6.66761,6.67249,6.67698,6.66018,6.67003,6.68454,6.68454,6.6627,19727
USDCNH.FXCM,20160703,6.67249,6.67588,6.67592,6.67174,6.68454,6.6807,6.6808,6.6807,35
USDCNH.FXCM,20160704,6.67588,6.67333,6.68123,6.66077,6.6807,6.67579,6.68378,6.66777,14402
USDCNH.FXCM,20160705,6.67333,6.68854,6.69456,6.6663,6.67579,6.69332,6.69698,6.675,22815
USDCNH.FXCM,20160706,6.68854,6.69445,6.70682,6.6832,6.69332,6.69687,6.70898,6.69066,31311
USDCNH.FXCM,20160707,6.69445,6.69867,6.7016,6.68985,6.69687,6.70268,6.70403,6.69214,22929
USDCNH.FXCM,20160708,6.69867,6.6951,6.70712,6.69139,6.70268,6.70715,6.71006,6.69635,19681
USDCNH.FXCM,20160710,6.6951,6.69723,6.69726,6.69677,6.70715,6.7039,6.70808,6.7039,45
USDCNH.FXCM,20160711,6.69723,6.70442,6.7066,6.6952,6.7039,6.70708,6.70999,6.69744,15292
USDCNH.FXCM,20160712,6.70442,6.69553,6.70521,6.69209,6.70708,6.69795,6.7133,6.69451,22858
USDCNH.FXCM,20160713,6.69553,6.68679,6.7004,6.67741,6.69795,6.6892,6.70285,6.68013,25864
USDCNH.FXCM,20160714,6.68679,6.69154,6.69668,6.682,6.6892,6.69603,6.69892,6.68895,19155
USDCNH.FXCM,20160715,6.69154,6.70557,6.71559,6.68457,6.69603,6.71808,6.72233,6.68701,20969
USDCNH.FXCM,20160717,6.70557,6.70031,6.70033,6.69905,6.71808,6.71157,6.71417,6.71157,101
USDCNH.FXCM,20160718,6.70031,6.70733,6.71523,6.6981,6.71157,6.7115,6.72618,6.70347,20287
USDCNH.FXCM,20160719,6.70733,6.70971,6.71507,6.7009,6.7115,6.71424,6.7183,6.70329,18704
USDCNH.FXCM,20160720,6.70971,6.67684,6.71089,6.67553,6.71424,6.67926,6.7147,6.67838,26135
USDCNH.FXCM,20160721,6.67684,6.67492,6.68527,6.66692,6.67926,6.67912,6.68758,6.66954,30121
USDCNH.FXCM,20160722,6.67492,6.6792,6.68516,6.66857,6.67912,6.686,6.68773,6.67116,24769
USDCNH.FXCM,20160724,6.6792,6.68136,6.68142,6.67533,6.686,6.68574,6.68957,6.68573,59
USDCNH.FXCM,20160725,6.68136,6.68571,6.69014,6.6762,6.68574,6.68879,6.69261,6.68494,14091
USDCNH.FXCM,20160726,6.68571,6.67891,6.68791,6.6741,6.68879,6.68159,6.6928,6.67649,18833
USDCNH.FXCM,20160727,6.67891,6.66827,6.68162,6.66827,6.68159,6.67339,6.6843,6.67255,26389
USDCNH.FXCM,20160728,6.66827,6.65892,6.67005,6.656,6.67339,6.66309,6.6765,6.65989,23226
USDCNH.FXCM,20160729,6.65892,6.62341,6.66341,6.6214,6.66309,6.6356,6.6679,6.62421,34461
USDCNH.FXCM,20160731,6.62341,6.6254,6.62542,6.6202,6.6356,6.6299,6.636,6.6299,14
USDCNH.FXCM,20160801,6.6254,6.64491,6.64676,6.6235,6.6299,6.64809,6.64932,6.62869,23357
USDCNH.FXCM,20160802,6.64491,6.63181,6.6583,6.62776,6.64809,6.63671,6.66272,6.63009,20780
USDCNH.FXCM,20160803,6.63181,6.64211,6.64319,6.6273,6.63671,6.64559,6.64559,6.63279,23436
USDCNH.FXCM,20160804,6.64211,6.64581,6.65241,6.63221,6.64559,6.64869,6.65503,6.63464,21286
USDCNH.FXCM,20160805,6.64581,6.66031,6.67091,6.64398,6.64869,6.6725,6.67334,6.64626,22188
USDCNH.FXCM,20160807,6.66031,6.6633,6.66335,6.6599,6.6725,6.67005,6.67425,6.67005,41
USDCNH.FXCM,20160808,6.6633,6.66525,6.67312,6.6602,6.67005,6.66989,6.6755,6.66496,17804
USDCNH.FXCM,20160809,6.66525,6.66051,6.67096,6.65852,6.66989,6.66339,6.67324,6.6611,14542
USDCNH.FXCM,20160810,6.66051,6.64111,6.66219,6.63051,6.66339,6.64449,6.6664,6.63279,26229
USDCNH.FXCM,20160811,6.64111,6.64007,6.64991,6.6325,6.64449,6.64479,6.65229,6.63509,26454
USDCNH.FXCM,20160812,6.64007,6.64743,6.65532,6.63897,6.64479,6.65962,6.65962,6.64159,23806
USDCNH.FXCM,20160814,6.64743,6.64881,6.64894,6.6447,6.65962,6.65565,6.6601,6.65565,24
USDCNH.FXCM,20160815,6.64881,6.64556,6.6545,6.64421,6.65565,6.64987,6.6597,6.64651,17851
USDCNH.FXCM,20160816,6.64556,6.62811,6.64607,6.62242,6.64987,6.63149,6.6506,6.62473,26822
USDCNH.FXCM,20160817,6.62811,6.63232,6.64277,6.62511,6.63149,6.63879,6.64505,6.62758,28512
USDCNH.FXCM,20160818,6.63232,6.63001,6.63931,6.62203,6.63879,6.63419,6.64174,6.62419,27832
USDCNH.FXCM,20160819,6.63001,6.64909,6.66111,6.6289,6.63419,6.66128,6.66334,6.6343,26474
USDCNH.FXCM,20160821,6.64909,6.6543,6.65607,6.6478,6.66128,6.65955,6.6627,6.65855,104
USDCNH.FXCM,20160822,6.6543,6.65991,6.67341,6.6493,6.65955,6.66475,6.6757,6.65949,24582
USDCNH.FXCM,20160823,6.65991,6.65611,6.66035,6.64675,6.66475,6.65939,6.6636,6.64889,26795
USDCNH.FXCM,20160824,6.65611,6.67001,6.67145,6.65362,6.65939,6.67389,6.67399,6.65889,23564
USDCNH.FXCM,20160825,6.67001,6.66701,6.67211,6.66502,6.67389,6.66969,6.6744,6.66779,20008
USDCNH.FXCM,20160826,6.66701,6.68739,6.69545,6.6639,6.66969,6.69992,6.69992,6.66619,32127
USDCNH.FXCM,20160828,6.68739,6.69582,6.69584,6.689,6.69992,6.70056,6.7047,6.70007,73
USDCNH.FXCM,20160829,6.69582,6.68811,6.70161,6.68527,6.70056,6.69089,6.7052,6.68749,27931
USDCNH.FXCM,20160830,6.68811,6.69161,6.69611,6.68452,6.69089,6.69577,6.6986,6.68694,24793
USDCNH.FXCM,20160831,6.69161,6.68981,6.69631,6.68613,6.69577,6.69259,6.6992,6.6884,24411
USDCNH.FXCM,20160901,6.68981,6.68361,6.69298,6.68275,6.69259,6.68819,6.6958,6.68517,24278
USDCNH.FXCM,20160902,6.68361,6.69206,6.69796,6.68055,6.68819,6.70441,6.70441,6.68393,34473
USDCNH.FXCM,20160904,6.69206,6.69689,6.69689,6.6909,6.70441,6.70151,6.7048,6.69981,87
USDCNH.FXCM,20160905,6.69689,6.6888,6.69631,6.68493,6.70151,6.6945,6.7048,6.68719,17331
USDCNH.FXCM,20160906,6.6888,6.67301,6.69841,6.67241,6.6945,6.67639,6.70108,6.67499,31951
USDCNH.FXCM,20160907,6.67301,6.66931,6.68016,6.66414,6.67639,6.67229,6.6825,6.66669,40028
USDCNH.FXCM,20160908,6.66931,6.67871,6.67991,6.66235,6.67229,6.68129,6.68227,6.66469,39758
USDCNH.FXCM,20160909,6.67871,6.68986,6.69767,6.675,6.68129,6.70221,6.70221,6.67749,34111
USDCNH.FXCM,20160911,6.68986,6.69086,6.69139,6.6876,6.70221,6.69911,6.7034,6.69911,19
USDCNH.FXCM,20160912,6.69086,6.68325,6.69761,6.67937,6.69911,6.68719,6.7016,6.68169,35250
USDCNH.FXCM,20160913,6.68325,6.6892,6.69071,6.6814,6.68719,6.6921,6.6947,6.68562,30237
USDCNH.FXCM,20160914,6.6892,6.66551,6.69163,6.66244,6.6921,6.66897,6.69409,6.66504,39775
USDCNH.FXCM,20160915,6.66551,6.64808,6.673,6.6469,6.66897,6.65202,6.6753,6.64919,33654
USDCNH.FXCM,20160916,6.64808,6.6482,6.65533,6.64091,6.65202,6.66055,6.66055,6.64364,22231
USDCNH.FXCM,20160918,6.6482,6.6527,6.655,6.65018,6.66055,6.6624,6.6646,6.6591,53
USDCNH.FXCM,20160919,6.6527,6.66443,6.67027,6.6527,6.6624,6.66789,6.6725,6.65859,27656
USDCNH.FXCM,20160920,6.66443,6.68052,6.68375,6.6627,6.66789,6.68398,6.6861,6.66752,26071
USDCNH.FXCM,20160921,6.68052,6.66682,6.68353,6.6665,6.68398,6.67016,6.68604,6.66957,40724
USDCNH.FXCM,20160922,6.66682,6.6802,6.68221,6.6657,6.67016,6.684,6.68469,6.66879,28367
USDCNH.FXCM,20160923,6.6802,6.67381,6.68261,6.67222,6.684,6.68616,6.68616,6.67449,25082
USDCNH.FXCM,20160925,6.67381,6.6755,6.67844,6.6755,6.68616,6.6838,6.6838,6.68169,24
USDCNH.FXCM,20160926,6.6755,6.68152,6.6843,6.677,6.6838,6.68576,6.68664,6.67928,21773
USDCNH.FXCM,20160927,6.68152,6.68237,6.68466,6.67611,6.68576,6.68516,6.6871,6.67839,25216
USDCNH.FXCM,20160928,6.68237,6.6806,6.68926,6.67961,6.68516,6.6839,6.69156,6.6819,25947
USDCNH.FXCM,20160929,6.6806,6.6672,6.68613,6.66679,6.6839,6.67139,6.68859,6.67043,35214
USDCNH.FXCM,20160930,6.6672,6.66811,6.68065,6.6677,6.67139,6.68046,6.683,6.6733,31873
USDCNH.FXCM,20161002,6.66811,6.67089,6.67639,6.6686,6.68046,6.67893,6.6844,6.6784,105
USDCNH.FXCM,20161003,6.67089,6.67631,6.67885,6.6686,6.67893,6.68039,6.6825,6.67539,11269
USDCNH.FXCM,20161004,6.67631,6.69143,6.69406,6.6754,6.68039,6.69549,6.69649,6.67889,22075
USDCNH.FXCM,20161005,6.69143,6.69701,6.69881,6.68796,6.69549,6.70109,6.7012,6.69019,21254
USDCNH.FXCM,20161006,6.69701,6.70541,6.71324,6.6911,6.70109,6.70839,6.71558,6.6934,31724
USDCNH.FXCM,20161007,6.70541,6.70207,6.71716,6.70041,6.70839,6.71442,6.71967,6.70279,28339
USDCNH.FXCM,20161009,6.70207,6.70359,6.70359,6.7004,6.71442,6.71643,6.71645,6.71261,54
USDCNH.FXCM,20161010,6.70359,6.71571,6.71744,6.70011,6.71643,6.71849,6.71984,6.70249,22720
USDCNH.FXCM,20161011,6.71571,6.72731,6.73061,6.7132,6.71849,6.73059,6.73298,6.71873,35797
USDCNH.FXCM,20161012,6.72731,6.72411,6.73019,6.71609,6.73059,6.72679,6.7332,6.71872,34563
USDCNH.FXCM,20161013,6.72411,6.73129,6.74171,6.7237,6.72679,6.73569,6.74429,6.72769,38187
USDCNH.FXCM,20161014,6.73129,6.73215,6.73678,6.72775,6.73569,6.7442,6.7442,6.73099,21843
USDCNH.FXCM,20161016,6.73215,6.7341,6.7341,6.731,6.7442,6.74015,6.7429,6.74014,25
USDCNH.FXCM,20161017,6.7341,6.74408,6.7491,6.731,6.74015,6.74999,6.75131,6.73779,29305
USDCNH.FXCM,20161018,6.74408,6.74121,6.74841,6.73793,6.74999,6.74664,6.7514,6.74029,32420
USDCNH.FXCM,20161019,6.74121,6.73751,6.74611,6.7365,6.74664,6.74109,6.7503,6.73913,27770
USDCNH.FXCM,20161020,6.73751,6.74821,6.74831,6.7373,6.74109,6.75079,6.7511,6.74042,31763
USDCNH.FXCM,20161021,6.74821,6.76424,6.77511,6.7457,6.75079,6.77629,6.77738,6.75029,30451
USDCNH.FXCM,20161023,6.76424,6.7686,6.774,6.7681,6.77629,6.7752,6.7794,6.774,54
USDCNH.FXCM,20161024,6.7686,6.78061,6.787,6.7683,6.7752,6.78389,6.78909,6.77189,19259
USDCNH.FXCM,20161025,6.78061,6.77271,6.78741,6.77192,6.78389,6.77838,6.78968,6.77424,26605
USDCNH.FXCM,20161026,6.77271,6.78321,6.78511,6.7712,6.77838,6.78609,6.78737,6.77538,22814
USDCNH.FXCM,20161027,6.78321,6.79291,6.79612,6.7823,6.78609,6.79809,6.79873,6.78489,26891
USDCNH.FXCM,20161028,6.79291,6.77739,6.79743,6.77739,6.79809,6.78944,6.8,6.7842,22476
USDCNH.FXCM,20161030,6.77739,6.7827,6.787,6.78049,6.78944,6.7907,6.7913,6.7889,63
USDCNH.FXCM,20161031,6.7827,6.77631,6.78681,6.7759,6.7907,6.77904,6.7913,6.77826,17239
USDCNH.FXCM,20161101,6.77631,6.77211,6.78511,6.77091,6.77904,6.77459,6.78732,6.77309,21575
USDCNH.FXCM,20161102,6.77211,6.76701,6.77493,6.76184,6.77459,6.76969,6.778,6.7643,26459
USDCNH.FXCM,20161103,6.76701,6.76851,6.77301,6.76221,6.76969,6.77119,6.77524,6.76759,23160
USDCNH.FXCM,20161104,6.76851,6.7659,6.77141,6.76316,6.77119,6.77795,6.77795,6.7654,17172
USDCNH.FXCM,20161106,6.7659,6.7751,6.77805,6.7668,6.77795,6.78344,6.7845,6.77504,170
USDCNH.FXCM,20161107,6.7751,6.79201,6.79333,6.7715,6.78344,6.79549,6.79569,6.77808,19702
USDCNH.FXCM,20161108,6.79201,6.79641,6.79901,6.78611,6.79549,6.79969,6.80149,6.78829,17560
USDCNH.FXCM,20161109,6.79641,6.83221,6.83691,6.77204,6.79969,6.83589,6.8403,6.77519,63551
USDCNH.FXCM,20161110,6.83221,6.82981,6.83368,6.80763,6.83589,6.83473,6.8368,6.80989,45452
USDCNH.FXCM,20161111,6.82981,6.81676,6.84845,6.79971,6.83473,6.82881,6.85126,6.80289,43100
USDCNH.FXCM,20161113,6.81676,6.8189,6.81894,6.8148,6.82881,6.8255,6.8261,6.8255,84
USDCNH.FXCM,20161114,6.8189,6.85271,6.86291,6.8173,6.8255,6.85569,6.86549,6.82398,36733
USDCNH.FXCM,20161115,6.85271,6.87101,6.87865,6.84578,6.85569,6.87647,6.88104,6.84821,47916
USDCNH.FXCM,20161116,6.87101,6.88591,6.89479,6.86894,6.87647,6.89147,6.89752,6.87141,41264
USDCNH.FXCM,20161117,6.88591,6.90261,6.90367,6.87801,6.89147,6.90754,6.90825,6.88025,37554
USDCNH.FXCM,20161118,6.90261,6.90113,6.91152,6.8833,6.90754,6.91318,6.91436,6.88579,44820
USDCNH.FXCM,20161120,6.90113,6.9014,6.903,6.9009,6.91318,6.9126,6.9131,6.911,54
USDCNH.FXCM,20161121,6.9014,6.90195,6.91683,6.89594,6.9126,6.90699,6.91939,6.89999,39919
USDCNH.FXCM,20161122,6.90195,6.91131,6.91441,6.8952,6.90699,6.91489,6.9166,6.89779,37694
USDCNH.FXCM,20161123,6.91131,6.95201,6.95554,6.90798,6.91489,6.95519,6.95838,6.91183,40467
USDCNH.FXCM,20161124,6.95201,6.94415,6.96421,6.93892,6.95519,6.9495,6.96716,6.94116,36294
USDCNH.FXCM,20161125,6.94415,6.93979,6.95751,6.93392,6.9495,6.95184,6.96,6.93626,36703
USDCNH.FXCM,20161127,6.93979,6.942,6.9435,6.942,6.95184,6.9532,6.9546,6.95016,105
USDCNH.FXCM,20161128,6.942,6.92454,6.94486,6.9186,6.9532,6.92766,6.9543,6.92081,35678
USDCNH.FXCM,20161129,6.92454,6.91061,6.92824,6.91011,6.92766,6.91549,6.93079,6.91228,60867
USDCNH.FXCM,20161130,6.91061,6.91621,6.91863,6.89231,6.91549,6.91949,6.9235,6.8946,46574
USDCNH.FXCM,20161201,6.91621,6.87769,6.91881,6.87494,6.91949,6.88229,6.9215,6.87729,44159
USDCNH.FXCM,20161202,6.87769,6.86613,6.89016,6.86613,6.88229,6.87818,6.8925,6.86965,43956
USDCNH.FXCM,20161204,6.86613,6.8633,6.86966,6.8606,6.87818,6.8815,6.8843,6.872,109
USDCNH.FXCM,20161205,6.8633,6.85501,6.8882,6.85412,6.8815,6.8685,6.89143,6.85688,34902
USDCNH.FXCM,20161206,6.85501,6.88641,6.88641,6.855,6.8685,6.88959,6.88979,6.86149,49394
USDCNH.FXCM,20161207,6.88641,6.89335,6.90647,6.8847,6.88959,6.89799,6.91079,6.88734,34453
USDCNH.FXCM,20161208,6.89335,6.90679,6.91533,6.88549,6.89799,6.91539,6.91781,6.88849,39374
USDCNH.FXCM,20161209,6.90679,6.92028,6.93882,6.90738,6.91539,6.93233,6.94102,6.91068,41951
USDCNH.FXCM,20161212,6.92028,6.92301,6.94209,6.9214,6.93233,6.92709,6.94433,6.92499,49187
USDCNH.FXCM,20161213,6.92301,6.91921,6.93265,6.91663,6.92709,6.92279,6.93569,6.91939,36779
USDCNH.FXCM,20161214,6.91921,6.92321,6.93044,6.89181,6.92279,6.92909,6.93292,6.89599,49137
USDCNH.FXCM,20161215,6.92321,6.92911,6.94921,6.91813,6.92909,6.93599,6.95223,6.92039,55412
USDCNH.FXCM,20161216,6.92911,6.96026,6.9683,6.9275,6.93599,6.97231,6.97231,6.93167,35568
USDCNH.FXCM,20161218,6.96026,6.96232,6.96235,6.9618,6.97231,6.97,6.9713,6.97,43
USDCNH.FXCM,20161219,6.96232,6.93011,6.96451,6.9227,6.97,6.93499,6.9714,6.92541,33847
USDCNH.FXCM,20161220,6.93011,6.93721,6.95291,6.92921,6.93499,6.94099,6.95539,6.93256,41334
USDCNH.FXCM,20161221,6.93721,6.92751,6.94671,6.91991,6.94099,6.93523,6.94909,6.92308,39601
USDCNH.FXCM,20161222,6.92751,6.94711,6.94829,6.92737,6.93523,6.95207,6.95207,6.93184,45758
USDCNH.FXCM,20161223,6.94711,6.95082,6.95721,6.94259,6.95207,6.96287,6.96287,6.94489,46945
USDCNH.FXCM,20161227,6.95082,6.95641,6.96221,6.9484,6.96287,6.96169,6.96445,6.95246,49196
USDCNH.FXCM,20161228,6.95641,6.968,6.97844,6.948,6.96169,6.97379,6.98089,6.95049,40964
USDCNH.FXCM,20161229,6.968,6.96102,6.986,6.96101,6.97379,6.96699,6.98899,6.96484,56704
USDCNH.FXCM,20161230,6.96102,6.971,6.98435,6.9588,6.96699,6.9771,6.98659,6.96141,39862
USDCNH.FXCM,20170103,6.971,6.95721,6.98622,6.95544,6.9771,6.96189,6.98889,6.95788,67988
USDCNH.FXCM,20170104,6.95721,6.86306,6.96845,6.86271,6.96189,6.86839,6.97088,6.86719,95002
USDCNH.FXCM,20170105,6.86306,6.78405,6.89601,6.7808,6.86839,6.78959,6.89919,6.78389,163814
USDCNH.FXCM,20170106,6.78405,6.84399,6.86101,6.78934,6.78959,6.85604,6.86415,6.79379,171518
USDCNH.FXCM,20170109,6.84399,6.87671,6.88861,6.8383,6.85604,6.88329,6.89109,6.85019,90010
USDCNH.FXCM,20170110,6.87671,6.90911,6.91161,6.86636,6.88329,6.91299,6.91459,6.86916,108418
USDCNH.FXCM,20170111,6.90911,6.88311,6.9166,6.874,6.91299,6.88909,6.9194,6.87639,138493
USDCNH.FXCM,20170112,6.88311,6.85721,6.89731,6.83481,6.88909,6.86129,6.9008,6.83789,113806
USDCNH.FXCM,20170113,6.85721,6.83616,6.87371,6.82661,6.86129,6.84821,6.87669,6.8286,96237
USDCNH.FXCM,20170115,6.83616,6.84388,6.844,6.83868,6.84821,6.849,6.8516,6.849,32
USDCNH.FXCM,20170116,6.84388,6.85652,6.86421,6.839,6.849,6.86214,6.8741,6.84689,49177
USDCNH.FXCM,20170117,6.85652,6.80007,6.86979,6.7887,6.86214,6.80449,6.8721,6.79209,103221
USDCNH.FXCM,20170118,6.80007,6.83751,6.84099,6.7988,6.80449,6.84309,6.844,6.80179,87054
USDCNH.FXCM,20170119,6.83751,6.84681,6.85369,6.8271,6.84309,6.8567,6.8568,6.82942,83076
USDCNH.FXCM,20170120,6.84681,6.8334,6.8569,6.829,6.8567,6.8441,6.8591,6.83189,69684
USDCNH.FXCM,20170122,6.8334,6.83356,6.834,6.83356,6.8441,6.846,6.8505,6.846,9
USDCNH.FXCM,20170123,6.83356,6.80724,6.8407,6.80631,6.846,6.81416,6.8537,6.80893,85454
USDCNH.FXCM,20170124,6.80724,6.8206,6.82655,6.80241,6.81416,6.8257,6.82907,6.80545,80990
USDCNH.FXCM,20170125,6.8206,6.82451,6.83862,6.8129,6.8257,6.83239,6.841,6.82059,67952
USDCNH.FXCM,20170126,6.82451,6.84861,6.85105,6.81121,6.83239,6.85259,6.85372,6.81419,88199
USDCNH.FXCM,20170127,6.84861,6.8625,6.87727,6.844,6.85259,6.87455,6.8796,6.84859,58454
USDCNH.FXCM,20170129,6.8625,6.85832,6.85835,6.85829,6.87455,6.873,6.873,6.873,56
USDCNH.FXCM,20170130,6.85832,6.85501,6.87091,6.85001,6.873,6.87149,6.87374,6.85328,39217
USDCNH.FXCM,20170131,6.85501,6.82551,6.86921,6.81907,6.87149,6.83116,6.8723,6.82249,101924
USDCNH.FXCM,20170201,6.82551,6.82656,6.83814,6.821,6.83116,6.83209,6.84074,6.82748,26974
USDCNH.FXCM,20170202,6.82656,6.80811,6.83226,6.7989,6.83209,6.81229,6.8381,6.8013,39156
USDCNH.FXCM,20170203,6.80811,6.79649,6.82621,6.7909,6.81229,6.80854,6.82868,6.7939,41552
USDCNH.FXCM,20170205,6.79649,6.8027,6.8027,6.7987,6.80854,6.80972,6.8109,6.80969,7
USDCNH.FXCM,20170206,6.8027,6.7985,6.81328,6.79541,6.80972,6.80163,6.8142,6.79682,35187
USDCNH.FXCM,20170207,6.7985,6.8341,6.83921,6.79475,6.80163,6.8363,6.8399,6.7959,60421
USDCNH.FXCM,20170208,6.8341,6.8399,6.85666,6.8321,6.8363,6.8448,6.8573,6.8336,55550
USDCNH.FXCM,20170209,6.8399,6.86281,6.8638,6.8389,6.8448,6.86447,6.8648,6.84252,48853
USDCNH.FXCM,20170210,6.86281,6.8603,6.87175,6.85853,6.86447,6.8738,6.8738,6.85951,39831
USDCNH.FXCM,20170212,6.8603,6.8577,6.8577,6.8577,6.8738,6.871,6.8726,6.8698,3
USDCNH.FXCM,20170213,6.8577,6.87226,6.88358,6.8577,6.871,6.87404,6.8847,6.86406,20093
USDCNH.FXCM,20170214,6.87226,6.85485,6.87605,6.8459,6.87404,6.85842,6.8833,6.8474,30722
USDCNH.FXCM,20170215,6.85485,6.84172,6.86454,6.8405,6.85842,6.84378,6.8658,6.84188,26105
USDCNH.FXCM,20170216,6.84172,6.8477,6.85483,6.8396,6.84378,6.8509,6.85708,6.84225,21550
USDCNH.FXCM,20170217,6.8477,6.8481,6.85573,6.84404,6.8509,6.8545,6.8571,6.84514,1098207
USDCNH.FXCM,20170219,6.8481,6.847,6.847,6.8457,6.8545,6.8576,6.8593,6.8576,5
USDCNH.FXCM,20170220,6.847,6.8553,6.86217,6.84156,6.8576,6.8595,6.8633,6.84267,1147019
USDCNH.FXCM,20170221,6.8553,6.8585,6.8696,6.8531,6.8595,6.86365,6.8706,6.8561,1577277
USDCNH.FXCM,20170222,6.8585,6.85631,6.86841,6.85292,6.86365,6.85741,6.8705,6.85553,1412546
USDCNH.FXCM,20170223,6.85631,6.84528,6.86596,6.8439,6.85741,6.84874,6.86699,6.8451,1562591
USDCNH.FXCM,20170224,6.84528,6.8485,6.85807,6.8429,6.84874,6.8573,6.85983,6.84791,1054378
USDCNH.FXCM,20170226,6.8485,6.8465,6.8473,6.8461,6.8573,6.8575,6.8591,6.8575,5
USDCNH.FXCM,20170227,6.8465,6.8617,6.86477,6.8478,6.8575,6.86275,6.86565,6.85219,783814
USDCNH.FXCM,20170228,6.8617,6.85448,6.86414,6.84507,6.86275,6.86004,6.8657,6.84633,1489032
USDCNH.FXCM,20170301,6.85448,6.86513,6.8767,6.8458,6.86004,6.86908,6.87799,6.85644,1542820
USDCNH.FXCM,20170302,6.86513,6.88496,6.88822,6.86277,6.86908,6.88636,6.89092,6.86922,1218111
USDCNH.FXCM,20170303,6.88496,6.894,6.90718,6.8808,6.88636,6.8987,6.9081,6.8851,1034538
USDCNH.FXCM,20170305,6.894,6.8937,6.8937,6.8937,6.8987,6.903,6.903,6.903,1
USDCNH.FXCM,20170306,6.8937,6.90047,6.90177,6.88681,6.903,6.90152,6.9044,6.8879,1196362
USDCNH.FXCM,20170307,6.90047,6.89182,6.90384,6.8887,6.90152,6.89332,6.9051,6.88985,1430372
USDCNH.FXCM,20170308,6.89182,6.91684,6.92084,6.8897,6.89332,6.91789,6.9226,6.8931,1383407
USDCNH.FXCM,20170309,6.91684,6.90236,6.93141,6.893,6.91789,6.90356,6.9335,6.8943,1679195
USDCNH.FXCM,20170310,6.90236,6.8826,6.9136,6.8804,6.90356,6.8914,6.9148,6.8855,326142
USDCNH.FXCM,20170312,6.8826,6.8807,6.8807,6.8807,6.8914,6.891,6.891,6.891,1
USDCNH.FXCM,20170313,6.8807,6.89583,6.89673,6.8808,6.891,6.89688,6.8986,6.88617,1432983
USDCNH.FXCM,20170314,6.89583,6.90039,6.90828,6.8927,6.89688,6.90144,6.91051,6.8945,1369588
USDCNH.FXCM,20170315,6.90039,6.84592,6.9027,6.8445,6.90144,6.84697,6.9077,6.84626,1341786
USDCNH.FXCM,20170316,6.84592,6.86968,6.87776,6.84327,6.84697,6.87073,6.8791,6.84907,1381663
USDCNH.FXCM,20170317,6.86968,6.8824,6.8938,6.8615,6.87073,6.8918,6.8947,6.86984,941001
USDCNH.FXCM,20170320,6.8824,6.88855,6.89781,6.8797,6.8918,6.8896,6.8988,6.88385,467852
USDCNH.FXCM,20170321,6.88855,6.87116,6.89551,6.86791,6.8896,6.87222,6.89764,6.8689,1278450
USDCNH.FXCM,20170322,6.87116,6.86306,6.88088,6.86046,6.87222,6.86411,6.8819,6.86286,1266882
USDCNH.FXCM,20170323,6.86306,6.86926,6.87541,6.8592,6.86411,6.87031,6.8764,6.86452,1241331
USDCNH.FXCM,20170324,6.86926,6.868,6.88444,6.8657,6.87031,6.8761,6.88546,6.8691,773472
USDCNH.FXCM,20170326,6.868,6.8648,6.8648,6.8623,6.8761,6.8764,6.8805,6.8747,5
USDCNH.FXCM,20170327,6.8648,6.85495,6.86837,6.84521,6.8764,6.85602,6.8759,6.8463,1231674
USDCNH.FXCM,20170328,6.85495,6.87297,6.87596,6.8446,6.85602,6.87399,6.87836,6.856,1139807
USDCNH.FXCM,20170329,6.87297,6.86658,6.87755,6.86568,6.87399,6.8676,6.8807,6.86749,1357725
USDCNH.FXCM,20170330,6.86658,6.88363,6.88383,6.8659,6.8676,6.88675,6.88695,6.86845,1243764
USDCNH.FXCM,20170331,6.88363,6.8692,6.88949,6.86852,6.88675,6.8744,6.89029,6.871,897307
USDCNH.FXCM,20170402,6.8692,6.8653,6.8653,6.8643,6.8744,6.878,6.8782,6.878,2
USDCNH.FXCM,20170403,6.8653,6.87283,6.8769,6.8642,6.878,6.87451,6.881,6.86883,436165
USDCNH.FXCM,20170404,6.87283,6.87275,6.88233,6.868,6.87451,6.87587,6.88337,6.87211,1403477
USDCNH.FXCM,20170405,6.87275,6.88127,6.88718,6.8694,6.87587,6.8845,6.8906,6.87476,1163115
USDCNH.FXCM,20170406,6.88127,6.88905,6.89277,6.8789,6.8845,6.89007,6.8941,6.88291,1174104
USDCNH.FXCM,20170407,6.88905,6.8964,6.90017,6.8877,6.89007,6.9013,6.90187,6.88929,925261
USDCNH.FXCM,20170409,6.8964,6.8948,6.8948,6.8948,6.9013,6.9035,6.9035,6.9035,1
USDCNH.FXCM,20170410,6.8948,6.90451,6.91431,6.8948,6.9035,6.90763,6.9153,6.89831,1267593
USDCNH.FXCM,20170411,6.90451,6.90024,6.90921,6.8965,6.90763,6.90126,6.91105,6.90104,1017912
USDCNH.FXCM,20170412,6.90024,6.88336,6.90487,6.88138,6.90126,6.88438,6.9064,6.88438,1096052
USDCNH.FXCM,20170413,6.88336,6.88368,6.88743,6.86782,6.88438,6.8866,6.8888,6.86887,1273466
USDCNH.FXCM,20170414,6.88368,6.879,6.88788,6.8762,6.8866,6.8864,6.8912,6.88,1365583
USDCNH.FXCM,20170416,6.879,6.8759,6.8759,6.8753,6.8864,6.8872,6.8876,6.8872,2
USDCNH.FXCM,20170417,6.8759,6.87599,6.8829,6.8746,6.8872,6.87914,6.8876,6.8758,285230
USDCNH.FXCM,20170418,6.87599,6.8761,6.88729,6.8702,6.87914,6.8772,6.8883,6.87427,197118
USDCNH.FXCM,20170419,6.8761,6.8853,6.88535,6.8722,6.8772,6.88629,6.88678,6.87466,136252
USDCNH.FXCM,20170420,6.8853,6.88391,6.88684,6.8783,6.88629,6.88685,6.8881,6.8791,156115
USDCNH.FXCM,20170421,6.88391,6.8862,6.89183,6.8778,6.88685,6.8949,6.8952,6.8792,85695
USDCNH.FXCM,20170423,6.8862,6.8777,6.8828,6.8747,6.8949,6.8832,6.8946,6.8809,75
USDCNH.FXCM,20170424,6.8777,6.88319,6.8889,6.87561,6.8832,6.88422,6.88972,6.87776,128565
USDCNH.FXCM,20170425,6.88319,6.8886,6.88994,6.88194,6.88422,6.89209,6.8937,6.88309,195954
USDCNH.FXCM,20170426,6.8886,6.89454,6.9023,6.8832,6.89209,6.89748,6.90339,6.88802,256045
USDCNH.FXCM,20170427,6.89454,6.90121,6.90425,6.89449,6.89748,6.90226,6.9051,6.89669,225233
USDCNH.FXCM,20170428,6.90121,6.897,6.90434,6.89263,6.90226,6.8996,6.90523,6.89341,128038
USDCNH.FXCM,20170430,6.897,6.8956,6.8957,6.8956,6.8996,6.8981,6.8983,6.8981,3
USDCNH.FXCM,20170501,6.8956,6.89776,6.90251,6.89241,6.8981,6.89875,6.9051,6.89648,12277
USDCNH.FXCM,20170502,6.89776,6.88898,6.89899,6.88681,6.89875,6.88997,6.9047,6.88839,17524
USDCNH.FXCM,20170503,6.88898,6.8943,6.89448,6.884,6.88997,6.8953,6.898,6.88665,11593
USDCNH.FXCM,20170504,6.8943,6.89281,6.89731,6.8891,6.8953,6.8938,6.9001,6.89165,15876
USDCNH.FXCM,20170505,6.89281,6.8995,6.90641,6.8889,6.8938,6.9039,6.909,6.89231,18463
USDCNH.FXCM,20170507,6.8995,6.897,6.8995,6.8965,6.9039,6.9048,6.9103,6.9048,11
USDCNH.FXCM,20170508,6.897,6.90805,6.90961,6.8988,6.9048,6.90916,6.9107,6.90132,13949
USDCNH.FXCM,20170509,6.90805,6.91592,6.91702,6.9022,6.90916,6.91691,6.9181,6.90888,18123
USDCNH.FXCM,20170510,6.91592,6.91329,6.9161,6.9074,6.91691,6.91425,6.9195,6.9083,19956
USDCNH.FXCM,20170511,6.91329,6.90341,6.91392,6.90091,6.91425,6.905,6.9153,6.90313,20250
USDCNH.FXCM,20170512,6.90341,6.8963,6.90591,6.8963,6.905,6.8984,6.9094,6.8978,13983
USDCNH.FXCM,20170514,6.8963,6.894,6.8952,6.8939,6.8984,6.9036,6.909,6.9036,8
USDCNH.FXCM,20170515,6.894,6.89146,6.9015,6.88489,6.9036,6.89422,6.9027,6.88679,15177
USDCNH.FXCM,20170516,6.89146,6.87472,6.89091,6.87301,6.89422,6.87567,6.8936,6.87408,28257
USDCNH.FXCM,20170517,6.87472,6.86913,6.8833,6.86897,6.87567,6.87189,6.88408,6.87159,23288
USDCNH.FXCM,20170518,6.86913,6.88291,6.8881,6.8692,6.87189,6.88387,6.8901,6.8717,34510
USDCNH.FXCM,20170519,6.88291,6.8681,6.88961,6.8667,6.88387,6.8777,6.8905,6.873,18688
USDCNH.FXCM,20170521,6.8681,6.8711,6.8711,6.8687,6.8777,6.8822,6.8828,6.8822,2
USDCNH.FXCM,20170522,6.8711,6.87779,6.8833,6.8711,6.8822,6.87875,6.88459,6.87445,28040
USDCNH.FXCM,20170523,6.87779,6.87995,6.88182,6.8752,6.87875,6.88131,6.8827,6.87609,20600
USDCNH.FXCM,20170524,6.87995,6.87347,6.8884,6.87321,6.88131,6.8744,6.8927,6.87429,21261
USDCNH.FXCM,20170525,6.87347,6.85012,6.87905,6.84411,6.8744,6.85108,6.8842,6.84569,34982
USDCNH.FXCM,20170526,6.85012,6.818,6.85371,6.8143,6.85108,6.8275,6.8564,6.81567,57022
USDCNH.FXCM,20170528,6.818,6.8155,6.8155,6.8145,6.8275,6.8295,6.8295,6.8285,5
USDCNH.FXCM,20170529,6.8155,6.81935,6.82741,6.8028,6.8295,6.82249,6.8309,6.80389,32175
USDCNH.FXCM,20170530,6.81935,6.82328,6.83329,6.8167,6.82249,6.82424,6.8341,6.8234,27387
USDCNH.FXCM,20170531,6.82328,6.7443,6.83684,6.7398,6.82424,6.74714,6.83849,6.74416,62033
USDCNH.FXCM,20170601,6.7443,6.74989,6.77274,6.72021,6.74714,6.75085,6.7767,6.72459,80011
USDCNH.FXCM,20170602,6.74989,6.7704,6.7937,6.7461,6.75085,6.7818,6.7948,6.7545,54262
USDCNH.FXCM,20170605,6.7704,6.77931,6.78712,6.77081,6.7818,6.78207,6.78805,6.77493,32846
USDCNH.FXCM,20170606,6.77931,6.75296,6.78437,6.75296,6.78207,6.75572,6.78639,6.7557,35430
USDCNH.FXCM,20170607,6.75296,6.77312,6.78091,6.7496,6.75572,6.77408,6.7819,6.75599,36178
USDCNH.FXCM,20170608,6.77312,6.78452,6.78556,6.7636,6.77408,6.78549,6.78869,6.76687,34263
USDCNH.FXCM,20170609,6.78452,6.7856,6.79401,6.7751,6.78549,6.7884,6.79519,6.78149,20551
USDCNH.FXCM,20170611,6.7856,6.7837,6.7845,6.7804,6.7884,6.787,6.7951,6.787,16
USDCNH.FXCM,20170612,6.7837,6.79539,6.79671,6.78321,6.787,6.79635,6.80009,6.78509,18740
USDCNH.FXCM,20170613,6.79539,6.78607,6.79721,6.7855,6.79635,6.78704,6.8014,6.78611,28394
USDCNH.FXCM,20170614,6.78607,6.78588,6.7924,6.7671,6.78704,6.78684,6.7934,6.7747,26602
USDCNH.FXCM,20170615,6.78588,6.80744,6.81211,6.77441,6.78684,6.8102,6.81311,6.78107,33159
USDCNH.FXCM,20170616,6.80744,6.8124,6.83261,6.8,6.8102,6.8153,6.8344,6.80227,39927
USDCNH.FXCM,20170618,6.8124,6.8078,6.8078,6.8078,6.8153,6.8205,6.8205,6.8205,1
USDCNH.FXCM,20170619,6.8078,6.82735,6.83002,6.8027,6.8205,6.82831,6.83118,6.8069,29030
USDCNH.FXCM,20170620,6.82735,6.82261,6.83661,6.81651,6.82831,6.82367,6.8379,6.82172,41685
USDCNH.FXCM,20170621,6.82261,6.83089,6.83324,6.8166,6.82367,6.83185,6.83469,6.81955,32818
USDCNH.FXCM,20170622,6.83089,6.83653,6.83684,6.82491,6.83185,6.8375,6.83806,6.8267,29380
USDCNH.FXCM,20170623,6.83653,6.8376,6.84441,6.8308,6.8375,6.8406,6.84544,6.83577,24487
USDCNH.FXCM,20170626,6.8376,6.85771,6.85912,6.8335,6.8406,6.86047,6.8617,6.83609,37555
USDCNH.FXCM,20170627,6.85771,6.8133,6.85812,6.80731,6.86047,6.8153,6.8664,6.80906,47701
USDCNH.FXCM,20170628,6.8133,6.80294,6.81474,6.7942,6.8153,6.80409,6.8245,6.79729,79315
USDCNH.FXCM,20170629,6.80294,6.79351,6.8047,6.77964,6.80409,6.79451,6.8098,6.78058,48470
USDCNH.FXCM,20170630,6.79351,6.7785,6.79538,6.7563,6.79451,6.7801,6.80099,6.75959,59046
USDCNH.FXCM,20170702,6.7785,6.7784,6.7784,6.7741,6.7801,6.7847,6.7887,6.7847,8
USDCNH.FXCM,20170703,6.7784,6.79537,6.79854,6.77051,6.7847,6.79717,6.7995,6.77439,41682
USDCNH.FXCM,20170704,6.79537,6.8055,6.80811,6.7936,6.79717,6.8068,6.8091,6.795,38748
USDCNH.FXCM,20170705,6.8055,6.79854,6.80701,6.7891,6.8068,6.79945,6.81069,6.79108,32430
USDCNH.FXCM,20170706,6.79854,6.79982,6.80572,6.79351,6.79945,6.80078,6.808,6.79455,30231
USDCNH.FXCM,20170707,6.79982,6.8018,6.80501,6.79507,6.80078,6.8066,6.8067,6.79624,31820
USDCNH.FXCM,20170709,6.8018,6.8018,6.8018,6.7969,6.8066,6.8086,6.8086,6.8074,6
USDCNH.FXCM,20170710,6.8018,6.80547,6.80893,6.79391,6.8086,6.80646,6.81029,6.79786,15133
USDCNH.FXCM,20170711,6.80547,6.7988,6.8115,6.79711,6.80646,6.8001,6.81246,6.7988,18712
USDCNH.FXCM,20170712,6.7988,6.78724,6.80081,6.7836,6.8001,6.7882,6.8071,6.78489,17924
USDCNH.FXCM,20170713,6.78724,6.7813,6.7879,6.7731,6.7882,6.7824,6.7896,6.77428,30468
USDCNH.FXCM,20170714,6.7813,6.7624,6.7855,6.76064,6.7824,6.772,6.7867,6.7656,26094
USDCNH.FXCM,20170717,6.7624,6.76362,6.77182,6.75441,6.772,6.76468,6.77429,6.76062,42299
USDCNH.FXCM,20170718,6.76362,6.74821,6.76782,6.74287,6.76468,6.74917,6.7693,6.74378,40303
USDCNH.FXCM,20170719,6.74821,6.7584,6.75891,6.73661,6.74917,6.7595,6.75979,6.74497,32582
USDCNH.FXCM,20170720,6.7584,6.75571,6.7716,6.7529,6.7595,6.75667,6.77236,6.75399,25271
USDCNH.FXCM,20170721,6.75571,6.7563,6.76411,6.7522,6.75667,6.7579,6.76512,6.75469,19956
USDCNH.FXCM,20170723,6.7563,6.7566,6.7566,6.7556,6.7579,6.7613,6.7613,6.7587,4
USDCNH.FXCM,20170724,6.7566,6.74759,6.76051,6.74251,6.7613,6.75159,6.76359,6.74334,19073
USDCNH.FXCM,20170725,6.74759,6.758,6.7583,6.74321,6.75159,6.7591,6.75929,6.74429,19986
USDCNH.FXCM,20170726,6.758,6.7428,6.7595,6.7369,6.7591,6.7443,6.76109,6.74296,19417
USDCNH.FXCM,20170727,6.7428,6.74345,6.74587,6.7242,6.7443,6.74441,6.7501,6.7253,26243
USDCNH.FXCM,20170728,6.74345,6.7332,6.74791,6.7328,6.74441,6.7433,6.7492,6.73406,22848
USDCNH.FXCM,20170730,6.7332,6.7356,6.7356,6.7338,6.7433,6.7414,6.7433,6.7414,3
USDCNH.FXCM,20170731,6.7356,6.72465,6.7373,6.72465,6.7414,6.72741,6.74629,6.72569,19561
USDCNH.FXCM,20170801,6.72465,6.72898,6.73111,6.7158,6.72741,6.72994,6.73419,6.71679,24676
USDCNH.FXCM,20170802,6.72898,6.72866,6.7337,6.71901,6.72994,6.72962,6.7361,6.72292,22215
USDCNH.FXCM,20170803,6.72866,6.72926,6.73671,6.7222,6.72962,6.73022,6.7377,6.7265,20188
USDCNH.FXCM,20170804,6.72926,6.7337,6.73618,6.7162,6.73022,6.7369,6.7402,6.72045,22387
USDCNH.FXCM,20170806,6.7337,6.7313,6.7313,6.7269,6.7369,6.7376,6.7388,6.7376,3
USDCNH.FXCM,20170807,6.7313,6.73084,6.73681,6.7251,6.7376,6.7318,6.73782,6.72679,17464
USDCNH.FXCM,20170808,6.73084,6.71108,6.7309,6.70141,6.7318,6.71204,6.7322,6.70232,22865
USDCNH.FXCM,20170809,6.71108,6.69138,6.71741,6.68979,6.71204,6.69234,6.71939,6.69119,30662
USDCNH.FXCM,20170810,6.69138,6.66594,6.69291,6.6653,6.69234,6.6687,6.6966,6.66719,30730
USDCNH.FXCM,20170811,6.66594,6.6689,6.69411,6.6571,6.6687,6.6787,6.6954,6.65849,32348
USDCNH.FXCM,20170814,6.6689,6.68951,6.69001,6.6691,6.6787,6.69061,6.6913,6.67019,27538
USDCNH.FXCM,20170815,6.68951,6.6957,6.70245,6.6827,6.69061,6.6968,6.7035,6.68459,28996
USDCNH.FXCM,20170816,6.6957,6.68818,6.70641,6.685,6.6968,6.68914,6.70736,6.68881,28317
USDCNH.FXCM,20170817,6.68818,6.68549,6.68834,6.6753,6.68914,6.68779,6.6939,6.67639,33572
USDCNH.FXCM,20170818,6.68549,6.6799,6.68811,6.6768,6.68779,6.6826,6.6915,6.67809,24398
USDCNH.FXCM,20170820,6.6799,6.6748,6.6748,6.6748,6.6826,6.6847,6.6847,6.6847,1
USDCNH.FXCM,20170821,6.6748,6.67099,6.68311,6.6652,6.6847,6.67195,6.6847,6.66851,17221
USDCNH.FXCM,20170822,6.67099,6.66859,6.6733,6.658,6.67195,6.66955,6.6753,6.65909,21773
USDCNH.FXCM,20170823,6.66859,6.66296,6.67121,6.6603,6.66955,6.66392,6.67265,6.66149,20165
USDCNH.FXCM,20170824,6.66296,6.6603,6.66464,6.6507,6.66392,6.6615,6.6661,6.65559,19189
USDCNH.FXCM,20170825,6.6603,6.6419,6.66421,6.6416,6.6615,6.6445,6.66502,6.6424,25264
USDCNH.FXCM,20170827,6.6419,6.6409,6.6412,6.6399,6.6445,6.6466,6.6483,6.6452,10
USDCNH.FXCM,20170828,6.6409,6.6175,6.643,6.6168,6.6466,6.62,6.6468,6.61751,23013
USDCNH.FXCM,20170829,6.6175,6.6073,6.62725,6.5968,6.62,6.6094,6.62821,6.5976,42779
USDCNH.FXCM,20170830,6.6073,6.5981,6.61281,6.5834,6.6094,6.5995,6.6138,6.58419,41517
USDCNH.FXCM,20170831,6.5981,6.5901,6.60831,6.5893,6.5995,6.601,6.6091,6.59309,44463
USDCNH.FXCM,20170901,6.5901,6.5576,6.5939,6.5437,6.601,6.5649,6.6026,6.54599,50653
USDCNH.FXCM,20170903,6.5576,6.5657,6.5673,6.5617,6.5649,6.5738,6.575,6.5685,16
USDCNH.FXCM,20170904,6.5657,6.5285,6.56571,6.5247,6.5738,6.5295,6.5715,6.52559,34831
USDCNH.FXCM,20170905,6.5285,6.5386,6.55911,6.5275,6.5295,6.5411,6.55997,6.5287,52737
USDCNH.FXCM,20170906,6.5386,6.5397,6.55041,6.5312,6.5411,6.5422,6.5511,6.5321,43625
USDCNH.FXCM,20170907,6.5397,6.4862,6.54211,6.4839,6.5422,6.4873,6.5438,6.48529,57768
USDCNH.FXCM,20170908,6.4862,6.4969,6.51889,6.443,6.4873,6.5038,6.5201,6.4439,97084
USDCNH.FXCM,20170911,6.4969,6.5374,6.5396,6.5049,6.5038,6.5402,6.5403,6.50729,58564
USDCNH.FXCM,20170912,6.5374,6.5333,6.5514,6.5321,6.5402,6.5391,6.5521,6.53286,59123
USDCNH.FXCM,20170913,6.5333,6.5471,6.5485,6.5225,6.5391,6.5481,6.5497,6.5233,59499
USDCNH.FXCM,20170914,6.5471,6.5411,6.5699,6.54,6.5481,6.5427,6.5713,6.5427,60471
USDCNH.FXCM,20170915,6.5411,6.5473,6.55191,6.5387,6.5427,6.5501,6.553,6.5427,46932
USDCNH.FXCM,20170917,6.5473,6.543,6.543,6.5385,6.5501,6.5504,6.5504,6.5488,2
USDCNH.FXCM,20170918,6.543,6.5713,6.57781,6.5427,6.5504,6.5788,6.5788,6.546,36610
USDCNH.FXCM,20170919,6.5713,6.5826,6.59572,6.5687,6.5788,6.586,6.5967,6.57047,63731
USDCNH.FXCM,20170920,6.5826,6.5844,6.5951,6.5615,6.586,6.5895,6.5963,6.5642,49783
USDCNH.FXCM,20170921,6.5844,6.5652,6.60358,6.5578,6.5895,6.57,6.6051,6.5586,60875
USDCNH.FXCM,20170922,6.5652,6.5757,6.58579,6.5616,6.57,6.5843,6.5865,6.5647,73490
USDCNH.FXCM,20170924,6.5757,6.5762,6.5828,6.5722,6.5843,6.5847,6.58553,6.58243,120
USDCNH.FXCM,20170925,6.5762,6.6084,6.6183,6.5762,6.5847,6.6192,6.6192,6.5821,59161
USDCNH.FXCM,20170926,6.6084,6.6258,6.64468,6.6058,6.6192,6.6314,6.646,6.6066,66298
USDCNH.FXCM,20170927,6.6258,6.6367,6.64955,6.62356,6.6314,6.6433,6.65035,6.6243,81075
USDCNH.FXCM,20170928,6.6367,6.6528,6.6785,6.6351,6.6433,6.6554,6.6792,6.63609,96807
USDCNH.FXCM,20170929,6.6528,6.6416,6.6754,6.63794,6.6554,6.6533,6.67631,6.63899,81621
USDCNH.FXCM,20171001,6.6416,6.6439,6.6451,6.64388,6.6533,6.6522,6.6522,6.6516,155
USDCNH.FXCM,20171002,6.6439,6.6714,6.67911,6.6425,6.6522,6.6742,6.68,6.6477,51347
USDCNH.FXCM,20171003,6.6714,6.6666,6.6899,6.6584,6.6742,6.669,6.6909,6.65929,57272
USDCNH.FXCM,20171004,6.6666,6.6449,6.66741,6.6379,6.669,6.6527,6.671,6.6389,48965
USDCNH.FXCM,20171005,6.6449,6.6507,6.65832,6.6374,6.6527,6.6576,6.65928,6.6382,42777
USDCNH.FXCM,20171006,6.6507,6.6499,6.6639,6.64506,6.6576,6.6523,6.6648,6.6458,48919
USDCNH.FXCM,20171008,6.6499,6.6456,6.6458,6.6455,6.6523,6.6544,6.65481,6.65264,76
USDCNH.FXCM,20171009,6.6456,6.6141,6.6556,6.6089,6.6544,6.6174,6.6564,6.60979,38530
USDCNH.FXCM,20171010,6.6141,6.5657,6.61534,6.56436,6.6174,6.5679,6.61735,6.5651,50606
USDCNH.FXCM,20171011,6.5657,6.5729,6.5921,6.55731,6.5679,6.5747,6.5928,6.558,64653
USDCNH.FXCM,20171012,6.5729,6.5775,6.5887,6.5674,6.5747,6.579,6.58978,6.56839,50897
USDCNH.FXCM,20171013,6.5775,6.5658,6.5879,6.5607,6.579,6.569,6.5887,6.5615,58742
USDCNH.FXCM,20171015,6.5658,6.5658,6.5686,6.5658,6.569,6.5719,6.5719,6.5693,137
USDCNH.FXCM,20171016,6.5658,6.5816,6.5859,6.5647,6.5719,6.5845,6.5868,6.5655,47804
USDCNH.FXCM,20171017,6.5816,6.6043,6.61902,6.58142,6.5845,6.60859,6.62,6.58318,61942
USDCNH.FXCM,20171018,6.6043,6.61822,6.6318,6.5971,6.60859,6.6242,6.63264,6.5978,54620
USDCNH.FXCM,20171019,6.61822,6.605,6.63998,6.60458,6.6242,6.6061,6.6411,6.6057,71996
USDCNH.FXCM,20171020,6.605,6.62141,6.627,6.6032,6.6061,6.62536,6.62785,6.60478,74926
USDCNH.FXCM,20171022,6.62141,6.6233,6.6239,6.62057,6.62536,6.6303,6.6303,6.6303,26
USDCNH.FXCM,20171023,6.6233,6.6318,6.6438,6.6194,6.6303,6.6404,6.64457,6.6272,56206
USDCNH.FXCM,20171024,6.6318,6.64208,6.6427,6.62586,6.6404,6.6438,6.644,6.6266,58702
USDCNH.FXCM,20171025,6.64208,6.6371,6.6517,6.636,6.6438,6.6381,6.6525,6.6367,52813
USDCNH.FXCM,20171026,6.6371,6.6533,6.65686,6.6273,6.6381,6.6544,6.6577,6.62809,69853
USDCNH.FXCM,20171027,6.6533,6.64225,6.6652,6.64225,6.6544,6.64955,6.6665,6.6451,72741
USDCNH.FXCM,20171030,6.64225,6.6362,6.65124,6.636,6.64955,6.638,6.6536,6.6367,42638
USDCNH.FXCM,20171031,6.6362,6.6318,6.64044,6.62239,6.638,6.6333,6.64131,6.6231,42879
USDCNH.FXCM,20171101,6.6318,6.6085,6.64032,6.6048,6.6333,6.6096,6.6411,6.6056,63015
USDCNH.FXCM,20171102,6.6085,6.6062,6.61611,6.58571,6.6096,6.6077,6.61687,6.5864,117535
USDCNH.FXCM,20171103,6.6062,6.63364,6.6387,6.60558,6.6077,6.64094,6.64095,6.60649,71106
USDCNH.FXCM,20171105,6.63364,6.6319,6.6319,6.6318,6.64094,6.6395,6.63951,6.6391,9
USDCNH.FXCM,20171106,6.6319,6.62375,6.6447,6.6223,6.6395,6.6263,6.646,6.6233,47992
USDCNH.FXCM,20171107,6.62375,6.63892,6.64324,6.61674,6.6263,6.6429,6.6444,6.6185,48461
USDCNH.FXCM,20171108,6.63892,6.6303,6.6468,6.62788,6.6429,6.63436,6.64757,6.6286,43299
USDCNH.FXCM,20171109,6.6303,6.6468,6.65505,6.6262,6.63436,6.64939,6.65583,6.62699,53079
USDCNH.FXCM,20171110,6.6468,6.65994,6.6627,6.63914,6.64939,6.66389,6.66389,6.63989,45900
USDCNH.FXCM,20171112,6.65994,6.6575,6.6576,6.6564,6.66389,6.66636,6.66636,6.6651,39
USDCNH.FXCM,20171113,6.6575,6.65613,6.6626,6.64841,6.66636,6.65822,6.66636,6.64922,36205
USDCNH.FXCM,20171114,6.65613,6.63567,6.6568,6.63549,6.65822,6.63789,6.65942,6.63677,39040
USDCNH.FXCM,20171115,6.63567,6.63193,6.6402,6.61945,6.63789,6.6333,6.6413,6.62025,53195
USDCNH.FXCM,20171116,6.63193,6.63192,6.64053,6.62943,6.6333,6.63337,6.64125,6.63012,43778
USDCNH.FXCM,20171117,6.63192,6.6333,6.64753,6.62327,6.63337,6.6406,6.64818,6.62388,65185
USDCNH.FXCM,20171119,6.6333,6.63245,6.63247,6.62912,6.6406,6.6391,6.6391,6.6391,43
USDCNH.FXCM,20171120,6.63245,6.64521,6.65249,6.63229,6.6391,6.64827,6.6533,6.6352,49496
USDCNH.FXCM,20171121,6.64521,6.62581,6.65084,6.62535,6.64827,6.62909,6.65233,6.62626,44266
USDCNH.FXCM,20171122,6.62581,6.59622,6.63439,6.5957,6.62909,6.5977,6.63518,6.59682,67820
USDCNH.FXCM,20171123,6.59622,6.5776,6.6023,6.57717,6.5977,6.5806,6.60404,6.57806,45126
USDCNH.FXCM,20171124,6.5776,6.58431,6.60445,6.5675,6.5806,6.59161,6.60523,6.56876,44643
USDCNH.FXCM,20171126,6.58431,6.5875,6.58751,6.5866,6.59161,6.5926,6.5951,6.5926,51
USDCNH.FXCM,20171127,6.5875,6.59454,6.60235,6.58736,6.5926,6.60026,6.60421,6.59111,73227
USDCNH.FXCM,20171128,6.59454,6.60738,6.6098,6.59397,6.60026,6.60888,6.61068,6.59474,48062
USDCNH.FXCM,20171129,6.60738,6.61095,6.62174,6.59689,6.60888,6.61388,6.62266,6.59772,70172
USDCNH.FXCM,20171130,6.61095,6.6104,6.6276,6.60962,6.61388,6.61185,6.62839,6.61069,51133
USDCNH.FXCM,20171201,6.6104,6.5935,6.61705,6.59318,6.61185,6.6008,6.61925,6.59404,60774
USDCNH.FXCM,20171203,6.5935,6.60336,6.60386,6.60235,6.6008,6.60504,6.60682,6.60504,40
USDCNH.FXCM,20171204,6.60336,6.615,6.62384,6.60267,6.60504,6.6219,6.62464,6.60494,41275
USDCNH.FXCM,20171205,6.615,6.61596,6.62627,6.61084,6.6219,6.61952,6.62705,6.61158,41118
USDCNH.FXCM,20171206,6.61596,6.61698,6.62382,6.61271,6.61952,6.61883,6.62464,6.61352,41420
USDCNH.FXCM,20171207,6.61698,6.62426,6.62441,6.6162,6.61883,6.6252,6.62547,6.61695,34460
USDCNH.FXCM,20171208,6.62426,6.6198,6.629,6.61725,6.6252,6.6271,6.62989,6.6181,36614
USDCNH.FXCM,20171211,6.6198,6.62114,6.62583,6.61517,6.6271,6.62214,6.62818,6.61778,32299
USDCNH.FXCM,20171212,6.62114,6.62547,6.63224,6.6172,6.62214,6.62875,6.63302,6.61983,27915
USDCNH.FXCM,20171213,6.62547,6.61143,6.63145,6.61133,6.62875,6.61459,6.63246,6.61205,76040
USDCNH.FXCM,20171214,6.61143,6.60478,6.61511,6.60364,6.61459,6.60756,6.62014,6.60434,45779
USDCNH.FXCM,20171215,6.60478,6.60141,6.61459,6.60079,6.60756,6.60871,6.6173,6.60162,41392
USDCNH.FXCM,20171217,6.60141,6.60054,6.60086,6.60054,6.60871,6.60734,6.60734,6.60514,41
USDCNH.FXCM,20171218,6.60054,6.60783,6.61773,6.60059,6.60734,6.61111,6.61861,6.60577,33369
USDCNH.FXCM,20171219,6.60783,6.60417,6.61532,6.60094,6.61111,6.60782,6.6162,6.6017,34741
USDCNH.FXCM,20171220,6.60417,6.56429,6.6065,6.56206,6.60782,6.56533,6.60992,6.56328,48097
USDCNH.FXCM,20171221,6.56429,6.56471,6.58185,6.54601,6.56533,6.56802,6.58279,6.54773,48453
USDCNH.FXCM,20171222,6.56471,6.56112,6.57557,6.56112,6.56802,6.56842,6.57684,6.56208,33798
USDCNH.FXCM,20171226,6.56112,6.54053,6.55173,6.53971,6.56842,6.54241,6.55285,6.5409,29749
USDCNH.FXCM,20171227,6.54053,6.55221,6.56266,6.5402,6.54241,6.55819,6.56352,6.5416,33575
USDCNH.FXCM,20171228,6.55221,6.53025,6.55636,6.52431,6.55819,6.53154,6.5586,6.52572,35406
USDCNH.FXCM,20171229,6.53025,6.50978,6.53353,6.50879,6.53154,6.51665,6.53475,6.50959,32806
USDCNH.FXCM,20180101,6.50978,6.5122,6.5122,6.5122,6.51665,6.5218,6.5218,6.52125,2
USDCNH.FXCM,20180102,6.5122,6.50043,6.51693,6.48685,6.5218,6.50272,6.52265,6.4876,37594
USDCNH.FXCM,20180103,6.50043,6.49522,6.5083,6.48902,6.50272,6.49659,6.50907,6.4898,44417
USDCNH.FXCM,20180104,6.49522,6.49016,6.50973,6.48184,6.49659,6.49368,6.51048,6.48256,46478
USDCNH.FXCM,20180105,6.49016,6.4748,6.49152,6.47291,6.49368,6.4821,6.49478,6.4737,43516
USDCNH.FXCM,20180107,6.4748,6.47501,6.47646,6.47446,6.4821,6.4842,6.4843,6.48404,11
USDCNH.FXCM,20180108,6.47501,6.49597,6.5015,6.46635,6.4842,6.49811,6.50221,6.46712,44802
USDCNH.FXCM,20180109,6.49597,6.53249,6.5383,6.49548,6.49811,6.53711,6.53914,6.49692,62627
USDCNH.FXCM,20180110,6.53249,6.52167,6.54485,6.50868,6.53711,6.52413,6.54563,6.50958,71910
USDCNH.FXCM,20180111,6.52167,6.48961,6.5265,6.48751,6.52413,6.49183,6.52776,6.48831,61107
USDCNH.FXCM,20180112,6.48961,6.45588,6.49592,6.45524,6.49183,6.45946,6.49743,6.45625,76106
USDCNH.FXCM,20180114,6.45588,6.45492,6.45536,6.45286,6.45946,6.4623,6.4623,6.46064,22
USDCNH.FXCM,20180115,6.45492,6.42905,6.45952,6.41474,6.4623,6.43148,6.46231,6.41527,87497
USDCNH.FXCM,20180116,6.42905,6.43598,6.44729,6.42403,6.43148,6.43756,6.44809,6.42476,76241
USDCNH.FXCM,20180117,6.43598,6.43173,6.44294,6.41464,6.43756,6.43465,6.44381,6.41527,87622
USDCNH.FXCM,20180118,6.43173,6.41992,6.4429,6.41594,6.43465,6.42305,6.44359,6.4172,67717
USDCNH.FXCM,20180119,6.41992,6.39712,6.42068,6.38785,6.42305,6.40442,6.42332,6.38857,83222
USDCNH.FXCM,20180121,6.39712,6.3949,6.39506,6.3949,6.40442,6.39914,6.39955,6.39914,28
USDCNH.FXCM,20180122,6.3949,6.40214,6.41351,6.39326,6.39914,6.40317,6.41426,6.3943,54374
USDCNH.FXCM,20180123,6.40214,6.39846,6.41334,6.39039,6.40317,6.39998,6.41416,6.39109,60646
USDCNH.FXCM,20180124,6.39846,6.34657,6.3998,6.34564,6.39998,6.3513,6.40072,6.34663,75407
USDCNH.FXCM,20180125,6.34657,6.32753,6.35894,6.29612,6.3513,6.33115,6.35983,6.29704,134331
USDCNH.FXCM,20180126,6.32753,6.32401,6.34179,6.31108,6.33115,6.32796,6.3426,6.31215,103749
USDCNH.FXCM,20180129,6.32401,6.33663,6.34781,6.31288,6.32796,6.33971,6.34891,6.31471,77872
USDCNH.FXCM,20180130,6.33663,6.32759,6.35081,6.31977,6.33971,6.3315,6.35168,6.32049,80209
USDCNH.FXCM,20180131,6.32759,6.29761,6.33561,6.28359,6.3315,6.30017,6.33635,6.28429,136101
USDCNH.FXCM,20180201,6.29761,6.28904,6.31193,6.28677,6.30017,6.2928,6.31271,6.2877,88656
USDCNH.FXCM,20180202,6.28904,6.30982,6.31458,6.27654,6.2928,6.31712,6.31714,6.27733,99149
USDCNH.FXCM,20180204,6.30982,6.30958,6.31386,6.3046,6.31712,6.3153,6.31584,6.31114,50
USDCNH.FXCM,20180205,6.30958,6.31069,6.31773,6.2826,6.3153,6.31271,6.31851,6.28335,86075
USDCNH.FXCM,20180206,6.31069,6.27959,6.31879,6.27543,6.31271,6.28508,6.31984,6.27631,110999
USDCNH.FXCM,20180207,6.27959,6.31939,6.32453,6.25529,6.28508,6.32042,6.32567,6.25611,91343
USDCNH.FXCM,20180208,6.31939,6.36134,6.37695,6.29539,6.32042,6.36723,6.37801,6.29623,140658
USDCNH.FXCM,20180209,6.36134,6.30868,6.37212,6.28503,6.36723,6.31464,6.37331,6.29355,109174
USDCNH.FXCM,20180212,6.30868,6.3222,6.34336,6.29599,6.31464,6.32526,6.3442,6.29705,192185
USDCNH.FXCM,20180213,6.3222,6.33215,6.34803,6.31873,6.32526,6.33536,6.34886,6.31961,170503
USDCNH.FXCM,20180214,6.33215,6.30933,6.35019,6.30442,6.33536,6.31575,6.35148,6.30728,275553
USDCNH.FXCM,20180215,6.30933,6.2801,6.31186,6.27933,6.31575,6.28349,6.31763,6.28041,361877
USDCNH.FXCM,20180216,6.2801,6.29502,6.30066,6.26867,6.28349,6.30232,6.30232,6.2697,532290
USDCNH.FXCM,20180218,6.29502,6.29887,6.29887,6.28497,6.30232,6.29964,6.29964,6.29493,3
USDCNH.FXCM,20180219,6.29887,6.30458,6.31015,6.2877,6.29964,6.30648,6.31167,6.29353,199721
USDCNH.FXCM,20180220,6.30458,6.33925,6.3415,6.3031,6.30648,6.3419,6.34233,6.30414,302650
USDCNH.FXCM,20180221,6.33925,6.33524,6.34496,6.31137,6.3419,6.34006,6.34674,6.3131,322046
USDCNH.FXCM,20180222,6.33524,6.33374,6.35422,6.32726,6.34006,6.3349,6.35515,6.32811,283192
USDCNH.FXCM,20180223,6.33374,6.32352,6.34234,6.32348,6.3349,6.32881,6.34316,6.32409,95124
USDCNH.FXCM,20180225,6.32352,6.32885,6.32895,6.32702,6.32881,6.33426,6.3348,6.3328,54
USDCNH.FXCM,20180226,6.32885,6.29313,6.33055,6.29313,6.33426,6.2965,6.33375,6.29429,94899
USDCNH.FXCM,20180227,6.29313,6.32527,6.32714,6.28741,6.2965,6.32774,6.32812,6.28817,98325
USDCNH.FXCM,20180228,6.32527,6.33054,6.33297,6.31881,6.32774,6.33158,6.33368,6.31987,92156
USDCNH.FXCM,20180301,6.33054,6.34647,6.36786,6.33029,6.33158,6.34914,6.36865,6.3317,108845
USDCNH.FXCM,20180302,6.34647,6.3227,6.36512,6.32241,6.34914,6.33162,6.36597,6.32315,105719
USDCNH.FXCM,20180304,6.3227,6.3247,6.3251,6.3247,6.33162,6.33381,6.33388,6.33376,47
USDCNH.FXCM,20180305,6.3247,6.33185,6.34287,6.32158,6.33381,6.33817,6.34353,6.32296,82222
USDCNH.FXCM,20180306,6.33185,6.30804,6.34461,6.30556,6.33817,6.31261,6.34525,6.30635,103868
USDCNH.FXCM,20180307,6.30804,6.31925,6.32884,6.30656,6.31261,6.32183,6.32995,6.30878,109909
USDCNH.FXCM,20180308,6.31925,6.34149,6.34486,6.3149,6.32183,6.34513,6.3453,6.31938,84062
USDCNH.FXCM,20180309,6.34149,6.32431,6.35236,6.32014,6.34513,6.33353,6.35313,6.32091,78381
USDCNH.FXCM,20180311,6.32431,6.32342,6.32342,6.32337,6.33353,6.32886,6.32899,6.32885,13
USDCNH.FXCM,20180312,6.32342,6.32361,6.33037,6.31845,6.32886,6.32566,6.33179,6.31918,58502
USDCNH.FXCM,20180313,6.32361,6.32486,6.33252,6.31245,6.32566,6.32883,6.33323,6.31317,69063
USDCNH.FXCM,20180314,6.32486,6.30543,6.32789,6.30008,6.32883,6.30861,6.33055,6.30076,65063
USDCNH.FXCM,20180315,6.30543,6.32838,6.32947,6.29902,6.30861,6.33027,6.33057,6.29994,80576
USDCNH.FXCM,20180316,6.32838,6.32208,6.33406,6.31794,6.33027,6.3295,6.335,6.31871,57117
USDCNH.FXCM,20180318,6.32208,6.32321,6.32351,6.32316,6.3295,6.3321,6.33288,6.3321,4
USDCNH.FXCM,20180319,6.32321,6.31844,6.33794,6.31742,6.3321,6.3203,6.33891,6.3181,61093
USDCNH.FXCM,20180320,6.31844,6.33273,6.33468,6.31621,6.3203,6.33402,6.33533,6.31828,62028
USDCNH.FXCM,20180321,6.33273,6.3037,6.33426,6.3024,6.33402,6.30571,6.33606,6.30355,65474
USDCNH.FXCM,20180322,6.3037,6.33853,6.34007,6.30282,6.30571,6.34002,6.34086,6.30379,68346
USDCNH.FXCM,20180323,6.33853,6.30798,6.33953,6.3063,6.34002,6.31638,6.34123,6.3072,63050
USDCNH.FXCM,20180325,6.30798,6.3083,6.31063,6.3083,6.31638,6.31552,6.3195,6.31552,10
USDCNH.FXCM,20180326,6.3083,6.25337,6.3144,6.25319,6.31552,6.25515,6.3181,6.25393,67066
USDCNH.FXCM,20180327,6.25337,6.2658,6.27678,6.23546,6.25515,6.27041,6.27764,6.23644,87492
USDCNH.FXCM,20180328,6.2658,6.28285,6.28781,6.25531,6.27041,6.28889,6.28927,6.25617,66832
USDCNH.FXCM,20180329,6.28285,6.27006,6.29613,6.2672,6.28889,6.27368,6.29689,6.2681,71837
USDCNH.FXCM,20180330,6.27006,6.25834,6.27981,6.25834,6.27368,6.2659,6.2813,6.26179,19147
USDCNH.FXCM,20180401,6.25834,6.26083,6.26083,6.2595,6.2659,6.26887,6.26903,6.26877,76
USDCNH.FXCM,20180402,6.26083,6.26867,6.27767,6.2545,6.26887,6.27028,6.27858,6.25528,90775
USDCNH.FXCM,20180403,6.26867,6.27278,6.28205,6.26617,6.27028,6.27387,6.28286,6.27003,61070
USDCNH.FXCM,20180404,6.27278,6.28388,6.31158,6.27134,6.27387,6.28875,6.31258,6.27389,66540
USDCNH.FXCM,20180405,6.28388,6.28765,6.3036,6.27611,6.28875,6.29695,6.3045,6.27696,68455
USDCNH.FXCM,20180406,6.28765,6.31211,6.32144,6.28326,6.29695,6.31632,6.32249,6.28766,73542
USDCNH.FXCM,20180409,6.31211,6.30328,6.3252,6.29161,6.31632,6.30463,6.32676,6.29235,76250
USDCNH.FXCM,20180410,6.30328,6.27499,6.30727,6.27479,6.30463,6.27898,6.30903,6.27591,76409
USDCNH.FXCM,20180411,6.27499,6.27255,6.28834,6.261,6.27898,6.27504,6.2892,6.26181,69756
USDCNH.FXCM,20180412,6.27255,6.27719,6.28813,6.26461,6.27504,6.27871,6.2889,6.26561,61769
USDCNH.FXCM,20180413,6.27719,6.27117,6.29095,6.26582,6.27871,6.27538,6.29173,6.26657,54718
USDCNH.FXCM,20180415,6.27117,6.2716,6.2716,6.2689,6.27538,6.2771,6.27771,6.2771,19
USDCNH.FXCM,20180416,6.2716,6.26506,6.28422,6.26348,6.2771,6.26822,6.28492,6.2641,40294
USDCNH.FXCM,20180417,6.26506,6.28069,6.28235,6.26406,6.26822,6.28349,6.2837,6.26557,51611
USDCNH.FXCM,20180418,6.28069,6.26927,6.28688,6.26581,6.28349,6.27288,6.28775,6.26659,52546
USDCNH.FXCM,20180419,6.26927,6.27582,6.2807,6.25571,6.27288,6.27865,6.28144,6.25644,52359
USDCNH.FXCM,20180420,6.27582,6.27505,6.29285,6.27358,6.27865,6.28399,6.29355,6.27473,52238
USDCNH.FXCM,20180422,6.27505,6.2777,6.2778,6.2758,6.28399,6.2862,6.2862,6.2842,52
USDCNH.FXCM,20180423,6.2777,6.30492,6.30969,6.27737,6.2862,6.31055,6.31085,6.2811,56425
USDCNH.FXCM,20180424,6.30492,6.2933,6.3207,6.29186,6.31055,6.30107,6.3216,6.29263,63186
USDCNH.FXCM,20180425,6.2933,6.3213,6.32882,6.29251,6.30107,6.32356,6.32957,6.29566,65997
USDCNH.FXCM,20180426,6.3213,6.32604,6.33103,6.30776,6.32356,6.32805,6.332,6.30863,76129
USDCNH.FXCM,20180427,6.32604,6.31724,6.34038,6.31572,6.32805,6.32329,6.34121,6.3178,50155
USDCNH.FXCM,20180429,6.31724,6.3177,6.3177,6.31657,6.32329,6.323,6.32492,6.323,119
USDCNH.FXCM,20180430,6.3177,6.31467,6.32643,6.3046,6.323,6.31676,6.32726,6.30663,53711
USDCNH.FXCM,20180501,6.31467,6.33519,6.33984,6.309,6.31676,6.34031,6.34071,6.31071,54339
USDCNH.FXCM,20180502,6.33519,6.37246,6.376,6.33505,6.34031,6.37705,6.37758,6.33875,85108
USDCNH.FXCM,20180503,6.37246,6.34285,6.37843,6.34076,6.37705,6.34478,6.37919,6.34137,82386
USDCNH.FXCM,20180504,6.34285,6.35251,6.36946,6.34131,6.34478,6.35755,6.37017,6.34218,77750
USDCNH.FXCM,20180506,6.35251,6.3517,6.3517,6.35151,6.35755,6.36029,6.36048,6.3602,50
USDCNH.FXCM,20180507,6.3517,6.35773,6.37061,6.34428,6.36029,6.36234,6.37132,6.34506,108406
USDCNH.FXCM,20180508,6.35773,6.36476,6.3707,6.35397,6.36234,6.36691,6.37172,6.35523,106856
USDCNH.FXCM,20180509,6.36476,6.36319,6.38325,6.35738,6.36691,6.36647,6.3841,6.35814,105509
USDCNH.FXCM,20180510,6.36319,6.32875,6.37106,6.32435,6.36647,6.33066,6.37185,6.32507,132648
USDCNH.FXCM,20180511,6.32875,6.33168,6.34094,6.3194,6.33066,6.33936,6.3416,6.32023,104185
USDCNH.FXCM,20180513,6.33168,6.3315,6.3315,6.3303,6.33936,6.3353,6.3381,6.3353,114
USDCNH.FXCM,20180514,6.3315,6.33633,6.337,6.32332,6.3353,6.3374,6.3381,6.3242,76740
USDCNH.FXCM,20180515,6.33633,6.3638,6.37018,6.33576,6.3374,6.36964,6.37084,6.3364,103956
USDCNH.FXCM,20180516,6.3638,6.34916,6.3749,6.34517,6.36964,6.35182,6.37565,6.3461,120678
USDCNH.FXCM,20180517,6.34916,6.35625,6.35905,6.34285,6.35182,6.35861,6.35969,6.3437,99072
USDCNH.FXCM,20180518,6.35625,6.35915,6.37146,6.35385,6.35861,6.36473,6.37212,6.35539,84228
USDCNH.FXCM,20180520,6.35915,6.3597,6.3597,6.3597,6.36473,6.3681,6.3688,6.3681,2
USDCNH.FXCM,20180521,6.3597,6.35621,6.3874,6.35621,6.3681,6.35991,6.38828,6.35719,99011
USDCNH.FXCM,20180522,6.35621,6.35097,6.36415,6.3466,6.35991,6.35503,6.36495,6.34742,90760
USDCNH.FXCM,20180523,6.35097,6.37475,6.38549,6.34638,6.35503,6.37985,6.38646,6.3491,136556
USDCNH.FXCM,20180524,6.37475,6.37355,6.38938,6.3707,6.37985,6.37885,6.39011,6.37271,117564
USDCNH.FXCM,20180525,6.37355,6.38449,6.3897,6.3717,6.37885,6.39205,6.39205,6.37451,84464
USDCNH.FXCM,20180527,6.38449,6.3847,6.3865,6.38377,6.39205,6.3902,6.39129,6.3868,23
USDCNH.FXCM,20180528,6.3847,6.39595,6.39807,6.37988,6.3902,6.39816,6.3994,6.38059,65659
USDCNH.FXCM,20180529,6.39595,6.4223,6.42924,6.39415,6.39816,6.42535,6.43011,6.39565,129074
USDCNH.FXCM,20180530,6.4223,6.40026,6.4319,6.3996,6.42535,6.40144,6.4328,6.40042,128504
USDCNH.FXCM,20180531,6.40026,6.40818,6.41551,6.39354,6.40144,6.4103,6.41635,6.39426,118918
USDCNH.FXCM,20180601,6.40818,6.41196,6.41711,6.4025,6.4103,6.41617,6.41756,6.40328,94225
USDCNH.FXCM,20180603,6.41196,6.41222,6.4127,6.4097,6.41617,6.4191,6.41923,6.4191,21
USDCNH.FXCM,20180604,6.41222,6.4038,6.41763,6.39426,6.4191,6.40673,6.4191,6.39508,78007
USDCNH.FXCM,20180605,6.4038,6.39367,6.40955,6.39003,6.40673,6.39695,6.4102,6.39092,74913
USDCNH.FXCM,20180606,6.39367,6.37669,6.39452,6.37584,6.39695,6.37855,6.40429,6.3767,83229
USDCNH.FXCM,20180607,6.37669,6.38836,6.39189,6.3749,6.37855,6.39059,6.39256,6.37845,116934
USDCNH.FXCM,20180608,6.38836,6.39751,6.40829,6.38555,6.39059,6.40158,6.40905,6.38864,76818
USDCNH.FXCM,20180610,6.39751,6.39832,6.39832,6.39832,6.40158,6.40621,6.40826,6.40621,6
USDCNH.FXCM,20180611,6.39832,6.3966,6.40323,6.39338,6.40621,6.39978,6.40636,6.39385,50353
USDCNH.FXCM,20180612,6.3966,6.4047,6.40815,6.39384,6.39978,6.40608,6.4088,6.39453,63120
USDCNH.FXCM,20180613,6.4047,6.38863,6.40836,6.38631,6.40608,6.38965,6.40895,6.38689,71737
USDCNH.FXCM,20180614,6.38863,6.41581,6.41826,6.38289,6.38965,6.41893,6.41918,6.3835,80456
USDCNH.FXCM,20180615,6.41581,6.43322,6.4392,6.41226,6.41893,6.44054,6.44054,6.41283,107553
USDCNH.FXCM,20180617,6.43322,6.43332,6.43332,6.43076,6.44054,6.44008,6.44021,6.44008,54
USDCNH.FXCM,20180618,6.43332,6.45391,6.45997,6.43275,6.44008,6.45517,6.46052,6.43848,73725
USDCNH.FXCM,20180619,6.45391,6.47572,6.49463,6.44662,6.45517,6.47876,6.49513,6.44706,121527
USDCNH.FXCM,20180620,6.47572,6.48117,6.48652,6.46602,6.47876,6.482,6.48733,6.4664,96011
USDCNH.FXCM,20180621,6.48117,6.49843,6.51644,6.47408,6.482,6.50293,6.51709,6.47498,126788
USDCNH.FXCM,20180622,6.49843,6.50619,6.51704,6.49289,6.50293,6.51365,6.51751,6.49343,95868
USDCNH.FXCM,20180624,6.50619,6.50782,6.50782,6.50782,6.51365,6.51522,6.51522,6.51508,2
USDCNH.FXCM,20180625,6.50782,6.54046,6.55652,6.50762,6.51522,6.54209,6.55719,6.51368,125940
USDCNH.FXCM,20180626,6.54046,6.58137,6.59492,6.53693,6.54209,6.58279,6.59533,6.53809,145495
USDCNH.FXCM,20180627,6.58137,6.61653,6.62303,6.57605,6.58279,6.61965,6.62386,6.57713,185551
USDCNH.FXCM,20180628,6.61653,6.63378,6.64018,6.60982,6.61965,6.63966,6.64066,6.61034,159695
USDCNH.FXCM,20180629,6.63378,6.63317,6.65214,6.61632,6.63966,6.64063,6.65276,6.61684,209325
USDCNH.FXCM,20180701,6.63317,6.63032,6.63532,6.63032,6.64063,6.63979,6.63979,6.63568,59
USDCNH.FXCM,20180702,6.63032,6.68243,6.69529,6.62606,6.63979,6.68957,6.6959,6.62733,112257
USDCNH.FXCM,20180703,6.68243,6.66445,6.73302,6.64462,6.68957,6.66728,6.73586,6.64523,191657
USDCNH.FXCM,20180704,6.66445,6.64081,6.67216,6.6131,6.66728,6.64584,6.67397,6.61384,126048
USDCNH.FXCM,20180705,6.64081,6.65659,6.6614,6.63331,6.64584,6.65938,6.66224,6.63393,160341
USDCNH.FXCM,20180706,6.65659,6.6581,6.68624,6.6487,6.65938,6.66556,6.68702,6.64936,130715
USDCNH.FXCM,20180708,6.6581,6.66082,6.66082,6.65176,6.66556,6.66518,6.66518,6.65918,5
USDCNH.FXCM,20180709,6.66082,6.62065,6.66592,6.61472,6.66518,6.62468,6.66775,6.61532,185476
USDCNH.FXCM,20180710,6.62065,6.64722,6.649,6.60003,6.62468,6.65394,6.65521,6.60081,113575
USDCNH.FXCM,20180711,6.64722,6.72289,6.72454,6.64562,6.65394,6.7242,6.72618,6.64988,191560
USDCNH.FXCM,20180712,6.72289,6.69207,6.72931,6.67198,6.7242,6.69443,6.73037,6.67275,140272
USDCNH.FXCM,20180713,6.69207,6.70675,6.72467,6.66805,6.69443,6.71421,6.72537,6.66878,135680
USDCNH.FXCM,20180715,6.70675,6.70562,6.70562,6.70368,6.71421,6.71218,6.71238,6.71018,67
USDCNH.FXCM,20180716,6.70562,6.70196,6.72435,6.68301,6.71218,6.70479,6.7251,6.6837,110909
USDCNH.FXCM,20180717,6.70196,6.7194,6.72666,6.68589,6.70479,6.72445,6.72714,6.68639,112728
USDCNH.FXCM,20180718,6.7194,6.74362,6.75782,6.71195,6.72445,6.74798,6.75827,6.71258,132777
USDCNH.FXCM,20180719,6.74362,6.78722,6.80785,6.73753,6.74798,6.79544,6.80856,6.73805,191920
USDCNH.FXCM,20180720,6.78722,6.777,6.83612,6.77431,6.79544,6.78418,6.83749,6.77782,218655
USDCNH.FXCM,20180722,6.777,6.77682,6.77742,6.77682,6.78418,6.78418,6.78418,6.78418,2
USDCNH.FXCM,20180723,6.77682,6.80291,6.82241,6.75516,6.78418,6.80839,6.82317,6.75628,168688
USDCNH.FXCM,20180724,6.80291,6.80857,6.84438,6.79057,6.80839,6.81343,6.84534,6.79162,230552
USDCNH.FXCM,20180725,6.80857,6.75332,6.81982,6.7516,6.81343,6.75955,6.82186,6.75357,182245
USDCNH.FXCM,20180726,6.75332,6.82377,6.82588,6.73812,6.75955,6.82906,6.82906,6.73872,180284
USDCNH.FXCM,20180727,6.82377,6.81857,6.85616,6.80255,6.82906,6.82688,6.85749,6.80336,176119
USDCNH.FXCM,20180730,6.81857,6.8247,6.84964,6.81477,6.82688,6.82862,6.85038,6.81644,134096
USDCNH.FXCM,20180731,6.8247,6.80281,6.84876,6.77389,6.82862,6.80769,6.84935,6.77474,169276
USDCNH.FXCM,20180801,6.80281,6.82304,6.84581,6.80018,6.80769,6.82566,6.84658,6.80169,204327
USDCNH.FXCM,20180802,6.82304,6.87946,6.88242,6.81524,6.82566,6.8834,6.8834,6.81611,237790
USDCNH.FXCM,20180803,6.87946,6.84685,6.91249,6.82546,6.8834,6.85165,6.91336,6.82698,242649
USDCNH.FXCM,20180806,6.84685,6.86392,6.87561,6.82386,6.85165,6.86698,6.8762,6.8251,192150
USDCNH.FXCM,20180807,6.86392,6.81807,6.87596,6.81688,6.86698,6.82349,6.87667,6.81771,164458
USDCNH.FXCM,20180808,6.81807,6.82284,6.84741,6.80572,6.82349,6.82798,6.84795,6.80624,171287
USDCNH.FXCM,20180809,6.82284,6.8452,6.8464,6.81301,6.82798,6.84709,6.84716,6.81404,197811
USDCNH.FXCM,20180810,6.8452,6.86556,6.87382,6.82802,6.84709,6.87061,6.87427,6.8345,238808
USDCNH.FXCM,20180812,6.86556,6.86682,6.86682,6.85942,6.87061,6.87468,6.87468,6.86631,88
USDCNH.FXCM,20180813,6.86682,6.89185,6.90982,6.8632,6.87468,6.90212,6.91068,6.86728,230633
USDCNH.FXCM,20180814,6.89185,6.89322,6.9069,6.88086,6.90212,6.90423,6.90758,6.88123,191354
USDCNH.FXCM,20180815,6.89322,6.94532,6.95849,6.8932,6.90423,6.94805,6.95901,6.89456,238782
USDCNH.FXCM,20180816,6.94532,6.85832,6.94905,6.85342,6.94805,6.86681,6.94988,6.85428,271514
USDCNH.FXCM,20180817,6.85832,6.83261,6.88302,6.82689,6.86681,6.83807,6.88373,6.82747,295778
USDCNH.FXCM,20180819,6.83261,6.83472,6.83482,6.83049,6.83807,6.84018,6.84039,6.83708,81
USDCNH.FXCM,20180820,6.83472,6.83395,6.8627,6.8306,6.84018,6.8364,6.86318,6.83299,181468
USDCNH.FXCM,20180821,6.83395,6.82739,6.85435,6.82079,6.8364,6.83001,6.85504,6.82127,160044
USDCNH.FXCM,20180822,6.82739,6.84562,6.84879,6.82025,6.83001,6.84923,6.84931,6.825,132004
USDCNH.FXCM,20180823,6.84562,6.89271,6.89411,6.84132,6.84923,6.89488,6.89527,6.84437,143749
USDCNH.FXCM,20180824,6.89271,6.80057,6.8956,6.79873,6.89488,6.80778,6.89667,6.79922,197020
USDCNH.FXCM,20180826,6.80057,6.7997,6.79982,6.7983,6.80778,6.80518,6.81098,6.80508,58
USDCNH.FXCM,20180827,6.7997,6.79274,6.81567,6.78117,6.80518,6.79582,6.81737,6.78197,164239
USDCNH.FXCM,20180828,6.79274,6.79902,6.8143,6.78495,6.79582,6.80317,6.81467,6.78542,134207
USDCNH.FXCM,20180829,6.79902,6.81931,6.83589,6.78842,6.80317,6.8245,6.83644,6.79606,143231
USDCNH.FXCM,20180830,6.81931,6.86569,6.87567,6.81522,6.8245,6.86887,6.87772,6.8158,144020
USDCNH.FXCM,20180831,6.86569,6.84107,6.87148,6.82717,6.86887,6.84975,6.87518,6.82785,171124
USDCNH.FXCM,20180903,6.84107,6.83416,6.85856,6.82826,6.84975,6.83565,6.85924,6.82885,101816
USDCNH.FXCM,20180904,6.83416,6.84852,6.86283,6.82153,6.83565,6.84984,6.8634,6.82218,134240
USDCNH.FXCM,20180905,6.84852,6.84182,6.86539,6.84151,6.84984,6.8425,6.86588,6.84218,161577
USDCNH.FXCM,20180906,6.84182,6.84375,6.85925,6.83063,6.8425,6.84612,6.85959,6.83144,195010
USDCNH.FXCM,20180907,6.84375,6.86467,6.8748,6.82471,6.84612,6.87645,6.87645,6.82569,302758
USDCNH.FXCM,20180909,6.86467,6.85945,6.85945,6.85927,6.87645,6.87018,6.87018,6.87018,3
USDCNH.FXCM,20180910,6.85945,6.865,6.87648,6.85914,6.87018,6.87293,6.87692,6.86045,142054
USDCNH.FXCM,20180911,6.865,6.87522,6.88748,6.86199,6.87293,6.8758,6.88788,6.86732,140043
USDCNH.FXCM,20180912,6.87522,6.83322,6.88897,6.82671,6.8758,6.83836,6.88972,6.82714,166222
USDCNH.FXCM,20180913,6.83322,6.84339,6.85253,6.82254,6.83836,6.84591,6.85308,6.82303,172464
USDCNH.FXCM,20180914,6.84339,6.87915,6.88195,6.8407,6.84591,6.88208,6.88278,6.84137,178294
USDCNH.FXCM,20180916,6.87915,6.87812,6.87812,6.87282,6.88208,6.88349,6.88403,6.88318,36
USDCNH.FXCM,20180917,6.87812,6.86862,6.88072,6.85521,6.88349,6.87173,6.88351,6.8559,128919
USDCNH.FXCM,20180918,6.86862,6.8586,6.89279,6.85821,6.87173,6.86439,6.89358,6.85864,203623
USDCNH.FXCM,20180919,6.8586,6.84919,6.86981,6.84245,6.86439,6.85385,6.87042,6.84278,181130
USDCNH.FXCM,20180920,6.84919,6.83514,6.86157,6.83132,6.85385,6.83659,6.86618,6.83206,164336
USDCNH.FXCM,20180921,6.83514,6.84723,6.85191,6.82425,6.83659,6.84963,6.85258,6.82483,161024
USDCNH.FXCM,20180923,6.84723,6.85358,6.85777,6.84815,6.84963,6.85818,6.86018,6.85218,186
USDCNH.FXCM,20180924,6.85358,6.86633,6.87398,6.84859,6.85818,6.87006,6.87447,6.84972,133252
USDCNH.FXCM,20180925,6.86633,6.86778,6.87262,6.8572,6.87006,6.86919,6.87358,6.85774,140711
USDCNH.FXCM,20180926,6.86778,6.87333,6.88713,6.86423,6.86919,6.88428,6.88774,6.86506,155705
USDCNH.FXCM,20180927,6.87333,6.88645,6.88776,6.86387,6.88428,6.8884,6.88842,6.86429,174699
USDCNH.FXCM,20180928,6.88645,6.87681,6.88844,6.86767,6.8884,6.87938,6.88897,6.86813,166015
USDCNH.FXCM,20180930,6.87681,6.87192,6.88132,6.86777,6.87938,6.88379,6.8838,6.87883,25
USDCNH.FXCM,20181001,6.87192,6.88637,6.88982,6.8708,6.88379,6.88953,6.89019,6.87758,121629
USDCNH.FXCM,20181002,6.88637,6.88379,6.90457,6.87876,6.88953,6.88673,6.90505,6.87932,150742
USDCNH.FXCM,20181003,6.88379,6.88886,6.89878,6.87818,6.88673,6.89094,6.89918,6.87986,122792
USDCNH.FXCM,20181004,6.88886,6.89293,6.91722,6.88834,6.89094,6.89843,6.91775,6.89022,180366
USDCNH.FXCM,20181005,6.89293,6.89466,6.91032,6.89055,6.89843,6.89535,6.9108,6.89086,232067
USDCNH.FXCM,20181007,6.89466,6.90622,6.90816,6.89522,6.89535,6.91028,6.91076,6.90259,70
USDCNH.FXCM,20181008,6.90622,6.91641,6.93748,6.89583,6.91028,6.92416,6.9383,6.89645,193773
USDCNH.FXCM,20181009,6.91641,6.91581,6.93486,6.90866,6.92416,6.91729,6.93646,6.90908,200023
USDCNH.FXCM,20181010,6.91581,6.92427,6.9355,6.91048,6.91729,6.92673,6.93574,6.91096,184266
USDCNH.FXCM,20181011,6.92427,6.87712,6.9431,6.86694,6.92673,6.87941,6.94344,6.86782,243310
USDCNH.FXCM,20181012,6.87712,6.9185,6.9258,6.86835,6.87941,6.9238,6.92667,6.87472,189067
USDCNH.FXCM,20181014,6.9185,6.91622,6.91727,6.91621,6.9238,6.92818,6.92818,6.92733,27
USDCNH.FXCM,20181015,6.91622,6.92079,6.93049,6.91172,6.92818,6.92595,6.93099,6.91204,137269
USDCNH.FXCM,20181016,6.92079,6.91001,6.92508,6.90504,6.92595,6.91578,6.92978,6.90566,125102
USDCNH.FXCM,20181017,6.91001,6.92804,6.93134,6.90653,6.91578,6.93202,6.93211,6.90713,136238
USDCNH.FXCM,20181018,6.92804,6.93555,6.95218,6.92049,6.93202,6.94266,6.95257,6.9269,159261
USDCNH.FXCM,20181019,6.93555,6.92997,6.94712,6.92462,6.94266,6.94123,6.94816,6.92509,159877
USDCNH.FXCM,20181021,6.92997,6.93003,6.93132,6.93003,6.94123,6.94168,6.94347,6.94168,130
USDCNH.FXCM,20181022,6.93003,6.93696,6.95142,6.92943,6.94168,6.9388,6.95181,6.93008,143906
USDCNH.FXCM,20181023,6.93696,6.93804,6.94948,6.93627,6.9388,6.9392,6.94998,6.93819,145580
USDCNH.FXCM,20181024,6.93804,6.944,6.95462,6.93745,6.9392,6.94519,6.95504,6.93879,141622
USDCNH.FXCM,20181025,6.944,6.95572,6.96662,6.94355,6.94519,6.95772,6.96717,6.94466,148033
USDCNH.FXCM,20181026,6.95572,6.94722,6.97681,6.94722,6.95772,6.95901,6.97722,6.95018,168009
USDCNH.FXCM,20181028,6.94722,6.95247,6.95247,6.95247,6.95901,6.96483,6.96483,6.96483,1
USDCNH.FXCM,20181029,6.95247,6.97462,6.97542,6.94967,6.96483,6.97579,6.97618,6.95211,127771
USDCNH.FXCM,20181030,6.97462,6.96922,6.97713,6.96362,6.97579,6.97161,6.97848,6.96405,133943
USDCNH.FXCM,20181031,6.96922,6.97401,6.97952,6.9681,6.97161,6.97495,6.98064,6.96948,115963
USDCNH.FXCM,20181101,6.97401,6.91599,6.98018,6.91038,6.97495,6.91786,6.98093,6.91118,159904
USDCNH.FXCM,20181102,6.91599,6.89879,6.93031,6.85226,6.91786,6.9011,6.93078,6.85268,227609
USDCNH.FXCM,20181105,6.89879,6.90972,6.92816,6.88431,6.9011,6.91515,6.92865,6.89035,145212
USDCNH.FXCM,20181106,6.90972,6.92065,6.92523,6.90855,6.91515,6.92625,6.92625,6.90973,109915
USDCNH.FXCM,20181107,6.92065,6.91709,6.93922,6.90872,6.92625,6.9187,6.93963,6.90919,172721
USDCNH.FXCM,20181108,6.91709,6.93974,6.9406,6.91432,6.9187,6.94105,6.94153,6.9187,164117
USDCNH.FXCM,20181109,6.93974,6.9465,6.95352,6.93564,6.94105,6.94921,6.95407,6.93681,149674
USDCNH.FXCM,20181111,6.9465,6.94689,6.94773,6.94672,6.94921,6.94921,6.95228,6.94918,67
USDCNH.FXCM,20181112,6.94689,6.96059,6.9673,6.94233,6.94921,6.97295,6.9732,6.94288,154720
USDCNH.FXCM,20181113,6.96059,6.9454,6.96948,6.9435,6.97295,6.9487,6.97335,6.94397,154241
USDCNH.FXCM,20181114,6.9454,6.94231,6.95302,6.9382,6.9487,6.9456,6.95347,6.93884,124580
USDCNH.FXCM,20181115,6.94231,6.92603,6.94474,6.91493,6.9456,6.93038,6.95108,6.91555,164091
USDCNH.FXCM,20181116,6.92603,6.91552,6.94511,6.91032,6.93038,6.92518,6.94565,6.91106,140887
USDCNH.FXCM,20181118,6.91552,6.91841,6.91854,6.91826,6.92518,6.92618,6.92618,6.92618,123
USDCNH.FXCM,20181119,6.91841,6.93209,6.93944,6.91842,6.92618,6.93518,6.93994,6.92248,106262
USDCNH.FXCM,20181120,6.93209,6.94382,6.94581,6.93042,6.93518,6.94533,6.94628,6.93199,105588
USDCNH.FXCM,20181121,6.94382,6.92164,6.95014,6.92129,6.94533,6.92854,6.95068,6.92178,88101
USDCNH.FXCM,20181122,6.92164,6.92472,6.93111,6.91894,6.92854,6.93097,6.9317,6.91956,55242
USDCNH.FXCM,20181123,6.92472,6.94216,6.94699,6.92329,6.93097,6.94654,6.94768,6.92466,58996
USDCNH.FXCM,20181125,6.94216,6.93932,6.93982,6.93612,6.94654,6.94567,6.94949,6.94518,20
USDCNH.FXCM,20181126,6.93932,6.94978,6.95252,6.93033,6.94567,6.9512,6.95322,6.9309,115149
USDCNH.FXCM,20181127,6.94978,6.94999,6.95767,6.93236,6.9512,6.95668,6.95823,6.9335,126659
USDCNH.FXCM,20181128,6.94999,6.93791,6.95839,6.93248,6.95668,6.94228,6.959,6.93314,130195
USDCNH.FXCM,20181129,6.93791,6.93457,6.94516,6.93037,6.94228,6.93717,6.9458,6.93078,128393
USDCNH.FXCM,20181130,6.93457,6.94647,6.9565,6.93287,6.93717,6.95143,6.95703,6.93498,164154
USDCNH.FXCM,20181202,6.94647,6.89572,6.89885,6.89572,6.95143,6.89736,6.90648,6.89723,281
USDCNH.FXCM,20181203,6.89572,6.87219,6.92509,6.87219,6.89736,6.88101,6.92577,6.87325,183924
USDCNH.FXCM,20181204,6.87219,6.84793,6.88227,6.82568,6.88101,6.85145,6.88441,6.82629,216064
USDCNH.FXCM,20181205,6.84793,6.85652,6.87248,6.8451,6.85145,6.86311,6.87313,6.84594,130680
USDCNH.FXCM,20181206,6.85652,6.87937,6.90703,6.85272,6.86311,6.88257,6.90777,6.86041,222093
USDCNH.FXCM,20181207,6.87937,6.88139,6.89102,6.86582,6.88257,6.89112,6.89166,6.86643,186657
USDCNH.FXCM,20181209,6.88139,6.89352,6.89632,6.89182,6.89112,6.89928,6.90095,6.8992,67
USDCNH.FXCM,20181210,6.89352,6.91049,6.92025,6.88893,6.89928,6.9175,6.92085,6.88945,164832
USDCNH.FXCM,20181211,6.91049,6.90273,6.92203,6.89248,6.9175,6.91235,6.92351,6.89342,181921
USDCNH.FXCM,20181212,6.90273,6.86731,6.90206,6.86727,6.91235,6.8714,6.91346,6.86806,183375
USDCNH.FXCM,20181213,6.86731,6.87655,6.88754,6.85641,6.8714,6.87938,6.88847,6.85698,148248
USDCNH.FXCM,20181214,6.87655,6.89901,6.91151,6.87527,6.87938,6.90584,6.91208,6.87908,140977
USDCNH.FXCM,20181217,6.89901,6.89963,6.90503,6.88812,6.90584,6.90251,6.90874,6.89312,114288
USDCNH.FXCM,20181218,6.89963,6.88404,6.90042,6.88372,6.90251,6.8938,6.90568,6.88745,119045
USDCNH.FXCM,20181219,6.88404,6.90396,6.90732,6.88316,6.8938,6.90908,6.90908,6.88561,138619
USDCNH.FXCM,20181220,6.90396,6.89179,6.91466,6.88236,6.90908,6.89843,6.91518,6.88298,165521
USDCNH.FXCM,20181221,6.89179,6.92323,6.924,6.8864,6.89843,6.92505,6.92548,6.88704,195115
USDCNH.FXCM,20181223,6.92323,6.91882,6.92184,6.91582,6.92505,6.92495,6.92828,6.92441,73
USDCNH.FXCM,20181224,6.91882,6.9013,6.92279,6.89788,6.92495,6.90567,6.92487,6.89852,127629
USDCNH.FXCM,20181226,6.9013,6.8904,6.89743,6.88393,6.90567,6.89972,6.89972,6.88458,49390
USDCNH.FXCM,20181227,6.8904,6.87131,6.90051,6.87131,6.89972,6.87757,6.90141,6.87276,202030
USDCNH.FXCM,20181228,6.87131,6.87604,6.88722,6.86242,6.87757,6.88779,6.88811,6.86306,156634
USDCNH.FXCM,20181230,6.87604,6.87759,6.87759,6.87731,6.88779,6.88768,6.88768,6.88768,2
USDCNH.FXCM,20181231,6.87759,6.86872,6.88614,6.86601,6.88768,6.87213,6.88811,6.86696,91989
USDCNH.FXCM,20190102,6.86872,6.87559,6.88332,6.85899,6.87213,6.88075,6.88378,6.85963,95878
USDCNH.FXCM,20190103,6.87559,6.87636,6.89426,6.87292,6.88075,6.88724,6.89487,6.87612,152662
USDCNH.FXCM,20190104,6.87636,6.86379,6.88344,6.86361,6.88724,6.86768,6.88858,6.86429,129514
USDCNH.FXCM,20190106,6.86379,6.86394,6.86394,6.86148,6.86768,6.86966,6.87173,6.86966,51
USDCNH.FXCM,20190107,6.86394,6.84466,6.8648,6.84439,6.86966,6.84946,6.87084,6.84521,115388
USDCNH.FXCM,20190108,6.84466,6.85261,6.86832,6.8427,6.84946,6.85728,6.86883,6.84328,130333
USDCNH.FXCM,20190109,6.85261,6.81083,6.85398,6.80703,6.85728,6.81343,6.85716,6.80755,181940
USDCNH.FXCM,20190110,6.81083,6.79161,6.82441,6.78005,6.81343,6.79506,6.82493,6.78066,162362
USDCNH.FXCM,20190111,6.79161,6.75765,6.79527,6.7374,6.79506,6.76236,6.79581,6.73784,185022
USDCNH.FXCM,20190113,6.75765,6.75742,6.75873,6.75742,6.76236,6.76768,6.76878,6.76518,126
USDCNH.FXCM,20190114,6.75742,6.76173,6.77643,6.73882,6.76768,6.76433,6.77704,6.73964,140518
USDCNH.FXCM,20190115,6.76173,6.77267,6.78704,6.74357,6.76433,6.77455,6.78767,6.74421,136641
USDCNH.FXCM,20190116,6.77267,6.75932,6.78476,6.75772,6.77455,6.76441,6.7852,6.75886,127950
USDCNH.FXCM,20190117,6.75932,6.77451,6.79367,6.75296,6.76441,6.77861,6.79423,6.75375,135467
USDCNH.FXCM,20190118,6.77451,6.80122,6.80945,6.77042,6.77861,6.80439,6.81013,6.77492,122130
USDCNH.FXCM,20190120,6.80122,6.80103,6.80124,6.79619,6.80439,6.80548,6.80573,6.80315,45
USDCNH.FXCM,20190121,6.80103,6.79962,6.80838,6.79143,6.80548,6.80273,6.81006,6.79211,102299
USDCNH.FXCM,20190122,6.79962,6.81443,6.81864,6.79802,6.80273,6.81638,6.81931,6.79914,104567
USDCNH.FXCM,20190123,6.81443,6.79213,6.81586,6.78532,6.81638,6.79513,6.8187,6.78595,111766
USDCNH.FXCM,20190124,6.79213,6.79344,6.80987,6.78007,6.79513,6.79573,6.81053,6.78077,129876
USDCNH.FXCM,20190125,6.79344,6.75156,6.79928,6.75156,6.79573,6.75378,6.80148,6.75269,143129
USDCNH.FXCM,20190127,6.75156,6.75132,6.75422,6.75012,6.75378,6.76118,6.76158,6.75606,68
USDCNH.FXCM,20190128,6.75132,6.75462,6.7615,6.73519,6.76118,6.75549,6.762,6.73575,125936
USDCNH.FXCM,20190129,6.75462,6.74617,6.76552,6.74584,6.75549,6.75028,6.76605,6.74702,129955
USDCNH.FXCM,20190130,6.74617,6.70972,6.74832,6.70138,6.75028,6.71309,6.75298,6.70217,150764
USDCNH.FXCM,20190131,6.70972,6.70625,6.72393,6.70184,6.71309,6.71274,6.72463,6.70294,157017
USDCNH.FXCM,20190201,6.70625,6.75635,6.75736,6.70442,6.71274,6.75729,6.75799,6.7056,137702
USDCNH.FXCM,20190203,6.75635,6.75175,6.75232,6.74872,6.75729,6.75871,6.76048,6.75871,105
USDCNH.FXCM,20190204,6.75175,6.77667,6.78512,6.75026,6.75871,6.77893,6.78558,6.75076,92519
USDCNH.FXCM,20190205,6.77667,6.76231,6.78254,6.75226,6.77893,6.76331,6.78558,6.75288,84530
USDCNH.FXCM,20190206,6.76231,6.77769,6.77965,6.75634,6.76331,6.77874,6.78052,6.75676,70390
USDCNH.FXCM,20190207,6.77769,6.78353,6.78508,6.76934,6.77874,6.7852,6.78575,6.76998,74094
USDCNH.FXCM,20190208,6.78353,6.78294,6.79463,6.77472,6.7852,6.7874,6.79541,6.77508,83227
USDCNH.FXCM,20190210,6.78294,6.78268,6.7828,6.7826,6.7874,6.78768,6.78769,6.78768,82
USDCNH.FXCM,20190211,6.78268,6.79685,6.80302,6.7647,6.78768,6.8037,6.8037,6.76549,131498
USDCNH.FXCM,20190212,6.79685,6.77242,6.8086,6.77238,6.8037,6.77552,6.80949,6.77331,142897
USDCNH.FXCM,20190213,6.77242,6.78161,6.78534,6.75862,6.77552,6.78511,6.78592,6.75921,129682
USDCNH.FXCM,20190214,6.78161,6.77454,6.78952,6.7627,6.78511,6.78417,6.79045,6.76393,130362
USDCNH.FXCM,20190215,6.77454,6.76987,6.79405,6.76886,6.78417,6.77098,6.79467,6.77028,125646
USDCNH.FXCM,20190217,6.76987,6.76932,6.76982,6.76828,6.77098,6.77786,6.7787,6.77786,107
USDCNH.FXCM,20190218,6.76932,6.77172,6.77554,6.76053,6.77786,6.77629,6.77941,6.7611,88849
USDCNH.FXCM,20190219,6.77172,6.74393,6.78468,6.74194,6.77629,6.74769,6.78524,6.74256,129141
USDCNH.FXCM,20190220,6.74393,6.71803,6.74582,6.70751,6.74769,6.71967,6.74785,6.70804,167750
USDCNH.FXCM,20190221,6.71803,6.72023,6.72962,6.68751,6.71967,6.73236,6.73242,6.68818,194010
USDCNH.FXCM,20190222,6.72023,6.70062,6.73397,6.70052,6.73236,6.70368,6.73457,6.70121,142593
USDCNH.FXCM,20190224,6.70062,6.70072,6.70181,6.70013,6.70368,6.70308,6.71188,6.70308,87
USDCNH.FXCM,20190225,6.70072,6.67985,6.70097,6.67342,6.70308,6.68389,6.70308,6.67421,161140
USDCNH.FXCM,20190226,6.67985,6.68425,6.70503,6.67632,6.68389,6.68822,6.70566,6.68133,136323
USDCNH.FXCM,20190227,6.68425,6.68079,6.69382,6.67592,6.68822,6.68201,6.69438,6.67647,130594
USDCNH.FXCM,20190228,6.68079,6.70261,6.70304,6.67488,6.68201,6.70411,6.7044,6.67548,130682
USDCNH.FXCM,20190301,6.70261,6.70972,6.71805,6.68921,6.70411,6.71587,6.71868,6.69358,122256
USDCNH.FXCM,20190303,6.70972,6.69977,6.70604,6.69579,6.71587,6.70123,6.70976,6.69951,389
USDCNH.FXCM,20190304,6.69977,6.70621,6.71192,6.68649,6.70123,6.70778,6.7125,6.68705,148956
USDCNH.FXCM,20190305,6.70621,6.70238,6.71208,6.6993,6.70778,6.70851,6.71268,6.69974,117182
USDCNH.FXCM,20190306,6.70238,6.71495,6.72732,6.69982,6.70851,6.7201,6.72789,6.70277,122614
USDCNH.FXCM,20190307,6.71495,6.73292,6.73474,6.71123,6.7201,6.73459,6.73531,6.71179,102000
USDCNH.FXCM,20190308,6.73292,6.72769,6.73722,6.7253,6.73459,6.73377,6.73783,6.72578,124786
USDCNH.FXCM,20190310,6.72769,6.72982,6.72982,6.72541,6.73377,6.73639,6.73655,6.73028,68
USDCNH.FXCM,20190311,6.72982,6.7318,6.73482,6.72802,6.73639,6.73284,6.73676,6.72853,82789
USDCNH.FXCM,20190312,6.7318,6.70602,6.73218,6.70572,6.73284,6.70744,6.73478,6.70609,109746
USDCNH.FXCM,20190313,6.70602,6.70049,6.72094,6.70008,6.70744,6.70217,6.72146,6.70081,91884
USDCNH.FXCM,20190314,6.70049,6.72108,6.73515,6.69988,6.70217,6.72292,6.73572,6.70192,102066
USDCNH.FXCM,20190315,6.72108,6.71158,6.73224,6.71022,6.72292,6.71545,6.73266,6.71073,77057
USDCNH.FXCM,20190317,6.71158,6.71092,6.71092,6.70782,6.71545,6.71368,6.72018,6.71368,64
USDCNH.FXCM,20190318,6.71092,6.72052,6.72408,6.70832,6.71368,6.72126,6.72458,6.71229,71946
USDCNH.FXCM,20190319,6.72052,6.71677,6.72342,6.71179,6.72126,6.71848,6.72795,6.71223,83786
USDCNH.FXCM,20190320,6.71677,6.68591,6.72201,6.67782,6.71848,6.68907,6.72254,6.67807,99932
USDCNH.FXCM,20190321,6.68591,6.70679,6.71624,6.67002,6.68907,6.70756,6.71679,6.67061,118059
USDCNH.FXCM,20190322,6.70679,6.72244,6.7277,6.70045,6.70756,6.72412,6.72832,6.70094,132331
USDCNH.FXCM,20190324,6.72244,6.71932,6.72087,6.71932,6.72412,6.72968,6.72968,6.72818,84
USDCNH.FXCM,20190325,6.71932,6.71653,6.73081,6.71202,6.72968,6.71744,6.73164,6.71254,103291
USDCNH.FXCM,20190326,6.71653,6.72277,6.72354,6.70667,6.71744,6.72386,6.72426,6.70724,84072
USDCNH.FXCM,20190327,6.72277,6.73762,6.73971,6.71583,6.72386,6.7388,6.74012,6.71642,108980
USDCNH.FXCM,20190328,6.73762,6.73896,6.74982,6.72902,6.7388,6.74016,6.75043,6.72969,122746
USDCNH.FXCM,20190329,6.73896,6.72267,6.74139,6.71146,6.74016,6.72558,6.74194,6.71198,127615
USDCNH.FXCM,20190331,6.72267,6.71572,6.71578,6.71218,6.72558,6.71958,6.72008,6.71958,146
USDCNH.FXCM,20190401,6.71572,6.71486,6.72263,6.70572,6.71958,6.72356,6.72394,6.70639,108717
USDCNH.FXCM,20190402,6.71486,6.72409,6.73164,6.71448,6.72356,6.72765,6.73236,6.71844,90079
USDCNH.FXCM,20190403,6.72409,6.7125,6.72681,6.70694,6.72765,6.71645,6.72811,6.70744,105538
USDCNH.FXCM,20190404,6.7125,6.71568,6.72467,6.70982,6.71645,6.71872,6.72518,6.71044,82592
USDCNH.FXCM,20190405,6.71568,6.71038,6.71832,6.70297,6.71872,6.71132,6.71975,6.70358,75464
USDCNH.FXCM,20190407,6.71038,6.705,6.70592,6.705,6.71132,6.71518,6.71518,6.7135,15
USDCNH.FXCM,20190408,6.705,6.71675,6.72725,6.70505,6.71518,6.718,6.72783,6.70997,81005
USDCNH.FXCM,20190409,6.71675,6.71674,6.72251,6.71216,6.718,6.72118,6.72305,6.71274,76967
USDCNH.FXCM,20190410,6.71674,6.71787,6.72605,6.71352,6.72118,6.7198,6.72663,6.71683,87841
USDCNH.FXCM,20190411,6.71787,6.72781,6.72954,6.71596,6.7198,6.73056,6.73068,6.71677,71095
USDCNH.FXCM,20190412,6.72781,6.70926,6.73013,6.70368,6.73056,6.71015,6.73068,6.70415,104174
USDCNH.FXCM,20190414,6.70303,6.70362,6.70385,6.70286,6.70968,6.70945,6.71218,6.70915,102
USDCNH.FXCM,20190415,6.70362,6.70551,6.71248,6.7036,6.70945,6.70931,6.71662,6.70418,71468
USDCNH.FXCM,20190416,6.70551,6.7122,6.71452,6.70356,6.70931,6.71327,6.71508,6.70599,81561
USDCNH.FXCM,20190417,6.7122,6.67635,6.71438,6.676,6.71327,6.67927,6.71523,6.67673,105933
USDCNH.FXCM,20190418,6.67635,6.70669,6.71047,6.67578,6.67927,6.70928,6.71106,6.67736,113850
USDCNH.FXCM,20190419,6.70669,6.70163,6.70868,6.69927,6.70928,6.70262,6.71046,6.69989,15615
USDCNH.FXCM,20190422,6.70379,6.71078,6.71885,6.70359,6.70451,6.71329,6.71948,6.70428,36117
USDCNH.FXCM,20190423,6.71078,6.72821,6.72992,6.71032,6.71329,6.73048,6.73048,6.71087,108414
USDCNH.FXCM,20190424,6.72821,6.73403,6.73915,6.71982,6.73048,6.73501,6.73974,6.72038,101480
USDCNH.FXCM,20190425,6.73403,6.74882,6.75972,6.73189,6.73501,6.7515,6.76026,6.73252,111450
USDCNH.FXCM,20190426,6.74882,6.73416,6.75029,6.72802,6.7515,6.74374,6.7515,6.72851,133640
USDCNH.FXCM,20190429,6.73572,6.73833,6.74465,6.73254,6.73623,6.73932,6.74517,6.73308,60621
USDCNH.FXCM,20190430,6.73833,6.73596,6.74852,6.73471,6.73932,6.73794,6.74913,6.73618,163001
USDCNH.FXCM,20190501,6.73596,6.73224,6.74087,6.71772,6.73794,6.73429,6.74421,6.71825,94834
USDCNH.FXCM,20190502,6.73224,6.74705,6.74762,6.72499,6.73429,6.74777,6.74825,6.72563,99287
USDCNH.FXCM,20190503,6.74513,6.73352,6.75084,6.73332,6.74565,6.73508,6.75284,6.73393,88842
USDCNH.FXCM,20190506,6.80174,6.76989,6.82132,6.76791,6.80367,6.77721,6.82236,6.76848,165912
USDCNH.FXCM,20190507,6.76989,6.79407,6.80213,6.76989,6.77721,6.79576,6.80258,6.77224,310025
USDCNH.FXCM,20190508,6.79407,6.80522,6.81011,6.78103,6.79576,6.80963,6.81054,6.78146,147058
USDCNH.FXCM,20190509,6.80522,6.83408,6.86359,6.8012,6.80963,6.84086,6.86394,6.80163,205422
USDCNH.FXCM,20190510,6.83408,6.84244,6.86458,6.81664,6.84086,6.84692,6.86507,6.81774,229059
USDCNH.FXCM,20190513,6.86277,6.91139,6.91825,6.86277,6.86424,6.91281,6.91863,6.86389,155367
USDCNH.FXCM,20190514,6.91139,6.90292,6.91905,6.88723,6.91281,6.90499,6.92011,6.888,300896
USDCNH.FXCM,20190515,6.90292,6.90287,6.91734,6.89368,6.90499,6.90794,6.91786,6.89428,121021
USDCNH.FXCM,20190516,6.90287,6.92593,6.9315,6.90112,6.90794,6.93127,6.93275,6.90208,120162
USDCNH.FXCM,20190517,6.92593,6.94764,6.94889,6.92114,6.93127,6.949,6.94946,6.92165,157554
USDCNH.FXCM,20190520,6.93661,6.93732,6.94589,6.93576,6.93725,6.94079,6.94648,6.93621,79531
USDCNH.FXCM,20190521,6.93732,6.93336,6.94627,6.92053,6.94079,6.93477,6.94679,6.92087,222996
USDCNH.FXCM,20190522,6.93336,6.93091,6.94087,6.92362,6.93477,6.93758,6.94138,6.92416,111350
USDCNH.FXCM,20190523,6.93091,6.92613,6.94312,6.92533,6.93758,6.92766,6.94362,6.92605,105229
USDCNH.FXCM,20190524,6.93262,6.91499,6.93422,6.90971,6.93301,6.91952,6.93472,6.91015,87019
USDCNH.FXCM,20190527,6.91073,6.90652,6.91508,6.90522,6.91123,6.91054,6.91561,6.90578,27843
USDCNH.FXCM,20190528,6.90652,6.92118,6.93092,6.90482,6.91054,6.92329,6.93142,6.90663,156000
USDCNH.FXCM,20190529,6.92118,6.93222,6.93883,6.91983,6.92329,6.93364,6.93928,6.92056,113687
USDCNH.FXCM,20190530,6.93222,6.92805,6.93342,6.92153,6.93364,6.92967,6.93468,6.92203,94505
USDCNH.FXCM,20190531,6.92805,6.93644,6.9473,6.92291,6.92967,6.93862,6.94785,6.92343,139212
USDCNH.FXCM,20190603,6.92355,6.92105,6.93043,6.91744,6.92406,6.92249,6.93108,6.91787,92496
USDCNH.FXCM,20190604,6.92105,6.91937,6.93345,6.91488,6.92249,6.92252,6.93381,6.91552,213960
USDCNH.FXCM,20190605,6.91937,6.92646,6.93234,6.91563,6.92252,6.92882,6.93283,6.91615,114259
USDCNH.FXCM,20190606,6.92646,6.92608,6.93253,6.92249,6.92882,6.92921,6.93298,6.92296,112433
USDCNH.FXCM,20190607,6.92608,6.94279,6.96189,6.92259,6.92921,6.94508,6.96328,6.9231,107016
USDCNH.FXCM,20190610,6.9387,6.94294,6.95869,6.93865,6.94019,6.94466,6.95935,6.93987,101111
USDCNH.FXCM,20190611,6.94294,6.92338,6.94835,6.9209,6.94466,6.92828,6.94916,6.92148,213909
USDCNH.FXCM,20190612,6.92338,6.92658,6.93419,6.9167,6.92828,6.93003,6.93469,6.91739,103812
USDCNH.FXCM,20190613,6.92658,6.92878,6.93558,6.92442,6.93003,6.92969,6.93609,6.92518,89100
USDCNH.FXCM,20190614,6.92878,6.92934,6.93748,6.92574,6.92969,6.93017,6.93801,6.92939,89075
USDCNH.FXCM,20190617,6.93037,6.92913,6.93458,6.92828,6.93088,6.93196,6.93514,6.9288,39776
USDCNH.FXCM,20190618,6.92913,6.90204,6.93952,6.89691,6.93196,6.9031,6.94009,6.89762,154099
USDCNH.FXCM,20190619,6.90204,6.89339,6.91003,6.8891,6.9031,6.89633,6.91058,6.8897,88784
USDCNH.FXCM,20190620,6.89339,6.85976,6.89572,6.84767,6.89633,6.86142,6.89888,6.84816,159598
USDCNH.FXCM,20190621,6.85976,6.86157,6.87986,6.83658,6.86142,6.8658,6.8804,6.8371,131229
USDCNH.FXCM,20190624,6.87185,6.87601,6.88562,6.86868,6.87243,6.87834,6.88614,6.86924,57311
USDCNH.FXCM,20190625,6.87601,6.88288,6.88626,6.86068,6.87834,6.8864,6.88715,6.86221,154240
USDCNH.FXCM,20190626,6.88288,6.886,6.89133,6.866,6.8864,6.88816,6.89184,6.86671,109741
USDCNH.FXCM,20190627,6.886,6.87062,6.88736,6.86955,6.88816,6.87188,6.88933,6.87095,91938
USDCNH.FXCM,20190628,6.87062,6.8681,6.87893,6.86105,6.87188,6.86934,6.87959,6.86164,104472
USDCNH.FXCM,20190702,6.86609,6.88681,6.88851,6.86247,6.86657,6.88876,6.889,6.86307,79646
USDCNH.FXCM,20190703,6.88681,6.8827,6.90014,6.88061,6.88876,6.88628,6.90069,6.88106,179851
USDCNH.FXCM,20190704,6.8827,6.87222,6.88492,6.87064,6.88628,6.87597,6.88734,6.8712,54536
USDCNH.FXCM,20190705,6.87222,6.89473,6.89954,6.87183,6.87597,6.89704,6.89991,6.87448,75541
USDCNH.FXCM,20190707,6.89271,6.89452,6.89462,6.89271,6.89787,6.89848,6.90031,6.89731,55
USDCNH.FXCM,20190708,6.89452,6.8876,6.89892,6.88405,6.89848,6.89091,6.89956,6.88461,58399
USDCNH.FXCM,20190709,6.8876,6.89404,6.89675,6.88248,6.89091,6.89718,6.89727,6.88296,72384
USDCNH.FXCM,20190710,6.88615,6.87069,6.89642,6.86957,6.8867,6.87488,6.89721,6.87006,80955
USDCNH.FXCM,20190711,6.87069,6.87599,6.87749,6.86114,6.87488,6.87804,6.8782,6.86155,173252
USDCNH.FXCM,20190712,6.87284,6.87806,6.88569,6.87196,6.87332,6.87933,6.88623,6.87253,70698
USDCNH.FXCM,20190714,6.87806,6.87556,6.87572,6.87492,6.87933,6.88103,6.882,6.88087,33
USDCNH.FXCM,20190715,6.87453,6.87289,6.87759,6.87059,6.87504,6.8747,6.87807,6.87112,48380
USDCNH.FXCM,20190716,6.87289,6.8808,6.88286,6.86989,6.8747,6.88186,6.88338,6.87032,126761
USDCNH.FXCM,20190717,6.87825,6.87533,6.8844,6.87326,6.87915,6.87917,6.88485,6.87382,77315
USDCNH.FXCM,20190718,6.87533,6.87171,6.88653,6.87131,6.87917,6.87642,6.887,6.87207,174423
USDCNH.FXCM,20190719,6.87171,6.88175,6.88544,6.87026,6.87642,6.88667,6.88667,6.87187,95993
USDCNH.FXCM,20190721,6.8752,6.87543,6.87982,6.87508,6.88343,6.88089,6.88387,6.88028,67
USDCNH.FXCM,20190722,6.88029,6.88348,6.88407,6.87717,6.88079,6.88434,6.88458,6.87768,28824
USDCNH.FXCM,20190723,6.88348,6.8831,6.886,6.8783,6.88434,6.88628,6.88657,6.88002,94495
USDCNH.FXCM,20190724,6.8831,6.87465,6.88652,6.87102,6.88628,6.87735,6.88695,6.87148,81653
USDCNH.FXCM,20190725,6.87465,6.86976,6.87797,6.86804,6.87735,6.87658,6.8784,6.86841,111032
USDCNH.FXCM,20190726,6.86976,6.87843,6.87915,6.86708,6.87658,6.87892,6.87962,6.87248,58436
USDCNH.FXCM,20190728,6.87472,6.87972,6.87972,6.87472,6.87928,6.88408,6.88408,6.87928,2
USDCNH.FXCM,20190729,6.87972,6.89079,6.90004,6.87787,6.88408,6.89418,6.90051,6.87828,76360
USDCNH.FXCM,20190730,6.89079,6.88824,6.89491,6.88319,6.89418,6.89115,6.89621,6.88371,87092
USDCNH.FXCM,20190731,6.88824,6.90832,6.91321,6.88512,6.89115,6.91128,6.91371,6.88567,92677
USDCNH.FXCM,20190801,6.90832,6.95397,6.95908,6.90307,6.91128,6.95513,6.96324,6.90704,101587
USDCNH.FXCM,20190802,6.96348,6.97254,6.9798,6.95219,6.964,6.97968,6.98167,6.95285,202916
USDCNH.FXCM,20190804,6.97472,6.97538,6.97557,6.97241,6.98003,6.9808,6.9808,6.98003,11
USDCNH.FXCM,20190805,7.07601,7.09706,7.10266,7.06508,7.07763,7.10043,7.10405,7.06573,167893
USDCNH.FXCM,20190806,7.09706,7.05186,7.13977,7.04134,7.10043,7.05595,7.14138,7.04271,411887
USDCNH.FXCM,20190807,7.05186,7.08302,7.09708,7.05135,7.05595,7.08544,7.09794,7.05267,201823
USDCNH.FXCM,20190808,7.08302,7.07501,7.10232,7.06237,7.08544,7.0773,7.10405,7.06286,160648
USDCNH.FXCM,20190809,7.08032,7.09695,7.10802,7.07135,7.08088,7.09905,7.1086,7.07217,118600
USDCNH.FXCM,20190812,7.09111,7.10159,7.11234,7.09093,7.09158,7.10465,7.11305,7.09148,101866
USDCNH.FXCM,20190813,7.10159,7.0081,7.10676,7.0035,7.10465,7.01325,7.10724,7.00498,303405
USDCNH.FXCM,20190814,7.04816,7.05204,7.05628,7.0081,7.0488,7.05601,7.05714,7.01148,201071
USDCNH.FXCM,20190815,7.05204,7.04739,7.06462,7.02988,7.05601,7.05228,7.06525,7.03054,399681
USDCNH.FXCM,20190816,7.04739,7.04189,7.05806,7.04189,7.05228,7.0477,7.05868,7.04293,146014
USDCNH.FXCM,20190818,7.03742,7.0387,7.04455,7.03664,7.04205,7.04522,7.05328,7.0418,67
USDCNH.FXCM,20190819,7.0387,7.06729,7.07664,7.0387,7.04522,7.07599,7.0776,7.04522,115736
USDCNH.FXCM,20190820,7.06818,7.06865,7.07612,7.06534,7.06876,7.07368,7.08045,7.06614,115668
USDCNH.FXCM,20190821,7.06865,7.06279,7.07272,7.05486,7.07368,7.0708,7.07635,7.05544,217180
USDCNH.FXCM,20190822,7.06279,7.08866,7.09954,7.06279,7.0708,7.09012,7.10006,7.06712,136490
USDCNH.FXCM,20190823,7.08866,7.13443,7.13832,7.08334,7.09012,7.13586,7.13889,7.08372,197978
USDCNH.FXCM,20190825,7.15794,7.17182,7.18518,7.15669,7.1655,7.17311,7.19114,7.16375,437
USDCNH.FXCM,20190826,7.17182,7.16287,7.18308,7.14517,7.17311,7.17128,7.18557,7.14872,260172
USDCNH.FXCM,20190827,7.16287,7.1644,7.18052,7.15066,7.17128,7.16831,7.18108,7.15125,165065
USDCNH.FXCM,20190828,7.16264,7.16577,7.17557,7.15462,7.16311,7.17252,7.17618,7.15624,132082
USDCNH.FXCM,20190829,7.16577,7.14165,7.17752,7.1403,7.17252,7.1465,7.17798,7.14098,284014
USDCNH.FXCM,20190830,7.14165,7.16002,7.16907,7.13953,7.1465,7.16315,7.16967,7.14028,152047
USDCNH.FXCM,20190901,7.16002,7.1748,7.17482,7.16171,7.16315,7.1767,7.17828,7.17058,175
USDCNH.FXCM,20190902,7.17797,7.19023,7.19536,7.16296,7.17915,7.19623,7.1967,7.16428,88717
USDCNH.FXCM,20190903,7.18017,7.17389,7.19572,7.17389,7.18087,7.18111,7.19843,7.17614,144143
USDCNH.FXCM,20190904,7.148,7.14538,7.17712,7.14437,7.14858,7.14878,7.18141,7.14483,155925
USDCNH.FXCM,20190905,7.14538,7.13287,7.1501,7.12054,7.14878,7.13351,7.15166,7.12197,59899
USDCNH.FXCM,20190906,7.1127,7.10428,7.15119,7.09584,7.11328,7.10797,7.15171,7.09628,224359
USDCNH.FXCM,20190908,7.10433,7.10433,7.10433,7.10433,7.11317,7.11271,7.11317,7.11271,2
USDCNH.FXCM,20190909,7.1165,7.11457,7.1166,7.1137,7.1177,7.12078,7.12078,7.11689,61
USDCNH.FXCM,20190910,7.10546,7.10881,7.12341,7.09826,7.10587,7.11004,7.12445,7.09883,211291
USDCNH.FXCM,20190911,7.10881,7.10803,7.11995,7.10342,7.11004,7.10961,7.12031,7.10397,359759
USDCNH.FXCM,20190912,7.07971,7.06721,7.10817,7.0511,7.0803,7.06999,7.11023,7.05236,192024
USDCNH.FXCM,20190913,7.03262,7.04367,7.06778,7.03073,7.0332,7.04908,7.07193,7.03132,180708
USDCNH.FXCM,20190915,7.04621,7.04879,7.05255,7.04573,7.05038,7.05606,7.05716,7.05038,46
USDCNH.FXCM,20190916,7.06288,7.06131,7.06416,7.06052,7.06355,7.06332,7.06481,7.06185,994
USDCNH.FXCM,20190917,7.06131,7.08305,7.0965,7.05928,7.06332,7.08885,7.09723,7.06128,176524
USDCNH.FXCM,20190918,7.0837,7.08215,7.08979,7.07082,7.0843,7.08429,7.09184,7.07267,134681
USDCNH.FXCM,20190919,7.0984,7.10064,7.10623,7.07593,7.09903,7.10487,7.10677,7.08131,168289
USDCNH.FXCM,20190920,7.10064,7.11942,7.13047,7.07526,7.10487,7.12267,7.13218,7.07586,351012
USDCNH.FXCM,20190922,7.10972,7.10344,7.11172,7.10201,7.11568,7.10542,7.11961,7.10475,270
USDCNH.FXCM,20190923,7.10344,7.10894,7.1258,7.09717,7.10542,7.11108,7.12643,7.09806,121637
USDCNH.FXCM,20190924,7.10894,7.10452,7.11874,7.09846,7.11108,7.10719,7.11943,7.09919,152745
USDCNH.FXCM,20190925,7.10452,7.12503,7.1343,7.10425,7.10719,7.12977,7.13495,7.10498,194913
USDCNH.FXCM,20190926,7.12503,7.12313,7.13424,7.11714,7.12977,7.12515,7.13484,7.11755,208278
USDCNH.FXCM,20190927,7.12313,7.13575,7.15106,7.11311,7.12515,7.1393,7.15337,7.11379,186283
USDCNH.FXCM,20190929,7.13284,7.13281,7.13372,7.13256,7.13806,7.14069,7.14145,7.1379,33
USDCNH.FXCM,20190930,7.13281,7.13896,7.15022,7.11824,7.14069,7.14364,7.15103,7.11885,139377
USDCNH.FXCM,20191001,7.13896,7.14506,7.15624,7.13388,7.14364,7.14857,7.15697,7.1347,167629
USDCNH.FXCM,20191002,7.15606,7.14458,7.15838,7.14276,7.15665,7.15224,7.15904,7.14364,135037
USDCNH.FXCM,20191003,7.14458,7.12746,7.14844,7.12438,7.15224,7.12932,7.15224,7.12495,336845
USDCNH.FXCM,20191004,7.12746,7.11193,7.13073,7.10706,7.12932,7.11549,7.13148,7.10786,205925
USDCNH.FXCM,20191006,7.10648,7.12301,7.12472,7.10648,7.11508,7.12799,7.12981,7.11508,85
USDCNH.FXCM,20191007,7.12301,7.1334,7.13922,7.12132,7.12799,7.13546,7.14003,7.1237,173839
USDCNH.FXCM,20191008,7.1334,7.12665,7.13613,7.12548,7.13546,7.12734,7.13799,7.12669,65464
USDCNH.FXCM,20191009,7.13955,7.1362,7.16756,7.13408,7.14011,7.13952,7.16907,7.13498,148389
USDCNH.FXCM,20191010,7.1362,7.10272,7.16766,7.09821,7.13952,7.10644,7.17041,7.09957,472242
USDCNH.FXCM,20191011,7.10272,7.08488,7.11323,7.07008,7.10644,7.09124,7.11567,7.07068,344315
USDCNH.FXCM,20191013,7.08488,7.0854,7.08725,7.08193,7.09124,7.0872,7.09197,7.08699,122
USDCNH.FXCM,20191014,7.08378,7.06692,7.09413,7.04998,7.08489,7.07212,7.09497,7.05067,223525
USDCNH.FXCM,20191015,7.06692,7.08112,7.08851,7.06074,7.07212,7.08821,7.08902,7.06223,451951
USDCNH.FXCM,20191016,7.08112,7.10145,7.10343,7.08112,7.08739,7.10203,7.10431,7.08395,62321
USDCNH.FXCM,20191017,7.09536,7.08043,7.10753,7.06698,7.10245,7.08202,7.1093,7.06752,540541
USDCNH.FXCM,20191018,7.08457,7.06912,7.08783,7.06692,7.0851,7.07358,7.08833,7.07006,202546
USDCNH.FXCM,20191020,7.0689,7.07022,7.07024,7.06842,7.0752,7.07436,7.07793,7.07394,101
USDCNH.FXCM,20191021,7.07022,7.06804,7.07764,7.06253,7.07436,7.07186,7.08493,7.06313,194361
USDCNH.FXCM,20191022,7.06804,7.07341,7.08252,7.06457,7.07186,7.07905,7.08313,7.0653,160861
USDCNH.FXCM,20191023,7.07341,7.06065,7.08564,7.06017,7.07905,7.06208,7.08621,7.06072,163444
USDCNH.FXCM,20191024,7.06065,7.07198,7.07414,7.05276,7.06208,7.07439,7.0747,7.05328,192913
USDCNH.FXCM,20191025,7.06522,7.04945,7.07482,7.04933,7.06579,7.05235,7.07527,7.05096,182563
USDCNH.FXCM,20191028,7.05893,7.06181,7.06576,7.05654,7.05948,7.06596,7.06631,7.057,73968
USDCNH.FXCM,20191029,7.06181,7.06491,7.06754,7.05248,7.06596,7.06645,7.06811,7.05295,273344
USDCNH.FXCM,20191030,7.06491,7.04272,7.06907,7.04272,7.06645,7.05002,7.06961,7.04388,217608
USDCNH.FXCM,20191031,7.04272,7.0436,7.04717,7.04243,7.04991,7.04415,7.05002,7.04307,67970
USDCNH.FXCM,20191101,7.04513,7.03822,7.05162,7.0364,7.04789,7.04858,7.05378,7.03701,217524
USDCNH.FXCM,20191103,7.02975,7.03571,7.03681,7.02975,7.03986,7.04045,7.04495,7.03469,193
USDCNH.FXCM,20191104,7.02824,7.02827,7.03563,7.02238,7.02855,7.03628,7.03646,7.0229,109743
USDCNH.FXCM,20191105,7.00734,7.0004,7.03412,6.98577,7.00787,7.00614,7.03647,6.98665,169866
USDCNH.FXCM,20191106,6.99716,7.00912,7.01839,6.98749,6.99762,7.01658,7.01898,6.98817,213859
USDCNH.FXCM,20191107,7.00974,7.01389,7.01519,7.00912,7.0165,7.01474,7.01658,7.01222,7767
USDCNH.FXCM,20191108,6.9704,6.97341,6.97396,6.96453,6.97186,6.9745,6.97688,6.97004,54344
USDCNH.FXCM,20191111,7.01181,7.00547,7.01321,7.00547,7.01236,7.00939,7.01377,7.0066,21660
USDCNH.FXCM,20191112,7.00859,7.02337,7.02447,6.99814,7.00915,7.02468,7.02528,6.9999,76910
USDCNH.FXCM,20191113,7.02315,7.02859,7.03744,7.01383,7.0237,7.03098,7.03776,7.01438,203618
USDCNH.FXCM,20191114,7.02384,7.01769,7.03193,7.01754,7.02442,7.0201,7.03289,7.01859,143507
USDCNH.FXCM,20191115,7.01769,7.00282,7.02228,7.00098,7.0201,7.00878,7.02582,7.00144,157949
USDCNH.FXCM,20191118,7.03141,7.02346,7.03143,7.021,7.03191,7.02752,7.03193,7.0215,35676
USDCNH.FXCM,20191119,7.02569,7.02431,7.0322,7.01841,7.02617,7.03074,7.03282,7.01995,137905
USDCNH.FXCM,20191120,7.02456,7.03796,7.04963,7.02419,7.03069,7.04098,7.05026,7.02868,189080
USDCNH.FXCM,20191121,7.03796,7.02784,7.05328,7.02272,7.04098,7.03695,7.05399,7.02358,191127
USDCNH.FXCM,20191122,7.02784,7.04002,7.04815,7.0259,7.03695,7.04618,7.04866,7.02654,166682
USDCNH.FXCM,20191124,7.03546,7.03592,7.03592,7.03541,7.04579,7.04308,7.04581,7.04298,12
USDCNH.FXCM,20191125,7.03592,7.02842,7.04045,7.0272,7.04308,7.03324,7.04841,7.02766,158895
USDCNH.FXCM,20191126,7.02842,7.01087,7.04216,7.00833,7.03324,7.01746,7.04263,7.0093,203386
USDCNH.FXCM,20191127,7.02128,7.0129,7.02672,7.01087,7.02186,7.01985,7.02714,7.01267,175243
USDCNH.FXCM,20191128,7.02851,7.02987,7.03489,7.0114,7.02896,7.03307,7.03541,7.0165,131325
USDCNH.FXCM,20191129,7.02987,7.03077,7.03711,7.02097,7.03307,7.03433,7.03765,7.02155,278828
USDCNH.FXCM,20191130,7.02987,7.03077,7.03711,7.02097,7.03307,7.03433,7.03765,7.02155,148458
USDCNH.FXCM,20191201,7.02245,7.0247,7.0277,7.02245,7.02666,7.02981,7.03586,7.02666,256
USDCNH.FXCM,20191202,7.03944,7.04212,7.04508,7.03665,7.03999,7.04523,7.04561,7.03716,78240
USDCNH.FXCM,20191203,7.04557,7.06779,7.08662,7.04167,7.04609,7.07208,7.08751,7.04228,121299
USDCNH.FXCM,20191204,7.06779,7.05191,7.08133,7.04699,7.07208,7.0527,7.08206,7.04759,353352
USDCNH.FXCM,20191205,7.05191,7.03988,7.05813,7.03748,7.0527,7.04228,7.05914,7.03796,179146
USDCNH.FXCM,20191206,7.03988,7.02259,7.04953,7.01953,7.04228,7.02615,7.04998,7.02031,189450
USDCNH.FXCM,20191207,7.03968,7.02259,7.04953,7.01953,7.04204,7.02615,7.04998,7.02031,193707
USDCNH.FXCM,20191209,7.02008,7.03646,7.04123,7.01733,7.02992,7.03724,7.04181,7.0243,134398
USDCNH.FXCM,20191210,7.03646,7.02609,7.04081,7.02548,7.03724,7.02977,7.04133,7.02601,295426
USDCNH.FXCM,20191211,7.02734,7.02644,7.02992,7.02583,7.0278,7.0299,7.03054,7.02748,3459
USDCNH.FXCM,20191212,7.02609,7.02734,7.04084,7.02609,7.02977,7.02781,7.04119,7.02679,161824
USDCNH.FXCM,20191213,6.93938,7.00292,7.02497,6.92597,6.94922,7.01128,7.02648,6.92698,367980
USDCNH.FXCM,20191214,6.93938,7.00292,7.02497,6.92597,6.94922,7.01128,7.02648,6.92698,371594
USDCNH.FXCM,20191216,6.99798,6.99087,7.00778,6.98635,6.9985,6.99249,7.0084,6.98684,151375
USDCNH.FXCM,20191217,6.99087,6.9972,7.0078,6.98748,6.99249,7.00172,7.011,6.98935,326743
USDCNH.FXCM,20191218,6.9972,7.00075,7.00761,6.99191,7.00172,7.00529,7.00802,6.99242,146231
USDCNH.FXCM,20191219,7.00075,6.99755,7.00652,6.9911,7.00529,7.0,7.00696,6.9915,155814
USDCNH.FXCM,20191220,6.99755,6.99887,7.01216,6.99595,7.0,7.0035,7.01254,6.99674,141407
USDCNH.FXCM,20191222,6.99862,6.99982,6.99992,6.99862,7.00248,7.00218,7.00354,7.00218,45
USDCNH.FXCM,20191223,6.99982,7.00569,7.01288,6.99859,7.00218,7.00967,7.01334,6.99919,132624
USDCNH.FXCM,20191224,7.00569,7.00208,7.0129,7.00208,7.00967,7.00641,7.01341,7.0027,122053
USDCNH.FXCM,20191226,7.00208,6.99094,7.00208,6.98986,7.00641,6.99256,7.00641,6.99035,26345
USDCNH.FXCM,20191227,6.99094,6.98787,6.99835,6.98787,6.99256,6.99528,6.99963,6.99113,180704
USDCNH.FXCM,20191228,6.99094,6.98787,6.99835,6.98787,6.99256,6.99528,6.99963,6.99113,183547
USDCNH.FXCM,20191229,6.98999,6.99042,6.99042,6.98999,6.99674,6.99458,6.99674,6.99448,21
USDCNH.FXCM,20191230,6.99042,6.98194,6.99358,6.97467,6.99458,6.98686,6.99559,6.9753,187165
USDCNH.FXCM,20191231,6.98194,6.96438,6.9844,6.95828,6.98686,6.9655,6.98711,6.95887,178105
USDCNH.FXCM,20200102,6.96438,6.95724,6.9647,6.95628,6.9655,6.96135,6.9655,6.95697,112419
USDCNH.FXCM,20200104,6.95724,6.96511,6.9744,6.9562,6.96135,6.96966,6.9748,6.95734,236833
USDCNH.FXCM,20200105,6.96892,6.96816,6.96892,6.96816,6.97406,6.97406,6.97406,6.97406,2
USDCNH.FXCM,20200106,6.96816,6.96882,6.97758,6.96219,6.97406,6.97012,6.97811,6.96291,193460
USDCNH.FXCM,20200107,6.9422,6.94039,6.94536,6.94018,6.9428,6.94491,6.9463,6.94109,6841
USDCNH.FXCM,20200108,6.96882,6.94316,6.96946,6.92901,6.97012,6.94368,6.97024,6.92961,191682
USDCNH.FXCM,20200109,6.93583,6.92417,6.93737,6.91704,6.93721,6.92544,6.94078,6.91756,211169
USDCNH.FXCM,20200110,6.92417,6.91038,6.93344,6.90982,6.92544,6.91945,6.93395,6.91041,171879
USDCNH.FXCM,20200112,6.91038,6.91051,6.91051,6.90964,6.91945,6.91749,6.91859,6.91749,18
USDCNH.FXCM,20200113,6.91051,6.88052,6.91573,6.88006,6.91749,6.88447,6.91756,6.88051,253118
USDCNH.FXCM,20200114,6.88052,6.88768,6.89233,6.86602,6.88447,6.88943,6.89302,6.86663,271451
USDCNH.FXCM,20200115,6.88768,6.89004,6.90532,6.88469,6.88943,6.89505,6.90643,6.88563,220223
USDCNH.FXCM,20200116,6.89004,6.8749,6.8946,6.87218,6.89505,6.87814,6.89579,6.87263,205324
USDCNH.FXCM,20200117,6.8749,6.86561,6.88251,6.85776,6.87814,6.87024,6.88317,6.85825,221796
USDCNH.FXCM,20200119,6.86561,6.85891,6.85921,6.85822,6.87024,6.86499,6.86806,6.86499,53
USDCNH.FXCM,20200120,6.85891,6.86603,6.87353,6.84545,6.86499,6.86852,6.87411,6.84591,183330
USDCNH.FXCM,20200121,6.86603,6.90829,6.91262,6.8637,6.86852,6.91,6.91315,6.86735,264744
USDCNH.FXCM,20200122,6.90829,6.9085,6.9179,6.89574,6.91,6.9126,6.91837,6.89618,234499
USDCNH.FXCM,20200123,6.9085,6.92834,6.94218,6.90788,6.9126,6.93026,6.94274,6.90948,247558
USDCNH.FXCM,20200124,6.92834,6.92636,6.93863,6.92097,6.93026,6.93388,6.93909,6.92149,244986
USDCNH.FXCM,20200126,6.92636,6.94511,6.94881,6.94022,6.93388,6.94843,6.95011,6.94389,375
USDCNH.FXCM,20200127,6.94511,6.98413,6.98954,6.94435,6.94843,6.98778,6.99015,6.94818,344640
USDCNH.FXCM,20200128,6.98413,6.96456,6.98803,6.96447,6.98778,6.96749,6.98975,6.96621,328958
USDCNH.FXCM,20200129,6.96456,6.96864,6.96982,6.95286,6.96749,6.97027,6.97239,6.95333,218548
USDCNH.FXCM,20200130,6.96864,6.98055,7.00355,6.96531,6.97027,6.98551,7.00404,6.96831,275968
USDCNH.FXCM,20200131,6.98055,6.99707,7.00679,6.97155,6.98551,7.00231,7.00724,6.97205,266068
USDCNH.FXCM,20200202,6.99707,6.99052,6.99138,6.98489,7.00231,6.99458,6.99756,6.98998,177
USDCNH.FXCM,20200203,6.99052,7.01043,7.02273,6.98396,6.99458,7.01768,7.02332,6.9847,292150
USDCNH.FXCM,20200204,7.01043,6.98828,7.02284,6.98558,7.01768,6.98954,7.0235,6.98598,265896
USDCNH.FXCM,20200205,6.98828,6.9739,7.01011,6.96298,6.98954,6.978,7.01063,6.96355,331730
USDCNH.FXCM,20200206,6.9739,6.9778,6.9803,6.95706,6.978,6.9795,6.98075,6.95752,259158
USDCNH.FXCM,20200208,6.9778,7.00522,7.00946,6.97163,6.9795,7.0102,7.0102,6.97596,246186
USDCNH.FXCM,20200209,7.00074,7.00622,7.00622,7.00074,7.00528,7.01008,7.01028,7.00524,101
USDCNH.FXCM,20200210,7.00622,6.9824,7.01201,6.97708,7.01008,6.98665,7.01395,6.97766,232707
USDCNH.FXCM,20200211,6.9824,6.96988,6.98423,6.96253,6.98665,6.97147,6.98698,6.96306,195427
USDCNH.FXCM,20200212,6.96988,6.97334,6.9766,6.95725,6.97147,6.97488,6.97717,6.95772,200273
USDCNH.FXCM,20200213,6.97334,6.98761,6.99189,6.97158,6.97488,6.99073,6.99315,6.9723,235509
USDCNH.FXCM,20200214,6.98761,6.98946,6.99653,6.98082,6.99073,6.99568,6.99695,6.98125,179278
USDCNH.FXCM,20200218,6.98878,7.00395,7.01081,6.98764,6.98943,7.00988,7.01132,6.9881,173471
USDCNH.FXCM,20200219,7.00395,7.01255,7.01704,6.99329,7.00988,7.01393,7.0175,6.99381,380628
USDCNH.FXCM,20200220,7.01255,7.04384,7.05462,7.00733,7.01393,7.04885,7.05515,7.00808,277857
USDCNH.FXCM,20200221,7.04384,7.03012,7.05692,7.03012,7.04885,7.03961,7.05755,7.03445,291532
USDCNH.FXCM,20200223,7.04001,7.04822,7.05243,7.04001,7.04456,7.05098,7.05292,7.04456,168
USDCNH.FXCM,20200224,7.04822,7.0341,7.05613,7.02745,7.05098,7.03745,7.05699,7.02792,303041
USDCNH.FXCM,20200225,7.0341,7.02248,7.03632,7.01278,7.03745,7.03003,7.03859,7.01324,302214
USDCNH.FXCM,20200226,7.02248,7.03324,7.03739,7.02248,7.03003,7.03387,7.03815,7.02464,55032
USDCNH.FXCM,20200227,7.0189,7.02255,7.02544,7.0188,7.02298,7.02317,7.02604,7.02064,14498
USDCNH.FXCM,20200228,7.0086,6.97722,7.02054,6.97442,7.0117,6.98208,7.02105,6.97817,511579
USDCNH.FXCM,20200301,6.9936,6.99148,6.99431,6.9906,6.99871,6.99454,6.99871,6.9933,164
USDCNH.FXCM,20200302,6.99148,6.98641,6.99228,6.98224,6.99454,6.98761,6.99483,6.98396,8814
USDCNH.FXCM,20200303,6.95658,6.96073,6.96228,6.94966,6.96529,6.96154,6.96529,6.95561,25387
USDCNH.FXCM,20200304,6.94599,6.93959,6.95067,6.935,6.9523,6.94059,6.95379,6.93609,31033
USDCNH.FXCM,20200305,6.92142,6.92528,6.92838,6.92126,6.92495,6.92609,6.92937,6.92313,15564
USDCNH.FXCM,20200306,6.94014,6.93759,6.94076,6.93675,6.94206,6.93826,6.94308,6.93758,18159
USDCNH.FXCM,20200308,6.93288,6.93151,6.934,6.92808,6.94103,6.93728,6.94103,6.93526,111
USDCNH.FXCM,20200309,6.93151,6.92619,6.93492,6.91811,6.93728,6.92818,6.93828,6.91917,25254
USDCNH.FXCM,20200310,6.95005,6.94907,6.95472,6.94221,6.95615,6.95026,6.95771,6.94485,100576
USDCNH.FXCM,20200311,6.96297,6.95734,6.96368,6.95609,6.96578,6.95848,6.96869,6.9576,5399
USDCNH.FXCM,20200312,6.96772,6.97499,6.98009,6.96475,6.97,6.97577,6.98118,6.96778,32658
USDCNH.FXCM,20200313,7.02465,7.04474,7.05213,7.02,7.03034,7.04668,7.05334,7.02449,65605
USDCNH.FXCM,20200315,7.0291,7.02991,7.02992,7.0282,7.03501,7.03369,7.03616,7.03364,40
USDCNH.FXCM,20200316,7.02991,7.01209,7.02991,6.98342,7.03369,7.01368,7.03589,6.98541,496355
USDCNH.FXCM,20200317,7.01209,7.01508,7.01617,7.00474,7.01368,7.01616,7.01727,7.00847,175455
USDCNH.FXCM,20200318,7.02744,7.02217,7.03193,7.01956,7.03523,7.02506,7.03824,7.02083,30720
USDCNH.FXCM,20200319,7.07063,7.07459,7.07721,7.05791,7.07781,7.07742,7.08226,7.06116,55549
USDCNH.FXCM,20200320,7.15442,7.15275,7.16239,7.14865,7.16038,7.15394,7.1649,7.15088,46156
USDCNH.FXCM,20200323,7.1237,7.14094,7.14647,7.12174,7.13318,7.1419,7.14749,7.13107,79165
USDCNH.FXCM,20200324,7.11439,7.10455,7.12328,7.10234,7.12271,7.1081,7.12915,7.10544,40972
USDCNH.FXCM,20200325,7.08008,7.08386,7.08705,7.06895,7.08922,7.08639,7.09139,7.07146,15648
USDCNH.FXCM,20200326,7.12381,7.12303,7.13817,7.11983,7.13026,7.12456,7.1407,7.12331,27108
USDCNH.FXCM,20200327,7.07724,7.08165,7.08634,7.0739,7.08521,7.08346,7.09066,7.07976,39594
USDCNH.FXCM,20200329,7.08442,7.08514,7.08514,7.08442,7.09109,7.09091,7.09109,7.09091,2
USDCNH.FXCM,20200330,7.08514,7.10342,7.10579,7.08514,7.09091,7.10491,7.10743,7.08863,19500
USDCNH.FXCM,20200331,7.10932,7.10572,7.11661,7.10521,7.1186,7.10678,7.12185,7.10648,39929
USDCNH.FXCM,20200401,7.09174,7.08909,7.09655,7.08625,7.09603,7.09013,7.09862,7.08904,14429
USDCNH.FXCM,20200402,7.12234,7.08965,7.14208,7.08965,7.12286,7.09795,7.14273,7.09242,233315
USDCNH.FXCM,20200403,7.08965,7.10647,7.11965,7.08198,7.09795,7.11499,7.12015,7.08938,319936
USDCNH.FXCM,20200406,7.10682,7.10392,7.11895,7.10261,7.11623,7.10475,7.12049,7.10419,20099
USDCNH.FXCM,20200407,7.10448,7.10323,7.10783,7.10065,7.10922,7.10386,7.11228,7.10163,10125
USDCNH.FXCM,20200408,7.06395,7.0734,7.07611,7.05961,7.07015,7.07427,7.07695,7.06333,15117
USDCNH.FXCM,20200409,7.06789,7.06645,7.06859,7.06492,7.06909,7.06751,7.07069,7.06614,4923
USDCNH.FXCM,20200410,7.05844,7.05745,7.06079,7.0514,7.06026,7.05905,7.06227,7.05729,3330
USDCNH.FXCM,20200412,7.04241,7.04363,7.04387,7.04075,7.04891,7.04487,7.05026,7.04458,115
USDCNH.FXCM,20200413,7.04363,7.05477,7.05481,7.04274,7.04487,7.05675,7.05689,7.04487,10176
USDCNH.FXCM,20200414,7.05239,7.05244,7.05677,7.05066,7.05771,7.05394,7.06141,7.05173,36089
USDCNH.FXCM,20200415,7.04585,7.0457,7.04804,7.04298,7.04853,7.04671,7.05041,7.04601,24890
USDCNH.FXCM,20200416,7.06977,7.07995,7.08037,7.06877,7.07258,7.08067,7.08136,7.07089,36587
USDCNH.FXCM,20200417,7.08706,7.07482,7.08807,7.07118,7.08858,7.07581,7.09191,7.07307,32709
USDCNH.FXCM,20200419,7.07671,7.07712,7.07712,7.07555,7.08487,7.08398,7.08712,7.08398,46
USDCNH.FXCM,20200420,7.07712,7.07625,7.08284,7.07589,7.08398,7.07908,7.08556,7.07819,49027
USDCNH.FXCM,20200421,7.08895,7.08971,7.09202,7.08278,7.09325,7.09052,7.09395,7.08406,32195
USDCNH.FXCM,20200422,7.09825,7.10395,7.1045,7.09806,7.10516,7.10485,7.10579,7.09991,28112
USDCNH.FXCM,20200423,7.09791,7.09911,7.10296,7.0956,7.10497,7.09996,7.10568,7.09903,75532
USDCNH.FXCM,20200424,7.09271,7.09479,7.09557,7.08959,7.09588,7.09531,7.09672,7.09179,15958
USDCNH.FXCM,20200426,7.08707,7.08782,7.09002,7.08687,7.09726,7.09699,7.09733,7.09675,71
USDCNH.FXCM,20200427,7.08782,7.08801,7.09013,7.08585,7.09699,7.08874,7.09721,7.08665,51520
USDCNH.FXCM,20200428,7.08912,7.08884,7.0942,7.08835,7.09571,7.08956,7.09571,7.08922,15393
USDCNH.FXCM,20200429,7.08758,7.08086,7.08888,7.08007,7.08924,7.08164,7.09042,7.08096,15137
USDCNH.FXCM,20200430,7.07055,7.0749,7.07608,7.07031,7.07612,7.07568,7.07722,7.07212,42846
USDCNH.FXCM,20200501,7.07871,7.10376,7.10454,7.07323,7.08428,7.10519,7.1055,7.07907,36163
USDCNH.FXCM,20200503,7.13864,7.1312,7.13931,7.13096,7.14071,7.14056,7.14183,7.13627,139
USDCNH.FXCM,20200504,7.1312,7.12877,7.15583,7.12198,7.14056,7.13173,7.15875,7.12265,275679
USDCNH.FXCM,20200505,7.12877,7.11953,7.13197,7.11077,7.13173,7.12591,7.1348,7.11135,235364
USDCNH.FXCM,20200506,7.11953,7.11887,7.12464,7.11403,7.12591,7.11991,7.12881,7.11649,42244
USDCNH.FXCM,20200507,7.12805,7.1287,7.13687,7.12356,7.13202,7.12958,7.13784,7.12522,19161
USDCNH.FXCM,20200508,7.08972,7.08477,7.09192,7.08191,7.09546,7.08584,7.09546,7.08274,16543
USDCNH.FXCM,20200510,7.0902,7.09311,7.09312,7.08895,7.09957,7.09499,7.09966,7.09488,84
USDCNH.FXCM,20200511,7.09311,7.09098,7.09632,7.08881,7.09499,7.09197,7.10017,7.09026,14404
USDCNH.FXCM,20200512,7.10297,7.11071,7.11359,7.10202,7.11273,7.11137,7.11457,7.10576,17940
USDCNH.FXCM,20200513,7.10192,7.10385,7.10955,7.10076,7.11238,7.10443,7.11243,7.10437,20593
USDCNH.FXCM,20200514,7.10991,7.11015,7.11261,7.10712,7.11415,7.11083,7.11417,7.10864,16354
USDCNH.FXCM,20200515,7.10837,7.11214,7.11247,7.10732,7.11408,7.11276,7.11411,7.10846,14964
USDCNH.FXCM,20200517,7.13164,7.12928,7.13173,7.126,7.13681,7.13232,7.13856,7.13218,147
USDCNH.FXCM,20200518,7.12928,7.11613,7.14461,7.11613,7.13232,7.11961,7.14515,7.11678,225824
USDCNH.FXCM,20200519,7.11613,7.11691,7.12674,7.10882,7.11961,7.1203,7.12727,7.10939,201102
USDCNH.FXCM,20200520,7.11691,7.10244,7.12471,7.09834,7.1203,7.11078,7.12513,7.09881,194621
USDCNH.FXCM,20200521,7.10244,7.13061,7.13616,7.10225,7.11078,7.13938,7.13938,7.10439,235811
USDCNH.FXCM,20200522,7.13061,7.1453,7.1643,7.12631,7.13938,7.15112,7.16467,7.127,268242
USDCNH.FXCM,20200524,7.15102,7.15204,7.1534,7.1476,7.16031,7.15496,7.16031,7.15268,103
USDCNH.FXCM,20200525,7.15204,7.14698,7.15832,7.14489,7.15496,7.14916,7.15887,7.14571,164561
USDCNH.FXCM,20200526,7.14698,7.14162,7.15047,7.13955,7.14916,7.14229,7.15289,7.14007,49000
USDCNH.FXCM,20200527,7.14172,7.17469,7.19626,7.14172,7.14754,7.17778,7.19677,7.14309,317796
USDCNH.FXCM,20200528,7.17469,7.16902,7.18731,7.15372,7.17778,7.17721,7.1882,7.15425,297213
USDCNH.FXCM,20200529,7.16902,7.13154,7.17684,7.13073,7.17721,7.13625,7.17739,7.13176,304350
USDCNH.FXCM,20200531,7.13113,7.13601,7.13601,7.13113,7.14075,7.13909,7.14136,7.13518,103
USDCNH.FXCM,20200601,7.13601,7.12466,7.15159,7.12287,7.13909,7.12829,7.15211,7.12339,273440
USDCNH.FXCM,20200602,7.12466,7.12429,7.13161,7.12285,7.12829,7.12538,7.13324,7.1236,10870
USDCNH.FXCM,20200603,7.10464,7.11319,7.12704,7.08763,7.10907,7.12018,7.12773,7.0884,329890
USDCNH.FXCM,20200604,7.11319,7.10756,7.13347,7.10332,7.12018,7.11006,7.13401,7.10375,293097
USDCNH.FXCM,20200605,7.10756,7.11158,7.11443,7.10305,7.11006,7.11221,7.11496,7.10737,47974
USDCNH.FXCM,20200607,7.06771,7.06702,7.06774,7.06498,7.07592,7.07018,7.07804,7.06999,172
USDCNH.FXCM,20200608,7.06702,7.07452,7.07562,7.06464,7.07018,7.07506,7.07627,7.06534,12697
USDCNH.FXCM,20200609,7.05405,7.07332,7.09153,7.05405,7.05828,7.08037,7.09211,7.0569,275831
USDCNH.FXCM,20200610,7.07332,7.05006,7.08244,7.03984,7.08037,7.05889,7.08345,7.04036,290409
USDCNH.FXCM,20200611,7.05006,7.05206,7.06203,7.04407,7.05889,7.05264,7.06298,7.05041,24851
USDCNH.FXCM,20200612,7.07772,7.0739,7.08749,7.0666,7.0836,7.07817,7.08804,7.0671,334166
USDCNH.FXCM,20200614,7.0794,7.08432,7.08531,7.07774,7.0891,7.08771,7.0891,7.08218,181
USDCNH.FXCM,20200615,7.08432,7.06993,7.09717,7.06825,7.08771,7.07453,7.09775,7.06878,362664
USDCNH.FXCM,20200616,7.06993,7.07989,7.09029,7.0596,7.07453,7.08447,7.09098,7.06047,376296
USDCNH.FXCM,20200617,7.07989,7.08352,7.08457,7.07752,7.08447,7.08408,7.08643,7.07808,29370
USDCNH.FXCM,20200618,7.07172,7.07873,7.08746,7.06149,7.08011,7.08416,7.08796,7.06204,275825
USDCNH.FXCM,20200619,7.07873,7.07694,7.08373,7.06389,7.08416,7.08021,7.08605,7.06456,234079
USDCNH.FXCM,20200621,7.07513,7.07899,7.07977,7.07447,7.08028,7.08051,7.08466,7.08001,156
USDCNH.FXCM,20200622,7.07899,7.05697,7.08122,7.05543,7.08051,7.05946,7.08192,7.05586,216880
USDCNH.FXCM,20200623,7.05697,7.06011,7.06123,7.05506,7.05946,7.06063,7.06195,7.05658,10531
USDCNH.FXCM,20200624,7.05849,7.07483,7.08295,7.04517,7.06192,7.0848,7.0848,7.04573,293110
USDCNH.FXCM,20200625,7.07483,7.07876,7.08906,7.07476,7.0848,7.08791,7.08961,7.07564,234639
USDCNH.FXCM,20200626,7.07876,7.08064,7.08308,7.07866,7.08791,7.08156,7.08802,7.07979,12021
USDCNH.FXCM,20200628,7.08151,7.08502,7.08522,7.08151,7.09061,7.0877,7.09249,7.08751,47
USDCNH.FXCM,20200629,7.08502,7.08271,7.08651,7.08068,7.0877,7.08339,7.09041,7.0819,21351
USDCNH.FXCM,20200630,7.07415,7.0675,7.07983,7.06268,7.07808,7.07221,7.08246,7.06311,198097
USDCNH.FXCM,20200701,7.0675,7.065,7.07622,7.05822,7.07221,7.07208,7.07677,7.05869,170822
USDCNH.FXCM,20200702,7.065,7.06518,7.06933,7.06379,7.07208,7.06562,7.07208,7.06499,11833
USDCNH.FXCM,20200703,7.06572,7.06478,7.07114,7.06259,7.06979,7.06998,7.07171,7.0632,105739
USDCNH.FXCM,20200705,7.06165,7.06622,7.06649,7.06165,7.07178,7.07178,7.07239,7.07001,47
USDCNH.FXCM,20200706,7.06622,7.01193,7.06847,7.01,7.07178,7.01467,7.07178,7.01053,215266
USDCNH.FXCM,20200707,7.01193,7.01977,7.02685,6.99623,7.01467,7.02528,7.02785,6.99694,235824
USDCNH.FXCM,20200708,7.01977,7.01352,7.02931,7.01287,7.02528,7.01407,7.02994,7.01321,27250
USDCNH.FXCM,20200709,6.99808,6.99472,7.00093,6.98056,6.99894,6.99987,7.00182,6.98112,251355
USDCNH.FXCM,20200710,6.99472,7.00812,7.01665,6.99321,6.99987,7.01408,7.0172,6.99522,225180
USDCNH.FXCM,20200712,7.00379,7.00439,7.00499,7.00152,7.0131,7.01302,7.0131,7.01188,47
USDCNH.FXCM,20200713,7.00439,6.99539,7.01269,6.99359,7.01302,7.00491,7.01372,6.99404,212747
USDCNH.FXCM,20200714,6.99539,7.00798,7.00932,6.99539,7.00491,7.00864,7.01003,7.00222,19721
USDCNH.FXCM,20200715,7.00781,6.98179,7.00989,6.98046,7.01298,6.98259,7.01441,6.98093,215093
USDCNH.FXCM,20200716,6.98179,6.99228,7.00258,6.98051,6.98259,6.99644,7.00314,6.98161,210448
USDCNH.FXCM,20200717,6.99228,6.99365,6.99793,6.99228,6.99644,6.99493,6.99943,6.99357,9088
USDCNH.FXCM,20200719,6.98695,6.98999,6.98999,6.98695,6.99596,6.99451,6.99596,6.99451,13
USDCNH.FXCM,20200720,6.98999,6.99425,6.99604,6.98829,6.99451,6.99476,6.9966,6.98937,9146
USDCNH.FXCM,20200721,6.98655,6.96925,6.99457,6.96852,6.9889,6.97998,6.99514,6.96947,190701
USDCNH.FXCM,20200722,6.96925,7.01468,7.01766,6.96392,6.97998,7.02057,7.02057,6.96455,305689
USDCNH.FXCM,20200723,7.01468,7.00621,7.01631,7.00576,7.02057,7.00687,7.02059,7.00641,17404
USDCNH.FXCM,20200724,7.00982,7.01424,7.03,7.00281,7.01551,7.01759,7.03052,7.00353,309550
USDCNH.FXCM,20200726,7.01487,7.01462,7.01487,7.01462,7.02513,7.02538,7.02538,7.02513,2
USDCNH.FXCM,20200727,7.01462,7.00238,7.0178,6.99617,7.02538,7.00288,7.02538,6.99671,183374
USDCNH.FXCM,20200728,6.99778,7.00112,7.01173,6.98615,7.00169,7.01108,7.01221,6.98671,251675
USDCNH.FXCM,20200729,7.00112,6.99255,7.00893,6.99255,7.01108,7.00232,7.01108,6.99515,190694
USDCNH.FXCM,20200730,6.99255,7.00183,7.01694,6.99152,7.00232,7.00437,7.01741,6.99205,234288
USDCNH.FXCM,20200731,7.00183,6.9868,7.00229,6.97482,7.00437,6.99316,7.00531,6.97529,282392
USDCNH.FXCM,20200802,6.9843,6.98877,6.98877,6.9843,6.99435,6.99253,6.99538,6.99253,40
USDCNH.FXCM,20200803,6.98877,6.98117,6.99335,6.97547,6.99253,6.98277,6.99416,6.9759,176186
USDCNH.FXCM,20200804,6.98117,6.98144,6.98374,6.97962,6.98277,6.98195,6.98812,6.98026,14763
USDCNH.FXCM,20200805,6.97416,6.94382,6.97537,6.93186,6.97557,6.94459,6.98,6.93241,233782
USDCNH.FXCM,20200806,6.94233,6.94244,6.953,6.93553,6.94494,6.94527,6.95354,6.93612,181471
USDCNH.FXCM,20200807,6.94244,6.9458,6.94651,6.94181,6.94527,6.94629,6.95345,6.9441,18933
USDCNH.FXCM,20200809,6.96497,6.96497,6.96497,6.96497,6.97003,6.97003,6.97003,6.97003,1
USDCNH.FXCM,20200810,6.96497,6.96838,6.97018,6.95758,6.97003,6.96921,6.97622,6.96303,44203
USDCNH.FXCM,20200811,6.96008,6.93895,6.96627,6.93659,6.96173,6.94613,6.96687,6.93712,265129
USDCNH.FXCM,20200812,6.93895,6.93145,6.9547,6.93131,6.94613,6.93535,6.95515,6.93187,262714
USDCNH.FXCM,20200813,6.93145,6.9328,6.93507,6.92741,6.93535,6.93318,6.93788,6.9279,29367
USDCNH.FXCM,20200814,6.94382,6.93935,6.95291,6.93898,6.95375,6.9498,6.95416,6.93953,160315
USDCNH.FXCM,20200816,6.93997,6.93969,6.93997,6.93969,6.94993,6.95028,6.95028,6.94993,2
USDCNH.FXCM,20200817,6.93969,6.93178,6.9415,6.93012,6.95028,6.93319,6.95037,6.93073,104815
USDCNH.FXCM,20200818,6.93178,6.90931,6.93292,6.90548,6.93319,6.90988,6.93459,6.90601,121472
USDCNH.FXCM,20200819,6.9055,6.91862,6.92444,6.89752,6.90653,6.92501,6.92509,6.89813,139495
USDCNH.FXCM,20200820,6.91862,6.91958,6.92417,6.91622,6.92501,6.92019,6.92711,6.91887,16714
USDCNH.FXCM,20200821,6.90437,6.90444,6.906,6.90068,6.91056,6.90512,6.9111,6.90152,15481
USDCNH.FXCM,20200823,6.91558,6.91877,6.91877,6.91361,6.92622,6.92303,6.92684,6.92303,62
USDCNH.FXCM,20200824,6.91877,6.91163,6.92004,6.90351,6.92303,6.91332,6.92346,6.90401,101389
USDCNH.FXCM,20200825,6.91163,6.90617,6.91283,6.90516,6.91332,6.9068,6.91683,6.90593,8754
USDCNH.FXCM,20200826,6.90357,6.90409,6.9049,6.90197,6.90455,6.90463,6.90652,6.90262,6300
USDCNH.FXCM,20200827,6.87988,6.87966,6.88108,6.87562,6.8818,6.88039,6.88487,6.87619,8604
USDCNH.FXCM,20200828,6.88729,6.8825,6.88853,6.88139,6.89012,6.88315,6.89109,6.88205,9725
USDCNH.FXCM,20200830,6.85345,6.85727,6.85824,6.85345,6.86334,6.86453,6.86628,6.86333,74
USDCNH.FXCM,20200831,6.85727,6.84692,6.86154,6.84346,6.86453,6.84852,6.86481,6.8439,160767
USDCNH.FXCM,20200901,6.84692,6.84702,6.84971,6.84404,6.84852,6.84752,6.85346,6.84499,7573
USDCNH.FXCM,20200902,6.83603,6.83261,6.83628,6.82879,6.83816,6.8332,6.83818,6.82988,9888
USDCNH.FXCM,20200903,6.82832,6.83221,6.83553,6.82832,6.83821,6.83291,6.83908,6.83156,18225
USDCNH.FXCM,20200904,6.84633,6.84552,6.84782,6.84187,6.84797,6.84609,6.85018,6.8436,12380
USDCNH.FXCM,20200906,6.83547,6.83462,6.83762,6.8346,6.84529,6.84511,6.84822,6.83983,87
USDCNH.FXCM,20200907,6.83462,6.83615,6.83963,6.83462,6.84511,6.83678,6.84521,6.8366,5907
USDCNH.FXCM,20200908,6.83092,6.83411,6.83465,6.83026,6.83409,6.83477,6.83535,6.83274,6696
USDCNH.FXCM,20200909,6.85308,6.85321,6.8574,6.8475,6.85447,6.85369,6.8581,6.85369,8499
USDCNH.FXCM,20200910,6.83089,6.83448,6.83539,6.82982,6.83236,6.83508,6.83643,6.83141,8703
USDCNH.FXCM,20200911,6.84468,6.83864,6.84468,6.83735,6.84551,6.8392,6.84598,6.83805,7565
USDCNH.FXCM,20200913,6.82947,6.83131,6.83753,6.82935,6.84042,6.84001,6.84203,6.83517,311
USDCNH.FXCM,20200914,6.83131,6.83152,6.83461,6.83038,6.84001,6.83215,6.84001,6.83163,12990
USDCNH.FXCM,20200915,6.80505,6.80714,6.80999,6.8047,6.80978,6.80769,6.81128,6.80715,4952
USDCNH.FXCM,20200916,6.77964,6.78281,6.78409,6.77453,6.78102,6.78331,6.78488,6.77985,11376
USDCNH.FXCM,20200917,6.74439,6.75992,6.76256,6.74017,6.74594,6.76054,6.76321,6.74372,12813
USDCNH.FXCM,20200918,6.75335,6.75199,6.75505,6.74749,6.7545,6.75256,6.75702,6.74808,10174
USDCNH.FXCM,20200920,6.76582,6.76497,6.7691,6.76131,6.77245,6.77053,6.77306,6.77003,25
USDCNH.FXCM,20200921,6.76497,6.76371,6.76949,6.75905,6.77053,6.76425,6.77455,6.76241,7828
USDCNH.FXCM,20200922,6.79224,6.79256,6.79549,6.78623,6.79356,6.7926,6.80488,6.78698,14192
USDCNH.FXCM,20200923,6.78298,6.82463,6.82826,6.77606,6.78448,6.82945,6.82945,6.78045,168707
USDCNH.FXCM,20200924,6.82463,6.82352,6.84601,6.81335,6.82945,6.82881,6.84655,6.81419,199716
USDCNH.FXCM,20200925,6.82352,6.81959,6.82518,6.80808,6.82881,6.82044,6.83296,6.80935,11969
USDCNH.FXCM,20200928,6.82168,6.80944,6.8344,6.80944,6.8255,6.81706,6.83657,6.81053,147215
USDCNH.FXCM,20200929,6.80944,6.82359,6.82438,6.80944,6.81706,6.82447,6.82513,6.81478,11166
USDCNH.FXCM,20200930,6.81556,6.82058,6.82241,6.81542,6.81739,6.82119,6.82442,6.81675,6489
USDCNH.FXCM,20201001,6.78059,6.78922,6.78961,6.77764,6.78816,6.79019,6.79093,6.78192,9746
USDCNH.FXCM,20201002,6.7488,6.75248,6.75256,6.74555,6.74956,6.75527,6.75537,6.74917,25596
USDCNH.FXCM,20201004,6.7499,6.75029,6.75029,6.7499,6.75816,6.75921,6.76001,6.75816,13
USDCNH.FXCM,20201005,6.75029,6.73899,6.75307,6.73828,6.75921,6.73993,6.76076,6.73955,7382
USDCNH.FXCM,20201006,6.71602,6.72326,6.7253,6.71602,6.72213,6.72379,6.72617,6.71961,12487
USDCNH.FXCM,20201007,6.74446,6.74565,6.74937,6.73874,6.75008,6.74677,6.75398,6.74453,5933
USDCNH.FXCM,20201008,6.73122,6.7327,6.73524,6.72984,6.73816,6.73362,6.73823,6.73164,9680
USDCNH.FXCM,20201009,6.73618,6.73829,6.73903,6.73495,6.74125,6.73913,6.74145,6.73587,2761
USDCNH.FXCM,20201011,6.72679,6.72138,6.7349,6.72138,6.73168,6.73218,6.73864,6.72773,509
USDCNH.FXCM,20201012,6.72138,6.72776,6.7402,6.72138,6.73218,6.72892,6.7431,6.72604,10405
USDCNH.FXCM,20201013,6.74212,6.75746,6.75872,6.73932,6.74836,6.75826,6.75961,6.74354,6910
USDCNH.FXCM,20201014,6.73679,6.73646,6.74183,6.73447,6.74191,6.73733,6.74239,6.73652,5197
USDCNH.FXCM,20201015,6.70766,6.71205,6.71705,6.70532,6.71617,6.71301,6.71831,6.709,9588
USDCNH.FXCM,20201016,6.70982,6.71375,6.71785,6.70852,6.71715,6.71457,6.71846,6.71162,4254
USDCNH.FXCM,20201018,6.6941,6.69023,6.69732,6.6899,6.69968,6.69997,6.70511,6.69768,59
USDCNH.FXCM,20201019,6.69023,6.67571,6.69991,6.6692,6.69997,6.68272,6.70185,6.66975,143561
USDCNH.FXCM,20201020,6.67571,6.67676,6.68062,6.67388,6.68272,6.67759,6.68282,6.67728,3166
USDCNH.FXCM,20201021,6.65725,6.6569,6.66203,6.65488,6.66561,6.65786,6.66635,6.65712,6553
USDCNH.FXCM,20201022,6.64089,6.65357,6.65602,6.6366,6.64798,6.65451,6.65677,6.64091,9500
USDCNH.FXCM,20201023,6.66502,6.67648,6.67956,6.66502,6.67428,6.67747,6.68015,6.67,6903
USDCNH.FXCM,20201025,6.6627,6.66403,6.66403,6.6627,6.66831,6.66597,6.66831,6.66584,35
USDCNH.FXCM,20201026,6.66403,6.69948,6.71715,6.65322,6.66597,6.70194,6.71784,6.66361,176193
USDCNH.FXCM,20201027,6.69948,6.69634,6.70016,6.69594,6.70194,6.69731,6.70208,6.69692,6992
USDCNH.FXCM,20201028,6.714,6.72069,6.72354,6.70481,6.71661,6.72174,6.72447,6.714,6190
USDCNH.FXCM,20201029,6.72729,6.72333,6.72889,6.72091,6.72948,6.72426,6.73159,6.72184,5997
USDCNH.FXCM,20201030,6.70615,6.70522,6.70993,6.70262,6.71195,6.70612,6.71509,6.70353,7785
USDCNH.FXCM,20201101,6.68873,6.68905,6.69158,6.68873,6.69956,6.69961,6.70051,6.69842,11
USDCNH.FXCM,20201102,6.69158,6.69845,6.7035,6.69024,6.69842,6.69931,6.70489,6.69482,4571
USDCNH.FXCM,20201103,6.68659,6.68628,6.69075,6.68556,6.69134,6.68712,6.69172,6.6868,6280
USDCNH.FXCM,20201104,6.67572,6.67599,6.685,6.64864,6.68805,6.67779,6.68805,6.65033,11301
USDCNH.FXCM,20201105,6.61672,6.62559,6.62787,6.61515,6.62833,6.62674,6.63028,6.61646,8578
USDCNH.FXCM,20201106,6.59892,6.60684,6.61541,6.59892,6.61396,6.60779,6.61957,6.60063,7239
USDCNH.FXCM,20201108,6.5891,6.58281,6.58515,6.5787,6.59673,6.58526,6.59181,6.58418,293
USDCNH.FXCM,20201109,6.58274,6.61415,6.64915,6.54705,6.58526,6.61948,6.6501,6.54782,299937
USDCNH.FXCM,20201110,6.61476,6.61744,6.62783,6.6108,6.6189,6.61836,6.62891,6.61636,5285
USDCNH.FXCM,20201111,6.59722,6.60917,6.62886,6.58188,6.59978,6.62668,6.62947,6.58255,180654
USDCNH.FXCM,20201112,6.61267,6.6113,6.61947,6.6053,6.62278,6.6119,6.62415,6.60568,29846
USDCNH.FXCM,20201113,6.61452,6.57799,6.62756,6.57799,6.62018,6.60926,6.62812,6.59675,153090
USDCNH.FXCM,20201116,6.59699,6.56998,6.59894,6.56579,6.60361,6.57798,6.60817,6.56666,104170
USDCNH.FXCM,20201117,6.56847,6.56193,6.57296,6.55869,6.57839,6.56289,6.57935,6.55986,4748
USDCNH.FXCM,20201118,6.54632,6.55376,6.55376,6.54522,6.55018,6.55465,6.55465,6.54579,3725
USDCNH.FXCM,20201119,6.55679,6.56488,6.5735,6.55393,6.56257,6.56571,6.57457,6.55854,3437
USDCNH.FXCM,20201120,6.57072,6.57149,6.57911,6.57029,6.58112,6.57218,6.58112,6.57093,3402
USDCNH.FXCM,20201122,6.55204,6.55278,6.55278,6.55172,6.56095,6.56222,6.56222,6.56044,32
USDCNH.FXCM,20201123,6.55278,6.57937,6.58807,6.54434,6.56048,6.58258,6.5888,6.54496,148011
USDCNH.FXCM,20201124,6.57752,6.57325,6.58137,6.5706,6.58368,6.57428,6.58547,6.57136,4025
USDCNH.FXCM,20201125,6.57425,6.57152,6.57595,6.56809,6.57613,6.57235,6.57797,6.56897,4741
USDCNH.FXCM,20201126,6.56152,6.56199,6.56638,6.55967,6.56528,6.56294,6.56947,6.56239,2167
USDCNH.FXCM,20201127,6.56632,6.56534,6.56898,6.56469,6.57107,6.56579,6.57248,6.56543,2792
USDCNH.FXCM,20201129,6.56432,6.56772,6.57083,6.56405,6.57119,6.57789,6.57789,6.57119,34
USDCNH.FXCM,20201130,6.56778,6.58187,6.58748,6.56478,6.57811,6.58628,6.58808,6.56537,148082
USDCNH.FXCM,20201201,6.5817,6.57945,6.58278,6.57557,6.58585,6.58001,6.58901,6.57672,10180
USDCNH.FXCM,20201202,6.55082,6.54271,6.55148,6.54246,6.55388,6.54351,6.55595,6.54328,5917
USDCNH.FXCM,20201203,6.54168,6.5471,6.54818,6.5411,6.54943,6.54787,6.54943,6.54273,3796
USDCNH.FXCM,20201204,6.53352,6.53281,6.53887,6.52902,6.53756,6.53376,6.54089,6.53355,2584
USDCNH.FXCM,20201206,6.50955,6.51028,6.51144,6.50953,6.51716,6.51682,6.52185,6.51682,45
USDCNH.FXCM,20201207,6.50942,6.51239,6.51555,6.50908,6.51788,6.51333,6.51788,6.51164,4694
USDCNH.FXCM,20201208,6.51862,6.52242,6.52335,6.51288,6.52056,6.52307,6.52431,6.51932,2808
USDCNH.FXCM,20201209,6.51819,6.51811,6.52133,6.51642,6.5212,6.51903,6.52218,6.51851,2979
USDCNH.FXCM,20201210,6.52785,6.52645,6.53275,6.52455,6.52923,6.52739,6.53718,6.52551,2981
USDCNH.FXCM,20201211,6.53412,6.53004,6.53697,6.52853,6.5372,6.53076,6.54168,6.52947,5276
USDCNH.FXCM,20201213,6.5367,6.53074,6.5367,6.53074,6.54231,6.54041,6.54253,6.53949,71
USDCNH.FXCM,20201214,6.53542,6.52785,6.53695,6.52651,6.54258,6.52902,6.54258,6.52748,5068
USDCNH.FXCM,20201215,6.5281,6.52788,6.53054,6.52555,6.53099,6.52879,6.53297,6.52695,2856
USDCNH.FXCM,20201216,6.51648,6.51199,6.5284,6.5047,6.51841,6.51387,6.52896,6.50509,148893
USDCNH.FXCM,20201217,6.51199,6.51638,6.51697,6.4996,6.51387,6.51718,6.51749,6.50025,135216
USDCNH.FXCM,20201218,6.51638,6.51402,6.53252,6.51131,6.51718,6.52168,6.53309,6.51189,145111
USDCNH.FXCM,20201221,6.51402,6.53328,6.55285,6.51845,6.52168,6.53828,6.55342,6.52263,219607
USDCNH.FXCM,20201222,6.53328,6.53803,6.54791,6.5298,6.53828,6.54178,6.54847,6.53038,154307
USDCNH.FXCM,20201223,6.53803,6.53119,6.54698,6.51914,6.54178,6.53658,6.54768,6.52001,144736
USDCNH.FXCM,20201224,6.53119,6.51688,6.53396,6.51464,6.53658,6.51838,6.53663,6.51526,71749
USDCNH.FXCM,20201227,6.51688,6.51481,6.51481,6.51169,6.51838,6.52009,6.52215,6.52009,22
USDCNH.FXCM,20201228,6.51481,6.53032,6.53618,6.51394,6.52009,6.53505,6.53699,6.51464,99572
USDCNH.FXCM,20201229,6.53032,6.51641,6.53256,6.51313,6.53505,6.51898,6.53678,6.51374,116196
USDCNH.FXCM,20201230,6.51641,6.50262,6.52291,6.50105,6.51898,6.50998,6.5245,6.50164,124158
USDCNH.FXCM,20201231,6.50262,6.50106,6.51679,6.4883,6.50998,6.50239,6.5177,6.48892,140719
USDCNH.FXCM,20210103,6.50106,6.4933,6.4933,6.49107,6.50239,6.4992,6.50143,6.4992,11
USDCNH.FXCM,20210104,6.4933,6.45385,6.4969,6.43993,6.4992,6.45607,6.50137,6.44028,205297
USDCNH.FXCM,20210105,6.45385,6.436,6.45735,6.41145,6.45607,6.43781,6.45825,6.41212,191710
USDCNH.FXCM,20210106,6.436,6.44832,6.45712,6.42445,6.43781,6.45133,6.4577,6.42507,215276
USDCNH.FXCM,20210107,6.44832,6.47059,6.47761,6.43614,6.45133,6.47202,6.47825,6.43684,193288
USDCNH.FXCM,20210108,6.47059,6.46408,6.47675,6.45219,6.47202,6.4655,6.47756,6.45277,235031
USDCNH.FXCM,20210110,6.46408,6.46472,6.46472,6.46472,6.4655,6.4722,6.4722,6.4722,1
USDCNH.FXCM,20210111,6.46472,6.47837,6.49006,6.45615,6.4722,6.4802,6.49085,6.46582,199651
USDCNH.FXCM,20210112,6.47837,6.44197,6.47852,6.44187,6.4802,6.44342,6.48183,6.44238,197392
USDCNH.FXCM,20210113,6.44197,6.46607,6.46952,6.43971,6.44342,6.468,6.47022,6.44042,162221
USDCNH.FXCM,20210114,6.46607,6.4635,6.47703,6.45748,6.468,6.46545,6.4775,6.45802,173527
USDCNH.FXCM,20210115,6.4635,6.48382,6.4855,6.46212,6.46545,6.48551,6.48616,6.463,171251
USDCNH.FXCM,20210117,6.48382,6.4767,6.4767,6.4759,6.48551,6.4844,6.48591,6.48345,8
USDCNH.FXCM,20210118,6.4767,6.4946,6.50714,6.4772,6.4844,6.49968,6.50775,6.48097,141771
USDCNH.FXCM,20210119,6.4946,6.47807,6.49809,6.47347,6.49968,6.48325,6.5005,6.47408,155583
USDCNH.FXCM,20210120,6.47807,6.45983,6.4812,6.45983,6.48325,6.46405,6.48364,6.46048,154250
USDCNH.FXCM,20210121,6.45983,6.46464,6.47019,6.45481,6.46405,6.4662,6.47085,6.45544,153401
USDCNH.FXCM,20210122,6.46464,6.49525,6.49881,6.46241,6.4662,6.49918,6.50033,6.46497,160149
USDCNH.FXCM,20210124,6.49525,6.4906,6.4906,6.48945,6.49918,6.4984,6.49936,6.4984,6
USDCNH.FXCM,20210125,6.4906,6.48563,6.49675,6.48195,6.4984,6.48907,6.49836,6.48251,165264
USDCNH.FXCM,20210126,6.48563,6.47203,6.49014,6.46865,6.48907,6.47419,6.4907,6.46926,150084
USDCNH.FXCM,20210127,6.47203,6.49338,6.50042,6.46652,6.47419,6.49892,6.501,6.46714,211641
USDCNH.FXCM,20210128,6.49338,6.47192,6.51497,6.46846,6.49892,6.47768,6.5156,6.46905,233356
USDCNH.FXCM,20210129,6.47192,6.44754,6.48094,6.4394,6.47768,6.45678,6.48145,6.44009,247260
USDCNH.FXCM,20210131,6.44754,6.4522,6.45622,6.4522,6.45678,6.45858,6.45858,6.45858,2
USDCNH.FXCM,20210201,6.4522,6.47092,6.47893,6.44287,6.45858,6.47678,6.47946,6.44349,217797
USDCNH.FXCM,20210202,6.47092,6.45532,6.47511,6.45445,6.47678,6.46268,6.47978,6.45509,184528
USDCNH.FXCM,20210203,6.45532,6.45722,6.46755,6.45522,6.46268,6.46268,6.46815,6.45601,157693
USDCNH.FXCM,20210204,6.45722,6.47218,6.47809,6.45664,6.46268,6.47313,6.4786,6.45728,148839
USDCNH.FXCM,20210205,6.47218,6.45369,6.48771,6.45369,6.47313,6.46368,6.48829,6.45811,134988
USDCNH.FXCM,20210207,6.45369,6.45735,6.45847,6.45633,6.46368,6.45918,6.46746,6.45892,21
USDCNH.FXCM,20210208,6.45735,6.43842,6.46248,6.43842,6.45918,6.44528,6.46393,6.43929,128754
USDCNH.FXCM,20210209,6.43842,6.41821,6.44853,6.41701,6.44528,6.42419,6.44921,6.4183,142602
USDCNH.FXCM,20210210,6.41821,6.42848,6.43307,6.41247,6.42419,6.42935,6.43377,6.41301,148813
USDCNH.FXCM,20210211,6.42848,6.42048,6.43365,6.41691,6.42935,6.42668,6.43417,6.41749,93603
USDCNH.FXCM,20210212,6.42048,6.41983,6.43742,6.41757,6.42668,6.42079,6.43796,6.41917,80240
USDCNH.FXCM,20210215,6.41983,6.40334,6.42251,6.40059,6.42079,6.40868,6.4273,6.40116,65028
USDCNH.FXCM,20210216,6.40334,6.42305,6.42949,6.40061,6.40868,6.42718,6.43014,6.40114,130439
USDCNH.FXCM,20210217,6.42305,6.43307,6.44987,6.42267,6.42718,6.43617,6.45019,6.42704,150554
USDCNH.FXCM,20210218,6.43307,6.45844,6.47109,6.42911,6.43617,6.46216,6.47165,6.42997,185828
USDCNH.FXCM,20210219,6.45844,6.45504,6.46759,6.44221,6.46216,6.46263,6.4681,6.44298,176608
USDCNH.FXCM,20210221,6.45504,6.45461,6.45503,6.45338,6.46263,6.46336,6.46357,6.46328,11
USDCNH.FXCM,20210222,6.45461,6.4649,6.47583,6.44232,6.46336,6.46824,6.47638,6.44645,202226
USDCNH.FXCM,20210223,6.4649,6.45806,6.4739,6.45229,6.46824,6.46155,6.47444,6.45282,192394
USDCNH.FXCM,20210224,6.45806,6.44709,6.46443,6.44088,6.46155,6.44785,6.46491,6.44146,213785
USDCNH.FXCM,20210225,6.44709,6.48332,6.4972,6.44416,6.44785,6.49288,6.49785,6.44472,238615
USDCNH.FXCM,20210226,6.48332,6.48002,6.508,6.46449,6.49288,6.48196,6.50902,6.46511,271437
USDCNH.FXCM,20210228,6.48002,6.4759,6.4759,6.47364,6.48196,6.482,6.48413,6.47864,20
USDCNH.FXCM,20210301,6.4759,6.46815,6.47797,6.46448,6.482,6.47516,6.48541,6.46504,221908
USDCNH.FXCM,20210302,6.46815,6.47229,6.48329,6.46317,6.47516,6.47651,6.48381,6.46415,237265
USDCNH.FXCM,20210303,6.47229,6.47646,6.47823,6.45771,6.47651,6.4785,6.47897,6.45825,218470
USDCNH.FXCM,20210304,6.47646,6.49127,6.49222,6.46988,6.4785,6.49208,6.49289,6.47042,276746
USDCNH.FXCM,20210305,6.49127,6.51532,6.52858,6.47912,6.49208,6.51942,6.52912,6.47963,299645
USDCNH.FXCM,20210307,6.51532,6.5134,6.5134,6.50883,6.51942,6.5167,6.51915,6.5167,40
USDCNH.FXCM,20210308,6.5134,6.55022,6.55312,6.50568,6.5167,6.5531,6.55465,6.50638,296386
USDCNH.FXCM,20210309,6.55022,6.51362,6.56241,6.51082,6.5531,6.52284,6.56293,6.51131,264529
USDCNH.FXCM,20210310,6.51362,6.49377,6.52803,6.49244,6.52284,6.49589,6.52853,6.49395,245909
USDCNH.FXCM,20210311,6.49377,6.47756,6.50489,6.47636,6.49589,6.48002,6.50549,6.47738,207695
USDCNH.FXCM,20210312,6.47756,6.4953,6.51395,6.47584,6.48002,6.49867,6.51457,6.47637,231999
USDCNH.FXCM,20210314,6.4953,6.49322,6.49322,6.49278,6.49867,6.49958,6.50014,6.49958,8
USDCNH.FXCM,20210315,6.49322,6.49716,6.5165,6.49262,6.49958,6.49876,6.51708,6.49382,180631
USDCNH.FXCM,20210316,6.49716,6.50061,6.50566,6.49255,6.49876,6.50198,6.50625,6.49305,167624
USDCNH.FXCM,20210317,6.50061,6.48552,6.51018,6.48467,6.50198,6.48691,6.51068,6.48539,181168
USDCNH.FXCM,20210318,6.48552,6.50664,6.51436,6.48459,6.48691,6.50807,6.51492,6.48551,207433
USDCNH.FXCM,20210319,6.50664,6.50347,6.52191,6.50346,6.50807,6.51169,6.52243,6.50416,209345
USDCNH.FXCM,20210321,6.50347,6.51291,6.51603,6.50572,6.51169,6.51819,6.51888,6.51518,20
USDCNH.FXCM,20210322,6.51291,6.50667,6.51607,6.5017,6.51819,6.50744,6.52008,6.50231,160392
USDCNH.FXCM,20210323,6.50667,6.51999,6.51999,6.50249,6.50744,6.52084,6.52098,6.50318,194601
USDCNH.FXCM,20210324,6.51999,6.52872,6.52902,6.5108,6.52084,6.52952,6.52995,6.51777,194146
USDCNH.FXCM,20210325,6.52872,6.54763,6.55312,6.52529,6.52952,6.54866,6.55372,6.52623,227908
USDCNH.FXCM,20210326,6.54763,6.53752,6.54803,6.53661,6.54866,6.54298,6.55344,6.53835,181061
USDCNH.FXCM,20210328,6.53752,6.53876,6.53897,6.5366,6.54298,6.54554,6.54709,6.54554,35
USDCNH.FXCM,20210329,6.53876,6.57448,6.58361,6.53724,6.54554,6.57575,6.5842,6.54147,199172
USDCNH.FXCM,20210330,6.57448,6.57077,6.58345,6.5681,6.57575,6.57513,6.58403,6.56858,195589
USDCNH.FXCM,20210331,6.57077,6.56084,6.57775,6.55524,6.57513,6.56868,6.5783,6.5558,177815
USDCNH.FXCM,20210401,6.56084,6.57194,6.58738,6.55779,6.56868,6.57708,6.58786,6.55859,176105
USDCNH.FXCM,20210402,6.57194,6.57097,6.57965,6.56377,6.57708,6.58133,6.58168,6.5644,34769
USDCNH.FXCM,20210405,6.57097,6.55274,6.58309,6.55267,6.58133,6.55768,6.58363,6.55328,84695
USDCNH.FXCM,20210406,6.55274,6.54024,6.56452,6.53999,6.55768,6.54479,6.56505,6.54051,146499
USDCNH.FXCM,20210407,6.54024,6.54556,6.55249,6.5383,6.54479,6.55063,6.55299,6.53888,163409
USDCNH.FXCM,20210408,6.54556,6.55522,6.56226,6.54542,6.55063,6.55855,6.56281,6.54979,141424
USDCNH.FXCM,20210409,6.55522,6.55814,6.56997,6.55025,6.55855,6.55933,6.57053,6.55082,137809
USDCNH.FXCM,20210411,6.55814,6.5578,6.56008,6.55642,6.55933,6.5629,6.56859,6.5629,73
USDCNH.FXCM,20210412,6.5578,6.54672,6.56596,6.54561,6.5629,6.5503,6.56762,6.54638,132721
USDCNH.FXCM,20210413,6.54672,6.54192,6.55817,6.54076,6.5503,6.54596,6.55861,6.54138,140257
USDCNH.FXCM,20210414,6.54192,6.53005,6.54667,6.5254,6.54596,6.5334,6.54761,6.52589,153829
USDCNH.FXCM,20210415,6.53005,6.52393,6.54391,6.52266,6.5334,6.52948,6.54442,6.52324,151986
USDCNH.FXCM,20210416,6.52393,6.52721,6.53638,6.5205,6.52948,6.52799,6.53687,6.52103,135493
USDCNH.FXCM,20210418,6.52721,6.522,6.522,6.52062,6.52799,6.5289,6.53114,6.5289,13
USDCNH.FXCM,20210419,6.522,6.5075,6.53438,6.50294,6.5289,6.51016,6.53487,6.50349,148064
USDCNH.FXCM,20210420,6.5075,6.49863,6.5106,6.48802,6.51016,6.50292,6.5117,6.48867,135219
USDCNH.FXCM,20210421,6.49863,6.48804,6.50202,6.48713,6.50292,6.49218,6.50428,6.4882,96049
USDCNH.FXCM,20210422,6.48804,6.49332,6.4992,6.4799,6.49218,6.50018,6.50028,6.48042,122869
USDCNH.FXCM,20210423,6.49332,6.48932,6.49827,6.48525,6.50018,6.49114,6.50028,6.48577,105368
USDCNH.FXCM,20210425,6.48932,6.48555,6.48555,6.48465,6.49114,6.48955,6.49036,6.48955,15
USDCNH.FXCM,20210426,6.48555,6.47007,6.49054,6.46993,6.48955,6.47396,6.49124,6.47109,129138
USDCNH.FXCM,20210427,6.47007,6.47839,6.48566,6.46997,6.47396,6.48235,6.48629,6.47404,123794
USDCNH.FXCM,20210428,6.47839,6.47526,6.48717,6.46769,6.48235,6.47599,6.4877,6.46838,136020
USDCNH.FXCM,20210429,6.47526,6.46232,6.47659,6.46112,6.47599,6.46751,6.47768,6.46174,138456
USDCNH.FXCM,20210430,6.46232,6.46898,6.47461,6.46113,6.46751,6.4789,6.4789,6.4617,126195
USDCNH.FXCM,20210502,6.46898,6.4691,6.47008,6.46607,6.4789,6.4731,6.47997,6.47243,99
USDCNH.FXCM,20210503,6.4691,6.46988,6.48299,6.46827,6.4731,6.47118,6.48364,6.46895,103167
USDCNH.FXCM,20210504,6.46988,6.48306,6.49097,6.46799,6.47118,6.48475,6.49167,6.47071,135014
USDCNH.FXCM,20210505,6.48306,6.48691,6.49277,6.47791,6.48475,6.48846,6.49333,6.47843,112724
USDCNH.FXCM,20210506,6.48691,6.46373,6.48758,6.46291,6.48846,6.46499,6.49023,6.46365,134801
USDCNH.FXCM,20210507,6.46373,6.41347,6.46714,6.41347,6.46499,6.41923,6.46778,6.41609,164830
USDCNH.FXCM,20210509,6.41347,6.41364,6.41517,6.4126,6.41923,6.42368,6.42406,6.42264,56
USDCNH.FXCM,20210510,6.41364,6.42032,6.42943,6.40369,6.42368,6.42376,6.42993,6.40433,173440
USDCNH.FXCM,20210511,6.42032,6.42757,6.43195,6.41553,6.42376,6.42895,6.43258,6.4161,188280
USDCNH.FXCM,20210512,6.42757,6.45467,6.46122,6.42437,6.42895,6.4619,6.46201,6.42534,201557
USDCNH.FXCM,20210513,6.45467,6.44581,6.45888,6.4445,6.4619,6.45121,6.46213,6.4451,190039
USDCNH.FXCM,20210514,6.44581,6.43958,6.4514,6.43155,6.45121,6.44044,6.45233,6.43213,145059
USDCNH.FXCM,20210516,6.43958,6.43733,6.43859,6.43313,6.44044,6.44147,6.44837,6.44147,37
USDCNH.FXCM,20210517,6.43733,6.44049,6.44961,6.4362,6.44147,6.44434,6.45022,6.43844,130436
USDCNH.FXCM,20210518,6.44049,6.41767,6.44245,6.41763,6.44434,6.4235,6.44533,6.41827,131882
USDCNH.FXCM,20210519,6.41767,6.43828,6.44081,6.41767,6.4235,6.44101,6.44173,6.42182,190261
USDCNH.FXCM,20210520,6.43828,6.43129,6.44202,6.43077,6.44101,6.4368,6.44408,6.43135,144429
USDCNH.FXCM,20210521,6.43129,6.43217,6.4414,6.42716,6.4368,6.44058,6.44206,6.42772,146536
USDCNH.FXCM,20210523,6.43217,6.43285,6.43404,6.43255,6.44058,6.44105,6.44283,6.44105,21
USDCNH.FXCM,20210524,6.43285,6.40895,6.44079,6.40868,6.44105,6.41013,6.44407,6.40944,163161
USDCNH.FXCM,20210525,6.40895,6.40969,6.41492,6.39175,6.41013,6.41318,6.41549,6.39253,204208
USDCNH.FXCM,20210526,6.40969,6.37907,6.41088,6.37626,6.41318,6.38527,6.41313,6.37692,200925
USDCNH.FXCM,20210527,6.37907,6.36967,6.39225,6.36752,6.38527,6.37714,6.393,6.3681,187438
USDCNH.FXCM,20210528,6.36967,6.35846,6.38097,6.35734,6.37714,6.36037,6.38164,6.359,180146
USDCNH.FXCM,20210530,6.35846,6.36135,6.36135,6.35777,6.36037,6.36675,6.36991,6.36675,36
USDCNH.FXCM,20210531,6.36135,6.37086,6.37433,6.35217,6.36675,6.37444,6.37661,6.35286,140481
USDCNH.FXCM,20210601,6.37086,6.38125,6.38531,6.36019,6.37444,6.3854,6.38595,6.36088,169177
USDCNH.FXCM,20210602,6.38125,6.38153,6.39068,6.37663,6.3854,6.38516,6.39138,6.37727,146931
USDCNH.FXCM,20210603,6.38153,6.39735,6.39992,6.37878,6.38516,6.40061,6.40071,6.37943,157428
USDCNH.FXCM,20210604,6.39735,6.3865,6.41012,6.38491,6.40061,6.39482,6.41089,6.38552,156078
USDCNH.FXCM,20210606,6.3865,6.38837,6.38977,6.38231,6.39482,6.39363,6.39503,6.3921,61
USDCNH.FXCM,20210607,6.38837,6.38473,6.39916,6.38452,6.39363,6.39087,6.39975,6.38516,124896
USDCNH.FXCM,20210608,6.38473,6.39841,6.40157,6.38463,6.39087,6.40171,6.40234,6.38588,138563
USDCNH.FXCM,20210609,6.39841,6.38603,6.40077,6.38184,6.40171,6.38924,6.40235,6.38249,117198
USDCNH.FXCM,20210610,6.38603,6.38537,6.39433,6.37783,6.38924,6.38697,6.39509,6.37837,163345
USDCNH.FXCM,20210611,6.38537,6.39499,6.39949,6.37975,6.38697,6.39818,6.40011,6.38029,116897
USDCNH.FXCM,20210613,6.39499,6.39335,6.39335,6.38826,6.39818,6.39895,6.40034,6.39777,41
USDCNH.FXCM,20210614,6.39335,6.40506,6.41943,6.39247,6.39895,6.4066,6.42,6.39415,83737
USDCNH.FXCM,20210615,6.40506,6.40553,6.4102,6.4001,6.4066,6.41012,6.41086,6.40071,126235
USDCNH.FXCM,20210616,6.40553,6.43843,6.44176,6.38993,6.41012,6.44237,6.44237,6.39056,169529
USDCNH.FXCM,20210617,6.43843,6.45409,6.46502,6.42136,6.44237,6.46136,6.4656,6.42192,227082
USDCNH.FXCM,20210618,6.45409,6.46215,6.46395,6.44096,6.46136,6.4643,6.4652,6.44151,210489
USDCNH.FXCM,20210620,6.46215,6.45467,6.45489,6.45467,6.4643,6.46493,6.46493,6.46493,4
USDCNH.FXCM,20210621,6.45467,6.46525,6.47951,6.45166,6.46493,6.46984,6.48016,6.45267,190238
USDCNH.FXCM,20210622,6.46525,6.47996,6.48581,6.46265,6.46984,6.4818,6.48645,6.46335,136923
USDCNH.FXCM,20210623,6.47996,6.47641,6.49446,6.47211,6.4818,6.48012,6.49514,6.47269,143861
USDCNH.FXCM,20210624,6.47641,6.46975,6.48559,6.46603,6.48012,6.47198,6.48632,6.46661,152606
USDCNH.FXCM,20210625,6.46975,6.46022,6.47216,6.45163,6.47198,6.4633,6.47539,6.45223,145879
USDCNH.FXCM,20210627,6.46022,6.45557,6.45557,6.45146,6.4633,6.46283,6.46323,6.46131,54
USDCNH.FXCM,20210628,6.45557,6.4593,6.46868,6.45437,6.46283,6.46296,6.46924,6.45788,138346
USDCNH.FXCM,20210629,6.4593,6.46301,6.47188,6.45666,6.46296,6.46825,6.47248,6.45731,127398
USDCNH.FXCM,20210630,6.46301,6.4674,6.46861,6.45829,6.46825,6.46917,6.46937,6.45886,139880
USDCNH.FXCM,20210701,6.4674,6.4711,6.47506,6.46177,6.46917,6.47478,6.47553,6.46241,135975
USDCNH.FXCM,20210702,6.4711,6.46667,6.49058,6.46667,6.47478,6.47696,6.49118,6.46919,162044
USDCNH.FXCM,20210704,6.46667,6.46905,6.46905,6.46415,6.47696,6.47555,6.47603,6.47437,25
USDCNH.FXCM,20210705,6.46905,6.45974,6.47523,6.45909,6.47555,6.46411,6.47585,6.45972,88467
USDCNH.FXCM,20210706,6.45974,6.476,6.48554,6.4583,6.46411,6.48181,6.48625,6.45879,166436
USDCNH.FXCM,20210707,6.476,6.47361,6.4833,6.46441,6.48181,6.47526,6.48425,6.46502,167193
USDCNH.FXCM,20210708,6.47361,6.49203,6.49981,6.47238,6.47526,6.49486,6.50042,6.47373,200014
USDCNH.FXCM,20210709,6.49203,6.47356,6.4998,6.47356,6.49486,6.48385,6.50055,6.47898,146865
USDCNH.FXCM,20210711,6.47356,6.47794,6.48192,6.47717,6.48385,6.48756,6.49179,6.4858,90
USDCNH.FXCM,20210712,6.47794,6.47501,6.48236,6.47288,6.48756,6.47946,6.48756,6.4735,127004
USDCNH.FXCM,20210713,6.47501,6.47828,6.48205,6.46638,6.47946,6.48112,6.4827,6.46702,159551
USDCNH.FXCM,20210714,6.47828,6.45781,6.48411,6.45041,6.48112,6.46021,6.48489,6.45109,158524
USDCNH.FXCM,20210715,6.45781,6.45941,6.47147,6.45642,6.46021,6.46264,6.47202,6.45704,183286
USDCNH.FXCM,20210716,6.45941,6.47383,6.48249,6.45933,6.46264,6.48316,6.48316,6.46244,158584
USDCNH.FXCM,20210718,6.47383,6.47275,6.47275,6.47275,6.48316,6.48305,6.48305,6.48305,1
USDCNH.FXCM,20210719,6.47275,6.49332,6.49759,6.46991,6.48305,6.4978,6.49824,6.47607,207843
USDCNH.FXCM,20210720,6.49332,6.48721,6.49637,6.48062,6.4978,6.4891,6.4979,6.48123,190189
USDCNH.FXCM,20210721,6.48721,6.46288,6.48779,6.46101,6.4891,6.46672,6.49062,6.4616,158902
USDCNH.FXCM,20210722,6.46288,6.47462,6.47784,6.46102,6.46672,6.47706,6.47844,6.46398,156194
USDCNH.FXCM,20210723,6.47462,6.47126,6.48656,6.46965,6.47706,6.47958,6.48717,6.47038,137824
USDCNH.FXCM,20210725,6.47126,6.47235,6.47235,6.46816,6.47958,6.47815,6.47933,6.47729,85
USDCNH.FXCM,20210726,6.47235,6.48255,6.49427,6.47192,6.47815,6.48465,6.49487,6.47293,166506
USDCNH.FXCM,20210727,6.48255,6.52544,6.52828,6.47701,6.48465,6.52848,6.52922,6.47758,208825
USDCNH.FXCM,20210728,6.52544,6.48292,6.52632,6.48292,6.52848,6.48891,6.52862,6.48485,210043
USDCNH.FXCM,20210729,6.48292,6.45667,6.49304,6.45597,6.48891,6.458,6.49401,6.45659,191673
USDCNH.FXCM,20210730,6.45667,6.46088,6.47269,6.45082,6.458,6.46365,6.47336,6.45134,166593
USDCNH.FXCM,20210802,6.46088,6.46344,6.47236,6.45714,6.46365,6.4667,6.47298,6.45993,131114
USDCNH.FXCM,20210803,6.46344,6.46476,6.46899,6.45994,6.4667,6.4685,6.46956,6.46056,122526
USDCNH.FXCM,20210804,6.46476,6.46147,6.46691,6.45324,6.4685,6.46448,6.46915,6.45388,134092
USDCNH.FXCM,20210805,6.46147,6.46067,6.46526,6.45406,6.46448,6.46299,6.46594,6.45469,105399
USDCNH.FXCM,20210806,6.46067,6.47796,6.48386,6.4592,6.46299,6.48124,6.48447,6.4609,116033
USDCNH.FXCM,20210808,6.47796,6.47487,6.47708,6.47457,6.48124,6.48473,6.48483,6.48454,44
USDCNH.FXCM,20210809,6.47487,6.48497,6.48762,6.47349,6.48473,6.48691,6.48823,6.4741,114397
USDCNH.FXCM,20210810,6.48497,6.48568,6.48882,6.47895,6.48691,6.48787,6.48938,6.47954,109697
USDCNH.FXCM,20210811,6.48568,6.47414,6.49255,6.47253,6.48787,6.47576,6.4932,6.47306,116660
USDCNH.FXCM,20210812,6.47414,6.47652,6.4817,6.47303,6.47576,6.47855,6.48219,6.4744,98440
USDCNH.FXCM,20210813,6.47652,6.47702,6.48507,6.47509,6.47855,6.478,6.48572,6.47573,89044
USDCNH.FXCM,20210815,6.47702,6.47477,6.47477,6.47477,6.478,6.48513,6.48513,6.48513,1
USDCNH.FXCM,20210816,6.47477,6.4751,6.48132,6.47351,6.48513,6.47741,6.48483,6.47413,95357
USDCNH.FXCM,20210817,6.4751,6.49033,6.49622,6.4749,6.47741,6.49155,6.49688,6.4762,127785
USDCNH.FXCM,20210818,6.49033,6.48419,6.49309,6.47963,6.49155,6.48613,6.49594,6.48034,141608
USDCNH.FXCM,20210819,6.48419,6.50045,6.50391,6.48137,6.48613,6.5024,6.50451,6.48546,162062
USDCNH.FXCM,20210820,6.50045,6.49885,6.51008,6.49607,6.5024,6.50068,6.51083,6.49682,127123
USDCNH.FXCM,20210822,6.49885,6.49992,6.49992,6.49693,6.50068,6.50368,6.50716,6.50294,112
USDCNH.FXCM,20210823,6.49992,6.47542,6.50372,6.47464,6.50368,6.47932,6.50726,6.47533,119111
USDCNH.FXCM,20210824,6.47542,6.46915,6.48542,6.46511,6.47932,6.47021,6.48604,6.46568,102748
USDCNH.FXCM,20210825,6.46915,6.46902,6.4786,6.46714,6.47021,6.47069,6.47923,6.46802,115572
USDCNH.FXCM,20210826,6.46902,6.48328,6.48504,6.46868,6.47069,6.48586,6.48586,6.47001,120886
USDCNH.FXCM,20210827,6.48328,6.45971,6.48596,6.45894,6.48586,6.46564,6.48668,6.45949,134608
USDCNH.FXCM,20210829,6.45971,6.45905,6.45905,6.45827,6.46564,6.46545,6.46703,6.46545,2
USDCNH.FXCM,20210830,6.45905,6.46441,6.4684,6.45826,6.46545,6.46585,6.46896,6.46211,84477
USDCNH.FXCM,20210831,6.46441,6.45316,6.47172,6.44685,6.46585,6.45499,6.47242,6.44756,137587
USDCNH.FXCM,20210901,6.45316,6.45057,6.46358,6.44687,6.45499,6.4531,6.46416,6.44746,123933
USDCNH.FXCM,20210902,6.45057,6.44696,6.45888,6.44668,6.4531,6.45167,6.45943,6.44812,104149
USDCNH.FXCM,20210903,6.44696,6.43849,6.45675,6.42396,6.45167,6.43984,6.45749,6.42461,139647
USDCNH.FXCM,20210905,6.43849,6.43115,6.4325,6.43115,6.43984,6.43945,6.44273,6.43945,8
USDCNH.FXCM,20210906,6.43115,6.44857,6.45463,6.43117,6.43945,6.45283,6.45525,6.4359,93954
USDCNH.FXCM,20210907,6.44857,6.46115,6.4645,6.44713,6.45283,6.46247,6.46511,6.44835,136600
USDCNH.FXCM,20210908,6.46115,6.45421,6.46308,6.45405,6.46247,6.45928,6.46365,6.45464,133252
USDCNH.FXCM,20210909,6.45421,6.4505,6.46205,6.4461,6.45928,6.45208,6.46263,6.4467,141904
USDCNH.FXCM,20210910,6.4505,6.44334,6.45467,6.42579,6.45208,6.44712,6.45519,6.42642,148251
USDCNH.FXCM,20210912,6.44334,6.44096,6.44199,6.43757,6.44712,6.44534,6.4491,6.44534,253
USDCNH.FXCM,20210913,6.44096,6.44078,6.45375,6.43745,6.44534,6.44386,6.45433,6.44133,137194
USDCNH.FXCM,20210914,6.44078,6.43254,6.44697,6.42953,6.44386,6.43657,6.44754,6.43009,141819
USDCNH.FXCM,20210915,6.43254,6.42553,6.44324,6.42479,6.43657,6.42894,6.44381,6.42543,131381
USDCNH.FXCM,20210916,6.42553,6.44967,6.45456,6.42492,6.42894,6.45485,6.45534,6.4269,147303
USDCNH.FXCM,20210917,6.44967,6.46905,6.47326,6.44413,6.45485,6.47705,6.47705,6.44469,154326
USDCNH.FXCM,20210919,6.46905,6.46916,6.47027,6.46656,6.47705,6.47354,6.48074,6.47354,234
USDCNH.FXCM,20210920,6.46916,6.48163,6.48778,6.46892,6.47354,6.48456,6.48843,6.47151,107909
USDCNH.FXCM,20210921,6.48163,6.48,6.48744,6.47182,6.48456,6.48343,6.488,6.47244,115709
USDCNH.FXCM,20210922,6.48,6.46311,6.48687,6.45321,6.48343,6.47193,6.48784,6.45391,138001
USDCNH.FXCM,20210923,6.46311,6.46143,6.47439,6.45213,6.47193,6.46337,6.47517,6.45282,139327
USDCNH.FXCM,20210924,6.46143,6.4606,6.47268,6.45737,6.46337,6.4621,6.47325,6.45845,120727
USDCNH.FXCM,20210926,6.4606,6.46074,6.46118,6.45964,6.4621,6.46376,6.46923,6.46376,109
USDCNH.FXCM,20210927,6.46074,6.45557,6.46895,6.45324,6.46376,6.45967,6.4696,6.45378,130039
USDCNH.FXCM,20210928,6.45557,6.46544,6.46652,6.45311,6.45967,6.46671,6.46716,6.4537,161222
USDCNH.FXCM,20210929,6.46544,6.47675,6.47957,6.46544,6.46671,6.47994,6.48016,6.46607,141824
USDCNH.FXCM,20210930,6.47675,6.4487,6.47921,6.44514,6.47994,6.44954,6.48018,6.44576,158091
USDCNH.FXCM,20211001,6.4487,6.43426,6.46164,6.42806,6.44954,6.4359,6.46228,6.42879,126309
USDCNH.FXCM,20211003,6.43426,6.44477,6.44524,6.43794,6.4359,6.44733,6.44733,6.44257,243
USDCNH.FXCM,20211004,6.44477,6.44829,6.45869,6.43135,6.44733,6.45298,6.45936,6.441,129181
USDCNH.FXCM,20211005,6.44829,6.4484,6.45954,6.4418,6.45298,6.45018,6.46007,6.44239,115863
USDCNH.FXCM,20211006,6.4484,6.45284,6.47031,6.44327,6.45018,6.45529,6.47093,6.44643,144903
USDCNH.FXCM,20211007,6.45284,6.45205,6.45691,6.44749,6.45529,6.45319,6.4576,6.44805,89836
USDCNH.FXCM,20211008,6.45205,6.444,6.45527,6.44146,6.45319,6.44772,6.45716,6.44209,131366
USDCNH.FXCM,20211010,6.444,6.44241,6.44241,6.44139,6.44772,6.44759,6.45033,6.44683,49
USDCNH.FXCM,20211011,6.44241,6.45814,6.45951,6.43465,6.44759,6.45976,6.46033,6.43521,113451
USDCNH.FXCM,20211012,6.45814,6.455,6.4641,6.44895,6.45976,6.45625,6.46458,6.44954,126657
USDCNH.FXCM,20211013,6.455,6.4255,6.45669,6.42483,6.45625,6.42961,6.45861,6.42543,134237
USDCNH.FXCM,20211014,6.4255,6.43486,6.43955,6.4255,6.42961,6.4368,6.44013,6.4272,103332
USDCNH.FXCM,20211015,6.43486,6.43241,6.43751,6.42191,6.4368,6.43613,6.4392,6.42253,105403
USDCNH.FXCM,20211017,6.43241,6.43291,6.43291,6.42649,6.43613,6.43659,6.43723,6.43567,19
USDCNH.FXCM,20211018,6.43291,6.4273,6.43851,6.42502,6.43659,6.42967,6.43906,6.42557,89979
USDCNH.FXCM,20211019,6.4273,6.37567,6.42863,6.36835,6.42967,6.37692,6.43006,6.36888,122007
USDCNH.FXCM,20211020,6.37567,6.39399,6.39495,6.37034,6.37692,6.39528,6.39577,6.37376,109708
USDCNH.FXCM,20211021,6.39399,6.39356,6.3998,6.38288,6.39528,6.39526,6.40037,6.38341,117290
USDCNH.FXCM,20211022,6.39356,6.38111,6.39757,6.3769,6.39526,6.38592,6.3983,6.37746,129600
USDCNH.FXCM,20211024,6.38111,6.37792,6.37792,6.3767,6.38592,6.38723,6.3878,6.38715,20
USDCNH.FXCM,20211025,6.37792,6.3802,6.38804,6.37441,6.38723,6.38507,6.38868,6.37501,100567
USDCNH.FXCM,20211026,6.3802,6.37736,6.38508,6.37493,6.38507,6.37985,6.38572,6.37555,89422
USDCNH.FXCM,20211027,6.37736,6.39272,6.39616,6.37614,6.37985,6.39588,6.39679,6.37711,103503
USDCNH.FXCM,20211028,6.39272,6.38767,6.40415,6.38749,6.39588,6.39078,6.40482,6.38812,119689
USDCNH.FXCM,20211029,6.38767,6.40368,6.41007,6.38196,6.39078,6.40848,6.41068,6.3826,120421
USDCNH.FXCM,20211031,6.40368,6.40431,6.40597,6.40314,6.40848,6.41079,6.41142,6.41011,90
USDCNH.FXCM,20211101,6.40431,6.39393,6.40879,6.39223,6.41079,6.39461,6.41084,6.39283,101530
USDCNH.FXCM,20211102,6.39393,6.40233,6.40309,6.39158,6.39461,6.40393,6.40428,6.39226,88360
USDCNH.FXCM,20211103,6.40233,6.39429,6.40629,6.39167,6.40393,6.39543,6.40753,6.39239,116482
USDCNH.FXCM,20211104,6.39429,6.39633,6.40171,6.39052,6.39543,6.39825,6.40224,6.39114,103777
USDCNH.FXCM,20211105,6.39633,6.38977,6.4071,6.38977,6.39825,6.39892,6.40777,6.39446,98514
USDCNH.FXCM,20211107,6.38977,6.39382,6.39441,6.39311,6.39892,6.40018,6.40292,6.39843,80
USDCNH.FXCM,20211108,6.39382,6.38705,6.39885,6.38659,6.40018,6.39031,6.40077,6.38723,87682
USDCNH.FXCM,20211109,6.38705,6.38891,6.39739,6.38599,6.39031,6.39067,6.39843,6.38663,115960
USDCNH.FXCM,20211110,6.38891,6.39877,6.40142,6.38477,6.39067,6.40192,6.402,6.38536,131535
USDCNH.FXCM,20211111,6.39877,6.38767,6.40737,6.38399,6.40192,6.39393,6.40801,6.38462,113438
USDCNH.FXCM,20211112,6.38767,6.37438,6.39437,6.37083,6.39393,6.38312,6.395,6.37138,114511
USDCNH.FXCM,20211114,6.37438,6.37291,6.37291,6.37227,6.38312,6.38209,6.38273,6.38075,26
USDCNH.FXCM,20211115,6.37291,6.38067,6.38451,6.37313,6.38209,6.38492,6.38507,6.37366,109572
USDCNH.FXCM,20211116,6.38067,6.38874,6.3973,6.36118,6.38492,6.3918,6.39788,6.36179,128618
USDCNH.FXCM,20211117,6.38874,6.37289,6.39292,6.37201,6.3918,6.37788,6.39382,6.37273,110354
USDCNH.FXCM,20211118,6.37289,6.37808,6.38962,6.37217,6.37788,6.38202,6.39019,6.37396,104699
USDCNH.FXCM,20211119,6.37808,6.38844,6.39493,6.37799,6.38202,6.39409,6.39558,6.38095,138175
USDCNH.FXCM,20211121,6.38844,6.38841,6.38956,6.38523,6.39409,6.39349,6.39519,6.39349,62
USDCNH.FXCM,20211122,6.38841,6.38929,6.39488,6.3767,6.39349,6.3914,6.39556,6.37737,112145
USDCNH.FXCM,20211123,6.38929,6.389,6.3946,6.38305,6.3914,6.39353,6.39521,6.38372,117116
USDCNH.FXCM,20211124,6.389,6.3952,6.39828,6.38634,6.39353,6.39631,6.39887,6.38695,108397
USDCNH.FXCM,20211125,6.3952,6.38576,6.39557,6.38576,6.39631,6.38934,6.39725,6.38694,58953
USDCNH.FXCM,20211126,6.38576,6.39376,6.39958,6.38541,6.38934,6.40074,6.40074,6.38862,116353
USDCNH.FXCM,20211128,6.39376,6.39396,6.3954,6.39375,6.40074,6.39604,6.39743,6.39468,44
USDCNH.FXCM,20211129,6.39396,6.38494,6.39605,6.38068,6.39604,6.38761,6.39873,6.3813,113266
USDCNH.FXCM,20211130,6.38494,6.36426,6.3865,6.36383,6.38761,6.36998,6.38796,6.3647,153509
USDCNH.FXCM,20211201,6.36426,6.36802,6.37456,6.36282,6.36998,6.37515,6.37524,6.36345,124778
USDCNH.FXCM,20211202,6.36802,6.37172,6.37723,6.36769,6.37515,6.37375,6.37779,6.36834,107078
USDCNH.FXCM,20211203,6.37172,6.36911,6.37958,6.36642,6.37375,6.37929,6.38022,6.36714,135595
USDCNH.FXCM,20211205,6.36911,6.37114,6.37114,6.36886,6.37929,6.37886,6.37921,6.37768,46
USDCNH.FXCM,20211206,6.37114,6.37401,6.37882,6.368,6.37886,6.37604,6.37945,6.36863,92704
USDCNH.FXCM,20211207,6.37401,6.36276,6.37601,6.36276,6.37604,6.36494,6.3779,6.36355,88736
USDCNH.FXCM,20211208,6.36276,6.34466,6.36631,6.33022,6.36494,6.34744,6.36709,6.33086,105790
USDCNH.FXCM,20211209,6.34466,6.37747,6.38364,6.33911,6.34744,6.38383,6.38434,6.33968,87647
USDCNH.FXCM,20211210,6.37747,6.37082,6.38893,6.36408,6.38383,6.38045,6.38958,6.3647,84526
USDCNH.FXCM,20211212,6.37082,6.36894,6.36894,6.36522,6.38045,6.37786,6.37786,6.37561,46
USDCNH.FXCM,20211213,6.36894,6.37474,6.37633,6.36366,6.37786,6.37624,6.37835,6.36436,84773
USDCNH.FXCM,20211214,6.37474,6.37348,6.37527,6.36695,6.37624,6.37488,6.37708,6.36752,89494
USDCNH.FXCM,20211215,6.37348,6.37057,6.38057,6.36642,6.37488,6.37603,6.38132,6.3696,98483
USDCNH.FXCM,20211216,6.37057,6.38014,6.38061,6.37068,6.37603,6.38124,6.38146,6.37124,110748
USDCNH.FXCM,20211217,6.38014,6.38354,6.39357,6.3743,6.38124,6.39149,6.39418,6.37489,105667
USDCNH.FXCM,20211219,6.38354,6.38564,6.38564,6.38281,6.39149,6.38886,6.3917,6.38808,44
USDCNH.FXCM,20211220,6.38564,6.38132,6.38988,6.38091,6.38886,6.38429,6.39049,6.38153,95558
USDCNH.FXCM,20211221,6.38132,6.3756,6.3846,6.375,6.38429,6.37702,6.38591,6.37567,88080
USDCNH.FXCM,20211222,6.3756,6.37577,6.38161,6.37395,6.37702,6.38001,6.38276,6.37456,78873
USDCNH.FXCM,20211223,6.37577,6.37461,6.37904,6.37234,6.38001,6.37628,6.38015,6.37294,76719
USDCNH.FXCM,20211224,6.37461,6.37396,6.3791,6.36977,6.37628,6.37571,6.38084,6.3704,28144
USDCNH.FXCM,20211226,6.37396,6.37214,6.37214,6.3696,6.37571,6.37706,6.37955,6.37668,52
USDCNH.FXCM,20211227,6.37214,6.37478,6.37652,6.36975,6.37706,6.37607,6.37723,6.37048,56385
USDCNH.FXCM,20211228,6.37478,6.37349,6.37753,6.37001,6.37607,6.37552,6.37816,6.37059,58798
USDCNH.FXCM,20211229,6.37349,6.36945,6.37421,6.36565,6.37552,6.37296,6.37623,6.36633,66255
USDCNH.FXCM,20211230,6.36945,6.3752,6.37912,6.36651,6.37296,6.37668,6.37972,6.36715,65323
USDCNH.FXCM,20211231,6.3752,6.36386,6.37859,6.33749,6.37668,6.36489,6.37959,6.33825,86812
USDCNH.FXCM,20220103,6.36386,6.37364,6.37488,6.35119,6.36489,6.3754,6.37635,6.35193,64912
USDCNH.FXCM,20220104,6.37364,6.37106,6.38285,6.36923,6.3754,6.37994,6.38353,6.36999,87374
USDCNH.FXCM,20220105,6.37106,6.37465,6.37675,6.36576,6.37994,6.37709,6.37959,6.3663,84036
USDCNH.FXCM,20220106,6.37465,6.39426,6.39734,6.36944,6.37709,6.39483,6.39794,6.37236,112420
USDCNH.FXCM,20220107,6.39426,6.37898,6.39557,6.37805,6.39483,6.38712,6.39776,6.37869,98053
USDCNH.FXCM,20220109,6.37898,6.38094,6.38318,6.38084,6.38712,6.38486,6.3932,6.38486,37
USDCNH.FXCM,20220110,6.38094,6.37904,6.38604,6.37663,6.38486,6.38197,6.39114,6.37728,92746
USDCNH.FXCM,20220111,6.37904,6.37664,6.3839,6.37596,6.38197,6.378,6.38513,6.37665,93814
USDCNH.FXCM,20220112,6.37664,6.36059,6.37731,6.36006,6.378,6.36453,6.37839,6.36077,85016
USDCNH.FXCM,20220113,6.36059,6.36301,6.36843,6.35702,6.36453,6.36587,6.36898,6.35759,88998
USDCNH.FXCM,20220114,6.36301,6.3526,6.3666,6.34217,6.36587,6.36099,6.36731,6.34276,105195
USDCNH.FXCM,20220116,6.3526,6.3479,6.34827,6.34719,6.36099,6.35719,6.35726,6.35719,42
USDCNH.FXCM,20220117,6.3479,6.35041,6.36491,6.34719,6.35719,6.3521,6.36567,6.34865,62236
USDCNH.FXCM,20220118,6.35041,6.35881,6.36247,6.34027,6.3521,6.36287,6.36296,6.34081,107178
USDCNH.FXCM,20220119,6.35881,6.35037,6.36227,6.34777,6.36287,6.35145,6.36315,6.34832,87695
USDCNH.FXCM,20220120,6.35037,6.34367,6.35284,6.34135,6.35145,6.35011,6.35418,6.34202,95558
USDCNH.FXCM,20220121,6.34367,6.33979,6.35218,6.33745,6.35011,6.34281,6.35284,6.33803,94783
USDCNH.FXCM,20220123,6.33672,6.33941,6.33941,6.33428,6.3452,6.34359,6.34782,6.34175,101
USDCNH.FXCM,20220124,6.33914,6.33262,6.34174,6.32443,6.34386,6.3343,6.34438,6.32514,111341
USDCNH.FXCM,20220125,6.33262,6.32992,6.33818,6.3285,6.3343,6.33216,6.33878,6.32916,94192
USDCNH.FXCM,20220126,6.32992,6.33426,6.33789,6.3234,6.33216,6.33783,6.33855,6.324,94688
USDCNH.FXCM,20220127,6.33426,6.36808,6.37548,6.33426,6.33783,6.36965,6.37605,6.33631,249536
USDCNH.FXCM,20220128,6.36808,6.36835,6.37317,6.35712,6.36965,6.37315,6.37374,6.35773,108399
USDCNH.FXCM,20220130,6.36305,6.36364,6.36364,6.36305,6.37032,6.37146,6.3726,6.36975,48
USDCNH.FXCM,20220131,6.36391,6.36952,6.38612,6.3628,6.37119,6.37243,6.3867,6.3644,72139
USDCNH.FXCM,20220201,6.36955,6.36627,6.37982,6.3646,6.37244,6.37123,6.38314,6.36513,56494
USDCNH.FXCM,20220202,6.36627,6.35628,6.3751,6.35605,6.37133,6.35873,6.37586,6.35686,45710
USDCNH.FXCM,20220203,6.35627,6.35127,6.3708,6.35061,6.35893,6.35553,6.37146,6.35126,78284
USDCNH.FXCM,20220204,6.35217,6.36047,6.36884,6.34859,6.35553,6.36683,6.36947,6.3492,81657
USDCNH.FXCM,20220206,6.35974,6.35914,6.35992,6.35791,6.36792,6.36656,6.36838,6.36656,53
USDCNH.FXCM,20220207,6.35941,6.36052,6.36877,6.35657,6.36629,6.36555,6.36945,6.35723,87142
USDCNH.FXCM,20220208,6.36055,6.36504,6.37614,6.35682,6.36555,6.36693,6.37684,6.35739,78554
USDCNH.FXCM,20220209,6.36505,6.36184,6.37033,6.35946,6.36693,6.36596,6.37106,6.36012,67970
USDCNH.FXCM,20220210,6.36163,6.36304,6.3684,6.35158,6.36643,6.36409,6.36929,6.35223,98052
USDCNH.FXCM,20220211,6.36312,6.36234,6.36942,6.35261,6.36416,6.37229,6.37229,6.35445,110398
USDCNH.FXCM,20220213,6.36143,6.36267,6.36314,6.36143,6.36888,6.37023,6.37178,6.36825,57
USDCNH.FXCM,20220214,6.36341,6.35514,6.36736,6.35505,6.36959,6.36005,6.37102,6.35569,85370
USDCNH.FXCM,20220215,6.35515,6.33274,6.35895,6.33187,6.36005,6.33976,6.36049,6.33313,92062
USDCNH.FXCM,20220216,6.33187,6.33139,6.3418,6.33003,6.34023,6.3335,6.34239,6.33075,100778
USDCNH.FXCM,20220217,6.33117,6.33329,6.33847,6.32753,6.33332,6.336,6.3391,6.32817,113454
USDCNH.FXCM,20220218,6.33299,6.32269,6.33547,6.3166,6.33583,6.32738,6.33645,6.31873,80184
USDCNH.FXCM,20220220,6.3214,6.32206,6.32603,6.3214,6.32594,6.32824,6.32824,6.32573,79
USDCNH.FXCM,20220221,6.3239,6.32515,6.33014,6.31879,6.3264,6.32765,6.33064,6.31941,77530
USDCNH.FXCM,20220222,6.32526,6.32273,6.34431,6.31862,6.32764,6.32459,6.34484,6.31911,108993
USDCNH.FXCM,20220223,6.32269,6.31095,6.32851,6.30739,6.3245,6.31339,6.32907,6.30798,81905
USDCNH.FXCM,20220224,6.31085,6.31599,6.33459,6.30564,6.31338,6.32345,6.33519,6.30632,185335
USDCNH.FXCM,20220225,6.32222,6.3085,6.32475,6.30815,6.32344,6.31813,6.32787,6.30887,114733
USDCNH.FXCM,20220227,6.31716,6.32329,6.32543,6.31445,6.32299,6.32761,6.32836,6.32202,481
USDCNH.FXCM,20220228,6.32377,6.31131,6.32733,6.3067,6.32713,6.3162,6.33018,6.30757,118393
USDCNH.FXCM,20220301,6.31117,6.31713,6.32083,6.30661,6.31633,6.32107,6.32145,6.30723,103328
USDCNH.FXCM,20220302,6.31755,6.32167,6.33125,6.31098,6.32065,6.32523,6.33211,6.31168,122811
USDCNH.FXCM,20220303,6.32167,6.32172,6.32668,6.31675,6.32533,6.32349,6.32733,6.32085,100733
USDCNH.FXCM,20220304,6.32172,6.32068,6.33003,6.3177,6.32382,6.33022,6.33063,6.31833,99069
USDCNH.FXCM,20220306,6.32193,6.32111,6.32193,6.3203,6.32646,6.32389,6.32646,6.32389,53
USDCNH.FXCM,20220307,6.32135,6.32405,6.33059,6.31997,6.32365,6.32947,6.33124,6.32103,114744
USDCNH.FXCM,20220308,6.32396,6.32511,6.32933,6.31185,6.32945,6.327,6.32991,6.31252,120962
USDCNH.FXCM,20220309,6.32471,6.32211,6.33013,6.3178,6.32704,6.32458,6.33083,6.31843,91127
USDCNH.FXCM,20220310,6.32226,6.32571,6.33055,6.32059,6.32461,6.32879,6.33116,6.32119,75724
USDCNH.FXCM,20220311,6.32517,6.35838,6.36425,6.32396,6.32933,6.35948,6.36513,6.32516,89318
USDCNH.FXCM,20220313,6.35901,6.36342,6.36475,6.35681,6.36583,6.36458,6.36877,6.36021,211
USDCNH.FXCM,20220314,6.36325,6.39357,6.3974,6.35205,6.36475,6.39713,6.39806,6.35827,91875
USDCNH.FXCM,20220315,6.39357,6.3806,6.4105,6.37977,6.39723,6.38229,6.4111,6.38063,115829
USDCNH.FXCM,20220316,6.3807,6.36067,6.39107,6.35245,6.38237,6.36693,6.39179,6.35311,106946
USDCNH.FXCM,20220317,6.36067,6.3616,6.36527,6.35501,6.36673,6.36456,6.36819,6.35567,59252
USDCNH.FXCM,20220318,6.3617,6.36351,6.38069,6.35998,6.3645,6.3717,6.38134,6.36069,80533
USDCNH.FXCM,20220320,6.3657,6.36581,6.36582,6.36327,6.37618,6.37373,6.37621,6.37223,73
USDCNH.FXCM,20220321,6.36327,6.36921,6.3792,6.36127,6.37373,6.37279,6.37977,6.36209,86349
USDCNH.FXCM,20220322,6.36897,6.37554,6.37785,6.36711,6.37297,6.37759,6.37847,6.37051,64883
USDCNH.FXCM,20220323,6.37565,6.3875,6.39035,6.3746,6.37754,6.3899,6.39103,6.37519,67164
USDCNH.FXCM,20220324,6.38725,6.38191,6.39319,6.37894,6.39014,6.38459,6.39379,6.37967,61159
USDCNH.FXCM,20220325,6.38171,6.37944,6.38451,6.37216,6.38459,6.3887,6.38889,6.37278,58928
USDCNH.FXCM,20220327,6.3881,6.38782,6.38904,6.3856,6.39255,6.39118,6.3948,6.38951,194
USDCNH.FXCM,20220328,6.38814,6.38565,6.39807,6.38125,6.39106,6.38805,6.39861,6.38191,66638
USDCNH.FXCM,20220329,6.38569,6.37352,6.3871,6.37092,6.38804,6.37459,6.38804,6.37158,75311
USDCNH.FXCM,20220330,6.37335,6.35922,6.37741,6.3557,6.37715,6.36037,6.37813,6.35633,115006
USDCNH.FXCM,20220331,6.35911,6.35321,6.36164,6.34477,6.36031,6.35589,6.36383,6.34545,71723
USDCNH.FXCM,20220401,6.35289,6.36463,6.37193,6.34585,6.35631,6.3719,6.3726,6.35177,110826
USDCNH.FXCM,20220403,6.36291,6.36337,6.36416,6.36277,6.37314,6.37323,6.37416,6.37314,26
USDCNH.FXCM,20220404,6.36435,6.37261,6.37642,6.36181,6.37265,6.37589,6.37706,6.36395,37183
USDCNH.FXCM,20220405,6.37217,6.37371,6.3804,6.3617,6.37608,6.38132,6.38132,6.36232,39300
USDCNH.FXCM,20220406,6.37351,6.35793,6.38677,6.3577,6.38132,6.35979,6.38759,6.35841,77337
USDCNH.FXCM,20220407,6.3577,6.36201,6.36832,6.3577,6.35979,6.36579,6.36898,6.3593,59948
USDCNH.FXCM,20220408,6.35997,6.36478,6.37572,6.35783,6.36604,6.37297,6.37639,6.35854,48983
USDCNH.FXCM,20220410,6.36727,6.36761,6.36761,6.36561,6.3764,6.37289,6.37708,6.37151,74
USDCNH.FXCM,20220411,6.36785,6.38671,6.38902,6.36727,6.37265,6.38969,6.39033,6.36833,65212
USDCNH.FXCM,20220412,6.38652,6.3754,6.38982,6.37367,6.38989,6.3778,6.39056,6.37433,110728
USDCNH.FXCM,20220413,6.37514,6.37671,6.38197,6.36996,6.37813,6.37929,6.38266,6.37107,59887
USDCNH.FXCM,20220414,6.3764,6.38816,6.3956,6.37184,6.37959,6.39179,6.39625,6.37266,68792
USDCNH.FXCM,20220415,6.38802,6.37781,6.39293,6.37741,6.39197,6.386,6.3936,6.37816,27527
USDCNH.FXCM,20220417,6.37383,6.37713,6.37713,6.37383,6.38367,6.38237,6.38618,6.38081,63
USDCNH.FXCM,20220418,6.37744,6.37581,6.38984,6.37381,6.38206,6.37989,6.39055,6.37445,39476
USDCNH.FXCM,20220419,6.3742,6.41746,6.42269,6.3742,6.38164,6.42174,6.42337,6.37868,82363
USDCNH.FXCM,20220420,6.41603,6.44301,6.45625,6.41342,6.42329,6.44669,6.45691,6.41406,104043
USDCNH.FXCM,20220421,6.44257,6.47861,6.48246,6.43274,6.44684,6.48329,6.48346,6.43342,127629
USDCNH.FXCM,20220422,6.47844,6.52371,6.54692,6.47035,6.48346,6.53085,6.54801,6.4727,140508
USDCNH.FXCM,20220424,6.52415,6.5214,6.52517,6.5214,6.53356,6.52701,6.53533,6.52533,26
USDCNH.FXCM,20220425,6.52562,6.56957,6.60884,6.52172,6.53553,6.57479,6.60979,6.52522,173603
USDCNH.FXCM,20220426,6.56957,6.58905,6.59746,6.54423,6.57533,6.59043,6.59899,6.54523,156643
USDCNH.FXCM,20220427,6.58885,6.58676,6.59436,6.5751,6.59042,6.58845,6.59508,6.57615,109141
USDCNH.FXCM,20220428,6.58403,6.6584,6.67433,6.58393,6.5882,6.66302,6.67516,6.58807,180562
USDCNH.FXCM,20220429,6.65817,6.638,6.69356,6.6095,6.66302,6.6463,6.6946,6.61023,189603
USDCNH.FXCM,20220502,6.64069,6.66906,6.68904,6.64057,6.65081,6.67774,6.68977,6.64432,110730
USDCNH.FXCM,20220503,6.66945,6.64626,6.69768,6.64324,6.67735,6.65224,6.69845,6.64395,145459
USDCNH.FXCM,20220504,6.64609,6.61621,6.66427,6.61117,6.65238,6.62514,6.66495,6.6123,102392
USDCNH.FXCM,20220505,6.61745,6.6806,6.69767,6.61554,6.62782,6.68351,6.6984,6.61718,197145
USDCNH.FXCM,20220506,6.6806,6.71702,6.73358,6.67936,6.6835,6.72098,6.7345,6.68343,236677
USDCNH.FXCM,20220509,6.70433,6.75526,6.77632,6.70319,6.71382,6.75994,6.77706,6.71123,198306
USDCNH.FXCM,20220510,6.7516,6.74223,6.77552,6.70944,6.7601,6.74861,6.77673,6.71049,220611
USDCNH.FXCM,20220511,6.74205,6.76362,6.76381,6.73124,6.75245,6.76538,6.76538,6.73214,177431
USDCNH.FXCM,20220512,6.76358,6.82548,6.83129,6.75295,6.76519,6.82875,6.83202,6.75571,198926
USDCNH.FXCM,20220513,6.82611,6.79463,6.83724,6.78197,6.82949,6.80292,6.83989,6.78428,191488
USDCNH.FXCM,20220515,6.7941,6.79727,6.79782,6.79292,6.79945,6.79923,6.80404,6.79866,121
USDCNH.FXCM,20220516,6.79625,6.79523,6.82015,6.78328,6.80025,6.80042,6.82098,6.78405,135034
USDCNH.FXCM,20220517,6.79467,6.73597,6.79924,6.72527,6.80363,6.74358,6.80383,6.72609,147931
USDCNH.FXCM,20220518,6.73571,6.77636,6.7851,6.73354,6.74433,6.78484,6.78711,6.73463,121190
USDCNH.FXCM,20220519,6.77444,6.72367,6.7879,6.71628,6.78445,6.73335,6.789,6.71723,168577
USDCNH.FXCM,20220520,6.72467,6.69494,6.74206,6.67234,6.73339,6.69976,6.74266,6.67305,177146
USDCNH.FXCM,20220523,6.6973,6.65972,6.70346,6.64779,6.70503,6.66388,6.70731,6.64818,162964
USDCNH.FXCM,20220524,6.65986,6.65584,6.69073,6.65506,6.66394,6.65854,6.69147,6.65662,146608
USDCNH.FXCM,20220525,6.65598,6.70984,6.72211,6.65488,6.6585,6.71404,6.72345,6.65846,152173
USDCNH.FXCM,20220526,6.71008,6.76458,6.77163,6.7011,6.71517,6.77003,6.77236,6.70163,135273
USDCNH.FXCM,20220527,6.76472,6.71672,6.78524,6.70685,6.76993,6.72568,6.78649,6.70752,137368
USDCNH.FXCM,20220530,6.71486,6.66562,6.72226,6.65482,6.72518,6.67608,6.72553,6.65555,99892
USDCNH.FXCM,20220531,6.66579,6.67412,6.69256,6.65958,6.67511,6.68073,6.69304,6.66023,155728
USDCNH.FXCM,20220601,6.67412,6.69651,6.71322,6.67216,6.6804,6.69999,6.7142,6.67329,153332
USDCNH.FXCM,20220602,6.69562,6.65318,6.71487,6.65222,6.7004,6.6587,6.71563,6.65427,139490
USDCNH.FXCM,20220603,6.65383,6.65213,6.66611,6.61613,6.66312,6.66067,6.67042,6.61805,134599
USDCNH.FXCM,20220606,6.63811,6.65519,6.66438,6.63586,6.64743,6.65791,6.665,6.63647,138650
USDCNH.FXCM,20220607,6.6551,6.66673,6.68877,6.65275,6.658,6.6758,6.68953,6.65672,180421
USDCNH.FXCM,20220608,6.66673,6.69901,6.7014,6.66592,6.6746,6.70249,6.70251,6.66704,155016
USDCNH.FXCM,20220609,6.69901,6.69987,6.70941,6.66547,6.70298,6.70197,6.71017,6.66629,189601
USDCNH.FXCM,20220610,6.69997,6.73158,6.73744,6.68542,6.70202,6.73524,6.73825,6.68609,170425
USDCNH.FXCM,20220612,6.7294,6.73427,6.73427,6.72797,6.73873,6.73873,6.73891,6.73647,37
USDCNH.FXCM,20220613,6.73427,6.77956,6.78533,6.72977,6.73824,6.78578,6.78623,6.73459,195062
USDCNH.FXCM,20220614,6.77927,6.75228,6.78567,6.72722,6.78568,6.75992,6.78693,6.72775,224891
USDCNH.FXCM,20220615,6.75191,6.66641,6.757,6.66613,6.75992,6.67109,6.76017,6.66728,238497
USDCNH.FXCM,20220616,6.66594,6.68038,6.72789,6.66594,6.67116,6.68642,6.72867,6.66982,236813
USDCNH.FXCM,20220617,6.68355,6.70562,6.72541,6.67947,6.68756,6.7161,6.72592,6.6861,228486
USDCNH.FXCM,20220619,6.70903,6.71176,6.71192,6.7089,6.71949,6.7198,6.72023,6.71863,67
USDCNH.FXCM,20220620,6.70893,6.68722,6.71615,6.66851,6.71813,6.69297,6.7201,6.66934,164830
USDCNH.FXCM,20220621,6.68693,6.68957,6.70101,6.67158,6.69337,6.69494,6.70167,6.67223,159269
USDCNH.FXCM,20220622,6.68957,6.70708,6.73377,6.68464,6.69493,6.71451,6.73463,6.69249,204903
USDCNH.FXCM,20220623,6.70708,6.69459,6.71922,6.69416,6.71388,6.7023,6.72024,6.6953,200522
USDCNH.FXCM,20220624,6.69459,6.67889,6.70219,6.67497,6.7019,6.68621,6.70478,6.6761,188120
USDCNH.FXCM,20220627,6.67857,6.69053,6.69372,6.67645,6.68685,6.69487,6.69487,6.67729,153947
USDCNH.FXCM,20220628,6.69155,6.7012,6.71372,6.66824,6.69487,6.70395,6.7145,6.66906,166653
USDCNH.FXCM,20220629,6.70125,6.70676,6.71723,6.69261,6.70396,6.70917,6.71806,6.69325,172058
USDCNH.FXCM,20220630,6.70672,6.69206,6.71153,6.68925,6.70909,6.69584,6.71227,6.69011,182521
USDCNH.FXCM,20220701,6.69201,6.69174,6.72662,6.69154,6.70019,6.70151,6.72739,6.69455,174746
USDCNH.FXCM,20220703,6.69293,6.69315,6.69547,6.69293,6.70225,6.70352,6.70423,6.70225,36
USDCNH.FXCM,20220704,6.69547,6.69047,6.70549,6.68,6.70423,6.69744,6.70626,6.68113,115298
USDCNH.FXCM,20220705,6.69047,6.70793,6.72426,6.68104,6.69753,6.71566,6.72495,6.68188,176872
USDCNH.FXCM,20220706,6.70793,6.71311,6.71886,6.70247,6.71557,6.71797,6.71955,6.70318,191894
USDCNH.FXCM,20220707,6.71314,6.69221,6.7197,6.69078,6.71806,6.6939,6.72035,6.69155,157916
USDCNH.FXCM,20220708,6.69216,6.68368,6.7093,6.68341,6.69383,6.68813,6.71016,6.68438,175131
USDCNH.FXCM,20220710,6.68514,6.68514,6.68514,6.68514,6.69536,6.69292,6.69536,6.69292,2
USDCNH.FXCM,20220711,6.68287,6.72498,6.72585,6.6828,6.69233,6.7266,6.72758,6.68814,164837
USDCNH.FXCM,20220712,6.72497,6.73331,6.75287,6.72025,6.72693,6.73999,6.75343,6.72226,193034
USDCNH.FXCM,20220713,6.72822,6.72372,6.74759,6.70946,6.73813,6.72842,6.74839,6.71052,215375
USDCNH.FXCM,20220714,6.72326,6.75923,6.7913,6.7224,6.72797,6.76745,6.79212,6.72448,250579
USDCNH.FXCM,20220715,6.76187,6.75326,6.78387,6.74748,6.76805,6.76372,6.7848,6.74833,221559
USDCNH.FXCM,20220718,6.76529,6.75868,6.76529,6.73548,6.7709,6.76213,6.7709,6.73618,152946
USDCNH.FXCM,20220719,6.75839,6.74397,6.76174,6.73976,6.7617,6.74717,6.76281,6.74043,156077
USDCNH.FXCM,20220720,6.74403,6.77101,6.77705,6.73664,6.74693,6.7777,6.77807,6.73752,167838
USDCNH.FXCM,20220721,6.77101,6.76509,6.78772,6.76148,6.77759,6.77553,6.78834,6.76204,193698
USDCNH.FXCM,20220722,6.76538,6.75643,6.7839,6.74746,6.77553,6.75963,6.78465,6.74804,183890
USDCNH.FXCM,20220725,6.76199,6.74993,6.76645,6.74332,6.76683,6.75416,6.76998,6.74409,170200
USDCNH.FXCM,20220726,6.74986,6.76581,6.77143,6.7452,6.75405,6.77192,6.77208,6.7459,154523
USDCNH.FXCM,20220727,6.76552,6.74101,6.77006,6.73881,6.77229,6.74688,6.77229,6.73968,165452
USDCNH.FXCM,20220728,6.74117,6.74129,6.75527,6.73389,6.74688,6.74712,6.75592,6.73515,191261
USDCNH.FXCM,20220729,6.74175,6.74953,6.75831,6.72798,6.74772,6.75688,6.75897,6.72895,193784
USDCNH.FXCM,20220801,6.74537,6.78246,6.79009,6.74352,6.75575,6.78516,6.79085,6.74766,170381
USDCNH.FXCM,20220802,6.78301,6.77662,6.79499,6.74853,6.78551,6.77998,6.79609,6.74993,231976
USDCNH.FXCM,20220803,6.77639,6.75849,6.77933,6.75259,6.7799,6.76794,6.78108,6.75314,194156
USDCNH.FXCM,20220804,6.75855,6.74983,6.76773,6.74935,6.76873,6.75248,6.76873,6.75014,157231
USDCNH.FXCM,20220805,6.74953,6.76588,6.76866,6.74508,6.75237,6.7701,6.77042,6.74634,170431
USDCNH.FXCM,20220807,6.7602,6.7611,6.76251,6.75956,6.77014,6.76583,6.77017,6.76572,65
USDCNH.FXCM,20220808,6.76237,6.75901,6.77081,6.75738,6.76573,6.76569,6.77158,6.758,145374
USDCNH.FXCM,20220809,6.75902,6.75279,6.76512,6.75266,6.76598,6.75693,6.76613,6.75336,123117
USDCNH.FXCM,20220810,6.75294,6.7224,6.76471,6.71595,6.75743,6.726,6.76532,6.71667,155948
USDCNH.FXCM,20220811,6.7224,6.74267,6.74368,6.71847,6.72549,6.74506,6.74508,6.72366,166253
USDCNH.FXCM,20220812,6.74261,6.73345,6.74503,6.72984,6.74536,6.73914,6.74593,6.7306,141914
USDCNH.FXCM,20220814,6.73557,6.73338,6.73595,6.73338,6.74542,6.74312,6.74624,6.74273,75
USDCNH.FXCM,20220815,6.73387,6.81251,6.81945,6.73387,6.74263,6.82019,6.82025,6.73631,155928
USDCNH.FXCM,20220816,6.8124,6.78971,6.81863,6.78895,6.8202,6.79475,6.82121,6.79109,159488
USDCNH.FXCM,20220817,6.78935,6.78957,6.80032,6.77514,6.79498,6.79952,6.80369,6.77602,174779
USDCNH.FXCM,20220818,6.78892,6.80091,6.81337,6.78337,6.79941,6.80589,6.81413,6.78545,172740
USDCNH.FXCM,20220819,6.80077,6.83128,6.84437,6.79753,6.80581,6.83599,6.845,6.80369,176056
USDCNH.FXCM,20220821,6.82977,6.82938,6.83247,6.82626,6.83923,6.83812,6.83923,6.83566,66
USDCNH.FXCM,20220822,6.82987,6.86553,6.87509,6.82787,6.83763,6.87336,6.87578,6.83463,184305
USDCNH.FXCM,20220823,6.86504,6.85306,6.88452,6.83656,6.87323,6.8556,6.8853,6.83739,225409
USDCNH.FXCM,20220824,6.85314,6.87306,6.8872,6.85039,6.85582,6.88194,6.88792,6.85268,213217
USDCNH.FXCM,20220825,6.87296,6.84733,6.87706,6.84598,6.88194,6.85557,6.88194,6.8468,189185
USDCNH.FXCM,20220826,6.8467,6.89202,6.89789,6.8467,6.85596,6.89439,6.89859,6.85052,216247
USDCNH.FXCM,20220828,6.88727,6.88727,6.88727,6.88727,6.89704,6.89693,6.89704,6.89693,3
USDCNH.FXCM,20220829,6.88737,6.91148,6.93233,6.88391,6.89587,6.91962,6.93306,6.89412,219577
USDCNH.FXCM,20220830,6.91122,6.92152,6.92874,6.90354,6.91957,6.92542,6.92943,6.90438,223550
USDCNH.FXCM,20220831,6.92134,6.90413,6.92485,6.89084,6.92548,6.90967,6.9269,6.89145,214078
USDCNH.FXCM,20220901,6.90438,6.91462,6.92035,6.88676,6.90942,6.91705,6.92104,6.88882,212963
USDCNH.FXCM,20220902,6.91459,6.91354,6.92075,6.90006,6.91713,6.92287,6.92287,6.90081,198889
USDCNH.FXCM,20220904,6.91386,6.91742,6.92319,6.91374,6.92357,6.92302,6.9285,6.92171,286
USDCNH.FXCM,20220905,6.91763,6.94034,6.95478,6.91594,6.92333,6.94441,6.95554,6.91962,187552
USDCNH.FXCM,20220906,6.93997,6.96743,6.98224,6.93275,6.94465,6.97309,6.98317,6.93342,255820
USDCNH.FXCM,20220907,6.96754,6.95588,6.99683,6.95503,6.97299,6.96432,6.99735,6.95723,264244
USDCNH.FXCM,20220908,6.95503,6.95828,6.97723,6.9507,6.96432,6.96574,6.97799,6.95142,265113
USDCNH.FXCM,20220909,6.95987,6.93576,6.96233,6.91737,6.96633,6.93834,6.96692,6.91802,233147
USDCNH.FXCM,20220911,6.92578,6.92477,6.92965,6.92283,6.93565,6.93023,6.93565,6.92553,91
USDCNH.FXCM,20220912,6.92513,6.91615,6.9483,6.91049,6.9318,6.92033,6.94897,6.91117,205481
USDCNH.FXCM,20220913,6.91602,6.98005,6.98442,6.91063,6.92009,6.98445,6.98502,6.91149,257078
USDCNH.FXCM,20220914,6.97197,7.00928,7.01842,6.96773,6.97638,7.01609,7.01922,6.9685,250069
USDCNH.FXCM,20220915,7.00928,6.99737,7.04221,6.99605,7.01609,7.00169,7.04291,6.99922,224795
USDCNH.FXCM,20220916,7.00948,6.99737,7.04221,6.99605,7.01631,7.00169,7.04291,6.99922,224741
USDCNH.FXCM,20220917,6.99737,6.99861,6.99977,6.99631,7.00169,7.00712,7.00712,7.00169,50
USDCNH.FXCM,20220918,6.99861,7.00298,7.02543,6.99011,7.00712,7.00649,7.02605,6.99093,220794
USDCNH.FXCM,20220919,7.00298,7.02738,7.0325,6.99888,7.00649,7.03332,7.03418,6.99984,200016
USDCNH.FXCM,20220920,7.02738,7.07248,7.0796,7.02691,7.03332,7.07798,7.08029,7.02763,283592
USDCNH.FXCM,20220921,7.07248,7.07693,7.10567,7.06053,7.07798,7.08379,7.10641,7.06135,320313
USDCNH.FXCM,20220922,7.07693,7.1313,7.14682,7.07665,7.08379,7.13514,7.14747,7.07787,261406
USDCNH.FXCM,20220923,7.08081,7.1313,7.14682,7.07665,7.08785,7.13514,7.14747,7.07787,255057
USDCNH.FXCM,20220925,7.1313,7.17058,7.17682,7.12237,7.13514,7.17787,7.17792,7.13132,355498
USDCNH.FXCM,20220926,7.17058,7.17675,7.19097,7.14535,7.17787,7.18342,7.1918,7.14599,276253
USDCNH.FXCM,20220927,7.17675,7.15952,7.26701,7.14407,7.18342,7.16425,7.26755,7.14496,396555
USDCNH.FXCM,20220928,7.15952,7.09638,7.21549,7.08869,7.16425,7.0998,7.21604,7.08957,349099
USDCNH.FXCM,20220929,7.09638,7.14089,7.14115,7.07225,7.0998,7.14294,7.14296,7.0733,317220
USDCNH.FXCM,20220930,7.09623,7.14089,7.14115,7.07225,7.1,7.14294,7.14296,7.0733,314195
USDCNH.FXCM,20221002,7.14089,7.1009,7.15578,7.08982,7.14294,7.10961,7.15667,7.09046,302110
USDCNH.FXCM,20221003,7.1009,7.04152,7.1166,7.03052,7.10961,7.04939,7.11719,7.0315,292688
USDCNH.FXCM,20221004,7.04152,7.06628,7.09295,7.01224,7.04939,7.07052,7.09381,7.01301,328627
USDCNH.FXCM,20221005,7.06628,7.08275,7.08937,7.02166,7.07052,7.08954,7.09006,7.02239,320560
USDCNH.FXCM,20221006,7.08275,7.12762,7.13833,7.07561,7.08954,7.13405,7.13904,7.08424,347836
USDCNH.FXCM,20221007,7.07586,7.12762,7.13833,7.07561,7.08611,7.13405,7.13904,7.08424,337733
USDCNH.FXCM,20221008,7.12762,7.12255,7.12762,7.12188,7.13405,7.13092,7.13405,7.12964,5
USDCNH.FXCM,20221009,7.12255,7.15172,7.16749,7.1136,7.13092,7.15773,7.16818,7.11463,286829
USDCNH.FXCM,20221010,7.15172,7.16728,7.20016,7.14608,7.15773,7.17776,7.20097,7.14702,347864
USDCNH.FXCM,20221011,7.16728,7.1713,7.19215,7.15307,7.17776,7.17809,7.1934,7.15418,325628
USDCNH.FXCM,20221012,7.1713,7.17472,7.23782,7.16287,7.17809,7.18254,7.23882,7.16396,349196
USDCNH.FXCM,20221013,7.17472,7.21568,7.2285,7.15807,7.18254,7.21976,7.22898,7.15997,354536
USDCNH.FXCM,20221014,7.17508,7.21568,7.22849,7.15807,7.1843,7.21976,7.22897,7.15997,264630
USDCNH.FXCM,20221016,7.21568,7.20696,7.22249,7.18967,7.21976,7.21525,7.22361,7.19053,292383
USDCNH.FXCM,20221017,7.20696,7.22282,7.23323,7.19341,7.21525,7.22555,7.23408,7.19427,288085
USDCNH.FXCM,20221018,7.22282,7.26665,7.27441,7.21089,7.22555,7.27048,7.27505,7.21178,272972
USDCNH.FXCM,20221019,7.26665,7.24913,7.27876,7.22068,7.27048,7.25828,7.27967,7.22129,313849
USDCNH.FXCM,20221020,7.24913,7.22631,7.28366,7.21877,7.25828,7.23334,7.28443,7.21963,384239
USDCNH.FXCM,20221021,7.25103,7.22631,7.28366,7.21877,7.26147,7.23334,7.28443,7.21963,166694
USDCNH.FXCM,20221022,7.22631,7.23058,7.23452,7.22631,7.23334,7.24058,7.24093,7.23334,26
USDCNH.FXCM,20221023,7.23058,7.32502,7.33174,7.22467,7.24058,7.32805,7.33281,7.23265,335462
USDCNH.FXCM,20221024,7.32502,7.31012,7.37461,7.30275,7.32805,7.31698,7.37539,7.30345,304823
USDCNH.FXCM,20221025,7.31012,7.1865,7.34083,7.18143,7.31698,7.18839,7.34181,7.18258,333679
USDCNH.FXCM,20221026,7.1865,7.24801,7.26868,7.16578,7.18839,7.25497,7.26972,7.1666,390083
USDCNH.FXCM,20221027,7.24801,7.26825,7.28358,7.22477,7.25497,7.27288,7.28449,7.22595,312715
USDCNH.FXCM,20221028,7.24798,7.26825,7.28358,7.22477,7.25556,7.27288,7.28449,7.22595,297661
USDCNH.FXCM,20221030,7.26825,7.33275,7.33908,7.26554,7.27288,7.34033,7.34049,7.27288,217463
USDCNH.FXCM,20221031,7.33275,7.30666,7.35632,7.25935,7.34033,7.31235,7.35855,7.2601,339962
USDCNH.FXCM,20221101,7.30666,7.33787,7.34785,7.26022,7.31235,7.34669,7.34917,7.26102,306661
USDCNH.FXCM,20221102,7.33787,7.32568,7.35322,7.31163,7.34669,7.33583,7.35393,7.31271,302408
USDCNH.FXCM,20221103,7.32568,7.17254,7.33845,7.17129,7.33583,7.17729,7.33974,7.1725,467737
USDCNH.FXCM,20221104,7.32379,7.17254,7.33845,7.17137,7.33415,7.17729,7.33974,7.1725,449894
USDCNH.FXCM,20221105,7.17254,7.23949,7.24548,7.17254,7.17729,7.24651,7.24985,7.17729,524
USDCNH.FXCM,20221106,7.23949,7.2244,7.259,7.19236,7.24651,7.2336,7.2599,7.19688,339314
USDCNH.FXCM,20221107,7.2244,7.2256,7.27507,7.21618,7.2336,7.2358,7.27593,7.21703,254655
USDCNH.FXCM,20221108,7.2256,7.2713,7.27953,7.2256,7.2358,7.27719,7.28006,7.23448,342149
USDCNH.FXCM,20221109,7.2713,7.14873,7.27886,7.14844,7.27719,7.15444,7.28004,7.15008,381876
USDCNH.FXCM,20221110,7.14873,7.08792,7.18855,7.05629,7.15444,7.09807,7.18943,7.05888,445331
USDCNH.FXCM,20221111,7.149,7.08792,7.18855,7.05629,7.15607,7.09807,7.18943,7.05888,368162
USDCNH.FXCM,20221113,7.08792,7.04027,7.10098,7.01905,7.09807,7.04248,7.10615,7.01999,407888
USDCNH.FXCM,20221114,7.04027,7.04406,7.06109,7.02188,7.04248,7.05255,7.06234,7.0227,429049
USDCNH.FXCM,20221115,7.04406,7.10589,7.11112,7.044,7.05255,7.10931,7.11202,7.04614,369066
USDCNH.FXCM,20221116,7.10589,7.1458,7.17864,7.08888,7.10931,7.14883,7.17943,7.09072,343166
USDCNH.FXCM,20221117,7.1458,7.11979,7.16112,7.11309,7.14883,7.12881,7.16228,7.11396,286487
USDCNH.FXCM,20221118,7.14647,7.11979,7.16112,7.11309,7.14879,7.12881,7.16228,7.11396,286271
USDCNH.FXCM,20221120,7.11979,7.17577,7.1864,7.1183,7.12881,7.18258,7.18758,7.12661,340353
USDCNH.FXCM,20221121,7.17577,7.13493,7.17677,7.1312,7.18258,7.13809,7.18314,7.13244,257641
USDCNH.FXCM,20221122,7.13493,7.15068,7.18293,7.12573,7.13809,7.15378,7.18385,7.12789,266034
USDCNH.FXCM,20221123,7.15068,7.16902,7.16912,7.13316,7.15378,7.17014,7.17074,7.13391,210694
USDCNH.FXCM,20221124,7.16902,7.19193,7.21127,7.14822,7.17014,7.19609,7.21219,7.14962,243180
USDCNH.FXCM,20221125,7.16902,7.19193,7.21127,7.14822,7.17022,7.19609,7.21219,7.14962,228401
USDCNH.FXCM,20221126,7.19193,7.23057,7.23233,7.19193,7.19609,7.23765,7.24031,7.19609,156
USDCNH.FXCM,20221127,7.23057,7.24694,7.25683,7.19937,7.23765,7.24815,7.26151,7.20016,344831
USDCNH.FXCM,20221128,7.24694,7.14238,7.24703,7.13384,7.24815,7.14639,7.25159,7.13484,361238
USDCNH.FXCM,20221129,7.14238,7.04243,7.16154,7.04173,7.14639,7.04926,7.16308,7.0449,422442
USDCNH.FXCM,20221130,7.04243,7.03667,7.0908,7.02334,7.04926,7.04032,7.0919,7.0265,370757
USDCNH.FXCM,20221201,7.03667,7.01532,7.07139,7.00463,7.04032,7.0226,7.07346,7.00545,338989
USDCNH.FXCM,20221202,7.03629,7.01532,7.07125,7.00463,7.04032,7.0226,7.07321,7.00545,242644
USDCNH.FXCM,20221203,7.01532,7.01011,7.01532,7.00807,7.0226,7.01533,7.0226,7.01427,15
USDCNH.FXCM,20221204,7.01011,6.97242,7.01011,6.92958,7.01533,6.97511,7.01533,6.93048,341693
USDCNH.FXCM,20221205,6.97242,6.97917,6.99992,6.94979,6.97511,6.98535,7.00055,6.95099,348531
USDCNH.FXCM,20221206,6.97917,6.96136,6.99162,6.94962,6.98535,6.96632,6.99251,6.95106,348586
USDCNH.FXCM,20221207,6.96136,6.95891,6.97937,6.95557,6.96632,6.96294,6.98019,6.95713,296005
USDCNH.FXCM,20221208,6.95891,6.96942,6.97614,6.94102,6.96294,6.97576,6.97721,6.94267,311461
USDCNH.FXCM,20221209,6.95891,6.96942,6.97614,6.94102,6.96442,6.97576,6.97721,6.94267,307191
USDCNH.FXCM,20221210,6.96942,6.9645,6.96942,6.96392,6.97576,6.96941,6.97576,6.96903,46
USDCNH.FXCM,20221211,6.9645,6.98872,6.99727,6.96386,6.96941,6.99007,6.99811,6.96871,259227
USDCNH.FXCM,20221212,6.98872,6.96285,7.00175,6.94551,6.99007,6.9686,7.00285,6.94677,343265
USDCNH.FXCM,20221213,6.96285,6.94328,6.97104,6.93672,6.9686,6.94462,6.97272,6.9388,342513
USDCNH.FXCM,20221214,6.94328,6.9897,6.99968,6.93957,6.94462,6.99516,7.00058,6.94462,313345
USDCNH.FXCM,20221215,6.9897,6.97453,6.99404,6.96509,6.99516,6.98003,6.99537,6.96644,255002
USDCNH.FXCM,20221216,6.9897,6.97453,6.99404,6.96509,6.99473,6.98003,6.99537,6.96644,254962
USDCNH.FXCM,20221218,6.97453,6.98873,6.98987,6.96926,6.98003,6.98947,6.99066,6.97043,171393
USDCNH.FXCM,20221219,6.98873,6.95982,6.99621,6.95634,6.98947,6.96212,6.99703,6.95708,293299
USDCNH.FXCM,20221220,6.95982,6.98389,6.99555,6.95548,6.96212,6.98926,6.99634,6.96193,199087
USDCNH.FXCM,20221221,6.98389,7.00778,7.01527,6.97519,6.98926,7.0122,7.01621,6.97601,186003
USDCNH.FXCM,20221222,7.00778,7.00082,7.01223,6.98864,7.0122,7.00812,7.0158,6.98941,196869
USDCNH.FXCM,20221223,7.00572,7.00082,7.01223,6.98864,7.01322,7.00812,7.0158,6.98941,196831
USDCNH.FXCM,20221225,7.00082,6.97272,7.00882,6.9722,7.00812,6.97904,7.01273,6.97473,29523
USDCNH.FXCM,20221226,6.97272,6.96315,6.97762,6.95676,6.97904,6.97355,6.98011,6.95759,169396
USDCNH.FXCM,20221227,6.96315,6.99328,7.00211,6.96188,6.97355,7.00072,7.00284,6.96534,185839
USDCNH.FXCM,20221228,6.99328,6.96888,6.99671,6.96799,7.00072,6.97712,7.00255,6.96889,162504
USDCNH.FXCM,20221229,6.96888,6.92228,6.9761,6.90457,6.97712,6.92662,6.97819,6.90547,152876
USDCNH.FXCM,20221230,6.96826,6.92228,6.9761,6.90457,6.97774,6.92662,6.97819,6.90547,132764
USDCNH.FXCM,20230101,6.92228,6.92298,6.92819,6.92038,6.92662,6.93062,6.93235,6.92374,50626
USDCNH.FXCM,20230102,6.92298,6.92296,6.939,6.87827,6.93062,6.92535,6.94017,6.87949,244152
USDCNH.FXCM,20230103,6.92296,6.8974,6.92296,6.8798,6.92535,6.90158,6.92776,6.88069,229911
USDCNH.FXCM,20230104,6.8974,6.8858,6.90262,6.87034,6.90158,6.89307,6.90404,6.87125,213057
USDCNH.FXCM,20230105,6.8858,6.82894,6.89109,6.82148,6.89307,6.83418,6.8947,6.82406,248476
USDCNH.FXCM,20230106,6.88585,6.82894,6.89109,6.82148,6.89221,6.83418,6.8947,6.82406,220532
USDCNH.FXCM,20230108,6.82894,6.77745,6.82894,6.76573,6.83418,6.78455,6.83418,6.7667,287714
USDCNH.FXCM,20230109,6.77745,6.78228,6.79896,6.75836,6.78455,6.78732,6.79964,6.75928,255977
USDCNH.FXCM,20230110,6.78228,6.76525,6.7969,6.76195,6.78732,6.77282,6.79775,6.76277,218263
USDCNH.FXCM,20230111,6.76525,6.72401,6.77296,6.72401,6.77282,6.72865,6.77381,6.72534,301413
USDCNH.FXCM,20230112,6.72401,6.70522,6.74853,6.70471,6.72865,6.70969,6.7492,6.70607,256541
USDCNH.FXCM,20230113,6.72114,6.70522,6.74853,6.70471,6.73068,6.70969,6.7492,6.70607,256512
USDCNH.FXCM,20230115,6.70522,6.73691,6.74778,6.69696,6.70969,6.74507,6.74863,6.69789,223870
USDCNH.FXCM,20230116,6.73691,6.76883,6.78985,6.73459,6.74507,6.77021,6.79038,6.7355,278217
USDCNH.FXCM,20230117,6.76883,6.76605,6.78986,6.74046,6.77021,6.77319,6.79087,6.74195,356072
USDCNH.FXCM,20230118,6.76605,6.76974,6.79413,6.76239,6.77319,6.77299,6.79494,6.76323,296937
USDCNH.FXCM,20230119,6.76974,6.77912,6.79271,6.75944,6.77299,6.78943,6.79351,6.76049,260796
USDCNH.FXCM,20230120,6.76835,6.77912,6.79271,6.75944,6.77324,6.78943,6.79351,6.76049,260787
USDCNH.FXCM,20230122,6.77912,6.77208,6.79038,6.76209,6.78943,6.78127,6.79127,6.76379,185480
USDCNH.FXCM,20230123,6.77208,6.78087,6.79125,6.76892,6.78127,6.7869,6.7921,6.77033,157385
USDCNH.FXCM,20230124,6.78087,6.76708,6.78809,6.76572,6.7869,6.77662,6.78958,6.76676,158389
USDCNH.FXCM,20230125,6.76708,6.73342,6.77432,6.72466,6.77662,6.73861,6.77873,6.7256,190292
USDCNH.FXCM,20230126,6.73342,6.75574,6.77145,6.72113,6.73861,6.75895,6.77227,6.72221,132627
USDCNH.FXCM,20230127,6.73487,6.75574,6.77145,6.72113,6.73993,6.75895,6.77227,6.72221,130714
USDCNH.FXCM,20230128,6.75574,6.75554,6.75634,6.75377,6.75895,6.76072,6.76481,6.75895,238
USDCNH.FXCM,20230129,6.75554,6.75368,6.75809,6.73462,6.76072,6.75889,6.76472,6.74021,214344
USDCNH.FXCM,20230130,6.75368,6.75491,6.76664,6.7481,6.75889,6.7609,6.76739,6.74922,216203
USDCNH.FXCM,20230131,6.75491,6.71636,6.75764,6.71399,6.7609,6.72174,6.76456,6.71508,249606
USDCNH.FXCM,20230201,6.71636,6.73733,6.74405,6.70537,6.72174,6.74311,6.74478,6.70615,283516
USDCNH.FXCM,20230202,6.73733,6.80531,6.80955,6.72858,6.74311,6.80991,6.81033,6.7351,277859
USDCNH.FXCM,20230203,6.72858,6.80531,6.80955,6.72858,6.73868,6.80991,6.81033,6.7351,277087
USDCNH.FXCM,20230204,6.80531,6.81027,6.81027,6.80531,6.80991,6.81953,6.81953,6.80991,9
USDCNH.FXCM,20230205,6.81027,6.80037,6.83083,6.77741,6.81953,6.81062,6.83467,6.77825,263172
USDCNH.FXCM,20230206,6.80037,6.78238,6.80352,6.77581,6.81062,6.78586,6.81062,6.77676,269093
USDCNH.FXCM,20230207,6.78238,6.79371,6.80338,6.77344,6.78586,6.79825,6.80397,6.77427,220492
USDCNH.FXCM,20230208,6.79371,6.79262,6.80426,6.77576,6.79825,6.79731,6.80519,6.77656,236702
USDCNH.FXCM,20230209,6.79262,6.82247,6.8282,6.78669,6.79731,6.82559,6.82898,6.79017,270405
USDCNH.FXCM,20230210,6.78669,6.82247,6.8282,6.78669,6.79686,6.82559,6.82898,6.79017,269636
USDCNH.FXCM,20230211,6.82247,6.82139,6.82247,6.81911,6.82559,6.82745,6.82794,6.82559,41
USDCNH.FXCM,20230212,6.82139,6.82287,6.84506,6.81821,6.82745,6.82643,6.84692,6.82109,213802
USDCNH.FXCM,20230213,6.82287,6.83629,6.84027,6.80435,6.82643,6.83897,6.84109,6.80618,294733
USDCNH.FXCM,20230214,6.83629,6.86052,6.87084,6.82952,6.83897,6.86527,6.87156,6.83035,238015
USDCNH.FXCM,20230215,6.86052,6.86723,6.87994,6.84988,6.86527,6.87013,6.8808,6.85063,251804
USDCNH.FXCM,20230216,6.86723,6.86709,6.8963,6.86567,6.87013,6.87748,6.89705,6.86974,249249
USDCNH.FXCM,20230217,6.86567,6.86709,6.8963,6.86567,6.87055,6.87748,6.89705,6.8698,249248
USDCNH.FXCM,20230218,6.86709,6.87227,6.87269,6.86709,6.87748,6.88073,6.88073,6.87748,4
USDCNH.FXCM,20230219,6.87227,6.85756,6.88283,6.85418,6.88073,6.86176,6.8835,6.85487,156570
USDCNH.FXCM,20230220,6.85756,6.88592,6.89551,6.85688,6.86176,6.89461,6.89636,6.85869,252780
USDCNH.FXCM,20230221,6.88592,6.89948,6.90778,6.88396,6.89461,6.90756,6.9088,6.8876,238376
USDCNH.FXCM,20230222,6.89948,6.91119,6.92373,6.8836,6.90756,6.92087,6.92447,6.8844,218559
USDCNH.FXCM,20230223,6.91119,6.97632,6.98239,6.91119,6.92087,6.98333,6.98419,6.91194,262432
USDCNH.FXCM,20230224,6.91162,6.97632,6.98239,6.91121,6.91863,6.98333,6.98419,6.91194,262235
USDCNH.FXCM,20230225,6.97632,6.97379,6.97951,6.97267,6.98333,6.98307,6.98616,6.97993,36
USDCNH.FXCM,20230226,6.97379,6.95759,6.98935,6.95474,6.98307,6.96513,6.99007,6.95549,243136
USDCNH.FXCM,20230227,6.95759,6.95289,6.96469,6.94463,6.96513,6.95717,6.96536,6.94553,253195
USDCNH.FXCM,20230228,6.95289,6.87784,6.96129,6.86324,6.95717,6.88057,6.96191,6.86382,302507
USDCNH.FXCM,20230301,6.87784,6.91962,6.93349,6.87032,6.88057,6.92308,6.93433,6.87103,283638
USDCNH.FXCM,20230302,6.91962,6.89451,6.92036,6.89012,6.92308,6.89836,6.92411,6.8908,246327
USDCNH.FXCM,20230303,6.91964,6.89451,6.92036,6.89012,6.92308,6.89836,6.92411,6.8908,246158
USDCNH.FXCM,20230304,6.89451,6.90677,6.91101,6.89451,6.89836,6.91512,6.91922,6.89836,18
USDCNH.FXCM,20230305,6.90677,6.94662,6.952,6.90632,6.91512,6.95192,6.95295,6.90722,222233
USDCNH.FXCM,20230306,6.94662,6.99267,6.99515,6.92582,6.95192,6.99578,6.9961,6.92678,268197
USDCNH.FXCM,20230307,6.99267,6.96667,6.99603,6.94671,6.99578,6.97016,6.99819,6.94738,250420
USDCNH.FXCM,20230308,6.96667,6.97375,6.98626,6.96251,6.97016,6.97977,6.98704,6.9635,238543
USDCNH.FXCM,20230309,6.97375,6.93714,6.98524,6.90273,6.97977,6.94197,6.98632,6.90354,318393
USDCNH.FXCM,20230310,6.97421,6.93714,6.98524,6.90273,6.97971,6.94197,6.98632,6.90354,317897
USDCNH.FXCM,20230311,6.93714,6.93022,6.93714,6.92888,6.94197,6.93497,6.94197,6.93483,115
USDCNH.FXCM,20230312,6.93022,6.84747,6.93022,6.83116,6.93497,6.85665,6.93497,6.83202,384251
USDCNH.FXCM,20230313,6.84747,6.87985,6.88816,6.84653,6.85665,6.88537,6.88914,6.85158,312731
USDCNH.FXCM,20230314,6.87985,6.88951,6.91379,6.87129,6.88537,6.89663,6.91469,6.87227,329164
USDCNH.FXCM,20230315,6.88951,6.89174,6.91353,6.88394,6.89663,6.89763,6.91428,6.88522,294656
USDCNH.FXCM,20230316,6.89174,6.88627,6.9007,6.85777,6.89763,6.89373,6.90241,6.8586,243842
USDCNH.FXCM,20230317,6.89112,6.88627,6.9007,6.85777,6.89753,6.89373,6.90241,6.8586,243655
USDCNH.FXCM,20230319,6.88627,6.87275,6.90655,6.87034,6.89373,6.87491,6.90738,6.87299,283774
USDCNH.FXCM,20230320,6.87275,6.87609,6.88463,6.86428,6.87491,6.87732,6.88543,6.8651,228017
USDCNH.FXCM,20230321,6.87609,6.85701,6.89395,6.84253,6.87732,6.86508,6.89468,6.84368,235493
USDCNH.FXCM,20230322,6.85701,6.82745,6.86293,6.80995,6.86508,6.83334,6.8651,6.81084,278209
USDCNH.FXCM,20230323,6.82745,6.86761,6.8841,6.82309,6.83334,6.87368,6.88518,6.83026,280745
USDCNH.FXCM,20230324,6.82855,6.86761,6.8841,6.82309,6.83165,6.87368,6.88518,6.83026,280640
USDCNH.FXCM,20230325,6.86305,6.86305,6.86305,6.86305,6.87296,6.87296,6.87296,6.87296,1
USDCNH.FXCM,20230326,6.86761,6.88043,6.89573,6.86199,6.87368,6.8844,6.89638,6.8671,221826
USDCNH.FXCM,20230327,6.88043,6.87413,6.88968,6.87004,6.8844,6.88022,6.89043,6.87085,207239
USDCNH.FXCM,20230328,6.87413,6.89036,6.89813,6.87269,6.88022,6.8963,6.89883,6.87508,211665
USDCNH.FXCM,20230329,6.89036,6.87425,6.91188,6.87367,6.8963,6.87526,6.91267,6.87434,206360
USDCNH.FXCM,20230330,6.87425,6.86861,6.88065,6.8434,6.87526,6.87884,6.88143,6.84432,232612
USDCNH.FXCM,20230331,6.87407,6.86861,6.88065,6.8434,6.87519,6.87884,6.88143,6.84432,232590
USDCNH.FXCM,20230401,6.86861,6.86887,6.86887,6.86861,6.87884,6.87903,6.87903,6.87803,29
USDCNH.FXCM,20230402,6.86887,6.87038,6.90033,6.86647,6.87903,6.87989,6.90114,6.87396,235196
USDCNH.FXCM,20230403,6.87038,6.87667,6.89281,6.86926,6.87989,6.88179,6.89351,6.87167,239823
USDCNH.FXCM,20230404,6.87667,6.87979,6.88608,6.86238,6.88179,6.88672,6.88775,6.86316,223632
USDCNH.FXCM,20230405,6.87979,6.87704,6.88813,6.87007,6.88672,6.88633,6.88885,6.87115,214790
USDCNH.FXCM,20230406,6.87704,6.87147,6.88688,6.86905,6.88633,6.88123,6.88773,6.87174,73429
USDCNH.FXCM,20230407,6.8765,6.87147,6.88688,6.86905,6.88633,6.88123,6.88773,6.87174,73428
USDCNH.FXCM,20230408,6.87147,6.87318,6.87319,6.86766,6.88123,6.87972,6.88123,6.87736,143
USDCNH.FXCM,20230409,6.87318,6.88824,6.89609,6.86943,6.87972,6.89684,6.89694,6.87487,169796
USDCNH.FXCM,20230410,6.88824,6.89285,6.89776,6.88516,6.89684,6.8948,6.89851,6.88596,199827
USDCNH.FXCM,20230411,6.89285,6.87778,6.89551,6.8745,6.8948,6.88352,6.89764,6.87535,207263
USDCNH.FXCM,20230412,6.87778,6.87088,6.88545,6.86562,6.88352,6.87321,6.88614,6.86627,202145
USDCNH.FXCM,20230413,6.87088,6.86865,6.87573,6.82977,6.87321,6.87423,6.87657,6.83067,245340
USDCNH.FXCM,20230414,6.87042,6.86865,6.87573,6.82977,6.87388,6.87423,6.87657,6.83067,245324
USDCNH.FXCM,20230415,6.86865,6.86168,6.86865,6.85928,6.87423,6.8689,6.87423,6.86857,36318
USDCNH.FXCM,20230416,6.86168,6.8784,6.88828,6.85871,6.8689,6.88662,6.88895,6.86681,224929
USDCNH.FXCM,20230417,6.8784,6.88096,6.88522,6.86434,6.88662,6.88437,6.88755,6.86539,208689
USDCNH.FXCM,20230418,6.88096,6.89178,6.91007,6.87256,6.88437,6.89767,6.9109,6.8735,228277
USDCNH.FXCM,20230419,6.89178,6.88264,6.90273,6.87424,6.89767,6.88616,6.90342,6.87497,214795
USDCNH.FXCM,20230420,6.88264,6.89682,6.90546,6.87741,6.88616,6.9025,6.9062,6.87841,214401
USDCNH.FXCM,20230421,6.88264,6.89682,6.90546,6.87741,6.88598,6.9025,6.9062,6.87841,214396
USDCNH.FXCM,20230422,6.89682,6.89638,6.89682,6.89297,6.9025,6.90392,6.90399,6.9023,90
USDCNH.FXCM,20230423,6.89638,6.89912,6.91254,6.8907,6.90392,6.90598,6.91323,6.89145,179425
USDCNH.FXCM,20230424,6.89912,6.93845,6.95041,6.89449,6.90598,6.94718,6.951,6.89534,224772
USDCNH.FXCM,20230425,6.93845,6.93784,6.94569,6.92352,6.94718,6.94536,6.94855,6.92427,270103
USDCNH.FXCM,20230426,6.93784,6.92684,6.94657,6.92066,6.94536,6.93326,6.94726,6.9215,223225
USDCNH.FXCM,20230427,6.92684,6.92501,6.93894,6.91723,6.93326,6.92915,6.93963,6.91779,232308
USDCNH.FXCM,20230428,6.92674,6.92501,6.93894,6.91723,6.93356,6.92915,6.93963,6.91779,232308
USDCNH.FXCM,20230429,6.92501,6.92438,6.92501,6.92347,6.92915,6.93462,6.93476,6.92915,53
USDCNH.FXCM,20230430,6.92438,6.96039,6.96332,6.92399,6.93462,6.96313,6.96404,6.93272,173821
USDCNH.FXCM,20230501,6.96039,6.93109,6.96417,6.93069,6.96313,6.93867,6.96504,6.93151,218903
USDCNH.FXCM,20230502,6.93109,6.91979,6.93688,6.90599,6.93867,6.92416,6.94003,6.90707,219501
USDCNH.FXCM,20230503,6.91979,6.91373,6.92785,6.89598,6.92416,6.91741,6.92862,6.89662,216176
USDCNH.FXCM,20230504,6.91373,6.91506,6.9326,6.90808,6.91741,6.92541,6.93347,6.90897,194671
USDCNH.FXCM,20230505,6.91346,6.91506,6.9326,6.90808,6.9166,6.92541,6.93347,6.90897,194661
USDCNH.FXCM,20230506,6.91506,6.91177,6.91506,6.91177,6.92541,6.92183,6.92541,6.92183,17
USDCNH.FXCM,20230507,6.91177,6.91638,6.92549,6.91177,6.92183,6.92334,6.92802,6.91645,172138
USDCNH.FXCM,20230508,6.91638,6.92273,6.93387,6.91636,6.92334,6.92778,6.9346,6.92185,165398
USDCNH.FXCM,20230509,6.92273,6.93637,6.94175,6.91634,6.92778,6.94181,6.94252,6.91717,194598
USDCNH.FXCM,20230510,6.93637,6.95772,6.96386,6.93049,6.94181,6.96152,6.96465,6.93131,208867
USDCNH.FXCM,20230511,6.95772,6.97041,6.97275,6.94997,6.96152,6.97378,6.97434,6.95074,178498
USDCNH.FXCM,20230512,6.95754,6.97041,6.97275,6.94997,6.96189,6.97378,6.97434,6.95074,178497
USDCNH.FXCM,20230513,6.97041,6.96582,6.97041,6.96542,6.97378,6.97339,6.9747,6.97311,138
USDCNH.FXCM,20230514,6.96582,6.95524,6.97466,6.95479,6.97339,6.96208,6.97541,6.95547,182804
USDCNH.FXCM,20230515,6.95524,6.99753,6.99885,6.95503,6.96208,6.99938,6.99949,6.95578,207738
USDCNH.FXCM,20230516,6.99753,7.00341,7.02249,6.98967,6.99938,7.01201,7.02332,6.99307,209731
USDCNH.FXCM,20230517,7.00341,7.04736,7.06063,7.00272,7.01201,7.05313,7.06141,7.0081,226871
USDCNH.FXCM,20230518,7.04736,7.02108,7.07465,7.01164,7.05313,7.02921,7.07536,7.0125,257383
USDCNH.FXCM,20230519,7.04676,7.02108,7.07465,7.01164,7.05309,7.02921,7.07536,7.0125,257336
USDCNH.FXCM,20230520,7.02108,7.02553,7.02553,7.02029,7.02921,7.03213,7.03387,7.02921,110
USDCNH.FXCM,20230521,7.02553,7.04493,7.05327,7.01491,7.03213,7.04983,7.054,7.01556,224487
USDCNH.FXCM,20230522,7.04493,7.06232,7.07163,7.04057,7.04983,7.06803,7.07242,7.04166,240897
USDCNH.FXCM,20230523,7.06232,7.06172,7.08149,7.04573,7.06803,7.07204,7.08207,7.04647,258122
USDCNH.FXCM,20230524,7.06172,7.08914,7.0944,7.05693,7.07204,7.09466,7.09516,7.06428,249051
USDCNH.FXCM,20230525,7.08914,7.06918,7.09821,7.05535,7.09466,7.07915,7.09896,7.05612,237944
USDCNH.FXCM,20230526,7.08919,7.06918,7.09821,7.05535,7.09499,7.07915,7.09896,7.05612,237944
USDCNH.FXCM,20230527,7.06918,7.06827,7.06933,7.06817,7.07915,7.07833,7.07915,7.07823,6
USDCNH.FXCM,20230528,7.06827,7.08011,7.09086,7.06372,7.07833,7.09053,7.0916,7.07222,140286
USDCNH.FXCM,20230529,7.08011,7.08938,7.10929,7.07444,7.09053,7.09299,7.10976,7.07491,297685
USDCNH.FXCM,20230530,7.08938,7.11901,7.13386,7.08703,7.09299,7.1204,7.13467,7.08767,312255
USDCNH.FXCM,20230531,7.11901,7.10377,7.13972,7.10149,7.1204,7.10517,7.14027,7.1023,278589
USDCNH.FXCM,20230601,7.10377,7.10827,7.11463,7.06643,7.10517,7.11148,7.11524,7.0674,304811
USDCNH.FXCM,20230603,7.10827,7.10444,7.10827,7.09892,7.11148,7.10823,7.11148,7.10768,108
USDCNH.FXCM,20230604,7.10444,7.11723,7.13554,7.09752,7.10823,7.12183,7.13631,7.10356,252160
USDCNH.FXCM,20230605,7.11723,7.12786,7.14399,7.10581,7.12183,7.1292,7.14464,7.10654,258371
USDCNH.FXCM,20230606,7.12786,7.14543,7.15301,7.11167,7.1292,7.14933,7.15374,7.11222,252926
USDCNH.FXCM,20230607,7.14543,7.11709,7.15553,7.11667,7.14933,7.12364,7.15615,7.11722,304610
USDCNH.FXCM,20230608,7.11709,7.1413,7.14604,7.11604,7.12364,7.14646,7.14674,7.1167,252940
USDCNH.FXCM,20230610,7.1413,7.13848,7.1413,7.13522,7.14646,7.14673,7.14673,7.14557,53
USDCNH.FXCM,20230611,7.13848,7.15459,7.16016,7.13213,7.14673,7.15783,7.16074,7.13886,227766
USDCNH.FXCM,20230612,7.15459,7.17149,7.17859,7.14765,7.15783,7.17704,7.17933,7.14884,335918
USDCNH.FXCM,20230613,7.17149,7.17189,7.17858,7.15044,7.17704,7.17828,7.17922,7.15113,284880
USDCNH.FXCM,20230614,7.17189,7.11968,7.1919,7.11741,7.17828,7.12146,7.19251,7.11803,314230
USDCNH.FXCM,20230615,7.11968,7.12675,7.14425,7.10372,7.12146,7.12952,7.14478,7.10439,316478
USDCNH.FXCM,20230618,7.12675,7.16292,7.16709,7.12536,7.12952,7.16439,7.1677,7.12952,194384
USDCNH.FXCM,20230619,7.16292,7.18,7.18912,7.16042,7.16439,7.18331,7.18972,7.16101,264812
USDCNH.FXCM,20230620,7.18,7.17487,7.20316,7.17485,7.18331,7.17702,7.20395,7.17558,286964
USDCNH.FXCM,20230621,7.17487,7.19318,7.20347,7.16647,7.17702,7.19717,7.20402,7.16731,261379
USDCNH.FXCM,20230622,7.19318,7.21258,7.2283,7.19011,7.19717,7.2183,7.22898,7.19353,281323
USDCNH.FXCM,20230624,7.21258,7.20977,7.21258,7.20957,7.2183,7.21893,7.21911,7.2183,12
USDCNH.FXCM,20230625,7.20977,7.24007,7.24617,7.20553,7.21893,7.24481,7.24715,7.20655,261771
USDCNH.FXCM,20230626,7.24007,7.2228,7.24916,7.20607,7.24481,7.22719,7.24983,7.20677,345923
USDCNH.FXCM,20230627,7.2228,7.24091,7.2689,7.21166,7.22719,7.24559,7.26959,7.21236,316027
USDCNH.FXCM,20230628,7.24091,7.26707,7.27661,7.23317,7.24559,7.27003,7.27733,7.23388,331672
USDCNH.FXCM,20230629,7.26707,7.26536,7.28534,7.2513,7.27003,7.27019,7.2861,7.25193,300085
USDCNH.FXCM,20230701,7.26536,7.26298,7.26536,7.26298,7.27019,7.27253,7.27453,7.27019,76
USDCNH.FXCM,20230702,7.26298,7.24902,7.27268,7.24465,7.27253,7.25764,7.27489,7.2455,258350
USDCNH.FXCM,20230703,7.24902,7.2263,7.25716,7.2177,7.25764,7.23387,7.25948,7.21836,183460
USDCNH.FXCM,20230704,7.2263,7.26,7.26498,7.22129,7.23387,7.26533,7.26571,7.22198,246036
USDCNH.FXCM,20230705,7.26,7.25421,7.27411,7.24226,7.26533,7.25634,7.2748,7.2429,308789
USDCNH.FXCM,20230706,7.25421,7.22875,7.25714,7.22443,7.25634,7.23695,7.26544,7.22518,273807
USDCNH.FXCM,20230708,7.22875,7.22907,7.22945,7.22875,7.23695,7.23903,7.23913,7.23695,5
USDCNH.FXCM,20230709,7.22907,7.22907,7.24893,7.21998,7.23903,7.23042,7.24954,7.22058,258728
USDCNH.FXCM,20230710,7.22907,7.21173,7.23602,7.19443,7.23042,7.21613,7.23683,7.19513,284604
USDCNH.FXCM,20230711,7.21173,7.16437,7.21272,7.16125,7.21613,7.16892,7.21879,7.16188,293066
USDCNH.FXCM,20230712,7.16437,7.14909,7.18158,7.14767,7.16892,7.15144,7.18216,7.14831,260792
USDCNH.FXCM,20230713,7.14909,7.15378,7.16149,7.12232,7.15144,7.16051,7.16215,7.12306,301058
USDCNH.FXCM,20230715,7.15378,7.15227,7.15567,7.15053,7.16051,7.16223,7.16223,7.1593,119
USDCNH.FXCM,20230716,7.15227,7.1767,7.18938,7.14812,7.16223,7.18143,7.19002,7.14886,268737
USDCNH.FXCM,20230717,7.1767,7.19241,7.19675,7.16725,7.18143,7.19442,7.19748,7.16787,305076
USDCNH.FXCM,20230718,7.19241,7.23129,7.23661,7.19041,7.19442,7.23379,7.2372,7.19195,318908
USDCNH.FXCM,20230719,7.23129,7.17021,7.2318,7.16646,7.23379,7.17856,7.23444,7.16711,308075
USDCNH.FXCM,20230720,7.17021,7.18633,7.192,7.16374,7.17856,7.19127,7.1926,7.1643,286098
USDCNH.FXCM,20230723,7.18633,7.18414,7.21309,7.17839,7.19127,7.18584,7.21374,7.17942,277413
USDCNH.FXCM,20230724,7.18414,7.13467,7.18955,7.12548,7.18584,7.1392,7.1918,7.12619,282136
USDCNH.FXCM,20230725,7.13467,7.15038,7.16387,7.132,7.1392,7.15732,7.16453,7.13717,309776
USDCNH.FXCM,20230726,7.15038,7.16789,7.17715,7.11558,7.15732,7.17276,7.17775,7.11636,347720
USDCNH.FXCM,20230727,7.16789,7.14794,7.17759,7.14389,7.17276,7.15453,7.1781,7.14463,365468
USDCNH.FXCM,20230730,7.14794,7.14415,7.15907,7.13249,7.15453,7.14863,7.15973,7.13306,280550
USDCNH.FXCM,20230731,7.14415,7.18225,7.19081,7.14009,7.14863,7.18669,7.19162,7.14621,288738
USDCNH.FXCM,20230801,7.18225,7.19887,7.21277,7.17289,7.18669,7.2043,7.21324,7.1737,297908
USDCNH.FXCM,20230802,7.19887,7.1782,7.20794,7.16991,7.2043,7.18533,7.20851,7.17055,285620
USDCNH.FXCM,20230803,7.1782,7.18604,7.19473,7.1549,7.18533,7.19043,7.19662,7.15565,324961
USDCNH.FXCM,20230805,7.18604,7.18327,7.18604,7.18284,7.19043,7.19173,7.19277,7.19043,25
USDCNH.FXCM,20230806,7.18327,7.19697,7.2052,7.18056,7.19173,7.20517,7.2059,7.18641,228415
USDCNH.FXCM,20230807,7.19697,7.23448,7.25095,7.19438,7.20517,7.23988,7.25161,7.20078,280197
USDCNH.FXCM,20230808,7.23448,7.22705,7.2439,7.20652,7.23988,7.23389,7.24458,7.20722,245439
USDCNH.FXCM,20230809,7.22705,7.24106,7.2446,7.20681,7.23389,7.24417,7.24624,7.20801,281013
USDCNH.FXCM,20230810,7.24106,7.25993,7.26331,7.23345,7.24417,7.26301,7.26394,7.23418,258848
USDCNH.FXCM,20230812,7.25993,7.25527,7.25993,7.25219,7.26301,7.26393,7.26393,7.26253,38
USDCNH.FXCM,20230813,7.25527,7.27603,7.29248,7.25238,7.26393,7.28157,7.29315,7.26083,303479
USDCNH.FXCM,20230814,7.27603,7.32231,7.33081,7.27504,7.28157,7.3257,7.3315,7.27691,376496
USDCNH.FXCM,20230815,7.32231,7.33268,7.34242,7.30389,7.3257,7.3379,7.34304,7.30449,346846
USDCNH.FXCM,20230816,7.33268,7.30078,7.34937,7.29633,7.3379,7.30508,7.35029,7.29737,328089
USDCNH.FXCM,20230817,7.30078,7.30622,7.31848,7.282,7.30508,7.30925,7.31916,7.28277,278877
USDCNH.FXCM,20230819,7.30622,7.30398,7.30937,7.29907,7.30925,7.30713,7.31151,7.30663,22369
USDCNH.FXCM,20230820,7.30398,7.28692,7.33585,7.27765,7.30713,7.29199,7.33652,7.27838,365752
USDCNH.FXCM,20230821,7.28692,7.30354,7.31663,7.26877,7.29199,7.30956,7.31734,7.26943,256913
USDCNH.FXCM,20230822,7.30354,7.2856,7.30723,7.28216,7.30956,7.29187,7.31125,7.28285,267776
USDCNH.FXCM,20230823,7.2856,7.28057,7.29451,7.26726,7.29187,7.28158,7.29513,7.26811,299054
USDCNH.FXCM,20230824,7.28057,7.29319,7.30159,7.27689,7.28158,7.29865,7.30229,7.28137,304239
USDCNH.FXCM,20230826,7.29319,7.28332,7.29319,7.28107,7.29865,7.28934,7.29865,7.28553,273
USDCNH.FXCM,20230827,7.28332,7.29162,7.30531,7.2692,7.28934,7.29398,7.30604,7.27006,258505
USDCNH.FXCM,20230828,7.29162,7.28081,7.31043,7.27985,7.29398,7.29001,7.31108,7.28056,292488
USDCNH.FXCM,20230829,7.28081,7.30261,7.30449,7.27982,7.29001,7.30443,7.30607,7.28205,309575
USDCNH.FXCM,20230830,7.30261,7.27473,7.3027,7.26819,7.30443,7.27642,7.30446,7.26893,291419
USDCNH.FXCM,20230831,7.27473,7.2635,7.27604,7.23873,7.27642,7.2739,7.284,7.23949,412842
USDCNH.FXCM,20230902,7.2635,7.26595,7.26607,7.2635,7.2739,7.27555,7.27555,7.2739,7
USDCNH.FXCM,20230903,7.26595,7.27358,7.27859,7.25435,7.27555,7.27848,7.27929,7.25499,214722
USDCNH.FXCM,20230904,7.27358,7.30155,7.31144,7.27138,7.27848,7.30852,7.3122,7.27676,296644
USDCNH.FXCM,20230905,7.30155,7.32008,7.32757,7.30066,7.30852,7.32165,7.32843,7.30218,283978
USDCNH.FXCM,20230906,7.32008,7.33963,7.34563,7.31734,7.32165,7.34466,7.34647,7.31931,268422
USDCNH.FXCM,20230907,7.33963,7.36328,7.36785,7.33417,7.34466,7.36673,7.36866,7.33491,268199
USDCNH.FXCM,20230909,7.36328,7.35509,7.36328,7.35018,7.36673,7.36378,7.36745,7.35681,97
USDCNH.FXCM,20230910,7.35509,7.30139,7.36393,7.29143,7.36378,7.30395,7.36826,7.2922,312585
USDCNH.FXCM,20230911,7.30139,7.29994,7.31445,7.29104,7.30395,7.30165,7.31503,7.29236,245393
USDCNH.FXCM,20230912,7.29994,7.26926,7.30567,7.26892,7.30165,7.27383,7.30638,7.26959,271823
USDCNH.FXCM,20230913,7.26926,7.28858,7.29675,7.26019,7.27383,7.2915,7.29744,7.26094,284161
USDCNH.FXCM,20230914,7.28858,7.27949,7.29502,7.2592,7.2915,7.28338,7.29587,7.25997,258642
USDCNH.FXCM,20230916,7.27949,7.27996,7.27996,7.27949,7.28338,7.28154,7.28338,7.28154,2
USDCNH.FXCM,20230917,7.27949,7.28943,7.29838,7.27049,7.28338,7.2916,7.29906,7.27236,212365
USDCNH.FXCM,20230918,7.28943,7.30254,7.30753,7.28784,7.2916,7.30527,7.30819,7.28891,207220
USDCNH.FXCM,20230919,7.30254,7.30676,7.31588,7.28809,7.30527,7.30874,7.3164,7.28875,263776
USDCNH.FXCM,20230920,7.30676,7.31376,7.32124,7.30329,7.30874,7.31445,7.32194,7.30382,290653
USDCNH.FXCM,20230921,7.31376,7.298,7.31674,7.29438,7.31445,7.3005,7.31851,7.29497,239577
USDCNH.FXCM,20230923,7.298,7.29166,7.298,7.28909,7.3005,7.30201,7.30201,7.29922,144
USDCNH.FXCM,20230924,7.29166,7.31291,7.31773,7.29166,7.30201,7.315,7.31915,7.29482,207008
USDCNH.FXCM,20230925,7.31291,7.3094,7.31602,7.30545,7.315,7.31058,7.31967,7.30609,241631
USDCNH.FXCM,20230926,7.3094,7.32054,7.3263,7.30028,7.31058,7.32545,7.32704,7.30117,252638
USDCNH.FXCM,20230927,7.32054,7.29458,7.32735,7.29066,7.32545,7.29521,7.32845,7.29133,261830
USDCNH.FXCM,20230928,7.29458,7.29344,7.29853,7.28074,7.29521,7.29736,7.2993,7.2814,273686
USDCNH.FXCM,20230930,7.29344,7.29642,7.29877,7.29344,7.29736,7.30407,7.30661,7.29736,221
USDCNH.FXCM,20231001,7.29642,7.32209,7.32262,7.29338,7.30407,7.32312,7.32423,7.29688,227796
USDCNH.FXCM,20231002,7.32209,7.31816,7.33132,7.31196,7.32312,7.32339,7.33205,7.31254,301899
USDCNH.FXCM,20231003,7.31816,7.31591,7.3295,7.30821,7.32339,7.31937,7.33028,7.30983,266231
USDCNH.FXCM,20231004,7.31591,7.30413,7.32409,7.30242,7.31937,7.30711,7.32469,7.3036,254031
USDCNH.FXCM,20231005,7.30413,7.30653,7.32174,7.29805,7.30711,7.31195,7.32224,7.29883,266253
USDCNH.FXCM,20231007,7.30653,7.30698,7.30698,7.30653,7.31195,7.31112,7.31195,7.31112,2
USDCNH.FXCM,20231008,7.30653,7.29044,7.31884,7.28384,7.31195,7.29679,7.31963,7.28454,249440
USDCNH.FXCM,20231009,7.29044,7.28614,7.30109,7.26934,7.29679,7.28986,7.30167,7.27005,283570
USDCNH.FXCM,20231010,7.28614,7.29836,7.30445,7.28143,7.28986,7.30249,7.30509,7.28197,265329
USDCNH.FXCM,20231011,7.29836,7.30822,7.31287,7.28922,7.30249,7.31004,7.31353,7.28973,264705
USDCNH.FXCM,20231012,7.30822,7.31098,7.3138,7.30046,7.31004,7.31429,7.31465,7.30124,243925
USDCNH.FXCM,20231014,7.31098,7.30807,7.31098,7.30402,7.31429,7.31459,7.31462,7.31358,106
USDCNH.FXCM,20231015,7.30807,7.30757,7.31922,7.30397,7.31459,7.3087,7.31985,7.30683,205217
USDCNH.FXCM,20231016,7.30757,7.32422,7.32959,7.30555,7.3087,7.32606,7.33039,7.3087,244566
USDCNH.FXCM,20231017,7.32422,7.32754,7.32994,7.30431,7.32606,7.32814,7.33054,7.30501,248943
USDCNH.FXCM,20231018,7.32754,7.33605,7.34674,7.32154,7.32814,7.3372,7.34737,7.32213,276071
USDCNH.FXCM,20231019,7.33605,7.32595,7.33899,7.32076,7.3372,7.32894,7.33986,7.32134,230812
USDCNH.FXCM,20231021,7.32595,7.32117,7.32595,7.32117,7.32894,7.32987,7.32994,7.32894,15
USDCNH.FXCM,20231022,7.32117,7.30956,7.33305,7.30815,7.32987,7.31088,7.33365,7.3096,185231
USDCNH.FXCM,20231023,7.30956,7.31126,7.32442,7.30121,7.31088,7.31683,7.32506,7.3019,228611
USDCNH.FXCM,20231024,7.31126,7.32824,7.33057,7.30648,7.31683,7.33065,7.33405,7.30712,222504
USDCNH.FXCM,20231025,7.32824,7.32284,7.33347,7.32242,7.33065,7.32673,7.33413,7.32327,256971
USDCNH.FXCM,20231026,7.32284,7.32941,7.33486,7.31563,7.32673,7.33945,7.33945,7.31627,253627
USDCNH.FXCM,20231028,7.32941,7.32578,7.32941,7.32465,7.33945,7.33527,7.33945,7.33505,41
USDCNH.FXCM,20231029,7.32578,7.32337,7.33414,7.32224,7.33527,7.32706,7.33555,7.32282,193109
USDCNH.FXCM,20231030,7.32337,7.33984,7.34387,7.32096,7.32706,7.34366,7.34599,7.32173,246046
USDCNH.FXCM,20231031,7.33984,7.33442,7.34212,7.32851,7.34366,7.33642,7.34725,7.32917,233078
USDCNH.FXCM,20231101,7.33442,7.32382,7.33664,7.32171,7.33642,7.32906,7.34389,7.32228,224020
USDCNH.FXCM,20231102,7.32382,7.28631,7.33066,7.28582,7.32906,7.2891,7.33122,7.28662,191349
USDCNH.FXCM,20231104,7.28631,7.28759,7.28785,7.28631,7.2891,7.29482,7.29818,7.2891,16
USDCNH.FXCM,20231105,7.28759,7.27713,7.29269,7.26991,7.29482,7.28603,7.29803,7.27052,173927
USDCNH.FXCM,20231106,7.27713,7.27595,7.2944,7.27547,7.28603,7.28344,7.29497,7.27613,174374
USDCNH.FXCM,20231107,7.27595,7.28614,7.28854,7.26604,7.28344,7.28766,7.29089,7.26682,170336
USDCNH.FXCM,20231108,7.28614,7.29448,7.30191,7.28027,7.28766,7.3003,7.30258,7.2808,182789
USDCNH.FXCM,20231109,7.29448,7.30581,7.30735,7.29448,7.3003,7.30831,7.30857,7.29728,164160
USDCNH.FXCM,20231111,7.30581,7.30055,7.30581,7.30023,7.30831,7.30877,7.31031,7.30792,146
USDCNH.FXCM,20231112,7.30055,7.29143,7.31041,7.28949,7.30877,7.29448,7.3111,7.29018,157591
USDCNH.FXCM,20231113,7.29143,7.25064,7.30535,7.24862,7.29448,7.25475,7.30606,7.24935,192058
USDCNH.FXCM,20231114,7.25064,7.25527,7.26639,7.23793,7.25475,7.26192,7.26711,7.23865,224886
USDCNH.FXCM,20231115,7.25527,7.24459,7.26845,7.24251,7.26192,7.25451,7.26911,7.24306,198787
USDCNH.FXCM,20231116,7.24459,7.21341,7.25484,7.20948,7.25451,7.22292,7.25554,7.21009,199476
USDCNH.FXCM,20231117,7.21341,7.21568,7.21568,7.21341,7.22292,7.21952,7.22292,7.21952,4
USDCNH.FXCM,20231118,7.21341,7.21631,7.21646,7.21341,7.22292,7.22621,7.22649,7.22292,8799
USDCNH.FXCM,20231119,7.21631,7.16358,7.22435,7.1625,7.22621,7.17122,7.22621,7.1633,224100
USDCNH.FXCM,20231120,7.16358,7.14156,7.16741,7.12806,7.17122,7.14488,7.17256,7.12893,230582
USDCNH.FXCM,20231121,7.14156,7.16256,7.17538,7.13139,7.14488,7.16721,7.17606,7.13265,242154
USDCNH.FXCM,20231122,7.16256,7.14693,7.16714,7.13748,7.16721,7.15557,7.17021,7.13818,162839
USDCNH.FXCM,20231123,7.14693,7.14307,7.1606,7.14157,7.15557,7.15276,7.16127,7.14263,213969
USDCNH.FXCM,20231125,7.14307,7.14477,7.14477,7.13969,7.15276,7.15285,7.15485,7.15005,126
USDCNH.FXCM,20231126,7.14477,7.15823,7.16646,7.14335,7.15285,7.16074,7.16716,7.14486,205146
USDCNH.FXCM,20231127,7.15823,7.13167,7.1651,7.13072,7.16074,7.13459,7.16581,7.13177,220961
USDCNH.FXCM,20231128,7.13167,7.14162,7.14575,7.11166,7.13459,7.14464,7.14651,7.11264,266866
USDCNH.FXCM,20231129,7.14162,7.13987,7.15698,7.12247,7.14464,7.14933,7.15768,7.12315,261355
USDCNH.FXCM,20231130,7.13987,7.12214,7.15549,7.12174,7.14933,7.12595,7.15621,7.12393,284265
USDCNH.FXCM,20231202,7.12214,7.12263,7.12311,7.12214,7.12595,7.13279,7.1334,7.12595,208
USDCNH.FXCM,20231203,7.12263,7.14628,7.15483,7.12231,7.13279,7.15292,7.15553,7.12514,241762
USDCNH.FXCM,20231204,7.14628,7.17278,7.17563,7.14412,7.15292,7.17383,7.17626,7.14519,258003
USDCNH.FXCM,20231205,7.17278,7.17334,7.17655,7.16147,7.17383,7.17508,7.1772,7.16202,214325
USDCNH.FXCM,20231206,7.17334,7.16036,7.17403,7.1523,7.17508,7.16574,7.1768,7.15293,261912
USDCNH.FXCM,20231207,7.16036,7.1835,7.18943,7.15337,7.16574,7.18782,7.19009,7.15401,274948
USDCNH.FXCM,20231209,7.1835,7.18209,7.1835,7.18209,7.18782,7.19001,7.19001,7.18782,2
USDCNH.FXCM,20231210,7.1835,7.19081,7.19905,7.17834,7.18782,7.19858,7.19973,7.18292,211055
USDCNH.FXCM,20231211,7.19081,7.19104,7.19659,7.17579,7.19858,7.19693,7.19987,7.17674,210247
USDCNH.FXCM,20231212,7.19104,7.13609,7.19974,7.13392,7.19693,7.14038,7.2005,7.13582,244184
USDCNH.FXCM,20231213,7.13609,7.12261,7.14774,7.11026,7.14038,7.12573,7.14851,7.1109,312744
USDCNH.FXCM,20231214,7.12261,7.13113,7.1369,7.097,7.12573,7.13726,7.13751,7.09786,269781
USDCNH.FXCM,20231216,7.13113,7.13196,7.13196,7.13113,7.13726,7.13714,7.13726,7.13714,2
USDCNH.FXCM,20231217,7.13113,7.14048,7.14699,7.12691,7.13726,7.14602,7.14771,7.12758,189894
USDCNH.FXCM,20231218,7.14048,7.12161,7.1524,7.1189,7.14602,7.1239,7.15311,7.11953,194975
USDCNH.FXCM,20231219,7.12161,7.14813,7.15406,7.11725,7.1239,7.15337,7.15469,7.12309,183676
USDCNH.FXCM,20231220,7.14813,7.14004,7.16033,7.13454,7.15337,7.14656,7.161,7.13514,222198
USDCNH.FXCM,20231221,7.14004,7.14926,7.16335,7.12885,7.14656,7.15854,7.16394,7.12947,233083
USDCNH.FXCM,20231223,7.14926,7.14926,7.14926,7.14926,7.15854,7.15854,7.15854,7.15854,2
USDCNH.FXCM,20231224,7.14926,7.15089,7.15389,7.14926,7.15854,7.15434,7.15938,7.1543,126
USDCNH.FXCM,20231225,7.15089,7.13904,7.15269,7.13828,7.15434,7.14554,7.15434,7.13914,99798
USDCNH.FXCM,20231226,7.13904,7.14951,7.16042,7.13714,7.14554,7.15452,7.16122,7.14194,134420
USDCNH.FXCM,20231227,7.14951,7.11665,7.15021,7.10007,7.15452,7.12029,7.15503,7.10082,183421
USDCNH.FXCM,20231228,7.11665,7.12068,7.12982,7.08723,7.12029,7.13032,7.1307,7.08791,218738
USDCNH.FXCM,20231230,7.12068,7.12068,7.12068,7.12068,7.13032,7.13032,7.13032,7.13032,2
USDCNH.FXCM,20231231,7.12068,7.12068,7.12068,7.12068,7.13032,7.13032,7.13032,7.13032,4
USDCNH.FXCM,20240101,7.12068,7.14573,7.15432,7.12068,7.13032,7.15227,7.15501,7.12681,153987
USDCNH.FXCM,20240102,7.14573,7.1629,7.17236,7.14223,7.15227,7.1697,7.17294,7.14311,209660
USDCNH.FXCM,20240103,7.1629,7.17235,7.178,7.15226,7.1697,7.17755,7.17876,7.15291,224559
USDCNH.FXCM,20240104,7.17235,7.16258,7.18001,7.14052,7.17755,7.16865,7.18077,7.14121,283209
USDCNH.FXCM,20240106,7.16258,7.15806,7.16258,7.15806,7.16865,7.16724,7.16865,7.16724,2
USDCNH.FXCM,20240107,7.16258,7.16073,7.17449,7.15405,7.16865,7.16457,7.17515,7.15479,209506
USDCNH.FXCM,20240108,7.16073,7.18365,7.18791,7.15885,7.16457,7.18481,7.18853,7.16028,179303
USDCNH.FXCM,20240109,7.18365,7.18099,7.18938,7.17727,7.18481,7.18446,7.19005,7.17795,187098
USDCNH.FXCM,20240110,7.18099,7.17338,7.18364,7.16135,7.18446,7.17624,7.18734,7.16204,259553
USDCNH.FXCM,20240111,7.17338,7.18612,7.19263,7.1653,7.17624,7.19253,7.19343,7.16587,197711
USDCNH.FXCM,20240113,7.18612,7.18394,7.18612,7.18394,7.19253,7.19335,7.19335,7.19253,1
USDCNH.FXCM,20240114,7.18394,7.18144,7.19122,7.1746,7.19335,7.18956,7.19335,7.17522,150821
USDCNH.FXCM,20240115,7.18144,7.21779,7.2229,7.18103,7.18956,7.22007,7.22365,7.18596,281150
USDCNH.FXCM,20240116,7.21779,7.21945,7.23187,7.20667,7.22007,7.22397,7.23259,7.20732,244904
USDCNH.FXCM,20240117,7.21945,7.21518,7.22234,7.20741,7.22397,7.21708,7.23062,7.20814,219264
USDCNH.FXCM,20240118,7.21518,7.20144,7.2166,7.19598,7.21708,7.20547,7.22111,7.19673,210109
USDCNH.FXCM,20240120,7.20144,7.2066,7.20752,7.20144,7.20547,7.21402,7.2155,7.20547,37
USDCNH.FXCM,20240121,7.2066,7.19214,7.20867,7.19072,7.21402,7.19467,7.21402,7.19159,194375
USDCNH.FXCM,20240122,7.19214,7.16594,7.1994,7.16276,7.19467,7.16915,7.20003,7.16339,242944
USDCNH.FXCM,20240123,7.16594,7.15988,7.17947,7.14114,7.16915,7.16561,7.18013,7.14181,254686
USDCNH.FXCM,20240124,7.15988,7.17842,7.18874,7.15539,7.16561,7.18384,7.18944,7.15623,260654
USDCNH.FXCM,20240125,7.17842,7.18505,7.19279,7.17474,7.18384,7.18865,7.19367,7.17794,237486
USDCNH.FXCM,20240127,7.18505,7.18125,7.18505,7.181,7.18865,7.19044,7.19315,7.18865,93
USDCNH.FXCM,20240128,7.18125,7.18616,7.19662,7.18125,7.19044,7.18864,7.19718,7.18566,202160
USDCNH.FXCM,20240129,7.18616,7.18468,7.19217,7.18066,7.18864,7.1893,7.19267,7.18134,206832
USDCNH.FXCM,20240130,7.18468,7.18482,7.19149,7.17254,7.1893,7.1886,7.19213,7.17314,300370
USDCNH.FXCM,20240131,7.18482,7.18725,7.19727,7.18209,7.1886,7.18832,7.19798,7.18322,271501
USDCNH.FXCM,20240201,7.18725,7.21421,7.2164,7.18519,7.18832,7.21779,7.21779,7.18593,224930
USDCNH.FXCM,20240203,7.21421,7.21365,7.21421,7.20718,7.21779,7.21735,7.218,7.21643,49
USDCNH.FXCM,20240204,7.21365,7.21923,7.22427,7.20812,7.21735,7.22075,7.22497,7.2088,243907
USDCNH.FXCM,20240205,7.21923,7.2005,7.21973,7.1938,7.22075,7.20257,7.22282,7.19446,208087
USDCNH.FXCM,20240206,7.2005,7.21144,7.21458,7.18846,7.20257,7.21379,7.2153,7.1892,246698
USDCNH.FXCM,20240207,7.21144,7.21388,7.21968,7.20209,7.21379,7.21684,7.22036,7.2029,240576
USDCNH.FXCM,20240208,7.21388,7.21523,7.21955,7.20731,7.21684,7.22217,7.22217,7.20797,186406
USDCNH.FXCM,20240210,7.21523,7.216,7.21732,7.21081,7.22217,7.22034,7.22217,7.21898,69
USDCNH.FXCM,20240211,7.216,7.21276,7.22515,7.21235,7.22034,7.21716,7.2259,7.21312,148501
USDCNH.FXCM,20240212,7.21276,7.2302,7.23296,7.21214,7.21716,7.23285,7.23362,7.21286,206782
USDCNH.FXCM,20240213,7.2302,7.22158,7.2335,7.22015,7.23285,7.22686,7.2345,7.22116,200482
USDCNH.FXCM,20240214,7.22158,7.21564,7.22734,7.21318,7.22686,7.22056,7.23105,7.21393,186004
USDCNH.FXCM,20240215,7.21564,7.20808,7.22318,7.20797,7.22056,7.21745,7.22395,7.21144,194366
USDCNH.FXCM,20240217,7.20808,7.20965,7.21252,7.20712,7.21745,7.21758,7.21799,7.21457,108
USDCNH.FXCM,20240218,7.20965,7.20889,7.21591,7.20361,7.21758,7.21352,7.21969,7.20434,182693
USDCNH.FXCM,20240219,7.20889,7.19958,7.21822,7.19574,7.21352,7.20316,7.21902,7.19637,248731
USDCNH.FXCM,20240220,7.19958,7.19824,7.2067,7.18085,7.20316,7.20116,7.20737,7.18141,270852
USDCNH.FXCM,20240221,7.19824,7.19996,7.20469,7.19092,7.20116,7.20425,7.20542,7.19159,261324
USDCNH.FXCM,20240222,7.19996,7.20352,7.21403,7.19827,7.20425,7.20791,7.21461,7.19891,219563
USDCNH.FXCM,20240224,7.20352,7.20264,7.20377,7.20117,7.20791,7.20915,7.21076,7.20703,75
USDCNH.FXCM,20240225,7.20264,7.21,7.21271,7.2021,7.20915,7.21225,7.21343,7.20288,205982
USDCNH.FXCM,20240226,7.21,7.21291,7.21462,7.20697,7.21225,7.21457,7.21639,7.20757,196812
USDCNH.FXCM,20240227,7.21291,7.21294,7.22005,7.21091,7.21457,7.21509,7.22064,7.2119,211792
USDCNH.FXCM,20240228,7.21294,7.20535,7.21395,7.20318,7.21509,7.20945,7.21601,7.2038,255205
USDCNH.FXCM,20240229,7.20535,7.2085,7.21515,7.20439,7.20945,7.21144,7.21597,7.2071,258145
USDCNH.FXCM,20240302,7.2085,7.20729,7.2085,7.20677,7.21144,7.21357,7.21862,7.21137,129
USDCNH.FXCM,20240303,7.20729,7.20918,7.21242,7.2066,7.21357,7.21133,7.21372,7.20729,175113
USDCNH.FXCM,20240304,7.20918,7.2102,7.21352,7.2055,7.21133,7.21354,7.21412,7.20613,200901
USDCNH.FXCM,20240305,7.2102,7.20833,7.21742,7.20611,7.21354,7.21114,7.2179,7.2067,218127
USDCNH.FXCM,20240306,7.20833,7.1997,7.21272,7.19931,7.21114,7.20122,7.2133,7.20023,222642
USDCNH.FXCM,20240307,7.1997,7.19941,7.20347,7.18441,7.20122,7.20247,7.20661,7.18502,261577
USDCNH.FXCM,20240308,7.19941,7.1989,7.19941,7.1989,7.20247,7.20311,7.20311,7.20247,4
USDCNH.FXCM,20240309,7.19941,7.19911,7.19941,7.1989,7.20247,7.20433,7.20939,7.20247,76
USDCNH.FXCM,20240310,7.19911,7.17959,7.20048,7.17872,7.20433,7.18073,7.20433,7.17975,198540
USDCNH.FXCM,20240311,7.17959,7.18634,7.19163,7.1715,7.18073,7.18752,7.19234,7.17207,257773
USDCNH.FXCM,20240312,7.18634,7.19296,7.20218,7.18447,7.18752,7.19465,7.20282,7.18503,213210
USDCNH.FXCM,20240313,7.19296,7.2012,7.20367,7.18784,7.19465,7.20364,7.20442,7.19207,233180
USDCNH.FXCM,20240314,7.2012,7.2016,7.20664,7.19802,7.20364,7.211,7.2113,7.20027,186136
USDCNH.FXCM,20240316,7.2016,7.19882,7.20347,7.19727,7.211,7.20699,7.211,7.20666,143
USDCNH.FXCM,20240317,7.19882,7.20546,7.20836,7.19882,7.20699,7.20695,7.20898,7.20218,216305
USDCNH.FXCM,20240318,7.20546,7.21131,7.21403,7.20371,7.20695,7.21303,7.21463,7.20509,226171
USDCNH.FXCM,20240319,7.21131,7.21049,7.21844,7.20727,7.21303,7.21175,7.21903,7.20787,258377
USDCNH.FXCM,20240320,7.21049,7.22091,7.22347,7.20307,7.21175,7.22206,7.22405,7.20375,250481
USDCNH.FXCM,20240321,7.22091,7.27679,7.27958,7.21734,7.22206,7.27913,7.28018,7.21793,313942
USDCNH.FXCM,20240323,7.27679,7.2715,7.27679,7.26977,7.27913,7.27923,7.27923,7.27913,5
USDCNH.FXCM,20240324,7.2715,7.25226,7.28163,7.23237,7.27923,7.2535,7.28233,7.2328,260691
USDCNH.FXCM,20240325,7.25226,7.24767,7.25398,7.23698,7.2535,7.24955,7.25506,7.23774,247938
USDCNH.FXCM,20240326,7.24767,7.25362,7.2602,7.24596,7.24955,7.25437,7.26083,7.24671,206482
USDCNH.FXCM,20240327,7.25362,7.26148,7.26701,7.24381,7.25437,7.26287,7.26767,7.24444,214402
USDCNH.FXCM,20240328,7.26148,7.25531,7.26414,7.25252,7.26287,7.25976,7.26499,7.25384,95604
USDCNH.FXCM,20240330,7.25531,7.25192,7.25531,7.25192,7.25976,7.26068,7.26445,7.25938,117
USDCNH.FXCM,20240331,7.25192,7.2583,7.26219,7.24774,7.26068,7.26083,7.2636,7.2483,186217
USDCNH.FXCM,20240401,7.2583,7.25381,7.26603,7.25177,7.26083,7.25519,7.26662,7.25242,177206
USDCNH.FXCM,20240402,7.25381,7.24818,7.26304,7.24761,7.25519,7.24975,7.26361,7.24829,186308
USDCNH.FXCM,20240403,7.24818,7.24868,7.25251,7.24152,7.24975,7.25077,7.25402,7.24205,158114
USDCNH.FXCM,20240404,7.24868,7.24687,7.25446,7.23867,7.25077,7.24776,7.25509,7.24028,353068
USDCNH.FXCM,20240406,7.24687,7.24728,7.24838,7.24547,7.24776,7.25182,7.25682,7.24776,15550
USDCNH.FXCM,20240407,7.24728,7.24096,7.25463,7.24067,7.25182,7.24249,7.25542,7.24118,275518
USDCNH.FXCM,20240408,7.24096,7.23801,7.2475,7.23549,7.24249,7.23921,7.24829,7.23602,222733
USDCNH.FXCM,20240409,7.23801,7.2618,7.26379,7.23538,7.23921,7.26388,7.26443,7.23601,296268
USDCNH.FXCM,20240410,7.2618,7.2546,7.2638,7.24907,7.26388,7.25718,7.26666,7.24968,292463
USDCNH.FXCM,20240411,7.2546,7.26466,7.26877,7.25096,7.25718,7.26968,7.26968,7.25258,276135
USDCNH.FXCM,20240413,7.26466,7.2647,7.26546,7.25949,7.26968,7.26874,7.27167,7.26872,114
USDCNH.FXCM,20240414,7.2647,7.2585,7.26711,7.25448,7.26874,7.25962,7.26944,7.25508,269564
USDCNH.FXCM,20240415,7.2585,7.26318,7.28287,7.25712,7.25962,7.26432,7.28373,7.25938,309197
USDCNH.FXCM,20240416,7.26318,7.24355,7.26826,7.2422,7.26432,7.2446,7.26902,7.24285,275478
USDCNH.FXCM,20240417,7.24355,7.24878,7.25357,7.24069,7.2446,7.24982,7.25422,7.24175,265728
USDCNH.FXCM,20240418,7.24878,7.24699,7.26262,7.24412,7.24982,7.25501,7.26329,7.24595,327604
USDCNH.FXCM,20240420,7.24699,7.24914,7.24943,7.24668,7.25501,7.25565,7.25717,7.25501,127
USDCNH.FXCM,20240421,7.24914,7.25079,7.25517,7.24723,7.25565,7.25179,7.25583,7.24833,162368
USDCNH.FXCM,20240422,7.25079,7.2601,7.26637,7.24735,7.25179,7.26119,7.26699,7.25045,218197
USDCNH.FXCM,20240423,7.2601,7.27245,7.27343,7.25497,7.26119,7.27353,7.27413,7.25553,184495
USDCNH.FXCM,20240424,7.27245,7.25445,7.27362,7.25335,7.27353,7.25544,7.27468,7.25393,223800
USDCNH.FXCM,20240425,7.25445,7.26352,7.26975,7.25167,7.25544,7.27393,7.27426,7.25227,237456
USDCNH.FXCM,20240427,7.26352,7.26439,7.26687,7.26352,7.27393,7.27061,7.27431,7.26779,144
USDCNH.FXCM,20240428,7.26439,7.24332,7.26886,7.23437,7.27061,7.24433,7.27164,7.23506,292913
USDCNH.FXCM,20240429,7.24332,7.25352,7.25694,7.23922,7.24433,7.25541,7.25755,7.24232,228315
USDCNH.FXCM,20240430,7.25352,7.23334,7.2543,7.23137,7.25541,7.23443,7.25695,7.23199,199058
USDCNH.FXCM,20240501,7.23334,7.20525,7.24487,7.19481,7.23443,7.20646,7.2455,7.19548,277590
USDCNH.FXCM,20240502,7.20525,7.18723,7.20761,7.16495,7.20646,7.19755,7.21003,7.16562,316440
USDCNH.FXCM,20240504,7.18723,7.18805,7.19555,7.18723,7.19755,7.19605,7.20455,7.19257,11761
USDCNH.FXCM,20240505,7.18805,7.21428,7.22298,7.18746,7.19605,7.21535,7.22367,7.19388,220981
USDCNH.FXCM,20240506,7.21428,7.22451,7.22669,7.20898,7.21535,7.22577,7.22723,7.21373,198185
USDCNH.FXCM,20240507,7.22451,7.22897,7.23357,7.22281,7.22577,7.23012,7.23416,7.22495,179841
USDCNH.FXCM,20240508,7.22897,7.22167,7.23431,7.21971,7.23012,7.2229,7.23491,7.22033,169502
USDCNH.FXCM,20240509,7.22167,7.22887,7.23433,7.21982,7.2229,7.23894,7.23903,7.22043,143621
USDCNH.FXCM,20240511,7.22887,7.23279,7.2331,7.22833,7.23894,7.23613,7.23894,7.23422,177
USDCNH.FXCM,20240512,7.23279,7.23889,7.24317,7.23202,7.23613,7.24026,7.24375,7.23395,147428
USDCNH.FXCM,20240513,7.23889,7.239,7.24681,7.2351,7.24026,7.24045,7.24763,7.23566,134601
USDCNH.FXCM,20240514,7.239,7.21714,7.24189,7.20474,7.24045,7.21852,7.24314,7.20565,226915
USDCNH.FXCM,20240515,7.21714,7.22218,7.22698,7.20387,7.21852,7.22363,7.22759,7.20445,177895
USDCNH.FXCM,20240516,7.22218,7.2308,7.23621,7.21915,7.22363,7.23715,7.23715,7.22,156018
USDCNH.FXCM,20240518,7.2308,7.23083,7.23276,7.23069,7.23715,7.24106,7.24216,7.23715,161
USDCNH.FXCM,20240519,7.23083,7.24648,7.24672,7.22898,7.24106,7.24739,7.2476,7.23193,136768
USDCNH.FXCM,20240520,7.24648,7.2467,7.24924,7.24082,7.24739,7.24812,7.24983,7.24139,153698
USDCNH.FXCM,20240521,7.2467,7.25417,7.25512,7.24247,7.24812,7.25544,7.25583,7.24488,141905
USDCNH.FXCM,20240522,7.25417,7.25717,7.25937,7.24912,7.25544,7.25825,7.2599,7.24989,177301
USDCNH.FXCM,20240523,7.25717,7.25792,7.26293,7.25407,7.25825,7.26605,7.2671,7.25463,127625
USDCNH.FXCM,20240525,7.25792,7.26111,7.26111,7.25792,7.26605,7.26387,7.26908,7.26384,147
USDCNH.FXCM,20240526,7.26111,7.25686,7.26164,7.25386,7.26387,7.26151,7.26486,7.25444,109860
USDCNH.FXCM,20240527,7.25686,7.26341,7.2643,7.25528,7.26151,7.26445,7.26524,7.25753,129459
USDCNH.FXCM,20240528,7.26341,7.27294,7.27553,7.26162,7.26445,7.27424,7.27613,7.26377,141812
USDCNH.FXCM,20240529,7.27294,7.25213,7.27333,7.24729,7.27424,7.25344,7.27727,7.24783,182104
USDCNH.FXCM,20240530,7.25213,7.25975,7.26807,7.24691,7.25344,7.265,7.26857,7.24811,183662
USDCNH.FXCM,20240601,7.25975,7.25945,7.26157,7.2558,7.265,7.26945,7.26955,7.2643,100121
USDCNH.FXCM,20240602,7.25945,7.25111,7.26339,7.25077,7.26945,7.25246,7.26955,7.25133,188577
USDCNH.FXCM,20240603,7.25111,7.247,7.25856,7.24081,7.25246,7.24856,7.25911,7.24145,193226
USDCNH.FXCM,20240604,7.247,7.25927,7.26043,7.24396,7.24856,7.26082,7.26171,7.24716,154545
USDCNH.FXCM,20240605,7.25927,7.25876,7.26419,7.25227,7.26082,7.26006,7.26477,7.25292,159818
USDCNH.FXCM,20240606,7.25876,7.26021,7.26507,7.24679,7.26006,7.26652,7.26652,7.24764,189777
USDCNH.FXCM,20240608,7.26021,7.26339,7.26484,7.25933,7.26652,7.27093,7.27121,7.26564,265
USDCNH.FXCM,20240609,7.26339,7.26491,7.27236,7.26008,7.27093,7.26643,7.27303,7.26392,149373
USDCNH.FXCM,20240610,7.26491,7.27067,7.27439,7.26223,7.26643,7.27211,7.27493,7.26273,154809
USDCNH.FXCM,20240611,7.27067,7.26199,7.27365,7.24974,7.27211,7.26354,7.27533,7.25033,219421
USDCNH.FXCM,20240612,7.26199,7.27008,7.27041,7.25937,7.26354,7.27091,7.27115,7.26,151823
USDCNH.FXCM,20240613,7.27008,7.268,7.27489,7.26597,7.27091,7.27407,7.27598,7.26893,163983
USDCNH.FXCM,20240615,7.268,7.2696,7.27068,7.268,7.27407,7.27335,7.27839,7.27299,119
USDCNH.FXCM,20240616,7.2696,7.26873,7.2727,7.26691,7.27335,7.27042,7.2741,7.26743,102531
USDCNH.FXCM,20240617,7.26873,7.27045,7.27695,7.2668,7.27042,7.27197,7.27759,7.26928,117540
USDCNH.FXCM,20240618,7.27045,7.28064,7.28092,7.26914,7.27197,7.28165,7.28254,7.27008,82217
USDCNH.FXCM,20240619,7.28064,7.29021,7.29167,7.27771,7.28165,7.29162,7.29264,7.27905,123180
USDCNH.FXCM,20240620,7.29021,7.28519,7.29224,7.28356,7.29162,7.29569,7.29569,7.28408,150975
USDCNH.FXCM,20240622,7.28519,7.28895,7.28935,7.28519,7.29569,7.29094,7.29569,7.29064,88
USDCNH.FXCM,20240623,7.28895,7.28265,7.2944,7.27667,7.29094,7.28401,7.29535,7.2773,145118
USDCNH.FXCM,20240624,7.28265,7.28888,7.29057,7.27601,7.28401,7.29036,7.29103,7.27653,160779
USDCNH.FXCM,20240625,7.28888,7.29985,7.30749,7.28578,7.29036,7.30134,7.30815,7.28791,204597
USDCNH.FXCM,20240626,7.29985,7.30287,7.3035,7.29399,7.30134,7.30471,7.30498,7.29466,157459
USDCNH.FXCM,20240627,7.30287,7.29594,7.3063,7.29007,7.30471,7.30383,7.30693,7.29058,222493
USDCNH.FXCM,20240629,7.29594,7.28951,7.29594,7.28949,7.30383,7.29949,7.30383,7.29949,2
USDCNH.FXCM,20240630,7.28951,7.30355,7.30566,7.28951,7.29949,7.30547,7.30711,7.29359,189236
USDCNH.FXCM,20240701,7.30355,7.3068,7.30907,7.30247,7.30547,7.30832,7.30959,7.30303,151405
USDCNH.FXCM,20240702,7.3068,7.30042,7.31117,7.2916,7.30832,7.30457,7.31168,7.29219,160818
USDCNH.FXCM,20240703,7.30042,7.29097,7.30453,7.28815,7.30457,7.29473,7.30677,7.292,113251
USDCNH.FXCM,20240704,7.29097,7.28552,7.2954,7.27845,7.29473,7.29202,7.2995,7.27917,191968
USDCNH.FXCM,20240706,7.28552,7.287,7.29033,7.28552,7.29202,7.29733,7.2984,7.29202,35
USDCNH.FXCM,20240707,7.287,7.28527,7.29237,7.28392,7.29733,7.28668,7.29733,7.28467,141101
USDCNH.FXCM,20240708,7.28527,7.28781,7.29298,7.28123,7.28668,7.28933,7.29357,7.28549,149776
USDCNH.FXCM,20240709,7.28781,7.2917,7.29337,7.28722,7.28933,7.29313,7.29398,7.28914,118765
USDCNH.FXCM,20240710,7.2917,7.26712,7.2917,7.25769,7.29313,7.26857,7.29509,7.25812,231297
USDCNH.FXCM,20240711,7.26712,7.26817,7.27842,7.26133,7.26857,7.27655,7.27897,7.26203,215136
USDCNH.FXCM,20240713,7.26817,7.2758,7.27716,7.26817,7.27655,7.27808,7.27946,7.2743,284
USDCNH.FXCM,20240714,7.2758,7.2735,7.28597,7.2677,7.27808,7.27521,7.28658,7.26833,192945
USDCNH.FXCM,20240715,7.2735,7.28827,7.29229,7.27016,7.27521,7.28971,7.29285,7.27319,183666
USDCNH.FXCM,20240716,7.28827,7.27138,7.29157,7.26059,7.28971,7.27243,7.29238,7.2612,246858
USDCNH.FXCM,20240717,7.27138,7.27708,7.27857,7.26038,7.27243,7.27805,7.27927,7.26086,257749
USDCNH.FXCM,20240718,7.27708,7.28079,7.28747,7.27443,7.27805,7.2906,7.29071,7.27644,231312
USDCNH.FXCM,20240720,7.28079,7.28265,7.28302,7.28048,7.2906,7.28839,7.2906,7.28811,78
USDCNH.FXCM,20240721,7.28265,7.29512,7.29693,7.27705,7.28839,7.29709,7.29756,7.27863,202629
USDCNH.FXCM,20240722,7.29512,7.28841,7.29717,7.28527,7.29709,7.2899,7.29867,7.2858,245747
USDCNH.FXCM,20240723,7.28841,7.26292,7.29137,7.26157,7.2899,7.26888,7.29193,7.2622,245210
USDCNH.FXCM,20240724,7.26292,7.2395,7.27167,7.20217,7.26888,7.24083,7.27235,7.20306,424386
USDCNH.FXCM,20240725,7.2395,7.2604,7.26617,7.23308,7.24083,7.26595,7.2683,7.23375,296458
USDCNH.FXCM,20240727,7.2604,7.2613,7.26146,7.2604,7.26595,7.26512,7.26857,7.26512,124
USDCNH.FXCM,20240728,7.2613,7.27001,7.27361,7.25837,7.26512,7.27317,7.27422,7.25893,285735
USDCNH.FXCM,20240729,7.27001,7.24221,7.27587,7.23469,7.27317,7.24535,7.27646,7.23535,365774
USDCNH.FXCM,20240730,7.24221,7.22421,7.25271,7.21291,7.24535,7.23033,7.25298,7.21364,485847
USDCNH.FXCM,20240731,7.22421,7.25024,7.25802,7.20977,7.23033,7.25343,7.25862,7.21043,427209
USDCNH.FXCM,20240801,7.25024,7.16137,7.25111,7.14321,7.25343,7.17053,7.25499,7.14395,510165
USDCNH.FXCM,20240803,7.16137,7.15444,7.16137,7.15275,7.17053,7.16427,7.17053,7.15833,96
USDCNH.FXCM,20240804,7.15444,7.13603,7.16392,7.08335,7.16427,7.14039,7.16748,7.08417,918769
USDCNH.FXCM,20240805,7.13603,7.15873,7.16479,7.13043,7.14039,7.16023,7.16539,7.13393,684411
USDCNH.FXCM,20240806,7.15873,7.17286,7.19416,7.15487,7.16023,7.17406,7.19483,7.15858,524314
USDCNH.FXCM,20240807,7.17286,7.18202,7.18466,7.15384,7.17406,7.19078,7.19115,7.15465,419848
USDCNH.FXCM,20240808,7.18202,7.17087,7.18962,7.16322,7.19078,7.17763,7.19138,7.16389,412110
USDCNH.FXCM,20240811,7.17087,7.1776,7.18537,7.16544,7.17763,7.17942,7.186,7.17318,341513
USDCNH.FXCM,20240812,7.1776,7.14485,7.18293,7.14485,7.17942,7.15056,7.1835,7.14553,372320
USDCNH.FXCM,20240813,7.14485,7.14595,7.15328,7.12952,7.15056,7.14838,7.15406,7.1309,462090
USDCNH.FXCM,20240814,7.14595,7.17707,7.18429,7.14045,7.14838,7.18158,7.18495,7.146,359597
USDCNH.FXCM,20240815,7.17707,7.16085,7.18359,7.15706,7.18158,7.16444,7.18433,7.16081,480362
USDCNH.FXCM,20240817,7.16085,7.15873,7.16085,7.15722,7.16444,7.16353,7.16761,7.16332,101
USDCNH.FXCM,20240818,7.15873,7.12999,7.16428,7.12733,7.16353,7.13674,7.16573,7.12801,459181
USDCNH.FXCM,20240819,7.12999,7.11505,7.14689,7.11484,7.13674,7.11883,7.14756,7.1159,469746
USDCNH.FXCM,20240820,7.11505,7.13037,7.13937,7.11152,7.11883,7.13579,7.14013,7.113,512629
USDCNH.FXCM,20240821,7.13037,7.14461,7.14909,7.12528,7.13579,7.14914,7.14973,7.12593,375207
USDCNH.FXCM,20240822,7.14461,7.11387,7.14859,7.11287,7.14914,7.11813,7.15005,7.11346,444319
USDCNH.FXCM,20240824,7.11387,7.11195,7.11387,7.11026,7.11813,7.11853,7.11854,7.11813,9
USDCNH.FXCM,20240825,7.11195,7.12034,7.12499,7.10658,7.11853,7.1258,7.1258,7.10725,435392
USDCNH.FXCM,20240826,7.12034,7.11883,7.13398,7.118,7.1258,7.12478,7.13456,7.11943,360093
USDCNH.FXCM,20240827,7.11883,7.13137,7.14063,7.11642,7.12478,7.13452,7.14114,7.11979,383811
USDCNH.FXCM,20240828,7.13137,7.09209,7.13203,7.08425,7.13452,7.09749,7.13732,7.08491,525209
USDCNH.FXCM,20240829,7.09209,7.08727,7.09758,7.07063,7.09749,7.09293,7.09823,7.07123,533753
USDCNH.FXCM,20240831,7.08727,7.08209,7.08858,7.08119,7.09293,7.09146,7.09346,7.09142,231
USDCNH.FXCM,20240901,7.08209,7.11175,7.1186,7.08209,7.09146,7.11873,7.11923,7.09061,301931
USDCNH.FXCM,20240902,7.11175,7.11839,7.13061,7.10804,7.11873,7.12369,7.13118,7.11463,450512
USDCNH.FXCM,20240903,7.11839,7.10977,7.12227,7.10548,7.12369,7.11538,7.1254,7.10603,432192
USDCNH.FXCM,20240904,7.10977,7.08771,7.11245,7.08667,7.11538,7.0933,7.11837,7.08726,497043
USDCNH.FXCM,20240905,7.08771,7.08987,7.10062,7.07317,7.0933,7.09923,7.10124,7.07365,615836
USDCNH.FXCM,20240907,7.08987,7.08548,7.08987,7.08418,7.09923,7.09354,7.09923,7.09261,10
USDCNH.FXCM,20240908,7.08548,7.11773,7.12522,7.08548,7.09354,7.12246,7.12583,7.09354,476929
USDCNH.FXCM,20240909,7.11773,7.13498,7.13527,7.11616,7.12246,7.13603,7.13627,7.11832,336588
USDCNH.FXCM,20240910,7.13498,7.12584,7.13637,7.1072,7.13603,7.13173,7.13893,7.10783,456748
USDCNH.FXCM,20240911,7.12584,7.11645,7.13289,7.11614,7.13173,7.12125,7.13341,7.11754,391331
USDCNH.FXCM,20240912,7.11645,7.09757,7.11939,7.09054,7.12125,7.10443,7.12629,7.0911,445801
USDCNH.FXCM,20240914,7.09757,7.10084,7.10451,7.09757,7.10443,7.10416,7.10873,7.10416,161
USDCNH.FXCM,20240915,7.10084,7.09319,7.1044,7.08767,7.10416,7.09981,7.10512,7.08822,449500
USDCNH.FXCM,20240916,7.09319,7.10864,7.11142,7.09222,7.09981,7.11165,7.11314,7.09288,363825
USDCNH.FXCM,20240917,7.10864,7.09182,7.11111,7.06882,7.11165,7.09819,7.11263,7.06983,421732
USDCNH.FXCM,20240918,7.09182,7.06689,7.11337,7.05987,7.09819,7.07451,7.114,7.06052,637045
USDCNH.FXCM,20240919,7.06689,7.04038,7.07322,7.03641,7.07451,7.04563,7.07666,7.03886,488340
USDCNH.FXCM,20240921,7.04038,7.04251,7.04251,7.04038,7.04563,7.05182,7.05299,7.04563,75
USDCNH.FXCM,20240922,7.04251,7.05712,7.06471,7.03957,7.05182,7.06588,7.06589,7.04025,526125
USDCNH.FXCM,20240923,7.05712,7.00834,7.06917,7.00819,7.06588,7.01303,7.07008,7.01053,462216
USDCNH.FXCM,20240924,7.00834,7.02947,7.03554,6.99465,7.01303,7.03632,7.03664,6.99538,381367
USDCNH.FXCM,20240925,7.02947,6.97046,7.03514,6.97046,7.03632,6.97535,7.03707,6.97166,330203
USDCNH.FXCM,20240926,6.97046,6.9794,7.00397,6.96942,6.97535,6.98341,7.00461,6.97326,410124
USDCNH.FXCM,20240928,6.9794,6.97785,6.9794,6.97766,6.98341,6.98072,6.98825,6.98064,176
USDCNH.FXCM,20240929,6.97785,7.00217,7.01372,6.97317,6.98072,7.00963,7.01437,6.97379,546117
USDCNH.FXCM,20240930,7.00217,7.02539,7.0351,7.00075,7.00963,7.03431,7.0358,7.00138,634779
USDCNH.FXCM,20241001,7.02539,7.03357,7.03871,7.0057,7.03431,7.03881,7.03941,7.00638,392120
USDCNH.FXCM,20241002,7.03357,7.04758,7.05491,7.03282,7.03881,7.05741,7.05746,7.0361,541082
USDCNH.FXCM,20241003,7.04758,7.09527,7.10366,7.04508,7.05741,7.10313,7.10441,7.04741,426543
USDCNH.FXCM,20241006,7.09527,7.06907,7.09976,7.0577,7.10313,7.07443,7.1044,7.05835,448552
USDCNH.FXCM,20241007,7.06907,7.0733,7.08422,7.04603,7.07443,7.07487,7.08496,7.04653,629880
USDCNH.FXCM,20241008,7.0733,7.08948,7.09831,7.05332,7.07487,7.09764,7.09888,7.05395,473858
USDCNH.FXCM,20241009,7.08948,7.07725,7.0952,7.068,7.09764,7.08763,7.09807,7.06857,557842
USDCNH.FXCM,20241010,7.07725,7.06777,7.0885,7.06415,7.08763,7.07823,7.09066,7.06671,340222
USDCNH.FXCM,20241012,7.06777,7.07614,7.07859,7.06777,7.07823,7.08459,7.08785,7.07636,311
USDCNH.FXCM,20241013,7.07614,7.09378,7.10007,7.07189,7.08459,7.09718,7.10072,7.07803,322481
USDCNH.FXCM,20241014,7.09378,7.13211,7.14308,7.09005,7.09718,7.14069,7.14372,7.09196,486162
USDCNH.FXCM,20241015,7.13211,7.13457,7.14052,7.12082,7.14069,7.13986,7.14327,7.12141,382116
USDCNH.FXCM,20241016,7.13457,7.1321,7.14717,7.1254,7.13986,7.13998,7.14777,7.12602,444626
USDCNH.FXCM,20241017,7.1321,7.11296,7.13855,7.10908,7.13998,7.12297,7.14201,7.10963,431910
USDCNH.FXCM,20241020,7.11296,7.13188,7.13772,7.1076,7.12297,7.13759,7.13842,7.10843,389494
USDCNH.FXCM,20241021,7.13188,7.13437,7.13868,7.12951,7.13759,7.13717,7.13942,7.13013,402134
USDCNH.FXCM,20241022,7.13437,7.13423,7.14644,7.13174,7.13717,7.13793,7.14713,7.13388,383403
USDCNH.FXCM,20241023,7.13423,7.12296,7.13664,7.116,7.13793,7.12533,7.1414,7.11663,386355
USDCNH.FXCM,20241024,7.12296,7.13264,7.13785,7.12226,7.12533,7.13759,7.1385,7.12369,285856
USDCNH.FXCM,20241025,7.13264,7.13264,7.13264,7.13264,7.13759,7.13759,7.13759,7.13759,2
USDCNH.FXCM,20241026,7.13264,7.12924,7.13531,7.12924,7.13759,7.13703,7.14031,7.13703,195
USDCNH.FXCM,20241027,7.12924,7.144,7.14962,7.12826,7.13703,7.1459,7.15021,7.13596,309131
USDCNH.FXCM,20241028,7.144,7.14223,7.16397,7.13759,7.1459,7.14339,7.16459,7.1411,373257
USDCNH.FXCM,20241029,7.14223,7.12432,7.15207,7.12314,7.14339,7.12645,7.15277,7.1237,392826
USDCNH.FXCM,20241030,7.12432,7.12075,7.1346,7.11959,7.12645,7.12236,7.13533,7.12042,399625
USDCNH.FXCM,20241031,7.12075,7.13805,7.13942,7.11407,7.12236,7.13999,7.14206,7.11478,376613
USDCNH.FXCM,20241102,7.13805,7.10829,7.13805,7.10829,7.13999,7.11393,7.13999,7.11077,1258
USDCNH.FXCM,20241103,7.10829,7.10932,7.11807,7.0865,7.11393,7.1136,7.11879,7.08711,458426
USDCNH.FXCM,20241104,7.10932,7.10086,7.11722,7.1002,7.1136,7.10314,7.11782,7.10118,309570
USDCNH.FXCM,20241105,7.10086,7.20151,7.20945,7.08967,7.10314,7.20614,7.21009,7.09108,901926
USDCNH.FXCM,20241106,7.20151,7.14616,7.21294,7.14122,7.20614,7.15432,7.2137,7.14188,655151
USDCNH.FXCM,20241107,7.14616,7.19377,7.20907,7.14223,7.15432,7.20423,7.20977,7.14867,606360
USDCNH.FXCM,20241109,7.19377,7.19658,7.19691,7.19243,7.20423,7.20527,7.20683,7.19543,932
USDCNH.FXCM,20241110,7.19658,7.22489,7.23337,7.18597,7.20527,7.22915,7.2339,7.18673,419622
USDCNH.FXCM,20241111,7.22489,7.24068,7.25537,7.22293,7.22915,7.25014,7.25597,7.22354,539853
USDCNH.FXCM,20241112,7.24068,7.23951,7.249,7.21207,7.25014,7.24607,7.25014,7.21317,559438
USDCNH.FXCM,20241113,7.23951,7.24867,7.26634,7.23605,7.24607,7.25673,7.26691,7.2367,607441
USDCNH.FXCM,20241114,7.24867,7.23277,7.2575,7.23028,7.25673,7.24013,7.2585,7.23091,549229
USDCNH.FXCM,20241116,7.23277,7.23277,7.23277,7.23277,7.24013,7.24013,7.24013,7.24013,2
USDCNH.FXCM,20241117,7.23277,7.22487,7.25298,7.22469,7.24013,7.23073,7.25365,7.2254,511462
USDCNH.FXCM,20241118,7.22487,7.23107,7.2485,7.22392,7.23073,7.23718,7.24903,7.22528,557463
USDCNH.FXCM,20241119,7.23107,7.24657,7.25591,7.23067,7.23718,7.25282,7.25642,7.2318,377615
USDCNH.FXCM,20241120,7.24657,7.25352,7.25954,7.2399,7.25282,7.25667,7.26022,7.24048,455614
USDCNH.FXCM,20241121,7.25352,7.25664,7.26697,7.2502,7.25667,7.26164,7.26756,7.25086,491009
USDCNH.FXCM,20241123,7.25664,7.24035,7.25787,7.24035,7.26164,7.24417,7.26257,7.24371,658
USDCNH.FXCM,20241124,7.24035,7.24472,7.25767,7.23582,7.24417,7.24735,7.25824,7.23635,442997
USDCNH.FXCM,20241125,7.24472,7.25661,7.27248,7.24351,7.24735,7.25839,7.27343,7.24462,465277
USDCNH.FXCM,20241126,7.25661,7.24116,7.26954,7.24116,7.25839,7.24817,7.27017,7.24249,429799
USDCNH.FXCM,20241127,7.24116,7.24713,7.25945,7.23992,7.24817,7.25275,7.26001,7.24145,267276
USDCNH.FXCM,20241128,7.24713,7.24477,7.2548,7.22789,7.25275,7.25173,7.25543,7.22845,464456
USDCNH.FXCM,20241130,7.24477,7.25395,7.2563,7.24477,7.25173,7.26005,7.26102,7.25173,652
USDCNH.FXCM,20241201,7.25395,7.28228,7.29549,7.2486,7.26005,7.28972,7.29608,7.25426,441167
USDCNH.FXCM,20241202,7.28228,7.29905,7.31463,7.28178,7.28972,7.30056,7.31531,7.28388,445813
USDCNH.FXCM,20241203,7.29905,7.27511,7.30612,7.26697,7.30056,7.28089,7.30693,7.26743,557384
USDCNH.FXCM,20241204,7.27511,7.26287,7.28588,7.26252,7.28089,7.26414,7.2865,7.26316,407742
USDCNH.FXCM,20241205,7.26287,7.28067,7.28681,7.25508,7.26414,7.28723,7.28743,7.2559,480822
USDCNH.FXCM,20241207,7.28067,7.27942,7.28117,7.27868,7.28723,7.28688,7.29167,7.2832,215
USDCNH.FXCM,20241208,7.27942,7.26637,7.29244,7.25688,7.28688,7.26805,7.29308,7.25748,431798
USDCNH.FXCM,20241209,7.26637,7.25547,7.27076,7.24176,7.26805,7.26053,7.27134,7.24229,489637
USDCNH.FXCM,20241210,7.25547,7.27728,7.29172,7.24202,7.26053,7.28258,7.29293,7.24265,591371
USDCNH.FXCM,20241211,7.27728,7.27377,7.28396,7.25502,7.28258,7.27663,7.28462,7.25583,516073
USDCNH.FXCM,20241212,7.27377,7.27828,7.29226,7.27338,7.27663,7.28121,7.29284,7.27488,413195
USDCNH.FXCM,20241214,7.27828,7.27927,7.28055,7.27752,7.28121,7.28629,7.28821,7.28121,273
USDCNH.FXCM,20241215,7.27927,7.29107,7.29464,7.2758,7.28629,7.29315,7.29532,7.27676,305882
USDCNH.FXCM,20241216,7.29107,7.28692,7.29604,7.28477,7.29315,7.28926,7.29672,7.28532,273288
USDCNH.FXCM,20241217,7.28692,7.324,7.32566,7.28384,7.28926,7.32531,7.32635,7.28447,398157
USDCNH.FXCM,20241218,7.324,7.30648,7.32611,7.30475,7.32531,7.31155,7.32883,7.3055,417563
USDCNH.FXCM,20241219,7.30648,7.28997,7.31357,7.28872,7.31155,7.29523,7.31482,7.29088,327169
USDCNH.FXCM,20241221,7.28997,7.28965,7.28997,7.28356,7.29523,7.29236,7.29548,7.29236,244
USDCNH.FXCM,20241222,7.28965,7.30431,7.31332,7.28311,7.29236,7.31209,7.31389,7.28704,242077
USDCNH.FXCM,20241223,7.30431,7.30584,7.30933,7.29707,7.31209,7.30659,7.31209,7.29776,127745
USDCNH.FXCM,20241224,7.30584,7.30584,7.30584,7.30584,7.30659,7.30659,7.30659,7.30659,2
USDCNH.FXCM,20241225,7.30584,7.30017,7.3112,7.30017,7.30659,7.30562,7.31182,7.3018,81364
USDCNH.FXCM,20241226,7.30017,7.29744,7.3096,7.29435,7.30562,7.30336,7.31017,7.29499,168339
USDCNH.FXCM,20241228,7.29744,7.29624,7.30127,7.29412,7.30336,7.30465,7.30499,7.30336,204
USDCNH.FXCM,20241229,7.29624,7.31033,7.31924,7.29565,7.30465,7.31838,7.31981,7.29824,265035
USDCNH.FXCM,20241230,7.31033,7.33661,7.3693,7.30482,7.31838,7.33743,7.37059,7.30553,357852
USDCNH.FXCM,20241231,7.33661,7.33661,7.33661,7.33661,7.33743,7.33743,7.33743,7.33743,2
USDCNH.FXCM,20250101,7.33661,7.33918,7.34438,7.31644,7.33743,7.34168,7.34501,7.31707,283568
USDCNH.FXCM,20250102,7.33918,7.35627,7.36268,7.324,7.34168,7.36016,7.36337,7.32464,301064
USDCNH.FXCM,20250104,7.35627,7.35434,7.35826,7.35434,7.36016,7.36402,7.36449,7.36016,149
USDCNH.FXCM,20250105,7.35434,7.34525,7.3644,7.31262,7.36402,7.34731,7.36522,7.31336,418533
USDCNH.FXCM,20250106,7.34525,7.33788,7.34983,7.33044,7.34731,7.34312,7.35141,7.33102,466966
USDCNH.FXCM,20250107,7.33788,7.3513,7.36124,7.33626,7.34312,7.3562,7.36193,7.3402,411179
USDCNH.FXCM,20250108,7.3513,7.3539,7.35866,7.34333,7.3562,7.35817,7.35933,7.34397,302605
USDCNH.FXCM,20250109,7.3539,7.36191,7.36432,7.34077,7.35817,7.36499,7.36499,7.34224,489908
USDCNH.FXCM,20250111,7.36191,7.35781,7.36191,7.35672,7.36499,7.36509,7.36514,7.36357,156
USDCNH.FXCM,20250112,7.35781,7.34657,7.36281,7.34487,7.36509,7.34934,7.36509,7.34861,369999
USDCNH.FXCM,20250113,7.34657,7.34221,7.35253,7.33362,7.34934,7.345,7.35311,7.33465,463134
USDCNH.FXCM,20250114,7.34221,7.34705,7.35127,7.33313,7.345,7.35105,7.35181,7.33604,374445
USDCNH.FXCM,20250115,7.34705,7.34552,7.35171,7.34081,7.35105,7.34863,7.35231,7.34237,294614
USDCNH.FXCM,20250116,7.34552,7.3396,7.35757,7.33266,7.34863,7.34394,7.35809,7.33322,377584
USDCNH.FXCM,20250118,7.3396,7.33223,7.34108,7.33009,7.34394,7.34145,7.34889,7.33318,734
USDCNH.FXCM,20250119,7.33223,7.26015,7.33821,7.258,7.34145,7.26468,7.34145,7.26038,402647
USDCNH.FXCM,20250120,7.26015,7.26564,7.29619,7.25183,7.26468,7.2704,7.29679,7.25267,463791
USDCNH.FXCM,20250121,7.26564,7.27948,7.28962,7.25933,7.2704,7.28402,7.29025,7.26538,405057
USDCNH.FXCM,20250122,7.27948,7.28564,7.29798,7.27081,7.28402,7.28946,7.29867,7.27155,404249
USDCNH.FXCM,20250123,7.28564,7.23945,7.28795,7.23406,7.28946,7.24914,7.29244,7.23466,638623
USDCNH.FXCM,20250125,7.23945,7.24508,7.24704,7.2373,7.24914,7.25176,7.25176,7.24567,837
USDCNH.FXCM,20250126,7.24508,7.24957,7.27709,7.23815,7.25176,7.25363,7.27768,7.23881,460025
USDCNH.FXCM,20250127,7.24957,7.2706,7.28566,7.24401,7.25363,7.27863,7.28625,7.25098,473969
USDCNH.FXCM,20250128,7.2706,7.26069,7.28045,7.25614,7.27863,7.26772,7.2811,7.25681,374745
USDCNH.FXCM,20250129,7.26069,7.2921,7.29384,7.25863,7.26772,7.29498,7.29515,7.25925,382723
USDCNH.FXCM,20250130,7.2921,7.31824,7.33002,7.275,7.29498,7.32284,7.33114,7.27575,440407
USDCNH.FXCM,20250201,7.31824,7.35664,7.37076,7.31755,7.32284,7.36102,7.37939,7.32284,2447
USDCNH.FXCM,20250202,7.35664,7.30972,7.3662,7.29998,7.36102,7.31378,7.36997,7.30141,582727
USDCNH.FXCM,20250203,7.30972,7.28563,7.33615,7.27421,7.31378,7.28813,7.33706,7.2749,568519
USDCNH.FXCM,20250204,7.28563,7.28116,7.29493,7.2686,7.28813,7.28424,7.29581,7.26923,487783
USDCNH.FXCM,20250205,7.28116,7.28817,7.29947,7.27481,7.28424,7.29061,7.30012,7.27603,443643
USDCNH.FXCM,20250206,7.28817,7.29997,7.31129,7.28085,7.29061,7.30753,7.31213,7.28255,476250
USDCNH.FXCM,20250208,7.29997,7.30935,7.31437,7.2989,7.30753,7.31905,7.31909,7.30753,280
USDCNH.FXCM,20250209,7.30935,7.30835,7.31735,7.30385,7.31905,7.31285,7.31905,7.30462,352542
USDCNH.FXCM,20250210,7.30835,7.308,7.31514,7.30539,7.31285,7.31094,7.31572,7.30599,300886
USDCNH.FXCM,20250211,7.308,7.30791,7.32436,7.30347,7.31094,7.31613,7.32531,7.30417,358250
USDCNH.FXCM,20250212,7.30791,7.26904,7.31305,7.26691,7.31613,7.27182,7.31613,7.26841,523212
USDCNH.FXCM,20250213,7.26904,7.25487,7.29087,7.25057,7.27182,7.26373,7.29142,7.2512,466431
USDCNH.FXCM,20250215,7.25487,7.25289,7.25902,7.25269,7.26373,7.26328,7.26457,7.26306,40
USDCNH.FXCM,20250216,7.25289,7.26311,7.26755,7.24221,7.26328,7.26814,7.26818,7.24295,352295
USDCNH.FXCM,20250217,7.26311,7.27197,7.28612,7.26157,7.26814,7.27814,7.28665,7.26368,400995
USDCNH.FXCM,20250218,7.27197,7.28061,7.29301,7.27104,7.27814,7.28842,7.29349,7.27408,365469
USDCNH.FXCM,20250219,7.28061,7.23434,7.28537,7.23103,7.28842,7.23967,7.28842,7.2317,496886
USDCNH.FXCM,20250220,7.23434,7.24997,7.25965,7.23018,7.23967,7.25528,7.26026,7.23389,477074
USDCNH.FXCM,20250222,7.24997,7.24606,7.24997,7.2451,7.25528,7.25095,7.25772,7.24938,292
USDCNH.FXCM,20250223,7.24606,7.25144,7.25478,7.22559,7.25095,7.25466,7.25594,7.22616,466453
USDCNH.FXCM,20250224,7.25144,7.25206,7.27007,7.24716,7.25466,7.25794,7.27062,7.24778,462134
USDCNH.FXCM,20250225,7.25206,7.26387,7.26767,7.24732,7.25794,7.26856,7.26856,7.24799,528094
USDCNH.FXCM,20250226,7.26387,7.29934,7.30273,7.26176,7.26856,7.30386,7.30386,7.26256,519709
USDCNH.FXCM,20250227,7.29934,7.29292,7.3017,7.28392,7.30386,7.29792,7.30386,7.28454,462111
USDCNH.FXCM,20250301,7.29292,7.2883,7.29292,7.28344,7.29792,7.29465,7.29792,7.29308,282
USDCNH.FXCM,20250302,7.2883,7.30184,7.30702,7.28447,7.29465,7.30456,7.30774,7.28505,480017
USDCNH.FXCM,20250303,7.30184,7.25056,7.30635,7.24819,7.30456,7.25564,7.30732,7.24898,640901
USDCNH.FXCM,20250304,7.25056,7.23479,7.27676,7.23269,7.25564,7.23811,7.27731,7.23333,744452
USDCNH.FXCM,20250305,7.23479,7.24103,7.25336,7.23392,7.23811,7.24587,7.25398,7.23598,716403
USDCNH.FXCM,20250306,7.24103,7.24227,7.25321,7.22751,7.24587,7.24803,7.25388,7.22818,642889
USDCNH.FXCM,20250308,7.24227,7.24083,7.2427,7.23761,7.24803,7.25104,7.25104,7.24782,228
USDCNH.FXCM,20250309,7.24083,7.2614,7.26939,7.23531,7.25104,7.2659,7.26998,7.23621,629887
USDCNH.FXCM,20250310,7.2614,7.22565,7.26225,7.22473,7.2659,7.22749,7.26707,7.22538,700187
USDCNH.FXCM,20250311,7.22565,7.23943,7.24987,7.21524,7.22749,7.24287,7.25048,7.21593,629408
USDCNH.FXCM,20250312,7.23943,7.24647,7.25322,7.23,7.24287,7.24968,7.25381,7.23054,581387
USDCNH.FXCM,20250313,7.24647,7.23577,7.25413,7.23055,7.24968,7.24323,7.25473,7.23113,514085
USDCNH.FXCM,20250315,7.23577,7.23478,7.23619,7.2327,7.24323,7.24499,7.2464,7.24291,22
USDCNH.FXCM,20250316,7.23478,7.22572,7.24446,7.22475,7.24499,7.22855,7.24501,7.22534,463793
USDCNH.FXCM,20250317,7.22572,7.22631,7.23707,7.22114,7.22855,7.22942,7.23768,7.22168,427762
USDCNH.FXCM,20250318,7.22631,7.22951,7.24101,7.22508,7.22942,7.23292,7.24165,7.22811,444285
USDCNH.FXCM,20250319,7.22951,7.25102,7.25472,7.22576,7.23292,7.25311,7.25533,7.22656,451147
USDCNH.FXCM,20250320,7.25102,7.25648,7.25993,7.24617,7.25311,7.25932,7.26059,7.24681,426968
USDCNH.FXCM,20250322,7.25648,7.2536,7.25648,7.25178,7.25932,7.26149,7.26202,7.25932,65
USDCNH.FXCM,20250323,7.2536,7.26256,7.26757,7.24718,7.26149,7.26605,7.2681,7.24799,400112
USDCNH.FXCM,20250324,7.26256,7.26497,7.27117,7.25851,7.26605,7.26669,7.2717,7.26138,362021
USDCNH.FXCM,20250325,7.26497,7.27827,7.28197,7.26354,7.26669,7.28028,7.28258,7.26506,399848
USDCNH.FXCM,20250326,7.27827,7.26695,7.28126,7.26527,7.28028,7.26956,7.28327,7.26583,421695
USDCNH.FXCM,20250327,7.26695,7.26527,7.27653,7.26307,7.26956,7.27549,7.27713,7.26689,378099
USDCNH.FXCM,20250329,7.26527,7.2657,7.26621,7.26527,7.27549,7.27612,7.27642,7.27549,209
USDCNH.FXCM,20250330,7.2657,7.26506,7.27385,7.25281,7.27612,7.26743,7.27633,7.25333,517553
USDCNH.FXCM,20250331,7.26506,7.2797,7.28367,7.26295,7.26743,7.28131,7.28432,7.26357,415880
USDCNH.FXCM,20250401,7.2797,7.29457,7.2974,7.2665,7.28131,7.29774,7.29936,7.26771,367207
USDCNH.FXCM,20250402,7.29457,7.27721,7.3481,7.2741,7.29774,7.2834,7.34943,7.27473,782527
USDCNH.FXCM,20250403,7.27721,7.29087,7.30011,7.23887,7.2834,7.29913,7.30079,7.23951,812232
USDCNH.FXCM,20250405,7.29087,7.30062,7.30062,7.28936,7.29913,7.30734,7.30735,7.29579,224
USDCNH.FXCM,20250406,7.30062,7.34309,7.34924,7.29044,7.30734,7.34618,7.34993,7.29426,743935
USDCNH.FXCM,20250407,7.34309,7.42432,7.42899,7.33606,7.34618,7.42833,7.43046,7.33669,633994
USDCNH.FXCM,20250408,7.42432,7.34225,7.4257,7.33801,7.42833,7.3507,7.43008,7.34373,1010436
USDCNH.FXCM,20250409,7.34225,7.30687,7.37152,7.29757,7.3507,7.31705,7.3722,7.30031,632359
USDCNH.FXCM,20250410,7.30687,7.28059,7.33632,7.27838,7.31705,7.29103,7.3374,7.27921,1196434
USDCNH.FXCM,20250412,7.28059,7.27652,7.28059,7.27536,7.29103,7.28148,7.29103,7.27921,174
USDCNH.FXCM,20250413,7.27652,7.30777,7.32477,7.27652,7.28148,7.31513,7.32541,7.28005,689676
USDCNH.FXCM,20250414,7.30777,7.32487,7.33003,7.30624,7.31513,7.33163,7.33163,7.3076,216997
USDCNH.FXCM,20250415,7.32487,7.29487,7.33441,7.29429,7.33163,7.30213,7.33614,7.2958,299232
USDCNH.FXCM,20250416,7.29487,7.29737,7.31605,7.29385,7.30213,7.30513,7.31672,7.29545,227210
USDCNH.FXCM,20250417,7.29737,7.30248,7.30943,7.29119,7.30513,7.3049,7.31016,7.29185,398162
USDCNH.FXCM,20250420,7.30248,7.29227,7.30248,7.28275,7.3049,7.2959,7.30755,7.28371,232019
USDCNH.FXCM,20250421,7.29227,7.31027,7.32099,7.28942,7.2959,7.31273,7.32234,7.29348,152214
USDCNH.FXCM,20250422,7.31027,7.28535,7.31472,7.2735,7.31273,7.28946,7.32007,7.27738,226669
USDCNH.FXCM,20250423,7.28535,7.28662,7.30329,7.28206,7.28946,7.29271,7.30437,7.287,122340
USDCNH.FXCM,20250424,7.28662,7.28705,7.29827,7.28113,7.29271,7.29062,7.29892,7.28193,185547
USDCNH.FXCM,20250426,7.28705,7.28559,7.28705,7.28522,7.29062,7.29529,7.2962,7.29062,211
USDCNH.FXCM,20250427,7.28559,7.28237,7.30225,7.27955,7.29529,7.28713,7.30294,7.28298,156801
USDCNH.FXCM,20250428,7.28237,7.26487,7.28843,7.25608,7.28713,7.27113,7.28904,7.25677,188104
USDCNH.FXCM,20250429,7.26487,7.26757,7.27585,7.25945,7.27113,7.27313,7.27653,7.26009,184756
USDCNH.FXCM,20250430,7.26757,7.27487,7.28684,7.26531,7.27313,7.28303,7.28744,7.26921,146867
USDCNH.FXCM,20250501,7.27487,7.20859,7.27873,7.20804,7.28303,7.21413,7.28303,7.20944,289454
USDCNH.FXCM,20250504,7.20859,7.19966,7.21712,7.18409,7.21413,7.20237,7.22053,7.18486,326426
USDCNH.FXCM,20250505,7.19966,7.20647,7.23495,7.19705,7.20237,7.21303,7.23562,7.20053,219397
USDCNH.FXCM,20250506,7.20647,7.22416,7.22944,7.18799,7.21303,7.23188,7.23322,7.1897,262065
USDCNH.FXCM,20250507,7.22416,7.24057,7.24638,7.21585,7.23188,7.24553,7.24922,7.21671,220010
USDCNH.FXCM,20250508,7.24057,7.23861,7.25255,7.23374,7.24553,7.24183,7.25326,7.23442,156827
USDCNH.FXCM,20250510,7.23861,7.22152,7.23861,7.21785,7.24183,7.22552,7.24352,7.22542,579
USDCNH.FXCM,20250511,7.22152,7.19707,7.22946,7.19175,7.22552,7.20513,7.23039,7.19243,278214
USDCNH.FXCM,20250512,7.19707,7.19487,7.20391,7.17835,7.20513,7.20513,7.20513,7.17914,204174
USDCNH.FXCM,20250513,7.19487,7.20924,7.21563,7.19083,7.20513,7.21293,7.21625,7.19151,211210
USDCNH.FXCM,20250514,7.20924,7.20389,7.21541,7.20266,7.21293,7.20631,7.21601,7.20331,177581
USDCNH.FXCM,20250515,7.20389,7.20862,7.21329,7.19483,7.20631,7.21152,7.21392,7.19546,147574
USDCNH.FXCM,20250517,7.20862,7.20562,7.20862,7.20556,7.21152,7.21606,7.21622,7.21152,105
USDCNH.FXCM,20250518,7.20562,7.21254,7.21771,7.20323,7.21606,7.21676,7.21838,7.2042,130660
USDCNH.FXCM,20250519,7.21254,7.21384,7.22599,7.20925,7.21676,7.21798,7.22669,7.21438,137071
USDCNH.FXCM,20250520,7.21384,7.20332,7.21932,7.19865,7.21798,7.20446,7.22052,7.1993,156041
USDCNH.FXCM,20250521,7.20332,7.20227,7.20763,7.19345,7.20446,7.20713,7.20907,7.19418,150286
USDCNH.FXCM,20250522,7.20227,7.17028,7.20494,7.16695,7.20713,7.17491,7.20928,7.17164,170893
USDCNH.FXCM,20250524,7.17028,7.1699,7.17376,7.1685,7.17491,7.17857,7.18397,7.17491,240
USDCNH.FXCM,20250525,7.1699,7.17261,7.1827,7.16118,7.17857,7.18043,7.18341,7.16191,139984
USDCNH.FXCM,20250526,7.17261,7.18577,7.1937,7.17078,7.18043,7.19313,7.19672,7.17145,138722
USDCNH.FXCM,20250527,7.18577,7.19002,7.19898,7.1857,7.19313,7.19408,7.19968,7.18622,130279
USDCNH.FXCM,20250528,7.19002,7.18347,7.20853,7.18225,7.19408,7.19142,7.20908,7.18286,175945
USDCNH.FXCM,20250529,7.18347,7.20373,7.20962,7.18083,7.19142,7.20863,7.21027,7.18146,189328
USDCNH.FXCM,20250531,7.20373,7.20169,7.20373,7.19871,7.20863,7.20823,7.20994,7.20719,154
USDCNH.FXCM,20250601,7.20169,7.20702,7.22385,7.19873,7.20823,7.21523,7.22438,7.2017,140155
USDCNH.FXCM,20250602,7.20702,7.18837,7.20867,7.18515,7.21523,7.19393,7.21523,7.1859,138492
USDCNH.FXCM,20250603,7.18837,7.16812,7.19524,7.16222,7.19393,7.17474,7.19588,7.17025,124638
USDCNH.FXCM,20250604,7.16812,7.17341,7.18163,7.1642,7.17474,7.17913,7.18224,7.16484,147877
USDCNH.FXCM,20250605,7.17341,7.18344,7.19347,7.17002,7.17913,7.19391,7.1941,7.17194,143134
USDCNH.FXCM,20250607,7.18344,7.18998,7.18998,7.18344,7.19391,7.19531,7.19767,7.19391,17
USDCNH.FXCM,20250608,7.18998,7.17927,7.18998,7.17906,7.19531,7.18433,7.19638,7.17967,106259
USDCNH.FXCM,20250609,7.17927,7.18487,7.19404,7.17752,7.18433,7.19023,7.19474,7.17813,113287
USDCNH.FXCM,20250610,7.18487,7.19431,7.19999,7.18108,7.19023,7.20267,7.20351,7.18284,133034
USDCNH.FXCM,20250611,7.19431,7.17258,7.19842,7.16925,7.20267,7.17438,7.20267,7.17008,145639
USDCNH.FXCM,20250612,7.17258,7.18818,7.18972,7.17057,7.17438,7.19064,7.19402,7.17165,168591
USDCNH.FXCM,20250614,7.18818,7.18221,7.18818,7.18176,7.19064,7.19266,7.19271,7.19064,37
USDCNH.FXCM,20250615,7.18221,7.17777,7.19013,7.17777,7.19266,7.18581,7.1927,7.17841,236041
USDCNH.FXCM,20250616,7.17777,7.18867,7.19426,7.17699,7.18581,7.19493,7.19493,7.17913,232219
USDCNH.FXCM,20250617,7.18867,7.19338,7.19563,7.18492,7.19493,7.19577,7.19634,7.18556,204514
USDCNH.FXCM,20250618,7.19338,7.1853,7.19719,7.18398,7.19577,7.18689,7.19789,7.18537,108662
USDCNH.FXCM,20250619,7.1853,7.17507,7.18737,7.17384,7.18689,7.18193,7.18902,7.17448,116706
USDCNH.FXCM,20250621,7.17507,7.18468,7.18868,7.17507,7.18193,7.19312,7.19312,7.18193,261
USDCNH.FXCM,20250622,7.18468,7.17488,7.19233,7.17382,7.19312,7.17613,7.1937,7.17546,347520
USDCNH.FXCM,20250623,7.17488,7.16087,7.17865,7.16087,7.17613,7.16893,7.18284,7.16193,151571
USDCNH.FXCM,20250624,7.16087,7.16846,7.17919,7.16001,7.16893,7.1757,7.17977,7.16071,125110
USDCNH.FXCM,20250625,7.16846,7.15897,7.17311,7.15205,7.1757,7.16813,7.1771,7.15291,147095
USDCNH.FXCM,20250626,7.15897,7.16935,7.17476,7.15852,7.16813,7.17649,7.17816,7.16254,141020
USDCNH.FXCM,20250628,7.16935,7.16685,7.16935,7.16351,7.17649,7.17113,7.17729,7.17093,205
USDCNH.FXCM,20250629,7.16685,7.15662,7.17043,7.15531,7.17113,7.15972,7.17446,7.15696,121847
USDCNH.FXCM,20250630,7.15662,7.15974,7.16459,7.14981,7.15972,7.1619,7.16527,7.15045,128161
USDCNH.FXCM,20250701,7.15974,7.16073,7.16962,7.15877,7.1619,7.16192,7.17028,7.16038,112997
USDCNH.FXCM,20250702,7.16073,7.16888,7.17393,7.1563,7.16192,7.1713,7.17451,7.15714,111899
USDCNH.FXCM,20250703,7.16888,7.16324,7.16989,7.16007,7.1713,7.16576,7.17231,7.16071,78655
USDCNH.FXCM,20250705,7.16324,7.16072,7.16324,7.15981,7.16576,7.17093,7.17093,7.16576,18
USDCNH.FXCM,20250706,7.16072,7.1791,7.18035,7.1596,7.17093,7.1802,7.18095,7.16355,257580
USDCNH.FXCM,20250707,7.1791,7.17658,7.1852,7.1692,7.1802,7.18439,7.1858,7.16982,330586
USDCNH.FXCM,20250708,7.17658,7.18276,7.18795,7.17658,7.18439,7.18402,7.1886,7.18098,294147
USDCNH.FXCM,20250709,7.18276,7.17732,7.18276,7.17558,7.18402,7.17862,7.18582,7.17619,310772
USDCNH.FXCM,20250710,7.17732,7.17267,7.18325,7.16555,7.17862,7.17488,7.18388,7.16613,311962
USDCNH.FXCM,20250712,7.17267,7.16821,7.17267,7.16602,7.17488,7.17827,7.17856,7.17488,53
USDCNH.FXCM,20250713,7.16821,7.17132,7.17528,7.16503,7.17827,7.17329,7.17827,7.16742,92666
USDCNH.FXCM,20250714,7.17132,7.18237,7.18694,7.16856,7.17329,7.18443,7.18765,7.16916,96464
USDCNH.FXCM,20250715,7.18237,7.17731,7.19077,7.16793,7.18443,7.18328,7.1914,7.16887,132147
USDCNH.FXCM,20250716,7.17731,7.17986,7.18945,7.17369,7.18328,7.18911,7.19004,7.17832,107981
USDCNH.FXCM,20250717,7.17986,7.18011,7.186,7.17488,7.18911,7.18183,7.18911,7.17546,99036
USDCNH.FXCM,20250719,7.18011,7.1748,7.18011,7.17418,7.18183,7.18501,7.18515,7.18183,42
USDCNH.FXCM,20250720,7.1748,7.16614,7.18339,7.16583,7.18501,7.17592,7.18551,7.16968,98650
USDCNH.FXCM,20250721,7.16614,7.16614,7.17953,7.16614,7.17592,7.17473,7.18013,7.16871,93191
USDCNH.FXCM,20250722,7.16614,7.15058,7.17228,7.14974,7.17473,7.15296,7.17759,7.15136,126019
USDCNH.FXCM,20250723,7.15058,7.15093,7.15682,7.14368,7.15296,7.15737,7.15941,7.14444,126988
USDCNH.FXCM,20250724,7.15093,7.16645,7.17043,7.14897,7.15737,7.16852,7.17345,7.15138,121436
USDCNH.FXCM,20250726,7.16645,7.16048,7.16645,7.16042,7.16852,7.16619,7.17242,7.16577,298
USDCNH.FXCM,20250727,7.16048,7.17908,7.18262,7.16045,7.16619,7.18427,7.18427,7.1645,134558
USDCNH.FXCM,20250728,7.17908,7.17981,7.18466,7.17693,7.18427,7.18217,7.18526,7.17749,121944
USDCNH.FXCM,20250729,7.17981,7.20693,7.21429,7.175,7.18217,7.21719,7.21719,7.1756,148623
USDCNH.FXCM,20250730,7.20693,7.20479,7.21243,7.19558,7.21719,7.21276,7.21719,7.19619,137142
USDCNH.FXCM,20250731,7.20479,7.19196,7.2238,7.18565,7.21276,7.19376,7.2244,7.18847,212100
USDCNH.FXCM,20250802,7.19196,7.18735,7.19196,7.18694,7.19376,7.19751,7.19793,7.19376,43
USDCNH.FXCM,20250803,7.18735,7.18221,7.19403,7.17612,7.19751,7.1844,7.20099,7.17673,152587
USDCNH.FXCM,20250804,7.18221,7.18541,7.19508,7.17713,7.1844,7.19245,7.19564,7.17769,134633
USDCNH.FXCM,20250805,7.18541,7.18107,7.19524,7.18106,7.19245,7.18871,7.19584,7.1838,110144
USDCNH.FXCM,20250806,7.18107,7.17872,7.18652,7.17735,7.18871,7.18324,7.19098,7.17859,117741
USDCNH.FXCM,20250807,7.17872,7.18793,7.19131,7.17775,7.18324,7.19032,7.19216,7.17883,104150
USDCNH.FXCM,20250809,7.18793,7.18436,7.18793,7.18293,7.19032,7.19457,7.19503,7.19032,123
USDCNH.FXCM,20250810,7.18436,7.19466,7.19801,7.18233,7.19457,7.19709,7.20099,7.18286,102821
USDCNH.FXCM,20250811,7.19466,7.1828,7.19776,7.18029,7.19709,7.18506,7.19838,7.1814,141923
USDCNH.FXCM,20250812,7.1828,7.17765,7.18802,7.17524,7.18506,7.18515,7.19075,7.17579,156966
USDCNH.FXCM,20250813,7.17765,7.18105,7.18263,7.16769,7.18515,7.18338,7.18515,7.1684,139622
USDCNH.FXCM,20250814,7.18105,7.18492,7.18938,7.1731,7.18338,7.19288,7.19298,7.17933,157846
USDCNH.FXCM,20250816,7.18492,7.1802,7.18492,7.18008,7.19288,7.19041,7.19288,7.18685,45
USDCNH.FXCM,20250817,7.1802,7.18683,7.18888,7.17873,7.19041,7.18874,7.19076,7.17936,88782
USDCNH.FXCM,20250818,7.18683,7.18592,7.19167,7.18196,7.18874,7.18941,7.19224,7.18254,89171
USDCNH.FXCM,20250819,7.18592,7.18043,7.19287,7.17804,7.18941,7.18325,7.19339,7.1786,98077
USDCNH.FXCM,20250820,7.18043,7.18167,7.18631,7.17126,7.18325,7.1841,7.18689,7.1718,99237
USDCNH.FXCM,20250821,7.18167,7.16742,7.18951,7.16632,7.1841,7.17404,7.19004,7.16697,120054
USDCNH.FXCM,20250823,7.16742,7.16826,7.1698,7.16742,7.17404,7.17802,7.18001,7.17404,155
USDCNH.FXCM,20250824,7.16826,7.15759,7.17392,7.14873,7.17802,7.15953,7.17802,7.14936,116852
USDCNH.FXCM,20250825,7.15759,7.15248,7.16521,7.14682,7.15953,7.15394,7.16582,7.14738,123813
USDCNH.FXCM,20250826,7.15248,7.15157,7.16534,7.14537,7.15394,7.1549,7.16588,7.14591,107693
USDCNH.FXCM,20250827,7.15157,7.11799,7.1533,7.11789,7.1549,7.12252,7.15719,7.11857,175597
USDCNH.FXCM,20250828,7.11799,7.11721,7.13168,7.11549,7.12252,7.12741,7.13226,7.11611,125616
USDCNH.FXCM,20250830,7.11721,7.11698,7.11989,7.11698,7.12741,7.1272,7.12741,7.12386,133
USDCNH.FXCM,20250831,7.11698,7.13316,7.13628,7.11698,7.1272,7.13631,7.13683,7.12169,86024
USDCNH.FXCM,20250901,7.13316,7.1374,7.14876,7.12832,7.13631,7.13926,7.14939,7.13258,129994
USDCNH.FXCM,20250902,7.1374,7.13838,7.1486,7.135,7.13926,7.13998,7.14919,7.13559,129696
USDCNH.FXCM,20250903,7.13838,7.13671,7.14476,7.13513,7.13998,7.13843,7.14576,7.13648,130956
USDCNH.FXCM,20250904,7.13671,7.12216,7.13877,7.12151,7.13843,7.12973,7.14379,7.12212,162591
USDCNH.FXCM,20250906,7.12216,7.12479,7.12549,7.12154,7.12973,7.13122,7.13211,7.12973,106
USDCNH.FXCM,20250907,7.12479,7.11975,7.13335,7.11975,7.13122,7.12292,7.13391,7.12153,105292
USDCNH.FXCM,20250908,7.11975,7.12177,7.12462,7.11299,7.12292,7.12629,7.12785,7.11361,127378
USDCNH.FXCM,20250909,7.12177,7.11734,7.12839,7.1133,7.12629,7.12051,7.12931,7.11392,120130
USDCNH.FXCM,20250910,7.11734,7.11214,7.12582,7.11136,7.12051,7.11531,7.12711,7.11236,135896
USDCNH.FXCM,20250911,7.11214,7.12376,7.12971,7.11152,7.11531,7.12508,7.13029,7.11293,118063
USDCNH.FXCM,20250914,7.12376,7.11727,7.12601,7.11653,7.12508,7.12044,7.13036,7.11714,98442
USDCNH.FXCM,20250915,7.11727,7.10305,7.11962,7.10228,7.12044,7.10573,7.12084,7.10384,123745
USDCNH.FXCM,20250916,7.10305,7.09967,7.10745,7.08447,7.10573,7.10482,7.10807,7.08549,129790
USDCNH.FXCM,20250917,7.09967,7.10698,7.11347,7.09541,7.10482,7.1117,7.11404,7.09962,128202
USDCNH.FXCM,20250918,7.10698,7.11901,7.11994,7.10245,7.1117,7.12017,7.12142,7.10655,123176
USDCNH.FXCM,20250920,7.11901,7.11901,7.11901,7.11901,7.12017,7.12017,7.12017,7.12017,1
USDCNH.FXCM,20250921,7.11901,7.11508,7.11912,7.10879,7.12017,7.11589,7.12105,7.1133,93254
USDCNH.FXCM,20250922,7.11508,7.11234,7.1187,7.10927,7.11589,7.11403,7.11962,7.11174,101857
USDCNH.FXCM,20250923,7.11234,7.13684,7.14008,7.10949,7.11403,7.13867,7.14336,7.11247,100799
USDCNH.FXCM,20250924,7.13684,7.14489,7.14803,7.12772,7.13867,7.14581,7.14911,7.1283,139422
USDCNH.FXCM,20250925,7.14489,7.14045,7.14701,7.13951,7.14581,7.14452,7.14762,7.14023,115731
USDCNH.FXCM,20250927,7.14045,7.13801,7.14045,7.13722,7.14452,7.14798,7.14815,7.14452,87
USDCNH.FXCM,20250928,7.13801,7.12855,7.1417,7.11827,7.14798,7.12963,7.14851,7.11895,103849
USDCNH.FXCM,20250929,7.12855,7.12811,7.13272,7.1242,7.12963,7.12897,7.13381,7.1248,113202
USDCNH.FXCM,20250930,7.12811,7.12635,7.13956,7.12193,7.12897,7.13156,7.14009,7.12251,136372
USDCNH.FXCM,20251001,7.12635,7.12811,7.1368,7.1225,7.13156,7.13662,7.13822,7.12494,92149
USDCNH.FXCM,20251002,7.12811,7.13531,7.13897,7.12672,7.13662,7.13671,7.14109,7.13235,90046
USDCNH.FXCM,20251004,7.13531,7.13557,7.13762,7.1269,7.13671,7.14038,7.1405,7.13671,107
USDCNH.FXCM,20251005,7.13557,7.14026,7.14986,7.13238,7.14038,7.14525,7.15046,7.13745,88229
USDCNH.FXCM,20251006,7.14026,7.14084,7.14869,7.13585,7.14525,7.15071,7.15476,7.13644,84548
USDCNH.FXCM,20251007,7.14084,7.14557,7.15319,7.14014,7.15071,7.15542,7.15544,7.14468,89823
USDCNH.FXCM,20251008,7.14557,7.13509,7.14954,7.12376,7.15542,7.14105,7.15542,7.12442,126053
USDCNH.FXCM,20251009,7.13509,7.14461,7.14819,7.12369,7.14105,7.1523,7.15385,7.12432,143174
USDCNH.FXCM,20251011,7.14461,7.13282,7.14461,7.13282,7.1523,7.14314,7.1523,7.13834,259
USDCNH.FXCM,20251012,7.13282,7.13767,7.14334,7.13165,7.14314,7.13899,7.1475,7.13241,110789
USDCNH.FXCM,20251013,7.13767,7.1393,7.1493,7.13276,7.13899,7.1411,7.14996,7.13578,119974
USDCNH.FXCM,20251014,7.1393,7.12673,7.14315,7.12436,7.1411,7.13284,7.14707,7.12493,102358
USDCNH.FXCM,20251015,7.12673,7.12341,7.13115,7.1193,7.13284,7.12698,7.13451,7.12145,109643
USDCNH.FXCM,20251016,7.12341,7.12412,7.13228,7.1165,7.12698,7.13071,7.13288,7.11709,116378
USDCNH.FXCM,20251018,7.12412,7.12314,7.12412,7.12086,7.13071,7.13077,7.13148,7.13064,82
USDCNH.FXCM,20251019,7.12314,7.12326,7.1287,7.11897,7.13077,7.1251,7.1314,7.12192,118128
USDCNH.FXCM,20251020,7.12326,7.12643,7.12674,7.11588,7.1251,7.12732,7.13196,7.11646,110018
USDCNH.FXCM,20251021,7.12643,7.12472,7.1297,7.12232,7.12732,7.12646,7.13024,7.12417,100256
USDCNH.FXCM,20251022,7.12472,7.12325,7.12867,7.12243,7.12646,7.12711,7.13152,7.12324,94886
USDCNH.FXCM,20251023,7.12325,7.12386,7.12898,7.11996,7.12711,7.12812,7.13073,7.12162,100507
USDCNH.FXCM,20251025,7.12386,7.11434,7.12386,7.11288,7.12812,7.12098,7.13016,7.11798,827
USDCNH.FXCM,20251026,7.11434,7.10749,7.11795,7.10244,7.12098,7.11113,7.12216,7.10301,120737
USDCNH.FXCM,20251027,7.10749,7.09479,7.10911,7.09132,7.11113,7.09712,7.11182,7.09188,117134
USDCNH.FXCM,20251028,7.09479,7.09588,7.10067,7.08826,7.09712,7.09869,7.10136,7.08887,129337
USDCNH.FXCM,20251029,7.09588,7.10991,7.11755,7.09142,7.09869,7.11121,7.11817,7.09208,143964
USDCNH.FXCM,20251030,7.10991,7.12146,7.12563,7.10793,7.11121,7.12338,7.12619,7.10852,107325
USDCNH.FXCM,20251101,7.12146,7.11889,7.12146,7.11698,7.12338,7.12645,7.12738,7.12136,140
USDCNH.FXCM,20251102,7.11889,7.12469,7.12882,7.11398,7.12645,7.12841,7.12936,7.11461,109325
USDCNH.FXCM,20251103,7.12469,7.13216,7.13587,7.1239,7.12841,7.13676,7.13774,7.12447,104477
USDCNH.FXCM,20251104,7.13216,7.12958,7.13803,7.12637,7.13676,7.13272,7.13864,7.12895,106613
USDCNH.FXCM,20251105,7.12958,7.11871,7.13014,7.11871,7.13272,7.12343,7.13272,7.1207,98743
USDCNH.FXCM,20251106,7.11871,7.12432,7.12717,7.11855,7.12343,7.12598,7.12869,7.12142,84544
USDCNH.FXCM,20251108,7.12432,7.12405,7.12432,7.11951,7.12598,7.12888,7.12899,7.12598,128
USDCNH.FXCM,20251109,7.12405,7.12104,7.1267,7.11822,7.12888,7.12495,7.12971,7.11879,81227
USDCNH.FXCM,20251110,7.12104,7.12087,7.12637,7.11697,7.12495,7.12403,7.12693,7.11753,77710
USDCNH.FXCM,20251111,7.12087,7.1097,7.12267,7.10823,7.12403,7.11557,7.12403,7.11099,82660
USDCNH.FXCM,20251112,7.1097,7.09023,7.11483,7.09023,7.11557,7.09991,7.11557,7.09193,133835
USDCNH.FXCM,20251113,7.09023,7.09888,7.10214,7.09023,7.09991,7.1017,7.1027,7.091,117771
USDCNH.FXCM,20251116,7.09888,7.10692,7.111,7.09037,7.1017,7.10904,7.11155,7.09666,97760
USDCNH.FXCM,20251117,7.10692,7.10826,7.11675,7.10436,7.10904,7.11351,7.1173,7.10764,95593
USDCNH.FXCM,20251118,7.10826,7.11624,7.12042,7.10668,7.11351,7.11856,7.12147,7.10907,96064
USDCNH.FXCM,20251119,7.11624,7.11647,7.12028,7.11193,7.11856,7.11853,7.12229,7.11251,108142
USDCNH.FXCM,20251120,7.11647,7.10472,7.11778,7.10274,7.11853,7.10607,7.12246,7.10403,121365
USDCNH.FXCM,20251123,7.10472,7.10402,7.11079,7.10022,7.10607,7.10978,7.11499,7.10323,95465
USDCNH.FXCM,20251124,7.10402,7.08009,7.10628,7.07767,7.10978,7.08446,7.11085,7.07977,134318
USDCNH.FXCM,20251125,7.08009,7.06641,7.08579,7.06626,7.08446,7.07165,7.08698,7.06727,129868
USDCNH.FXCM,20251126,7.06641,7.07331,7.08156,7.06487,7.07165,7.07463,7.08213,7.06572,85503
USDCNH.FXCM,20251127,7.07331,7.06911,7.07941,7.06643,7.07463,7.07417,7.07996,7.06698,146796
USDCNH.FXCM,20251129,7.06911,7.06777,7.06911,7.06614,7.07417,7.07798,7.07798,7.07417,46
USDCNH.FXCM,20251130,7.06777,7.07056,7.07297,7.0642,7.07798,7.07401,7.07798,7.06478,368616
USDCNH.FXCM,20251201,7.07056,7.06643,7.07653,7.06185,7.07401,7.06737,7.07714,7.06563,463641
USDCNH.FXCM,20251202,7.06643,7.05555,7.06651,7.05363,7.06737,7.05898,7.06939,7.05432,294248
USDCNH.FXCM,20251203,7.05555,7.07132,7.07132,7.05372,7.05898,7.07188,7.07674,7.05641,105183
USDCNH.FXCM,20251204,7.07132,7.06836,7.0716,7.06274,7.07188,7.06964,7.07244,7.06328,102282
USDCNH.FXCM,20251206,7.06836,7.06797,7.06836,7.06556,7.06964,7.07276,7.07294,7.06964,350
USDCNH.FXCM,20251207,7.06797,7.07076,7.07265,7.06442,7.07276,7.07282,7.07702,7.06494,96225
USDCNH.FXCM,20251208,7.07076,7.05914,7.07187,7.05532,7.07282,7.06274,7.07456,7.06022,97912
USDCNH.FXCM,20251209,7.05914,7.05758,7.07065,7.05587,7.06274,7.06682,7.0712,7.05788,115541
USDCNH.FXCM,20251210,7.05758,7.05073,7.06326,7.04686,7.06682,7.05567,7.06912,7.04825,111296
USDCNH.FXCM,20251211,7.05073,7.05287,7.05637,7.04738,7.05567,7.05423,7.05693,7.05002,96314
USDCNH.FXCM,20251213,7.05287,7.05095,7.05287,7.0452,7.05423,7.05795,7.06138,7.05423,377
USDCNH.FXCM,20251214,7.05095,7.0427,7.05508,7.03814,7.05795,7.04404,7.06029,7.03971,97154
USDCNH.FXCM,20251215,7.0427,7.03517,7.04372,7.03098,7.04404,7.03763,7.0446,7.03168,102018
USDCNH.FXCM,20251216,7.03517,7.03915,7.0428,7.03202,7.03763,7.04199,7.04532,7.0326,91965
USDCNH.FXCM,20251217,7.03915,7.03121,7.04043,7.03049,7.04199,7.03365,7.0438,7.03111,95408
USDCNH.FXCM,20251218,7.03121,7.03279,7.0375,7.02946,7.03365,7.03441,7.03809,7.03256,85969
USDCNH.FXCM,20251220,7.03279,7.03072,7.03567,7.02977,7.03441,7.03936,7.04177,7.03441,201
USDCNH.FXCM,20251221,7.03072,7.03053,7.03661,7.02767,7.03936,7.03157,7.04122,7.03006,74684
USDCNH.FXCM,20251222,7.03053,7.016,7.03205,7.01402,7.03157,7.0227,7.03385,7.01456,97197
USDCNH.FXCM,20251223,7.016,7.00802,7.01917,7.00114,7.0227,7.0086,7.0227,7.00171,95879
USDCNH.FXCM,20251224,7.00802,7.00802,7.00802,7.00802,7.0086,7.0086,7.0086,7.0086,1
USDCNH.FXCM,20251225,7.00802,7.00159,7.00822,7.00088,7.0086,7.00658,7.00892,7.00228,57795
USDCNH.FXCM,20251227,7.00159,7.00074,7.00159,6.99848,7.00658,7.00723,7.00806,7.00635,268
USDCNH.FXCM,20251228,7.00074,6.99403,7.01496,6.99322,7.00723,6.99782,7.01556,6.9939,116955
USDCNH.FXCM,20251229,6.99403,6.99088,7.00232,6.98071,6.99782,6.99362,7.00299,6.98129,106351
USDCNH.FXCM,20251230,6.99088,6.97669,6.99427,6.97568,6.99362,6.97739,6.99719,6.97629,109176
USDCNH.FXCM,20260101,6.97669,6.96806,6.97669,6.96605,6.97739,6.97144,6.97739,6.96661,61496
USDCNH.FXCM,20260103,6.96806,6.96592,6.9703,6.96514,6.97144,6.9735,6.97547,6.97144,141
USDCNH.FXCM,20260104,6.96592,6.97899,6.99161,6.96396,6.9735,6.98699,6.99218,6.97097,121974
USDCNH.FXCM,20260105,6.97899,6.97913,6.98468,6.97353,6.98699,6.98169,6.98699,6.97407,103946
USDCNH.FXCM,20260106,6.97913,6.99311,6.99319,6.97789,6.98169,6.99387,6.99863,6.979,106845
USDCNH.FXCM,20260107,6.99311,6.98179,6.99556,6.97833,6.99387,6.98271,6.99621,6.97893,98131
USDCNH.FXCM,20260108,6.98179,6.97455,6.98404,6.97135,6.98271,6.97745,6.98481,6.97201,99867
USDCNH.FXCM,20260110,6.97455,6.97216,6.97455,6.97119,6.97745,6.97872,6.98,6.97613,89
USDCNH.FXCM,20260111,6.97216,6.9643,6.9772,6.96259,6.97872,6.96961,6.98063,6.96313,92925
USDCNH.FXCM,20260112,6.9643,6.96921,6.97639,6.96362,6.96961,6.97549,6.97881,6.96746,117119
USDCNH.FXCM,20260113,6.96921,6.96885,6.97802,6.96707,6.97549,6.97395,6.97864,6.96768,105197
USDCNH.FXCM,20260114,6.96885,6.9621,6.97388,6.95874,6.97395,6.96429,6.9746,6.96178,108787
USDCNH.FXCM,20260115,6.9621,6.96644,6.97002,6.96076,6.96429,6.96845,6.97069,6.96136,97013
USDCNH.FXCM,20260117,6.96644,6.96279,6.96644,6.9622,6.96845,6.96976,6.97448,6.96845,175
USDCNH.FXCM,20260118,6.96279,6.95616,6.96617,6.9516,6.96976,6.95799,6.97127,6.95492,72622
USDCNH.FXCM,20260119,6.95616,6.95377,6.9576,6.94929,6.95799,6.95777,6.962,6.94991,111266
USDCNH.FXCM,20260120,6.95377,6.95854,6.9637,6.95318,6.95777,6.96163,6.96499,6.9538,102931
USDCNH.FXCM,20260121,6.95854,6.96313,6.97832,6.9559,6.96163,6.96627,6.97895,6.95661,111825
USDCNH.FXCM,20260122,6.96313,6.94742,6.96641,6.94535,6.96627,6.95103,6.96864,6.94891,127338
USDCNH.FXCM,20260124,6.94742,6.94307,6.94883,6.9424,6.95103,6.94694,6.95718,6.94574,3636
USDCNH.FXCM,20260125,6.94307,6.94801,6.95622,6.94216,6.94694,6.94935,6.95678,6.94603,128155
USDCNH.FXCM,20260126,6.94801,6.93082,6.95647,6.92752,6.94935,6.93868,6.95706,6.93166,136164
USDCNH.FXCM,20260127,6.93082,6.94313,6.94896,6.92969,6.93868,6.94459,6.94964,6.9325,151204
USDCNH.FXCM,20260128,6.94313,6.94293,6.95446,6.9379,6.94459,6.94652,6.95508,6.93845,170767
USDCNH.FXCM,20260129,6.94293,6.95714,6.961,6.94293,6.94652,6.96055,6.96159,6.94402,189309
USDCNH.FXCM,20260131,6.95714,6.95447,6.95714,6.95336,6.96055,6.96294,6.96306,6.96044,191
USDCNH.FXCM,20260201,6.95447,6.94104,6.96265,6.93646,6.96294,6.94475,6.96365,6.93824,154757
USDCNH.FXCM,20260202,6.94104,6.93347,6.94285,6.9294,6.94475,6.93622,6.9475,6.93118,119951
USDCNH.FXCM,20260203,6.93347,6.94041,6.94315,6.92866,6.93622,6.94275,6.94648,6.92926,110914
USDCNH.FXCM,20260204,6.94041,6.93869,6.94741,6.9335,6.94275,6.94138,6.9481,6.93406,114679
USDCNH.FXCM,20260205,6.93869,6.929,6.94147,6.92876,6.94138,6.93063,6.94233,6.92999,91847
USDCNH.FXCM,20260207,6.929,6.92777,6.92908,6.92625,6.93063,6.93163,6.93555,6.93063,153
USDCNH.FXCM,20260208,6.92777,6.91463,6.93295,6.91,6.93163,6.91584,6.93362,6.91497,96208
USDCNH.FXCM,20260209,6.91463,6.91037,6.91837,6.90459,6.91584,6.91653,6.91959,6.90527,103786
USDCNH.FXCM,20260210,6.91037,6.90691,6.91916,6.90407,6.91653,6.91143,6.91996,6.90612,118745
USDCNH.FXCM,20260211,6.90691,6.89592,6.90734,6.89091,6.91143,6.90013,6.91198,6.89149,104746
USDCNH.FXCM,20260212,6.89592,6.89775,6.91062,6.89317,6.90013,6.90428,6.9112,6.89757,106369
USDCNH.FXCM,20260214,6.89775,6.89818,6.90032,6.89775,6.90428,6.90596,6.90809,6.90428,86
USDCNH.FXCM,20260215,6.89818,6.88041,6.90474,6.88014,6.90596,6.88755,6.91045,6.88128,71281
USDCNH.FXCM,20260216,6.88041,6.88087,6.89196,6.87972,6.88755,6.88913,6.89253,6.88158,82124
USDCNH.FXCM,20260217,6.88087,6.89102,6.8939,6.88056,6.88913,6.89363,6.89619,6.88285,70035
USDCNH.FXCM,20260218,6.89102,6.89793,6.90521,6.88725,6.89363,6.90333,6.90581,6.89045,99168
USDCNH.FXCM,20260219,6.89793,6.89673,6.90621,6.89378,6.90333,6.899,6.90683,6.8967,108621
USDCNH.FXCM,20260221,6.89673,6.89434,6.89747,6.89213,6.899,6.90217,6.90485,6.899,529
USDCNH.FXCM,20260222,6.89434,6.88564,6.89633,6.88195,6.90217,6.89604,6.90482,6.88251,95512
USDCNH.FXCM,20260223,6.88564,6.87827,6.896,6.87215,6.89604,6.88064,6.89683,6.87284,107669
USDCNH.FXCM,20260224,6.87827,6.85202,6.88066,6.84895,6.88064,6.85431,6.88299,6.85139,107541
USDCNH.FXCM,20260225,6.85202,6.84211,6.85619,6.82639,6.85431,6.84699,6.85709,6.82698,143734
USDCNH.FXCM,20260226,6.84211,6.85986,6.86965,6.83869,6.84699,6.86238,6.87027,6.83936,130494
USDCNH.FXCM,20260228,6.85986,6.88245,6.88423,6.85986,6.86238,6.88668,6.88868,6.86238,1593
USDCNH.FXCM,20260301,6.88245,6.89947,6.91306,6.86177,6.88668,6.90249,6.91371,6.86242,215963
USDCNH.FXCM,20260302,6.89947,6.91585,6.94339,6.87469,6.90249,6.92058,6.9441,6.87528,229316
USDCNH.FXCM,20260303,6.91585,6.89031,6.93487,6.8883,6.92058,6.90055,6.93571,6.88891,218067
USDCNH.FXCM,20260304,6.89031,6.91301,6.92834,6.87761,6.90055,6.92275,6.92896,6.87829,236004
USDCNH.FXCM,20260305,6.91301,6.90218,6.91952,6.8885,6.92275,6.91183,6.92323,6.88908,253492
USDCNH.FXCM,20260307,6.90218,6.90134,6.90224,6.90047,6.91183,6.90932,6.91183,6.909,82
USDCNH.FXCM,20260308,6.90134,6.88168,6.93373,6.8807,6.90932,6.89105,6.9346,6.88737,284883
USDCNH.FXCM,20260309,6.88168,6.87554,6.89647,6.86014,6.89105,6.8849,6.89704,6.86075,263316
USDCNH.FXCM,20260310,6.87554,6.87563,6.88083,6.85967,6.8849,6.87754,6.8849,6.86033,206809
USDCNH.FXCM,20260311,6.87563,6.87982,6.88512,6.86398,6.87754,6.88266,6.8858,6.8646,189844
USDCNH.FXCM,20260312,6.87982,6.90677,6.90838,6.8774,6.88266,6.90859,6.91014,6.87821,190033
USDCNH.FXCM,20260314,6.90677,6.89862,6.90677,6.89734,6.90859,6.90728,6.9098,6.90444,367
USDCNH.FXCM,20260315,6.89862,6.88708,6.9084,6.88551,6.90728,6.89025,6.90897,6.88608,167956
USDCNH.FXCM,20260316,6.88708,6.88066,6.89321,6.8788,6.89025,6.88521,6.89915,6.88005,143790
USDCNH.FXCM,20260317,6.88066,6.8956,6.90389,6.87177,6.88521,6.90571,6.90584,6.87237,167227
USDCNH.FXCM,20260318,6.8956,6.87488,6.90736,6.87369,6.90571,6.88495,6.90795,6.87443,240344
USDCNH.FXCM,20260319,6.87488,6.90512,6.9089,6.87209,6.88495,6.90707,6.91026,6.87793,201969
USDCNH.FXCM,20260321,6.90512,6.9008,6.90512,6.90024,6.90707,6.91038,6.91084,6.90707,102
USDCNH.FXCM,20260322,6.9008,6.88073,6.91844,6.87716,6.91038,6.88826,6.91901,6.87783,308632
USDCNH.FXCM,20260323,6.88073,6.88778,6.90475,6.87978,6.88826,6.89731,6.90533,6.88392,247725
USDCNH.FXCM,20260324,6.88778,6.89949,6.90907,6.88364,6.89731,6.90559,6.90965,6.88423,193530
USDCNH.FXCM,20260325,6.89949,6.91829,6.92265,6.89837,6.90559,6.92264,6.92541,6.90305,158377
USDCNH.FXCM,20260326,6.91829,6.91837,6.92346,6.91342,6.92264,6.92197,6.92529,6.91399,152718
USDCNH.FXCM,20260328,6.91837,6.91553,6.91837,6.91542,6.92197,6.92518,6.92624,6.92197,124
USDCNH.FXCM,20260329,6.91553,6.91449,6.92666,6.90858,6.92518,6.91813,6.92732,6.90909,144231
USDCNH.FXCM,20260330,6.91449,6.88374,6.92125,6.88354,6.91813,6.89235,6.92193,6.88681,205296
USDCNH.FXCM,20260331,6.88374,6.87455,6.88946,6.87071,6.89235,6.88232,6.89243,6.8713,186978
USDCNH.FXCM,20260401,6.87455,6.88841,6.90396,6.87115,6.88232,6.89076,6.90451,6.87274,178619
USDCNH.FXCM,20260402,6.88841,6.88384,6.88936,6.87823,6.89076,6.88861,6.89297,6.87898,66168
USDCNH.FXCM,20260405,6.88384,6.87352,6.89126,6.87127,6.88861,6.87749,6.89254,6.87251,103140
USDCNH.FXCM,20260406,6.87352,6.85475,6.8835,6.85325,6.87749,6.85706,6.88407,6.85394,190329
USDCNH.FXCM,20260407,6.85475,6.832,6.85475,6.81962,6.85706,6.83436,6.85817,6.82026,236560
USDCNH.FXCM,20260408,6.832,6.82726,6.84145,6.82422,6.83436,6.82921,6.84205,6.82481,149970
USDCNH.FXCM,20260409,6.82726,6.82189,6.83409,6.82054,6.82921,6.82802,6.83477,6.82156,127941
USDCNH.FXCM,20260411,6.82189,6.83392,6.83945,6.82189,6.82802,6.84297,6.84337,6.82802,522
USDCNH.FXCM,20260412,6.83392,6.81813,6.8432,6.81531,6.84297,6.82093,6.84449,6.81694,140555
USDCNH.FXCM,20260413,6.81813,6.80714,6.8186,6.80563,6.82093,6.81451,6.82514,6.80618,163921
USDCNH.FXCM,20260414,6.80714,6.81688,6.82216,6.80714,6.81451,6.81951,6.82333,6.80883,131229
USDCNH.FXCM,20260415,6.81688,6.82155,6.82669,6.81271,6.81951,6.82407,6.82841,6.81331,128101
USDCNH.FXCM,20260416,6.82155,6.81556,6.82937,6.80979,6.82407,6.81772,6.82995,6.81052,149056
USDCNH.FXCM,20260418,6.81556,6.8243,6.82468,6.81086,6.81772,6.82914,6.8293,6.81648,566
USDCNH.FXCM,20260419,6.8243,6.8114,6.82793,6.81137,6.82914,6.82046,6.83029,6.81423,133121
USDCNH.FXCM,20260420,6.8114,6.82723,6.83303,6.81135,6.82046,6.82963,6.83376,6.81196,143938
USDCNH.FXCM,20260421,6.82723,6.83081,6.83282,6.82138,6.82963,6.833,6.83764,6.82194,117991
USDCNH.FXCM,20260422,6.83081,6.83212,6.83922,6.82589,6.833,6.83807,6.8399,6.82657,152333
USDCNH.FXCM,20260423,6.83212,6.83234,6.84002,6.82944,6.83807,6.83622,6.84063,6.83128,127869
USDCNH.FXCM,20260425,6.83234,6.83631,6.83654,6.82869,6.83622,6.8392,6.8392,6.83622,90
USDCNH.FXCM,20260426,6.83631,6.8251,6.83829,6.81898,6.8392,6.82757,6.84011,6.81955,436223
USDCNH.FXCM,20260427,6.8251,6.83663,6.84244,6.8236,6.82757,6.8437,6.84411,6.82447,369291
USDCNH.FXCM,20260428,6.83663,6.84683,6.84898,6.83092,6.8437,6.84842,6.85285,6.8315,134627
USDCNH.FXCM,20260429,6.84683,6.82959,6.84746,6.82752,6.84842,6.83398,6.85018,6.82819,163481
USDCNH.FXCM,20260430,6.82959,6.82996,6.83571,6.82289,6.83398,6.83205,6.83628,6.82348,127586
USDCNH.FXCM,20260502,6.82996,6.8265,6.82996,6.82464,6.83205,6.833,6.83461,6.83205,110
USDCNH.FXCM,20260503,6.8265,6.82993,6.83482,6.81541,6.833,6.83151,6.83647,6.81589,148345
USDCNH.FXCM,20260504,6.82993,6.82392,6.83583,6.82304,6.83151,6.8304,6.83637,6.82642,112774
USDCNH.FXCM,20260505,6.82392,6.81319,6.82777,6.80587,6.8304,6.81487,6.83111,6.80647,187996
USDCNH.FXCM,20260506,6.81319,6.8081,6.81345,6.79551,6.81487,6.80946,6.8158,6.79611,152630
USDCNH.FXCM,20260507,6.8081,6.79567,6.80945,6.79466,6.80946,6.79686,6.81032,6.79578,133733
USDCNH.FXCM,20260509,6.79567,6.79858,6.7993,6.79445,6.79686,6.80149,6.80272,6.79686,138
USDCNH.FXCM,20260510,6.79858,6.79124,6.80009,6.78957,6.80149,6.79267,6.80229,6.79012,110035
USDCNH.FXCM,20260511,6.79124,6.78924,6.79736,6.78447,6.79267,6.79199,6.79794,6.79021,118307
USDCNH.FXCM,20260512,6.78924,6.78672,6.79272,6.78568,6.79199,6.78796,6.79385,6.78628,104149
USDCNH.FXCM,20260513,6.78672,6.78525,6.78808,6.78124,6.78796,6.78844,6.78933,6.78188,107306
USDCNH.FXCM,20260514,6.78525,6.81349,6.81622,6.78383,6.78844,6.81527,6.81684,6.78655,180303
USDCNH.FXCM,20260516,6.81349,6.80883,6.81349,6.80747,6.81527,6.81764,6.81857,6.81358,97
USDCNH.FXCM,20260517,6.80883,6.79897,6.82125,6.79691,6.81764,6.79989,6.82182,6.79765,176053
USDCNH.FXCM,20260518,6.79897,6.8158,6.81974,6.79571,6.79989,6.81794,6.82241,6.7964,150760
USDCNH.FXCM,20260519,6.8158,6.80154,6.81902,6.79772,6.81794,6.80281,6.8197,6.79833,170246
USDCNH.FXCM,20260520,6.80154,6.79961,6.80795,6.79603,6.80281,6.80063,6.80852,6.79664,173356
USDCNH.FXCM,20260521,6.79961,6.79699,6.80312,6.79178,6.80063,6.79859,6.80411,6.79248,136788
USDCNH.FXCM,20260523,6.79699,6.78779,6.79699,6.78652,6.79859,6.79072,6.79859,6.79017,292
USDCNH.FXCM,20260524,6.78779,6.7827,6.79183,6.78001,6.79072,6.78576,6.79444,6.78056,94727
USDCNH.FXCM,20260525,6.7827,6.78483,6.78943,6.78195,6.78576,6.78558,6.78998,6.7825,116116
USDCNH.FXCM,20260526,6.78483,6.77859,6.7855,6.77543,6.78558,6.77979,6.78829,6.776,128783
USDCNH.FXCM,20260527,6.77859,6.76903,6.78804,6.76903,6.77979,6.77915,6.7886,6.77131,128830
USDCNH.FXCM,20260528,6.76903,6.76331,6.77473,6.76015,6.77915,6.76542,6.77915,6.76078,121417
USDCNH.FXCM,20260530,6.76331,6.75911,6.76338,6.75872,6.76542,6.76439,6.76813,6.7633,202
USDCNH.FXCM,20260531,6.75911,6.76451,6.77062,6.75858,6.76439,6.76586,6.77131,6.76278,135343
USDCNH.FXCM,20260601,6.76451,6.76137,6.76517,6.75782,6.76586,6.76274,6.7714,6.75838,98592
USDCNH.FXCM,20260602,6.76137,6.7799,6.78142,6.75795,6.76274,6.78073,6.78198,6.7624,126801
USDCNH.FXCM,20260603,6.7799,6.77629,6.77994,6.76984,6.78073,6.77747,6.78182,6.77042,120013
USDCNH.FXCM,20260604,6.77629,6.78974,6.7917,6.76448,6.77747,6.79131,6.79323,6.76504,150558
USDCNH.FXCM,20260606,6.78974,6.78605,6.78974,6.78346,6.79131,6.79295,6.79429,6.79131,69
USDCNH.FXCM,20260607,6.78605,6.78342,6.79169,6.78005,6.79295,6.78601,6.79415,6.78061,139676
USDCNH.FXCM,20260608,6.78342,6.77779,6.78563,6.76838,6.78601,6.77938,6.7863,6.76896,153387
USDCNH.FXCM,20260609,6.77779,6.7817,6.78348,6.77418,6.77938,6.78254,6.78406,6.77487,146618
USDCNH.FXCM,20260610,6.7817,6.7628,6.78434,6.7617,6.78254,6.76404,6.78536,6.76233,153227
USDCNH.FXCM,20260611,6.7628,6.76173,6.76897,6.75885,6.76404,6.76519,6.76955,6.75938,135927
USDCNH.FXCM,20260613,6.76173,6.76059,6.76173,6.75876,6.76519,6.76368,6.76664,6.76366,126
USDCNH.FXCM,20260614,6.76059,6.75879,6.76192,6.75523,6.76368,6.7597,6.76467,6.7559,98850
USDCNH.FXCM,20260615,6.75879,6.75604,6.76323,6.75479,6.7597,6.75728,6.76379,6.75538,85395
USDCNH.FXCM,20260616,6.75604,6.77543,6.78136,6.7535,6.75728,6.77722,6.78192,6.75414,122932
USDCNH.FXCM,20260617,6.77543,6.77778,6.78069,6.76208,6.77722,6.77916,6.78126,6.76263,134298
USDCNH.FXCM,20260618,6.77778,6.77853,6.79768,6.77557,6.77916,6.78892,6.79822,6.77618,119937
USDCNH.FXCM,20260620,6.77853,6.77982,6.78109,6.77853,6.78892,6.78938,6.78982,6.78799,27
USDCNH.FXCM,20260621,6.77982,6.7777,6.7852,6.77262,6.78938,6.77864,6.7899,6.77327,124382
USDCNH.FXCM,20260622,6.7777,6.79442,6.79761,6.7752,6.77864,6.79548,6.79814,6.77582,129479
USDCNH.FXCM,20260623,6.79442,6.8127,6.81922,6.79075,6.79548,6.81392,6.8198,6.79132,158067
USDCNH.FXCM,20260624,6.8127,6.80091,6.81611,6.79664,6.81392,6.80231,6.81827,6.79718,164252
USDCNH.FXCM,20260625,6.80091,6.80295,6.80914,6.79781,6.80231,6.80642,6.80977,6.79848,149597
USDCNH.FXCM,20260627,6.80295,6.79672,6.80295,6.79601,6.80642,6.80633,6.80716,6.80431,199
USDCNH.FXCM,20260628,6.79672,6.80022,6.80711,6.79301,6.80633,6.80172,6.80773,6.79357,119696
USDCNH.FXCM,20260629,6.80022,6.79119,6.80231,6.78609,6.80172,6.79181,6.80294,6.78669,136671
USDCNH.FXCM,20260630,6.79119,6.79361,6.80229,6.78615,6.79181,6.79579,6.80283,6.79109,131000
USDCNH.FXCM,20260701,6.79361,6.78844,6.79636,6.78332,6.79579,6.78928,6.7969,6.78394,172973
USDCNH.FXCM,20260702,6.78844,6.78374,6.78984,6.78086,6.78928,6.78727,6.79089,6.78141,90169
USDCNH.FXCM,20260704,6.78374,6.78096,6.78374,6.77958,6.78727,6.78738,6.78912,6.7867,74
USDCNH.FXCM,20260705,6.78096,6.79393,6.79954,6.77845,6.78738,6.79513,6.80016,6.78355,109782
USDCNH.FXCM,20260706,6.79393,6.80161,6.8048,6.78891,6.79513,6.80492,6.80535,6.78949,118582
USDCNH.FXCM,20260707,6.80161,6.80528,6.80992,6.79804,6.80492,6.80768,6.81049,6.79863,138196
USDCNH.FXCM,20260708,6.80528,6.79547,6.80615,6.79295,6.80768,6.7965,6.80789,6.79351,103492
USDCNH.FXCM,20260709,6.79547,6.77729,6.79564,6.77605,6.7965,6.78726,6.79839,6.77661,126027
USDCNH.FXCM,20260711,6.77729,6.77699,6.77893,6.77663,6.78726,6.78607,6.78726,6.78341,99
USDCNH.FXCM,20260712,6.77699,6.78457,6.78931,6.77585,6.78607,6.78546,6.78988,6.77823,141837
USDCNH.FXCM,20260713,6.78457,6.77369,6.78766,6.76875,6.78546,6.77505,6.78828,6.76942,150821
USDCNH.FXCM,20260714,6.77369,6.76828,6.77792,6.76492,6.77505,6.76893,6.7785,6.76549,138354
USDCNH.FXCM,20260715,6.76828,6.77256,6.77526,6.76454,6.76893,6.77396,6.77583,6.76528,111173
USDCNH.FXCM,20260716,6.77256,6.77328,6.7812,6.77143,6.77396,6.7837,6.7837,6.77244,125213
USDCNH.FXCM,20260718,6.77328,6.77294,6.77336,6.77166,6.7837,6.7813,6.7837,6.77916,87
USDCNH.FXCM,20260719,6.77294,6.76882,6.77849,6.76578,6.7813,6.76978,6.78194,6.76634,113730
USDCNH.FXCM,20260720,6.76882,6.76783,6.76963,6.76319,6.76978,6.76912,6.77103,6.76379,98374
USDCNH.FXCM,20260721,6.76783,6.774,6.77591,6.76685,6.76912,6.77529,6.77675,6.76821,96986
USDCNH.FXCM,20260722,6.774,6.77742,6.7783,6.76729,6.77529,6.77829,6.7789,6.76781,114215
USDCNH.FXCM,20260723,6.77742,6.77112,6.77864,6.76952,6.77829,6.7723,6.77949,6.77002,96047
USDCNH.FXCM,20260725,6.77112,6.76706,6.77112,6.76485,6.7723,6.77734,6.77734,6.7723,84
USDCNH.FXCM,20260726,6.76706,6.76512,6.77046,6.76264,6.77734,6.76599,6.77734,6.76324,98686
USDCNH.FXCM,20260727,6.76512,6.77066,6.77346,6.76235,6.76599,6.77156,6.77403,6.76428,89055
USDCNH.FXCM,20260728,6.77066,6.76001,6.77431,6.75925,6.77156,6.7613,6.77483,6.76028,121489
USDCNH.FXCM,20260729,6.76001,6.74773,6.76228,6.74369,6.7613,6.7486,6.76285,6.74421,139708
USDCNH.FXCM,20260730,6.74773,6.74774,6.74876,6.74452,6.7486,6.74842,6.75031,6.74588,9312
