ts_code,trade_date,open,close,high,low,pre_close,change,pct_chg,swing,vol
IXIC,19841011,244.2,244.7,244.7,244.2,,,,,6286.0
IXIC,19841012,245.5,246.2,246.2,245.5,244.7,1.5,0.613,0.29,5886.0
IXIC,19841015,246.8,247.7,247.7,246.8,246.2,1.5,0.6093,0.37,6182.0
IXIC,19841016,247.8,247.3,247.9,247.1,247.7,-0.4,-0.1615,0.32,5744.0
IXIC,19841017,247.1,247.1,247.1,246.8,247.3,-0.2,-0.0809,0.12,6467.0
IXIC,19841018,247.5,249.8,249.8,247.3,247.1,2.7,1.0927,1.01,6473.0
IXIC,19841019,252.2,251.2,252.2,251.2,249.8,1.4,0.5604,0.4,8761.0
IXIC,19841022,250.7,250.6,251.1,250.5,251.2,-0.6,-0.2389,0.24,5348.0
IXIC,19841023,251.1,250.6,251.1,250.5,250.6,0.0,0.0,0.24,5921.0
IXIC,19841024,250.7,250.8,250.8,250.4,250.6,0.2,0.0798,0.16,6336.0
IXIC,19841025,250.3,249.0,250.3,249.0,250.8,-1.8,-0.7177,0.52,6391.0
IXIC,19841026,247.7,247.4,247.7,247.3,249.0,-1.6,-0.6426,0.16,5289.0
IXIC,19841029,247.0,246.5,247.0,246.4,247.4,-0.9,-0.3638,0.24,4511.0
IXIC,19841030,246.9,247.5,247.5,246.9,246.5,1.0,0.4057,0.24,5655.0
IXIC,19841031,247.5,247.0,247.6,247.0,247.5,-0.5,-0.202,0.24,5887.0
IXIC,19841101,247.1,248.0,248.0,247.1,247.0,1.0,0.4049,0.36,5584.0
IXIC,19841102,248.0,248.0,248.4,248.0,248.0,0.0,0.0,0.16,6010.0
IXIC,19841105,247.8,248.4,248.4,247.6,248.0,0.4,0.1613,0.32,5605.0
IXIC,19841106,249.2,250.5,250.5,249.2,248.4,2.1,0.8454,0.52,6851.0
IXIC,19841107,250.5,249.8,250.5,249.8,250.5,-0.7,-0.2794,0.28,6220.0
IXIC,19841108,249.4,249.5,249.6,249.4,249.8,-0.3,-0.1201,0.08,6062.0
IXIC,19841109,250.0,249.5,250.3,249.5,249.5,0.0,0.0,0.32,6369.0
IXIC,19841112,249.2,249.3,249.3,248.8,249.5,-0.2,-0.0802,0.2,5123.0
IXIC,19841113,249.3,247.8,249.3,247.8,249.3,-1.5,-0.6017,0.6,5516.0
IXIC,19841114,247.2,247.0,247.2,246.8,247.8,-0.8,-0.3228,0.16,5665.0
IXIC,19841115,246.5,246.0,246.5,246.0,247.0,-1.0,-0.4049,0.2,5938.0
IXIC,19841116,246.1,245.1,246.1,245.1,246.0,-0.9,-0.3659,0.41,5955.0
IXIC,19841119,244.2,242.9,244.2,242.9,245.1,-2.2,-0.8976,0.53,5287.0
IXIC,19841120,242.9,243.2,243.3,242.8,242.9,0.3,0.1235,0.21,5860.0
IXIC,19841121,242.7,243.0,243.0,242.4,243.2,-0.2,-0.0822,0.25,6063.0
IXIC,19841123,244.2,245.3,245.3,244.2,243.0,2.3,0.9465,0.45,4387.0
IXIC,19841126,245.8,244.9,245.8,244.9,245.3,-0.4,-0.1631,0.37,5150.0
IXIC,19841127,244.6,252.3,252.3,244.6,244.9,7.4,3.0216,3.14,5795.0
IXIC,19841128,246.0,250.7,250.7,245.2,252.3,-1.6,-0.6342,2.18,5977.0
IXIC,19841129,244.3,243.5,244.3,243.5,250.7,-7.2,-2.872,0.32,6083.0
IXIC,19841130,242.9,242.4,242.9,242.4,243.5,-1.1,-0.4517,0.21,5749.0
IXIC,19841203,241.9,240.9,246.9,240.7,242.4,-1.5,-0.6188,2.56,5270.0
IXIC,19841204,241.1,240.8,241.2,240.8,240.9,-0.1,-0.0415,0.17,6193.0
IXIC,19841205,240.3,238.7,240.3,238.7,240.8,-2.1,-0.8721,0.66,6630.0
IXIC,19841206,238.4,238.9,239.0,238.4,238.7,0.2,0.0838,0.25,6057.0
IXIC,19841207,239.6,239.3,239.6,239.3,238.9,0.4,0.1674,0.13,5835.0
IXIC,19841210,238.2,250.2,250.2,237.7,239.3,10.9,4.555,5.22,5876.0
IXIC,19841211,238.6,238.8,238.8,238.5,250.2,-11.4,-4.5564,0.12,6313.0
IXIC,19841212,238.9,238.5,238.9,238.4,238.8,-0.3,-0.1256,0.21,6296.0
IXIC,19841213,238.1,238.1,238.4,238.1,238.5,-0.4,-0.1677,0.13,6021.0
IXIC,19841214,238.0,239.0,239.0,238.0,238.1,0.9,0.378,0.42,6297.0
IXIC,19841217,238.7,238.5,238.7,238.3,239.0,-0.5,-0.2092,0.17,6348.0
IXIC,19841218,240.4,243.3,243.3,240.4,238.5,4.8,2.0126,1.22,8771.0
IXIC,19841219,245.3,245.4,245.4,244.9,243.3,2.1,0.8631,0.21,8598.0
IXIC,19841220,244.9,244.5,244.9,244.4,245.4,-0.9,-0.3667,0.2,7163.0
IXIC,19841221,244.3,244.8,244.8,243.7,244.5,0.3,0.1227,0.45,6867.0
IXIC,19841224,245.1,245.8,245.8,245.1,244.8,1.0,0.4085,0.29,3884.0
IXIC,19841226,246.0,246.6,246.6,245.8,245.8,0.8,0.3255,0.33,4758.0
IXIC,19841227,246.1,245.4,246.1,245.4,246.6,-1.2,-0.4866,0.28,6037.0
IXIC,19841228,245.3,245.9,245.9,245.3,245.4,0.5,0.2037,0.24,7061.0
IXIC,19841231,246.2,247.1,247.1,246.2,245.9,1.2,0.488,0.37,8012.0
IXIC,19850102,247.1,245.9,247.1,245.9,247.1,-1.2,-0.4856,0.49,4821.0
IXIC,19850103,246.0,246.4,246.7,246.0,245.9,0.5,0.2033,0.28,5225.0
IXIC,19850104,246.1,246.1,246.1,245.8,246.4,-0.3,-0.1218,0.12,5580.0
IXIC,19850107,246.0,245.9,246.2,245.9,246.1,-0.2,-0.0813,0.12,5320.0
IXIC,19850108,246.1,246.0,246.4,246.0,245.9,0.1,0.0407,0.16,6485.0
IXIC,19850109,246.1,247.3,247.3,246.1,246.0,1.3,0.5285,0.49,6667.0
IXIC,19850110,247.9,250.7,250.7,247.9,247.3,3.4,1.3748,1.13,8159.0
IXIC,19850111,251.7,252.2,252.2,251.6,250.7,1.5,0.5983,0.24,7152.0
IXIC,19850114,252.7,255.5,255.5,252.7,252.2,3.3,1.3085,1.11,7332.0
IXIC,19850115,257.3,257.8,258.0,257.3,255.5,2.3,0.9002,0.27,9078.0
IXIC,19850116,259.1,260.2,260.2,259.1,257.8,2.4,0.931,0.43,8977.0
IXIC,19850117,260.6,261.2,261.2,260.5,260.2,1.0,0.3843,0.27,8699.0
IXIC,19850118,262.1,263.1,263.1,262.0,261.2,1.9,0.7274,0.42,7828.0
IXIC,19850121,263.9,266.4,266.4,263.9,263.1,3.3,1.2543,0.95,8547.0
IXIC,19850122,268.4,268.4,269.0,268.4,266.4,2.0,0.7508,0.23,10730.0
IXIC,19850123,268.8,270.7,270.7,268.8,268.4,2.3,0.8569,0.71,10090.0
IXIC,19850124,272.0,272.3,272.9,272.0,270.7,1.6,0.5911,0.33,10860.0
IXIC,19850125,272.6,274.0,274.0,272.5,272.3,1.7,0.6243,0.55,8651.0
IXIC,19850128,275.0,275.0,275.6,274.6,274.0,1.0,0.365,0.36,9074.0
IXIC,19850129,274.8,276.2,276.2,274.8,275.0,1.2,0.4364,0.51,8832.0
IXIC,19850130,278.7,278.6,278.8,278.4,276.2,2.4,0.8689,0.14,10870.0
IXIC,19850131,278.2,278.7,278.9,278.2,278.6,0.1,0.0359,0.25,9229.0
IXIC,19850201,277.9,278.4,278.5,277.9,278.7,-0.3,-0.1076,0.22,8533.0
IXIC,19850204,278.8,280.8,280.8,278.8,278.4,2.4,0.8621,0.72,8844.0
IXIC,19850205,281.8,282.6,282.7,281.8,280.8,1.8,0.641,0.32,9895.0
IXIC,19850206,283.8,284.5,284.7,283.8,282.6,1.9,0.6723,0.32,10230.0
IXIC,19850207,285.5,287.1,287.1,285.5,284.5,2.6,0.9139,0.56,11023.0
IXIC,19850208,287.8,288.4,288.4,287.6,287.1,1.3,0.4528,0.28,10340.0
IXIC,19850211,288.6,287.4,288.6,287.1,288.4,-1.0,-0.3467,0.52,9595.0
IXIC,19850212,286.3,286.6,286.8,286.3,287.4,-0.8,-0.2784,0.17,8927.0
IXIC,19850213,286.7,288.3,288.3,286.4,286.6,1.7,0.5932,0.66,11330.0
IXIC,19850214,289.1,288.4,289.3,288.4,288.3,0.1,0.0347,0.31,12430.0
IXIC,19850215,288.1,287.7,288.4,287.7,288.4,-0.7,-0.2427,0.24,8151.0
IXIC,19850219,286.6,286.9,287.1,286.6,287.7,-0.8,-0.2781,0.17,6791.0
IXIC,19850220,286.7,287.3,287.6,286.7,286.9,0.4,0.1394,0.31,8375.0
IXIC,19850221,287.2,287.0,287.2,286.9,287.3,-0.3,-0.1044,0.1,8414.0
IXIC,19850222,286.9,286.2,286.9,286.0,287.0,-0.8,-0.2787,0.31,7964.0
IXIC,19850225,284.7,284.0,284.7,283.5,286.2,-2.2,-0.7687,0.42,8817.0
IXIC,19850226,284.0,285.0,285.0,283.7,284.0,1.0,0.3521,0.46,8293.0
IXIC,19850227,285.3,284.1,285.3,284.1,285.0,-0.9,-0.3158,0.42,8523.0
IXIC,19850228,283.7,284.2,284.2,283.7,284.1,0.1,0.0352,0.18,7810.0
IXIC,19850301,285.1,287.2,287.2,285.1,284.2,3.0,1.0556,0.74,9210.0
IXIC,19850304,287.6,287.1,287.8,287.0,287.2,-0.1,-0.0348,0.28,7433.0
IXIC,19850305,287.3,287.1,287.5,286.6,287.1,0.0,0.0,0.31,7817.0
IXIC,19850306,286.9,285.5,287.5,285.4,287.1,-1.6,-0.5573,0.73,7764.0
IXIC,19850307,283.9,283.2,285.4,282.8,285.5,-2.3,-0.8056,0.91,7839.0
IXIC,19850308,282.4,282.4,283.2,282.2,283.2,-0.8,-0.2825,0.35,7809.0
IXIC,19850311,281.9,281.2,282.4,280.9,282.4,-1.2,-0.4249,0.53,6896.0
IXIC,19850312,280.9,281.4,281.5,280.6,281.2,0.2,0.0711,0.32,7105.0
IXIC,19850313,281.0,278.2,281.5,278.0,281.4,-3.2,-1.1372,1.24,8022.0
IXIC,19850314,277.0,277.5,278.2,276.9,278.2,-0.7,-0.2516,0.47,7264.0
IXIC,19850315,277.5,278.0,278.3,277.4,277.5,0.5,0.1802,0.32,6893.0
IXIC,19850318,278.3,277.1,278.5,277.1,278.0,-0.9,-0.3237,0.5,6869.0
IXIC,19850319,277.2,278.9,279.0,277.1,277.1,1.8,0.6496,0.69,8572.0
IXIC,19850320,279.0,278.8,279.4,278.2,278.9,-0.1,-0.0359,0.43,8732.0
IXIC,19850321,279.1,279.0,279.4,278.7,278.8,0.2,0.0717,0.25,7790.0
IXIC,19850322,279.3,278.9,279.6,278.7,279.0,-0.1,-0.0358,0.32,8391.0
IXIC,19850325,277.7,276.3,278.9,276.1,278.9,-2.6,-0.9322,1.0,6431.0
IXIC,19850326,276.3,276.2,276.4,275.6,276.3,-0.1,-0.0362,0.29,7093.0
IXIC,19850327,277.1,277.6,277.8,276.2,276.2,1.4,0.5069,0.58,7771.0
IXIC,19850328,278.3,278.2,278.6,277.6,277.6,0.6,0.2161,0.36,7863.0
IXIC,19850329,278.3,279.2,279.2,278.2,278.2,1.0,0.3595,0.36,7567.0
IXIC,19850401,279.5,280.3,280.4,279.2,279.2,1.1,0.394,0.43,6720.0
IXIC,19850402,280.9,279.7,281.1,279.6,280.3,-0.6,-0.2141,0.54,7326.0
IXIC,19850403,279.3,277.9,279.8,277.5,279.7,-1.8,-0.6435,0.82,7704.0
IXIC,19850404,277.4,277.4,278.0,276.8,277.9,-0.5,-0.1799,0.43,6735.0
IXIC,19850408,277.0,276.5,277.9,276.3,277.4,-0.9,-0.3244,0.58,6348.0
IXIC,19850409,276.4,276.6,276.8,276.2,276.5,0.1,0.0362,0.22,6742.0
IXIC,19850410,277.7,278.8,279.0,276.6,276.6,2.2,0.7954,0.87,7794.0
IXIC,19850411,280.1,280.1,280.7,278.8,278.8,1.3,0.4663,0.68,8165.0
IXIC,19850412,280.4,280.6,280.7,280.1,280.1,0.5,0.1785,0.21,7069.0
IXIC,19850415,280.7,281.1,281.2,280.6,280.6,0.5,0.1782,0.21,6511.0
IXIC,19850416,281.6,282.3,282.3,281.1,281.1,1.2,0.4269,0.43,7564.0
IXIC,19850417,282.9,283.3,283.4,282.3,282.3,1.0,0.3542,0.39,7380.0
IXIC,19850418,283.9,283.1,284.0,283.0,283.3,-0.2,-0.0706,0.35,7571.0
IXIC,19850419,282.7,282.8,283.1,282.3,283.1,-0.3,-0.106,0.28,7557.0
IXIC,19850422,282.4,281.8,282.8,281.2,282.8,-1.0,-0.3536,0.57,6397.0
IXIC,19850423,281.4,282.6,282.6,281.3,281.8,0.8,0.2839,0.46,7772.0
IXIC,19850424,283.1,283.1,283.4,282.6,282.6,0.5,0.1769,0.28,6454.0
IXIC,19850425,283.1,284.0,284.0,282.9,283.1,0.9,0.3179,0.39,6852.0
IXIC,19850426,284.7,284.1,284.8,284.0,284.0,0.1,0.0352,0.28,6783.0
IXIC,19850429,283.6,282.1,284.1,282.0,284.1,-2.0,-0.704,0.74,7313.0
IXIC,19850430,281.1,280.6,282.1,279.8,282.1,-1.5,-0.5317,0.82,7888.0
IXIC,19850501,280.5,279.6,280.7,279.5,280.6,-1.0,-0.3564,0.43,6602.0
IXIC,19850502,279.3,279.0,279.6,278.8,279.6,-0.6,-0.2146,0.29,6583.0
IXIC,19850503,279.3,280.3,280.3,279.0,279.0,1.3,0.466,0.47,6559.0
IXIC,19850506,280.4,279.9,280.5,279.7,280.3,-0.4,-0.1427,0.29,5931.0
IXIC,19850507,280.2,280.9,281.1,279.9,279.9,1.0,0.3573,0.43,7094.0
IXIC,19850508,280.9,281.1,281.1,280.5,280.9,0.2,0.0712,0.21,7685.0
IXIC,19850509,281.9,283.3,283.3,281.0,281.1,2.2,0.7826,0.82,8074.0
IXIC,19850510,285.3,287.5,287.5,283.3,283.3,4.2,1.4825,1.48,9551.0
IXIC,19850513,288.0,288.1,288.2,287.5,287.5,0.6,0.2087,0.24,7338.0
IXIC,19850514,288.4,287.7,288.6,287.1,288.1,-0.4,-0.1388,0.52,8515.0
IXIC,19850515,287.8,288.5,289.0,287.6,287.7,0.8,0.2781,0.49,7830.0
IXIC,19850516,288.7,289.8,289.8,288.3,288.5,1.3,0.4506,0.52,7432.0
IXIC,19850517,290.1,291.7,291.7,289.7,289.8,1.9,0.6556,0.69,7835.0
IXIC,19850520,294.0,294.5,294.7,294.0,291.7,2.8,0.9599,0.24,9361.0
IXIC,19850521,293.9,293.9,294.8,293.8,294.5,-0.6,-0.2037,0.34,8527.0
IXIC,19850522,293.3,293.0,294.2,292.6,293.9,-0.9,-0.3062,0.54,7858.0
IXIC,19850523,292.9,292.2,293.1,291.9,293.0,-0.8,-0.273,0.41,8357.0
IXIC,19850524,291.8,292.1,292.2,291.6,292.2,-0.1,-0.0342,0.21,6029.0
IXIC,19850528,292.1,290.9,292.6,290.7,292.1,-1.2,-0.4108,0.65,6544.0
IXIC,19850529,290.7,290.6,291.0,290.3,290.9,-0.3,-0.1031,0.24,7420.0
IXIC,19850530,290.6,289.9,290.9,289.5,290.6,-0.7,-0.2409,0.48,7701.0
IXIC,19850531,289.9,290.8,290.8,289.8,289.9,0.9,0.3105,0.34,8501.0
IXIC,19850603,291.4,290.6,291.8,290.4,290.8,-0.2,-0.0688,0.48,7339.0
IXIC,19850604,290.3,291.0,291.1,290.1,290.6,0.4,0.1376,0.34,7229.0
IXIC,19850605,291.7,291.8,291.9,291.0,291.0,0.8,0.2749,0.31,8912.0
IXIC,19850606,291.1,291.9,291.9,290.9,291.8,0.1,0.0343,0.34,8159.0
IXIC,19850607,291.9,291.0,292.2,290.9,291.9,-0.9,-0.3083,0.45,7916.0
IXIC,19850610,290.5,290.7,291.1,290.1,291.0,-0.3,-0.1031,0.34,6452.0
IXIC,19850611,291.3,290.5,291.4,290.3,290.7,-0.2,-0.0688,0.38,8140.0
IXIC,19850612,290.1,289.7,290.7,289.6,290.5,-0.8,-0.2754,0.38,7486.0
IXIC,19850613,288.8,286.9,289.7,286.7,289.7,-2.8,-0.9665,1.04,8018.0
IXIC,19850614,286.9,288.0,288.0,286.8,286.9,1.1,0.3834,0.42,7481.0
IXIC,19850617,287.5,287.4,288.1,286.9,288.0,-0.6,-0.2083,0.42,6026.0
IXIC,19850618,287.9,287.9,288.1,287.3,287.4,0.5,0.174,0.28,8267.0
IXIC,19850619,288.3,288.2,288.7,287.9,287.9,0.3,0.1042,0.28,8028.0
IXIC,19850620,287.8,287.4,288.3,287.0,288.2,-0.8,-0.2776,0.45,7689.0
IXIC,19850621,287.5,288.7,288.7,287.2,287.4,1.3,0.4523,0.52,8395.0
IXIC,19850624,288.4,290.0,290.1,288.2,288.7,1.3,0.4503,0.66,6564.0
IXIC,19850625,291.1,292.3,292.8,290.0,290.0,2.3,0.7931,0.97,9242.0
IXIC,19850626,293.0,293.4,293.4,292.3,292.3,1.1,0.3763,0.38,9100.0
IXIC,19850627,294.4,295.3,295.4,293.4,293.4,1.9,0.6476,0.68,9136.0
IXIC,19850628,295.6,296.2,296.2,295.3,295.3,0.9,0.3048,0.3,8679.0
IXIC,19850701,295.9,296.5,296.5,295.5,296.2,0.3,0.1013,0.34,6853.0
IXIC,19850702,297.0,296.9,297.3,296.4,296.5,0.4,0.1349,0.3,8075.0
IXIC,19850703,297.0,297.3,297.4,296.8,296.9,0.4,0.1347,0.2,7784.0
IXIC,19850705,297.8,298.6,298.7,297.3,297.3,1.3,0.4373,0.47,4367.0
IXIC,19850708,298.3,297.8,298.7,297.5,298.6,-0.8,-0.2679,0.4,6357.0
IXIC,19850709,297.7,297.2,298.0,296.7,297.8,-0.6,-0.2015,0.44,7522.0
IXIC,19850710,297.6,298.5,298.5,297.1,297.2,1.3,0.4374,0.47,7715.0
IXIC,19850711,299.5,300.5,300.5,298.5,298.5,2.0,0.67,0.67,8778.0
IXIC,19850712,301.2,302.4,302.4,300.5,300.5,1.9,0.6323,0.63,7865.0
IXIC,19850715,302.0,303.0,303.2,301.8,302.4,0.6,0.1984,0.46,6917.0
IXIC,19850716,303.7,305.2,305.2,303.0,303.0,2.2,0.7261,0.73,8463.0
IXIC,19850717,307.1,307.8,307.9,305.2,305.2,2.6,0.8519,0.88,11380.0
IXIC,19850718,307.2,306.9,307.9,306.7,307.8,-0.9,-0.2924,0.39,9435.0
IXIC,19850719,306.8,307.8,307.8,306.7,306.9,0.9,0.2933,0.36,8571.0
IXIC,19850722,306.9,306.8,307.8,306.3,307.8,-1.0,-0.3249,0.49,6977.0
IXIC,19850723,307.4,306.2,307.9,306.1,306.8,-0.6,-0.1956,0.59,9533.0
IXIC,19850724,305.0,303.7,305.4,302.9,306.2,-2.5,-0.8165,0.82,9379.0
IXIC,19850725,303.7,304.4,304.6,303.6,303.7,0.7,0.2305,0.33,8863.0
IXIC,19850726,304.5,304.6,304.6,304.2,304.4,0.2,0.0657,0.13,8426.0
IXIC,19850729,303.6,300.9,304.7,300.9,304.6,-3.7,-1.2147,1.25,7634.0
IXIC,19850730,300.6,300.6,300.9,300.1,300.9,-0.3,-0.0997,0.27,7722.0
IXIC,19850731,301.0,301.3,301.3,300.1,300.6,0.7,0.2329,0.4,8328.0
IXIC,19850801,302.6,304.0,304.1,301.2,301.3,2.7,0.8961,0.96,9002.0
IXIC,19850802,304.3,304.5,304.6,304.0,304.0,0.5,0.1645,0.2,7856.0
IXIC,19850805,303.2,302.1,304.5,301.8,304.5,-2.4,-0.7882,0.89,7552.0
IXIC,19850806,302.1,300.2,302.4,300.2,302.1,-1.9,-0.6289,0.73,8005.0
IXIC,19850807,298.6,298.2,300.2,298.0,300.2,-2.0,-0.6662,0.73,7842.0
IXIC,19850808,298.4,298.7,298.7,297.8,298.2,0.5,0.1677,0.3,7769.0
IXIC,19850809,299.1,299.1,299.2,298.6,298.7,0.4,0.1339,0.2,7167.0
IXIC,19850812,298.6,298.3,299.3,298.3,299.1,-0.8,-0.2675,0.33,6436.0
IXIC,19850813,298.2,297.0,298.4,296.8,298.3,-1.3,-0.4358,0.54,8052.0
IXIC,19850814,297.1,297.6,297.7,296.9,297.0,0.6,0.202,0.27,7300.0
IXIC,19850815,298.2,297.6,298.3,297.3,297.6,0.0,0.0,0.34,8205.0
IXIC,19850816,297.0,296.5,297.7,296.4,297.6,-1.1,-0.3696,0.44,7296.0
IXIC,19850819,296.2,295.6,296.5,295.6,296.5,-0.9,-0.3035,0.3,6564.0
IXIC,19850820,296.1,296.4,296.4,295.6,295.6,0.8,0.2706,0.27,7639.0
IXIC,19850821,296.9,297.7,297.7,296.4,296.4,1.3,0.4386,0.44,8265.0
IXIC,19850822,297.8,296.9,297.9,296.7,297.7,-0.8,-0.2687,0.4,7818.0
IXIC,19850823,296.8,296.7,296.9,296.5,296.9,-0.2,-0.0674,0.13,7025.0
IXIC,19850826,296.2,296.3,296.8,296.0,296.7,-0.4,-0.1348,0.27,5920.0
IXIC,19850827,295.8,296.0,296.3,295.6,296.3,-0.3,-0.1012,0.24,6794.0
IXIC,19850828,296.4,297.0,297.0,295.1,296.0,1.0,0.3378,0.64,7432.0
IXIC,19850829,297.1,297.3,297.3,296.9,297.0,0.3,0.101,0.13,7193.0
IXIC,19850830,297.2,297.7,297.7,297.0,297.3,0.4,0.1345,0.24,6468.0
IXIC,19850903,297.3,296.6,297.7,296.2,297.7,-1.1,-0.3695,0.5,6507.0
IXIC,19850904,296.3,295.6,296.7,295.4,296.6,-1.0,-0.3372,0.44,7741.0
IXIC,19850905,295.2,295.3,295.7,295.0,295.6,-0.3,-0.1015,0.24,7083.0
IXIC,19850906,295.5,296.2,296.2,295.3,295.3,0.9,0.3048,0.3,6982.0
IXIC,19850909,295.7,296.1,296.3,295.6,296.2,-0.1,-0.0338,0.24,6437.0
IXIC,19850910,296.2,294.5,296.3,294.3,296.1,-1.6,-0.5404,0.68,7716.0
IXIC,19850911,293.4,291.4,294.5,291.1,294.5,-3.1,-1.0526,1.15,7158.0
IXIC,19850912,290.1,289.9,291.4,289.6,291.4,-1.5,-0.5148,0.62,7155.0
IXIC,19850913,289.3,287.2,289.9,286.9,289.9,-2.7,-0.9314,1.03,7197.0
IXIC,19850916,286.4,285.4,287.2,285.2,287.2,-1.8,-0.6267,0.7,4824.0
IXIC,19850917,285.0,281.1,285.4,280.8,285.4,-4.3,-1.5067,1.61,7444.0
IXIC,19850918,279.9,281.0,281.1,279.5,281.1,-0.1,-0.0356,0.57,8335.0
IXIC,19850919,281.7,283.6,283.6,281.0,281.0,2.6,0.9253,0.93,8138.0
IXIC,19850920,284.9,284.4,285.0,283.6,283.6,0.8,0.2821,0.49,7622.0
IXIC,19850923,285.9,286.1,286.2,284.3,284.4,1.7,0.5978,0.67,7225.0
IXIC,19850924,285.5,284.1,286.1,283.9,286.1,-2.0,-0.6991,0.77,7113.0
IXIC,19850925,283.3,281.8,284.1,281.5,284.1,-2.3,-0.8096,0.92,5736.0
IXIC,19850926,280.3,280.2,281.8,279.5,281.8,-1.6,-0.5678,0.82,6372.0
IXIC,19850930,280.5,280.3,280.7,279.8,280.2,0.1,0.0357,0.32,6714.0
IXIC,19851001,280.6,281.8,281.8,280.3,280.3,1.5,0.5351,0.54,7658.0
IXIC,19851002,282.1,281.2,282.5,281.0,281.8,-0.6,-0.2129,0.53,8232.0
IXIC,19851003,280.7,281.4,281.5,280.5,281.2,0.2,0.0711,0.36,7365.0
IXIC,19851004,280.6,280.5,281.4,280.1,281.4,-0.9,-0.3198,0.46,7395.0
IXIC,19851007,279.3,278.3,280.5,278.0,280.5,-2.2,-0.7843,0.89,6432.0
IXIC,19851008,277.3,277.0,278.3,276.6,278.3,-1.3,-0.4671,0.61,7205.0
IXIC,19851009,277.9,278.3,278.5,277.0,277.0,1.3,0.4693,0.54,7810.0
IXIC,19851010,277.9,279.4,279.4,277.8,278.3,1.1,0.3953,0.57,7742.0
IXIC,19851011,279.9,281.8,281.8,279.4,279.4,2.4,0.859,0.86,7911.0
IXIC,19851014,282.5,284.3,284.3,281.8,281.8,2.5,0.8872,0.89,6156.0
IXIC,19851015,285.3,285.0,285.4,284.3,284.3,0.7,0.2462,0.39,8568.0
IXIC,19851016,285.7,286.7,286.7,284.9,285.0,1.7,0.5965,0.63,8756.0
IXIC,19851017,287.4,288.3,288.6,286.7,286.7,1.6,0.5581,0.66,9547.0
IXIC,19851018,288.6,288.4,288.7,288.0,288.3,0.1,0.0347,0.24,9044.0
IXIC,19851021,288.3,287.7,288.5,287.7,288.4,-0.7,-0.2427,0.28,7140.0
IXIC,19851022,287.8,288.5,288.7,287.5,287.7,0.8,0.2781,0.42,7887.0
IXIC,19851023,289.3,289.8,289.8,288.5,288.5,1.3,0.4506,0.45,10110.0
IXIC,19851024,290.4,290.6,290.9,289.8,289.8,0.8,0.2761,0.38,9543.0
IXIC,19851025,290.0,289.5,290.7,289.2,290.6,-1.1,-0.3785,0.52,8292.0
IXIC,19851028,288.7,289.2,289.5,288.6,289.5,-0.3,-0.1036,0.31,6573.0
IXIC,19851029,290.0,291.1,291.2,289.2,289.2,1.9,0.657,0.69,8170.0
IXIC,19851030,291.8,292.3,292.3,291.1,291.1,1.2,0.4122,0.41,9802.0
IXIC,19851031,292.8,292.5,292.8,292.0,292.3,0.2,0.0684,0.27,8496.0
IXIC,19851101,293.0,294.1,294.2,292.5,292.5,1.6,0.547,0.58,9009.0
IXIC,19851104,294.7,294.2,295.1,294.0,294.1,0.1,0.034,0.37,7534.0
IXIC,19851105,295.3,295.3,295.3,295.1,294.2,1.1,0.3739,0.07,8768.0
IXIC,19851106,296.3,296.7,296.8,295.3,295.3,1.4,0.4741,0.51,9350.0
IXIC,19851107,297.4,297.5,297.6,296.7,296.7,0.8,0.2696,0.3,8864.0
IXIC,19851108,298.0,300.0,300.1,297.5,297.5,2.5,0.8403,0.87,8676.0
IXIC,19851111,300.5,302.3,302.4,300.0,300.0,2.3,0.7667,0.8,8039.0
IXIC,19851112,303.5,304.4,304.6,302.3,302.3,2.1,0.6947,0.76,10830.0
IXIC,19851113,304.0,303.9,304.6,303.6,304.4,-0.5,-0.1643,0.33,9321.0
IXIC,19851114,303.8,305.2,305.2,303.5,303.9,1.3,0.4278,0.56,9804.0
IXIC,19851115,305.8,306.2,306.5,305.2,305.2,1.0,0.3277,0.43,9527.0
IXIC,19851118,306.1,306.1,306.3,305.8,306.2,-0.1,-0.0327,0.16,8221.0
IXIC,19851119,307.0,306.9,307.3,306.1,306.1,0.8,0.2614,0.39,10180.0
IXIC,19851120,307.1,307.0,307.3,306.8,306.9,0.1,0.0326,0.16,9760.0
IXIC,19851121,308.1,309.3,309.3,307.0,307.0,2.3,0.7492,0.75,11990.0
IXIC,19851122,310.2,310.8,310.9,309.2,309.3,1.5,0.485,0.55,10420.0
IXIC,19851125,310.1,309.8,311.0,309.4,310.8,-1.0,-0.3218,0.51,8343.0
IXIC,19851126,309.6,310.5,310.7,309.5,309.8,0.7,0.226,0.39,9363.0
IXIC,19851127,311.6,313.0,313.0,310.4,310.5,2.5,0.8052,0.84,10330.0
IXIC,19851129,313.7,314.0,314.0,313.2,313.0,1.0,0.3195,0.26,5759.0
IXIC,19851202,313.9,313.0,314.4,312.7,314.0,-1.0,-0.3185,0.54,8576.0
IXIC,19851203,312.7,313.1,313.2,312.3,313.0,0.1,0.0319,0.29,8454.0
IXIC,19851204,313.9,316.7,316.7,313.1,313.1,3.6,1.1498,1.15,11720.0
IXIC,19851205,318.2,318.2,319.6,316.8,316.7,1.5,0.4736,0.88,14150.0
IXIC,19851206,316.6,316.6,318.2,316.4,318.2,-1.6,-0.5028,0.57,11080.0
IXIC,19851209,316.8,316.9,317.1,316.4,316.6,0.3,0.0948,0.22,10480.0
IXIC,19851210,316.8,317.3,317.5,316.6,316.9,0.4,0.1262,0.28,11180.0
IXIC,19851211,317.7,318.9,318.9,317.3,317.3,1.6,0.5043,0.5,12650.0
IXIC,19851212,320.4,320.6,320.7,318.9,318.9,1.7,0.5331,0.56,11730.0
IXIC,19851213,322.1,324.0,324.1,320.6,320.6,3.4,1.0605,1.09,13170.0
IXIC,19851216,324.7,325.2,325.6,324.0,324.0,1.2,0.3704,0.49,11530.0
IXIC,19851217,323.9,323.3,325.2,323.1,325.2,-1.9,-0.5843,0.65,12100.0
IXIC,19851218,323.2,322.5,323.4,322.2,323.3,-0.8,-0.2474,0.37,11510.0
IXIC,19851219,322.4,322.7,322.7,322.2,322.5,0.2,0.062,0.16,11490.0
IXIC,19851220,322.8,323.1,323.3,322.5,322.7,0.4,0.124,0.25,11580.0
IXIC,19851223,322.5,321.6,323.2,321.1,323.1,-1.5,-0.4643,0.65,9941.0
IXIC,19851224,320.4,320.2,321.6,319.7,321.6,-1.4,-0.4353,0.59,6428.0
IXIC,19851226,320.2,320.3,320.3,319.7,320.2,0.1,0.0312,0.19,5390.0
IXIC,19851227,321.8,322.8,322.8,320.8,320.3,2.5,0.7805,0.62,7491.0
IXIC,19851230,323.0,323.1,323.2,322.2,322.8,0.3,0.0929,0.31,9282.0
IXIC,19851231,323.6,324.9,324.9,323.2,323.1,1.8,0.5571,0.53,11270.0
IXIC,19860102,325.0,325.0,325.6,324.8,324.9,0.1,0.0308,0.25,7581.0
IXIC,19860103,325.2,325.7,325.7,324.8,325.0,0.7,0.2154,0.28,8918.0
IXIC,19860106,325.5,326.0,326.2,325.3,325.7,0.3,0.0921,0.28,9924.0
IXIC,19860107,327.5,329.7,329.8,326.0,326.0,3.7,1.135,1.17,12750.0
IXIC,19860108,331.2,328.1,331.7,328.1,329.7,-1.6,-0.4853,1.09,14000.0
IXIC,19860109,325.5,323.0,327.9,322.1,328.1,-5.1,-1.5544,1.77,11940.0
IXIC,19860110,324.4,324.4,324.8,323.0,323.0,1.4,0.4334,0.56,9850.0
IXIC,19860113,323.8,324.2,324.3,323.6,324.4,-0.2,-0.0617,0.22,8949.0
IXIC,19860114,325.2,324.8,325.6,324.2,324.2,0.6,0.1851,0.43,10290.0
IXIC,19860115,325.9,328.2,328.2,324.7,324.8,3.4,1.0468,1.08,11870.0
IXIC,19860116,328.9,330.0,330.1,328.6,328.2,1.8,0.5484,0.46,12390.0
IXIC,19860117,330.3,330.7,331.1,330.0,330.0,0.7,0.2121,0.33,11280.0
IXIC,19860120,329.1,329.5,330.7,329.0,330.7,-1.2,-0.3629,0.51,8943.0
IXIC,19860121,329.5,328.5,330.0,328.0,329.5,-1.0,-0.3035,0.61,11070.0
IXIC,19860122,328.5,326.8,329.0,326.7,328.5,-1.7,-0.5175,0.7,10760.0
IXIC,19860123,325.9,326.7,326.8,325.7,326.8,-0.1,-0.0306,0.34,11110.0
IXIC,19860124,327.6,328.9,328.9,326.7,326.7,2.2,0.6734,0.67,11830.0
IXIC,19860127,329.4,330.2,330.3,328.8,328.9,1.3,0.3953,0.46,11050.0
IXIC,19860128,331.4,332.6,332.7,330.2,330.2,2.4,0.7268,0.76,11540.0
IXIC,19860129,334.8,334.7,335.8,332.7,332.6,2.1,0.6314,0.93,13210.0
IXIC,19860130,334.9,334.3,335.3,334.2,334.7,-0.4,-0.1195,0.33,10900.0
IXIC,19860131,334.4,335.8,335.8,333.9,334.3,1.5,0.4487,0.57,10930.0
IXIC,19860203,336.1,337.5,337.5,335.8,335.8,1.7,0.5063,0.51,10760.0
IXIC,19860204,338.6,337.9,339.2,337.2,337.5,0.4,0.1185,0.59,12530.0
IXIC,19860205,338.2,338.9,338.9,337.7,337.9,1.0,0.2959,0.36,10530.0
IXIC,19860206,339.7,340.8,340.9,338.8,338.9,1.9,0.5606,0.62,11970.0
IXIC,19860207,340.1,342.2,342.2,339.7,340.8,1.4,0.4108,0.73,11110.0
IXIC,19860210,343.2,344.0,344.1,342.2,342.2,1.8,0.526,0.56,10740.0
IXIC,19860211,344.4,344.9,345.3,344.2,344.0,0.9,0.2616,0.32,11330.0
IXIC,19860212,345.5,346.3,346.3,344.9,344.9,1.4,0.4059,0.41,12220.0
IXIC,19860213,346.9,347.9,348.0,346.3,346.3,1.6,0.462,0.49,12860.0
IXIC,19860214,348.8,350.2,350.2,347.9,347.9,2.3,0.6611,0.66,12240.0
IXIC,19860218,350.8,352.4,352.4,350.2,350.2,2.2,0.6282,0.63,12600.0
IXIC,19860219,353.2,352.1,353.3,352.0,352.4,-0.3,-0.0851,0.37,13690.0
IXIC,19860220,352.1,353.1,353.2,351.6,352.1,1.0,0.284,0.45,14670.0
IXIC,19860221,355.65,355.65,355.65,355.65,353.1,2.55,0.7222,0.0,14670.0
IXIC,19860224,355.7,355.3,356.3,355.3,355.65,-0.35,-0.0984,0.28,12790.0
IXIC,19860225,355.4,354.9,355.6,354.0,355.3,-0.4,-0.1126,0.45,11890.0
IXIC,19860226,355.0,355.3,355.6,354.6,354.9,0.4,0.1127,0.28,12420.0
IXIC,19860227,355.9,358.1,358.1,355.3,355.3,2.8,0.7881,0.79,12470.0
IXIC,19860228,359.5,359.5,359.8,359.2,358.1,1.4,0.391,0.17,13060.0
IXIC,19860303,360.0,359.8,360.5,359.5,359.5,0.3,0.0834,0.28,11960.0
IXIC,19860304,360.9,362.0,362.1,359.8,359.8,2.2,0.6115,0.64,13500.0
IXIC,19860305,360.0,359.8,361.0,359.1,362.0,-2.2,-0.6077,0.52,11740.0
IXIC,19860306,360.9,361.5,361.7,359.8,359.8,1.7,0.4725,0.53,12030.0
IXIC,19860307,362.4,362.2,362.5,361.5,361.5,0.7,0.1936,0.28,12560.0
IXIC,19860310,363.2,363.9,364.0,362.3,362.2,1.7,0.4694,0.47,11290.0
IXIC,19860311,365.3,367.4,367.5,363.9,363.9,3.5,0.9618,0.99,13480.0
IXIC,19860312,368.9,369.7,370.3,367.3,367.4,2.3,0.626,0.82,15490.0
IXIC,19860313,369.3,370.4,370.4,368.7,369.7,0.7,0.1893,0.46,14010.0
IXIC,19860314,371.1,371.8,371.9,370.4,370.4,1.4,0.378,0.4,15220.0
IXIC,19860317,370.2,370.0,371.9,369.2,371.8,-1.8,-0.4841,0.73,12950.0
IXIC,19860318,371.0,371.5,371.5,370.0,370.0,1.5,0.4054,0.41,13950.0
IXIC,19860319,372.4,371.7,372.7,371.5,371.5,0.2,0.0538,0.32,13690.0
IXIC,19860320,372.7,372.7,372.8,371.7,371.7,1.0,0.269,0.3,15140.0
IXIC,19860321,373.1,372.6,373.6,372.2,372.7,-0.1,-0.0268,0.38,13290.0
IXIC,19860324,372.3,370.7,372.6,370.2,372.6,-1.9,-0.5099,0.64,10960.0
IXIC,19860325,369.8,369.3,370.8,368.9,370.7,-1.4,-0.3777,0.51,11000.0
IXIC,19860326,369.7,370.6,370.6,369.2,369.3,1.3,0.352,0.38,12710.0
IXIC,19860327,372.3,373.3,373.5,370.6,370.6,2.7,0.7285,0.78,13640.0
IXIC,19860331,373.9,374.7,374.7,373.2,373.3,1.4,0.375,0.4,10980.0
IXIC,19860401,375.8,374.2,375.8,373.9,374.7,-0.5,-0.1334,0.51,12530.0
IXIC,19860402,372.4,374.1,374.2,372.1,374.2,-0.1,-0.0267,0.56,11990.0
IXIC,19860403,375.1,374.5,376.1,374.1,374.1,0.4,0.1069,0.53,11900.0
IXIC,19860404,373.8,372.2,374.6,372.1,374.5,-2.3,-0.6142,0.67,11170.0
IXIC,19860407,370.0,369.1,372.3,368.0,372.2,-3.1,-0.8329,1.16,10740.0
IXIC,19860408,370.8,373.1,373.1,369.1,369.1,4.0,1.0837,1.08,11790.0
IXIC,19860409,374.6,374.2,375.2,373.1,373.1,1.1,0.2948,0.56,13100.0
IXIC,19860410,374.7,377.2,377.2,374.2,374.2,3.0,0.8017,0.8,12850.0
IXIC,19860411,379.2,378.9,379.3,377.2,377.2,1.7,0.4507,0.56,12970.0
IXIC,19860414,379.4,380.8,380.8,378.9,378.9,1.9,0.5015,0.5,11810.0
IXIC,19860415,381.1,381.7,381.7,380.3,380.8,0.9,0.2363,0.37,12510.0
IXIC,19860416,384.6,387.6,387.7,381.8,381.7,5.9,1.5457,1.55,14890.0
IXIC,19860417,388.8,390.0,390.1,387.7,387.6,2.4,0.6192,0.62,15600.0
IXIC,19860418,390.1,390.1,390.8,390.0,390.0,0.1,0.0256,0.21,14470.0
IXIC,19860421,390.4,391.0,391.3,390.0,390.1,0.9,0.2307,0.33,12910.0
IXIC,19860422,392.2,390.5,392.4,390.2,391.0,-0.5,-0.1279,0.56,14540.0
IXIC,19860423,389.4,389.1,390.5,388.3,390.5,-1.4,-0.3585,0.56,12500.0
IXIC,19860424,390.0,391.5,391.6,389.1,389.1,2.4,0.6168,0.64,14310.0
IXIC,19860425,392.3,392.3,392.5,391.5,391.5,0.8,0.2043,0.26,13330.0
IXIC,19860428,392.5,391.4,393.0,390.7,392.3,-0.9,-0.2294,0.59,11020.0
IXIC,19860429,391.5,389.2,392.0,388.8,391.4,-2.2,-0.5621,0.82,12430.0
IXIC,19860430,387.3,383.2,389.3,383.1,389.2,-6.0,-1.5416,1.59,12100.0
IXIC,19860501,383.2,381.7,383.2,381.5,383.2,-1.5,-0.3914,0.44,11430.0
IXIC,19860502,383.0,383.2,383.8,381.7,381.7,1.5,0.393,0.55,10260.0
IXIC,19860505,384.3,386.0,386.1,383.2,383.2,2.8,0.7307,0.76,9919.0
IXIC,19860506,386.8,386.3,387.2,386.0,386.0,0.3,0.0777,0.31,10850.0
IXIC,19860507,385.8,385.3,386.3,384.0,386.3,-1.0,-0.2589,0.6,11600.0
IXIC,19860508,386.5,387.4,387.5,385.4,385.3,2.1,0.545,0.55,11050.0
IXIC,19860509,387.3,389.1,389.1,386.8,387.4,1.7,0.4388,0.59,11590.0
IXIC,19860512,388.7,388.1,389.2,387.8,389.1,-1.0,-0.257,0.36,10150.0
IXIC,19860513,387.3,386.7,388.2,386.0,388.1,-1.4,-0.3607,0.57,10760.0
IXIC,19860514,387.5,387.3,387.7,386.0,386.7,0.6,0.1552,0.44,11190.0
IXIC,19860515,387.5,385.6,387.6,385.4,387.3,-1.7,-0.4389,0.57,10800.0
IXIC,19860516,384.7,384.7,386.1,384.2,385.6,-0.9,-0.2334,0.49,10380.0
IXIC,19860519,384.2,383.7,385.0,383.6,384.7,-1.0,-0.2599,0.36,9273.0
IXIC,19860520,383.5,385.3,385.3,383.2,383.7,1.6,0.417,0.55,11660.0
IXIC,19860521,386.6,386.1,386.7,385.2,385.3,0.8,0.2076,0.39,13750.0
IXIC,19860522,386.8,389.6,389.7,386.0,386.1,3.5,0.9065,0.96,14390.0
IXIC,19860523,390.9,391.9,392.0,389.6,389.6,2.3,0.5903,0.62,11510.0
IXIC,19860527,393.3,394.9,394.9,391.9,391.9,3.0,0.7655,0.77,11180.0
IXIC,19860528,396.6,397.2,397.2,395.0,394.9,2.3,0.5824,0.56,13150.0
IXIC,19860529,396.9,398.0,398.1,396.4,397.2,0.8,0.2014,0.43,13040.0
IXIC,19860530,398.8,400.2,400.4,398.0,398.0,2.2,0.5528,0.6,13300.0
IXIC,19860602,400.7,399.4,401.3,399.3,400.2,-0.8,-0.1999,0.5,11060.0
IXIC,19860603,398.6,399.5,399.5,398.3,399.4,0.1,0.025,0.3,12030.0
IXIC,19860604,400.0,399.1,400.8,398.5,399.5,-0.4,-0.1001,0.58,12270.0
IXIC,19860605,399.4,400.0,400.0,399.1,399.1,0.9,0.2255,0.23,12560.0
IXIC,19860606,400.6,400.3,400.8,400.0,400.0,0.3,0.075,0.2,12060.0
IXIC,19860609,398.8,394.7,400.4,394.6,400.3,-5.6,-1.399,1.45,11500.0
IXIC,19860610,392.9,392.8,394.8,391.8,394.7,-1.9,-0.4814,0.76,11980.0
IXIC,19860611,393.7,395.4,395.5,392.8,392.8,2.6,0.6619,0.69,12490.0
IXIC,19860612,396.2,396.5,396.9,395.5,395.4,1.1,0.2782,0.35,13010.0
IXIC,19860613,398.2,399.6,399.7,396.6,396.5,3.1,0.7818,0.78,13930.0
IXIC,19860616,399.6,398.5,400.5,398.2,399.6,-1.1,-0.2753,0.58,11840.0
IXIC,19860617,398.9,396.3,399.4,396.2,398.5,-2.2,-0.5521,0.8,11910.0
IXIC,19860618,394.8,395.2,396.4,393.9,396.3,-1.1,-0.2776,0.63,12540.0
IXIC,19860619,395.9,396.4,397.0,395.2,395.2,1.2,0.3036,0.46,11130.0
IXIC,19860620,396.0,396.9,396.9,395.9,396.4,0.5,0.1261,0.25,12760.0
IXIC,19860623,396.9,396.8,397.5,396.5,396.9,-0.1,-0.0252,0.25,11350.0
IXIC,19860624,397.7,398.9,399.0,396.8,396.8,2.1,0.5292,0.55,11290.0
IXIC,19860625,401.5,402.2,402.6,399.6,398.9,3.3,0.8273,0.75,12420.0
IXIC,19860626,402.2,402.9,402.9,402.0,402.2,0.7,0.174,0.22,13830.0
IXIC,19860627,403.1,403.6,403.6,402.9,402.9,0.7,0.1737,0.17,12850.0
IXIC,19860630,404.2,405.5,405.5,403.5,403.6,1.9,0.4708,0.5,12130.0
IXIC,19860701,407.0,407.6,407.8,405.5,405.5,2.1,0.5179,0.57,13280.0
IXIC,19860702,408.3,409.5,409.6,407.6,407.6,1.9,0.4661,0.49,13630.0
IXIC,19860703,410.0,411.2,411.2,409.5,409.5,1.7,0.4151,0.42,10400.0
IXIC,19860707,409.0,401.0,411.3,400.9,411.2,-10.2,-2.4805,2.53,11210.0
IXIC,19860708,394.2,390.7,400.9,389.8,401.0,-10.3,-2.5686,2.77,13720.0
IXIC,19860709,391.4,393.4,393.5,390.6,390.7,2.7,0.6911,0.74,12020.0
IXIC,19860710,393.2,392.0,394.7,390.9,393.4,-1.4,-0.3559,0.97,10730.0
IXIC,19860711,392.4,391.6,392.9,391.3,392.0,-0.4,-0.102,0.41,10460.0
IXIC,19860714,388.1,384.8,391.6,384.6,391.6,-6.8,-1.7365,1.79,10860.0
IXIC,19860715,382.9,378.7,384.8,378.2,384.8,-6.1,-1.5852,1.72,13270.0
IXIC,19860716,380.0,379.7,380.8,378.7,378.7,1.0,0.2641,0.55,11580.0
IXIC,19860717,380.9,381.6,381.7,379.7,379.7,1.9,0.5004,0.53,11220.0
IXIC,19860718,380.4,381.1,381.8,379.6,381.6,-0.5,-0.131,0.58,11090.0
IXIC,19860721,380.0,379.5,381.2,379.3,381.1,-1.6,-0.4198,0.5,8176.0
IXIC,19860722,379.5,379.9,380.4,379.1,379.5,0.4,0.1054,0.34,9585.0
IXIC,19860723,379.7,379.9,380.5,379.7,379.9,0.0,0.0,0.21,10160.0
IXIC,19860724,380.1,378.7,380.7,378.7,379.9,-1.2,-0.3159,0.53,11350.0
IXIC,19860725,379.1,379.8,379.9,378.7,378.7,1.1,0.2905,0.32,9504.0
IXIC,19860728,379.8,374.8,380.1,374.6,379.8,-5.0,-1.3165,1.45,8913.0
IXIC,19860729,372.9,372.0,374.8,371.9,374.8,-2.8,-0.7471,0.77,9772.0
IXIC,19860730,370.7,370.8,372.1,369.1,372.0,-1.2,-0.3226,0.81,10310.0
IXIC,19860731,371.5,371.4,371.6,370.8,370.8,0.6,0.1618,0.22,9864.0
IXIC,19860801,372.5,370.7,372.7,370.6,371.4,-0.7,-0.1885,0.57,9937.0
IXIC,19860804,367.9,366.7,370.6,365.7,370.7,-4.0,-1.079,1.32,8142.0
IXIC,19860805,366.9,366.8,367.6,366.6,366.7,0.1,0.0273,0.27,10190.0
IXIC,19860806,365.9,364.7,367.0,364.4,366.8,-2.1,-0.5725,0.71,9374.0
IXIC,19860807,364.9,365.1,365.6,364.4,364.7,0.4,0.1097,0.33,10160.0
IXIC,19860808,365.9,365.8,366.4,365.1,365.1,0.7,0.1917,0.36,10010.0
IXIC,19860811,367.7,369.9,370.0,365.9,365.8,4.1,1.1208,1.12,9415.0
IXIC,19860812,371.5,373.3,373.4,369.9,369.9,3.4,0.9192,0.95,11060.0
IXIC,19860813,374.6,376.9,377.1,373.3,373.3,3.6,0.9644,1.02,12130.0
IXIC,19860814,377.9,379.5,379.5,377.9,376.9,2.6,0.6898,0.42,11080.0
IXIC,19860815,379.4,380.2,380.3,379.4,379.5,0.7,0.1845,0.24,9877.0
IXIC,19860818,379.1,379.3,380.5,378.7,380.2,-0.9,-0.2367,0.47,8540.0
IXIC,19860819,378.7,378.8,379.4,378.3,379.3,-0.5,-0.1318,0.29,11140.0
IXIC,19860820,379.2,380.9,381.0,378.8,378.8,2.1,0.5544,0.58,11390.0
IXIC,19860821,381.6,381.2,382.3,380.8,380.9,0.3,0.0788,0.39,11190.0
IXIC,19860822,381.0,381.5,381.7,380.6,381.2,0.3,0.0787,0.29,10130.0
IXIC,19860825,379.8,379.3,381.6,379.2,381.5,-2.2,-0.5767,0.63,7480.0
IXIC,19860826,380.1,380.5,380.5,379.1,379.3,1.2,0.3164,0.37,9884.0
IXIC,19860827,381.6,381.7,381.7,380.5,380.5,1.2,0.3154,0.32,10300.0
IXIC,19860828,381.7,382.4,382.5,381.3,381.7,0.7,0.1834,0.31,10500.0
IXIC,19860829,383.0,382.9,383.2,382.3,382.4,0.5,0.1308,0.24,8225.0
IXIC,19860902,382.8,380.1,384.0,380.0,382.9,-2.8,-0.7313,1.04,9758.0
IXIC,19860903,379.0,378.9,380.2,378.2,380.1,-1.2,-0.3157,0.53,9700.0
IXIC,19860904,379.2,381.0,381.2,378.9,378.9,2.1,0.5542,0.61,10250.0
IXIC,19860905,380.6,378.4,381.5,378.2,381.0,-2.6,-0.6824,0.87,11140.0
IXIC,19860908,374.8,372.0,378.4,371.7,378.4,-6.4,-1.6913,1.77,9724.0
IXIC,19860909,372.1,369.6,372.7,369.3,372.0,-2.4,-0.6452,0.91,12010.0
IXIC,19860910,368.1,366.8,369.6,366.6,369.6,-2.8,-0.7576,0.81,11560.0
IXIC,19860911,362.8,353.3,366.8,353.3,366.8,-13.5,-3.6805,3.68,13810.0
IXIC,19860912,346.5,346.8,353.2,346.3,353.3,-6.5,-1.8398,1.95,13980.0
IXIC,19860915,347.4,345.9,347.7,345.2,346.8,-0.9,-0.2595,0.72,10290.0
IXIC,19860916,342.7,343.7,345.9,342.3,345.9,-2.2,-0.636,1.04,10490.0
IXIC,19860917,345.4,346.9,347.4,343.7,343.7,3.2,0.931,1.08,10520.0
IXIC,19860918,348.1,348.6,349.3,346.9,346.9,1.7,0.4901,0.69,9996.0
IXIC,19860919,348.3,349.4,349.5,347.8,348.6,0.8,0.2295,0.49,10400.0
IXIC,19860922,350.4,352.6,352.6,349.4,349.4,3.2,0.9159,0.92,8903.0
IXIC,19860923,353.6,353.4,353.8,352.5,352.6,0.8,0.2269,0.37,10950.0
IXIC,19860924,354.4,354.5,354.7,353.4,353.4,1.1,0.3113,0.37,9811.0
IXIC,19860925,354.5,351.5,354.8,350.3,354.5,-3.0,-0.8463,1.27,10250.0
IXIC,19860926,351.0,351.6,351.9,350.2,351.5,0.1,0.0285,0.48,8459.0
IXIC,19860929,348.9,347.8,351.6,347.1,351.6,-3.8,-1.0808,1.28,8237.0
IXIC,19860930,349.1,350.7,350.7,347.8,347.8,2.9,0.8338,0.83,10080.0
IXIC,19861001,352.5,352.3,352.9,351.2,350.7,1.6,0.4562,0.48,10200.0
IXIC,19861002,352.2,352.6,352.7,351.6,352.3,0.3,0.0852,0.31,9159.0
IXIC,19861003,353.5,352.8,354.0,352.2,352.6,0.2,0.0567,0.51,9825.0
IXIC,19861006,353.0,353.2,353.2,352.6,352.8,0.4,0.1134,0.17,7545.0
IXIC,19861007,352.4,352.4,353.7,352.1,353.2,-0.8,-0.2265,0.45,8608.0
IXIC,19861008,351.9,352.9,352.9,351.4,352.4,0.5,0.1419,0.43,9004.0
IXIC,19861009,353.6,353.1,353.9,352.8,352.9,0.2,0.0567,0.31,9388.0
IXIC,19861010,353.1,353.5,353.7,352.6,353.1,0.4,0.1133,0.31,8359.0
IXIC,19861013,353.4,354.1,354.1,353.1,353.5,0.6,0.1697,0.28,4553.0
IXIC,19861014,354.2,353.8,354.6,353.5,354.1,-0.3,-0.0847,0.31,9224.0
IXIC,19861015,354.5,355.7,355.7,353.7,353.8,1.9,0.537,0.57,10300.0
IXIC,19861016,356.3,356.4,356.7,355.6,355.7,0.7,0.1968,0.31,6383.0
IXIC,19861017,355.7,355.7,356.6,355.3,356.4,-0.7,-0.1964,0.36,9198.0
IXIC,19861020,354.1,353.5,355.8,353.1,355.7,-2.2,-0.6185,0.76,7846.0
IXIC,19861021,353.0,353.1,353.8,352.4,353.5,-0.4,-0.1132,0.4,8855.0
IXIC,19861022,353.6,353.9,354.0,353.1,353.1,0.8,0.2266,0.25,9811.0
IXIC,19861023,354.8,356.2,356.2,353.9,353.9,2.3,0.6499,0.65,12320.0
IXIC,19861024,356.6,356.7,356.9,356.2,356.2,0.5,0.1404,0.2,11450.0
IXIC,19861027,356.1,356.6,356.9,355.7,356.7,-0.1,-0.028,0.34,9391.0
IXIC,19861028,357.1,357.2,357.8,356.5,356.6,0.6,0.1683,0.36,10240.0
IXIC,19861029,357.3,358.5,358.5,356.9,357.2,1.3,0.3639,0.45,10610.0
IXIC,19861030,360.8,361.1,361.2,358.5,358.5,2.6,0.7252,0.75,12350.0
IXIC,19861031,361.4,360.8,361.6,360.0,361.1,-0.3,-0.0831,0.44,10670.0
IXIC,19861103,361.0,361.1,361.1,360.6,360.8,0.3,0.0831,0.14,11120.0
IXIC,19861104,361.2,361.9,362.0,360.6,361.1,0.8,0.2215,0.39,14030.0
IXIC,19861105,362.1,362.1,362.5,362.1,361.9,0.2,0.0553,0.11,16720.0
IXIC,19861106,362.0,361.2,362.3,360.6,362.1,-0.9,-0.2486,0.47,11230.0
IXIC,19861107,361.0,361.0,361.2,360.2,361.2,-0.2,-0.0554,0.28,9932.0
IXIC,19861110,359.6,360.0,361.1,359.3,361.0,-1.0,-0.277,0.5,10080.0
IXIC,19861111,360.8,361.3,361.4,360.0,360.0,1.3,0.3611,0.39,9733.0
IXIC,19861112,361.4,361.2,362.0,360.7,361.3,-0.1,-0.0277,0.36,10800.0
IXIC,19861113,360.6,358.0,361.2,358.0,361.2,-3.2,-0.8859,0.89,11530.0
IXIC,19861114,358.1,358.5,358.6,357.5,358.0,0.5,0.1397,0.31,10220.0
IXIC,19861117,357.3,357.1,358.7,356.9,358.5,-1.4,-0.3905,0.5,9131.0
IXIC,19861118,356.8,352.6,357.3,352.5,357.1,-4.5,-1.2602,1.34,11840.0
IXIC,19861119,350.6,349.8,352.6,349.1,352.6,-2.8,-0.7941,0.99,11120.0
IXIC,19861120,351.0,352.2,352.2,349.8,349.8,2.4,0.6861,0.69,11450.0
IXIC,19861121,353.2,354.7,354.7,352.2,352.2,2.5,0.7098,0.71,10680.0
IXIC,19861124,355.9,356.1,356.6,354.6,354.7,1.4,0.3947,0.56,9686.0
IXIC,19861125,356.2,357.0,357.0,356.0,356.1,0.9,0.2527,0.28,11380.0
IXIC,19861126,357.4,358.2,358.2,356.9,357.0,1.2,0.3361,0.36,10600.0
IXIC,19861128,358.6,359.6,359.6,358.1,358.2,1.4,0.3908,0.42,6195.0
IXIC,19861201,357.4,357.9,359.6,356.8,359.6,-1.7,-0.4727,0.78,9783.0
IXIC,19861202,359.3,360.7,360.7,357.9,357.9,2.8,0.7823,0.78,13090.0
IXIC,19861203,361.8,363.0,363.4,360.7,360.7,2.3,0.6376,0.75,13440.0
IXIC,19861204,364.0,364.1,364.5,363.1,363.0,1.1,0.303,0.39,12800.0
IXIC,19861205,364.5,363.0,364.7,362.6,364.1,-1.1,-0.3021,0.58,13330.0
IXIC,19861208,362.0,361.0,363.0,360.2,363.0,-2.0,-0.551,0.77,11060.0
IXIC,19861209,360.1,359.0,361.1,358.9,361.0,-2.0,-0.554,0.61,11630.0
IXIC,19861210,358.4,359.1,359.1,358.2,359.0,0.1,0.0279,0.25,11520.0
IXIC,19861211,358.9,357.7,359.4,357.1,359.1,-1.4,-0.3899,0.64,12380.0
IXIC,19861212,356.7,355.9,357.7,355.6,357.7,-1.8,-0.5032,0.59,10840.0
IXIC,19861215,353.6,353.0,355.9,352.5,355.9,-2.9,-0.8148,0.96,11530.0
IXIC,19861216,353.5,353.8,354.1,352.8,353.0,0.8,0.2266,0.37,14230.0
IXIC,19861217,353.6,352.3,353.9,352.0,353.8,-1.5,-0.424,0.54,12740.0
IXIC,19861218,351.9,351.4,352.2,351.1,352.3,-0.9,-0.2555,0.31,13300.0
IXIC,19861219,351.6,352.2,352.2,351.0,351.4,0.8,0.2277,0.34,12900.0
IXIC,19861222,351.3,351.3,352.2,350.4,352.2,-0.9,-0.2555,0.51,11980.0
IXIC,19861223,350.6,348.8,351.6,348.3,351.3,-2.5,-0.7116,0.94,14810.0
IXIC,19861224,349.0,349.6,349.6,349.0,348.8,0.8,0.2294,0.17,8212.0
IXIC,19861226,349.7,349.9,350.0,349.5,349.6,0.3,0.0858,0.14,4404.0
IXIC,19861229,349.1,348.0,350.1,347.8,349.9,-1.9,-0.543,0.66,10200.0
IXIC,19861230,347.4,347.3,348.1,347.0,348.0,-0.7,-0.2011,0.32,12640.0
IXIC,19861231,347.9,348.8,348.9,347.2,347.3,1.5,0.4319,0.49,14070.0
IXIC,19870102,351.3,353.2,353.2,348.8,348.8,4.4,1.2615,1.26,6322.0
IXIC,19870105,356.2,361.2,361.3,353.3,353.2,8.0,2.265,2.27,11060.0
IXIC,19870106,364.2,366.0,366.0,361.2,361.2,4.8,1.3289,1.33,13790.0
IXIC,19870107,368.2,372.4,372.5,360.0,366.0,6.4,1.7486,3.42,15450.0
IXIC,19870108,375.3,377.5,377.6,372.5,372.4,5.1,1.3695,1.37,15790.0
IXIC,19870109,377.8,380.7,380.8,377.5,377.5,3.2,0.8477,0.87,14380.0
IXIC,19870112,382.0,385.5,385.5,380.7,380.7,4.8,1.2608,1.26,15290.0
IXIC,19870113,385.5,386.4,386.6,384.9,385.5,0.9,0.2335,0.44,14340.0
IXIC,19870114,387.3,390.0,390.0,386.4,386.4,3.6,0.9317,0.93,17240.0
IXIC,19870115,392.0,392.6,393.6,389.9,390.0,2.6,0.6667,0.95,18950.0
IXIC,19870116,389.9,389.9,392.7,389.0,392.6,-2.7,-0.6877,0.94,15620.0
IXIC,19870119,388.6,392.6,392.6,388.4,389.9,2.7,0.6925,1.08,13400.0
IXIC,19870120,393.5,392.1,394.6,391.7,392.6,-0.5,-0.1274,0.74,18280.0
IXIC,19870121,389.9,389.6,392.0,389.2,392.1,-2.5,-0.6376,0.71,15650.0
IXIC,19870122,389.0,393.2,393.2,388.6,389.6,3.6,0.924,1.18,16260.0
IXIC,19870123,394.8,392.2,396.2,392.0,393.2,-1.0,-0.2543,1.07,26190.0
IXIC,19870126,388.7,388.0,392.2,387.6,392.2,-4.2,-1.0709,1.17,11570.0
IXIC,19870127,389.7,390.8,391.1,387.9,388.0,2.8,0.7216,0.82,13090.0
IXIC,19870128,390.8,392.0,392.1,390.7,390.8,1.2,0.3071,0.36,15290.0
IXIC,19870129,393.0,391.0,393.3,390.5,392.0,-1.0,-0.2551,0.71,15070.0
IXIC,19870130,390.1,392.1,392.1,389.8,391.0,1.1,0.2813,0.59,15430.0
IXIC,19870202,393.8,397.2,397.2,392.0,392.1,5.1,1.3007,1.33,14910.0
IXIC,19870203,398.6,399.4,399.4,397.2,397.2,2.2,0.5539,0.55,17210.0
IXIC,19870204,399.9,403.1,403.2,399.3,399.4,3.7,0.9264,0.98,17810.0
IXIC,19870205,405.3,405.6,406.3,403.1,403.1,2.5,0.6202,0.79,18640.0
IXIC,19870206,406.6,406.9,407.3,405.7,405.6,1.3,0.3205,0.39,16730.0
IXIC,19870209,406.4,405.8,407.0,405.3,406.9,-1.1,-0.2703,0.42,13910.0
IXIC,19870210,404.8,403.5,406.0,402.6,405.8,-2.3,-0.5668,0.84,14320.0
IXIC,19870211,404.6,408.3,408.3,403.5,403.5,4.8,1.1896,1.19,14950.0
IXIC,19870212,409.6,409.2,410.2,408.3,408.3,0.9,0.2204,0.47,16800.0
IXIC,19870213,409.2,412.5,412.6,408.9,409.2,3.3,0.8065,0.9,15450.0
IXIC,19870217,414.8,418.2,418.2,412.5,412.5,5.7,1.3818,1.38,17200.0
IXIC,19870218,418.8,417.1,418.8,416.3,418.2,-1.1,-0.263,0.6,19540.0
IXIC,19870219,417.3,417.0,417.4,415.7,417.1,-0.1,-0.024,0.41,16320.0
IXIC,19870220,416.4,417.2,417.3,416.1,417.0,0.2,0.048,0.29,15570.0
IXIC,19870223,414.2,415.2,417.3,413.1,417.2,-2.0,-0.4794,1.01,14010.0
IXIC,19870224,415.0,417.4,417.6,414.9,415.2,2.2,0.5299,0.65,13320.0
IXIC,19870225,419.4,421.0,421.1,417.4,417.4,3.6,0.8625,0.89,15800.0
IXIC,19870226,421.4,422.9,423.3,420.6,421.0,1.9,0.4513,0.64,15540.0
IXIC,19870227,423.9,425.0,425.0,422.8,422.9,2.1,0.4966,0.52,14940.0
IXIC,19870302,425.0,423.9,426.4,423.8,425.0,-1.1,-0.2588,0.61,13460.0
IXIC,19870303,423.4,423.6,424.0,422.9,423.9,-0.3,-0.0708,0.26,13990.0
IXIC,19870304,425.4,426.7,426.8,423.5,423.6,3.1,0.7318,0.78,15570.0
IXIC,19870305,429.0,429.0,429.8,426.8,426.7,2.3,0.539,0.7,17040.0
IXIC,19870306,428.3,429.5,429.6,428.2,429.0,0.5,0.1166,0.33,14860.0
IXIC,19870309,426.8,426.8,429.5,425.9,429.5,-2.7,-0.6286,0.84,11890.0
IXIC,19870310,427.9,429.4,429.4,426.5,426.8,2.6,0.6092,0.68,14130.0
IXIC,19870311,431.4,431.4,431.9,429.5,429.4,2.0,0.4658,0.56,15580.0
IXIC,19870312,431.3,432.5,432.6,431.0,431.4,1.1,0.255,0.37,15640.0
IXIC,19870313,432.5,432.0,433.5,431.7,432.5,-0.5,-0.1156,0.42,15830.0
IXIC,19870316,430.3,430.9,432.1,430.1,432.0,-1.1,-0.2546,0.46,13130.0
IXIC,19870317,432.4,434.8,434.8,430.9,430.9,3.9,0.9051,0.91,15390.0
IXIC,19870318,436.3,434.9,437.3,434.5,434.8,0.1,0.023,0.64,16090.0
IXIC,19870319,435.3,437.0,437.1,435.1,434.9,2.1,0.4829,0.46,15100.0
IXIC,19870320,439.1,439.6,439.9,437.0,437.0,2.6,0.595,0.66,17290.0
IXIC,19870323,439.6,438.0,440.0,438.0,439.6,-1.6,-0.364,0.45,14630.0
IXIC,19870324,437.1,438.1,438.3,436.4,438.0,0.1,0.0228,0.43,16510.0
IXIC,19870325,436.5,437.5,438.2,436.4,438.1,-0.6,-0.137,0.41,15300.0
IXIC,19870326,438.2,438.7,439.3,437.5,437.5,1.2,0.2743,0.41,15610.0
IXIC,19870327,439.4,436.6,439.7,436.6,438.7,-2.1,-0.4787,0.71,15240.0
IXIC,19870330,427.9,427.1,436.8,426.9,436.6,-9.5,-2.1759,2.27,14170.0
IXIC,19870331,427.8,430.1,430.1,427.1,427.1,3.0,0.7024,0.7,14050.0
IXIC,19870401,426.3,428.3,429.9,424.6,430.1,-1.8,-0.4185,1.23,14330.0
IXIC,19870402,431.1,432.1,432.1,430.4,428.3,3.8,0.8872,0.4,15020.0
IXIC,19870403,433.3,437.4,437.4,432.1,432.1,5.3,1.2266,1.23,17050.0
IXIC,19870406,438.1,437.6,439.2,436.8,437.4,0.2,0.0457,0.55,15070.0
IXIC,19870407,437.5,434.0,437.9,434.0,437.6,-3.6,-0.8227,0.89,16910.0
IXIC,19870408,434.6,434.9,435.4,433.9,434.0,0.9,0.2074,0.35,15370.0
IXIC,19870409,433.9,432.0,435.3,431.1,434.9,-2.9,-0.6668,0.97,15880.0
IXIC,19870410,431.1,430.9,432.1,430.3,432.0,-1.1,-0.2546,0.42,14830.0
IXIC,19870413,427.8,423.7,430.9,423.7,430.9,-7.2,-1.6709,1.67,13490.0
IXIC,19870414,417.1,413.2,423.6,412.5,423.7,-10.5,-2.4782,2.62,16540.0
IXIC,19870415,415.6,416.0,416.5,413.2,413.2,2.8,0.6776,0.8,14590.0
IXIC,19870416,418.7,419.5,420.2,416.3,416.0,3.5,0.8413,0.94,13900.0
IXIC,19870420,418.8,417.7,420.3,417.6,419.5,-1.8,-0.4291,0.64,11030.0
IXIC,19870421,414.5,418.6,418.6,414.2,417.7,0.9,0.2155,1.05,13090.0
IXIC,19870422,419.9,418.2,420.1,418.0,418.6,-0.4,-0.0956,0.5,13330.0
IXIC,19870423,417.7,417.4,418.5,416.2,418.2,-0.8,-0.1913,0.55,13810.0
IXIC,19870424,415.9,412.6,417.4,412.4,417.4,-4.8,-1.15,1.2,13070.0
IXIC,19870427,407.9,409.7,412.7,407.4,412.6,-2.9,-0.7029,1.28,13770.0
IXIC,19870428,412.2,411.9,412.5,409.7,409.7,2.2,0.537,0.68,13020.0
IXIC,19870429,414.1,414.2,414.8,412.0,411.9,2.3,0.5584,0.68,14100.0
IXIC,19870430,415.6,417.8,417.9,414.2,414.2,3.6,0.8691,0.89,14500.0
IXIC,19870501,418.6,418.4,418.9,417.4,417.8,0.6,0.1436,0.36,18430.0
IXIC,19870504,418.6,418.5,418.8,417.2,418.4,0.1,0.0239,0.38,12220.0
IXIC,19870505,420.5,422.4,422.5,418.5,418.5,3.9,0.9319,0.96,14530.0
IXIC,19870506,422.7,422.4,423.4,421.7,422.4,0.0,0.0,0.4,17400.0
IXIC,19870507,422.8,422.6,423.1,422.3,422.4,0.2,0.0473,0.19,15180.0
IXIC,19870508,423.3,423.2,423.5,422.5,422.6,0.6,0.142,0.24,13690.0
IXIC,19870511,424.6,422.2,424.8,422.2,423.2,-1.0,-0.2363,0.61,13670.0
IXIC,19870512,420.5,420.5,420.6,419.7,422.2,-1.7,-0.4027,0.21,14130.0
IXIC,19870513,421.4,421.9,422.0,420.5,420.5,1.4,0.3329,0.36,13610.0
IXIC,19870514,422.2,422.7,423.0,421.9,421.9,0.8,0.1896,0.26,13850.0
IXIC,19870515,421.7,418.9,422.7,418.8,422.7,-3.8,-0.899,0.92,14570.0
IXIC,19870518,415.2,413.5,415.2,412.0,418.9,-5.4,-1.2891,0.76,12940.0
IXIC,19870519,413.7,408.2,414.2,407.7,413.5,-5.3,-1.2817,1.57,14710.0
IXIC,19870520,404.7,406.6,407.2,404.5,408.2,-1.6,-0.392,0.66,14560.0
IXIC,19870521,408.3,408.5,408.9,406.6,406.6,1.9,0.4673,0.57,13710.0
IXIC,19870522,408.4,407.4,409.1,407.1,408.5,-1.1,-0.2693,0.49,11270.0
IXIC,19870526,409.3,411.4,411.5,407.4,407.4,4.0,0.9818,1.01,11280.0
IXIC,19870527,411.9,412.6,412.9,411.4,411.4,1.2,0.2917,0.36,12150.0
IXIC,19870528,413.4,414.4,414.4,412.6,412.6,1.8,0.4363,0.44,13090.0
IXIC,19870529,416.6,416.5,416.8,414.4,414.4,2.1,0.5068,0.58,13380.0
IXIC,19870601,415.5,415.0,416.5,414.7,416.5,-1.5,-0.3601,0.43,13310.0
IXIC,19870602,414.3,413.6,415.1,413.5,415.0,-1.4,-0.3373,0.39,13020.0
IXIC,19870603,415.3,415.9,416.1,415.3,413.6,2.3,0.5561,0.19,14100.0
IXIC,19870604,415.9,417.4,417.5,415.8,415.9,1.5,0.3607,0.41,15200.0
IXIC,19870605,417.5,417.8,418.3,417.2,417.4,0.4,0.0958,0.26,17620.0
IXIC,19870608,417.8,419.4,419.4,417.3,417.8,1.6,0.383,0.5,11700.0
IXIC,19870609,420.9,421.7,421.7,420.4,419.4,2.3,0.5484,0.31,13930.0
IXIC,19870610,423.2,422.8,424.3,422.6,421.7,1.1,0.2608,0.4,17270.0
IXIC,19870611,423.4,423.4,423.8,422.4,422.8,0.6,0.1419,0.33,15260.0
IXIC,19870612,425.0,425.4,425.7,424.4,423.4,2.0,0.4724,0.31,16120.0
IXIC,19870615,426.5,425.4,426.7,424.8,425.4,0.0,0.0,0.45,15550.0
IXIC,19870616,425.2,427.5,427.6,424.9,425.4,2.1,0.4937,0.63,17060.0
IXIC,19870617,427.9,428.4,428.8,427.5,427.5,0.9,0.2105,0.3,17100.0
IXIC,19870618,428.1,429.0,429.0,427.4,428.4,0.6,0.1401,0.37,15850.0
IXIC,19870619,429.3,429.1,429.6,428.5,429.0,0.1,0.0233,0.26,15360.0
IXIC,19870622,429.4,429.3,429.9,428.9,429.1,0.2,0.0466,0.23,13270.0
IXIC,19870623,429.3,428.0,429.9,427.5,429.3,-1.3,-0.3028,0.56,15430.0
IXIC,19870624,428.4,427.3,428.5,426.9,428.0,-0.7,-0.1636,0.37,14030.0
IXIC,19870625,427.9,427.2,428.2,427.0,427.3,-0.1,-0.0234,0.28,14980.0
IXIC,19870626,426.5,426.7,427.2,425.5,427.2,-0.5,-0.117,0.4,14570.0
IXIC,19870629,426.6,426.5,427.1,426.2,426.7,-0.2,-0.0469,0.21,12320.0
IXIC,19870630,426.1,424.7,426.8,423.9,426.5,-1.8,-0.422,0.68,14440.0
IXIC,19870701,424.5,424.5,425.0,424.2,424.7,-0.2,-0.0471,0.19,21380.0
IXIC,19870702,425.4,425.9,426.2,425.1,424.5,1.4,0.3298,0.26,18600.0
IXIC,19870706,425.9,425.1,426.9,424.9,425.9,-0.8,-0.1878,0.47,13940.0
IXIC,19870707,425.4,424.6,425.8,424.2,425.1,-0.5,-0.1176,0.38,19550.0
IXIC,19870708,424.1,424.9,425.2,423.7,424.6,0.3,0.0707,0.35,19490.0
IXIC,19870709,425.8,425.6,426.5,425.0,424.9,0.7,0.1647,0.35,15310.0
IXIC,19870710,425.3,426.0,426.1,425.0,425.6,0.4,0.094,0.26,13190.0
IXIC,19870713,425.5,426.5,426.8,425.1,426.0,0.5,0.1174,0.4,12730.0
IXIC,19870714,428.3,431.1,431.1,427.5,426.5,4.6,1.0785,0.84,16020.0
IXIC,19870715,430.9,431.2,432.1,430.0,431.1,0.1,0.0232,0.49,15390.0
IXIC,19870716,431.8,433.2,433.3,431.2,431.2,2.0,0.4638,0.49,15860.0
IXIC,19870717,434.1,434.1,434.5,433.2,433.2,0.9,0.2078,0.3,15290.0
IXIC,19870720,432.8,431.6,433.1,431.4,434.1,-2.5,-0.5759,0.39,13030.0
IXIC,19870721,431.4,429.4,431.8,429.2,431.6,-2.2,-0.5097,0.6,15620.0
IXIC,19870722,429.2,429.3,429.9,428.5,429.4,-0.1,-0.0233,0.33,15410.0
IXIC,19870723,428.7,427.6,429.5,426.9,429.3,-1.7,-0.396,0.61,15340.0
IXIC,19870724,428.6,429.1,429.2,427.6,427.6,1.5,0.3508,0.37,14730.0
IXIC,19870727,428.6,428.9,429.3,428.4,429.1,-0.2,-0.0466,0.21,11200.0
IXIC,19870728,429.9,430.0,430.0,428.9,428.9,1.1,0.2565,0.26,12590.0
IXIC,19870729,430.3,431.2,431.2,430.0,430.0,1.2,0.2791,0.28,13600.0
IXIC,19870730,432.6,433.6,433.7,431.2,431.2,2.4,0.5566,0.58,15420.0
IXIC,19870731,434.0,434.9,434.9,433.5,433.6,1.3,0.2998,0.32,14260.0
IXIC,19870803,433.3,433.1,435.0,433.0,434.9,-1.8,-0.4139,0.46,13350.0
IXIC,19870804,432.4,432.8,433.3,431.2,433.1,-0.3,-0.0693,0.48,14040.0
IXIC,19870805,434.5,436.3,436.3,432.7,432.8,3.5,0.8087,0.83,15180.0
IXIC,19870806,437.1,440.8,440.8,436.8,436.3,4.5,1.0314,0.92,14970.0
IXIC,19870807,442.8,443.6,444.4,442.8,440.8,2.8,0.6352,0.36,16530.0
IXIC,19870810,443.8,446.3,446.3,443.5,443.6,2.7,0.6087,0.63,13080.0
IXIC,19870811,448.1,449.4,449.4,447.8,446.3,3.1,0.6946,0.36,18540.0
IXIC,19870812,448.8,449.2,450.3,448.6,449.4,-0.2,-0.0445,0.38,17210.0
IXIC,19870813,450.7,451.6,451.8,450.0,449.2,2.4,0.5343,0.4,16020.0
IXIC,19870814,450.4,451.6,451.6,450.0,451.6,0.0,0.0,0.35,14770.0
IXIC,19870817,451.4,451.7,452.1,450.8,451.6,0.1,0.0221,0.29,12630.0
IXIC,19870818,449.9,446.8,450.0,446.1,451.7,-4.9,-1.0848,0.86,14750.0
IXIC,19870819,446.6,448.0,448.0,446.1,446.8,1.2,0.2686,0.43,13410.0
IXIC,19870820,449.8,452.8,452.8,448.8,448.0,4.8,1.0714,0.89,15820.0
IXIC,19870821,454.2,455.2,455.2,453.7,452.8,2.4,0.53,0.33,16620.0
IXIC,19870824,453.8,453.8,454.2,453.4,455.2,-1.4,-0.3076,0.18,14440.0
IXIC,19870825,454.5,455.1,455.6,453.8,453.8,1.3,0.2865,0.4,14460.0
IXIC,19870826,455.1,455.3,455.8,454.8,455.1,0.2,0.0439,0.22,15130.0
IXIC,19870827,455.8,455.8,455.8,454.3,455.3,0.5,0.1098,0.33,13970.0
IXIC,19870828,453.8,453.3,455.0,453.0,455.8,-2.5,-0.5485,0.44,15390.0
IXIC,19870831,452.8,455.0,455.0,452.2,453.3,1.7,0.375,0.62,13290.0
IXIC,19870901,455.5,452.5,456.3,452.5,455.0,-2.5,-0.5495,0.84,17380.0
IXIC,19870902,450.2,448.9,452.5,448.1,452.5,-3.6,-0.7956,0.97,14550.0
IXIC,19870903,450.4,448.4,450.8,447.2,448.9,-0.5,-0.1114,0.8,14710.0
IXIC,19870904,447.4,446.5,449.0,446.3,448.4,-1.9,-0.4237,0.6,13160.0
IXIC,19870908,442.5,437.6,443.0,436.0,446.5,-8.9,-1.9933,1.57,14550.0
IXIC,19870909,438.9,439.2,439.3,437.6,437.6,1.6,0.3656,0.39,13430.0
IXIC,19870910,442.0,443.5,443.5,442.0,439.2,4.3,0.9791,0.34,15830.0
IXIC,19870911,443.9,446.2,446.2,443.5,443.5,2.7,0.6088,0.61,15820.0
IXIC,19870914,445.7,445.5,445.8,444.9,446.2,-0.7,-0.1569,0.2,13030.0
IXIC,19870915,443.3,441.9,443.6,441.7,445.5,-3.6,-0.8081,0.43,13550.0
IXIC,19870916,441.6,440.9,442.6,440.8,441.9,-1.0,-0.2263,0.41,14180.0
IXIC,19870917,440.5,440.8,441.5,439.8,440.9,-0.1,-0.0227,0.39,15460.0
IXIC,19870918,440.8,440.9,441.9,440.6,440.8,0.1,0.0227,0.29,15140.0
IXIC,19870921,441.5,436.0,441.7,436.0,440.9,-4.9,-1.1114,1.29,15390.0
IXIC,19870922,435.0,437.9,437.9,434.9,436.0,1.9,0.4358,0.69,15720.0
IXIC,19870923,439.6,440.7,440.7,439.6,437.9,2.8,0.6394,0.25,16830.0
IXIC,19870924,441.9,441.2,442.4,440.9,440.7,0.5,0.1135,0.34,12120.0
IXIC,19870925,440.9,441.9,441.9,440.7,441.2,0.7,0.1587,0.27,12980.0
IXIC,19870928,443.4,442.3,444.0,441.9,441.9,0.4,0.0905,0.48,13700.0
IXIC,19870929,442.4,442.2,443.1,441.4,442.3,-0.1,-0.0226,0.38,15510.0
IXIC,19870930,441.5,444.3,444.3,441.5,442.2,2.1,0.4749,0.63,16250.0
IXIC,19871001,446.2,448.5,448.5,445.3,444.3,4.2,0.9453,0.72,16480.0
IXIC,19871002,449.7,451.6,451.6,448.5,448.5,3.1,0.6912,0.69,16330.0
IXIC,19871005,452.5,453.6,453.7,451.6,451.6,2.0,0.4429,0.47,14570.0
IXIC,19871006,451.8,447.5,451.9,447.5,453.6,-6.1,-1.3448,0.97,15850.0
IXIC,19871007,444.9,444.6,445.5,443.2,447.5,-2.9,-0.648,0.51,15200.0
IXIC,19871008,444.5,440.0,445.5,439.0,444.6,-4.6,-1.0346,1.46,15780.0
IXIC,19871009,440.7,438.4,441.0,438.2,440.0,-1.6,-0.3636,0.64,14530.0
IXIC,19871012,434.4,433.0,434.4,431.4,438.4,-5.4,-1.2318,0.68,11780.0
IXIC,19871013,434.3,434.8,435.4,432.5,433.0,1.8,0.4157,0.67,13180.0
IXIC,19871014,432.4,428.3,432.8,427.6,434.8,-6.5,-1.4949,1.2,14560.0
IXIC,19871015,424.4,422.5,426.3,422.4,428.3,-5.8,-1.3542,0.91,15980.0
IXIC,19871016,418.4,406.3,418.6,406.2,422.5,-16.2,-3.8343,2.93,19590.0
IXIC,19871019,394.5,360.2,404.8,360.2,406.3,-46.1,-11.3463,10.98,22290.0
IXIC,19871020,351.4,327.8,351.4,326.6,360.2,-32.4,-8.995,6.89,28410.0
IXIC,19871021,343.7,351.9,352.3,343.7,327.8,24.1,7.352,2.62,28810.0
IXIC,19871022,339.9,336.1,341.8,335.7,351.9,-15.8,-4.4899,1.73,24980.0
IXIC,19871023,330.2,328.5,331.1,328.0,336.1,-7.6,-2.2612,0.92,17700.0
IXIC,19871026,312.8,298.9,312.8,298.9,328.5,-29.6,-9.0107,4.23,19050.0
IXIC,19871027,304.4,296.3,306.9,296.1,298.9,-2.6,-0.8699,3.61,20730.0
IXIC,19871028,289.5,291.9,293.3,288.5,296.3,-4.4,-1.485,1.62,20220.0
IXIC,19871029,297.1,307.1,307.2,296.9,291.9,15.2,5.2073,3.53,20590.0
IXIC,19871030,320.4,323.3,323.4,306.2,307.1,16.2,5.2752,5.6,20810.0
IXIC,19871102,325.4,328.3,328.5,324.2,323.3,5.0,1.5466,1.33,13800.0
IXIC,19871103,324.2,320.7,324.3,317.6,328.3,-7.6,-2.315,2.04,13920.0
IXIC,19871104,317.9,320.1,321.1,316.1,320.7,-0.6,-0.1871,1.56,12360.0
IXIC,19871105,322.8,326.2,326.4,322.1,320.1,6.1,1.9057,1.34,14100.0
IXIC,19871106,327.4,326.4,328.8,326.2,326.2,0.2,0.0613,0.8,14154.0
IXIC,19871109,321.1,320.4,321.4,319.1,326.4,-6.0,-1.8382,0.7,11550.0
IXIC,19871110,314.9,315.2,316.0,314.6,320.4,-5.2,-1.623,0.44,13955.0
IXIC,19871111,319.1,317.8,319.5,317.2,315.2,2.6,0.8249,0.73,12070.0
IXIC,19871112,323.4,324.0,324.8,322.8,317.8,6.2,1.9509,0.63,15077.0
IXIC,19871113,323.2,323.0,324.1,322.6,324.0,-1.0,-0.3086,0.46,12019.0
IXIC,19871116,325.2,322.4,325.7,321.7,323.0,-0.6,-0.1858,1.24,11178.0
IXIC,19871117,318.5,316.8,320.0,315.9,322.4,-5.6,-1.737,1.27,12683.0
IXIC,19871118,317.4,318.2,318.8,315.8,316.8,1.4,0.4419,0.95,12615.0
IXIC,19871119,318.1,313.9,318.5,313.9,318.2,-4.3,-1.3514,1.45,12798.0
IXIC,19871120,311.1,312.5,313.9,309.7,313.9,-1.4,-0.446,1.34,12609.0
IXIC,19871123,312.2,313.1,313.1,311.8,312.5,0.6,0.192,0.42,9407.0
IXIC,19871124,315.6,316.7,317.5,315.1,313.1,3.6,1.1498,0.77,12892.0
IXIC,19871125,317.3,317.8,317.8,316.3,316.7,1.1,0.3473,0.47,11325.0
IXIC,19871127,317.2,316.5,317.8,316.3,317.8,-1.3,-0.4091,0.47,6478.0
IXIC,19871130,307.3,305.2,307.3,301.6,316.5,-11.3,-3.5703,1.8,14745.0
IXIC,19871201,306.4,305.2,307.3,304.6,305.2,0.0,0.0,0.88,11185.0
IXIC,19871202,304.5,305.2,305.6,304.2,305.2,0.0,0.0,0.46,10908.0
IXIC,19871203,303.4,298.8,303.9,298.6,305.2,-6.4,-2.097,1.74,12943.0
IXIC,19871204,295.8,292.9,295.8,291.9,298.8,-5.9,-1.9746,1.31,13653.0
IXIC,19871207,293.7,294.8,294.9,292.9,292.9,1.9,0.6487,0.68,11833.0
IXIC,19871208,295.3,298.0,298.0,294.8,294.8,3.2,1.0855,1.09,13773.0
IXIC,19871209,299.4,302.0,302.0,298.0,298.0,4.0,1.3423,1.34,8253.0
IXIC,19871210,298.6,300.8,302.7,298.5,302.0,-1.2,-0.3974,1.39,15002.0
IXIC,19871211,301.3,302.6,302.6,300.7,300.8,1.8,0.5984,0.63,11803.0
IXIC,19871214,305.5,309.4,309.5,304.6,302.6,6.8,2.2472,1.62,14497.0
IXIC,19871215,312.2,312.7,312.7,309.3,309.4,3.3,1.0666,1.1,15325.0
IXIC,19871216,312.0,319.3,319.4,311.9,312.7,6.6,2.1106,2.4,14925.0
IXIC,19871217,320.8,319.5,321.5,319.2,319.3,0.2,0.0626,0.72,16681.0
IXIC,19871218,321.8,326.9,327.0,320.0,319.5,7.4,2.3161,2.19,14904.0
IXIC,19871221,327.9,328.7,328.7,326.8,326.9,1.8,0.5506,0.58,14283.0
IXIC,19871222,326.3,327.3,327.7,325.4,328.7,-1.4,-0.4259,0.7,14902.0
IXIC,19871223,329.1,331.5,331.6,328.3,327.3,4.2,1.2832,1.01,16408.0
IXIC,19871224,332.2,333.2,333.2,331.3,331.5,1.7,0.5128,0.57,8201.0
IXIC,19871228,326.5,325.6,326.5,324.5,333.2,-7.6,-2.2809,0.6,11552.0
IXIC,19871229,325.1,325.5,325.7,324.1,325.6,-0.1,-0.0307,0.49,12008.0
IXIC,19871230,328.4,329.7,329.8,328.4,325.5,4.2,1.2903,0.43,15292.0
IXIC,19871231,327.7,330.5,330.5,327.2,329.7,0.8,0.2426,1.0,16040.0
IXIC,19880104,335.1,338.5,338.6,334.5,330.5,8.0,2.4206,1.24,11082.0
IXIC,19880105,344.2,344.1,345.8,343.5,338.5,5.6,1.6544,0.68,14949.0
IXIC,19880106,345.0,346.7,346.8,344.1,344.1,2.6,0.7556,0.78,13558.0
IXIC,19880107,345.8,349.7,349.7,344.8,346.7,3.0,0.8653,1.41,13704.0
IXIC,19880108,347.6,338.5,348.3,338.4,349.7,-11.2,-3.2027,2.83,14406.0
IXIC,19880111,333.2,336.2,336.3,332.5,338.5,-2.3,-0.6795,1.12,12875.0
IXIC,19880112,332.7,332.0,333.0,329.0,336.2,-4.2,-1.2493,1.19,12035.0
IXIC,19880113,330.3,332.7,333.4,329.8,332.0,0.7,0.2108,1.08,11567.0
IXIC,19880114,334.5,334.2,334.9,333.7,332.7,1.5,0.4509,0.36,10151.0
IXIC,19880115,340.6,340.1,341.5,340.0,334.2,5.9,1.7654,0.45,13416.0
IXIC,19880118,340.4,340.5,340.6,339.5,340.1,0.4,0.1176,0.32,9099.0
IXIC,19880119,339.6,340.4,341.1,338.9,340.5,-0.1,-0.0294,0.65,10730.0
IXIC,19880120,338.1,333.7,340.0,333.1,340.4,-6.7,-1.9683,2.03,13350.0
IXIC,19880121,332.5,334.3,334.8,332.1,333.7,0.6,0.1798,0.81,12456.0
IXIC,19880122,336.5,337.6,337.6,335.3,334.3,3.3,0.9871,0.69,14916.0
IXIC,19880125,338.5,340.5,340.8,337.6,337.6,2.9,0.859,0.95,10686.0
IXIC,19880126,339.7,339.2,340.6,339.1,340.5,-1.3,-0.3818,0.44,10291.0
IXIC,19880127,340.6,339.8,340.8,339.3,339.2,0.6,0.1769,0.44,11344.0
IXIC,19880128,341.4,342.4,342.5,339.8,339.8,2.6,0.7652,0.79,12367.0
IXIC,19880129,343.8,344.7,344.7,342.4,342.4,2.3,0.6717,0.67,13542.0
IXIC,19880201,346.2,346.2,347.6,345.7,344.7,1.5,0.4352,0.55,11762.0
IXIC,19880202,345.5,347.2,347.2,345.1,346.2,1.0,0.2889,0.61,11351.0
IXIC,19880203,347.5,343.7,348.0,343.7,347.2,-3.5,-1.0081,1.24,13035.0
IXIC,19880204,344.6,344.7,345.2,343.5,343.7,1.0,0.291,0.49,12151.0
IXIC,19880205,346.6,345.8,346.7,344.7,344.7,1.1,0.3191,0.58,12113.0
IXIC,19880208,343.7,344.5,345.8,343.5,345.8,-1.3,-0.3759,0.67,12007.0
IXIC,19880209,344.4,345.0,345.1,343.8,344.5,0.5,0.1451,0.38,10721.0
IXIC,19880210,346.5,349.3,349.5,345.0,345.0,4.3,1.2464,1.3,12885.0
IXIC,19880211,349.9,351.0,351.6,349.3,349.3,1.7,0.4867,0.66,13890.0
IXIC,19880212,352.3,353.3,353.3,352.3,351.0,2.3,0.6553,0.28,11280.0
IXIC,19880216,352.8,354.7,354.8,352.6,353.3,1.4,0.3963,0.62,10506.0
IXIC,19880217,356.5,355.3,356.8,354.7,354.7,0.6,0.1692,0.59,13237.0
IXIC,19880218,354.9,355.6,356.3,354.8,355.3,0.3,0.0844,0.42,13241.0
IXIC,19880219,355.7,357.1,357.2,355.4,355.6,1.5,0.4218,0.51,12871.0
IXIC,19880222,357.4,360.0,360.1,357.1,357.1,2.9,0.8121,0.84,12921.0
IXIC,19880223,360.8,361.1,361.1,359.8,360.0,1.1,0.3056,0.36,12925.0
IXIC,19880224,361.5,363.1,363.4,360.9,361.1,2.0,0.5539,0.69,13296.0
IXIC,19880225,364.8,363.6,366.5,363.0,363.1,0.5,0.1377,0.96,15401.0
IXIC,19880226,362.7,363.4,363.7,362.4,363.6,-0.2,-0.055,0.36,11206.0
IXIC,19880229,363.7,367.0,367.0,363.4,363.4,3.6,0.9906,0.99,12488.0
IXIC,19880301,367.4,367.3,368.0,366.7,367.0,0.3,0.0817,0.35,13683.0
IXIC,19880302,369.5,370.4,370.6,369.2,367.3,3.1,0.844,0.38,14608.0
IXIC,19880303,371.4,372.0,372.7,370.3,370.4,1.6,0.432,0.65,14421.0
IXIC,19880304,371.9,373.4,373.4,370.4,372.0,1.4,0.3763,0.81,14122.0
IXIC,19880307,373.7,374.5,374.6,372.9,373.4,1.1,0.2946,0.46,12198.0
IXIC,19880308,375.7,376.9,377.6,374.5,374.5,2.4,0.6409,0.83,15915.0
IXIC,19880309,379.7,380.3,380.7,378.9,376.9,3.4,0.9021,0.48,15867.0
IXIC,19880310,381.7,376.8,382.0,376.7,380.3,-3.5,-0.9203,1.39,16023.0
IXIC,19880311,375.5,375.5,377.0,373.2,376.8,-1.3,-0.345,1.01,12660.0
IXIC,19880314,376.4,376.7,376.7,375.5,375.5,1.2,0.3196,0.32,10811.0
IXIC,19880315,376.9,376.6,377.1,375.6,376.7,-0.1,-0.0265,0.4,13043.0
IXIC,19880316,377.0,378.5,378.6,376.2,376.6,1.9,0.5045,0.64,14186.0
IXIC,19880317,380.4,380.7,380.9,378.6,378.5,2.2,0.5812,0.61,16105.0
IXIC,19880318,381.7,381.6,382.6,380.7,380.7,0.9,0.2364,0.5,18912.0
IXIC,19880321,378.6,378.6,379.6,377.7,381.6,-3.0,-0.7862,0.5,12187.0
IXIC,19880322,379.1,379.8,379.9,378.6,378.6,1.2,0.317,0.34,12165.0
IXIC,19880323,380.1,380.1,380.4,379.0,379.8,0.3,0.079,0.37,14714.0
IXIC,19880324,377.6,375.6,379.1,374.6,380.1,-4.5,-1.1839,1.18,14891.0
IXIC,19880325,375.9,372.5,376.0,372.2,375.6,-3.1,-0.8253,1.01,11648.0
IXIC,19880328,369.0,370.4,370.5,368.7,372.5,-2.1,-0.5638,0.48,10904.0
IXIC,19880329,372.0,373.0,373.4,371.4,370.4,2.6,0.7019,0.54,11823.0
IXIC,19880330,373.7,371.8,374.3,371.8,373.0,-1.2,-0.3217,0.67,12149.0
IXIC,19880331,371.4,374.6,374.6,370.6,371.8,2.8,0.7531,1.08,12453.0
IXIC,19880404,373.7,371.9,374.6,371.5,374.6,-2.7,-0.7208,0.83,9513.0
IXIC,19880405,373.0,373.4,373.4,371.6,371.9,1.5,0.4033,0.48,11862.0
IXIC,19880406,373.8,377.7,377.7,373.3,373.4,4.3,1.1516,1.18,13761.0
IXIC,19880407,378.4,378.9,379.8,377.7,377.7,1.2,0.3177,0.56,13352.0
IXIC,19880408,379.8,381.8,381.9,378.9,378.9,2.9,0.7654,0.79,13445.0
IXIC,19880411,381.9,382.5,383.2,381.6,381.8,0.7,0.1833,0.42,12285.0
IXIC,19880412,382.6,383.4,383.5,382.3,382.5,0.9,0.2353,0.31,12338.0
IXIC,19880413,382.9,383.4,384.3,382.0,383.4,0.0,0.0,0.6,13022.0
IXIC,19880414,378.8,374.5,380.0,374.5,383.4,-8.9,-2.3213,1.43,14205.0
IXIC,19880415,371.4,373.9,374.5,369.8,374.5,-0.6,-0.1602,1.26,13017.0
IXIC,19880418,372.5,375.1,375.1,372.3,373.9,1.2,0.3209,0.75,10201.0
IXIC,19880419,377.0,376.9,379.1,376.1,375.1,1.8,0.4799,0.8,12854.0
IXIC,19880420,374.7,374.2,375.9,373.9,376.9,-2.7,-0.7164,0.53,13354.0
IXIC,19880421,375.1,373.2,375.8,372.8,374.2,-1.0,-0.2672,0.8,14243.0
IXIC,19880422,373.1,374.0,374.1,373.0,373.2,0.8,0.2144,0.29,12436.0
IXIC,19880425,374.4,375.3,375.6,374.1,374.0,1.3,0.3476,0.4,10511.0
IXIC,19880426,377.0,377.8,378.0,376.3,375.3,2.5,0.6661,0.45,12573.0
IXIC,19880427,378.7,378.7,378.9,377.8,377.8,0.9,0.2382,0.29,12237.0
IXIC,19880428,378.7,378.8,379.2,377.9,378.7,0.1,0.0264,0.34,12881.0
IXIC,19880429,377.7,379.2,379.2,377.0,378.8,0.4,0.1056,0.58,12134.0
IXIC,19880502,379.0,379.7,379.8,378.7,379.2,0.5,0.1319,0.29,9781.0
IXIC,19880503,380.7,382.2,382.7,379.7,379.7,2.5,0.6584,0.79,13106.0
IXIC,19880504,382.2,381.6,383.1,381.5,382.2,-0.6,-0.157,0.42,13421.0
IXIC,19880505,379.9,379.5,380.5,379.2,381.6,-2.1,-0.5503,0.34,12124.0
IXIC,19880506,380.2,379.4,380.6,379.2,379.5,-0.1,-0.0264,0.37,12274.0
IXIC,19880509,377.7,376.3,378.4,375.7,379.4,-3.1,-0.8171,0.71,10093.0
IXIC,19880510,375.4,375.4,376.5,374.3,376.3,-0.9,-0.2392,0.58,11533.0
IXIC,19880511,369.8,369.2,369.9,368.4,375.4,-6.2,-1.6516,0.4,11875.0
IXIC,19880512,369.8,370.2,370.3,369.2,369.2,1.0,0.2709,0.3,10273.0
IXIC,19880513,372.2,372.5,372.5,371.2,370.2,2.3,0.6213,0.35,10409.0
IXIC,19880516,372.7,373.4,373.4,372.0,372.5,0.9,0.2416,0.38,9824.0
IXIC,19880517,374.2,372.3,376.2,372.3,373.4,-1.1,-0.2946,1.04,12454.0
IXIC,19880518,371.4,367.0,372.3,366.4,372.3,-5.3,-1.4236,1.58,14187.0
IXIC,19880519,363.2,366.3,367.0,362.8,367.0,-0.7,-0.1907,1.14,14479.0
IXIC,19880520,365.9,366.0,367.3,365.7,366.3,-0.3,-0.0819,0.44,17361.0
IXIC,19880523,364.2,363.3,366.0,362.4,366.0,-2.7,-0.7377,0.98,12064.0
IXIC,19880524,363.8,365.2,365.2,363.3,363.3,1.9,0.523,0.52,10973.0
IXIC,19880525,366.1,365.7,366.4,365.1,365.2,0.5,0.1369,0.36,11605.0
IXIC,19880526,366.2,367.3,367.3,365.5,365.7,1.6,0.4375,0.49,9467.0
IXIC,19880527,366.5,366.7,367.3,366.2,367.3,-0.6,-0.1634,0.3,8791.0
IXIC,19880531,367.7,370.3,370.4,366.5,366.7,3.6,0.9817,1.06,10640.0
IXIC,19880601,372.7,374.8,375.0,372.7,370.3,4.5,1.2152,0.62,13678.0
IXIC,19880602,374.7,374.7,375.7,373.9,374.8,-0.1,-0.0267,0.48,12575.0
IXIC,19880603,375.2,376.9,377.1,374.7,374.7,2.2,0.5871,0.64,11937.0
IXIC,19880606,378.0,379.3,379.4,376.8,376.9,2.4,0.6368,0.69,10997.0
IXIC,19880607,379.8,379.3,380.4,378.8,379.3,0.0,0.0,0.42,14075.0
IXIC,19880608,380.4,383.4,383.4,379.3,379.3,4.1,1.0809,1.08,15580.0
IXIC,19880609,383.9,384.6,384.7,382.9,383.4,1.2,0.313,0.47,14330.0
IXIC,19880610,384.8,386.3,386.8,384.4,384.6,1.7,0.442,0.62,14532.0
IXIC,19880613,385.8,386.8,386.9,385.6,386.3,0.5,0.1294,0.34,12847.0
IXIC,19880614,389.4,388.5,389.7,387.8,386.8,1.7,0.4395,0.49,17486.0
IXIC,19880615,387.6,389.1,389.1,387.6,388.5,0.6,0.1544,0.39,16072.0
IXIC,19880616,387.7,387.1,389.1,386.5,389.1,-2.0,-0.514,0.67,14608.0
IXIC,19880617,387.8,386.9,387.9,386.5,387.1,-0.2,-0.0517,0.36,14640.0
IXIC,19880620,385.4,386.0,386.7,385.0,386.9,-0.9,-0.2326,0.44,10970.0
IXIC,19880621,386.5,387.8,387.8,385.9,386.0,1.8,0.4663,0.49,15446.0
IXIC,19880622,390.0,390.5,390.6,387.8,387.8,2.7,0.6962,0.72,17395.0
IXIC,19880623,390.4,391.0,391.1,390.3,390.5,0.5,0.128,0.2,16403.0
IXIC,19880624,390.7,391.6,391.8,390.6,391.0,0.6,0.1535,0.31,13847.0
IXIC,19880627,390.3,389.0,391.6,388.9,391.6,-2.6,-0.6639,0.69,10279.0
IXIC,19880628,389.7,391.7,391.7,388.5,389.0,2.7,0.6941,0.82,13123.0
IXIC,19880629,392.8,391.7,392.9,390.8,391.7,0.0,0.0,0.54,14785.0
IXIC,19880630,391.8,394.7,394.8,391.6,391.7,3.0,0.7659,0.82,13999.0
IXIC,19880701,394.2,394.7,395.1,394.0,394.7,0.0,0.0,0.28,11738.0
IXIC,19880705,394.4,396.1,396.1,393.7,394.7,1.4,0.3547,0.61,10902.0
IXIC,19880706,396.9,395.5,397.5,395.1,396.1,-0.6,-0.1515,0.61,14764.0
IXIC,19880707,394.9,395.4,395.6,393.7,395.5,-0.1,-0.0253,0.48,14079.0
IXIC,19880708,394.8,394.3,395.4,393.9,395.4,-1.1,-0.2782,0.38,12664.0
IXIC,19880711,394.3,394.2,394.8,393.9,394.3,-0.1,-0.0254,0.23,10661.0
IXIC,19880712,394.1,393.5,394.7,392.0,394.2,-0.7,-0.1776,0.68,13295.0
IXIC,19880713,393.6,393.6,394.2,392.4,393.5,0.1,0.0254,0.46,13272.0
IXIC,19880714,393.8,394.7,394.7,393.3,393.6,1.1,0.2795,0.36,13829.0
IXIC,19880715,394.0,395.0,395.0,393.8,394.7,0.3,0.076,0.3,13638.0
IXIC,19880718,395.0,394.8,395.2,393.5,395.0,-0.2,-0.0506,0.43,12267.0
IXIC,19880719,393.3,391.3,394.8,390.7,394.8,-3.5,-0.8865,1.04,14998.0
IXIC,19880720,391.0,391.6,392.0,390.7,391.3,0.3,0.0767,0.33,14137.0
IXIC,19880721,389.5,388.9,391.6,388.7,391.6,-2.7,-0.6895,0.74,13276.0
IXIC,19880722,387.8,387.4,388.9,386.2,388.9,-1.5,-0.3857,0.69,20322.0
IXIC,19880725,387.0,387.1,387.4,386.3,387.4,-0.3,-0.0774,0.28,9696.0
IXIC,19880726,386.3,385.8,387.1,385.5,387.1,-1.3,-0.3358,0.41,11119.0
IXIC,19880727,385.6,383.3,386.3,383.1,385.8,-2.5,-0.648,0.83,12597.0
IXIC,19880728,382.4,384.1,384.1,382.1,383.3,0.8,0.2087,0.52,11626.0
IXIC,19880729,385.3,387.3,387.3,384.1,384.1,3.2,0.8331,0.83,12083.0
IXIC,19880801,387.6,388.0,388.5,387.3,387.3,0.7,0.1807,0.31,10597.0
IXIC,19880802,387.8,387.8,388.8,386.8,388.0,-0.2,-0.0515,0.52,12447.0
IXIC,19880803,387.6,388.5,388.5,387.2,387.8,0.7,0.1805,0.34,12364.0
IXIC,19880804,388.8,388.9,389.5,388.4,388.5,0.4,0.103,0.28,11465.0
IXIC,19880805,388.2,387.7,388.9,387.4,388.9,-1.2,-0.3086,0.39,10626.0
IXIC,19880808,387.9,387.7,388.5,387.6,387.7,0.0,0.0,0.23,10246.0
IXIC,19880809,385.2,384.2,387.9,383.3,387.7,-3.5,-0.9028,1.19,12782.0
IXIC,19880810,382.3,378.5,384.3,378.5,384.2,-5.7,-1.4836,1.51,13666.0
IXIC,19880811,378.8,379.1,379.5,378.1,378.5,0.6,0.1585,0.37,13289.0
IXIC,19880812,378.5,379.0,379.2,378.3,379.1,-0.1,-0.0264,0.24,10920.0
IXIC,19880815,377.4,374.1,379.0,373.9,379.0,-4.9,-1.2929,1.35,11260.0
IXIC,19880816,373.5,375.7,376.2,372.2,374.1,1.6,0.4277,1.07,12892.0
IXIC,19880817,377.0,376.2,377.1,375.1,375.7,0.5,0.1331,0.53,12385.0
IXIC,19880818,376.5,377.2,377.8,376.2,376.2,1.0,0.2658,0.43,11577.0
IXIC,19880819,377.7,377.4,378.1,376.8,377.2,0.2,0.053,0.34,11838.0
IXIC,19880822,376.0,373.7,377.5,373.5,377.4,-3.7,-0.9804,1.06,9768.0
IXIC,19880823,373.3,373.5,373.9,372.6,373.7,-0.2,-0.0535,0.35,11011.0
IXIC,19880824,374.5,376.0,376.2,373.2,373.5,2.5,0.6693,0.8,11007.0
IXIC,19880825,374.1,374.0,374.1,374.0,376.0,-2.0,-0.5319,0.03,10279.0
IXIC,19880826,374.3,374.4,374.6,373.9,374.0,0.4,0.107,0.19,9161.0
IXIC,19880829,375.5,376.2,376.4,374.4,374.4,1.8,0.4808,0.53,8349.0
IXIC,19880830,375.8,376.5,376.6,375.7,376.2,0.3,0.0797,0.24,9455.0
IXIC,19880831,376.6,376.6,377.5,375.1,376.5,0.1,0.0266,0.64,11714.0
IXIC,19880901,374.2,373.0,376.6,372.2,376.6,-3.6,-0.9559,1.17,10638.0
IXIC,19880902,374.7,376.5,376.7,373.0,373.0,3.5,0.9383,0.99,9634.0
IXIC,19880906,377.0,377.3,377.6,376.3,376.5,0.8,0.2125,0.35,8699.0
IXIC,19880907,378.0,378.0,378.3,376.9,377.3,0.7,0.1855,0.37,11782.0
IXIC,19880908,377.7,379.7,379.7,377.0,378.0,1.7,0.4497,0.71,11662.0
IXIC,19880909,378.5,381.6,381.8,378.5,379.7,1.9,0.5004,0.87,12481.0
IXIC,19880912,382.1,382.1,382.9,381.6,381.6,0.5,0.131,0.34,8251.0
IXIC,19880913,381.2,382.4,382.4,381.0,382.1,0.3,0.0785,0.37,9912.0
IXIC,19880914,383.5,383.9,384.5,382.4,382.4,1.5,0.3923,0.55,13106.0
IXIC,19880915,383.6,382.7,384.0,382.6,383.9,-1.2,-0.3126,0.36,11373.0
IXIC,19880916,382.9,383.9,384.0,382.4,382.7,1.2,0.3136,0.42,11349.0
IXIC,19880919,382.5,383.4,384.0,381.5,383.9,-0.5,-0.1302,0.65,9984.0
IXIC,19880920,383.6,384.1,384.1,383.0,383.4,0.7,0.1826,0.29,11466.0
IXIC,19880921,384.3,384.9,385.0,384.0,384.1,0.8,0.2083,0.26,9995.0
IXIC,19880922,384.6,384.9,385.6,384.1,384.9,0.0,0.0,0.39,13426.0
IXIC,19880923,384.3,385.0,385.2,384.0,384.9,0.1,0.026,0.31,14137.0
IXIC,19880926,384.2,382.8,385.1,382.6,385.0,-2.2,-0.5714,0.65,9275.0
IXIC,19880927,382.5,382.2,382.9,382.1,382.8,-0.6,-0.1567,0.21,10377.0
IXIC,19880928,383.0,383.3,383.4,382.0,382.2,1.1,0.2878,0.37,11172.0
IXIC,19880929,384.5,386.1,386.1,383.3,383.3,2.8,0.7305,0.73,12149.0
IXIC,19880930,386.6,387.7,388.4,386.1,386.1,1.6,0.4144,0.6,13544.0
IXIC,19881003,384.7,384.5,387.7,383.4,387.7,-3.2,-0.8254,1.11,10744.0
IXIC,19881004,384.9,384.2,385.1,383.9,384.5,-0.3,-0.078,0.31,10622.0
IXIC,19881005,383.6,384.5,384.6,383.1,384.2,0.3,0.0781,0.39,13180.0
IXIC,19881006,384.5,385.2,385.4,384.0,384.5,0.7,0.1821,0.36,12421.0
IXIC,19881007,384.4,385.7,385.7,384.1,385.2,0.5,0.1298,0.42,15492.0
IXIC,19881010,385.8,385.5,386.3,384.4,385.7,-0.2,-0.0519,0.49,9683.0
IXIC,19881011,385.6,385.3,386.0,384.0,385.5,-0.2,-0.0519,0.52,12099.0
IXIC,19881012,382.6,382.6,385.3,381.8,385.3,-2.7,-0.7008,0.91,11842.0
IXIC,19881013,383.5,383.5,383.7,381.8,382.6,0.9,0.2352,0.5,11238.0
IXIC,19881014,385.1,384.6,385.3,383.5,383.5,1.1,0.2868,0.47,11912.0
IXIC,19881017,384.9,385.0,385.3,384.4,384.6,0.4,0.104,0.23,9965.0
IXIC,19881018,385.2,386.3,386.3,384.5,385.0,1.3,0.3377,0.47,13233.0
IXIC,19881019,387.7,385.8,388.2,385.4,386.3,-0.5,-0.1294,0.72,14256.0
IXIC,19881020,386.6,388.6,388.6,385.7,385.8,2.8,0.7258,0.75,13268.0
IXIC,19881021,387.9,388.6,388.6,387.7,388.6,0.0,0.0,0.23,13872.0
IXIC,19881024,387.5,387.2,388.9,387.1,388.6,-1.4,-0.3603,0.46,10963.0
IXIC,19881025,386.6,386.1,387.4,385.7,387.2,-1.1,-0.2841,0.44,11167.0
IXIC,19881026,385.0,385.2,386.2,384.3,386.1,-0.9,-0.2331,0.49,11041.0
IXIC,19881027,382.3,381.8,385.2,380.7,385.2,-3.4,-0.8827,1.17,12266.0
IXIC,19881028,382.4,382.8,382.9,381.8,381.8,1.0,0.2619,0.29,10601.0
IXIC,19881031,381.6,382.5,382.9,381.2,382.8,-0.3,-0.0784,0.44,9788.0
IXIC,19881101,382.7,382.4,383.0,381.6,382.5,-0.1,-0.0261,0.37,11035.0
IXIC,19881102,381.4,381.8,382.4,380.8,382.4,-0.6,-0.1569,0.42,12154.0
IXIC,19881103,381.7,382.8,383.1,381.6,381.8,1.0,0.2619,0.39,11714.0
IXIC,19881104,382.0,381.0,382.8,380.7,382.8,-1.8,-0.4702,0.55,10562.0
IXIC,19881107,378.5,376.5,381.1,376.3,381.0,-4.5,-1.1811,1.26,10142.0
IXIC,19881108,377.9,378.8,379.1,376.5,376.5,2.3,0.6109,0.69,11325.0
IXIC,19881109,378.2,377.7,378.8,376.9,378.8,-1.1,-0.2904,0.5,11040.0
IXIC,19881110,377.4,378.4,378.5,377.4,377.7,0.7,0.1853,0.29,10573.0
IXIC,19881111,376.1,373.8,378.4,373.6,378.4,-4.6,-1.2156,1.27,10968.0
IXIC,19881114,371.8,372.4,374.0,371.6,373.8,-1.4,-0.3745,0.64,10077.0
IXIC,19881115,373.4,372.1,373.6,371.5,372.4,-0.3,-0.0806,0.56,11188.0
IXIC,19881116,370.0,367.8,372.3,367.6,372.1,-4.3,-1.1556,1.26,12799.0
IXIC,19881117,368.4,367.4,368.8,366.9,367.8,-0.4,-0.1088,0.52,14015.0
IXIC,19881118,366.8,367.6,367.9,366.7,367.4,0.2,0.0544,0.33,10324.0
IXIC,19881121,365.3,365.1,367.6,364.1,367.6,-2.5,-0.6801,0.95,11193.0
IXIC,19881122,365.2,365.4,365.4,364.0,365.1,0.3,0.0822,0.38,11708.0
IXIC,19881123,365.8,367.8,367.9,365.4,365.4,2.4,0.6568,0.68,10366.0
IXIC,19881125,366.1,366.4,367.7,365.7,367.8,-1.4,-0.3806,0.54,5006.0
IXIC,19881128,366.4,366.1,366.7,364.8,366.4,-0.3,-0.0819,0.52,9380.0
IXIC,19881129,366.4,368.2,368.2,365.9,366.1,2.1,0.5736,0.63,10482.0
IXIC,19881130,369.2,371.5,371.5,368.1,368.2,3.3,0.8963,0.92,12534.0
IXIC,19881201,372.1,373.9,374.0,371.2,371.5,2.4,0.646,0.75,12327.0
IXIC,19881202,373.1,373.9,374.4,372.5,373.9,0.0,0.0,0.51,12502.0
IXIC,19881205,374.9,375.6,376.1,373.9,373.9,1.7,0.4547,0.59,11867.0
IXIC,19881206,375.7,377.0,377.0,374.7,375.6,1.4,0.3727,0.61,11606.0
IXIC,19881207,377.0,376.4,377.2,376.1,377.0,-0.6,-0.1592,0.29,12248.0
IXIC,19881208,375.2,375.2,376.4,374.9,376.4,-1.2,-0.3188,0.4,10987.0
IXIC,19881209,375.0,375.2,375.6,374.8,375.2,0.0,0.0,0.21,11356.0
IXIC,19881212,375.2,374.2,375.6,374.0,375.2,-1.0,-0.2665,0.43,9922.0
IXIC,19881213,373.4,373.0,374.2,372.5,374.2,-1.2,-0.3207,0.45,11414.0
IXIC,19881214,372.9,372.8,373.6,372.5,373.0,-0.2,-0.0536,0.29,11774.0
IXIC,19881215,373.3,373.0,373.5,372.5,372.8,0.2,0.0536,0.27,11162.0
IXIC,19881216,373.1,375.8,375.8,372.9,373.0,2.8,0.7507,0.78,13314.0
IXIC,19881219,375.6,376.4,376.5,375.5,375.8,0.6,0.1597,0.27,13118.0
IXIC,19881220,377.3,376.1,377.5,376.0,376.4,-0.3,-0.0797,0.4,13850.0
IXIC,19881221,376.1,375.6,376.3,374.9,376.1,-0.5,-0.1329,0.37,13741.0
IXIC,19881222,375.7,376.5,376.8,375.1,375.6,0.9,0.2396,0.45,15314.0
IXIC,19881223,376.7,377.3,377.4,376.5,376.5,0.8,0.2125,0.24,7771.0
IXIC,19881227,377.7,376.6,377.8,376.4,377.3,-0.7,-0.1855,0.37,8078.0
IXIC,19881228,376.5,376.8,376.8,375.6,376.6,0.2,0.0531,0.32,10515.0
IXIC,19881229,377.3,379.1,379.1,376.7,376.8,2.3,0.6104,0.64,12114.0
IXIC,19881230,379.6,381.4,381.4,378.9,379.1,2.3,0.6067,0.66,13694.0
IXIC,19890103,378.9,378.6,381.4,376.9,381.4,-2.8,-0.7341,1.18,9366.0
IXIC,19890104,379.3,382.8,382.9,378.6,378.6,4.2,1.1094,1.14,12127.0
IXIC,19890105,383.5,383.8,384.9,382.7,382.8,1.0,0.2612,0.57,13504.0
IXIC,19890106,384.4,384.7,384.8,383.8,383.8,0.9,0.2345,0.26,12365.0
IXIC,19890109,384.9,385.3,385.8,384.6,384.7,0.6,0.156,0.31,10993.0
IXIC,19890110,385.5,384.6,385.6,384.0,385.3,-0.7,-0.1817,0.42,11352.0
IXIC,19890111,384.5,385.3,385.4,383.9,384.6,0.7,0.182,0.39,11577.0
IXIC,19890112,385.8,387.0,387.5,385.3,385.3,1.7,0.4412,0.57,13543.0
IXIC,19890113,387.2,387.1,387.4,386.5,387.0,0.1,0.0258,0.23,12286.0
IXIC,19890116,387.0,387.4,388.1,386.7,387.1,0.3,0.0775,0.36,10516.0
IXIC,19890117,386.8,386.1,387.4,385.7,387.4,-1.3,-0.3356,0.44,13776.0
IXIC,19890118,386.0,388.9,389.0,385.5,386.1,2.8,0.7252,0.91,14052.0
IXIC,19890119,390.8,391.1,391.9,388.9,388.9,2.2,0.5657,0.77,16230.0
IXIC,19890120,391.1,391.7,392.1,390.8,391.1,0.6,0.1534,0.33,15207.0
IXIC,19890123,391.8,390.0,392.2,389.9,391.7,-1.7,-0.434,0.59,11402.0
IXIC,19890124,390.1,392.0,392.2,389.8,390.0,2.0,0.5128,0.62,13259.0
IXIC,19890125,393.1,394.0,394.1,392.0,392.0,2.0,0.5102,0.54,12159.0
IXIC,19890126,393.9,397.1,397.1,393.4,394.0,3.1,0.7868,0.94,14168.0
IXIC,19890127,397.0,398.0,398.9,396.2,397.1,0.9,0.2266,0.68,17620.0
IXIC,19890130,398.5,399.2,399.2,397.9,398.0,1.2,0.3015,0.33,12394.0
IXIC,19890131,399.4,401.3,401.4,398.5,399.2,2.1,0.5261,0.73,13705.0
IXIC,19890201,401.8,403.2,403.2,401.5,401.3,1.9,0.4735,0.42,15289.0
IXIC,19890202,403.7,405.2,406.2,403.3,403.2,2.0,0.496,0.72,16379.0
IXIC,19890203,405.4,406.4,406.4,404.6,405.2,1.2,0.2962,0.44,14335.0
IXIC,19890206,406.4,406.0,406.6,404.9,406.4,-0.4,-0.0984,0.42,12829.0
IXIC,19890207,406.8,409.2,409.7,405.9,406.0,3.2,0.7882,0.94,15691.0
IXIC,19890208,409.7,408.0,410.1,407.8,409.2,-1.2,-0.2933,0.56,15273.0
IXIC,19890209,406.5,406.4,408.3,405.9,408.0,-1.6,-0.3922,0.59,14668.0
IXIC,19890210,403.7,402.4,405.6,402.1,406.4,-4.0,-0.9843,0.86,13273.0
IXIC,19890213,400.6,401.3,402.0,400.3,402.4,-1.1,-0.2734,0.42,11449.0
IXIC,19890214,402.7,402.0,403.0,401.7,401.3,0.7,0.1744,0.32,13288.0
IXIC,19890215,402.5,404.2,404.2,401.9,402.0,2.2,0.5473,0.57,12318.0
IXIC,19890216,405.2,405.7,405.9,404.3,404.2,1.5,0.3711,0.4,14925.0
IXIC,19890217,405.8,407.2,407.8,405.5,405.7,1.5,0.3697,0.57,11415.0
IXIC,19890221,406.8,406.4,407.5,405.9,407.2,-0.8,-0.1965,0.39,11523.0
IXIC,19890222,405.0,402.5,406.0,401.4,406.4,-3.9,-0.9596,1.13,12952.0
IXIC,19890223,401.2,403.1,403.1,400.9,402.5,0.6,0.1491,0.55,11686.0
IXIC,19890224,402.9,400.0,403.1,399.7,403.1,-3.1,-0.769,0.84,12291.0
IXIC,19890227,398.4,398.9,399.7,398.2,400.0,-1.1,-0.275,0.38,10940.0
IXIC,19890228,399.2,399.7,400.4,399.0,398.9,0.8,0.2006,0.35,12221.0
IXIC,19890301,401.0,399.8,401.5,399.4,399.7,0.1,0.025,0.53,12873.0
IXIC,19890302,400.5,402.5,402.6,400.0,399.8,2.7,0.6753,0.65,12949.0
IXIC,19890303,402.8,404.0,404.0,402.5,402.5,1.5,0.3727,0.37,13599.0
IXIC,19890306,405.2,406.3,406.3,404.5,404.0,2.3,0.5693,0.45,12221.0
IXIC,19890307,405.6,406.2,406.5,404.9,406.3,-0.1,-0.0246,0.39,13593.0
IXIC,19890308,406.0,406.4,407.4,405.7,406.2,0.2,0.0492,0.42,15014.0
IXIC,19890309,406.5,405.7,406.6,405.5,406.4,-0.7,-0.1722,0.27,14206.0
IXIC,19890310,404.3,405.9,405.9,404.2,405.7,0.2,0.0493,0.42,13337.0
IXIC,19890313,406.6,406.6,407.0,405.8,405.9,0.7,0.1725,0.3,11838.0
IXIC,19890314,406.8,406.0,407.2,405.7,406.6,-0.6,-0.1476,0.37,13761.0
IXIC,19890315,406.5,407.0,407.5,406.2,406.0,1.0,0.2463,0.32,14123.0
IXIC,19890316,407.4,409.5,409.8,407.0,407.0,2.5,0.6143,0.69,15068.0
IXIC,19890317,403.8,402.2,407.9,402.0,409.5,-7.3,-1.7827,1.44,13935.0
IXIC,19890320,400.5,398.5,401.8,397.8,402.2,-3.7,-0.9199,0.99,11984.0
IXIC,19890321,400.6,401.8,401.8,399.3,398.5,3.3,0.8281,0.63,12373.0
IXIC,19890322,401.0,400.6,401.6,399.7,401.8,-1.2,-0.2987,0.47,13638.0
IXIC,19890323,401.1,400.9,401.4,400.1,400.6,0.3,0.0749,0.32,14918.0
IXIC,19890327,400.4,400.6,401.0,400.1,400.9,-0.3,-0.0748,0.22,9884.0
IXIC,19890328,401.7,402.6,402.9,401.1,400.6,2.0,0.4993,0.45,11255.0
IXIC,19890329,403.2,403.7,403.7,402.3,402.6,1.1,0.2732,0.35,12296.0
IXIC,19890330,403.2,404.6,404.6,402.5,403.7,0.9,0.2229,0.52,11561.0
IXIC,19890331,405.6,406.7,406.8,404.8,404.6,2.1,0.519,0.49,12501.0
IXIC,19890403,407.0,407.7,408.4,406.8,406.7,1.0,0.2459,0.39,12253.0
IXIC,19890404,407.0,407.2,407.6,406.5,407.7,-0.5,-0.1226,0.27,13959.0
IXIC,19890405,407.4,408.3,408.3,407.0,407.2,1.1,0.2701,0.32,12075.0
IXIC,19890406,407.9,408.2,408.4,407.0,408.3,-0.1,-0.0245,0.34,11404.0
IXIC,19890407,408.7,410.7,410.8,408.1,408.2,2.5,0.6124,0.66,13358.0
IXIC,19890410,411.2,411.1,411.4,410.4,410.7,0.4,0.0974,0.24,10984.0
IXIC,19890411,412.1,413.5,413.7,411.5,411.1,2.4,0.5838,0.54,13327.0
IXIC,19890412,414.6,415.7,416.1,414.0,413.5,2.2,0.532,0.51,16130.0
IXIC,19890413,415.3,413.9,415.9,413.3,415.7,-1.8,-0.433,0.63,14299.0
IXIC,19890414,415.9,417.7,417.7,414.7,413.9,3.8,0.9181,0.72,14465.0
IXIC,19890417,417.6,417.8,418.2,417.2,417.7,0.1,0.0239,0.24,11522.0
IXIC,19890418,419.7,420.7,420.8,418.7,417.8,2.9,0.6941,0.5,15348.0
IXIC,19890419,421.0,421.9,422.4,420.6,420.7,1.2,0.2852,0.43,15501.0
IXIC,19890420,421.6,421.5,422.3,419.6,421.9,-0.4,-0.0948,0.64,14103.0
IXIC,19890421,422.4,423.8,423.8,421.6,421.5,2.3,0.5457,0.52,14947.0
IXIC,19890424,423.0,423.2,423.6,422.6,423.8,-0.6,-0.1416,0.24,9817.0
IXIC,19890425,423.7,422.7,424.0,421.9,423.2,-0.5,-0.1181,0.5,12365.0
IXIC,19890426,422.5,423.4,423.4,422.5,422.7,0.7,0.1656,0.21,13666.0
IXIC,19890427,424.2,426.2,426.3,423.6,423.4,2.8,0.6613,0.64,13741.0
IXIC,19890428,426.3,427.6,427.6,425.6,426.2,1.4,0.3285,0.47,12924.0
IXIC,19890501,425.9,427.5,427.5,425.8,427.6,-0.1,-0.0234,0.4,11672.0
IXIC,19890502,427.6,428.0,428.7,427.4,427.5,0.5,0.117,0.3,14098.0
IXIC,19890503,428.7,428.8,429.0,428.1,428.0,0.8,0.1869,0.21,14249.0
IXIC,19890504,429.0,429.2,430.1,428.7,428.8,0.4,0.0933,0.33,14638.0
IXIC,19890505,430.6,430.7,432.3,429.9,429.2,1.5,0.3495,0.56,15607.0
IXIC,19890508,430.5,429.3,430.8,428.1,430.7,-1.4,-0.3251,0.63,12903.0
IXIC,19890509,429.8,429.0,430.3,427.8,429.3,-0.3,-0.0699,0.58,13565.0
IXIC,19890510,428.9,429.6,429.7,428.5,429.0,0.6,0.1399,0.28,12966.0
IXIC,19890511,430.3,430.6,430.9,429.6,429.6,1.0,0.2328,0.3,14499.0
IXIC,19890512,434.3,434.8,434.9,432.0,430.6,4.2,0.9754,0.67,16636.0
IXIC,19890515,435.3,436.2,436.4,435.1,434.8,1.4,0.322,0.3,13366.0
IXIC,19890516,435.8,435.7,436.2,434.6,436.2,-0.5,-0.1146,0.37,14346.0
IXIC,19890517,436.4,438.5,438.8,436.0,435.7,2.8,0.6426,0.64,16999.0
IXIC,19890518,438.5,439.8,439.8,438.4,438.5,1.3,0.2965,0.32,16345.0
IXIC,19890519,441.1,442.1,442.2,440.1,439.8,2.3,0.523,0.48,18196.0
IXIC,19890522,442.6,441.8,443.2,441.0,442.1,-0.3,-0.0679,0.5,12461.0
IXIC,19890523,441.1,440.2,441.6,440.1,441.8,-1.6,-0.3622,0.34,14096.0
IXIC,19890524,439.9,441.5,441.5,439.3,440.2,1.3,0.2953,0.5,12236.0
IXIC,19890525,442.5,442.9,443.4,441.6,441.5,1.4,0.3171,0.41,12916.0
IXIC,19890526,443.6,445.2,445.2,443.0,442.9,2.3,0.5193,0.5,11699.0
IXIC,19890530,445.9,444.2,446.2,443.1,445.2,-1.0,-0.2246,0.7,11613.0
IXIC,19890531,444.4,446.2,446.2,443.8,444.2,2.0,0.4502,0.54,12381.0
IXIC,19890601,446.8,448.3,448.3,446.1,446.2,2.1,0.4706,0.49,13587.0
IXIC,19890602,449.8,451.6,451.7,448.5,448.3,3.3,0.7361,0.71,16380.0
IXIC,19890605,451.4,447.8,452.0,447.7,451.6,-3.8,-0.8415,0.95,13773.0
IXIC,19890606,447.8,448.0,448.8,446.6,447.8,0.2,0.0447,0.49,14275.0
IXIC,19890607,451.7,453.2,453.3,448.9,448.0,5.2,1.1607,0.98,16022.0
IXIC,19890608,454.1,454.0,454.6,453.5,453.2,0.8,0.1765,0.24,15596.0
IXIC,19890609,452.7,453.7,453.7,452.3,454.0,-0.3,-0.0661,0.31,14044.0
IXIC,19890612,453.0,453.4,453.6,451.5,453.7,-0.3,-0.0661,0.46,12556.0
IXIC,19890613,451.6,450.7,452.8,449.5,453.4,-2.7,-0.5955,0.73,14695.0
IXIC,19890614,451.0,450.6,451.6,449.8,450.7,-0.1,-0.0222,0.4,13162.0
IXIC,19890615,449.7,447.1,450.4,446.3,450.6,-3.5,-0.7767,0.91,13750.0
IXIC,19890616,446.3,447.2,447.2,445.3,447.1,0.1,0.0224,0.42,13211.0
IXIC,19890619,446.9,446.1,447.4,444.9,447.2,-1.1,-0.246,0.56,10959.0
IXIC,19890620,446.6,444.6,446.9,444.6,446.1,-1.5,-0.3362,0.52,13707.0
IXIC,19890621,444.7,443.9,445.2,443.7,444.6,-0.7,-0.1574,0.34,13640.0
IXIC,19890622,443.7,445.3,445.3,443.5,443.9,1.4,0.3154,0.41,13279.0
IXIC,19890623,446.5,448.4,448.4,445.7,445.3,3.1,0.6962,0.61,15315.0
IXIC,19890626,448.6,447.3,449.0,447.2,448.4,-1.1,-0.2453,0.4,10955.0
IXIC,19890627,447.9,448.6,449.2,447.6,447.3,1.3,0.2906,0.36,11902.0
IXIC,19890628,447.6,444.9,448.2,444.0,448.6,-3.7,-0.8248,0.94,12749.0
IXIC,19890629,441.9,437.9,444.2,437.5,444.9,-7.0,-1.5734,1.51,14203.0
IXIC,19890630,436.1,435.3,437.9,431.7,437.9,-2.6,-0.5937,1.42,13710.0
IXIC,19890703,434.5,436.0,436.1,434.4,435.3,0.7,0.1608,0.39,5320.0
IXIC,19890705,435.5,436.9,437.1,435.0,436.0,0.9,0.2064,0.48,9452.0
IXIC,19890706,437.9,439.6,439.6,437.0,436.9,2.7,0.618,0.6,11805.0
IXIC,19890707,440.0,442.4,443.1,439.8,439.6,2.8,0.6369,0.75,12031.0
IXIC,19890710,442.5,442.7,443.1,442.2,442.4,0.3,0.0678,0.2,11274.0
IXIC,19890711,444.3,444.5,444.9,443.3,442.7,1.8,0.4066,0.36,14214.0
IXIC,19890712,444.5,446.8,446.8,444.3,444.5,2.3,0.5174,0.56,14726.0
IXIC,19890713,446.5,447.9,448.0,446.4,446.8,1.1,0.2462,0.36,13011.0
IXIC,19890714,448.5,448.9,449.0,446.8,447.9,1.0,0.2233,0.49,12885.0
IXIC,19890717,449.0,449.9,450.0,448.2,448.9,1.0,0.2228,0.4,10789.0
IXIC,19890718,449.2,447.9,449.5,447.3,449.9,-2.0,-0.4445,0.49,13188.0
IXIC,19890719,448.9,451.2,451.2,448.4,447.9,3.3,0.7368,0.63,15988.0
IXIC,19890720,451.6,449.2,452.0,449.2,451.2,-2.0,-0.4433,0.62,16662.0
IXIC,19890721,448.2,449.3,449.8,447.8,449.2,0.1,0.0223,0.45,14476.0
IXIC,19890724,448.0,446.0,448.9,445.9,449.3,-3.3,-0.7345,0.67,10806.0
IXIC,19890725,447.3,446.5,448.5,445.9,446.0,0.5,0.1121,0.58,12765.0
IXIC,19890726,446.6,449.1,449.1,446.2,446.5,2.6,0.5823,0.65,12447.0
IXIC,19890727,450.5,452.5,452.6,449.8,449.1,3.4,0.7571,0.62,14025.0
IXIC,19890728,452.6,452.8,453.0,451.8,452.5,0.3,0.0663,0.27,12890.0
IXIC,19890731,452.3,453.8,453.8,451.9,452.8,1.0,0.2208,0.42,11190.0
IXIC,19890801,455.2,453.3,455.4,453.2,453.8,-0.5,-0.1102,0.48,13688.0
IXIC,19890802,453.0,454.1,454.1,452.4,453.3,0.8,0.1765,0.38,13018.0
IXIC,19890803,455.0,456.9,457.2,454.5,454.1,2.8,0.6166,0.59,14601.0
IXIC,19890804,456.6,457.4,457.8,455.4,456.9,0.5,0.1094,0.53,13367.0
IXIC,19890807,458.5,461.7,461.8,457.9,457.4,4.3,0.9401,0.85,13525.0
IXIC,19890808,462.5,463.3,463.4,461.5,461.7,1.6,0.3465,0.41,16027.0
IXIC,19890809,463.1,462.4,463.9,462.4,463.3,-0.9,-0.1943,0.32,15569.0
IXIC,19890810,461.5,463.6,464.0,461.0,462.4,1.2,0.2595,0.65,13443.0
IXIC,19890811,465.7,462.5,466.1,462.1,463.6,-1.1,-0.2373,0.86,13926.0
IXIC,19890814,461.2,460.0,462.0,459.8,462.5,-2.5,-0.5405,0.48,14466.0
IXIC,19890815,460.9,460.9,461.0,459.9,460.0,0.9,0.1957,0.24,13349.0
IXIC,19890816,462.0,460.8,462.2,460.2,460.9,-0.1,-0.0217,0.43,12925.0
IXIC,19890817,461.2,460.8,461.4,459.7,460.8,0.0,0.0,0.37,13632.0
IXIC,19890818,461.4,462.0,462.1,460.7,460.8,1.2,0.2604,0.3,13452.0
IXIC,19890821,462.1,458.3,462.5,458.3,462.0,-3.7,-0.8009,0.91,10862.0
IXIC,19890822,457.1,458.4,458.4,456.5,458.3,0.1,0.0218,0.41,11903.0
IXIC,19890823,459.6,461.7,461.7,458.8,458.4,3.3,0.7199,0.63,13969.0
IXIC,19890824,463.0,465.9,466.0,462.0,461.7,4.2,0.9097,0.87,14481.0
IXIC,19890825,466.5,466.8,467.2,466.0,465.9,0.9,0.1932,0.26,12673.0
IXIC,19890828,466.2,467.2,467.2,465.5,466.8,0.4,0.0857,0.36,10024.0
IXIC,19890829,467.7,466.6,467.9,465.9,467.2,-0.6,-0.1284,0.43,12861.0
IXIC,19890830,466.8,468.3,468.5,466.6,466.6,1.7,0.3643,0.41,12170.0
IXIC,19890831,469.0,469.3,469.4,468.4,468.3,1.0,0.2135,0.21,11776.0
IXIC,19890901,469.9,471.3,471.5,469.6,469.3,2.0,0.4262,0.4,11346.0
IXIC,19890905,472.2,471.4,472.4,471.1,471.3,0.1,0.0212,0.28,12114.0
IXIC,19890906,469.7,469.3,471.1,467.6,471.4,-2.1,-0.4455,0.74,13643.0
IXIC,19890907,470.3,469.7,470.7,469.3,469.3,0.4,0.0852,0.3,13400.0
IXIC,19890908,470.0,471.3,471.5,468.4,469.7,1.6,0.3406,0.66,13006.0
IXIC,19890911,470.9,470.4,471.3,469.4,471.3,-0.9,-0.191,0.4,11349.0
IXIC,19890912,470.7,471.9,472.1,470.4,470.4,1.5,0.3189,0.36,15106.0
IXIC,19890913,473.4,471.8,474.6,471.8,471.9,-0.1,-0.0212,0.59,15994.0
IXIC,19890914,471.1,468.8,471.8,468.7,471.8,-3.0,-0.6359,0.66,14203.0
IXIC,19890915,469.7,467.6,470.1,467.1,468.8,-1.2,-0.256,0.64,13092.0
IXIC,19890918,467.1,466.9,467.4,466.0,467.6,-0.7,-0.1497,0.3,10505.0
IXIC,19890919,467.1,467.1,467.7,466.7,466.9,0.2,0.0428,0.21,13671.0
IXIC,19890920,467.3,466.7,467.6,466.2,467.1,-0.4,-0.0856,0.3,13705.0
IXIC,19890921,467.1,467.0,468.4,466.5,466.7,0.3,0.0643,0.41,13862.0
IXIC,19890922,467.1,468.1,468.2,466.5,467.0,1.1,0.2355,0.36,14889.0
IXIC,19890925,467.6,466.7,468.5,466.2,468.1,-1.4,-0.2991,0.49,10809.0
IXIC,19890926,466.9,467.8,468.4,466.7,466.7,1.1,0.2357,0.36,12338.0
IXIC,19890927,465.8,467.8,467.8,464.9,467.8,0.0,0.0,0.62,12318.0
IXIC,19890928,468.9,471.1,471.2,468.2,467.8,3.3,0.7054,0.64,13313.0
IXIC,19890929,471.8,472.9,473.3,471.4,471.1,1.8,0.3821,0.4,13638.0
IXIC,19891002,472.8,475.2,475.2,472.4,472.9,2.3,0.4864,0.59,10895.0
IXIC,19891003,476.0,477.3,477.3,475.4,475.2,2.1,0.4419,0.4,15120.0
IXIC,19891004,477.6,479.3,479.5,477.4,477.3,2.0,0.419,0.44,16436.0
IXIC,19891005,479.9,480.7,481.5,478.6,479.3,1.4,0.2921,0.61,15109.0
IXIC,19891006,482.3,483.6,483.9,481.6,480.7,2.9,0.6033,0.48,15599.0
IXIC,19891009,483.5,485.7,485.8,482.7,483.6,2.1,0.4342,0.64,8427.0
IXIC,19891010,487.0,484.1,487.5,483.2,485.7,-1.6,-0.3294,0.89,13696.0
IXIC,19891011,483.1,482.2,483.6,480.7,484.1,-1.9,-0.3925,0.6,13301.0
IXIC,19891012,482.7,482.2,483.4,482.1,482.2,0.0,0.0,0.27,13096.0
IXIC,19891013,482.5,467.3,482.7,467.3,482.2,-14.9,-3.09,3.19,16771.0
IXIC,19891016,448.9,461.0,463.1,447.1,467.3,-6.3,-1.3482,3.42,24284.0
IXIC,19891017,460.2,459.9,460.8,456.3,461.0,-1.1,-0.2386,0.98,16147.0
IXIC,19891018,458.7,463.3,463.3,457.9,459.9,3.4,0.7393,1.17,14765.0
IXIC,19891019,465.8,470.8,470.8,463.8,463.3,7.5,1.6188,1.51,17346.0
IXIC,19891020,470.9,470.7,471.3,468.8,470.8,-0.1,-0.0212,0.53,15816.0
IXIC,19891023,470.7,467.2,471.1,467.1,470.7,-3.5,-0.7436,0.85,11718.0
IXIC,19891024,464.8,461.7,466.6,458.7,467.2,-5.5,-1.1772,1.69,15248.0
IXIC,19891025,462.9,462.9,464.3,462.1,461.7,1.2,0.2599,0.48,13212.0
IXIC,19891026,461.9,458.2,462.1,458.1,462.9,-4.7,-1.0153,0.86,12873.0
IXIC,19891027,457.0,452.8,458.4,451.8,458.2,-5.4,-1.1785,1.44,13279.0
IXIC,19891030,453.7,451.4,454.3,450.8,452.8,-1.4,-0.3092,0.77,10107.0
IXIC,19891031,452.9,455.6,455.8,451.8,451.4,4.2,0.9304,0.89,12802.0
IXIC,19891101,456.2,456.6,457.3,455.6,455.6,1.0,0.2195,0.37,11862.0
IXIC,19891102,454.7,453.1,456.0,452.2,456.6,-3.5,-0.7665,0.83,13600.0
IXIC,19891103,452.8,453.0,454.0,452.1,453.1,-0.1,-0.0221,0.42,11047.0
IXIC,19891106,452.8,448.0,453.0,448.0,453.0,-5.0,-1.1038,1.1,11108.0
IXIC,19891107,447.0,449.4,449.4,446.8,448.0,1.4,0.3125,0.58,13055.0
IXIC,19891108,452.5,454.1,454.5,450.3,449.4,4.7,1.0458,0.93,13790.0
IXIC,19891109,454.7,454.1,454.9,453.5,454.1,0.0,0.0,0.31,12679.0
IXIC,19891110,455.2,456.2,456.4,454.6,454.1,2.1,0.4625,0.4,10905.0
IXIC,19891113,456.8,455.9,456.9,454.8,456.2,-0.3,-0.0658,0.46,10920.0
IXIC,19891114,456.0,454.0,456.4,453.1,455.9,-1.9,-0.4168,0.72,12377.0
IXIC,19891115,454.8,455.8,455.9,453.1,454.0,1.8,0.3965,0.62,13301.0
IXIC,19891116,456.5,455.3,456.7,454.3,455.8,-0.5,-0.1097,0.53,14664.0
IXIC,19891117,455.0,456.7,457.1,454.8,455.3,1.4,0.3075,0.51,12139.0
IXIC,19891120,457.2,455.7,457.8,454.0,456.7,-1.0,-0.219,0.83,11492.0
IXIC,19891121,455.7,454.1,456.1,453.1,455.7,-1.6,-0.3511,0.66,12423.0
IXIC,19891122,454.0,455.1,455.5,453.8,454.1,1.0,0.2202,0.37,13977.0
IXIC,19891124,456.3,456.6,456.7,455.5,455.1,1.5,0.3296,0.26,5367.0
IXIC,19891127,457.5,456.2,457.7,455.8,456.6,-0.4,-0.0876,0.42,10818.0
IXIC,19891128,456.3,456.7,457.1,456.0,456.2,0.5,0.1096,0.24,12534.0
IXIC,19891129,456.2,455.8,456.6,455.0,456.7,-0.9,-0.1971,0.35,12201.0
IXIC,19891130,455.1,456.1,456.7,454.9,455.8,0.3,0.0658,0.39,12960.0
IXIC,19891201,456.6,457.1,457.9,456.4,456.1,1.0,0.2193,0.33,13847.0
IXIC,19891204,457.5,458.3,458.3,457.0,457.1,1.2,0.2625,0.28,11378.0
IXIC,19891205,459.0,458.6,459.4,457.8,458.3,0.3,0.0655,0.35,13202.0
IXIC,19891206,458.3,456.7,458.8,456.1,458.6,-1.9,-0.4143,0.59,14395.0
IXIC,19891207,456.6,456.3,457.4,455.6,456.7,-0.4,-0.0876,0.39,14398.0
IXIC,19891208,456.7,456.2,457.0,455.9,456.3,-0.1,-0.0219,0.24,12814.0
IXIC,19891211,454.6,452.4,455.8,451.1,456.2,-3.8,-0.833,1.03,13339.0
IXIC,19891212,451.8,450.4,452.5,449.6,452.4,-2.0,-0.4421,0.64,15054.0
IXIC,19891213,450.5,451.1,451.5,450.1,450.4,0.7,0.1554,0.31,18466.0
IXIC,19891214,449.4,447.5,451.1,446.8,451.1,-3.6,-0.798,0.95,14426.0
IXIC,19891215,446.3,443.8,448.0,441.7,447.5,-3.7,-0.8268,1.41,14439.0
IXIC,19891218,443.6,436.0,443.9,434.9,443.8,-7.8,-1.7575,2.03,14670.0
IXIC,19891219,434.3,434.4,435.7,431.8,436.0,-1.6,-0.367,0.89,16363.0
IXIC,19891220,435.7,436.9,436.9,434.6,434.4,2.5,0.5755,0.53,15243.0
IXIC,19891221,438.2,441.1,441.1,437.3,436.9,4.2,0.9613,0.87,16428.0
IXIC,19891222,441.8,444.6,445.1,441.2,441.1,3.5,0.7935,0.88,11023.0
IXIC,19891226,444.9,445.3,445.6,444.4,444.6,0.7,0.1574,0.27,7449.0
IXIC,19891227,446.3,448.8,448.8,445.8,445.3,3.5,0.786,0.67,11531.0
IXIC,19891228,448.6,450.0,450.0,448.2,448.8,1.2,0.2674,0.4,12897.0
IXIC,19891229,450.9,454.8,454.8,450.1,450.0,4.8,1.0667,1.04,16411.0
IXIC,19900102,452.9,459.3,459.3,452.7,454.8,4.5,0.9894,1.45,11072.0
IXIC,19900103,461.1,460.9,461.6,460.0,459.3,1.6,0.3484,0.35,15266.0
IXIC,19900104,460.4,459.4,460.8,456.9,460.9,-1.5,-0.3255,0.85,14795.0
IXIC,19900105,457.9,458.2,459.4,457.8,459.4,-1.2,-0.2612,0.35,13723.0
IXIC,19900108,457.1,458.7,458.7,456.5,458.2,0.5,0.1091,0.48,11550.0
IXIC,19900109,459.2,456.8,459.6,456.6,458.7,-1.9,-0.4142,0.65,13113.0
IXIC,19900110,455.1,450.7,456.3,450.6,456.8,-6.1,-1.3354,1.25,14389.0
IXIC,19900111,451.7,448.9,452.5,448.8,450.7,-1.8,-0.3994,0.82,13300.0
IXIC,19900112,442.7,439.7,446.6,439.3,448.9,-9.2,-2.0495,1.63,14350.0
IXIC,19900115,438.2,436.6,439.4,436.4,439.7,-3.1,-0.705,0.68,10806.0
IXIC,19900116,432.9,440.2,440.2,432.1,436.6,3.6,0.8246,1.86,14759.0
IXIC,19900117,440.5,438.7,442.5,438.5,440.2,-1.5,-0.3408,0.91,13915.0
IXIC,19900118,436.2,437.5,437.8,435.6,438.7,-1.2,-0.2735,0.5,13633.0
IXIC,19900119,440.5,440.9,441.2,439.2,437.5,3.4,0.7771,0.46,15217.0
IXIC,19900122,439.7,431.9,440.7,431.7,440.9,-9.0,-2.0413,2.04,13049.0
IXIC,19900123,432.5,430.4,433.8,428.9,431.9,-1.5,-0.3473,1.13,14144.0
IXIC,19900124,419.9,425.7,427.2,419.8,430.4,-4.7,-1.092,1.72,16343.0
IXIC,19900125,428.3,425.2,429.0,425.1,425.7,-0.5,-0.1175,0.92,13050.0
IXIC,19900126,424.2,421.3,425.9,419.5,425.2,-3.9,-0.9172,1.51,13634.0
IXIC,19900129,422.8,418.1,422.9,416.5,421.3,-3.2,-0.7596,1.52,11859.0
IXIC,19900130,416.2,410.7,417.5,410.0,418.1,-7.4,-1.7699,1.79,16016.0
IXIC,19900131,412.2,415.8,415.9,411.3,410.7,5.1,1.2418,1.12,14800.0
IXIC,19900201,416.8,417.8,417.9,416.2,415.8,2.0,0.481,0.41,13547.0
IXIC,19900202,418.8,422.2,423.3,417.6,417.8,4.4,1.0531,1.36,13502.0
IXIC,19900205,422.9,424.7,424.8,422.4,422.2,2.5,0.5921,0.57,10835.0
IXIC,19900206,425.0,424.0,425.2,422.2,424.7,-0.7,-0.1648,0.71,11970.0
IXIC,19900207,422.0,426.8,426.9,421.8,424.0,2.8,0.6604,1.2,14930.0
IXIC,19900208,428.8,427.3,430.2,427.1,426.8,0.5,0.1172,0.73,14003.0
IXIC,19900209,428.7,428.8,429.1,427.5,427.3,1.5,0.351,0.37,12533.0
IXIC,19900212,428.8,426.4,428.8,425.8,428.8,-2.4,-0.5597,0.7,11303.0
IXIC,19900213,425.3,425.8,427.0,423.9,426.4,-0.6,-0.1407,0.73,12723.0
IXIC,19900214,426.8,426.6,427.2,425.5,425.8,0.8,0.1879,0.4,13954.0
IXIC,19900215,426.3,429.6,429.7,425.9,426.6,3.0,0.7032,0.89,15238.0
IXIC,19900216,430.0,429.0,430.9,428.9,429.6,-0.6,-0.1397,0.47,12022.0
IXIC,19900220,425.4,423.8,427.9,421.8,429.0,-5.2,-1.2121,1.42,10828.0
IXIC,19900221,418.9,421.5,421.9,418.4,423.8,-2.3,-0.5427,0.83,12010.0
IXIC,19900222,422.6,422.8,425.1,422.2,421.5,1.3,0.3084,0.69,13487.0
IXIC,19900223,421.1,419.5,421.5,418.1,422.8,-3.3,-0.7805,0.8,11722.0
IXIC,19900226,419.5,421.0,421.0,418.7,419.5,1.5,0.3576,0.55,11460.0
IXIC,19900227,422.1,422.6,423.5,421.4,421.0,1.6,0.38,0.5,13085.0
IXIC,19900228,423.3,425.8,425.8,422.6,422.6,3.2,0.7572,0.76,12940.0
IXIC,19900301,425.3,427.2,427.7,424.5,425.8,1.4,0.3288,0.75,13424.0
IXIC,19900302,428.2,431.0,431.0,427.6,427.2,3.8,0.8895,0.8,13237.0
IXIC,19900305,430.8,430.2,431.2,429.4,431.0,-0.8,-0.1856,0.42,11100.0
IXIC,19900306,429.3,432.3,432.6,428.6,430.2,2.1,0.4881,0.93,13915.0
IXIC,19900307,433.1,432.5,433.5,432.1,432.3,0.2,0.0463,0.32,16755.0
IXIC,19900308,433.6,436.5,436.6,432.6,432.5,4.0,0.9249,0.92,14573.0
IXIC,19900309,437.0,436.8,437.1,435.4,436.5,0.3,0.0687,0.39,13512.0
IXIC,19900312,435.3,436.6,436.6,435.0,436.8,-0.2,-0.0458,0.37,10384.0
IXIC,19900313,436.1,434.6,437.0,434.6,436.6,-2.0,-0.4581,0.55,12362.0
IXIC,19900314,435.7,436.2,436.4,434.5,434.6,1.6,0.3682,0.44,12218.0
IXIC,19900315,436.7,438.1,438.4,436.3,436.2,1.9,0.4356,0.48,12868.0
IXIC,19900316,440.4,442.2,443.1,439.6,438.1,4.1,0.9359,0.8,17604.0
IXIC,19900319,440.4,442.9,442.9,439.0,442.2,0.7,0.1583,0.88,12940.0
IXIC,19900320,443.2,440.1,443.3,439.7,442.9,-2.8,-0.6322,0.81,14222.0
IXIC,19900321,439.6,439.3,440.9,439.2,440.1,-0.8,-0.1818,0.39,13108.0
IXIC,19900322,439.2,434.5,439.3,433.2,439.3,-4.8,-1.0926,1.39,14622.0
IXIC,19900323,436.1,437.3,437.8,435.2,434.5,2.8,0.6444,0.6,13074.0
IXIC,19900326,438.8,438.8,440.0,438.1,437.3,1.5,0.343,0.43,9628.0
IXIC,19900327,437.7,439.5,439.7,437.0,438.8,0.7,0.1595,0.62,10691.0
IXIC,19900328,437.0,436.7,439.2,435.7,439.5,-2.8,-0.6371,0.8,13226.0
IXIC,19900329,436.2,435.4,436.7,434.6,436.7,-1.3,-0.2977,0.48,12419.0
IXIC,19900330,434.7,435.5,436.0,433.2,435.4,0.1,0.023,0.64,12663.0
IXIC,19900402,431.6,433.2,434.1,430.8,435.5,-2.3,-0.5281,0.76,11138.0
IXIC,19900403,434.7,437.7,437.7,434.0,433.2,4.5,1.0388,0.85,13475.0
IXIC,19900404,438.2,435.4,438.3,434.9,437.7,-2.3,-0.5255,0.78,13838.0
IXIC,19900405,433.42,433.42,433.42,433.42,435.4,-1.98,-0.4548,0.0,13424.0
IXIC,19900406,433.0,430.9,433.9,430.6,433.42,-2.52,-0.5814,0.76,13657.0
IXIC,19900409,430.6,430.2,431.2,429.9,430.9,-0.7,-0.1625,0.3,11237.0
IXIC,19900410,430.0,431.9,432.1,429.9,430.2,1.7,0.3952,0.51,12950.0
IXIC,19900411,432.6,433.5,433.8,432.3,431.9,1.6,0.3705,0.35,13382.0
IXIC,19900412,435.1,436.3,436.8,434.3,433.5,2.8,0.6459,0.58,14141.0
IXIC,19900416,438.4,436.7,438.5,436.2,436.3,0.4,0.0917,0.53,12465.0
IXIC,19900417,434.0,435.4,435.9,433.5,436.7,-1.3,-0.2977,0.55,13645.0
IXIC,19900418,435.5,431.5,436.1,431.3,435.4,-3.9,-0.8957,1.1,14975.0
IXIC,19900419,430.2,429.0,431.0,428.9,431.5,-2.5,-0.5794,0.49,14564.0
IXIC,19900420,429.7,425.8,429.8,424.9,429.0,-3.2,-0.7459,1.14,15032.0
IXIC,19900423,423.4,420.1,425.3,418.2,425.8,-5.7,-1.3387,1.67,12599.0
IXIC,19900424,421.7,419.2,422.3,418.7,420.1,-0.9,-0.2142,0.86,12679.0
IXIC,19900425,420.0,420.6,420.7,419.2,419.2,1.4,0.334,0.36,12171.0
IXIC,19900426,421.7,421.1,422.0,419.4,420.6,0.5,0.1189,0.62,11593.0
IXIC,19900427,420.6,418.0,421.4,417.5,421.1,-3.1,-0.7362,0.93,11601.0
IXIC,19900430,417.5,420.1,420.1,417.0,418.0,2.1,0.5024,0.74,10579.0
IXIC,19900501,422.0,421.9,422.2,420.7,420.1,1.8,0.4285,0.36,12413.0
IXIC,19900502,422.8,423.6,423.6,422.3,421.9,1.7,0.4029,0.31,14326.0
IXIC,19900503,425.0,425.4,426.6,424.4,423.6,1.8,0.4249,0.52,16085.0
IXIC,19900504,427.4,428.6,428.6,425.7,425.4,3.2,0.7522,0.68,13681.0
IXIC,19900507,429.3,431.2,431.6,429.1,428.6,2.6,0.6066,0.58,12269.0
IXIC,19900508,431.1,431.8,431.9,430.7,431.2,0.6,0.1391,0.28,13384.0
IXIC,19900509,431.4,431.3,431.9,430.5,431.8,-0.5,-0.1158,0.32,14663.0
IXIC,19900510,431.8,433.2,433.5,431.1,431.3,1.9,0.4405,0.56,14249.0
IXIC,19900511,434.5,438.1,438.2,433.8,433.2,4.9,1.1311,1.02,16756.0
IXIC,19900514,440.2,441.6,443.1,438.8,438.1,3.5,0.7989,0.98,17717.0
IXIC,19900515,441.0,442.5,442.6,440.0,441.6,0.9,0.2038,0.59,16233.0
IXIC,19900516,442.3,442.9,442.9,440.4,442.5,0.4,0.0904,0.56,15249.0
IXIC,19900517,445.0,445.7,445.7,443.4,442.9,2.8,0.6322,0.52,17141.0
IXIC,19900518,446.0,448.3,448.5,445.0,445.7,2.6,0.5834,0.79,19141.0
IXIC,19900521,448.9,452.9,452.9,448.4,448.3,4.6,1.0261,1.0,16947.0
IXIC,19900522,455.2,453.9,455.6,452.2,452.9,1.0,0.2208,0.75,19016.0
IXIC,19900523,453.8,456.9,456.9,453.2,453.9,3.0,0.6609,0.82,18874.0
IXIC,19900524,457.5,458.3,458.9,457.1,456.9,1.4,0.3064,0.39,17433.0
IXIC,19900525,454.6,453.7,456.2,453.0,458.3,-4.6,-1.0037,0.7,15219.0
IXIC,19900529,454.1,457.5,457.6,453.7,453.7,3.8,0.8376,0.86,13400.0
IXIC,19900530,459.4,458.8,459.8,457.7,457.5,1.3,0.2842,0.46,16935.0
IXIC,19900531,458.2,459.0,460.0,457.5,458.8,0.2,0.0436,0.54,15726.0
IXIC,19900601,459.5,462.1,462.5,459.5,459.0,3.1,0.6754,0.65,16806.0
IXIC,19900604,462.8,465.6,465.6,460.5,462.1,3.5,0.7574,1.1,14217.0
IXIC,19900605,467.2,464.6,467.6,464.0,465.6,-1.0,-0.2148,0.77,17346.0
IXIC,19900606,463.4,465.0,465.2,463.2,464.6,0.4,0.0861,0.43,15652.0
IXIC,19900607,465.8,464.1,466.6,462.4,465.0,-0.9,-0.1935,0.9,15104.0
IXIC,19900608,463.1,460.9,463.7,459.3,464.1,-3.2,-0.6895,0.95,13790.0
IXIC,19900611,459.4,462.8,462.8,458.5,460.9,1.9,0.4122,0.93,11222.0
IXIC,19900612,464.7,466.6,466.6,463.0,462.8,3.8,0.8211,0.78,16329.0
IXIC,19900613,467.4,468.9,469.4,467.0,466.6,2.3,0.4929,0.51,16355.0
IXIC,19900614,467.8,467.1,468.5,465.8,468.9,-1.8,-0.3839,0.58,15517.0
IXIC,19900615,466.8,467.6,468.3,466.2,467.1,0.5,0.107,0.45,16850.0
IXIC,19900618,465.7,460.8,467.0,460.5,467.6,-6.8,-1.4542,1.39,15765.0
IXIC,19900619,459.8,460.5,461.0,458.7,460.8,-0.3,-0.0651,0.5,14298.0
IXIC,19900620,462.0,460.8,462.3,459.6,460.5,0.3,0.0651,0.59,14809.0
IXIC,19900621,460.3,461.3,461.3,459.2,460.8,0.5,0.1085,0.46,14429.0
IXIC,19900622,462.7,459.3,462.9,459.3,461.3,-2.0,-0.4336,0.78,16754.0
IXIC,19900625,459.1,455.6,459.7,455.5,459.3,-3.7,-0.8056,0.91,11356.0
IXIC,19900626,457.6,455.4,458.1,455.2,455.6,-0.2,-0.0439,0.64,13162.0
IXIC,19900627,454.3,456.9,457.1,453.2,455.4,1.5,0.3294,0.86,13745.0
IXIC,19900628,458.4,460.4,460.5,457.5,456.9,3.5,0.766,0.66,14882.0
IXIC,19900629,461.1,462.3,462.5,460.7,460.4,1.9,0.4127,0.39,15881.0
IXIC,19900702,461.6,462.0,462.4,461.3,462.3,-0.3,-0.0649,0.24,11415.0
IXIC,19900703,461.2,461.8,461.8,460.8,462.0,-0.2,-0.0433,0.22,13102.0
IXIC,19900705,460.0,459.2,461.4,458.3,461.8,-2.6,-0.563,0.67,9776.0
IXIC,19900706,458.7,460.5,460.7,457.6,459.2,1.3,0.2831,0.68,10140.0
IXIC,19900709,461.3,461.7,462.2,460.6,460.5,1.2,0.2606,0.35,11850.0
IXIC,19900710,461.9,461.0,462.7,460.7,461.7,-0.7,-0.1516,0.43,14227.0
IXIC,19900711,460.5,463.9,463.9,460.3,461.0,2.9,0.6291,0.78,15903.0
IXIC,19900712,464.9,467.2,467.2,463.3,463.9,3.3,0.7114,0.84,15370.0
IXIC,19900713,467.6,468.4,470.3,467.0,467.2,1.2,0.2568,0.71,16059.0
IXIC,19900716,468.7,469.6,470.1,468.1,468.4,1.2,0.2562,0.43,13807.0
IXIC,19900717,469.5,464.5,470.0,463.9,469.6,-5.1,-1.086,1.3,16781.0
IXIC,19900718,463.2,460.8,464.2,459.8,464.5,-3.7,-0.7966,0.95,15899.0
IXIC,19900719,457.2,458.2,458.9,455.3,460.8,-2.6,-0.5642,0.78,18256.0
IXIC,19900720,459.6,455.3,459.7,455.1,458.2,-2.9,-0.6329,1.0,17458.0
IXIC,19900723,451.8,444.6,454.6,441.3,455.3,-10.7,-2.3501,2.92,16888.0
IXIC,19900724,444.5,442.6,445.8,438.2,444.6,-2.0,-0.4498,1.71,16050.0
IXIC,19900725,444.4,445.5,445.8,442.9,442.6,2.9,0.6552,0.66,14160.0
IXIC,19900726,446.0,445.4,447.0,444.4,445.5,-0.1,-0.0224,0.58,13606.0
IXIC,19900727,444.2,442.6,445.4,442.2,445.4,-2.8,-0.6286,0.72,12180.0
IXIC,19900730,439.3,439.4,441.9,436.9,442.6,-3.2,-0.723,1.13,12044.0
IXIC,19900731,439.3,438.2,440.0,436.8,439.4,-1.2,-0.2731,0.73,13515.0
IXIC,19900801,437.7,435.9,438.6,435.1,438.2,-2.3,-0.5249,0.8,12898.0
IXIC,19900802,430.2,428.9,433.4,427.4,435.9,-7.0,-1.6059,1.38,14654.0
IXIC,19900803,423.5,417.5,428.3,408.1,428.9,-11.4,-2.658,4.71,20317.0
IXIC,19900806,403.7,400.0,414.6,399.5,417.5,-17.5,-4.1916,3.62,17481.0
IXIC,19900807,401.1,402.1,406.6,401.1,400.0,2.1,0.525,1.38,16547.0
IXIC,19900808,404.1,407.7,408.0,402.9,402.1,5.6,1.3927,1.27,14485.0
IXIC,19900809,409.7,413.0,413.2,408.5,407.7,5.3,1.3,1.15,12993.0
IXIC,19900810,412.6,408.0,413.0,406.3,413.0,-5.0,-1.2107,1.62,11203.0
IXIC,19900813,404.8,408.3,408.5,404.1,408.0,0.3,0.0735,1.08,8764.0
IXIC,19900814,409.3,410.3,410.6,408.5,408.3,2.0,0.4898,0.51,10749.0
IXIC,19900815,412.8,411.5,413.3,410.9,410.3,1.2,0.2925,0.58,10524.0
IXIC,19900816,408.6,402.3,410.6,402.3,411.5,-9.2,-2.2357,2.02,11490.0
IXIC,19900817,396.4,393.5,400.5,389.7,402.3,-8.8,-2.1874,2.68,14695.0
IXIC,19900820,393.6,388.6,394.0,388.4,393.5,-4.9,-1.2452,1.42,11547.0
IXIC,19900821,380.6,379.7,386.7,375.8,388.6,-8.9,-2.2903,2.8,16649.0
IXIC,19900822,381.6,374.8,382.9,374.8,379.7,-4.9,-1.2905,2.13,14610.0
IXIC,19900823,363.8,360.2,372.4,359.7,374.8,-14.6,-3.8954,3.39,20276.0
IXIC,19900824,365.2,367.3,367.3,362.2,360.2,7.1,1.9711,1.42,16108.0
IXIC,19900827,377.5,381.3,382.2,370.0,367.3,14.0,3.8116,3.32,12940.0
IXIC,19900828,381.3,382.9,383.3,380.6,381.3,1.6,0.4196,0.71,11780.0
IXIC,19900829,381.6,381.8,383.5,380.5,382.9,-1.1,-0.2873,0.78,11807.0
IXIC,19900830,381.5,378.7,383.1,378.5,381.8,-3.1,-0.8119,1.2,10630.0
IXIC,19900831,378.3,381.2,381.3,377.3,378.7,2.5,0.6602,1.06,7985.0
IXIC,19900904,379.0,381.7,381.7,378.6,381.2,0.5,0.1312,0.81,7814.0
IXIC,19900905,383.0,382.4,383.2,381.2,381.7,0.7,0.1834,0.52,8905.0
IXIC,19900906,380.7,378.8,381.9,377.7,382.4,-3.6,-0.9414,1.1,9873.0
IXIC,19900907,376.8,380.4,380.6,376.6,378.8,1.6,0.4224,1.06,10316.0
IXIC,19900910,383.9,381.7,385.2,381.5,380.4,1.3,0.3417,0.97,9626.0
IXIC,19900911,380.6,379.5,381.7,378.1,381.7,-2.2,-0.5764,0.94,10007.0
IXIC,19900912,380.2,380.3,381.1,378.3,379.5,0.8,0.2108,0.74,9847.0
IXIC,19900913,380.3,376.2,381.6,375.8,380.3,-4.1,-1.0781,1.53,10565.0
IXIC,19900914,374.1,374.4,375.3,372.7,376.2,-1.8,-0.4785,0.69,10349.0
IXIC,19900917,373.6,374.1,374.7,372.7,374.4,-0.3,-0.0801,0.53,9402.0
IXIC,19900918,372.1,372.2,373.2,370.2,374.1,-1.9,-0.5079,0.8,11507.0
IXIC,19900919,373.2,371.7,373.8,371.6,372.2,-0.5,-0.1343,0.59,12087.0
IXIC,19900920,369.6,364.4,370.8,364.2,371.7,-7.3,-1.9639,1.78,10792.0
IXIC,19900921,362.9,362.3,364.2,360.4,364.4,-2.1,-0.5763,1.04,12424.0
IXIC,19900924,358.2,352.2,361.1,351.1,362.3,-10.1,-2.7877,2.76,11483.0
IXIC,19900925,353.3,354.8,354.8,351.6,352.2,2.6,0.7382,0.91,10993.0
IXIC,19900926,353.9,350.0,355.0,349.1,354.8,-4.8,-1.3529,1.66,11871.0
IXIC,19900927,351.3,341.2,352.5,340.3,350.0,-8.8,-2.5143,3.49,15328.0
IXIC,19900928,334.6,344.5,344.5,334.6,341.2,3.3,0.9672,2.9,15751.0
IXIC,19901001,349.0,354.7,354.7,346.3,344.5,10.2,2.9608,2.44,12438.0
IXIC,19901002,360.2,356.4,360.9,356.3,354.7,1.7,0.4793,1.3,13581.0
IXIC,19901003,355.1,351.5,356.2,351.2,356.4,-4.9,-1.3749,1.4,10603.0
IXIC,19901004,350.1,349.9,350.7,348.0,351.5,-1.6,-0.4552,0.77,10499.0
IXIC,19901005,344.4,347.4,349.8,343.2,349.9,-2.5,-0.7145,1.89,10964.0
IXIC,19901008,349.8,348.1,350.3,347.4,347.4,0.7,0.2015,0.83,7491.0
IXIC,19901009,344.9,339.1,346.6,338.6,348.1,-9.0,-2.5855,2.3,10958.0
IXIC,19901010,336.0,333.3,337.9,333.0,339.1,-5.8,-1.7104,1.45,12104.0
IXIC,19901011,331.5,325.6,334.0,324.3,333.3,-7.7,-2.3102,2.91,14085.0
IXIC,19901012,326.5,327.6,327.9,323.0,325.6,2.0,0.6143,1.5,13233.0
IXIC,19901015,329.5,329.5,330.1,325.9,327.6,1.9,0.58,1.28,10422.0
IXIC,19901016,328.5,325.4,329.7,325.0,329.5,-4.1,-1.2443,1.43,11713.0
IXIC,19901017,325.1,326.8,328.0,324.1,325.4,1.4,0.4302,1.2,12178.0
IXIC,19901018,328.8,334.0,334.0,327.4,326.8,7.2,2.2032,2.02,13929.0
IXIC,19901019,338.4,337.4,338.8,335.8,334.0,3.4,1.018,0.9,15911.0
IXIC,19901022,338.0,341.1,342.1,336.7,337.4,3.7,1.0966,1.6,11467.0
IXIC,19901023,340.4,341.1,342.6,340.0,341.1,0.0,0.0,0.76,12008.0
IXIC,19901024,339.6,341.0,341.1,338.9,341.1,-0.1,-0.0293,0.64,12673.0
IXIC,19901025,341.7,339.7,342.2,338.4,341.0,-1.3,-0.3812,1.11,10439.0
IXIC,19901026,337.7,334.4,338.7,334.2,339.7,-5.3,-1.5602,1.32,10150.0
IXIC,19901029,334.5,330.8,335.4,330.4,334.4,-3.6,-1.0766,1.5,9223.0
IXIC,19901030,330.0,329.8,330.3,327.0,330.8,-1.0,-0.3023,1.0,10901.0
IXIC,19901031,330.4,329.8,331.5,328.9,329.8,0.0,0.0,0.79,11878.0
IXIC,19901101,328.6,330.6,330.6,327.8,329.8,0.8,0.2426,0.85,10795.0
IXIC,19901102,331.6,336.5,336.6,331.0,330.6,5.9,1.7846,1.69,11265.0
IXIC,19901105,339.0,340.8,340.8,337.1,336.5,4.3,1.2779,1.1,9900.0
IXIC,19901106,341.7,340.5,342.7,340.2,340.8,-0.3,-0.088,0.73,11073.0
IXIC,19901107,339.3,336.8,340.2,336.2,340.5,-3.7,-1.0866,1.17,10980.0
IXIC,19901108,335.9,336.4,338.3,335.5,336.8,-0.4,-0.1188,0.83,10691.0
IXIC,19901109,338.7,342.0,342.0,337.4,336.4,5.6,1.6647,1.37,11335.0
IXIC,19901112,344.8,351.5,351.5,343.3,342.0,9.5,2.7778,2.4,11930.0
IXIC,19901113,351.9,352.9,353.5,350.6,351.5,1.4,0.3983,0.83,12337.0
IXIC,19901114,353.1,356.9,356.9,352.1,352.9,4.0,1.1335,1.36,13081.0
IXIC,19901115,355.5,354.5,356.3,353.6,356.9,-2.4,-0.6725,0.76,11797.0
IXIC,19901116,351.9,350.9,354.0,349.1,354.5,-3.6,-1.0155,1.38,13197.0
IXIC,19901119,352.6,352.7,353.3,351.1,350.9,1.8,0.513,0.63,10826.0
IXIC,19901120,352.1,348.3,353.4,348.0,352.7,-4.4,-1.2475,1.53,12668.0
IXIC,19901121,348.3,348.8,348.8,346.5,348.3,0.5,0.1436,0.66,11667.0
IXIC,19901123,348.8,349.0,349.7,348.5,348.8,0.2,0.0573,0.34,6942.0
IXIC,19901126,346.2,348.9,348.9,345.5,349.0,-0.1,-0.0287,0.97,8473.0
IXIC,19901127,350.0,354.1,354.1,349.6,348.9,5.2,1.4904,1.29,11460.0
IXIC,19901128,354.8,355.1,356.9,354.3,354.1,1.0,0.2824,0.73,12859.0
IXIC,19901129,353.9,355.8,355.8,353.2,355.1,0.7,0.1971,0.73,11419.0
IXIC,19901130,354.1,359.1,359.1,353.9,355.8,3.3,0.9275,1.46,13128.0
IXIC,19901203,361.1,361.3,362.2,359.8,359.1,2.2,0.6126,0.67,12381.0
IXIC,19901204,360.6,364.1,364.2,360.5,361.3,2.8,0.775,1.02,12485.0
IXIC,19901205,364.9,370.9,371.0,364.0,364.1,6.8,1.8676,1.92,14808.0
IXIC,19901206,377.4,372.3,378.0,371.2,370.9,1.4,0.3775,1.83,18944.0
IXIC,19901207,371.7,371.5,372.0,369.1,372.3,-0.8,-0.2149,0.78,12458.0
IXIC,19901210,370.4,371.5,371.6,369.8,371.5,0.0,0.0,0.48,11125.0
IXIC,19901211,369.8,368.0,370.9,367.8,371.5,-3.5,-0.9421,0.83,12870.0
IXIC,19901212,368.3,370.4,370.4,367.0,368.0,2.4,0.6522,0.92,12230.0
IXIC,19901213,370.8,371.5,371.7,370.1,370.4,1.1,0.297,0.43,12202.0
IXIC,19901214,369.7,368.8,370.7,367.0,371.5,-2.7,-0.7268,1.0,11950.0
IXIC,19901217,364.7,365.7,367.4,364.6,368.8,-3.1,-0.8406,0.76,11187.0
IXIC,19901218,366.7,370.2,370.2,366.1,365.7,4.5,1.2305,1.12,13198.0
IXIC,19901219,370.7,371.2,371.6,370.2,370.2,1.0,0.2701,0.38,14621.0
IXIC,19901220,369.0,372.3,372.6,368.0,371.2,1.1,0.2963,1.24,16740.0
IXIC,19901221,372.2,373.6,373.8,371.6,372.3,1.3,0.3492,0.59,14761.0
IXIC,19901224,371.9,372.4,373.2,371.7,373.6,-1.2,-0.3212,0.4,4421.0
IXIC,19901226,372.7,372.4,373.3,371.7,372.4,0.0,0.0,0.43,7237.0
IXIC,19901227,372.2,371.1,372.9,370.3,372.4,-1.3,-0.3491,0.7,10272.0
IXIC,19901228,369.6,371.2,371.3,369.4,371.1,0.1,0.0269,0.51,13233.0
IXIC,19901231,370.3,373.8,373.8,369.8,371.2,2.6,0.7004,1.08,12887.0
IXIC,19910102,373.0,372.2,373.5,371.8,373.8,-1.6,-0.428,0.45,9202.0
IXIC,19910103,371.2,367.5,371.8,367.4,372.2,-4.7,-1.2628,1.18,10839.0
IXIC,19910104,366.5,367.2,367.9,365.9,367.5,-0.3,-0.0816,0.54,10383.0
IXIC,19910107,363.5,360.2,365.8,360.1,367.2,-7.0,-1.9063,1.55,10946.0
IXIC,19910108,359.1,359.0,360.5,358.2,360.2,-1.2,-0.3331,0.64,11173.0
IXIC,19910109,362.4,357.5,365.0,357.1,359.0,-1.5,-0.4178,2.2,14578.0
IXIC,19910110,358.9,361.9,361.9,358.3,357.5,4.4,1.2308,1.01,11014.0
IXIC,19910111,362.1,361.8,362.2,360.5,361.9,-0.1,-0.0276,0.47,10765.0
IXIC,19910114,355.2,355.8,358.7,353.0,361.8,-6.0,-1.6584,1.58,10181.0
IXIC,19910115,354.9,357.3,357.4,354.5,355.8,1.5,0.4216,0.82,10257.0
IXIC,19910116,358.6,365.2,365.2,357.6,357.3,7.9,2.211,2.13,12216.0
IXIC,19910117,379.1,375.8,380.2,371.6,365.2,10.6,2.9025,2.35,21235.0
IXIC,19910118,373.1,377.0,377.1,371.8,375.8,1.2,0.3193,1.41,13866.0
IXIC,19910121,374.5,379.7,379.8,374.4,377.0,2.7,0.7162,1.43,9696.0
IXIC,19910122,380.1,379.0,381.6,378.3,379.7,-0.7,-0.1844,0.87,13118.0
IXIC,19910123,379.0,383.9,384.1,378.2,379.0,4.9,1.2929,1.56,13384.0
IXIC,19910124,386.7,391.3,391.8,384.9,383.9,7.4,1.9276,1.8,17656.0
IXIC,19910125,391.8,394.3,395.1,391.1,391.3,3.0,0.7667,1.02,15879.0
IXIC,19910128,394.5,396.8,397.6,393.6,394.3,2.5,0.634,1.01,12850.0
IXIC,19910129,396.0,400.6,400.7,395.7,396.8,3.8,0.9577,1.26,15206.0
IXIC,19910130,401.9,408.5,408.5,400.4,400.6,7.9,1.972,2.02,20266.0
IXIC,19910131,409.8,414.2,414.2,408.6,408.5,5.7,1.3953,1.37,17726.0
IXIC,19910201,415.1,417.7,418.9,413.5,414.2,3.5,0.845,1.3,16822.0
IXIC,19910204,418.8,424.8,424.9,417.5,417.7,7.1,1.6998,1.77,18594.0
IXIC,19910205,427.2,432.2,432.2,425.4,424.8,7.4,1.742,1.6,20851.0
IXIC,19910206,432.3,439.2,439.3,430.4,432.2,7.0,1.6196,2.06,21959.0
IXIC,19910207,439.1,435.0,442.5,433.3,439.2,-4.2,-0.9563,2.09,24560.0
IXIC,19910208,434.1,436.8,437.0,433.1,435.0,1.8,0.4138,0.9,16819.0
IXIC,19910211,444.1,444.1,444.2,444.1,436.8,7.3,1.6712,0.02,18484.0
IXIC,19910212,443.6,444.0,445.4,442.5,444.1,-0.1,-0.0225,0.65,20074.0
IXIC,19910213,443.8,448.0,448.0,442.8,444.0,4.0,0.9009,1.17,17658.0
IXIC,19910214,449.4,444.3,450.3,443.1,448.0,-3.7,-0.8259,1.61,19167.0
IXIC,19910215,447.9,448.7,449.1,445.4,444.3,4.4,0.9903,0.83,15503.0
IXIC,19910219,448.2,450.3,450.3,447.5,448.7,1.6,0.3566,0.62,13289.0
IXIC,19910220,447.3,446.0,449.5,445.8,450.3,-4.3,-0.9549,0.82,14224.0
IXIC,19910221,447.2,446.4,447.7,446.2,446.0,0.4,0.0897,0.34,14281.0
IXIC,19910222,447.8,449.0,453.0,446.4,446.4,2.6,0.5824,1.48,17701.0
IXIC,19910225,453.6,451.1,454.2,451.1,449.0,2.1,0.4677,0.69,14926.0
IXIC,19910226,448.4,447.7,449.7,446.4,451.1,-3.4,-0.7537,0.73,13046.0
IXIC,19910227,447.0,450.8,451.0,446.8,447.7,3.1,0.6924,0.94,16192.0
IXIC,19910228,452.8,453.1,453.5,450.3,450.8,2.3,0.5102,0.71,17146.0
IXIC,19910301,450.6,456.7,456.7,450.3,453.1,3.6,0.7945,1.41,16053.0
IXIC,19910304,458.1,461.1,461.4,457.2,456.7,4.4,0.9634,0.92,14979.0
IXIC,19910305,463.6,473.1,473.5,461.9,461.1,12.0,2.6025,2.52,22488.0
IXIC,19910306,478.0,473.8,478.5,473.7,473.1,0.7,0.148,1.01,28308.0
IXIC,19910307,474.7,475.74,476.2,472.4,473.8,1.94,0.4095,0.8,19189.0
IXIC,19910308,478.2,475.11,478.8,475.1,475.74,-0.63,-0.1324,0.78,18791.0
IXIC,19910311,473.0,467.15,474.0,466.6,475.11,-7.96,-1.6754,1.56,16125.0
IXIC,19910312,465.6,461.4,467.16,461.17,467.15,-5.75,-1.2309,1.28,16251.0
IXIC,19910313,461.33,468.18,468.32,461.12,461.4,6.78,1.4694,1.56,16295.0
IXIC,19910314,471.01,467.79,472.53,466.74,468.18,-0.39,-0.0833,1.24,19941.0
IXIC,19910315,466.98,466.29,468.55,464.28,467.79,-1.5,-0.3207,0.91,15772.0
IXIC,19910318,465.75,466.27,468.03,463.54,466.29,-0.02,-0.0043,0.96,13829.0
IXIC,19910319,460.17,462.81,464.36,459.04,466.27,-3.46,-0.7421,1.14,14934.0
IXIC,19910320,462.21,466.09,466.12,461.88,462.81,3.28,0.7087,0.92,16144.0
IXIC,19910321,468.31,464.6,469.41,464.25,466.09,-1.49,-0.3197,1.11,20692.0
IXIC,19910322,464.31,464.15,464.78,463.04,464.6,-0.45,-0.0969,0.37,16808.0
IXIC,19910325,465.3,468.49,469.1,464.76,464.15,4.34,0.935,0.94,14857.0
IXIC,19910326,470.28,478.57,478.64,469.1,468.49,10.08,2.1516,2.04,19197.0
IXIC,19910327,481.38,482.37,482.95,479.36,478.57,3.8,0.794,0.75,19438.0
IXIC,19910328,482.34,482.3,483.32,481.77,482.37,-0.07,-0.0145,0.32,18430.0
IXIC,19910401,480.18,480.86,481.63,479.12,482.3,-1.44,-0.2986,0.52,12619.0
IXIC,19910402,483.65,491.2,491.22,481.85,480.86,10.34,2.1503,1.95,19963.0
IXIC,19910403,493.33,495.05,496.37,492.29,491.2,3.85,0.7838,0.83,22981.0
IXIC,19910404,494.64,497.57,499.5,494.34,495.05,2.52,0.509,1.04,21611.0
IXIC,19910405,498.58,495.79,499.24,494.01,497.57,-1.78,-0.3577,1.05,20026.0
IXIC,19910408,494.47,495.65,495.77,493.89,495.79,-0.14,-0.0282,0.38,14893.0
IXIC,19910409,497.44,492.46,497.44,491.97,495.65,-3.19,-0.6436,1.1,17047.0
IXIC,19910410,492.73,490.76,493.81,488.79,492.46,-1.7,-0.3452,1.02,17270.0
IXIC,19910411,494.91,499.31,499.49,492.44,490.76,8.55,1.7422,1.44,19791.0
IXIC,19910412,501.4,501.62,502.29,498.51,499.31,2.31,0.4626,0.76,18585.0
IXIC,19910415,500.02,500.84,501.28,497.78,501.62,-0.78,-0.1555,0.7,16780.0
IXIC,19910416,501.18,506.75,506.81,500.36,500.84,5.91,1.18,1.29,22345.0
IXIC,19910417,509.62,511.31,512.68,508.04,506.75,4.56,0.8999,0.92,26756.0
IXIC,19910418,509.36,506.62,510.6,506.46,511.31,-4.69,-0.9173,0.81,25553.0
IXIC,19910419,503.28,501.19,505.45,500.51,506.62,-5.43,-1.0718,0.98,21801.0
IXIC,19910422,497.71,494.38,500.12,493.07,501.19,-6.81,-1.3588,1.41,15344.0
IXIC,19910423,497.73,496.08,498.36,494.38,494.38,1.7,0.3439,0.81,16155.0
IXIC,19910424,496.42,498.45,498.64,496.11,496.08,2.37,0.4777,0.51,15823.0
IXIC,19910425,497.7,496.03,498.79,495.86,498.45,-2.42,-0.4855,0.59,16958.0
IXIC,19910426,493.14,494.64,495.28,492.3,496.03,-1.39,-0.2802,0.6,14920.0
IXIC,19910429,495.28,487.74,496.05,487.7,494.64,-6.9,-1.395,1.69,14030.0
IXIC,19910430,487.38,484.72,487.49,479.63,487.74,-3.02,-0.6192,1.61,20147.0
IXIC,19910501,481.94,487.85,487.86,481.46,484.72,3.13,0.6457,1.32,18519.0
IXIC,19910502,490.64,491.13,492.33,488.93,487.85,3.28,0.6723,0.7,17479.0
IXIC,19910503,490.57,492.1,492.13,489.77,491.13,0.97,0.1975,0.48,14211.0
IXIC,19910506,490.78,491.48,491.63,489.29,492.1,-0.62,-0.126,0.48,11958.0
IXIC,19910507,493.69,491.51,494.05,491.37,491.48,0.03,0.0061,0.55,15693.0
IXIC,19910508,490.28,492.51,493.17,489.92,491.51,1.0,0.2035,0.66,15851.0
IXIC,19910509,494.98,497.81,497.94,493.52,492.51,5.3,1.0761,0.9,17962.0
IXIC,19910510,498.97,493.42,500.02,493.17,497.81,-4.39,-0.8819,1.38,15835.0
IXIC,19910513,494.29,493.93,495.4,491.6,493.42,0.51,0.1034,0.77,12600.0
IXIC,19910514,491.85,488.79,492.78,488.09,493.93,-5.14,-1.0406,0.95,15503.0
IXIC,19910515,486.12,478.08,487.54,476.58,488.79,-10.71,-2.1911,2.24,18674.0
IXIC,19910516,481.36,481.77,482.73,479.15,478.08,3.69,0.7718,0.75,15427.0
IXIC,19910517,480.18,481.38,481.51,478.44,481.77,-0.39,-0.081,0.64,14620.0
IXIC,19910520,480.52,480.1,481.87,479.32,481.38,-1.28,-0.2659,0.53,12539.0
IXIC,19910521,481.96,483.6,484.65,480.72,480.1,3.5,0.729,0.82,16646.0
IXIC,19910522,485.92,487.29,487.94,484.54,483.6,3.69,0.763,0.7,16175.0
IXIC,19910523,489.13,489.6,489.96,488.03,487.29,2.31,0.4741,0.4,17085.0
IXIC,19910524,490.93,492.67,492.78,490.0,489.6,3.07,0.627,0.57,12800.0
IXIC,19910528,494.51,497.17,497.17,493.38,492.67,4.5,0.9134,0.77,12633.0
IXIC,19910529,497.76,499.05,500.24,497.16,497.17,1.88,0.3781,0.62,14763.0
IXIC,19910530,499.3,503.19,503.72,498.93,499.05,4.14,0.8296,0.96,15061.0
IXIC,19910531,504.23,506.11,506.12,501.98,503.19,2.92,0.5803,0.82,15738.0
IXIC,19910603,505.84,507.1,507.46,504.38,506.11,0.99,0.1956,0.61,14216.0
IXIC,19910604,505.53,507.25,507.25,504.32,507.1,0.15,0.0296,0.58,15715.0
IXIC,19910605,506.82,505.2,508.04,504.76,507.25,-2.05,-0.4041,0.65,15831.0
IXIC,19910606,505.53,502.94,505.92,502.63,505.2,-2.26,-0.4473,0.65,16153.0
IXIC,19910607,500.58,498.54,501.79,496.91,502.94,-4.4,-0.8749,0.97,14582.0
IXIC,19910610,498.4,495.85,498.88,495.47,498.54,-2.69,-0.5396,0.68,11381.0
IXIC,19910611,497.16,496.62,498.73,495.88,495.85,0.77,0.1553,0.57,14032.0
IXIC,19910612,493.63,491.05,495.62,489.05,496.62,-5.57,-1.1216,1.32,15691.0
IXIC,19910613,490.27,491.14,491.7,489.91,491.05,0.09,0.0183,0.36,12770.0
IXIC,19910614,493.95,495.07,495.21,491.98,491.14,3.93,0.8002,0.66,13500.0
IXIC,19910617,494.76,494.32,495.99,494.18,495.07,-0.75,-0.1515,0.37,11660.0
IXIC,19910618,494.2,491.59,494.68,490.83,494.32,-2.73,-0.5523,0.78,14542.0
IXIC,19910619,487.57,485.36,490.33,484.32,491.59,-6.23,-1.2673,1.22,15083.0
IXIC,19910620,483.78,485.88,486.3,482.66,485.36,0.52,0.1071,0.75,14392.0
IXIC,19910621,487.37,485.82,487.67,485.31,485.88,-0.06,-0.0123,0.49,15113.0
IXIC,19910624,482.79,475.23,484.71,475.14,485.82,-10.59,-2.1798,1.97,12412.0
IXIC,19910625,477.19,473.3,478.12,472.98,475.23,-1.93,-0.4061,1.08,12903.0
IXIC,19910626,472.4,473.08,473.79,470.92,473.3,-0.22,-0.0465,0.61,13648.0
IXIC,19910627,474.42,476.24,476.28,473.79,473.08,3.16,0.668,0.53,13891.0
IXIC,19910628,475.75,475.92,476.43,470.97,476.24,-0.32,-0.0672,1.15,16033.0
IXIC,19910701,478.06,481.31,481.56,476.97,475.92,5.39,1.1325,0.96,12193.0
IXIC,19910702,480.78,478.78,480.92,478.62,481.31,-2.53,-0.5256,0.48,13654.0
IXIC,19910703,475.15,474.32,477.03,473.18,478.78,-4.46,-0.9315,0.8,12502.0
IXIC,19910705,474.17,474.05,475.08,473.21,474.32,-0.27,-0.0569,0.39,5626.0
IXIC,19910708,471.83,479.51,479.52,471.24,474.05,5.46,1.1518,1.75,12179.0
IXIC,19910709,481.59,483.64,485.11,480.87,479.51,4.13,0.8613,0.88,15148.0
IXIC,19910710,484.4,487.17,489.29,484.4,483.64,3.53,0.7299,1.01,17161.0
IXIC,19910711,486.75,488.37,488.5,486.21,487.17,1.2,0.2463,0.47,14003.0
IXIC,19910712,490.12,492.71,492.71,488.13,488.37,4.34,0.8887,0.94,15547.0
IXIC,19910715,493.64,496.19,496.33,493.08,492.71,3.48,0.7063,0.66,13795.0
IXIC,19910716,496.7,493.6,497.39,493.6,496.19,-2.59,-0.522,0.76,15695.0
IXIC,19910717,492.95,493.42,493.56,491.31,493.6,-0.18,-0.0365,0.46,16094.0
IXIC,19910718,494.16,496.8,496.95,493.86,493.42,3.38,0.685,0.63,17173.0
IXIC,19910719,497.63,497.55,498.67,496.32,496.8,0.75,0.151,0.47,17700.0
IXIC,19910722,497.44,494.99,497.56,494.41,497.55,-2.56,-0.5145,0.63,12791.0
IXIC,19910723,494.44,489.65,495.98,489.65,494.99,-5.34,-1.0788,1.28,14470.0
IXIC,19910724,487.9,487.42,490.25,487.42,489.65,-2.23,-0.4554,0.58,14725.0
IXIC,19910725,487.9,490.28,490.51,487.58,487.42,2.86,0.5868,0.6,13474.0
IXIC,19910726,490.62,492.69,492.97,490.48,490.28,2.41,0.4916,0.51,12456.0
IXIC,19910729,492.35,493.35,493.51,490.98,492.69,0.66,0.134,0.51,12167.0
IXIC,19910730,495.06,498.27,498.27,494.22,493.35,4.92,0.9973,0.82,15226.0
IXIC,19910731,499.62,502.04,502.13,498.34,498.27,3.77,0.7566,0.76,16032.0
IXIC,19910801,502.27,504.15,504.3,501.73,502.04,2.11,0.4203,0.51,16010.0
IXIC,19910802,506.52,505.67,507.25,504.33,504.15,1.52,0.3015,0.58,14849.0
IXIC,19910805,504.29,502.61,505.01,502.5,505.67,-3.06,-0.6051,0.5,11709.0
IXIC,19910806,502.66,505.2,505.39,501.49,502.61,2.59,0.5153,0.78,14972.0
IXIC,19910807,506.78,507.46,507.65,505.6,505.2,2.26,0.4473,0.41,17727.0
IXIC,19910808,508.45,509.39,510.24,507.88,507.46,1.93,0.3803,0.47,16159.0
IXIC,19910809,509.15,508.31,509.9,507.59,509.39,-1.08,-0.212,0.45,14078.0
IXIC,19910812,507.64,510.0,510.23,507.23,508.31,1.69,0.3325,0.59,11407.0
IXIC,19910813,511.52,514.4,515.19,510.91,510.0,4.4,0.8627,0.84,16682.0
IXIC,19910814,516.23,517.68,517.93,515.3,514.4,3.28,0.6376,0.51,10873.0
IXIC,19910815,517.77,515.67,518.4,515.32,517.68,-2.01,-0.3883,0.59,15948.0
IXIC,19910816,514.73,512.47,515.81,510.89,515.67,-3.2,-0.6206,0.95,13510.0
IXIC,19910819,489.36,497.64,504.97,487.08,512.47,-14.83,-2.8938,3.49,16159.0
IXIC,19910820,502.28,502.05,504.0,499.1,497.64,4.41,0.8862,0.98,14543.0
IXIC,19910821,510.67,517.97,517.97,505.51,502.05,15.92,3.171,2.48,19275.0
IXIC,19910822,517.85,518.3,519.14,516.34,517.97,0.33,0.0637,0.54,15746.0
IXIC,19910823,519.21,521.06,521.4,516.26,518.3,2.76,0.5325,0.99,17212.0
IXIC,19910826,520.43,521.38,521.47,519.34,521.06,0.32,0.0614,0.41,11228.0
IXIC,19910827,522.2,521.75,522.22,519.29,521.38,0.37,0.071,0.56,13967.0
IXIC,19910828,522.45,526.29,526.29,521.89,521.75,4.54,0.8701,0.84,16566.0
IXIC,19910829,527.03,526.39,527.71,525.34,526.29,0.1,0.019,0.45,15880.0
IXIC,19910830,525.64,525.68,526.5,523.63,526.39,-0.71,-0.1349,0.55,12940.0
IXIC,19910903,526.3,520.91,526.53,520.87,525.68,-4.77,-0.9074,1.08,13433.0
IXIC,19910904,520.7,517.92,521.6,517.3,520.91,-2.99,-0.574,0.83,15407.0
IXIC,19910905,517.87,516.93,518.76,516.41,517.92,-0.99,-0.1911,0.45,16742.0
IXIC,19910906,516.86,516.94,518.29,516.44,516.93,0.01,0.0019,0.36,14933.0
IXIC,19910909,516.48,518.07,518.07,516.34,516.94,1.13,0.2186,0.33,10585.0
IXIC,19910910,516.45,511.28,518.25,511.05,518.07,-6.79,-1.3106,1.39,14678.0
IXIC,19910911,511.9,514.76,514.8,511.35,511.28,3.48,0.6806,0.67,15180.0
IXIC,19910912,518.36,521.13,521.13,516.76,514.76,6.37,1.2375,0.85,17280.0
IXIC,19910913,520.29,516.71,521.57,516.15,521.13,-4.42,-0.8482,1.04,16663.0
IXIC,19910916,516.31,515.68,516.99,514.11,516.71,-1.03,-0.1993,0.56,13757.0
IXIC,19910917,516.08,515.17,516.17,513.89,515.68,-0.51,-0.0989,0.44,16696.0
IXIC,19910918,514.23,518.55,518.72,513.82,515.17,3.38,0.6561,0.95,13325.0
IXIC,19910919,519.74,522.67,523.47,519.17,518.55,4.12,0.7945,0.83,20395.0
IXIC,19910920,525.07,527.19,528.17,523.98,522.67,4.52,0.8648,0.8,22651.0
IXIC,19910923,526.26,524.69,526.46,524.12,527.19,-2.5,-0.4742,0.44,15886.0
IXIC,19910924,525.5,526.47,526.54,523.06,524.69,1.78,0.3392,0.66,17975.0
IXIC,19910925,526.5,527.82,528.42,526.01,526.47,1.35,0.2564,0.46,17812.0
IXIC,19910926,525.23,526.94,528.29,524.98,527.82,-0.88,-0.1667,0.63,17234.0
IXIC,19910927,529.14,524.48,529.21,523.96,526.94,-2.46,-0.4668,1.0,16830.0
IXIC,19910930,524.62,526.88,526.88,522.38,524.48,2.4,0.4576,0.86,14103.0
IXIC,19911001,527.14,528.51,528.85,525.88,526.88,1.63,0.3094,0.56,16268.0
IXIC,19911002,528.46,526.33,529.21,526.14,528.51,-2.18,-0.4125,0.58,17961.0
IXIC,19911003,524.53,520.51,525.75,519.81,526.33,-5.82,-1.1058,1.13,17937.0
IXIC,19911004,520.34,520.4,522.65,519.92,520.51,-0.11,-0.0211,0.52,15123.0
IXIC,19911007,517.94,516.2,519.63,515.94,520.4,-4.2,-0.8071,0.71,13385.0
IXIC,19911008,515.73,517.25,517.25,514.81,516.2,1.05,0.2034,0.47,15896.0
IXIC,19911009,516.43,513.81,517.23,513.8,517.25,-3.44,-0.6651,0.66,16540.0
IXIC,19911010,514.48,515.94,516.41,513.21,513.81,2.13,0.4146,0.62,16680.0
IXIC,19911011,517.97,519.05,519.16,517.16,515.94,3.11,0.6028,0.39,14501.0
IXIC,19911014,521.02,525.66,525.66,519.79,519.05,6.61,1.2735,1.13,11708.0
IXIC,19911015,526.76,534.11,534.11,526.64,525.66,8.45,1.6075,1.42,17793.0
IXIC,19911016,535.22,540.94,540.94,525.66,534.11,6.83,1.2788,2.86,22333.0
IXIC,19911017,538.16,536.27,539.88,535.31,540.94,-4.67,-0.8633,0.84,22684.0
IXIC,19911018,537.28,538.9,539.15,536.92,536.27,2.63,0.4904,0.42,21213.0
IXIC,19911021,538.31,536.96,538.95,535.78,538.9,-1.94,-0.36,0.59,15814.0
IXIC,19911022,539.36,537.14,539.49,536.87,536.96,0.18,0.0335,0.49,18013.0
IXIC,19911023,537.89,535.17,538.42,534.14,537.14,-1.97,-0.3668,0.8,19976.0
IXIC,19911024,533.96,528.75,535.43,527.63,535.17,-6.42,-1.1996,1.46,19936.0
IXIC,19911025,526.81,525.13,528.4,524.93,528.75,-3.62,-0.6846,0.66,17395.0
IXIC,19911028,526.57,529.41,529.41,526.57,525.13,4.28,0.815,0.54,14591.0
IXIC,19911029,531.1,534.51,534.53,529.87,529.41,5.1,0.9633,0.88,18235.0
IXIC,19911030,537.55,541.32,541.35,535.61,534.51,6.81,1.2741,1.07,20259.0
IXIC,19911031,541.79,542.98,543.01,540.96,541.32,1.66,0.3067,0.38,22852.0
IXIC,19911101,542.17,540.93,543.61,539.89,542.98,-2.05,-0.3775,0.69,20542.0
IXIC,19911104,539.07,537.5,540.74,536.65,540.93,-3.43,-0.6341,0.76,15480.0
IXIC,19911105,537.83,538.82,540.37,537.25,537.5,1.32,0.2456,0.58,17698.0
IXIC,19911106,539.27,539.48,540.7,537.81,538.82,0.66,0.1225,0.54,19118.0
IXIC,19911107,540.18,545.28,545.49,540.07,539.48,5.8,1.0751,1.0,21608.0
IXIC,19911108,549.04,548.08,549.26,546.38,545.28,2.8,0.5135,0.53,21143.0
IXIC,19911111,549.17,550.71,551.16,548.62,548.08,2.63,0.4799,0.46,15363.0
IXIC,19911112,553.44,555.68,555.99,551.91,550.71,4.97,0.9025,0.74,21462.0
IXIC,19911113,551.83,556.17,556.22,550.95,555.68,0.49,0.0882,0.95,20849.0
IXIC,19911114,557.71,554.84,558.16,553.0,556.17,-1.33,-0.2391,0.93,22053.0
IXIC,19911115,551.63,531.29,554.52,531.22,554.84,-23.55,-4.2445,4.2,25548.0
IXIC,19911118,529.94,534.73,535.08,525.56,531.29,3.44,0.6475,1.79,22715.0
IXIC,19911119,529.36,523.47,533.41,516.39,534.73,-11.26,-2.1057,3.18,21963.0
IXIC,19911120,526.83,526.12,527.92,524.2,523.47,2.65,0.5062,0.71,17291.0
IXIC,19911121,526.97,530.33,530.46,526.16,526.12,4.21,0.8002,0.82,18891.0
IXIC,19911122,530.25,526.46,530.89,524.07,530.33,-3.87,-0.7297,1.29,16708.0
IXIC,19911125,523.92,522.88,526.58,522.88,526.46,-3.58,-0.68,0.7,14232.0
IXIC,19911126,523.25,522.23,525.19,517.98,522.88,-0.65,-0.1243,1.38,17279.0
IXIC,19911127,522.1,522.78,522.81,521.35,522.23,0.55,0.1053,0.28,13441.0
IXIC,19911129,522.0,523.9,524.26,521.71,522.78,1.12,0.2142,0.49,6631.0
IXIC,19911202,519.48,530.91,530.91,518.63,523.9,7.01,1.338,2.34,14591.0
IXIC,19911203,531.45,533.34,533.6,530.94,530.91,2.43,0.4577,0.5,16638.0
IXIC,19911204,533.75,535.28,536.08,533.2,533.34,1.94,0.3637,0.54,16729.0
IXIC,19911205,535.68,534.03,536.7,533.21,535.28,-1.25,-0.2335,0.65,17063.0
IXIC,19911206,532.48,536.3,537.53,531.63,534.03,2.27,0.4251,1.1,17183.0
IXIC,19911209,537.28,535.35,538.81,534.9,536.3,-0.95,-0.1771,0.73,15539.0
IXIC,19911210,534.96,534.23,535.93,531.78,535.35,-1.12,-0.2092,0.78,15762.0
IXIC,19911211,534.95,531.64,536.72,529.22,534.23,-2.59,-0.4848,1.4,17444.0
IXIC,19911212,533.35,536.02,536.08,532.39,531.64,4.38,0.8239,0.69,16807.0
IXIC,19911213,539.01,540.9,541.06,536.9,536.02,4.88,0.9104,0.78,17870.0
IXIC,19911216,541.13,543.73,543.92,540.45,540.9,2.83,0.5232,0.64,14840.0
IXIC,19911217,543.03,539.7,544.04,539.59,543.73,-4.03,-0.7412,0.82,19112.0
IXIC,19911218,538.05,539.84,540.21,537.25,539.7,0.14,0.0259,0.55,17678.0
IXIC,19911219,536.06,534.53,538.16,533.7,539.84,-5.31,-0.9836,0.83,17458.0
IXIC,19911220,538.26,535.76,539.84,535.68,534.53,1.23,0.2301,0.78,18926.0
IXIC,19911223,535.88,543.9,543.94,535.36,535.76,8.14,1.5193,1.6,18432.0
IXIC,19911224,545.42,549.56,550.9,544.22,543.9,5.66,1.0406,1.23,13345.0
IXIC,19911226,551.43,559.3,559.69,549.83,549.56,9.74,1.7723,1.79,13328.0
IXIC,19911227,562.05,565.71,566.54,560.14,559.3,6.41,1.1461,1.14,16337.0
IXIC,19911230,568.41,579.75,579.75,566.86,565.71,14.04,2.4818,2.28,22408.0
IXIC,19911231,584.77,586.34,586.35,578.4,579.75,6.59,1.1367,1.37,25746.0
IXIC,19920102,580.04,586.45,586.45,576.13,586.34,0.11,0.0188,1.76,18138.0
IXIC,19920103,589.18,592.65,592.83,587.33,586.45,6.2,1.0572,0.94,21420.0
IXIC,19920106,595.08,597.9,598.01,593.13,592.65,5.25,0.8859,0.82,23772.0
IXIC,19920107,595.36,602.29,602.5,594.33,597.9,4.39,0.7342,1.37,26225.0
IXIC,19920108,601.08,610.32,610.68,598.53,602.29,8.03,1.3332,2.02,31513.0
IXIC,19920109,614.43,619.8,621.03,611.57,610.32,9.48,1.5533,1.55,32782.0
IXIC,19920110,618.71,615.7,619.26,610.56,619.8,-4.1,-0.6615,1.4,25943.0
IXIC,19920113,614.14,617.63,617.63,613.1,615.7,1.93,0.3135,0.74,21190.0
IXIC,19920114,618.23,625.75,625.76,617.97,617.63,8.12,1.3147,1.26,26806.0
IXIC,19920115,627.92,630.82,631.34,625.12,625.75,5.07,0.8102,0.99,29328.0
IXIC,19920116,631.8,627.34,632.99,625.44,630.82,-3.48,-0.5517,1.2,30226.0
IXIC,19920117,628.17,626.85,629.48,625.12,627.34,-0.49,-0.0781,0.69,28249.0
IXIC,19920120,625.12,619.38,626.98,619.26,626.85,-7.47,-1.1917,1.23,20969.0
IXIC,19920121,608.96,604.87,611.71,604.87,619.38,-14.51,-2.3427,1.1,26544.0
IXIC,19920122,608.47,620.68,620.69,605.81,604.87,15.81,2.6138,2.46,25117.0
IXIC,19920123,624.73,622.86,626.85,620.83,620.68,2.18,0.3512,0.97,27437.0
IXIC,19920124,623.27,624.68,625.86,621.54,622.86,1.82,0.2922,0.69,24094.0
IXIC,19920127,625.38,621.0,625.8,621.0,624.68,-3.68,-0.5891,0.77,19645.0
IXIC,19920128,622.44,621.29,623.33,619.05,621.0,0.29,0.0467,0.69,32096.0
IXIC,19920129,621.9,616.31,626.32,616.28,621.29,-4.98,-0.8016,1.62,24824.0
IXIC,19920130,615.83,621.37,621.37,615.47,616.31,5.06,0.821,0.96,21620.0
IXIC,19920131,621.61,620.21,622.37,619.12,621.37,-1.16,-0.1867,0.52,22616.0
IXIC,19920203,620.57,623.43,623.83,619.77,620.21,3.22,0.5192,0.65,19461.0
IXIC,19920204,626.11,631.0,631.29,624.43,623.43,7.57,1.2143,1.1,22615.0
IXIC,19920205,633.39,636.97,637.94,632.29,631.0,5.97,0.9461,0.9,27011.0
IXIC,19920206,638.96,637.67,640.75,636.25,636.97,0.7,0.1099,0.71,24421.0
IXIC,19920207,639.24,634.95,640.16,631.56,637.67,-2.72,-0.4266,1.35,23805.0
IXIC,19920210,633.62,634.13,634.88,632.21,634.95,-0.82,-0.1291,0.42,19160.0
IXIC,19920211,634.46,633.37,635.12,631.83,634.13,-0.76,-0.1198,0.52,21433.0
IXIC,19920212,635.31,644.92,644.92,633.63,633.37,11.55,1.8236,1.78,25345.0
IXIC,19920213,646.09,639.1,646.09,638.33,644.92,-5.82,-0.9024,1.2,21700.0
IXIC,19920214,637.47,636.43,638.78,635.87,639.1,-2.67,-0.4178,0.46,20629.0
IXIC,19920218,636.21,626.41,637.25,626.4,636.43,-10.02,-1.5744,1.7,21870.0
IXIC,19920219,621.59,622.41,625.02,619.18,626.41,-4.0,-0.6386,0.93,24844.0
IXIC,19920220,626.32,632.23,632.58,623.83,622.41,9.82,1.5777,1.41,24709.0
IXIC,19920221,633.3,629.75,633.99,628.16,632.23,-2.48,-0.3923,0.92,24685.0
IXIC,19920224,628.93,624.93,630.6,624.32,629.75,-4.82,-0.7654,1.0,17292.0
IXIC,19920225,623.55,621.4,625.81,617.08,624.93,-3.53,-0.5649,1.4,19450.0
IXIC,19920226,626.42,632.4,632.55,623.02,621.4,11.0,1.7702,1.53,22509.0
IXIC,19920227,636.06,633.95,636.38,633.86,632.4,1.55,0.2451,0.4,20554.0
IXIC,19920228,636.34,633.47,636.54,631.29,633.95,-0.48,-0.0757,0.83,20464.0
IXIC,19920302,634.04,635.47,635.47,632.4,633.47,2.0,0.3157,0.48,17694.0
IXIC,19920303,634.95,634.25,637.21,634.08,635.47,-1.22,-0.192,0.49,20455.0
IXIC,19920304,632.03,630.29,635.31,630.29,634.25,-3.96,-0.6244,0.79,21296.0
IXIC,19920305,627.78,621.97,630.26,620.99,630.29,-8.32,-1.32,1.47,22192.0
IXIC,19920306,620.61,615.95,621.89,613.95,621.97,-6.02,-0.9679,1.28,19307.0
IXIC,19920309,617.18,615.82,618.04,615.47,615.95,-0.13,-0.0211,0.42,16212.0
IXIC,19920310,618.69,623.46,624.21,617.33,615.82,7.64,1.2406,1.12,20056.0
IXIC,19920311,622.88,617.14,623.52,616.52,623.46,-6.32,-1.0137,1.12,19215.0
IXIC,19920312,616.1,615.92,617.75,612.25,617.14,-1.22,-0.1977,0.89,18953.0
IXIC,19920313,619.3,618.62,619.8,616.9,615.92,2.7,0.4384,0.47,16561.0
IXIC,19920316,618.11,617.94,618.95,615.27,618.62,-0.68,-0.1099,0.59,14085.0
IXIC,19920317,620.21,623.27,623.44,619.14,617.94,5.33,0.8625,0.7,17377.0
IXIC,19920318,625.51,624.94,626.27,624.04,623.27,1.67,0.2679,0.36,17927.0
IXIC,19920319,627.01,625.96,627.35,625.34,624.94,1.02,0.1632,0.32,18997.0
IXIC,19920320,625.82,624.28,626.63,623.66,625.96,-1.68,-0.2684,0.47,19150.0
IXIC,19920323,623.17,621.83,624.03,621.72,624.28,-2.45,-0.3925,0.37,14886.0
IXIC,19920324,622.87,618.68,623.92,617.36,621.83,-3.15,-0.5066,1.05,18692.0
IXIC,19920325,616.65,619.48,620.04,616.54,618.68,0.8,0.1293,0.57,19195.0
IXIC,19920326,619.8,615.4,621.73,614.95,619.48,-4.08,-0.6586,1.09,17550.0
IXIC,19920327,612.78,604.67,614.63,602.53,615.4,-10.73,-1.7436,1.97,20396.0
IXIC,19920330,605.03,602.07,606.56,601.58,604.67,-2.6,-0.43,0.82,15421.0
IXIC,19920331,600.35,603.77,605.16,599.6,602.07,1.7,0.2824,0.92,19205.0
IXIC,19920401,598.62,602.09,602.34,597.66,603.77,-1.68,-0.2783,0.78,18017.0
IXIC,19920402,601.73,593.82,603.17,593.42,602.09,-8.27,-1.3735,1.62,19464.0
IXIC,19920403,592.83,590.01,593.98,587.93,593.82,-3.81,-0.6416,1.02,19393.0
IXIC,19920406,592.68,596.29,596.39,590.88,590.01,6.28,1.0644,0.93,15312.0
IXIC,19920407,596.15,581.61,597.97,581.48,596.29,-14.68,-2.4619,2.77,21006.0
IXIC,19920408,574.89,573.68,579.6,567.15,581.61,-7.93,-1.3635,2.14,24347.0
IXIC,19920409,575.88,586.75,586.75,575.44,573.68,13.07,2.2783,1.97,19875.0
IXIC,19920410,590.59,584.24,592.24,584.09,586.75,-2.51,-0.4278,1.39,17521.0
IXIC,19920413,584.03,588.15,588.15,583.7,584.24,3.91,0.6692,0.76,12802.0
IXIC,19920414,592.34,594.81,597.79,590.1,588.15,6.66,1.1324,1.31,19560.0
IXIC,19920415,599.64,600.03,600.61,596.25,594.81,5.22,0.8776,0.73,21857.0
IXIC,19920416,598.23,591.81,600.21,591.6,600.03,-8.22,-1.3699,1.43,19848.0
IXIC,19920420,586.5,577.2,590.69,575.11,591.81,-14.61,-2.4687,2.63,17805.0
IXIC,19920421,576.64,575.05,579.04,573.07,577.2,-2.15,-0.3725,1.03,20178.0
IXIC,19920422,575.16,578.23,579.13,574.54,575.05,3.18,0.553,0.8,19889.0
IXIC,19920423,580.67,576.05,581.09,571.99,578.23,-2.18,-0.377,1.57,20188.0
IXIC,19920424,576.41,572.89,576.86,571.99,576.05,-3.16,-0.5486,0.85,16597.0
IXIC,19920427,571.24,566.94,572.4,566.94,572.89,-5.95,-1.0386,0.95,16214.0
IXIC,19920428,566.01,560.33,566.97,557.06,566.94,-6.61,-1.1659,1.75,18748.0
IXIC,19920429,563.03,569.94,569.97,561.78,560.33,9.61,1.7151,1.46,18038.0
IXIC,19920430,571.88,578.68,578.69,571.24,569.94,8.74,1.5335,1.31,18012.0
IXIC,19920501,579.73,578.14,580.97,575.39,578.68,-0.54,-0.0933,0.96,14729.0
IXIC,19920504,581.28,583.54,584.36,579.2,578.14,5.4,0.934,0.89,14423.0
IXIC,19920505,584.44,588.07,588.9,583.84,583.54,4.53,0.7763,0.87,16994.0
IXIC,19920506,589.86,589.36,591.21,588.71,588.07,1.29,0.2194,0.43,17142.0
IXIC,19920507,589.41,587.16,590.17,586.33,589.36,-2.2,-0.3733,0.65,17028.0
IXIC,19920508,587.03,585.76,588.38,584.92,587.16,-1.4,-0.2384,0.59,15471.0
IXIC,19920511,586.45,587.13,588.14,585.92,585.76,1.37,0.2339,0.38,14107.0
IXIC,19920512,586.72,583.96,588.41,582.53,587.13,-3.17,-0.5399,1.0,16234.0
IXIC,19920513,583.29,582.38,584.76,582.14,583.96,-1.58,-0.2706,0.45,17175.0
IXIC,19920514,580.58,576.46,582.85,574.72,582.38,-5.92,-1.0165,1.4,18518.0
IXIC,19920515,572.6,574.43,575.21,571.01,576.46,-2.03,-0.3521,0.73,14289.0
IXIC,19920518,576.82,576.53,578.43,575.8,574.43,2.1,0.3656,0.46,12935.0
IXIC,19920519,576.53,578.05,578.28,575.04,576.53,1.52,0.2636,0.56,15667.0
IXIC,19920520,578.98,580.29,580.42,578.02,578.05,2.24,0.3875,0.42,16023.0
IXIC,19920521,579.12,579.1,580.55,577.38,580.29,-1.19,-0.2051,0.55,17586.0
IXIC,19920522,579.64,580.3,581.17,578.96,579.1,1.2,0.2072,0.38,12486.0
IXIC,19920526,579.58,575.65,580.43,575.27,580.3,-4.65,-0.8013,0.89,12674.0
IXIC,19920527,576.28,577.35,577.77,575.67,575.65,1.7,0.2953,0.36,13834.0
IXIC,19920528,576.51,580.49,580.64,576.1,577.35,3.14,0.5439,0.79,15320.0
IXIC,19920529,583.24,585.31,585.96,581.34,580.49,4.82,0.8303,0.8,18863.0
IXIC,19920601,583.67,588.37,588.38,582.13,585.31,3.06,0.5228,1.07,14157.0
IXIC,19920602,589.2,589.18,590.25,587.64,588.37,0.81,0.1377,0.44,16496.0
IXIC,19920603,588.17,589.93,591.07,587.97,589.18,0.75,0.1273,0.53,17186.0
IXIC,19920604,589.77,588.26,590.56,588.14,589.93,-1.67,-0.2831,0.41,16812.0
IXIC,19920605,588.21,585.43,589.47,584.23,588.26,-2.83,-0.4811,0.89,16839.0
IXIC,19920608,584.71,582.01,585.37,581.5,585.43,-3.42,-0.5842,0.66,12905.0
IXIC,19920609,581.33,573.8,583.04,572.24,582.01,-8.21,-1.4106,1.86,18222.0
IXIC,19920610,573.25,569.71,574.69,569.59,573.8,-4.09,-0.7128,0.89,15703.0
IXIC,19920611,567.69,567.68,569.75,566.79,569.71,-2.03,-0.3563,0.52,16015.0
IXIC,19920612,570.17,569.52,571.64,569.21,567.68,1.84,0.3241,0.43,14951.0
IXIC,19920615,568.48,569.01,570.72,567.98,569.52,-0.51,-0.0895,0.48,13236.0
IXIC,19920616,569.06,564.07,569.61,564.06,569.01,-4.94,-0.8682,0.98,16318.0
IXIC,19920617,562.18,553.24,563.91,552.86,564.07,-10.83,-1.92,1.96,19057.0
IXIC,19920618,552.18,549.17,553.46,548.55,553.24,-4.07,-0.7357,0.89,18786.0
IXIC,19920619,551.42,554.2,554.3,550.8,549.17,5.03,0.9159,0.64,17757.0
IXIC,19920622,552.4,549.73,553.21,546.01,554.2,-4.47,-0.8066,1.3,15119.0
IXIC,19920623,553.2,553.36,554.95,551.63,549.73,3.63,0.6603,0.6,16567.0
IXIC,19920624,552.62,551.39,553.9,551.15,553.36,-1.97,-0.356,0.5,15233.0
IXIC,19920625,552.09,548.2,552.86,546.23,551.39,-3.19,-0.5785,1.2,17122.0
IXIC,19920626,547.19,547.84,548.22,545.95,548.2,-0.36,-0.0657,0.41,15011.0
IXIC,19920629,550.92,558.8,558.81,549.03,547.84,10.96,2.0006,1.79,15952.0
IXIC,19920630,559.67,563.6,563.98,559.32,558.8,4.8,0.859,0.83,19519.0
IXIC,19920701,563.73,568.99,569.05,563.24,563.6,5.39,0.9564,1.03,18608.0
IXIC,19920702,570.02,563.35,571.19,562.83,568.99,-5.64,-0.9912,1.47,19465.0
IXIC,19920706,560.73,563.17,563.33,560.18,563.35,-0.18,-0.032,0.56,13477.0
IXIC,19920707,564.34,557.41,565.01,556.96,563.17,-5.76,-1.0228,1.43,17441.0
IXIC,19920708,556.09,557.57,557.62,553.76,557.41,0.16,0.0287,0.69,16165.0
IXIC,19920709,560.41,564.75,564.75,558.64,557.57,7.18,1.2877,1.1,17584.0
IXIC,19920710,566.66,567.8,568.57,564.58,564.75,3.05,0.5401,0.71,15151.0
IXIC,19920713,568.56,570.22,571.08,567.71,567.8,2.42,0.4262,0.59,13293.0
IXIC,19920714,571.17,575.21,575.38,570.64,570.22,4.99,0.8751,0.83,16720.0
IXIC,19920715,575.84,575.47,577.14,575.02,575.21,0.26,0.0452,0.37,16938.0
IXIC,19920716,573.39,576.19,576.19,572.41,575.47,0.72,0.1251,0.66,17269.0
IXIC,19920717,571.55,570.52,574.56,567.74,576.19,-5.67,-0.9841,1.18,14677.0
IXIC,19920720,560.85,564.28,567.38,560.76,570.52,-6.24,-1.0937,1.16,11783.0
IXIC,19920721,566.31,568.63,569.29,565.77,564.28,4.35,0.7709,0.62,15532.0
IXIC,19920722,566.17,563.88,567.34,563.61,568.63,-4.75,-0.8353,0.66,16835.0
IXIC,19920723,564.86,565.24,565.73,563.5,563.88,1.36,0.2412,0.4,16456.0
IXIC,19920724,564.34,565.61,566.34,562.63,565.24,0.37,0.0655,0.66,16779.0
IXIC,19920727,565.96,564.73,565.96,564.15,565.61,-0.88,-0.1556,0.32,12813.0
IXIC,19920728,566.25,571.63,571.65,565.68,564.73,6.9,1.2218,1.06,17331.0
IXIC,19920729,574.56,577.49,577.56,572.73,571.63,5.86,1.0251,0.84,21094.0
IXIC,19920730,576.66,578.8,578.86,575.95,577.49,1.31,0.2268,0.5,16875.0
IXIC,19920731,579.62,580.83,581.01,577.88,578.8,2.03,0.3507,0.54,16879.0
IXIC,19920803,579.62,582.36,582.63,579.57,580.83,1.53,0.2634,0.53,14130.0
IXIC,19920804,583.84,581.32,583.84,580.35,582.36,-1.04,-0.1786,0.6,16849.0
IXIC,19920805,579.12,576.87,580.93,576.26,581.32,-4.45,-0.7655,0.8,16378.0
IXIC,19920806,575.23,574.02,576.13,572.98,576.87,-2.85,-0.494,0.55,15683.0
IXIC,19920807,573.15,573.74,576.73,572.47,574.02,-0.28,-0.0488,0.74,14968.0
IXIC,19920810,573.44,573.14,574.3,572.18,573.74,-0.6,-0.1046,0.37,12045.0
IXIC,19920811,573.71,571.6,574.58,570.03,573.14,-1.54,-0.2687,0.79,14514.0
IXIC,19920812,572.46,570.85,573.06,570.8,571.6,-0.75,-0.1312,0.4,14415.0
IXIC,19920813,571.87,570.99,572.44,570.57,570.85,0.14,0.0245,0.33,14318.0
IXIC,19920814,571.0,573.18,573.18,571.0,570.99,2.19,0.3835,0.38,14565.0
IXIC,19920817,573.42,572.47,573.61,571.67,573.18,-0.71,-0.1239,0.34,13256.0
IXIC,19920818,571.08,570.87,572.45,570.15,572.47,-1.6,-0.2795,0.4,14034.0
IXIC,19920819,571.32,567.61,571.68,567.61,570.87,-3.26,-0.5711,0.71,15614.0
IXIC,19920820,567.92,567.86,568.56,565.98,567.61,0.25,0.044,0.45,15549.0
IXIC,19920821,570.11,563.7,570.66,562.42,567.86,-4.16,-0.7326,1.45,16730.0
IXIC,19920824,559.27,555.39,561.89,554.94,563.7,-8.31,-1.4742,1.23,13846.0
IXIC,19920825,554.64,554.22,555.03,550.36,555.39,-1.17,-0.2107,0.84,15241.0
IXIC,19920826,555.03,558.8,559.04,554.93,554.22,4.58,0.8264,0.74,14587.0
IXIC,19920827,562.56,563.27,564.27,561.11,558.8,4.47,0.7999,0.57,15549.0
IXIC,19920828,562.81,563.56,563.9,562.31,563.27,0.29,0.0515,0.28,12711.0
IXIC,19920831,562.87,563.12,564.08,561.36,563.56,-0.44,-0.0781,0.48,13353.0
IXIC,19920901,562.51,565.61,565.64,562.36,563.12,2.49,0.4422,0.58,15687.0
IXIC,19920902,566.49,571.25,571.47,565.74,565.61,5.64,0.9972,1.01,17033.0
IXIC,19920903,572.48,574.88,575.79,572.22,571.25,3.63,0.6354,0.62,18650.0
IXIC,19920904,573.36,573.44,574.76,572.65,574.88,-1.44,-0.2505,0.37,12238.0
IXIC,19920908,572.72,571.17,573.04,569.51,573.44,-2.27,-0.3959,0.62,12388.0
IXIC,19920909,571.56,574.89,575.04,571.0,571.17,3.72,0.6513,0.71,17029.0
IXIC,19920910,575.68,581.24,581.27,575.13,574.89,6.35,1.1046,1.07,20094.0
IXIC,19920911,582.21,583.01,584.01,581.36,581.24,1.77,0.3045,0.46,18833.0
IXIC,19920914,587.99,594.21,594.21,586.15,583.01,11.2,1.9211,1.38,22700.0
IXIC,19920915,590.45,587.86,592.53,586.39,594.21,-6.35,-1.0686,1.03,18301.0
IXIC,19920916,583.4,585.89,588.03,582.16,587.86,-1.97,-0.3351,1.0,18151.0
IXIC,19920917,587.77,587.82,589.21,586.7,585.89,1.93,0.3294,0.43,18316.0
IXIC,19920918,587.53,589.12,589.13,586.51,587.82,1.3,0.2212,0.45,19942.0
IXIC,19920921,588.24,588.58,588.9,586.59,589.12,-0.54,-0.0917,0.39,15946.0
IXIC,19920922,588.44,583.0,588.86,582.27,588.58,-5.58,-0.948,1.12,20492.0
IXIC,19920923,581.93,582.96,583.43,580.34,583.0,-0.04,-0.0069,0.53,19324.0
IXIC,19920924,584.47,585.93,586.04,583.55,582.96,2.97,0.5095,0.43,18069.0
IXIC,19920925,585.47,577.2,586.56,574.74,585.93,-8.73,-1.4899,2.02,19849.0
IXIC,19920928,574.99,575.34,575.63,573.14,577.2,-1.86,-0.3222,0.43,12436.0
IXIC,19920929,575.1,577.63,577.78,574.7,575.34,2.29,0.398,0.54,15886.0
IXIC,19920930,578.54,583.27,583.29,578.08,577.63,5.64,0.9764,0.9,18713.0
IXIC,19921001,581.08,578.33,582.48,577.83,583.27,-4.94,-0.8469,0.8,18513.0
IXIC,19921002,576.6,571.63,578.19,571.41,578.33,-6.7,-1.1585,1.17,16996.0
IXIC,19921005,565.66,565.21,569.21,551.72,571.63,-6.42,-1.1231,3.06,22369.0
IXIC,19921006,566.08,570.55,571.3,565.62,565.21,5.34,0.9448,1.0,19554.0
IXIC,19921007,572.23,569.2,573.79,568.85,570.55,-1.35,-0.2366,0.87,15652.0
IXIC,19921008,571.76,573.88,574.56,570.46,569.2,4.68,0.8222,0.72,19785.0
IXIC,19921009,571.74,570.52,574.15,569.5,573.88,-3.36,-0.5855,0.81,17024.0
IXIC,19921012,571.4,573.84,573.95,570.84,570.52,3.32,0.5819,0.55,12785.0
IXIC,19921013,574.52,576.44,577.74,574.16,573.84,2.6,0.4531,0.62,16756.0
IXIC,19921014,575.04,576.22,578.33,574.74,576.44,-0.22,-0.0382,0.62,17569.0
IXIC,19921015,576.02,578.64,578.69,573.89,576.22,2.42,0.42,0.83,17378.0
IXIC,19921016,577.66,582.61,582.61,577.62,578.64,3.97,0.6861,0.86,18383.0
IXIC,19921019,583.11,590.67,590.73,582.34,582.61,8.06,1.3834,1.44,19813.0
IXIC,19921020,593.87,592.7,595.75,591.39,590.67,2.03,0.3437,0.74,23236.0
IXIC,19921021,594.25,597.15,597.37,593.14,592.7,4.45,0.7508,0.71,22205.0
IXIC,19921022,596.47,597.12,597.71,594.89,597.15,-0.03,-0.005,0.47,22975.0
IXIC,19921023,598.25,597.3,599.09,596.74,597.12,0.18,0.0301,0.39,22924.0
IXIC,19921026,596.62,598.92,599.0,595.82,597.3,1.62,0.2712,0.53,16880.0
IXIC,19921027,598.5,596.95,600.44,595.1,598.92,-1.97,-0.3289,0.89,20257.0
IXIC,19921028,596.81,601.39,601.54,596.12,596.95,4.44,0.7438,0.91,20860.0
IXIC,19921029,603.26,605.82,606.37,602.64,601.39,4.43,0.7366,0.62,21147.0
IXIC,19921030,605.99,605.17,606.58,602.43,605.82,-0.65,-0.1073,0.69,19308.0
IXIC,19921102,603.76,607.57,607.59,603.62,605.17,2.4,0.3966,0.66,17935.0
IXIC,19921103,606.69,604.58,608.31,603.6,607.57,-2.99,-0.4921,0.78,18737.0
IXIC,19921104,604.44,605.52,606.31,603.31,604.58,0.94,0.1555,0.5,18953.0
IXIC,19921105,605.94,614.08,614.16,605.39,605.52,8.56,1.4137,1.45,23845.0
IXIC,19921106,614.05,616.82,616.97,612.7,614.08,2.74,0.4462,0.7,22915.0
IXIC,19921109,616.84,622.05,622.48,616.01,616.82,5.23,0.8479,1.05,24543.0
IXIC,19921110,624.1,627.76,628.15,622.73,622.05,5.71,0.9179,0.87,26216.0
IXIC,19921111,629.18,634.92,635.11,628.26,627.76,7.16,1.1406,1.09,27324.0
IXIC,19921112,636.02,634.37,637.09,633.34,634.92,-0.55,-0.0866,0.59,25947.0
IXIC,19921113,634.05,637.16,637.16,633.06,634.37,2.79,0.4398,0.65,20147.0
IXIC,19921116,635.63,634.01,637.54,633.47,637.16,-3.15,-0.4944,0.64,18808.0
IXIC,19921117,632.8,627.07,634.15,626.55,634.01,-6.94,-1.0946,1.2,22432.0
IXIC,19921118,627.12,634.86,635.06,627.12,627.07,7.79,1.2423,1.27,23326.0
IXIC,19921119,636.65,638.57,639.84,635.84,634.86,3.71,0.5844,0.63,25825.0
IXIC,19921120,639.07,642.6,642.96,638.67,638.57,4.03,0.6311,0.67,24804.0
IXIC,19921123,642.16,636.64,642.16,636.64,642.6,-5.96,-0.9275,0.86,20814.0
IXIC,19921124,639.89,645.94,646.5,639.81,636.64,9.3,1.4608,1.05,24492.0
IXIC,19921125,647.31,648.33,648.33,646.24,645.94,2.39,0.37,0.32,22227.0
IXIC,19921127,648.81,649.49,650.64,648.57,648.33,1.16,0.1789,0.32,9393.0
IXIC,19921130,650.74,652.73,652.75,648.84,649.49,3.24,0.4989,0.6,21780.0
IXIC,19921201,650.58,653.95,654.27,650.27,652.73,1.22,0.1869,0.61,23712.0
IXIC,19921202,653.9,652.91,654.69,651.37,653.95,-1.04,-0.159,0.51,24318.0
IXIC,19921203,652.26,656.36,656.81,651.39,652.91,3.45,0.5284,0.83,23903.0
IXIC,19921204,658.06,661.6,661.92,656.85,656.36,5.24,0.7983,0.77,26111.0
IXIC,19921207,662.84,666.53,666.55,661.8,661.6,4.93,0.7452,0.72,22627.0
IXIC,19921208,667.38,667.12,667.98,664.63,666.53,0.59,0.0885,0.5,27470.0
IXIC,19921209,664.86,663.92,667.69,662.4,667.12,-3.2,-0.4797,0.79,26987.0
IXIC,19921210,662.04,658.93,662.96,656.43,663.92,-4.99,-0.7516,0.98,24135.0
IXIC,19921211,656.26,655.79,657.45,654.62,658.93,-3.14,-0.4765,0.43,21317.0
IXIC,19921214,656.39,654.73,657.09,654.66,655.79,-1.06,-0.1616,0.37,19450.0
IXIC,19921215,652.77,650.75,653.89,648.75,654.73,-3.98,-0.6079,0.79,24893.0
IXIC,19921216,651.22,649.63,652.79,648.98,650.75,-1.12,-0.1721,0.59,25827.0
IXIC,19921217,651.49,658.46,658.52,650.27,649.63,8.83,1.3592,1.27,24794.0
IXIC,19921218,659.87,661.29,662.29,659.42,658.46,2.83,0.4298,0.44,24406.0
IXIC,19921221,660.78,662.46,662.63,660.01,661.29,1.17,0.1769,0.4,20291.0
IXIC,19921222,663.74,660.84,664.13,658.43,662.46,-1.62,-0.2445,0.86,24770.0
IXIC,19921223,662.12,662.96,662.97,660.69,660.84,2.12,0.3208,0.35,25289.0
IXIC,19921224,663.54,662.77,665.88,662.77,662.96,-0.19,-0.0287,0.47,10626.0
IXIC,19921228,665.66,666.25,666.39,663.87,662.77,3.48,0.5251,0.38,14407.0
IXIC,19921229,667.3,669.01,671.18,666.91,666.25,2.76,0.4143,0.64,19971.0
IXIC,19921230,670.26,671.85,671.86,668.57,669.01,2.84,0.4245,0.49,19348.0
IXIC,19921231,673.0,676.95,676.95,672.1,671.85,5.1,0.7591,0.72,20319.0
IXIC,19930104,675.31,671.8,676.78,671.42,676.95,-5.15,-0.7608,0.79,18887.0
IXIC,19930105,670.52,674.34,674.35,670.51,671.8,2.54,0.3781,0.57,22940.0
IXIC,19930106,678.44,681.85,681.89,676.73,674.34,7.51,1.1137,0.77,27002.0
IXIC,19930107,681.56,678.21,685.3,677.82,681.85,-3.64,-0.5338,1.1,29693.0
IXIC,19930108,677.19,677.21,677.86,672.68,678.21,-1.0,-0.1474,0.76,23282.0
IXIC,19930111,677.46,682.4,682.44,676.2,677.21,5.19,0.7664,0.92,19574.0
IXIC,19930112,681.44,679.45,682.9,677.09,682.4,-2.95,-0.4323,0.85,23377.0
IXIC,19930113,679.21,686.78,686.97,677.62,679.45,7.33,1.0788,1.38,24470.0
IXIC,19930114,690.32,695.7,695.81,688.2,686.78,8.92,1.2988,1.11,28696.0
IXIC,19930115,692.46,697.15,699.23,691.68,695.7,1.45,0.2084,1.09,29544.0
IXIC,19930118,694.69,698.13,698.29,694.45,697.15,0.98,0.1406,0.55,24074.0
IXIC,19930119,698.38,696.81,699.67,695.74,698.13,-1.32,-0.1891,0.56,27789.0
IXIC,19930120,696.82,697.44,699.19,695.94,696.81,0.63,0.0904,0.47,27132.0
IXIC,19930121,696.48,700.77,701.08,695.58,697.44,3.33,0.4775,0.79,28133.0
IXIC,19930122,700.59,701.63,703.71,700.37,700.77,0.86,0.1227,0.48,29472.0
IXIC,19930125,703.66,706.95,708.5,702.0,701.63,5.32,0.7582,0.93,26459.0
IXIC,19930126,709.88,707.16,711.03,706.36,706.95,0.21,0.0297,0.66,29634.0
IXIC,19930127,705.82,697.9,707.02,694.96,707.16,-9.26,-1.3095,1.71,28172.0
IXIC,19930128,695.39,694.67,697.67,692.94,697.9,-3.23,-0.4628,0.68,26721.0
IXIC,19930129,696.96,696.34,697.18,693.84,694.67,1.67,0.2404,0.48,23695.0
IXIC,19930201,697.98,701.77,702.14,696.77,696.34,5.43,0.7798,0.77,21394.0
IXIC,19930202,702.25,705.12,705.13,700.98,701.77,3.35,0.4774,0.59,25408.0
IXIC,19930203,707.68,708.67,709.34,706.03,705.12,3.55,0.5035,0.47,29173.0
IXIC,19930204,710.03,708.85,711.28,706.74,708.67,0.18,0.0254,0.64,28466.0
IXIC,19930205,706.83,700.98,708.25,696.76,708.85,-7.87,-1.1102,1.62,29321.0
IXIC,19930208,701.45,698.44,702.23,697.6,700.98,-2.54,-0.3624,0.66,22207.0
IXIC,19930209,697.41,692.21,700.73,691.3,698.44,-6.23,-0.892,1.35,27698.0
IXIC,19930210,695.01,695.02,696.35,692.51,692.21,2.81,0.4059,0.55,25941.0
IXIC,19930211,696.99,695.88,697.53,695.28,695.02,0.86,0.1237,0.32,23577.0
IXIC,19930212,696.04,690.54,696.64,690.4,695.88,-5.34,-0.7674,0.9,21460.0
IXIC,19930216,683.04,665.39,689.17,663.42,690.54,-25.15,-3.6421,3.73,30372.0
IXIC,19930217,662.95,659.43,665.88,655.72,665.39,-5.96,-0.8957,1.53,27552.0
IXIC,19930218,668.0,662.45,669.0,657.22,659.43,3.02,0.458,1.79,29862.0
IXIC,19930219,664.79,663.61,666.17,661.18,662.45,1.16,0.1751,0.75,24330.0
IXIC,19930222,661.4,652.42,663.5,652.19,663.61,-11.19,-1.6862,1.7,27744.0
IXIC,19930223,651.78,651.4,654.9,647.79,652.42,-1.02,-0.1563,1.09,27092.0
IXIC,19930224,651.32,662.46,662.66,649.37,651.4,11.06,1.6979,2.04,28092.0
IXIC,19930225,661.03,667.07,667.2,659.12,662.46,4.61,0.6959,1.22,25939.0
IXIC,19930226,667.61,670.77,670.94,666.49,667.07,3.7,0.5547,0.67,21733.0
IXIC,19930301,670.88,669.51,672.94,668.9,670.77,-1.26,-0.1878,0.6,18604.0
IXIC,19930302,669.28,677.72,677.87,668.74,669.51,8.21,1.2263,1.36,20708.0
IXIC,19930303,678.43,683.92,683.92,678.43,677.72,6.2,0.9148,0.81,23738.0
IXIC,19930304,679.7,680.73,683.29,677.6,683.92,-3.19,-0.4664,0.83,23205.0
IXIC,19930305,678.8,681.37,683.35,678.66,680.73,0.64,0.094,0.69,21424.0
IXIC,19930308,682.93,687.23,687.72,681.72,681.37,5.86,0.86,0.88,21994.0
IXIC,19930309,689.32,688.96,690.43,687.39,687.23,1.73,0.2517,0.44,23227.0
IXIC,19930310,688.57,692.87,693.04,688.08,688.96,3.91,0.5675,0.72,24520.0
IXIC,19930311,693.81,694.28,695.99,693.45,692.87,1.41,0.2035,0.37,24707.0
IXIC,19930312,687.79,692.78,692.9,686.89,694.28,-1.5,-0.2161,0.87,28830.0
IXIC,19930315,693.89,695.21,695.56,693.12,692.78,2.43,0.3508,0.35,18758.0
IXIC,19930316,697.05,695.47,697.41,695.07,695.21,0.26,0.0374,0.34,22927.0
IXIC,19930317,693.38,687.4,694.94,686.63,695.47,-8.07,-1.1604,1.19,24509.0
IXIC,19930318,689.38,687.41,690.04,687.25,687.4,0.01,0.0015,0.41,23171.0
IXIC,19930319,687.98,682.72,689.82,682.72,687.41,-4.69,-0.6823,1.03,23564.0
IXIC,19930322,677.71,676.62,681.62,674.49,682.72,-6.1,-0.8935,1.04,21303.0
IXIC,19930323,679.15,675.04,679.8,674.8,676.62,-1.58,-0.2335,0.74,22615.0
IXIC,19930324,674.9,674.36,676.56,671.68,675.04,-0.68,-0.1007,0.72,24333.0
IXIC,19930325,675.67,681.01,681.46,675.31,674.36,6.65,0.9861,0.91,21930.0
IXIC,19930326,682.94,681.54,683.74,680.01,681.01,0.53,0.0778,0.55,20451.0
IXIC,19930329,681.28,680.76,684.11,680.74,681.54,-0.78,-0.1144,0.49,19448.0
IXIC,19930330,682.55,686.25,686.25,682.01,680.76,5.49,0.8065,0.62,12157.0
IXIC,19930331,689.48,690.13,692.56,687.8,686.25,3.88,0.5654,0.69,25792.0
IXIC,19930401,690.82,686.64,691.15,685.95,690.13,-3.49,-0.5057,0.75,24669.0
IXIC,19930402,677.85,669.85,683.9,669.83,686.64,-16.79,-2.4452,2.05,27926.0
IXIC,19930405,669.74,670.71,671.69,667.31,669.85,0.86,0.1284,0.65,19084.0
IXIC,19930406,672.6,664.14,673.63,663.91,670.71,-6.57,-0.9796,1.45,21753.0
IXIC,19930407,664.85,668.88,669.08,664.0,664.14,4.74,0.7137,0.76,21254.0
IXIC,19930408,668.18,666.33,669.35,665.3,668.88,-2.55,-0.3812,0.61,22088.0
IXIC,19930412,670.31,673.12,673.67,668.27,666.33,6.79,1.019,0.81,21415.0
IXIC,19930413,676.37,673.83,678.06,673.41,673.12,0.71,0.1055,0.69,25695.0
IXIC,19930414,672.86,673.94,674.25,672.21,673.83,0.11,0.0163,0.3,24311.0
IXIC,19930415,671.26,670.32,673.13,668.4,673.94,-3.62,-0.5371,0.7,24695.0
IXIC,19930416,669.44,666.78,671.08,666.18,670.32,-3.54,-0.5281,0.73,22678.0
IXIC,19930419,664.2,663.03,667.22,660.08,666.78,-3.75,-0.5624,1.07,22285.0
IXIC,19930420,663.71,661.97,664.17,657.84,663.03,-1.06,-0.1599,0.95,25132.0
IXIC,19930421,663.11,664.04,664.59,660.22,661.97,2.07,0.3127,0.66,24844.0
IXIC,19930422,663.35,663.51,668.53,662.35,664.04,-0.53,-0.0798,0.93,26378.0
IXIC,19930423,661.47,658.41,664.08,657.8,663.51,-5.1,-0.7686,0.95,24339.0
IXIC,19930426,656.79,645.87,658.33,645.76,658.41,-12.54,-1.9046,1.91,21232.0
IXIC,19930427,645.98,652.52,652.65,644.71,645.87,6.65,1.0296,1.23,23679.0
IXIC,19930428,655.54,658.16,658.17,654.04,652.52,5.64,0.8643,0.63,22051.0
IXIC,19930429,657.61,658.45,658.79,654.38,658.16,0.29,0.0441,0.67,20496.0
IXIC,19930430,660.68,661.42,664.92,659.68,658.45,2.97,0.4511,0.8,22696.0
IXIC,19930503,662.75,666.71,666.74,661.43,661.42,5.29,0.7998,0.8,20233.0
IXIC,19930504,671.42,678.16,678.34,669.38,666.71,11.45,1.7174,1.34,26877.0
IXIC,19930505,678.78,683.26,683.81,676.62,678.16,5.1,0.752,1.06,28919.0
IXIC,19930506,683.76,680.04,684.38,679.03,683.26,-3.22,-0.4713,0.78,26022.0
IXIC,19930507,680.32,681.44,682.44,679.42,680.04,1.4,0.2059,0.44,22611.0
IXIC,19930510,682.48,682.82,684.2,682.22,681.44,1.38,0.2025,0.29,20645.0
IXIC,19930511,681.03,683.06,683.32,680.21,682.82,0.24,0.0351,0.46,22327.0
IXIC,19930512,681.8,681.69,683.0,680.62,683.06,-1.37,-0.2006,0.35,24637.0
IXIC,19930513,677.91,675.64,680.86,674.23,681.69,-6.05,-0.8875,0.97,26253.0
IXIC,19930514,674.81,676.37,676.38,673.73,675.64,0.73,0.108,0.39,22917.0
IXIC,19930517,678.46,677.96,678.69,675.73,676.37,1.59,0.2351,0.44,20990.0
IXIC,19930518,680.3,680.78,680.95,678.01,677.96,2.82,0.416,0.43,27771.0
IXIC,19930519,681.76,690.43,690.46,678.89,680.78,9.65,1.4175,1.7,31831.0
IXIC,19930520,693.88,697.43,697.9,691.63,690.43,7.0,1.0139,0.91,34323.0
IXIC,19930521,695.96,694.29,696.87,692.48,697.43,-3.14,-0.4502,0.63,27818.0
IXIC,19930524,692.55,694.69,696.32,691.28,694.29,0.4,0.0576,0.73,20522.0
IXIC,19930525,692.93,695.04,695.08,692.72,694.69,0.35,0.0504,0.34,25257.0
IXIC,19930526,695.74,704.09,704.09,694.79,695.04,9.05,1.3021,1.34,29339.0
IXIC,19930527,706.37,704.59,707.05,703.57,704.09,0.5,0.071,0.49,27779.0
IXIC,19930528,701.17,700.53,704.01,695.11,704.59,-4.06,-0.5762,1.26,23575.0
IXIC,19930601,700.96,704.28,706.24,700.07,700.53,3.75,0.5353,0.88,23678.0
IXIC,19930602,705.16,705.86,706.52,702.95,704.28,1.58,0.2243,0.51,27432.0
IXIC,19930603,704.82,706.22,706.63,702.68,705.86,0.36,0.051,0.56,26008.0
IXIC,19930604,703.32,702.01,704.57,701.05,706.22,-4.21,-0.5961,0.5,25188.0
IXIC,19930607,701.91,694.61,703.69,694.45,702.01,-7.4,-1.0541,1.32,24786.0
IXIC,19930608,691.46,687.74,693.14,686.15,694.61,-6.87,-0.989,1.01,26231.0
IXIC,19930609,687.0,689.24,691.39,686.35,687.74,1.5,0.2181,0.73,26305.0
IXIC,19930610,689.1,688.05,689.51,685.69,689.24,-1.19,-0.1727,0.55,24228.0
IXIC,19930611,693.63,693.19,693.63,690.25,688.05,5.14,0.747,0.49,23521.0
IXIC,19930614,694.71,696.41,697.46,694.15,693.19,3.22,0.4645,0.48,20843.0
IXIC,19930615,698.96,697.34,699.52,696.13,696.41,0.93,0.1335,0.49,23679.0
IXIC,19930616,697.92,693.18,698.27,693.18,697.34,-4.16,-0.5966,0.73,23990.0
IXIC,19930617,696.38,695.94,697.17,694.4,693.18,2.76,0.3982,0.4,24544.0
IXIC,19930618,696.13,689.59,697.47,689.59,695.94,-6.35,-0.9124,1.13,24992.0
IXIC,19930621,688.57,688.74,690.76,687.06,689.59,-0.85,-0.1233,0.54,20847.0
IXIC,19930622,688.66,686.77,689.9,685.98,688.74,-1.97,-0.286,0.57,25817.0
IXIC,19930623,686.68,684.79,687.46,683.97,686.77,-1.98,-0.2883,0.51,25995.0
IXIC,19930624,683.3,688.72,689.13,682.89,684.79,3.93,0.5739,0.91,22715.0
IXIC,19930625,689.95,694.81,695.69,689.66,688.72,6.09,0.8842,0.88,21936.0
IXIC,19930628,697.72,702.84,702.84,696.21,694.81,8.03,1.1557,0.95,22701.0
IXIC,19930629,703.57,701.07,704.43,699.87,702.84,-1.77,-0.2518,0.65,25105.0
IXIC,19930630,703.66,703.95,705.42,702.13,701.07,2.88,0.4108,0.47,26590.0
IXIC,19930701,702.01,703.59,704.42,700.76,703.95,-0.36,-0.0511,0.52,22579.0
IXIC,19930702,702.39,704.49,704.66,701.69,703.59,0.9,0.1279,0.42,18254.0
IXIC,19930706,705.5,702.22,705.92,700.88,704.49,-2.27,-0.3222,0.72,19937.0
IXIC,19930707,697.61,698.79,700.19,697.37,702.22,-3.43,-0.4885,0.4,23601.0
IXIC,19930708,698.93,702.71,702.75,698.31,698.79,3.92,0.561,0.64,25467.0
IXIC,19930709,701.7,705.81,705.96,701.5,702.71,3.1,0.4411,0.63,21373.0
IXIC,19930712,706.84,707.67,707.93,704.96,705.81,1.86,0.2635,0.42,20252.0
IXIC,19930713,707.69,708.47,709.08,707.13,707.67,0.8,0.113,0.28,25653.0
IXIC,19930714,708.77,712.49,713.96,707.87,708.47,4.02,0.5674,0.86,29056.0
IXIC,19930715,710.34,708.69,712.18,708.09,712.49,-3.8,-0.5333,0.57,30022.0
IXIC,19930716,705.43,699.73,707.94,698.85,708.69,-8.96,-1.2643,1.28,28288.0
IXIC,19930719,699.39,695.83,699.64,694.53,699.73,-3.9,-0.5574,0.73,23962.0
IXIC,19930720,697.86,701.9,701.96,695.66,695.83,6.07,0.8723,0.91,26165.0
IXIC,19930721,700.06,700.08,701.45,698.61,701.9,-1.82,-0.2593,0.4,25593.0
IXIC,19930722,700.83,695.52,701.39,694.74,700.08,-4.56,-0.6514,0.95,25682.0
IXIC,19930723,697.59,700.24,700.64,696.54,695.52,4.72,0.6786,0.59,23758.0
IXIC,19930726,700.8,700.24,705.59,700.24,700.24,0.0,0.0,0.76,22615.0
IXIC,19930727,703.86,701.0,704.99,699.82,700.24,0.76,0.1085,0.74,27149.0
IXIC,19930728,701.77,705.59,705.69,701.6,701.0,4.59,0.6548,0.58,26534.0
IXIC,19930729,706.72,707.24,708.65,706.29,705.59,1.65,0.2338,0.33,27520.0
IXIC,19930730,703.33,704.7,706.54,702.37,707.24,-2.54,-0.3591,0.59,25670.0
IXIC,19930802,706.38,707.66,708.12,705.06,704.7,2.96,0.42,0.43,22435.0
IXIC,19930803,709.27,709.01,709.86,707.87,707.66,1.35,0.1908,0.28,24752.0
IXIC,19930804,708.96,713.79,713.97,708.44,709.01,4.78,0.6742,0.78,25338.0
IXIC,19930805,715.3,715.5,715.83,713.81,713.79,1.71,0.2396,0.28,26982.0
IXIC,19930806,716.61,718.08,718.36,715.91,715.5,2.58,0.3606,0.34,25111.0
IXIC,19930809,717.54,718.49,720.95,717.41,718.08,0.41,0.0571,0.49,23618.0
IXIC,19930810,718.74,717.08,718.9,716.14,718.49,-1.41,-0.1962,0.38,26086.0
IXIC,19930811,718.42,718.77,718.81,717.65,717.08,1.69,0.2357,0.16,29180.0
IXIC,19930812,721.47,717.12,721.51,715.08,718.77,-1.65,-0.2296,0.89,27129.0
IXIC,19930813,717.68,718.26,718.28,716.55,717.12,1.14,0.159,0.24,23359.0
IXIC,19930816,721.18,726.89,727.0,720.0,718.26,8.63,1.2015,0.97,24560.0
IXIC,19930817,727.31,731.01,731.02,727.1,726.89,4.12,0.5668,0.54,27353.0
IXIC,19930818,736.35,734.83,737.29,732.98,731.01,3.82,0.5226,0.59,23318.0
IXIC,19930819,732.66,730.48,734.37,730.01,734.83,-4.35,-0.592,0.59,28917.0
IXIC,19930820,729.92,730.96,731.35,729.04,730.48,0.48,0.0657,0.32,26038.0
IXIC,19930823,729.94,730.86,731.24,729.36,730.96,-0.1,-0.0137,0.26,22693.0
IXIC,19930824,730.98,730.66,735.49,730.66,730.86,-0.2,-0.0274,0.66,28338.0
IXIC,19930825,735.76,733.66,737.45,732.41,730.66,3.0,0.4106,0.69,32723.0
IXIC,19930826,730.46,731.39,732.97,727.61,733.66,-2.27,-0.3094,0.73,29045.0
IXIC,19930827,731.54,734.07,734.09,730.88,731.39,2.68,0.3664,0.44,24734.0
IXIC,19930830,735.59,737.38,738.42,734.69,734.07,3.31,0.4509,0.51,22507.0
IXIC,19930831,739.5,742.84,742.91,738.42,737.38,5.46,0.7405,0.61,26990.0
IXIC,19930901,743.65,746.15,746.41,742.21,742.84,3.31,0.4456,0.57,28136.0
IXIC,19930902,748.24,748.65,749.4,747.19,746.15,2.5,0.3351,0.3,29478.0
IXIC,19930903,747.86,749.71,749.72,746.69,748.65,1.06,0.1416,0.4,21870.0
IXIC,19930907,749.18,739.35,749.54,738.42,749.71,-10.36,-1.3819,1.48,24422.0
IXIC,19930908,734.62,730.73,737.54,724.48,739.35,-8.62,-1.1659,1.77,30752.0
IXIC,19930909,732.19,737.71,737.89,731.63,730.73,6.98,0.9552,0.86,26550.0
IXIC,19930910,740.39,744.31,744.63,739.23,737.71,6.6,0.8947,0.73,25420.0
IXIC,19930913,744.21,740.32,745.42,740.08,744.31,-3.99,-0.5361,0.72,23033.0
IXIC,19930914,734.27,732.64,737.41,729.68,740.32,-7.68,-1.0374,1.04,26675.0
IXIC,19930915,731.23,739.55,739.62,730.48,732.64,6.91,0.9432,1.25,28546.0
IXIC,19930916,739.35,739.8,740.65,738.07,739.55,0.25,0.0338,0.35,22015.0
IXIC,19930917,739.15,740.11,741.6,736.83,739.8,0.31,0.0419,0.64,26317.0
IXIC,19930920,742.29,740.21,744.41,739.88,740.11,0.1,0.0135,0.61,22885.0
IXIC,19930921,740.32,733.56,741.55,730.15,740.21,-6.65,-0.8984,1.54,28481.0
IXIC,19930922,737.89,745.54,745.54,735.72,733.56,11.98,1.6331,1.34,28936.0
IXIC,19930923,748.44,752.26,752.4,746.55,745.54,6.72,0.9014,0.78,33404.0
IXIC,19930924,752.56,754.65,754.67,751.78,752.26,2.39,0.3177,0.38,30999.0
IXIC,19930927,756.45,756.45,760.0,756.45,754.65,1.8,0.2385,0.47,26656.0
IXIC,19930928,760.0,763.66,763.68,759.21,756.45,7.21,0.9531,0.59,28340.0
IXIC,19930929,765.58,763.17,766.57,762.22,763.66,-0.49,-0.0642,0.57,34132.0
IXIC,19930930,760.27,762.78,763.02,759.9,763.17,-0.39,-0.0511,0.41,30621.0
IXIC,19931001,761.62,763.23,763.53,761.15,762.78,0.45,0.059,0.31,29002.0
IXIC,19931004,763.55,764.84,765.5,762.88,763.23,1.61,0.2109,0.34,23750.0
IXIC,19931005,766.42,762.27,767.45,759.67,764.84,-2.57,-0.336,1.02,30643.0
IXIC,19931006,764.38,764.77,767.36,763.11,762.27,2.5,0.328,0.56,29794.0
IXIC,19931007,764.9,762.49,765.54,761.27,764.77,-2.28,-0.2981,0.56,29419.0
IXIC,19931008,763.53,764.27,765.07,758.9,762.49,1.78,0.2334,0.81,28140.0
IXIC,19931011,766.44,767.65,767.84,764.47,764.27,3.38,0.4423,0.44,25112.0
IXIC,19931012,772.18,772.46,772.82,770.23,767.65,4.81,0.6266,0.34,31631.0
IXIC,19931013,775.24,778.97,779.01,774.2,772.46,6.51,0.8428,0.62,41536.0
IXIC,19931014,782.27,785.41,785.95,780.28,778.97,6.44,0.8267,0.73,38275.0
IXIC,19931015,788.13,787.42,791.2,785.55,785.41,2.01,0.2559,0.72,36880.0
IXIC,19931018,788.11,782.91,789.22,782.6,787.42,-4.51,-0.5728,0.84,34372.0
IXIC,19931019,781.17,768.71,782.33,767.77,782.91,-14.2,-1.8137,1.86,37872.0
IXIC,19931020,770.98,768.25,772.09,766.96,768.71,-0.46,-0.0598,0.67,33691.0
IXIC,19931021,768.88,771.28,771.33,765.75,768.25,3.03,0.3944,0.73,33857.0
IXIC,19931022,774.19,772.68,776.82,771.26,771.28,1.4,0.1815,0.72,36174.0
IXIC,19931025,774.12,769.75,774.36,767.79,772.68,-2.93,-0.3792,0.85,28446.0
IXIC,19931026,768.37,765.46,770.48,763.06,769.75,-4.29,-0.5573,0.96,29590.0
IXIC,19931027,767.35,771.88,772.08,765.93,765.46,6.42,0.8387,0.8,30215.0
IXIC,19931028,772.5,773.49,776.79,770.87,771.88,1.61,0.2086,0.77,31214.0
IXIC,19931029,774.78,779.26,779.58,773.75,773.49,5.77,0.746,0.75,30466.0
IXIC,19931101,780.37,783.77,784.03,779.3,779.26,4.51,0.5788,0.61,27313.0
IXIC,19931102,783.78,785.66,785.66,779.8,783.77,1.89,0.2411,0.75,32466.0
IXIC,19931103,783.95,772.95,786.1,771.65,785.66,-12.71,-1.6177,1.84,34881.0
IXIC,19931104,770.01,757.26,772.56,756.59,772.95,-15.69,-2.0299,2.07,32788.0
IXIC,19931105,757.26,762.99,762.99,748.59,757.26,5.73,0.7567,1.9,33368.0
IXIC,19931108,763.95,766.21,768.03,761.34,762.99,3.22,0.422,0.88,25364.0
IXIC,19931109,773.05,769.84,774.42,769.47,766.21,3.63,0.4738,0.65,31677.0
IXIC,19931110,770.75,776.5,776.77,770.01,769.84,6.66,0.8651,0.88,30385.0
IXIC,19931111,779.26,778.98,780.86,777.45,776.5,2.48,0.3194,0.44,31874.0
IXIC,19931112,779.72,779.32,780.71,777.96,778.98,0.34,0.0436,0.35,30775.0
IXIC,19931115,778.76,772.45,780.02,772.15,779.32,-6.87,-0.8815,1.01,27114.0
IXIC,19931116,771.79,771.69,772.77,767.16,772.45,-0.76,-0.0984,0.73,31269.0
IXIC,19931117,769.98,762.36,773.28,761.28,771.69,-9.33,-1.209,1.56,35965.0
IXIC,19931118,763.31,753.58,763.31,753.58,762.36,-8.78,-1.1517,1.28,37206.0
IXIC,19931119,752.18,751.56,755.32,750.22,753.58,-2.02,-0.2681,0.68,39111.0
IXIC,19931122,746.27,738.13,749.38,737.67,751.56,-13.43,-1.787,1.56,30214.0
IXIC,19931123,742.95,746.82,746.87,740.18,738.13,8.69,1.1773,0.91,27955.0
IXIC,19931124,750.94,753.18,753.19,748.09,746.82,6.36,0.8516,0.68,24037.0
IXIC,19931126,753.7,753.6,754.89,753.6,753.18,0.42,0.0558,0.17,8029.0
IXIC,19931129,756.4,751.54,756.4,751.39,753.6,-2.06,-0.2734,0.66,24313.0
IXIC,19931130,751.35,748.68,755.11,748.68,751.54,-2.86,-0.3806,0.86,28584.0
IXIC,19931201,757.4,757.4,764.24,757.4,748.68,8.72,1.1647,0.91,32388.0
IXIC,19931202,765.41,766.73,766.73,762.27,757.4,9.33,1.2318,0.59,29913.0
IXIC,19931203,768.82,768.57,772.24,768.57,766.73,1.84,0.24,0.48,32787.0
IXIC,19931206,767.51,771.09,771.44,765.61,768.57,2.52,0.3279,0.76,29266.0
IXIC,19931207,770.88,769.35,771.93,767.77,771.09,-1.74,-0.2257,0.54,29884.0
IXIC,19931208,766.16,767.89,768.13,765.99,769.35,-1.46,-0.1898,0.28,29344.0
IXIC,19931209,766.4,760.51,766.4,760.51,767.89,-7.38,-0.9611,0.77,30279.0
IXIC,19931210,761.84,758.1,761.84,758.1,760.51,-2.41,-0.3169,0.49,30825.0
IXIC,19931213,759.78,759.72,760.95,757.31,758.1,1.62,0.2137,0.48,27001.0
IXIC,19931214,758.86,751.47,760.18,750.96,759.72,-8.25,-1.0859,1.21,30488.0
IXIC,19931215,751.26,752.97,753.12,750.3,751.47,1.5,0.1996,0.38,28760.0
IXIC,19931216,754.82,755.53,756.34,753.2,752.97,2.56,0.34,0.42,28697.0
IXIC,19931217,758.71,759.23,760.12,757.17,755.53,3.7,0.4897,0.39,31063.0
IXIC,19931220,759.65,760.15,760.58,758.6,759.23,0.92,0.1212,0.26,26618.0
IXIC,19931221,758.28,755.63,774.04,754.63,760.15,-4.52,-0.5946,2.55,29120.0
IXIC,19931222,754.98,752.34,756.7,752.34,755.63,-3.29,-0.4354,0.58,30166.0
IXIC,19931223,757.62,758.7,759.18,756.88,752.34,6.36,0.8454,0.31,24605.0
IXIC,19931227,758.75,761.06,761.09,758.15,758.7,2.36,0.3111,0.39,18255.0
IXIC,19931228,762.03,760.25,764.57,760.25,761.06,-0.81,-0.1064,0.57,24761.0
IXIC,19931229,764.1,768.48,768.48,763.6,760.25,8.23,1.0825,0.64,26639.0
IXIC,19931230,768.64,771.08,771.28,767.7,768.48,2.6,0.3383,0.47,26269.0
IXIC,19931231,770.54,770.29,776.87,770.29,771.08,-0.79,-0.1025,0.85,25385.0
IXIC,19940103,777.29,768.41,777.29,768.41,770.29,-1.88,-0.2441,1.15,25302.0
IXIC,19940104,771.43,774.28,774.78,771.02,768.41,5.87,0.7639,0.49,29860.0
IXIC,19940105,775.23,778.05,778.21,773.69,774.28,3.77,0.4869,0.58,34988.0
IXIC,19940106,779.37,778.25,781.21,778.25,778.05,0.2,0.0257,0.38,34921.0
IXIC,19940107,779.29,782.94,783.39,778.2,778.25,4.69,0.6026,0.67,33006.0
IXIC,19940110,783.05,786.69,787.49,782.92,782.94,3.75,0.479,0.58,31335.0
IXIC,19940111,785.93,785.52,787.32,784.34,786.69,-1.17,-0.1487,0.38,32193.0
IXIC,19940112,788.2,786.87,788.43,782.68,785.52,1.35,0.1719,0.73,32254.0
IXIC,19940113,786.24,783.97,787.85,783.97,786.87,-2.9,-0.3685,0.49,29011.0
IXIC,19940114,789.99,792.31,793.14,788.78,783.97,8.34,1.0638,0.56,29966.0
IXIC,19940117,791.68,792.18,792.74,790.83,792.31,-0.13,-0.0164,0.24,24345.0
IXIC,19940118,791.94,793.02,793.17,791.26,792.18,0.84,0.106,0.24,31944.0
IXIC,19940119,789.64,789.28,792.08,787.32,793.02,-3.74,-0.4716,0.6,33787.0
IXIC,19940120,789.84,789.84,793.03,789.84,789.28,0.56,0.071,0.4,34017.0
IXIC,19940121,794.15,792.59,794.65,792.59,789.84,2.75,0.3482,0.26,34943.0
IXIC,19940124,793.27,789.88,794.42,789.88,792.59,-2.71,-0.3419,0.57,30388.0
IXIC,19940125,789.98,786.39,791.21,783.53,789.88,-3.49,-0.4418,0.97,35235.0
IXIC,19940126,785.13,788.8,789.5,784.87,786.39,2.41,0.3065,0.59,31649.0
IXIC,19940127,789.13,792.88,793.32,788.46,788.8,4.08,0.5172,0.62,31449.0
IXIC,19940128,795.03,796.53,796.54,793.6,792.88,3.65,0.4603,0.37,34749.0
IXIC,19940131,797.77,800.47,800.63,797.2,796.53,3.94,0.4946,0.43,32992.0
IXIC,19940201,798.42,797.24,799.99,794.92,800.47,-3.23,-0.4035,0.63,33975.0
IXIC,19940202,796.87,796.72,799.69,796.72,797.24,-0.52,-0.0652,0.37,33495.0
IXIC,19940203,798.44,797.79,798.91,794.85,796.72,1.07,0.1343,0.51,33162.0
IXIC,19940204,797.57,777.18,797.83,777.18,797.79,-20.61,-2.5834,2.59,37603.0
IXIC,19940207,770.64,779.2,779.32,767.3,777.18,2.02,0.2599,1.55,37002.0
IXIC,19940208,780.27,782.7,783.08,777.77,779.2,3.5,0.4492,0.68,30994.0
IXIC,19940209,783.48,786.53,787.52,783.12,782.7,3.83,0.4893,0.56,33019.0
IXIC,19940210,787.43,782.72,788.48,782.72,786.53,-3.81,-0.4844,0.73,33929.0
IXIC,19940211,782.18,778.33,783.13,778.33,782.72,-4.39,-0.5609,0.61,20819.0
IXIC,19940214,783.61,785.45,785.88,782.16,778.33,7.12,0.9148,0.48,28251.0
IXIC,19940215,786.38,790.12,790.58,785.62,785.45,4.67,0.5946,0.63,29664.0
IXIC,19940216,792.64,792.62,793.46,790.25,790.12,2.5,0.3164,0.41,33850.0
IXIC,19940217,796.14,790.24,796.21,788.69,792.62,-2.38,-0.3003,0.95,35481.0
IXIC,19940218,790.66,784.91,792.36,784.91,790.24,-5.33,-0.6745,0.94,30063.0
IXIC,19940222,787.41,791.15,791.21,785.81,784.91,6.24,0.795,0.69,26327.0
IXIC,19940223,792.64,789.11,793.12,788.51,791.15,-2.04,-0.2579,0.58,29547.0
IXIC,19940224,786.18,777.69,786.18,777.69,789.11,-11.42,-1.4472,1.08,34895.0
IXIC,19940225,781.71,783.78,783.8,779.83,777.69,6.09,0.7831,0.51,28565.0
IXIC,19940228,788.24,792.5,792.93,785.62,783.78,8.72,1.1126,0.93,28755.0
IXIC,19940301,792.1,788.64,793.42,783.58,792.5,-3.86,-0.4871,1.24,30731.0
IXIC,19940302,773.01,783.47,783.52,772.03,788.64,-5.17,-0.6556,1.46,32664.0
IXIC,19940303,784.6,784.58,786.97,783.79,783.47,1.11,0.1417,0.41,31836.0
IXIC,19940304,786.9,790.55,790.88,785.36,784.58,5.97,0.7609,0.7,31818.0
IXIC,19940307,793.63,795.05,795.71,792.06,790.55,4.5,0.5692,0.46,30324.0
IXIC,19940308,794.09,792.12,795.36,790.36,795.05,-2.93,-0.3685,0.63,30466.0
IXIC,19940309,793.47,789.29,794.76,789.29,792.12,-2.83,-0.3573,0.69,31690.0
IXIC,19940310,793.87,789.09,795.04,787.01,789.29,-0.2,-0.0253,1.02,32679.0
IXIC,19940311,786.66,789.2,789.69,786.3,789.09,0.11,0.0139,0.43,27925.0
IXIC,19940314,790.47,792.8,793.24,789.71,789.2,3.6,0.4562,0.45,26550.0
IXIC,19940315,793.35,792.44,795.65,792.44,792.8,-0.36,-0.0454,0.4,30308.0
IXIC,19940316,794.6,794.46,799.02,794.46,792.44,2.02,0.2549,0.58,33801.0
IXIC,19940317,800.39,803.85,804.31,800.06,794.46,9.39,1.1819,0.53,32427.0
IXIC,19940318,799.21,803.93,804.43,799.19,803.85,0.08,0.01,0.65,31145.0
IXIC,19940321,800.16,797.3,803.39,797.12,803.93,-6.63,-0.8247,0.78,26155.0
IXIC,19940322,796.13,794.86,797.49,794.86,797.3,-2.44,-0.306,0.33,30523.0
IXIC,19940323,797.52,796.28,799.29,796.28,794.86,1.42,0.1786,0.38,33415.0
IXIC,19940324,796.85,783.28,796.85,783.28,796.28,-13.0,-1.6326,1.7,37350.0
IXIC,19940325,785.81,783.45,787.69,783.38,783.28,0.17,0.0217,0.55,28129.0
IXIC,19940328,780.01,772.5,784.64,767.46,783.45,-10.95,-1.3977,2.19,30092.0
IXIC,19940329,772.77,755.3,773.41,755.29,772.5,-17.2,-2.2265,2.35,30956.0
IXIC,19940330,746.13,744.91,753.27,741.8,755.3,-10.39,-1.3756,1.52,39819.0
IXIC,19940331,743.92,743.46,747.7,731.85,744.91,-1.45,-0.1947,2.13,41395.0
IXIC,19940404,723.06,727.41,737.13,721.61,743.46,-16.05,-2.1588,2.09,31372.0
IXIC,19940405,739.55,750.95,751.08,731.95,727.41,23.54,3.2361,2.63,33081.0
IXIC,19940406,751.55,750.72,752.45,745.39,750.95,-0.23,-0.0306,0.94,29382.0
IXIC,19940407,750.97,755.17,755.3,750.46,750.72,4.45,0.5928,0.64,28469.0
IXIC,19940408,753.23,748.71,755.35,746.09,755.17,-6.46,-0.8554,1.23,26882.0
IXIC,19940411,747.5,748.11,749.45,746.27,748.71,-0.6,-0.0801,0.42,23817.0
IXIC,19940412,746.17,739.22,747.83,738.02,748.11,-8.89,-1.1883,1.31,29076.0
IXIC,19940413,740.48,727.38,741.59,723.95,739.22,-11.84,-1.6017,2.39,34336.0
IXIC,19940414,727.38,727.31,730.7,721.57,727.38,-0.07,-0.0096,1.26,31310.0
IXIC,19940415,727.8,726.88,729.98,726.88,727.31,-0.43,-0.0591,0.43,27892.0
IXIC,19940418,731.12,720.45,731.28,719.72,726.88,-6.43,-0.8846,1.59,24658.0
IXIC,19940419,722.35,712.85,723.25,709.1,720.45,-7.6,-1.0549,1.96,32819.0
IXIC,19940420,716.32,705.52,717.72,703.4,712.85,-7.33,-1.0283,2.01,33534.0
IXIC,19940421,707.26,707.11,718.74,707.11,705.52,1.59,0.2254,1.65,34123.0
IXIC,19940422,721.84,722.56,724.23,720.07,707.11,15.45,2.185,0.59,31954.0
IXIC,19940425,723.65,723.56,731.11,723.56,722.56,1.0,0.1384,1.04,23829.0
IXIC,19940426,733.53,734.21,734.38,731.31,723.56,10.65,1.4719,0.42,28554.0
IXIC,19940428,736.03,731.69,736.22,730.96,734.21,-2.52,-0.3432,0.72,30869.0
IXIC,19940429,729.73,733.84,734.37,728.59,731.69,2.15,0.2938,0.79,26381.0
IXIC,19940502,733.97,740.68,740.94,732.72,733.84,6.84,0.9321,1.12,25408.0
IXIC,19940503,741.85,739.37,742.46,736.25,740.68,-1.31,-0.1769,0.84,30208.0
IXIC,19940504,739.38,740.3,741.46,737.43,739.37,0.93,0.1258,0.55,27882.0
IXIC,19940505,741.36,740.55,742.43,739.92,740.3,0.25,0.0338,0.34,27537.0
IXIC,19940506,732.19,732.86,737.4,730.02,740.55,-7.69,-1.0384,1.0,24951.0
IXIC,19940509,729.96,722.96,731.73,722.49,732.86,-9.9,-1.3509,1.26,22384.0
IXIC,19940510,726.16,724.08,729.33,724.08,722.96,1.12,0.1549,0.73,30004.0
IXIC,19940511,724.54,717.0,725.59,716.61,724.08,-7.08,-0.9778,1.24,31228.0
IXIC,19940512,721.17,719.61,722.16,718.98,717.0,2.61,0.364,0.44,27071.0
IXIC,19940513,717.32,716.92,720.14,713.25,719.61,-2.69,-0.3738,0.96,31873.0
IXIC,19940516,715.23,711.91,716.96,711.09,716.92,-5.01,-0.6988,0.82,23356.0
IXIC,19940517,708.41,711.52,712.14,703.84,711.91,-0.39,-0.0548,1.17,31817.0
IXIC,19940518,714.62,714.62,722.58,714.62,711.52,3.1,0.4357,1.12,30549.0
IXIC,19940519,723.26,727.31,728.95,722.52,714.62,12.69,1.7758,0.9,33575.0
IXIC,19940520,727.21,726.7,727.33,725.06,727.31,-0.61,-0.0839,0.31,28362.0
IXIC,19940523,727.6,724.95,728.11,723.02,726.7,-1.75,-0.2408,0.7,23070.0
IXIC,19940524,727.89,731.47,732.02,726.58,724.95,6.52,0.8994,0.75,27957.0
IXIC,19940525,731.16,727.51,732.9,727.51,731.47,-3.96,-0.5414,0.74,27418.0
IXIC,19940526,733.87,731.64,734.43,730.14,727.51,4.13,0.5677,0.59,27672.0
IXIC,19940527,730.51,733.14,733.59,729.37,731.64,1.5,0.205,0.58,20552.0
IXIC,19940531,730.83,735.19,735.42,730.5,733.14,2.05,0.2796,0.67,21443.0
IXIC,19940601,733.18,735.52,735.99,730.57,735.19,0.33,0.0449,0.74,30034.0
IXIC,19940602,737.65,739.5,739.73,735.63,735.52,3.98,0.5411,0.56,29782.0
IXIC,19940603,738.6,742.38,743.69,729.74,739.5,2.88,0.3895,1.89,27900.0
IXIC,19940606,743.29,743.43,744.94,741.94,742.38,1.05,0.1414,0.4,28837.0
IXIC,19940607,742.34,738.95,742.67,738.95,743.43,-4.48,-0.6026,0.5,25555.0
IXIC,19940608,737.96,729.79,740.33,728.7,738.95,-9.16,-1.2396,1.57,32607.0
IXIC,19940609,729.93,727.19,730.43,727.19,729.79,-2.6,-0.3563,0.44,28308.0
IXIC,19940610,730.06,734.25,734.51,729.84,727.19,7.06,0.9709,0.64,25431.0
IXIC,19940613,733.13,731.7,734.54,731.64,734.25,-2.55,-0.3473,0.39,21311.0
IXIC,19940614,733.89,735.98,736.4,733.52,731.7,4.28,0.5849,0.39,28089.0
IXIC,19940615,738.0,735.84,738.39,734.45,735.98,-0.14,-0.019,0.54,26528.0
IXIC,19940616,733.45,734.97,735.74,733.21,735.84,-0.87,-0.1182,0.34,25537.0
IXIC,19940617,735.45,729.35,735.78,728.84,734.97,-5.62,-0.7647,0.94,27847.0
IXIC,19940620,726.45,718.85,726.45,718.27,729.35,-10.5,-1.4396,1.12,23417.0
IXIC,19940621,716.42,708.79,716.42,706.02,718.85,-10.06,-1.3995,1.45,29651.0
IXIC,19940622,710.52,712.74,714.67,710.52,708.79,3.95,0.5573,0.59,26370.0
IXIC,19940623,712.91,700.24,714.01,700.24,712.74,-12.5,-1.7538,1.93,31031.0
IXIC,19940624,699.78,693.79,699.78,693.3,700.24,-6.45,-0.9211,0.93,28246.0
IXIC,19940627,694.16,702.68,702.93,690.95,693.79,8.89,1.2814,1.73,24123.0
IXIC,19940628,704.13,702.05,706.99,698.4,702.68,-0.63,-0.0897,1.22,26009.0
IXIC,19940629,702.58,704.01,707.96,702.51,702.05,1.96,0.2792,0.78,26824.0
IXIC,19940630,705.75,702.19,707.49,702.19,704.01,-1.82,-0.2585,0.75,28178.0
IXIC,19940701,706.29,706.85,706.98,703.44,702.19,4.66,0.6636,0.5,20187.0
IXIC,19940705,706.73,703.59,707.02,703.26,706.85,-3.26,-0.4612,0.53,20010.0
IXIC,19940706,702.47,701.0,702.47,699.41,703.59,-2.59,-0.3681,0.43,26305.0
IXIC,19940707,701.48,706.53,706.56,700.86,701.0,5.53,0.7889,0.81,26858.0
IXIC,19940708,705.6,703.64,709.17,703.64,706.53,-2.89,-0.409,0.78,25721.0
IXIC,19940711,708.46,706.83,709.48,703.05,703.64,3.19,0.4534,0.91,22566.0
IXIC,19940712,707.32,709.59,709.83,703.5,706.83,2.76,0.3905,0.9,24960.0
IXIC,19940713,710.88,719.35,719.53,710.88,709.59,9.76,1.3754,1.22,34216.0
IXIC,19940714,720.35,721.56,725.19,720.35,719.35,2.21,0.3072,0.67,35131.0
IXIC,19940715,721.64,721.36,721.64,719.69,721.56,-0.2,-0.0277,0.27,21382.0
IXIC,19940718,722.3,722.62,722.64,720.15,721.36,1.26,0.1747,0.35,24935.0
IXIC,19940719,722.7,719.32,723.01,719.08,722.62,-3.3,-0.4567,0.54,30046.0
IXIC,19940720,719.57,712.77,719.57,711.08,719.32,-6.55,-0.9106,1.18,29763.0
IXIC,19940721,713.32,715.03,715.03,710.55,712.77,2.26,0.3171,0.63,29747.0
IXIC,19940722,716.76,716.68,717.13,713.93,715.03,1.65,0.2308,0.45,29372.0
IXIC,19940725,716.66,716.88,716.88,714.65,716.68,0.2,0.0279,0.31,21664.0
IXIC,19940726,717.1,714.43,717.1,714.43,716.88,-2.45,-0.3418,0.37,26855.0
IXIC,19940727,715.8,712.13,716.36,712.01,714.43,-2.3,-0.3219,0.61,27068.0
IXIC,19940728,712.06,712.43,714.31,711.87,712.13,0.3,0.0421,0.34,26719.0
IXIC,19940729,713.93,722.16,722.23,713.93,712.43,9.73,1.3657,1.17,30081.0
IXIC,19940801,722.84,722.67,724.91,722.67,722.16,0.51,0.0706,0.31,26966.0
IXIC,19940802,725.33,724.8,728.14,723.65,722.67,2.13,0.2947,0.62,30976.0
IXIC,19940803,725.28,723.5,725.41,723.5,724.8,-1.3,-0.1794,0.26,28540.0
IXIC,19940804,724.41,720.18,724.8,719.8,723.5,-3.32,-0.4589,0.69,27113.0
IXIC,19940805,718.66,715.91,718.91,715.91,720.18,-4.27,-0.5929,0.42,23091.0
IXIC,19940808,717.73,720.47,720.48,717.05,715.91,4.56,0.637,0.48,22181.0
IXIC,19940809,720.46,722.61,722.61,719.75,720.47,2.14,0.297,0.4,26725.0
IXIC,19940810,722.87,722.87,728.28,722.87,722.61,0.26,0.036,0.75,32643.0
IXIC,19940811,727.64,728.2,731.76,724.92,722.87,5.33,0.7373,0.95,32177.0
IXIC,19940812,729.43,731.61,731.89,728.75,728.2,3.41,0.4683,0.43,25946.0
IXIC,19940815,732.11,732.89,733.42,730.67,731.61,1.28,0.175,0.38,24359.0
IXIC,19940816,733.39,735.51,735.91,730.3,732.89,2.62,0.3575,0.77,29556.0
IXIC,19940817,737.01,742.66,742.73,737.01,735.51,7.15,0.9721,0.78,33531.0
IXIC,19940818,742.27,742.17,744.71,740.16,742.66,-0.49,-0.066,0.61,33528.0
IXIC,19940819,743.46,739.6,743.83,739.6,742.17,-2.57,-0.3463,0.57,28291.0
IXIC,19940822,741.76,742.29,742.83,740.52,739.6,2.69,0.3637,0.31,25475.0
IXIC,19940823,743.32,747.98,749.54,743.13,742.29,5.69,0.7665,0.86,33321.0
IXIC,19940824,748.13,751.72,751.84,747.72,747.98,3.74,0.5,0.55,32348.0
IXIC,19940825,752.19,754.8,756.54,751.57,751.72,3.08,0.4097,0.66,30829.0
IXIC,19940826,756.5,762.94,764.57,756.5,754.8,8.14,1.0784,1.07,31681.0
IXIC,19940829,763.44,763.21,765.97,762.91,762.94,0.27,0.0354,0.4,28403.0
IXIC,19940830,762.7,766.46,766.63,761.15,763.21,3.25,0.4258,0.72,29514.0
IXIC,19940831,765.73,765.62,767.6,764.55,766.46,-0.84,-0.1096,0.4,32399.0
IXIC,19940901,763.0,758.95,763.0,757.43,765.62,-6.67,-0.8712,0.73,32184.0
IXIC,19940902,759.52,759.23,761.2,758.14,758.95,0.28,0.0369,0.4,23646.0
IXIC,19940906,759.01,759.48,759.65,757.52,759.23,0.25,0.0329,0.28,18515.0
IXIC,19940907,760.51,764.28,765.12,760.07,759.48,4.8,0.632,0.66,28377.0
IXIC,19940908,764.74,769.3,769.44,764.7,764.28,5.02,0.6568,0.62,30306.0
IXIC,19940909,766.21,763.73,766.21,761.47,769.3,-5.57,-0.724,0.62,27741.0
IXIC,19940912,763.56,760.01,763.71,759.06,763.73,-3.72,-0.4871,0.61,22340.0
IXIC,19940913,761.86,765.83,765.97,761.86,760.01,5.82,0.7658,0.54,28303.0
IXIC,19940914,766.28,768.61,768.64,765.05,765.83,2.78,0.363,0.47,29306.0
IXIC,19940915,768.41,778.66,778.66,768.41,768.61,10.05,1.3076,1.33,29823.0
IXIC,19940916,777.73,777.91,779.58,773.9,778.66,-0.75,-0.0963,0.73,32330.0
IXIC,19940919,778.13,776.72,779.09,776.45,777.91,-1.19,-0.153,0.34,26154.0
IXIC,19940920,775.82,766.74,775.82,766.74,776.72,-9.98,-1.2849,1.17,30563.0
IXIC,19940921,767.13,758.08,767.24,758.08,766.74,-8.66,-1.1295,1.19,32233.0
IXIC,19940922,761.8,760.44,763.13,758.83,758.08,2.36,0.3113,0.57,30859.0
IXIC,19940923,759.88,756.82,762.24,756.82,760.44,-3.62,-0.476,0.71,32103.0
IXIC,19940926,756.95,755.63,756.95,752.49,756.82,-1.19,-0.1572,0.59,25046.0
IXIC,19940927,755.14,755.37,756.18,753.32,755.63,-0.26,-0.0344,0.38,27372.0
IXIC,19940928,756.12,760.01,761.25,756.12,755.37,4.64,0.6143,0.68,30024.0
IXIC,19940929,759.7,756.31,760.13,756.31,760.01,-3.7,-0.4868,0.5,28426.0
IXIC,19940930,760.34,759.54,765.21,759.54,756.31,3.23,0.4271,0.75,30810.0
IXIC,19941003,764.47,760.33,764.48,760.33,759.54,0.79,0.104,0.55,24489.0
IXIC,19941004,761.04,747.24,761.2,747.24,760.33,-13.09,-1.7216,1.84,33285.0
IXIC,19941005,746.19,746.28,746.46,737.62,747.24,-0.96,-0.1285,1.18,34771.0
IXIC,19941006,747.95,744.19,749.09,743.68,746.28,-2.09,-0.2801,0.72,27021.0
IXIC,19941007,745.23,749.96,750.11,745.23,744.19,5.77,0.7753,0.66,27506.0
IXIC,19941010,751.33,756.81,756.92,751.33,749.96,6.85,0.9134,0.75,23026.0
IXIC,19941011,758.37,758.37,766.18,758.37,756.81,1.56,0.2061,1.03,36759.0
IXIC,19941012,765.32,767.0,767.88,764.8,758.37,8.63,1.138,0.41,33157.0
IXIC,19941013,770.1,767.89,774.74,767.52,767.0,0.89,0.116,0.94,37298.0
IXIC,19941014,768.35,767.08,768.84,764.73,767.89,-0.81,-0.1055,0.54,29812.0
IXIC,19941017,767.07,765.78,767.93,765.05,767.08,-1.3,-0.1695,0.38,29037.0
IXIC,19941018,766.74,764.81,767.42,763.56,765.78,-0.97,-0.1267,0.5,30880.0
IXIC,19941019,765.45,770.62,771.19,764.21,764.81,5.81,0.7597,0.91,34384.0
IXIC,19941020,771.83,768.24,772.54,765.49,770.62,-2.38,-0.3088,0.91,35618.0
IXIC,19941021,767.44,765.38,767.44,763.39,768.24,-2.86,-0.3723,0.53,35423.0
IXIC,19941024,766.22,761.21,767.19,760.5,765.38,-4.17,-0.5448,0.87,28398.0
IXIC,19941025,757.23,758.26,758.37,754.47,761.21,-2.95,-0.3875,0.51,29261.0
IXIC,19941026,759.07,763.24,763.24,759.07,758.26,4.98,0.6568,0.55,31760.0
IXIC,19941027,763.78,763.78,767.49,763.78,763.24,0.54,0.0708,0.49,31500.0
IXIC,19941028,767.78,776.15,776.15,766.97,763.78,12.37,1.6196,1.2,37850.0
IXIC,19941031,775.87,777.49,778.81,774.5,776.15,1.34,0.1726,0.56,31324.0
IXIC,19941101,776.25,772.19,776.25,770.95,777.49,-5.3,-0.6817,0.68,31876.0
IXIC,19941102,772.26,771.82,776.86,771.19,772.19,-0.37,-0.0479,0.73,36002.0
IXIC,19941103,772.61,772.1,773.53,770.88,771.82,0.28,0.0363,0.34,31139.0
IXIC,19941104,772.7,766.08,773.51,766.08,772.1,-6.02,-0.7797,0.96,28088.0
IXIC,19941107,766.22,762.31,766.22,762.01,766.08,-3.77,-0.4921,0.55,24617.0
IXIC,19941108,762.61,767.54,767.64,762.61,762.31,5.23,0.6861,0.66,29866.0
IXIC,19941109,770.77,767.25,774.4,765.88,767.54,-0.29,-0.0378,1.11,31111.0
IXIC,19941110,766.5,763.98,768.76,763.98,767.25,-3.27,-0.4262,0.62,26775.0
IXIC,19941111,763.94,762.12,765.13,761.47,763.98,-1.86,-0.2435,0.48,27327.0
IXIC,19941114,763.61,768.14,768.18,763.61,762.12,6.02,0.7899,0.6,26382.0
IXIC,19941115,768.73,769.02,771.78,766.86,768.14,0.88,0.1146,0.64,32035.0
IXIC,19941116,769.73,769.64,770.9,768.42,769.02,0.62,0.0806,0.32,30977.0
IXIC,19941117,770.35,763.85,771.06,763.85,769.64,-5.79,-0.7523,0.94,35120.0
IXIC,19941118,766.57,764.67,767.41,762.96,763.85,0.82,0.1074,0.58,30380.0
IXIC,19941121,767.03,757.74,768.0,757.58,764.67,-6.93,-0.9063,1.36,30215.0
IXIC,19941122,756.57,741.21,756.57,741.2,757.74,-16.53,-2.1815,2.03,35375.0
IXIC,19941123,738.33,736.7,738.33,728.78,741.21,-4.51,-0.6085,1.29,34656.0
IXIC,19941125,737.22,742.52,742.57,737.22,736.7,5.82,0.79,0.73,9859.0
IXIC,19941128,743.08,745.73,746.21,742.96,742.52,3.21,0.4323,0.44,23930.0
IXIC,19941129,746.47,751.48,751.7,745.88,745.73,5.75,0.7711,0.78,30511.0
IXIC,19941130,751.44,750.32,754.29,748.74,751.48,-1.16,-0.1544,0.74,32571.0
IXIC,19941201,748.83,739.94,749.2,739.94,750.32,-10.38,-1.3834,1.23,27573.0
IXIC,19941202,741.99,745.02,745.12,739.28,739.94,5.08,0.6865,0.79,25995.0
IXIC,19941205,745.53,745.71,747.81,744.73,745.02,0.69,0.0926,0.41,24752.0
IXIC,19941206,744.61,741.23,745.25,740.27,745.71,-4.48,-0.6008,0.67,28635.0
IXIC,19941207,740.24,734.27,740.24,733.59,741.23,-6.96,-0.939,0.9,27225.0
IXIC,19941208,734.74,719.12,735.69,718.08,734.27,-15.15,-2.0633,2.4,33175.0
IXIC,19941209,719.26,719.05,719.42,710.94,719.12,-0.07,-0.0097,1.18,33417.0
IXIC,19941212,719.24,719.12,720.99,712.48,719.05,0.07,0.0097,1.18,26089.0
IXIC,19941213,719.92,718.02,720.61,718.02,719.12,-1.1,-0.153,0.36,26399.0
IXIC,19941214,719.1,725.67,725.67,719.1,718.02,7.65,1.0654,0.92,32851.0
IXIC,19941215,727.04,730.68,730.7,727.04,725.67,5.01,0.6904,0.5,34297.0
IXIC,19941216,730.83,729.07,732.02,729.06,730.68,-1.61,-0.2203,0.41,32146.0
IXIC,19941219,728.75,727.89,729.16,726.66,729.07,-1.18,-0.1619,0.34,28008.0
IXIC,19941220,729.57,728.51,730.73,726.26,727.89,0.62,0.0852,0.61,32550.0
IXIC,19941221,729.72,737.12,737.13,729.72,728.51,8.61,1.1819,1.02,34960.0
IXIC,19941222,737.26,739.34,739.52,737.26,737.12,2.22,0.3012,0.31,35868.0
IXIC,19941223,739.03,742.19,743.17,739.0,739.34,2.85,0.3855,0.56,21653.0
IXIC,19941227,743.6,746.19,746.2,743.6,742.19,4.0,0.5389,0.35,22908.0
IXIC,19941228,746.39,742.46,746.55,740.79,746.19,-3.73,-0.4999,0.77,26126.0
IXIC,19941229,742.97,742.68,749.67,742.68,742.46,0.22,0.0296,0.94,29096.0
IXIC,19941230,749.26,751.96,751.98,746.87,742.68,9.28,1.2495,0.69,33250.0
IXIC,19950103,751.31,743.58,751.31,743.53,751.96,-8.38,-1.1144,1.03,24875.0
IXIC,19950104,744.77,740.47,746.42,740.47,743.58,-3.11,-0.4182,0.8,29035.0
IXIC,19950105,746.87,745.66,748.5,745.13,740.47,5.19,0.7009,0.46,29751.0
IXIC,19950106,746.27,749.69,750.73,745.76,745.66,4.03,0.5405,0.67,31292.0
IXIC,19950109,750.19,752.09,752.84,750.1,749.69,2.4,0.3201,0.37,26709.0
IXIC,19950110,754.27,756.52,759.22,754.27,752.09,4.43,0.589,0.66,35351.0
IXIC,19950111,758.14,751.7,760.05,751.7,756.52,-4.82,-0.6371,1.1,32952.0
IXIC,19950112,755.66,756.51,757.05,754.65,751.7,4.81,0.6399,0.32,30223.0
IXIC,19950113,758.36,762.16,762.32,757.28,756.51,5.65,0.7469,0.67,31363.0
IXIC,19950116,762.3,762.19,769.13,762.19,762.16,0.03,0.0039,0.91,30137.0
IXIC,19950117,769.17,772.14,772.16,768.4,762.19,9.95,1.3054,0.49,33733.0
IXIC,19950118,773.01,772.38,774.31,769.18,772.14,0.24,0.0311,0.66,34833.0
IXIC,19950119,772.34,768.55,772.34,768.32,772.38,-3.83,-0.4959,0.52,33183.0
IXIC,19950120,767.99,762.05,768.12,759.32,768.55,-6.5,-0.8457,1.15,34217.0
IXIC,19950123,759.32,753.81,759.58,753.81,762.05,-8.24,-1.0813,0.76,27642.0
IXIC,19950124,760.52,763.2,763.33,759.82,753.81,9.39,1.2457,0.47,29833.0
IXIC,19950125,759.69,760.98,763.34,757.19,763.2,-2.22,-0.2909,0.81,31310.0
IXIC,19950126,761.05,757.56,762.32,757.56,760.98,-3.42,-0.4494,0.63,29506.0
IXIC,19950127,758.86,758.91,760.42,756.85,757.56,1.35,0.1782,0.47,30938.0
IXIC,19950130,759.63,751.83,760.57,751.49,758.91,-7.08,-0.9329,1.2,25947.0
IXIC,19950131,752.85,755.2,755.8,751.05,751.83,3.37,0.4482,0.63,30143.0
IXIC,19950201,756.68,758.31,762.33,756.68,755.2,3.11,0.4118,0.75,30993.0
IXIC,19950202,758.16,758.16,763.66,758.16,758.31,-0.15,-0.0198,0.73,29426.0
IXIC,19950203,766.51,766.51,773.94,766.51,758.16,8.35,1.1014,0.98,37985.0
IXIC,19950206,772.82,772.82,779.11,772.82,766.51,6.31,0.8232,0.82,29848.0
IXIC,19950207,779.79,778.97,780.93,776.97,772.82,6.15,0.7958,0.51,32097.0
IXIC,19950208,780.19,779.23,784.03,779.23,778.97,0.26,0.0334,0.62,34942.0
IXIC,19950209,785.04,785.44,787.89,784.97,779.23,6.21,0.7969,0.37,38142.0
IXIC,19950210,786.41,790.43,790.82,786.41,785.44,4.99,0.6353,0.56,35938.0
IXIC,19950213,789.7,789.42,792.09,788.72,790.43,-1.01,-0.1278,0.43,30036.0
IXIC,19950214,790.14,790.62,791.5,788.67,789.42,1.2,0.152,0.36,34525.0
IXIC,19950215,790.76,795.63,795.63,789.74,790.62,5.01,0.6337,0.74,38229.0
IXIC,19950216,796.02,793.31,796.02,790.98,795.63,-2.32,-0.2916,0.63,34399.0
IXIC,19950217,791.99,786.83,791.99,786.83,793.31,-6.48,-0.8168,0.65,29451.0
IXIC,19950221,787.73,784.15,788.25,784.15,786.83,-2.68,-0.3406,0.52,27262.0
IXIC,19950222,783.96,783.51,788.26,783.51,784.15,-0.64,-0.0816,0.61,30220.0
IXIC,19950223,789.26,791.35,794.5,789.26,783.51,7.84,1.0006,0.67,35698.0
IXIC,19950224,790.8,791.08,791.8,787.12,791.35,-0.27,-0.0341,0.59,31854.0
IXIC,19950227,789.55,783.73,790.81,783.73,791.08,-7.35,-0.9291,0.89,27226.0
IXIC,19950228,785.53,784.72,794.01,784.72,783.73,0.99,0.1263,1.19,32335.0
IXIC,19950301,794.33,791.87,795.29,791.87,784.72,7.15,0.9112,0.44,33651.0
IXIC,19950302,792.4,793.68,793.69,790.72,791.87,1.81,0.2286,0.38,29734.0
IXIC,19950303,793.21,798.79,798.8,792.23,793.68,5.11,0.6438,0.83,31359.0
IXIC,19950306,796.53,791.7,797.79,791.7,798.79,-7.09,-0.8876,0.76,26511.0
IXIC,19950307,797.87,791.33,798.31,790.35,791.7,-0.37,-0.0467,1.01,33676.0
IXIC,19950308,793.05,795.81,795.81,791.51,791.33,4.48,0.5661,0.54,31315.0
IXIC,19950309,796.48,796.24,797.93,793.32,795.81,0.43,0.054,0.58,31947.0
IXIC,19950310,795.96,802.22,802.22,795.78,796.24,5.98,0.751,0.81,33032.0
IXIC,19950313,802.22,802.31,804.62,801.37,802.22,0.09,0.0112,0.41,28107.0
IXIC,19950314,804.46,808.24,809.18,804.46,802.31,5.93,0.7391,0.59,34717.0
IXIC,19950315,807.98,807.38,808.69,804.84,808.24,-0.86,-0.1064,0.48,33551.0
IXIC,19950316,807.18,806.8,809.59,806.8,807.38,-0.58,-0.0718,0.35,34015.0
IXIC,19950317,811.03,808.33,811.23,807.34,806.8,1.53,0.1896,0.48,31535.0
IXIC,19950320,808.35,810.49,810.66,807.4,808.33,2.16,0.2672,0.4,27741.0
IXIC,19950321,811.06,809.78,814.21,808.88,810.49,-0.71,-0.0876,0.66,33615.0
IXIC,19950322,808.65,809.1,809.43,806.7,809.78,-0.68,-0.084,0.34,31514.0
IXIC,19950323,809.3,808.9,813.33,808.9,809.1,-0.2,-0.0247,0.55,35079.0
IXIC,19950324,812.96,812.87,818.67,812.87,808.9,3.97,0.4908,0.72,40289.0
IXIC,19950327,817.88,822.63,822.66,817.29,812.87,9.76,1.2007,0.66,31523.0
IXIC,19950328,822.91,826.14,826.17,821.57,822.63,3.51,0.4267,0.56,35024.0
IXIC,19950329,826.1,819.16,829.92,817.24,826.14,-6.98,-0.8449,1.53,41038.0
IXIC,19950330,820.65,816.86,822.24,811.23,819.16,-2.3,-0.2808,1.34,36332.0
IXIC,19950331,813.24,817.21,817.23,806.5,816.86,0.35,0.0428,1.31,34785.0
IXIC,19950403,816.06,818.05,818.28,812.25,817.21,0.84,0.1028,0.74,27392.0
IXIC,19950404,817.06,813.72,820.48,813.58,818.05,-4.33,-0.5293,0.84,36564.0
IXIC,19950405,813.68,816.32,816.32,810.89,813.72,2.6,0.3195,0.67,34889.0
IXIC,19950406,816.93,813.52,818.16,813.52,816.32,-2.8,-0.343,0.57,34832.0
IXIC,19950407,814.84,814.69,816.19,811.56,813.52,1.17,0.1438,0.57,33146.0
IXIC,19950410,814.44,821.26,821.36,813.9,814.69,6.57,0.8064,0.92,30092.0
IXIC,19950411,824.12,824.83,825.74,821.69,821.26,3.57,0.4347,0.49,35565.0
IXIC,19950412,825.49,828.53,828.56,823.69,824.83,3.7,0.4486,0.59,34518.0
IXIC,19950413,829.06,832.64,832.9,828.86,828.53,4.11,0.4961,0.49,35983.0
IXIC,19950417,835.15,830.82,839.5,829.91,832.64,-1.82,-0.2186,1.15,36650.0
IXIC,19950418,833.37,825.74,834.45,825.01,830.82,-5.08,-0.6114,1.14,37708.0
IXIC,19950419,825.07,816.55,825.23,812.75,825.74,-9.19,-1.1129,1.51,45396.0
IXIC,19950420,817.89,819.01,819.1,813.95,816.55,2.46,0.3013,0.63,40886.0
IXIC,19950421,821.39,823.44,823.67,820.43,819.01,4.43,0.5409,0.4,39451.0
IXIC,19950424,823.25,828.91,829.48,821.53,823.44,5.47,0.6643,0.97,31870.0
IXIC,19950425,829.62,828.69,832.07,828.69,828.91,-0.22,-0.0265,0.41,37549.0
IXIC,19950426,830.47,836.91,836.91,829.17,828.69,8.22,0.9919,0.93,39241.0
IXIC,19950427,837.15,840.95,842.62,837.15,836.91,4.04,0.4827,0.65,41755.0
IXIC,19950428,841.66,843.98,844.42,837.45,840.95,3.03,0.3603,0.83,37583.0
IXIC,19950501,844.72,841.63,846.42,841.63,843.98,-2.35,-0.2784,0.57,31566.0
IXIC,19950502,841.93,841.79,842.82,839.43,841.63,0.16,0.019,0.4,34849.0
IXIC,19950503,842.75,850.26,850.27,842.75,841.79,8.47,1.0062,0.89,39881.0
IXIC,19950504,851.5,846.75,856.79,846.07,850.26,-3.51,-0.4128,1.26,42100.0
IXIC,19950505,849.07,842.57,850.79,842.57,846.75,-4.18,-0.4937,0.97,33189.0
IXIC,19950508,843.48,849.29,849.84,842.76,842.57,6.72,0.7976,0.84,32016.0
IXIC,19950509,850.42,845.36,851.89,845.36,849.29,-3.93,-0.4627,0.77,38175.0
IXIC,19950510,850.48,847.62,851.99,845.75,845.36,2.26,0.2673,0.74,38003.0
IXIC,19950511,847.12,853.83,853.84,846.13,847.62,6.21,0.7326,0.91,39071.0
IXIC,19950512,853.74,858.94,859.88,852.52,853.83,5.11,0.5985,0.86,40457.0
IXIC,19950515,859.74,863.06,863.39,857.98,858.94,4.12,0.4797,0.63,35004.0
IXIC,19950516,863.39,868.25,868.86,862.56,863.06,5.19,0.6013,0.73,38210.0
IXIC,19950517,869.5,871.93,874.51,869.5,868.25,3.68,0.4238,0.58,40411.0
IXIC,19950518,872.53,864.06,874.44,864.05,871.93,-7.87,-0.9026,1.19,38818.0
IXIC,19950519,862.28,858.66,864.83,858.66,864.06,-5.4,-0.625,0.71,33719.0
IXIC,19950522,865.57,871.18,871.58,865.42,858.66,12.52,1.4581,0.72,34414.0
IXIC,19950523,872.01,879.64,879.66,872.01,871.18,8.46,0.9711,0.88,41492.0
IXIC,19950524,882.9,875.99,885.92,875.99,879.64,-3.65,-0.4149,1.13,43921.0
IXIC,19950525,877.74,877.32,878.76,871.65,875.99,1.33,0.1518,0.81,38156.0
IXIC,19950526,876.26,871.87,876.26,870.04,877.32,-5.45,-0.6212,0.71,30272.0
IXIC,19950530,872.77,858.7,873.7,857.74,871.87,-13.17,-1.5105,1.83,32036.0
IXIC,19950531,859.17,864.58,864.58,851.72,858.7,5.88,0.6848,1.5,37615.0
IXIC,19950601,865.67,868.82,870.21,864.21,864.58,4.24,0.4904,0.69,35442.0
IXIC,19950602,867.12,872.97,875.12,863.84,868.82,4.15,0.4777,1.3,35197.0
IXIC,19950605,875.25,882.85,884.18,875.25,872.97,9.88,1.1318,1.02,37235.0
IXIC,19950606,882.83,879.4,885.83,879.4,882.85,-3.45,-0.3908,0.73,38750.0
IXIC,19950607,880.41,881.58,883.06,878.32,879.4,2.18,0.2479,0.54,37842.0
IXIC,19950608,882.18,886.13,886.3,882.18,881.58,4.55,0.5161,0.47,37856.0
IXIC,19950609,885.72,884.38,885.79,880.48,886.13,-1.75,-0.1975,0.6,38260.0
IXIC,19950612,885.55,887.98,889.33,885.55,884.38,3.6,0.4071,0.43,35276.0
IXIC,19950613,890.51,894.23,894.23,890.05,887.98,6.25,0.7038,0.47,40298.0
IXIC,19950614,892.26,895.72,896.28,891.02,894.23,1.49,0.1666,0.59,42145.0
IXIC,19950615,896.33,902.68,903.86,896.33,895.72,6.96,0.777,0.84,41228.0
IXIC,19950616,904.37,904.14,908.65,904.14,902.68,1.46,0.1617,0.5,40321.0
IXIC,19950619,909.9,922.09,922.09,909.84,904.14,17.95,1.9853,1.35,40700.0
IXIC,19950620,924.11,924.01,929.85,924.01,922.09,1.92,0.2082,0.63,44449.0
IXIC,19950621,931.61,929.19,933.75,926.0,924.01,5.18,0.5606,0.84,45528.0
IXIC,19950622,941.17,940.09,941.17,931.26,929.19,10.9,1.1731,1.07,47408.0
IXIC,19950623,938.65,936.73,940.1,936.73,940.09,-3.36,-0.3574,0.36,44726.0
IXIC,19950626,938.33,926.98,939.14,926.79,936.73,-9.75,-1.0409,1.32,38498.0
IXIC,19950627,925.19,919.56,928.62,918.89,926.98,-7.42,-0.8004,1.05,41749.0
IXIC,19950628,918.08,920.52,921.99,913.02,919.56,0.96,0.1044,0.98,39532.0
IXIC,19950629,921.04,926.81,927.78,919.88,920.52,6.29,0.6833,0.86,36860.0
IXIC,19950630,928.02,933.45,934.03,928.02,926.81,6.64,0.7164,0.65,40214.0
IXIC,19950703,933.99,934.53,935.33,931.99,933.45,1.08,0.1157,0.36,13077.0
IXIC,19950705,937.05,941.82,943.48,937.05,934.53,7.29,0.7801,0.69,37032.0
IXIC,19950706,943.32,952.93,953.0,942.59,941.82,11.11,1.1796,1.11,42554.0
IXIC,19950707,952.9,952.64,969.77,952.64,952.93,-0.29,-0.0304,1.8,51220.0
IXIC,19950710,970.41,976.63,977.84,970.11,952.64,23.99,2.5183,0.81,45732.0
IXIC,19950711,975.39,970.22,975.53,970.2,976.63,-6.41,-0.6563,0.55,44375.0
IXIC,19950712,975.9,988.63,988.71,975.77,970.22,18.41,1.8975,1.33,51447.0
IXIC,19950713,989.27,994.15,999.59,988.25,988.63,5.52,0.5583,1.15,53010.0
IXIC,19950714,988.96,999.33,999.33,984.29,994.15,5.18,0.521,1.51,43360.0
IXIC,19950717,1000.73,1005.89,1007.18,1000.73,999.33,6.56,0.6564,0.65,46642.0
IXIC,19950718,1005.65,988.53,1006.65,987.24,1005.89,-17.36,-1.7258,1.93,48365.0
IXIC,19950719,969.83,937.31,969.83,937.31,988.53,-51.22,-5.1814,3.29,59791.0
IXIC,19950720,955.97,960.57,961.55,952.06,937.31,23.26,2.4816,1.01,48083.0
IXIC,19950721,959.25,961.77,967.51,957.95,960.57,1.2,0.1249,1.0,46869.0
IXIC,19950724,964.12,978.57,978.71,964.12,961.77,16.8,1.7468,1.52,40409.0
IXIC,19950725,985.12,983.64,994.73,983.64,978.57,5.07,0.5181,1.13,49993.0
IXIC,19950726,996.77,996.77,1002.57,996.77,983.64,13.13,1.3348,0.59,48390.0
IXIC,19950727,1002.43,1010.66,1011.84,1002.43,996.77,13.89,1.3935,0.94,50852.0
IXIC,19950728,1009.99,1005.28,1010.99,1003.28,1010.66,-5.38,-0.5323,0.76,45856.0
IXIC,19950731,1006.43,1001.21,1023.03,995.76,1005.28,-4.07,-0.4049,2.71,38557.0
IXIC,19950801,1001.57,991.11,1001.72,986.17,1001.21,-10.1,-1.0088,1.55,43632.0
IXIC,19950802,995.11,983.75,1001.33,983.53,991.11,-7.36,-0.7426,1.8,48633.0
IXIC,19950803,980.17,982.7,982.98,970.81,983.75,-1.05,-0.1067,1.24,45190.0
IXIC,19950804,983.8,983.8,991.46,983.8,982.7,1.1,0.1119,0.78,37886.0
IXIC,19950807,992.78,995.22,997.16,992.78,983.8,11.42,1.1608,0.45,36245.0
IXIC,19950808,997.31,997.12,999.69,995.05,995.22,1.9,0.1909,0.47,40367.0
IXIC,19950809,1003.83,1002.67,1005.93,1002.67,997.12,5.55,0.5566,0.33,47649.0
IXIC,19950810,1005.86,1000.61,1007.04,998.88,1002.67,-2.06,-0.2055,0.81,45226.0
IXIC,19950811,1004.08,1004.11,1006.54,999.52,1000.61,3.5,0.3498,0.7,37576.0
IXIC,19950814,1004.19,1012.44,1012.44,1003.35,1004.11,8.33,0.8296,0.91,37132.0
IXIC,19950815,1014.59,1012.37,1015.83,1007.18,1012.44,-0.07,-0.0069,0.85,42444.0
IXIC,19950816,1016.19,1025.75,1025.76,1015.64,1012.37,13.38,1.3217,1.0,47204.0
IXIC,19950817,1026.39,1023.92,1030.51,1023.92,1025.75,-1.83,-0.1784,0.64,49682.0
IXIC,19950818,1032.63,1031.28,1034.13,1028.48,1023.92,7.36,0.7188,0.55,47054.0
IXIC,19950821,1033.02,1017.74,1035.1899,1017.74,1031.28,-13.54,-1.3129,1.69,43798.0
IXIC,19950822,1021.48,1016.39,1025.5601,1016.39,1017.74,-1.35,-0.1326,0.9,46603.0
IXIC,19950823,1027.33,1028.19,1029.46,1024.65,1016.39,11.8,1.161,0.47,43081.0
IXIC,19950824,1028.26,1020.93,1029.23,1019.2,1028.19,-7.26,-0.7061,0.98,44946.0
IXIC,19950825,1021.53,1019.07,1022.73,1019.07,1020.93,-1.86,-0.1822,0.36,38336.0
IXIC,19950828,1020.7,1008.0,1021.49,1008.0,1019.07,-11.07,-1.0863,1.32,39779.0
IXIC,19950829,1007.86,989.48,1007.99,989.48,1008.0,-18.52,-1.8373,1.84,47064.0
IXIC,19950830,1006.96,1012.61,1012.74,1006.96,989.48,23.13,2.3376,0.58,40184.0
IXIC,19950831,1013.88,1020.11,1020.64,1013.65,1012.61,7.5,0.7407,0.69,37582.0
IXIC,19950901,1019.42,1019.47,1020.6,1016.93,1020.11,-0.64,-0.0627,0.36,29245.0
IXIC,19950905,1021.73,1039.3,1039.3,1021.73,1019.47,19.83,1.9451,1.72,38700.0
IXIC,19950906,1040.67,1040.67,1046.33,1040.67,1039.3,1.37,0.1318,0.54,46405.0
IXIC,19950907,1048.48,1051.08,1053.98,1047.75,1040.67,10.41,1.0003,0.6,48986.0
IXIC,19950908,1052.58,1060.03,1060.04,1048.13,1051.08,8.95,0.8515,1.13,46460.0
IXIC,19950911,1060.47,1066.56,1068.17,1060.47,1060.03,6.53,0.616,0.73,44184.0
IXIC,19950912,1068.7,1065.0,1070.23,1064.12,1066.56,-1.56,-0.1463,0.57,46793.0
IXIC,19950913,1065.34,1062.9,1069.8199,1062.9,1065.0,-2.1,-0.1972,0.65,49892.0
IXIC,19950914,1068.23,1066.96,1069.63,1063.72,1062.9,4.06,0.382,0.56,48461.0
IXIC,19950915,1062.9399,1051.1,1062.9399,1047.7,1066.96,-15.86,-1.4865,1.43,52020.0
IXIC,19950918,1052.0,1041.68,1052.16,1041.68,1051.1,-9.42,-0.8962,1.0,40698.0
IXIC,19950919,1049.01,1049.01,1060.66,1049.01,1041.68,7.33,0.7037,1.12,46668.0
IXIC,19950920,1063.42,1065.09,1066.95,1063.42,1049.01,16.08,1.5329,0.34,51482.0
IXIC,19950921,1062.73,1058.51,1063.8,1054.63,1065.09,-6.58,-0.6178,0.86,46969.0
IXIC,19950922,1055.6801,1053.39,1055.6801,1048.04,1058.51,-5.12,-0.4837,0.72,43904.0
IXIC,19950925,1053.53,1046.15,1053.91,1042.64,1053.39,-7.24,-0.6873,1.07,31267.0
IXIC,19950926,1048.04,1038.05,1052.88,1038.04,1046.15,-8.1,-0.7743,1.42,42667.0
IXIC,19950927,1035.0,1026.54,1035.0,1008.44,1038.05,-11.51,-1.1088,2.56,52353.0
IXIC,19950928,1028.49,1028.49,1047.0601,1028.49,1026.54,1.95,0.19,1.81,44842.0
IXIC,19950929,1047.79,1043.54,1051.4,1040.24,1028.49,15.05,1.4633,1.09,46358.0
IXIC,19951002,1041.39,1027.16,1043.04,1027.16,1043.54,-16.38,-1.5697,1.52,39376.0
IXIC,19951003,1027.99,1020.45,1028.66,1012.25,1027.16,-6.71,-0.6533,1.6,45600.0
IXIC,19951004,1017.04,1002.27,1017.04,1001.71,1020.45,-18.18,-1.7816,1.5,38639.0
IXIC,19951005,1002.07,1014.2,1014.21,1000.03,1002.27,11.93,1.1903,1.41,45656.0
IXIC,19951006,1017.94,1011.4,1022.81,1011.4,1014.2,-2.8,-0.2761,1.13,45001.0
IXIC,19951009,1006.81,984.74,1006.81,982.36,1011.4,-26.66,-2.636,2.42,40357.0
IXIC,19951010,978.64,983.47,984.46,959.36,984.74,-1.27,-0.129,2.55,53268.0
IXIC,19951011,992.63,1001.57,1001.58,990.87,983.47,18.1,1.8404,1.09,45422.0
IXIC,19951012,1003.58,1015.63,1015.64,1003.58,1001.57,14.06,1.4038,1.2,42176.0
IXIC,19951013,1021.89,1018.16,1024.3199,1018.16,1015.63,2.53,0.2491,0.61,42554.0
IXIC,19951016,1018.33,1018.13,1021.45,1016.51,1018.16,-0.03,-0.0029,0.49,32598.0
IXIC,19951017,1021.53,1035.44,1035.44,1018.74,1018.13,17.31,1.7002,1.64,43462.0
IXIC,19951018,1046.74,1042.78,1050.65,1042.78,1035.44,7.34,0.7089,0.76,54455.0
IXIC,19951019,1042.8,1039.4,1047.8199,1039.4,1042.78,-3.38,-0.3241,0.81,47089.0
IXIC,19951020,1046.64,1039.53,1048.01,1036.86,1039.4,0.13,0.0125,1.07,42803.0
IXIC,19951023,1035.28,1036.92,1038.05,1031.27,1039.53,-2.61,-0.2511,0.65,36855.0
IXIC,19951024,1039.53,1038.18,1042.13,1038.18,1036.92,1.26,0.1215,0.38,44569.0
IXIC,19951025,1040.1,1026.44,1040.9301,1026.4399,1038.18,-11.74,-1.1308,1.4,45610.0
IXIC,19951026,1026.2,1007.44,1027.53,1007.44,1026.44,-19.0,-1.8511,1.96,47902.0
IXIC,19951027,1016.41,1012.54,1025.5601,1012.54,1007.44,5.1,0.5062,1.29,44032.0
IXIC,19951030,1028.17,1039.69,1040.15,1028.17,1012.54,27.15,2.6814,1.18,41639.0
IXIC,19951031,1043.5699,1036.06,1046.03,1035.9301,1039.69,-3.63,-0.3491,0.97,46986.0
IXIC,19951101,1037.3,1040.5,1040.61,1034.39,1036.06,4.44,0.4285,0.6,43720.0
IXIC,19951102,1042.11,1057.32,1057.33,1041.96,1040.5,16.82,1.6165,1.48,49940.0
IXIC,19951103,1059.15,1065.66,1065.66,1056.54,1057.32,8.34,0.7888,0.86,45192.0
IXIC,19951106,1065.63,1062.14,1067.8,1061.45,1065.66,-3.52,-0.3303,0.6,39076.0
IXIC,19951107,1058.99,1043.9,1058.99,1038.63,1062.14,-18.24,-1.7173,1.92,51903.0
IXIC,19951108,1046.0,1047.94,1053.77,1044.97,1043.9,4.04,0.387,0.84,47691.0
IXIC,19951109,1057.03,1057.03,1065.64,1057.03,1047.94,9.09,0.8674,0.82,47819.0
IXIC,19951110,1063.72,1060.93,1068.8101,1060.93,1057.03,3.9,0.369,0.75,47314.0
IXIC,19951113,1063.21,1058.46,1065.78,1057.34,1060.93,-2.47,-0.2328,0.8,39598.0
IXIC,19951114,1054.14,1040.62,1054.76,1040.62,1058.46,-17.84,-1.6855,1.34,44725.0
IXIC,19951115,1044.16,1033.21,1045.9399,1033.21,1040.62,-7.41,-0.7121,1.22,45939.0
IXIC,19951116,1038.33,1037.17,1048.9399,1037.17,1033.21,3.96,0.3833,1.14,49242.0
IXIC,19951117,1045.27,1042.23,1046.9301,1042.23,1037.17,5.06,0.4879,0.45,47798.0
IXIC,19951120,1048.0699,1029.47,1049.89,1029.47,1042.23,-12.76,-1.2243,1.96,43811.0
IXIC,19951121,1029.24,1024.99,1029.24,1016.58,1029.47,-4.48,-0.4352,1.23,53791.0
IXIC,19951122,1027.36,1021.24,1031.26,1021.24,1024.99,-3.75,-0.3659,0.98,41896.0
IXIC,19951124,1022.84,1022.84,1030.1801,1022.84,1021.24,1.6,0.1567,0.72,13610.0
IXIC,19951127,1034.0,1029.07,1037.8199,1029.0699,1022.84,6.23,0.6091,0.86,43922.0
IXIC,19951128,1030.65,1029.51,1050.0601,1029.51,1029.07,0.44,0.0428,2.0,49708.0
IXIC,19951129,1052.6801,1057.57,1057.58,1049.55,1029.51,28.06,2.7256,0.78,53440.0
IXIC,19951130,1056.77,1056.01,1061.88,1056.01,1057.57,-1.56,-0.1475,0.56,54296.0
IXIC,19951201,1060.66,1053.25,1060.83,1053.25,1056.01,-2.76,-0.2614,0.72,49508.0
IXIC,19951204,1057.95,1056.93,1072.3,1056.93,1053.25,3.68,0.3494,1.46,50503.0
IXIC,19951205,1071.24,1065.89,1074.85,1064.14,1056.93,8.96,0.8477,1.01,56738.0
IXIC,19951206,1067.86,1061.73,1069.8,1055.47,1065.89,-4.16,-0.3903,1.34,56767.0
IXIC,19951207,1061.89,1053.17,1061.89,1048.27,1061.73,-8.56,-0.8062,1.28,49123.0
IXIC,19951208,1056.4301,1062.41,1062.4399,1052.29,1053.17,9.24,0.8774,0.96,45591.0
IXIC,19951211,1064.6801,1061.49,1065.73,1061.48,1062.41,-0.92,-0.0866,0.4,42376.0
IXIC,19951212,1061.98,1052.07,1061.98,1051.75,1061.49,-9.42,-0.8874,0.96,46386.0
IXIC,19951213,1054.46,1056.54,1058.6,1053.02,1052.07,4.47,0.4249,0.53,48412.0
IXIC,19951214,1057.03,1038.19,1058.34,1038.17,1056.54,-18.35,-1.7368,1.91,56570.0
IXIC,19951215,1041.11,1028.22,1041.76,1028.22,1038.19,-9.97,-0.9603,1.3,58183.0
IXIC,19951218,1029.12,1002.56,1029.12,1001.53,1028.22,-25.66,-2.4956,2.68,57664.0
IXIC,19951219,1005.43,1004.73,1026.41,1004.73,1002.56,2.17,0.2164,2.16,56433.0
IXIC,19951220,1032.51,1025.27,1036.28,1025.03,1004.73,20.54,2.0443,1.12,56789.0
IXIC,19951221,1030.24,1040.64,1040.65,1030.24,1025.27,15.37,1.4991,1.02,53280.0
IXIC,19951222,1041.48,1046.89,1046.89,1041.48,1040.64,6.25,0.6006,0.52,42060.0
IXIC,19951226,1047.5601,1049.36,1049.63,1045.5699,1046.89,2.47,0.2359,0.39,33277.0
IXIC,19951227,1049.9,1048.13,1051.27,1046.05,1049.36,-1.23,-0.1172,0.5,38432.0
IXIC,19951228,1044.38,1039.56,1044.38,1039.56,1048.13,-8.57,-0.8176,0.46,44967.0
IXIC,19951229,1042.26,1040.25,1052.1801,1040.25,1039.56,0.69,0.0664,1.15,54191.0
IXIC,19960102,1052.83,1058.65,1058.88,1048.47,1040.25,18.4,1.7688,1.0,39962.0
IXIC,19960103,1056.36,1045.32,1058.92,1045.3199,1058.65,-13.33,-1.2592,1.28,50655.0
IXIC,19960104,1047.2,1021.57,1047.64,1021.57,1045.32,-23.75,-2.272,2.49,62997.0
IXIC,19960105,1022.41,1033.47,1033.47,1017.69,1021.57,11.9,1.1649,1.54,54813.0
IXIC,19960108,1034.9399,1032.37,1035.62,1031.34,1033.47,-1.1,-0.1064,0.41,14269.0
IXIC,19960109,1031.61,997.66,1031.61,997.66,1032.37,-34.71,-3.3622,3.29,54579.0
IXIC,19960110,991.93,990.21,1003.24,987.98,997.66,-7.45,-0.7467,1.53,60342.0
IXIC,19960111,999.92,1011.1,1011.1,998.29,990.21,20.89,2.1097,1.29,51320.0
IXIC,19960112,1013.26,1008.23,1014.91,1001.92,1011.1,-2.87,-0.2838,1.28,48530.0
IXIC,19960115,1009.96,988.57,1010.24,988.57,1008.23,-19.66,-1.95,2.15,42266.0
IXIC,19960116,994.31,995.87,995.88,977.79,988.57,7.3,0.7384,1.83,56185.0
IXIC,19960117,987.28,998.3,1006.24,986.32,995.87,2.43,0.244,2.0,61369.0
IXIC,19960118,1003.37,1007.24,1007.43,999.47,998.3,8.94,0.8955,0.8,53676.0
IXIC,19960119,1009.6,1018.45,1019.52,1009.05,1007.24,11.21,1.1129,1.04,57112.0
IXIC,19960122,1019.72,1029.44,1029.47,1019.14,1018.45,10.99,1.0791,1.01,48443.0
IXIC,19960123,1029.53,1027.29,1031.61,1027.29,1029.44,-2.15,-0.2089,0.42,53387.0
IXIC,19960124,1032.6899,1043.46,1043.46,1032.6899,1027.29,16.17,1.574,1.05,59300.0
IXIC,19960125,1045.17,1035.25,1046.0,1035.25,1043.46,-8.21,-0.7868,1.03,58281.0
IXIC,19960126,1034.71,1040.96,1040.97,1032.26,1035.25,5.71,0.5516,0.84,51361.0
IXIC,19960129,1042.53,1039.87,1044.49,1039.87,1040.96,-1.09,-0.1047,0.44,43438.0
IXIC,19960130,1045.35,1051.3,1052.3,1045.35,1039.87,11.43,1.0992,0.67,54219.0
IXIC,19960131,1052.21,1048.14,1059.8101,1048.14,1051.3,-3.16,-0.3006,1.11,56117.0
IXIC,19960201,1058.26,1057.82,1069.46,1057.8199,1048.14,9.68,0.9235,1.11,58307.0
IXIC,19960202,1071.65,1069.9,1076.3199,1069.9,1057.82,12.08,1.142,0.61,56126.0
IXIC,19960205,1072.95,1070.8,1083.36,1070.8,1069.9,0.9,0.0841,1.17,51204.0
IXIC,19960206,1084.08,1084.0,1090.6,1084.0,1070.8,13.2,1.2327,0.62,58949.0
IXIC,19960207,1088.87,1084.88,1089.98,1081.26,1084.0,0.88,0.0812,0.8,61164.0
IXIC,19960208,1084.9301,1093.17,1093.51,1080.65,1084.88,8.29,0.7641,1.19,55658.0
IXIC,19960209,1093.39,1089.97,1098.85,1089.97,1093.17,-3.2,-0.2927,0.81,55265.0
IXIC,19960212,1094.84,1094.66,1098.9399,1094.66,1089.97,4.69,0.4303,0.39,49404.0
IXIC,19960213,1084.45,1079.94,1093.76,1079.9399,1094.66,-14.72,-1.3447,1.26,52525.0
IXIC,19960214,1089.6,1083.83,1093.4399,1083.83,1079.94,3.89,0.3602,0.89,51589.0
IXIC,19960215,1087.59,1090.54,1092.26,1086.67,1083.83,6.71,0.6191,0.52,49376.0
IXIC,19960216,1091.39,1090.71,1092.01,1085.62,1090.54,0.17,0.0156,0.59,45968.0
IXIC,19960220,1085.52,1083.24,1088.95,1080.03,1090.71,-7.47,-0.6849,0.82,45968.0
IXIC,19960221,1085.12,1084.96,1096.9399,1084.96,1083.24,1.72,0.1588,1.11,48581.0
IXIC,19960222,1100.17,1117.11,1117.53,1100.17,1084.96,32.15,2.9632,1.6,64114.0
IXIC,19960223,1118.6,1117.79,1121.89,1109.15,1117.11,0.68,0.0609,1.14,58352.0
IXIC,19960226,1116.53,1111.09,1119.1,1111.09,1117.79,-6.7,-0.5994,0.72,47380.0
IXIC,19960227,1114.13,1105.17,1115.39,1105.17,1111.09,-5.92,-0.5328,0.92,51446.0
IXIC,19960228,1109.6,1107.55,1114.92,1106.67,1105.17,2.38,0.2154,0.75,54344.0
IXIC,19960229,1102.17,1100.05,1105.46,1098.09,1107.55,-7.5,-0.6772,0.67,53323.0
IXIC,19960301,1098.9399,1086.06,1100.29,1082.97,1100.05,-13.99,-1.2718,1.57,58717.0
IXIC,19960304,1088.91,1084.88,1091.77,1083.26,1086.06,-1.18,-0.1087,0.78,47438.0
IXIC,19960305,1084.24,1083.24,1096.8199,1083.24,1084.88,-1.64,-0.1512,1.25,49190.0
IXIC,19960306,1096.89,1091.82,1099.0699,1091.8199,1083.24,8.58,0.7921,0.67,53254.0
IXIC,19960307,1092.77,1093.12,1095.37,1090.48,1091.82,1.3,0.1191,0.45,50936.0
IXIC,19960308,1080.8199,1063.73,1081.3,1057.87,1093.12,-29.39,-2.6886,2.14,58364.0
IXIC,19960311,1065.0,1064.64,1080.64,1064.64,1063.73,0.91,0.0855,1.5,45788.0
IXIC,19960312,1078.72,1073.05,1078.72,1066.04,1064.64,8.41,0.7899,1.19,45934.0
IXIC,19960313,1079.91,1088.64,1089.03,1077.99,1073.05,15.59,1.4529,1.03,48234.0
IXIC,19960314,1090.87,1091.07,1096.45,1090.87,1088.64,2.43,0.2232,0.51,51287.0
IXIC,19960315,1092.6899,1099.59,1099.66,1089.84,1091.07,8.52,0.7809,0.9,51442.0
IXIC,19960318,1102.78,1102.78,1114.4301,1102.78,1099.59,3.19,0.2901,1.06,49878.0
IXIC,19960319,1118.02,1112.5,1119.84,1110.28,1102.78,9.72,0.8814,0.87,52059.0
IXIC,19960320,1110.74,1099.42,1111.75,1099.42,1112.5,-13.08,-1.1757,1.11,52962.0
IXIC,19960321,1102.64,1099.79,1104.1,1098.76,1099.42,0.37,0.0337,0.49,49924.0
IXIC,19960322,1101.8199,1102.23,1103.4,1096.23,1099.79,2.44,0.2219,0.65,47563.0
IXIC,19960325,1104.3101,1087.09,1107.09,1087.03,1102.23,-15.14,-1.3736,1.82,47671.0
IXIC,19960326,1085.12,1079.9,1090.17,1079.9,1087.09,-7.19,-0.6614,0.94,54462.0
IXIC,19960327,1091.34,1093.88,1098.76,1089.71,1079.9,13.98,1.2946,0.84,50052.0
IXIC,19960328,1091.09,1089.77,1096.72,1089.77,1093.88,-4.11,-0.3757,0.64,48321.0
IXIC,19960329,1097.6801,1101.38,1105.34,1097.6801,1089.77,11.61,1.0654,0.7,51409.0
IXIC,19960401,1105.77,1102.94,1107.29,1102.9399,1101.38,1.56,0.1416,0.39,46388.0
IXIC,19960402,1107.98,1106.85,1111.4301,1106.85,1102.94,3.91,0.3545,0.42,49219.0
IXIC,19960403,1109.71,1106.63,1115.9,1106.63,1106.85,-0.22,-0.0199,0.84,52975.0
IXIC,19960404,1116.05,1118.21,1119.35,1114.73,1106.63,11.58,1.0464,0.42,50389.0
IXIC,19960408,1106.3199,1105.66,1106.67,1093.66,1118.21,-12.55,-1.1223,1.16,51770.0
IXIC,19960409,1111.26,1109.15,1115.14,1107.34,1105.66,3.49,0.3156,0.71,56167.0
IXIC,19960410,1108.98,1105.1,1117.6899,1105.1,1109.15,-4.05,-0.3651,1.14,55631.0
IXIC,19960411,1105.15,1092.44,1108.7,1092.4399,1105.1,-12.66,-1.1456,1.47,53430.0
IXIC,19960412,1098.61,1096.19,1101.6801,1096.1899,1092.44,3.75,0.3433,0.5,48376.0
IXIC,19960415,1102.8,1102.69,1110.49,1102.6899,1096.19,6.5,0.593,0.71,46186.0
IXIC,19960416,1118.3199,1124.91,1124.92,1117.59,1102.69,22.22,2.0151,0.66,61392.0
IXIC,19960417,1124.35,1120.87,1126.53,1118.28,1124.91,-4.04,-0.3591,0.73,57780.0
IXIC,19960418,1124.8101,1136.3,1142.86,1124.8101,1120.87,15.43,1.3766,1.61,57732.0
IXIC,19960419,1141.99,1137.7,1143.3101,1137.7,1136.3,1.4,0.1232,0.49,59312.0
IXIC,19960422,1143.08,1153.5,1153.52,1143.08,1137.7,15.8,1.3888,0.92,58259.0
IXIC,19960423,1155.3101,1166.76,1166.77,1153.45,1153.5,13.26,1.1495,1.15,65019.0
IXIC,19960424,1171.4399,1176.83,1176.85,1170.3199,1166.76,10.07,0.8631,0.56,72862.0
IXIC,19960425,1177.99,1174.35,1184.1899,1174.35,1176.83,-2.48,-0.2107,0.84,72079.0
IXIC,19960426,1184.78,1186.89,1188.89,1183.09,1174.35,12.54,1.0678,0.49,64330.0
IXIC,19960429,1186.67,1188.2,1188.86,1184.05,1186.89,1.31,0.1104,0.41,55398.0
IXIC,19960430,1189.4,1185.58,1190.87,1185.58,1188.2,-2.62,-0.2205,0.45,60479.0
IXIC,19960501,1190.48,1190.15,1200.1899,1190.15,1185.58,4.57,0.3855,0.85,65427.0
IXIC,19960502,1199.76,1178.24,1199.76,1178.24,1190.15,-11.91,-1.0007,1.81,64695.0
IXIC,19960503,1184.4399,1184.6,1193.47,1181.49,1178.24,6.36,0.5398,1.02,70522.0
IXIC,19960506,1186.83,1179.05,1189.85,1179.05,1184.6,-5.55,-0.4685,0.91,68015.0
IXIC,19960507,1188.4301,1182.68,1189.6899,1181.3,1179.05,3.63,0.3079,0.71,80650.0
IXIC,19960508,1180.74,1163.21,1183.28,1163.21,1182.68,-19.47,-1.6463,1.7,75692.0
IXIC,19960509,1184.85,1184.79,1189.84,1184.79,1163.21,21.58,1.8552,0.43,63571.0
IXIC,19960510,1193.16,1202.76,1202.78,1193.16,1184.79,17.97,1.5167,0.81,60602.0
IXIC,19960513,1204.33,1221.87,1221.87,1204.03,1202.76,19.11,1.5888,1.48,59527.0
IXIC,19960514,1226.0699,1234.48,1234.96,1226.0699,1221.87,12.61,1.032,0.73,69020.0
IXIC,19960515,1236.27,1233.56,1242.92,1233.41,1234.48,-0.92,-0.0745,0.77,68799.0
IXIC,19960516,1228.97,1225.39,1239.3101,1225.39,1233.56,-8.17,-0.6623,1.13,62095.0
IXIC,19960517,1242.1,1241.88,1243.3,1240.74,1225.39,16.49,1.3457,0.21,63066.0
IXIC,19960520,1246.0,1243.27,1249.26,1243.27,1241.88,1.39,0.1119,0.48,58973.0
IXIC,19960521,1250.48,1244.42,1252.8101,1244.42,1243.27,1.15,0.0925,0.67,69048.0
IXIC,19960522,1243.45,1240.79,1248.4301,1240.79,1244.42,-3.63,-0.2917,0.61,69340.0
IXIC,19960523,1249.1899,1248.65,1252.37,1245.52,1240.79,7.86,0.6335,0.55,75795.0
IXIC,19960524,1249.9,1247.16,1251.73,1247.16,1248.65,-1.49,-0.1193,0.37,61028.0
IXIC,19960528,1249.6,1236.3,1251.23,1235.86,1247.16,-10.86,-0.8708,1.23,64313.0
IXIC,19960529,1237.01,1222.96,1238.4399,1222.96,1236.3,-13.34,-1.079,1.25,63610.0
IXIC,19960530,1226.88,1233.48,1235.47,1222.95,1222.96,10.52,0.8602,1.02,60503.0
IXIC,19960531,1238.97,1235.56,1243.74,1235.56,1233.48,2.08,0.1686,0.66,60769.0
IXIC,19960603,1242.54,1238.73,1243.35,1238.12,1235.56,3.17,0.2566,0.42,52517.0
IXIC,19960604,1242.0601,1243.68,1244.86,1240.2,1238.73,4.95,0.3996,0.38,64571.0
IXIC,19960605,1242.73,1241.85,1249.85,1241.85,1243.68,-1.83,-0.1471,0.64,64994.0
IXIC,19960606,1252.0,1232.54,1254.12,1232.52,1241.85,-9.31,-0.7497,1.74,67389.0
IXIC,19960607,1222.1,1206.53,1229.78,1206.53,1232.54,-26.01,-2.1103,1.89,60098.0
IXIC,19960610,1231.5,1230.04,1233.55,1229.14,1206.53,23.51,1.9486,0.37,47647.0
IXIC,19960611,1233.45,1230.06,1237.4,1230.06,1230.04,0.02,0.0016,0.6,55430.0
IXIC,19960612,1235.85,1235.47,1240.78,1234.62,1230.06,5.41,0.4398,0.5,54398.0
IXIC,19960613,1236.24,1225.65,1236.76,1222.02,1235.47,-9.82,-0.7948,1.19,56447.0
IXIC,19960614,1225.15,1213.19,1225.5699,1213.1801,1225.65,-12.46,-1.0166,1.01,50988.0
IXIC,19960617,1215.3,1207.64,1217.13,1207.03,1213.19,-5.55,-0.4575,0.83,44816.0
IXIC,19960618,1207.26,1182.48,1207.26,1182.48,1207.64,-25.16,-2.0834,2.05,62135.0
IXIC,19960619,1185.33,1179.27,1187.95,1177.71,1182.48,-3.21,-0.2715,0.87,60061.0
IXIC,19960620,1181.4,1167.34,1182.39,1152.79,1179.27,-11.93,-1.0116,2.51,66983.0
IXIC,19960621,1174.3101,1171.16,1176.11,1171.16,1167.34,3.82,0.3272,0.42,54011.0
IXIC,19960624,1177.9301,1182.91,1185.39,1176.42,1171.16,11.75,1.0033,0.77,50047.0
IXIC,19960625,1185.45,1172.46,1186.33,1172.46,1182.91,-10.45,-0.8834,1.17,55366.0
IXIC,19960626,1171.37,1147.75,1171.37,1147.75,1172.46,-24.71,-2.1075,2.01,60534.0
IXIC,19960627,1153.7,1148.33,1166.1801,1148.33,1147.75,0.58,0.0505,1.56,56601.0
IXIC,19960628,1171.61,1185.02,1185.04,1171.61,1148.33,36.69,3.1951,1.17,62877.0
IXIC,19960701,1185.64,1197.45,1198.04,1185.64,1185.02,12.43,1.0489,1.05,50185.0
IXIC,19960702,1196.9,1191.15,1196.9,1191.14,1197.45,-6.3,-0.5261,0.48,51763.0
IXIC,19960703,1191.3,1181.6,1191.4,1180.89,1191.15,-9.55,-0.8017,0.88,49932.0
IXIC,19960705,1172.8101,1158.35,1172.8101,1158.34,1181.6,-23.25,-1.9677,1.22,21620.0
IXIC,19960708,1157.6899,1148.83,1160.98,1148.36,1158.35,-9.52,-0.8219,1.09,44640.0
IXIC,19960709,1154.78,1153.59,1157.15,1152.28,1148.83,4.76,0.4143,0.42,48690.0
IXIC,19960710,1153.24,1141.19,1154.08,1132.63,1153.59,-12.4,-1.0749,1.86,53801.0
IXIC,19960711,1141.1899,1106.35,1141.22,1094.22,1141.19,-34.84,-3.053,4.12,69493.0
IXIC,19960712,1111.72,1103.49,1113.33,1095.36,1106.35,-2.86,-0.2585,1.62,54154.0
IXIC,19960715,1102.52,1059.59,1102.52,1059.59,1103.49,-43.9,-3.9783,3.89,58701.0
IXIC,19960716,1056.15,1008.85,1065.26,1008.85,1059.59,-50.74,-4.7886,5.32,87733.0
IXIC,19960717,1070.77,1086.65,1087.66,1053.47,1008.85,77.8,7.7118,3.39,70114.0
IXIC,19960718,1093.74,1109.82,1109.86,1086.65,1086.65,23.17,2.1322,2.14,64034.0
IXIC,19960719,1106.85,1092.4,1106.85,1092.4,1109.82,-17.42,-1.5696,1.3,53161.0
IXIC,19960722,1096.28,1081.39,1097.7,1067.85,1092.4,-11.01,-1.0079,2.73,41911.0
IXIC,19960723,1084.61,1048.14,1085.48,1048.14,1081.39,-33.25,-3.0747,3.45,59804.0
IXIC,19960724,1030.5,1018.39,1048.46,1018.39,1048.14,-29.75,-2.8384,2.87,67805.0
IXIC,19960725,1049.79,1062.39,1062.4,1041.89,1018.39,44.0,4.3205,2.01,54190.0
IXIC,19960726,1065.84,1065.84,1079.46,1065.84,1062.39,3.45,0.3247,1.28,47314.0
IXIC,19960729,1079.21,1066.43,1082.07,1066.42,1065.84,0.59,0.0554,1.47,41778.0
IXIC,19960730,1072.47,1063.47,1075.39,1063.47,1066.43,-2.96,-0.2776,1.12,41847.0
IXIC,19960731,1073.66,1071.17,1081.96,1071.17,1063.47,7.7,0.724,1.01,48122.0
IXIC,19960801,1081.34,1080.49,1098.81,1080.49,1071.17,9.32,0.8701,1.71,50064.0
IXIC,19960802,1109.02,1124.92,1125.98,1098.85,1080.49,44.43,4.112,2.51,57724.0
IXIC,19960805,1127.91,1120.53,1129.23,1120.04,1124.92,-4.39,-0.3903,0.82,39423.0
IXIC,19960806,1118.1,1113.95,1128.86,1113.95,1120.53,-6.58,-0.5872,1.33,45004.0
IXIC,19960807,1132.88,1128.25,1141.13,1128.25,1113.95,14.3,1.2837,1.16,53414.0
IXIC,19960808,1139.15,1137.51,1141.12,1136.26,1128.25,9.26,0.8207,0.43,47010.0
IXIC,19960809,1134.1,1137.27,1141.3,1132.04,1137.51,-0.24,-0.0211,0.81,45737.0
IXIC,19960812,1136.6899,1138.27,1139.8,1130.16,1137.27,1.0,0.0879,0.85,36674.0
IXIC,19960813,1135.46,1123.95,1135.46,1123.95,1138.27,-14.32,-1.2581,1.01,40524.0
IXIC,19960814,1127.9399,1133.51,1133.76,1126.15,1123.95,9.56,0.8506,0.68,42862.0
IXIC,19960815,1132.04,1134.69,1136.04,1129.63,1133.51,1.18,0.1041,0.57,45775.0
IXIC,19960816,1135.77,1133.65,1137.77,1132.47,1134.69,-1.04,-0.0917,0.47,42075.0
IXIC,19960819,1133.92,1130.91,1135.11,1128.99,1133.65,-2.74,-0.2417,0.54,35017.0
IXIC,19960820,1132.0,1124.67,1132.79,1124.59,1130.91,-6.24,-0.5518,0.73,40617.0
IXIC,19960821,1122.17,1118.81,1126.87,1118.81,1124.67,-5.86,-0.521,0.72,41654.0
IXIC,19960822,1129.98,1129.98,1143.92,1129.98,1118.81,11.17,0.9984,1.25,49505.0
IXIC,19960823,1142.83,1140.52,1146.71,1140.52,1129.98,10.54,0.9328,0.55,43432.0
IXIC,19960826,1144.36,1139.22,1144.36,1137.29,1140.52,-1.3,-0.114,0.62,42209.0
IXIC,19960827,1141.71,1149.02,1149.04,1141.71,1139.22,9.8,0.8602,0.64,49113.0
IXIC,19960828,1150.11,1153.88,1153.9,1150.11,1149.02,4.86,0.423,0.33,46152.0
IXIC,19960829,1152.86,1145.03,1152.86,1143.76,1153.88,-8.85,-0.767,0.79,41999.0
IXIC,19960830,1147.71,1141.5,1148.49,1139.0,1145.03,-3.53,-0.3083,0.83,33661.0
IXIC,19960903,1133.3,1142.29,1142.36,1123.14,1141.5,0.79,0.0692,1.68,39451.0
IXIC,19960904,1143.64,1140.54,1145.8101,1140.54,1142.29,-1.75,-0.1532,0.46,43982.0
IXIC,19960905,1139.35,1125.66,1139.35,1125.66,1140.54,-14.88,-1.3046,1.2,46197.0
IXIC,19960906,1128.76,1125.66,1141.5601,1125.66,1125.66,0.0,0.0,1.41,47102.0
IXIC,19960909,1140.79,1148.71,1149.15,1140.79,1125.66,23.05,2.0477,0.74,43701.0
IXIC,19960910,1149.16,1149.43,1150.85,1144.37,1148.71,0.72,0.0627,0.56,47913.0
IXIC,19960911,1145.77,1153.95,1154.39,1143.9,1149.43,4.52,0.3932,0.91,48702.0
IXIC,19960912,1156.28,1165.81,1166.79,1151.66,1153.95,11.86,1.0278,1.31,54350.0
IXIC,19960913,1175.85,1165.81,1188.6801,1165.81,1165.81,0.0,0.0,1.96,63856.0
IXIC,19960916,1190.04,1193.96,1199.59,1190.04,1165.81,28.15,2.4146,0.82,57552.0
IXIC,19960917,1204.04,1203.31,1205.28,1187.5,1193.96,9.35,0.7831,1.49,63222.0
IXIC,19960918,1201.1801,1205.71,1213.39,1196.91,1203.31,2.4,0.1995,1.37,55293.0
IXIC,19960919,1204.67,1212.09,1213.13,1203.36,1205.71,6.38,0.5291,0.81,56328.0
IXIC,19960920,1213.8,1210.19,1221.27,1210.1899,1212.09,-1.9,-0.1568,0.91,59056.0
IXIC,19960923,1216.6899,1211.47,1216.6899,1207.8,1210.19,1.28,0.1058,0.73,36628.0
IXIC,19960924,1210.96,1215.27,1220.51,1210.76,1211.47,3.8,0.3137,0.8,58342.0
IXIC,19960925,1219.66,1224.66,1224.66,1219.66,1215.27,9.39,0.7727,0.41,62259.0
IXIC,19960926,1228.29,1227.98,1237.26,1222.72,1224.66,3.32,0.2711,1.19,72182.0
IXIC,19960927,1229.6899,1230.05,1231.58,1226.59,1227.98,2.07,0.1686,0.41,56154.0
IXIC,19960930,1229.14,1226.09,1233.96,1226.09,1230.05,-3.96,-0.3219,0.64,52429.0
IXIC,19961001,1223.73,1214.6,1227.4399,1214.6,1226.09,-11.49,-0.9371,1.05,54253.0
IXIC,19961002,1224.01,1236.11,1236.13,1221.51,1214.6,21.51,1.771,1.2,57659.0
IXIC,19961003,1237.25,1233.09,1239.11,1232.95,1236.11,-3.02,-0.2443,0.5,57539.0
IXIC,19961004,1240.12,1233.05,1247.59,1233.05,1233.09,-0.04,-0.0032,1.18,56273.0
IXIC,19961007,1247.14,1250.87,1252.59,1246.9,1233.05,17.82,1.4452,0.46,48067.0
IXIC,19961008,1253.41,1240.15,1256.72,1239.85,1250.87,-10.72,-0.857,1.35,56177.0
IXIC,19961009,1247.55,1235.73,1249.5699,1235.73,1240.15,-4.42,-0.3564,1.12,56624.0
IXIC,19961010,1235.13,1236.97,1243.14,1232.64,1235.73,1.24,0.1003,0.85,57911.0
IXIC,19961011,1241.97,1248.27,1248.5,1241.97,1236.97,11.3,0.9135,0.53,52681.0
IXIC,19961014,1250.67,1249.73,1256.67,1249.73,1248.27,1.46,0.117,0.56,43841.0
IXIC,19961015,1267.5601,1258.1,1269.62,1252.54,1249.73,8.37,0.6697,1.37,57122.0
IXIC,19961016,1256.73,1244.94,1256.73,1244.9399,1258.1,-13.16,-1.046,0.94,54675.0
IXIC,19961017,1253.58,1241.96,1255.66,1241.96,1244.94,-2.98,-0.2394,1.1,58014.0
IXIC,19961018,1242.92,1242.48,1243.33,1238.24,1241.96,0.52,0.0419,0.41,54588.0
IXIC,19961021,1241.95,1234.0,1252.97,1234.0,1242.48,-8.48,-0.6825,1.53,48914.0
IXIC,19961022,1233.17,1220.0,1236.41,1215.48,1234.0,-14.0,-1.1345,1.7,60039.0
IXIC,19961023,1219.02,1227.88,1228.33,1215.08,1220.0,7.88,0.6459,1.09,54981.0
IXIC,19961024,1230.92,1227.0,1235.67,1226.61,1227.88,-0.88,-0.0717,0.74,54176.0
IXIC,19961025,1227.13,1222.6,1230.37,1222.38,1227.0,-4.4,-0.3586,0.65,55167.0
IXIC,19961028,1225.39,1215.89,1229.63,1215.72,1222.6,-6.71,-0.5488,1.14,50250.0
IXIC,19961029,1219.9399,1203.05,1222.13,1202.36,1215.89,-12.84,-1.056,1.63,54944.0
IXIC,19961030,1206.0,1206.23,1208.05,1203.05,1203.05,3.18,0.2643,0.42,53752.0
IXIC,19961031,1209.04,1221.51,1221.61,1206.23,1206.23,15.28,1.2668,1.28,56737.0
IXIC,19961101,1223.72,1218.35,1224.48,1218.35,1221.51,-3.16,-0.2587,0.5,54442.0
IXIC,19961104,1223.47,1220.48,1224.12,1218.23,1218.35,2.13,0.1748,0.48,43662.0
IXIC,19961105,1223.1,1229.07,1231.74,1223.1,1220.48,8.59,0.7038,0.71,56788.0
IXIC,19961106,1230.8,1245.49,1245.5,1228.62,1229.07,16.42,1.336,1.37,62194.0
IXIC,19961107,1245.65,1254.14,1256.79,1243.63,1245.49,8.65,0.6945,1.06,65120.0
IXIC,19961108,1254.3199,1257.51,1257.62,1248.72,1254.14,3.37,0.2687,0.71,54361.0
IXIC,19961111,1258.24,1256.43,1262.77,1256.43,1257.51,-1.08,-0.0859,0.5,43516.0
IXIC,19961112,1267.38,1256.53,1268.6,1255.59,1256.43,0.1,0.008,1.04,59341.0
IXIC,19961113,1259.73,1260.72,1261.9,1254.33,1256.53,4.19,0.3335,0.6,57495.0
IXIC,19961114,1260.95,1270.36,1270.9,1256.89,1260.72,9.64,0.7646,1.11,60231.0
IXIC,19961115,1273.0601,1261.8,1274.76,1257.55,1270.36,-8.56,-0.6738,1.35,61302.0
IXIC,19961118,1263.08,1254.57,1263.29,1250.21,1261.8,-7.23,-0.573,1.04,49294.0
IXIC,19961119,1253.86,1252.97,1262.9399,1252.97,1254.57,-1.6,-0.1275,0.79,54746.0
IXIC,19961120,1264.77,1264.94,1272.46,1261.76,1252.97,11.97,0.9553,0.85,55892.0
IXIC,19961121,1267.75,1258.08,1268.62,1256.01,1264.94,-6.86,-0.5423,1.0,56987.0
IXIC,19961122,1262.86,1274.36,1274.66,1262.86,1258.08,16.28,1.294,0.94,66924.0
IXIC,19961125,1275.41,1280.37,1281.22,1272.45,1274.36,6.01,0.4716,0.69,62282.0
IXIC,19961126,1281.7,1281.2,1283.88,1271.54,1280.37,0.83,0.0648,0.96,62742.0
IXIC,19961127,1281.98,1287.32,1287.42,1279.15,1281.2,6.12,0.4777,0.65,49329.0
IXIC,19961129,1287.97,1287.32,1293.75,1287.3199,1287.32,0.0,0.0,0.5,20710.0
IXIC,19961202,1294.78,1299.82,1299.82,1287.01,1287.32,12.5,0.971,1.0,51546.0
IXIC,19961203,1303.6801,1300.37,1313.38,1299.35,1299.82,0.55,0.0423,1.08,68112.0
IXIC,19961204,1300.92,1297.02,1303.27,1288.63,1300.37,-3.35,-0.2576,1.13,62642.0
IXIC,19961205,1299.55,1296.73,1303.4301,1296.73,1297.02,-0.29,-0.0224,0.52,60241.0
IXIC,19961206,1275.9,1287.68,1293.87,1258.89,1296.73,-9.05,-0.6979,2.7,64454.0
IXIC,19961209,1296.1801,1316.27,1316.3101,1287.65,1287.68,28.59,2.2203,2.23,57401.0
IXIC,19961210,1325.15,1312.55,1328.95,1312.28,1316.27,-3.72,-0.2826,1.27,67652.0
IXIC,19961211,1300.85,1309.12,1312.55,1291.51,1312.55,-3.43,-0.2613,1.6,62897.0
IXIC,19961212,1320.55,1298.33,1324.38,1298.28,1309.12,-10.79,-0.8242,1.99,58126.0
IXIC,19961213,1291.4,1281.43,1298.39,1281.43,1298.33,-16.9,-1.3017,1.31,55366.0
IXIC,19961216,1289.72,1260.98,1292.24,1257.78,1281.43,-20.45,-1.5959,2.69,51800.0
IXIC,19961217,1255.28,1266.32,1266.62,1251.03,1260.98,5.34,0.4235,1.24,61323.0
IXIC,19961218,1274.51,1285.38,1285.71,1266.38,1266.32,19.06,1.5051,1.53,61760.0
IXIC,19961219,1292.83,1285.38,1296.9301,1285.38,1285.38,0.0,0.0,0.9,64567.0
IXIC,19961220,1303.03,1286.76,1304.5601,1286.76,1285.38,1.38,0.1074,1.38,62863.0
IXIC,19961223,1290.6801,1279.52,1291.28,1276.9301,1286.76,-7.24,-0.5627,1.12,48368.0
IXIC,19961224,1280.5601,1287.63,1287.63,1277.8101,1279.52,8.11,0.6338,0.77,26125.0
IXIC,19961226,1289.74,1287.57,1294.66,1287.5699,1287.63,-0.06,-0.0047,0.55,38456.0
IXIC,19961227,1296.1801,1291.38,1297.15,1291.0601,1287.57,3.81,0.2959,0.47,39028.0
IXIC,19961230,1295.1801,1287.75,1297.01,1287.7,1291.38,-3.63,-0.2811,0.72,55963.0
IXIC,19961231,1289.24,1291.03,1291.88,1285.45,1287.75,3.28,0.2547,0.5,66601.0
IXIC,19970102,1292.65,1280.7,1293.63,1272.34,1291.03,-10.33,-0.8001,1.65,49235.0
IXIC,19970103,1288.02,1310.68,1310.84,1280.7,1280.7,29.98,2.3409,2.35,51914.0
IXIC,19970106,1314.34,1316.4,1321.47,1310.63,1310.68,5.72,0.4364,0.83,58814.0
IXIC,19970107,1316.91,1312.08,1327.8199,1312.08,1316.4,-4.32,-0.3282,1.2,57774.0
IXIC,19970108,1329.6,1319.94,1330.77,1319.9399,1312.08,7.86,0.599,0.83,66649.0
IXIC,19970109,1325.23,1326.2,1327.24,1320.33,1319.94,6.26,0.4743,0.52,62195.0
IXIC,19970110,1317.38,1332.02,1332.02,1311.78,1326.2,5.82,0.4388,1.53,65953.0
IXIC,19970113,1335.45,1330.91,1337.77,1328.71,1332.02,-1.11,-0.0833,0.68,61209.0
IXIC,19970114,1337.38,1346.36,1349.01,1330.91,1330.91,15.45,1.1609,1.36,62907.0
IXIC,19970115,1347.7,1333.53,1347.84,1333.41,1346.36,-12.83,-0.9529,1.07,68117.0
IXIC,19970116,1340.14,1333.53,1347.39,1333.53,1333.53,0.0,0.0,1.04,71297.0
IXIC,19970117,1340.61,1339.8,1350.53,1339.8,1333.53,6.27,0.4702,0.8,67312.0
IXIC,19970120,1351.14,1364.28,1365.62,1349.05,1339.8,24.48,1.8271,1.24,59238.0
IXIC,19970121,1363.4399,1376.97,1377.49,1360.61,1364.28,12.69,0.9302,1.24,68185.0
IXIC,19970122,1377.85,1373.3,1388.0601,1373.3,1376.97,-3.67,-0.2665,1.07,72079.0
IXIC,19970123,1393.15,1378.37,1400.53,1378.23,1373.3,5.07,0.3692,1.62,79536.0
IXIC,19970124,1375.6,1363.83,1379.95,1360.48,1378.37,-14.54,-1.0549,1.41,72143.0
IXIC,19970127,1367.41,1352.81,1368.0,1352.81,1363.83,-11.02,-0.808,1.11,53778.0
IXIC,19970128,1365.91,1349.28,1370.6899,1349.28,1352.81,-3.53,-0.2609,1.58,65896.0
IXIC,19970129,1359.3199,1355.17,1360.76,1349.54,1349.28,5.89,0.4365,0.83,59926.0
IXIC,19970130,1362.05,1371.02,1371.03,1360.63,1355.17,15.85,1.1696,0.77,65364.0
IXIC,19970131,1374.98,1379.85,1381.97,1374.98,1371.02,8.83,0.644,0.51,67919.0
IXIC,19970203,1383.97,1374.57,1384.51,1374.5699,1379.85,-5.28,-0.3827,0.72,53754.0
IXIC,19970204,1376.7,1362.81,1377.78,1362.81,1374.57,-11.76,-0.8555,1.09,60616.0
IXIC,19970205,1373.95,1348.44,1375.05,1339.64,1362.81,-14.37,-1.0544,2.6,68046.0
IXIC,19970206,1351.11,1346.4,1351.71,1340.54,1348.44,-2.04,-0.1513,0.83,62349.0
IXIC,19970207,1354.91,1357.71,1360.53,1346.29,1346.4,11.31,0.84,1.06,64431.0
IXIC,19970210,1360.46,1335.34,1362.21,1335.34,1357.71,-22.37,-1.6476,1.98,62950.0
IXIC,19970211,1342.11,1319.69,1342.71,1319.6899,1335.34,-15.65,-1.172,1.72,65098.0
IXIC,19970212,1337.48,1331.63,1359.0,1331.63,1319.69,11.94,0.9048,2.07,66923.0
IXIC,19970213,1364.52,1370.81,1373.75,1358.95,1331.63,39.18,2.9423,1.11,73041.0
IXIC,19970214,1370.25,1367.19,1373.04,1364.24,1370.81,-3.62,-0.2641,0.64,58721.0
IXIC,19970218,1369.16,1358.05,1371.2,1358.05,1367.19,-9.14,-0.6685,0.96,56371.0
IXIC,19970219,1366.34,1362.37,1370.4301,1362.37,1358.05,4.32,0.3181,0.59,61610.0
IXIC,19970220,1362.62,1347.4,1365.62,1345.62,1362.37,-14.97,-1.0988,1.47,60967.0
IXIC,19970221,1346.46,1334.32,1347.77,1332.05,1347.4,-13.08,-0.9708,1.17,61277.0
IXIC,19970224,1328.4,1345.08,1345.34,1325.16,1334.32,10.76,0.8064,1.51,57406.0
IXIC,19970225,1349.8101,1347.69,1355.67,1342.6801,1345.08,2.61,0.194,0.97,70088.0
IXIC,19970226,1350.17,1340.55,1351.97,1333.24,1347.69,-7.14,-0.5298,1.39,64094.0
IXIC,19970227,1339.62,1312.66,1340.95,1312.59,1340.55,-27.89,-2.0805,2.12,67350.0
IXIC,19970228,1310.97,1309.0,1313.9,1296.88,1312.66,-3.66,-0.2788,1.3,68688.0
IXIC,19970303,1306.21,1311.18,1311.96,1301.83,1309.0,2.18,0.1665,0.77,53198.0
IXIC,19970304,1316.2,1317.37,1330.04,1316.2,1311.18,6.19,0.4721,1.06,59710.0
IXIC,19970305,1322.38,1329.09,1329.28,1320.73,1317.37,11.72,0.8897,0.65,66010.0
IXIC,19970306,1331.46,1315.43,1332.34,1314.9,1329.09,-13.66,-1.0278,1.31,64141.0
IXIC,19970307,1319.74,1311.8,1324.23,1308.96,1315.43,-3.63,-0.276,1.16,63633.0
IXIC,19970310,1312.72,1322.72,1322.72,1306.79,1311.8,10.92,0.8324,1.21,56265.0
IXIC,19970311,1323.91,1316.76,1326.08,1314.42,1322.72,-5.96,-0.4506,0.88,57377.0
IXIC,19970312,1314.97,1304.13,1314.97,1300.77,1316.76,-12.63,-0.9592,1.08,56422.0
IXIC,19970313,1302.48,1293.28,1307.66,1291.7,1304.13,-10.85,-0.832,1.22,55347.0
IXIC,19970314,1299.73,1292.97,1303.0,1291.86,1293.28,-0.31,-0.024,0.86,58990.0
IXIC,19970317,1289.36,1279.43,1292.97,1265.17,1292.97,-13.54,-1.0472,2.15,58085.0
IXIC,19970318,1282.6,1269.34,1283.01,1264.52,1279.43,-10.09,-0.7886,1.45,54027.0
IXIC,19970319,1264.35,1249.29,1264.35,1239.76,1269.34,-20.05,-1.5796,1.94,70476.0
IXIC,19970320,1252.53,1259.26,1262.66,1243.04,1249.29,9.97,0.7981,1.57,63206.0
IXIC,19970321,1263.61,1254.07,1267.28,1253.71,1259.26,-5.19,-0.4121,1.08,57112.0
IXIC,19970324,1251.0699,1242.64,1251.0699,1230.96,1254.07,-11.43,-0.9114,1.6,59497.0
IXIC,19970325,1247.11,1248.06,1253.87,1241.52,1242.64,5.42,0.4362,0.99,54405.0
IXIC,19970326,1252.87,1248.06,1269.08,1248.06,1248.06,0.0,0.0,1.68,59161.0
IXIC,19970327,1274.83,1249.51,1277.36,1241.24,1248.06,1.45,0.1162,2.89,57995.0
IXIC,19970331,1246.35,1221.7,1246.35,1220.4,1249.51,-27.81,-2.2257,2.08,58364.0
IXIC,19970401,1211.28,1216.93,1222.26,1206.72,1221.7,-4.77,-0.3904,1.27,59944.0
IXIC,19970402,1217.4399,1201.0,1217.4399,1199.41,1216.93,-15.93,-1.309,1.48,58325.0
IXIC,19970403,1199.12,1213.76,1213.77,1196.22,1201.0,12.76,1.0624,1.46,58049.0
IXIC,19970404,1208.65,1236.73,1236.73,1206.51,1213.76,22.97,1.8925,2.49,66764.0
IXIC,19970407,1245.83,1251.35,1256.12,1245.83,1236.73,14.62,1.1822,0.83,56827.0
IXIC,19970408,1253.05,1245.57,1257.53,1245.5699,1251.35,-5.78,-0.4619,0.96,52245.0
IXIC,19970409,1263.95,1248.21,1267.41,1248.21,1245.57,2.64,0.212,1.54,56404.0
IXIC,19970410,1248.3101,1235.77,1248.3101,1235.5699,1248.21,-12.44,-0.9966,1.02,52077.0
IXIC,19970411,1224.35,1206.9,1224.35,1206.9,1235.77,-28.87,-2.3362,1.41,53399.0
IXIC,19970414,1209.04,1199.68,1216.42,1199.68,1206.9,-7.22,-0.5982,1.39,47124.0
IXIC,19970415,1221.95,1205.93,1228.91,1205.93,1199.68,6.25,0.521,1.92,57205.0
IXIC,19970416,1209.33,1202.77,1215.4399,1202.77,1205.93,-3.16,-0.262,1.05,57551.0
IXIC,19970417,1214.1,1217.07,1224.14,1210.27,1202.77,14.3,1.1889,1.15,60061.0
IXIC,19970418,1232.46,1217.07,1233.01,1217.0699,1217.07,0.0,0.0,1.31,57496.0
IXIC,19970421,1221.98,1203.95,1223.42,1202.6,1217.07,-13.12,-1.078,1.71,54634.0
IXIC,19970422,1205.23,1212.74,1212.74,1194.16,1203.95,8.79,0.7301,1.54,61944.0
IXIC,19970423,1214.64,1227.14,1228.33,1213.04,1212.74,14.4,1.1874,1.26,58432.0
IXIC,19970424,1238.0,1227.12,1242.16,1227.12,1227.14,-0.02,-0.0016,1.23,58682.0
IXIC,19970425,1224.42,1209.19,1228.27,1209.1899,1227.12,-17.93,-1.4611,1.55,49729.0
IXIC,19970428,1211.87,1217.03,1220.08,1203.97,1209.19,7.84,0.6484,1.33,45300.0
IXIC,19970429,1233.25,1242.63,1242.64,1233.25,1217.03,25.6,2.1035,0.77,57342.0
IXIC,19970430,1238.95,1237.81,1263.99,1237.81,1242.63,-4.82,-0.3879,2.11,65706.0
IXIC,19970501,1263.9301,1270.5,1273.0,1260.9399,1237.81,32.69,2.641,0.97,61562.0
IXIC,19970502,1275.51,1305.33,1305.38,1275.51,1270.5,34.83,2.7414,2.35,72359.0
IXIC,19970505,1311.7,1339.24,1339.86,1311.7,1305.33,33.91,2.5978,2.16,83514.0
IXIC,19970506,1334.45,1328.3,1334.45,1324.25,1339.24,-10.94,-0.8169,0.76,74191.0
IXIC,19970507,1321.83,1319.75,1333.5601,1319.75,1328.3,-8.55,-0.6437,1.04,61071.0
IXIC,19970508,1317.76,1330.83,1337.74,1316.05,1319.75,11.08,0.8396,1.64,62005.0
IXIC,19970509,1338.8,1335.05,1343.01,1325.61,1330.83,4.22,0.3171,1.31,54481.0
IXIC,19970512,1339.05,1344.19,1345.11,1339.05,1335.05,9.14,0.6846,0.45,52971.0
IXIC,19970513,1343.83,1333.59,1346.22,1332.1,1344.19,-10.6,-0.7886,1.05,57861.0
IXIC,19970514,1337.34,1328.07,1339.98,1328.0699,1333.59,-5.52,-0.4139,0.89,61248.0
IXIC,19970515,1335.5601,1353.58,1353.98,1334.92,1328.07,25.51,1.9208,1.44,59540.0
IXIC,19970516,1347.53,1339.85,1353.61,1339.85,1353.58,-13.73,-1.0143,1.02,56276.0
IXIC,19970519,1343.3199,1341.24,1344.91,1335.95,1339.85,1.39,0.1037,0.67,45106.0
IXIC,19970520,1342.17,1363.88,1363.89,1338.42,1341.24,22.64,1.688,1.9,53194.0
IXIC,19970521,1373.15,1373.75,1380.9,1373.15,1363.88,9.87,0.7237,0.57,65489.0
IXIC,19970522,1376.1801,1372.6,1378.26,1366.76,1373.75,-1.15,-0.0837,0.84,55136.0
IXIC,19970523,1377.73,1389.72,1389.75,1377.73,1372.6,17.12,1.2473,0.88,53944.0
IXIC,19970527,1388.0,1409.21,1409.39,1386.83,1389.72,19.49,1.4024,1.62,63404.0
IXIC,19970528,1411.65,1410.18,1414.26,1403.73,1409.21,0.97,0.0688,0.75,64684.0
IXIC,19970529,1412.49,1403.04,1414.25,1401.85,1410.18,-7.14,-0.5063,0.88,61146.0
IXIC,19970530,1355.8,1400.32,1403.25,1352.65,1403.04,-2.72,-0.1939,3.61,71377.0
IXIC,19970602,1407.0699,1404.79,1408.49,1394.72,1400.32,4.47,0.3192,0.98,55522.0
IXIC,19970603,1397.49,1384.91,1397.49,1384.67,1404.79,-19.88,-1.4152,0.91,58641.0
IXIC,19970604,1387.46,1379.67,1392.99,1375.45,1384.91,-5.24,-0.3784,1.27,59422.0
IXIC,19970605,1385.74,1390.05,1393.79,1385.74,1379.67,10.38,0.7524,0.58,56095.0
IXIC,19970606,1390.13,1404.84,1405.29,1387.63,1390.05,14.79,1.064,1.27,58601.0
IXIC,19970609,1410.6899,1412.04,1416.77,1410.6899,1404.84,7.2,0.5125,0.43,55886.0
IXIC,19970610,1410.3101,1401.69,1415.66,1398.22,1412.04,-10.35,-0.733,1.24,66499.0
IXIC,19970611,1401.14,1394.4,1407.85,1394.4,1401.69,-7.29,-0.5201,0.96,62370.0
IXIC,19970612,1404.53,1411.32,1414.63,1399.67,1394.4,16.92,1.2134,1.07,63023.0
IXIC,19970613,1411.71,1423.03,1426.73,1410.76,1411.32,11.71,0.8297,1.13,59387.0
IXIC,19970616,1423.74,1431.95,1432.0,1421.74,1423.03,8.92,0.6268,0.72,50007.0
IXIC,19970617,1429.64,1443.11,1445.6,1426.26,1431.95,11.16,0.7794,1.35,61876.0
IXIC,19970618,1433.47,1432.43,1433.47,1428.84,1443.11,-10.68,-0.7401,0.32,58834.0
IXIC,19970619,1433.36,1432.43,1448.02,1432.43,1432.43,0.0,0.0,1.09,65174.0
IXIC,19970620,1447.45,1447.1,1453.39,1444.42,1432.43,14.67,1.0241,0.63,61226.0
IXIC,19970623,1444.84,1433.72,1450.97,1433.72,1447.1,-13.38,-0.9246,1.19,55391.0
IXIC,19970624,1443.9301,1452.43,1452.6801,1443.9301,1433.72,18.71,1.305,0.61,63008.0
IXIC,19970625,1453.88,1446.24,1467.29,1439.1,1452.43,-6.19,-0.4262,1.94,67287.0
IXIC,19970626,1442.5,1435.26,1447.63,1435.26,1446.24,-10.98,-0.7592,0.86,61294.0
IXIC,19970627,1441.29,1438.15,1444.95,1436.38,1435.26,2.89,0.2014,0.6,54848.0
IXIC,19970630,1439.47,1432.34,1448.57,1432.34,1438.15,-5.81,-0.404,1.13,63702.0
IXIC,19970701,1442.65,1438.25,1444.12,1432.42,1432.34,5.91,0.4126,0.82,58903.0
IXIC,19970702,1443.24,1455.61,1455.8,1437.15,1438.25,17.36,1.207,1.3,62239.0
IXIC,19970703,1464.0699,1467.61,1469.36,1464.0699,1455.61,12.0,0.8244,0.36,37176.0
IXIC,19970707,1472.61,1466.8,1477.03,1466.8,1467.61,-0.81,-0.0552,0.7,54611.0
IXIC,19970708,1471.45,1470.15,1485.11,1470.15,1466.8,3.35,0.2284,1.02,63539.0
IXIC,19970709,1491.84,1486.63,1494.89,1483.21,1470.15,16.48,1.121,0.79,70787.0
IXIC,19970710,1485.67,1490.93,1491.97,1476.21,1486.63,4.3,0.2892,1.06,63732.0
IXIC,19970711,1489.71,1489.3,1503.19,1489.3,1490.93,-1.63,-0.1093,0.93,65146.0
IXIC,19970714,1506.97,1523.88,1523.88,1506.97,1489.3,34.58,2.3219,1.14,67758.0
IXIC,19970715,1534.5699,1542.11,1543.1899,1523.88,1523.88,18.23,1.1963,1.27,72693.0
IXIC,19970716,1561.41,1580.63,1581.45,1561.41,1542.11,38.52,2.4979,1.3,83620.0
IXIC,19970717,1581.25,1564.92,1581.26,1564.92,1580.63,-15.71,-0.9939,1.03,75089.0
IXIC,19970718,1559.5,1547.99,1559.5,1535.74,1564.92,-16.93,-1.0818,1.52,66855.0
IXIC,19970721,1548.1,1536.23,1549.23,1530.23,1547.99,-11.76,-0.7597,1.23,53571.0
IXIC,19970722,1539.0,1563.86,1564.01,1538.55,1536.23,27.63,1.7986,1.66,64796.0
IXIC,19970723,1571.33,1567.65,1578.03,1562.37,1563.86,3.79,0.2423,1.0,69328.0
IXIC,19970724,1565.87,1569.13,1571.03,1553.23,1567.65,1.48,0.0944,1.14,74210.0
IXIC,19970725,1571.6899,1569.58,1576.95,1561.42,1569.13,0.45,0.0287,0.99,66660.0
IXIC,19970728,1573.09,1563.53,1574.13,1560.51,1569.58,-6.05,-0.3855,0.87,58950.0
IXIC,19970729,1560.47,1558.11,1572.3199,1558.11,1563.53,-5.42,-0.3467,0.91,63230.0
IXIC,19970730,1573.13,1570.79,1589.42,1570.79,1558.11,12.68,0.8138,1.2,72495.0
IXIC,19970731,1591.5601,1593.81,1595.76,1585.09,1570.79,23.02,1.4655,0.68,67769.0
IXIC,19970801,1594.67,1594.33,1599.03,1580.5,1593.81,0.52,0.0326,1.16,58402.0
IXIC,19970804,1593.09,1605.45,1605.74,1593.09,1594.33,11.12,0.6975,0.79,59330.0
IXIC,19970805,1610.21,1621.53,1621.77,1587.25,1605.45,16.08,1.0016,2.15,73187.0
IXIC,19970806,1623.24,1630.44,1635.03,1617.21,1621.53,8.91,0.5495,1.1,78035.0
IXIC,19970807,1637.14,1624.18,1638.26,1623.8,1630.44,-6.26,-0.3839,0.89,74746.0
IXIC,19970808,1612.37,1598.52,1614.86,1586.6,1624.18,-25.66,-1.5799,1.74,69165.0
IXIC,19970811,1599.16,1586.74,1601.09,1570.5,1598.52,-11.78,-0.7369,1.91,61398.0
IXIC,19970812,1592.65,1576.24,1601.15,1575.89,1586.74,-10.5,-0.6617,1.59,63748.0
IXIC,19970813,1594.25,1583.4,1597.48,1571.59,1576.24,7.16,0.4542,1.64,64837.0
IXIC,19970814,1587.12,1578.29,1590.27,1578.29,1583.4,-5.11,-0.3227,0.76,57588.0
IXIC,19970815,1583.27,1562.03,1583.27,1561.85,1578.29,-16.26,-1.0302,1.36,54024.0
IXIC,19970818,1563.45,1569.52,1569.53,1545.13,1562.03,7.49,0.4795,1.56,54560.0
IXIC,19970819,1579.38,1600.71,1600.72,1579.38,1569.52,31.19,1.9872,1.36,65402.0
IXIC,19970820,1603.29,1599.11,1628.7,1599.11,1600.71,-1.6,-0.1,1.85,71353.0
IXIC,19970821,1626.88,1605.82,1627.15,1605.8199,1599.11,6.71,0.4196,1.33,70363.0
IXIC,19970822,1581.6801,1598.69,1607.36,1574.77,1605.82,-7.13,-0.444,2.03,62878.0
IXIC,19970825,1601.11,1601.57,1610.9,1596.38,1598.69,2.88,0.1801,0.91,56774.0
IXIC,19970826,1596.04,1591.26,1601.74,1591.26,1601.57,-10.31,-0.6437,0.65,66484.0
IXIC,19970827,1593.73,1595.54,1598.25,1583.12,1591.26,4.28,0.269,0.95,63543.0
IXIC,19970828,1586.1,1581.32,1586.1,1572.09,1595.54,-14.22,-0.8912,0.88,66403.0
IXIC,19970829,1580.0,1579.24,1591.01,1579.24,1581.32,-2.08,-0.1315,0.74,49824.0
IXIC,19970902,1595.0699,1618.09,1618.38,1595.0699,1579.24,38.85,2.46,1.48,58388.0
IXIC,19970903,1619.96,1618.24,1629.4,1616.4,1618.09,0.15,0.0093,0.8,65252.0
IXIC,19970904,1618.0,1624.63,1625.99,1616.55,1618.24,6.39,0.3949,0.58,66977.0
IXIC,19970905,1633.01,1635.77,1639.9,1633.01,1624.63,11.14,0.6857,0.42,64438.0
IXIC,19970908,1641.72,1645.35,1648.7,1641.72,1635.77,9.58,0.5857,0.43,64804.0
IXIC,19970909,1646.59,1656.22,1659.37,1645.04,1645.35,10.87,0.6607,0.87,71141.0
IXIC,19970910,1655.67,1639.25,1655.67,1639.16,1656.22,-16.97,-1.0246,1.0,72420.0
IXIC,19970911,1635.3101,1639.86,1640.89,1620.52,1639.25,0.61,0.0372,1.24,70804.0
IXIC,19970912,1642.98,1649.33,1649.89,1633.65,1639.86,9.47,0.5775,0.99,69096.0
IXIC,19970915,1649.76,1634.92,1654.74,1634.76,1649.33,-14.41,-0.8737,1.21,66357.0
IXIC,19970916,1643.79,1643.79,1669.01,1643.79,1634.92,8.87,0.5425,1.54,74533.0
IXIC,19970917,1673.66,1663.95,1675.26,1663.95,1643.79,20.16,1.2264,0.69,77002.0
IXIC,19970918,1671.5699,1670.02,1680.1801,1667.71,1663.95,6.07,0.3648,0.75,71824.0
IXIC,19970919,1668.87,1680.36,1680.37,1666.91,1670.02,10.34,0.6192,0.81,67986.0
IXIC,19970922,1684.3101,1689.45,1697.3199,1684.3101,1680.36,9.09,0.541,0.77,70372.0
IXIC,19970923,1691.98,1697.36,1697.36,1686.38,1689.45,7.91,0.4682,0.65,75521.0
IXIC,19970924,1700.6899,1687.41,1702.49,1686.52,1697.36,-9.95,-0.5862,0.94,78448.0
IXIC,19970925,1685.78,1677.57,1688.58,1677.57,1687.41,-9.84,-0.5831,0.65,73246.0
IXIC,19970926,1686.0,1677.76,1688.87,1677.76,1677.57,0.19,0.0113,0.66,67878.0
IXIC,19970929,1685.3,1694.98,1695.53,1680.62,1677.76,17.22,1.0264,0.89,63555.0
IXIC,19970930,1691.1801,1685.69,1694.01,1685.51,1694.98,-9.29,-0.5481,0.5,77973.0
IXIC,19971001,1690.79,1690.3,1696.63,1680.76,1685.69,4.61,0.2735,0.94,97068.0
IXIC,19971002,1693.34,1692.11,1702.41,1692.11,1690.3,1.81,0.1071,0.61,70498.0
IXIC,19971003,1718.17,1715.87,1726.59,1706.23,1692.11,23.76,1.4042,1.2,76524.0
IXIC,19971006,1722.39,1721.91,1724.47,1716.6,1715.87,6.04,0.352,0.46,71545.0
IXIC,19971007,1725.85,1737.27,1739.86,1725.85,1721.91,15.36,0.892,0.81,77730.0
IXIC,19971008,1739.91,1728.04,1741.77,1728.04,1737.27,-9.23,-0.5313,0.79,78641.0
IXIC,19971009,1734.99,1745.85,1748.78,1731.34,1728.04,17.81,1.0306,1.01,78059.0
IXIC,19971010,1739.2,1739.03,1745.85,1736.11,1745.85,-6.82,-0.3906,0.56,70702.0
IXIC,19971013,1744.88,1742.12,1747.85,1739.03,1739.03,3.09,0.1777,0.51,65312.0
IXIC,19971014,1744.83,1732.79,1747.05,1723.28,1742.12,-9.33,-0.5356,1.36,74929.0
IXIC,19971015,1715.3,1723.37,1732.79,1713.91,1732.79,-9.42,-0.5436,1.09,81614.0
IXIC,19971016,1730.85,1699.66,1732.53,1691.92,1723.37,-23.71,-1.3758,2.36,83383.0
IXIC,19971017,1699.66,1666.85,1699.66,1645.87,1699.66,-32.81,-1.9304,3.16,92183.0
IXIC,19971020,1675.16,1685.45,1686.45,1666.78,1666.85,18.6,1.1159,1.18,68366.0
IXIC,19971021,1699.76,1712.54,1712.9,1699.76,1685.45,27.09,1.6073,0.78,78934.0
IXIC,19971022,1716.49,1708.08,1717.3,1704.83,1712.54,-4.46,-0.2604,0.73,77491.0
IXIC,19971023,1708.08,1671.25,1708.08,1662.99,1708.08,-36.83,-2.1562,2.64,81888.0
IXIC,19971024,1686.0699,1650.92,1691.6,1642.6899,1671.25,-20.33,-1.2165,2.93,93624.0
IXIC,19971027,1633.92,1532.54,1633.92,1532.54,1650.92,-118.38,-7.1705,6.14,90636.0
IXIC,19971028,1484.72,1603.02,1603.22,1465.84,1532.54,70.48,4.5989,8.96,139500.0
IXIC,19971029,1614.59,1598.48,1626.06,1598.48,1603.02,-4.54,-0.2832,1.72,90060.0
IXIC,19971030,1572.89,1570.41,1596.22,1564.65,1598.48,-28.07,-1.756,1.98,75411.0
IXIC,19971031,1594.12,1593.61,1599.71,1570.41,1570.41,23.2,1.4773,1.87,71001.0
IXIC,19971103,1609.62,1629.98,1630.16,1609.62,1593.61,36.37,2.2822,1.29,64276.0
IXIC,19971104,1627.24,1631.15,1634.49,1622.21,1629.98,1.17,0.0718,0.75,63109.0
IXIC,19971105,1639.9399,1637.33,1644.42,1634.12,1631.15,6.18,0.3789,0.63,69550.0
IXIC,19971106,1638.14,1623.44,1638.14,1622.36,1637.33,-13.89,-0.8483,0.96,62949.0
IXIC,19971107,1597.27,1587.31,1611.05,1587.31,1623.44,-36.13,-2.2255,1.46,67320.0
IXIC,19971110,1609.77,1589.92,1616.58,1589.92,1587.31,2.61,0.1644,1.68,58974.0
IXIC,19971111,1594.45,1580.73,1596.1801,1580.73,1589.92,-9.19,-0.578,0.97,56756.0
IXIC,19971112,1570.27,1541.14,1576.89,1541.14,1580.73,-39.59,-2.5045,2.26,70629.0
IXIC,19971113,1554.79,1559.25,1559.25,1508.41,1541.14,18.11,1.1751,3.3,77265.0
IXIC,19971114,1565.6801,1583.51,1585.4399,1565.6801,1559.25,24.26,1.5559,1.27,70539.0
IXIC,19971117,1601.95,1614.11,1631.46,1583.47,1583.51,30.6,1.9324,3.03,65288.0
IXIC,19971118,1614.67,1600.44,1616.42,1600.2,1614.11,-13.67,-0.8469,1.0,57521.0
IXIC,19971119,1596.29,1601.22,1603.11,1594.05,1600.44,0.78,0.0487,0.57,55258.0
IXIC,19971120,1607.66,1626.56,1627.48,1607.66,1601.22,25.34,1.5825,1.24,68799.0
IXIC,19971121,1636.58,1616.5,1637.26,1616.5,1626.56,-10.06,-0.6185,1.28,67910.0
IXIC,19971124,1612.9399,1586.99,1620.75,1584.5601,1616.5,-29.51,-1.8255,2.24,55672.0
IXIC,19971125,1593.3,1580.27,1596.5601,1580.27,1586.99,-6.72,-0.4234,1.03,64200.0
IXIC,19971126,1593.5699,1594.5,1597.79,1591.55,1580.27,14.23,0.9005,0.39,51756.0
IXIC,19971128,1595.84,1600.55,1604.24,1595.84,1594.5,6.05,0.3794,0.53,20993.0
IXIC,19971201,1608.5601,1630.72,1630.72,1608.5601,1600.55,30.17,1.885,1.38,61062.0
IXIC,19971202,1625.48,1606.37,1625.48,1605.12,1630.72,-24.35,-1.4932,1.25,65036.0
IXIC,19971203,1603.99,1615.13,1615.14,1591.05,1606.37,8.76,0.5453,1.5,71789.0
IXIC,19971204,1621.72,1610.68,1624.64,1610.68,1615.13,-4.45,-0.2755,0.86,69512.0
IXIC,19971205,1608.03,1633.9,1633.91,1606.92,1610.68,23.22,1.4416,1.68,66322.0
IXIC,19971208,1639.39,1651.54,1652.84,1639.0,1633.9,17.64,1.0796,0.85,63442.0
IXIC,19971209,1636.97,1620.55,1636.97,1619.83,1651.54,-30.99,-1.8764,1.04,80208.0
IXIC,19971210,1611.88,1585.15,1611.88,1585.15,1620.55,-35.4,-2.1844,1.65,74163.0
IXIC,19971211,1577.55,1558.54,1596.6,1550.76,1585.15,-26.61,-1.6787,2.89,82374.0
IXIC,19971212,1564.0601,1536.58,1567.8199,1533.62,1558.54,-21.96,-1.409,2.19,76043.0
IXIC,19971215,1540.41,1515.69,1541.54,1515.6899,1536.58,-20.89,-1.3595,1.68,79257.0
IXIC,19971216,1541.25,1540.98,1560.98,1540.98,1515.69,25.29,1.6685,1.32,78493.0
IXIC,19971217,1563.53,1546.69,1568.54,1546.69,1540.98,5.71,0.3705,1.42,75746.0
IXIC,19971218,1548.67,1523.19,1549.55,1516.41,1546.69,-23.5,-1.5194,2.14,74042.0
IXIC,19971219,1506.86,1524.74,1525.88,1486.51,1523.19,1.55,0.1018,2.58,79454.0
IXIC,19971222,1533.46,1526.82,1544.27,1526.8199,1524.74,2.08,0.1364,1.14,62710.0
IXIC,19971223,1531.6,1509.91,1533.11,1509.25,1526.82,-16.91,-1.1075,1.56,61430.0
IXIC,19971224,1516.66,1499.53,1518.21,1497.67,1509.91,-10.38,-0.6875,1.36,31217.0
IXIC,19971226,1501.15,1511.38,1511.38,1501.15,1499.53,11.85,0.7902,0.68,20470.0
IXIC,19971229,1521.79,1537.45,1537.49,1521.79,1511.38,26.07,1.7249,1.04,64509.0
IXIC,19971230,1539.55,1565.03,1565.48,1539.55,1537.45,27.58,1.7939,1.69,75836.0
IXIC,19971231,1565.87,1561.14,1579.68,1561.14,1565.03,-3.89,-0.2486,1.18,79546.0
IXIC,19980102,1574.1,1581.53,1581.53,1563.77,1561.14,20.39,1.3061,1.14,43414.0
IXIC,19980105,1585.77,1594.12,1602.51,1582.99,1581.53,12.59,0.7961,1.23,68156.0
IXIC,19980106,1588.0699,1580.14,1594.12,1576.26,1594.12,-13.98,-0.877,1.12,63570.0
IXIC,19980107,1574.01,1561.7,1580.14,1547.52,1580.14,-18.44,-1.167,2.06,69134.0
IXIC,19980108,1555.91,1550.7,1566.21,1550.7,1561.7,-11.0,-0.7044,0.99,64505.0
IXIC,19980109,1555.54,1503.22,1555.66,1497.37,1550.7,-47.48,-3.0618,3.76,81346.0
IXIC,19980112,1482.01,1507.58,1507.72,1465.61,1503.22,4.36,0.29,2.8,69833.0
IXIC,19980113,1519.62,1519.62,1541.64,1519.62,1507.58,12.04,0.7986,1.46,74203.0
IXIC,19980114,1549.8,1548.76,1550.71,1535.98,1519.62,29.14,1.9176,0.97,69168.0
IXIC,19980115,1545.8199,1547.06,1554.85,1541.29,1548.76,-1.7,-0.1098,0.88,65945.0
IXIC,19980116,1557.6899,1562.88,1564.96,1557.6899,1547.06,15.82,1.0226,0.47,70123.0
IXIC,19980120,1567.8,1590.14,1590.14,1567.8,1562.88,27.26,1.7442,1.43,71549.0
IXIC,19980121,1583.4,1578.64,1590.48,1578.64,1590.14,-11.5,-0.7232,0.74,71685.0
IXIC,19980122,1577.88,1576.51,1585.05,1573.28,1578.64,-2.13,-0.1349,0.75,66050.0
IXIC,19980123,1582.52,1568.18,1584.87,1568.18,1576.51,-8.33,-0.5284,1.06,64739.0
IXIC,19980126,1578.33,1556.91,1578.65,1556.91,1568.18,-11.27,-0.7187,1.39,58824.0
IXIC,19980127,1562.23,1578.9,1580.04,1559.26,1556.91,21.99,1.4124,1.33,68055.0
IXIC,19980128,1586.49,1610.82,1611.5,1586.49,1578.9,31.92,2.0217,1.58,77761.0
IXIC,19980129,1609.08,1619.49,1629.54,1608.35,1610.82,8.67,0.5382,1.32,82797.0
IXIC,19980130,1624.53,1619.36,1628.2,1615.42,1619.49,-0.13,-0.008,0.79,72951.0
IXIC,19980202,1640.0601,1652.89,1653.9399,1640.0601,1619.36,33.53,2.0706,0.86,80812.0
IXIC,19980203,1654.23,1649.81,1666.54,1649.81,1652.89,-3.08,-0.1863,1.01,76414.0
IXIC,19980204,1663.46,1680.44,1681.17,1661.11,1649.81,30.63,1.8566,1.22,82045.0
IXIC,19980205,1692.22,1676.9,1701.2,1675.1,1680.44,-3.54,-0.2107,1.55,86599.0
IXIC,19980206,1675.51,1675.4,1694.5601,1675.4,1676.9,-1.5,-0.0895,1.14,75382.0
IXIC,19980209,1699.92,1690.43,1701.58,1686.21,1675.4,15.03,0.8971,0.92,68862.0
IXIC,19980210,1692.29,1709.04,1713.54,1692.11,1690.43,18.61,1.1009,1.27,83556.0
IXIC,19980211,1708.99,1708.55,1714.15,1703.78,1709.04,-0.49,-0.0287,0.61,76009.0
IXIC,19980212,1702.89,1714.34,1714.62,1692.37,1708.55,5.79,0.3389,1.3,76956.0
IXIC,19980213,1709.4,1710.42,1715.11,1707.6,1714.34,-3.92,-0.2287,0.44,68318.0
IXIC,19980217,1721.02,1703.43,1723.4,1700.91,1710.42,-6.99,-0.4087,1.31,69197.0
IXIC,19980218,1702.79,1715.73,1715.74,1701.36,1703.43,12.3,0.7221,0.84,68748.0
IXIC,19980219,1723.9,1727.01,1730.88,1717.47,1715.73,11.28,0.6574,0.78,73887.0
IXIC,19980220,1731.84,1728.13,1731.84,1713.84,1727.01,1.12,0.0649,1.04,74576.0
IXIC,19980223,1744.21,1735.57,1751.76,1735.5699,1728.13,7.44,0.4305,0.94,73171.0
IXIC,19980224,1755.75,1738.71,1757.96,1738.71,1735.57,3.14,0.1809,1.11,77492.0
IXIC,19980225,1746.84,1766.48,1766.66,1746.73,1738.71,27.77,1.5972,1.15,84506.0
IXIC,19980226,1766.71,1777.11,1777.13,1763.86,1766.48,10.63,0.6018,0.75,78268.0
IXIC,19980227,1778.02,1770.51,1783.74,1769.99,1777.11,-6.6,-0.3714,0.77,81616.0
IXIC,19980302,1778.72,1757.58,1781.0699,1757.58,1770.51,-12.93,-0.7303,1.33,74703.0
IXIC,19980303,1748.96,1742.71,1757.1801,1742.71,1757.58,-14.87,-0.8461,0.82,78312.0
IXIC,19980304,1750.48,1748.81,1760.35,1748.81,1742.71,6.1,0.35,0.66,73120.0
IXIC,19980305,1714.59,1711.92,1714.59,1708.48,1748.81,-36.89,-2.1094,0.35,87426.0
IXIC,19980306,1722.59,1753.49,1753.49,1722.59,1711.92,41.57,2.4283,1.8,79152.0
IXIC,19980309,1747.9399,1725.16,1747.9399,1725.16,1753.49,-28.33,-1.6156,1.3,73934.0
IXIC,19980310,1741.58,1748.51,1748.66,1741.58,1725.16,23.35,1.3535,0.41,79992.0
IXIC,19980311,1756.03,1756.85,1763.4,1756.03,1748.51,8.34,0.477,0.42,83845.0
IXIC,19980312,1763.71,1764.06,1766.23,1749.78,1756.85,7.21,0.4104,0.94,75615.0
IXIC,19980313,1775.01,1771.66,1780.9,1768.62,1764.06,7.6,0.4308,0.7,75229.0
IXIC,19980316,1779.41,1788.18,1788.4,1779.41,1771.66,16.52,0.9325,0.51,69021.0
IXIC,19980317,1787.9399,1779.3,1788.8101,1769.9301,1788.18,-8.88,-0.4966,1.06,79994.0
IXIC,19980318,1772.74,1788.28,1788.74,1768.78,1779.3,8.98,0.5047,1.12,75712.0
IXIC,19980319,1789.55,1799.98,1799.98,1789.55,1788.28,11.7,0.6543,0.58,78929.0
IXIC,19980320,1803.28,1789.16,1807.03,1788.86,1799.98,-10.82,-0.6011,1.01,75632.0
IXIC,19980323,1784.95,1784.21,1798.14,1784.21,1789.16,-4.95,-0.2767,0.78,73151.0
IXIC,19980324,1796.84,1812.44,1813.45,1796.84,1784.21,28.23,1.5822,0.93,80381.0
IXIC,19980325,1837.62,1824.51,1840.83,1812.76,1812.44,12.07,0.666,1.55,87165.0
IXIC,19980326,1822.24,1828.54,1832.6,1816.02,1824.51,4.03,0.2209,0.91,72507.0
IXIC,19980327,1837.11,1823.62,1839.76,1818.48,1828.54,-4.92,-0.2691,1.16,73842.0
IXIC,19980330,1823.79,1818.7,1826.63,1814.41,1823.62,-4.92,-0.2698,0.67,65578.0
IXIC,19980331,1823.48,1835.68,1839.77,1818.61,1818.7,16.98,0.9336,1.16,84100.0
IXIC,19980401,1838.15,1847.66,1848.95,1826.12,1835.68,11.98,0.6526,1.24,83558.0
IXIC,19980402,1847.96,1852.96,1858.21,1845.72,1847.66,5.3,0.2868,0.68,91809.0
IXIC,19980403,1857.35,1855.4,1865.8,1850.63,1852.96,2.44,0.1317,0.82,86308.0
IXIC,19980406,1859.24,1829.14,1861.12,1828.72,1855.4,-26.26,-1.4153,1.75,76107.0
IXIC,19980407,1823.54,1798.71,1823.54,1788.74,1829.14,-30.43,-1.6636,1.9,77648.0
IXIC,19980408,1801.11,1807.01,1816.33,1798.35,1798.71,8.3,0.4614,1.0,71960.0
IXIC,19980409,1814.51,1807.01,1821.75,1807.01,1807.01,0.0,0.0,0.82,75584.0
IXIC,19980413,1824.0699,1824.95,1826.98,1810.26,1807.01,17.94,0.9928,0.93,63185.0
IXIC,19980414,1825.4,1843.03,1844.76,1825.4,1824.95,18.08,0.9907,1.06,77769.0
IXIC,19980415,1852.89,1863.26,1866.92,1852.89,1843.03,20.23,1.0976,0.76,90195.0
IXIC,19980416,1857.27,1858.24,1863.34,1849.1,1863.26,-5.02,-0.2694,0.76,85483.0
IXIC,19980417,1854.5,1866.6,1866.83,1849.58,1858.24,8.36,0.4499,0.93,81193.0
IXIC,19980420,1869.01,1887.14,1888.0,1869.01,1866.6,20.54,1.1004,1.02,80873.0
IXIC,19980421,1894.99,1890.92,1904.1801,1890.92,1887.14,3.78,0.2003,0.7,93857.0
IXIC,19980422,1907.46,1917.61,1931.83,1907.46,1890.92,26.69,1.4115,1.29,102605.0
IXIC,19980423,1913.14,1881.08,1913.14,1881.08,1917.61,-36.53,-1.905,1.67,89151.0
IXIC,19980424,1878.5699,1868.96,1891.73,1860.26,1881.08,-12.12,-0.6443,1.67,80625.0
IXIC,19980427,1868.96,1820.31,1868.96,1804.14,1868.96,-48.65,-2.6031,3.47,79637.0
IXIC,19980428,1842.49,1831.77,1848.89,1820.3,1820.31,11.46,0.6296,1.57,78222.0
IXIC,19980429,1837.17,1851.64,1854.23,1837.17,1831.77,19.87,1.0847,0.93,79274.0
IXIC,19980430,1868.12,1868.41,1874.46,1868.12,1851.64,16.77,0.9057,0.34,84205.0
IXIC,19980501,1871.8101,1873.44,1875.52,1864.4399,1868.41,5.03,0.2692,0.59,77460.0
IXIC,19980504,1880.12,1877.08,1890.44,1877.08,1873.44,3.64,0.1943,0.71,77084.0
IXIC,19980505,1876.26,1864.91,1876.26,1862.92,1877.08,-12.17,-0.6483,0.71,76737.0
IXIC,19980506,1872.59,1856.68,1874.11,1855.6,1864.91,-8.23,-0.4413,0.99,75282.0
IXIC,19980507,1858.41,1835.09,1859.05,1835.09,1856.68,-21.59,-1.1628,1.29,71627.0
IXIC,19980508,1832.17,1864.37,1864.71,1832.17,1835.09,29.28,1.5956,1.77,71844.0
IXIC,19980511,1870.01,1848.07,1877.65,1847.98,1864.37,-16.3,-0.8743,1.59,72361.0
IXIC,19980512,1847.4399,1860.16,1860.16,1839.21,1848.07,12.09,0.6542,1.13,73584.0
IXIC,19980513,1869.85,1866.18,1871.77,1866.18,1860.16,6.02,0.3236,0.3,78384.0
IXIC,19980514,1857.77,1865.36,1878.5,1854.21,1866.18,-0.82,-0.0439,1.3,74131.0
IXIC,19980515,1869.36,1846.77,1870.75,1844.72,1865.36,-18.59,-0.9966,1.4,75597.0
IXIC,19980518,1838.53,1822.6,1850.09,1822.6,1846.77,-24.17,-1.3088,1.49,68593.0
IXIC,19980519,1840.62,1845.87,1849.55,1840.62,1822.6,23.27,1.2767,0.49,67804.0
IXIC,19980520,1850.16,1831.75,1852.27,1827.49,1845.87,-14.12,-0.765,1.34,67439.0
IXIC,19980521,1834.49,1820.99,1840.76,1817.89,1831.75,-10.76,-0.5874,1.25,68188.0
IXIC,19980522,1810.8199,1805.0,1834.24,1801.62,1820.99,-15.99,-0.8781,1.79,63735.0
IXIC,19980526,1813.53,1777.81,1817.92,1777.81,1805.0,-27.19,-1.5064,2.22,67626.0
IXIC,19980527,1759.63,1781.1,1781.3,1742.05,1777.81,3.29,0.1851,2.21,79389.0
IXIC,19980528,1782.75,1775.76,1796.57,1775.76,1781.1,-5.34,-0.2998,1.17,64488.0
IXIC,19980529,1800.33,1778.64,1803.14,1778.64,1775.76,2.88,0.1622,1.38,66424.0
IXIC,19980601,1770.37,1746.82,1779.34,1741.1,1778.64,-31.82,-1.789,2.15,64555.0
IXIC,19980602,1757.92,1748.39,1764.75,1748.39,1746.82,1.57,0.0899,0.94,70107.0
IXIC,19980603,1771.1899,1742.31,1774.58,1742.01,1748.39,-6.08,-0.3477,1.86,72700.0
IXIC,19980604,1753.33,1769.95,1769.95,1753.33,1742.31,27.64,1.5864,0.95,72520.0
IXIC,19980605,1772.9,1766.31,1782.92,1766.31,1769.95,-3.64,-0.2057,0.94,67959.0
IXIC,19980608,1783.47,1787.77,1791.54,1778.54,1766.31,21.46,1.215,0.74,61009.0
IXIC,19980609,1787.66,1800.76,1801.04,1786.91,1787.77,12.99,0.7266,0.79,70909.0
IXIC,19980610,1791.25,1773.25,1797.2,1773.25,1800.76,-27.51,-1.5277,1.33,70746.0
IXIC,19980611,1776.61,1749.75,1779.88,1747.51,1773.25,-23.5,-1.3253,1.83,71821.0
IXIC,19980612,1748.46,1745.05,1748.46,1715.71,1749.75,-4.7,-0.2686,1.87,74564.0
IXIC,19980615,1726.5699,1715.75,1745.05,1715.04,1745.05,-29.3,-1.679,1.72,62903.0
IXIC,19980616,1728.74,1722.28,1753.12,1722.28,1715.75,6.53,0.3806,1.8,68042.0
IXIC,19980617,1762.1899,1776.4,1787.0601,1762.1899,1722.28,54.12,3.1423,1.44,83079.0
IXIC,19980618,1776.35,1772.7,1778.45,1767.95,1776.4,-3.7,-0.2083,0.59,72170.0
IXIC,19980619,1783.63,1781.29,1785.25,1773.9,1772.7,8.59,0.4846,0.64,71269.0
IXIC,19980622,1782.5601,1805.82,1807.5601,1777.23,1781.29,24.53,1.3771,1.7,64591.0
IXIC,19980623,1813.24,1844.57,1844.58,1806.35,1805.82,38.75,2.1458,2.12,80779.0
IXIC,19980624,1858.36,1844.26,1878.37,1844.26,1844.57,-0.31,-0.0168,1.85,92739.0
IXIC,19980625,1886.33,1863.25,1894.71,1860.4,1844.26,18.99,1.0297,1.86,83858.0
IXIC,19980626,1865.35,1869.53,1872.23,1862.75,1863.25,6.28,0.337,0.51,61463.0
IXIC,19980629,1880.59,1891.08,1891.67,1880.59,1869.53,21.55,1.1527,0.59,65928.0
IXIC,19980630,1882.73,1894.74,1898.62,1878.87,1891.08,3.66,0.1935,1.04,86220.0
IXIC,19980701,1904.24,1893.06,1914.46,1893.06,1894.74,-1.68,-0.0887,1.13,85736.0
IXIC,19980702,1908.75,1894.0,1908.96,1891.1,1893.06,0.94,0.0497,0.94,79333.0
IXIC,19980706,1898.63,1893.31,1909.87,1893.31,1894.0,-0.69,-0.0364,0.87,69181.0
IXIC,19980707,1912.26,1908.11,1912.26,1897.34,1893.31,14.8,0.7817,0.79,80645.0
IXIC,19980708,1909.41,1935.39,1935.9,1906.61,1908.11,27.28,1.4297,1.54,84182.0
IXIC,19980709,1935.55,1932.33,1947.41,1932.33,1935.39,-3.06,-0.1581,0.78,84484.0
IXIC,19980710,1938.96,1943.04,1943.89,1925.12,1932.33,10.71,0.5543,0.97,70961.0
IXIC,19980713,1948.3199,1965.53,1965.72,1946.63,1943.04,22.49,1.1575,0.98,77695.0
IXIC,19980714,1972.6899,1968.41,1979.64,1963.62,1965.53,2.88,0.1465,0.82,84396.0
IXIC,19980715,1974.5601,1994.54,1994.99,1926.4399,1968.41,26.13,1.3275,3.48,92030.0
IXIC,19980716,2000.9,2000.56,2004.92,1982.48,1994.54,6.02,0.3018,1.13,90482.0
IXIC,19980717,2005.58,2008.76,2010.61,1994.4,2000.56,8.2,0.4099,0.81,79832.0
IXIC,19980720,2013.48,2014.25,2022.4,2006.33,2008.76,5.49,0.2733,0.8,72206.0
IXIC,19980721,2018.46,1978.12,2028.06,1978.12,2014.25,-36.13,-1.7937,2.48,85422.0
IXIC,19980722,1969.1,1969.75,1980.42,1950.77,1978.12,-8.37,-0.4231,1.5,82875.0
IXIC,19980723,1970.83,1935.22,1981.05,1935.22,1969.75,-34.53,-1.753,2.33,86800.0
IXIC,19980724,1947.86,1909.75,1954.69,1909.75,1935.22,-25.47,-1.3161,2.32,80561.0
IXIC,19980727,1916.3101,1933.26,1933.3,1887.48,1909.75,23.51,1.2311,2.4,71558.0
IXIC,19980728,1931.83,1893.74,1937.9301,1893.74,1933.26,-39.52,-2.0442,2.29,80304.0
IXIC,19980729,1908.27,1881.49,1915.04,1878.16,1893.74,-12.25,-0.6469,1.95,73054.0
IXIC,19980730,1897.03,1890.14,1919.64,1890.14,1881.49,8.65,0.4597,1.57,73954.0
IXIC,19980731,1920.09,1872.39,1920.66,1871.72,1890.14,-17.75,-0.9391,2.59,74054.0
IXIC,19980803,1869.72,1851.1,1870.65,1849.87,1872.39,-21.29,-1.137,1.11,65514.0
IXIC,19980804,1863.77,1784.85,1869.23,1784.85,1851.1,-66.25,-3.579,4.56,91499.0
IXIC,19980805,1790.15,1751.42,1804.26,1751.42,1784.85,-33.43,-1.873,2.96,90244.0
IXIC,19980806,1777.88,1777.88,1829.51,1777.88,1751.42,26.46,1.5108,2.95,78228.0
IXIC,19980807,1842.48,1838.06,1864.76,1838.06,1777.88,60.18,3.3849,1.5,81086.0
IXIC,19980810,1847.21,1839.21,1850.1,1834.88,1838.06,1.15,0.0626,0.83,54701.0
IXIC,19980811,1801.67,1792.7,1801.67,1775.24,1839.21,-46.51,-2.5288,1.44,73292.0
IXIC,19980812,1809.67,1825.53,1826.49,1809.67,1792.7,32.83,1.8313,0.94,71364.0
IXIC,19980813,1820.53,1802.44,1830.88,1802.4399,1825.53,-23.09,-1.2648,1.56,63644.0
IXIC,19980814,1815.74,1790.19,1818.0,1782.37,1802.44,-12.25,-0.6796,1.98,66910.0
IXIC,19980817,1784.91,1818.04,1818.12,1778.55,1790.19,27.85,1.5557,2.21,62644.0
IXIC,19980818,1826.88,1855.12,1858.22,1826.88,1818.04,37.08,2.0396,1.72,75183.0
IXIC,19980819,1872.38,1840.77,1873.65,1840.77,1855.12,-14.35,-0.7735,1.77,73560.0
IXIC,19980820,1835.12,1829.18,1842.88,1829.18,1840.77,-11.59,-0.6296,0.74,65159.0
IXIC,19980821,1816.48,1797.61,1816.48,1767.11,1829.18,-31.57,-1.7259,2.7,78514.0
IXIC,19980824,1803.77,1790.82,1815.24,1787.95,1797.61,-6.79,-0.3777,1.52,58824.0
IXIC,19980825,1807.12,1798.17,1818.03,1786.75,1790.82,7.35,0.4104,1.75,68804.0
IXIC,19980826,1776.91,1768.13,1783.49,1762.42,1798.17,-30.04,-1.6706,1.17,68586.0
IXIC,19980827,1742.13,1686.41,1742.13,1673.61,1768.13,-81.72,-4.6218,3.88,95926.0
IXIC,19980828,1690.0699,1639.68,1699.21,1624.0,1686.41,-46.73,-2.771,4.46,90554.0
IXIC,19980831,1646.75,1498.73,1654.49,1498.73,1639.68,-140.95,-8.5962,9.5,100378.0
IXIC,19980901,1509.01,1575.09,1577.51,1475.49,1498.73,76.36,5.095,6.81,125868.0
IXIC,19980902,1590.02,1592.85,1627.09,1590.02,1575.09,17.76,1.1276,2.35,93830.0
IXIC,19980903,1572.4399,1571.86,1594.55,1552.27,1592.85,-20.99,-1.3178,2.65,75225.0
IXIC,19980904,1586.33,1566.52,1593.92,1543.86,1571.86,-5.34,-0.3397,3.18,62341.0
IXIC,19980908,1566.52,1660.86,1660.92,1566.52,1566.52,94.34,6.0223,6.03,78033.0
IXIC,19980909,1658.5,1624.55,1680.71,1624.55,1660.86,-36.31,-2.1862,3.38,69517.0
IXIC,19980910,1624.54,1585.33,1624.54,1568.23,1624.55,-39.22,-2.4142,3.47,76292.0
IXIC,19980911,1599.8,1641.64,1642.08,1585.28,1585.33,56.31,3.5519,3.58,70672.0
IXIC,19980914,1660.3101,1665.69,1677.9,1641.64,1641.64,24.05,1.465,2.21,68672.0
IXIC,19980915,1658.65,1678.11,1678.24,1651.91,1665.69,12.42,0.7456,1.58,66483.0
IXIC,19980916,1684.03,1672.66,1693.64,1672.66,1678.11,-5.45,-0.3248,1.25,71680.0
IXIC,19980917,1646.1899,1646.25,1689.91,1637.05,1672.66,-26.41,-1.5789,3.16,68367.0
IXIC,19980918,1658.08,1663.77,1664.62,1644.46,1646.25,17.52,1.0642,1.22,64716.0
IXIC,19980921,1630.11,1615.88,1680.4301,1615.88,1663.77,-47.89,-2.8784,3.88,54867.0
IXIC,19980922,1693.53,1684.42,1702.59,1684.42,1615.88,68.54,4.2417,1.12,75518.0
IXIC,19980923,1711.67,1709.04,1760.28,1709.04,1684.42,24.62,1.4616,3.04,93278.0
IXIC,19980924,1753.1899,1720.34,1768.36,1713.77,1709.04,11.3,0.6612,3.19,81408.0
IXIC,19980925,1705.49,1697.87,1743.87,1697.87,1720.34,-22.47,-1.3061,2.67,70023.0
IXIC,19980928,1757.9,1739.22,1769.71,1725.65,1697.87,41.35,2.4354,2.6,69668.0
IXIC,19980929,1745.4,1734.05,1750.1,1719.95,1739.22,-5.17,-0.2973,1.73,78171.0
IXIC,19980930,1716.71,1693.84,1734.05,1686.1,1734.05,-40.21,-2.3188,2.77,73776.0
IXIC,19981001,1663.3,1612.33,1693.84,1606.61,1693.84,-81.51,-4.8121,5.15,85696.0
IXIC,19981002,1609.45,1569.24,1622.91,1569.24,1612.33,-43.09,-2.6725,3.33,87145.0
IXIC,19981005,1591.17,1536.69,1614.98,1511.15,1569.24,-32.55,-2.0743,6.62,87718.0
IXIC,19981006,1570.5,1510.89,1577.87,1500.6,1536.69,-25.8,-1.6789,5.03,88718.0
IXIC,19981007,1504.58,1449.4,1522.08,1449.4,1510.89,-61.49,-4.0698,4.81,94023.0
IXIC,19981008,1420.9399,1419.12,1462.6,1343.87,1449.4,-30.28,-2.0891,8.19,120951.0
IXIC,19981009,1447.34,1492.49,1493.54,1419.11,1419.12,73.37,5.1701,5.24,89283.0
IXIC,19981012,1528.49,1546.08,1560.25,1492.49,1492.49,53.59,3.5906,4.54,76482.0
IXIC,19981013,1541.13,1509.45,1547.05,1504.7,1546.08,-36.63,-2.3692,2.74,66354.0
IXIC,19981014,1502.1801,1540.97,1553.0,1496.59,1509.45,31.52,2.0882,3.74,75005.0
IXIC,19981015,1541.8,1539.45,1611.35,1539.45,1540.97,-1.52,-0.0986,4.67,84167.0
IXIC,19981016,1625.24,1620.95,1634.74,1611.02,1539.45,81.5,5.2941,1.54,97709.0
IXIC,19981019,1618.14,1648.73,1649.54,1613.85,1620.95,27.78,1.7138,2.2,84092.0
IXIC,19981020,1661.83,1639.19,1688.16,1638.53,1648.73,-9.54,-0.5786,3.01,108734.0
IXIC,19981021,1657.75,1674.75,1675.4,1635.59,1639.19,35.56,2.1694,2.43,83148.0
IXIC,19981022,1672.03,1702.64,1702.73,1659.67,1674.75,27.89,1.6653,2.57,89400.0
IXIC,19981023,1699.1899,1693.86,1710.65,1690.3101,1702.64,-8.78,-0.5157,1.19,82667.0
IXIC,19981026,1706.1801,1724.98,1725.34,1693.86,1693.86,31.12,1.8372,1.86,81557.0
IXIC,19981027,1740.84,1717.63,1769.04,1717.22,1724.98,-7.35,-0.4261,3.0,96591.0
IXIC,19981028,1710.28,1737.35,1738.37,1708.4,1717.63,19.72,1.1481,1.74,78382.0
IXIC,19981029,1734.96,1757.19,1758.14,1729.29,1737.35,19.84,1.142,1.66,89964.0
IXIC,19981030,1768.7,1771.39,1781.63,1766.05,1757.19,14.2,0.8081,0.89,92001.0
IXIC,19981102,1783.71,1800.91,1801.27,1771.4,1771.39,29.52,1.6665,1.69,88915.0
IXIC,19981103,1798.28,1788.43,1800.92,1779.38,1800.91,-12.48,-0.693,1.2,88900.0
IXIC,19981104,1807.88,1807.67,1828.36,1807.67,1788.43,19.24,1.0758,1.16,105045.0
IXIC,19981105,1812.6899,1837.1,1838.5,1808.08,1807.67,29.43,1.6281,1.68,91893.0
IXIC,19981106,1834.8,1856.56,1857.95,1833.75,1837.1,19.46,1.0593,1.32,93763.0
IXIC,19981109,1857.65,1861.05,1867.5,1843.98,1856.56,4.49,0.2418,1.27,84573.0
IXIC,19981110,1859.23,1849.52,1875.25,1849.52,1861.05,-11.53,-0.6195,1.38,91048.0
IXIC,19981111,1888.22,1862.11,1892.54,1859.36,1849.52,12.59,0.6807,1.79,93535.0
IXIC,19981112,1853.24,1851.06,1862.11,1843.54,1862.11,-11.05,-0.5934,1.0,80430.0
IXIC,19981113,1843.67,1847.99,1859.97,1842.52,1851.06,-3.07,-0.1659,0.94,80434.0
IXIC,19981116,1868.4399,1861.68,1877.85,1844.0699,1847.99,13.69,0.7408,1.83,75418.0
IXIC,19981117,1857.6,1845.84,1887.31,1845.84,1861.68,-15.84,-0.8508,2.23,82345.0
IXIC,19981118,1878.26,1876.41,1897.44,1876.41,1845.84,30.57,1.6562,1.14,89911.0
IXIC,19981119,1904.0,1919.68,1930.34,1897.42,1876.41,43.27,2.306,1.75,98168.0
IXIC,19981120,1935.65,1928.21,1936.1,1915.75,1919.68,8.53,0.4443,1.06,87104.0
IXIC,19981123,1937.8199,1977.42,1977.8101,1928.2,1928.21,49.21,2.5521,2.57,95104.0
IXIC,19981124,1972.91,1965.88,1988.45,1965.38,1977.42,-11.54,-0.5836,1.17,99681.0
IXIC,19981125,1973.64,1985.21,1985.21,1957.98,1965.88,19.33,0.9833,1.39,81554.0
IXIC,19981127,1994.91,2016.44,2016.52,1985.21,1985.21,31.23,1.5731,1.58,51293.0
IXIC,19981130,2023.66,1949.54,2025.04,1949.54,2016.44,-66.9,-3.3177,3.74,110652.0
IXIC,19981201,1928.51,2003.75,2003.88,1924.15,1949.54,54.21,2.7807,4.09,102605.0
IXIC,19981202,1995.96,1973.2,2005.79,1973.2,2003.75,-30.55,-1.5246,1.63,98239.0
IXIC,19981203,1995.29,1954.31,2012.79,1954.31,1973.2,-18.89,-0.9573,2.96,104049.0
IXIC,19981204,1984.39,1975.06,2003.16,1975.06,1954.31,20.75,1.0618,1.44,89058.0
IXIC,19981207,2009.98,2040.64,2040.88,2007.35,1975.06,65.58,3.3204,1.7,81073.0
IXIC,19981208,2042.6,2034.75,2060.98,2018.15,2040.64,-5.89,-0.2886,2.1,91889.0
IXIC,19981209,2045.16,2050.42,2052.71,2031.88,2034.75,15.67,0.7701,1.02,85575.0
IXIC,19981210,2051.5901,2015.96,2058.3701,2015.72,2050.42,-34.46,-1.6806,2.08,87069.0
IXIC,19981211,2012.87,2029.31,2035.03,2004.99,2015.96,13.35,0.6622,1.49,78334.0
IXIC,19981214,2013.4301,1966.92,2029.36,1962.0601,2029.31,-62.39,-3.0744,3.32,74244.0
IXIC,19981215,1984.91,2012.6,2012.65,1981.26,1966.92,45.68,2.3224,1.6,76669.0
IXIC,19981216,2023.3199,2009.36,2027.1899,1996.84,2012.6,-3.24,-0.161,1.51,84098.0
IXIC,19981217,2014.78,2043.88,2043.89,2014.78,2009.36,34.52,1.718,1.45,79162.0
IXIC,19981218,2057.77,2055.83,2086.1399,2055.83,2043.88,11.95,0.5847,1.48,90153.0
IXIC,19981221,2107.24,2104.19,2143.8101,2104.1899,2055.83,48.36,2.3523,1.93,95838.0
IXIC,19981222,2144.22,2105.54,2144.6101,2105.54,2104.19,1.35,0.0642,1.86,90674.0
IXIC,19981223,2149.28,2134.26,2172.5701,2134.26,2105.54,28.72,1.364,1.82,96529.0
IXIC,19981224,2171.3,2162.67,2171.3,2162.6699,2134.26,28.41,1.3311,0.4,44363.0
IXIC,19981228,2178.24,2164.67,2190.1101,2164.67,2162.67,2.0,0.0925,1.18,86188.0
IXIC,19981229,2184.4299,2181.77,2186.1499,2161.8301,2164.67,17.1,0.79,1.12,91118.0
IXIC,19981230,2181.3401,2166.95,2196.6399,2160.9299,2181.77,-14.82,-0.6793,1.64,91977.0
IXIC,19981231,2169.3799,2192.69,2200.6299,2165.74,2166.95,25.74,1.1878,1.61,88663.0
IXIC,19990104,2207.54,2193.13,2233.5701,2193.13,2192.69,0.44,0.0201,1.84,93666.0
IXIC,19990105,2207.75,2251.27,2251.77,2206.49,2193.13,58.14,2.651,2.06,94835.0
IXIC,19990106,2286.1299,2320.86,2320.95,2286.1299,2251.27,69.59,3.0911,1.55,125265.0
IXIC,19990107,2293.27,2326.09,2333.7,2284.24,2320.86,5.23,0.2253,2.13,120090.0
IXIC,19990108,2363.8,2344.41,2369.55,2314.95,2326.09,18.32,0.7876,2.35,128669.0
IXIC,19990111,2373.97,2384.59,2384.72,2348.24,2344.41,40.18,1.7139,1.56,114093.0
IXIC,19990112,2395.8999,2320.75,2396.3,2320.21,2384.59,-63.84,-2.6772,3.19,110730.0
IXIC,19990113,2222.28,2206.19,2353.87,2206.19,2320.75,-114.56,-4.9363,6.36,119547.0
IXIC,19990114,2337.3101,2276.82,2338.29,2276.3601,2206.19,70.63,3.2014,2.81,101227.0
IXIC,19990115,2292.3,2292.3,2348.72,2292.3,2276.82,15.48,0.6799,2.48,100116.0
IXIC,19990119,2390.9299,2408.17,2408.4299,2348.2,2292.3,115.87,5.0547,2.63,105749.0
IXIC,19990120,2451.4299,2415.49,2474.3799,2414.8101,2408.17,7.32,0.304,2.47,128098.0
IXIC,19990121,2403.52,2344.72,2403.52,2335.75,2415.49,-70.77,-2.9298,2.81,108386.0
IXIC,19990122,2309.3401,2338.88,2365.1101,2303.8201,2344.72,-5.84,-0.2491,2.61,101474.0
IXIC,19990125,2363.48,2328.74,2369.6899,2328.74,2338.88,-10.14,-0.4335,1.75,87096.0
IXIC,19990126,2388.97,2384.63,2434.3701,2384.6299,2328.74,55.89,2.4,2.14,103016.0
IXIC,19990127,2455.25,2406.78,2464.1201,2406.78,2384.63,22.15,0.9289,2.4,103448.0
IXIC,19990128,2442.52,2438.26,2477.47,2438.26,2406.78,31.48,1.308,1.63,101389.0
IXIC,19990129,2486.28,2454.71,2506.6799,2454.71,2438.26,16.45,0.6747,2.13,105712.0
IXIC,19990201,2522.3799,2510.09,2533.4399,2500.3501,2454.71,55.38,2.2561,1.35,95711.0
IXIC,19990202,2512.1201,2463.42,2512.1201,2442.9299,2510.09,-46.67,-1.8593,2.76,96371.0
IXIC,19990203,2453.23,2448.55,2493.5801,2448.55,2463.42,-14.87,-0.6036,1.83,105701.0
IXIC,19990204,2496.49,2410.07,2496.52,2409.99,2448.55,-38.48,-1.5715,3.53,109919.0
IXIC,19990205,2419.9299,2373.62,2421.4299,2346.8201,2410.07,-36.45,-1.5124,3.1,101374.0
IXIC,19990208,2405.3101,2404.92,2414.98,2358.05,2373.62,31.3,1.3187,2.4,88178.0
IXIC,19990209,2403.95,2310.64,2403.95,2310.6399,2404.92,-94.28,-3.9203,3.88,90978.0
IXIC,19990210,2304.25,2289.9,2338.1499,2289.8999,2310.64,-20.74,-0.8976,2.09,91562.0
IXIC,19990211,2339.02,2326.19,2405.76,2326.1899,2289.9,36.29,1.5848,3.47,96176.0
IXIC,19990212,2375.99,2321.89,2379.0,2319.74,2326.19,-4.3,-0.1849,2.55,83756.0
IXIC,19990216,2361.22,2300.52,2368.4099,2300.52,2321.89,-21.37,-0.9204,2.92,81924.0
IXIC,19990217,2277.5801,2248.91,2304.72,2242.27,2300.52,-51.61,-2.2434,2.71,90278.0
IXIC,19990218,2269.03,2224.21,2273.0801,2224.21,2248.91,-24.7,-1.0983,2.17,85991.0
IXIC,19990219,2276.6101,2283.6,2291.4099,2260.55,2224.21,59.39,2.6702,1.39,81348.0
IXIC,19990222,2293.3301,2342.01,2342.4099,2275.6001,2283.6,58.41,2.5578,2.93,84351.0
IXIC,19990223,2360.6799,2376.35,2386.48,2342.01,2342.01,34.34,1.4663,1.9,91211.0
IXIC,19990224,2389.75,2338.9,2405.29,2338.8999,2376.35,-37.45,-1.5759,2.79,93109.0
IXIC,19990225,2329.3899,2326.82,2339.3799,2286.9099,2338.9,-12.08,-0.5165,2.24,85870.0
IXIC,19990226,2320.49,2277.18,2320.49,2277.1799,2326.82,-49.64,-2.1334,1.86,90117.0
IXIC,19990301,2286.8301,2295.18,2300.8201,2264.3201,2277.18,18.0,0.7905,1.6,77080.0
IXIC,19990302,2303.6201,2259.03,2317.5701,2257.0701,2295.18,-36.15,-1.575,2.64,89402.0
IXIC,19990303,2274.04,2235.19,2280.97,2235.1899,2259.03,-23.84,-1.0553,2.03,86438.0
IXIC,19990304,2286.29,2250.63,2311.1799,2250.6299,2235.19,15.44,0.6908,2.71,88943.0
IXIC,19990305,2329.5801,2337.11,2339.21,2292.8899,2250.63,86.48,3.8425,2.06,85920.0
IXIC,19990308,2357.3201,2397.62,2398.1899,2353.74,2337.11,60.51,2.5891,1.9,97075.0
IXIC,19990309,2396.52,2385.52,2433.3701,2385.52,2397.62,-12.1,-0.5047,2.0,103290.0
IXIC,19990310,2407.1001,2406.0,2408.95,2378.8101,2385.52,20.48,0.8585,1.26,93667.0
IXIC,19990311,2419.1201,2412.25,2437.3899,2391.55,2406.0,6.25,0.2598,1.91,103358.0
IXIC,19990312,2411.48,2362.87,2411.5,2362.87,2412.25,-49.38,-2.0471,2.02,91841.0
IXIC,19990315,2392.54,2375.83,2431.45,2375.83,2362.87,12.96,0.5485,2.35,85148.0
IXIC,19990316,2437.98,2423.81,2450.01,2423.81,2375.83,47.98,2.0195,1.1,97721.0
IXIC,19990317,2440.22,2419.85,2441.72,2419.85,2423.81,-3.96,-0.1634,0.9,85432.0
IXIC,19990318,2425.3601,2462.96,2463.01,2423.54,2419.85,43.11,1.7815,1.63,93743.0
IXIC,19990319,2480.3899,2421.27,2480.6299,2420.21,2462.96,-41.69,-1.6927,2.45,105488.0
IXIC,19990322,2428.3899,2395.94,2430.8501,2395.29,2421.27,-25.33,-1.0461,1.47,87420.0
IXIC,19990323,2388.04,2319.96,2392.56,2319.96,2395.94,-75.98,-3.1712,3.03,97600.0
IXIC,19990324,2326.6299,2365.28,2365.3501,2305.6399,2319.96,45.32,1.9535,2.57,85652.0
IXIC,19990325,2399.72,2399.72,2434.8899,2399.72,2365.28,34.44,1.4561,1.49,93949.0
IXIC,19990326,2425.05,2419.17,2445.72,2410.46,2399.72,19.45,0.8105,1.47,83114.0
IXIC,19990329,2442.5901,2492.84,2492.8401,2419.1699,2419.17,73.67,3.0453,3.05,87620.0
IXIC,19990330,2492.1699,2480.29,2506.79,2477.6201,2492.84,-12.55,-0.5034,1.17,89611.0
IXIC,19990331,2508.3401,2461.4,2520.6299,2458.77,2480.29,-18.89,-0.7616,2.49,110120.0
IXIC,19990401,2493.0701,2493.37,2502.46,2460.24,2461.4,31.97,1.2989,1.72,84868.0
IXIC,19990405,2523.98,2515.7,2560.1001,2515.7,2493.37,22.33,0.8956,1.78,97792.0
IXIC,19990406,2555.48,2544.04,2582.3701,2544.04,2515.7,28.34,1.1265,1.52,111399.0
IXIC,19990407,2594.78,2511.39,2596.25,2511.3899,2544.04,-32.65,-1.2834,3.34,127275.0
IXIC,19990408,2553.45,2573.39,2573.97,2514.27,2511.39,62.0,2.4688,2.38,114588.0
IXIC,19990409,2574.98,2593.05,2599.2,2561.51,2573.39,19.66,0.764,1.46,109138.0
IXIC,19990412,2530.99,2526.84,2606.24,2526.84,2593.05,-66.21,-2.5534,3.06,114333.0
IXIC,19990413,2626.8501,2583.5,2632.51,2575.05,2526.84,56.66,2.2423,2.27,134170.0
IXIC,19990414,2621.52,2507.28,2628.1899,2507.28,2583.5,-76.22,-2.9503,4.68,141619.0
IXIC,19990415,2535.1899,2521.77,2536.3401,2443.02,2507.28,14.49,0.5779,3.72,123396.0
IXIC,19990416,2528.51,2476.93,2528.51,2476.9299,2521.77,-44.84,-1.7781,2.05,102707.0
IXIC,19990419,2501.71,2341.35,2501.71,2341.35,2476.93,-135.58,-5.4737,6.47,120099.0
IXIC,19990420,2355.26,2329.87,2409.78,2329.87,2341.35,-11.48,-0.4903,3.41,114374.0
IXIC,19990421,2428.8899,2489.08,2489.8401,2404.71,2329.87,159.21,6.8334,3.65,112528.0
IXIC,19990422,2551.1299,2561.61,2561.79,2525.26,2489.08,72.53,2.9139,1.47,111046.0
IXIC,19990423,2563.8701,2590.69,2603.1001,2538.0,2561.61,29.08,1.1352,2.54,104967.0
IXIC,19990426,2617.0901,2652.05,2661.51,2615.73,2590.69,61.36,2.3685,1.77,105047.0
IXIC,19990427,2671.5701,2602.41,2677.76,2602.1299,2652.05,-49.64,-1.8718,2.85,113201.0
IXIC,19990428,2601.1299,2550.37,2610.9099,2544.8999,2602.41,-52.04,-1.9997,2.54,100082.0
IXIC,19990429,2544.9299,2528.44,2553.1001,2500.75,2550.37,-21.93,-0.8599,2.05,100565.0
IXIC,19990430,2565.8701,2542.85,2578.0601,2488.3999,2528.44,14.41,0.5699,3.55,99446.0
IXIC,19990503,2546.3301,2535.58,2549.1001,2512.3701,2542.85,-7.27,-0.2859,1.44,86601.0
IXIC,19990504,2535.8101,2485.12,2557.21,2482.49,2535.58,-50.46,-1.9901,2.95,92173.0
IXIC,19990505,2498.1499,2534.45,2534.45,2430.6499,2485.12,49.33,1.985,4.18,103873.0
IXIC,19990506,2532.4099,2472.28,2546.3601,2464.5701,2534.45,-62.17,-2.453,3.23,90964.0
IXIC,19990507,2499.53,2503.62,2507.72,2462.27,2472.28,31.34,1.2677,1.84,86705.0
IXIC,19990510,2516.8401,2526.39,2536.1101,2500.74,2503.62,22.77,0.9095,1.41,83113.0
IXIC,19990511,2553.02,2542.42,2574.3701,2542.4199,2526.39,16.03,0.6345,1.26,95469.0
IXIC,19990512,2584.5701,2606.54,2610.3301,2548.24,2542.42,64.12,2.522,2.44,103250.0
IXIC,19990513,2621.74,2582.0,2632.74,2581.75,2606.54,-24.54,-0.9415,1.96,106956.0
IXIC,19990514,2549.3301,2527.86,2558.5901,2519.53,2582.0,-54.14,-2.0968,1.51,93635.0
IXIC,19990517,2517.26,2494.51,2561.8501,2494.51,2527.86,-33.35,-1.3193,2.66,78768.0
IXIC,19990518,2569.5901,2558.36,2576.4299,2543.3201,2494.51,63.85,2.5596,1.33,86210.0
IXIC,19990519,2568.4399,2577.4,2577.9299,2540.3799,2558.36,19.04,0.7442,1.47,96435.0
IXIC,19990520,2585.46,2542.23,2587.3301,2542.23,2577.4,-35.17,-1.3646,1.75,100477.0
IXIC,19990521,2551.4199,2520.14,2553.76,2509.24,2542.23,-22.09,-0.8689,1.75,88933.0
IXIC,19990524,2529.3,2444.89,2529.3,2444.8899,2520.14,-75.25,-2.9859,3.35,91988.0
IXIC,19990525,2454.6299,2380.9,2466.1699,2379.6101,2444.89,-63.99,-2.6173,3.54,104851.0
IXIC,19990526,2407.8601,2427.18,2427.18,2339.1201,2380.9,46.28,1.9438,3.7,109942.0
IXIC,19990527,2421.1001,2419.15,2440.0801,2400.9399,2427.18,-8.03,-0.3308,1.61,83439.0
IXIC,19990528,2427.8301,2470.52,2470.6399,2412.1101,2419.15,51.37,2.1235,2.42,68157.0
IXIC,19990601,2467.51,2412.03,2470.53,2411.97,2470.52,-58.49,-2.3675,2.37,74368.0
IXIC,19990602,2411.3201,2432.41,2436.5701,2364.5901,2412.03,20.38,0.8449,2.98,89558.0
IXIC,19990603,2440.75,2403.32,2444.04,2402.29,2432.41,-29.09,-1.1959,1.72,81931.0
IXIC,19990604,2419.46,2419.46,2478.3401,2419.46,2403.32,16.14,0.6716,2.45,88569.0
IXIC,19990607,2490.8301,2524.21,2528.05,2478.3401,2419.46,104.75,4.3295,2.05,87477.0
IXIC,19990608,2526.1101,2474.56,2534.48,2472.05,2524.21,-49.65,-1.967,2.47,84772.0
IXIC,19990609,2495.1201,2519.35,2519.5701,2491.71,2474.56,44.79,1.81,1.13,84172.0
IXIC,19990610,2504.24,2468.58,2504.24,2468.58,2519.35,-50.77,-2.0152,1.42,79641.0
IXIC,19990611,2495.5901,2447.88,2506.1899,2442.8701,2468.58,-20.7,-0.8385,2.57,75512.0
IXIC,19990614,2453.23,2397.12,2456.1699,2397.12,2447.88,-50.76,-2.0736,2.41,83547.0
IXIC,19990615,2403.47,2397.4,2434.52,2397.3999,2397.12,0.28,0.0117,1.55,83702.0
IXIC,19990616,2465.01,2465.01,2517.8501,2465.01,2397.4,67.61,2.8201,2.2,102653.0
IXIC,19990617,2500.3501,2544.15,2549.99,2494.28,2465.01,79.14,3.2105,2.26,89238.0
IXIC,19990618,2524.8101,2563.44,2564.4399,2524.8101,2544.15,19.29,0.7582,1.56,97811.0
IXIC,19990621,2578.2,2578.02,2630.28,2578.02,2563.44,14.58,0.5688,2.04,90388.0
IXIC,19990622,2618.3401,2580.26,2642.3601,2580.26,2578.02,2.24,0.0869,2.41,100226.0
IXIC,19990623,2569.3999,2598.12,2598.1299,2557.46,2580.26,17.86,0.6922,1.58,95057.0
IXIC,19990624,2596.71,2550.14,2596.71,2550.1399,2598.12,-47.98,-1.8467,1.79,91173.0
IXIC,19990625,2573.0,2542.36,2587.1499,2542.36,2550.14,-7.78,-0.3051,1.76,76789.0
IXIC,19990628,2568.47,2602.44,2602.45,2554.95,2542.36,60.08,2.3632,1.87,76190.0
IXIC,19990629,2602.98,2594.32,2642.1101,2594.32,2602.44,-8.12,-0.312,1.84,95219.0
IXIC,19990630,2639.79,2621.06,2696.8701,2621.06,2594.32,26.74,1.0307,2.92,132806.0
IXIC,19990701,2692.96,2706.18,2711.76,2658.26,2621.06,85.12,3.2475,2.04,109309.0
IXIC,19990702,2712.8999,2741.02,2741.02,2711.8799,2706.18,34.84,1.2874,1.08,85002.0
IXIC,19990706,2760.01,2733.63,2787.1699,2733.6299,2741.02,-7.39,-0.2696,1.95,113562.0
IXIC,19990707,2742.3301,2743.04,2748.8201,2724.3701,2733.63,9.41,0.3442,0.89,103375.0
IXIC,19990708,2744.48,2731.12,2775.52,2731.12,2743.04,-11.92,-0.4346,1.62,104838.0
IXIC,19990709,2785.3401,2793.07,2793.26,2767.3701,2731.12,61.95,2.2683,0.95,92718.0
IXIC,19990712,2805.0801,2790.44,2812.3501,2774.77,2793.07,-2.63,-0.0942,1.35,98137.0
IXIC,19990713,2768.8201,2778.23,2782.25,2755.8401,2790.44,-12.21,-0.4376,0.95,99539.0
IXIC,19990714,2796.6201,2818.13,2818.1399,2771.21,2778.23,39.9,1.4362,1.69,107109.0
IXIC,19990715,2828.6101,2839.37,2840.03,2813.52,2818.13,21.24,0.7537,0.94,111932.0
IXIC,19990716,2851.52,2845.2,2871.8999,2845.2,2839.37,5.83,0.2053,0.94,105296.0
IXIC,19990719,2874.6101,2830.29,2874.9199,2829.8899,2845.2,-14.91,-0.524,1.58,94595.0
IXIC,19990720,2806.3701,2732.18,2806.3701,2728.8101,2830.29,-98.11,-3.4664,2.74,108129.0
IXIC,19990721,2742.8301,2761.77,2769.6001,2728.3701,2732.18,29.59,1.083,1.51,101908.0
IXIC,19990722,2749.05,2679.35,2749.05,2679.35,2761.77,-82.42,-2.9843,2.52,103862.0
IXIC,19990723,2700.8601,2692.4,2708.8701,2668.4299,2679.35,13.05,0.4871,1.51,92204.0
IXIC,19990726,2656.3,2619.08,2666.6599,2619.08,2692.4,-73.32,-2.7232,1.77,84385.0
IXIC,19990727,2658.26,2650.18,2685.04,2650.1799,2619.08,31.1,1.1874,1.33,99752.0
IXIC,19990728,2684.04,2660.62,2709.76,2660.62,2650.18,10.44,0.3939,1.85,96488.0
IXIC,19990729,2663.96,2627.8,2672.51,2627.8,2660.62,-32.82,-1.2335,1.68,91700.0
IXIC,19990730,2657.8301,2638.49,2676.45,2631.8701,2627.8,10.69,0.4068,1.7,87726.0
IXIC,19990802,2638.3101,2623.63,2670.8101,2617.22,2638.49,-14.86,-0.5632,2.03,75422.0
IXIC,19990803,2647.8101,2587.99,2649.21,2564.25,2623.63,-35.64,-1.3584,3.24,101350.0
IXIC,19990804,2590.2,2538.88,2603.68,2538.8799,2587.99,-49.11,-1.8976,2.5,96417.0
IXIC,19990805,2539.24,2474.41,2565.8301,2474.4099,2538.88,-64.47,-2.5393,3.6,116711.0
IXIC,19990806,2552.03,2535.63,2592.3301,2535.6299,2474.41,61.22,2.4741,2.29,81373.0
IXIC,19990809,2562.05,2518.98,2563.72,2517.46,2535.63,-16.65,-0.6566,1.82,74821.0
IXIC,19990810,2513.1399,2490.11,2521.6499,2442.22,2518.98,-28.87,-1.1461,3.15,97823.0
IXIC,19990811,2532.54,2501.78,2565.1499,2501.78,2490.11,11.67,0.4687,2.54,91146.0
IXIC,19990812,2567.21,2548.51,2586.1001,2548.51,2501.78,46.73,1.8679,1.5,91677.0
IXIC,19990813,2590.1699,2637.81,2637.8201,2590.1699,2548.51,89.3,3.504,1.87,93422.0
IXIC,19990816,2644.6699,2645.28,2661.1499,2623.05,2637.81,7.47,0.2832,1.44,78157.0
IXIC,19990817,2674.47,2631.34,2680.0,2631.34,2645.28,-13.94,-0.527,1.84,89839.0
IXIC,19990818,2671.1299,2657.73,2683.1499,2657.3899,2631.34,26.39,1.0029,0.98,104529.0
IXIC,19990819,2637.74,2621.43,2657.74,2612.28,2657.73,-36.3,-1.3658,1.71,86828.0
IXIC,19990820,2635.05,2620.21,2648.4099,2620.21,2621.43,-1.22,-0.0465,1.08,79514.0
IXIC,19990823,2670.7,2670.7,2719.9099,2670.7,2620.21,50.49,1.9269,1.88,91563.0
IXIC,19990824,2708.8,2708.06,2777.0,2708.06,2670.7,37.36,1.3989,2.58,103216.0
IXIC,19990825,2772.8201,2805.6,2810.1001,2750.72,2708.06,97.54,3.6018,2.19,103595.0
IXIC,19990826,2808.4199,2774.62,2819.8999,2774.1101,2805.6,-30.98,-1.1042,1.63,110006.0
IXIC,19990827,2792.47,2752.48,2795.1799,2752.48,2774.62,-22.14,-0.7979,1.54,80609.0
IXIC,19990830,2763.8301,2712.69,2769.0701,2703.1001,2752.48,-39.79,-1.4456,2.4,79594.0
IXIC,19990831,2717.26,2671.67,2739.8999,2671.6699,2712.69,-41.02,-1.5122,2.52,97059.0
IXIC,19990901,2752.3301,2750.8,2768.55,2739.1101,2671.67,79.13,2.9618,1.1,91933.0
IXIC,19990902,2716.1499,2734.24,2750.8201,2698.1799,2750.8,-16.56,-0.602,1.91,83616.0
IXIC,19990903,2793.6599,2843.11,2843.1101,2734.24,2734.24,108.87,3.9817,3.98,91041.0
IXIC,19990907,2840.1201,2837.26,2860.1599,2833.02,2843.11,-5.85,-0.2058,0.95,91123.0
IXIC,19990908,2824.02,2806.6,2851.1201,2806.6,2837.26,-30.66,-1.0806,1.57,100595.0
IXIC,19990909,2826.6001,2852.02,2852.04,2807.95,2806.6,45.42,1.6183,1.57,102997.0
IXIC,19990910,2880.73,2887.06,2897.53,2855.28,2852.02,35.04,1.2286,1.48,112943.0
IXIC,19990913,2879.78,2844.77,2883.3601,2844.76,2887.06,-42.29,-1.4648,1.34,98444.0
IXIC,19990914,2843.53,2837.93,2870.26,2837.9299,2844.77,-6.84,-0.2404,1.14,101300.0
IXIC,19990915,2887.23,2813.25,2888.83,2813.25,2837.93,-24.68,-0.8696,2.66,105905.0
IXIC,19990916,2820.8401,2806.72,2820.8401,2756.03,2813.25,-6.53,-0.2321,2.3,96031.0
IXIC,19990917,2825.8601,2869.62,2869.6499,2824.1899,2806.72,62.9,2.2411,1.62,100506.0
IXIC,19990920,2877.53,2886.15,2890.72,2858.79,2869.62,16.53,0.576,1.11,80334.0
IXIC,19990921,2863.5601,2821.1,2863.5601,2819.6899,2886.15,-65.05,-2.2539,1.52,103591.0
IXIC,19990922,2832.1001,2858.16,2858.1899,2802.1799,2821.1,37.06,1.3137,1.99,102988.0
IXIC,19990923,2879.8999,2749.83,2880.1001,2741.9399,2858.16,-108.33,-3.7902,4.83,117063.0
IXIC,19990924,2728.23,2740.41,2746.78,2684.7,2749.83,-9.42,-0.3426,2.26,115200.0
IXIC,19990927,2781.4199,2761.75,2794.1599,2758.96,2740.41,21.34,0.7787,1.28,94231.0
IXIC,19990928,2752.24,2756.25,2763.75,2694.74,2761.75,-5.5,-0.1991,2.5,110340.0
IXIC,19990929,2759.97,2728.9,2772.4299,2728.8999,2756.25,-27.35,-0.9923,1.58,112111.0
IXIC,19990930,2744.3501,2746.16,2765.4099,2717.8899,2728.9,17.26,0.6325,1.74,121057.0
IXIC,19991001,2729.04,2736.85,2739.77,2698.01,2746.16,-9.31,-0.339,1.52,97361.0
IXIC,19991004,2751.54,2747.69,2795.99,2747.6899,2736.85,10.84,0.3961,1.76,91466.0
IXIC,19991005,2804.62,2765.37,2833.96,2765.37,2747.69,17.68,0.6435,2.5,119326.0
IXIC,19991006,2822.6001,2857.21,2857.4299,2822.6001,2765.37,91.84,3.3211,1.26,117005.0
IXIC,19991007,2874.75,2847.18,2886.2,2847.1799,2857.21,-10.03,-0.351,1.37,121689.0
IXIC,19991008,2861.72,2825.86,2886.5901,2825.86,2847.18,-21.32,-0.7488,2.13,103503.0
IXIC,19991011,2890.73,2915.95,2920.73,2890.54,2825.86,90.09,3.1881,1.07,87326.0
IXIC,19991012,2921.4099,2872.43,2923.3201,2869.4399,2915.95,-43.52,-1.4925,1.85,100409.0
IXIC,19991013,2834.9399,2801.27,2864.22,2787.8601,2872.43,-71.16,-2.4773,2.66,100472.0
IXIC,19991014,2816.02,2766.46,2821.6899,2766.46,2801.27,-34.81,-1.2427,1.97,101549.0
IXIC,19991015,2748.1001,2731.83,2763.04,2704.28,2766.46,-34.63,-1.2518,2.12,107474.0
IXIC,19991018,2726.3,2689.15,2730.49,2632.01,2731.83,-42.68,-1.5623,3.6,99735.0
IXIC,19991019,2725.5701,2688.18,2729.3,2674.8999,2689.15,-0.97,-0.0361,2.02,109311.0
IXIC,19991020,2745.6201,2788.13,2788.13,2728.0,2688.18,99.95,3.7181,2.24,105370.0
IXIC,19991021,2727.74,2724.74,2805.0701,2724.74,2788.13,-63.39,-2.2736,2.88,112322.0
IXIC,19991022,2827.23,2807.54,2843.6001,2807.54,2724.74,82.8,3.0388,1.32,117530.0
IXIC,19991025,2813.29,2793.54,2832.6599,2793.54,2807.54,-14.0,-0.4987,1.39,93319.0
IXIC,19991026,2851.99,2811.2,2859.9199,2811.2,2793.54,17.66,0.6322,1.74,106742.0
IXIC,19991027,2811.9399,2802.52,2812.5,2768.8701,2811.2,-8.68,-0.3088,1.55,107534.0
IXIC,19991028,2832.8101,2875.22,2875.48,2830.0801,2802.52,72.7,2.5941,1.62,124916.0
IXIC,19991029,2919.3701,2966.43,2978.6299,2919.3701,2875.22,91.21,3.1723,2.06,144138.0
IXIC,19991101,2970.9299,2967.65,2997.8999,2967.6299,2966.43,1.22,0.0411,1.02,107608.0
IXIC,19991102,2984.4299,2981.63,3014.8401,2971.6799,2967.65,13.98,0.4711,1.45,124854.0
IXIC,19991103,3021.53,3011.94,3040.9399,3011.9399,2981.63,30.31,1.0166,0.97,133905.0
IXIC,19991104,3067.0801,3055.95,3077.4099,3030.3101,3011.94,44.01,1.4612,1.56,136461.0
IXIC,19991105,3100.1299,3102.29,3118.0601,3081.46,3055.95,46.34,1.5164,1.2,134632.0
IXIC,19991108,3072.04,3068.86,3148.2,3068.86,3102.29,-33.43,-1.0776,2.56,130080.0
IXIC,19991109,3172.99,3099.22,3174.8101,3099.22,3068.86,30.36,0.9893,2.46,147042.0
IXIC,19991110,3126.0901,3155.96,3186.5701,3122.04,3099.22,56.74,1.8308,2.08,143325.0
IXIC,19991111,3186.4099,3197.29,3201.3799,3169.04,3155.96,41.33,1.3096,1.02,138284.0
IXIC,19991112,3220.98,3221.15,3222.99,3124.77,3197.29,23.86,0.7463,3.07,140907.0
IXIC,19991115,3230.26,3214.58,3236.3501,3214.58,3221.15,-6.57,-0.204,0.68,128334.0
IXIC,19991116,3242.9199,3295.52,3295.52,3235.2,3214.58,80.94,2.5179,1.88,148698.0
IXIC,19991117,3308.8799,3269.39,3324.24,3268.8501,3295.52,-26.13,-0.7929,1.68,165265.0
IXIC,19991118,3301.49,3288.68,3347.1101,3288.6799,3269.39,19.29,0.59,1.79,159292.0
IXIC,19991119,3351.75,3335.63,3373.0,3335.6299,3288.68,46.95,1.4276,1.14,142235.0
IXIC,19991122,3399.0601,3392.56,3400.23,3357.6799,3335.63,56.93,1.7067,1.28,137476.0
IXIC,19991123,3408.6799,3342.87,3411.23,3320.6699,3392.56,-49.69,-1.4647,2.67,145631.0
IXIC,19991124,3351.6599,3420.5,3420.5,3328.03,3342.87,77.63,2.3223,2.77,129055.0
IXIC,19991126,3455.1399,3447.81,3469.3501,3444.1299,3420.5,27.31,0.7984,0.74,73078.0
IXIC,19991129,3458.1299,3421.37,3468.3201,3421.3601,3447.81,-26.44,-0.7669,1.36,154375.0
IXIC,19991130,3424.6101,3336.16,3424.6101,3326.53,3421.37,-85.21,-2.4905,2.87,154868.0
IXIC,19991201,3341.1001,3353.71,3375.8,3321.5701,3336.16,17.55,0.5261,1.63,143431.0
IXIC,19991202,3371.8501,3452.78,3452.78,3371.8501,3353.71,99.07,2.954,2.41,145817.0
IXIC,19991203,3507.3,3507.3,3553.5601,3507.3,3452.78,54.52,1.579,1.34,153906.0
IXIC,19991206,3531.24,3507.72,3570.9099,3507.72,3507.3,0.42,0.012,1.8,137323.0
IXIC,19991207,3573.3,3532.41,3589.0601,3532.4099,3507.72,24.69,0.7039,1.62,156460.0
IXIC,19991208,3588.8201,3586.08,3625.47,3579.51,3532.41,53.67,1.5194,1.3,167662.0
IXIC,19991209,3643.5701,3594.17,3647.55,3514.9099,3586.08,8.09,0.2256,3.7,178757.0
IXIC,19991210,3633.55,3560.91,3636.6499,3560.9099,3594.17,-33.26,-0.9254,2.11,159404.0
IXIC,19991213,3624.6699,3658.15,3668.1599,3597.98,3560.91,97.24,2.7308,1.97,158286.0
IXIC,19991214,3669.21,3571.26,3669.8501,3571.26,3658.15,-86.89,-2.3752,2.7,159641.0
IXIC,19991215,3546.73,3621.95,3621.98,3503.7,3571.26,50.69,1.4194,3.31,164829.0
IXIC,19991216,3669.23,3715.06,3715.25,3666.23,3621.95,93.11,2.5707,1.35,143031.0
IXIC,19991217,3792.23,3742.68,3796.8,3742.6799,3715.06,27.62,0.7435,1.46,157271.0
IXIC,19991220,3782.0601,3783.87,3801.9299,3747.79,3742.68,41.19,1.1005,1.45,132445.0
IXIC,19991221,3798.25,3785.78,3911.1699,3785.78,3783.87,1.91,0.0505,3.31,148698.0
IXIC,19991222,3935.49,3878.06,3948.48,3878.06,3785.78,92.28,2.4375,1.86,147357.0
IXIC,19991223,3966.46,3958.17,4001.6299,3958.1699,3878.06,80.11,2.0657,1.12,127268.0
IXIC,19991227,4001.8999,3975.38,4001.8999,3902.3501,3958.17,17.21,0.4348,2.52,115465.0
IXIC,19991228,3977.8799,3972.11,4022.51,3943.04,3975.38,-3.27,-0.0823,2.0,123713.0
IXIC,19991229,3990.54,3987.88,4041.54,3987.8799,3972.11,15.77,0.397,1.35,115843.0
IXIC,19991230,4079.03,4026.19,4090.6101,4026.1899,3987.88,38.31,0.9607,1.62,110716.0
IXIC,19991231,4056.99,4032.33,4082.3701,4032.33,4026.19,6.14,0.1525,1.24,76298.0
IXIC,20000103,4186.1899,4131.15,4192.1899,3989.71,4032.33,98.82,2.4507,5.02,151007.0
IXIC,20000104,4020.0,3901.69,4073.25,3898.23,4131.15,-229.46,-5.5544,4.24,151184.0
IXIC,20000105,3854.3501,3877.54,3924.21,3734.8701,3901.69,-24.15,-0.619,4.85,173567.0
IXIC,20000106,3834.4399,3727.13,3868.76,3715.6201,3877.54,-150.41,-3.879,3.95,159832.0
IXIC,20000107,3711.0901,3882.62,3882.6699,3711.0901,3727.13,155.49,4.1718,4.6,163493.0
IXIC,20000110,4002.23,4049.67,4072.3601,3958.8301,3882.62,167.05,4.3025,2.92,169171.0
IXIC,20000111,4031.3799,3921.19,4066.6599,3904.8201,4049.67,-128.48,-3.1726,4.0,169446.0
IXIC,20000112,3950.95,3850.02,3950.98,3834.53,3921.19,-71.17,-1.815,2.97,152590.0
IXIC,20000113,3915.1399,3957.21,3957.47,3858.22,3850.02,107.19,2.7841,2.58,147697.0
IXIC,20000114,4045.72,4064.27,4091.95,4045.72,3957.21,107.06,2.7054,1.17,165663.0
IXIC,20000118,4059.6499,4130.81,4148.0,4053.21,4064.27,66.54,1.6372,2.33,158523.0
IXIC,20000119,4116.27,4151.29,4164.6499,4084.73,4130.81,20.48,0.4958,1.93,165221.0
IXIC,20000120,4205.0601,4189.51,4227.3501,4143.6099,4151.29,38.22,0.9207,2.02,185130.0
IXIC,20000121,4236.6499,4235.4,4238.0,4168.2998,4189.51,45.89,1.0954,1.66,192368.0
IXIC,20000124,4290.3799,4096.08,4303.1499,4095.3101,4235.4,-139.32,-3.2894,4.91,198905.0
IXIC,20000125,4124.75,4167.41,4167.6299,4028.51,4096.08,71.33,1.7414,3.4,174363.0
IXIC,20000126,4174.7202,4069.91,4174.7202,4069.9099,4167.41,-97.5,-2.3396,2.51,171700.0
IXIC,20000127,4120.5,4039.56,4140.0898,3973.5901,4069.91,-30.35,-0.7457,4.09,179846.0
IXIC,20000128,4010.1399,3887.07,4048.3101,3856.23,4039.56,-152.49,-3.7749,4.75,161637.0
IXIC,20000131,3873.8401,3940.35,3940.46,3748.03,3887.07,53.28,1.3707,4.95,150763.0
IXIC,20000201,3961.0701,4051.98,4053.1599,3911.8401,3940.35,111.63,2.833,3.59,139824.0
IXIC,20000202,4059.03,4073.96,4125.75,4051.4399,4051.98,21.98,0.5425,1.83,152788.0
IXIC,20000203,4134.6499,4210.98,4211.0601,4085.53,4073.96,137.02,3.3633,3.08,172233.0
IXIC,20000204,4242.1499,4244.14,4294.8398,4229.2002,4210.98,33.16,0.7875,1.56,175145.0
IXIC,20000207,4274.0298,4321.77,4321.96,4244.7402,4244.14,77.63,1.8291,1.82,162554.0
IXIC,20000208,4370.0098,4427.54,4428.48,4370.0098,4321.77,105.77,2.4474,1.35,197118.0
IXIC,20000209,4460.1802,4363.24,4460.7598,4362.7402,4427.54,-64.3,-1.4523,2.21,177559.0
IXIC,20000210,4390.1602,4485.63,4485.6699,4357.6899,4363.24,122.39,2.805,2.93,181359.0
IXIC,20000211,4489.3301,4395.45,4489.79,4360.54,4485.63,-90.18,-2.0104,2.88,173859.0
IXIC,20000214,4434.3799,4418.55,4435.96,4355.54,4395.45,23.1,0.5255,1.83,160085.0
IXIC,20000215,4415.52,4420.77,4440.6201,4291.1001,4418.55,2.22,0.0502,3.38,170893.0
IXIC,20000216,4427.1899,4427.65,4477.6401,4413.6602,4420.77,6.88,0.1556,1.45,178213.0
IXIC,20000217,4483.0098,4548.92,4553.1401,4444.75,4427.65,121.27,2.7389,2.45,200844.0
IXIC,20000218,4563.7202,4411.74,4564.4502,4404.6099,4548.92,-137.18,-3.0157,3.51,189841.0
IXIC,20000222,4432.8301,4382.12,4443.9399,4291.0098,4411.74,-29.62,-0.6714,3.47,177229.0
IXIC,20000223,4406.8799,4550.33,4567.9702,4401.3799,4382.12,168.21,3.8386,3.8,189280.0
IXIC,20000224,4583.8901,4617.65,4620.0298,4495.2002,4550.33,67.32,1.4795,2.74,194405.0
IXIC,20000225,4618.8301,4590.5,4662.9302,4576.1899,4617.65,-27.15,-0.588,1.88,182550.0
IXIC,20000228,4575.0698,4577.85,4626.7202,4466.4199,4590.5,-12.65,-0.2756,3.49,179807.0
IXIC,20000229,4646.6401,4696.69,4698.46,4637.1699,4577.85,118.84,2.596,1.34,208884.0
IXIC,20000301,4732.8198,4784.08,4796.8999,4732.8198,4696.69,87.39,1.8607,1.36,223234.0
IXIC,20000302,4816.8101,4754.51,4829.0098,4705.4502,4784.08,-29.57,-0.6181,2.58,213708.0
IXIC,20000303,4846.0098,4914.79,4914.79,4813.8198,4754.51,160.28,3.3711,2.12,213653.0
IXIC,20000306,4935.6499,4904.85,4980.1499,4887.8799,4914.79,-9.94,-0.2022,1.88,201558.0
IXIC,20000307,4991.9702,4847.84,5006.7798,4829.8799,4904.85,-57.01,-1.1623,3.61,215641.0
IXIC,20000308,4920.8599,4897.17,4923.1401,4722.1401,4847.84,49.33,1.0176,4.15,202013.0
IXIC,20000309,4913.0801,5046.86,5047.96,4857.5698,4897.17,149.69,3.0567,3.89,200681.0
IXIC,20000310,5060.3398,5048.62,5132.52,5039.3501,5046.86,1.76,0.0349,1.85,199217.0
IXIC,20000313,4879.0298,4907.24,5027.73,4839.2598,5048.62,-141.38,-2.8004,3.73,173627.0
IXIC,20000314,4997.3101,4706.63,5013.4902,4706.6099,4907.24,-200.61,-4.088,6.25,197782.0
IXIC,20000315,4758.4399,4582.62,4758.4399,4553.9199,4706.63,-124.01,-2.6348,4.35,193780.0
IXIC,20000316,4658.4399,4717.39,4717.7598,4455.1001,4582.62,134.77,2.9409,5.73,204151.0
IXIC,20000317,4702.0298,4798.13,4805.9399,4702.0298,4717.39,80.74,1.7115,2.2,169153.0
IXIC,20000320,4812.1401,4610.0,4822.7002,4610.0,4798.13,-188.13,-3.9209,4.43,153986.0
IXIC,20000321,4589.52,4711.68,4712.2402,4467.5298,4610.0,101.68,2.2056,5.31,175331.0
IXIC,20000322,4750.54,4864.75,4900.4199,4736.8999,4711.68,153.07,3.2487,3.47,176951.0
IXIC,20000323,4874.1699,4940.61,4975.6602,4865.1001,4864.75,75.86,1.5594,2.27,171416.0
IXIC,20000324,4986.54,4963.03,5078.8599,4902.8301,4940.61,22.42,0.4538,3.56,168897.0
IXIC,20000327,4994.4199,4958.56,5022.23,4946.6099,4963.03,-4.47,-0.0901,1.52,138038.0
IXIC,20000328,4939.0498,4833.89,4952.9302,4833.89,4958.56,-124.67,-2.5142,2.4,149009.0
IXIC,20000329,4860.02,4644.67,4860.02,4641.0098,4833.89,-189.22,-3.9144,4.53,173827.0
IXIC,20000330,4540.4399,4457.89,4683.8799,4355.6899,4644.67,-186.78,-4.0214,7.07,192586.0
IXIC,20000331,4550.21,4572.83,4606.48,4381.3799,4457.89,114.94,2.5784,5.05,211810.0
IXIC,20000403,4494.8901,4223.68,4572.8398,4193.1001,4572.83,-349.15,-7.6353,8.3,173992.0
IXIC,20000404,4283.4502,4148.89,4283.4502,3649.1101,4223.68,-74.79,-1.7707,15.02,288910.0
IXIC,20000405,4025.8999,4169.22,4286.8799,4009.0901,4148.89,20.33,0.49,6.7,194770.0
IXIC,20000406,4266.7998,4267.56,4324.0898,4196.5098,4169.22,98.34,2.3587,3.06,174645.0
IXIC,20000407,4354.1299,4446.45,4446.4502,4323.1802,4267.56,178.89,4.1919,2.89,156343.0
IXIC,20000410,4475.2002,4188.2,4475.2002,4188.1699,4446.45,-258.25,-5.808,6.46,144614.0
IXIC,20000411,4094.6101,4055.9,4182.96,4009.52,4188.2,-132.3,-3.1589,4.14,167939.0
IXIC,20000412,4050.3201,3769.63,4077.9199,3769.1699,4055.9,-286.27,-7.0581,7.61,192109.0
IXIC,20000413,3839.5601,3676.78,3914.6799,3676.6699,3769.63,-92.85,-2.4631,6.31,195150.0
IXIC,20000414,3597.4399,3321.29,3615.6399,3265.98,3676.78,-355.49,-9.6685,9.51,255578.0
IXIC,20000417,3232.9399,3539.16,3539.77,3227.04,3321.29,217.87,6.5598,9.42,248283.0
IXIC,20000418,3596.1499,3793.57,3794.97,3563.8301,3539.16,254.41,7.1884,6.53,215272.0
IXIC,20000419,3832.6499,3706.41,3851.5601,3698.3301,3793.57,-87.16,-2.2976,4.04,176027.0
IXIC,20000420,3735.0801,3643.88,3751.3301,3599.6799,3706.41,-62.53,-1.6871,4.09,142273.0
IXIC,20000424,3466.6899,3482.48,3496.8201,3345.25,3643.88,-161.4,-4.4293,4.16,154071.0
IXIC,20000425,3592.73,3711.23,3711.5701,3583.9199,3482.48,228.75,6.5686,3.67,162291.0
IXIC,20000426,3728.99,3630.09,3777.0801,3629.3601,3711.23,-81.14,-2.1863,3.98,159283.0
IXIC,20000427,3519.1299,3774.03,3774.1101,3513.76,3630.09,143.94,3.9652,7.17,154876.0
IXIC,20000428,3830.6101,3860.66,3873.8501,3810.0601,3774.03,86.63,2.2954,1.69,158371.0
IXIC,20000501,3930.1799,3958.08,3982.3799,3899.71,3860.66,97.42,2.5234,2.14,150061.0
IXIC,20000502,3927.9199,3785.45,3948.6299,3784.54,3958.08,-172.63,-4.3615,4.15,143804.0
IXIC,20000503,3755.3,3707.31,3759.21,3592.79,3785.45,-78.14,-2.0642,4.4,148005.0
IXIC,20000504,3723.27,3720.24,3762.47,3679.4299,3707.31,12.93,0.3488,2.24,128785.0
IXIC,20000505,3694.28,3816.82,3818.3999,3694.28,3720.24,96.58,2.5961,3.34,119729.0
IXIC,20000508,3758.46,3669.38,3765.22,3669.1101,3816.82,-147.44,-3.8629,2.52,114271.0
IXIC,20000509,3704.8501,3585.01,3708.74,3540.8201,3669.38,-84.37,-2.2993,4.58,145478.0
IXIC,20000510,3525.02,3384.73,3585.01,3367.0601,3585.01,-200.28,-5.5866,6.08,158011.0
IXIC,20000511,3450.0601,3499.58,3502.53,3389.8701,3384.73,114.85,3.3932,3.33,137023.0
IXIC,20000512,3546.24,3529.06,3619.6899,3523.2,3499.58,29.48,0.8424,2.76,122004.0
IXIC,20000515,3533.21,3607.65,3607.77,3445.1299,3529.06,78.59,2.2269,4.61,115581.0
IXIC,20000516,3674.8899,3717.57,3729.1201,3626.99,3607.65,109.92,3.0469,2.83,149527.0
IXIC,20000517,3649.54,3644.96,3690.8201,3616.27,3717.57,-72.61,-1.9532,2.01,122738.0
IXIC,20000518,3660.24,3538.71,3663.8401,3538.71,3644.96,-106.25,-2.915,3.43,125861.0
IXIC,20000519,3480.6299,3390.4,3506.1799,3381.73,3538.71,-148.31,-4.1911,3.52,136693.0
IXIC,20000522,3390.95,3364.21,3390.95,3172.6499,3390.4,-26.19,-0.7725,6.44,161548.0
IXIC,20000523,3346.6599,3164.55,3389.6001,3163.97,3364.21,-199.66,-5.9348,6.71,133044.0
IXIC,20000524,3155.1399,3270.61,3276.1899,3042.6599,3164.55,106.06,3.3515,7.38,208798.0
IXIC,20000525,3308.51,3205.35,3365.8401,3194.5901,3270.61,-65.26,-1.9953,5.24,156184.0
IXIC,20000526,3215.28,3205.11,3256.6299,3150.78,3205.35,-0.24,-0.0075,3.3,106944.0
IXIC,20000530,3286.54,3459.48,3460.24,3286.54,3205.11,254.37,7.9364,5.42,145736.0
IXIC,20000531,3428.25,3400.91,3501.51,3399.6201,3459.48,-58.57,-1.693,2.95,153373.0
IXIC,20000601,3471.95,3582.5,3583.27,3459.8501,3400.91,181.59,5.3395,3.63,158024.0
IXIC,20000602,3728.95,3813.38,3814.5,3728.95,3582.5,230.88,6.4447,2.39,190321.0
IXIC,20000605,3773.24,3821.76,3875.6599,3765.6001,3813.38,8.38,0.2198,2.89,145596.0
IXIC,20000606,3825.98,3756.37,3884.01,3749.1799,3821.76,-65.39,-1.711,3.53,160306.0
IXIC,20000607,3766.55,3839.26,3839.3701,3725.8701,3756.37,82.89,2.2067,3.02,143122.0
IXIC,20000608,3886.04,3825.56,3890.02,3797.4099,3839.26,-13.7,-0.3568,2.41,139925.0
IXIC,20000609,3892.75,3874.84,3893.6699,3847.71,3825.56,49.28,1.2882,1.2,126872.0
IXIC,20000612,3892.05,3767.91,3892.05,3767.8799,3874.84,-106.93,-2.7596,3.2,128100.0
IXIC,20000613,3743.9099,3851.06,3851.4299,3695.3501,3767.91,83.15,2.2068,4.14,139879.0
IXIC,20000614,3875.04,3797.41,3883.3401,3797.0,3851.06,-53.65,-1.3931,2.24,140030.0
IXIC,20000615,3802.1899,3845.74,3849.9399,3763.74,3797.41,48.33,1.2727,2.27,142663.0
IXIC,20000616,3877.0701,3860.56,3883.1499,3822.3401,3845.74,14.82,0.3854,1.58,150119.0
IXIC,20000619,3818.6499,3989.83,3990.79,3818.6499,3860.56,129.27,3.3485,4.46,141140.0
IXIC,20000620,4003.0901,4013.36,4050.5801,3982.23,3989.83,23.53,0.5897,1.71,169452.0
IXIC,20000621,3965.3701,4064.01,4073.1599,3961.3,4013.36,50.65,1.262,2.79,154190.0
IXIC,20000622,4073.73,3936.84,4073.73,3936.84,4064.01,-127.17,-3.1292,3.37,163954.0
IXIC,20000623,3950.05,3845.34,3957.6799,3830.23,3936.84,-91.5,-2.3242,3.24,134496.0
IXIC,20000626,3884.6499,3912.12,3935.1201,3852.4099,3845.34,66.78,1.7366,2.15,131696.0
IXIC,20000627,3904.3999,3858.96,3945.75,3858.95,3912.12,-53.16,-1.3589,2.22,147602.0
IXIC,20000628,3877.77,3940.34,3974.48,3872.1699,3858.96,81.38,2.1089,2.65,166013.0
IXIC,20000629,3900.29,3877.23,3929.1001,3838.8501,3940.34,-63.11,-1.6016,2.29,155099.0
IXIC,20000630,3889.51,3966.11,3967.49,3889.3301,3877.23,88.88,2.2924,2.02,206639.0
IXIC,20000703,3950.5901,3991.93,3995.8501,3942.9299,3966.11,25.82,0.651,1.33,60081.0
IXIC,20000705,3949.76,3863.1,3950.1899,3859.2,3991.93,-128.83,-3.2273,2.28,134260.0
IXIC,20000706,3872.9099,3960.57,3961.1001,3820.3401,3863.1,97.47,2.5231,3.64,148248.0
IXIC,20000707,3978.3799,4023.2,4054.05,3960.8101,3960.57,62.63,1.5813,2.35,148648.0
IXIC,20000710,3993.6201,3980.29,4028.54,3976.2,4023.2,-42.91,-1.0666,1.3,139595.0
IXIC,20000711,3970.4199,3956.42,4029.3,3936.75,3980.29,-23.87,-0.5997,2.33,171450.0
IXIC,20000712,4024.5901,4099.59,4103.6499,4001.73,3956.42,143.17,3.6187,2.58,177598.0
IXIC,20000713,4128.8101,4174.86,4193.2402,4111.1602,4099.59,75.27,1.836,2.0,188156.0
IXIC,20000714,4221.7998,4246.18,4252.2202,4174.6001,4174.86,71.32,1.7083,1.86,167861.0
IXIC,20000717,4243.5498,4274.67,4289.0601,4215.8599,4246.18,28.49,0.671,1.72,158450.0
IXIC,20000718,4233.4902,4177.17,4237.8501,4161.8901,4274.67,-97.5,-2.2809,1.78,150197.0
IXIC,20000719,4154.3701,4055.63,4159.3901,4047.4299,4177.17,-121.54,-2.9096,2.68,144531.0
IXIC,20000720,4106.6299,4184.56,4184.5601,4106.6299,4055.63,128.93,3.179,1.92,171988.0
IXIC,20000721,4154.0,4094.45,4163.3398,4093.76,4184.56,-90.11,-2.1534,1.66,154594.0
IXIC,20000724,4109.6499,3981.57,4125.7998,3976.51,4094.45,-112.88,-2.7569,3.65,146069.0
IXIC,20000725,4015.4099,4029.57,4034.8,3955.3601,3981.57,48.0,1.2056,2.0,147100.0
IXIC,20000726,3998.03,3987.72,4002.7,3906.55,4029.57,-41.85,-1.0386,2.39,175476.0
IXIC,20000727,3938.1399,3842.23,3954.96,3841.6201,3987.72,-145.49,-3.6485,2.84,179110.0
IXIC,20000728,3855.1001,3663.0,3867.8,3642.28,3842.23,-179.23,-4.6647,5.87,176941.0
IXIC,20000731,3692.4299,3766.99,3767.8899,3615.79,3663.0,103.99,2.8389,4.15,151258.0
IXIC,20000801,3760.95,3685.52,3766.9199,3682.45,3766.99,-81.47,-2.1627,2.24,134146.0
IXIC,20000802,3684.1201,3658.46,3753.95,3651.8101,3685.52,-27.06,-0.7342,2.77,147682.0
IXIC,20000803,3554.6799,3759.88,3761.0701,3521.1399,3658.46,101.42,2.7722,6.56,182886.0
IXIC,20000804,3812.3101,3787.36,3846.98,3751.22,3759.88,27.48,0.7309,2.55,143885.0
IXIC,20000807,3819.3799,3862.99,3870.26,3795.6101,3787.36,75.63,1.9969,1.97,131968.0
IXIC,20000808,3850.8701,3848.55,3893.05,3839.5801,3862.99,-14.44,-0.3738,1.38,146159.0
IXIC,20000809,3915.26,3853.5,3936.46,3849.77,3848.55,4.95,0.1286,2.25,151765.0
IXIC,20000810,3843.5801,3759.99,3847.29,3759.99,3853.5,-93.51,-2.4266,2.27,134967.0
IXIC,20000811,3741.6201,3789.47,3789.98,3686.8601,3759.99,29.48,0.784,2.74,133326.0
IXIC,20000814,3804.6899,3849.69,3850.27,3767.3701,3789.47,60.22,1.5891,2.19,123206.0
IXIC,20000815,3846.8301,3851.66,3888.9199,3831.96,3849.69,1.97,0.0512,1.48,135362.0
IXIC,20000816,3878.5801,3861.2,3914.8401,3844.1699,3851.66,9.54,0.2477,1.83,140138.0
IXIC,20000817,3858.8799,3940.87,3947.05,3857.75,3861.2,79.67,2.0633,2.31,144037.0
IXIC,20000818,3958.7,3930.34,3980.26,3925.95,3940.87,-10.53,-0.2672,1.38,144792.0
IXIC,20000821,3966.23,3953.15,3985.6201,3917.9399,3930.34,22.81,0.5804,1.72,126933.0
IXIC,20000822,3970.1599,3958.21,4011.1499,3957.8501,3953.15,5.06,0.128,1.35,141319.0
IXIC,20000823,3935.51,4011.01,4011.76,3902.1101,3958.21,52.8,1.3339,2.77,146179.0
IXIC,20000824,4020.99,4053.28,4055.4399,4004.77,4011.01,42.27,1.0538,1.26,154695.0
IXIC,20000825,4049.8401,4042.68,4083.1201,4025.5901,4053.28,-10.6,-0.2615,1.42,128582.0
IXIC,20000828,4049.1799,4070.59,4097.3301,4048.01,4042.68,27.91,0.6904,1.22,137301.0
IXIC,20000829,4074.21,4082.17,4093.8799,4056.26,4070.59,11.58,0.2845,0.92,148947.0
IXIC,20000830,4076.5,4103.81,4115.9902,4065.8201,4082.17,21.64,0.5301,1.23,153702.0
IXIC,20000831,4127.1899,4206.35,4208.73,4127.1899,4103.81,102.54,2.4987,1.99,190315.0
IXIC,20000901,4252.1499,4234.33,4259.8701,4192.8901,4206.35,27.98,0.6652,1.59,147294.0
IXIC,20000905,4205.9399,4143.18,4206.5098,4143.18,4234.33,-91.15,-2.1526,1.5,166812.0
IXIC,20000906,4136.8398,4013.34,4136.8398,4013.34,4143.18,-129.84,-3.1338,2.98,175719.0
IXIC,20000907,4047.02,4098.35,4105.54,4035.1201,4013.34,85.01,2.1182,1.75,163461.0
IXIC,20000908,4081.96,3978.41,4081.96,3977.47,4098.35,-119.94,-2.9265,2.55,150855.0
IXIC,20000911,3961.1599,3896.35,4008.46,3880.6899,3978.41,-82.06,-2.0626,3.21,148367.0
IXIC,20000912,3925.4199,3849.51,3958.3601,3834.3401,3896.35,-46.84,-1.2022,3.18,159664.0
IXIC,20000913,3794.9199,3893.89,3895.8101,3794.29,3849.51,44.38,1.1529,2.64,165655.0
IXIC,20000914,3963.1001,3913.86,3984.3301,3897.1799,3893.89,19.97,0.5129,2.24,169948.0
IXIC,20000915,3905.0901,3835.23,3905.0901,3806.8799,3913.86,-78.63,-2.009,2.51,177754.0
IXIC,20000918,3838.6299,3726.52,3862.3201,3702.54,3835.23,-108.71,-2.8345,4.17,161397.0
IXIC,20000919,3766.04,3865.64,3865.8501,3740.6499,3726.52,139.12,3.7332,3.36,170740.0
IXIC,20000920,3863.0801,3897.44,3913.8701,3795.0801,3865.64,31.8,0.8226,3.07,180204.0
IXIC,20000921,3864.6001,3828.87,3892.3999,3813.1201,3897.44,-68.57,-1.7594,2.03,161601.0
IXIC,20000922,3616.1599,3803.76,3803.76,3614.6599,3828.87,-25.11,-0.6558,4.94,216434.0
IXIC,20000925,3852.53,3741.22,3868.1101,3737.5,3803.76,-62.54,-1.6442,3.43,177468.0
IXIC,20000926,3762.6499,3689.1,3795.79,3677.73,3741.22,-52.12,-1.3931,3.16,182590.0
IXIC,20000927,3740.6201,3656.3,3750.6101,3622.6599,3689.1,-32.8,-0.8891,3.47,194820.0
IXIC,20000928,3638.9399,3778.32,3778.3799,3626.55,3656.3,122.02,3.3373,4.15,200145.0
IXIC,20000929,3749.27,3672.82,3751.3301,3670.3101,3778.32,-105.5,-2.7922,2.14,201805.0
IXIC,20001002,3714.48,3568.9,3714.48,3559.8401,3672.82,-103.92,-2.8294,4.21,179922.0
IXIC,20001003,3624.9299,3455.83,3639.29,3454.6499,3568.9,-113.07,-3.1682,5.17,195884.0
IXIC,20001004,3440.6001,3523.1,3532.4299,3382.53,3455.83,67.27,1.9466,4.34,212933.0
IXIC,20001005,3499.96,3472.1,3549.01,3459.5801,3523.1,-51.0,-1.4476,2.54,187296.0
IXIC,20001006,3477.7,3361.01,3505.8101,3314.9099,3472.1,-111.09,-3.1995,5.5,187069.0
IXIC,20001009,3352.1499,3355.56,3376.9199,3233.1899,3361.01,-5.45,-0.1622,4.28,143777.0
IXIC,20001010,3326.8899,3240.54,3383.3999,3229.01,3355.56,-115.02,-3.4277,4.6,187443.0
IXIC,20001011,3152.3301,3168.49,3258.24,3103.53,3240.54,-72.05,-2.2234,4.77,234045.0
IXIC,20001012,3241.26,3074.68,3249.1101,3071.25,3168.49,-93.81,-2.9607,5.61,212866.0
IXIC,20001013,3054.55,3316.77,3316.97,3054.55,3074.68,242.09,7.8737,8.53,207075.0
IXIC,20001016,3315.48,3290.28,3339.8501,3262.3701,3316.77,-26.49,-0.7987,2.34,178860.0
IXIC,20001017,3335.3999,3213.96,3348.6101,3173.6799,3290.28,-76.32,-2.3196,5.32,193679.0
IXIC,20001018,3106.95,3171.56,3257.8101,3026.1101,3213.96,-42.4,-1.3192,7.21,251992.0
IXIC,20001019,3330.25,3418.6,3423.45,3314.8899,3171.56,247.04,7.7892,3.42,234347.0
IXIC,20001020,3402.96,3483.14,3535.1101,3401.8799,3418.6,64.54,1.8879,3.9,217149.0
IXIC,20001023,3483.3799,3468.69,3523.6899,3432.4399,3483.14,-14.45,-0.4149,2.62,169011.0
IXIC,20001024,3495.45,3419.79,3526.71,3401.05,3468.69,-48.9,-1.4098,3.62,188086.0
IXIC,20001025,3347.24,3229.57,3376.3301,3210.74,3419.79,-190.22,-5.5623,4.84,217093.0
IXIC,20001026,3245.3999,3272.18,3286.29,3081.3601,3229.57,42.61,1.3194,6.35,229249.0
IXIC,20001027,3320.6899,3278.36,3362.26,3231.6299,3272.18,6.18,0.1889,3.99,196339.0
IXIC,20001030,3243.8799,3191.4,3279.72,3149.24,3278.36,-86.96,-2.6525,3.98,174144.0
IXIC,20001031,3223.4399,3369.63,3379.0801,3223.4399,3191.4,178.23,5.5847,4.88,214642.0
IXIC,20001101,3316.51,3333.39,3396.72,3289.46,3369.63,-36.24,-1.0755,3.18,202438.0
IXIC,20001102,3387.28,3429.02,3433.1599,3370.02,3333.39,95.63,2.8689,1.89,222692.0
IXIC,20001103,3447.3201,3451.58,3468.5901,3401.77,3429.02,22.56,0.6579,1.95,184620.0
IXIC,20001106,3469.3501,3416.21,3480.01,3412.98,3451.58,-35.37,-1.0247,1.94,160852.0
IXIC,20001107,3399.28,3415.79,3435.1299,3360.26,3416.21,-0.42,-0.0123,2.19,170012.0
IXIC,20001108,3426.29,3231.7,3429.1201,3231.28,3415.79,-184.09,-5.3894,5.79,167800.0
IXIC,20001109,3174.8999,3200.35,3230.0,3087.0601,3231.7,-31.35,-0.9701,4.42,194277.0
IXIC,20001110,3122.1101,3028.99,3141.3501,3028.9199,3200.35,-171.36,-5.3544,3.51,177993.0
IXIC,20001113,2956.0901,2966.72,3063.3101,2859.3899,3028.99,-62.27,-2.0558,6.73,204833.0
IXIC,20001114,3069.8101,3138.27,3145.3,3059.8799,2966.72,171.55,5.7825,2.88,178531.0
IXIC,20001115,3137.6101,3165.49,3208.95,3104.5701,3138.27,27.22,0.8674,3.33,170594.0
IXIC,20001116,3121.8,3031.88,3175.6299,3031.76,3165.49,-133.61,-4.2208,4.54,152371.0
IXIC,20001117,3044.45,3027.19,3090.97,2967.1699,3031.88,-4.69,-0.1547,4.08,176085.0
IXIC,20001120,2943.1101,2875.64,2949.5,2860.49,3027.19,-151.55,-5.0063,2.94,171629.0
IXIC,20001121,2892.03,2871.45,2921.8,2845.1699,2875.64,-4.19,-0.1457,2.66,174938.0
IXIC,20001122,2828.1399,2755.34,2872.6399,2754.1399,2871.45,-116.11,-4.0436,4.13,188513.0
IXIC,20001124,2823.48,2904.38,2904.46,2820.9099,2755.34,149.04,5.4091,3.03,78160.0
IXIC,20001127,2979.9299,2880.49,2998.75,2874.71,2904.38,-23.89,-0.8226,4.27,170657.0
IXIC,20001128,2873.73,2734.98,2891.3999,2734.46,2880.49,-145.51,-5.0516,5.45,191997.0
IXIC,20001129,2748.1799,2706.93,2770.1799,2642.8899,2734.98,-28.05,-1.0256,4.65,205572.0
IXIC,20001130,2599.04,2597.93,2641.75,2523.04,2706.93,-109.0,-4.0267,4.39,273627.0
IXIC,20001201,2644.0901,2645.29,2749.0601,2604.27,2597.93,47.36,1.823,5.57,222197.0
IXIC,20001204,2662.5601,2615.75,2671.1799,2567.1799,2645.29,-29.54,-1.1167,3.93,186048.0
IXIC,20001205,2702.72,2889.8,2889.8,2694.4099,2615.75,274.05,10.4769,7.47,247467.0
IXIC,20001206,2878.8701,2796.5,2916.2,2781.24,2889.8,-93.3,-3.2286,4.67,230828.0
IXIC,20001207,2748.29,2752.66,2794.53,2707.96,2796.5,-43.84,-1.5677,3.1,175681.0
IXIC,20001208,2857.9299,2917.43,2929.95,2844.9299,2752.66,164.77,5.9858,3.09,232865.0
IXIC,20001211,2936.6001,3015.1,3028.75,2901.48,2917.43,97.67,3.3478,4.36,244776.0
IXIC,20001212,2994.0601,2931.77,3002.53,2930.99,3015.1,-83.33,-2.7638,2.37,191903.0
IXIC,20001213,2996.5701,2822.77,3001.72,2814.1299,2931.77,-109.0,-3.7179,6.4,204225.0
IXIC,20001214,2820.48,2728.51,2847.3701,2727.26,2822.77,-94.26,-3.3393,4.26,177064.0
IXIC,20001215,2688.6599,2653.27,2697.9299,2596.03,2728.51,-75.24,-2.7575,3.73,277069.0
IXIC,20001218,2698.72,2624.52,2726.2,2597.47,2653.27,-28.75,-1.0836,4.85,206599.0
IXIC,20001219,2617.0601,2511.71,2696.6101,2509.76,2624.52,-112.81,-4.2983,7.12,231720.0
IXIC,20001220,2410.96,2332.78,2432.8301,2312.51,2511.71,-178.93,-7.1238,4.79,285515.0
IXIC,20001221,2310.21,2340.12,2423.71,2288.1599,2332.78,7.34,0.3146,5.81,268697.0
IXIC,20001222,2397.6699,2517.02,2517.9299,2397.6699,2340.12,176.9,7.5594,5.14,223541.0
IXIC,20001226,2518.29,2493.52,2548.75,2436.1899,2517.02,-23.5,-0.9336,4.47,155870.0
IXIC,20001227,2471.3301,2539.35,2539.52,2450.22,2493.52,45.83,1.838,3.58,200265.0
IXIC,20001228,2517.8999,2557.76,2571.52,2514.5601,2539.35,18.41,0.725,2.24,219213.0
IXIC,20001229,2552.6799,2470.52,2577.02,2456.54,2557.76,-87.24,-3.4108,4.71,253176.0
IXIC,20010102,2474.1599,2291.86,2474.1599,2273.0701,2470.52,-178.66,-7.2317,8.14,191893.0
IXIC,20010103,2254.5601,2616.69,2618.03,2251.71,2291.86,324.83,14.1732,15.98,318800.0
IXIC,20010104,2593.96,2549.83,2644.8,2549.83,2616.69,-66.86,-2.5551,3.63,261068.0
IXIC,20010105,2573.1101,2407.65,2574.6201,2395.3899,2549.83,-142.18,-5.5761,7.03,210467.0
IXIC,20010108,2388.72,2299.65,2397.0601,2299.6499,2407.65,-108.0,-4.4857,4.05,185059.0
IXIC,20010109,2424.6899,2441.3,2474.1599,2406.0801,2299.65,141.65,6.1596,2.96,197513.0
IXIC,20010110,2392.71,2524.18,2525.28,2376.49,2441.3,82.88,3.3949,6.09,247035.0
IXIC,20010111,2495.5901,2640.57,2661.9299,2495.01,2524.18,116.39,4.611,6.61,284264.0
IXIC,20010112,2639.5601,2626.5,2699.8701,2589.6299,2640.57,-14.07,-0.5328,4.17,251885.0
IXIC,20010116,2631.49,2618.55,2638.22,2576.95,2626.5,-7.95,-0.3027,2.33,207394.0
IXIC,20010117,2710.53,2668.48,2756.6299,2668.48,2618.55,49.93,1.9068,3.37,281919.0
IXIC,20010118,2696.74,2768.49,2769.98,2661.26,2668.48,100.01,3.7478,4.07,255871.0
IXIC,20010119,2838.3601,2770.38,2841.25,2752.0601,2768.49,1.89,0.0683,3.22,269719.0
IXIC,20010122,2759.1001,2757.91,2789.6299,2722.96,2770.38,-12.47,-0.4501,2.41,203714.0
IXIC,20010123,2759.26,2736.28,2845.3899,2736.28,2757.91,-21.63,-0.7843,3.96,227847.0
IXIC,20010124,2850.74,2828.32,2892.3601,2828.32,2736.28,92.04,3.3637,2.34,256732.0
IXIC,20010125,2836.3501,2754.28,2849.5601,2753.3701,2828.32,-74.04,-2.6178,3.4,229815.0
IXIC,20010126,2705.3899,2781.3,2785.6201,2686.6499,2754.28,27.02,0.981,3.59,226880.0
IXIC,20010129,2757.29,2838.34,2840.02,2742.5,2781.3,57.04,2.0508,3.51,197013.0
IXIC,20010130,2845.01,2817.13,2861.71,2817.1299,2838.34,-21.21,-0.7473,1.57,207359.0
IXIC,20010131,2848.1101,2772.73,2872.47,2772.3501,2817.13,-44.4,-1.5761,3.55,227731.0
IXIC,20010201,2771.5701,2782.79,2796.8899,2742.4399,2772.73,10.06,0.3628,1.96,177626.0
IXIC,20010202,2782.9299,2660.5,2791.5801,2660.1101,2782.79,-122.29,-4.3945,4.72,170690.0
IXIC,20010205,2639.6499,2643.21,2656.02,2596.73,2660.5,-17.29,-0.6499,2.23,164876.0
IXIC,20010206,2641.9099,2664.49,2705.5901,2640.23,2643.21,21.28,0.8051,2.47,178892.0
IXIC,20010207,2615.9399,2607.82,2636.0701,2554.76,2664.49,-56.67,-2.1269,3.05,205692.0
IXIC,20010208,2625.78,2562.02,2651.8401,2562.02,2607.82,-45.8,-1.7563,3.44,185236.0
IXIC,20010209,2542.24,2455.87,2542.6201,2455.87,2562.02,-106.15,-4.1432,3.39,188191.0
IXIC,20010212,2458.6499,2489.66,2508.27,2435.3601,2455.87,33.79,1.3759,2.97,175122.0
IXIC,20010213,2510.8401,2427.72,2554.6499,2427.47,2489.66,-61.94,-2.4879,5.11,172855.0
IXIC,20010214,2437.6799,2491.4,2493.1101,2388.3999,2427.72,63.68,2.623,4.31,198735.0
IXIC,20010215,2536.6299,2552.91,2593.0901,2536.6299,2491.4,61.51,2.4689,2.27,210693.0
IXIC,20010216,2444.6001,2425.38,2457.6499,2397.4299,2552.91,-127.53,-4.9955,2.36,189220.0
IXIC,20010220,2439.5701,2318.35,2442.99,2317.77,2425.38,-107.03,-4.4129,5.16,187834.0
IXIC,20010221,2281.79,2257.15,2353.51,2257.1499,2318.35,-61.2,-2.6398,4.16,201974.0
IXIC,20010222,2272.1299,2244.96,2291.6899,2185.9099,2257.15,-12.19,-0.5401,4.69,248347.0
IXIC,20010223,2221.27,2156.29,2264.6799,2156.29,2244.96,-88.67,-3.9497,4.83,223791.0
IXIC,20010226,2287.8799,2308.5,2309.73,2238.6399,2156.29,152.21,7.0589,3.3,173906.0
IXIC,20010227,2286.6399,2207.82,2300.1799,2206.72,2308.5,-100.68,-4.3613,4.05,180854.0
IXIC,20010228,2223.8799,2151.83,2238.0601,2127.5,2207.82,-55.99,-2.536,5.01,208270.0
IXIC,20010301,2126.3,2071.03,2184.4099,2071.03,2151.83,-80.8,-3.7549,5.27,225688.0
IXIC,20010302,2111.23,2091.55,2197.8501,2091.55,2071.03,20.52,0.9908,5.13,237410.0
IXIC,20010305,2142.75,2127.96,2163.0901,2127.96,2091.55,36.41,1.7408,1.68,149575.0
IXIC,20010306,2204.3,2204.43,2243.78,2202.7,2127.96,76.47,3.5936,1.93,198638.0
IXIC,20010307,2241.23,2201.41,2243.75,2201.4099,2204.43,-3.02,-0.137,1.92,177441.0
IXIC,20010308,2211.3,2161.41,2219.8701,2161.4099,2201.41,-40.0,-1.817,2.66,175914.0
IXIC,20010309,2124.1101,2052.78,2124.1101,2041.78,2161.41,-108.63,-5.0259,3.81,196212.0
IXIC,20010312,2001.6801,1923.38,2004.09,1922.78,2052.78,-129.4,-6.3036,3.96,214982.0
IXIC,20010313,1948.7,2014.78,2015.35,1932.63,1923.38,91.4,4.7521,4.3,209642.0
IXIC,20010314,1948.5601,1972.09,2028.53,1933.4,2014.78,-42.69,-2.1188,4.72,214722.0
IXIC,20010315,2023.79,1940.71,2030.73,1939.38,1972.09,-31.38,-1.5912,4.63,196377.0
IXIC,20010316,1914.58,1877.69,1940.71,1877.6899,1940.71,-63.02,-3.2473,3.25,210227.0
IXIC,20010319,1901.45,1951.18,1953.08,1867.58,1877.69,73.49,3.9139,4.55,177457.0
IXIC,20010320,1964.45,1857.44,1974.14,1857.41,1951.18,-93.74,-4.8043,5.98,201650.0
IXIC,20010321,1862.74,1830.23,1896.21,1820.75,1857.44,-27.21,-1.4649,4.06,210919.0
IXIC,20010322,1845.34,1897.7,1898.1,1794.21,1830.23,67.47,3.6864,5.68,250477.0
IXIC,20010323,1938.91,1928.68,1952.92,1891.99,1897.7,30.98,1.6325,3.21,228456.0
IXIC,20010326,1957.71,1909.42,1960.6801,1909.42,1928.68,-19.26,-0.9986,2.66,171962.0
IXIC,20010327,1922.7,1907.16,1979.75,1907.16,1909.42,-2.26,-0.1184,3.8,195141.0
IXIC,20010328,1925.3,1854.13,1925.3,1852.96,1907.16,-53.03,-2.7806,3.79,207226.0
IXIC,20010329,1838.4399,1820.57,1876.74,1802.76,1854.13,-33.56,-1.81,3.99,207905.0
IXIC,20010330,1830.42,1840.26,1855.58,1794.3,1820.57,19.69,1.0815,3.37,213905.0
IXIC,20010402,1835.22,1782.97,1852.49,1769.66,1840.26,-57.29,-3.1131,4.5,184835.0
IXIC,20010403,1758.1801,1673.0,1759.01,1660.92,1782.97,-109.97,-6.1678,5.5,257341.0
IXIC,20010404,1668.37,1638.8,1698.21,1619.58,1673.0,-34.2,-2.0442,4.7,246547.0
IXIC,20010405,1709.91,1785.0,1785.73,1706.1,1638.8,146.2,8.9212,4.86,233300.0
IXIC,20010406,1756.11,1720.36,1756.11,1700.2,1785.0,-64.64,-3.6213,3.13,183572.0
IXIC,20010409,1739.66,1745.71,1757.38,1710.76,1720.36,25.35,1.4735,2.71,144883.0
IXIC,20010410,1771.6801,1852.03,1868.1,1771.6801,1745.71,106.32,6.0904,5.52,220346.0
IXIC,20010411,1929.9301,1898.95,1948.08,1884.95,1852.03,46.92,2.5334,3.41,237201.0
IXIC,20010412,1881.1899,1961.43,1961.5699,1868.76,1898.95,62.48,3.2902,4.89,190280.0
IXIC,20010416,1934.7,1909.57,1946.92,1891.88,1961.43,-51.86,-2.644,2.81,157191.0
IXIC,20010417,1872.35,1923.22,1941.5699,1869.34,1909.57,13.65,0.7148,3.78,190058.0
IXIC,20010418,2005.0601,2079.44,2129.3101,1995.91,1923.22,156.22,8.1228,6.94,319565.0
IXIC,20010419,2100.8799,2182.14,2182.14,2082.24,2079.44,102.7,4.9388,4.8,278887.0
IXIC,20010420,2171.8999,2163.41,2202.8601,2135.3201,2182.14,-18.73,-0.8583,3.1,254442.0
IXIC,20010423,2118.3601,2059.32,2118.77,2046.84,2163.41,-104.09,-4.8114,3.32,184563.0
IXIC,20010424,2055.3201,2016.61,2095.8899,2012.37,2059.32,-42.71,-2.074,4.06,198333.0
IXIC,20010425,2013.42,2059.8,2066.97,2000.83,2016.61,43.19,2.1417,3.28,197894.0
IXIC,20010426,2086.04,2032.38,2095.8301,2032.38,2059.8,-27.42,-1.3312,3.08,202880.0
IXIC,20010427,2070.24,2046.71,2082.6399,2046.71,2032.38,14.33,0.7051,1.77,180160.0
IXIC,20010430,2113.1101,2116.24,2159.0801,2097.5801,2046.71,69.53,3.3972,3.0,202718.0
IXIC,20010501,2116.24,2088.61,2168.4199,2088.61,2116.24,-27.63,-1.3056,3.77,192252.0
IXIC,20010502,2205.25,2175.13,2232.6599,2175.1299,2088.61,86.52,4.1425,2.75,258414.0
IXIC,20010503,2183.0701,2146.2,2183.0701,2129.0701,2175.13,-28.93,-1.33,2.48,201088.0
IXIC,20010504,2102.6101,2191.53,2191.9299,2089.23,2146.2,45.33,2.1121,4.79,205711.0
IXIC,20010507,2194.04,2166.51,2215.3701,2166.51,2191.53,-25.02,-1.1417,2.23,174960.0
IXIC,20010508,2209.01,2165.37,2210.45,2165.37,2166.51,-1.14,-0.0526,2.08,189228.0
IXIC,20010509,2162.3,2141.43,2189.03,2141.4299,2165.37,-23.94,-1.1056,2.2,179352.0
IXIC,20010510,2195.52,2128.69,2197.03,2128.6899,2141.43,-12.74,-0.5949,3.19,174169.0
IXIC,20010511,2130.74,2097.36,2140.3701,2097.36,2128.69,-31.33,-1.4718,2.02,143093.0
IXIC,20010514,2105.3601,2081.92,2105.3799,2052.4099,2097.36,-15.44,-0.7362,2.53,133854.0
IXIC,20010515,2086.98,2077.5,2125.3201,2077.5,2081.92,-4.42,-0.2123,2.3,171062.0
IXIC,20010516,2067.6001,2166.44,2171.22,2057.99,2077.5,88.94,4.2811,5.45,207858.0
IXIC,20010517,2170.01,2167.72,2216.3601,2167.72,2166.44,1.28,0.0591,2.25,215431.0
IXIC,20010518,2182.5601,2198.88,2205.6499,2172.48,2167.72,31.16,1.4375,1.53,179262.0
IXIC,20010521,2201.45,2198.14,2305.73,2198.1399,2198.88,-0.74,-0.0337,4.89,231148.0
IXIC,20010522,2319.1799,2313.85,2328.05,2291.9099,2198.14,115.71,5.264,1.64,231480.0
IXIC,20010523,2299.75,2243.48,2299.75,2243.46,2313.85,-70.37,-3.0413,2.43,188679.0
IXIC,20010524,2250.04,2226.26,2282.1899,2226.26,2243.48,-17.22,-0.7676,2.49,186457.0
IXIC,20010525,2281.1799,2251.03,2282.4299,2242.8601,2226.26,24.77,1.1126,1.78,138541.0
IXIC,20010529,2239.9199,2175.54,2239.9199,2170.5801,2251.03,-75.49,-3.3536,3.08,162106.0
IXIC,20010530,2136.95,2077.98,2137.6699,2077.98,2175.54,-97.56,-4.4844,2.74,199123.0
IXIC,20010531,2092.53,2092.48,2140.0701,2092.48,2077.98,14.5,0.6978,2.29,183307.0
IXIC,20010601,2131.1201,2149.44,2157.8,2101.26,2092.48,56.96,2.7221,2.7,155530.0
IXIC,20010604,2164.7,2136.63,2174.1599,2136.6299,2149.44,-12.81,-0.596,1.75,132035.0
IXIC,20010605,2167.3101,2233.66,2244.23,2167.24,2136.63,97.03,4.5413,3.6,184510.0
IXIC,20010606,2239.8601,2217.73,2249.72,2204.8799,2233.66,-15.93,-0.7132,2.01,177194.0
IXIC,20010607,2208.03,2205.85,2264.5801,2205.85,2217.73,-11.88,-0.5357,2.65,166052.0
IXIC,20010608,2263.75,2215.1,2263.75,2202.27,2205.85,9.25,0.4193,2.79,143773.0
IXIC,20010611,2205.4099,2170.78,2205.4099,2150.75,2215.1,-44.32,-2.0008,2.47,141863.0
IXIC,20010612,2133.5601,2169.95,2184.2,2105.26,2170.78,-0.83,-0.0382,3.64,171356.0
IXIC,20010613,2175.6201,2121.66,2187.1599,2121.3799,2169.95,-48.29,-2.2254,3.03,154679.0
IXIC,20010614,2100.74,2044.07,2101.05,2043.36,2121.66,-77.59,-3.657,2.72,176376.0
IXIC,20010615,2017.8,1992.39,2048.3201,1992.39,2044.07,-51.68,-2.5283,2.74,210934.0
IXIC,20010618,2035.34,1988.63,2046.63,1987.17,1992.39,-3.76,-0.1887,2.98,156777.0
IXIC,20010619,2046.04,1978.25,2057.1899,1978.25,1988.63,-10.38,-0.522,3.97,198065.0
IXIC,20010620,1974.11,2031.24,2032.67,1973.7,1978.25,52.99,2.6786,2.98,211076.0
IXIC,20010621,2026.3,2014.33,2077.4299,2014.33,2031.24,-16.91,-0.8325,3.11,218050.0
IXIC,20010622,2062.0,2028.07,2074.8301,2028.0699,2014.33,13.74,0.6821,2.32,171458.0
IXIC,20010625,2054.3401,2050.87,2060.0601,2026.4,2028.07,22.8,1.1242,1.66,148173.0
IXIC,20010626,2022.86,2017.34,2068.1499,2017.34,2050.87,-33.53,-1.6349,2.48,165738.0
IXIC,20010627,2068.29,2048.88,2084.3999,2048.8799,2017.34,31.54,1.5634,1.76,171640.0
IXIC,20010628,2096.8799,2125.46,2157.3201,2096.8799,2048.88,76.58,3.7377,2.95,195296.0
IXIC,20010629,2129.8899,2118.11,2180.1101,2118.11,2125.46,-7.35,-0.3458,2.92,207163.0
IXIC,20010702,2156.76,2140.65,2181.05,2140.6499,2118.11,22.54,1.0642,1.91,151342.0
IXIC,20010703,2137.1001,2140.8,2148.1799,2123.75,2140.65,0.15,0.007,1.14,86843.0
IXIC,20010705,2122.8899,2080.11,2130.96,2079.8301,2140.8,-60.69,-2.8349,2.39,129068.0
IXIC,20010706,2060.73,2001.82,2060.73,2001.8199,2080.11,-78.29,-3.7637,2.83,144142.0
IXIC,20010709,2010.97,2026.71,2038.17,2000.08,2001.82,24.89,1.2434,1.9,139963.0
IXIC,20010710,2043.61,1962.79,2045.12,1960.15,2026.71,-63.92,-3.1539,4.19,166397.0
IXIC,20010711,1954.72,1972.04,1975.79,1934.67,1962.79,9.25,0.4713,2.09,177029.0
IXIC,20010712,2033.22,2031.84,2080.1299,2031.84,1972.04,59.8,3.0324,2.45,188869.0
IXIC,20010713,2068.22,2055.56,2105.1499,2055.56,2031.84,23.72,1.1674,2.44,156176.0
IXIC,20010716,2078.53,2025.41,2091.6799,2025.41,2055.56,-30.15,-1.4668,3.22,148935.0
IXIC,20010717,2017.47,2006.8,2067.4399,2006.8,2025.41,-18.61,-0.9188,2.99,169569.0
IXIC,20010718,2035.09,2003.95,2056.0601,2003.95,2006.8,-2.85,-0.142,2.6,173812.0
IXIC,20010719,2042.3199,2046.59,2079.3301,2027.11,2003.95,42.64,2.1278,2.61,190622.0
IXIC,20010720,2015.23,2009.56,2035.52,2009.56,2046.59,-37.03,-1.8094,1.27,164212.0
IXIC,20010723,2043.84,1988.56,2047.85,1987.51,2009.56,-21.0,-1.045,3.0,135654.0
IXIC,20010724,1980.37,1959.24,1994.03,1939.28,1988.56,-29.32,-1.4744,2.75,160150.0
IXIC,20010725,1962.6801,1984.32,1984.98,1942.58,1959.24,25.08,1.2801,2.16,167549.0
IXIC,20010726,1980.03,2022.96,2025.88,1963.21,1984.32,38.64,1.9473,3.16,176539.0
IXIC,20010727,2020.58,2009.94,2039.15,2009.9399,2022.96,-13.02,-0.6436,1.44,158380.0
IXIC,20010730,2034.11,2009.94,2039.01,2009.9399,2009.94,0.0,0.0,1.45,133823.0
IXIC,20010731,2023.97,2014.06,2057.1001,2014.06,2009.94,4.12,0.205,2.14,162179.0
IXIC,20010801,2051.5601,2068.38,2078.3601,2045.13,2014.06,54.32,2.697,1.65,178422.0
IXIC,20010802,2092.52,2061.75,2102.53,2061.75,2068.38,-6.63,-0.3205,1.97,167593.0
IXIC,20010803,2079.1499,2066.33,2079.1499,2047.62,2061.75,4.58,0.2221,1.53,124512.0
IXIC,20010806,2047.86,2032.51,2053.6001,2032.51,2066.33,-33.82,-1.6367,1.02,110655.0
IXIC,20010807,2026.84,2027.79,2043.48,2013.75,2032.51,-4.72,-0.2322,1.46,131802.0
IXIC,20010808,2015.75,1966.36,2038.64,1958.67,2027.79,-61.43,-3.0294,3.94,166169.0
IXIC,20010809,1962.48,1963.32,1971.61,1941.24,1966.36,-3.04,-0.1546,1.54,145715.0
IXIC,20010810,1957.34,1956.47,1967.03,1915.99,1963.32,-6.85,-0.3489,2.6,137269.0
IXIC,20010813,1963.04,1982.25,1986.33,1951.46,1956.47,25.78,1.3177,1.78,114704.0
IXIC,20010814,1990.83,1964.53,1998.59,1961.53,1982.25,-17.72,-0.8939,1.87,123186.0
IXIC,20010815,1964.2,1918.74,1975.1801,1918.74,1964.53,-45.79,-2.3308,2.87,146393.0
IXIC,20010816,1899.9,1879.07,1930.46,1879.0699,1918.74,-39.67,-2.0675,2.68,161379.0
IXIC,20010817,1895.42,1867.01,1903.73,1862.76,1879.07,-12.06,-0.6418,2.18,130151.0
IXIC,20010820,1866.29,1881.35,1881.62,1854.96,1867.01,14.34,0.7681,1.43,116579.0
IXIC,20010821,1883.4399,1831.3,1893.39,1831.28,1881.35,-50.05,-2.6603,3.3,132596.0
IXIC,20010822,1851.75,1860.01,1860.02,1817.7,1831.3,28.71,1.5677,2.31,155054.0
IXIC,20010823,1857.52,1842.97,1883.48,1842.51,1860.01,-17.04,-0.9161,2.2,145629.0
IXIC,20010824,1863.3199,1916.8,1916.83,1857.73,1842.97,73.83,4.006,3.21,149565.0
IXIC,20010827,1912.7,1897.63,1933.9399,1897.63,1916.8,-19.17,-1.0001,1.89,119529.0
IXIC,20010828,1912.67,1864.98,1916.28,1864.72,1897.63,-32.65,-1.7206,2.72,143394.0
IXIC,20010829,1875.4399,1843.17,1879.76,1833.65,1864.98,-21.81,-1.1695,2.47,146670.0
IXIC,20010830,1817.1899,1791.68,1833.29,1777.11,1843.17,-51.49,-2.7936,3.05,173481.0
IXIC,20010831,1784.26,1805.43,1817.72,1782.1,1791.68,13.75,0.7674,1.99,123288.0
IXIC,20010904,1802.29,1770.76,1836.1899,1770.76,1805.43,-34.67,-1.9203,3.62,153658.0
IXIC,20010905,1771.75,1759.01,1782.5,1715.86,1770.76,-11.75,-0.6636,3.76,195058.0
IXIC,20010906,1736.2,1705.64,1753.83,1702.92,1759.01,-53.37,-3.0341,2.89,188780.0
IXIC,20010907,1694.02,1676.42,1724.5699,1676.42,1705.64,-29.22,-1.7131,2.82,171276.0
IXIC,20010910,1673.78,1669.94,1702.12,1669.9399,1676.42,-6.48,-0.3865,1.92,161297.0
IXIC,20010917,1613.83,1579.55,1629.1,1579.28,1669.94,-90.39,-5.4128,2.98,225462.0
IXIC,20010918,1591.77,1548.85,1605.0601,1548.85,1579.55,-30.7,-1.9436,3.56,186498.0
IXIC,20010919,1560.52,1451.31,1568.22,1451.31,1548.85,-97.54,-6.2976,7.55,246403.0
IXIC,20010920,1494.9399,1470.93,1513.24,1467.1,1451.31,19.62,1.3519,3.18,280466.0
IXIC,20010921,1395.79,1387.06,1454.04,1387.06,1470.93,-83.87,-5.7018,4.55,258815.0
IXIC,20010924,1459.47,1499.4,1507.51,1459.47,1387.06,112.34,8.0991,3.46,205229.0
IXIC,20010925,1505.52,1480.69,1528.33,1480.6899,1499.4,-18.71,-1.2478,3.18,218196.0
IXIC,20010926,1514.76,1464.04,1516.12,1458.34,1480.69,-16.65,-1.1245,3.9,176062.0
IXIC,20010927,1456.8,1460.71,1465.7,1418.15,1464.04,-3.33,-0.2275,3.25,204309.0
IXIC,20010928,1472.5601,1498.8,1499.58,1466.78,1460.71,38.09,2.6076,2.25,211436.0
IXIC,20011001,1491.45,1480.46,1491.45,1458.41,1498.8,-18.34,-1.2236,2.2,150514.0
IXIC,20011002,1479.01,1492.33,1504.24,1473.13,1480.46,11.87,0.8018,2.1,178473.0
IXIC,20011003,1479.27,1580.81,1595.48,1473.22,1492.33,88.48,5.929,8.19,271330.0
IXIC,20011004,1602.6,1581.08,1641.5601,1581.08,1580.81,0.27,0.0171,3.83,255858.0
IXIC,20011005,1586.4,1548.81,1608.76,1548.81,1581.08,-32.27,-2.041,3.79,183638.0
IXIC,20011008,1582.9301,1605.95,1621.11,1574.65,1548.81,57.14,3.6893,3.0,141752.0
IXIC,20011009,1604.11,1570.19,1607.2,1565.97,1605.95,-35.76,-2.2267,2.57,152743.0
IXIC,20011010,1563.96,1626.26,1626.99,1558.8101,1570.19,56.07,3.5709,4.34,185751.0
IXIC,20011011,1649.55,1701.47,1701.48,1649.55,1626.26,75.21,4.6247,3.19,253294.0
IXIC,20011012,1690.21,1703.4,1707.4301,1651.24,1701.47,1.93,0.1134,3.3,218597.0
IXIC,20011015,1684.04,1696.31,1698.24,1663.78,1703.4,-7.09,-0.4162,2.02,158621.0
IXIC,20011016,1704.75,1722.07,1722.85,1690.54,1696.31,25.76,1.5186,1.9,184331.0
IXIC,20011017,1752.9399,1646.34,1754.01,1646.34,1722.07,-75.73,-4.3976,6.25,229241.0
IXIC,20011018,1648.6899,1652.72,1668.0,1634.72,1646.34,6.38,0.3875,2.02,179387.0
IXIC,20011019,1644.49,1671.31,1675.2,1628.24,1652.72,18.59,1.1248,2.84,159111.0
IXIC,20011022,1666.08,1708.08,1708.09,1660.22,1671.31,36.77,2.2001,2.86,153083.0
IXIC,20011023,1720.54,1704.44,1739.47,1695.22,1708.08,-3.64,-0.2131,2.59,183949.0
IXIC,20011024,1707.52,1731.54,1736.17,1697.6899,1704.44,27.1,1.59,2.26,189500.0
IXIC,20011025,1708.49,1775.47,1775.51,1683.61,1731.54,43.93,2.537,5.31,225962.0
IXIC,20011026,1763.78,1768.96,1792.87,1763.0,1775.47,-6.51,-0.3667,1.68,199920.0
IXIC,20011029,1763.42,1699.52,1767.97,1699.4,1768.96,-69.44,-3.9255,3.88,165917.0
IXIC,20011030,1682.3,1667.41,1686.6801,1646.3,1699.52,-32.11,-1.8894,2.38,177856.0
IXIC,20011031,1690.12,1677.71,1721.6899,1677.71,1667.41,10.3,0.6177,2.64,189761.0
IXIC,20011101,1705.52,1746.3,1746.65,1683.99,1677.71,68.59,4.0883,3.73,178491.0
IXIC,20011102,1741.37,1745.73,1759.65,1726.61,1746.3,-0.57,-0.0326,1.89,164386.0
IXIC,20011105,1768.29,1793.65,1801.55,1768.29,1745.73,47.92,2.745,1.91,173425.0
IXIC,20011106,1786.92,1835.08,1835.49,1777.91,1793.65,41.43,2.3098,3.21,194551.0
IXIC,20011107,1821.04,1820.28,1868.3101,1820.28,1835.08,-14.8,-0.8065,2.62,206581.0
IXIC,20011108,1855.6801,1827.77,1888.39,1816.5601,1820.28,7.49,0.4115,3.95,230072.0
IXIC,20011109,1824.73,1828.48,1838.38,1809.29,1827.77,0.71,0.0388,1.59,152436.0
IXIC,20011112,1826.25,1840.13,1848.0,1782.48,1828.48,11.65,0.6371,3.58,159447.0
IXIC,20011113,1871.47,1892.11,1893.92,1867.27,1840.13,51.98,2.8248,1.45,218900.0
IXIC,20011114,1910.45,1903.19,1922.45,1875.27,1892.11,11.08,0.5856,2.49,217559.0
IXIC,20011115,1891.36,1900.57,1922.12,1882.84,1903.19,-2.62,-0.1377,2.06,202555.0
IXIC,20011116,1903.48,1898.58,1908.21,1882.53,1900.57,-1.99,-0.1047,1.35,171414.0
IXIC,20011119,1912.48,1934.42,1934.7,1905.36,1898.58,35.84,1.8877,1.55,192490.0
IXIC,20011120,1926.47,1880.51,1930.21,1877.79,1934.42,-53.91,-2.7869,2.71,198858.0
IXIC,20011121,1873.6,1875.05,1884.49,1853.67,1880.51,-5.46,-0.2903,1.64,157759.0
IXIC,20011123,1878.91,1903.2,1905.58,1873.64,1875.05,28.15,1.5013,1.7,56982.0
IXIC,20011126,1914.53,1941.23,1941.3101,1906.89,1903.2,38.03,1.9982,1.81,173413.0
IXIC,20011127,1931.59,1935.97,1965.09,1902.89,1941.23,-5.26,-0.271,3.2,213742.0
IXIC,20011128,1921.6,1887.97,1941.79,1887.97,1935.97,-48.0,-2.4794,2.78,190515.0
IXIC,20011129,1898.63,1933.26,1933.46,1889.29,1887.97,45.29,2.3989,2.34,195712.0
IXIC,20011130,1929.29,1930.58,1941.9399,1916.73,1933.26,-2.68,-0.1386,1.3,183185.0
IXIC,20011203,1915.13,1904.9,1925.35,1898.98,1930.58,-25.68,-1.3302,1.37,149676.0
IXIC,20011204,1917.66,1963.1,1963.22,1913.92,1904.9,58.2,3.0553,2.59,190863.0
IXIC,20011205,1980.3,1980.3,2056.8101,1980.3,1963.1,17.2,0.8762,3.9,277750.0
IXIC,20011206,2045.22,2037.64,2065.6899,2037.64,1980.3,57.34,2.8955,1.42,221247.0
IXIC,20011207,2043.6801,2021.26,2046.99,2002.34,2037.64,-16.38,-0.8039,2.19,191672.0
IXIC,20011210,2007.67,1989.68,2036.54,1989.68,2021.26,-31.58,-1.5624,2.32,167948.0
IXIC,20011211,2009.9301,2001.93,2032.63,1995.09,1989.68,12.25,0.6157,1.89,196520.0
IXIC,20011212,2007.48,2011.38,2022.76,1975.65,2001.93,9.45,0.472,2.35,189529.0
IXIC,20011213,1979.84,1946.51,1985.79,1945.29,2011.38,-64.87,-3.2251,2.01,209582.0
IXIC,20011214,1945.1801,1953.17,1965.74,1934.6,1946.51,6.66,0.3422,1.6,190002.0
IXIC,20011217,1950.9399,1987.45,1994.48,1950.9399,1953.17,34.28,1.7551,2.23,184092.0
IXIC,20011218,1998.36,2004.76,2010.91,1989.8101,1987.45,17.31,0.871,1.06,185202.0
IXIC,20011219,1981.65,1971.07,2007.76,1971.0699,2004.76,-33.69,-1.6805,1.83,191985.0
IXIC,20011220,1969.0,1918.5,1972.3199,1918.5,1971.07,-52.57,-2.6671,2.73,204311.0
IXIC,20011221,1941.55,1945.83,1954.47,1931.87,1918.5,27.33,1.4246,1.18,235967.0
IXIC,20011224,1946.84,1942.07,1953.9,1942.0699,1945.83,-3.76,-0.1932,0.61,56438.0
IXIC,20011226,1948.77,1960.7,1983.84,1948.77,1942.07,18.63,0.9593,1.81,112735.0
IXIC,20011227,1967.3199,1976.42,1982.73,1962.12,1960.7,15.72,0.8018,1.05,124106.0
IXIC,20011228,1985.71,1987.26,2002.72,1982.37,1976.42,10.84,0.5485,1.03,132829.0
IXIC,20011231,1984.3101,1950.4,1989.17,1950.4,1987.26,-36.86,-1.8548,1.95,141484.0
IXIC,20020102,1965.1801,1979.25,1979.26,1936.5601,1950.4,28.85,1.4792,2.19,151767.0
IXIC,20020103,1987.0601,2044.27,2044.5601,1987.0601,1979.25,65.02,3.2851,2.91,220963.0
IXIC,20020104,2061.8301,2059.38,2077.8899,2033.5601,2044.27,15.11,0.7391,2.17,220561.0
IXIC,20020107,2075.24,2036.86,2081.0901,2036.86,2059.38,-22.52,-1.0935,2.15,212111.0
IXIC,20020108,2039.42,2055.74,2060.23,2027.34,2036.86,18.88,0.9269,1.61,187367.0
IXIC,20020109,2074.3201,2044.89,2098.8799,2034.09,2055.74,-10.85,-0.5278,3.15,232145.0
IXIC,20020110,2045.13,2026.05,2055.8899,2026.05,2044.89,-18.84,-0.9213,1.46,176164.0
IXIC,20020111,2049.5,2018.68,2058.77,2018.68,2026.05,-7.37,-0.3638,1.98,162553.0
IXIC,20020114,2012.59,1979.94,2018.42,1979.9399,2018.68,-38.74,-1.9191,1.91,180165.0
IXIC,20020115,1994.88,2000.91,2011.25,1977.28,1979.94,20.97,1.0591,1.72,167515.0
IXIC,20020116,1976.42,1944.32,1981.8101,1944.3199,2000.91,-56.59,-2.8282,1.87,191727.0
IXIC,20020117,1968.7,1954.06,1985.83,1954.06,1944.32,9.74,0.5009,1.63,189311.0
IXIC,20020118,1943.5601,1930.34,1964.74,1922.7,1954.06,-23.72,-1.2139,2.15,169301.0
IXIC,20020122,1946.87,1882.14,1947.41,1882.14,1930.34,-48.2,-2.497,3.38,181722.0
IXIC,20020123,1889.53,1922.38,1925.15,1879.24,1882.14,40.24,2.138,2.44,187112.0
IXIC,20020124,1937.67,1936.34,1959.9301,1936.34,1922.38,13.96,0.7262,1.23,190787.0
IXIC,20020125,1929.15,1923.06,1951.79,1923.06,1936.34,-13.28,-0.6858,1.48,165531.0
IXIC,20020128,1951.12,1925.43,1958.96,1925.43,1923.06,2.37,0.1232,1.74,148208.0
IXIC,20020129,1947.09,1892.99,1959.05,1883.49,1925.43,-32.44,-1.6848,3.92,187538.0
IXIC,20020130,1897.73,1913.44,1913.66,1851.49,1892.99,20.45,1.0803,3.28,206697.0
IXIC,20020131,1924.5601,1934.03,1935.17,1906.9,1913.44,20.59,1.0761,1.48,180353.0
IXIC,20020201,1928.83,1911.24,1942.15,1901.21,1934.03,-22.79,-1.1784,2.12,171000.0
IXIC,20020204,1907.58,1855.53,1907.58,1849.13,1911.24,-55.71,-2.9149,3.06,177903.0
IXIC,20020205,1844.62,1828.67,1867.9399,1828.67,1855.53,-26.86,-1.4476,2.12,210687.0
IXIC,20020206,1853.13,1812.71,1853.13,1805.01,1828.67,-15.96,-0.8728,2.63,210548.0
IXIC,20020207,1809.4301,1782.11,1824.0699,1781.73,1812.71,-30.6,-1.6881,2.34,199830.0
IXIC,20020208,1794.05,1818.88,1818.88,1772.15,1782.11,36.77,2.0633,2.62,179471.0
IXIC,20020211,1816.9399,1846.66,1846.9301,1815.38,1818.88,27.78,1.5273,1.73,156483.0
IXIC,20020212,1829.53,1834.21,1852.22,1817.13,1846.66,-12.45,-0.6742,1.9,162168.0
IXIC,20020213,1844.79,1859.16,1862.42,1844.12,1834.21,24.95,1.3603,1.0,160074.0
IXIC,20020214,1863.47,1843.37,1877.74,1840.78,1859.16,-15.79,-0.8493,1.99,167941.0
IXIC,20020215,1844.89,1801.67,1847.0699,1801.67,1843.37,-41.7,-2.2622,2.46,162472.0
IXIC,20020219,1790.9399,1750.61,1791.01,1745.05,1801.67,-51.06,-2.834,2.55,174917.0
IXIC,20020220,1762.4301,1775.57,1777.1801,1729.2,1750.61,24.96,1.4258,2.74,191821.0
IXIC,20020221,1763.8199,1716.24,1769.37,1716.24,1775.57,-59.33,-3.3415,2.99,183375.0
IXIC,20020222,1718.7,1724.54,1736.48,1696.55,1716.24,8.3,0.4836,2.33,183934.0
IXIC,20020225,1731.4301,1769.88,1776.61,1730.91,1724.54,45.34,2.6291,2.65,166685.0
IXIC,20020226,1777.54,1766.86,1788.75,1750.36,1769.88,-3.02,-0.1706,2.17,167053.0
IXIC,20020227,1783.29,1751.88,1793.73,1741.48,1766.86,-14.98,-0.8478,2.96,182344.0
IXIC,20020228,1759.33,1731.49,1773.2,1728.65,1751.88,-20.39,-1.1639,2.54,193563.0
IXIC,20020301,1745.49,1802.74,1802.89,1742.08,1731.49,71.25,4.115,3.51,190252.0
IXIC,20020304,1799.6801,1859.32,1859.72,1789.72,1802.74,56.58,3.1386,3.88,229763.0
IXIC,20020305,1854.71,1866.29,1886.15,1849.75,1859.32,6.97,0.3749,1.96,207465.0
IXIC,20020306,1859.28,1841.31,1891.83,1841.31,1866.29,-24.98,-1.3385,2.71,190708.0
IXIC,20020307,1903.24,1865.06,1910.7,1865.06,1841.31,23.75,1.2898,2.48,189819.0
IXIC,20020308,1908.09,1929.67,1935.09,1908.09,1865.06,64.61,3.4642,1.45,205942.0
IXIC,20020311,1919.73,1905.93,1946.23,1905.93,1929.67,-23.74,-1.2303,2.09,176395.0
IXIC,20020312,1888.6801,1897.12,1899.01,1879.42,1905.93,-8.81,-0.4622,1.03,175015.0
IXIC,20020313,1879.97,1862.03,1886.27,1858.45,1897.12,-35.09,-1.8496,1.47,166424.0
IXIC,20020314,1863.1,1854.14,1873.01,1851.38,1862.03,-7.89,-0.4237,1.16,149213.0
IXIC,20020315,1854.34,1845.93,1871.39,1845.93,1854.14,-8.21,-0.4428,1.37,169880.0
IXIC,20020318,1882.73,1877.06,1893.26,1861.11,1845.93,31.13,1.6864,1.74,154719.0
IXIC,20020319,1881.13,1880.87,1891.51,1873.17,1877.06,3.81,0.203,0.98,152162.0
IXIC,20020320,1860.28,1832.87,1861.79,1832.87,1880.87,-48.0,-2.552,1.54,155464.0
IXIC,20020321,1835.21,1868.83,1870.16,1825.99,1832.87,35.96,1.962,2.41,160159.0
IXIC,20020322,1865.1801,1851.39,1873.3199,1848.15,1868.83,-17.44,-0.9332,1.35,150496.0
IXIC,20020325,1855.65,1812.49,1863.05,1812.42,1851.39,-38.9,-2.1011,2.73,142931.0
IXIC,20020326,1808.87,1824.17,1843.96,1807.47,1812.49,11.68,0.6444,2.01,166217.0
IXIC,20020327,1817.22,1826.75,1832.01,1811.64,1824.17,2.58,0.1414,1.12,162423.0
IXIC,20020328,1836.25,1845.35,1852.85,1833.33,1826.75,18.6,1.0182,1.07,166490.0
IXIC,20020401,1834.59,1862.62,1865.37,1817.25,1845.35,17.27,0.9359,2.61,155479.0
IXIC,20020402,1836.03,1804.4,1839.37,1804.4,1862.62,-58.22,-3.1257,1.88,170124.0
IXIC,20020403,1809.59,1784.35,1813.36,1770.61,1804.4,-20.05,-1.1112,2.37,170419.0
IXIC,20020404,1776.53,1789.75,1800.83,1770.16,1784.35,5.4,0.3026,1.72,173167.0
IXIC,20020405,1796.92,1770.03,1803.21,1769.95,1789.75,-19.72,-1.1018,1.86,150810.0
IXIC,20020408,1741.1,1785.87,1786.4,1733.84,1770.03,15.84,0.8949,2.97,159920.0
IXIC,20020409,1789.14,1742.57,1795.62,1742.4,1785.87,-43.3,-2.4246,2.98,166276.0
IXIC,20020410,1751.5699,1767.07,1772.0,1733.6899,1742.57,24.5,1.406,2.2,196542.0
IXIC,20020411,1757.01,1725.24,1762.28,1724.15,1767.07,-41.83,-2.3672,2.16,170714.0
IXIC,20020412,1738.96,1756.19,1756.33,1728.52,1725.24,30.95,1.794,1.61,153248.0
IXIC,20020415,1761.95,1753.78,1769.04,1740.61,1756.19,-2.41,-0.1372,1.62,132723.0
IXIC,20020416,1779.29,1816.79,1816.91,1779.29,1753.78,63.01,3.5928,2.15,179149.0
IXIC,20020417,1829.58,1810.67,1832.01,1804.65,1816.79,-6.12,-0.3369,1.51,193106.0
IXIC,20020418,1806.28,1802.43,1818.79,1778.1,1810.67,-8.24,-0.4551,2.25,186614.0
IXIC,20020419,1816.35,1796.83,1816.62,1795.27,1802.43,-5.6,-0.3107,1.18,168164.0
IXIC,20020422,1779.1801,1758.68,1779.1801,1747.65,1796.83,-38.15,-2.1232,1.75,170312.0
IXIC,20020423,1757.92,1723.93,1762.9399,1723.93,1758.68,-34.75,-1.9759,2.22,195790.0
IXIC,20020424,1739.13,1713.34,1746.52,1711.11,1723.93,-10.59,-0.6143,2.05,192323.0
IXIC,20020425,1705.8,1713.7,1724.01,1697.27,1713.34,0.36,0.021,1.56,197176.0
IXIC,20020426,1722.83,1663.89,1728.52,1663.78,1713.7,-49.81,-2.9066,3.78,189379.0
IXIC,20020429,1668.52,1640.97,1678.5601,1640.97,1663.89,-22.92,-1.3775,2.26,184255.0
IXIC,20020430,1655.02,1652.93,1697.03,1652.93,1640.97,11.96,0.7288,2.69,209161.0
IXIC,20020501,1683.76,1643.24,1687.5601,1643.24,1652.93,-9.69,-0.5862,2.68,218911.0
IXIC,20020502,1673.72,1640.8,1695.0699,1640.8,1643.24,-2.44,-0.1485,3.3,206034.0
IXIC,20020503,1643.17,1613.03,1643.87,1605.97,1640.8,-27.77,-1.6925,2.31,199095.0
IXIC,20020506,1611.05,1577.93,1622.83,1577.93,1613.03,-35.1,-2.176,2.78,177608.0
IXIC,20020507,1589.58,1560.29,1594.5699,1560.29,1577.93,-17.64,-1.1179,2.17,213913.0
IXIC,20020508,1625.73,1696.29,1696.35,1625.73,1560.29,136.0,8.7163,4.53,240324.0
IXIC,20020509,1684.4399,1650.49,1692.58,1650.46,1696.29,-45.8,-2.7,2.48,178846.0
IXIC,20020510,1657.1801,1600.85,1657.45,1599.64,1650.49,-49.64,-3.0076,3.5,183913.0
IXIC,20020513,1611.26,1652.54,1653.1,1602.6,1600.85,51.69,3.2289,3.15,164878.0
IXIC,20020514,1694.15,1719.05,1722.66,1691.42,1652.54,66.51,4.0247,1.89,260312.0
IXIC,20020515,1705.45,1725.56,1759.33,1694.34,1719.05,6.51,0.3787,3.78,226610.0
IXIC,20020516,1723.6899,1730.44,1734.71,1713.8101,1725.56,4.88,0.2828,1.21,164466.0
IXIC,20020517,1745.17,1723.06,1754.22,1723.06,1730.44,-7.38,-0.4265,1.8,164891.0
IXIC,20020520,1726.78,1701.59,1726.89,1696.11,1723.06,-21.47,-1.246,1.79,142930.0
IXIC,20020521,1708.5699,1664.18,1717.9301,1660.22,1701.59,-37.41,-2.1985,3.39,166088.0
IXIC,20020522,1654.34,1673.45,1676.64,1643.96,1664.18,9.27,0.557,1.96,173473.0
IXIC,20020523,1678.42,1697.63,1697.77,1651.89,1673.45,24.18,1.4449,2.74,176257.0
IXIC,20020524,1680.66,1661.49,1681.1,1658.78,1697.63,-36.14,-2.1289,1.31,121089.0
IXIC,20020528,1670.35,1652.17,1671.35,1632.75,1661.49,-9.32,-0.5609,2.32,131925.0
IXIC,20020529,1639.27,1624.31,1644.29,1624.31,1652.17,-27.86,-1.6863,1.21,141890.0
IXIC,20020530,1613.42,1631.92,1637.65,1607.3,1624.31,7.61,0.4685,1.87,158585.0
IXIC,20020531,1641.1,1615.73,1651.47,1615.62,1631.92,-16.19,-0.9921,2.2,168243.0
IXIC,20020603,1613.5,1562.56,1621.5,1561.17,1615.73,-53.17,-3.2908,3.73,162312.0
IXIC,20020604,1559.25,1548.31,1587.79,1548.31,1562.56,-14.25,-0.912,2.53,188140.0
IXIC,20020605,1580.0601,1595.26,1595.42,1563.55,1548.31,46.95,3.0323,2.06,163292.0
IXIC,20020606,1583.65,1550.72,1584.0601,1550.72,1595.26,-44.54,-2.792,2.09,163026.0
IXIC,20020607,1500.15,1495.81,1549.17,1495.81,1550.72,-54.91,-3.5409,3.44,211174.0
IXIC,20020610,1536.98,1530.69,1551.8,1526.96,1495.81,34.88,2.3318,1.66,151826.0
IXIC,20020611,1542.16,1497.18,1547.5,1496.66,1530.69,-33.51,-2.1892,3.32,169704.0
IXIC,20020612,1491.36,1474.56,1519.16,1474.56,1497.18,-22.62,-1.5108,2.98,205732.0
IXIC,20020613,1512.23,1495.64,1526.41,1495.64,1474.56,21.08,1.4296,2.09,156691.0
IXIC,20020614,1471.97,1445.44,1507.01,1445.4399,1495.64,-50.2,-3.3564,4.12,182773.0
IXIC,20020617,1519.65,1519.26,1555.0699,1519.26,1445.44,73.82,5.1071,2.48,159184.0
IXIC,20020618,1544.1899,1542.96,1567.99,1542.77,1519.26,23.7,1.56,1.66,158976.0
IXIC,20020619,1531.05,1496.83,1538.36,1496.08,1542.96,-46.13,-2.9897,2.74,172670.0
IXIC,20020620,1494.8,1464.75,1503.01,1461.59,1496.83,-32.08,-2.1432,2.77,170947.0
IXIC,20020621,1456.61,1440.96,1480.05,1435.85,1464.75,-23.79,-1.6242,3.02,196290.0
IXIC,20020624,1429.5601,1460.34,1476.5601,1414.6899,1440.96,19.38,1.3449,4.29,205061.0
IXIC,20020625,1472.1899,1423.99,1475.58,1419.25,1460.34,-36.35,-2.4891,3.86,188068.0
IXIC,20020626,1379.87,1375.53,1436.5699,1375.53,1423.99,-48.46,-3.4031,4.29,206174.0
IXIC,20020627,1446.37,1459.2,1459.41,1412.96,1375.53,83.67,6.0827,3.38,194259.0
IXIC,20020628,1454.98,1463.21,1486.25,1454.71,1459.2,4.01,0.2748,2.16,257524.0
IXIC,20020701,1457.04,1403.8,1459.84,1402.51,1463.21,-59.41,-4.0603,3.92,232065.0
IXIC,20020702,1395.37,1357.82,1396.25,1356.03,1403.8,-45.98,-3.2754,2.87,272255.0
IXIC,20020703,1348.61,1336.06,1380.38,1336.06,1357.82,-21.76,-1.6026,3.26,266106.0
IXIC,20020705,1401.03,1448.36,1448.66,1401.03,1336.06,112.3,8.4053,3.56,112096.0
IXIC,20020708,1439.85,1401.28,1452.5601,1401.28,1448.36,-47.08,-3.2506,3.54,170815.0
IXIC,20020709,1405.37,1379.57,1415.3101,1379.5699,1401.28,-21.71,-1.5493,2.55,170422.0
IXIC,20020710,1396.67,1346.01,1396.95,1345.22,1379.57,-33.56,-2.4326,3.75,184632.0
IXIC,20020711,1339.65,1374.43,1375.58,1323.59,1346.01,28.42,2.1114,3.86,229833.0
IXIC,20020712,1391.3,1373.5,1402.45,1363.11,1374.43,-0.93,-0.0677,2.86,200934.0
IXIC,20020715,1365.79,1382.62,1382.7,1315.3,1373.5,9.12,0.664,4.91,211770.0
IXIC,20020716,1371.91,1375.26,1407.59,1364.88,1382.62,-7.36,-0.5323,3.09,237926.0
IXIC,20020717,1408.1,1397.25,1426.28,1370.21,1375.26,21.99,1.599,4.08,233839.0
IXIC,20020718,1390.41,1356.95,1395.29,1356.8,1397.25,-40.3,-2.8842,2.75,184236.0
IXIC,20020719,1336.39,1309.94,1350.21,1309.9399,1356.95,-47.01,-3.4644,2.97,239680.0
IXIC,20020722,1309.84,1282.65,1332.1,1272.46,1309.94,-27.29,-2.0833,4.55,201441.0
IXIC,20020723,1287.59,1229.05,1295.59,1228.88,1282.65,-53.6,-4.1788,5.2,223889.0
IXIC,20020724,1203.88,1290.23,1290.4,1192.42,1229.05,61.18,4.9778,7.97,216779.0
IXIC,20020725,1277.16,1220.93,1289.72,1220.93,1290.23,-69.3,-5.3711,5.33,235321.0
IXIC,20020726,1250.72,1262.12,1264.67,1234.46,1220.93,41.19,3.3737,2.47,169154.0
IXIC,20020729,1286.8101,1335.25,1335.25,1286.54,1262.12,73.13,5.7942,3.86,194417.0
IXIC,20020730,1322.99,1344.19,1354.48,1313.49,1335.25,8.94,0.6695,3.07,172827.0
IXIC,20020731,1331.8199,1328.26,1335.79,1307.01,1344.19,-15.93,-1.1851,2.14,163330.0
IXIC,20020801,1322.47,1280.0,1326.1,1276.88,1328.26,-48.26,-3.6333,3.71,154886.0
IXIC,20020802,1279.1,1235.57,1282.0601,1235.5699,1280.0,-44.43,-3.4711,3.63,141979.0
IXIC,20020805,1243.38,1205.68,1247.84,1205.68,1235.57,-29.89,-2.4191,3.41,133672.0
IXIC,20020806,1224.8,1224.8,1279.5699,1224.8,1205.68,19.12,1.5858,4.54,153511.0
IXIC,20020807,1290.23,1280.9,1298.12,1243.49,1224.8,56.1,4.5803,4.46,154288.0
IXIC,20020808,1278.34,1263.31,1316.52,1263.31,1280.9,-17.59,-1.3733,4.15,152300.0
IXIC,20020809,1301.83,1290.77,1322.0699,1290.77,1263.31,27.46,2.1737,2.48,131375.0
IXIC,20020812,1293.88,1286.91,1311.4301,1286.91,1290.77,-3.86,-0.299,1.9,105422.0
IXIC,20020813,1300.73,1268.99,1324.4301,1268.99,1286.91,-17.92,-1.3925,4.31,157066.0
IXIC,20020814,1273.9399,1334.3,1334.3101,1265.1899,1268.99,65.31,5.1466,5.45,162929.0
IXIC,20020815,1339.6,1345.01,1350.92,1322.11,1334.3,10.71,0.8027,2.16,164285.0
IXIC,20020816,1333.26,1325.99,1368.6899,1325.99,1345.01,-19.02,-1.4141,3.17,138918.0
IXIC,20020819,1362.29,1359.14,1397.0601,1359.14,1325.99,33.15,2.5,2.86,148949.0
IXIC,20020820,1384.47,1376.59,1389.84,1370.98,1359.14,17.45,1.2839,1.39,139629.0
IXIC,20020821,1389.5601,1409.25,1410.88,1378.09,1376.59,32.66,2.3725,2.38,150853.0
IXIC,20020822,1410.75,1422.95,1426.76,1398.83,1409.25,13.7,0.9721,1.98,165408.0
IXIC,20020823,1411.75,1380.62,1411.75,1377.64,1422.95,-42.33,-2.9748,2.4,136583.0
IXIC,20020826,1387.2,1360.43,1394.24,1360.43,1380.62,-20.19,-1.4624,2.45,126136.0
IXIC,20020827,1395.04,1347.78,1396.4,1346.21,1360.43,-12.65,-0.9299,3.69,143236.0
IXIC,20020828,1339.42,1314.38,1340.01,1312.25,1347.78,-33.4,-2.4781,2.06,135150.0
IXIC,20020829,1304.21,1335.77,1345.37,1295.79,1314.38,21.39,1.6274,3.77,143519.0
IXIC,20020830,1326.05,1314.69,1337.92,1314.6899,1335.77,-21.08,-1.5781,1.74,108982.0
IXIC,20020903,1302.67,1263.84,1302.67,1263.23,1314.69,-50.85,-3.8678,3.0,139426.0
IXIC,20020904,1268.65,1292.31,1294.65,1261.0,1263.84,28.47,2.2527,2.66,149351.0
IXIC,20020905,1274.76,1251.0,1274.76,1251.0,1292.31,-41.31,-3.1966,1.84,152029.0
IXIC,20020906,1280.27,1295.3,1304.02,1280.27,1251.0,44.3,3.5412,1.9,132038.0
IXIC,20020909,1286.75,1304.6,1310.33,1270.73,1295.3,9.3,0.718,3.06,124754.0
IXIC,20020910,1306.13,1299.53,1322.4301,1299.53,1304.6,-5.07,-0.3886,1.76,144149.0
IXIC,20020911,1328.35,1315.45,1347.27,1314.96,1299.53,15.92,1.2251,2.49,107567.0
IXIC,20020912,1305.72,1279.68,1305.72,1279.09,1315.45,-35.77,-2.7192,2.02,119276.0
IXIC,20020913,1272.9399,1291.4,1292.36,1270.59,1279.68,11.72,0.9159,1.7,126553.0
IXIC,20020916,1286.85,1267.69,1292.73,1267.6899,1291.4,-23.71,-1.836,1.94,109733.0
IXIC,20020917,1292.91,1259.94,1298.5,1258.85,1267.69,-7.75,-0.6113,3.13,150033.0
IXIC,20020918,1244.52,1252.13,1263.9,1233.08,1259.94,-7.81,-0.6199,2.45,157095.0
IXIC,20020919,1233.9399,1216.45,1242.91,1216.1899,1252.13,-35.68,-2.8495,2.13,152113.0
IXIC,20020920,1229.47,1221.09,1232.96,1216.24,1216.45,4.64,0.3814,1.37,179600.0
IXIC,20020923,1209.13,1184.93,1209.72,1177.41,1221.09,-36.16,-2.9613,2.65,144333.0
IXIC,20020924,1170.95,1182.17,1200.45,1169.04,1184.93,-2.76,-0.2329,2.65,166602.0
IXIC,20020925,1195.6,1222.29,1227.23,1184.12,1182.17,40.12,3.3938,3.65,169164.0
IXIC,20020926,1231.85,1221.61,1239.62,1206.91,1222.29,-0.68,-0.0556,2.68,166416.0
IXIC,20020927,1213.77,1199.16,1235.08,1198.12,1221.61,-22.45,-1.8377,3.03,144446.0
IXIC,20020930,1187.48,1160.07,1190.74,1160.0699,1199.16,-39.09,-3.2598,2.56,168290.0
IXIC,20021001,1180.26,1213.72,1214.01,1160.71,1160.07,53.65,4.6247,4.59,170786.0
IXIC,20021002,1208.03,1187.3,1222.72,1183.76,1213.72,-26.42,-2.1768,3.21,176370.0
IXIC,20021003,1183.11,1165.56,1197.96,1164.51,1187.3,-21.74,-1.831,2.82,164732.0
IXIC,20021004,1174.58,1139.9,1175.75,1135.27,1165.56,-25.66,-2.2015,3.47,158703.0
IXIC,20021007,1135.79,1119.4,1145.79,1113.36,1139.9,-20.5,-1.7984,2.84,140985.0
IXIC,20021008,1129.8199,1129.21,1144.13,1109.64,1119.4,9.81,0.8764,3.08,183699.0
IXIC,20021009,1117.14,1114.11,1135.89,1112.08,1129.21,-15.1,-1.3372,2.11,175573.0
IXIC,20021010,1116.76,1163.37,1165.83,1108.49,1114.11,49.26,4.4215,5.15,183794.0
IXIC,20021011,1179.9,1210.47,1220.12,1179.9,1163.37,47.1,4.0486,3.46,191539.0
IXIC,20021014,1198.5,1220.53,1221.6,1193.42,1210.47,10.06,0.8311,2.33,120424.0
IXIC,20021015,1259.87,1282.44,1282.74,1259.87,1220.53,61.91,5.0724,1.87,200964.0
IXIC,20021016,1239.54,1232.42,1253.61,1229.0601,1282.44,-50.02,-3.9004,1.91,158522.0
IXIC,20021017,1272.26,1272.29,1283.21,1263.46,1232.42,39.87,3.2351,1.6,182274.0
IXIC,20021018,1270.13,1253.44,1288.08,1253.4399,1272.29,-18.85,-1.4816,2.72,166597.0
IXIC,20021021,1276.76,1309.67,1312.53,1267.76,1253.44,56.23,4.4861,3.57,157297.0
IXIC,20021022,1285.54,1292.8,1307.6,1280.66,1309.67,-16.87,-1.2881,2.06,172334.0
IXIC,20021023,1288.24,1320.23,1320.25,1279.46,1292.8,27.43,2.1218,3.16,159832.0
IXIC,20021024,1325.08,1298.71,1330.99,1296.54,1320.23,-21.52,-1.63,2.61,194406.0
IXIC,20021025,1297.33,1331.13,1331.33,1297.17,1298.71,32.42,2.4963,2.63,147004.0
IXIC,20021028,1345.72,1315.83,1346.21,1310.63,1331.13,-15.3,-1.1494,2.67,163619.0
IXIC,20021029,1313.14,1300.54,1318.9301,1279.1899,1315.83,-15.29,-1.162,3.02,159841.0
IXIC,20021030,1307.49,1326.73,1334.63,1300.55,1300.54,26.19,2.0138,2.62,167553.0
IXIC,20021031,1330.73,1329.75,1347.58,1323.09,1326.73,3.02,0.2276,1.85,176168.0
IXIC,20021101,1320.95,1360.7,1360.83,1313.72,1329.75,30.95,2.3275,3.54,184287.0
IXIC,20021104,1394.5699,1396.54,1420.03,1388.6801,1360.7,35.84,2.6339,2.3,237248.0
IXIC,20021105,1386.87,1401.17,1401.37,1379.33,1396.54,4.63,0.3315,1.58,170478.0
IXIC,20021106,1408.22,1418.99,1419.04,1386.52,1401.17,17.82,1.2718,2.32,218942.0
IXIC,20021107,1397.54,1376.71,1400.08,1371.47,1418.99,-42.28,-2.9796,2.02,175882.0
IXIC,20021108,1376.37,1359.28,1389.77,1354.28,1376.71,-17.43,-1.2661,2.58,160346.0
IXIC,20021111,1355.1,1319.19,1355.1,1319.0699,1359.28,-40.09,-2.9494,2.65,126742.0
IXIC,20021112,1328.08,1349.56,1367.97,1328.08,1319.19,30.37,2.3022,3.02,155965.0
IXIC,20021113,1342.22,1334.13,1371.74,1334.13,1349.56,-15.43,-1.1433,2.79,190138.0
IXIC,20021114,1378.9399,1411.52,1411.63,1378.9399,1334.13,77.39,5.8008,2.45,175621.0
IXIC,20021115,1396.11,1411.14,1413.53,1386.14,1411.52,-0.38,-0.0269,1.94,170089.0
IXIC,20021118,1422.54,1393.69,1425.42,1393.66,1411.14,-17.45,-1.2366,2.25,176630.0
IXIC,20021119,1387.11,1374.51,1394.9301,1367.76,1393.69,-19.18,-1.3762,1.95,162033.0
IXIC,20021120,1375.6899,1419.35,1419.64,1375.41,1374.51,44.84,3.2623,3.22,177137.0
IXIC,20021121,1431.13,1467.55,1468.72,1430.08,1419.35,48.2,3.3959,2.72,244173.0
IXIC,20021122,1453.05,1468.74,1475.35,1449.5,1467.55,1.19,0.0811,1.76,196016.0
IXIC,20021125,1470.64,1481.9,1486.9399,1461.13,1468.74,13.16,0.896,1.76,195240.0
IXIC,20021126,1473.23,1444.43,1478.73,1441.12,1481.9,-37.47,-2.5285,2.54,192767.0
IXIC,20021127,1463.27,1487.94,1491.45,1462.62,1444.43,43.51,3.0123,2.0,173450.0
IXIC,20021129,1495.8101,1478.78,1497.4399,1478.72,1487.94,-9.16,-0.6156,1.26,84181.0
IXIC,20021202,1507.9399,1484.78,1521.4399,1474.59,1478.78,6.0,0.4057,3.17,192555.0
IXIC,20021203,1474.6899,1448.96,1474.6899,1445.23,1484.78,-35.82,-2.4125,1.98,165151.0
IXIC,20021204,1427.05,1412.92,1444.1801,1412.92,1448.96,-36.04,-2.4873,2.16,188607.0
IXIC,20021205,1444.74,1410.75,1445.95,1410.58,1412.92,-2.17,-0.1536,2.5,146234.0
IXIC,20021206,1395.1801,1422.44,1430.39,1391.1,1410.75,11.69,0.8286,2.79,152980.0
IXIC,20021209,1411.4,1367.07,1411.4,1367.0699,1422.44,-55.37,-3.8926,3.12,149682.0
IXIC,20021210,1374.5601,1390.76,1397.84,1373.89,1367.07,23.69,1.7329,1.75,147025.0
IXIC,20021211,1382.1,1396.59,1407.15,1377.71,1390.76,5.83,0.4192,2.12,142388.0
IXIC,20021212,1407.02,1399.55,1411.6899,1388.51,1396.59,2.96,0.2119,1.66,140822.0
IXIC,20021213,1387.71,1362.42,1387.71,1362.42,1399.55,-37.13,-2.653,1.81,137141.0
IXIC,20021216,1367.74,1400.33,1400.49,1365.66,1362.42,37.91,2.7825,2.56,140621.0
IXIC,20021217,1396.33,1392.05,1408.16,1385.37,1400.33,-8.28,-0.5913,1.63,133675.0
IXIC,20021218,1380.63,1361.51,1380.63,1355.55,1392.05,-30.54,-2.1939,1.8,152960.0
IXIC,20021219,1358.61,1354.1,1384.58,1346.1801,1361.51,-7.41,-0.5442,2.82,165454.0
IXIC,20021220,1364.1899,1363.05,1370.79,1358.8,1354.1,8.95,0.661,0.89,199212.0
IXIC,20021223,1359.92,1381.69,1384.29,1358.29,1363.05,18.64,1.3675,1.91,119306.0
IXIC,20021224,1375.96,1372.47,1382.9301,1372.38,1381.69,-9.22,-0.6673,0.76,52388.0
IXIC,20021226,1375.14,1367.89,1392.58,1363.61,1372.47,-4.58,-0.3337,2.11,81231.0
IXIC,20021227,1363.64,1348.31,1369.21,1346.65,1367.89,-19.58,-1.4314,1.65,80496.0
IXIC,20021230,1349.4301,1339.54,1353.38,1329.64,1348.31,-8.77,-0.6504,1.76,107658.0
IXIC,20021231,1336.83,1335.51,1345.11,1327.1899,1339.54,-4.03,-0.3009,1.34,116677.0
IXIC,20030102,1346.9301,1384.85,1384.91,1336.98,1335.51,49.34,3.6945,3.59,128754.0
IXIC,20030103,1382.36,1374.61,1389.4399,1374.61,1384.85,-10.24,-0.7394,1.07,114959.0
IXIC,20030106,1390.1899,1421.32,1428.65,1390.09,1374.61,46.71,3.3981,2.81,156769.0
IXIC,20030107,1424.26,1431.57,1442.26,1416.23,1421.32,10.25,0.7212,1.83,175576.0
IXIC,20030108,1423.29,1399.06,1424.12,1399.06,1431.57,-32.51,-2.2709,1.75,145701.0
IXIC,20030109,1414.47,1438.46,1445.09,1414.47,1399.06,39.4,2.8162,2.19,168599.0
IXIC,20030110,1423.62,1447.72,1457.45,1418.79,1438.46,9.26,0.6437,2.69,165232.0
IXIC,20030113,1461.73,1446.04,1467.35,1436.98,1447.72,-1.68,-0.116,2.1,137604.0
IXIC,20030114,1445.0699,1460.99,1461.12,1442.63,1446.04,14.95,1.0339,1.28,132934.0
IXIC,20030115,1461.04,1438.8,1463.99,1435.29,1460.99,-22.19,-1.5188,1.96,151308.0
IXIC,20030116,1440.5601,1423.75,1449.13,1420.11,1438.8,-15.05,-1.046,2.02,136655.0
IXIC,20030117,1401.37,1376.19,1401.37,1376.1801,1423.75,-47.56,-3.3405,1.77,143384.0
IXIC,20030121,1380.4301,1364.25,1386.71,1364.25,1376.19,-11.94,-0.8676,1.63,135541.0
IXIC,20030122,1361.01,1359.48,1379.61,1358.23,1364.25,-4.77,-0.3496,1.57,147752.0
IXIC,20030123,1377.5,1388.27,1393.67,1365.11,1359.48,28.79,2.1177,2.1,156651.0
IXIC,20030124,1382.35,1342.14,1382.35,1340.22,1388.27,-46.13,-3.3228,3.03,156835.0
IXIC,20030127,1329.8101,1325.27,1349.83,1320.3199,1342.14,-16.87,-1.2569,2.2,144030.0
IXIC,20030128,1335.4301,1342.18,1346.5,1321.4399,1325.27,16.91,1.276,1.89,140666.0
IXIC,20030129,1335.9,1320.35,1363.3101,1320.35,1342.18,-21.83,-1.6265,3.2,150759.0
IXIC,20030130,1360.55,1322.06,1363.08,1322.06,1320.35,1.71,0.1295,3.11,144613.0
IXIC,20030131,1308.1,1320.91,1331.04,1303.64,1322.06,-1.15,-0.087,2.07,155481.0
IXIC,20030203,1324.74,1323.79,1335.76,1318.0,1320.91,2.88,0.218,1.34,125655.0
IXIC,20030204,1310.48,1306.15,1310.48,1292.2,1323.79,-17.64,-1.3325,1.38,136815.0
IXIC,20030205,1314.67,1299.35,1332.8199,1299.35,1306.15,-6.8,-0.5206,2.56,136713.0
IXIC,20030206,1298.7,1301.73,1310.51,1291.47,1299.35,2.38,0.1832,1.47,121932.0
IXIC,20030207,1310.92,1282.47,1314.52,1278.54,1301.73,-19.26,-1.4796,2.76,122885.0
IXIC,20030210,1286.51,1275.19,1298.5699,1275.1899,1282.47,-7.28,-0.5677,1.82,121644.0
IXIC,20030211,1301.54,1295.46,1315.04,1285.77,1275.19,20.27,1.5896,2.3,129619.0
IXIC,20030212,1292.08,1278.97,1301.11,1278.74,1295.46,-16.49,-1.2729,1.73,123107.0
IXIC,20030213,1280.92,1261.79,1281.3199,1261.79,1278.97,-17.18,-1.3433,1.53,131044.0
IXIC,20030214,1283.41,1310.17,1310.37,1279.66,1261.79,48.38,3.8342,2.43,131541.0
IXIC,20030218,1319.99,1346.54,1346.92,1319.52,1310.17,36.37,2.776,2.09,130393.0
IXIC,20030219,1343.37,1334.32,1344.59,1322.12,1346.54,-12.22,-0.9075,1.67,117970.0
IXIC,20030220,1339.7,1331.23,1344.29,1329.09,1334.32,-3.09,-0.2316,1.14,132041.0
IXIC,20030221,1331.33,1316.04,1352.0699,1316.04,1331.23,-15.19,-1.1411,2.71,134244.0
IXIC,20030224,1342.5,1321.44,1343.09,1321.4399,1316.04,5.4,0.4103,1.65,122248.0
IXIC,20030225,1307.39,1328.98,1331.35,1291.96,1321.44,7.54,0.5706,2.98,139596.0
IXIC,20030226,1323.01,1303.68,1331.47,1302.83,1328.98,-25.3,-1.9037,2.16,120709.0
IXIC,20030227,1312.13,1305.56,1331.79,1305.56,1303.68,1.88,0.1442,2.01,123811.0
IXIC,20030228,1327.87,1337.52,1342.73,1325.15,1305.56,31.96,2.448,1.35,135437.0
IXIC,20030303,1344.21,1316.85,1353.3101,1316.85,1337.52,-20.67,-1.5454,2.73,125349.0
IXIC,20030304,1320.28,1307.77,1321.89,1307.27,1316.85,-9.08,-0.6895,1.11,122183.0
IXIC,20030305,1305.28,1302.05,1317.6899,1302.05,1307.77,-5.72,-0.4374,1.2,136059.0
IXIC,20030306,1306.0699,1302.89,1312.61,1299.8101,1302.05,0.84,0.0645,0.98,126231.0
IXIC,20030307,1285.3,1305.29,1310.53,1280.72,1302.89,2.4,0.1842,2.29,143604.0
IXIC,20030310,1295.46,1277.18,1299.55,1277.18,1305.29,-28.11,-2.1535,1.71,111997.0
IXIC,20030311,1280.73,1271.47,1288.99,1269.48,1277.18,-5.71,-0.4471,1.53,125174.0
IXIC,20030312,1266.99,1279.24,1279.59,1253.22,1271.47,7.77,0.6111,2.07,153360.0
IXIC,20030313,1297.74,1340.77,1340.78,1290.59,1279.24,61.53,4.8099,3.92,178908.0
IXIC,20030314,1344.26,1340.33,1352.84,1329.97,1340.77,-0.44,-0.0328,1.71,161105.0
IXIC,20030317,1329.95,1392.27,1392.41,1326.28,1340.33,51.94,3.8752,4.93,188651.0
IXIC,20030318,1392.0,1400.55,1400.55,1378.83,1392.27,8.28,0.5947,1.56,163222.0
IXIC,20030319,1396.27,1378.57,1401.24,1378.5699,1400.55,-21.98,-1.5694,1.62,169467.0
IXIC,20030320,1385.66,1402.77,1411.41,1371.9,1378.57,24.2,1.7554,2.87,159674.0
IXIC,20030321,1422.0601,1421.84,1425.73,1403.15,1402.77,19.07,1.3595,1.61,191155.0
IXIC,20030324,1390.04,1369.78,1392.4,1368.37,1421.84,-52.06,-3.6615,1.69,131738.0
IXIC,20030325,1374.21,1369.32,1400.14,1369.3199,1369.78,-0.46,-0.0336,2.25,143724.0
IXIC,20030326,1390.27,1383.35,1397.9399,1383.35,1369.32,14.03,1.0246,1.07,141852.0
IXIC,20030327,1375.9,1369.31,1392.46,1369.31,1383.35,-14.04,-1.0149,1.67,144130.0
IXIC,20030328,1375.26,1367.89,1384.8199,1367.89,1369.31,-1.42,-0.1037,1.24,136488.0
IXIC,20030331,1351.61,1341.17,1357.0,1336.61,1367.89,-26.72,-1.9534,1.49,159628.0
IXIC,20030401,1347.54,1348.3,1356.37,1338.23,1341.17,7.13,0.5316,1.35,141211.0
IXIC,20030402,1374.71,1396.72,1400.86,1374.71,1348.3,48.42,3.5912,1.94,160969.0
IXIC,20030403,1404.99,1396.58,1412.08,1389.95,1396.72,-0.14,-0.01,1.58,144551.0
IXIC,20030404,1400.97,1383.51,1400.97,1378.22,1396.58,-13.07,-0.9359,1.63,136680.0
IXIC,20030407,1425.23,1389.51,1430.11,1389.51,1383.51,6.0,0.4337,2.93,151608.0
IXIC,20030408,1388.53,1382.94,1392.52,1376.6,1389.51,-6.57,-0.4728,1.15,131277.0
IXIC,20030409,1385.28,1356.74,1393.37,1356.6,1382.94,-26.2,-1.8945,2.66,131200.0
IXIC,20030410,1359.4301,1365.61,1368.11,1351.1,1356.74,8.87,0.6538,1.25,123541.0
IXIC,20030411,1379.48,1358.85,1387.33,1353.74,1365.61,-6.76,-0.495,2.46,123757.0
IXIC,20030414,1361.35,1359.32,1386.5,1359.3199,1358.85,0.47,0.0346,2.0,117364.0
IXIC,20030415,1381.67,1391.01,1394.03,1376.03,1359.32,31.69,2.3313,1.32,129590.0
IXIC,20030416,1411.7,1394.72,1418.52,1391.99,1391.01,3.71,0.2667,1.91,155160.0
IXIC,20030417,1395.62,1425.5,1425.5,1393.13,1394.72,30.78,2.2069,2.32,164400.0
IXIC,20030421,1425.96,1424.37,1432.08,1413.71,1425.5,-1.13,-0.0793,1.29,127117.0
IXIC,20030422,1417.0,1451.36,1452.34,1414.4,1424.37,26.99,1.8949,2.66,161431.0
IXIC,20030423,1453.95,1466.16,1468.08,1447.65,1451.36,14.8,1.0197,1.41,181802.0
IXIC,20030424,1453.23,1457.23,1465.92,1448.05,1466.16,-8.93,-0.6091,1.22,166154.0
IXIC,20030425,1451.13,1434.54,1452.17,1432.02,1457.23,-22.69,-1.5571,1.38,151573.0
IXIC,20030428,1437.86,1462.24,1465.4,1435.35,1434.54,27.7,1.9309,2.09,147775.0
IXIC,20030429,1468.03,1471.3,1482.49,1459.48,1462.24,9.06,0.6196,1.57,167060.0
IXIC,20030430,1467.84,1459.04,1472.6899,1459.04,1471.3,-12.26,-0.8333,0.93,161923.0
IXIC,20030501,1463.0,1451.32,1478.85,1451.3199,1459.04,-7.72,-0.5291,1.89,147386.0
IXIC,20030502,1470.09,1502.88,1504.22,1469.84,1451.32,51.56,3.5526,2.37,182612.0
IXIC,20030505,1508.3101,1504.04,1519.7,1502.66,1502.88,1.16,0.0772,1.13,193203.0
IXIC,20030506,1503.42,1503.31,1531.8199,1503.31,1504.04,-0.73,-0.0485,1.9,213972.0
IXIC,20030507,1513.48,1503.06,1523.91,1503.06,1503.31,-0.25,-0.0166,1.39,192772.0
IXIC,20030508,1492.49,1489.69,1504.04,1486.91,1503.06,-13.37,-0.8895,1.14,161900.0
IXIC,20030509,1500.65,1520.15,1520.15,1500.1,1489.69,30.46,2.0447,1.35,154519.0
IXIC,20030512,1518.52,1541.4,1544.41,1512.72,1520.15,21.25,1.3979,2.08,179694.0
IXIC,20030513,1533.14,1529.56,1548.59,1529.56,1541.4,-11.84,-0.7681,1.23,185623.0
IXIC,20030514,1545.88,1526.14,1549.9399,1526.14,1529.56,-3.42,-0.2236,1.56,181679.0
IXIC,20030515,1541.4301,1551.38,1552.98,1536.03,1526.14,25.24,1.6538,1.11,198213.0
IXIC,20030516,1544.84,1534.35,1550.4399,1534.35,1551.38,-17.03,-1.0977,1.04,178345.0
IXIC,20030519,1530.38,1492.77,1536.04,1492.46,1534.35,-41.58,-2.7099,2.84,168421.0
IXIC,20030520,1498.05,1480.13,1505.1801,1480.13,1492.77,-12.64,-0.8467,1.68,169975.0
IXIC,20030521,1488.27,1478.15,1490.8199,1478.15,1480.13,-1.98,-0.1338,0.86,158896.0
IXIC,20030522,1493.39,1507.55,1512.8,1489.08,1478.15,29.4,1.989,1.6,178387.0
IXIC,20030523,1506.64,1510.09,1514.49,1501.38,1507.55,2.54,0.1685,0.87,144877.0
IXIC,20030527,1504.87,1556.69,1558.28,1504.22,1510.09,46.6,3.0859,3.58,193276.0
IXIC,20030528,1560.11,1563.24,1571.85,1553.7,1556.69,6.55,0.4208,1.17,204227.0
IXIC,20030529,1565.38,1574.95,1591.26,1564.14,1563.24,11.71,0.7491,1.73,222888.0
IXIC,20030530,1583.23,1595.91,1599.92,1582.52,1574.95,20.96,1.3308,1.1,231466.0
IXIC,20030602,1612.1,1590.75,1620.79,1586.48,1595.91,-5.16,-0.3233,2.15,251753.0
IXIC,20030603,1589.72,1603.56,1603.74,1584.7,1590.75,12.81,0.8053,1.2,206788.0
IXIC,20030604,1604.84,1603.17,1638.5699,1603.17,1603.56,-0.39,-0.0243,2.21,251571.0
IXIC,20030605,1620.79,1646.01,1646.01,1613.99,1603.17,42.84,2.6722,2.0,244908.0
IXIC,20030606,1670.03,1625.18,1684.0601,1625.18,1646.01,-20.83,-1.2655,3.58,296261.0
IXIC,20030609,1623.0,1597.32,1625.61,1597.3199,1625.18,-27.86,-1.7143,1.74,185670.0
IXIC,20030610,1611.17,1627.67,1627.77,1606.08,1597.32,30.35,1.9001,1.36,179165.0
IXIC,20030611,1625.0,1612.22,1647.5699,1612.22,1627.67,-15.45,-0.9492,2.17,193220.0
IXIC,20030612,1653.05,1653.62,1661.12,1640.12,1612.22,41.4,2.5679,1.3,179070.0
IXIC,20030613,1656.61,1624.12,1660.4301,1624.12,1653.62,-29.5,-1.784,2.2,181314.0
IXIC,20030616,1633.8,1666.58,1667.77,1629.59,1624.12,42.46,2.6143,2.35,191256.0
IXIC,20030617,1673.1,1656.57,1674.09,1656.5699,1666.58,-10.01,-0.6006,1.05,196863.0
IXIC,20030618,1663.03,1677.14,1685.04,1653.25,1656.57,20.57,1.2417,1.92,208208.0
IXIC,20030619,1677.05,1648.64,1686.1,1646.79,1677.14,-28.5,-1.6993,2.34,195772.0
IXIC,20030620,1657.3101,1644.72,1660.47,1638.9301,1648.64,-3.92,-0.2378,1.31,176711.0
IXIC,20030623,1642.33,1610.75,1643.21,1601.45,1644.72,-33.97,-2.0654,2.54,169494.0
IXIC,20030624,1605.6899,1605.61,1622.47,1598.25,1610.75,-5.14,-0.3191,1.5,161951.0
IXIC,20030625,1608.5,1602.66,1629.97,1600.28,1605.61,-2.95,-0.1837,1.85,156362.0
IXIC,20030626,1611.3101,1634.01,1636.15,1606.47,1602.66,31.35,1.9561,1.85,156086.0
IXIC,20030627,1636.03,1625.26,1653.74,1621.25,1634.01,-8.75,-0.5355,1.99,155394.0
IXIC,20030630,1634.86,1621.44,1643.6801,1621.4399,1625.26,-3.82,-0.235,1.37,179282.0
IXIC,20030701,1617.3,1640.13,1641.77,1598.92,1621.44,18.69,1.1527,2.64,171182.0
IXIC,20030702,1648.13,1678.73,1678.77,1648.13,1640.13,38.6,2.3535,1.87,186665.0
IXIC,20030703,1665.95,1663.46,1683.77,1660.95,1678.73,-15.27,-0.9096,1.36,94491.0
IXIC,20030707,1685.41,1720.71,1721.25,1685.41,1663.46,57.25,3.4416,2.15,183638.0
IXIC,20030708,1715.99,1713.76,1747.4399,1713.76,1720.71,-6.95,-0.4039,1.96,201849.0
IXIC,20030709,1743.66,1735.3,1758.1801,1735.3,1713.76,21.54,1.2569,1.34,211362.0
IXIC,20030710,1731.35,1715.86,1735.13,1707.49,1735.3,-19.44,-1.1203,1.59,173380.0
IXIC,20030711,1720.98,1733.93,1737.41,1720.98,1715.86,18.07,1.0531,0.96,151688.0
IXIC,20030714,1757.4301,1754.82,1776.1,1748.88,1733.93,20.89,1.2048,1.57,197318.0
IXIC,20030715,1769.95,1753.21,1771.78,1742.1,1754.82,-1.61,-0.0917,1.69,191563.0
IXIC,20030716,1766.35,1747.97,1767.9,1734.14,1753.21,-5.24,-0.2989,1.93,192056.0
IXIC,20030717,1727.76,1698.02,1729.59,1693.47,1747.97,-49.95,-2.8576,2.07,191268.0
IXIC,20030718,1709.09,1688.82,1714.84,1688.8199,1698.02,-9.2,-0.5418,1.53,160289.0
IXIC,20030721,1706.15,1675.18,1706.29,1675.18,1688.82,-13.64,-0.8077,1.84,145931.0
IXIC,20030722,1695.02,1706.1,1710.34,1686.15,1675.18,30.92,1.8458,1.44,174972.0
IXIC,20030723,1710.8199,1719.18,1720.04,1695.2,1706.1,13.08,0.7667,1.46,183498.0
IXIC,20030724,1732.1899,1701.42,1740.8,1700.29,1719.18,-17.76,-1.0331,2.36,190124.0
IXIC,20030725,1703.58,1730.7,1730.91,1685.89,1701.42,29.28,1.7209,2.65,158798.0
IXIC,20030728,1734.6801,1735.36,1740.59,1726.24,1730.7,4.66,0.2693,0.83,153582.0
IXIC,20030729,1740.27,1731.37,1744.6,1713.21,1735.36,-3.99,-0.2299,1.81,170380.0
IXIC,20030730,1731.5699,1720.91,1733.4,1717.0699,1731.37,-10.46,-0.6041,0.94,151376.0
IXIC,20030731,1735.47,1735.02,1757.37,1728.34,1720.91,14.11,0.8199,1.69,185847.0
IXIC,20030801,1731.63,1715.62,1733.14,1714.01,1735.02,-19.4,-1.1181,1.1,148404.0
IXIC,20030804,1714.84,1714.06,1723.27,1687.77,1715.62,-1.56,-0.0909,2.07,157341.0
IXIC,20030805,1710.6899,1673.5,1711.11,1671.04,1714.06,-40.56,-2.3663,2.34,174338.0
IXIC,20030806,1664.26,1652.68,1675.46,1648.42,1673.5,-20.82,-1.2441,1.62,186227.0
IXIC,20030807,1651.46,1641.74,1658.4301,1641.74,1652.68,-10.94,-0.662,1.01,163804.0
IXIC,20030808,1659.0601,1644.03,1662.78,1640.88,1641.74,2.29,0.1395,1.33,133633.0
IXIC,20030811,1646.95,1646.59,1668.0601,1646.59,1644.03,2.56,0.1557,1.31,120378.0
IXIC,20030812,1666.61,1687.01,1687.48,1660.66,1646.59,40.42,2.4548,1.63,132984.0
IXIC,20030813,1693.36,1681.31,1695.83,1681.31,1687.01,-5.7,-0.3379,0.86,144920.0
IXIC,20030814,1688.13,1700.34,1700.34,1681.52,1681.31,19.03,1.1319,1.12,131157.0
IXIC,20030815,1697.75,1702.01,1705.33,1693.88,1700.34,1.67,0.0982,0.67,70395.0
IXIC,20030818,1707.17,1706.93,1739.59,1706.93,1702.01,4.92,0.2891,1.92,147631.0
IXIC,20030819,1747.0,1761.11,1761.63,1737.37,1706.93,54.18,3.1741,1.42,172439.0
IXIC,20030820,1749.08,1760.54,1768.52,1747.01,1761.11,-0.57,-0.0324,1.22,150676.0
IXIC,20030821,1771.39,1777.55,1783.64,1762.97,1760.54,17.01,0.9662,1.17,172247.0
IXIC,20030822,1804.8101,1765.32,1812.49,1765.3,1777.55,-12.23,-0.688,2.65,170520.0
IXIC,20030825,1763.78,1764.31,1768.12,1752.12,1765.32,-1.01,-0.0572,0.91,111784.0
IXIC,20030826,1756.08,1770.65,1771.22,1737.15,1764.31,6.34,0.3593,1.93,138286.0
IXIC,20030827,1767.78,1782.13,1783.12,1764.63,1770.65,11.48,0.6483,1.04,134973.0
IXIC,20030828,1787.77,1800.18,1800.65,1772.98,1782.13,18.05,1.0128,1.55,146651.0
IXIC,20030829,1796.1,1794.83,1813.8199,1794.83,1800.18,-5.35,-0.2972,1.05,120618.0
IXIC,20030902,1817.92,1841.48,1841.48,1804.3,1794.83,46.65,2.5991,2.07,177378.0
IXIC,20030903,1852.47,1852.9,1863.55,1846.51,1841.48,11.42,0.6202,0.93,233312.0
IXIC,20030904,1853.12,1868.97,1870.0,1848.95,1852.9,16.07,0.8673,1.14,188658.0
IXIC,20030905,1861.29,1850.69,1879.7,1850.6899,1868.97,-18.28,-0.9781,1.55,195204.0
IXIC,20030908,1863.88,1888.62,1888.65,1863.88,1850.69,37.93,2.0495,1.34,203294.0
IXIC,20030909,1883.0,1867.81,1886.27,1867.81,1888.62,-20.81,-1.1019,0.98,222016.0
IXIC,20030910,1859.21,1823.81,1859.21,1823.81,1867.81,-44.0,-2.3557,1.9,200160.0
IXIC,20030911,1830.4399,1846.09,1852.6,1819.42,1823.81,22.28,1.2216,1.82,174805.0
IXIC,20030912,1833.97,1855.03,1855.04,1821.98,1846.09,8.94,0.4843,1.79,171377.0
IXIC,20030915,1857.12,1843.79,1861.8101,1843.79,1855.03,-11.24,-0.6059,0.97,146395.0
IXIC,20030916,1848.41,1887.25,1887.87,1848.41,1843.79,43.46,2.3571,2.14,178877.0
IXIC,20030917,1884.1801,1883.1,1894.74,1876.24,1887.25,-4.15,-0.2199,0.98,190380.0
IXIC,20030918,1880.91,1909.55,1910.51,1874.3,1883.1,26.45,1.4046,1.92,201101.0
IXIC,20030919,1913.74,1895.93,1913.74,1895.93,1909.55,-13.62,-0.7133,0.93,188500.0
IXIC,20030922,1881.42,1874.62,1881.42,1866.88,1895.93,-21.31,-1.124,0.77,172008.0
IXIC,20030923,1877.4399,1901.72,1901.73,1875.15,1874.62,27.1,1.4456,1.42,186880.0
IXIC,20030924,1903.8101,1843.7,1904.13,1843.4301,1901.72,-58.02,-3.0509,3.19,220797.0
IXIC,20030925,1849.39,1817.24,1856.22,1817.2,1843.7,-26.46,-1.4352,2.12,203306.0
IXIC,20030926,1816.75,1792.07,1821.5699,1792.0601,1817.24,-25.17,-1.3851,1.62,184153.0
IXIC,20030929,1801.55,1786.57,1824.59,1786.5699,1792.07,-5.5,-0.3069,2.12,166693.0
IXIC,20030930,1812.8101,1786.94,1812.8101,1783.46,1786.57,0.37,0.0207,1.64,186424.0
IXIC,20031001,1797.0699,1832.25,1832.25,1796.09,1786.94,45.31,2.5356,2.02,182174.0
IXIC,20031002,1828.9399,1836.22,1842.55,1823.64,1832.25,3.97,0.2167,1.03,160409.0
IXIC,20031003,1864.54,1880.57,1891.62,1864.54,1836.22,44.35,2.4153,1.47,201458.0
IXIC,20031006,1884.64,1893.46,1894.22,1876.0,1880.57,12.89,0.6854,0.97,137581.0
IXIC,20031007,1882.92,1907.85,1907.88,1878.59,1893.46,14.39,0.76,1.55,184028.0
IXIC,20031008,1913.64,1893.78,1914.33,1888.53,1907.85,-14.07,-0.7375,1.35,180187.0
IXIC,20031009,1916.95,1899.21,1936.9301,1899.21,1893.78,5.43,0.2867,1.99,208346.0
IXIC,20031010,1915.52,1915.31,1921.14,1905.49,1899.21,16.1,0.8477,0.82,146499.0
IXIC,20031013,1924.0601,1933.53,1940.97,1921.96,1915.31,18.22,0.9513,0.99,149873.0
IXIC,20031014,1929.52,1943.19,1943.33,1922.8199,1933.53,9.66,0.4996,1.06,175729.0
IXIC,20031015,1966.38,1939.1,1966.87,1933.03,1943.19,-4.09,-0.2105,1.74,201719.0
IXIC,20031016,1931.99,1950.14,1951.76,1930.28,1939.1,11.04,0.5693,1.11,176587.0
IXIC,20031017,1947.2,1912.36,1949.6899,1910.24,1950.14,-37.78,-1.9373,2.02,174715.0
IXIC,20031020,1913.79,1925.14,1925.16,1905.39,1912.36,12.78,0.6683,1.03,153739.0
IXIC,20031021,1929.3101,1940.9,1944.34,1922.78,1925.14,15.76,0.8186,1.12,173574.0
IXIC,20031022,1923.33,1898.07,1923.33,1897.36,1940.9,-42.83,-2.2067,1.34,171146.0
IXIC,20031023,1879.12,1885.51,1893.2,1874.11,1898.07,-12.56,-0.6617,1.01,193709.0
IXIC,20031024,1863.3199,1865.59,1866.4301,1841.62,1885.51,-19.92,-1.0565,1.32,195704.0
IXIC,20031027,1876.03,1882.91,1890.66,1873.62,1865.59,17.32,0.9284,0.91,151868.0
IXIC,20031028,1893.28,1932.26,1932.26,1892.4301,1882.91,49.35,2.6209,2.12,207626.0
IXIC,20031029,1925.61,1923.56,1937.37,1923.56,1932.26,-8.7,-0.4503,0.71,196812.0
IXIC,20031030,1955.59,1932.69,1957.53,1929.77,1923.56,9.13,0.4746,1.44,215884.0
IXIC,20031031,1938.22,1928.67,1942.6801,1928.67,1932.69,-4.02,-0.208,0.72,183320.0
IXIC,20031103,1941.3101,1967.7,1969.26,1941.3101,1928.67,39.03,2.0237,1.45,208943.0
IXIC,20031104,1961.45,1953.64,1971.38,1953.64,1967.7,-14.06,-0.7145,0.9,208199.0
IXIC,20031105,1957.0,1959.37,1966.15,1938.22,1953.64,5.73,0.2933,1.43,201814.0
IXIC,20031106,1971.27,1976.37,1977.91,1953.34,1959.37,17.0,0.8676,1.25,214183.0
IXIC,20031107,1986.5601,1970.74,1992.27,1968.8101,1976.37,-5.63,-0.2849,1.19,195733.0
IXIC,20031110,1972.1,1941.64,1973.08,1939.73,1970.74,-29.1,-1.4766,1.69,175015.0
IXIC,20031111,1938.85,1930.75,1944.01,1923.5,1941.64,-10.89,-0.5609,1.06,163781.0
IXIC,20031112,1935.97,1973.11,1973.11,1935.86,1930.75,42.36,2.194,1.93,183719.0
IXIC,20031113,1964.4301,1967.35,1970.4,1956.41,1973.11,-5.76,-0.2919,0.71,187186.0
IXIC,20031114,1966.87,1930.26,1977.79,1930.26,1967.35,-37.09,-1.8853,2.42,182973.0
IXIC,20031117,1919.01,1909.61,1919.23,1890.72,1930.26,-20.65,-1.0698,1.48,186110.0
IXIC,20031118,1919.45,1881.75,1926.0,1881.75,1909.61,-27.86,-1.4589,2.32,189871.0
IXIC,20031119,1886.1801,1899.65,1903.4301,1880.3101,1881.75,17.9,0.9512,1.23,179801.0
IXIC,20031120,1886.63,1881.92,1916.55,1880.91,1899.65,-17.73,-0.9333,1.88,179910.0
IXIC,20031121,1891.84,1893.88,1896.41,1878.0699,1881.92,11.96,0.6355,0.97,162159.0
IXIC,20031124,1907.29,1947.14,1947.14,1907.29,1893.88,53.26,2.8122,2.1,179102.0
IXIC,20031125,1948.36,1943.04,1956.2,1942.02,1947.14,-4.1,-0.2106,0.73,183635.0
IXIC,20031126,1954.28,1953.31,1960.3101,1930.63,1943.04,10.27,0.5286,1.53,152479.0
IXIC,20031128,1950.21,1950.21,1963.0601,1950.21,1953.31,-3.1,-0.1587,0.66,70380.0
IXIC,20031201,1972.97,1989.82,1989.82,1968.54,1950.21,39.61,2.0311,1.09,184002.0
IXIC,20031202,1986.8,1980.07,1996.08,1978.23,1989.82,-9.75,-0.49,0.9,180276.0
IXIC,20031203,1989.14,1960.25,2000.92,1960.13,1980.07,-19.82,-1.001,2.06,224159.0
IXIC,20031204,1966.92,1968.8,1971.25,1942.67,1960.25,8.55,0.4362,1.46,211423.0
IXIC,20031205,1949.26,1937.82,1960.39,1935.58,1968.8,-30.98,-1.5735,1.26,166592.0
IXIC,20031208,1937.48,1926.94,1948.9399,1926.9399,1937.82,-10.88,-0.5615,1.14,158373.0
IXIC,20031209,1955.5,1908.32,1956.97,1906.84,1926.94,-18.62,-0.9663,2.6,181353.0
IXIC,20031210,1912.24,1904.65,1916.0,1887.46,1908.32,-3.67,-0.1923,1.5,194631.0
IXIC,20031211,1904.48,1942.32,1945.92,1903.9301,1904.65,37.67,1.9778,2.2,180755.0
IXIC,20031212,1947.26,1949.0,1949.02,1931.1,1942.32,6.68,0.3439,0.92,145710.0
IXIC,20031215,1978.77,1918.26,1979.78,1918.26,1949.0,-30.74,-1.5772,3.16,181550.0
IXIC,20031216,1918.0601,1924.29,1927.09,1901.66,1918.26,6.03,0.3143,1.33,181143.0
IXIC,20031217,1922.21,1921.33,1926.0,1910.24,1924.29,-2.96,-0.1538,0.82,150134.0
IXIC,20031218,1924.62,1956.18,1957.6801,1924.62,1921.33,34.85,1.8138,1.72,171408.0
IXIC,20031219,1963.28,1939.56,1963.28,1939.56,1956.18,-16.62,-0.8496,1.21,184457.0
IXIC,20031222,1946.1899,1955.8,1958.74,1941.62,1939.56,16.24,0.8373,0.88,128359.0
IXIC,20031223,1954.03,1952.44,1974.78,1952.4399,1955.8,-3.36,-0.1718,1.14,132100.0
IXIC,20031224,1969.71,1964.88,1974.3101,1964.88,1952.44,12.44,0.6372,0.48,64263.0
IXIC,20031226,1970.37,1973.14,1979.74,1970.37,1964.88,8.26,0.4204,0.48,53081.0
IXIC,20031229,1976.9301,2006.48,2006.48,1976.9301,1973.14,33.34,1.6897,1.5,141321.0
IXIC,20031230,2003.98,2009.88,2010.13,1997.8199,2006.48,3.4,0.1695,0.61,154427.0
IXIC,20031231,2010.64,2003.37,2015.23,1996.62,2009.88,-6.51,-0.3239,0.93,177571.0
IXIC,20040102,2011.08,2006.68,2022.37,1999.77,2003.37,3.31,0.1652,1.13,166678.0
IXIC,20040105,2020.78,2047.36,2047.36,2020.78,2006.68,40.68,2.0272,1.32,236291.0
IXIC,20040106,2044.55,2057.37,2061.54,2039.63,2047.36,10.01,0.4889,1.07,227322.0
IXIC,20040107,2056.75,2047.02,2078.0901,2047.02,2057.37,-10.35,-0.5031,1.51,229428.0
IXIC,20040108,2089.6001,2100.25,2100.25,2078.05,2047.02,53.23,2.6004,1.08,268395.0
IXIC,20040109,2083.6399,2086.92,2113.3301,2077.0901,2100.25,-13.33,-0.6347,1.73,248276.0
IXIC,20040112,2093.54,2085.15,2112.52,2085.1499,2086.92,-1.77,-0.0848,1.31,228401.0
IXIC,20040113,2113.1101,2096.44,2114.9099,2080.29,2085.15,11.29,0.5414,1.66,238570.0
IXIC,20040114,2104.29,2094.8,2111.73,2094.8,2096.44,-1.64,-0.0782,0.81,209997.0
IXIC,20040115,2101.8601,2109.08,2121.6101,2088.1001,2094.8,14.28,0.6817,1.6,223559.0
IXIC,20040116,2126.1201,2140.46,2140.47,2119.3501,2109.08,31.38,1.4879,1.0,261439.0
IXIC,20040120,2149.03,2130.2,2149.8501,2130.2,2140.46,-10.26,-0.4793,0.92,257419.0
IXIC,20040121,2139.3301,2142.45,2150.1101,2120.2,2130.2,12.25,0.5751,1.4,242186.0
IXIC,20040122,2146.3201,2119.01,2152.1201,2119.01,2142.45,-23.44,-1.0941,1.55,235337.0
IXIC,20040123,2124.76,2108.45,2138.4099,2108.45,2119.01,-10.56,-0.4983,1.41,225391.0
IXIC,20040126,2120.5601,2153.83,2153.8301,2115.3401,2108.45,45.38,2.1523,1.83,194605.0
IXIC,20040127,2148.05,2116.04,2152.75,2116.04,2153.83,-37.79,-1.7545,1.7,215126.0
IXIC,20040128,2125.02,2073.15,2128.0,2073.1499,2116.04,-42.89,-2.0269,2.59,231955.0
IXIC,20040129,2085.54,2041.07,2087.3301,2041.0699,2073.15,-32.08,-1.5474,2.23,263776.0
IXIC,20040130,2068.3601,2066.15,2078.8799,2058.54,2041.07,25.08,1.2288,1.0,193118.0
IXIC,20040202,2072.1299,2063.15,2085.49,2053.79,2066.15,-3.0,-0.1452,1.53,191568.0
IXIC,20040203,2061.28,2057.33,2071.4399,2057.33,2063.15,-5.82,-0.2821,0.68,184484.0
IXIC,20040204,2042.83,2013.92,2044.6801,2013.92,2057.33,-43.41,-2.11,1.5,226758.0
IXIC,20040205,2024.48,2019.56,2031.39,2012.79,2013.92,5.64,0.2801,0.92,195603.0
IXIC,20040206,2025.96,2064.01,2064.01,2025.91,2019.56,44.45,2.201,1.89,185551.0
IXIC,20040209,2069.29,2060.44,2074.27,2060.4399,2064.01,-3.57,-0.173,0.67,174535.0
IXIC,20040210,2061.1001,2075.33,2075.3301,2060.4399,2060.44,14.89,0.7227,0.72,165676.0
IXIC,20040211,2072.8999,2089.66,2089.66,2064.77,2075.33,14.33,0.6905,1.2,218570.0
IXIC,20040212,2084.02,2072.06,2091.22,2072.06,2089.66,-17.6,-0.8422,0.92,193769.0
IXIC,20040213,2080.1699,2053.56,2085.71,2049.76,2072.06,-18.5,-0.8928,1.73,181802.0
IXIC,20040217,2068.4199,2080.35,2084.72,2068.01,2053.56,26.79,1.3046,0.81,161806.0
IXIC,20040218,2084.23,2072.19,2088.51,2072.1899,2080.35,-8.16,-0.3922,0.78,178124.0
IXIC,20040219,2091.71,2045.96,2094.9199,2045.96,2072.19,-26.23,-1.2658,2.36,206554.0
IXIC,20040220,2052.1299,2037.93,2052.3601,2022.79,2045.96,-8.03,-0.3925,1.45,191433.0
IXIC,20040223,2044.41,2007.52,2045.1,1999.59,2037.93,-30.41,-1.4922,2.23,195333.0
IXIC,20040224,2000.75,1991.05,2018.0699,1991.05,2007.52,-16.47,-0.8204,1.35,206942.0
IXIC,20040225,2010.59,2022.98,2024.2,2007.73,1991.05,31.93,1.6037,0.83,170714.0
IXIC,20040226,2018.91,2032.57,2037.17,2012.83,2022.98,9.59,0.4741,1.2,175284.0
IXIC,20040227,2036.67,2029.82,2044.77,2018.83,2032.57,-2.75,-0.1353,1.28,187178.0
IXIC,20040301,2036.92,2057.8,2057.8,2032.64,2029.82,27.98,1.3784,1.24,169792.0
IXIC,20040302,2056.3799,2039.65,2064.3999,2039.65,2057.8,-18.15,-0.882,1.2,187195.0
IXIC,20040303,2037.11,2020.29,2039.3101,2020.29,2039.65,-19.36,-0.9492,0.93,181485.0
IXIC,20040304,2034.73,2031.84,2055.1201,2031.84,2020.29,11.55,0.5717,1.15,179907.0
IXIC,20040305,2037.33,2034.18,2069.02,2034.18,2031.84,2.34,0.1152,1.71,204523.0
IXIC,20040308,2052.0701,2008.78,2058.25,2008.78,2034.18,-25.4,-1.2487,2.43,204426.0
IXIC,20040309,2008.75,1995.16,2011.83,1987.29,2008.78,-13.62,-0.678,1.22,210545.0
IXIC,20040310,1997.11,1964.15,2007.25,1963.13,1995.16,-31.01,-1.5543,2.21,215982.0
IXIC,20040311,1953.59,1943.89,1982.58,1943.89,1964.15,-20.26,-1.0315,1.97,219137.0
IXIC,20040312,1961.0,1984.73,1984.73,1959.49,1943.89,40.84,2.1009,1.3,170713.0
IXIC,20040315,1977.78,1939.2,1977.78,1939.2,1984.73,-45.53,-2.294,1.94,172329.0
IXIC,20040316,1952.78,1927.69,1961.99,1927.6899,1939.2,-11.51,-0.5935,1.77,196364.0
IXIC,20040317,1956.52,1956.52,1980.3101,1956.52,1927.69,28.83,1.4956,1.23,167877.0
IXIC,20040318,1971.26,1947.56,1972.3101,1947.56,1956.52,-8.96,-0.458,1.27,167776.0
IXIC,20040319,1964.97,1940.47,1970.15,1940.47,1947.56,-7.09,-0.364,1.52,164568.0
IXIC,20040322,1929.02,1909.9,1929.28,1897.63,1940.47,-30.57,-1.5754,1.63,198224.0
IXIC,20040323,1923.23,1898.94,1928.61,1898.9399,1909.9,-10.96,-0.5739,1.55,183518.0
IXIC,20040324,1908.04,1909.48,1922.51,1896.91,1898.94,10.54,0.555,1.35,183944.0
IXIC,20040325,1923.22,1967.17,1967.17,1923.22,1909.48,57.69,3.0212,2.3,196862.0
IXIC,20040326,1963.52,1960.02,1976.76,1960.02,1967.17,-7.15,-0.3635,0.85,157982.0
IXIC,20040329,1975.4301,1992.57,1996.23,1975.4301,1960.02,32.55,1.6607,1.06,170600.0
IXIC,20040330,1985.67,1981.44,2000.6801,1981.4399,1992.57,-11.13,-0.5586,0.97,159855.0
IXIC,20040331,2001.09,1994.22,2004.0,1985.04,1981.44,12.78,0.645,0.96,186146.0
IXIC,20040401,1996.45,2015.01,2019.09,1996.45,1994.22,20.79,1.0425,1.14,183343.0
IXIC,20040402,2046.05,2037.19,2057.1699,2037.1899,2015.01,22.18,1.1007,0.99,218374.0
IXIC,20040405,2055.99,2055.05,2079.1201,2055.05,2037.19,17.86,0.8767,1.18,173630.0
IXIC,20040406,2064.1299,2059.9,2068.27,2053.3201,2055.05,4.85,0.236,0.73,181110.0
IXIC,20040407,2055.6101,2050.24,2060.4399,2038.74,2059.9,-9.66,-0.469,1.05,177496.0
IXIC,20040408,2074.5801,2052.88,2075.3301,2046.1,2050.24,2.64,0.1288,1.43,169414.0
IXIC,20040412,2057.6399,2065.48,2069.45,2057.6399,2052.88,12.6,0.6138,0.58,150136.0
IXIC,20040413,2072.95,2026.2,2073.4199,2026.2,2065.48,-39.28,-1.9017,2.29,195324.0
IXIC,20040414,2018.36,2024.85,2040.15,2013.98,2026.2,-1.35,-0.0666,1.29,183220.0
IXIC,20040415,2026.52,2002.17,2031.84,1989.21,2024.85,-22.68,-1.1201,2.11,195601.0
IXIC,20040416,2002.4301,1995.74,2007.17,1982.14,2002.17,-6.43,-0.3212,1.25,187042.0
IXIC,20040419,1995.37,2020.43,2020.45,1991.14,1995.74,24.69,1.2371,1.47,167283.0
IXIC,20040420,2022.62,1978.63,2032.41,1978.63,2020.43,-41.8,-2.0689,2.66,192174.0
IXIC,20040421,1987.22,1995.63,1995.91,1973.25,1978.63,17.0,0.8592,1.15,205397.0
IXIC,20040422,1992.65,2032.91,2035.39,1991.47,1995.63,37.28,1.8681,2.2,214787.0
IXIC,20040423,2045.92,2049.77,2051.75,2034.48,2032.91,16.86,0.8294,0.85,192730.0
IXIC,20040426,2052.25,2031.75,2059.0801,2031.75,2049.77,-18.02,-0.8791,1.33,172768.0
IXIC,20040427,2040.53,2027.64,2053.5701,2027.64,2031.75,-4.11,-0.2023,1.28,197161.0
IXIC,20040428,2026.4399,1989.54,2026.4399,1985.54,2027.64,-38.1,-1.879,2.02,203742.0
IXIC,20040429,1987.48,1958.78,1998.5,1946.1,1989.54,-30.76,-1.5461,2.63,237107.0
IXIC,20040430,1962.49,1920.15,1965.89,1919.39,1958.78,-38.63,-1.9721,2.37,217473.0
IXIC,20040503,1928.72,1938.72,1954.62,1926.09,1920.15,18.57,0.9671,1.49,193249.0
IXIC,20040504,1942.37,1950.48,1969.97,1933.6,1938.72,11.76,0.6066,1.88,185753.0
IXIC,20040505,1954.99,1957.26,1967.33,1948.51,1950.48,6.78,0.3476,0.96,158666.0
IXIC,20040506,1945.87,1937.74,1949.55,1923.3,1957.26,-19.52,-0.9973,1.34,175077.0
IXIC,20040507,1931.86,1917.96,1957.24,1917.96,1937.74,-19.78,-1.0208,2.03,163709.0
IXIC,20040510,1904.73,1880.32,1907.98,1880.3199,1917.96,-37.64,-1.9625,1.44,189563.0
IXIC,20040511,1909.5,1931.35,1931.48,1909.5,1880.32,51.03,2.7139,1.17,164522.0
IXIC,20040512,1924.3199,1925.59,1927.23,1878.77,1931.35,-5.76,-0.2982,2.51,188778.0
IXIC,20040513,1918.63,1926.03,1937.87,1914.1,1925.59,0.44,0.0229,1.23,155862.0
IXIC,20040514,1922.47,1897.57,1927.25,1897.5699,1926.03,-28.46,-1.4777,1.54,152636.0
IXIC,20040517,1881.0601,1876.64,1887.74,1865.4,1897.57,-20.93,-1.103,1.18,152889.0
IXIC,20040518,1892.29,1897.82,1903.39,1890.95,1876.64,21.18,1.1286,0.66,143510.0
IXIC,20040519,1917.58,1898.17,1936.04,1898.16,1897.82,0.35,0.0184,2.0,183496.0
IXIC,20040520,1902.78,1890.18,1912.02,1890.18,1898.17,-7.99,-0.4209,1.15,154090.0
IXIC,20040521,1910.04,1912.09,1918.08,1899.85,1890.18,21.91,1.1591,0.96,137662.0
IXIC,20040524,1924.87,1915.56,1934.41,1915.56,1912.09,3.47,0.1815,0.99,142208.0
IXIC,20040525,1920.9399,1964.65,1966.6801,1913.73,1915.56,49.09,2.5627,2.76,177060.0
IXIC,20040526,1961.16,1976.15,1976.16,1957.58,1964.65,11.5,0.5853,0.95,159103.0
IXIC,20040527,1982.77,1984.5,1991.87,1969.04,1976.15,8.35,0.4225,1.16,164126.0
IXIC,20040528,1985.54,1976.7,1990.8101,1976.7,1984.5,-7.8,-0.393,0.71,123319.0
IXIC,20040601,1978.52,1990.77,1991.29,1972.71,1976.7,14.07,0.7118,0.94,145903.0
IXIC,20040602,1995.1801,1988.98,1998.3199,1978.71,1990.77,-1.79,-0.0899,0.99,152012.0
IXIC,20040603,1983.86,1960.26,1983.86,1960.26,1988.98,-28.72,-1.444,1.19,152667.0
IXIC,20040604,1982.65,1978.62,1995.5,1978.04,1960.26,18.36,0.9366,0.89,141760.0
IXIC,20040607,1991.67,2020.62,2020.62,1991.42,1978.62,42.0,2.1227,1.48,148530.0
IXIC,20040608,2010.72,2023.53,2023.54,2008.3,2020.62,2.91,0.144,0.75,146479.0
IXIC,20040609,2015.04,1990.61,2019.22,1989.99,2023.53,-32.92,-1.6269,1.44,152020.0
IXIC,20040610,1996.8,1999.87,2000.99,1988.89,1990.61,9.26,0.4652,0.61,134564.0
IXIC,20040614,1987.75,1969.99,1987.83,1963.48,1999.87,-29.88,-1.4941,1.22,140263.0
IXIC,20040615,1982.41,1995.6,2006.58,1982.41,1969.99,25.61,1.3,1.23,152728.0
IXIC,20040616,1997.1,1990.57,2002.0699,1990.5699,1995.6,-5.03,-0.2521,0.58,135313.0
IXIC,20040617,1993.6899,1983.67,1993.9301,1976.25,1990.57,-6.9,-0.3466,0.89,144992.0
IXIC,20040618,1977.77,1986.73,2000.41,1973.91,1983.67,3.06,0.1543,1.34,169777.0
IXIC,20040621,1990.8199,1974.38,1995.0601,1972.4301,1986.73,-12.35,-0.6216,1.14,136300.0
IXIC,20040622,1975.51,1994.15,1994.87,1964.53,1974.38,19.77,1.0013,1.54,166089.0
IXIC,20040623,1992.05,2020.98,2023.23,1990.78,1994.15,26.83,1.3454,1.63,180356.0
IXIC,20040624,2020.11,2015.57,2032.21,2013.78,2020.98,-5.41,-0.2677,0.91,168569.0
IXIC,20040625,2016.74,2015.57,2033.87,2015.5699,2015.57,0.0,0.0,0.91,197210.0
IXIC,20040628,2038.98,2013.73,2039.9301,2013.73,2015.57,-1.84,-0.0913,1.3,161108.0
IXIC,20040629,2017.35,2034.93,2037.6,2017.35,2013.73,21.2,1.0528,1.01,158153.0
IXIC,20040630,2038.34,2031.88,2055.6499,2031.88,2034.93,-3.05,-0.1499,1.17,175416.0
IXIC,20040701,2045.53,2015.55,2045.53,2006.67,2031.88,-16.33,-0.8037,1.91,173931.0
IXIC,20040702,2014.09,2006.66,2014.74,1996.61,2015.55,-8.89,-0.4411,0.9,120023.0
IXIC,20040706,1994.7,1958.69,1995.4,1958.6899,2006.66,-47.97,-2.3905,1.83,192755.0
IXIC,20040707,1961.22,1966.08,1976.92,1960.78,1958.69,7.39,0.3773,0.82,176231.0
IXIC,20040708,1951.79,1934.57,1964.48,1934.5699,1966.08,-31.51,-1.6027,1.52,178915.0
IXIC,20040709,1946.49,1946.33,1961.11,1940.22,1934.57,11.76,0.6079,1.08,138875.0
IXIC,20040712,1936.17,1936.92,1941.24,1921.4,1946.33,-9.41,-0.4835,1.02,150400.0
IXIC,20040713,1940.3101,1931.66,1945.17,1930.59,1936.92,-5.26,-0.2716,0.75,149966.0
IXIC,20040714,1913.73,1908.98,1937.6801,1908.98,1931.66,-22.68,-1.1741,1.49,146180.0
IXIC,20040715,1920.14,1912.71,1925.76,1910.13,1908.98,3.73,0.1954,0.82,166994.0
IXIC,20040716,1926.1899,1883.15,1926.1899,1882.9301,1912.71,-29.56,-1.5455,2.26,209940.0
IXIC,20040719,1889.0601,1883.83,1893.8,1870.14,1883.15,0.68,0.0361,1.26,177462.0
IXIC,20040720,1886.6899,1917.07,1917.07,1885.8,1883.83,33.24,1.7645,1.66,162824.0
IXIC,20040721,1933.02,1874.37,1933.03,1874.37,1917.07,-42.7,-2.2274,3.06,210975.0
IXIC,20040722,1872.4301,1889.06,1892.98,1853.58,1874.37,14.69,0.7837,2.1,196457.0
IXIC,20040723,1874.46,1849.09,1874.46,1846.55,1889.06,-39.97,-2.1159,1.48,169791.0
IXIC,20040726,1852.42,1829.06,1860.12,1829.06,1849.09,-20.03,-1.0832,1.68,166706.0
IXIC,20040727,1844.28,1869.1,1872.17,1843.04,1829.06,40.04,2.1891,1.59,176940.0
IXIC,20040728,1861.37,1858.26,1869.0,1832.12,1869.1,-10.84,-0.58,1.97,184738.0
IXIC,20040729,1871.54,1881.06,1885.01,1867.62,1858.26,22.8,1.227,0.94,170335.0
IXIC,20040730,1878.54,1876.31,1896.3101,1876.31,1881.06,-4.75,-0.2525,1.06,150732.0
IXIC,20040802,1874.9301,1892.09,1893.13,1869.66,1876.31,15.78,0.841,1.25,153397.0
IXIC,20040803,1887.14,1859.17,1887.5699,1859.17,1892.09,-32.92,-1.7399,1.5,149448.0
IXIC,20040804,1850.78,1855.06,1864.8,1842.2,1859.17,-4.11,-0.2211,1.22,165939.0
IXIC,20040805,1856.99,1821.63,1859.77,1820.21,1855.06,-33.43,-1.8021,2.13,157466.0
IXIC,20040806,1805.95,1775.57,1806.28,1775.5699,1821.63,-46.06,-2.5285,1.69,169226.0
IXIC,20040809,1782.35,1774.48,1787.4399,1774.48,1775.57,-1.09,-0.0614,0.73,126349.0
IXIC,20040810,1782.3,1808.7,1808.7,1782.26,1774.48,34.22,1.9285,1.49,146846.0
IXIC,20040811,1778.4301,1782.42,1786.65,1760.5,1808.7,-26.28,-1.453,1.45,179426.0
IXIC,20040812,1770.6801,1752.49,1774.6801,1751.95,1782.42,-29.93,-1.6792,1.28,163266.0
IXIC,20040813,1762.46,1750.82,1768.63,1750.8199,1752.49,-1.67,-0.0953,1.02,134775.0
IXIC,20040816,1759.58,1782.84,1789.49,1759.58,1750.82,32.02,1.8289,1.71,128973.0
IXIC,20040817,1792.26,1795.25,1804.59,1791.95,1782.84,12.41,0.6961,0.71,139028.0
IXIC,20040818,1787.66,1831.37,1831.37,1784.6,1795.25,36.12,2.012,2.61,157505.0
IXIC,20040819,1825.91,1811.68,1829.13,1811.68,1831.37,-19.69,-1.0752,0.95,141673.0
IXIC,20040820,1819.54,1838.02,1843.12,1815.92,1811.68,26.34,1.4539,1.5,134265.0
IXIC,20040823,1843.79,1838.7,1848.12,1835.11,1838.02,0.68,0.037,0.71,122466.0
IXIC,20040824,1846.9301,1836.89,1850.29,1828.51,1838.7,-1.81,-0.0984,1.18,130109.0
IXIC,20040825,1836.72,1860.72,1861.79,1830.3,1836.89,23.83,1.2973,1.71,132064.0
IXIC,20040826,1855.77,1852.92,1860.39,1848.88,1860.72,-7.8,-0.4192,0.62,118383.0
IXIC,20040827,1855.03,1862.09,1866.25,1854.77,1852.92,9.17,0.4949,0.62,101107.0
IXIC,20040830,1855.78,1836.49,1855.78,1836.47,1862.09,-25.6,-1.3748,1.04,100764.0
IXIC,20040831,1837.54,1838.1,1842.15,1819.62,1836.49,1.61,0.0877,1.23,129891.0
IXIC,20040901,1833.37,1833.33,1859.4399,1833.33,1838.1,-4.77,-0.2595,1.42,142635.0
IXIC,20040902,1848.03,1873.43,1876.24,1846.95,1833.33,40.1,2.1873,1.6,120877.0
IXIC,20040903,1857.61,1840.94,1867.46,1840.9399,1873.43,-32.49,-1.7343,1.42,124461.0
IXIC,20040907,1856.0,1847.48,1865.4301,1847.48,1840.94,6.54,0.3553,0.98,132070.0
IXIC,20040908,1855.25,1850.64,1870.04,1850.05,1847.48,3.16,0.171,1.08,144254.0
IXIC,20040909,1858.51,1869.65,1875.39,1849.37,1850.64,19.01,1.0272,1.41,166379.0
IXIC,20040910,1870.33,1894.31,1895.78,1863.46,1869.65,24.66,1.319,1.73,160665.0
IXIC,20040913,1900.17,1910.38,1919.21,1897.73,1894.31,16.07,0.8483,1.13,174108.0
IXIC,20040914,1909.2,1915.4,1917.74,1901.77,1910.38,5.02,0.2628,0.84,150926.0
IXIC,20040915,1908.38,1896.52,1908.38,1892.08,1915.4,-18.88,-0.9857,0.85,157550.0
IXIC,20040916,1898.83,1904.08,1914.38,1898.36,1896.52,7.56,0.3986,0.84,132550.0
IXIC,20040917,1907.01,1910.09,1911.0,1896.67,1904.08,6.01,0.3156,0.75,164037.0
IXIC,20040920,1903.02,1908.07,1921.5,1900.24,1910.09,-2.02,-0.1058,1.11,156554.0
IXIC,20040921,1913.13,1909.43,1925.85,1909.43,1908.07,1.36,0.0713,0.86,153156.0
IXIC,20040922,1910.23,1885.71,1910.23,1884.85,1909.43,-23.72,-1.2423,1.33,158829.0
IXIC,20040923,1887.02,1883.32,1894.67,1883.3199,1885.71,-2.39,-0.1267,0.6,139681.0
IXIC,20040924,1888.89,1879.48,1897.42,1879.48,1883.32,-3.84,-0.2039,0.95,136009.0
IXIC,20040927,1871.16,1858.88,1871.9399,1858.88,1879.48,-20.6,-1.096,0.69,131679.0
IXIC,20040928,1865.88,1869.87,1873.86,1852.59,1858.88,10.99,0.5912,1.14,153698.0
IXIC,20040929,1870.61,1869.95,1894.0601,1869.95,1869.87,0.08,0.0043,1.29,163728.0
IXIC,20040930,1892.6,1887.68,1902.25,1887.68,1869.95,17.73,0.9482,0.78,165662.0
IXIC,20041001,1909.59,1908.57,1942.23,1908.5699,1887.68,20.89,1.1066,1.78,182030.0
IXIC,20041004,1954.59,1952.4,1965.76,1950.17,1908.57,43.83,2.2965,0.82,185497.0
IXIC,20041005,1950.23,1955.5,1960.9,1946.86,1952.4,3.1,0.1588,0.72,170960.0
IXIC,20041006,1953.91,1971.03,1971.04,1947.24,1955.5,15.53,0.7942,1.22,192287.0
IXIC,20041007,1967.37,1948.52,1970.26,1948.03,1971.03,-22.51,-1.142,1.13,173497.0
IXIC,20041008,1940.67,1919.97,1949.34,1917.72,1948.52,-28.55,-1.4652,1.62,166894.0
IXIC,20041011,1924.41,1928.76,1930.66,1920.76,1919.97,8.79,0.4578,0.52,117382.0
IXIC,20041012,1913.7,1925.17,1929.98,1904.11,1928.76,-3.59,-0.1861,1.34,150839.0
IXIC,20041013,1944.96,1920.53,1948.01,1914.46,1925.17,-4.64,-0.241,1.74,177612.0
IXIC,20041014,1920.58,1900.77,1921.8199,1900.77,1920.53,-19.76,-1.0289,1.1,159029.0
IXIC,20041015,1907.9301,1911.5,1923.92,1899.33,1900.77,10.73,0.5645,1.29,164828.0
IXIC,20041018,1909.78,1936.52,1936.52,1904.5,1911.5,25.02,1.3089,1.68,150500.0
IXIC,20041019,1944.41,1922.9,1952.85,1922.6,1936.52,-13.62,-0.7033,1.56,171333.0
IXIC,20041020,1920.0601,1932.97,1934.3199,1910.83,1922.9,10.07,0.5237,1.22,165047.0
IXIC,20041021,1940.11,1953.62,1957.48,1933.0,1932.97,20.65,1.0683,1.27,200600.0
IXIC,20041022,1952.36,1915.14,1952.54,1914.39,1953.62,-38.48,-1.9697,1.95,173796.0
IXIC,20041025,1911.08,1914.04,1920.71,1905.91,1915.14,-1.1,-0.0574,0.77,160383.0
IXIC,20041026,1915.15,1928.79,1928.8,1905.49,1914.04,14.75,0.7706,1.22,181255.0
IXIC,20041027,1928.0,1969.99,1971.28,1926.25,1928.79,41.2,2.1361,2.33,207592.0
IXIC,20041028,1963.36,1959.57,1980.36,1959.5699,1969.99,-10.42,-0.5289,1.06,182182.0
IXIC,20041029,1974.55,1963.83,1984.1801,1963.83,1959.57,4.26,0.2174,1.04,163995.0
IXIC,20041101,1975.48,1969.32,1983.91,1969.3199,1963.83,5.49,0.2796,0.74,152282.0
IXIC,20041102,1981.47,1978.64,2002.9301,1978.64,1969.32,9.32,0.4733,1.23,184508.0
IXIC,20041103,2014.45,2004.33,2020.03,1992.7,1978.64,25.69,1.2984,1.38,195740.0
IXIC,20041104,1998.15,1992.07,2023.72,1992.0699,2004.33,-12.26,-0.6117,1.58,182349.0
IXIC,20041105,2035.04,2038.94,2046.92,2025.63,1992.07,46.87,2.3528,1.07,190897.0
IXIC,20041108,2038.22,2039.25,2044.53,2033.79,2038.94,0.31,0.0152,0.53,160927.0
IXIC,20041109,2039.03,2043.33,2049.77,2034.41,2039.25,4.08,0.2001,0.75,169220.0
IXIC,20041110,2039.58,2034.56,2047.25,2032.37,2043.33,-8.77,-0.4292,0.73,185346.0
IXIC,20041111,2041.34,2039.74,2061.3999,2039.74,2034.56,5.18,0.2546,1.06,176476.0
IXIC,20041112,2065.3201,2085.34,2085.3401,2056.4099,2039.74,45.6,2.2356,1.42,200431.0
IXIC,20041115,2082.5901,2094.09,2094.1299,2078.8401,2085.34,8.75,0.4196,0.73,188826.0
IXIC,20041116,2087.0701,2078.62,2087.3,2073.3501,2094.09,-15.47,-0.7387,0.67,190108.0
IXIC,20041117,2090.9399,2099.68,2112.1799,2090.72,2078.62,21.06,1.0132,1.03,222337.0
IXIC,20041118,2096.1899,2104.28,2105.3899,2089.48,2099.68,4.6,0.2191,0.76,191543.0
IXIC,20041119,2100.45,2070.63,2102.6001,2070.6299,2104.28,-33.65,-1.5991,1.52,203371.0
IXIC,20041122,2066.3401,2085.19,2085.19,2052.8,2070.63,14.56,0.7032,1.56,189796.0
IXIC,20041123,2082.47,2084.28,2092.02,2068.98,2085.19,-0.91,-0.0436,1.1,205762.0
IXIC,20041124,2091.79,2102.54,2103.8,2090.2,2084.28,18.26,0.8761,0.65,163817.0
IXIC,20041126,2101.8101,2101.97,2110.3799,2101.8101,2102.54,-0.57,-0.0271,0.41,66776.0
IXIC,20041129,2110.9099,2106.87,2117.8899,2090.3501,2101.97,4.9,0.2331,1.31,184433.0
IXIC,20041130,2104.6699,2096.81,2107.45,2096.81,2106.87,-10.06,-0.4775,0.51,187876.0
IXIC,20041201,2104.5801,2138.23,2138.3201,2104.5801,2096.81,41.42,1.9754,1.61,228164.0
IXIC,20041202,2133.95,2131.65,2156.1399,2131.6499,2138.23,-6.58,-0.3077,1.15,240161.0
IXIC,20041203,2153.29,2145.72,2164.6299,2145.72,2131.65,14.07,0.6601,0.89,241093.0
IXIC,20041206,2145.4299,2151.25,2157.4299,2138.21,2145.72,5.53,0.2577,0.9,215025.0
IXIC,20041207,2154.1299,2114.66,2161.3,2114.6499,2151.25,-36.59,-1.7009,2.17,267152.0
IXIC,20041208,2118.1399,2126.11,2130.76,2110.5701,2114.66,11.45,0.5415,0.95,239086.0
IXIC,20041209,2109.55,2097.86,2134.23,2097.86,2126.11,-28.25,-1.3287,1.71,228415.0
IXIC,20041210,2121.1499,2128.07,2134.6001,2120.3301,2097.86,30.21,1.44,0.68,179484.0
IXIC,20041213,2141.2,2132.19,2148.5,2132.1899,2128.07,4.12,0.1936,0.77,207098.0
IXIC,20041214,2145.05,2159.84,2163.5,2145.05,2132.19,27.65,1.2968,0.87,222867.0
IXIC,20041215,2159.6799,2162.55,2171.27,2151.3101,2159.84,2.71,0.1255,0.92,233759.0
IXIC,20041216,2159.96,2138.81,2164.8,2138.81,2162.55,-23.74,-1.0978,1.2,239622.0
IXIC,20041217,2142.71,2135.05,2150.8501,2135.05,2138.81,-3.76,-0.1758,0.74,242308.0
IXIC,20041220,2142.21,2127.85,2154.48,2124.22,2135.05,-7.2,-0.3372,1.42,199146.0
IXIC,20041221,2134.75,2133.34,2151.71,2133.34,2127.85,5.49,0.258,0.86,197286.0
IXIC,20041222,2145.99,2145.18,2163.48,2145.1799,2133.34,11.84,0.555,0.86,180276.0
IXIC,20041223,2153.3101,2160.62,2168.78,2153.3101,2145.18,15.44,0.7198,0.72,143077.0
IXIC,20041227,2168.8201,2154.22,2171.9399,2147.5901,2160.62,-6.4,-0.2962,1.13,147870.0
IXIC,20041228,2156.75,2177.19,2177.19,2156.53,2154.22,22.97,1.0663,0.96,158755.0
IXIC,20041229,2170.99,2170.99,2182.3301,2170.99,2177.19,-6.2,-0.2848,0.52,150388.0
IXIC,20041230,2177.47,2176.4,2182.3701,2176.3999,2170.99,5.41,0.2492,0.27,140314.0
IXIC,20041231,2178.98,2174.63,2185.5601,2174.6299,2176.4,-1.77,-0.0813,0.5,136646.0
IXIC,20050103,2184.75,2148.72,2191.6001,2148.72,2174.63,-25.91,-1.1915,1.97,219313.0
IXIC,20050104,2158.3101,2107.86,2159.6399,2100.5601,2148.72,-40.86,-1.9016,2.75,269046.0
IXIC,20050105,2102.8999,2091.24,2116.75,2091.24,2107.86,-16.62,-0.7885,1.21,237538.0
IXIC,20050106,2098.51,2088.03,2103.8999,2088.03,2091.24,-3.21,-0.1535,0.76,217422.0
IXIC,20050107,2099.95,2076.69,2103.3899,2076.6899,2088.03,-11.34,-0.5431,1.28,219191.0
IXIC,20050110,2087.6201,2097.04,2111.4299,2086.6599,2076.69,20.35,0.9799,1.19,209827.0
IXIC,20050111,2089.0701,2079.62,2090.6201,2072.6201,2097.04,-17.42,-0.8307,0.86,221024.0
IXIC,20050112,2089.7,2066.79,2093.4399,2066.79,2079.62,-12.83,-0.6169,1.28,225767.0
IXIC,20050113,2093.54,2067.94,2094.8,2067.9399,2066.79,1.15,0.0556,1.3,211161.0
IXIC,20050114,2079.47,2075.47,2088.5801,2075.47,2067.94,7.53,0.3641,0.63,208486.0
IXIC,20050118,2081.8601,2106.04,2106.1899,2078.04,2075.47,30.57,1.4729,1.36,198384.0
IXIC,20050119,2105.74,2072.2,2105.8401,2072.2,2106.04,-33.84,-1.6068,1.6,221770.0
IXIC,20050120,2056.3799,2045.88,2065.5901,2045.88,2072.2,-26.32,-1.2701,0.95,223136.0
IXIC,20050121,2053.1499,2034.27,2058.0,2032.88,2045.88,-11.61,-0.5675,1.23,204377.0
IXIC,20050124,2040.13,2008.68,2043.97,2008.68,2034.27,-25.59,-1.2579,1.73,213468.0
IXIC,20050125,2022.08,2017.58,2037.1801,2017.58,2008.68,8.9,0.4431,0.98,200363.0
IXIC,20050126,2034.6899,2046.09,2049.3401,2028.1899,2017.58,28.51,1.4131,1.05,210507.0
IXIC,20050127,2042.77,2036.09,2053.9399,2036.09,2046.09,-10.0,-0.4887,0.87,210622.0
IXIC,20050128,2052.54,2024.36,2055.1299,2024.36,2036.09,-11.73,-0.5761,1.51,209815.0
IXIC,20050131,2053.47,2053.47,2063.1799,2053.47,2024.36,29.11,1.438,0.48,182380.0
IXIC,20050201,2063.27,2058.66,2071.52,2058.6599,2053.47,5.19,0.2527,0.63,190457.0
IXIC,20050202,2074.0601,2075.06,2079.5801,2064.2,2058.66,16.4,0.7966,0.75,196555.0
IXIC,20050203,2065.4399,2057.64,2066.9299,2049.25,2075.06,-17.42,-0.8395,0.85,196275.0
IXIC,20050204,2056.47,2086.66,2086.72,2056.29,2057.64,29.02,1.4104,1.48,194151.0
IXIC,20050207,2086.55,2075.41,2091.1699,2075.4099,2086.66,-11.25,-0.5391,0.76,169846.0
IXIC,20050208,2082.1101,2086.68,2095.6399,2080.4199,2075.41,11.27,0.543,0.73,194356.0
IXIC,20050209,2088.52,2051.0,2089.3799,2051.0,2086.68,-35.68,-1.7099,1.84,195881.0
IXIC,20050210,2058.53,2040.04,2059.6499,2040.04,2051.0,-10.96,-0.5344,0.96,208550.0
IXIC,20050211,2048.96,2076.66,2081.48,2039.72,2040.04,36.62,1.7951,2.05,216363.0
IXIC,20050214,2076.75,2074.81,2085.1201,2074.81,2076.66,-1.85,-0.0891,0.5,163964.0
IXIC,20050215,2083.6399,2089.21,2103.45,2081.46,2074.81,14.4,0.694,1.06,207159.0
IXIC,20050216,2082.46,2079.37,2093.3701,2079.37,2089.21,-9.84,-0.471,0.67,186507.0
IXIC,20050217,2088.6699,2061.34,2093.6799,2061.34,2079.37,-18.03,-0.8671,1.56,195046.0
IXIC,20050218,2065.1499,2058.62,2068.8899,2056.2,2061.34,-2.72,-0.132,0.62,161416.0
IXIC,20050222,2046.1801,2030.32,2064.6699,2030.17,2058.62,-28.3,-1.3747,1.68,205622.0
IXIC,20050223,2039.55,2031.25,2040.84,2024.64,2030.32,0.93,0.0458,0.8,187845.0
IXIC,20050224,2028.4301,2051.7,2051.8101,2023.0,2031.25,20.45,1.0068,1.42,203188.0
IXIC,20050225,2050.49,2065.4,2065.4,2047.23,2051.7,13.7,0.6677,0.89,177120.0
IXIC,20050228,2058.28,2051.72,2066.53,2038.77,2065.4,-13.68,-0.6623,1.34,213014.0
IXIC,20050301,2057.47,2057.19,2073.74,2057.1899,2051.72,5.47,0.2666,0.81,194118.0
IXIC,20050302,2060.3,2057.22,2084.1499,2057.22,2057.19,0.03,0.0015,1.31,200447.0
IXIC,20050303,2073.3301,2058.4,2074.71,2047.92,2057.22,1.18,0.0574,1.3,189588.0
IXIC,20050304,2071.1499,2070.61,2078.1399,2064.9299,2058.4,12.21,0.5932,0.64,182919.0
IXIC,20050307,2073.8999,2090.21,2100.5701,2073.8201,2070.61,19.6,0.9466,1.29,194919.0
IXIC,20050308,2087.1101,2073.55,2095.74,2072.5901,2090.21,-16.66,-0.797,1.11,169670.0
IXIC,20050309,2070.8501,2061.29,2079.3701,2060.23,2073.55,-12.26,-0.5913,0.92,189552.0
IXIC,20050310,2065.0901,2059.72,2067.21,2042.02,2061.29,-1.57,-0.0762,1.22,182579.0
IXIC,20050311,2063.5601,2041.6,2069.3999,2036.41,2059.72,-18.12,-0.8797,1.6,179209.0
IXIC,20050314,2043.64,2051.04,2051.04,2037.41,2041.6,9.44,0.4624,0.67,170772.0
IXIC,20050315,2057.1699,2034.98,2059.0701,2034.41,2051.04,-16.06,-0.783,1.2,183879.0
IXIC,20050316,2028.29,2015.75,2037.96,2011.67,2034.98,-19.23,-0.945,1.29,196969.0
IXIC,20050317,2016.91,2016.42,2023.67,2010.52,2015.75,0.67,0.0332,0.65,174512.0
IXIC,20050318,2018.41,2007.79,2020.4,1999.98,2016.42,-8.63,-0.428,1.01,210698.0
IXIC,20050321,2008.16,2007.51,2011.39,1993.76,2007.79,-0.28,-0.0139,0.88,161100.0
IXIC,20050322,2007.72,1989.34,2017.66,1988.86,2007.51,-18.17,-0.9051,1.43,180595.0
IXIC,20050323,1985.49,1985.22,1999.4301,1985.22,1989.34,-4.12,-0.2071,0.71,174115.0
IXIC,20050324,1997.48,1991.06,2008.63,1991.06,1985.22,5.84,0.2942,0.89,169793.0
IXIC,20050328,1998.76,1992.52,2005.49,1992.52,1991.06,1.46,0.0733,0.65,148762.0
IXIC,20050329,1990.27,1973.88,2002.65,1968.58,1992.52,-18.64,-0.9355,1.71,179784.0
IXIC,20050330,1980.0699,2005.67,2005.67,1980.0699,1973.88,31.79,1.6105,1.3,175361.0
IXIC,20050331,2005.71,1999.23,2006.62,1994.8,2005.67,-6.44,-0.3211,0.59,168697.0
IXIC,20050401,2009.09,1982.19,2015.18,1982.1899,1999.23,-17.04,-0.8523,1.65,186969.0
IXIC,20050404,1983.8101,1991.07,1995.8,1972.0699,1982.19,8.88,0.448,1.2,158931.0
IXIC,20050405,1994.38,1999.32,2002.35,1991.88,1991.07,8.25,0.4144,0.53,164751.0
IXIC,20050406,2004.25,1999.14,2017.08,1996.91,1999.32,-0.18,-0.009,1.01,174640.0
IXIC,20050407,1999.61,2018.79,2018.79,1998.14,1999.14,19.65,0.9829,1.03,171427.0
IXIC,20050408,2018.42,1999.33,2021.8199,1999.33,2018.79,-19.46,-0.9639,1.11,151634.0
IXIC,20050411,2004.16,1992.12,2006.24,1991.21,1999.33,-7.21,-0.3606,0.75,138249.0
IXIC,20050412,1988.33,2005.4,2007.24,1970.01,1992.12,13.28,0.6666,1.87,193187.0
IXIC,20050413,2000.46,1974.37,2001.3,1972.1,2005.4,-31.03,-1.5473,1.46,170545.0
IXIC,20050414,1974.1801,1946.71,1975.42,1946.58,1974.37,-27.66,-1.401,1.46,193006.0
IXIC,20050415,1932.96,1908.15,1940.15,1906.71,1946.71,-38.56,-1.9808,1.72,231462.0
IXIC,20050418,1906.4301,1912.92,1921.6899,1904.27,1908.15,4.77,0.25,0.91,184036.0
IXIC,20050419,1922.8199,1932.36,1933.21,1918.15,1912.92,19.44,1.0162,0.79,179283.0
IXIC,20050420,1944.64,1913.76,1945.6,1912.35,1932.36,-18.6,-0.9626,1.72,200495.0
IXIC,20050421,1931.85,1962.41,1962.41,1928.52,1913.76,48.65,2.5421,1.77,195149.0
IXIC,20050422,1953.58,1932.19,1953.77,1921.38,1962.41,-30.22,-1.5399,1.65,180273.0
IXIC,20050425,1942.02,1950.78,1954.87,1938.45,1932.19,18.59,0.9621,0.85,144242.0
IXIC,20050426,1943.75,1927.44,1958.58,1927.4399,1950.78,-23.34,-1.1964,1.6,167004.0
IXIC,20050427,1919.42,1930.43,1937.15,1913.14,1927.44,2.99,0.1551,1.25,176421.0
IXIC,20050428,1922.03,1904.08,1927.3101,1904.08,1930.43,-26.35,-1.365,1.2,186134.0
IXIC,20050429,1917.64,1921.65,1921.77,1889.83,1904.08,17.57,0.9228,1.68,203955.0
IXIC,20050502,1923.23,1928.65,1933.42,1916.03,1921.65,7.0,0.3643,0.9,154775.0
IXIC,20050503,1924.78,1933.07,1944.53,1924.78,1928.65,4.42,0.2292,1.02,186814.0
IXIC,20050504,1937.79,1962.23,1963.26,1935.24,1933.07,29.16,1.5085,1.45,187782.0
IXIC,20050505,1960.38,1961.8,1969.29,1951.49,1962.23,-0.43,-0.0219,0.91,171988.0
IXIC,20050506,1972.66,1967.35,1973.5,1960.76,1961.8,5.55,0.2829,0.65,151112.0
IXIC,20050509,1967.74,1979.67,1979.67,1960.27,1967.35,12.32,0.6262,0.99,144101.0
IXIC,20050510,1968.08,1962.77,1971.25,1957.29,1979.67,-16.9,-0.8537,0.71,159552.0
IXIC,20050511,1966.0601,1971.55,1972.52,1943.89,1962.77,8.78,0.4473,1.46,171616.0
IXIC,20050512,1970.8,1963.88,1982.2,1956.45,1971.55,-7.67,-0.389,1.31,178343.0
IXIC,20050513,1978.28,1976.78,1990.0,1964.77,1963.88,12.9,0.6569,1.28,187898.0
IXIC,20050516,1976.38,1994.43,1994.47,1973.67,1976.78,17.65,0.8929,1.05,139029.0
IXIC,20050517,1986.16,1980.94,2004.15,1980.9399,1994.43,-13.49,-0.6764,1.16,152051.0
IXIC,20050518,2008.63,2030.65,2034.3,2007.2,1980.94,49.71,2.5094,1.37,195788.0
IXIC,20050519,2032.09,2030.05,2042.6801,2030.05,2030.65,-0.6,-0.0295,0.62,170058.0
IXIC,20050520,2040.63,2046.42,2046.42,2033.35,2030.05,16.37,0.8064,0.64,149272.0
IXIC,20050523,2045.6899,2056.65,2062.95,2045.6899,2046.42,10.23,0.4999,0.84,162013.0
IXIC,20050524,2052.28,2061.62,2062.52,2049.77,2056.65,4.97,0.2417,0.62,169594.0
IXIC,20050525,2055.78,2050.12,2055.78,2041.95,2061.62,-11.5,-0.5578,0.67,149300.0
IXIC,20050526,2057.99,2071.24,2072.54,2057.8,2050.12,21.12,1.0302,0.72,159646.0
IXIC,20050527,2068.53,2075.73,2076.8,2064.99,2071.24,4.49,0.2168,0.57,123735.0
IXIC,20050531,2073.9199,2068.22,2076.01,2065.02,2075.73,-7.51,-0.3618,0.53,157874.0
IXIC,20050601,2067.23,2087.86,2095.54,2067.23,2068.22,19.64,0.9496,1.37,177971.0
IXIC,20050602,2081.6899,2097.8,2097.8,2081.6899,2087.86,9.94,0.4761,0.77,174662.0
IXIC,20050603,2094.1799,2071.43,2095.99,2069.1699,2097.8,-26.37,-1.257,1.28,163790.0
IXIC,20050606,2072.3601,2075.76,2078.6101,2066.3601,2071.43,4.33,0.209,0.59,147715.0
IXIC,20050607,2079.0601,2067.16,2095.96,2067.1399,2075.76,-8.6,-0.4143,1.39,184653.0
IXIC,20050608,2073.21,2057.58,2074.6101,2057.58,2067.16,-9.58,-0.4634,0.82,160254.0
IXIC,20050609,2059.5801,2076.91,2077.47,2052.96,2057.58,19.33,0.9395,1.19,166667.0
IXIC,20050610,2076.25,2055.94,2076.25,2055.9399,2076.91,-20.97,-1.0097,0.98,144938.0
IXIC,20050613,2059.96,2068.96,2078.26,2058.72,2055.94,13.02,0.6333,0.95,143213.0
IXIC,20050614,2068.04,2064.08,2074.78,2064.08,2068.96,-4.88,-0.2359,0.52,140585.0
IXIC,20050615,2076.73,2053.39,2079.1299,2053.3899,2064.08,-10.69,-0.5179,1.25,167267.0
IXIC,20050616,2076.27,2089.15,2089.51,2073.29,2053.39,35.76,1.7415,0.79,179302.0
IXIC,20050617,2098.3301,2090.11,2098.53,2085.24,2089.15,0.96,0.046,0.64,199328.0
IXIC,20050620,2081.05,2076.42,2096.77,2076.4199,2090.11,-13.69,-0.655,0.97,140811.0
IXIC,20050621,2087.6299,2091.07,2095.6899,2083.5901,2076.42,14.65,0.7055,0.58,155748.0
IXIC,20050622,2097.05,2092.03,2102.75,2083.76,2091.07,0.96,0.0459,0.91,166844.0
IXIC,20050623,2093.9099,2070.66,2106.5701,2070.5701,2092.03,-21.37,-1.0215,1.72,200948.0
IXIC,20050624,2070.3301,2053.27,2071.52,2050.76,2070.66,-17.39,-0.8398,1.0,215100.0
IXIC,20050627,2050.3,2039.69,2054.47,2039.6899,2053.27,-13.58,-0.6614,0.72,144830.0
IXIC,20050628,2051.77,2050.98,2072.5801,2050.98,2039.69,11.29,0.5535,1.06,158420.0
IXIC,20050629,2074.4399,2068.89,2076.02,2066.45,2050.98,17.91,0.8732,0.47,164036.0
IXIC,20050630,2072.05,2056.24,2076.1599,2056.24,2068.89,-12.65,-0.6114,0.96,173150.0
IXIC,20050701,2060.97,2053.06,2064.8101,2053.06,2056.24,-3.18,-0.1547,0.57,117620.0
IXIC,20050705,2052.1001,2078.75,2079.6001,2052.1001,2053.06,25.69,1.2513,1.34,144030.0
IXIC,20050706,2076.8999,2068.65,2084.76,2068.4199,2078.75,-10.1,-0.4859,0.79,159208.0
IXIC,20050707,2051.43,2050.3,2076.4299,2050.3,2068.65,-18.35,-0.8871,1.26,161786.0
IXIC,20050708,2077.8999,2112.88,2113.9099,2076.53,2050.3,62.58,3.0522,1.82,168528.0
IXIC,20050711,2116.16,2115.57,2135.6899,2115.57,2112.88,2.69,0.1273,0.95,177080.0
IXIC,20050712,2132.57,2128.82,2149.78,2128.82,2115.57,13.25,0.6263,0.99,165752.0
IXIC,20050713,2142.6001,2144.11,2146.5601,2136.3701,2128.82,15.29,0.7182,0.48,154000.0
IXIC,20050714,2156.5601,2152.82,2164.1799,2148.6101,2144.11,8.71,0.4062,0.73,187231.0
IXIC,20050715,2152.97,2145.18,2160.6399,2145.1799,2152.82,-7.64,-0.3549,0.72,153496.0
IXIC,20050718,2151.8401,2144.87,2153.52,2144.78,2145.18,-0.31,-0.0145,0.41,130727.0
IXIC,20050719,2156.77,2154.36,2173.8701,2154.36,2144.87,9.49,0.4425,0.91,163267.0
IXIC,20050720,2158.97,2158.09,2191.0901,2158.09,2154.36,3.73,0.1731,1.53,195707.0
IXIC,20050721,2192.38,2171.98,2193.1899,2171.98,2158.09,13.89,0.6436,0.98,203488.0
IXIC,20050722,2176.1399,2179.74,2182.6399,2165.4399,2171.98,7.76,0.3573,0.79,166036.0
IXIC,20050725,2178.87,2165.93,2186.46,2165.9299,2179.74,-13.81,-0.6336,0.94,152302.0
IXIC,20050726,2170.6001,2175.99,2181.1399,2167.0901,2165.93,10.06,0.4645,0.65,165184.0
IXIC,20050727,2178.77,2167.88,2187.1499,2167.8799,2175.99,-8.11,-0.3727,0.89,175007.0
IXIC,20050728,2188.29,2198.44,2198.52,2183.27,2167.88,30.56,1.4097,0.7,168387.0
IXIC,20050729,2195.47,2184.43,2201.3899,2184.4299,2198.44,-14.01,-0.6373,0.77,161395.0
IXIC,20050801,2191.1,2189.08,2201.8701,2189.08,2184.43,4.65,0.2129,0.59,149268.0
IXIC,20050802,2197.79,2218.15,2219.0,2197.79,2189.08,29.07,1.328,0.97,173502.0
IXIC,20050803,2211.0901,2216.81,2219.9099,2209.3999,2218.15,-1.34,-0.0604,0.47,175244.0
IXIC,20050804,2208.3301,2191.32,2209.3701,2190.3,2216.81,-25.49,-1.1499,0.86,159138.0
IXIC,20050805,2189.4199,2177.91,2195.1001,2175.9099,2191.32,-13.41,-0.612,0.88,147174.0
IXIC,20050808,2182.84,2163.5,2185.5601,2163.5,2177.91,-14.41,-0.6616,1.01,143101.0
IXIC,20050809,2170.4399,2174.19,2181.27,2167.8799,2163.5,10.69,0.4941,0.62,146047.0
IXIC,20050810,2178.0701,2157.81,2185.9099,2152.8201,2174.19,-16.38,-0.7534,1.52,181768.0
IXIC,20050811,2158.3,2174.55,2174.55,2156.97,2157.81,16.74,0.7758,0.81,158209.0
IXIC,20050812,2158.9399,2156.9,2161.0701,2144.6001,2174.55,-17.65,-0.8117,0.76,155141.0
IXIC,20050815,2153.3,2147.85,2173.6599,2147.85,2156.9,-9.05,-0.4196,1.2,138046.0
IXIC,20050816,2160.97,2137.06,2161.46,2136.49,2147.85,-10.79,-0.5024,1.16,154032.0
IXIC,20050817,2139.3601,2145.15,2153.04,2137.1799,2137.06,8.09,0.3786,0.74,151801.0
IXIC,20050818,2139.3999,2136.08,2146.49,2133.0801,2145.15,-9.07,-0.4228,0.63,139178.0
IXIC,20050819,2136.8,2134.99,2143.9199,2134.99,2136.08,-1.09,-0.051,0.42,120527.0
IXIC,20050822,2140.63,2129.46,2151.8401,2129.46,2134.99,-5.53,-0.259,1.05,135165.0
IXIC,20050823,2142.29,2137.25,2145.71,2131.02,2129.46,7.79,0.3658,0.69,134127.0
IXIC,20050824,2133.1699,2128.91,2156.1299,2127.3,2137.25,-8.34,-0.3902,1.35,171858.0
IXIC,20050825,2131.3,2134.37,2138.46,2129.46,2128.91,5.46,0.2565,0.42,130758.0
IXIC,20050826,2132.33,2118.04,2133.1699,2118.04,2134.37,-16.33,-0.7651,0.71,126113.0
IXIC,20050829,2112.4399,2137.65,2139.3999,2112.25,2118.04,19.61,0.9259,1.28,126856.0
IXIC,20050830,2130.8799,2129.76,2132.21,2118.27,2137.65,-7.89,-0.3691,0.65,143640.0
IXIC,20050831,2130.8101,2152.09,2152.0901,2124.0801,2129.76,22.33,1.0485,1.32,163178.0
IXIC,20050901,2149.03,2142.32,2157.3201,2142.32,2152.09,-9.77,-0.454,0.7,162332.0
IXIC,20050902,2150.52,2141.07,2152.22,2139.28,2142.32,-1.25,-0.0583,0.6,113045.0
IXIC,20050906,2147.3101,2166.86,2167.1001,2147.3101,2141.07,25.79,1.2045,0.92,140319.0
IXIC,20050907,2164.1399,2172.03,2172.3899,2158.6101,2166.86,5.17,0.2386,0.64,148082.0
IXIC,20050908,2166.07,2161.29,2173.8501,2161.29,2172.03,-10.74,-0.4945,0.58,157807.0
IXIC,20050909,2168.8999,2175.51,2177.23,2164.4099,2161.29,14.22,0.6579,0.59,161754.0
IXIC,20050912,2176.05,2175.23,2186.8301,2175.23,2175.51,-0.28,-0.0129,0.53,172354.0
IXIC,20050913,2177.95,2167.83,2185.8899,2167.83,2175.23,-7.4,-0.3402,0.83,172457.0
IXIC,20050914,2173.6201,2149.33,2174.01,2149.1899,2167.83,-18.5,-0.8534,1.14,169825.0
IXIC,20050915,2153.75,2146.15,2155.75,2142.73,2149.33,-3.18,-0.148,0.61,174466.0
IXIC,20050916,2154.3,2146.79,2160.8301,2146.79,2146.15,0.64,0.0298,0.65,226903.0
IXIC,20050919,2157.3701,2145.26,2159.49,2139.8899,2146.79,-1.53,-0.0713,0.91,160414.0
IXIC,20050920,2149.4399,2131.33,2162.1399,2127.48,2145.26,-13.93,-0.6493,1.62,184567.0
IXIC,20050921,2129.6499,2106.64,2129.96,2106.6399,2131.33,-24.69,-1.1584,1.09,177237.0
IXIC,20050922,2104.3899,2110.78,2114.5901,2093.0601,2106.64,4.14,0.1965,1.02,169293.0
IXIC,20050923,2105.3701,2116.84,2121.05,2099.95,2110.78,6.06,0.2871,1.0,160412.0
IXIC,20050926,2127.8999,2121.46,2132.6001,2112.27,2116.84,4.62,0.2183,0.96,150241.0
IXIC,20050927,2123.6499,2116.42,2125.8999,2109.05,2121.46,-5.04,-0.2376,0.79,165866.0
IXIC,20050928,2122.1899,2115.4,2127.49,2109.75,2116.42,-1.02,-0.0482,0.84,170385.0
IXIC,20050929,2114.1,2107.7,2141.4299,2107.7,2115.4,-7.7,-0.364,1.59,180152.0
IXIC,20050930,2140.1699,2151.69,2151.69,2138.23,2107.7,43.99,2.0871,0.64,161097.0
IXIC,20051003,2151.74,2151.74,2162.79,2151.74,2151.69,0.05,0.0023,0.51,179442.0
IXIC,20051004,2156.26,2139.36,2167.0,2139.0,2151.74,-12.38,-0.5753,1.3,200530.0
IXIC,20051005,2139.1599,2103.02,2139.6001,2103.02,2139.36,-36.34,-1.6986,1.71,192390.0
IXIC,20051006,2104.9199,2084.08,2110.8301,2069.04,2103.02,-18.94,-0.9006,1.99,210736.0
IXIC,20051007,2091.1201,2090.35,2097.4199,2082.4399,2084.08,6.27,0.3009,0.72,144478.0
IXIC,20051010,2091.6799,2078.92,2093.23,2078.1101,2090.35,-11.43,-0.5468,0.72,137921.0
IXIC,20051011,2084.3799,2061.09,2085.6101,2058.1899,2078.92,-17.83,-0.8577,1.32,185196.0
IXIC,20051012,2055.4399,2037.47,2064.6599,2032.79,2061.09,-23.62,-1.146,1.55,201475.0
IXIC,20051013,2033.86,2047.22,2051.23,2025.58,2037.47,9.75,0.4785,1.26,177759.0
IXIC,20051014,2054.5,2064.83,2064.95,2042.54,2047.22,17.61,0.8602,1.09,155543.0
IXIC,20051017,2064.9,2054.19,2071.25,2054.1899,2064.83,-10.64,-0.5153,0.83,126603.0
IXIC,20051018,2069.3201,2056.0,2072.5,2055.96,2054.19,1.81,0.0881,0.81,146073.0
IXIC,20051019,2048.6599,2091.24,2091.24,2042.03,2056.0,35.24,1.714,2.39,189330.0
IXIC,20051020,2087.8,2058.52,2096.4299,2058.52,2091.24,-32.72,-1.5646,1.81,179793.0
IXIC,20051021,2083.8401,2082.21,2091.4399,2074.2,2058.52,23.69,1.1508,0.84,177070.0
IXIC,20051024,2089.51,2083.98,2115.8799,2083.98,2082.21,1.77,0.085,1.53,155147.0
IXIC,20051025,2108.87,2094.79,2116.4199,2094.79,2083.98,10.81,0.5187,1.04,159912.0
IXIC,20051026,2102.48,2098.15,2121.3601,2098.1499,2094.79,3.36,0.1604,1.11,183200.0
IXIC,20051027,2095.8501,2063.81,2098.04,2063.81,2098.15,-34.34,-1.6367,1.63,171860.0
IXIC,20051028,2073.8501,2089.88,2089.88,2064.9199,2063.81,26.07,1.2632,1.21,188656.0
IXIC,20051031,2094.3701,2120.3,2125.73,2094.3701,2089.88,30.42,1.4556,1.5,186976.0
IXIC,20051101,2109.8899,2114.05,2121.25,2108.8601,2120.3,-6.25,-0.2948,0.58,190323.0
IXIC,20051102,2110.75,2110.75,2144.5601,2110.75,2114.05,-3.3,-0.1561,1.6,217329.0
IXIC,20051103,2157.3,2160.22,2169.98,2153.2,2110.75,49.47,2.3437,0.79,234625.0
IXIC,20051104,2165.1001,2169.43,2172.6799,2156.6001,2160.22,9.21,0.4263,0.74,169961.0
IXIC,20051107,2174.84,2165.82,2182.0901,2165.82,2169.43,-3.61,-0.1664,0.75,162112.0
IXIC,20051108,2172.3701,2172.07,2180.79,2166.25,2165.82,6.25,0.2886,0.67,159937.0
IXIC,20051109,2171.7,2166.16,2182.8999,2166.1599,2172.07,-5.91,-0.2721,0.77,159418.0
IXIC,20051110,2175.2,2162.65,2196.75,2162.6499,2166.16,-3.51,-0.162,1.57,193803.0
IXIC,20051111,2198.3,2198.26,2205.3601,2198.26,2162.65,35.61,1.6466,0.33,145490.0
IXIC,20051114,2203.1,2197.12,2206.8799,2197.12,2198.26,-1.14,-0.0519,0.44,138536.0
IXIC,20051115,2199.3899,2186.74,2204.6899,2181.9199,2197.12,-10.38,-0.4724,1.04,168481.0
IXIC,20051116,2189.59,2176.54,2191.1899,2176.54,2186.74,-10.2,-0.4664,0.67,172176.0
IXIC,20051117,2196.6,2194.66,2220.46,2194.6599,2176.54,18.12,0.8325,1.19,180986.0
IXIC,20051118,2232.3601,2227.07,2234.3,2218.8101,2194.66,32.41,1.4768,0.71,199385.0
IXIC,20051121,2226.6201,2241.67,2242.3,2219.25,2227.07,14.6,0.6556,1.03,166189.0
IXIC,20051122,2235.3,2253.56,2257.77,2232.74,2241.67,11.89,0.5304,1.12,185656.0
IXIC,20051123,2251.3701,2259.98,2269.3,2250.3999,2253.56,6.42,0.2849,0.84,158571.0
IXIC,20051125,2262.4299,2263.01,2264.1299,2256.45,2259.98,3.03,0.1341,0.34,63542.0
IXIC,20051128,2262.02,2239.34,2264.0601,2239.34,2263.01,-23.67,-1.046,1.09,155938.0
IXIC,20051129,2247.7,2232.71,2253.25,2232.54,2239.34,-6.63,-0.2961,0.92,175354.0
IXIC,20051130,2231.51,2230.19,2243.4099,2230.1899,2232.71,-2.52,-0.1129,0.59,187608.0
IXIC,20051201,2244.8501,2267.17,2269.3899,2244.71,2230.19,36.98,1.6582,1.11,201042.0
IXIC,20051202,2266.1699,2273.37,2273.6101,2261.1299,2267.17,6.2,0.2735,0.55,175851.0
IXIC,20051205,2269.0701,2257.64,2269.48,2250.8401,2273.37,-15.73,-0.6919,0.82,165992.0
IXIC,20051206,2267.09,2259.37,2278.1599,2259.37,2257.64,1.73,0.0766,0.83,178820.0
IXIC,20051207,2262.96,2244.62,2264.9099,2244.62,2259.37,-14.75,-0.6528,0.9,173353.0
IXIC,20051208,2253.54,2233.74,2261.6101,2233.74,2244.62,-10.88,-0.4847,1.24,190836.0
IXIC,20051209,2246.62,2241.03,2258.6699,2241.03,2233.74,7.29,0.3264,0.79,165857.0
IXIC,20051212,2264.23,2253.44,2266.1399,2253.4399,2241.03,12.41,0.5538,0.57,167928.0
IXIC,20051213,2256.6001,2265.0,2271.8501,2254.9199,2253.44,11.56,0.513,0.75,187398.0
IXIC,20051214,2261.9399,2262.59,2270.4399,2254.4399,2265.0,-2.41,-0.1064,0.71,167621.0
IXIC,20051215,2266.2,2247.32,2267.55,2247.32,2262.59,-15.27,-0.6749,0.89,180463.0
IXIC,20051216,2262.0801,2252.48,2263.8899,2251.6699,2247.32,5.16,0.2296,0.54,229448.0
IXIC,20051219,2254.6399,2222.74,2256.03,2221.79,2252.48,-29.74,-1.3203,1.52,174553.0
IXIC,20051220,2223.5601,2222.42,2231.02,2213.52,2222.74,-0.32,-0.0144,0.79,170292.0
IXIC,20051221,2227.5,2225.19,2241.9399,2225.1899,2222.42,2.77,0.1246,0.75,163003.0
IXIC,20051222,2233.62,2232.57,2247.0901,2232.57,2225.19,7.38,0.3317,0.65,149888.0
IXIC,20051223,2249.4099,2249.42,2254.71,2245.5801,2232.57,16.85,0.7547,0.41,97837.0
IXIC,20051227,2252.93,2226.62,2259.6799,2226.62,2249.42,-22.8,-1.0136,1.47,125050.0
IXIC,20051228,2230.3601,2228.94,2233.54,2221.4099,2226.62,2.32,0.1042,0.54,122154.0
IXIC,20051229,2229.6001,2218.16,2232.8899,2216.98,2228.94,-10.78,-0.4836,0.71,118535.0
IXIC,20051230,2209.03,2205.32,2209.97,2200.51,2218.16,-12.84,-0.5789,0.43,128405.0
IXIC,20060103,2216.6,2189.91,2249.6799,2189.9099,2205.32,-15.41,-0.6988,2.71,199830.0
IXIC,20060104,2246.79,2246.07,2265.28,2246.07,2189.91,56.16,2.5645,0.88,188756.0
IXIC,20060105,2264.9299,2276.87,2277.5601,2264.5,2246.07,30.8,1.3713,0.58,189175.0
IXIC,20060106,2289.21,2305.62,2306.72,2281.01,2276.87,28.75,1.2627,1.13,223364.0
IXIC,20060109,2306.1799,2318.69,2322.6299,2303.1299,2305.62,13.07,0.5669,0.85,194914.0
IXIC,20060110,2306.54,2303.93,2320.3201,2303.9299,2318.69,-14.76,-0.6366,0.71,197816.0
IXIC,20060111,2321.4099,2331.36,2332.9199,2316.49,2303.93,27.43,1.1906,0.71,238060.0
IXIC,20060112,2327.1699,2316.69,2330.3101,2313.22,2331.36,-14.67,-0.6292,0.73,201146.0
IXIC,20060113,2318.27,2308.16,2321.7,2308.1599,2316.69,-8.53,-0.3682,0.58,178441.0
IXIC,20060117,2302.5601,2302.69,2305.8701,2294.05,2308.16,-5.47,-0.237,0.51,170226.0
IXIC,20060118,2265.94,2264.08,2285.9399,2264.08,2302.69,-38.61,-1.6767,0.95,227690.0
IXIC,20060119,2291.6899,2301.81,2311.71,2289.8201,2264.08,37.73,1.6665,0.97,230815.0
IXIC,20060120,2300.3601,2247.7,2300.73,2245.2,2301.81,-54.11,-2.3508,2.41,234814.0
IXIC,20060123,2255.3101,2248.47,2256.24,2241.02,2247.7,0.77,0.0343,0.68,190248.0
IXIC,20060124,2256.1299,2265.25,2269.4399,2256.03,2248.47,16.78,0.7463,0.6,206747.0
IXIC,20060125,2275.84,2253.06,2275.84,2253.06,2265.25,-12.19,-0.5381,1.01,218812.0
IXIC,20060126,2274.8501,2283.0,2284.0701,2264.8501,2253.06,29.94,1.3289,0.85,240492.0
IXIC,20060127,2293.3701,2304.23,2314.3601,2289.47,2283.0,21.23,0.9299,1.09,233169.0
IXIC,20060130,2306.24,2306.78,2313.98,2304.75,2304.23,2.55,0.1107,0.4,190073.0
IXIC,20060131,2305.8201,2305.82,2311.8301,2292.95,2306.78,-0.96,-0.0416,0.82,223590.0
IXIC,20060201,2294.1101,2310.56,2311.5701,2292.23,2305.82,4.74,0.2056,0.84,227461.0
IXIC,20060202,2306.5701,2281.57,2308.05,2277.3,2310.56,-28.99,-1.2547,1.33,230783.0
IXIC,20060203,2268.4299,2262.58,2274.6201,2255.99,2281.57,-18.99,-0.8323,0.82,223002.0
IXIC,20060206,2263.1201,2258.8,2265.8101,2249.75,2262.58,-3.78,-0.1671,0.71,176953.0
IXIC,20060207,2255.9399,2244.96,2265.54,2239.51,2258.8,-13.84,-0.6127,1.15,211718.0
IXIC,20060208,2260.22,2266.98,2268.72,2246.98,2244.96,22.02,0.9809,0.97,218177.0
IXIC,20060209,2273.77,2255.87,2284.52,2254.26,2266.98,-11.11,-0.4901,1.33,232131.0
IXIC,20060210,2255.12,2235.41,2266.4399,2235.4099,2255.87,-20.46,-0.907,1.38,201773.0
IXIC,20060213,2251.14,2232.68,2254.3101,2232.6799,2235.41,-2.73,-0.1221,0.97,166200.0
IXIC,20060214,2243.88,2237.47,2266.8201,2237.47,2232.68,4.79,0.2145,1.31,180530.0
IXIC,20060215,2259.52,2255.1,2277.1299,2255.1,2237.47,17.63,0.7879,0.98,178305.0
IXIC,20060216,2281.8799,2294.63,2294.63,2278.0601,2255.1,39.53,1.7529,0.73,194047.0
IXIC,20060217,2292.78,2279.63,2292.78,2279.6299,2294.63,-15.0,-0.6537,0.57,194864.0
IXIC,20060221,2283.57,2256.75,2284.8201,2256.75,2279.63,-22.88,-1.0037,1.23,174718.0
IXIC,20060222,2264.6899,2283.17,2287.99,2259.1699,2256.75,26.42,1.1707,1.28,182411.0
IXIC,20060223,2279.5901,2279.32,2293.74,2271.8201,2283.17,-3.85,-0.1686,0.96,175420.0
IXIC,20060224,2278.62,2272.78,2287.8601,2272.78,2279.32,-6.54,-0.2869,0.66,158398.0
IXIC,20060227,2291.48,2307.18,2313.53,2291.24,2272.78,34.4,1.5136,0.98,171442.0
IXIC,20060228,2300.55,2276.74,2305.6201,2276.74,2307.18,-30.44,-1.3194,1.25,212056.0
IXIC,20060301,2288.1499,2314.64,2315.95,2285.6399,2276.74,37.9,1.6647,1.33,219042.0
IXIC,20060302,2305.8,2299.76,2316.9299,2299.76,2314.64,-14.88,-0.6429,0.74,208910.0
IXIC,20060303,2299.1001,2302.6,2324.9199,2297.0901,2299.76,2.84,0.1235,1.21,238904.0
IXIC,20060306,2306.6599,2286.03,2309.51,2281.3701,2302.6,-16.57,-0.7196,1.22,211228.0
IXIC,20060307,2280.0801,2268.38,2280.0801,2259.6399,2286.03,-17.65,-0.7721,0.89,190831.0
IXIC,20060308,2260.8701,2267.46,2275.1299,2248.6499,2268.38,-0.92,-0.0406,1.17,208404.0
IXIC,20060309,2272.22,2249.56,2279.28,2249.56,2267.46,-17.9,-0.7894,1.31,195756.0
IXIC,20060310,2251.8101,2262.04,2266.99,2239.54,2249.56,12.48,0.5548,1.22,175270.0
IXIC,20060313,2269.4399,2267.03,2280.2,2263.6799,2262.04,4.99,0.2206,0.73,164955.0
IXIC,20060314,2263.01,2263.01,2296.9199,2263.01,2267.03,-4.02,-0.1773,1.5,191175.0
IXIC,20060315,2301.1699,2311.84,2312.49,2293.0601,2263.01,48.83,2.1577,0.86,209052.0
IXIC,20060316,2319.1101,2299.56,2323.79,2299.55,2311.84,-12.28,-0.5312,1.05,234424.0
IXIC,20060317,2306.1699,2306.48,2310.8401,2294.5,2299.56,6.92,0.3009,0.71,254012.0
IXIC,20060320,2311.9299,2314.11,2317.1299,2305.5901,2306.48,7.63,0.3308,0.5,194382.0
IXIC,20060321,2312.8999,2294.23,2332.95,2292.55,2314.11,-19.88,-0.8591,1.75,236043.0
IXIC,20060322,2283.3899,2303.35,2305.4399,2282.3799,2294.23,9.12,0.3975,1.01,211622.0
IXIC,20060323,2300.1699,2300.15,2305.1699,2287.8999,2303.35,-3.2,-0.1389,0.75,196375.0
IXIC,20060324,2304.59,2300.37,2316.1499,2300.37,2300.15,0.22,0.0096,0.69,192804.0
IXIC,20060327,2312.65,2310.02,2319.9299,2310.02,2300.37,9.65,0.4195,0.43,185022.0
IXIC,20060328,2315.6101,2304.46,2327.8301,2299.5601,2310.02,-5.56,-0.2407,1.22,199751.0
IXIC,20060329,2309.9399,2337.78,2344.6699,2308.4099,2304.46,33.32,1.4459,1.57,237530.0
IXIC,20060330,2339.7,2330.84,2353.1399,2330.84,2337.78,-6.94,-0.2969,0.95,216081.0
IXIC,20060331,2345.64,2334.54,2348.8899,2334.54,2330.84,3.7,0.1587,0.62,185162.0
IXIC,20060403,2352.4,2334.6,2357.53,2334.6,2334.54,0.06,0.0026,0.98,195296.0
IXIC,20060404,2336.4,2332.67,2350.7,2332.6699,2334.6,-1.93,-0.0827,0.77,208232.0
IXIC,20060405,2349.8201,2359.75,2361.9099,2341.6599,2332.67,27.08,1.1609,0.87,202744.0
IXIC,20060406,2358.9199,2361.17,2366.5601,2347.6399,2359.75,1.42,0.0602,0.8,214186.0
IXIC,20060407,2367.3201,2339.02,2375.45,2336.71,2361.17,-22.15,-0.9381,1.64,200236.0
IXIC,20060410,2340.3899,2333.27,2343.5901,2326.47,2339.02,-5.75,-0.2458,0.73,184095.0
IXIC,20060411,2337.8799,2310.35,2339.79,2302.1899,2333.27,-22.92,-0.9823,1.61,209878.0
IXIC,20060412,2309.3899,2314.68,2318.05,2308.3301,2310.35,4.33,0.1874,0.42,153651.0
IXIC,20060413,2314.3201,2326.11,2333.03,2310.1201,2314.68,11.43,0.4938,0.99,151698.0
IXIC,20060417,2325.5601,2311.16,2332.6699,2299.4199,2326.11,-14.95,-0.6427,1.43,177617.0
IXIC,20060418,2318.27,2356.14,2357.46,2318.27,2311.16,44.98,1.9462,1.7,225280.0
IXIC,20060419,2358.8701,2370.88,2370.9299,2350.04,2356.14,14.74,0.6256,0.89,207769.0
IXIC,20060420,2368.93,2354.07,2375.54,2354.07,2370.88,-16.81,-0.709,0.91,212512.0
IXIC,20060421,2371.6499,2342.86,2371.6499,2333.5,2354.07,-11.21,-0.4762,1.62,232608.0
IXIC,20060424,2338.78,2333.38,2338.78,2324.28,2342.86,-9.48,-0.4046,0.62,200813.0
IXIC,20060425,2338.06,2321.64,2338.54,2321.6399,2333.38,-11.74,-0.5031,0.72,230178.0
IXIC,20060426,2333.5701,2333.63,2342.8799,2327.73,2321.64,11.99,0.5164,0.65,208423.0
IXIC,20060427,2324.6299,2344.95,2361.8899,2315.1201,2333.63,11.32,0.4851,2.0,257356.0
IXIC,20060428,2321.6101,2322.57,2337.28,2317.47,2344.95,-22.38,-0.9544,0.84,250176.0
IXIC,20060501,2328.42,2300.25,2334.6899,2300.25,2322.57,-22.32,-0.961,1.48,207612.0
IXIC,20060502,2312.63,2302.8,2313.9299,2302.8,2300.25,2.55,0.1109,0.48,207074.0
IXIC,20060503,2311.46,2295.03,2312.6001,2295.03,2302.8,-7.77,-0.3374,0.76,212726.0
IXIC,20060504,2307.3799,2323.9,2326.8201,2307.3799,2295.03,28.87,1.2579,0.85,205411.0
IXIC,20060505,2337.02,2332.68,2344.3701,2332.6799,2323.9,8.78,0.3778,0.5,198926.0
IXIC,20060508,2342.4099,2344.99,2352.5601,2339.46,2332.68,12.31,0.5277,0.56,172626.0
IXIC,20060509,2339.57,2334.17,2343.6201,2334.1699,2344.99,-10.82,-0.4614,0.4,184523.0
IXIC,20060510,2332.8201,2320.74,2338.25,2314.45,2334.17,-13.43,-0.5754,1.02,201427.0
IXIC,20060511,2319.0801,2272.7,2319.6001,2270.51,2320.74,-48.04,-2.07,2.12,244677.0
IXIC,20060512,2264.0,2243.32,2264.1899,2243.32,2272.7,-29.38,-1.2927,0.92,228951.0
IXIC,20060515,2234.03,2220.5,2245.1799,2220.5,2243.32,-22.82,-1.0172,1.1,200670.0
IXIC,20060516,2239.0,2229.13,2243.74,2222.8,2220.5,8.63,0.3887,0.94,199662.0
IXIC,20060517,2214.8999,2195.8,2222.3799,2193.8701,2229.13,-33.33,-1.4952,1.28,233780.0
IXIC,20060518,2205.3701,2180.32,2212.95,2180.28,2195.8,-15.48,-0.705,1.49,202264.0
IXIC,20060519,2183.3401,2193.88,2198.6599,2164.54,2180.32,13.56,0.6219,1.56,251438.0
IXIC,20060522,2178.1499,2172.86,2184.5701,2156.6699,2193.88,-21.02,-0.9581,1.27,226996.0
IXIC,20060523,2188.3799,2158.76,2199.5601,2158.76,2172.86,-14.1,-0.6489,1.88,213175.0
IXIC,20060524,2159.8301,2169.17,2179.8401,2135.8101,2158.76,10.41,0.4822,2.04,259702.0
IXIC,20060525,2182.4299,2198.24,2198.5801,2174.24,2169.17,29.07,1.3401,1.12,202896.0
IXIC,20060526,2205.8999,2210.37,2210.49,2196.7,2198.24,12.13,0.5518,0.63,154070.0
IXIC,20060530,2202.5701,2164.74,2202.5701,2164.74,2210.37,-45.63,-2.0644,1.71,171866.0
IXIC,20060531,2171.08,2165.79,2185.3301,2165.79,2164.74,1.05,0.0485,0.9,211906.0
IXIC,20060601,2179.8201,2219.86,2219.8601,2177.8,2165.79,54.07,2.4965,1.94,207874.0
IXIC,20060602,2229.8401,2219.41,2233.8799,2203.73,2219.86,-0.45,-0.0203,1.36,193338.0
IXIC,20060605,2212.3501,2169.62,2219.4099,2169.3999,2219.41,-49.79,-2.2434,2.25,173325.0
IXIC,20060606,2174.28,2162.78,2176.47,2144.2,2169.62,-6.84,-0.3153,1.49,208954.0
IXIC,20060607,2166.5801,2151.8,2184.4399,2150.6899,2162.78,-10.98,-0.5077,1.56,191387.0
IXIC,20060608,2141.5901,2145.32,2151.8,2100.4299,2151.8,-6.48,-0.3011,2.39,294810.0
IXIC,20060609,2151.9199,2135.06,2163.21,2133.47,2145.32,-10.26,-0.4783,1.39,175474.0
IXIC,20060612,2137.69,2091.32,2138.6799,2091.32,2135.06,-43.74,-2.0487,2.22,188772.0
IXIC,20060613,2089.8799,2072.47,2108.3601,2067.74,2091.32,-18.85,-0.9013,1.94,259450.0
IXIC,20060614,2075.18,2065.11,2091.9399,2065.11,2072.47,-7.36,-0.3551,1.29,209014.0
IXIC,20060615,2098.3701,2144.15,2147.9099,2086.0,2065.11,79.04,3.8274,3.0,220149.0
IXIC,20060616,2139.4,2122.78,2144.08,2122.78,2144.15,-21.37,-0.9967,0.99,242815.0
IXIC,20060619,2136.6001,2110.42,2138.77,2104.3799,2122.78,-12.36,-0.5823,1.62,168158.0
IXIC,20060620,2110.9199,2107.06,2126.72,2103.77,2110.42,-3.36,-0.1592,1.09,157210.0
IXIC,20060621,2110.24,2109.22,2152.5601,2109.22,2107.06,2.16,0.1025,2.06,185485.0
IXIC,20060622,2138.27,2113.59,2141.16,2113.59,2109.22,4.37,0.2072,1.31,164470.0
IXIC,20060623,2119.38,2110.81,2137.4299,2110.81,2113.59,-2.78,-0.1315,1.26,161451.0
IXIC,20060626,2126.46,2133.67,2135.71,2121.47,2110.81,22.86,1.083,0.67,139294.0
IXIC,20060627,2134.5801,2100.25,2139.4299,2098.76,2133.67,-33.42,-1.5663,1.91,178817.0
IXIC,20060628,2105.9399,2111.84,2112.6201,2090.78,2100.25,11.59,0.5518,1.04,159131.0
IXIC,20060629,2122.29,2121.5,2174.3799,2121.5,2111.84,9.66,0.4574,2.5,216539.0
IXIC,20060630,2181.68,2164.67,2183.48,2164.6699,2121.5,43.17,2.0349,0.89,245884.0
IXIC,20060703,2177.9099,2190.43,2190.4399,2172.0901,2164.67,25.76,1.19,0.85,78820.0
IXIC,20060705,2174.6899,2153.34,2190.4299,2147.1201,2190.43,-37.09,-1.6933,1.98,158697.0
IXIC,20060706,2156.3,2155.09,2168.54,2148.21,2153.34,1.75,0.0813,0.94,158509.0
IXIC,20060707,2146.8899,2130.06,2155.0901,2126.6399,2155.09,-25.03,-1.1614,1.32,175987.0
IXIC,20060710,2136.14,2109.18,2142.3601,2109.1799,2130.06,-20.88,-0.9803,1.56,156179.0
IXIC,20060711,2110.4199,2128.86,2129.47,2095.6899,2109.18,19.68,0.9331,1.6,197150.0
IXIC,20060712,2122.18,2090.24,2125.83,2090.23,2128.86,-38.62,-1.8141,1.67,177652.0
IXIC,20060713,2076.3899,2054.11,2090.24,2054.1001,2090.24,-36.13,-1.7285,1.73,202204.0
IXIC,20060714,2053.8799,2037.35,2056.53,2027.11,2054.11,-16.76,-0.8159,1.43,177996.0
IXIC,20060717,2033.65,2028.3,2050.6499,2028.3,2037.35,-9.05,-0.4442,1.1,150488.0
IXIC,20060718,2043.1801,2043.22,2052.53,2012.78,2028.3,14.92,0.7356,1.96,199688.0
IXIC,20060719,2037.6801,2080.71,2086.0701,2037.1,2043.22,37.49,1.8348,2.4,230474.0
IXIC,20060720,2083.8301,2039.42,2084.24,2038.71,2080.71,-41.29,-1.9844,2.19,195145.0
IXIC,20060721,2034.53,2014.07,2035.78,2014.0699,2039.42,-25.35,-1.243,1.06,234689.0
IXIC,20060724,2030.45,2030.45,2061.8401,2030.45,2014.07,16.38,0.8133,1.56,197587.0
IXIC,20060725,2060.3799,2073.9,2080.1101,2055.3401,2030.45,43.45,2.1399,1.22,191371.0
IXIC,20060726,2066.74,2053.64,2083.96,2053.6399,2073.9,-20.26,-0.9769,1.46,207331.0
IXIC,20060727,2082.5701,2054.47,2093.1399,2052.02,2053.64,0.83,0.0404,2.0,212010.0
IXIC,20060728,2065.9,2065.06,2094.95,2065.06,2054.47,10.59,0.5155,1.45,180329.0
IXIC,20060731,2087.8601,2091.47,2098.24,2082.6201,2065.06,26.41,1.2789,0.76,158227.0
IXIC,20060801,2080.3401,2061.99,2080.3401,2052.75,2091.47,-29.48,-1.4095,1.32,166307.0
IXIC,20060802,2069.9099,2078.81,2089.0,2069.5801,2061.99,16.82,0.8157,0.94,175573.0
IXIC,20060803,2064.5601,2092.34,2099.8101,2060.9099,2078.81,13.53,0.6509,1.87,181879.0
IXIC,20060804,2107.8301,2085.05,2119.01,2068.8,2092.34,-7.29,-0.3484,2.4,183204.0
IXIC,20060807,2077.91,2064.94,2079.45,2064.9399,2085.05,-20.11,-0.9645,0.7,142817.0
IXIC,20060808,2080.18,2054.13,2083.8999,2054.1299,2064.94,-10.81,-0.5235,1.44,188944.0
IXIC,20060809,2085.5601,2060.28,2097.76,2056.77,2054.13,6.15,0.2994,2.0,207406.0
IXIC,20060810,2051.69,2048.22,2076.3501,2048.22,2060.28,-12.06,-0.5854,1.37,173032.0
IXIC,20060811,2065.33,2049.84,2066.23,2049.84,2048.22,1.62,0.0791,0.8,142353.0
IXIC,20060814,2073.6,2067.69,2092.6599,2067.6899,2049.84,17.85,0.8708,1.22,148012.0
IXIC,20060815,2093.24,2089.6,2115.01,2089.6,2067.69,21.91,1.0596,1.23,175566.0
IXIC,20060816,2127.0601,2149.54,2149.54,2120.1101,2089.6,59.94,2.8685,1.41,247476.0
IXIC,20060817,2143.97,2141.56,2168.1101,2141.56,2149.54,-7.98,-0.3712,1.24,191902.0
IXIC,20060818,2157.1399,2163.95,2165.47,2138.45,2141.56,22.39,1.0455,1.26,168379.0
IXIC,20060821,2151.9099,2147.75,2153.53,2140.8101,2163.95,-16.2,-0.7486,0.59,131400.0
IXIC,20060822,2145.3101,2150.02,2162.6799,2140.6299,2147.75,2.27,0.1057,1.03,155594.0
IXIC,20060823,2152.9099,2134.66,2160.1101,2126.75,2150.02,-15.36,-0.7144,1.55,145718.0
IXIC,20060824,2142.3401,2137.11,2144.3301,2122.6499,2134.66,2.45,0.1148,1.02,140436.0
IXIC,20060825,2132.1699,2140.29,2152.9199,2129.25,2137.11,3.18,0.1488,1.11,128251.0
IXIC,20060828,2140.17,2139.57,2164.22,2139.57,2140.29,-0.72,-0.0336,1.15,133386.0
IXIC,20060829,2162.08,2145.22,2173.8799,2145.22,2139.57,5.65,0.2641,1.34,158099.0
IXIC,20060830,2175.0701,2185.73,2188.55,2167.48,2145.22,40.51,1.8884,0.98,162003.0
IXIC,20060831,2189.1699,2183.75,2193.3401,2181.77,2185.73,-1.98,-0.0906,0.53,170021.0
IXIC,20060901,2194.5601,2193.16,2198.5801,2182.9299,2183.75,9.41,0.4309,0.72,132554.0
IXIC,20060905,2192.9399,2205.7,2207.55,2184.4199,2193.16,12.54,0.5718,1.05,173246.0
IXIC,20060906,2167.84,2167.63,2190.26,2167.6299,2205.7,-38.07,-1.726,1.03,179708.0
IXIC,20060907,2160.26,2149.36,2174.8,2149.36,2167.63,-18.27,-0.8429,1.17,184719.0
IXIC,20060908,2160.68,2154.55,2168.4399,2154.55,2149.36,5.19,0.2415,0.65,145722.0
IXIC,20060911,2152.1201,2173.25,2180.3899,2147.4399,2154.55,18.7,0.8679,1.53,169428.0
IXIC,20060912,2174.6101,2215.82,2217.28,2174.6101,2173.25,42.57,1.9588,1.96,200799.0
IXIC,20060913,2214.25,2211.14,2229.1799,2211.1399,2215.82,-4.68,-0.2112,0.81,186053.0
IXIC,20060914,2220.92,2218.86,2230.97,2218.86,2211.14,7.72,0.3491,0.55,182660.0
IXIC,20060915,2245.74,2227.72,2247.1599,2227.72,2218.86,8.86,0.3993,0.88,245587.0
IXIC,20060918,2232.99,2235.75,2247.47,2228.52,2227.72,8.03,0.3605,0.85,191420.0
IXIC,20060919,2239.8601,2222.37,2239.8601,2202.9299,2235.75,-13.38,-0.5985,1.65,207992.0
IXIC,20060920,2242.1101,2252.89,2257.28,2242.1101,2222.37,30.52,1.3733,0.68,216494.0
IXIC,20060921,2257.21,2232.89,2261.47,2232.8899,2252.89,-20.0,-0.8877,1.27,199311.0
IXIC,20060922,2233.33,2210.13,2233.55,2210.1299,2232.89,-22.76,-1.0193,1.05,164654.0
IXIC,20060925,2227.3701,2249.07,2253.45,2212.02,2210.13,38.94,1.7619,1.87,183386.0
IXIC,20060926,2247.16,2243.67,2261.78,2243.6699,2249.07,-5.4,-0.2401,0.81,201114.0
IXIC,20060927,2256.1699,2263.39,2271.0,2254.3701,2243.67,19.72,0.8789,0.74,203910.0
IXIC,20060928,2266.9299,2270.02,2273.1201,2252.9099,2263.39,6.63,0.2929,0.89,180526.0
IXIC,20060929,2273.3,2258.43,2273.3,2257.98,2270.02,-11.59,-0.5106,0.67,181212.0
IXIC,20061002,2256.5,2235.68,2262.6699,2235.6799,2258.43,-22.75,-1.0073,1.2,176917.0
IXIC,20061003,2232.59,2224.21,2251.8601,2224.21,2235.68,-11.47,-0.513,1.24,194680.0
IXIC,20061004,2239.8799,2290.95,2290.98,2239.26,2224.21,66.74,3.0006,2.33,219028.0
IXIC,20061005,2288.89,2287.61,2306.3501,2287.61,2290.95,-3.34,-0.1458,0.82,191109.0
IXIC,20061006,2296.1499,2299.99,2306.28,2289.99,2287.61,12.38,0.5412,0.71,167247.0
IXIC,20061009,2297.8201,2311.77,2317.4199,2295.25,2299.99,11.78,0.5122,0.96,148528.0
IXIC,20061010,2314.1201,2315.43,2319.0601,2302.24,2311.77,3.66,0.1583,0.73,176036.0
IXIC,20061011,2304.6699,2308.27,2322.0701,2292.29,2315.43,-7.16,-0.3092,1.29,199560.0
IXIC,20061012,2318.28,2346.18,2346.29,2318.28,2308.27,37.91,1.6424,1.21,200396.0
IXIC,20061013,2343.58,2341.4,2360.23,2341.3999,2346.18,-4.78,-0.2037,0.8,194053.0
IXIC,20061016,2359.1899,2363.84,2368.1101,2358.01,2341.4,22.44,0.9584,0.43,182362.0
IXIC,20061017,2354.0701,2344.95,2354.0701,2329.8,2363.84,-18.89,-0.7991,1.03,212595.0
IXIC,20061018,2355.4199,2337.15,2362.0901,2330.49,2344.95,-7.8,-0.3326,1.35,213075.0
IXIC,20061019,2331.24,2324.43,2345.24,2324.4299,2337.15,-12.72,-0.5443,0.89,200069.0
IXIC,20061020,2340.9399,2342.3,2349.3601,2329.1299,2324.43,17.87,0.7688,0.87,192207.0
IXIC,20061023,2338.1499,2355.56,2364.2,2330.6101,2342.3,13.26,0.5661,1.43,182348.0
IXIC,20061024,2350.13,2335.91,2356.03,2335.9099,2355.56,-19.65,-0.8342,0.85,185688.0
IXIC,20061025,2345.76,2338.65,2359.76,2338.6499,2335.91,2.74,0.1173,0.9,210078.0
IXIC,20061026,2361.0901,2379.1,2379.29,2347.8799,2338.65,40.45,1.7296,1.34,233954.0
IXIC,20061027,2375.1699,2350.62,2377.3401,2347.0701,2379.1,-28.48,-1.1971,1.27,226895.0
IXIC,20061030,2345.67,2341.03,2371.0601,2341.03,2350.62,-9.59,-0.408,1.28,172418.0
IXIC,20061031,2369.23,2355.95,2374.6399,2355.95,2341.03,14.92,0.6373,0.8,192215.0
IXIC,20061101,2374.12,2330.57,2375.53,2330.57,2355.95,-25.38,-1.0773,1.91,202702.0
IXIC,20061102,2324.86,2320.84,2339.1299,2320.84,2330.57,-9.73,-0.4175,0.78,188731.0
IXIC,20061103,2338.1,2316.82,2343.98,2316.82,2320.84,-4.02,-0.1732,1.17,183005.0
IXIC,20061106,2341.6599,2365.95,2371.8101,2341.6599,2316.82,49.13,2.1206,1.3,189225.0
IXIC,20061107,2365.66,2363.64,2391.3401,2363.6399,2365.95,-2.31,-0.0976,1.17,208877.0
IXIC,20061108,2363.9199,2384.94,2393.47,2358.4399,2363.64,21.3,0.9012,1.48,207602.0
IXIC,20061109,2400.4,2370.6,2401.3301,2370.6,2384.94,-14.34,-0.6013,1.29,238024.0
IXIC,20061110,2377.72,2373.62,2389.72,2373.62,2370.6,3.02,0.1274,0.68,168046.0
IXIC,20061113,2388.93,2387.88,2408.9099,2387.8799,2373.62,14.26,0.6008,0.89,172081.0
IXIC,20061114,2407.3,2394.62,2430.8301,2394.62,2387.88,6.74,0.2823,1.52,192637.0
IXIC,20061115,2430.1399,2442.75,2452.5601,2429.6799,2394.62,48.13,2.0099,0.96,210387.0
IXIC,20061116,2447.0901,2449.06,2453.3501,2438.04,2442.75,6.31,0.2583,0.63,203883.0
IXIC,20061117,2439.6299,2445.86,2445.8601,2431.79,2449.06,-3.2,-0.1307,0.57,173240.0
IXIC,20061120,2441.1599,2452.72,2457.1399,2437.8401,2445.86,6.86,0.2805,0.79,169748.0
IXIC,20061121,2454.6499,2454.84,2456.6001,2445.04,2452.72,2.12,0.0864,0.47,166027.0
IXIC,20061122,2463.35,2450.64,2467.2,2450.6399,2454.84,-4.2,-0.1711,0.67,157312.0
IXIC,20061124,2448.53,2448.53,2468.4199,2448.53,2450.64,-2.11,-0.0861,0.81,68151.0
IXIC,20061127,2454.1699,2405.92,2454.6399,2405.8899,2448.53,-42.61,-1.7402,1.99,195030.0
IXIC,20061128,2397.3201,2412.61,2414.0801,2390.1001,2405.92,6.69,0.2781,1.0,195863.0
IXIC,20061129,2422.9099,2432.23,2436.6101,2414.8,2412.61,19.62,0.8132,0.9,190343.0
IXIC,20061130,2430.65,2419.23,2441.3501,2419.23,2432.23,-13.0,-0.5345,0.91,213420.0
IXIC,20061201,2430.73,2392.95,2434.3899,2392.95,2419.23,-26.28,-1.0863,1.71,204052.0
IXIC,20061204,2420.9199,2448.39,2455.6699,2420.6001,2392.95,55.44,2.3168,1.47,195453.0
IXIC,20061205,2455.9,2445.14,2459.51,2445.1399,2448.39,-3.25,-0.1327,0.59,199060.0
IXIC,20061206,2446.54,2436.47,2451.8601,2436.47,2445.14,-8.67,-0.3546,0.63,188900.0
IXIC,20061207,2449.6399,2427.69,2454.9099,2427.6899,2436.47,-8.78,-0.3604,1.12,205103.0
IXIC,20061208,2423.6699,2437.36,2447.03,2416.77,2427.69,9.67,0.3983,1.25,184060.0
IXIC,20061211,2437.3601,2442.86,2453.22,2429.97,2437.36,5.5,0.2257,0.95,181334.0
IXIC,20061212,2442.21,2419.32,2444.72,2419.32,2442.86,-23.54,-0.9636,1.04,192754.0
IXIC,20061213,2444.1201,2432.41,2444.1201,2423.8701,2419.32,13.09,0.5411,0.84,178243.0
IXIC,20061214,2435.75,2435.75,2461.3101,2435.75,2432.41,3.34,0.1373,1.05,188951.0
IXIC,20061215,2467.3601,2457.2,2470.02,2455.24,2435.75,21.45,0.8806,0.61,232465.0
IXIC,20061218,2462.4299,2435.57,2470.95,2428.6599,2457.2,-21.63,-0.8803,1.72,193635.0
IXIC,20061219,2420.0801,2429.55,2437.3301,2408.8501,2435.57,-6.02,-0.2472,1.17,196072.0
IXIC,20061220,2430.38,2426.41,2443.3401,2426.4099,2429.55,-3.14,-0.1292,0.7,174953.0
IXIC,20061221,2430.1399,2415.85,2433.1299,2408.99,2426.41,-10.56,-0.4352,0.99,173288.0
IXIC,20061222,2415.98,2401.18,2416.49,2400.72,2415.85,-14.67,-0.6072,0.65,130653.0
IXIC,20061226,2397.76,2397.68,2414.21,2397.6799,2401.18,-3.5,-0.1458,0.69,101620.0
IXIC,20061227,2418.78,2431.22,2432.73,2418.78,2397.68,33.54,1.3989,0.58,121626.0
IXIC,20061228,2425.3201,2425.57,2432.48,2420.9099,2431.22,-5.65,-0.2324,0.48,123753.0
IXIC,20061229,2422.27,2413.43,2437.3799,2413.4299,2425.57,-12.14,-0.5005,0.99,141392.0
IXIC,20070103,2427.6,2394.66,2454.6201,2394.6599,2413.43,-18.77,-0.7777,2.48,243528.0
IXIC,20070104,2423.8201,2453.43,2460.51,2413.75,2394.66,58.77,2.4542,1.95,210421.0
IXIC,20070105,2445.0701,2434.25,2445.0701,2420.5901,2453.43,-19.18,-0.7818,1.0,206036.0
IXIC,20070108,2434.92,2421.13,2445.6299,2421.1299,2434.25,-13.12,-0.539,1.01,190562.0
IXIC,20070109,2442.58,2423.56,2449.8701,2423.56,2421.13,2.43,0.1004,1.09,214416.0
IXIC,20070110,2433.08,2427.9,2461.3401,2427.8999,2423.56,4.34,0.1791,1.38,227421.0
IXIC,20070111,2464.8899,2484.85,2489.46,2463.3899,2427.9,56.95,2.3456,1.07,243627.0
IXIC,20070112,2481.06,2481.06,2502.8201,2481.06,2484.85,-3.79,-0.1525,0.88,217581.0
IXIC,20070116,2504.5601,2497.78,2508.9299,2493.9199,2481.06,16.72,0.6739,0.6,213955.0
IXIC,20070117,2487.8899,2479.42,2496.9299,2475.8301,2497.78,-18.36,-0.7351,0.84,227388.0
IXIC,20070118,2475.3301,2443.21,2475.8,2438.1101,2479.42,-36.21,-1.4604,1.52,245618.0
IXIC,20070119,2437.6299,2451.31,2453.79,2435.6799,2443.21,8.1,0.3315,0.74,203789.0
IXIC,20070122,2454.11,2422.92,2454.6599,2422.9199,2451.31,-28.39,-1.1582,1.29,190086.0
IXIC,20070123,2428.26,2431.41,2447.03,2425.98,2422.92,8.49,0.3504,0.87,200110.0
IXIC,20070124,2442.17,2440.82,2466.28,2440.82,2431.41,9.41,0.387,1.05,220204.0
IXIC,20070125,2468.8,2430.56,2470.51,2430.56,2440.82,-10.26,-0.4204,1.64,220228.0
IXIC,20070126,2441.1001,2435.49,2443.4399,2418.6101,2430.56,4.93,0.2028,1.02,206708.0
IXIC,20070129,2434.6399,2441.09,2451.8301,2431.3101,2435.49,5.6,0.2299,0.84,191540.0
IXIC,20070130,2446.6599,2448.64,2451.0,2437.4199,2441.09,7.55,0.3093,0.56,176960.0
IXIC,20070131,2443.3301,2463.93,2471.2,2433.76,2448.64,15.29,0.6244,1.53,218671.0
IXIC,20070201,2474.0801,2468.38,2481.3799,2458.71,2463.93,4.45,0.1806,0.92,217004.0
IXIC,20070202,2474.1899,2475.88,2478.4099,2466.5601,2468.38,7.5,0.3038,0.48,187677.0
IXIC,20070205,2475.34,2466.18,2481.5701,2466.1799,2475.88,-9.7,-0.3918,0.62,187531.0
IXIC,20070206,2476.33,2454.6,2478.24,2454.6,2466.18,-11.58,-0.4696,0.96,211371.0
IXIC,20070207,2483.14,2475.57,2495.27,2475.57,2454.6,20.97,0.8543,0.8,219841.0
IXIC,20070208,2483.48,2477.71,2492.4099,2477.71,2475.57,2.14,0.0864,0.59,199588.0
IXIC,20070209,2491.6499,2459.82,2496.52,2453.4399,2477.71,-17.89,-0.722,1.74,218659.0
IXIC,20070212,2460.6299,2450.38,2460.6299,2444.6799,2459.82,-9.44,-0.3838,0.65,184025.0
IXIC,20070213,2455.25,2452.17,2464.5601,2452.1699,2450.38,1.79,0.0731,0.51,182139.0
IXIC,20070214,2468.04,2488.38,2494.51,2468.04,2452.17,36.21,1.4767,1.08,217358.0
IXIC,20070215,2489.8401,2497.1,2498.3701,2485.51,2488.38,8.72,0.3504,0.52,194967.0
IXIC,20070216,2489.06,2482.66,2497.9199,2482.6599,2497.1,-14.44,-0.5783,0.61,188743.0
IXIC,20070220,2491.34,2479.92,2514.22,2479.9199,2482.66,-2.74,-0.1104,1.38,216559.0
IXIC,20070221,2503.54,2518.42,2518.42,2500.96,2479.92,38.5,1.5525,0.7,201245.0
IXIC,20070222,2523.3601,2524.94,2531.4199,2509.0601,2518.42,6.52,0.2589,0.89,185096.0
IXIC,20070223,2521.73,2506.95,2522.8401,2506.95,2524.94,-17.99,-0.7125,0.63,201222.0
IXIC,20070226,2525.04,2504.52,2525.98,2492.54,2506.95,-2.43,-0.0969,1.33,191248.0
IXIC,20070227,2469.18,2402.36,2470.9199,2402.36,2504.52,-102.16,-4.079,2.74,303738.0
IXIC,20070228,2411.8899,2416.15,2431.8601,2395.3501,2402.36,13.79,0.574,1.52,262045.0
IXIC,20070301,2377.1799,2404.21,2419.1499,2359.4399,2416.15,-11.94,-0.4942,2.47,271075.0
IXIC,20070302,2389.8601,2368.0,2401.26,2368.0,2404.21,-36.21,-1.5061,1.38,235279.0
IXIC,20070305,2347.22,2340.4,2377.8401,2340.3999,2368.0,-27.6,-1.1655,1.58,229168.0
IXIC,20070306,2363.1499,2385.14,2390.1399,2361.27,2340.4,44.74,1.9116,1.23,212143.0
IXIC,20070307,2382.6499,2374.64,2388.78,2371.9199,2385.14,-10.5,-0.4402,0.71,195933.0
IXIC,20070308,2396.55,2387.73,2402.2,2382.0,2374.64,13.09,0.5512,0.85,198991.0
IXIC,20070309,2403.1299,2387.55,2404.8,2375.5701,2387.73,-0.18,-0.0075,1.22,187505.0
IXIC,20070312,2385.1399,2402.29,2404.02,2384.3899,2387.55,14.74,0.6174,0.82,163798.0
IXIC,20070313,2388.8601,2350.57,2395.98,2350.57,2402.29,-51.72,-2.1529,1.89,223500.0
IXIC,20070314,2350.9399,2371.74,2371.74,2331.5701,2350.57,21.17,0.9006,1.71,225563.0
IXIC,20070315,2370.87,2367.74,2382.6201,2367.74,2371.74,-4.0,-0.1687,0.63,169043.0
IXIC,20070316,2376.8201,2372.66,2385.3201,2364.3601,2367.74,4.92,0.2078,0.89,203165.0
IXIC,20070319,2384.6599,2394.41,2399.8,2381.55,2372.66,21.75,0.9167,0.77,165097.0
IXIC,20070320,2394.8201,2408.21,2412.6399,2393.1899,2394.41,13.8,0.5763,0.81,176194.0
IXIC,20070321,2416.07,2405.39,2455.9199,2405.3899,2408.21,-2.82,-0.1171,2.1,215874.0
IXIC,20070322,2457.0601,2451.74,2457.3701,2442.51,2405.39,46.35,1.9269,0.62,188729.0
IXIC,20070323,2451.8301,2448.93,2459.96,2447.8101,2451.74,-2.81,-0.1146,0.5,163447.0
IXIC,20070326,2451.6001,2455.63,2455.63,2428.0,2448.93,6.7,0.2736,1.13,181787.0
IXIC,20070327,2448.9199,2437.43,2450.03,2435.1899,2455.63,-18.2,-0.7412,0.6,170806.0
IXIC,20070328,2427.1899,2417.1,2434.3201,2413.0901,2437.43,-20.33,-0.8341,0.87,186831.0
IXIC,20070329,2432.31,2396.83,2433.04,2396.83,2417.1,-20.27,-0.8386,1.5,192607.0
IXIC,20070330,2419.9099,2421.64,2432.2,2403.01,2396.83,24.81,1.0351,1.22,199855.0
IXIC,20070402,2425.3601,2422.26,2427.9399,2409.04,2421.64,0.62,0.0256,0.78,178417.0
IXIC,20070403,2432.8,2432.3,2456.1699,2432.3,2422.26,10.04,0.4145,0.99,193203.0
IXIC,20070404,2451.9399,2458.69,2461.49,2448.6899,2432.3,26.39,1.085,0.53,193330.0
IXIC,20070405,2457.6499,2471.34,2471.3401,2455.6001,2458.69,12.65,0.5145,0.64,153780.0
IXIC,20070409,2476.41,2464.57,2478.6799,2464.57,2471.34,-6.77,-0.2739,0.57,171488.0
IXIC,20070410,2468.1299,2477.61,2479.46,2468.03,2464.57,13.04,0.5291,0.46,183453.0
IXIC,20070411,2477.76,2459.31,2478.51,2452.05,2477.61,-18.3,-0.7386,1.07,195797.0
IXIC,20070412,2454.45,2448.71,2480.4099,2448.71,2459.31,-10.6,-0.431,1.29,190550.0
IXIC,20070413,2479.6899,2491.94,2491.94,2468.23,2448.71,43.23,1.7654,0.97,183432.0
IXIC,20070416,2500.55,2518.33,2519.03,2500.55,2491.94,26.39,1.059,0.74,177941.0
IXIC,20070417,2519.1201,2516.95,2522.0701,2510.6001,2518.33,-1.38,-0.0548,0.46,190092.0
IXIC,20070418,2507.3401,2510.5,2518.21,2499.6499,2516.95,-6.45,-0.2563,0.74,204676.0
IXIC,20070419,2497.83,2490.34,2515.95,2490.34,2510.5,-20.16,-0.803,1.02,211292.0
IXIC,20070420,2525.23,2526.39,2532.24,2515.24,2490.34,36.05,1.4476,0.68,208427.0
IXIC,20070423,2524.91,2518.47,2531.3999,2518.47,2526.39,-7.92,-0.3135,0.51,192853.0
IXIC,20070424,2528.3899,2524.54,2529.48,2509.26,2518.47,6.07,0.241,0.8,222061.0
IXIC,20070425,2534.57,2523.84,2551.3899,2523.84,2524.54,-0.7,-0.0277,1.09,264412.0
IXIC,20070426,2551.58,2544.12,2560.6399,2544.12,2523.84,20.28,0.8035,0.65,240609.0
IXIC,20070427,2552.88,2550.1,2562.99,2550.1,2544.12,5.98,0.2351,0.51,207816.0
IXIC,20070430,2558.05,2525.09,2558.75,2525.09,2550.1,-25.01,-0.9807,1.32,208071.0
IXIC,20070501,2527.88,2510.57,2532.3701,2510.57,2525.09,-14.52,-0.575,0.86,235175.0
IXIC,20070502,2531.96,2557.84,2562.78,2531.96,2510.57,47.27,1.8828,1.23,207315.0
IXIC,20070503,2560.8501,2565.46,2569.8,2555.8401,2557.84,7.62,0.2979,0.55,213714.0
IXIC,20070504,2574.5,2572.15,2577.96,2561.73,2565.46,6.69,0.2608,0.63,221413.0
IXIC,20070507,2572.6399,2570.95,2580.0601,2569.22,2572.15,-1.2,-0.0467,0.42,165230.0
IXIC,20070508,2563.1799,2571.75,2571.75,2551.1499,2570.95,0.8,0.0311,0.8,189775.0
IXIC,20070509,2557.6299,2576.34,2579.98,2555.71,2571.75,4.59,0.1785,0.94,210422.0
IXIC,20070510,2565.41,2533.12,2570.73,2533.12,2576.34,-43.22,-1.6776,1.46,223761.0
IXIC,20070511,2541.6599,2562.22,2562.45,2539.6699,2533.12,29.1,1.1488,0.9,172555.0
IXIC,20070514,2563.34,2537.92,2568.9299,2537.9199,2562.22,-24.3,-0.9484,1.21,194145.0
IXIC,20070515,2544.6699,2525.29,2557.78,2523.8301,2537.92,-12.63,-0.4977,1.34,218776.0
IXIC,20070516,2534.21,2519.35,2547.4199,2519.35,2525.29,-5.94,-0.2352,1.11,206105.0
IXIC,20070517,2544.3201,2539.38,2547.71,2535.47,2519.35,20.03,0.795,0.49,192489.0
IXIC,20070518,2548.0701,2558.45,2559.03,2540.6699,2539.38,19.07,0.751,0.72,199693.0
IXIC,20070521,2560.9299,2578.79,2587.8701,2560.8501,2558.45,20.34,0.795,1.06,197422.0
IXIC,20070522,2580.04,2588.02,2593.03,2573.95,2578.79,9.23,0.3579,0.74,194395.0
IXIC,20070523,2592.6201,2577.05,2600.9399,2576.23,2588.02,-10.97,-0.4239,0.95,201106.0
IXIC,20070524,2577.21,2537.92,2585.73,2531.28,2577.05,-39.13,-1.5184,2.11,235085.0
IXIC,20070525,2547.4099,2557.19,2560.03,2544.46,2537.92,19.27,0.7593,0.61,155970.0
IXIC,20070529,2559.9,2558.4,2576.3601,2558.3999,2557.19,1.21,0.0473,0.7,165100.0
IXIC,20070530,2556.1699,2592.59,2592.5901,2551.6799,2558.4,34.19,1.3364,1.6,196915.0
IXIC,20070531,2598.92,2594.29,2607.8999,2594.29,2592.59,1.7,0.0656,0.52,228685.0
IXIC,20070601,2614.26,2608.69,2626.3999,2608.6899,2594.29,14.4,0.5551,0.68,188003.0
IXIC,20070604,2605.11,2604.85,2619.75,2604.85,2608.69,-3.84,-0.1472,0.57,194722.0
IXIC,20070605,2611.1599,2611.23,2613.3101,2595.01,2604.85,6.38,0.2449,0.7,218281.0
IXIC,20070606,2599.5601,2587.18,2599.5601,2578.8101,2611.23,-24.05,-0.921,0.79,216343.0
IXIC,20070607,2577.3701,2541.38,2585.73,2541.3799,2587.18,-45.8,-1.7703,1.71,271624.0
IXIC,20070608,2541.1399,2573.54,2573.74,2534.97,2541.38,32.16,1.2655,1.53,190813.0
IXIC,20070611,2569.6399,2572.15,2584.8201,2566.8401,2573.54,-1.39,-0.054,0.7,161498.0
IXIC,20070612,2560.4099,2549.77,2576.8899,2547.99,2572.15,-22.38,-0.8701,1.12,204721.0
IXIC,20070613,2558.29,2556.72,2582.3101,2556.72,2549.77,6.95,0.2726,1.0,208661.0
IXIC,20070614,2584.1399,2599.41,2604.76,2583.9299,2556.72,42.69,1.6697,0.81,193622.0
IXIC,20070615,2625.3301,2626.71,2630.51,2620.72,2599.41,27.3,1.0502,0.38,242075.0
IXIC,20070618,2631.3401,2626.6,2631.45,2617.6599,2626.71,-0.11,-0.0042,0.52,171712.0
IXIC,20070619,2620.3101,2626.76,2631.3,2612.4199,2626.6,0.16,0.0061,0.72,187188.0
IXIC,20070620,2633.56,2599.63,2634.6001,2599.6299,2626.76,-27.13,-1.0328,1.33,279326.0
IXIC,20070621,2597.6499,2616.96,2618.54,2586.05,2599.63,17.33,0.6666,1.25,256264.0
IXIC,20070622,2610.3601,2588.96,2612.75,2583.24,2616.96,-28.0,-1.0699,1.13,324035.0
IXIC,20070625,2590.5901,2577.08,2605.8701,2568.5,2588.96,-11.88,-0.4589,1.44,203901.0
IXIC,20070626,2590.2,2566.34,2590.8899,2566.34,2577.08,-10.74,-0.4168,0.95,210033.0
IXIC,20070627,2563.8301,2605.35,2605.9199,2560.45,2566.34,39.01,1.5201,1.77,202026.0
IXIC,20070628,2606.1399,2608.37,2624.6001,2604.6001,2605.35,3.02,0.1159,0.77,192341.0
IXIC,20070629,2619.9399,2603.23,2626.5601,2590.0901,2608.37,-5.14,-0.1971,1.4,216842.0
IXIC,20070702,2617.3899,2632.3,2632.3,2614.8401,2603.23,29.07,1.1167,0.67,185384.0
IXIC,20070703,2636.71,2644.95,2644.95,2635.0,2632.3,12.65,0.4806,0.38,108912.0
IXIC,20070705,2646.3,2656.65,2658.01,2637.78,2644.95,11.7,0.4424,0.76,169453.0
IXIC,20070706,2656.3,2666.51,2667.97,2649.05,2656.65,9.86,0.3711,0.71,159711.0
IXIC,20070709,2669.39,2660.65,2672.5901,2660.6499,2666.51,-5.86,-0.2198,0.45,189520.0
IXIC,20070710,2657.8701,2639.16,2662.55,2637.6599,2660.65,-21.49,-0.8077,0.94,222934.0
IXIC,20070711,2637.1201,2651.79,2652.3401,2631.8899,2639.16,12.63,0.4786,0.77,201426.0
IXIC,20070712,2662.76,2701.73,2701.73,2662.52,2651.79,49.94,1.8833,1.48,216635.0
IXIC,20070713,2696.66,2694.09,2707.6399,2694.09,2701.73,-7.64,-0.2828,0.5,172919.0
IXIC,20070716,2703.3999,2697.33,2712.1299,2693.71,2694.09,3.24,0.1203,0.68,175106.0
IXIC,20070717,2702.1001,2712.29,2719.9399,2701.5601,2697.33,14.96,0.5546,0.68,215869.0
IXIC,20070718,2694.03,2674.26,2699.8701,2674.26,2712.29,-38.03,-1.4021,0.94,225738.0
IXIC,20070719,2716.6599,2720.04,2724.74,2710.8401,2674.26,45.78,1.7119,0.52,217750.0
IXIC,20070720,2687.6,2674.64,2710.3201,2674.6399,2720.04,-45.4,-1.6691,1.31,233592.0
IXIC,20070723,2696.66,2688.41,2705.03,2688.4099,2674.64,13.77,0.5148,0.62,203408.0
IXIC,20070724,2671.39,2634.03,2682.3999,2634.03,2688.41,-54.38,-2.0228,1.8,246327.0
IXIC,20070725,2660.1899,2648.17,2665.8101,2628.1499,2634.03,14.14,0.5368,1.43,248225.0
IXIC,20070726,2621.36,2563.81,2632.46,2563.81,2648.17,-84.36,-3.1856,2.59,339214.0
IXIC,20070727,2599.8701,2562.24,2608.99,2562.0601,2563.81,-1.57,-0.0612,1.83,270529.0
IXIC,20070730,2568.1399,2583.28,2592.0,2552.3101,2562.24,21.04,0.8212,1.55,229171.0
IXIC,20070731,2606.3201,2546.27,2607.45,2545.8999,2583.28,-37.01,-1.4327,2.38,278913.0
IXIC,20070801,2546.27,2515.81,2557.1101,2515.81,2546.27,-30.46,-1.1963,1.62,291227.0
IXIC,20070802,2557.5901,2575.98,2579.28,2553.1399,2515.81,60.17,2.3917,1.04,245697.0
IXIC,20070803,2572.9199,2511.25,2575.5801,2511.1201,2575.98,-64.73,-2.5128,2.5,250443.0
IXIC,20070806,2524.8701,2547.33,2547.3301,2491.96,2511.25,36.08,1.4367,2.2,281556.0
IXIC,20070807,2533.25,2523.44,2577.8101,2523.4399,2547.33,-23.89,-0.9378,2.13,270403.0
IXIC,20070808,2582.6001,2612.98,2627.75,2582.6001,2523.44,89.54,3.5483,1.79,354289.0
IXIC,20070809,2572.33,2556.49,2615.9299,2556.49,2612.98,-56.49,-2.1619,2.27,359345.0
IXIC,20070810,2526.62,2503.16,2569.25,2503.1599,2556.49,-53.33,-2.0861,2.59,320257.0
IXIC,20070813,2566.6001,2542.24,2572.51,2541.3501,2503.16,39.08,1.5612,1.24,215475.0
IXIC,20070814,2549.26,2499.12,2552.49,2499.12,2542.24,-43.12,-1.6961,2.1,198286.0
IXIC,20070815,2490.07,2457.89,2520.3899,2457.8899,2499.12,-41.23,-1.6498,2.5,225987.0
IXIC,20070816,2440.9099,2451.07,2460.5,2386.6899,2457.89,-6.82,-0.2775,3.0,327962.0
IXIC,20070817,2510.3799,2505.03,2524.96,2466.3601,2451.07,53.96,2.2015,2.39,258034.0
IXIC,20070820,2511.0701,2508.59,2516.3101,2487.4399,2505.03,3.56,0.1421,1.15,165644.0
IXIC,20070821,2502.3101,2521.3,2529.6599,2500.6599,2508.59,12.71,0.5067,1.16,167708.0
IXIC,20070822,2543.97,2533.74,2554.8999,2533.74,2521.3,12.44,0.4934,0.84,178706.0
IXIC,20070823,2562.4099,2541.7,2565.3501,2530.5701,2533.74,7.96,0.3142,1.37,162288.0
IXIC,20070824,2539.6499,2576.69,2576.69,2534.6399,2541.7,34.99,1.3766,1.65,162486.0
IXIC,20070827,2570.4099,2561.25,2573.8301,2557.48,2576.69,-15.44,-0.5992,0.63,131403.0
IXIC,20070828,2546.3899,2500.64,2548.0601,2500.55,2561.25,-60.61,-2.3664,1.85,156280.0
IXIC,20070829,2518.8201,2563.16,2563.16,2512.6001,2500.64,62.52,2.5002,2.02,164972.0
IXIC,20070830,2545.0801,2565.3,2587.8601,2542.48,2563.16,2.14,0.0835,1.77,170491.0
IXIC,20070831,2596.1899,2596.36,2603.1101,2579.79,2565.3,31.06,1.2108,0.91,153664.0
IXIC,20070904,2596.3799,2630.24,2644.45,2596.3799,2596.36,33.88,1.3049,1.85,186309.0
IXIC,20070905,2618.28,2605.95,2621.54,2596.7,2630.24,-24.29,-0.9235,0.94,192182.0
IXIC,20070906,2615.38,2595.52,2620.8899,2595.52,2605.95,-10.43,-0.4002,0.97,179522.0
IXIC,20070907,2581.22,2556.59,2584.28,2556.59,2595.52,-38.93,-1.4999,1.07,190652.0
IXIC,20070910,2581.06,2536.93,2588.8799,2536.9299,2556.59,-19.66,-0.769,2.03,177143.0
IXIC,20070911,2573.48,2572.86,2598.9399,2572.86,2536.93,35.93,1.4163,1.03,174373.0
IXIC,20070912,2592.8301,2592.07,2612.1799,2590.3799,2572.86,19.21,0.7466,0.85,188857.0
IXIC,20070913,2607.1299,2601.06,2612.7,2589.4099,2592.07,8.99,0.3468,0.9,166651.0
IXIC,20070914,2582.1499,2602.18,2603.6299,2577.73,2601.06,1.12,0.0431,1.0,158658.0
IXIC,20070917,2592.67,2575.36,2596.0901,2575.36,2602.18,-26.82,-1.0307,0.8,140778.0
IXIC,20070918,2592.65,2583.14,2651.6599,2583.1399,2575.36,7.78,0.3021,2.66,208362.0
IXIC,20070919,2665.8899,2666.48,2683.02,2654.8999,2583.14,83.34,3.2263,1.09,218381.0
IXIC,20070920,2659.5801,2654.29,2669.4299,2648.0701,2666.48,-12.19,-0.4572,0.8,175146.0
IXIC,20070921,2672.81,2666.32,2678.6899,2666.32,2654.29,12.03,0.4532,0.47,226830.0
IXIC,20070924,2676.4199,2667.95,2692.1599,2660.52,2666.32,1.63,0.0611,1.19,184895.0
IXIC,20070925,2655.23,2655.23,2683.9199,2655.23,2667.95,-12.72,-0.4768,1.08,191089.0
IXIC,20070926,2696.55,2689.59,2709.23,2689.59,2655.23,34.36,1.2941,0.74,198401.0
IXIC,20070927,2711.8201,2709.59,2712.79,2702.02,2689.59,20.0,0.7436,0.4,174507.0
IXIC,20070928,2709.6499,2701.5,2716.75,2692.02,2709.59,-8.09,-0.2986,0.91,192989.0
IXIC,20071001,2704.25,2740.99,2743.53,2704.25,2701.5,39.49,1.4618,1.45,191408.0
IXIC,20071002,2740.6499,2747.11,2747.1101,2732.6899,2740.99,6.12,0.2233,0.53,174046.0
IXIC,20071003,2734.3201,2729.43,2746.1399,2721.23,2747.11,-17.68,-0.6436,0.91,185109.0
IXIC,20071004,2735.3899,2733.57,2735.52,2718.05,2729.43,4.14,0.1517,0.64,169552.0
IXIC,20071005,2754.6799,2780.32,2784.9299,2749.8501,2733.57,46.75,1.7102,1.28,201286.0
IXIC,20071008,2776.42,2771.6,2787.3701,2771.6,2780.32,-8.72,-0.3136,0.57,149661.0
IXIC,20071009,2793.65,2784.52,2806.4099,2784.52,2771.6,12.92,0.4662,0.79,186512.0
IXIC,20071010,2805.4399,2811.61,2813.6699,2795.98,2784.52,27.09,0.9729,0.64,191663.0
IXIC,20071011,2824.55,2772.2,2834.0,2757.76,2811.61,-39.41,-1.4017,2.71,250869.0
IXIC,20071012,2780.44,2778.29,2806.1799,2778.29,2772.2,6.09,0.2197,1.01,195779.0
IXIC,20071015,2809.1699,2780.05,2811.6599,2764.6799,2778.29,1.76,0.0633,1.69,196712.0
IXIC,20071016,2770.54,2759.43,2781.8,2759.4299,2780.05,-20.62,-0.7417,0.8,203852.0
IXIC,20071017,2801.6599,2792.67,2803.96,2755.26,2759.43,33.24,1.2046,1.76,240008.0
IXIC,20071018,2778.3101,2799.31,2803.26,2770.1101,2792.67,6.64,0.2378,1.19,197301.0
IXIC,20071019,2799.3201,2725.16,2799.3201,2725.1599,2799.31,-74.15,-2.6489,2.65,237165.0
IXIC,20071022,2705.8601,2753.93,2755.47,2698.1399,2725.16,28.77,1.0557,2.1,195871.0
IXIC,20071023,2775.52,2799.26,2799.26,2758.53,2753.93,45.33,1.646,1.48,233577.0
IXIC,20071024,2775.3301,2774.76,2781.96,2720.3,2799.26,-24.5,-0.8752,2.2,273968.0
IXIC,20071025,2777.5901,2750.86,2787.29,2733.0801,2774.76,-23.9,-0.8613,1.95,275336.0
IXIC,20071026,2806.87,2776.53,2810.3101,2776.53,2750.86,25.67,0.9332,1.23,258368.0
IXIC,20071029,2815.1599,2817.44,2825.3701,2805.25,2776.53,40.91,1.4734,0.72,201473.0
IXIC,20071030,2807.3201,2816.71,2828.8201,2803.6699,2817.44,-0.73,-0.0259,0.89,212193.0
IXIC,20071031,2826.6,2815.67,2861.51,2815.6699,2816.71,-1.04,-0.0369,1.63,253453.0
IXIC,20071101,2833.01,2793.17,2835.6299,2793.1699,2815.67,-22.5,-0.7991,1.51,252841.0
IXIC,20071102,2814.1,2773.82,2817.03,2773.82,2793.17,-19.35,-0.6928,1.55,242605.0
IXIC,20071105,2781.66,2771.91,2807.51,2771.9099,2773.82,-1.91,-0.0689,1.28,209259.0
IXIC,20071106,2809.8101,2825.18,2825.47,2780.22,2771.91,53.27,1.9218,1.63,248216.0
IXIC,20071107,2799.19,2748.31,2810.1899,2748.31,2825.18,-76.87,-2.7209,2.19,249118.0
IXIC,20071108,2748.3999,2696.0,2753.05,2648.03,2748.31,-52.31,-1.9034,3.82,346181.0
IXIC,20071109,2646.27,2624.43,2668.79,2624.4299,2696.0,-71.57,-2.6547,1.65,295579.0
IXIC,20071112,2619.4099,2584.13,2643.0,2583.0,2624.43,-40.3,-1.5356,2.29,282074.0
IXIC,20071113,2613.3701,2673.65,2673.65,2613.3701,2584.13,89.52,3.4642,2.33,266278.0
IXIC,20071114,2699.33,2636.32,2699.33,2636.32,2673.65,-37.33,-1.3962,2.36,242026.0
IXIC,20071115,2634.53,2601.39,2652.6499,2601.3899,2636.32,-34.93,-1.325,1.94,228948.0
IXIC,20071116,2631.8101,2637.24,2640.03,2596.5901,2601.39,35.85,1.3781,1.67,251568.0
IXIC,20071119,2622.4399,2593.38,2628.1499,2583.26,2637.24,-43.86,-1.6631,1.7,218801.0
IXIC,20071120,2603.72,2554.32,2633.8201,2554.32,2593.38,-39.06,-1.5061,3.07,260737.0
IXIC,20071121,2567.14,2542.7,2597.1699,2542.7,2554.32,-11.62,-0.4549,2.13,203473.0
IXIC,20071123,2578.97,2567.58,2601.55,2567.58,2542.7,24.88,0.9785,1.34,80433.0
IXIC,20071126,2599.8201,2540.99,2613.6899,2539.8101,2567.58,-26.59,-1.0356,2.88,201940.0
IXIC,20071127,2559.3,2546.37,2585.9299,2546.37,2540.99,5.38,0.2117,1.56,216693.0
IXIC,20071128,2607.3301,2662.91,2667.9299,2606.8601,2546.37,116.54,4.5767,2.4,251858.0
IXIC,20071129,2653.3601,2668.13,2675.21,2648.49,2662.91,5.22,0.196,1.0,215717.0
IXIC,20071130,2693.6101,2660.96,2696.24,2642.25,2668.13,-7.17,-0.2687,2.02,257134.0
IXIC,20071203,2654.9099,2637.13,2667.8201,2636.96,2660.96,-23.83,-0.8955,1.16,199471.0
IXIC,20071204,2620.3401,2619.83,2636.01,2613.8301,2637.13,-17.3,-0.656,0.84,204474.0
IXIC,20071205,2649.37,2647.41,2671.72,2647.4099,2619.83,27.58,1.0527,0.93,225884.0
IXIC,20071206,2665.8701,2709.03,2709.1001,2664.71,2647.41,61.62,2.3276,1.68,197068.0
IXIC,20071207,2710.3301,2706.16,2711.96,2695.96,2709.03,-2.87,-0.1059,0.59,185507.0
IXIC,20071210,2711.33,2706.59,2727.8401,2706.59,2706.16,0.43,0.0159,0.79,177654.0
IXIC,20071211,2723.0901,2652.35,2734.8201,2650.22,2706.59,-54.24,-2.004,3.13,219520.0
IXIC,20071212,2703.21,2638.82,2712.5901,2638.82,2652.35,-13.53,-0.5101,2.78,231190.0
IXIC,20071213,2653.26,2641.57,2670.3301,2641.57,2638.82,2.75,0.1042,1.09,214376.0
IXIC,20071214,2647.6799,2635.74,2671.8799,2634.75,2641.57,-5.83,-0.2207,1.41,190239.0
IXIC,20071217,2623.2,2574.46,2626.3701,2574.46,2635.74,-61.28,-2.325,1.97,187311.0
IXIC,20071218,2597.5901,2596.03,2604.3799,2553.99,2574.46,21.57,0.8378,1.96,198259.0
IXIC,20071219,2593.3301,2601.01,2609.73,2583.3201,2596.03,4.98,0.1918,1.02,183592.0
IXIC,20071220,2628.1201,2640.86,2640.8799,2605.21,2601.01,39.85,1.5321,1.37,196047.0
IXIC,20071221,2676.8501,2691.99,2691.99,2671.5901,2640.86,51.13,1.9361,0.77,250880.0
IXIC,20071224,2694.3501,2713.5,2715.77,2694.3501,2691.99,21.51,0.799,0.8,77862.0
IXIC,20071226,2702.8201,2724.41,2727.55,2698.48,2713.5,10.91,0.4021,1.07,124183.0
IXIC,20071227,2715.58,2675.89,2717.1201,2675.8899,2724.41,-48.52,-1.7809,1.51,232482.0
IXIC,20071228,2693.3601,2674.46,2697.77,2661.79,2675.89,-1.43,-0.0534,1.34,133885.0
IXIC,20071231,2660.41,2646.09,2668.6101,2646.09,2674.46,-28.37,-1.0608,0.84,145455.0
IXIC,20080102,2653.9099,2609.63,2661.5,2597.8101,2646.09,-36.46,-1.3779,2.41,207669.0
IXIC,20080103,2612.4,2592.18,2624.27,2592.1799,2609.63,-17.45,-0.6687,1.23,197020.0
IXIC,20080104,2571.0801,2504.65,2571.0801,2502.6799,2592.18,-87.53,-3.3767,2.64,251631.0
IXIC,20080107,2514.1499,2499.46,2521.6201,2471.23,2504.65,-5.19,-0.2072,2.01,260010.0
IXIC,20080108,2508.0,2440.51,2527.4199,2440.51,2499.46,-58.95,-2.3585,3.48,256648.0
IXIC,20080109,2443.8501,2474.55,2474.55,2407.3899,2440.51,34.04,1.3948,2.75,282116.0
IXIC,20080110,2452.1201,2488.52,2503.55,2446.8,2474.55,13.97,0.5645,2.29,264040.0
IXIC,20080111,2471.8601,2439.94,2473.95,2428.8501,2488.52,-48.58,-1.9522,1.81,235549.0
IXIC,20080114,2470.8701,2478.3,2483.1299,2455.3401,2439.94,38.36,1.5722,1.14,213423.0
IXIC,20080115,2449.04,2417.59,2455.29,2412.47,2478.3,-60.71,-2.4497,1.73,239012.0
IXIC,20080116,2390.5601,2394.59,2429.5801,2361.22,2417.59,-23.0,-0.9514,2.83,339733.0
IXIC,20080117,2408.82,2343.65,2416.51,2343.6499,2394.59,-50.94,-2.1273,3.04,278593.0
IXIC,20080118,2365.5601,2340.02,2384.21,2323.29,2343.65,-3.63,-0.1549,2.6,299136.0
IXIC,20080122,2221.2,2221.2,2318.6001,2221.2,2340.02,-118.82,-5.0777,4.16,316143.0
IXIC,20080123,2228.22,2202.54,2320.1299,2202.54,2221.2,-18.66,-0.8401,5.29,365025.0
IXIC,20080124,2328.8601,2360.92,2361.8899,2326.3701,2202.54,158.38,7.1908,1.61,292890.0
IXIC,20080125,2406.65,2322.56,2408.22,2322.56,2360.92,-38.36,-1.6248,3.63,259941.0
IXIC,20080128,2324.8501,2349.91,2349.91,2306.6399,2322.56,27.35,1.1776,1.86,203386.0
IXIC,20080129,2360.4299,2358.06,2362.1101,2332.0,2349.91,8.15,0.3468,1.28,216004.0
IXIC,20080130,2346.3601,2349.0,2396.0,2343.8799,2358.06,-9.06,-0.3842,2.21,261885.0
IXIC,20080131,2317.1101,2389.86,2403.46,2313.52,2349.0,40.86,1.7395,3.83,281342.0
IXIC,20080201,2392.5801,2413.36,2419.23,2374.5,2389.86,23.5,0.9833,1.87,306018.0
IXIC,20080204,2413.4199,2382.85,2413.4199,2382.0901,2413.36,-30.51,-1.2642,1.3,205094.0
IXIC,20080205,2344.8101,2309.57,2359.4299,2309.57,2382.85,-73.28,-3.0753,2.09,250182.0
IXIC,20080206,2327.1799,2278.75,2338.27,2277.27,2309.57,-30.82,-1.3344,2.64,236202.0
IXIC,20080207,2259.6201,2293.03,2318.52,2252.6499,2278.75,14.28,0.6267,2.89,294636.0
IXIC,20080208,2290.69,2280.27,2318.6699,2280.27,2293.03,-12.76,-0.5565,1.67,222933.0
IXIC,20080211,2311.37,2294.42,2326.23,2294.4199,2280.27,14.15,0.6205,1.4,207227.0
IXIC,20080212,2333.3101,2320.04,2349.55,2305.8301,2294.42,25.62,1.1166,1.91,218353.0
IXIC,20080213,2347.74,2338.91,2373.9299,2338.9099,2320.04,18.87,0.8133,1.51,217467.0
IXIC,20080214,2377.99,2328.59,2377.99,2328.59,2338.91,-10.32,-0.4412,2.11,226758.0
IXIC,20080215,2320.5801,2321.8,2329.1699,2305.8101,2328.59,-6.79,-0.2916,1.0,199954.0
IXIC,20080219,2349.61,2300.1,2352.79,2300.1,2321.8,-21.7,-0.9346,2.27,198869.0
IXIC,20080220,2292.8201,2327.1,2331.7,2291.24,2300.1,27.0,1.1739,1.76,225818.0
IXIC,20080221,2344.0801,2299.78,2353.79,2294.77,2327.1,-27.32,-1.174,2.54,227754.0
IXIC,20080222,2306.6101,2303.35,2308.76,2265.3601,2299.78,3.57,0.1552,1.89,232445.0
IXIC,20080225,2303.4099,2327.48,2333.71,2294.3799,2303.35,24.13,1.0476,1.71,215288.0
IXIC,20080226,2314.4199,2344.99,2361.1001,2311.3201,2327.48,17.51,0.7523,2.14,226365.0
IXIC,20080227,2329.1599,2353.78,2363.52,2326.3401,2344.99,8.79,0.3748,1.59,221654.0
IXIC,20080228,2342.5601,2331.57,2352.8799,2324.47,2353.78,-22.21,-0.9436,1.21,203204.0
IXIC,20080229,2309.0601,2271.48,2311.23,2264.97,2331.57,-60.09,-2.5772,1.98,240536.0
IXIC,20080303,2271.26,2258.6,2275.75,2240.3,2271.48,-12.88,-0.567,1.56,214507.0
IXIC,20080304,2243.25,2221.09,2266.3701,2221.09,2258.6,-37.51,-1.6608,2.0,266998.0
IXIC,20080305,2266.49,2272.81,2290.01,2254.2,2221.09,51.72,2.3286,1.61,220909.0
IXIC,20080306,2265.6699,2220.5,2272.2,2219.3301,2272.81,-52.31,-2.3016,2.33,216509.0
IXIC,20080307,2203.9,2186.93,2242.5,2186.9299,2220.5,-33.57,-1.5118,2.5,238698.0
IXIC,20080310,2211.1399,2169.34,2216.8899,2168.6699,2186.93,-17.59,-0.8043,2.2,210101.0
IXIC,20080311,2209.6499,2255.76,2255.76,2192.5,2169.34,86.42,3.9837,2.92,252604.0
IXIC,20080312,2260.01,2241.38,2282.6101,2241.3799,2255.76,-14.38,-0.6375,1.83,207714.0
IXIC,20080313,2216.14,2199.38,2272.55,2199.3799,2241.38,-42.0,-1.8738,3.26,241922.0
IXIC,20080314,2275.69,2191.75,2277.1101,2191.75,2199.38,-7.63,-0.3469,3.88,254731.0
IXIC,20080317,2166.9399,2177.01,2200.53,2155.4199,2191.75,-14.74,-0.6725,2.06,233821.0
IXIC,20080318,2215.6101,2268.26,2268.26,2206.8101,2177.01,91.25,4.1915,2.82,241163.0
IXIC,20080319,2272.1201,2209.96,2280.8999,2209.96,2268.26,-58.3,-2.5703,3.13,226542.0
IXIC,20080320,2224.95,2208.12,2258.1101,2208.12,2209.96,-1.84,-0.0833,2.26,276448.0
IXIC,20080324,2268.2,2326.75,2336.7,2268.2,2208.12,118.63,5.3724,3.1,231260.0
IXIC,20080325,2329.1599,2341.05,2346.78,2312.0601,2326.75,14.3,0.6146,1.49,209906.0
IXIC,20080326,2328.6201,2324.36,2331.1799,2306.49,2341.05,-16.69,-0.7129,1.05,191521.0
IXIC,20080327,2315.04,2280.47,2315.9099,2280.47,2324.36,-43.89,-1.8883,1.52,203877.0
IXIC,20080328,2291.3201,2261.18,2304.71,2256.8701,2280.47,-19.29,-0.8459,2.1,178577.0
IXIC,20080331,2265.1499,2279.1,2289.7,2260.5901,2261.18,17.92,0.7925,1.29,178836.0
IXIC,20080401,2309.45,2305.4,2362.75,2305.3999,2279.1,26.3,1.154,2.52,216012.0
IXIC,20080402,2363.4199,2361.4,2381.21,2347.78,2305.4,56.0,2.4291,1.45,199668.0
IXIC,20080403,2347.9099,2363.3,2373.99,2339.3799,2361.4,1.9,0.0805,1.47,199348.0
IXIC,20080404,2366.9099,2370.98,2391.9299,2351.76,2363.3,7.68,0.325,1.7,197756.0
IXIC,20080407,2386.6201,2364.83,2390.04,2359.54,2370.98,-6.15,-0.2594,1.29,173002.0
IXIC,20080408,2353.5801,2348.76,2359.3999,2337.8401,2364.83,-16.07,-0.6795,0.91,163529.0
IXIC,20080409,2351.9399,2322.12,2353.54,2311.45,2348.76,-26.64,-1.1342,1.79,192205.0
IXIC,20080410,2326.02,2324.39,2363.9099,2324.3899,2322.12,2.27,0.0978,1.7,215900.0
IXIC,20080411,2326.06,2286.19,2328.45,2286.1899,2324.39,-38.2,-1.6434,1.82,190254.0
IXIC,20080414,2285.35,2274.91,2296.73,2274.9099,2286.19,-11.28,-0.4934,0.95,162671.0
IXIC,20080415,2287.4299,2286.04,2291.1201,2266.29,2274.91,11.13,0.4893,1.09,188475.0
IXIC,20080416,2313.4199,2350.11,2352.21,2313.4199,2286.04,64.07,2.8027,1.7,212877.0
IXIC,20080417,2347.3201,2341.83,2348.3101,2327.6599,2350.11,-8.28,-0.3523,0.88,177930.0
IXIC,20080418,2394.52,2402.97,2412.78,2383.24,2341.83,61.14,2.6108,1.26,219092.0
IXIC,20080421,2393.0701,2408.04,2410.97,2389.8201,2402.97,5.07,0.211,0.88,160128.0
IXIC,20080422,2397.1201,2376.94,2397.1699,2361.6699,2408.04,-31.1,-1.2915,1.47,194168.0
IXIC,20080423,2391.6399,2405.21,2412.53,2382.77,2376.94,28.27,1.1893,1.25,218158.0
IXIC,20080424,2408.25,2428.92,2447.28,2383.76,2405.21,23.71,0.9858,2.64,233716.0
IXIC,20080425,2424.6799,2422.93,2427.0901,2391.1499,2428.92,-5.99,-0.2466,1.48,195626.0
IXIC,20080428,2422.6299,2424.4,2437.0,2416.8999,2422.93,1.47,0.0607,0.83,172468.0
IXIC,20080429,2417.57,2412.1,2435.3799,2412.1,2424.4,-12.3,-0.5073,0.96,176903.0
IXIC,20080430,2433.33,2406.37,2451.1899,2406.37,2412.1,-5.73,-0.2376,1.86,212739.0
IXIC,20080501,2416.49,2480.71,2480.71,2416.49,2406.37,74.34,3.0893,2.67,234477.0
IXIC,20080502,2499.1399,2476.99,2499.1399,2461.46,2480.71,-3.72,-0.15,1.52,227951.0
IXIC,20080505,2475.3101,2464.12,2486.05,2458.1201,2476.99,-12.87,-0.5196,1.13,208511.0
IXIC,20080506,2455.1101,2483.31,2488.8301,2445.3701,2464.12,19.19,0.7788,1.76,209726.0
IXIC,20080507,2483.67,2435.76,2496.6499,2435.76,2483.31,-47.55,-1.9148,2.45,223881.0
IXIC,20080508,2450.61,2436.61,2462.51,2436.61,2435.76,0.85,0.0349,1.06,203177.0
IXIC,20080509,2430.32,2429.03,2455.3301,2429.03,2436.61,-7.58,-0.3111,1.08,171151.0
IXIC,20080512,2454.6499,2488.49,2490.22,2446.3601,2429.03,59.46,2.4479,1.81,176933.0
IXIC,20080513,2492.22,2472.58,2498.0701,2472.58,2488.49,-15.91,-0.6393,1.02,189525.0
IXIC,20080514,2505.79,2493.58,2528.3999,2493.58,2472.58,21.0,0.8493,1.41,212927.0
IXIC,20080515,2496.4399,2533.73,2535.1899,2492.95,2493.58,40.15,1.6101,1.69,217632.0
IXIC,20080516,2537.4099,2528.85,2537.4099,2504.1799,2533.73,-4.88,-0.1926,1.31,228609.0
IXIC,20080519,2530.8201,2516.09,2551.47,2505.6001,2528.85,-12.76,-0.5046,1.81,226959.0
IXIC,20080520,2505.8601,2492.26,2506.1899,2479.3701,2516.09,-23.83,-0.9471,1.07,199101.0
IXIC,20080521,2497.3899,2448.27,2508.8999,2444.99,2492.26,-43.99,-1.7651,2.56,216645.0
IXIC,20080522,2453.18,2448.84,2474.53,2448.84,2448.27,0.57,0.0233,1.05,193208.0
IXIC,20080523,2454.1399,2444.67,2456.0,2430.3601,2448.84,-4.17,-0.1703,1.05,173407.0
IXIC,20080527,2447.81,2447.81,2482.0801,2447.81,2444.67,3.14,0.1284,1.4,174271.0
IXIC,20080528,2492.64,2465.59,2493.3799,2465.59,2447.81,17.78,0.7264,1.14,179275.0
IXIC,20080529,2486.0901,2508.32,2522.1399,2485.9199,2465.59,42.73,1.7331,1.47,195610.0
IXIC,20080530,2519.1399,2522.66,2530.1599,2510.6499,2508.32,14.34,0.5717,0.78,215335.0
IXIC,20080602,2514.8201,2491.53,2516.3701,2471.4099,2522.66,-31.13,-1.234,1.78,197276.0
IXIC,20080603,2501.86,2460.56,2513.8899,2460.56,2491.53,-30.97,-1.243,2.14,214804.0
IXIC,20080604,2473.03,2503.14,2518.71,2471.52,2460.56,42.58,1.7305,1.92,215351.0
IXIC,20080605,2509.59,2504.57,2549.9399,2504.57,2503.14,1.43,0.0571,1.81,225476.0
IXIC,20080606,2528.52,2474.56,2529.97,2474.56,2504.57,-30.01,-1.1982,2.21,219224.0
IXIC,20080609,2483.22,2459.46,2485.0,2429.3,2474.56,-15.1,-0.6102,2.25,208463.0
IXIC,20080610,2436.75,2448.94,2466.28,2432.47,2459.46,-10.52,-0.4277,1.37,208143.0
IXIC,20080611,2444.9399,2394.01,2446.28,2394.01,2448.94,-54.93,-2.243,2.13,206581.0
IXIC,20080612,2412.93,2388.49,2432.8799,2388.49,2394.01,-5.52,-0.2306,1.85,227664.0
IXIC,20080613,2423.05,2454.5,2454.5,2417.01,2388.49,66.01,2.7637,1.57,210605.0
IXIC,20080616,2443.1299,2474.78,2479.95,2441.24,2454.5,20.28,0.8262,1.58,187172.0
IXIC,20080617,2481.51,2456.78,2483.1899,2456.78,2474.78,-18.0,-0.7273,1.07,179805.0
IXIC,20080618,2444.53,2422.96,2449.1799,2422.96,2456.78,-33.82,-1.3766,1.07,203070.0
IXIC,20080619,2427.1699,2462.06,2469.1499,2412.3701,2422.96,39.1,1.6137,2.34,229454.0
IXIC,20080620,2441.96,2406.09,2441.96,2394.26,2462.06,-55.97,-2.2733,1.94,257032.0
IXIC,20080623,2415.98,2384.56,2419.6899,2384.56,2406.09,-21.53,-0.8948,1.46,191623.0
IXIC,20080624,2373.92,2352.1,2394.8601,2352.1,2384.56,-32.46,-1.3613,1.79,219592.0
IXIC,20080625,2376.8201,2401.26,2421.25,2376.29,2352.1,49.16,2.09,1.91,215397.0
IXIC,20080626,2365.8601,2321.37,2366.1599,2321.37,2401.26,-79.89,-3.327,1.87,230084.0
IXIC,20080627,2319.6201,2315.63,2329.9399,2290.5901,2321.37,-5.74,-0.2473,1.7,340354.0
IXIC,20080630,2312.4199,2292.98,2325.49,2292.98,2315.63,-22.65,-0.9781,1.4,209640.0
IXIC,20080701,2270.26,2255.79,2306.9099,2255.79,2292.98,-37.19,-1.6219,2.23,265389.0
IXIC,20080702,2311.5701,2251.46,2317.2,2251.3,2255.79,-4.33,-0.192,2.92,237630.0
IXIC,20080703,2261.74,2245.38,2262.96,2227.8,2251.46,-6.08,-0.27,1.56,142367.0
IXIC,20080707,2263.6899,2243.32,2276.54,2214.1599,2245.38,-2.06,-0.0917,2.78,236399.0
IXIC,20080708,2244.8999,2294.44,2294.44,2233.99,2243.32,51.12,2.2788,2.69,246238.0
IXIC,20080709,2290.6299,2234.89,2296.03,2234.5901,2294.44,-59.55,-2.5954,2.68,228556.0
IXIC,20080710,2237.22,2223.04,2267.6699,2223.04,2234.89,-11.85,-0.5302,2.0,230088.0
IXIC,20080711,2233.3799,2239.08,2265.8601,2203.25,2223.04,16.04,0.7215,2.82,234018.0
IXIC,20080714,2262.8601,2212.87,2266.4399,2207.0,2239.08,-26.21,-1.1706,2.65,199799.0
IXIC,20080715,2197.1799,2215.71,2249.1201,2167.29,2212.87,2.84,0.1283,3.7,279841.0
IXIC,20080716,2218.72,2205.71,2284.8501,2205.71,2215.71,-10.0,-0.4513,3.57,242502.0
IXIC,20080717,2296.5701,2312.3,2320.77,2274.27,2205.71,106.59,4.8325,2.11,257067.0
IXIC,20080718,2286.9199,2282.78,2293.1799,2269.55,2312.3,-29.52,-1.2767,1.02,222580.0
IXIC,20080721,2290.44,2270.28,2300.3201,2270.28,2282.78,-12.5,-0.5476,1.32,185941.0
IXIC,20080722,2256.3201,2303.96,2303.96,2252.8401,2270.28,33.68,1.4835,2.25,251031.0
IXIC,20080723,2305.1101,2325.88,2350.0901,2300.2,2303.96,21.92,0.9514,2.17,273018.0
IXIC,20080724,2326.74,2278.91,2329.21,2278.9099,2325.88,-46.97,-2.0195,2.16,249992.0
IXIC,20080725,2294.6899,2310.53,2312.6001,2282.6299,2278.91,31.62,1.3875,1.32,204513.0
IXIC,20080728,2307.1899,2264.22,2317.75,2258.6201,2310.53,-46.31,-2.0043,2.56,193123.0
IXIC,20080729,2274.6101,2319.62,2320.1799,2274.3701,2264.22,55.4,2.4468,2.02,227409.0
IXIC,20080730,2328.57,2299.98,2342.8799,2299.98,2319.62,-19.64,-0.8467,1.85,228094.0
IXIC,20080731,2311.3301,2325.55,2353.3899,2309.6399,2299.98,25.57,1.1117,1.9,231651.0
IXIC,20080801,2326.8301,2310.96,2328.95,2286.4099,2325.55,-14.59,-0.6274,1.83,231214.0
IXIC,20080804,2307.59,2280.93,2309.75,2280.9299,2310.96,-30.03,-1.2995,1.25,201020.0
IXIC,20080805,2308.1399,2349.83,2349.8301,2303.6299,2280.93,68.9,3.0207,2.03,232473.0
IXIC,20080806,2349.1699,2378.37,2385.77,2333.53,2349.83,28.54,1.2146,2.22,222871.0
IXIC,20080807,2360.82,2351.32,2386.4399,2351.32,2378.37,-27.05,-1.1373,1.48,218912.0
IXIC,20080808,2356.8401,2414.1,2416.3999,2352.04,2351.32,62.78,2.67,2.74,218963.0
IXIC,20080811,2408.72,2402.53,2461.6499,2402.53,2414.1,-11.57,-0.4793,2.45,227224.0
IXIC,20080812,2433.32,2421.09,2447.1599,2421.09,2402.53,18.56,0.7725,1.09,205261.0
IXIC,20080813,2424.3201,2428.62,2443.4399,2404.03,2421.09,7.53,0.311,1.63,199549.0
IXIC,20080814,2414.4099,2453.67,2461.1499,2414.4099,2428.62,25.05,1.0315,1.92,183583.0
IXIC,20080815,2463.1001,2452.52,2473.2,2441.05,2453.67,-1.15,-0.0469,1.31,174218.0
IXIC,20080818,2455.07,2404.41,2456.96,2404.4099,2452.52,-48.11,-1.9617,2.14,163261.0
IXIC,20080819,2399.87,2376.67,2410.96,2376.6699,2404.41,-27.74,-1.1537,1.43,171628.0
IXIC,20080820,2396.5801,2389.08,2408.6799,2372.3401,2376.67,12.41,0.5222,1.53,174647.0
IXIC,20080821,2370.87,2360.39,2387.72,2360.3899,2389.08,-28.69,-1.2009,1.14,156243.0
IXIC,20080822,2390.3401,2414.71,2417.6299,2390.3401,2360.39,54.32,2.3013,1.16,136591.0
IXIC,20080825,2399.73,2365.59,2399.73,2362.2,2414.71,-49.12,-2.0342,1.55,236692.0
IXIC,20080826,2364.3101,2361.97,2377.04,2345.79,2365.59,-3.62,-0.153,1.32,125698.0
IXIC,20080827,2362.8601,2382.46,2395.02,2358.9299,2361.97,20.49,0.8675,1.53,154070.0
IXIC,20080828,2390.1101,2411.64,2412.8401,2388.55,2382.46,29.18,1.2248,1.02,158268.0
IXIC,20080829,2388.6699,2367.52,2393.49,2360.9099,2411.64,-44.12,-1.8295,1.35,155903.0
IXIC,20080902,2402.1101,2349.24,2413.1101,2338.3701,2367.52,-18.28,-0.7721,3.16,201058.0
IXIC,20080903,2346.8101,2333.73,2357.4299,2320.9099,2349.24,-15.51,-0.6602,1.55,206214.0
IXIC,20080904,2315.1799,2259.04,2317.3201,2259.04,2333.73,-74.69,-3.2005,2.5,233232.0
IXIC,20080905,2241.6201,2255.88,2264.3501,2216.99,2259.04,-3.16,-0.1399,2.1,226103.0
IXIC,20080908,2296.1799,2269.76,2303.8899,2236.97,2255.88,13.88,0.6153,2.97,256630.0
IXIC,20080909,2269.9299,2209.81,2285.54,2209.81,2269.76,-59.95,-2.6412,3.34,259059.0
IXIC,20080910,2235.82,2209.59,2247.6299,2209.59,2209.81,-0.22,-0.01,1.72,225036.0
IXIC,20080911,2199.03,2258.22,2259.25,2191.53,2209.59,48.63,2.2009,3.06,226967.0
IXIC,20080912,2241.4,2228.0,2268.8301,2228.0,2258.22,-30.22,-1.3382,1.81,197359.0
IXIC,20080915,2196.22,2179.91,2244.8799,2179.9099,2228.0,-48.09,-2.1584,2.92,269782.0
IXIC,20080916,2149.6499,2207.9,2214.29,2145.1699,2179.91,27.99,1.284,3.17,318763.0
IXIC,20080917,2177.5801,2098.85,2183.25,2098.85,2207.9,-109.05,-4.9391,3.82,310201.0
IXIC,20080918,2137.4199,2199.1,2201.71,2070.22,2098.85,100.25,4.7764,6.26,386729.0
IXIC,20080919,2303.8999,2273.9,2318.4299,2239.73,2199.1,74.8,3.4014,3.58,389823.0
IXIC,20080922,2265.77,2178.98,2266.45,2178.98,2273.9,-94.92,-4.1743,3.85,188116.0
IXIC,20080923,2187.61,2151.77,2209.6201,2151.77,2178.98,-27.21,-1.2487,2.65,197418.0
IXIC,20080924,2163.24,2147.36,2179.9299,2147.36,2151.77,-4.41,-0.2049,1.51,181817.0
IXIC,20080925,2172.47,2167.06,2210.74,2167.06,2147.36,19.7,0.9174,2.03,184633.0
IXIC,20080926,2144.0601,2183.34,2187.53,2136.8501,2167.06,16.28,0.7512,2.34,194920.0
IXIC,20080929,2147.1599,1983.73,2152.6899,1983.73,2183.34,-199.61,-9.1424,7.74,280810.0
IXIC,20080930,2033.6899,2091.88,2094.3101,2015.9301,1983.73,108.15,5.4519,3.95,237624.0
IXIC,20081001,2075.1001,2069.4,2083.2,2046.0601,2091.88,-22.48,-1.0746,1.78,189933.0
IXIC,20081002,2059.16,1975.0,2059.16,1975.0,2069.4,-94.4,-4.5617,4.07,217375.0
IXIC,20081003,2002.7,1947.19,2046.8101,1947.1899,1975.0,-27.81,-1.4081,5.04,250148.0
IXIC,20081006,1898.63,1862.96,1905.01,1777.02,1947.19,-84.23,-4.3257,6.57,350225.0
IXIC,20081007,1867.97,1754.88,1886.35,1754.88,1862.96,-108.08,-5.8015,7.06,282581.0
IXIC,20081008,1710.96,1740.33,1806.89,1706.86,1754.88,-14.55,-0.8291,5.7,351607.0
IXIC,20081009,1766.25,1645.12,1787.41,1634.88,1740.33,-95.21,-5.4708,8.76,262231.0
IXIC,20081010,1590.77,1649.51,1690.77,1542.45,1645.12,4.39,0.2669,9.02,416409.0
IXIC,20081013,1734.6,1844.25,1844.25,1715.74,1649.51,194.74,11.8059,7.79,266569.0
IXIC,20081014,1894.87,1779.01,1896.95,1752.89,1844.25,-65.24,-3.5375,7.81,291285.0
IXIC,20081015,1754.62,1628.33,1761.23,1628.33,1779.01,-150.68,-8.4699,7.47,254018.0
IXIC,20081016,1644.55,1717.71,1717.72,1565.72,1628.33,89.38,5.4891,9.33,333104.0
IXIC,20081017,1678.78,1711.29,1782.58,1670.28,1717.71,-6.42,-0.3738,6.54,271103.0
IXIC,20081020,1735.13,1770.03,1770.05,1698.01,1711.29,58.74,3.4325,4.21,202175.0
IXIC,20081021,1741.84,1696.68,1768.54,1695.12,1770.03,-73.35,-4.144,4.15,209981.0
IXIC,20081022,1671.23,1615.75,1678.71,1587.22,1696.68,-80.93,-4.7699,5.39,256081.0
IXIC,20081023,1621.11,1603.91,1645.5,1533.55,1615.75,-11.84,-0.7328,6.93,310470.0
IXIC,20081024,1493.79,1552.03,1584.27,1493.79,1603.91,-51.88,-3.2346,5.64,269194.0
IXIC,20081027,1528.99,1503.81,1574.54,1503.81,1552.03,-48.22,-3.1069,4.56,222443.0
IXIC,20081028,1552.24,1649.47,1649.47,1504.13,1503.81,145.66,9.6861,9.66,277754.0
IXIC,20081029,1643.98,1657.21,1705.51,1622.01,1649.47,7.74,0.4692,5.06,274872.0
IXIC,20081030,1698.4301,1698.52,1712.5601,1658.45,1657.21,41.31,2.4927,3.27,250442.0
IXIC,20081031,1686.65,1673.32,1742.54,1673.3199,1698.52,-25.2,-1.4836,4.08,243712.0
IXIC,20081103,1718.89,1726.33,1738.53,1713.39,1673.32,53.01,3.168,1.5,177088.0
IXIC,20081104,1762.27,1739.81,1785.84,1739.81,1726.33,13.48,0.7808,2.67,230635.0
IXIC,20081105,1759.68,1679.19,1764.4301,1679.1899,1739.81,-60.62,-3.4843,4.9,209241.0
IXIC,20081106,1659.5699,1608.7,1676.92,1603.87,1679.19,-70.49,-4.1979,4.35,236788.0
IXIC,20081107,1629.6899,1647.4,1654.25,1615.51,1608.7,38.7,2.4057,2.41,188623.0
IXIC,20081110,1680.67,1616.74,1680.67,1603.33,1647.4,-30.66,-1.8611,4.69,167490.0
IXIC,20081111,1598.59,1580.9,1612.42,1563.95,1616.74,-35.84,-2.2168,3.0,190908.0
IXIC,20081112,1555.17,1499.21,1562.78,1499.21,1580.9,-81.69,-5.1673,4.02,212087.0
IXIC,20081113,1503.0601,1596.7,1596.7,1428.54,1499.21,97.49,6.5028,11.22,300955.0
IXIC,20081114,1560.59,1516.85,1587.76,1513.09,1596.7,-79.85,-5.0009,4.68,224375.0
IXIC,20081117,1494.74,1482.05,1526.96,1481.7,1516.85,-34.8,-2.2942,2.98,183154.0
IXIC,20081118,1488.9301,1483.27,1498.42,1429.92,1482.05,1.22,0.0823,4.62,234923.0
IXIC,20081119,1479.13,1386.42,1493.05,1386.42,1483.27,-96.85,-6.5295,7.19,237288.0
IXIC,20081120,1372.92,1314.9,1414.4301,1314.9,1386.42,-71.52,-5.1586,7.18,314765.0
IXIC,20081121,1346.77,1384.35,1384.35,1295.48,1314.9,69.45,5.2818,6.76,307128.0
IXIC,20081124,1408.75,1384.35,1480.41,1384.35,1384.35,0.0,0.0,6.94,255362.0
IXIC,20081125,1472.02,1464.73,1486.22,1430.4,1384.35,80.38,5.8063,4.03,245751.0
IXIC,20081126,1441.21,1532.1,1532.1,1441.21,1464.73,67.37,4.5995,6.21,198002.0
IXIC,20081128,1517.95,1535.57,1535.57,1512.41,1532.1,3.47,0.2265,1.51,78758.0
IXIC,20081201,1501.15,1398.07,1501.15,1398.0699,1535.57,-137.5,-8.9543,6.71,190447.0
IXIC,20081202,1423.85,1449.8,1450.83,1399.88,1398.07,51.73,3.7001,3.64,205673.0
IXIC,20081203,1414.28,1414.04,1493.0601,1414.04,1449.8,-35.76,-2.4665,5.45,224015.0
IXIC,20081204,1465.77,1445.56,1500.95,1426.41,1414.04,31.52,2.2291,5.27,202011.0
IXIC,20081205,1426.9301,1509.31,1510.39,1404.8,1445.56,63.75,4.4101,7.3,217772.0
IXIC,20081208,1541.4399,1571.74,1583.8101,1536.71,1509.31,62.43,4.1363,3.12,229081.0
IXIC,20081209,1546.54,1547.34,1602.92,1538.25,1571.74,-24.4,-1.5524,4.11,224647.0
IXIC,20081210,1563.66,1565.48,1584.16,1542.08,1547.34,18.14,1.1723,2.72,195560.0
IXIC,20081211,1548.47,1507.88,1568.61,1501.7,1565.48,-57.6,-3.6794,4.27,201819.0
IXIC,20081212,1482.55,1540.72,1543.04,1478.03,1507.88,32.84,2.1779,4.31,186990.0
IXIC,20081215,1544.16,1508.34,1544.16,1491.36,1540.72,-32.38,-2.1016,3.43,167789.0
IXIC,20081216,1526.0601,1589.89,1589.89,1526.0,1508.34,81.55,5.4066,4.24,218096.0
IXIC,20081217,1568.88,1579.31,1598.33,1560.05,1589.89,-10.58,-0.6655,2.41,211137.0
IXIC,20081218,1583.17,1552.37,1591.7,1535.38,1579.31,-26.94,-1.7058,3.57,209232.0
IXIC,20081219,1572.75,1564.32,1593.35,1557.05,1552.37,11.95,0.7698,2.34,265144.0
IXIC,20081222,1562.17,1532.35,1563.79,1503.66,1564.32,-31.97,-2.0437,3.84,162932.0
IXIC,20081223,1542.12,1512.84,1548.42,1512.84,1532.35,-19.51,-1.2732,2.32,133105.0
IXIC,20081224,1525.15,1524.9,1527.23,1516.15,1512.84,12.06,0.7972,0.73,49099.0
IXIC,20081226,1531.2,1530.24,1532.13,1518.97,1524.9,5.34,0.3502,0.86,59276.0
IXIC,20081229,1529.54,1510.32,1530.92,1493.45,1530.24,-19.92,-1.3018,2.45,118624.0
IXIC,20081230,1521.1801,1550.7,1550.7,1517.26,1510.32,40.38,2.6736,2.21,137418.0
IXIC,20081231,1551.13,1548.93,1586.76,1548.93,1550.7,-1.77,-0.1141,2.44,152122.0
IXIC,20090102,1578.87,1632.21,1636.03,1571.98,1548.93,83.28,5.3766,4.14,143841.0
IXIC,20090105,1621.48,1628.03,1640.46,1604.63,1632.21,-4.18,-0.2561,2.2,181658.0
IXIC,20090106,1642.37,1652.38,1665.63,1636.25,1628.03,24.35,1.4957,1.8,213764.0
IXIC,20090107,1621.63,1599.06,1625.37,1588.2,1652.38,-53.32,-3.2269,2.25,202017.0
IXIC,20090108,1590.25,1617.01,1617.01,1584.28,1599.06,17.95,1.1225,2.05,196816.0
IXIC,20090109,1617.05,1571.59,1617.26,1569.87,1617.01,-45.42,-2.8089,2.93,190739.0
IXIC,20090112,1573.45,1538.79,1573.46,1528.0,1571.59,-32.8,-2.0871,2.89,176359.0
IXIC,20090113,1537.42,1546.46,1557.95,1527.47,1538.79,7.67,0.4984,1.98,196557.0
IXIC,20090114,1521.71,1489.64,1528.65,1485.26,1546.46,-56.82,-3.6742,2.81,191998.0
IXIC,20090115,1489.46,1511.84,1521.58,1456.72,1489.64,22.2,1.4903,4.35,250787.0
IXIC,20090116,1534.91,1490.72,1538.44,1490.72,1511.84,-21.12,-1.397,3.16,223507.0
IXIC,20090120,1520.76,1440.86,1521.85,1440.86,1490.72,-49.86,-3.3447,5.43,198961.0
IXIC,20090121,1466.4,1507.07,1507.52,1444.9,1440.86,66.21,4.5952,4.35,212008.0
IXIC,20090122,1470.85,1465.49,1492.47,1444.08,1507.07,-41.58,-2.759,3.21,228619.0
IXIC,20090123,1440.78,1477.29,1495.27,1434.08,1465.49,11.8,0.8052,4.18,221084.0
IXIC,20090126,1479.23,1470.82,1514.24,1470.8101,1477.29,-6.47,-0.438,2.94,181540.0
IXIC,20090127,1496.9,1488.82,1513.1,1488.8101,1470.82,18.0,1.2238,1.65,178411.0
IXIC,20090128,1530.48,1558.34,1568.33,1530.03,1488.82,69.52,4.6695,2.57,212225.0
IXIC,20090129,1537.47,1507.84,1537.84,1505.7,1558.34,-50.5,-3.2406,2.06,193210.0
IXIC,20090130,1519.46,1476.42,1523.45,1472.51,1507.84,-31.42,-2.0838,3.38,205459.0
IXIC,20090202,1460.85,1494.43,1502.72,1460.51,1476.42,18.01,1.2198,2.86,198708.0
IXIC,20090203,1499.59,1516.3,1521.21,1479.42,1494.43,21.87,1.4634,2.8,204984.0
IXIC,20090204,1517.1899,1515.05,1549.64,1508.87,1516.3,-1.25,-0.0824,2.69,219705.0
IXIC,20090205,1498.59,1546.24,1554.37,1495.52,1515.05,31.19,2.0587,3.88,251175.0
IXIC,20090206,1547.0,1591.71,1594.26,1545.85,1546.24,45.47,2.9407,3.13,238953.0
IXIC,20090209,1590.74,1591.56,1598.23,1576.1,1591.71,-0.15,-0.0094,1.39,190694.0
IXIC,20090210,1577.87,1521.16,1598.35,1521.16,1591.56,-70.4,-4.4233,4.85,244337.0
IXIC,20090211,1531.58,1530.5,1542.84,1509.35,1521.16,9.34,0.614,2.2,223645.0
IXIC,20090212,1510.17,1541.71,1542.51,1495.34,1530.5,11.21,0.7324,3.08,242825.0
IXIC,20090213,1540.06,1530.16,1552.5699,1530.16,1541.71,-11.55,-0.7492,1.45,199019.0
IXIC,20090217,1492.32,1467.85,1492.57,1467.85,1530.16,-62.31,-4.0721,1.62,233537.0
IXIC,20090218,1480.65,1467.97,1487.92,1454.46,1467.85,0.12,0.0082,2.28,202971.0
IXIC,20090219,1478.55,1442.82,1485.14,1442.53,1467.97,-25.15,-1.7133,2.9,199100.0
IXIC,20090220,1427.03,1441.23,1454.39,1416.96,1442.82,-1.59,-0.1102,2.59,252604.0
IXIC,20090223,1447.8,1386.86,1452.58,1386.86,1441.23,-54.37,-3.7725,4.56,197774.0
IXIC,20090224,1393.57,1393.57,1445.0699,1393.57,1386.86,6.71,0.4838,3.71,233966.0
IXIC,20090225,1428.76,1425.43,1453.66,1404.54,1393.57,31.86,2.2862,3.52,234538.0
IXIC,20090226,1436.85,1391.47,1444.83,1391.47,1425.43,-33.96,-2.3824,3.74,230199.0
IXIC,20090227,1376.5601,1377.84,1401.97,1372.42,1391.47,-13.63,-0.9795,2.12,239328.0
IXIC,20090302,1356.13,1322.85,1372.0,1322.13,1377.84,-54.99,-3.991,3.62,203311.0
IXIC,20090303,1341.42,1321.01,1346.88,1312.98,1322.85,-1.84,-0.1391,2.56,233888.0
IXIC,20090304,1340.38,1353.74,1370.29,1333.88,1321.01,32.73,2.4777,2.76,230518.0
IXIC,20090305,1332.38,1299.59,1342.86,1298.33,1353.74,-54.15,-4.0,3.29,232584.0
IXIC,20090306,1310.59,1293.85,1320.51,1268.54,1299.59,-5.74,-0.4417,4.0,244382.0
IXIC,20090309,1284.84,1268.64,1316.15,1265.52,1293.85,-25.21,-1.9484,3.91,203713.0
IXIC,20090310,1288.95,1358.28,1358.28,1288.95,1268.64,89.64,7.0658,5.46,235973.0
IXIC,20090311,1364.8,1371.64,1385.29,1352.6,1358.28,13.36,0.9836,2.41,216905.0
IXIC,20090312,1367.78,1426.1,1427.55,1355.05,1371.64,54.46,3.9704,5.29,239277.0
IXIC,20090313,1427.03,1431.5,1433.98,1408.26,1426.1,5.4,0.3787,1.8,202217.0
IXIC,20090316,1445.27,1404.02,1445.27,1402.48,1431.5,-27.48,-1.9197,2.99,209946.0
IXIC,20090317,1409.67,1405.32,1462.11,1405.3199,1404.02,1.3,0.0926,4.04,207323.0
IXIC,20090318,1454.4399,1491.22,1507.4,1448.67,1405.32,85.9,6.1125,4.18,276495.0
IXIC,20090319,1509.0601,1483.48,1509.0601,1475.49,1491.22,-7.74,-0.519,2.25,232351.0
IXIC,20090320,1488.15,1457.27,1501.78,1448.78,1483.48,-26.21,-1.7668,3.57,239447.0
IXIC,20090323,1491.26,1555.77,1555.77,1482.15,1457.27,98.5,6.7592,5.05,217259.0
IXIC,20090324,1535.6801,1516.52,1546.21,1515.63,1555.77,-39.25,-2.5229,1.97,200953.0
IXIC,20090325,1527.59,1487.94,1554.25,1487.9399,1516.52,-28.58,-1.8846,4.37,243118.0
IXIC,20090326,1549.4,1587.0,1587.0,1545.21,1487.94,99.06,6.6575,2.81,253505.0
IXIC,20090327,1564.12,1543.43,1569.21,1543.43,1587.0,-43.57,-2.7454,1.62,207167.0
IXIC,20090330,1516.79,1484.98,1517.0601,1484.98,1543.43,-58.45,-3.787,2.08,202020.0
IXIC,20090331,1518.7,1528.59,1554.47,1518.01,1484.98,43.61,2.9367,2.46,215741.0
IXIC,20090401,1504.87,1551.6,1553.03,1498.54,1528.59,23.01,1.5053,3.56,225658.0
IXIC,20090402,1579.97,1576.82,1623.34,1576.8199,1551.6,25.22,1.6254,3.0,283360.0
IXIC,20090403,1609.05,1621.87,1621.87,1593.05,1576.82,45.05,2.857,1.83,211338.0
IXIC,20090406,1602.24,1606.71,1607.6,1580.65,1621.87,-15.16,-0.9347,1.66,199809.0
IXIC,20090407,1585.58,1561.61,1588.0,1559.46,1606.71,-45.1,-2.807,1.78,185470.0
IXIC,20090408,1576.9301,1590.66,1595.97,1567.22,1561.61,29.05,1.8603,1.84,183790.0
IXIC,20090409,1618.83,1652.54,1652.54,1616.25,1590.66,61.88,3.8902,2.28,216545.0
IXIC,20090413,1641.61,1653.31,1660.83,1630.54,1652.54,0.77,0.0466,1.83,182453.0
IXIC,20090414,1637.5,1625.72,1651.28,1618.04,1653.31,-27.59,-1.6688,2.01,225365.0
IXIC,20090415,1613.5601,1626.8,1627.72,1599.11,1625.72,1.08,0.0664,1.76,204260.0
IXIC,20090416,1645.52,1670.44,1676.17,1628.08,1626.8,43.64,2.6826,2.96,239062.0
IXIC,20090417,1665.6,1673.07,1682.24,1653.84,1670.44,2.63,0.1574,1.7,241844.0
IXIC,20090420,1641.35,1606.86,1643.3199,1606.86,1673.07,-66.21,-3.9574,2.18,306185.0
IXIC,20090421,1599.03,1598.93,1643.85,1598.93,1606.86,-7.93,-0.4935,2.8,242299.0
IXIC,20090422,1630.14,1624.73,1679.8199,1624.73,1598.93,25.8,1.6136,3.45,265748.0
IXIC,20090423,1651.47,1652.21,1654.85,1625.88,1624.73,27.48,1.6914,1.78,246350.0
IXIC,20090424,1666.4301,1694.29,1702.87,1657.49,1652.21,42.08,2.5469,2.75,254715.0
IXIC,20090427,1672.87,1679.41,1700.53,1670.49,1694.29,-14.88,-0.8782,1.77,220370.0
IXIC,20090428,1668.26,1661.4,1690.0601,1661.4,1679.41,-18.01,-1.0724,1.71,208041.0
IXIC,20090429,1688.66,1687.29,1726.6899,1687.29,1661.4,25.89,1.5583,2.37,238572.0
IXIC,20090430,1732.47,1710.07,1753.61,1710.0699,1687.29,22.78,1.3501,2.58,287130.0
IXIC,20090501,1719.29,1719.2,1728.1,1703.52,1710.07,9.13,0.5339,1.44,216593.0
IXIC,20090504,1733.71,1729.31,1763.5601,1729.31,1719.2,10.11,0.5881,1.99,252480.0
IXIC,20090505,1757.26,1754.12,1759.42,1735.37,1729.31,24.81,1.4347,1.39,253829.0
IXIC,20090506,1768.6899,1759.1,1770.29,1730.97,1754.12,4.98,0.2839,2.24,296651.0
IXIC,20090507,1772.1,1716.24,1773.13,1702.54,1759.1,-42.86,-2.4365,4.01,329936.0
IXIC,20090508,1733.5,1739.0,1747.41,1711.01,1716.24,22.76,1.3262,2.12,320631.0
IXIC,20090511,1713.65,1731.24,1747.97,1705.87,1739.0,-7.76,-0.4462,2.42,254345.0
IXIC,20090512,1742.86,1715.92,1743.52,1695.87,1731.24,-15.32,-0.8849,2.75,247515.0
IXIC,20090513,1696.8,1664.19,1697.76,1664.1899,1715.92,-51.73,-3.0147,1.96,235641.0
IXIC,20090514,1672.48,1667.94,1701.22,1667.9399,1664.19,3.75,0.2253,2.0,216262.0
IXIC,20090515,1687.49,1676.56,1703.45,1676.56,1667.94,8.62,0.5168,1.61,205750.0
IXIC,20090518,1696.8199,1732.36,1732.36,1689.55,1676.56,55.8,3.3282,2.55,202325.0
IXIC,20090519,1727.0,1734.54,1750.05,1719.92,1732.36,2.18,0.1258,1.74,207639.0
IXIC,20090520,1743.6,1722.32,1767.47,1722.3199,1734.54,-12.22,-0.7045,2.6,226178.0
IXIC,20090521,1709.83,1695.25,1719.58,1677.77,1722.32,-27.07,-1.5717,2.43,220661.0
IXIC,20090522,1702.0601,1692.01,1711.98,1682.24,1695.25,-3.24,-0.1911,1.75,161952.0
IXIC,20090526,1677.72,1750.43,1751.47,1677.54,1692.01,58.42,3.4527,4.37,209565.0
IXIC,20090527,1745.5601,1731.08,1768.22,1728.96,1750.43,-19.35,-1.1054,2.24,211810.0
IXIC,20090528,1744.23,1751.79,1754.95,1714.48,1731.08,20.71,1.1964,2.34,218909.0
IXIC,20090529,1756.26,1774.33,1774.33,1742.99,1751.79,22.54,1.2867,1.79,246531.0
IXIC,20090601,1796.09,1792.8,1833.1801,1792.8,1774.33,18.47,1.041,2.28,260034.0
IXIC,20090602,1821.22,1836.8,1846.65,1815.83,1792.8,44.0,2.4543,1.72,261169.0
IXIC,20090603,1825.6,1825.92,1828.09,1806.51,1836.8,-10.88,-0.5923,1.17,224695.0
IXIC,20090604,1829.84,1850.02,1850.04,1825.62,1825.92,24.1,1.3199,1.34,246884.0
IXIC,20090605,1864.02,1849.42,1865.95,1834.63,1850.02,-0.6,-0.0324,1.69,231059.0
IXIC,20090608,1836.87,1842.4,1857.8,1818.59,1849.42,-7.02,-0.3796,2.12,197298.0
IXIC,20090609,1850.48,1860.13,1869.52,1846.26,1842.4,17.73,0.9623,1.26,214037.0
IXIC,20090610,1872.01,1853.08,1872.7,1827.61,1860.13,-7.05,-0.379,2.42,234787.0
IXIC,20090611,1854.75,1862.37,1879.92,1854.75,1853.08,9.29,0.5013,1.36,246386.0
IXIC,20090612,1852.4301,1858.8,1858.8,1833.39,1862.37,-3.57,-0.1917,1.36,201356.0
IXIC,20090615,1837.9399,1816.38,1838.33,1803.0699,1858.8,-42.42,-2.2821,1.9,215470.0
IXIC,20090616,1825.2,1795.55,1831.1801,1795.55,1816.38,-20.83,-1.1468,1.96,222770.0
IXIC,20090617,1799.22,1808.06,1824.2,1785.34,1795.55,12.51,0.6967,2.16,252318.0
IXIC,20090618,1809.04,1807.72,1816.6,1795.74,1808.06,-0.34,-0.0188,1.15,206783.0
IXIC,20090619,1824.99,1817.07,1837.58,1817.0699,1807.72,9.35,0.5172,1.13,286442.0
IXIC,20090622,1809.53,1766.19,1810.58,1765.85,1817.07,-50.88,-2.8001,2.46,231897.0
IXIC,20090623,1771.42,1764.92,1777.58,1753.78,1766.19,-1.27,-0.0719,1.35,215248.0
IXIC,20090624,1780.88,1792.34,1807.08,1780.25,1764.92,27.42,1.5536,1.52,215057.0
IXIC,20090625,1783.1899,1829.54,1829.67,1779.1801,1792.34,37.2,2.0755,2.82,222798.0
IXIC,20090626,1819.16,1838.22,1840.98,1816.84,1829.54,8.68,0.4744,1.32,398994.0
IXIC,20090629,1842.09,1844.06,1854.09,1825.03,1838.22,5.84,0.3177,1.58,198145.0
IXIC,20090630,1845.47,1824.95,1854.6899,1824.95,1844.06,-19.11,-1.0363,1.61,204498.0
IXIC,20090701,1846.12,1845.72,1861.62,1843.79,1824.95,20.77,1.1381,0.98,197105.0
IXIC,20090702,1823.6899,1796.52,1823.91,1795.95,1845.72,-49.2,-2.6656,1.51,192307.0
IXIC,20090706,1783.5,1787.4,1793.42,1770.11,1796.52,-9.12,-0.5076,1.3,197053.0
IXIC,20090707,1787.4399,1746.17,1788.97,1745.38,1787.4,-41.23,-2.3067,2.44,202724.0
IXIC,20090708,1756.0,1747.17,1757.67,1727.05,1746.17,1.0,0.0573,1.75,246752.0
IXIC,20090709,1756.97,1747.44,1763.63,1747.4399,1747.17,0.27,0.0155,0.93,186828.0
IXIC,20090710,1744.61,1756.03,1764.11,1738.26,1747.44,8.59,0.4916,1.48,165801.0
IXIC,20090713,1761.03,1793.21,1793.21,1736.95,1756.03,37.18,2.1173,3.2,189941.0
IXIC,20090714,1790.7,1799.73,1800.73,1782.85,1793.21,6.52,0.3636,1.0,185691.0
IXIC,20090715,1827.61,1824.31,1863.29,1824.31,1799.73,24.58,1.3658,2.17,254334.0
IXIC,20090716,1856.05,1885.03,1887.89,1854.7,1824.31,60.72,3.3284,1.82,207273.0
IXIC,20090717,1880.3101,1886.61,1887.34,1873.8101,1885.03,1.58,0.0838,0.72,187676.0
IXIC,20090720,1896.99,1909.29,1909.89,1890.0,1886.61,22.68,1.2022,1.05,204635.0
IXIC,20090721,1917.39,1916.2,1917.46,1892.17,1909.29,6.91,0.3619,1.32,220523.0
IXIC,20090722,1908.83,1926.38,1934.61,1907.25,1916.2,10.18,0.5313,1.43,230634.0
IXIC,20090723,1924.96,1973.6,1979.34,1924.77,1926.38,47.22,2.4512,2.83,302143.0
IXIC,20090724,1943.23,1965.96,1966.26,1937.64,1973.6,-7.64,-0.3871,1.45,223292.0
IXIC,20090727,1964.62,1967.89,1971.38,1946.95,1965.96,1.93,0.0982,1.24,214169.0
IXIC,20090728,1957.26,1947.89,1978.4301,1947.89,1967.89,-20.0,-1.0163,1.55,220685.0
IXIC,20090729,1965.3199,1967.76,1970.65,1953.36,1947.89,19.87,1.0201,0.89,207265.0
IXIC,20090730,1986.21,1980.08,2009.8101,1980.08,1967.76,12.32,0.6261,1.51,252567.0
IXIC,20090731,1980.72,1978.5,1995.05,1977.65,1980.08,-1.58,-0.0798,0.88,219038.0
IXIC,20090803,1998.35,2008.61,2008.61,1985.88,1978.5,30.11,1.5219,1.15,215572.0
IXIC,20090804,1996.38,2011.31,2015.59,1993.74,2008.61,2.7,0.1344,1.09,223501.0
IXIC,20090805,2014.45,1980.68,2014.45,1980.68,2011.31,-30.63,-1.5229,1.68,235355.0
IXIC,20090806,1999.21,1967.68,2004.37,1967.68,1980.68,-13.0,-0.6563,1.85,240840.0
IXIC,20090807,1997.0,2000.25,2012.33,1984.5,1967.68,32.57,1.6552,1.41,232398.0
IXIC,20090810,1991.4399,1992.24,1999.55,1979.39,2000.25,-8.01,-0.4005,1.01,184470.0
IXIC,20090811,1985.0601,1969.73,1986.85,1962.08,1992.24,-22.51,-1.1299,1.24,191553.0
IXIC,20090812,1970.95,1998.72,2015.26,1970.25,1969.73,28.99,1.4718,2.29,214019.0
IXIC,20090813,2009.27,1986.87,2013.4301,1986.87,1998.72,-11.85,-0.5929,1.33,208437.0
IXIC,20090814,2005.79,1969.68,2006.73,1969.68,1986.87,-17.19,-0.8652,1.86,192341.0
IXIC,20090817,1949.23,1930.84,1949.23,1929.64,1969.68,-38.84,-1.9719,0.99,192419.0
IXIC,20090818,1940.55,1955.92,1958.71,1935.33,1930.84,25.08,1.2989,1.21,174942.0
IXIC,20090819,1933.39,1931.91,1972.3199,1931.91,1955.92,-24.01,-1.2276,2.07,197775.0
IXIC,20090820,1967.5699,1989.22,1992.22,1965.6899,1931.91,57.31,2.9665,1.37,195847.0
IXIC,20090821,2000.15,2020.9,2021.86,1994.33,1989.22,31.68,1.5926,1.38,225914.0
IXIC,20090824,2026.11,2017.98,2036.03,2012.0,2020.9,-2.92,-0.1445,1.19,204637.0
IXIC,20090825,2025.59,2024.23,2040.59,2019.17,2017.98,6.25,0.3097,1.06,193698.0
IXIC,20090826,2021.3,2013.52,2034.3101,2013.52,2024.23,-10.71,-0.5291,1.03,203756.0
IXIC,20090827,2021.3101,2027.73,2029.27,1993.03,2013.52,14.21,0.7057,1.8,214054.0
IXIC,20090828,2050.53,2028.77,2059.48,2017.42,2027.73,1.04,0.0513,2.07,234018.0
IXIC,20090831,2011.14,2009.06,2013.65,1997.53,2028.77,-19.71,-0.9715,0.79,225621.0
IXIC,20090901,2001.3,1968.89,2034.78,1965.48,2009.06,-40.17,-1.9994,3.45,277857.0
IXIC,20090902,1960.0699,1967.07,1976.35,1958.51,1968.89,-1.82,-0.0924,0.91,197433.0
IXIC,20090903,1975.85,1983.2,1983.37,1958.04,1967.07,16.13,0.82,1.29,185345.0
IXIC,20090904,1986.98,2018.78,2018.92,1982.05,1983.2,35.58,1.7941,1.86,172215.0
IXIC,20090908,2034.74,2037.77,2038.63,2023.03,2018.78,18.99,0.9407,0.77,203718.0
IXIC,20090909,2038.92,2033.47,2066.3401,2033.47,2037.77,-4.3,-0.211,1.61,249393.0
IXIC,20090910,2059.48,2084.02,2084.02,2055.49,2033.47,50.55,2.4859,1.4,245133.0
IXIC,20090911,2083.3401,2080.9,2088.9299,2070.02,2084.02,-3.12,-0.1497,0.91,231805.0
IXIC,20090914,2066.1499,2091.78,2091.78,2065.8,2080.9,10.88,0.5229,1.25,215760.0
IXIC,20090915,2090.3301,2102.64,2106.9299,2086.1599,2091.78,10.86,0.5192,0.99,237299.0
IXIC,20090916,2110.0601,2133.15,2133.15,2102.8601,2102.64,30.51,1.451,1.44,270708.0
IXIC,20090917,2129.4199,2126.75,2140.6001,2118.5,2133.15,-6.4,-0.3,1.04,261578.0
IXIC,20090918,2134.8501,2132.86,2138.8201,2120.7,2126.75,6.11,0.2873,0.85,302301.0
IXIC,20090921,2121.3401,2138.04,2142.4099,2118.48,2132.86,5.18,0.2429,1.12,240886.0
IXIC,20090922,2150.02,2137.39,2150.6799,2137.3899,2138.04,-0.65,-0.0304,0.62,249048.0
IXIC,20090923,2152.4299,2131.42,2167.7,2130.3401,2137.39,-5.97,-0.2793,1.75,268325.0
IXIC,20090924,2140.0601,2107.61,2142.49,2097.1001,2131.42,-23.81,-1.1171,2.13,260728.0
IXIC,20090925,2095.8401,2090.92,2106.99,2085.3501,2107.61,-16.69,-0.7919,1.03,236393.0
IXIC,20090928,2101.9199,2130.74,2140.04,2101.4299,2090.92,39.82,1.9044,1.85,189003.0
IXIC,20090929,2131.6699,2124.04,2141.3999,2116.6299,2130.74,-6.7,-0.3144,1.16,206297.0
IXIC,20090930,2131.3,2092.3,2137.8701,2092.3,2124.04,-31.74,-1.4943,2.15,264066.0
IXIC,20091001,2111.77,2057.48,2112.8999,2057.48,2092.3,-34.82,-1.6642,2.65,270817.0
IXIC,20091002,2040.84,2040.73,2064.1499,2040.73,2057.48,-16.75,-0.8141,1.14,244811.0
IXIC,20091005,2056.52,2068.15,2074.78,2049.04,2040.73,27.42,1.3436,1.26,215625.0
IXIC,20091006,2080.3999,2103.57,2111.1299,2079.49,2068.15,35.42,1.7126,1.53,241345.0
IXIC,20091007,2099.0601,2110.33,2110.3301,2095.9399,2103.57,6.76,0.3214,0.68,222091.0
IXIC,20091008,2124.6899,2123.93,2139.6499,2116.0601,2110.33,13.6,0.6444,1.12,236695.0
IXIC,20091009,2120.0,2118.04,2139.6201,2118.04,2123.93,-5.89,-0.2773,1.02,193685.0
IXIC,20091012,2145.6299,2139.14,2155.9199,2128.3899,2118.04,21.1,0.9962,1.3,178428.0
IXIC,20091013,2138.7,2128.44,2146.3501,2128.4399,2139.14,-10.7,-0.5002,0.84,202011.0
IXIC,20091014,2165.8301,2172.23,2173.95,2157.48,2128.44,43.79,2.0574,0.77,234862.0
IXIC,20091015,2164.3301,2173.29,2173.29,2158.29,2172.23,1.06,0.0488,0.69,214009.0
IXIC,20091016,2164.73,2142.88,2164.73,2142.8799,2173.29,-30.41,-1.3993,1.01,220995.0
IXIC,20091019,2162.4099,2176.32,2180.1101,2150.4199,2142.88,33.44,1.5605,1.39,197044.0
IXIC,20091020,2180.4299,2163.47,2181.1599,2151.77,2176.32,-12.85,-0.5904,1.35,211058.0
IXIC,20091021,2160.78,2148.41,2190.6399,2148.4099,2163.47,-15.06,-0.6961,1.95,256568.0
IXIC,20091022,2146.72,2130.7,2169.1699,2130.7,2148.41,-17.71,-0.8243,1.79,226523.0
IXIC,20091023,2186.6399,2154.47,2190.48,2149.3501,2130.7,23.77,1.1156,1.93,244192.0
IXIC,20091026,2158.8101,2141.85,2183.6101,2136.9199,2154.47,-12.62,-0.5858,2.17,231621.0
IXIC,20091027,2144.1499,2116.09,2148.8799,2110.9099,2141.85,-25.76,-1.2027,1.77,238462.0
IXIC,20091028,2103.3601,2059.61,2111.8401,2057.3999,2116.09,-56.48,-2.6691,2.57,276957.0
IXIC,20091029,2077.04,2071.3,2101.3301,2071.3,2059.61,11.69,0.5676,1.46,230137.0
IXIC,20091030,2091.5601,2045.11,2095.0901,2040.21,2071.3,-26.19,-1.2644,2.65,261028.0
IXIC,20091102,2047.42,2049.2,2069.49,2024.27,2045.11,4.09,0.2,2.21,240832.0
IXIC,20091103,2034.09,2031.25,2057.3201,2031.25,2049.2,-17.95,-0.876,1.27,206105.0
IXIC,20091104,2067.5601,2055.52,2081.1001,2053.0,2031.25,24.27,1.1948,1.38,221752.0
IXIC,20091105,2078.8301,2105.32,2105.3201,2075.6101,2055.52,49.8,2.4227,1.45,220969.0
IXIC,20091106,2089.49,2088.24,2117.6201,2088.24,2105.32,-17.08,-0.8113,1.4,182915.0
IXIC,20091109,2128.46,2128.15,2154.0601,2128.1499,2088.24,39.91,1.9112,1.24,200470.0
IXIC,20091110,2147.24,2141.27,2160.6399,2141.27,2128.15,13.12,0.6165,0.91,199724.0
IXIC,20091111,2166.53,2155.25,2177.9099,2155.25,2141.27,13.98,0.6529,1.06,185179.0
IXIC,20091112,2166.98,2145.83,2179.1899,2145.83,2155.25,-9.42,-0.4371,1.55,221237.0
IXIC,20091113,2156.6799,2167.88,2172.05,2145.9199,2145.83,22.05,1.0276,1.22,187622.0
IXIC,20091116,2177.3101,2197.85,2205.3201,2177.0,2167.88,29.97,1.3825,1.31,210502.0
IXIC,20091117,2190.1201,2203.78,2203.78,2185.55,2197.85,5.93,0.2698,0.83,188724.0
IXIC,20091118,2199.8701,2193.14,2200.1499,2180.1699,2203.78,-10.64,-0.4828,0.91,199022.0
IXIC,20091119,2176.3701,2156.82,2176.51,2141.5901,2193.14,-36.32,-1.6561,1.59,220870.0
IXIC,20091120,2145.0701,2146.04,2150.0801,2137.0601,2156.82,-10.78,-0.4998,0.6,196276.0
IXIC,20091123,2168.95,2176.01,2189.5,2168.77,2146.04,29.97,1.3965,0.97,184017.0
IXIC,20091124,2174.6899,2169.18,2175.1499,2155.22,2176.01,-6.83,-0.3139,0.92,185849.0
IXIC,20091125,2174.0,2170.06,2178.6201,2170.06,2169.18,0.88,0.0406,0.39,139861.0
IXIC,20091127,2115.96,2113.99,2155.4099,2113.99,2170.06,-56.07,-2.5838,1.91,97199.0
IXIC,20091130,2135.9299,2144.6,2146.9299,2120.7,2113.99,30.61,1.448,1.24,198605.0
IXIC,20091201,2162.23,2175.81,2182.24,2162.23,2144.6,31.21,1.4553,0.93,215130.0
IXIC,20091202,2178.51,2177.82,2198.55,2177.82,2175.81,2.01,0.0924,0.95,206892.0
IXIC,20091203,2190.4199,2173.14,2203.75,2172.04,2177.82,-4.68,-0.2149,1.46,200166.0
IXIC,20091204,2203.75,2169.66,2214.3899,2169.6599,2173.14,-3.48,-0.1601,2.06,230595.0
IXIC,20091207,2191.3501,2189.61,2201.4199,2183.1299,2169.66,19.95,0.9195,0.84,187898.0
IXIC,20091208,2174.72,2160.43,2187.1899,2160.4299,2189.61,-29.18,-1.3327,1.22,198180.0
IXIC,20091209,2170.02,2183.73,2185.7,2155.96,2160.43,23.3,1.0785,1.38,190621.0
IXIC,20091210,2194.8999,2190.86,2202.8401,2187.0801,2183.73,7.13,0.3265,0.72,194637.0
IXIC,20091211,2200.96,2179.51,2202.3999,2179.51,2190.86,-11.35,-0.5181,1.04,175443.0
IXIC,20091214,2202.3101,2212.1,2212.5601,2193.2,2179.51,32.59,1.4953,0.89,184189.0
IXIC,20091215,2203.54,2197.76,2217.6299,2197.76,2212.1,-14.34,-0.6483,0.9,194696.0
IXIC,20091216,2210.3501,2206.91,2220.46,2203.3301,2197.76,9.15,0.4163,0.78,202244.0
IXIC,20091217,2193.5,2180.05,2198.51,2178.05,2206.91,-26.86,-1.2171,0.93,190484.0
IXIC,20091218,2197.5701,2211.69,2213.1799,2190.6899,2180.05,31.64,1.4513,1.03,284841.0
IXIC,20091221,2224.04,2237.66,2242.22,2224.04,2211.69,25.97,1.1742,0.82,180883.0
IXIC,20091222,2242.6101,2252.67,2253.73,2241.3301,2237.66,15.01,0.6708,0.55,172420.0
IXIC,20091223,2257.21,2269.64,2271.3301,2253.6699,2252.67,16.97,0.7533,0.78,158290.0
IXIC,20091224,2273.95,2285.69,2285.8899,2273.3999,2269.64,16.05,0.7072,0.55,63265.0
IXIC,20091228,2290.04,2291.08,2295.8,2280.5601,2285.69,5.39,0.2358,0.67,123213.0
IXIC,20091229,2293.9399,2288.4,2294.75,2286.5701,2291.08,-2.68,-0.117,0.36,117771.0
IXIC,20091230,2284.5601,2291.28,2293.02,2280.1599,2288.4,2.88,0.1259,0.56,131267.0
IXIC,20091231,2292.9199,2269.15,2293.5901,2269.1101,2291.28,-22.13,-0.9658,1.07,123782.0
IXIC,20100104,2294.4099,2308.42,2311.1499,2294.4099,2269.15,39.27,1.7306,0.74,193138.0
IXIC,20100105,2307.27,2308.71,2313.73,2295.6201,2308.42,0.29,0.0126,0.78,236786.0
IXIC,20100106,2307.71,2301.09,2314.0701,2295.6799,2308.71,-7.62,-0.3301,0.8,225334.0
IXIC,20100107,2298.0901,2300.05,2301.3,2285.22,2301.09,-1.04,-0.0452,0.7,227005.0
IXIC,20100108,2292.24,2317.17,2317.6001,2290.6101,2300.05,17.12,0.7443,1.17,214539.0
IXIC,20100111,2324.78,2312.41,2326.28,2302.21,2317.17,-4.76,-0.2054,1.04,207789.0
IXIC,20100112,2297.28,2282.31,2298.8501,2272.7,2312.41,-30.1,-1.3017,1.13,236832.0
IXIC,20100113,2289.46,2307.9,2313.03,2274.1201,2282.31,25.59,1.1212,1.7,231835.0
IXIC,20100114,2303.3101,2316.74,2322.5601,2303.29,2307.9,8.84,0.383,0.83,225417.0
IXIC,20100115,2316.98,2287.99,2322.54,2279.2,2316.74,-28.75,-1.241,1.87,263777.0
IXIC,20100119,2291.02,2320.4,2320.4,2290.6799,2287.99,32.41,1.4165,1.3,204529.0
IXIC,20100120,2304.3101,2291.25,2304.47,2268.6799,2320.4,-29.15,-1.2562,1.54,235189.0
IXIC,20100121,2298.23,2265.7,2308.98,2259.8201,2291.25,-25.55,-1.1151,2.15,287780.0
IXIC,20100122,2255.76,2205.29,2262.27,2200.3701,2265.7,-60.41,-2.6663,2.73,281762.0
IXIC,20100125,2220.29,2210.8,2223.22,2201.1699,2205.29,5.51,0.2499,1.0,213435.0
IXIC,20100126,2203.4399,2203.73,2227.8899,2195.4399,2210.8,-7.07,-0.3198,1.47,236126.0
IXIC,20100127,2200.3,2221.41,2225.6699,2192.5901,2203.73,17.68,0.8023,1.5,249288.0
IXIC,20100128,2220.3101,2179.0,2220.8701,2166.8999,2221.41,-42.41,-1.9091,2.43,282964.0
IXIC,20100129,2198.26,2147.35,2202.8401,2140.3401,2179.0,-31.65,-1.4525,2.87,309058.0
IXIC,20100201,2155.8101,2171.2,2171.2,2152.26,2147.35,23.85,1.1107,0.88,223414.0
IXIC,20100202,2171.6599,2190.06,2193.6599,2161.47,2171.2,18.86,0.8686,1.48,246847.0
IXIC,20100203,2181.01,2190.91,2194.53,2176.75,2190.06,0.85,0.0388,0.81,230335.0
IXIC,20100204,2176.3899,2125.43,2178.25,2125.4299,2190.91,-65.48,-2.9887,2.41,280139.0
IXIC,20100205,2131.9199,2141.12,2142.27,2100.1699,2125.43,15.69,0.7382,1.98,281110.0
IXIC,20100208,2140.1001,2126.05,2152.6399,2125.1101,2141.12,-15.07,-0.7038,1.29,203628.0
IXIC,20100209,2153.1001,2150.87,2166.1599,2132.5801,2126.05,24.82,1.1674,1.58,229642.0
IXIC,20100210,2147.46,2147.87,2156.3601,2131.0801,2150.87,-3.0,-0.1395,1.18,205994.0
IXIC,20100211,2145.0901,2177.41,2179.54,2134.1399,2147.87,29.54,1.3753,2.11,214126.0
IXIC,20100212,2157.6899,2183.53,2184.5701,2151.99,2177.41,6.12,0.2811,1.5,223618.0
IXIC,20100216,2200.3799,2214.19,2214.19,2189.1799,2183.53,30.66,1.4041,1.15,207285.0
IXIC,20100217,2222.8701,2226.29,2226.3201,2212.78,2214.19,12.1,0.5465,0.61,210353.0
IXIC,20100218,2223.22,2241.71,2243.5,2221.1399,2226.29,15.42,0.6926,1.0,207682.0
IXIC,20100219,2233.3301,2243.87,2249.8,2228.9299,2241.71,2.16,0.0964,0.93,216666.0
IXIC,20100222,2250.9199,2242.03,2251.6799,2235.6499,2243.87,-1.84,-0.082,0.71,197629.0
IXIC,20100223,2238.01,2213.44,2239.8,2205.7,2242.03,-28.59,-1.2752,1.52,231091.0
IXIC,20100224,2222.3999,2235.9,2241.6899,2221.28,2213.44,22.46,1.0147,0.92,215581.0
IXIC,20100225,2208.6201,2234.22,2236.21,2198.73,2235.9,-1.68,-0.0751,1.68,230053.0
IXIC,20100226,2234.4399,2238.26,2242.8301,2222.23,2234.22,4.04,0.1808,0.92,228343.0
IXIC,20100301,2247.3999,2273.57,2274.02,2247.3301,2238.26,35.31,1.5776,1.19,250494.0
IXIC,20100302,2279.0701,2280.79,2292.49,2275.3501,2273.57,7.22,0.3176,0.75,283187.0
IXIC,20100303,2284.8201,2280.68,2293.3201,2275.25,2280.79,-0.11,-0.0048,0.79,260351.0
IXIC,20100304,2282.5701,2292.31,2293.1599,2273.6299,2280.68,11.63,0.5099,0.86,218602.0
IXIC,20100305,2304.01,2326.35,2327.03,2301.1001,2292.31,34.04,1.485,1.13,241188.0
IXIC,20100308,2326.25,2332.21,2335.4299,2326.1101,2326.35,5.86,0.2519,0.4,231231.0
IXIC,20100309,2325.78,2340.68,2353.0701,2325.74,2332.21,8.47,0.3632,1.17,262036.0
IXIC,20100310,2340.95,2358.95,2361.6599,2340.6899,2340.68,18.27,0.7805,0.9,255474.0
IXIC,20100311,2351.1101,2368.46,2368.46,2347.53,2358.95,9.51,0.4031,0.89,225679.0
IXIC,20100312,2376.0701,2367.66,2376.28,2358.0801,2368.46,-0.8,-0.0338,0.77,209878.0
IXIC,20100315,2361.9199,2362.21,2367.3999,2345.99,2367.66,-5.45,-0.2302,0.9,195617.0
IXIC,20100316,2367.3201,2378.01,2378.8401,2360.6699,2362.21,15.8,0.6689,0.77,220188.0
IXIC,20100317,2381.6499,2389.09,2400.0901,2381.47,2378.01,11.08,0.4659,0.78,228141.0
IXIC,20100318,2387.54,2391.28,2393.8701,2383.26,2389.09,2.19,0.0917,0.44,217306.0
IXIC,20100319,2391.2,2374.41,2396.9199,2364.53,2391.28,-16.87,-0.7055,1.35,305576.0
IXIC,20100322,2360.3501,2395.4,2401.21,2358.0,2374.41,20.99,0.884,1.82,244813.0
IXIC,20100323,2397.8999,2415.24,2416.51,2390.04,2395.4,19.84,0.8283,1.11,246523.0
IXIC,20100324,2406.72,2398.76,2408.6399,2396.9199,2415.24,-16.48,-0.6823,0.49,243610.0
IXIC,20100325,2415.24,2397.41,2432.25,2397.3601,2398.76,-1.35,-0.0563,1.45,270487.0
IXIC,20100326,2406.73,2395.13,2412.9199,2384.6899,2397.41,-2.28,-0.0951,1.18,236793.0
IXIC,20100329,2403.77,2404.36,2411.1799,2398.3999,2395.13,9.23,0.3854,0.53,196785.0
IXIC,20100330,2406.6899,2410.69,2417.3601,2395.8,2404.36,6.33,0.2633,0.9,214727.0
IXIC,20100331,2402.98,2397.96,2415.4399,2395.3401,2410.69,-12.73,-0.5281,0.83,236869.0
IXIC,20100401,2411.6799,2402.58,2423.4299,2383.77,2397.96,4.62,0.1927,1.65,234027.0
IXIC,20100405,2409.48,2429.53,2429.6101,2403.8799,2402.58,26.95,1.1217,1.07,213034.0
IXIC,20100406,2420.3301,2436.81,2443.5,2417.77,2429.53,7.28,0.2996,1.06,222039.0
IXIC,20100407,2433.1001,2431.16,2442.27,2418.73,2436.81,-5.65,-0.2319,0.97,298485.0
IXIC,20100408,2423.99,2436.81,2441.1201,2413.74,2431.16,5.65,0.2324,1.13,242890.0
IXIC,20100409,2441.3101,2454.05,2454.1201,2432.9299,2436.81,17.24,0.7075,0.87,221553.0
IXIC,20100412,2455.3999,2457.87,2463.1699,2450.1499,2454.05,3.82,0.1557,0.53,216165.0
IXIC,20100413,2454.95,2465.99,2467.9399,2445.26,2457.87,8.12,0.3304,0.92,266542.0
IXIC,20100414,2481.8,2504.86,2504.8601,2480.4299,2465.99,38.87,1.5762,0.99,314327.0
IXIC,20100415,2503.4099,2515.69,2517.8201,2502.51,2504.86,10.83,0.4324,0.61,284066.0
IXIC,20100416,2505.3799,2481.26,2510.0601,2467.6799,2515.69,-34.43,-1.3686,1.68,296095.0
IXIC,20100419,2477.8,2480.11,2487.6699,2451.72,2481.26,-1.15,-0.0463,1.45,222365.0
IXIC,20100420,2492.72,2500.31,2501.25,2480.7,2480.11,20.2,0.8145,0.83,215710.0
IXIC,20100421,2506.6101,2504.61,2510.5,2490.1899,2500.31,4.3,0.172,0.81,271590.0
IXIC,20100422,2483.52,2519.07,2521.02,2468.26,2504.61,14.46,0.5773,2.11,280084.0
IXIC,20100423,2514.8501,2530.15,2530.15,2507.6001,2519.07,11.08,0.4398,0.9,251701.0
IXIC,20100426,2529.8501,2522.95,2535.28,2521.51,2530.15,-7.2,-0.2846,0.54,249104.0
IXIC,20100427,2512.5801,2471.47,2525.7,2466.53,2522.95,-51.48,-2.0405,2.35,286481.0
IXIC,20100428,2483.03,2471.73,2484.1499,2456.6299,2471.47,0.26,0.0105,1.11,275519.0
IXIC,20100429,2487.3301,2511.92,2513.6899,2483.5,2471.73,40.19,1.626,1.22,306964.0
IXIC,20100430,2509.99,2461.19,2514.3701,2461.0901,2511.92,-50.73,-2.0196,2.12,284113.0
IXIC,20100503,2472.3201,2498.74,2503.0,2472.3201,2461.19,37.55,1.5257,1.25,239837.0
IXIC,20100504,2465.55,2424.25,2465.55,2411.28,2498.74,-74.49,-2.9811,2.17,305259.0
IXIC,20100505,2395.21,2402.29,2421.05,2382.0701,2424.25,-21.96,-0.9058,1.61,304148.0
IXIC,20100506,2391.21,2319.64,2407.79,2185.75,2402.29,-82.65,-3.4405,9.24,455360.0
IXIC,20100507,2308.71,2265.64,2330.6499,2228.0601,2319.64,-54.0,-2.3279,4.42,422772.0
IXIC,20100510,2365.97,2374.67,2379.8701,2349.3999,2265.64,109.03,4.8123,1.34,287180.0
IXIC,20100511,2347.7,2375.31,2405.26,2345.5,2374.67,0.64,0.027,2.52,254884.0
IXIC,20100512,2388.6399,2425.02,2426.47,2384.6899,2375.31,49.71,2.0928,1.76,235190.0
IXIC,20100513,2416.3601,2394.36,2434.29,2387.5901,2425.02,-30.66,-1.2643,1.93,237525.0
IXIC,20100514,2373.8799,2346.85,2374.53,2323.6299,2394.36,-47.51,-1.9842,2.13,265302.0
IXIC,20100517,2352.77,2354.23,2364.6499,2304.28,2346.85,7.38,0.3145,2.57,243448.0
IXIC,20100518,2372.8401,2317.26,2374.9099,2309.22,2354.23,-36.97,-1.5704,2.79,249031.0
IXIC,20100519,2307.78,2298.37,2324.99,2270.6201,2317.26,-18.89,-0.8152,2.35,264616.0
IXIC,20100520,2245.5601,2204.01,2253.04,2203.5,2298.37,-94.36,-4.1055,2.16,342042.0
IXIC,20100521,2169.5801,2229.04,2243.0,2165.79,2204.01,25.03,1.1357,3.5,338967.0
IXIC,20100524,2220.6001,2213.55,2244.6699,2212.3701,2229.04,-15.49,-0.6949,1.45,215002.0
IXIC,20100525,2157.45,2210.95,2211.9399,2140.53,2213.55,-2.6,-0.1175,3.23,294638.0
IXIC,20100526,2226.24,2195.88,2257.3301,2190.4399,2210.95,-15.07,-0.6816,3.03,307730.0
IXIC,20100527,2244.8201,2277.68,2278.3701,2239.72,2195.88,81.8,3.7252,1.76,240822.0
IXIC,20100528,2275.1899,2257.04,2277.1001,2241.52,2277.68,-20.64,-0.9062,1.56,216559.0
IXIC,20100601,2244.79,2222.33,2277.3899,2220.8899,2257.04,-34.71,-1.5379,2.5,216781.0
IXIC,20100602,2234.5901,2281.07,2281.0701,2221.0701,2222.33,58.74,2.6432,2.7,219014.0
IXIC,20100603,2285.76,2303.03,2307.47,2274.8799,2281.07,21.96,0.9627,1.43,224905.0
IXIC,20100604,2257.05,2219.17,2278.5801,2212.3,2303.03,-83.86,-3.6413,2.88,234248.0
IXIC,20100607,2226.6001,2173.9,2232.8899,2172.25,2219.17,-45.27,-2.04,2.73,225667.0
IXIC,20100608,2176.0701,2170.57,2183.1001,2139.46,2173.9,-3.33,-0.1532,2.01,269658.0
IXIC,20100609,2184.78,2158.85,2208.6499,2152.6699,2170.57,-11.72,-0.54,2.58,232506.0
IXIC,20100610,2188.71,2218.71,2219.6499,2185.98,2158.85,59.86,2.7728,1.56,218784.0
IXIC,20100611,2199.3999,2243.6,2243.6001,2196.9099,2218.71,24.89,1.1218,2.1,187712.0
IXIC,20100614,2263.6599,2243.96,2278.96,2242.0,2243.6,0.36,0.016,1.65,195191.0
IXIC,20100615,2256.48,2305.88,2307.98,2256.4399,2243.96,61.92,2.7594,2.3,228906.0
IXIC,20100616,2293.5601,2305.93,2317.75,2290.26,2305.88,0.05,0.0022,1.19,193640.0
IXIC,20100617,2316.5901,2307.16,2318.27,2288.5901,2305.93,1.23,0.0533,1.29,182168.0
IXIC,20100618,2308.9399,2309.8,2321.99,2301.48,2307.16,2.64,0.1144,0.89,203723.0
IXIC,20100621,2341.1101,2289.09,2341.1101,2277.73,2309.8,-20.71,-0.8966,2.74,191070.0
IXIC,20100622,2296.8301,2261.8,2313.72,2259.5901,2289.09,-27.29,-1.1922,2.36,193445.0
IXIC,20100623,2264.4099,2254.23,2271.74,2236.99,2261.8,-7.57,-0.3347,1.54,192945.0
IXIC,20100624,2246.2,2217.42,2247.4199,2213.5,2254.23,-36.81,-1.6329,1.5,206436.0
IXIC,20100625,2224.73,2223.48,2240.8799,2205.9199,2217.42,6.06,0.2733,1.58,354035.0
IXIC,20100628,2227.4299,2220.65,2241.6399,2208.3701,2223.48,-2.83,-0.1273,1.5,187674.0
IXIC,20100629,2183.9199,2135.18,2185.3,2122.6699,2220.65,-85.47,-3.8489,2.82,282709.0
IXIC,20100630,2134.03,2109.24,2153.3601,2105.26,2135.18,-25.94,-1.2149,2.25,222156.0
IXIC,20100701,2110.75,2101.36,2117.9399,2061.1399,2109.24,-7.88,-0.3736,2.69,271707.0
IXIC,20100702,2105.5,2091.79,2110.6599,2077.71,2101.36,-9.57,-0.4554,1.57,167232.0
IXIC,20100706,2122.28,2093.88,2136.3,2077.77,2091.79,2.09,0.0999,2.8,217303.0
IXIC,20100707,2099.6599,2159.47,2159.79,2098.1101,2093.88,65.59,3.1325,2.95,219950.0
IXIC,20100708,2174.96,2175.4,2181.3,2150.1899,2159.47,15.93,0.7377,1.44,203403.0
IXIC,20100709,2174.2,2196.45,2196.95,2170.76,2175.4,21.05,0.9676,1.2,159261.0
IXIC,20100712,2194.1201,2198.36,2213.3899,2183.52,2196.45,1.91,0.087,1.36,176797.0
IXIC,20100713,2221.25,2242.03,2248.1599,2212.97,2198.36,43.67,1.9865,1.6,227848.0
IXIC,20100714,2246.99,2249.84,2260.3301,2235.1499,2242.03,7.81,0.3483,1.12,221301.0
IXIC,20100715,2247.76,2249.08,2253.3301,2218.9199,2249.84,-0.76,-0.0338,1.53,201160.0
IXIC,20100716,2231.71,2179.05,2236.6599,2177.51,2249.08,-70.03,-3.1137,2.63,219515.0
IXIC,20100719,2185.8101,2198.23,2201.29,2171.2,2179.05,19.18,0.8802,1.38,173509.0
IXIC,20100720,2165.3501,2222.49,2222.6101,2159.95,2198.23,24.26,1.1036,2.85,193327.0
IXIC,20100721,2236.1299,2187.33,2236.3701,2183.22,2222.49,-35.16,-1.582,2.39,222203.0
IXIC,20100722,2216.04,2245.89,2251.4199,2216.04,2187.33,58.56,2.6772,1.62,221322.0
IXIC,20100723,2234.3401,2269.47,2269.47,2227.5,2245.89,23.58,1.0499,1.87,241060.0
IXIC,20100726,2271.6201,2296.43,2296.43,2262.96,2269.47,26.96,1.1879,1.47,216428.0
IXIC,20100727,2306.6201,2288.25,2307.6001,2280.72,2296.43,-8.18,-0.3562,1.17,206539.0
IXIC,20100728,2284.6201,2264.56,2292.24,2257.76,2288.25,-23.69,-1.0353,1.51,184852.0
IXIC,20100729,2279.0701,2251.69,2282.9399,2228.52,2264.56,-12.87,-0.5683,2.4,232459.0
IXIC,20100730,2227.29,2254.7,2264.8101,2218.6101,2251.69,3.01,0.1337,2.05,213861.0
IXIC,20100802,2283.3201,2295.36,2299.24,2274.27,2254.7,40.66,1.8033,1.11,195320.0
IXIC,20100803,2291.75,2283.52,2295.03,2272.3301,2295.36,-11.84,-0.5158,0.99,199703.0
IXIC,20100804,2291.0901,2303.57,2305.0701,2283.21,2283.52,20.05,0.878,0.96,202198.0
IXIC,20100805,2291.22,2293.06,2298.8601,2281.6799,2303.57,-10.51,-0.4562,0.75,177430.0
IXIC,20100806,2267.4199,2288.47,2291.1499,2253.9199,2293.06,-4.59,-0.2002,1.62,187663.0
IXIC,20100809,2298.8101,2305.69,2309.4299,2289.03,2288.47,17.22,0.7525,0.89,161458.0
IXIC,20100810,2280.0601,2277.17,2290.51,2261.5,2305.69,-28.52,-1.2369,1.26,203959.0
IXIC,20100811,2236.9299,2208.63,2236.9299,2204.9399,2277.17,-68.54,-3.0099,1.4,227446.0
IXIC,20100812,2164.6399,2190.27,2197.97,2163.0701,2208.63,-18.36,-0.8313,1.58,218968.0
IXIC,20100813,2183.0901,2173.48,2190.27,2173.48,2190.27,-16.79,-0.7666,0.77,160504.0
IXIC,20100816,2161.3101,2181.87,2193.8401,2155.6599,2173.48,8.39,0.386,1.76,162762.0
IXIC,20100817,2197.0901,2209.44,2225.0801,2193.4199,2181.87,27.57,1.2636,1.45,173687.0
IXIC,20100818,2205.3,2215.7,2228.8999,2196.1101,2209.44,6.26,0.2833,1.48,165456.0
IXIC,20100819,2204.8,2178.95,2211.73,2168.74,2215.7,-36.75,-1.6586,1.94,209480.0
IXIC,20100820,2172.26,2179.76,2182.6699,2159.54,2178.95,0.81,0.0372,1.06,189850.0
IXIC,20100823,2188.3401,2159.63,2200.52,2159.4399,2179.76,-20.13,-0.9235,1.88,166590.0
IXIC,20100824,2131.0,2123.76,2144.2,2113.71,2159.63,-35.87,-1.6609,1.41,214165.0
IXIC,20100825,2109.1499,2141.54,2148.3501,2102.26,2123.76,17.78,0.8372,2.17,201948.0
IXIC,20100826,2148.49,2118.69,2154.3201,2116.8201,2141.54,-22.85,-1.067,1.75,180451.0
IXIC,20100827,2134.1599,2153.63,2154.99,2099.29,2118.69,34.94,1.6491,2.63,213455.0
IXIC,20100830,2145.76,2119.97,2154.47,2119.9299,2153.63,-33.66,-1.5629,1.6,158520.0
IXIC,20100831,2109.76,2114.03,2128.8999,2101.52,2119.97,-5.94,-0.2802,1.29,208411.0
IXIC,20100901,2142.75,2176.84,2177.5,2141.95,2114.03,62.81,2.9711,1.68,213397.0
IXIC,20100902,2178.99,2200.01,2200.01,2173.71,2176.84,23.17,1.0644,1.21,168059.0
IXIC,20100903,2227.96,2233.75,2235.5701,2213.5601,2200.01,33.74,1.5336,1.0,164779.0
IXIC,20100907,2227.26,2208.89,2231.28,2206.6201,2233.75,-24.86,-1.1129,1.1,168524.0
IXIC,20100908,2216.0701,2228.87,2237.4199,2215.8999,2208.89,19.98,0.9045,0.97,201821.0
IXIC,20100909,2251.0901,2236.2,2251.98,2229.8,2228.87,7.33,0.3289,1.0,170665.0
IXIC,20100910,2239.0801,2242.48,2246.6001,2229.1201,2236.2,6.28,0.2808,0.78,169247.0
IXIC,20100913,2263.8,2285.71,2289.49,2263.6899,2242.48,43.23,1.9278,1.15,193763.0
IXIC,20100914,2281.3101,2289.77,2302.5701,2274.5701,2285.71,4.06,0.1776,1.23,207903.0
IXIC,20100915,2283.1699,2301.32,2304.6001,2276.3201,2289.77,11.55,0.5044,1.24,206713.0
IXIC,20100916,2297.51,2303.25,2304.95,2288.71,2301.32,1.93,0.0839,0.71,180928.0
IXIC,20100917,2318.4199,2315.61,2320.3701,2301.8201,2303.25,12.36,0.5366,0.81,243248.0
IXIC,20100920,2322.8,2355.83,2358.8999,2317.8899,2315.61,40.22,1.7369,1.77,198952.0
IXIC,20100921,2355.27,2349.35,2366.76,2341.8201,2355.83,-6.48,-0.2751,1.06,212510.0
IXIC,20100922,2339.9099,2334.55,2355.9099,2323.55,2349.35,-14.8,-0.63,1.38,217021.0
IXIC,20100923,2316.71,2327.08,2353.79,2316.1101,2334.55,-7.47,-0.32,1.61,192311.0
IXIC,20100924,2356.26,2381.22,2381.22,2353.5,2327.08,54.14,2.3265,1.19,199338.0
IXIC,20100927,2379.73,2369.77,2386.01,2368.6499,2381.22,-11.45,-0.4808,0.73,187312.0
IXIC,20100928,2373.1299,2379.59,2383.6699,2339.5,2369.77,9.82,0.4144,1.86,212573.0
IXIC,20100929,2372.3701,2376.56,2382.1499,2366.1899,2379.59,-3.03,-0.1273,0.67,207793.0
IXIC,20100930,2390.96,2368.62,2400.0601,2354.22,2376.56,-7.94,-0.3341,1.93,241830.0
IXIC,20101001,2386.8201,2370.75,2389.45,2359.3201,2368.62,2.13,0.0899,1.27,193265.0
IXIC,20101004,2362.25,2344.52,2370.8701,2332.46,2370.75,-26.23,-1.1064,1.62,190198.0
IXIC,20101005,2368.52,2399.83,2402.4199,2366.0601,2344.52,55.31,2.3591,1.55,220347.0
IXIC,20101006,2395.1599,2380.66,2399.1299,2368.4299,2399.83,-19.17,-0.7988,1.28,210380.0
IXIC,20101007,2391.6299,2383.67,2392.74,2368.25,2380.66,3.01,0.1264,1.03,184624.0
IXIC,20101008,2384.76,2401.91,2406.6699,2370.53,2383.67,18.24,0.7652,1.52,200098.0
IXIC,20101011,2403.46,2402.33,2413.03,2397.5701,2401.91,0.42,0.0175,0.64,153999.0
IXIC,20101012,2397.7,2417.92,2421.79,2379.3899,2402.33,15.59,0.649,1.76,196092.0
IXIC,20101013,2432.55,2441.23,2452.54,2426.52,2417.92,23.31,0.9641,1.08,229445.0
IXIC,20101014,2441.21,2435.38,2445.8501,2422.0701,2441.23,-5.85,-0.2396,0.97,201454.0
IXIC,20101015,2461.7,2468.77,2468.77,2438.03,2435.38,33.39,1.371,1.26,223281.0
IXIC,20101018,2470.1201,2480.66,2480.95,2462.55,2468.77,11.89,0.4816,0.75,172471.0
IXIC,20101019,2442.21,2436.95,2462.9399,2422.1399,2480.66,-43.71,-1.762,1.64,224184.0
IXIC,20101020,2443.2,2457.39,2469.72,2441.0701,2436.95,20.44,0.8388,1.18,201677.0
IXIC,20101021,2470.72,2459.67,2482.1399,2436.3401,2457.39,2.28,0.0928,1.86,213548.0
IXIC,20101022,2461.6001,2479.39,2479.39,2459.4299,2459.67,19.72,0.8017,0.81,164818.0
IXIC,20101025,2491.6201,2490.85,2507.03,2490.1101,2479.39,11.46,0.4622,0.68,174632.0
IXIC,20101026,2476.51,2497.29,2503.03,2470.1201,2490.85,6.44,0.2585,1.32,191435.0
IXIC,20101027,2484.0901,2503.26,2505.3501,2478.01,2497.29,5.97,0.2391,1.09,201324.0
IXIC,20101028,2516.1599,2507.37,2516.2,2489.76,2503.26,4.11,0.1642,1.06,199834.0
IXIC,20101029,2505.99,2507.41,2517.5,2505.8601,2507.37,0.04,0.0016,0.46,206870.0
IXIC,20101101,2520.45,2504.84,2532.3701,2491.46,2507.41,-2.57,-0.1025,1.63,190479.0
IXIC,20101102,2525.9399,2533.52,2534.8799,2518.29,2504.84,28.68,1.145,0.66,191498.0
IXIC,20101103,2532.8301,2540.27,2541.4199,2511.3101,2533.52,6.75,0.2664,1.19,199041.0
IXIC,20101104,2569.27,2577.34,2579.6201,2564.05,2540.27,37.07,1.4593,0.61,249205.0
IXIC,20101105,2577.6299,2578.98,2582.1799,2568.78,2577.34,1.64,0.0636,0.52,209285.0
IXIC,20101108,2570.8601,2580.05,2583.3,2566.78,2578.98,1.07,0.0415,0.64,179933.0
IXIC,20101109,2587.0801,2562.98,2592.9399,2552.9299,2580.05,-17.07,-0.6616,1.55,215737.0
IXIC,20101110,2564.3101,2578.78,2578.78,2545.46,2562.98,15.8,0.6165,1.3,199893.0
IXIC,20101111,2534.24,2555.52,2559.99,2524.1201,2578.78,-23.26,-0.902,1.39,255998.0
IXIC,20101112,2540.47,2518.21,2552.24,2506.3999,2555.52,-37.31,-1.46,1.79,219179.0
IXIC,20101115,2529.02,2513.82,2534.5601,2512.29,2518.21,-4.39,-0.1743,0.88,185221.0
IXIC,20101116,2494.21,2469.84,2503.29,2459.79,2513.82,-43.98,-1.7495,1.73,223409.0
IXIC,20101117,2471.27,2476.01,2486.1599,2467.1899,2469.84,6.17,0.2498,0.77,181626.0
IXIC,20101118,2504.4099,2514.4,2526.8301,2502.5,2476.01,38.39,1.5505,0.98,204666.0
IXIC,20101119,2510.79,2518.12,2520.9399,2499.9199,2514.4,3.72,0.1479,0.84,183967.0
IXIC,20101122,2509.3899,2532.02,2532.02,2501.3,2518.12,13.9,0.552,1.22,185057.0
IXIC,20101123,2504.21,2494.95,2510.0901,2483.1599,2532.02,-37.07,-1.464,1.06,189226.0
IXIC,20101124,2519.8899,2543.12,2545.4099,2519.8899,2494.95,48.17,1.9307,1.02,163464.0
IXIC,20101126,2525.9099,2534.56,2541.49,2522.3999,2543.12,-8.56,-0.3366,0.75,62398.0
IXIC,20101129,2522.24,2525.22,2531.03,2496.8301,2534.56,-9.34,-0.3685,1.35,168326.0
IXIC,20101130,2497.1201,2498.23,2510.71,2488.6101,2525.22,-26.99,-1.0688,0.88,231748.0
IXIC,20101201,2535.1899,2549.43,2558.29,2535.1899,2498.23,51.2,2.0495,0.92,210994.0
IXIC,20101202,2553.6799,2579.35,2580.5901,2551.8201,2549.43,29.92,1.1736,1.13,203813.0
IXIC,20101203,2569.02,2591.46,2593.6799,2567.8799,2579.35,12.11,0.4695,1.0,181040.0
IXIC,20101206,2591.28,2594.92,2599.1899,2584.0901,2591.46,3.46,0.1335,0.58,161703.0
IXIC,20101207,2623.1499,2598.49,2623.6001,2597.45,2594.92,3.57,0.1376,1.01,190629.0
IXIC,20101208,2604.5701,2609.16,2612.3701,2592.8899,2598.49,10.67,0.4106,0.75,176346.0
IXIC,20101209,2623.1499,2616.67,2624.8401,2606.24,2609.16,7.51,0.2878,0.71,192498.0
IXIC,20101210,2623.28,2637.54,2639.4099,2615.4199,2616.67,20.87,0.7976,0.92,173673.0
IXIC,20101213,2645.3501,2624.91,2645.79,2624.5601,2637.54,-12.63,-0.4789,0.8,183533.0
IXIC,20101214,2631.3401,2627.72,2636.8501,2621.05,2624.91,2.81,0.1071,0.6,185327.0
IXIC,20101215,2625.8101,2617.22,2643.1101,2613.1499,2627.72,-10.5,-0.3996,1.14,186398.0
IXIC,20101216,2620.5601,2637.31,2639.6799,2613.72,2617.22,20.09,0.7676,0.99,173529.0
IXIC,20101217,2643.3501,2642.97,2651.3501,2637.0801,2637.31,5.66,0.2146,0.54,242183.0
IXIC,20101220,2651.98,2649.56,2658.8,2634.5601,2642.97,6.59,0.2493,0.92,170795.0
IXIC,20101221,2658.9399,2667.61,2669.01,2655.95,2649.56,18.05,0.6812,0.49,164755.0
IXIC,20101222,2669.0,2671.48,2675.26,2666.6299,2667.61,3.87,0.1451,0.32,161404.0
IXIC,20101223,2667.4199,2665.6,2671.6299,2661.1699,2671.48,-5.88,-0.2201,0.39,127029.0
IXIC,20101227,2657.0901,2667.27,2670.5701,2645.3799,2665.6,1.67,0.0627,0.95,109710.0
IXIC,20101228,2671.8501,2662.88,2673.02,2658.21,2667.27,-4.39,-0.1646,0.56,113020.0
IXIC,20101229,2667.1799,2666.93,2671.23,2664.51,2662.88,4.05,0.1521,0.25,112215.0
IXIC,20101230,2665.6799,2662.98,2671.1101,2661.8301,2666.93,-3.95,-0.1481,0.35,107435.0
IXIC,20101231,2660.5801,2652.87,2662.3899,2649.04,2662.98,-10.11,-0.3797,0.5,102660.0
IXIC,20110103,2676.6499,2691.52,2704.8601,2676.3401,2652.87,38.65,1.4569,1.08,191966.0
IXIC,20110104,2699.8601,2681.25,2700.8799,2663.6399,2691.52,-10.27,-0.3816,1.38,201544.0
IXIC,20110105,2673.9099,2702.2,2702.2,2671.8899,2681.25,20.95,0.7814,1.13,206075.0
IXIC,20110106,2704.3799,2709.89,2712.3501,2697.73,2702.2,7.69,0.2846,0.54,209549.0
IXIC,20110107,2712.75,2703.17,2715.96,2676.3601,2709.89,-6.72,-0.248,1.46,197622.0
IXIC,20110110,2691.47,2707.8,2712.3201,2682.25,2703.17,4.63,0.1713,1.11,186887.0
IXIC,20110111,2719.6001,2716.83,2722.75,2706.5801,2707.8,9.03,0.3335,0.6,189310.0
IXIC,20110112,2731.45,2737.33,2737.3301,2722.3201,2716.83,20.5,0.7546,0.55,187396.0
IXIC,20110113,2734.9299,2735.29,2742.4299,2727.1399,2737.33,-2.04,-0.0745,0.56,192390.0
IXIC,20110114,2732.48,2755.3,2755.3,2729.6201,2735.29,20.01,0.7315,0.94,202021.0
IXIC,20110118,2744.8,2765.85,2766.1699,2744.26,2755.3,10.55,0.3829,0.8,202019.0
IXIC,20110119,2762.8101,2725.36,2764.3501,2717.79,2765.85,-40.49,-1.4639,1.68,213093.0
IXIC,20110120,2712.3999,2704.29,2714.1001,2686.5901,2725.36,-21.07,-0.7731,1.01,232325.0
IXIC,20110121,2716.9199,2689.54,2722.74,2688.53,2704.29,-14.75,-0.5454,1.27,191696.0
IXIC,20110124,2693.03,2717.55,2719.73,2687.97,2689.54,28.01,1.0414,1.18,187130.0
IXIC,20110125,2704.25,2719.25,2719.3401,2697.51,2717.55,1.7,0.0626,0.8,193612.0
IXIC,20110126,2724.52,2739.5,2746.03,2717.6299,2719.25,20.25,0.7447,1.04,203141.0
IXIC,20110127,2745.1599,2755.28,2763.6399,2740.3,2739.5,15.78,0.576,0.85,202055.0
IXIC,20110128,2755.28,2686.89,2755.28,2679.5701,2755.28,-68.39,-2.4821,2.75,237114.0
IXIC,20110131,2693.3,2700.08,2706.3,2676.8701,2686.89,13.19,0.4909,1.1,195231.0
IXIC,20110201,2717.6101,2751.19,2755.97,2716.6399,2700.08,51.11,1.8929,1.46,225599.0
IXIC,20110202,2744.6799,2749.56,2758.51,2743.76,2751.19,-1.63,-0.0592,0.54,202460.0
IXIC,20110203,2746.74,2753.88,2757.54,2725.78,2749.56,4.32,0.1571,1.16,194126.0
IXIC,20110204,2755.8501,2769.3,2769.7,2747.8601,2753.88,15.42,0.5599,0.79,195671.0
IXIC,20110207,2773.26,2783.99,2796.5,2772.8101,2769.3,14.69,0.5305,0.86,176809.0
IXIC,20110208,2782.4099,2797.05,2797.05,2776.3501,2783.99,13.06,0.4691,0.74,180301.0
IXIC,20110209,2791.1299,2789.07,2798.9099,2780.8899,2797.05,-7.98,-0.2853,0.64,193082.0
IXIC,20110210,2764.76,2790.45,2791.4299,2762.3401,2789.07,1.38,0.0495,1.04,249754.0
IXIC,20110211,2783.1599,2809.44,2810.5601,2778.21,2790.45,18.99,0.6805,1.16,206670.0
IXIC,20110214,2810.1899,2817.18,2819.8701,2808.27,2809.44,7.74,0.2755,0.41,196478.0
IXIC,20110215,2809.02,2804.35,2813.1299,2798.8301,2817.18,-12.83,-0.4554,0.51,200622.0
IXIC,20110216,2815.0901,2825.56,2828.1899,2811.52,2804.35,21.21,0.7563,0.59,227698.0
IXIC,20110217,2816.1201,2831.58,2835.2,2815.0801,2825.56,6.02,0.2131,0.71,193932.0
IXIC,20110218,2833.3501,2833.95,2840.51,2823.6499,2831.58,2.37,0.0837,0.6,210946.0
IXIC,20110222,2795.4399,2756.42,2808.1799,2752.75,2833.95,-77.53,-2.7358,1.96,226210.0
IXIC,20110223,2755.2,2722.99,2761.7,2705.54,2756.42,-33.43,-1.2128,2.04,247915.0
IXIC,20110224,2726.5901,2737.9,2745.29,2707.8,2722.99,14.91,0.5476,1.38,206529.0
IXIC,20110225,2752.1599,2781.05,2781.1201,2751.8101,2737.9,43.15,1.576,1.07,186782.0
IXIC,20110228,2791.28,2782.27,2798.4299,2767.6101,2781.05,1.22,0.0439,1.11,200950.0
IXIC,20110301,2791.0801,2737.41,2791.23,2730.72,2782.27,-44.86,-1.6124,2.17,221286.0
IXIC,20110302,2735.05,2748.07,2763.95,2734.0801,2737.41,10.66,0.3894,1.09,198690.0
IXIC,20110303,2774.48,2798.74,2802.3201,2774.48,2748.07,50.67,1.8438,1.01,199038.0
IXIC,20110304,2797.6399,2784.67,2798.0701,2768.1201,2798.74,-14.07,-0.5027,1.07,189790.0
IXIC,20110307,2793.1899,2745.63,2794.8201,2724.51,2784.67,-39.04,-1.402,2.52,218997.0
IXIC,20110308,2745.23,2765.77,2775.4099,2729.8501,2745.63,20.14,0.7335,1.66,183554.0
IXIC,20110309,2756.3401,2751.72,2761.77,2737.6799,2765.77,-14.05,-0.508,0.87,199670.0
IXIC,20110310,2719.29,2701.02,2721.21,2695.0801,2751.72,-50.7,-1.8425,0.95,236333.0
IXIC,20110311,2689.6499,2715.61,2724.6101,2689.4099,2701.02,14.59,0.5402,1.3,185181.0
IXIC,20110314,2695.6599,2700.97,2715.22,2682.0901,2715.61,-14.64,-0.5391,1.22,178207.0
IXIC,20110315,2619.3999,2667.33,2680.5701,2618.5,2700.97,-33.64,-1.2455,2.3,235983.0
IXIC,20110316,2652.9199,2616.82,2669.27,2603.5,2667.33,-50.51,-1.8937,2.47,259600.0
IXIC,20110317,2656.0801,2636.05,2660.5,2634.1699,2616.82,19.23,0.7349,1.01,199436.0
IXIC,20110318,2665.54,2643.67,2665.5601,2639.76,2636.05,7.62,0.2891,0.98,198690.0
IXIC,20110321,2675.47,2692.09,2699.7,2674.99,2643.67,48.42,1.8315,0.93,175106.0
IXIC,20110322,2692.1299,2683.87,2695.46,2679.4099,2692.09,-8.22,-0.3053,0.6,165743.0
IXIC,20110323,2677.5601,2698.3,2704.3,2660.1699,2683.87,14.43,0.5377,1.64,176995.0
IXIC,20110324,2715.8799,2736.42,2740.3899,2703.4199,2698.3,38.12,1.4127,1.37,195418.0
IXIC,20110325,2746.3401,2743.06,2762.55,2740.1699,2736.42,6.64,0.2427,0.82,185757.0
IXIC,20110328,2752.3301,2730.68,2754.6299,2730.6799,2743.06,-12.38,-0.4513,0.87,166926.0
IXIC,20110329,2727.8301,2756.89,2756.89,2720.1899,2730.68,26.21,0.9598,1.34,163116.0
IXIC,20110330,2772.3601,2776.79,2779.95,2763.77,2756.89,19.9,0.7218,0.59,181841.0
IXIC,20110331,2774.23,2781.07,2783.98,2769.52,2776.79,4.28,0.1541,0.52,189642.0
IXIC,20110401,2796.6699,2789.6,2802.6299,2779.71,2781.07,8.53,0.3067,0.82,209012.0
IXIC,20110404,2796.26,2789.19,2799.73,2778.8701,2789.6,-0.41,-0.0147,0.75,170592.0
IXIC,20110405,2787.78,2791.19,2806.2,2785.27,2789.19,2.0,0.0717,0.75,195452.0
IXIC,20110406,2808.1101,2799.82,2815.55,2786.8,2791.19,8.63,0.3092,1.03,199675.0
IXIC,20110407,2799.5901,2796.14,2813.22,2781.1299,2799.82,-3.68,-0.1314,1.15,180690.0
IXIC,20110408,2806.29,2780.41,2808.5601,2772.4,2796.14,-15.73,-0.5626,1.29,165081.0
IXIC,20110411,2789.49,2771.51,2792.95,2760.8401,2780.41,-8.9,-0.3201,1.15,205319.0
IXIC,20110412,2755.8899,2744.79,2760.6201,2737.0701,2771.51,-26.72,-0.9641,0.85,181861.0
IXIC,20110413,2762.6899,2761.52,2772.05,2744.8501,2744.79,16.73,0.6095,0.99,174494.0
IXIC,20110414,2743.1201,2760.22,2762.1799,2733.6799,2761.52,-1.3,-0.0471,1.03,171765.0
IXIC,20110415,2752.8701,2764.65,2769.29,2743.75,2760.22,4.43,0.1605,0.93,178505.0
IXIC,20110418,2731.22,2735.38,2737.46,2706.5,2764.65,-29.27,-1.0587,1.12,178623.0
IXIC,20110419,2741.3501,2744.97,2746.1799,2727.1201,2735.38,9.59,0.3506,0.7,167597.0
IXIC,20110420,2788.8401,2802.51,2802.99,2785.98,2744.97,57.54,2.0962,0.62,209447.0
IXIC,20110421,2820.77,2820.16,2820.77,2808.55,2802.51,17.65,0.6298,0.44,209447.0
IXIC,20110425,2820.28,2825.88,2826.26,2813.2,2820.16,5.72,0.2028,0.46,148060.0
IXIC,20110426,2832.48,2847.54,2856.6101,2829.0,2825.88,21.66,0.7665,0.98,205774.0
IXIC,20110427,2853.8799,2869.88,2870.8,2842.6101,2847.54,22.34,0.7845,0.99,207138.0
IXIC,20110428,2862.8201,2872.53,2874.5901,2859.6201,2869.88,2.65,0.0923,0.52,198363.0
IXIC,20110429,2869.74,2873.54,2876.8301,2863.04,2872.53,1.01,0.0352,0.48,245565.0
IXIC,20110502,2881.28,2864.08,2887.75,2859.8401,2873.54,-9.46,-0.3292,0.97,206263.0
IXIC,20110503,2859.3,2841.62,2861.95,2825.5,2864.08,-22.46,-0.7842,1.27,221438.0
IXIC,20110504,2842.9199,2828.23,2848.1599,2808.79,2841.62,-13.39,-0.4712,1.39,220958.0
IXIC,20110505,2812.8401,2814.72,2845.8501,2804.8201,2828.23,-13.51,-0.4777,1.45,222769.0
IXIC,20110506,2840.71,2827.56,2859.25,2818.6499,2814.72,12.84,0.4562,1.44,204374.0
IXIC,20110509,2828.24,2843.25,2850.3899,2823.6699,2827.56,15.69,0.5549,0.94,164911.0
IXIC,20110510,2851.9099,2871.89,2873.6399,2850.01,2843.25,28.64,1.0073,0.83,201800.0
IXIC,20110511,2867.1599,2845.06,2874.6101,2829.6799,2871.89,-26.83,-0.9342,1.56,225877.0
IXIC,20110512,2833.6699,2863.04,2865.8601,2819.3701,2845.06,17.98,0.632,1.63,220965.0
IXIC,20110513,2859.7,2828.47,2861.51,2827.51,2863.04,-34.57,-1.2075,1.19,191705.0
IXIC,20110516,2815.8999,2782.31,2828.1399,2779.54,2828.47,-46.16,-1.632,1.72,206602.0
IXIC,20110517,2769.1699,2783.21,2783.6101,2759.29,2782.31,0.9,0.0323,0.87,222044.0
IXIC,20110518,2782.6499,2815.0,2817.1499,2780.8301,2783.21,31.79,1.1422,1.3,187515.0
IXIC,20110519,2824.05,2823.31,2828.4099,2805.1201,2815.0,8.31,0.2952,0.83,175339.0
IXIC,20110520,2815.96,2803.32,2821.4399,2796.27,2823.31,-19.99,-0.708,0.89,178014.0
IXIC,20110523,2761.96,2758.9,2770.51,2750.6399,2803.32,-44.42,-1.5846,0.71,179568.0
IXIC,20110524,2766.7,2746.16,2767.5,2744.01,2758.9,-12.74,-0.4618,0.85,187537.0
IXIC,20110525,2739.99,2761.38,2771.3799,2739.8501,2746.16,15.22,0.5542,1.15,189451.0
IXIC,20110526,2756.3101,2782.92,2787.3301,2756.0601,2761.38,21.54,0.78,1.13,190440.0
IXIC,20110527,2789.02,2796.86,2801.1499,2788.29,2782.92,13.94,0.5009,0.46,164132.0
IXIC,20110531,2824.25,2835.3,2835.3401,2808.6001,2796.86,38.44,1.3744,0.96,245009.0
IXIC,20110601,2829.3899,2769.19,2834.05,2767.6299,2835.3,-66.11,-2.3317,2.34,225485.0
IXIC,20110602,2773.76,2773.31,2784.5701,2759.1699,2769.19,4.12,0.1488,0.92,191903.0
IXIC,20110603,2740.49,2732.78,2762.5601,2730.6299,2773.31,-40.53,-1.4614,1.15,193640.0
IXIC,20110606,2728.3101,2702.56,2736.6599,2702.2,2732.78,-30.22,-1.1058,1.26,187815.0
IXIC,20110607,2712.79,2701.56,2723.3201,2701.1699,2702.56,-1.0,-0.037,0.82,184730.0
IXIC,20110608,2693.6899,2675.38,2698.0801,2671.0901,2701.56,-26.18,-0.9691,1.0,208932.0
IXIC,20110609,2678.52,2684.87,2696.6899,2670.02,2675.38,9.49,0.3547,1.0,170496.0
IXIC,20110610,2675.1001,2643.73,2676.72,2641.6399,2684.87,-41.14,-1.5323,1.31,197200.0
IXIC,20110613,2649.3,2639.69,2657.77,2629.6101,2643.73,-4.04,-0.1528,1.07,184705.0
IXIC,20110614,2662.73,2678.72,2685.6499,2662.73,2639.69,39.03,1.4786,0.87,170130.0
IXIC,20110615,2653.1699,2631.46,2669.75,2625.8601,2678.72,-47.26,-1.7643,1.64,198243.0
IXIC,20110616,2631.98,2623.7,2642.6499,2599.8601,2631.46,-7.76,-0.2949,1.63,195825.0
IXIC,20110617,2646.29,2616.48,2648.54,2608.99,2623.7,-7.22,-0.2752,1.51,239369.0
IXIC,20110620,2608.05,2629.66,2636.55,2607.74,2616.48,13.18,0.5037,1.1,162585.0
IXIC,20110621,2640.3301,2687.26,2688.5,2634.04,2629.66,57.6,2.1904,2.07,188249.0
IXIC,20110622,2677.1799,2669.19,2693.23,2668.3501,2687.26,-18.07,-0.6724,0.93,161737.0
IXIC,20110623,2638.6001,2686.75,2688.0701,2627.47,2669.19,17.56,0.6579,2.27,206045.0
IXIC,20110624,2681.1001,2652.89,2682.4099,2647.46,2686.75,-33.86,-1.2603,1.3,284287.0
IXIC,20110627,2653.0701,2688.28,2697.3401,2647.55,2652.89,35.39,1.334,1.88,171074.0
IXIC,20110628,2694.26,2729.31,2729.9399,2692.45,2688.28,41.03,1.5263,1.39,168259.0
IXIC,20110629,2736.76,2740.49,2746.6201,2722.26,2729.31,11.18,0.4096,0.89,180449.0
IXIC,20110630,2749.3701,2773.52,2776.5601,2749.1101,2740.49,33.03,1.2053,1.0,185913.0
IXIC,20110701,2775.0801,2816.03,2818.1899,2769.0601,2773.52,42.51,1.5327,1.77,164638.0
IXIC,20110705,2817.8701,2825.77,2828.53,2810.0,2816.03,9.74,0.3459,0.66,155662.0
IXIC,20110706,2821.4199,2834.02,2838.8501,2812.8,2825.77,8.25,0.292,0.92,163949.0
IXIC,20110707,2856.25,2872.66,2878.9399,2853.8999,2834.02,38.64,1.3634,0.88,187371.0
IXIC,20110708,2841.29,2859.81,2860.02,2831.1599,2872.66,-12.85,-0.4473,1.0,161212.0
IXIC,20110711,2828.1001,2802.62,2841.1201,2795.54,2859.81,-57.19,-1.9998,1.59,176592.0
IXIC,20110712,2798.75,2781.91,2807.5701,2780.1599,2802.62,-20.71,-0.739,0.98,201541.0
IXIC,20110713,2800.8799,2796.92,2825.8601,2789.5701,2781.91,15.01,0.5396,1.3,188551.0
IXIC,20110714,2804.8201,2762.67,2817.3799,2755.8999,2796.92,-34.25,-1.2246,2.2,194650.0
IXIC,20110715,2787.3301,2789.8,2790.1599,2768.28,2762.67,27.13,0.982,0.79,180438.0
IXIC,20110718,2777.6101,2765.11,2783.76,2743.79,2789.8,-24.69,-0.885,1.43,175222.0
IXIC,20110719,2790.98,2826.52,2828.6499,2790.98,2765.11,61.41,2.2209,1.36,188276.0
IXIC,20110720,2839.3899,2814.23,2839.6499,2808.1799,2826.52,-12.29,-0.4348,1.11,186367.0
IXIC,20110721,2818.79,2834.43,2847.4099,2807.71,2814.23,20.2,0.7178,1.41,228415.0
IXIC,20110722,2834.46,2858.83,2862.72,2830.5801,2834.43,24.4,0.8608,1.13,166522.0
IXIC,20110725,2832.1101,2842.8,2859.3999,2828.9099,2858.83,-16.03,-0.5607,1.07,161324.0
IXIC,20110726,2842.74,2839.96,2851.72,2832.27,2842.8,-2.84,-0.0999,0.68,173998.0
IXIC,20110727,2823.6201,2764.79,2823.8601,2761.0,2839.96,-75.17,-2.6469,2.21,236747.0
IXIC,20110728,2765.6101,2766.25,2800.1101,2757.8501,2764.79,1.46,0.0528,1.53,206702.0
IXIC,20110729,2736.6699,2756.38,2780.5801,2724.99,2766.25,-9.87,-0.3568,2.01,230121.0
IXIC,20110801,2791.45,2744.61,2796.24,2716.3,2756.38,-11.77,-0.427,2.9,220979.0
IXIC,20110802,2728.29,2669.24,2745.8701,2668.6799,2744.61,-75.37,-2.7461,2.81,237725.0
IXIC,20110803,2673.97,2693.07,2695.3701,2621.6699,2669.24,23.83,0.8928,2.76,260131.0
IXIC,20110804,2648.3799,2556.39,2653.79,2556.3799,2693.07,-136.68,-5.0752,3.62,327299.0
IXIC,20110805,2580.3,2532.41,2592.04,2464.8701,2556.39,-23.98,-0.938,4.97,375015.0
IXIC,20110808,2447.3,2357.69,2489.3899,2357.6899,2532.41,-174.72,-6.8994,5.2,398799.0
IXIC,20110809,2402.1299,2482.52,2483.6599,2331.6499,2357.69,124.83,5.2946,6.45,380305.0
IXIC,20110810,2425.55,2381.05,2461.28,2378.0801,2482.52,-101.47,-4.0874,3.35,339701.0
IXIC,20110811,2415.54,2492.68,2516.3899,2399.5601,2381.05,111.63,4.6883,4.91,313414.0
IXIC,20110812,2507.01,2507.98,2524.0901,2481.5,2492.68,15.3,0.6138,1.71,223247.0
IXIC,20110815,2522.04,2555.2,2555.2,2514.52,2507.98,47.22,1.8828,1.62,194585.0
IXIC,20110816,2526.48,2523.45,2546.74,2494.55,2555.2,-31.75,-1.2426,2.04,207437.0
IXIC,20110817,2527.79,2511.48,2549.1101,2488.0901,2523.45,-11.97,-0.4744,2.42,191332.0
IXIC,20110818,2436.3799,2380.43,2437.01,2362.97,2511.48,-131.05,-5.218,2.95,277558.0
IXIC,20110819,2353.3201,2341.84,2415.1799,2338.6599,2380.43,-38.59,-1.6211,3.21,238530.0
IXIC,20110822,2396.8799,2345.38,2397.3401,2337.28,2341.84,3.54,0.1512,2.56,195723.0
IXIC,20110823,2360.95,2446.06,2446.0601,2349.0801,2345.38,100.68,4.2927,4.13,214727.0
IXIC,20110824,2437.48,2467.69,2470.8,2420.48,2446.06,21.63,0.8843,2.06,188864.0
IXIC,20110825,2470.96,2419.63,2482.8999,2415.24,2467.69,-48.06,-1.9476,2.74,178923.0
IXIC,20110826,2408.79,2479.85,2486.04,2385.27,2419.63,60.22,2.4888,4.16,185213.0
IXIC,20110829,2510.99,2562.11,2562.5801,2510.1299,2479.85,82.26,3.3171,2.12,161551.0
IXIC,20110830,2547.0701,2576.11,2589.53,2534.6799,2562.11,14.0,0.5464,2.14,187180.0
IXIC,20110831,2589.75,2579.46,2611.5801,2557.74,2576.11,3.35,0.13,2.09,199549.0
IXIC,20110901,2583.3401,2546.04,2604.5,2543.5601,2579.46,-33.42,-1.2956,2.36,174244.0
IXIC,20110902,2497.28,2480.33,2512.78,2469.3501,2546.04,-65.71,-2.5809,1.71,157153.0
IXIC,20110906,2417.6101,2473.83,2477.77,2414.3101,2480.33,-6.5,-0.2621,2.56,173717.0
IXIC,20110907,2511.5,2548.94,2548.94,2507.52,2473.83,75.11,3.0362,1.67,179148.0
IXIC,20110908,2533.8101,2529.14,2568.45,2520.8,2548.94,-19.8,-0.7768,1.87,197999.0
IXIC,20110909,2508.1201,2467.99,2518.3999,2452.9299,2529.14,-61.15,-2.4178,2.59,205419.0
IXIC,20110912,2442.8601,2495.09,2495.3601,2438.3999,2467.99,27.1,1.0981,2.31,198035.0
IXIC,20110913,2502.5901,2532.15,2537.3999,2494.0701,2495.09,37.06,1.4853,1.74,193139.0
IXIC,20110914,2548.45,2572.55,2600.78,2519.8,2532.15,40.4,1.5955,3.2,232377.0
IXIC,20110915,2595.45,2607.07,2608.95,2569.78,2572.55,34.52,1.3419,1.52,196773.0
IXIC,20110916,2607.1201,2622.31,2627.28,2600.96,2607.07,15.24,0.5846,1.01,270373.0
IXIC,20110919,2584.3501,2612.83,2627.3401,2564.46,2622.31,-9.48,-0.3615,2.4,189177.0
IXIC,20110920,2623.8899,2590.24,2643.3701,2589.52,2612.83,-22.59,-0.8646,2.06,191499.0
IXIC,20110921,2601.0601,2538.19,2613.29,2537.46,2590.24,-52.05,-2.0095,2.93,217203.0
IXIC,20110922,2466.0601,2455.67,2494.3101,2420.23,2538.19,-82.52,-3.2511,2.92,291933.0
IXIC,20110923,2438.6299,2483.23,2490.72,2438.28,2455.67,27.56,1.1223,2.14,197520.0
IXIC,20110926,2496.98,2516.69,2518.9099,2446.1201,2483.23,33.46,1.3474,2.93,198271.0
IXIC,20110927,2560.78,2546.83,2590.9399,2532.6499,2516.69,30.14,1.1976,2.32,209562.0
IXIC,20110928,2557.8601,2491.58,2569.79,2491.0701,2546.83,-55.25,-2.1694,3.09,192931.0
IXIC,20110929,2535.52,2480.76,2538.97,2433.5801,2491.58,-10.82,-0.4343,4.23,229037.0
IXIC,20110930,2444.77,2415.4,2468.98,2415.0701,2480.76,-65.36,-2.6347,2.17,204137.0
IXIC,20111003,2401.1899,2335.83,2430.8799,2335.23,2415.4,-79.57,-3.2943,3.96,254769.0
IXIC,20111004,2312.6799,2404.82,2406.6699,2298.8899,2335.83,68.99,2.9536,4.61,304094.0
IXIC,20111005,2398.3701,2460.51,2466.5,2380.96,2404.82,55.69,2.3158,3.56,247240.0
IXIC,20111006,2459.05,2506.82,2507.4399,2446.72,2460.51,46.31,1.8821,2.47,224914.0
IXIC,20111007,2509.6101,2479.35,2512.1399,2468.6001,2506.82,-27.47,-1.0958,1.74,208490.0
IXIC,20111010,2522.72,2566.05,2566.05,2519.78,2479.35,86.7,3.4969,1.87,157475.0
IXIC,20111011,2554.7,2583.03,2587.28,2551.9399,2566.05,16.98,0.6617,1.38,166140.0
IXIC,20111012,2606.6101,2604.73,2629.49,2602.3101,2583.03,21.7,0.8401,1.05,196719.0
IXIC,20111013,2595.05,2620.24,2625.22,2588.71,2604.73,15.51,0.5955,1.4,167522.0
IXIC,20111014,2655.23,2667.85,2667.8501,2636.0,2620.24,47.61,1.817,1.22,166435.0
IXIC,20111017,2653.3201,2614.92,2658.25,2606.9099,2667.85,-52.93,-1.984,1.92,167521.0
IXIC,20111018,2614.05,2657.43,2667.5701,2586.3101,2614.92,42.51,1.6257,3.11,193169.0
IXIC,20111019,2642.8899,2604.04,2651.8799,2597.77,2657.43,-53.39,-2.0091,2.04,198018.0
IXIC,20111020,2605.4199,2598.62,2606.3899,2557.1699,2604.04,-5.42,-0.2081,1.89,204018.0
IXIC,20111021,2630.3,2637.46,2646.9199,2611.1101,2598.62,38.84,1.4946,1.38,201995.0
IXIC,20111024,2644.8301,2699.44,2703.0701,2643.9399,2637.46,61.98,2.35,2.24,188445.0
IXIC,20111025,2685.8601,2638.42,2685.8799,2633.9399,2699.44,-61.02,-2.2605,1.92,177777.0
IXIC,20111026,2660.4199,2650.67,2666.29,2598.74,2638.42,12.25,0.4643,2.56,211865.0
IXIC,20111027,2720.5901,2738.63,2753.3701,2694.27,2650.67,87.96,3.3184,2.23,281068.0
IXIC,20111028,2724.03,2737.15,2742.27,2723.03,2738.63,-1.48,-0.054,0.7,183853.0
IXIC,20111031,2705.8899,2684.41,2716.7,2684.1299,2737.15,-52.74,-1.9268,1.19,177256.0
IXIC,20111101,2607.3101,2606.96,2638.6001,2597.1599,2684.41,-77.45,-2.8852,1.54,229422.0
IXIC,20111102,2637.5601,2639.98,2648.46,2613.74,2606.96,33.02,1.2666,1.33,192179.0
IXIC,20111103,2666.21,2697.97,2699.8401,2628.22,2639.98,57.99,2.1966,2.71,210624.0
IXIC,20111104,2678.1599,2686.15,2693.6699,2655.1201,2697.97,-11.82,-0.4381,1.43,193075.0
IXIC,20111107,2683.3799,2695.25,2697.02,2649.0601,2686.15,9.1,0.3388,1.79,171270.0
IXIC,20111108,2712.0801,2727.49,2730.3899,2680.9299,2695.25,32.24,1.1962,1.84,185027.0
IXIC,20111109,2662.5601,2621.65,2672.3401,2617.9299,2727.49,-105.84,-3.8805,1.99,214416.0
IXIC,20111110,2652.01,2625.15,2652.3999,2601.79,2621.65,3.5,0.1335,1.93,189239.0
IXIC,20111111,2653.53,2678.75,2684.6699,2649.8501,2625.15,53.6,2.0418,1.33,160264.0
IXIC,20111114,2671.1101,2657.22,2682.1299,2647.48,2678.75,-21.53,-0.8037,1.29,140171.0
IXIC,20111115,2647.9099,2686.2,2695.8701,2644.0,2657.22,28.98,1.0906,1.95,170696.0
IXIC,20111116,2661.0901,2639.61,2688.8601,2637.9099,2686.2,-46.59,-1.7344,1.9,195003.0
IXIC,20111117,2637.3701,2587.99,2637.48,2576.22,2639.61,-51.62,-1.9556,2.32,219732.0
IXIC,20111118,2595.02,2572.5,2595.8401,2567.1499,2587.99,-15.49,-0.5985,1.11,175536.0
IXIC,20111121,2535.3401,2523.14,2539.8701,2500.8899,2572.5,-49.36,-1.9188,1.52,204852.0
IXIC,20111122,2517.6399,2521.28,2534.3999,2499.1899,2523.14,-1.86,-0.0737,1.4,179206.0
IXIC,20111123,2501.1799,2460.08,2503.3799,2460.08,2521.28,-61.2,-2.4273,1.72,170777.0
IXIC,20111125,2453.03,2441.51,2477.03,2441.48,2460.08,-18.57,-0.7549,1.45,69175.0
IXIC,20111128,2509.6299,2527.34,2531.3201,2507.72,2441.51,85.83,3.5154,0.97,162606.0
IXIC,20111129,2529.1101,2515.51,2542.46,2508.27,2527.34,-11.83,-0.4681,1.35,162355.0
IXIC,20111130,2586.3899,2620.34,2620.3401,2582.49,2515.51,104.83,4.1673,1.5,244096.0
IXIC,20111201,2615.6699,2626.2,2636.0801,2611.48,2620.34,5.86,0.2236,0.94,182686.0
IXIC,20111202,2650.8,2626.93,2659.23,2625.0701,2626.2,0.73,0.0278,1.3,166273.0
IXIC,20111205,2666.47,2655.76,2674.53,2641.5901,2626.93,28.83,1.0975,1.25,168666.0
IXIC,20111206,2655.02,2649.56,2663.6299,2639.1799,2655.76,-6.2,-0.2335,0.92,149113.0
IXIC,20111207,2638.6101,2649.21,2660.24,2612.8,2649.56,-0.35,-0.0132,1.79,165801.0
IXIC,20111208,2633.3,2596.38,2645.9199,2592.55,2649.21,-52.83,-1.9942,2.01,184564.0
IXIC,20111209,2603.1799,2646.85,2653.46,2603.1799,2596.38,50.47,1.9439,1.94,166471.0
IXIC,20111212,2617.3201,2612.26,2617.3201,2591.4199,2646.85,-34.59,-1.3068,0.98,157260.0
IXIC,20111213,2629.6699,2579.27,2639.74,2568.4399,2612.26,-32.99,-1.2629,2.73,175232.0
IXIC,20111214,2566.21,2539.31,2568.4399,2525.8799,2579.27,-39.96,-1.5493,1.65,179396.0
IXIC,20111215,2565.9299,2541.01,2565.9399,2536.5801,2539.31,1.7,0.0669,1.16,174840.0
IXIC,20111216,2554.6201,2555.33,2585.4199,2548.0,2541.01,14.32,0.5636,1.47,266469.0
IXIC,20111219,2564.0701,2523.14,2570.6499,2518.01,2555.33,-32.19,-1.2597,2.06,156011.0
IXIC,20111220,2567.25,2603.73,2604.52,2566.8701,2523.14,80.59,3.194,1.49,183572.0
IXIC,20111221,2589.77,2577.97,2590.6101,2544.6599,2603.73,-25.76,-0.9894,1.76,185371.0
IXIC,20111222,2584.3301,2599.45,2601.99,2581.9199,2577.97,21.48,0.8332,0.78,151561.0
IXIC,20111223,2607.4299,2618.64,2618.8401,2599.8899,2599.45,19.19,0.7382,0.73,96094.0
IXIC,20111227,2613.51,2625.2,2633.3401,2610.77,2618.64,6.56,0.2505,0.86,94559.0
IXIC,20111228,2626.1899,2589.98,2626.3401,2586.8501,2625.2,-35.22,-1.3416,1.5,106993.0
IXIC,20111229,2596.3301,2613.74,2614.8701,2593.04,2589.98,23.76,0.9174,0.84,101138.0
IXIC,20111230,2610.23,2605.15,2616.46,2604.6001,2613.74,-8.59,-0.3286,0.45,105679.0
IXIC,20120103,2657.3899,2648.72,2665.8999,2641.98,2605.15,43.57,1.6725,0.92,163685.0
IXIC,20120104,2639.8999,2648.36,2653.1799,2627.23,2648.72,-0.36,-0.0136,0.98,167053.0
IXIC,20120105,2642.5701,2669.86,2673.5601,2631.23,2648.36,21.5,0.8118,1.6,183641.0
IXIC,20120106,2671.1699,2674.22,2682.1201,2658.8301,2669.86,4.36,0.1633,0.87,168309.0
IXIC,20120109,2682.98,2676.56,2683.78,2662.96,2674.22,2.34,0.0875,0.78,176808.0
IXIC,20120110,2704.4199,2702.5,2712.5,2694.3301,2676.56,25.94,0.9692,0.68,180950.0
IXIC,20120111,2695.77,2710.76,2714.29,2690.73,2702.5,8.26,0.3056,0.87,169966.0
IXIC,20120112,2716.8701,2724.7,2726.4299,2697.3201,2710.76,13.94,0.5142,1.07,166955.0
IXIC,20120113,2707.4099,2710.67,2712.9299,2689.5801,2724.7,-14.03,-0.5149,0.86,165596.0
IXIC,20120117,2736.3401,2728.08,2742.73,2721.03,2710.67,17.41,0.6423,0.8,166421.0
IXIC,20120118,2731.1599,2769.71,2769.71,2730.05,2728.08,41.63,1.526,1.45,196894.0
IXIC,20120119,2779.74,2788.33,2793.3501,2777.1699,2769.71,18.62,0.6723,0.58,195995.0
IXIC,20120120,2776.04,2786.7,2787.2,2775.8701,2788.33,-1.63,-0.0585,0.41,194966.0
IXIC,20120123,2786.21,2784.17,2804.99,2769.8201,2786.7,-2.53,-0.0908,1.26,165294.0
IXIC,20120124,2771.5801,2786.64,2788.3799,2766.3401,2784.17,2.47,0.0887,0.79,162069.0
IXIC,20120125,2803.23,2818.31,2822.79,2788.95,2786.64,31.67,1.1365,1.21,191804.0
IXIC,20120126,2828.78,2805.28,2834.3,2794.78,2818.31,-13.03,-0.4623,1.4,199897.0
IXIC,20120127,2797.6599,2816.55,2821.55,2797.24,2805.28,11.27,0.4017,0.87,170735.0
IXIC,20120130,2790.3999,2811.94,2816.8501,2782.4399,2816.55,-4.61,-0.1637,1.22,166897.0
IXIC,20120131,2825.76,2813.84,2830.45,2798.77,2811.94,1.9,0.0676,1.13,178655.0
IXIC,20120201,2830.1001,2848.27,2855.73,2825.1899,2813.84,34.43,1.2236,1.09,212572.0
IXIC,20120202,2854.1001,2859.68,2868.23,2849.3999,2848.27,11.41,0.4006,0.66,191343.0
IXIC,20120203,2888.95,2905.66,2908.1299,2885.8401,2859.68,45.98,1.6079,0.78,215289.0
IXIC,20120206,2892.52,2901.99,2903.03,2887.3301,2905.66,-3.67,-0.1263,0.54,168449.0
IXIC,20120207,2895.9099,2904.08,2910.27,2885.1699,2901.99,2.09,0.072,0.86,178458.0
IXIC,20120208,2906.5901,2915.86,2918.26,2892.71,2904.08,11.78,0.4056,0.88,198115.0
IXIC,20120209,2922.46,2927.23,2930.6799,2904.51,2915.86,11.37,0.3899,0.9,215309.0
IXIC,20120210,2902.0,2903.88,2910.98,2895.1001,2927.23,-23.35,-0.7977,0.54,178764.0
IXIC,20120213,2926.21,2931.39,2933.9299,2913.8899,2903.88,27.51,0.9474,0.69,161998.0
IXIC,20120214,2921.7,2931.83,2932.0801,2911.6001,2931.39,0.44,0.015,0.7,188163.0
IXIC,20120215,2943.4199,2915.83,2958.1899,2911.3301,2931.83,-16.0,-0.5457,1.6,203898.0
IXIC,20120216,2915.6699,2959.85,2961.3799,2912.72,2915.83,44.02,1.5097,1.67,194523.0
IXIC,20120217,2958.22,2951.78,2962.78,2941.55,2959.85,-8.07,-0.2726,0.72,197390.0
IXIC,20120221,2957.3,2948.57,2965.05,2934.0701,2951.78,-3.21,-0.1087,1.05,182154.0
IXIC,20120222,2942.77,2933.17,2950.3701,2929.6799,2948.57,-15.4,-0.5223,0.7,170631.0
IXIC,20120223,2933.1599,2956.98,2958.4199,2922.96,2933.17,23.81,0.8118,1.21,176839.0
IXIC,20120224,2963.1299,2963.75,2970.8799,2958.8201,2956.98,6.77,0.229,0.41,164318.0
IXIC,20120227,2945.8701,2966.16,2976.0801,2933.3,2963.75,2.41,0.0813,1.44,176365.0
IXIC,20120228,2969.25,2986.76,2988.5901,2966.6101,2966.16,20.6,0.6945,0.74,181249.0
IXIC,20120229,2991.6699,2966.89,3000.1101,2961.77,2986.76,-19.87,-0.6653,1.28,217019.0
IXIC,20120301,2979.1101,2988.97,2996.3701,2974.5901,2966.89,22.08,0.7442,0.73,190369.0
IXIC,20120302,2986.0801,2976.19,2995.97,2968.0,2988.97,-12.78,-0.4276,0.94,175513.0
IXIC,20120305,2969.73,2950.48,2973.9299,2940.52,2976.19,-25.71,-0.8639,1.12,167903.0
IXIC,20120306,2917.52,2910.32,2921.77,2900.28,2950.48,-40.16,-1.3611,0.73,187072.0
IXIC,20120307,2922.5701,2935.69,2940.28,2920.54,2910.32,25.37,0.8717,0.68,158936.0
IXIC,20120308,2954.3999,2970.42,2976.05,2945.73,2935.69,34.73,1.183,1.03,161974.0
IXIC,20120309,2975.0901,2988.34,2993.98,2973.96,2970.42,17.92,0.6033,0.67,158056.0
IXIC,20120312,2989.05,2983.66,2994.1001,2973.6499,2988.34,-4.68,-0.1566,0.68,134166.0
IXIC,20120313,3003.71,3039.88,3039.8899,2996.46,2983.66,56.22,1.8843,1.46,170990.0
IXIC,20120314,3042.21,3040.73,3051.3701,3024.73,3039.88,0.85,0.028,0.88,166230.0
IXIC,20120315,3048.5801,3056.37,3059.8101,3037.8201,3040.73,15.64,0.5144,0.72,167754.0
IXIC,20120316,3058.49,3055.26,3060.8201,3047.6899,3056.37,-1.11,-0.0363,0.43,208861.0
IXIC,20120319,3057.24,3078.32,3087.1001,3050.8899,3055.26,23.06,0.7548,1.19,154840.0
IXIC,20120320,3060.9299,3074.15,3078.72,3050.8201,3078.32,-4.17,-0.1355,0.91,150858.0
IXIC,20120321,3077.4399,3075.32,3090.0801,3069.0901,3074.15,1.17,0.0381,0.68,155240.0
IXIC,20120322,3055.0,3063.32,3068.5,3050.7,3075.32,-12.0,-0.3902,0.58,152480.0
IXIC,20120323,3066.3701,3067.92,3070.9299,3044.6699,3063.32,4.6,0.1502,0.86,142894.0
IXIC,20120326,3090.52,3122.57,3122.5701,3090.05,3067.92,54.65,1.7813,1.06,162752.0
IXIC,20120327,3124.0601,3120.35,3134.1699,3119.03,3122.57,-2.22,-0.0711,0.48,166246.0
IXIC,20120328,3123.8401,3104.96,3130.5601,3086.9299,3120.35,-15.39,-0.4932,1.4,176568.0
IXIC,20120329,3087.25,3095.36,3099.8,3069.8101,3104.96,-9.6,-0.3092,0.97,175616.0
IXIC,20120330,3110.97,3091.57,3111.55,3079.05,3095.36,-3.79,-0.1224,1.05,183313.0
IXIC,20120402,3085.9399,3119.7,3123.03,3079.78,3091.57,28.13,0.9099,1.4,176821.0
IXIC,20120403,3119.6499,3113.57,3128.25,3097.4099,3119.7,-6.13,-0.1965,0.99,180495.0
IXIC,20120404,3085.46,3068.09,3086.3501,3052.5801,3113.57,-45.48,-1.4607,1.08,181315.0
IXIC,20120405,3061.75,3080.5,3083.3799,3061.1399,3068.09,12.41,0.4045,0.72,154804.0
IXIC,20120409,3037.28,3047.08,3058.76,3032.22,3080.5,-33.42,-1.0849,0.86,137114.0
IXIC,20120410,3044.6699,2991.22,3055.2,2987.0,3047.08,-55.86,-1.8332,2.24,195360.0
IXIC,20120411,3020.1499,3016.46,3030.51,3008.75,2991.22,25.24,0.8438,0.73,154089.0
IXIC,20120412,3023.1101,3055.55,3059.26,3020.4399,3016.46,39.09,1.2959,1.29,148034.0
IXIC,20120413,3045.0801,3011.33,3045.4199,3010.77,3055.55,-44.22,-1.4472,1.13,148385.0
IXIC,20120416,3027.5701,2988.4,3027.5701,2975.8701,3011.33,-22.93,-0.7615,1.72,159432.0
IXIC,20120417,3002.02,3042.82,3052.76,2999.49,2988.4,54.42,1.821,1.78,155507.0
IXIC,20120418,3031.8201,3031.45,3045.04,3023.9099,3042.82,-11.37,-0.3737,0.69,159947.0
IXIC,20120419,3028.2,3007.56,3058.72,2994.9399,3031.45,-23.89,-0.7881,2.1,199112.0
IXIC,20120420,3023.73,3000.45,3034.6899,2999.01,3007.56,-7.11,-0.2364,1.19,193588.0
IXIC,20120423,2969.0,2970.45,2973.3799,2946.04,3000.45,-30.0,-0.9999,0.91,176736.0
IXIC,20120424,2967.3701,2961.6,2979.0801,2950.3799,2970.45,-8.85,-0.2979,0.97,169084.0
IXIC,20120425,3013.6499,3029.63,3031.4099,3010.5701,2961.6,68.03,2.2971,0.7,172133.0
IXIC,20120426,3029.6201,3050.61,3056.77,3027.79,3029.63,20.98,0.6925,0.96,176351.0
IXIC,20120427,3060.3401,3069.2,3076.4399,3043.3,3050.61,18.59,0.6094,1.09,177775.0
IXIC,20120430,3060.0601,3046.36,3063.6599,3043.25,3069.2,-22.84,-0.7442,0.66,163317.0
IXIC,20120501,3044.79,3050.44,3085.3999,3041.6201,3046.36,4.08,0.1339,1.44,185423.0
IXIC,20120502,3035.0701,3059.85,3061.47,3028.9399,3050.44,9.41,0.3085,1.07,182519.0
IXIC,20120503,3061.1299,3024.3,3061.3799,3016.2,3059.85,-35.55,-1.1618,1.48,186913.0
IXIC,20120504,3001.1499,2956.34,3001.48,2956.34,3024.3,-67.96,-2.2471,1.49,194401.0
IXIC,20120507,2940.4099,2957.76,2970.2,2939.21,2956.34,1.42,0.048,1.05,174043.0
IXIC,20120508,2939.3601,2946.27,2952.6499,2900.0601,2957.76,-11.49,-0.3885,1.78,217584.0
IXIC,20120509,2912.4099,2934.71,2948.77,2900.1799,2946.27,-11.56,-0.3924,1.65,204709.0
IXIC,20120510,2950.21,2933.64,2950.21,2923.1399,2934.71,-1.07,-0.0365,0.92,200415.0
IXIC,20120511,2919.3501,2933.82,2960.3799,2918.74,2933.64,0.18,0.0061,1.42,173538.0
IXIC,20120514,2907.78,2902.58,2924.8899,2898.8999,2933.82,-31.24,-1.0648,0.89,168346.0
IXIC,20120515,2902.3,2893.76,2930.6799,2889.3899,2902.58,-8.82,-0.3039,1.42,182621.0
IXIC,20120516,2904.6699,2874.04,2913.8999,2872.25,2893.76,-19.72,-0.6815,1.44,193390.0
IXIC,20120517,2874.71,2813.69,2879.22,2813.6899,2874.04,-60.35,-2.0998,2.28,201698.0
IXIC,20120518,2814.4299,2778.79,2827.28,2774.45,2813.69,-34.9,-1.2404,1.88,269245.0
IXIC,20120521,2782.55,2847.21,2848.8301,2774.76,2778.79,68.42,2.4622,2.67,187042.0
IXIC,20120522,2853.8701,2839.08,2867.3401,2823.22,2847.21,-8.13,-0.2855,1.55,186185.0
IXIC,20120523,2832.1699,2850.12,2855.3501,2795.5,2839.08,11.04,0.3889,2.11,192964.0
IXIC,20120524,2856.55,2839.38,2858.24,2817.6201,2850.12,-10.74,-0.3768,1.43,175029.0
IXIC,20120525,2839.74,2837.53,2846.3101,2829.76,2839.38,-1.85,-0.0652,0.58,128268.0
IXIC,20120529,2853.27,2870.99,2882.8301,2846.6799,2837.53,33.46,1.1792,1.27,22143.0
IXIC,20120530,2847.27,2837.36,2847.27,2825.6399,2870.99,-33.63,-1.1714,0.75,167104.0
IXIC,20120531,2837.3701,2827.34,2842.4299,2801.96,2837.36,-10.02,-0.3531,1.43,218013.0
IXIC,20120601,2810.1299,2747.48,2810.1299,2747.24,2827.34,-79.86,-2.8246,2.22,196637.0
IXIC,20120604,2747.6101,2760.01,2769.9299,2726.6799,2747.48,12.53,0.4561,1.57,175575.0
IXIC,20120605,2749.3501,2778.11,2781.97,2749.3401,2760.01,18.1,0.6558,1.18,162560.0
IXIC,20120606,2796.23,2844.72,2844.72,2796.23,2778.11,66.61,2.3977,1.75,176105.0
IXIC,20120607,2872.05,2831.02,2873.5901,2827.8201,2844.72,-13.7,-0.4816,1.61,165537.0
IXIC,20120608,2823.8201,2858.42,2860.9399,2814.8,2831.02,27.4,0.9678,1.63,139026.0
IXIC,20120611,2882.49,2809.73,2882.96,2806.8999,2858.42,-48.69,-1.7034,2.66,148022.0
IXIC,20120612,2815.8401,2843.07,2843.6699,2802.3799,2809.73,33.34,1.1866,1.47,159431.0
IXIC,20120613,2838.1201,2818.61,2853.1699,2810.5901,2843.07,-24.46,-0.8603,1.5,160208.0
IXIC,20120614,2820.6299,2836.33,2842.3101,2807.55,2818.61,17.72,0.6287,1.23,163337.0
IXIC,20120615,2839.3999,2872.8,2874.3799,2837.9399,2836.33,36.47,1.2858,1.28,202010.0
IXIC,20120618,2872.49,2895.33,2903.03,2853.8601,2872.8,22.53,0.7843,1.71,158619.0
IXIC,20120619,2909.8701,2929.76,2940.23,2908.45,2895.33,34.43,1.1892,1.1,183548.0
IXIC,20120620,2932.96,2930.45,2942.28,2910.0,2929.76,0.69,0.0236,1.1,156308.0
IXIC,20120621,2929.1499,2859.09,2930.9299,2857.1001,2930.45,-71.36,-2.4351,2.52,182220.0
IXIC,20120622,2866.1699,2892.42,2894.3501,2863.9299,2859.09,33.33,1.1658,1.06,354401.0
IXIC,20120625,2863.8899,2836.16,2863.8899,2829.23,2892.42,-56.26,-1.9451,1.2,151443.0
IXIC,20120626,2845.3999,2854.06,2862.1499,2832.02,2836.16,17.9,0.6311,1.06,162316.0
IXIC,20120627,2862.1299,2875.32,2882.3999,2860.1299,2854.06,21.26,0.7449,0.78,166858.0
IXIC,20120628,2853.8899,2849.49,2855.74,2818.1899,2875.32,-25.83,-0.8983,1.31,179585.0
IXIC,20120629,2902.4399,2935.05,2935.1299,2895.6001,2849.49,85.56,3.0026,1.39,202119.0
IXIC,20120702,2938.4099,2951.23,2951.23,2925.71,2935.05,16.18,0.5513,0.87,184524.0
IXIC,20120703,2950.8101,2976.08,2976.0801,2948.3999,2951.23,24.85,0.842,0.94,100933.0
IXIC,20120705,2970.3701,2976.12,2987.9399,2958.3,2976.08,0.04,0.0013,1.0,142399.0
IXIC,20120706,2955.2,2937.33,2957.5,2921.3701,2976.12,-38.79,-1.3034,1.21,143742.0
IXIC,20120709,2934.49,2931.77,2942.99,2919.04,2937.33,-5.56,-0.1893,0.82,145550.0
IXIC,20120710,2945.3501,2902.33,2953.47,2891.4199,2931.77,-29.44,-1.0042,2.12,172573.0
IXIC,20120711,2898.77,2887.98,2905.51,2866.53,2902.33,-14.35,-0.4944,1.34,163512.0
IXIC,20120712,2867.0801,2866.19,2876.3201,2837.72,2887.98,-21.79,-0.7545,1.34,171946.0
IXIC,20120713,2874.0601,2908.47,2913.28,2873.3899,2866.19,42.28,1.4751,1.39,137362.0
IXIC,20120716,2903.03,2896.94,2910.2,2888.01,2908.47,-11.53,-0.3964,0.76,141447.0
IXIC,20120717,2911.46,2910.04,2916.6101,2871.6499,2896.94,13.1,0.4522,1.55,177416.0
IXIC,20120718,2904.24,2942.6,2951.3,2902.95,2910.04,32.56,1.1189,1.66,181704.0
IXIC,20120719,2961.71,2965.9,2976.22,2952.4199,2942.6,23.3,0.7918,0.81,173592.0
IXIC,20120720,2957.02,2925.3,2957.02,2925.3,2965.9,-40.6,-1.3689,1.07,181042.0
IXIC,20120723,2877.51,2890.16,2898.05,2852.8799,2925.3,-35.14,-1.2012,1.54,160714.0
IXIC,20120724,2894.95,2863.0,2896.5601,2847.22,2890.16,-27.16,-0.9397,1.71,174841.0
IXIC,20120725,2856.78,2854.24,2870.22,2839.76,2863.0,-8.76,-0.306,1.06,178415.0
IXIC,20120726,2896.6799,2893.25,2905.5701,2876.01,2854.24,39.01,1.3667,1.04,198152.0
IXIC,20120727,2906.5,2958.09,2961.8701,2900.98,2893.25,64.84,2.2411,2.1,210261.0
IXIC,20120730,2959.0701,2945.84,2970.3,2939.04,2958.09,-12.25,-0.4141,1.06,148399.0
IXIC,20120731,2945.0801,2939.52,2959.6201,2938.4099,2945.84,-6.32,-0.2145,0.72,180144.0
IXIC,20120801,2956.72,2920.21,2958.28,2917.78,2939.52,-19.31,-0.6569,1.38,172253.0
IXIC,20120802,2900.46,2909.77,2934.6499,2890.8501,2920.21,-10.44,-0.3575,1.5,182262.0
IXIC,20120803,2951.28,2967.9,2977.4099,2945.8101,2909.77,58.13,1.9978,1.09,173021.0
IXIC,20120806,2978.1599,2989.91,3000.24,2974.23,2967.9,22.01,0.7416,0.88,152826.0
IXIC,20120807,3002.6599,3015.86,3028.6101,3002.0901,2989.91,25.95,0.8679,0.89,189924.0
IXIC,20120808,3003.77,3011.25,3018.8999,3002.4099,3015.86,-4.61,-0.1529,0.55,187458.0
IXIC,20120809,3009.8601,3018.64,3022.6899,3007.3,3011.25,7.39,0.2454,0.51,167797.0
IXIC,20120810,3008.8301,3020.86,3020.8601,3003.3799,3018.64,2.22,0.0735,0.58,155646.0
IXIC,20120813,3018.27,3022.52,3023.03,2999.1201,3020.86,1.66,0.055,0.79,135338.0
IXIC,20120814,3032.6699,3016.98,3034.1599,3009.9299,3022.52,-5.54,-0.1833,0.8,156783.0
IXIC,20120815,3013.3301,3030.93,3032.0601,3013.3301,3016.98,13.95,0.4624,0.62,153673.0
IXIC,20120816,3037.1799,3062.39,3067.4399,3033.28,3030.93,31.46,1.038,1.13,193743.0
IXIC,20120817,3067.1101,3076.59,3076.72,3060.1499,3062.39,14.2,0.4637,0.54,164064.0
IXIC,20120820,3072.6599,3076.21,3076.21,3059.8999,3076.59,-0.38,-0.0124,0.53,145155.0
IXIC,20120821,3085.25,3067.26,3100.54,3058.74,3076.21,-8.95,-0.2909,1.36,157422.0
IXIC,20120822,3059.9399,3073.67,3080.73,3053.4299,3067.26,6.41,0.209,0.89,145913.0
IXIC,20120823,3065.8201,3053.4,3070.3401,3045.52,3073.67,-20.27,-0.6595,0.81,138386.0
IXIC,20120824,3045.22,3069.79,3076.8,3042.22,3053.4,16.39,0.5368,1.13,134974.0
IXIC,20120827,3083.6201,3073.19,3085.8101,3068.1299,3069.79,3.4,0.1108,0.58,138353.0
IXIC,20120828,3069.3999,3077.14,3083.1899,3063.6499,3073.19,3.95,0.1285,0.64,136474.0
IXIC,20120829,3078.05,3081.19,3087.24,3067.6201,3077.14,4.05,0.1316,0.64,128290.0
IXIC,20120830,3066.73,3048.71,3067.54,3045.9199,3081.19,-32.48,-1.0541,0.7,121664.0
IXIC,20120831,3069.6399,3066.97,3078.52,3040.5901,3048.71,18.26,0.5989,1.24,139476.0
IXIC,20120904,3063.25,3075.06,3082.26,3040.24,3066.97,8.09,0.2638,1.37,150596.0
IXIC,20120905,3072.5801,3069.27,3082.75,3062.54,3075.06,-5.79,-0.1883,0.66,149503.0
IXIC,20120906,3087.9399,3135.81,3135.8101,3087.6699,3069.27,66.54,2.1679,1.57,191890.0
IXIC,20120907,3133.22,3136.42,3139.6101,3128.1699,3135.81,0.61,0.0195,0.36,174064.0
IXIC,20120910,3131.3401,3104.02,3133.8899,3102.76,3136.42,-32.4,-1.033,0.99,157537.0
IXIC,20120911,3105.02,3104.53,3117.8601,3099.1001,3104.02,0.51,0.0164,0.6,158625.0
IXIC,20120912,3115.3301,3114.31,3120.1201,3098.8201,3104.53,9.78,0.315,0.69,168914.0
IXIC,20120913,3117.6599,3155.83,3167.6299,3112.6201,3114.31,41.52,1.3332,1.77,187005.0
IXIC,20120914,3166.24,3183.95,3195.6699,3164.26,3155.83,28.12,0.891,1.0,198472.0
IXIC,20120917,3183.3999,3178.67,3183.3999,3168.6299,3183.95,-5.28,-0.1658,0.46,148539.0
IXIC,20120918,3173.6201,3177.8,3179.3701,3169.4099,3178.67,-0.87,-0.0274,0.31,170720.0
IXIC,20120919,3179.04,3182.62,3189.3501,3170.29,3177.8,4.82,0.1517,0.6,185092.0
IXIC,20120920,3166.8401,3175.96,3178.45,3156.46,3182.62,-6.66,-0.2093,0.69,180913.0
IXIC,20120921,3194.8601,3179.96,3196.9299,3178.0901,3175.96,4.0,0.1259,0.59,252625.0
IXIC,20120924,3155.3501,3160.78,3167.74,3150.71,3179.96,-19.18,-0.6032,0.54,170486.0
IXIC,20120925,3170.3701,3117.73,3176.3,3117.73,3160.78,-43.05,-1.362,1.85,197547.0
IXIC,20120926,3113.3999,3093.7,3114.54,3080.28,3117.73,-24.03,-0.7708,1.1,173801.0
IXIC,20120927,3105.8701,3136.6,3142.02,3098.46,3093.7,42.9,1.3867,1.41,169180.0
IXIC,20120928,3125.3101,3116.23,3132.51,3109.9099,3136.6,-20.37,-0.6494,0.72,186464.0
IXIC,20121001,3130.3101,3113.53,3146.99,3103.8899,3116.23,-2.7,-0.0866,1.38,175817.0
IXIC,20121002,3127.73,3120.04,3131.6399,3101.6399,3113.53,6.51,0.2091,0.96,160957.0
IXIC,20121003,3130.8501,3135.23,3142.3601,3115.04,3120.04,15.19,0.4869,0.88,170405.0
IXIC,20121004,3142.3799,3149.46,3153.48,3132.5601,3135.23,14.23,0.4539,0.67,158519.0
IXIC,20121005,3161.21,3136.19,3171.46,3130.76,3149.46,-13.27,-0.4213,1.29,160794.0
IXIC,20121008,3121.3301,3112.35,3125.49,3107.5701,3136.19,-23.84,-0.7602,0.57,118626.0
IXIC,20121009,3108.01,3065.02,3108.01,3062.52,3112.35,-47.33,-1.5207,1.46,164574.0
IXIC,20121010,3066.25,3051.78,3071.5701,3046.78,3065.02,-13.24,-0.432,0.81,178897.0
IXIC,20121011,3075.8899,3049.42,3078.0801,3047.1399,3051.78,-2.36,-0.0773,1.01,159502.0
IXIC,20121012,3049.0801,3044.12,3061.77,3039.5801,3049.42,-5.3,-0.1738,0.73,152484.0
IXIC,20121015,3053.21,3064.18,3066.3101,3037.27,3044.12,20.06,0.659,0.95,156344.0
IXIC,20121016,3073.21,3101.17,3102.97,3070.25,3064.18,36.99,1.2072,1.07,173693.0
IXIC,20121017,3091.3799,3104.12,3112.45,3088.05,3101.17,2.95,0.0951,0.79,177092.0
IXIC,20121018,3097.77,3072.87,3102.5601,3065.24,3104.12,-31.25,-1.0067,1.2,204329.0
IXIC,20121019,3066.5601,3005.62,3066.5601,3000.27,3072.87,-67.25,-2.1885,2.16,222558.0
IXIC,20121022,3005.9199,3016.96,3020.6101,2995.78,3005.62,11.34,0.3773,0.83,165413.0
IXIC,20121023,2989.4399,2990.46,3006.5901,2974.0701,3016.96,-26.5,-0.8784,1.08,183084.0
IXIC,20121024,3011.8201,2981.7,3012.95,2978.73,2990.46,-8.76,-0.2929,1.14,196700.0
IXIC,20121025,3005.04,2986.12,3007.71,2975.98,2981.7,4.42,0.1482,1.06,192266.0
IXIC,20121026,2986.05,2987.95,2999.1399,2961.1599,2986.12,1.83,0.0613,1.27,183970.0
IXIC,20121031,2986.8501,2977.23,2989.7,2964.9399,2987.95,-10.72,-0.3588,0.83,180678.0
IXIC,20121101,2987.54,3020.06,3021.9399,2984.22,2977.23,42.83,1.4386,1.27,188014.0
IXIC,20121102,3033.8501,2982.13,3033.8501,2981.6899,3020.06,-37.93,-1.2559,1.73,183459.0
IXIC,20121105,2983.03,2999.66,3004.8701,2975.8501,2982.13,17.53,0.5878,0.97,149621.0
IXIC,20121106,3003.71,3011.93,3024.4399,2998.9299,2999.66,12.27,0.409,0.85,178243.0
IXIC,20121107,2976.46,2937.29,2977.8101,2926.79,3011.93,-74.64,-2.4781,1.69,205969.0
IXIC,20121108,2942.0901,2895.59,2949.7,2895.5801,2937.29,-41.7,-1.4197,1.84,187642.0
IXIC,20121109,2892.5701,2904.87,2931.1101,2889.8101,2895.59,9.28,0.3205,1.43,180258.0
IXIC,20121112,2916.3799,2904.26,2920.01,2896.55,2904.87,-0.61,-0.021,0.81,137924.0
IXIC,20121113,2880.77,2883.89,2909.0,2877.0601,2904.26,-20.37,-0.7014,1.1,181626.0
IXIC,20121114,2896.8101,2846.81,2900.1001,2842.8601,2883.89,-37.08,-1.2858,1.98,210659.0
IXIC,20121115,2847.8401,2836.94,2855.6399,2826.75,2846.81,-9.87,-0.3467,1.01,201030.0
IXIC,20121116,2838.8999,2853.13,2859.5701,2810.8,2836.94,16.19,0.5707,1.72,218773.0
IXIC,20121119,2886.0,2916.07,2916.0701,2884.75,2853.13,62.94,2.206,1.1,176724.0
IXIC,20121120,2910.73,2916.68,2919.96,2893.3799,2916.07,0.61,0.0209,0.91,158875.0
IXIC,20121121,2919.1399,2926.55,2928.1699,2912.4199,2916.68,9.87,0.3384,0.54,143006.0
IXIC,20121123,2943.6201,2966.85,2967.1899,2940.6799,2926.55,40.3,1.377,0.91,79275.0
IXIC,20121126,2961.02,2976.78,2976.9299,2951.73,2966.85,9.93,0.3347,0.85,164171.0
IXIC,20121127,2974.5601,2967.79,2985.3201,2965.1299,2976.78,-8.99,-0.302,0.68,176332.0
IXIC,20121128,2952.02,2991.78,2992.1699,2935.8799,2967.79,23.99,0.8083,1.9,172555.0
IXIC,20121129,3005.4099,3012.03,3017.1799,2996.3,2991.78,20.25,0.6769,0.7,175844.0
IXIC,20121130,3013.25,3010.24,3014.25,2999.72,3012.03,-1.79,-0.0594,0.48,219424.0
IXIC,20121203,3029.21,3002.2,3030.28,2999.5701,3010.24,-8.04,-0.2671,1.02,166733.0
IXIC,20121204,3000.4399,2996.69,3002.8999,2980.9299,3002.2,-5.51,-0.1835,0.73,178176.0
IXIC,20121205,2993.2,2973.7,2994.73,2958.26,2996.69,-22.99,-0.7672,1.22,180082.0
IXIC,20121206,2967.99,2989.27,2996.53,2962.02,2973.7,15.57,0.5236,1.16,171346.0
IXIC,20121207,2999.6899,2978.04,3003.27,2968.8201,2989.27,-11.23,-0.3757,1.15,161357.0
IXIC,20121210,2973.1899,2986.96,2997.6399,2971.5601,2978.04,8.92,0.2995,0.88,152843.0
IXIC,20121211,3005.4299,3022.3,3033.1399,3003.8201,2986.96,35.34,1.1831,0.98,192186.0
IXIC,20121212,3033.9299,3013.81,3035.1899,3008.49,3022.3,-8.49,-0.2809,0.88,175622.0
IXIC,20121213,3007.8301,2992.16,3026.51,2982.6299,3013.81,-21.65,-0.7184,1.46,183399.0
IXIC,20121214,2976.95,2971.33,2985.3301,2963.8,2992.16,-20.83,-0.6962,0.72,178698.0
IXIC,20121217,2975.5,3010.6,3011.22,2973.54,2971.33,39.27,1.3216,1.27,191142.0
IXIC,20121218,3020.8201,3054.53,3056.6499,3016.3999,3010.6,43.93,1.4592,1.34,202213.0
IXIC,20121219,3059.03,3044.37,3061.8201,3044.3601,3054.53,-10.16,-0.3326,0.57,193327.0
IXIC,20121220,3050.3,3050.39,3053.53,3034.1499,3044.37,6.02,0.1977,0.64,169119.0
IXIC,20121221,2998.6001,3021.01,3022.1899,2995.1299,3050.39,-29.38,-0.9632,0.89,284309.0
IXIC,20121224,3013.8899,3012.6,3016.1799,3008.53,3021.01,-8.41,-0.2784,0.25,61423.0
IXIC,20121226,3013.1299,2990.16,3018.6499,2983.3501,3012.6,-22.44,-0.7449,1.17,105919.0
IXIC,20121227,2989.8701,2985.91,2993.6599,2951.04,2990.16,-4.25,-0.1421,1.43,134279.0
IXIC,20121228,2965.1201,2960.31,2985.47,2959.3701,2985.91,-25.6,-0.8574,0.87,114353.0
IXIC,20121231,2955.45,3019.51,3021.4099,2953.52,2960.31,59.2,1.9998,2.29,155723.0
IXIC,20130102,3091.3301,3112.26,3112.6499,3083.49,3019.51,92.75,3.0717,0.97,211130.0
IXIC,20130103,3108.49,3100.57,3118.1799,3092.28,3112.26,-11.69,-0.3756,0.83,176942.0
IXIC,20130104,3100.8799,3101.66,3108.4399,3090.8101,3100.57,1.09,0.0352,0.57,174514.0
IXIC,20130107,3089.1699,3098.81,3102.3501,3083.8799,3101.66,-2.85,-0.0919,0.6,170254.0
IXIC,20130108,3098.46,3091.81,3103.3899,3076.6001,3098.81,-7.0,-0.2259,0.86,174438.0
IXIC,20130109,3099.6499,3105.81,3111.22,3096.3401,3091.81,14.0,0.4528,0.48,173251.0
IXIC,20130110,3125.6399,3121.76,3127.72,3098.47,3105.81,15.95,0.5136,0.94,175424.0
IXIC,20130111,3122.1201,3125.64,3126.5901,3114.1001,3121.76,3.88,0.1243,0.4,177260.0
IXIC,20130114,3113.6499,3117.5,3123.48,3104.0801,3125.64,-8.14,-0.2604,0.62,187605.0
IXIC,20130115,3101.0601,3110.78,3112.29,3093.3201,3117.5,-6.72,-0.2156,0.61,185287.0
IXIC,20130116,3110.72,3117.54,3124.6499,3106.79,3110.78,6.76,0.2173,0.57,169238.0
IXIC,20130117,3130.49,3136.0,3144.05,3125.79,3117.54,18.46,0.5921,0.59,176651.0
IXIC,20130118,3127.9099,3134.71,3134.73,3119.2,3136.0,-1.29,-0.0411,0.5,186007.0
IXIC,20130122,3135.6299,3143.18,3143.18,3121.54,3134.71,8.47,0.2702,0.69,179073.0
IXIC,20130123,3155.8201,3153.67,3161.0601,3149.74,3143.18,10.49,0.3337,0.36,169819.0
IXIC,20130124,3125.6699,3130.38,3153.5601,3124.45,3153.67,-23.29,-0.7385,0.92,204699.0
IXIC,20130125,3140.6499,3149.71,3156.2,3135.8601,3130.38,19.33,0.6175,0.65,192025.0
IXIC,20130128,3152.1699,3154.3,3161.8301,3144.8899,3149.71,4.59,0.1457,0.54,193559.0
IXIC,20130129,3149.6201,3153.66,3156.9399,3133.1101,3154.3,-0.64,-0.0203,0.76,205067.0
IXIC,20130130,3157.4299,3142.31,3164.0601,3135.8301,3153.66,-11.35,-0.3599,0.9,201435.0
IXIC,20130131,3140.6699,3142.13,3154.1799,3136.8201,3142.31,-0.18,-0.0057,0.55,219084.0
IXIC,20130201,3162.9399,3179.1,3183.1399,3154.9099,3142.13,36.97,1.1766,0.9,201293.0
IXIC,20130204,3161.72,3131.17,3169.6299,3130.5701,3179.1,-47.93,-1.5077,1.23,187475.0
IXIC,20130205,3140.8999,3171.58,3178.52,3136.8201,3131.17,40.41,1.2906,1.33,215008.0
IXIC,20130206,3159.3799,3168.48,3174.8201,3157.3501,3171.58,-3.1,-0.0977,0.55,200274.0
IXIC,20130207,3167.4399,3165.13,3170.4199,3135.98,3168.48,-3.35,-0.1057,1.09,195596.0
IXIC,20130208,3178.0601,3193.87,3196.8899,3177.1799,3165.13,28.74,0.908,0.62,181648.0
IXIC,20130211,3192.53,3192.0,3194.01,3182.1899,3193.87,-1.87,-0.0586,0.37,155137.0
IXIC,20130212,3190.73,3186.49,3196.9199,3184.8401,3192.0,-5.51,-0.1726,0.38,178680.0
IXIC,20130213,3195.3401,3196.88,3205.52,3187.0601,3186.49,10.39,0.3261,0.58,182245.0
IXIC,20130214,3182.74,3198.66,3202.3301,3182.3899,3196.88,1.78,0.0557,0.62,192490.0
IXIC,20130215,3202.8401,3192.03,3206.21,3184.03,3198.66,-6.63,-0.2073,0.69,185867.0
IXIC,20130219,3197.46,3213.59,3213.6001,3194.9199,3192.03,21.56,0.6754,0.59,184384.0
IXIC,20130220,3211.99,3164.41,3213.25,3163.95,3213.59,-49.18,-1.5304,1.53,200180.0
IXIC,20130221,3154.8799,3131.49,3155.1899,3118.6201,3164.41,-32.92,-1.0403,1.16,205263.0
IXIC,20130222,3149.0901,3161.82,3161.8201,3139.55,3131.49,30.33,0.9685,0.71,158150.0
IXIC,20130225,3180.5901,3116.25,3186.25,3116.25,3161.82,-45.57,-1.4413,2.21,193099.0
IXIC,20130226,3126.23,3129.65,3135.5701,3105.3601,3116.25,13.4,0.43,0.97,184775.0
IXIC,20130227,3129.72,3162.26,3177.8,3127.27,3129.65,32.61,1.042,1.61,172726.0
IXIC,20130228,3161.4299,3160.19,3182.6001,3159.72,3162.26,-2.07,-0.0655,0.72,202253.0
IXIC,20130301,3143.54,3169.74,3171.5,3129.3999,3160.19,9.55,0.3022,1.33,187025.0
IXIC,20130304,3159.46,3182.03,3182.27,3154.79,3169.74,12.29,0.3877,0.87,171829.0
IXIC,20130305,3200.3799,3224.13,3227.3101,3200.27,3182.03,42.1,1.3231,0.85,189151.0
IXIC,20130306,3233.3101,3222.37,3233.4399,3217.6699,3224.13,-1.76,-0.0546,0.49,176402.0
IXIC,20130307,3224.5,3232.09,3235.1001,3221.47,3222.37,9.72,0.3016,0.42,167564.0
IXIC,20130308,3245.8501,3244.37,3248.7,3227.8899,3232.09,12.28,0.3799,0.64,161170.0
IXIC,20130311,3237.74,3252.87,3252.8701,3233.6699,3244.37,8.5,0.262,0.59,162850.0
IXIC,20130312,3244.8501,3242.32,3249.78,3229.9199,3252.87,-10.55,-0.3243,0.61,167374.0
IXIC,20130313,3243.04,3245.12,3251.45,3230.6201,3242.32,2.8,0.0864,0.64,157728.0
IXIC,20130314,3253.0,3258.93,3258.93,3250.24,3245.12,13.81,0.4256,0.27,165165.0
IXIC,20130315,3260.46,3249.07,3260.6201,3242.6499,3258.93,-9.86,-0.3026,0.55,230523.0
IXIC,20130318,3215.71,3237.59,3249.3701,3211.1001,3249.07,-11.48,-0.3533,1.18,155051.0
IXIC,20130319,3246.7,3229.1,3252.6001,3205.4199,3237.59,-8.49,-0.2622,1.46,169068.0
IXIC,20130320,3251.9099,3254.19,3257.99,3240.8999,3229.1,25.09,0.777,0.53,159912.0
IXIC,20130321,3228.1699,3222.6,3237.5701,3215.6899,3254.19,-31.59,-0.9707,0.67,169226.0
IXIC,20130322,3235.3,3245.0,3247.9399,3230.8601,3222.6,22.4,0.6951,0.53,168136.0
IXIC,20130325,3255.8501,3235.3,3263.6299,3222.48,3245.0,-9.7,-0.2989,1.27,166601.0
IXIC,20130326,3249.95,3252.48,3252.9299,3239.9199,3235.3,17.18,0.531,0.4,144450.0
IXIC,20130327,3230.76,3256.52,3258.26,3227.02,3252.48,4.04,0.1242,0.96,142013.0
IXIC,20130328,3257.3201,3267.52,3270.3,3253.21,3256.52,11.0,0.3378,0.52,163680.0
IXIC,20130401,3268.6299,3239.17,3270.23,3230.5701,3267.52,-28.35,-0.8676,1.21,148136.0
IXIC,20130402,3252.55,3254.86,3267.9299,3245.4099,3239.17,15.69,0.4844,0.7,158080.0
IXIC,20130403,3257.3799,3218.6,3260.1499,3210.3899,3254.86,-36.26,-1.114,1.53,181391.0
IXIC,20130404,3219.1101,3224.98,3226.24,3206.02,3218.6,6.38,0.1982,0.63,147572.0
IXIC,20130405,3174.0,3203.86,3206.21,3168.8799,3224.98,-21.12,-0.6549,1.16,159409.0
IXIC,20130408,3207.1499,3222.25,3222.26,3195.5701,3203.86,18.39,0.574,0.83,132352.0
IXIC,20130409,3229.8101,3237.86,3249.95,3215.02,3222.25,15.61,0.4844,1.08,149813.0
IXIC,20130410,3246.0601,3297.25,3299.1599,3245.8,3237.86,59.39,1.8342,1.65,176987.0
IXIC,20130411,3289.5901,3300.16,3306.95,3287.74,3297.25,2.91,0.0883,0.58,182917.0
IXIC,20130412,3292.3899,3294.95,3296.5,3271.02,3300.16,-5.21,-0.1579,0.77,147118.0
IXIC,20130415,3277.5801,3216.49,3283.3999,3213.46,3294.95,-78.46,-2.3812,2.12,177932.0
IXIC,20130416,3239.05,3264.63,3265.8401,3231.45,3216.49,48.14,1.4967,1.07,151540.0
IXIC,20130417,3236.25,3204.67,3236.98,3186.0801,3264.63,-59.96,-1.8367,1.56,190273.0
IXIC,20130418,3212.24,3166.36,3212.97,3154.96,3204.67,-38.31,-1.1954,1.81,176600.0
IXIC,20130419,3169.3201,3206.06,3210.03,3168.3301,3166.36,39.7,1.2538,1.32,173885.0
IXIC,20130422,3217.3999,3233.55,3241.1599,3198.74,3206.06,27.49,0.8574,1.32,162834.0
IXIC,20130423,3252.8,3269.33,3275.8899,3241.52,3233.55,35.78,1.1065,1.06,168477.0
IXIC,20130424,3262.21,3269.65,3277.1201,3255.4399,3269.33,0.32,0.0098,0.66,173859.0
IXIC,20130425,3279.8201,3289.99,3301.28,3279.29,3269.65,20.34,0.6221,0.67,201223.0
IXIC,20130426,3284.0701,3279.26,3287.48,3268.03,3289.99,-10.73,-0.3261,0.59,172197.0
IXIC,20130429,3290.3101,3307.02,3315.3301,3289.4199,3279.26,27.76,0.8465,0.79,159411.0
IXIC,20130430,3308.05,3328.79,3328.79,3298.5801,3307.02,21.77,0.6583,0.91,198427.0
IXIC,20130501,3325.3501,3299.13,3330.02,3296.5,3328.79,-29.66,-0.891,1.01,188460.0
IXIC,20130502,3306.1499,3340.62,3344.8999,3305.8101,3299.13,41.49,1.2576,1.18,175748.0
IXIC,20130503,3371.4099,3378.63,3388.1201,3370.3,3340.62,38.01,1.1378,0.53,174557.0
IXIC,20130506,3382.3301,3392.97,3396.21,3381.4399,3378.63,14.34,0.4244,0.44,150041.0
IXIC,20130507,3398.8401,3396.63,3402.24,3381.04,3392.97,3.66,0.1079,0.62,170980.0
IXIC,20130508,3394.8899,3413.27,3413.27,3389.8,3396.63,16.64,0.4899,0.69,175640.0
IXIC,20130509,3408.9399,3409.17,3428.54,3403.4299,3413.27,-4.1,-0.1201,0.74,182622.0
IXIC,20130510,3414.8401,3436.58,3436.6001,3411.5901,3409.17,27.41,0.804,0.73,168973.0
IXIC,20130513,3429.53,3438.79,3447.1001,3426.6699,3436.58,2.21,0.0643,0.59,161551.0
IXIC,20130514,3439.72,3462.61,3468.6699,3439.72,3438.79,23.82,0.6927,0.84,182052.0
IXIC,20130515,3455.6699,3471.62,3475.48,3452.3101,3462.61,9.01,0.2602,0.67,184391.0
IXIC,20130516,3473.1599,3465.24,3485.95,3462.24,3471.62,-6.38,-0.1838,0.68,194576.0
IXIC,20130517,3483.4099,3498.97,3499.2,3473.04,3465.24,33.73,0.9734,0.75,182861.0
IXIC,20130520,3490.46,3496.43,3509.4099,3488.1299,3498.97,-2.54,-0.0726,0.61,174526.0
IXIC,20130521,3495.46,3502.12,3512.1499,3486.8799,3496.43,5.69,0.1627,0.72,177678.0
IXIC,20130522,3503.48,3463.3,3532.04,3446.96,3502.12,-38.82,-1.1085,2.43,217933.0
IXIC,20130523,3426.0701,3459.42,3467.1299,3422.51,3463.3,-3.88,-0.112,1.29,182067.0
IXIC,20130524,3438.28,3459.14,3459.47,3429.3101,3459.42,-0.28,-0.0081,0.87,144921.0
IXIC,20130528,3497.8999,3488.89,3514.8,3475.3899,3459.14,29.75,0.86,1.14,174807.0
IXIC,20130529,3471.6699,3467.52,3479.53,3450.3999,3488.89,-21.37,-0.6125,0.83,179465.0
IXIC,20130530,3473.21,3491.3,3503.8201,3473.04,3467.52,23.78,0.6858,0.89,173732.0
IXIC,20130531,3478.22,3455.91,3500.6699,3455.8401,3491.3,-35.39,-1.0137,1.28,196827.0
IXIC,20130603,3460.76,3465.37,3465.8401,3419.3899,3455.91,9.46,0.2737,1.34,205410.0
IXIC,20130604,3467.02,3445.26,3482.75,3430.02,3465.37,-20.11,-0.5803,1.52,187164.0
IXIC,20130605,3432.8501,3401.48,3446.1499,3397.9099,3445.26,-43.78,-1.2707,1.4,181389.0
IXIC,20130606,3404.4099,3424.05,3424.05,3378.24,3401.48,22.57,0.6635,1.35,180270.0
IXIC,20130607,3437.8401,3469.22,3471.73,3429.4299,3424.05,45.17,1.3192,1.24,164681.0
IXIC,20130610,3475.6799,3473.77,3484.8101,3465.54,3469.22,4.55,0.1312,0.56,155652.0
IXIC,20130611,3436.6201,3436.95,3466.5701,3426.5701,3473.77,-36.82,-1.0599,1.15,156037.0
IXIC,20130612,3458.1399,3400.43,3459.1799,3395.9099,3436.95,-36.52,-1.0626,1.84,163020.0
IXIC,20130613,3398.54,3445.37,3451.03,3387.6101,3400.43,44.94,1.3216,1.87,158474.0
IXIC,20130614,3442.3101,3423.56,3448.3999,3419.3201,3445.37,-21.81,-0.633,0.84,145803.0
IXIC,20130617,3449.97,3452.13,3468.5601,3436.3401,3423.56,28.57,0.8345,0.94,158183.0
IXIC,20130618,3456.29,3482.18,3488.3101,3456.0901,3452.13,30.05,0.8705,0.93,167509.0
IXIC,20130619,3483.5901,3443.2,3485.45,3443.2,3482.18,-38.98,-1.1194,1.21,164920.0
IXIC,20130620,3405.1399,3364.64,3412.9399,3355.9299,3443.2,-78.56,-2.2816,1.66,204150.0
IXIC,20130621,3367.8101,3357.25,3377.3,3326.8601,3364.64,-7.39,-0.2196,1.5,292190.0
IXIC,20130624,3326.3799,3320.76,3344.6599,3294.95,3357.25,-36.49,-1.0869,1.48,203096.0
IXIC,20130625,3350.5901,3347.89,3358.3101,3327.6899,3320.76,27.13,0.817,0.92,165728.0
IXIC,20130626,3375.7,3376.22,3383.7,3365.48,3347.89,28.33,0.8462,0.54,167128.0
IXIC,20130627,3395.79,3401.86,3412.79,3395.4099,3376.22,25.64,0.7594,0.51,168980.0
IXIC,20130628,3389.3,3403.25,3422.2,3382.75,3401.86,1.39,0.0409,1.16,363041.0
IXIC,20130701,3430.48,3434.49,3454.4299,3430.3101,3403.25,31.24,0.9179,0.71,158675.0
IXIC,20130702,3430.6899,3433.4,3453.29,3415.23,3434.49,-1.09,-0.0317,1.11,168519.0
IXIC,20130703,3420.27,3443.67,3455.4199,3417.8799,3433.4,10.27,0.2991,1.09,93598.0
IXIC,20130705,3468.48,3479.38,3479.46,3441.78,3443.67,35.71,1.037,1.09,125440.0
IXIC,20130708,3493.8101,3484.83,3495.51,3475.3899,3479.38,5.45,0.1566,0.58,152172.0
IXIC,20130709,3501.25,3504.26,3508.8101,3484.79,3484.83,19.43,0.5576,0.69,163352.0
IXIC,20130710,3502.1101,3520.76,3522.99,3502.0,3504.26,16.5,0.4709,0.6,156734.0
IXIC,20130711,3557.79,3578.3,3579.29,3552.52,3520.76,57.54,1.6343,0.76,174421.0
IXIC,20130712,3579.5801,3600.08,3600.0801,3576.5701,3578.3,21.78,0.6087,0.66,161582.0
IXIC,20130715,3601.0901,3607.49,3609.5901,3591.54,3600.08,7.41,0.2058,0.5,144913.0
IXIC,20130716,3611.0,3598.5,3611.3501,3589.6499,3607.49,-8.99,-0.2492,0.6,159054.0
IXIC,20130717,3608.1299,3610.0,3615.79,3600.6899,3598.5,11.5,0.3196,0.42,156434.0
IXIC,20130718,3610.03,3611.28,3624.54,3607.0901,3610.0,1.28,0.0355,0.48,171939.0
IXIC,20130719,3581.8999,3587.62,3589.05,3578.5701,3611.28,-23.66,-0.6552,0.29,178546.0
IXIC,20130722,3599.8701,3600.39,3601.9199,3587.46,3587.62,12.77,0.3559,0.4,150701.0
IXIC,20130723,3606.7,3579.27,3606.7,3576.96,3600.39,-21.12,-0.5866,0.83,162035.0
IXIC,20130724,3605.26,3579.6,3606.28,3573.53,3579.27,0.33,0.0092,0.91,185666.0
IXIC,20130725,3589.46,3605.19,3606.1899,3579.2,3579.6,25.59,0.7149,0.75,220397.0
IXIC,20130726,3584.8501,3613.17,3613.3301,3581.26,3605.19,7.98,0.2213,0.89,179606.0
IXIC,20130729,3604.29,3599.14,3618.8601,3592.8,3613.17,-14.03,-0.3883,0.72,154572.0
IXIC,20130730,3612.3601,3616.47,3629.1201,3606.3301,3599.14,17.33,0.4815,0.63,176358.0
IXIC,20130731,3627.6599,3626.37,3649.3501,3624.77,3616.47,9.9,0.2737,0.68,194238.0
IXIC,20130801,3654.1799,3675.74,3678.5,3653.74,3626.37,49.37,1.3614,0.68,186329.0
IXIC,20130802,3671.1101,3689.59,3689.5901,3663.8799,3675.74,13.85,0.3768,0.7,168327.0
IXIC,20130805,3682.6699,3692.95,3694.1899,3681.3401,3689.59,3.36,0.0911,0.35,147186.0
IXIC,20130806,3685.3899,3665.77,3690.3201,3654.6699,3692.95,-27.18,-0.736,0.97,144420.0
IXIC,20130807,3658.53,3654.01,3663.2,3633.5901,3665.77,-11.76,-0.3208,0.81,165978.0
IXIC,20130808,3672.21,3669.12,3675.71,3649.6399,3654.01,15.11,0.4135,0.71,170295.0
IXIC,20130809,3664.27,3660.11,3677.8301,3649.6899,3669.12,-9.01,-0.2456,0.77,154657.0
IXIC,20130812,3645.78,3669.95,3673.51,3645.3899,3660.11,9.84,0.2688,0.77,142242.0
IXIC,20130813,3675.3701,3684.44,3691.0601,3648.8201,3669.95,14.49,0.3948,1.15,164473.0
IXIC,20130814,3683.97,3669.27,3686.55,3668.74,3684.44,-15.17,-0.4117,0.48,158937.0
IXIC,20130815,3625.3601,3606.12,3626.77,3600.96,3669.27,-63.15,-1.7211,0.7,174251.0
IXIC,20130816,3603.78,3602.78,3621.46,3598.6499,3606.12,-3.34,-0.0926,0.63,152043.0
IXIC,20130819,3601.8799,3589.09,3623.48,3589.03,3602.78,-13.69,-0.38,0.96,138105.0
IXIC,20130820,3596.77,3613.59,3625.26,3593.1399,3589.09,24.5,0.6826,0.89,130828.0
IXIC,20130821,3603.6799,3599.79,3630.23,3589.02,3613.59,-13.8,-0.3819,1.14,143851.0
IXIC,20130822,3614.1399,3638.71,3639.21,3613.9299,3599.79,38.92,1.0812,0.7,92740.0
IXIC,20130823,3659.21,3657.79,3660.6599,3643.8601,3638.71,19.08,0.5244,0.46,149989.0
IXIC,20130826,3661.8101,3657.57,3684.22,3652.26,3657.79,-0.22,-0.006,0.87,140423.0
IXIC,20130827,3616.0601,3578.52,3629.95,3573.5701,3657.57,-79.05,-2.1613,1.54,164004.0
IXIC,20130828,3579.1101,3593.35,3607.3601,3578.8,3578.52,14.83,0.4144,0.8,137065.0
IXIC,20130829,3587.0701,3620.3,3635.8401,3587.0701,3593.35,26.95,0.75,1.36,134490.0
IXIC,20130830,3621.5901,3589.87,3621.78,3581.05,3620.3,-30.43,-0.8405,1.13,132832.0
IXIC,20130903,3622.6399,3612.61,3637.0601,3593.6201,3589.87,22.74,0.6334,1.21,162881.0
IXIC,20130904,3619.05,3649.04,3651.78,3612.22,3612.61,36.43,1.0084,1.1,185598.0
IXIC,20130905,3652.4399,3658.79,3665.01,3651.1699,3649.04,9.75,0.2672,0.38,155018.0
IXIC,20130906,3672.8201,3660.01,3677.0701,3618.77,3658.79,1.22,0.0333,1.59,164731.0
IXIC,20130909,3675.1201,3706.18,3708.4199,3675.1201,3660.01,46.17,1.2615,0.91,166429.0
IXIC,20130910,3724.6699,3729.02,3729.3799,3716.4399,3706.18,22.84,0.6163,0.35,184257.0
IXIC,20130911,3710.79,3725.01,3726.5901,3704.22,3729.02,-4.01,-0.1075,0.6,172238.0
IXIC,20130912,3724.53,3715.97,3731.8401,3713.0801,3725.01,-9.04,-0.2427,0.5,165386.0
IXIC,20130913,3723.27,3722.18,3724.73,3701.8799,3715.97,6.21,0.1671,0.61,146019.0
IXIC,20130916,3755.0,3717.85,3756.24,3712.47,3722.18,-4.33,-0.1163,1.18,154250.0
IXIC,20130917,3725.3101,3745.7,3747.0801,3724.26,3717.85,27.85,0.7491,0.61,133880.0
IXIC,20130918,3751.29,3783.64,3790.7,3737.6899,3745.7,37.94,1.0129,1.42,182882.0
IXIC,20130919,3794.7,3789.38,3798.1599,3781.5901,3783.64,5.74,0.1517,0.44,177598.0
IXIC,20130920,3796.28,3774.73,3798.76,3774.1101,3789.38,-14.65,-0.3866,0.65,271127.0
IXIC,20130923,3786.8401,3765.29,3787.1399,3745.54,3774.73,-9.44,-0.2501,1.1,172862.0
IXIC,20130924,3771.6001,3768.25,3789.8501,3753.04,3765.29,2.96,0.0786,0.98,181095.0
IXIC,20130925,3772.5901,3761.1,3782.9199,3754.9399,3768.25,-7.15,-0.1897,0.74,182179.0
IXIC,20130926,3774.95,3787.43,3795.72,3772.8,3761.1,26.33,0.7001,0.61,181796.0
IXIC,20130927,3767.8899,3781.6,3788.3501,3762.6699,3787.43,-5.83,-0.1539,0.68,169972.0
IXIC,20130930,3737.6001,3771.48,3780.97,3734.74,3781.6,-10.12,-0.2676,1.22,189576.0
IXIC,20131001,3774.1799,3817.98,3817.98,3774.1799,3771.48,46.5,1.2329,1.16,184332.0
IXIC,20131002,3793.1101,3815.02,3819.28,3788.45,3817.98,-2.96,-0.0775,0.81,179298.0
IXIC,20131003,3809.8999,3774.34,3816.96,3753.1699,3815.02,-40.68,-1.0663,1.67,188434.0
IXIC,20131004,3774.72,3807.75,3812.8601,3773.3999,3774.34,33.41,0.8852,1.05,154960.0
IXIC,20131007,3776.6399,3770.38,3800.0801,3769.75,3807.75,-37.37,-0.9814,0.8,147599.0
IXIC,20131008,3772.22,3694.83,3772.49,3694.1499,3770.38,-75.55,-2.0038,2.08,208758.0
IXIC,20131009,3701.6201,3677.78,3702.1499,3650.03,3694.83,-17.05,-0.4615,1.41,224270.0
IXIC,20131010,3721.5801,3760.75,3764.72,3721.1101,3677.78,82.97,2.256,1.19,190241.0
IXIC,20131011,3753.22,3791.87,3794.3701,3751.3799,3760.75,31.12,0.8275,1.14,175035.0
IXIC,20131014,3767.49,3815.27,3816.4099,3766.28,3791.87,23.4,0.6171,1.32,145516.0
IXIC,20131015,3810.72,3794.01,3824.4399,3789.6799,3815.27,-21.26,-0.5572,0.91,174556.0
IXIC,20131016,3815.0,3839.43,3840.48,3814.1499,3794.01,45.42,1.1972,0.69,174400.0
IXIC,20131017,3822.8501,3863.15,3863.49,3821.4299,3839.43,23.72,0.6178,1.1,197514.0
IXIC,20131018,3893.3601,3914.28,3914.9299,3882.0601,3863.15,51.13,1.3235,0.85,194309.0
IXIC,20131021,3922.6499,3920.05,3931.45,3909.9099,3914.28,5.77,0.1474,0.55,167447.0
IXIC,20131022,3935.54,3929.57,3947.6699,3904.0601,3920.05,9.52,0.2429,1.11,189050.0
IXIC,20131023,3907.3,3907.07,3911.6399,3887.6699,3929.57,-22.5,-0.5726,0.61,191503.0
IXIC,20131024,3911.6101,3928.96,3932.6001,3907.54,3907.07,21.89,0.5603,0.64,205435.0
IXIC,20131025,3955.98,3943.36,3961.1001,3927.5,3928.96,14.4,0.3665,0.86,222578.0
IXIC,20131028,3942.5601,3940.13,3947.5801,3927.0901,3943.36,-3.23,-0.0819,0.52,190481.0
IXIC,20131029,3954.3401,3952.34,3957.1201,3934.9399,3940.13,12.21,0.3099,0.56,189738.0
IXIC,20131030,3962.3999,3930.62,3966.71,3919.1399,3952.34,-21.72,-0.5495,1.2,192300.0
IXIC,20131031,3924.3401,3919.71,3945.04,3909.26,3930.62,-10.91,-0.2776,0.91,213965.0
IXIC,20131101,3932.45,3922.04,3938.48,3904.2,3919.71,2.33,0.0594,0.87,194946.0
IXIC,20131104,3932.6001,3936.59,3937.5,3919.46,3922.04,14.55,0.371,0.46,181788.0
IXIC,20131105,3925.0601,3939.86,3947.27,3909.6299,3936.59,3.27,0.0831,0.96,193463.0
IXIC,20131106,3952.1799,3931.95,3955.97,3920.9099,3939.86,-7.91,-0.2008,0.89,202016.0
IXIC,20131107,3935.8101,3857.33,3938.3301,3855.0701,3931.95,-74.62,-1.8978,2.12,230332.0
IXIC,20131108,3871.24,3919.23,3919.23,3869.1201,3857.33,61.9,1.6047,1.3,198174.0
IXIC,20131111,3913.6399,3919.79,3925.3401,3904.72,3919.23,0.56,0.0143,0.53,159534.0
IXIC,20131112,3907.8201,3919.92,3922.27,3902.6699,3919.79,0.13,0.0033,0.5,177686.0
IXIC,20131113,3899.3799,3965.58,3965.5801,3899.3101,3919.92,45.66,1.1648,1.69,182722.0
IXIC,20131114,3956.47,3972.74,3975.8899,3949.01,3965.58,7.16,0.1806,0.68,196535.0
IXIC,20131115,3978.27,3985.97,3985.97,3969.22,3972.74,13.23,0.333,0.42,189915.0
IXIC,20131118,3990.0601,3949.07,3994.97,3942.8501,3985.97,-36.9,-0.9257,1.31,182987.0
IXIC,20131119,3945.98,3931.55,3960.4399,3923.47,3949.07,-17.52,-0.4436,0.94,174784.0
IXIC,20131120,3940.98,3921.27,3952.0801,3911.6101,3931.55,-10.28,-0.2615,1.03,172116.0
IXIC,20131121,3938.1101,3969.16,3970.9099,3936.8201,3921.27,47.89,1.2213,0.87,168425.0
IXIC,20131122,3977.3101,3991.65,3991.6599,3973.0,3969.16,22.49,0.5666,0.47,173028.0
IXIC,20131125,4004.3701,3994.57,4007.0901,3987.1599,3991.65,2.92,0.0732,0.5,179576.0
IXIC,20131126,3996.7,4017.75,4026.99,3989.49,3994.57,23.18,0.5803,0.94,190768.0
IXIC,20131127,4026.9199,4044.75,4045.8101,4023.6499,4017.75,27.0,0.672,0.55,147702.0
IXIC,20131129,4057.1599,4059.89,4069.7,4055.45,4044.75,15.14,0.3743,0.35,85350.0
IXIC,20131202,4065.6599,4045.26,4068.49,4040.8799,4059.89,-14.63,-0.3604,0.68,168038.0
IXIC,20131203,4038.99,4037.2,4050.0801,4022.1201,4045.26,-8.06,-0.1992,0.69,187501.0
IXIC,20131204,4020.3301,4038.0,4051.74,4004.76,4037.2,0.8,0.0198,1.16,188697.0
IXIC,20131205,4037.99,4033.17,4043.71,4025.26,4038.0,-4.83,-0.1196,0.46,188095.0
IXIC,20131206,4069.8601,4062.52,4069.8601,4042.3501,4033.17,29.35,0.7277,0.68,172713.0
IXIC,20131209,4073.75,4068.75,4081.78,4063.5,4062.52,6.23,0.1534,0.45,171712.0
IXIC,20131210,4061.1699,4060.49,4074.01,4056.49,4068.75,-8.26,-0.203,0.43,186486.0
IXIC,20131211,4061.6699,4003.81,4065.0801,3998.9199,4060.49,-56.68,-1.3959,1.63,192352.0
IXIC,20131212,4004.75,3998.4,4013.54,3993.5701,4003.81,-5.41,-0.1351,0.5,189327.0
IXIC,20131213,4015.53,4000.98,4017.45,3992.29,3998.4,2.58,0.0645,0.63,161534.0
IXIC,20131216,4019.3701,4029.52,4043.0,4019.1399,4000.98,28.54,0.7133,0.6,194383.0
IXIC,20131217,4028.8799,4023.68,4034.6899,4011.5801,4029.52,-5.84,-0.1449,0.57,186113.0
IXIC,20131218,4024.6699,4070.06,4070.3799,3979.5901,4023.68,46.38,1.1527,2.26,217833.0
IXIC,20131219,4059.3401,4058.14,4063.7,4045.4099,4070.06,-11.92,-0.2929,0.45,181305.0
IXIC,20131220,4064.8899,4104.74,4111.9302,4064.73,4058.14,46.6,1.1483,1.16,351042.0
IXIC,20131223,4136.1499,4148.9,4149.3101,4127.7202,4104.74,44.16,1.0758,0.53,177940.0
IXIC,20131224,4150.6401,4155.42,4155.6201,4147.1499,4148.9,6.52,0.1572,0.2,80227.0
IXIC,20131226,4164.21,4167.18,4169.9702,4158.5898,4155.42,11.76,0.283,0.27,118067.0
IXIC,20131227,4173.3599,4156.59,4175.3599,4153.6401,4167.18,-10.59,-0.2541,0.52,125502.0
IXIC,20131230,4153.5801,4154.2,4158.73,4142.1802,4156.59,-2.39,-0.0575,0.4,134947.0
IXIC,20131231,4161.5098,4176.59,4177.73,4160.77,4154.2,22.39,0.539,0.41,140114.0
IXIC,20140102,4160.0298,4143.07,4160.96,4131.79,4176.59,-33.52,-0.8026,0.7,173882.0
IXIC,20140103,4148.5601,4131.91,4152.96,4124.96,4143.07,-11.16,-0.2694,0.68,166748.0
IXIC,20140106,4137.0298,4113.68,4139.7798,4103.75,4131.91,-18.23,-0.4412,0.87,229284.0
IXIC,20140107,4128.5698,4153.18,4158.1802,4126.48,4113.68,39.5,0.9602,0.77,227822.0
IXIC,20140108,4154.2798,4165.61,4171.75,4145.0,4153.18,12.43,0.2993,0.64,234522.0
IXIC,20140109,4179.04,4156.19,4182.7402,4142.7002,4165.61,-9.42,-0.2261,0.96,221477.0
IXIC,20140110,4168.9399,4174.67,4174.6802,4142.21,4156.19,18.48,0.4446,0.78,214307.0
IXIC,20140113,4167.4102,4113.31,4179.4702,4097.9902,4174.67,-61.36,-1.4698,1.95,232224.0
IXIC,20140114,4129.6001,4183.02,4183.8398,4125.8101,4113.31,69.71,1.6947,1.41,203418.0
IXIC,20140115,4196.5298,4214.88,4218.79,4195.98,4183.02,31.86,0.7617,0.55,210187.0
IXIC,20140116,4209.5898,4218.69,4219.2798,4204.1602,4214.88,3.81,0.0904,0.36,200585.0
IXIC,20140117,4207.8198,4197.58,4217.2402,4187.3101,4218.69,-21.11,-0.5004,0.71,215037.0
IXIC,20140121,4222.98,4225.76,4227.9302,4193.1699,4197.58,28.18,0.6713,0.83,203403.0
IXIC,20140122,4234.5801,4243.0,4246.5498,4225.52,4225.76,17.24,0.408,0.5,202691.0
IXIC,20140123,4224.3599,4218.88,4224.4399,4192.2798,4243.0,-24.12,-0.5685,0.76,219198.0
IXIC,20140124,4194.9702,4128.17,4197.9302,4128.1699,4218.88,-90.71,-2.1501,1.65,248947.0
IXIC,20140127,4132.2202,4083.61,4136.46,4052.6299,4128.17,-44.56,-1.0794,2.03,239828.0
IXIC,20140128,4067.8601,4097.96,4099.8101,4067.6899,4083.61,14.35,0.3514,0.79,209118.0
IXIC,20140129,4060.6101,4051.43,4091.27,4044.76,4097.96,-46.53,-1.1354,1.13,223185.0
IXIC,20140130,4098.8101,4123.13,4135.8398,4094.1699,4051.43,71.7,1.7697,1.03,216841.0
IXIC,20140131,4068.6299,4103.88,4124.9199,4067.6101,4123.13,-19.25,-0.4669,1.39,230057.0
IXIC,20140203,4105.0601,3996.96,4113.5498,3989.95,4103.88,-106.92,-2.6053,3.01,261703.0
IXIC,20140204,4019.4399,4031.52,4044.2,4004.5801,3996.96,34.56,0.8647,0.99,217336.0
IXIC,20140205,4015.5,4011.55,4026.28,3968.1899,4031.52,-19.97,-0.4953,1.44,216836.0
IXIC,20140206,4022.6599,4057.12,4064.0601,4022.1699,4011.55,45.57,1.136,1.04,194270.0
IXIC,20140207,4081.8201,4125.86,4126.5098,4069.9299,4057.12,68.74,1.6943,1.39,205585.0
IXIC,20140210,4125.1201,4148.17,4148.2998,4122.6099,4125.86,22.31,0.5407,0.62,181197.0
IXIC,20140211,4154.6602,4191.05,4198.5098,4153.1001,4148.17,42.88,1.0337,1.09,199395.0
IXIC,20140212,4196.8501,4201.29,4212.6099,4190.3901,4191.05,10.24,0.2443,0.53,203589.0
IXIC,20140213,4171.5801,4240.67,4240.67,4170.4702,4201.29,39.38,0.9373,1.67,224999.0
IXIC,20140214,4237.0,4244.03,4250.9102,4225.75,4240.67,3.36,0.0792,0.59,188151.0
IXIC,20140218,4253.71,4272.78,4277.3301,4243.5601,4244.03,28.75,0.6774,0.8,188621.0
IXIC,20140219,4260.7402,4237.95,4274.29,4232.3799,4272.78,-34.83,-0.8152,0.98,195672.0
IXIC,20140220,4241.46,4267.55,4272.3398,4226.75,4237.95,29.6,0.6985,1.08,199278.0
IXIC,20140221,4282.1699,4263.41,4284.8501,4261.6299,4267.55,-4.14,-0.097,0.54,213825.0
IXIC,20140224,4273.3198,4292.97,4311.1299,4272.1099,4263.41,29.56,0.6933,0.92,216130.0
IXIC,20140225,4298.48,4287.59,4307.5098,4275.7998,4292.97,-5.38,-0.1253,0.74,213715.0
IXIC,20140226,4300.4502,4292.06,4316.8198,4278.54,4287.59,4.47,0.1043,0.89,210827.0
IXIC,20140227,4291.4702,4318.93,4322.46,4284.7798,4292.06,26.87,0.626,0.88,204916.0
IXIC,20140228,4323.52,4308.12,4342.5898,4275.6099,4318.93,-10.81,-0.2503,1.55,261773.0
IXIC,20140303,4261.4199,4277.3,4284.1499,4239.6499,4308.12,-30.82,-0.7154,1.03,207750.0
IXIC,20140304,4327.8501,4351.97,4357.21,4327.54,4277.3,74.67,1.7457,0.69,247785.0
IXIC,20140305,4352.7598,4357.97,4362.5,4344.1499,4351.97,6.0,0.1379,0.42,221598.0
IXIC,20140306,4368.8101,4352.13,4371.71,4341.0,4357.97,-5.84,-0.134,0.7,213626.0
IXIC,20140307,4370.98,4336.22,4371.3901,4319.1499,4352.13,-15.91,-0.3656,1.2,217556.0
IXIC,20140310,4332.6201,4334.45,4339.9302,4307.8398,4336.22,-1.77,-0.0408,0.74,211161.0
IXIC,20140311,4342.9302,4307.19,4354.4302,4295.4702,4334.45,-27.26,-0.6289,1.36,247778.0
IXIC,20140312,4288.6001,4323.33,4323.3301,4270.2202,4307.19,16.14,0.3747,1.23,213188.0
IXIC,20140313,4338.2598,4260.42,4339.8999,4242.9502,4323.33,-62.91,-1.4551,2.24,238360.0
IXIC,20140314,4250.4502,4245.4,4272.3398,4241.9399,4260.42,-15.02,-0.3525,0.71,219689.0
IXIC,20140317,4274.2202,4279.95,4301.2798,4273.0098,4245.4,34.55,0.8138,0.67,181041.0
IXIC,20140318,4286.2202,4333.31,4334.6602,4284.1099,4279.95,53.36,1.2467,1.18,196289.0
IXIC,20140319,4331.46,4307.6,4334.2998,4283.54,4333.31,-25.71,-0.5933,1.17,199275.0
IXIC,20140320,4297.9902,4319.29,4329.6099,4287.4102,4307.6,11.69,0.2714,0.98,184727.0
IXIC,20140321,4339.8999,4276.79,4344.3901,4268.3398,4319.29,-42.5,-0.984,1.76,324574.0
IXIC,20140324,4289.4902,4226.39,4289.4902,4190.6099,4276.79,-50.4,-1.1785,2.31,243465.0
IXIC,20140325,4252.6499,4234.27,4274.3198,4203.6401,4226.39,7.88,0.1864,1.67,227076.0
IXIC,20140326,4254.98,4173.58,4263.0698,4173.58,4234.27,-60.69,-1.4333,2.11,245546.0
IXIC,20140327,4169.3501,4151.23,4186.1299,4131.8101,4173.58,-22.35,-0.5355,1.3,227065.0
IXIC,20140328,4163.1802,4155.76,4203.4902,4144.6899,4151.23,4.53,0.1091,1.42,202984.0
IXIC,20140331,4185.6299,4198.99,4212.9702,4180.54,4155.76,43.23,1.0402,0.78,209085.0
IXIC,20140401,4219.8701,4268.04,4268.2002,4218.77,4198.99,69.05,1.6444,1.18,215313.0
IXIC,20140402,4281.6099,4276.46,4286.0898,4258.8599,4268.04,8.42,0.1973,0.64,218710.0
IXIC,20140403,4282.1802,4237.74,4284.6899,4216.5698,4276.46,-38.72,-0.9054,1.59,206737.0
IXIC,20140404,4263.9399,4127.73,4267.0601,4118.71,4237.74,-110.01,-2.596,3.5,262127.0
IXIC,20140407,4110.9199,4079.75,4133.6802,4052.1399,4127.73,-47.98,-1.1624,1.98,255468.0
IXIC,20140408,4085.1799,4112.99,4120.2402,4066.1101,4079.75,33.24,0.8148,1.33,219890.0
IXIC,20140409,4129.6299,4183.9,4185.1899,4121.1699,4112.99,70.91,1.7241,1.56,195756.0
IXIC,20140410,4181.21,4054.11,4182.6099,4042.76,4183.9,-129.79,-3.1021,3.34,242121.0
IXIC,20140411,4015.0701,3999.73,4067.22,3991.6399,4054.11,-54.38,-1.3414,1.86,226448.0
IXIC,20140414,4038.0601,4022.69,4050.79,3986.5,3999.73,22.96,0.574,1.61,189048.0
IXIC,20140415,4032.6299,4034.16,4054.8,3946.03,4022.69,11.47,0.2851,2.7,241311.0
IXIC,20140416,4066.8201,4086.23,4086.28,4038.8101,4034.16,52.07,1.2907,1.18,186311.0
IXIC,20140417,4080.3,4095.52,4110.46,4064.7,4086.23,9.29,0.2273,1.12,195472.0
IXIC,20140421,4105.3701,4121.55,4121.55,4081.9099,4095.52,26.03,0.6356,0.97,154444.0
IXIC,20140422,4132.0601,4161.46,4170.7202,4131.6099,4121.55,39.91,0.9683,0.95,187593.0
IXIC,20140423,4160.8999,4126.97,4161.4399,4125.4102,4161.46,-34.49,-0.8288,0.87,179476.0
IXIC,20140424,4174.6099,4148.34,4177.1602,4107.52,4126.97,21.37,0.5178,1.69,213087.0
IXIC,20140425,4125.1602,4075.56,4126.98,4068.1001,4148.34,-72.78,-1.7544,1.42,208714.0
IXIC,20140428,4091.8101,4074.4,4111.5898,4014.1699,4075.56,-1.16,-0.0285,2.39,234832.0
IXIC,20140429,4089.51,4103.54,4111.4502,4070.25,4074.4,29.14,0.7152,1.01,191124.0
IXIC,20140430,4085.1899,4114.56,4116.1401,4070.6299,4103.54,11.02,0.2685,1.11,215140.0
IXIC,20140501,4121.25,4127.45,4149.5601,4105.6099,4114.56,12.89,0.3133,1.07,207704.0
IXIC,20140502,4138.6299,4123.9,4145.0601,4115.8901,4127.45,-3.55,-0.086,0.71,184479.0
IXIC,20140505,4099.25,4138.06,4138.3398,4086.3501,4123.9,14.16,0.3434,1.26,156117.0
IXIC,20140506,4128.2202,4080.76,4132.46,4080.76,4138.06,-57.3,-1.3847,1.25,185061.0
IXIC,20140507,4085.49,4067.67,4091.03,4021.05,4080.76,-13.09,-0.3208,1.71,248603.0
IXIC,20140508,4053.28,4051.5,4109.2002,4039.9099,4067.67,-16.17,-0.3975,1.7,241194.0
IXIC,20140509,4043.4399,4071.87,4071.8701,4025.24,4051.5,20.37,0.5028,1.15,197616.0
IXIC,20140512,4092.8401,4143.86,4146.54,4092.0901,4071.87,71.99,1.768,1.34,188002.0
IXIC,20140513,4144.8999,4130.17,4155.1299,4128.0098,4143.86,-13.69,-0.3304,0.65,192348.0
IXIC,20140514,4122.0801,4100.63,4132.3301,4093.8301,4130.17,-29.54,-0.7152,0.93,176443.0
IXIC,20140515,4096.5298,4069.29,4098.25,4035.96,4100.63,-31.34,-0.7643,1.52,208303.0
IXIC,20140516,4070.3501,4090.59,4091.1599,4044.27,4069.29,21.3,0.5234,1.15,174107.0
IXIC,20140519,4080.3301,4125.81,4128.4702,4075.7,4090.59,35.22,0.861,1.29,160140.0
IXIC,20140520,4121.1099,4096.89,4124.8599,4080.6101,4125.81,-28.92,-0.701,1.07,179791.0
IXIC,20140521,4105.96,4131.54,4133.6099,4103.6099,4096.89,34.65,0.8458,0.73,170350.0
IXIC,20140522,4136.0898,4154.34,4164.8501,4131.4702,4131.54,22.8,0.5519,0.81,183581.0
IXIC,20140523,4159.7798,4185.81,4186.5801,4148.2998,4154.34,31.47,0.7575,0.92,153661.0
IXIC,20140527,4238.04,4237.07,4247.95,4228.96,4185.81,51.26,1.2246,0.45,181233.0
IXIC,20140528,4234.96,4225.07,4238.1699,4216.8901,4237.07,-12.0,-0.2832,0.5,178514.0
IXIC,20140529,4238.04,4247.95,4247.9502,4228.96,4225.07,22.88,0.5415,0.45,171400.0
IXIC,20140530,4251.4902,4242.62,4252.0801,4221.9502,4247.95,-5.33,-0.1255,0.71,190366.0
IXIC,20140602,4247.96,4237.2,4247.96,4207.6099,4242.62,-5.42,-0.1278,0.95,163131.0
IXIC,20140603,4222.04,4234.08,4240.3501,4215.7998,4237.2,-3.12,-0.0736,0.58,171864.0
IXIC,20140604,4222.21,4251.64,4256.1899,4216.23,4234.08,17.56,0.4147,0.94,161009.0
IXIC,20140605,4259.1201,4296.23,4299.5,4241.6802,4251.64,44.59,1.0488,1.36,192675.0
IXIC,20140606,4312.7598,4321.4,4322.5098,4305.7402,4296.23,25.17,0.5859,0.39,161665.0
IXIC,20140609,4324.3501,4336.24,4346.7402,4320.2798,4321.4,14.84,0.3434,0.61,178306.0
IXIC,20140610,4329.2002,4338.0,4338.8701,4319.9302,4336.24,1.76,0.0406,0.44,178712.0
IXIC,20140611,4322.9199,4331.93,4338.21,4315.4902,4338.0,-6.07,-0.1399,0.52,177846.0
IXIC,20140612,4323.1099,4297.63,4328.3501,4284.5298,4331.93,-34.3,-0.7918,1.01,190819.0
IXIC,20140613,4315.3101,4310.65,4317.6699,4288.4102,4297.63,13.02,0.303,0.68,175456.0
IXIC,20140616,4303.9302,4321.1,4326.8901,4296.2598,4310.65,10.45,0.2424,0.71,167512.0
IXIC,20140617,4316.0098,4337.23,4346.1201,4311.1499,4321.1,16.13,0.3733,0.81,181436.0
IXIC,20140618,4341.1802,4362.84,4365.1001,4320.54,4337.23,25.61,0.5905,1.03,186066.0
IXIC,20140619,4370.1401,4359.33,4372.1802,4339.6099,4362.84,-3.51,-0.0805,0.75,184546.0
IXIC,20140620,4365.3701,4368.04,4368.7998,4354.0298,4359.33,8.71,0.1998,0.34,272138.0
IXIC,20140623,4368.96,4368.68,4371.8101,4358.6802,4368.04,0.64,0.0147,0.3,171293.0
IXIC,20140624,4367.8999,4350.35,4399.8701,4342.8999,4368.68,-18.33,-0.4196,1.3,201470.0
IXIC,20140625,4341.8198,4379.76,4383.5498,4339.4102,4350.35,29.41,0.676,1.01,172282.0
IXIC,20140626,4379.4399,4379.05,4379.7998,4347.4502,4379.76,-0.71,-0.0162,0.74,155407.0
IXIC,20140627,4371.7998,4397.93,4398.8501,4371.6001,4379.05,18.88,0.4311,0.62,396493.0
IXIC,20140630,4398.3701,4408.18,4417.46,4396.5898,4397.93,10.25,0.2331,0.47,184811.0
IXIC,20140701,4424.71,4458.65,4471.6001,4424.4302,4408.18,50.47,1.1449,1.07,194255.0
IXIC,20140702,4457.8599,4457.73,4466.9199,4450.8701,4458.65,-0.92,-0.0206,0.36,159948.0
IXIC,20140703,4472.8901,4485.93,4485.9302,4463.8501,4457.73,28.2,0.6326,0.5,100173.0
IXIC,20140707,4477.7402,4451.53,4478.02,4447.6001,4485.93,-34.4,-0.7668,0.68,169139.0
IXIC,20140708,4442.8701,4391.46,4443.5601,4372.04,4451.53,-60.07,-1.3494,1.61,222182.0
IXIC,20140709,4403.0298,4419.03,4421.9302,4388.0098,4391.46,27.57,0.6278,0.77,173696.0
IXIC,20140710,4352.04,4396.2,4415.8501,4351.04,4419.03,-22.83,-0.5166,1.47,168292.0
IXIC,20140711,4401.0498,4415.49,4417.1602,4389.29,4396.2,19.29,0.4388,0.63,151125.0
IXIC,20140714,4441.3901,4440.42,4451.6001,4432.9502,4415.49,24.93,0.5646,0.42,157966.0
IXIC,20140715,4444.9102,4416.39,4451.9302,4389.7002,4440.42,-24.03,-0.5412,1.4,177203.0
IXIC,20140716,4446.1699,4425.97,4448.8701,4419.71,4416.39,9.58,0.2169,0.66,205934.0
IXIC,20140717,4411.52,4363.45,4425.3799,4352.23,4425.97,-62.52,-1.4126,1.65,205524.0
IXIC,20140718,4379.9399,4432.15,4434.4399,4378.2202,4363.45,68.7,1.5744,1.29,182358.0
IXIC,20140721,4421.2002,4424.7,4432.4199,4404.5098,4432.15,-7.45,-0.1681,0.63,155782.0
IXIC,20140722,4444.9399,4456.02,4464.1299,4443.3501,4424.7,31.32,0.7078,0.47,172444.0
IXIC,20140723,4468.1602,4473.7,4480.73,4457.9502,4456.02,17.68,0.3968,0.51,190981.0
IXIC,20140724,4481.6099,4472.11,4485.5,4465.9399,4473.7,-1.59,-0.0355,0.44,193509.0
IXIC,20140725,4448.0601,4449.56,4457.9502,4430.4302,4472.11,-22.55,-0.5042,0.62,171143.0
IXIC,20140728,4451.1201,4444.91,4455.3901,4413.9199,4449.56,-4.65,-0.1045,0.93,178325.0
IXIC,20140729,4456.0698,4442.7,4470.9702,4441.0298,4444.91,-2.21,-0.0497,0.67,209081.0
IXIC,20140730,4468.4399,4462.9,4476.0601,4444.5098,4442.7,20.2,0.4547,0.71,187243.0
IXIC,20140731,4421.29,4369.77,4430.7998,4367.1499,4462.9,-93.13,-2.0868,1.43,227338.0
IXIC,20140801,4363.3901,4352.64,4385.0498,4324.02,4369.77,-17.13,-0.392,1.4,205034.0
IXIC,20140804,4365.6201,4383.89,4395.3799,4343.0298,4352.64,31.25,0.718,1.2,167740.0
IXIC,20140805,4364.5898,4352.84,4383.02,4333.5801,4383.89,-31.05,-0.7083,1.13,191618.0
IXIC,20140806,4326.2798,4355.05,4378.9902,4325.04,4352.84,2.21,0.0508,1.24,181931.0
IXIC,20140807,4373.25,4334.97,4379.7002,4321.8901,4355.05,-20.08,-0.4611,1.33,186633.0
IXIC,20140808,4340.8799,4370.9,4373.1201,4327.8701,4334.97,35.93,0.8288,1.04,175906.0
IXIC,20140811,4387.3799,4401.33,4415.7798,4384.1499,4370.9,30.43,0.6962,0.72,153788.0
IXIC,20140812,4394.6899,4389.25,4407.0801,4371.8398,4401.33,-12.08,-0.2745,0.8,156022.0
IXIC,20140813,4407.8701,4434.13,4434.3101,4403.6401,4389.25,44.88,1.0225,0.7,161169.0
IXIC,20140814,4438.1299,4453.0,4453.0,4433.9399,4434.13,18.87,0.4256,0.43,154982.0
IXIC,20140815,4479.6401,4464.93,4482.4702,4427.1299,4453.0,11.93,0.2679,1.24,179946.0
IXIC,20140818,4490.5298,4508.31,4509.1602,4486.4399,4464.93,43.38,0.9716,0.51,157110.0
IXIC,20140819,4514.2598,4527.51,4528.9102,4513.9199,4508.31,19.2,0.4259,0.33,155656.0
IXIC,20140820,4517.75,4526.48,4533.0098,4515.73,4527.51,-1.03,-0.0228,0.38,150229.0
IXIC,20140821,4526.7202,4532.1,4534.0,4513.8101,4526.48,5.62,0.1242,0.45,142173.0
IXIC,20140822,4534.8701,4538.55,4547.2402,4521.77,4532.1,6.45,0.1423,0.56,131181.0
IXIC,20140825,4563.7202,4557.35,4571.1401,4547.7798,4538.55,18.8,0.4142,0.51,138462.0
IXIC,20140826,4563.8101,4570.64,4575.5898,4556.7798,4557.35,13.29,0.2916,0.41,146962.0
IXIC,20140827,4574.3501,4569.62,4575.8101,4561.8398,4570.64,-1.02,-0.0223,0.31,138947.0
IXIC,20140828,4552.5498,4557.69,4565.96,4546.6201,4569.62,-11.93,-0.2611,0.42,130958.0
IXIC,20140829,4571.7598,4580.27,4580.27,4553.7798,4557.69,22.58,0.4954,0.58,135283.0
IXIC,20140902,4592.4199,4598.19,4598.6401,4576.8101,4580.27,17.92,0.3912,0.48,185908.0
IXIC,20140903,4610.1401,4572.56,4610.1401,4565.3799,4598.19,-25.63,-0.5574,0.97,189745.0
IXIC,20140904,4581.52,4562.29,4603.1499,4553.3101,4572.56,-10.27,-0.2246,1.09,172870.0
IXIC,20140905,4560.6299,4582.9,4583.0,4542.7402,4562.29,20.61,0.4517,0.88,164183.0
IXIC,20140908,4579.0601,4592.28,4600.3999,4570.23,4582.9,9.38,0.2047,0.66,167021.0
IXIC,20140909,4588.8301,4552.28,4599.0298,4544.4399,4592.28,-40.0,-0.871,1.19,195655.0
IXIC,20140910,4554.1499,4586.52,4587.1001,4544.8398,4552.28,34.24,0.7522,0.93,180865.0
IXIC,20140911,4567.6401,4591.81,4591.8101,4559.75,4586.52,5.29,0.1153,0.7,170485.0
IXIC,20140912,4588.77,4567.6,4590.0801,4555.6802,4591.81,-24.21,-0.5272,0.75,178417.0
IXIC,20140915,4567.4502,4518.9,4567.4702,4506.73,4567.6,-48.7,-1.0662,1.33,194052.0
IXIC,20140916,4502.1099,4552.76,4558.2402,4499.8701,4518.9,33.86,0.7493,1.29,187935.0
IXIC,20140917,4553.96,4562.19,4582.3999,4539.3599,4552.76,9.43,0.2071,0.95,179671.0
IXIC,20140918,4575.7402,4593.43,4593.98,4572.6201,4562.19,31.24,0.6848,0.47,177484.0
IXIC,20140919,4606.1299,4579.79,4610.5698,4563.4399,4593.43,-13.64,-0.2969,1.03,317849.0
IXIC,20140922,4568.4502,4527.69,4568.8701,4513.1201,4579.79,-52.1,-1.1376,1.22,188152.0
IXIC,20140923,4511.3198,4508.69,4536.0298,4508.4199,4527.69,-19.0,-0.4196,0.61,184773.0
IXIC,20140924,4514.9199,4555.22,4557.27,4500.1299,4508.69,46.53,1.032,1.27,176526.0
IXIC,20140925,4540.8198,4466.75,4546.9302,4466.6401,4555.22,-88.47,-1.9422,1.76,193961.0
IXIC,20140926,4476.48,4512.19,4515.75,4475.48,4466.75,45.44,1.0173,0.9,163748.0
IXIC,20140929,4465.8398,4505.85,4515.2402,4464.4399,4512.19,-6.34,-0.1405,1.13,173775.0
IXIC,20140930,4512.6401,4493.39,4522.0601,4483.9102,4505.85,-12.46,-0.2765,0.85,220038.0
IXIC,20141001,4486.6499,4422.09,4486.79,4409.2998,4493.39,-71.3,-1.5868,1.72,231263.0
IXIC,20141002,4421.25,4430.19,4441.9502,4367.7402,4422.09,8.1,0.1832,1.68,216550.0
IXIC,20141003,4456.8101,4475.62,4488.0698,4445.7202,4430.19,45.43,1.0255,0.96,177764.0
IXIC,20141006,4492.3999,4454.8,4496.2598,4444.1001,4475.62,-20.82,-0.4652,1.17,182824.0
IXIC,20141007,4433.9102,4385.2,4441.7598,4385.1499,4454.8,-69.6,-1.5624,1.27,211136.0
IXIC,20141008,4385.7002,4468.59,4473.73,4355.3398,4385.2,83.39,1.9016,2.7,245163.0
IXIC,20141009,4458.29,4378.34,4464.1299,4377.2798,4468.59,-90.25,-2.0197,1.94,226422.0
IXIC,20141010,4354.6299,4276.24,4380.5098,4276.24,4378.34,-102.1,-2.3319,2.38,276575.0
IXIC,20141013,4274.9102,4213.66,4303.8198,4212.8701,4276.24,-62.58,-1.4634,2.13,246783.0
IXIC,20141014,4246.23,4227.17,4281.3398,4212.8198,4213.66,13.51,0.3206,1.63,249612.0
IXIC,20141015,4154.1001,4215.32,4231.54,4116.6001,4227.17,-11.85,-0.2803,2.72,305874.0
IXIC,20141016,4133.25,4217.39,4246.0098,4131.6499,4215.32,2.07,0.0491,2.71,259194.0
IXIC,20141017,4275.0898,4258.44,4296.1099,4241.6699,4217.39,41.05,0.9734,1.29,226007.0
IXIC,20141020,4254.1602,4316.07,4316.8701,4248.2202,4258.44,57.63,1.3533,1.61,171737.0
IXIC,20141021,4359.1699,4419.48,4419.48,4356.1001,4316.07,103.41,2.3959,1.47,199758.0
IXIC,20141022,4429.1602,4382.85,4435.8599,4381.2798,4419.48,-36.63,-0.8288,1.23,196702.0
IXIC,20141023,4427.4399,4452.79,4475.5498,4421.5601,4382.85,69.94,1.5958,1.23,195238.0
IXIC,20141024,4459.46,4483.72,4486.2598,4445.8501,4452.79,30.93,0.6946,0.91,175430.0
IXIC,20141027,4469.02,4485.93,4489.6001,4450.29,4483.72,2.21,0.0493,0.88,158558.0
IXIC,20141028,4505.73,4564.29,4564.29,4505.1099,4485.93,78.36,1.7468,1.32,196692.0
IXIC,20141029,4551.3701,4549.23,4564.4399,4517.02,4564.29,-15.06,-0.33,1.04,218405.0
IXIC,20141030,4532.1001,4566.14,4575.5,4521.79,4549.23,16.91,0.3717,1.18,203496.0
IXIC,20141031,4639.4502,4630.74,4641.5098,4616.5801,4566.14,64.6,1.4148,0.55,242436.0
IXIC,20141103,4633.71,4638.91,4654.1899,4627.4199,4630.74,8.17,0.1764,0.58,203300.0
IXIC,20141104,4623.77,4623.64,4635.9502,4594.9199,4638.91,-15.27,-0.3292,0.88,193932.0
IXIC,20141105,4649.4702,4620.72,4650.3901,4607.73,4623.64,-2.92,-0.0632,0.92,200187.0
IXIC,20141106,4616.7798,4638.47,4639.1699,4604.7598,4620.72,17.75,0.3841,0.74,198682.0
IXIC,20141107,4636.8901,4632.53,4638.7998,4606.8101,4638.47,-5.94,-0.1281,0.69,197883.0
IXIC,20141110,4635.1001,4651.62,4653.3799,4626.4902,4632.53,19.09,0.4121,0.58,183001.0
IXIC,20141111,4649.1899,4660.56,4661.23,4640.2402,4651.62,8.94,0.1922,0.45,166369.0
IXIC,20141112,4644.6299,4675.14,4678.5801,4643.7798,4660.56,14.58,0.3128,0.75,177306.0
IXIC,20141113,4681.5601,4680.14,4703.1001,4664.27,4675.14,5.0,0.1069,0.83,185758.0
IXIC,20141114,4679.8501,4688.54,4688.7402,4664.3101,4680.14,8.4,0.1795,0.52,173995.0
IXIC,20141117,4678.4399,4671.0,4689.5298,4655.2002,4688.54,-17.54,-0.3741,0.73,169507.0
IXIC,20141118,4674.8398,4702.44,4709.8301,4674.2998,4671.0,31.44,0.6731,0.76,165576.0
IXIC,20141119,4694.7798,4675.71,4696.2002,4655.7202,4702.44,-26.73,-0.5684,0.86,164156.0
IXIC,20141120,4655.2002,4701.87,4702.9702,4653.3301,4675.71,26.16,0.5595,1.06,166733.0
IXIC,20141121,4751.0098,4712.97,4751.6001,4700.73,4701.87,11.1,0.2361,1.08,185434.0
IXIC,20141124,4725.1699,4754.89,4755.02,4723.6201,4712.97,41.92,0.8895,0.67,156813.0
IXIC,20141125,4762.3901,4758.25,4774.52,4749.9199,4754.89,3.36,0.0707,0.52,172014.0
IXIC,20141126,4760.23,4787.32,4788.0,4757.48,4758.25,29.07,0.6109,0.64,136293.0
IXIC,20141128,4797.1001,4791.63,4810.8599,4786.7202,4787.32,4.31,0.09,0.5,99860.0
IXIC,20141201,4777.73,4727.35,4782.0698,4724.6201,4791.63,-64.28,-1.3415,1.2,189360.0
IXIC,20141202,4732.9702,4755.81,4761.6299,4729.7598,4727.35,28.46,0.602,0.67,183917.0
IXIC,20141203,4761.3101,4774.47,4781.3701,4745.1401,4755.81,18.66,0.3924,0.76,173451.0
IXIC,20141204,4772.0,4769.44,4785.4102,4753.71,4774.47,-5.03,-0.1054,0.66,172409.0
IXIC,20141205,4776.5801,4780.76,4788.98,4769.6401,4769.44,11.32,0.2373,0.41,176710.0
IXIC,20141208,4769.7598,4740.69,4793.2402,4722.9102,4780.76,-40.07,-0.8382,1.47,196677.0
IXIC,20141209,4685.2002,4766.47,4768.4102,4674.3799,4740.69,25.78,0.5438,1.98,195033.0
IXIC,20141210,4754.4199,4684.03,4766.6401,4679.25,4766.47,-82.44,-1.7296,1.83,185081.0
IXIC,20141211,4704.6499,4708.16,4759.8799,4699.4302,4684.03,24.13,0.5152,1.29,187305.0
IXIC,20141212,4665.3501,4653.6,4707.9199,4653.6,4708.16,-54.56,-1.1588,1.15,188887.0
IXIC,20141215,4679.6699,4605.16,4690.5801,4592.4302,4653.6,-48.44,-1.0409,2.11,214361.0
IXIC,20141216,4572.79,4547.83,4645.1899,4547.3101,4605.16,-57.33,-1.2449,2.13,223167.0
IXIC,20141217,4556.8999,4644.31,4651.8999,4550.7002,4547.83,96.48,2.1215,2.23,227993.0
IXIC,20141218,4712.3901,4748.4,4748.4,4697.0898,4644.31,104.09,2.2412,1.1,217226.0
IXIC,20141219,4752.6001,4765.38,4782.1299,4738.29,4748.4,16.98,0.3576,0.92,328792.0
IXIC,20141222,4759.04,4781.42,4781.9302,4757.7998,4765.38,16.04,0.3366,0.51,172007.0
IXIC,20141223,4798.0298,4765.42,4798.0601,4761.3901,4781.42,-16.0,-0.3346,0.77,159082.0
IXIC,20141224,4770.1201,4773.47,4787.5698,4768.6699,4765.42,8.05,0.1689,0.4,72975.0
IXIC,20141226,4788.0601,4806.86,4814.9502,4787.8501,4773.47,33.39,0.6995,0.57,93022.0
IXIC,20141229,4801.2598,4806.91,4813.7202,4798.8999,4806.86,0.05,0.001,0.31,122774.0
IXIC,20141230,4793.6099,4777.44,4803.8901,4772.8799,4806.91,-29.47,-0.6131,0.65,126920.0
IXIC,20141231,4790.5298,4736.05,4806.4302,4734.1099,4777.44,-41.39,-0.8664,1.51,151560.0
IXIC,20150102,4760.2402,4726.81,4777.0098,4698.1099,4736.05,-9.24,-0.1951,1.67,143515.0
IXIC,20150105,4700.3398,4652.57,4702.77,4641.46,4726.81,-74.24,-1.5706,1.3,179447.0
IXIC,20150106,4666.8501,4592.74,4667.3301,4567.5898,4652.57,-59.83,-1.286,2.14,216732.0
IXIC,20150107,4626.8398,4650.47,4652.7202,4613.8999,4592.74,57.73,1.257,0.85,195795.0
IXIC,20150108,4689.54,4736.19,4741.3799,4688.02,4650.47,85.72,1.8433,1.15,210545.0
IXIC,20150109,4744.4702,4704.07,4744.71,4681.2402,4736.19,-32.12,-0.6782,1.34,171583.0
IXIC,20150112,4714.0698,4664.71,4715.8101,4650.6499,4704.07,-39.36,-0.8367,1.39,186196.0
IXIC,20150113,4708.7402,4661.5,4751.3398,4624.2798,4664.71,-3.21,-0.0688,2.72,216218.0
IXIC,20150114,4610.7598,4639.32,4655.3701,4595.98,4661.5,-22.18,-0.4758,1.27,207381.0
IXIC,20150115,4657.46,4570.82,4663.96,4567.3901,4639.32,-68.5,-1.4765,2.08,197626.0
IXIC,20150116,4566.3799,4634.38,4635.8198,4563.1099,4570.82,63.56,1.3906,1.59,197052.0
IXIC,20150120,4655.8398,4654.85,4665.6499,4601.1001,4634.38,20.47,0.4417,1.39,183504.0
IXIC,20150121,4641.9502,4667.42,4692.46,4629.5898,4654.85,12.57,0.27,1.35,184742.0
IXIC,20150122,4690.9302,4750.4,4752.6001,4644.5698,4667.42,82.98,1.7779,2.31,199655.0
IXIC,20150123,4748.1899,4757.88,4771.1802,4737.9502,4750.4,7.48,0.1575,0.7,165383.0
IXIC,20150126,4752.3599,4771.76,4774.1802,4734.2002,4757.88,13.88,0.2917,0.84,171751.0
IXIC,20150127,4698.23,4681.5,4721.8701,4659.8301,4771.76,-90.26,-1.8915,1.3,195416.0
IXIC,20150128,4740.6899,4637.99,4742.0601,4637.48,4681.5,-43.51,-0.9294,2.23,211868.0
IXIC,20150129,4635.73,4683.41,4688.4102,4601.7598,4637.99,45.42,0.9793,1.87,211071.0
IXIC,20150130,4671.21,4635.24,4703.8101,4631.1001,4683.41,-48.17,-1.0285,1.55,226423.0
IXIC,20150202,4650.6001,4676.69,4676.69,4580.46,4635.24,41.45,0.8942,2.08,200645.0
IXIC,20150203,4693.25,4727.74,4727.7402,4670.8198,4676.69,51.05,1.0916,1.22,215352.0
IXIC,20150204,4699.8101,4716.7,4744.3301,4697.79,4727.74,-11.04,-0.2335,0.98,221296.0
IXIC,20150205,4729.6499,4765.1,4767.3799,4722.7998,4716.7,48.4,1.0261,0.95,203659.0
IXIC,20150206,4768.8398,4744.4,4787.1802,4731.2202,4765.1,-20.7,-0.4344,1.17,203406.0
IXIC,20150209,4723.73,4726.01,4749.4702,4719.6099,4744.4,-18.39,-0.3876,0.63,165468.0
IXIC,20150210,4754.6299,4787.65,4793.27,4737.1201,4726.01,61.64,1.3043,1.19,177373.0
IXIC,20150211,4788.3701,4801.18,4810.3599,4780.1299,4787.65,13.53,0.2826,0.63,179363.0
IXIC,20150212,4828.0801,4857.61,4857.61,4823.5698,4801.18,56.43,1.1753,0.71,207547.0
IXIC,20150213,4869.73,4893.84,4893.84,4860.1201,4857.61,36.23,0.7458,0.69,194224.0
IXIC,20150217,4889.9902,4899.27,4901.8901,4880.6401,4893.84,5.43,0.111,0.43,175149.0
IXIC,20150218,4890.8398,4906.36,4907.5,4885.6001,4899.27,7.09,0.1447,0.45,168480.0
IXIC,20150219,4901.5098,4924.7,4929.5298,4900.6299,4906.36,18.34,0.3738,0.59,159289.0
IXIC,20150220,4919.7798,4955.97,4957.02,4905.5898,4924.7,31.27,0.635,1.04,176114.0
IXIC,20150223,4953.1001,4960.97,4960.9702,4939.5601,4955.97,5.0,0.1009,0.43,175485.0
IXIC,20150224,4956.21,4968.12,4971.1802,4945.1401,4960.97,7.15,0.1441,0.52,183489.0
IXIC,20150225,4960.3599,4967.14,4984.2402,4956.0,4968.12,-0.98,-0.0197,0.57,184856.0
IXIC,20150226,4969.27,4987.89,4989.1099,4955.5098,4967.14,20.75,0.4177,0.68,190555.0
IXIC,20150227,4985.0298,4963.53,4989.25,4960.8701,4987.89,-24.36,-0.4884,0.57,195559.0
IXIC,20150302,4973.4302,5008.1,5008.5698,4972.0098,4963.53,44.57,0.898,0.74,193111.0
IXIC,20150303,4990.7002,4979.9,4996.6602,4956.0698,5008.1,-28.2,-0.5631,0.81,201890.0
IXIC,20150304,4961.2402,4967.14,4973.3198,4938.8999,4979.9,-12.76,-0.2562,0.69,182483.0
IXIC,20150305,4979.9502,4982.81,4993.52,4963.1001,4967.14,15.67,0.3155,0.61,172420.0
IXIC,20150306,4967.2402,4927.37,4982.9302,4918.6299,4982.81,-55.44,-1.1126,1.29,191822.0
IXIC,20150309,4936.0801,4942.44,4950.4702,4920.8198,4927.37,15.07,0.3058,0.6,169651.0
IXIC,20150310,4899.5098,4859.8,4903.4399,4859.79,4942.44,-82.64,-1.672,0.88,187601.0
IXIC,20150311,4866.9399,4849.94,4876.0898,4846.79,4859.8,-9.86,-0.2029,0.6,184602.0
IXIC,20150312,4853.98,4893.29,4895.7998,4853.2002,4849.94,43.35,0.8938,0.88,185511.0
IXIC,20150313,4885.54,4871.76,4904.4702,4842.7998,4893.29,-21.53,-0.44,1.26,185141.0
IXIC,20150316,4897.27,4929.51,4929.9399,4889.0898,4871.76,57.75,1.1854,0.84,171348.0
IXIC,20150317,4912.6499,4937.43,4944.9102,4907.02,4929.51,7.92,0.1607,0.77,172437.0
IXIC,20150318,4926.8301,4982.83,5001.5698,4907.7202,4937.43,45.4,0.9195,1.9,198357.0
IXIC,20150319,4982.02,4992.38,5000.02,4979.9399,4982.83,9.55,0.1917,0.4,167497.0
IXIC,20150320,5033.4702,5026.42,5042.1401,5020.0698,4992.38,34.04,0.6818,0.44,282567.0
IXIC,20150323,5020.6001,5010.97,5031.3901,5010.97,5026.42,-15.45,-0.3074,0.41,160888.0
IXIC,20150324,5010.1001,4994.73,5032.48,4994.5601,5010.97,-16.24,-0.3241,0.76,161167.0
IXIC,20150325,5002.8301,4876.52,5006.7598,4876.52,4994.73,-118.21,-2.3667,2.61,221952.0
IXIC,20150326,4835.71,4863.36,4889.21,4825.9302,4876.52,-13.16,-0.2699,1.3,200496.0
IXIC,20150327,4863.7402,4891.22,4899.2598,4859.6602,4863.36,27.86,0.5729,0.81,167865.0
IXIC,20150330,4921.7798,4947.44,4948.46,4921.1201,4891.22,56.22,1.1494,0.56,177852.0
IXIC,20150331,4925.9102,4900.89,4940.8701,4899.3101,4947.44,-46.55,-0.9409,0.84,183766.0
IXIC,20150401,4894.3599,4880.23,4899.3799,4844.3901,4900.89,-20.66,-0.4216,1.12,187496.0
IXIC,20150402,4885.4102,4886.94,4901.3301,4872.96,4880.23,6.71,0.1375,0.58,156367.0
IXIC,20150406,4855.9399,4917.32,4929.6201,4852.9102,4886.94,30.38,0.6217,1.57,173756.0
IXIC,20150407,4917.5,4910.23,4948.8799,4909.77,4917.32,-7.09,-0.1442,0.8,157294.0
IXIC,20150408,4914.1499,4950.82,4956.7202,4914.1499,4910.23,40.59,0.8266,0.87,171421.0
IXIC,20150409,4950.8398,4974.57,4975.9302,4928.1099,4950.82,23.75,0.4797,0.97,172975.0
IXIC,20150410,4977.0298,4995.98,4996.0801,4970.02,4974.57,21.41,0.4304,0.52,149424.0
IXIC,20150413,5001.5498,4988.25,5024.25,4985.96,4995.98,-7.73,-0.1547,0.77,154419.0
IXIC,20150414,4988.8198,4977.29,4996.8198,4952.0098,4988.25,-10.96,-0.2197,0.9,157136.0
IXIC,20150415,4992.6201,5011.02,5021.1899,4989.2402,4977.29,33.73,0.6777,0.64,179553.0
IXIC,20150416,4999.3599,5007.79,5016.0,4996.0,5011.02,-3.23,-0.0645,0.4,166285.0
IXIC,20150417,4966.1099,4931.81,4974.0898,4912.3301,5007.79,-75.98,-1.5172,1.23,198519.0
IXIC,20150420,4958.0698,4994.6,5000.2002,4952.6802,4931.81,62.79,1.2732,0.96,164634.0
IXIC,20150421,5023.96,5014.1,5028.2202,5009.5098,4994.6,19.5,0.3904,0.37,172126.0
IXIC,20150422,5026.5698,5035.17,5040.6499,4992.6201,5014.1,21.07,0.4202,0.96,169638.0
IXIC,20150423,5020.2202,5056.06,5073.0898,5019.29,5035.17,20.89,0.4149,1.07,185862.0
IXIC,20150424,5096.3398,5092.09,5100.3701,5081.21,5056.06,36.03,0.7126,0.38,189515.0
IXIC,20150427,5104.3599,5060.25,5119.8301,5053.54,5092.09,-31.84,-0.6253,1.3,217247.0
IXIC,20150428,5063.2598,5055.42,5075.2998,5006.2798,5060.25,-4.83,-0.0955,1.36,203250.0
IXIC,20150429,5028.4502,5023.64,5053.8398,4999.8301,5055.42,-31.78,-0.6286,1.07,187130.0
IXIC,20150430,4996.9902,4941.42,5015.96,4921.5498,5023.64,-82.22,-1.6367,1.88,226929.0
IXIC,20150501,4966.3198,5005.39,5005.3901,4962.7402,4941.42,63.97,1.2946,0.86,185440.0
IXIC,20150504,5018.3501,5016.93,5043.6201,5013.02,5005.39,11.54,0.2306,0.61,166820.0
IXIC,20150505,5000.2002,4939.33,5008.27,4934.3398,5016.93,-77.6,-1.5468,1.47,206949.0
IXIC,20150506,4956.7002,4919.65,4965.1001,4888.1699,4939.33,-19.68,-0.3984,1.56,214462.0
IXIC,20150507,4917.75,4945.54,4957.1201,4914.5298,4919.65,25.89,0.5263,0.87,204296.0
IXIC,20150508,4991.6299,5003.55,5014.3301,4989.2598,4945.54,58.01,1.173,0.51,197876.0
IXIC,20150511,5003.2598,4993.57,5017.3799,4992.02,5003.55,-9.98,-0.1995,0.51,173139.0
IXIC,20150512,4966.4399,4976.19,4995.5,4931.6001,4993.57,-17.38,-0.348,1.28,170587.0
IXIC,20150513,4991.4199,4981.69,5012.9702,4977.4902,4976.19,5.5,0.1105,0.71,167226.0
IXIC,20150514,5016.6802,5050.8,5051.7202,4999.6499,4981.69,69.11,1.3873,1.05,174197.0
IXIC,20150515,5059.1499,5048.29,5062.6499,5034.8398,5050.8,-2.51,-0.0497,0.55,166726.0
IXIC,20150518,5040.9199,5078.44,5084.5,5037.54,5048.29,30.15,0.5972,0.93,164387.0
IXIC,20150519,5080.4399,5070.03,5087.3501,5062.7998,5078.44,-8.41,-0.1656,0.48,175098.0
IXIC,20150520,5072.4399,5071.74,5097.52,5050.21,5070.03,1.71,0.0337,0.93,178683.0
IXIC,20150521,5065.9399,5090.79,5098.23,5062.5098,5071.74,19.05,0.3756,0.7,168367.0
IXIC,20150522,5085.3901,5089.36,5103.8398,5085.1899,5090.79,-1.43,-0.0281,0.37,154492.0
IXIC,20150526,5076.9102,5032.75,5081.1699,5016.7402,5089.36,-56.61,-1.1123,1.27,173195.0
IXIC,20150527,5047.8599,5106.59,5111.54,5039.3701,5032.75,73.84,1.4672,1.43,180955.0
IXIC,20150528,5096.3398,5097.98,5106.6499,5080.25,5106.59,-8.61,-0.1686,0.52,174142.0
IXIC,20150529,5093.1001,5070.03,5099.3999,5057.5898,5097.98,-27.95,-0.5483,0.82,202417.0
IXIC,20150601,5094.9399,5082.93,5099.0098,5045.6699,5070.03,12.9,0.2544,1.05,190212.0
IXIC,20150602,5063.4702,5076.52,5100.02,5047.3501,5082.93,-6.41,-0.1261,1.04,172975.0
IXIC,20150603,5098.48,5099.23,5114.6001,5084.9902,5076.52,22.71,0.4474,0.58,185268.0
IXIC,20150604,5078.2202,5059.13,5101.1099,5046.29,5099.23,-40.1,-0.7864,1.08,181396.0
IXIC,20150605,5057.04,5068.46,5074.98,5025.52,5059.13,9.33,0.1844,0.98,184289.0
IXIC,20150608,5066.6499,5021.63,5069.0,5014.0601,5068.46,-46.83,-0.9239,1.08,171221.0
IXIC,20150609,5013.1299,5013.87,5027.02,4974.6201,5021.63,-7.76,-0.1545,1.04,175434.0
IXIC,20150610,5029.4102,5076.69,5086.6602,5024.1699,5013.87,62.82,1.2529,1.25,179298.0
IXIC,20150611,5088.2598,5082.51,5101.3901,5075.0498,5076.69,5.82,0.1146,0.52,162395.0
IXIC,20150612,5060.2402,5051.1,5067.96,5043.2402,5082.51,-31.41,-0.618,0.49,142890.0
IXIC,20150615,5011.79,5029.97,5035.3701,4985.9399,5051.1,-21.13,-0.4183,0.98,179028.0
IXIC,20150616,5023.5801,5055.55,5063.0601,5022.5601,5029.97,25.58,0.5086,0.81,165482.0
IXIC,20150617,5067.6802,5064.88,5080.1099,5042.25,5055.55,9.33,0.1846,0.75,171282.0
IXIC,20150618,5082.0601,5132.95,5143.3198,5082.0298,5064.88,68.07,1.344,1.21,187792.0
IXIC,20150619,5139.77,5117.0,5140.1699,5113.9399,5132.95,-15.95,-0.3107,0.51,246831.0
IXIC,20150622,5147.8701,5153.97,5162.1299,5142.7798,5117.0,36.97,0.7225,0.38,161997.0
IXIC,20150623,5161.6802,5160.1,5163.4102,5139.3301,5153.97,6.13,0.1189,0.47,161354.0
IXIC,20150624,5151.3799,5122.41,5164.3599,5121.6401,5160.1,-37.69,-0.7304,0.83,162880.0
IXIC,20150625,5139.48,5112.19,5141.71,5102.1602,5122.41,-10.22,-0.1995,0.77,161476.0
IXIC,20150626,5113.2598,5080.51,5121.4702,5060.8198,5112.19,-31.68,-0.6197,1.19,384381.0
IXIC,20150629,5021.21,4958.47,5051.0098,4956.23,5080.51,-122.04,-2.4021,1.87,202558.0
IXIC,20150630,5000.1499,4986.87,5008.7598,4968.2598,4958.47,28.4,0.5728,0.82,203443.0
IXIC,20150701,5029.0498,5013.12,5038.5498,4994.46,4986.87,26.25,0.5264,0.88,181456.0
IXIC,20150702,5024.2998,5009.21,5027.4702,4990.7402,5013.12,-3.91,-0.078,0.73,149081.0
IXIC,20150706,4963.7998,4991.94,5020.71,4960.9302,5009.21,-17.27,-0.3448,1.19,174150.0
IXIC,20150707,4993.7598,4997.46,5001.9902,4902.21,4991.94,5.52,0.1106,2.0,213208.0
IXIC,20150708,4953.98,4909.76,4965.4502,4901.5098,4997.46,-87.7,-1.7549,1.28,193152.0
IXIC,20150709,4976.1499,4922.4,4982.1899,4920.3999,4909.76,12.64,0.2574,1.26,186160.0
IXIC,20150710,4981.2402,4997.7,5008.0498,4966.5098,4922.4,75.3,1.5297,0.84,159023.0
IXIC,20150713,5037.27,5071.51,5074.8101,5036.6802,4997.7,73.81,1.4769,0.76,169414.0
IXIC,20150714,5077.1201,5104.89,5116.52,5075.1201,5071.51,33.38,0.6582,0.82,168266.0
IXIC,20150715,5111.1099,5098.94,5125.3198,5088.1201,5104.89,-5.95,-0.1166,0.73,169135.0
IXIC,20150716,5138.1802,5163.18,5163.1802,5128.5601,5098.94,64.24,1.2599,0.68,182353.0
IXIC,20150717,5196.1099,5210.14,5210.1602,5183.23,5163.18,46.96,0.9095,0.52,185445.0
IXIC,20150720,5223.1802,5218.86,5231.9399,5201.4902,5210.14,8.72,0.1674,0.58,181418.0
IXIC,20150721,5219.2002,5208.12,5229.0,5196.2998,5218.86,-10.74,-0.2058,0.63,177457.0
IXIC,20150722,5146.0298,5171.77,5184.7402,5145.7798,5208.12,-36.35,-0.6979,0.75,203573.0
IXIC,20150723,5180.3301,5146.41,5197.0,5137.6401,5171.77,-25.36,-0.4904,1.15,200331.0
IXIC,20150724,5166.9102,5088.63,5167.54,5084.5098,5146.41,-57.78,-1.1227,1.61,200438.0
IXIC,20150727,5055.9199,5039.78,5072.8799,5032.6899,5088.63,-48.85,-0.96,0.79,194252.0
IXIC,20150728,5063.4399,5089.21,5097.6899,5025.6099,5039.78,49.43,0.9808,1.43,202511.0
IXIC,20150729,5097.8599,5111.73,5117.8398,5080.04,5089.21,22.52,0.4425,0.74,189035.0
IXIC,20150730,5100.2998,5128.79,5135.6499,5070.6201,5111.73,17.06,0.3337,1.27,190848.0
IXIC,20150731,5148.1802,5128.28,5155.02,5122.3701,5128.79,-0.51,-0.0099,0.64,192636.0
IXIC,20150803,5134.3398,5115.38,5143.0801,5082.3198,5128.28,-12.9,-0.2515,1.18,179008.0
IXIC,20150804,5110.96,5105.55,5125.8999,5092.46,5115.38,-9.83,-0.1922,0.65,181970.0
IXIC,20150805,5132.77,5139.94,5175.2598,5131.8599,5105.55,34.39,0.6736,0.85,204149.0
IXIC,20150806,5146.6299,5056.44,5149.9302,5035.4102,5139.94,-83.5,-1.6245,2.23,229095.0
IXIC,20150807,5043.9702,5043.54,5055.5601,5006.1499,5056.44,-12.9,-0.2551,0.98,200836.0
IXIC,20150810,5081.7202,5101.8,5112.4702,5081.1099,5043.54,58.26,1.1551,0.62,178493.0
IXIC,20150811,5069.1602,5036.79,5089.3301,5013.4502,5101.8,-65.01,-1.2743,1.49,191234.0
IXIC,20150812,4994.52,5044.39,5055.75,4945.79,5036.79,7.6,0.1509,2.18,208946.0
IXIC,20150813,5050.9399,5033.56,5071.46,5029.6099,5044.39,-10.83,-0.2147,0.83,163234.0
IXIC,20150814,5025.9199,5048.24,5051.8901,5012.6099,5033.56,14.68,0.2916,0.78,148763.0
IXIC,20150817,5032.3398,5091.7,5092.6899,5022.4199,5048.24,43.46,0.8609,1.39,151079.0
IXIC,20150818,5082.1699,5059.35,5085.1401,5054.9702,5091.7,-32.35,-0.6353,0.59,150154.0
IXIC,20150819,5039.0298,5019.05,5060.9302,4992.8501,5059.35,-40.3,-0.7965,1.35,178542.0
IXIC,20150820,4973.4902,4877.49,4986.5098,4877.49,5019.05,-141.56,-2.8205,2.17,208700.0
IXIC,20150821,4801.04,4706.04,4856.75,4706.04,4877.49,-171.45,-3.5151,3.09,276854.0
IXIC,20150824,4351.6099,4526.25,4694.8999,4292.1401,4706.04,-179.79,-3.8204,8.56,350884.0
IXIC,20150825,4687.27,4506.49,4689.54,4506.1001,4526.25,-19.76,-0.4366,4.05,261280.0
IXIC,20150826,4633.5098,4697.54,4703.9702,4530.0298,4506.49,191.05,4.2394,3.86,263166.0
IXIC,20150827,4761.0498,4812.71,4818.71,4721.79,4697.54,115.17,2.4517,2.06,236888.0
IXIC,20150828,4792.1099,4828.33,4836.7798,4788.3799,4812.71,15.62,0.3246,1.01,193654.0
IXIC,20150831,4798.6802,4776.51,4824.6099,4763.4199,4828.33,-51.82,-1.0732,1.27,183901.0
IXIC,20150901,4673.6099,4636.11,4722.1299,4614.9102,4776.51,-140.4,-2.9394,2.24,225375.0
IXIC,20150902,4704.4199,4749.98,4749.98,4659.4102,4636.11,113.87,2.4562,1.95,192908.0
IXIC,20150903,4763.1001,4733.5,4800.1802,4721.9102,4749.98,-16.48,-0.3469,1.65,180332.0
IXIC,20150904,4670.3501,4683.92,4712.6699,4657.8198,4733.5,-49.58,-1.0474,1.16,157472.0
IXIC,20150908,4769.7202,4811.93,4815.04,4754.8901,4683.92,128.01,2.733,1.28,176560.0
IXIC,20150909,4856.27,4756.53,4862.8799,4746.73,4811.93,-55.4,-1.1513,2.41,196375.0
IXIC,20150910,4749.96,4796.25,4826.3301,4746.52,4756.53,39.72,0.8351,1.68,184577.0
IXIC,20150911,4770.73,4822.34,4822.34,4763.1499,4796.25,26.09,0.544,1.23,168619.0
IXIC,20150914,4831.98,4805.76,4832.0,4791.0801,4822.34,-16.58,-0.3438,0.85,146774.0
IXIC,20150915,4819.3198,4860.52,4872.3501,4802.0898,4805.76,54.76,1.1395,1.46,158746.0
IXIC,20150916,4860.4302,4889.24,4893.4399,4848.1499,4860.52,28.72,0.5909,0.93,166638.0
IXIC,20150917,4884.1099,4893.95,4960.8701,4880.5,4889.24,4.71,0.0963,1.64,189151.0
IXIC,20150918,4828.71,4827.23,4878.71,4819.0898,4893.95,-66.72,-1.3633,1.22,327215.0
IXIC,20150921,4851.98,4828.96,4881.46,4795.9102,4827.23,1.73,0.0358,1.77,202153.0
IXIC,20150922,4762.29,4756.72,4776.2798,4716.9102,4828.96,-72.24,-1.496,1.23,204288.0
IXIC,20150923,4764.6899,4752.74,4780.6401,4735.1299,4756.72,-3.98,-0.0837,0.96,160633.0
IXIC,20150924,4717.8901,4734.48,4746.21,4670.1201,4752.74,-18.26,-0.3842,1.6,199582.0
IXIC,20150925,4782.4102,4686.5,4785.2202,4659.48,4734.48,-47.98,-1.0134,2.66,205053.0
IXIC,20150928,4665.0601,4543.97,4665.21,4529.4102,4686.5,-142.53,-3.0413,2.9,238761.0
IXIC,20150929,4551.04,4517.32,4596.0601,4487.0601,4543.97,-26.65,-0.5865,2.4,229345.0
IXIC,20150930,4574.3799,4620.17,4620.17,4559.1802,4517.32,102.85,2.2768,1.35,239835.0
IXIC,20151001,4624.46,4627.08,4628.23,4559.21,4620.17,6.91,0.1496,1.49,213399.0
IXIC,20151002,4566.1299,4707.78,4707.78,4552.3398,4627.08,80.7,1.7441,3.36,218332.0
IXIC,20151005,4742.1299,4781.26,4785.9102,4740.2402,4707.78,73.48,1.5608,0.97,200532.0
IXIC,20151006,4767.6299,4748.36,4783.3701,4711.79,4781.26,-32.9,-0.6881,1.5,208502.0
IXIC,20151007,4775.0498,4791.15,4791.15,4728.71,4748.36,42.79,0.9012,1.31,214989.0
IXIC,20151008,4775.0601,4810.79,4819.0698,4737.9302,4791.15,19.64,0.4099,1.69,198423.0
IXIC,20151009,4817.2798,4830.47,4841.3799,4804.5898,4810.79,19.68,0.4091,0.76,180426.0
IXIC,20151012,4839.79,4838.64,4846.7402,4818.1699,4830.47,8.17,0.1691,0.59,134382.0
IXIC,20151013,4809.2402,4796.61,4858.2798,4793.9199,4838.64,-42.03,-0.8686,1.33,156506.0
IXIC,20151014,4801.3501,4782.85,4820.0898,4771.6201,4796.61,-13.76,-0.2869,1.01,190246.0
IXIC,20151015,4799.4302,4870.1,4870.1001,4795.29,4782.85,87.25,1.8242,1.56,194290.0
IXIC,20151016,4872.3599,4886.69,4886.9502,4851.2798,4870.1,16.59,0.3407,0.73,185529.0
IXIC,20151019,4873.54,4905.47,4915.4902,4865.8301,4886.69,18.78,0.3843,1.02,161992.0
IXIC,20151020,4900.02,4880.97,4909.3701,4866.6001,4905.47,-24.5,-0.4994,0.87,171170.0
IXIC,20151021,4903.98,4840.12,4904.8501,4836.46,4880.97,-40.85,-0.8369,1.4,189539.0
IXIC,20151022,4875.96,4920.05,4926.9902,4861.7998,4840.12,79.93,1.6514,1.35,215604.0
IXIC,20151023,5024.3799,5031.86,5048.5498,4999.54,4920.05,111.81,2.2725,1.0,217827.0
IXIC,20151026,5030.7998,5034.7,5045.1602,5012.7402,5031.86,2.84,0.0564,0.64,175869.0
IXIC,20151027,5018.9902,5030.15,5040.0801,5009.0698,5034.7,-4.55,-0.0904,0.62,198684.0
IXIC,20151028,5040.3799,5095.69,5095.69,5019.6001,5030.15,65.54,1.3029,1.51,214113.0
IXIC,20151029,5071.04,5074.27,5084.6299,5066.8901,5095.69,-21.42,-0.4204,0.35,192831.0
IXIC,20151030,5079.7598,5053.75,5085.2202,5053.75,5074.27,-20.52,-0.4044,0.62,201639.0
IXIC,20151102,5065.6401,5127.15,5130.5098,5061.4702,5053.75,73.4,1.4524,1.37,188818.0
IXIC,20151103,5114.3101,5145.13,5163.4702,5109.6802,5127.15,17.98,0.3507,1.05,202863.0
IXIC,20151104,5155.6201,5142.48,5162.5698,5122.7798,5145.13,-2.65,-0.0515,0.77,209611.0
IXIC,20151105,5144.1499,5127.74,5154.8599,5098.4902,5142.48,-14.74,-0.2866,1.1,205449.0
IXIC,20151106,5124.04,5147.12,5147.1201,5092.8701,5127.74,19.38,0.3779,1.06,206643.0
IXIC,20151109,5128.9399,5095.3,5133.4399,5066.1001,5147.12,-51.82,-1.0068,1.31,185077.0
IXIC,20151110,5068.5498,5083.24,5086.8799,5051.2202,5095.3,-12.06,-0.2367,0.7,190612.0
IXIC,20151111,5098.1299,5067.02,5111.1899,5066.6802,5083.24,-16.22,-0.3191,0.88,167234.0
IXIC,20151112,5043.1001,5005.08,5062.4902,5004.46,5067.02,-61.94,-1.2224,1.15,182093.0
IXIC,20151113,4980.8599,4927.88,4989.0601,4925.3501,5005.08,-77.2,-1.5424,1.27,200105.0
IXIC,20151116,4916.1401,4984.62,4984.9102,4908.6602,4927.88,56.74,1.1514,1.55,181919.0
IXIC,20151117,4991.71,4986.02,5023.4502,4975.7402,4984.62,1.4,0.0281,0.96,186171.0
IXIC,20151118,5004.6001,5075.2,5078.7998,5001.6699,4986.02,89.18,1.7886,1.55,201739.0
IXIC,20151119,5078.6699,5073.64,5092.46,5067.27,5075.2,-1.56,-0.0307,0.5,179411.0
IXIC,20151120,5096.96,5104.92,5112.46,5094.3198,5073.64,31.28,0.6165,0.36,176663.0
IXIC,20151123,5106.7202,5102.48,5128.0801,5084.8501,5104.92,-2.44,-0.0478,0.85,166828.0
IXIC,20151124,5070.6602,5102.81,5110.75,5050.1401,5102.48,0.33,0.0065,1.19,195692.0
IXIC,20151125,5106.8701,5116.14,5124.0898,5101.1802,5102.81,13.33,0.2612,0.45,153930.0
IXIC,20151127,5121.9302,5127.52,5134.3501,5108.5098,5116.14,11.38,0.2224,0.51,78173.0
IXIC,20151130,5139.5801,5108.67,5141.3599,5098.7002,5127.52,-18.85,-0.3676,0.83,224455.0
IXIC,20151201,5129.6401,5156.31,5156.3101,5120.1699,5108.67,47.64,0.9325,0.71,203557.0
IXIC,20151202,5158.8198,5123.22,5176.77,5117.1499,5156.31,-33.09,-0.6417,1.16,206034.0
IXIC,20151203,5143.1602,5037.53,5144.6001,5011.7202,5123.22,-85.69,-1.6726,2.59,208810.0
IXIC,20151204,5050.9302,5142.27,5147.0,5043.4902,5037.53,104.74,2.0792,2.05,189749.0
IXIC,20151207,5139.46,5101.81,5139.7798,5082.23,5142.27,-40.46,-0.7868,1.12,195269.0
IXIC,20151208,5050.52,5098.24,5111.73,5045.73,5101.81,-3.57,-0.07,1.29,187145.0
IXIC,20151209,5077.21,5022.87,5106.3701,5000.1201,5098.24,-75.37,-1.4784,2.08,200345.0
IXIC,20151210,5026.2998,5045.17,5075.6499,5019.3101,5022.87,22.3,0.444,1.12,174652.0
IXIC,20151211,4979.77,4933.47,4996.1899,4928.6699,5045.17,-111.7,-2.214,1.34,208495.0
IXIC,20151214,4932.6099,4952.23,4953.6001,4871.5898,4933.47,18.76,0.3803,1.66,221606.0
IXIC,20151215,4991.21,4995.36,5026.54,4986.9902,4952.23,43.13,0.8709,0.8,205471.0
IXIC,20151216,5033.48,5071.13,5078.9902,4992.6299,4995.36,75.77,1.5168,1.73,203661.0
IXIC,20151217,5087.1699,5002.55,5088.5801,5002.5498,5071.13,-68.58,-1.3524,1.7,189722.0
IXIC,20151218,4982.5801,4923.08,4996.4902,4921.3301,5002.55,-79.47,-1.5886,1.5,376521.0
IXIC,20151221,4957.5298,4968.92,4968.92,4928.9302,4923.08,45.84,0.9311,0.81,167340.0
IXIC,20151222,4988.6802,5001.11,5007.77,4964.0801,4968.92,32.19,0.6478,0.88,155667.0
IXIC,20151223,5025.5498,5045.93,5046.0898,5020.4399,5001.11,44.82,0.8962,0.51,159149.0
IXIC,20151224,5046.1899,5048.49,5063.2798,5043.6499,5045.93,2.56,0.0507,0.39,70688.0
IXIC,20151228,5032.29,5040.99,5041.27,4999.0698,5048.49,-7.5,-0.1486,0.84,131065.0
IXIC,20151229,5066.52,5107.94,5116.9902,5065.8901,5040.99,66.95,1.3281,1.01,138347.0
IXIC,20151230,5101.1802,5065.85,5102.3501,5065.6802,5107.94,-42.09,-0.824,0.72,124753.0
IXIC,20151231,5047.04,5007.41,5058.0601,5007.0098,5065.85,-58.44,-1.1536,1.01,143748.0
IXIC,20160104,4897.6499,4903.09,4903.09,4846.98,5007.41,-104.32,-2.0833,1.12,221842.0
IXIC,20160105,4917.8398,4891.43,4926.73,4872.7402,4903.09,-11.66,-0.2378,1.1,192738.0
IXIC,20160106,4813.7598,4835.77,4866.04,4804.6899,4891.43,-55.66,-1.1379,1.25,216862.0
IXIC,20160107,4736.3999,4689.43,4788.02,4688.1699,4835.77,-146.34,-3.0262,2.06,255259.0
IXIC,20160108,4722.02,4643.63,4742.5698,4637.8501,4689.43,-45.8,-0.9767,2.23,228875.0
IXIC,20160111,4673.4399,4637.99,4683.02,4573.7798,4643.63,-5.64,-0.1215,2.35,239111.0
IXIC,20160112,4681.54,4685.92,4714.7998,4618.0298,4637.99,47.93,1.0334,2.09,214747.0
IXIC,20160113,4706.02,4526.06,4713.98,4517.5601,4685.92,-159.86,-3.4115,4.19,253320.0
IXIC,20160114,4545.3701,4615.0,4650.5498,4470.5898,4526.06,88.94,1.9651,3.98,256556.0
IXIC,20160115,4464.3701,4488.42,4520.4502,4419.4102,4615.0,-126.58,-2.7428,2.19,281863.0
IXIC,20160119,4548.0498,4476.95,4550.5698,4430.77,4488.42,-11.47,-0.2555,2.67,239455.0
IXIC,20160120,4405.2202,4471.69,4514.9199,4313.3901,4476.95,-5.26,-0.1175,4.5,320413.0
IXIC,20160121,4480.7002,4472.06,4537.1499,4432.02,4471.69,0.37,0.0083,2.35,244775.0
IXIC,20160122,4557.3901,4591.18,4591.1802,4540.27,4472.06,119.12,2.6636,1.14,215334.0
IXIC,20160125,4574.5898,4518.49,4590.4399,4514.7798,4591.18,-72.69,-1.5833,1.65,202888.0
IXIC,20160126,4537.04,4567.67,4583.21,4503.5298,4518.49,49.18,1.0884,1.76,198118.0
IXIC,20160127,4548.8701,4468.17,4568.8501,4450.8301,4567.67,-99.5,-2.1784,2.58,211571.0
IXIC,20160128,4533.8101,4506.68,4533.8101,4447.5,4468.17,38.51,0.8619,1.93,232231.0
IXIC,20160129,4512.0898,4613.95,4613.9502,4511.2998,4506.68,107.27,2.3802,2.28,261755.0
IXIC,20160201,4587.5898,4620.37,4636.9302,4565.3701,4613.95,6.42,0.1391,1.55,198334.0
IXIC,20160202,4588.6899,4516.95,4589.8999,4503.1201,4620.37,-103.42,-2.2383,1.88,218518.0
IXIC,20160203,4543.8198,4504.24,4547.3198,4424.4702,4516.95,-12.71,-0.2814,2.72,246619.0
IXIC,20160204,4492.48,4509.56,4545.52,4463.9902,4504.24,5.32,0.1181,1.81,220093.0
IXIC,20160205,4491.48,4363.14,4493.1899,4350.3701,4509.56,-146.42,-3.2469,3.17,248928.0
IXIC,20160208,4288.02,4283.75,4301.5298,4212.8101,4363.14,-79.39,-1.8196,2.03,270207.0
IXIC,20160209,4224.8701,4268.76,4329.6099,4222.48,4283.75,-14.99,-0.3499,2.5,246579.0
IXIC,20160210,4318.2798,4283.59,4369.6201,4280.73,4268.76,14.83,0.3474,2.08,244838.0
IXIC,20160211,4218.8101,4266.84,4293.2202,4209.7598,4283.59,-16.75,-0.391,1.95,281233.0
IXIC,20160212,4307.29,4337.51,4340.1299,4274.1499,4266.84,70.67,1.6563,1.55,198319.0
IXIC,20160216,4397.9502,4435.96,4435.96,4376.52,4337.51,98.45,2.2697,1.37,211792.0
IXIC,20160217,4471.6602,4534.06,4540.7798,4463.5098,4435.96,98.1,2.2115,1.74,229644.0
IXIC,20160218,4548.1001,4487.54,4548.4702,4482.77,4534.06,-46.52,-1.026,1.45,195587.0
IXIC,20160219,4464.6699,4504.43,4513.1499,4455.1001,4487.54,16.89,0.3764,1.29,190377.0
IXIC,20160222,4548.3101,4570.61,4576.4702,4546.5498,4504.43,66.18,1.4692,0.66,179402.0
IXIC,20160223,4550.0498,4503.58,4558.0601,4500.9399,4570.61,-67.03,-1.4665,1.25,177775.0
IXIC,20160224,4453.9302,4542.61,4547.6401,4425.7202,4503.58,39.03,0.8666,2.71,197818.0
IXIC,20160225,4554.73,4582.21,4582.21,4516.8901,4542.61,39.6,0.8717,1.44,166784.0
IXIC,20160226,4615.1401,4590.47,4618.8501,4580.7798,4582.21,8.26,0.1803,0.83,181492.0
IXIC,20160229,4585.2998,4557.95,4619.8999,4557.46,4590.47,-32.52,-0.7084,1.36,206526.0
IXIC,20160301,4596.0098,4689.6,4689.6001,4581.75,4557.95,131.65,2.8884,2.37,208015.0
IXIC,20160302,4683.7998,4703.42,4703.5801,4665.9302,4689.6,13.82,0.2947,0.8,191251.0
IXIC,20160303,4698.3799,4707.42,4707.7202,4674.46,4703.42,4.0,0.085,0.71,193629.0
IXIC,20160304,4715.7598,4717.02,4746.6499,4687.9399,4707.42,9.6,0.2039,1.25,217123.0
IXIC,20160307,4690.8799,4708.25,4731.1899,4674.8198,4717.02,-8.77,-0.1859,1.2,208439.0
IXIC,20160308,4676.2202,4648.83,4695.04,4642.8599,4708.25,-59.42,-1.262,1.11,199306.0
IXIC,20160309,4666.4199,4674.38,4676.4702,4642.4199,4648.83,25.55,0.5496,0.73,178955.0
IXIC,20160310,4691.2002,4662.16,4716.1401,4607.9902,4674.38,-12.22,-0.2614,2.31,193647.0
IXIC,20160311,4712.3799,4748.47,4748.79,4700.9102,4662.16,86.31,1.8513,1.03,180179.0
IXIC,20160314,4733.3901,4750.28,4762.27,4731.5098,4748.47,1.81,0.0381,0.65,161510.0
IXIC,20160315,4731.1401,4728.67,4735.27,4712.0698,4750.28,-21.61,-0.4549,0.49,169242.0
IXIC,20160316,4717.8799,4763.97,4774.7798,4716.4502,4728.67,35.3,0.7465,1.23,178106.0
IXIC,20160317,4752.6201,4774.99,4788.0898,4737.9702,4763.97,11.02,0.2313,1.05,190719.0
IXIC,20160318,4784.6299,4795.65,4804.5801,4772.4102,4774.99,20.66,0.4327,0.67,282904.0
IXIC,20160321,4787.3101,4808.87,4814.8501,4785.3799,4795.65,13.22,0.2757,0.61,160923.0
IXIC,20160322,4783.6001,4821.66,4835.6001,4781.71,4808.87,12.79,0.266,1.12,159620.0
IXIC,20160323,4813.8701,4768.86,4816.6699,4765.3701,4821.66,-52.8,-1.0951,1.06,173263.0
IXIC,20160324,4743.3599,4773.51,4773.51,4734.77,4768.86,4.65,0.0975,0.81,159099.0
IXIC,20160328,4785.25,4766.79,4787.3901,4760.0098,4773.51,-6.72,-0.1408,0.57,138100.0
IXIC,20160329,4756.5498,4846.62,4849.3101,4749.7798,4766.79,79.83,1.6747,2.09,180649.0
IXIC,20160330,4875.46,4869.3,4899.1401,4859.3501,4846.62,22.68,0.468,0.82,171782.0
IXIC,20160331,4869.5698,4869.85,4891.2998,4864.4102,4869.3,0.55,0.0113,0.55,177427.0
IXIC,20160401,4842.5498,4914.54,4917.0898,4832.0601,4869.85,44.69,0.9177,1.75,181225.0
IXIC,20160404,4911.21,4891.8,4917.75,4885.1699,4914.54,-22.74,-0.4627,0.66,170573.0
IXIC,20160405,4855.8999,4843.93,4872.7002,4838.6201,4891.8,-47.87,-0.9786,0.7,172601.0
IXIC,20160406,4849.5801,4920.72,4921.5098,4849.2798,4843.93,76.79,1.5853,1.49,176177.0
IXIC,20160407,4893.5698,4848.37,4901.4902,4831.4902,4920.72,-72.35,-1.4703,1.42,190894.0
IXIC,20160408,4883.9902,4850.69,4892.6001,4835.3599,4848.37,2.32,0.0479,1.18,158883.0
IXIC,20160411,4873.3901,4833.4,4897.5498,4833.3999,4850.69,-17.29,-0.3564,1.32,154554.0
IXIC,20160412,4838.8198,4872.09,4879.6001,4808.9102,4833.4,38.69,0.8005,1.46,175928.0
IXIC,20160413,4904.79,4947.42,4951.9102,4903.6001,4872.09,75.33,1.5462,0.99,193645.0
IXIC,20160414,4947.6201,4945.89,4961.2998,4931.8101,4947.42,-1.53,-0.0309,0.6,164581.0
IXIC,20160415,4938.8301,4938.22,4950.4302,4925.46,4945.89,-7.67,-0.1551,0.5,168479.0
IXIC,20160418,4919.3599,4960.02,4960.79,4915.6299,4938.22,21.8,0.4415,0.91,167226.0
IXIC,20160419,4968.2998,4940.33,4968.6699,4915.52,4960.02,-19.69,-0.397,1.07,182425.0
IXIC,20160420,4941.9902,4948.13,4969.3198,4928.29,4940.33,7.8,0.1579,0.83,178134.0
IXIC,20160421,4949.1201,4945.89,4966.6099,4932.6401,4948.13,-2.24,-0.0453,0.69,175819.0
IXIC,20160422,4898.2402,4906.23,4921.6602,4872.02,4945.89,-39.66,-0.8019,1.0,201893.0
IXIC,20160425,4891.48,4895.79,4904.8701,4878.3701,4906.23,-10.44,-0.2128,0.54,158227.0
IXIC,20160426,4903.8101,4888.28,4915.0,4875.4199,4895.79,-7.51,-0.1534,0.81,182502.0
IXIC,20160427,4855.3799,4863.14,4872.9102,4826.3799,4888.28,-25.14,-0.5143,0.95,193878.0
IXIC,20160428,4857.6001,4805.29,4889.1602,4796.3198,4863.14,-57.85,-1.1896,1.91,216140.0
IXIC,20160429,4805.79,4775.36,4807.8901,4740.8398,4805.29,-29.93,-0.6229,1.4,237646.0
IXIC,20160502,4786.5498,4817.59,4821.5698,4768.2798,4775.36,42.23,0.8843,1.12,188046.0
IXIC,20160503,4780.8799,4763.22,4791.4302,4749.71,4817.59,-54.37,-1.1286,0.87,198434.0
IXIC,20160504,4735.2798,4725.64,4751.6401,4713.9102,4763.22,-37.58,-0.789,0.79,195080.0
IXIC,20160505,4742.4199,4717.09,4744.5498,4709.75,4725.64,-8.55,-0.1809,0.74,188835.0
IXIC,20160506,4695.8999,4736.16,4736.1602,4684.2798,4717.09,19.07,0.4043,1.1,186080.0
IXIC,20160509,4736.3501,4750.21,4771.9399,4735.0601,4736.16,14.05,0.2967,0.78,162510.0
IXIC,20160510,4768.9102,4809.88,4811.2998,4758.2002,4750.21,59.67,1.2562,1.12,176012.0
IXIC,20160511,4799.2998,4760.69,4812.1899,4760.3599,4809.88,-49.19,-1.0227,1.08,185911.0
IXIC,20160512,4778.1899,4737.33,4779.46,4710.1699,4760.69,-23.36,-0.4907,1.46,193045.0
IXIC,20160513,4731.0698,4717.68,4759.29,4708.2598,4737.33,-19.65,-0.4148,1.08,169803.0
IXIC,20160516,4728.8599,4775.46,4791.25,4724.73,4717.68,57.78,1.2248,1.41,174151.0
IXIC,20160517,4768.8501,4715.73,4776.1499,4703.3901,4775.46,-59.73,-1.2508,1.52,192523.0
IXIC,20160518,4705.7798,4739.12,4762.2798,4704.4902,4715.73,23.39,0.496,1.23,193410.0
IXIC,20160519,4717.3599,4712.53,4735.27,4678.3799,4739.12,-26.59,-0.5611,1.2,180589.0
IXIC,20160520,4729.4399,4769.56,4781.7002,4729.0,4712.53,57.03,1.2102,1.12,197052.0
IXIC,20160523,4771.5698,4765.78,4792.6401,4763.9102,4769.56,-3.78,-0.0793,0.6,186511.0
IXIC,20160524,4792.8501,4861.06,4865.9902,4792.6299,4765.78,95.28,1.9993,1.54,194228.0
IXIC,20160525,4877.1802,4894.89,4905.4502,4872.4199,4861.06,33.83,0.6959,0.68,178442.0
IXIC,20160526,4897.7798,4901.77,4909.3799,4887.27,4894.89,6.88,0.1406,0.45,160625.0
IXIC,20160527,4904.0498,4933.51,4933.51,4902.5,4901.77,31.74,0.6475,0.63,150502.0
IXIC,20160531,4938.48,4948.06,4951.4502,4923.0298,4933.51,14.55,0.2949,0.58,228535.0
IXIC,20160601,4928.9702,4952.25,4958.98,4923.2002,4948.06,4.19,0.0847,0.72,179709.0
IXIC,20160602,4941.25,4971.36,4971.36,4924.23,4952.25,19.11,0.3859,0.95,172905.0
IXIC,20160603,4958.1001,4942.52,4958.6499,4909.21,4971.36,-28.84,-0.5801,0.99,169784.0
IXIC,20160606,4950.46,4968.71,4980.1401,4944.8701,4942.52,26.19,0.5299,0.71,166384.0
IXIC,20160607,4972.1299,4961.75,4979.3799,4960.2798,4968.71,-6.96,-0.1401,0.38,174776.0
IXIC,20160608,4970.0098,4974.64,4979.6602,4956.79,4961.75,12.89,0.2598,0.46,169264.0
IXIC,20160609,4954.1499,4958.62,4965.4902,4940.5498,4974.64,-16.02,-0.322,0.5,163234.0
IXIC,20160610,4915.1499,4894.55,4917.9199,4880.6099,4958.62,-64.07,-1.2921,0.75,182220.0
IXIC,20160613,4868.5098,4848.44,4894.8501,4844.9399,4894.55,-46.11,-0.9421,1.02,188830.0
IXIC,20160614,4836.6699,4843.55,4863.0098,4811.9302,4848.44,-4.89,-0.1009,1.05,191971.0
IXIC,20160615,4855.0801,4834.93,4868.1602,4830.3301,4843.55,-8.62,-0.178,0.78,180220.0
IXIC,20160616,4809.6899,4844.92,4847.8599,4778.7798,4834.93,9.99,0.2066,1.43,185177.0
IXIC,20160617,4835.02,4800.34,4835.02,4792.3398,4844.92,-44.58,-0.9201,0.88,263822.0
IXIC,20160620,4856.6899,4837.21,4882.1499,4834.5098,4800.34,36.87,0.7681,0.99,177956.0
IXIC,20160621,4845.0801,4843.76,4852.1899,4826.5898,4837.21,6.55,0.1354,0.53,169808.0
IXIC,20160622,4846.6802,4833.32,4875.9302,4830.0,4843.76,-10.44,-0.2155,0.95,168222.0
IXIC,20160623,4872.1899,4910.04,4910.04,4859.3999,4833.32,76.72,1.5873,1.05,173857.0
IXIC,20160624,4715.79,4707.98,4798.2202,4698.4199,4910.04,-202.06,-4.1152,2.03,441104.0
IXIC,20160627,4664.4302,4594.44,4665.04,4574.25,4707.98,-113.54,-2.4117,1.93,265965.0
IXIC,20160628,4643.9302,4691.87,4692.98,4643.9302,4594.44,97.43,2.1206,1.07,207409.0
IXIC,20160629,4732.9302,4779.25,4787.5898,4732.3398,4691.87,87.38,1.8624,1.18,211655.0
IXIC,20160630,4793.75,4842.67,4843.1099,4774.52,4779.25,63.42,1.327,1.44,217118.0
IXIC,20160701,4837.1802,4862.57,4880.1699,4837.1699,4842.67,19.9,0.4109,0.89,174513.0
IXIC,20160705,4837.0601,4822.9,4839.1299,4797.29,4862.57,-39.67,-0.8158,0.86,169034.0
IXIC,20160706,4799.3198,4859.16,4861.0498,4786.0098,4822.9,36.26,0.7518,1.56,187609.0
IXIC,20160707,4867.4702,4876.81,4889.0098,4853.6802,4859.16,17.65,0.3632,0.73,167277.0
IXIC,20160708,4906.6602,4956.76,4959.0,4901.27,4876.81,79.95,1.6394,1.18,194726.0
IXIC,20160711,4976.54,4988.64,5002.5,4976.54,4956.76,31.88,0.6432,0.52,171845.0
IXIC,20160712,5017.9902,5022.82,5032.1001,5009.6802,4988.64,34.18,0.6852,0.45,186628.0
IXIC,20160713,5036.3198,5005.73,5036.3799,5002.8198,5022.82,-17.09,-0.3402,0.67,165082.0
IXIC,20160714,5041.9502,5034.06,5045.1802,5025.1499,5005.73,28.33,0.566,0.4,164117.0
IXIC,20160715,5041.1899,5029.59,5044.8101,5018.52,5034.06,-4.47,-0.0888,0.52,161030.0
IXIC,20160718,5034.9902,5055.78,5063.5298,5030.1299,5029.59,26.19,0.5207,0.66,158557.0
IXIC,20160719,5038.2202,5036.37,5052.2402,5028.2402,5055.78,-19.41,-0.3839,0.47,169474.0
IXIC,20160720,5061.6001,5089.93,5098.25,5053.9199,5036.37,53.56,1.0635,0.88,187733.0
IXIC,20160721,5093.9702,5073.9,5102.7798,5061.1099,5089.93,-16.03,-0.3149,0.82,188031.0
IXIC,20160722,5078.1201,5100.16,5103.52,5064.1099,5073.9,26.26,0.5176,0.78,163900.0
IXIC,20160725,5096.9902,5097.63,5100.7202,5082.6602,5100.16,-2.53,-0.0496,0.35,177062.0
IXIC,20160726,5095.6099,5110.05,5122.2998,5084.1802,5097.63,12.42,0.2436,0.75,203806.0
IXIC,20160727,5143.8398,5139.81,5151.0601,5120.6602,5110.05,29.76,0.5824,0.59,212225.0
IXIC,20160728,5144.8198,5154.98,5160.1602,5130.75,5139.81,15.17,0.2951,0.57,195091.0
IXIC,20160729,5162.1499,5162.13,5175.8101,5140.0498,5154.98,7.15,0.1387,0.69,207264.0
IXIC,20160801,5167.4199,5184.2,5199.1299,5158.9302,5162.13,22.07,0.4275,0.78,186659.0
IXIC,20160802,5177.5298,5137.73,5181.02,5109.7998,5184.2,-46.47,-0.8964,1.37,214201.0
IXIC,20160803,5133.2402,5159.74,5159.7402,5128.4399,5137.73,22.01,0.4284,0.61,190947.0
IXIC,20160804,5158.02,5166.25,5174.0,5145.3901,5159.74,6.51,0.1262,0.55,193000.0
IXIC,20160805,5190.71,5221.12,5227.23,5186.25,5166.25,54.87,1.0621,0.79,201772.0
IXIC,20160808,5223.54,5213.14,5228.3999,5202.1802,5221.12,-7.98,-0.1528,0.5,162445.0
IXIC,20160809,5216.21,5225.48,5238.54,5214.9502,5213.14,12.34,0.2367,0.45,166432.0
IXIC,20160810,5227.9502,5204.58,5227.96,5193.7998,5225.48,-20.9,-0.4,0.65,165124.0
IXIC,20160811,5222.1499,5228.4,5235.29,5211.25,5204.58,23.82,0.4577,0.46,151167.0
IXIC,20160812,5219.6602,5232.9,5233.3398,5215.5498,5228.4,4.5,0.0861,0.34,150162.0
IXIC,20160815,5242.1802,5262.02,5271.3599,5241.1401,5232.9,29.12,0.5565,0.58,153317.0
IXIC,20160816,5247.96,5227.11,5248.2598,5226.7798,5262.02,-34.91,-0.6634,0.41,169839.0
IXIC,20160817,5228.4399,5228.66,5230.0898,5197.23,5227.11,1.55,0.0297,0.63,174789.0
IXIC,20160818,5226.4502,5240.15,5243.1699,5221.8398,5228.66,11.49,0.2198,0.41,165908.0
IXIC,20160819,5229.8701,5238.38,5245.8101,5217.6499,5240.15,-1.77,-0.0338,0.54,163274.0
IXIC,20160822,5231.46,5244.6,5252.1299,5224.6299,5238.38,6.22,0.1187,0.52,156021.0
IXIC,20160823,5265.7798,5260.08,5275.7402,5257.8999,5244.6,15.48,0.2952,0.34,154705.0
IXIC,20160824,5254.4199,5217.7,5262.9902,5205.6401,5260.08,-42.38,-0.8057,1.09,171478.0
IXIC,20160825,5207.6099,5212.2,5230.5898,5201.6401,5217.7,-5.5,-0.1054,0.55,151189.0
IXIC,20160826,5219.0498,5218.92,5253.3901,5191.8599,5212.2,6.72,0.1289,1.18,159106.0
IXIC,20160829,5223.7998,5232.33,5245.1201,5222.3398,5218.92,13.41,0.257,0.44,141664.0
IXIC,20160830,5229.8799,5222.99,5241.6201,5205.6099,5232.33,-9.34,-0.1785,0.69,156102.0
IXIC,20160831,5216.4199,5213.22,5219.8901,5191.1802,5222.99,-9.77,-0.1871,0.55,176177.0
IXIC,20160901,5218.2798,5227.21,5229.9399,5189.3599,5213.22,13.99,0.2684,0.78,159252.0
IXIC,20160902,5249.6602,5249.9,5263.3901,5231.02,5227.21,22.69,0.4341,0.62,147420.0
IXIC,20160906,5260.0,5275.91,5275.9102,5244.0,5249.9,26.01,0.4954,0.61,177794.0
IXIC,20160907,5274.23,5283.93,5287.6099,5261.9199,5275.91,8.02,0.152,0.49,187846.0
IXIC,20160908,5269.96,5259.48,5271.0098,5248.4102,5283.93,-24.45,-0.4627,0.43,183979.0
IXIC,20160909,5217.9502,5125.91,5225.9302,5125.91,5259.48,-133.57,-2.5396,1.9,220869.0
IXIC,20160912,5098.0298,5211.89,5217.8799,5097.7998,5125.91,85.98,1.6774,2.34,200761.0
IXIC,20160913,5181.1401,5155.26,5195.0298,5131.27,5211.89,-56.63,-1.0866,1.22,207146.0
IXIC,20160914,5160.21,5173.77,5201.3398,5159.5498,5155.26,18.51,0.3591,0.81,190268.0
IXIC,20160915,5178.1001,5249.69,5254.7798,5176.25,5173.77,75.92,1.4674,1.52,195094.0
IXIC,20160916,5238.71,5244.57,5248.6001,5218.9702,5249.69,-5.12,-0.0975,0.56,301386.0
IXIC,20160919,5263.5498,5235.03,5281.0698,5222.9102,5244.57,-9.54,-0.1819,1.11,179265.0
IXIC,20160920,5256.1899,5241.35,5265.1802,5235.4199,5235.03,6.32,0.1207,0.57,169753.0
IXIC,20160921,5263.6499,5295.18,5299.3999,5233.9399,5241.35,53.83,1.027,1.25,200189.0
IXIC,20160922,5323.2598,5339.52,5342.8799,5320.9302,5295.18,44.34,0.8374,0.41,191455.0
IXIC,20160923,5327.4302,5305.75,5329.71,5301.6299,5339.52,-33.77,-0.6325,0.53,176270.0
IXIC,20160926,5275.73,5257.49,5282.27,5254.96,5305.75,-48.26,-0.9096,0.51,167219.0
IXIC,20160927,5254.1802,5305.71,5306.8101,5251.3198,5257.49,48.22,0.9172,1.06,175470.0
IXIC,20160928,5312.73,5318.55,5320.6201,5284.8398,5305.71,12.84,0.242,0.67,178824.0
IXIC,20160929,5311.3101,5269.15,5317.0,5254.52,5318.55,-49.4,-0.9288,1.17,194615.0
IXIC,20160930,5288.8701,5312.0,5325.8799,5277.8799,5269.15,42.85,0.8132,0.91,206326.0
IXIC,20161003,5300.29,5300.87,5308.6001,5281.9502,5312.0,-11.13,-0.2095,0.5,160646.0
IXIC,20161004,5313.4902,5289.66,5323.6001,5271.7002,5300.87,-11.21,-0.2115,0.98,171181.0
IXIC,20161005,5305.2798,5316.02,5330.8101,5304.0601,5289.66,26.36,0.4983,0.51,175564.0
IXIC,20161006,5306.5898,5306.85,5315.73,5281.4702,5316.02,-9.17,-0.1725,0.64,165548.0
IXIC,20161007,5314.9199,5292.41,5315.6499,5266.7998,5306.85,-14.44,-0.2721,0.92,164733.0
IXIC,20161010,5318.46,5328.67,5340.52,5317.73,5292.41,36.26,0.6851,0.43,136560.0
IXIC,20161011,5321.8198,5246.79,5321.8198,5227.4302,5328.67,-81.88,-1.5366,1.77,182298.0
IXIC,20161012,5247.9102,5239.02,5257.1802,5228.77,5246.79,-7.77,-0.1481,0.54,156793.0
IXIC,20161013,5200.2998,5213.33,5228.2598,5169.7598,5239.02,-25.69,-0.4904,1.12,173772.0
IXIC,20161014,5241.2598,5214.16,5258.8799,5213.3701,5213.33,0.83,0.0159,0.87,159361.0
IXIC,20161017,5213.6899,5199.82,5219.98,5196.0298,5214.16,-14.34,-0.275,0.46,142706.0
IXIC,20161018,5255.3198,5243.84,5264.27,5239.4399,5199.82,44.02,0.8466,0.48,147697.0
IXIC,20161019,5240.3301,5246.41,5253.8301,5234.25,5243.84,2.57,0.049,0.37,154891.0
IXIC,20161020,5238.2002,5241.83,5252.1001,5216.0498,5246.41,-4.58,-0.0873,0.69,174527.0
IXIC,20161021,5238.6499,5257.4,5259.1299,5225.7598,5241.83,15.57,0.297,0.64,165149.0
IXIC,20161024,5290.3101,5309.83,5311.5,5289.23,5257.4,52.43,0.9973,0.42,153337.0
IXIC,20161025,5306.4702,5283.4,5310.27,5278.5698,5309.83,-26.43,-0.4978,0.6,158083.0
IXIC,20161026,5256.3999,5250.27,5280.8501,5237.0498,5283.4,-33.13,-0.6271,0.83,173230.0
IXIC,20161027,5272.1899,5215.98,5274.1201,5211.75,5250.27,-34.29,-0.6531,1.19,192682.0
IXIC,20161028,5203.7002,5190.1,5232.3501,5178.7598,5215.98,-25.88,-0.4962,1.03,191181.0
IXIC,20161031,5205.0898,5189.14,5206.71,5186.5601,5190.1,-0.96,-0.0185,0.39,170906.0
IXIC,20161101,5199.77,5153.58,5201.1299,5112.3198,5189.14,-35.56,-0.6853,1.71,188092.0
IXIC,20161102,5147.2798,5105.57,5156.7002,5097.5601,5153.58,-48.01,-0.9316,1.15,212499.0
IXIC,20161103,5104.7002,5058.41,5115.0601,5053.52,5105.57,-47.16,-0.9237,1.21,211373.0
IXIC,20161104,5034.4102,5046.37,5087.5098,5034.4102,5058.41,-12.04,-0.238,1.05,202013.0
IXIC,20161107,5128.9902,5166.17,5169.4102,5122.77,5046.37,119.8,2.374,0.92,191662.0
IXIC,20161108,5154.9902,5193.49,5214.1699,5145.2998,5166.17,27.32,0.5288,1.33,173944.0
IXIC,20161109,5143.8599,5251.07,5258.9902,5143.8599,5193.49,57.58,1.1087,2.22,282757.0
IXIC,20161110,5283.48,5208.8,5302.6802,5145.3198,5251.07,-42.27,-0.805,3.0,298676.0
IXIC,20161111,5191.8198,5237.11,5241.0801,5179.6401,5208.8,28.31,0.5435,1.18,229008.0
IXIC,20161114,5246.3301,5218.4,5247.1699,5192.0498,5237.11,-18.71,-0.3573,1.05,237190.0
IXIC,20161115,5241.3501,5275.62,5287.0601,5236.25,5218.4,57.22,1.0965,0.97,215918.0
IXIC,20161116,5253.7402,5294.58,5299.6299,5251.8799,5275.62,18.96,0.3594,0.91,206613.0
IXIC,20161117,5295.0698,5333.97,5334.0498,5288.1602,5294.58,39.39,0.744,0.87,208471.0
IXIC,20161118,5340.9702,5321.51,5346.7998,5315.5298,5333.97,-12.46,-0.2336,0.59,186577.0
IXIC,20161121,5336.7798,5368.86,5369.8301,5334.1602,5321.51,47.35,0.8898,0.67,174817.0
IXIC,20161122,5384.75,5386.35,5392.2598,5365.6001,5368.86,17.49,0.3258,0.5,189041.0
IXIC,20161123,5366.5498,5380.69,5380.69,5350.6802,5386.35,-5.66,-0.1051,0.56,161770.0
IXIC,20161125,5388.4902,5398.92,5398.92,5379.2798,5380.69,18.23,0.3388,0.37,76808.0
IXIC,20161128,5387.9199,5368.81,5396.27,5364.9102,5398.92,-30.11,-0.5577,0.58,163015.0
IXIC,20161129,5370.98,5379.92,5403.8599,5360.5601,5368.81,11.11,0.2069,0.81,179176.0
IXIC,20161130,5391.3501,5323.68,5393.1499,5323.68,5379.92,-56.24,-1.0454,1.29,205606.0
IXIC,20161201,5323.8799,5251.11,5326.3398,5238.21,5323.68,-72.57,-1.3632,1.66,226979.0
IXIC,20161202,5249.02,5255.65,5274.54,5239.27,5251.11,4.54,0.0865,0.67,185103.0
IXIC,20161205,5283.5801,5308.89,5321.0898,5269.5698,5255.65,53.24,1.013,0.98,180057.0
IXIC,20161206,5317.7402,5333.0,5333.9902,5299.9399,5308.89,24.11,0.4541,0.64,197748.0
IXIC,20161207,5322.6699,5393.76,5397.9302,5307.3101,5333.0,60.76,1.1393,1.7,212537.0
IXIC,20161208,5394.1499,5417.36,5425.52,5389.1001,5393.76,23.6,0.4375,0.68,223658.0
IXIC,20161209,5436.1099,5444.5,5450.1602,5427.1201,5417.36,27.14,0.501,0.43,204234.0
IXIC,20161212,5428.2202,5412.54,5434.8999,5394.4199,5444.5,-31.96,-0.587,0.74,193184.0
IXIC,20161213,5433.5698,5463.83,5486.75,5430.7202,5412.54,51.29,0.9476,1.04,209486.0
IXIC,20161214,5465.6899,5436.67,5476.25,5425.73,5463.83,-27.16,-0.4971,0.92,197657.0
IXIC,20161215,5443.5098,5456.85,5485.1201,5439.3901,5436.67,20.18,0.3712,0.84,210132.0
IXIC,20161216,5467.8198,5437.16,5474.5801,5426.0098,5456.85,-19.69,-0.3608,0.89,328148.0
IXIC,20161219,5441.2002,5457.44,5483.4199,5436.54,5437.16,20.28,0.373,0.86,168868.0
IXIC,20161220,5473.5298,5483.94,5489.4702,5471.71,5457.44,26.5,0.4856,0.33,167963.0
IXIC,20161221,5482.6299,5471.43,5486.2598,5465.3101,5483.94,-12.51,-0.2281,0.38,149685.0
IXIC,20161222,5472.0098,5447.42,5472.0098,5432.77,5471.43,-24.01,-0.4388,0.72,158547.0
IXIC,20161223,5441.7598,5462.69,5462.69,5441.7598,5447.42,15.27,0.2803,0.38,114490.0
IXIC,20161227,5470.7598,5487.44,5512.3701,5469.6099,5462.69,24.75,0.4531,0.78,121905.0
IXIC,20161228,5497.4399,5438.56,5498.9102,5434.7002,5487.44,-48.88,-0.8908,1.17,132666.0
IXIC,20161229,5437.5098,5432.09,5450.6299,5415.1802,5438.56,-6.47,-0.119,0.65,126635.0
IXIC,20161230,5440.1699,5383.12,5441.8999,5371.8901,5432.09,-48.97,-0.9015,1.29,155169.0
IXIC,20170103,5425.6201,5429.08,5452.5698,5397.9902,5383.12,45.96,0.8538,1.01,188767.0
IXIC,20170104,5440.9102,5477.01,5482.3501,5440.2402,5429.08,47.93,0.8828,0.78,188549.0
IXIC,20170105,5474.3901,5487.94,5495.8501,5464.3599,5477.01,10.93,0.1996,0.57,179917.0
IXIC,20170106,5499.0801,5521.06,5536.52,5482.8101,5487.94,33.12,0.6035,0.98,171187.0
IXIC,20170109,5527.5801,5531.82,5541.0801,5517.1401,5521.06,10.76,0.1949,0.43,188774.0
IXIC,20170110,5536.54,5551.82,5564.25,5528.1099,5531.82,20.0,0.3615,0.65,179861.0
IXIC,20170111,5550.7202,5563.65,5564.0801,5524.0298,5551.82,11.83,0.2131,0.72,196083.0
IXIC,20170112,5542.5601,5547.49,5550.6699,5496.8198,5563.65,-16.16,-0.2905,0.97,180584.0
IXIC,20170113,5557.5698,5574.12,5584.2598,5557.2002,5547.49,26.63,0.48,0.49,161126.0
IXIC,20170117,5555.1602,5538.73,5557.0498,5527.2202,5574.12,-35.39,-0.6349,0.54,175944.0
IXIC,20170118,5546.9399,5555.65,5555.98,5534.77,5538.73,16.92,0.3055,0.38,168626.0
IXIC,20170119,5560.6099,5540.08,5571.5298,5528.3701,5555.65,-15.57,-0.2803,0.78,180990.0
IXIC,20170120,5556.8701,5555.33,5574.3501,5542.23,5540.08,15.25,0.2753,0.58,175034.0
IXIC,20170123,5546.6401,5552.94,5564.1401,5522.6899,5555.33,-2.39,-0.043,0.75,165237.0
IXIC,20170124,5568.27,5600.96,5606.5298,5558.4902,5552.94,48.02,0.8648,0.87,180856.0
IXIC,20170125,5635.8599,5656.34,5658.5898,5634.3301,5600.96,55.38,0.9888,0.43,196404.0
IXIC,20170126,5666.2798,5655.18,5669.6099,5647.6499,5656.34,-1.16,-0.0205,0.39,183702.0
IXIC,20170127,5664.8799,5660.78,5667.4502,5643.8999,5655.18,5.6,0.099,0.42,166919.0
IXIC,20170130,5635.8599,5613.71,5636.0898,5578.7598,5660.78,-47.07,-0.8315,1.01,178238.0
IXIC,20170131,5592.8701,5614.79,5615.1499,5576.0898,5613.71,1.08,0.0192,0.7,204746.0
IXIC,20170201,5654.5098,5642.65,5662.1099,5621.0298,5614.79,27.86,0.4962,0.73,223957.0
IXIC,20170202,5627.1499,5636.2,5656.0098,5616.3999,5642.65,-6.45,-0.1143,0.7,207701.0
IXIC,20170203,5650.73,5666.77,5666.8398,5647.5801,5636.2,30.57,0.5424,0.34,179233.0
IXIC,20170206,5656.9502,5663.55,5668.2002,5650.2598,5666.77,-3.22,-0.0568,0.32,173614.0
IXIC,20170207,5674.8599,5674.22,5689.6001,5664.8198,5663.55,10.67,0.1884,0.44,192203.0
IXIC,20170208,5662.9502,5682.45,5686.96,5649.3901,5674.22,8.23,0.145,0.66,194710.0
IXIC,20170209,5688.02,5715.18,5722.71,5685.1499,5682.45,32.73,0.576,0.66,194812.0
IXIC,20170210,5726.1699,5734.13,5743.4302,5717.4199,5715.18,18.95,0.3316,0.46,186727.0
IXIC,20170213,5753.1899,5763.96,5770.9902,5751.9199,5734.13,29.83,0.5202,0.33,184348.0
IXIC,20170214,5756.5098,5782.57,5783.0898,5748.7402,5763.96,18.61,0.3229,0.6,195237.0
IXIC,20170215,5777.8999,5819.44,5821.9502,5776.7002,5782.57,36.87,0.6376,0.78,209414.0
IXIC,20170216,5823.0098,5814.9,5835.1499,5796.71,5819.44,-4.54,-0.078,0.66,194560.0
IXIC,20170217,5807.3101,5838.58,5838.5801,5800.7998,5814.9,23.68,0.4072,0.65,187903.0
IXIC,20170221,5850.2002,5865.95,5867.8901,5847.5,5838.58,27.37,0.4688,0.35,194011.0
IXIC,20170222,5857.5601,5860.63,5864.4199,5848.2798,5865.95,-5.32,-0.0907,0.28,187471.0
IXIC,20170223,5866.8198,5835.51,5866.96,5809.5498,5860.63,-25.12,-0.4286,0.98,188149.0
IXIC,20170224,5802.3301,5845.31,5845.3101,5800.5498,5835.51,9.8,0.1679,0.77,168465.0
IXIC,20170227,5835.04,5861.9,5861.9,5827.0,5845.31,16.59,0.2838,0.6,188261.0
IXIC,20170228,5852.79,5825.44,5855.07,5817.22,5861.9,-36.46,-0.622,0.65,230339.0
IXIC,20170301,5874.86,5904.03,5911.79,5865.79,5825.44,78.59,1.3491,0.79,222035.0
IXIC,20170302,5897.01,5861.22,5897.01,5856.3,5904.03,-42.81,-0.7251,0.69,204361.0
IXIC,20170303,5854.27,5870.75,5870.75,5841.47,5861.22,9.53,0.1626,0.5,185360.0
IXIC,20170306,5846.42,5849.18,5857.74,5827.46,5870.75,-21.57,-0.3674,0.52,177404.0
IXIC,20170307,5836.12,5833.93,5859.77,5826.32,5849.18,-15.25,-0.2607,0.57,182551.0
IXIC,20170308,5838.44,5837.55,5860.63,5832.63,5833.93,3.62,0.0621,0.48,181308.0
IXIC,20170309,5834.67,5838.81,5852.54,5812.08,5837.55,1.26,0.0216,0.69,188678.0
IXIC,20170310,5867.16,5861.73,5872.6,5835.44,5838.81,22.92,0.3925,0.64,199944.0
IXIC,20170313,5863.48,5875.78,5877.43,5860.83,5861.73,14.05,0.2397,0.28,181246.0
IXIC,20170314,5860.07,5856.82,5860.5,5831.88,5875.78,-18.96,-0.3227,0.49,166487.0
IXIC,20170315,5869.98,5900.05,5911.2,5858.16,5856.82,43.23,0.7381,0.91,195540.0
IXIC,20170316,5907.86,5900.76,5911.48,5887.24,5900.05,0.71,0.012,0.41,177064.0
IXIC,20170317,5898.58,5901.0,5912.61,5890.42,5900.76,0.24,0.0041,0.38,318997.0
IXIC,20170320,5898.81,5901.53,5915.12,5888.12,5901.0,0.53,0.009,0.46,173679.0
IXIC,20170321,5923.42,5793.83,5928.06,5790.73,5901.53,-107.7,-1.825,2.33,219992.0
IXIC,20170322,5790.59,5821.64,5825.67,5781.8,5793.83,27.81,0.48,0.76,186029.0
IXIC,20170323,5812.31,5817.69,5842.82,5806.98,5821.64,-3.95,-0.0679,0.62,174699.0
IXIC,20170324,5839.33,5828.74,5858.95,5807.83,5817.69,11.05,0.1899,0.88,185504.0
IXIC,20170327,5776.33,5840.37,5849.2,5769.39,5828.74,11.63,0.1995,1.37,167306.0
IXIC,20170328,5836.5,5875.14,5888.7,5828.86,5840.37,34.77,0.5953,1.02,182360.0
IXIC,20170329,5875.35,5897.55,5900.87,5870.93,5875.14,22.41,0.3814,0.51,172219.0
IXIC,20170330,5896.15,5914.34,5916.77,5894.0,5897.55,16.79,0.2847,0.39,173210.0
IXIC,20170331,5905.63,5911.74,5927.81,5901.77,5914.34,-2.6,-0.044,0.44,190515.0
IXIC,20170403,5917.32,5894.68,5928.93,5867.73,5911.74,-17.06,-0.2886,1.04,185299.0
IXIC,20170404,5878.76,5898.61,5901.39,5878.76,5894.68,3.93,0.0667,0.38,179526.0
IXIC,20170405,5911.92,5864.48,5936.39,5856.26,5898.61,-34.13,-0.5786,1.36,220860.0
IXIC,20170406,5870.52,5878.95,5889.58,5856.22,5864.48,14.47,0.2467,0.57,184979.0
IXIC,20170407,5873.94,5877.81,5892.07,5855.51,5878.95,-1.14,-0.0194,0.62,170373.0
IXIC,20170410,5883.43,5880.93,5907.85,5865.56,5877.81,3.12,0.0531,0.72,163319.0
IXIC,20170411,5871.16,5866.77,5878.94,5819.29,5880.93,-14.16,-0.2408,1.01,183076.0
IXIC,20170412,5863.59,5836.16,5868.09,5830.44,5866.77,-30.61,-0.5218,0.64,166657.0
IXIC,20170413,5828.37,5805.15,5856.54,5805.15,5836.16,-31.01,-0.5313,0.88,158715.0
IXIC,20170417,5821.55,5856.79,5856.79,5818.2,5805.15,51.64,0.8896,0.66,138355.0
IXIC,20170418,5838.59,5849.47,5860.04,5828.57,5856.79,-7.32,-0.125,0.54,161023.0
IXIC,20170419,5874.43,5863.03,5894.68,5856.34,5849.47,13.56,0.2318,0.66,175424.0
IXIC,20170420,5887.87,5916.78,5926.23,5880.2,5863.03,53.75,0.9168,0.79,175149.0
IXIC,20170421,5919.02,5910.52,5919.23,5899.43,5916.78,-6.26,-0.1058,0.33,173642.0
IXIC,20170424,5979.96,5983.82,5989.92,5970.25,5910.52,73.3,1.2402,0.33,184288.0
IXIC,20170425,6004.16,6025.49,6036.02,6002.65,5983.82,41.67,0.6964,0.56,189812.0
IXIC,20170426,6028.12,6025.23,6040.89,6021.72,6025.49,-0.26,-0.0043,0.32,189957.0
IXIC,20170427,6038.47,6048.94,6050.7,6031.59,6025.23,23.71,0.3935,0.32,188361.0
IXIC,20170428,6072.87,6047.61,6074.04,6040.71,6048.94,-1.33,-0.022,0.55,200587.0
IXIC,20170501,6067.56,6091.6,6100.73,6061.35,6047.61,43.99,0.7274,0.65,176310.0
IXIC,20170502,6102.51,6095.37,6102.72,6081.56,6091.6,3.77,0.0619,0.35,216261.0
IXIC,20170503,6075.04,6072.55,6076.96,6053.28,6095.37,-22.82,-0.3744,0.39,215285.0
IXIC,20170504,6075.06,6075.34,6080.82,6054.33,6072.55,2.79,0.0459,0.44,205982.0
IXIC,20170505,6091.69,6100.76,6100.76,6067.16,6075.34,25.42,0.4184,0.55,190304.0
IXIC,20170508,6100.66,6102.66,6106.12,6083.06,6100.76,1.9,0.0311,0.38,191203.0
IXIC,20170509,6111.82,6120.59,6133.0,6107.59,6102.66,17.93,0.2938,0.42,200582.0
IXIC,20170510,6121.64,6129.14,6131.64,6103.87,6120.59,8.55,0.1397,0.45,211185.0
IXIC,20170511,6110.05,6115.96,6120.2,6075.68,6129.14,-13.18,-0.215,0.73,195265.0
IXIC,20170512,6119.27,6121.23,6122.84,6105.42,6115.96,5.27,0.0862,0.28,174901.0
IXIC,20170515,6128.11,6149.67,6153.04,6124.79,6121.23,28.44,0.4646,0.46,186545.0
IXIC,20170516,6160.52,6169.87,6170.16,6139.1,6149.67,20.2,0.3285,0.51,200698.0
IXIC,20170517,6108.62,6011.24,6122.87,6009.48,6169.87,-158.63,-2.571,1.84,235546.0
IXIC,20170518,5998.46,6055.13,6073.45,5996.81,6011.24,43.89,0.7301,1.27,213461.0
IXIC,20170519,6070.23,6083.7,6106.55,6070.23,6055.13,28.57,0.4718,0.6,190803.0
IXIC,20170522,6098.25,6133.62,6135.92,6097.24,6083.7,49.92,0.8206,0.64,172819.0
IXIC,20170523,6149.55,6138.71,6150.91,6121.79,6133.62,5.09,0.083,0.47,170914.0
IXIC,20170524,6154.18,6163.02,6166.09,6139.33,6138.71,24.31,0.396,0.44,167238.0
IXIC,20170525,6183.02,6205.26,6217.34,6174.52,6163.02,42.24,0.6854,0.69,177575.0
IXIC,20170526,6207.04,6210.19,6211.52,6196.66,6205.26,4.93,0.0794,0.24,157320.0
IXIC,20170530,6204.18,6203.19,6217.13,6200.41,6210.19,-7.0,-0.1127,0.27,169093.0
IXIC,20170531,6221.63,6198.52,6221.99,6164.07,6203.19,-4.67,-0.0753,0.93,221213.0
IXIC,20170601,6215.91,6246.83,6247.07,6200.45,6198.52,48.31,0.7794,0.75,194600.0
IXIC,20170602,6261.59,6305.8,6308.76,6253.77,6246.83,58.97,0.944,0.88,182545.0
IXIC,20170605,6305.47,6295.68,6310.62,6292.15,6305.8,-10.12,-0.1605,0.29,174216.0
IXIC,20170606,6281.88,6275.06,6304.21,6269.87,6295.68,-20.62,-0.3275,0.55,189311.0
IXIC,20170607,6290.44,6297.38,6302.78,6267.18,6275.06,22.32,0.3557,0.57,182722.0
IXIC,20170608,6311.73,6321.76,6324.06,6282.93,6297.38,24.38,0.3871,0.65,213435.0
IXIC,20170609,6330.25,6207.92,6341.7,6137.68,6321.76,-113.84,-1.8008,3.23,315459.0
IXIC,20170612,6153.56,6175.46,6183.81,6110.67,6207.92,-32.46,-0.5229,1.18,258886.0
IXIC,20170613,6206.12,6220.37,6226.41,6180.04,6175.46,44.91,0.7272,0.75,206393.0
IXIC,20170614,6237.46,6194.89,6237.53,6153.55,6220.37,-25.48,-0.4096,1.35,194904.0
IXIC,20170615,6127.05,6165.5,6170.15,6107.85,6194.89,-29.39,-0.4744,1.01,187001.0
IXIC,20170616,6154.28,6151.76,6161.56,6125.5,6165.5,-13.74,-0.2229,0.58,313300.0
IXIC,20170619,6196.85,6239.01,6243.31,6194.0,6151.76,87.25,1.4183,0.8,198929.0
IXIC,20170620,6229.62,6188.03,6234.01,6186.94,6239.01,-50.98,-0.8171,0.75,258044.0
IXIC,20170621,6202.75,6233.95,6236.66,6200.86,6188.03,45.92,0.7421,0.58,240880.0
IXIC,20170622,6239.15,6236.69,6257.68,6221.96,6233.95,2.74,0.044,0.57,217743.0
IXIC,20170623,6234.35,6265.25,6269.37,6218.78,6236.69,28.56,0.4579,0.81,416431.0
IXIC,20170626,6292.73,6247.15,6303.45,6233.43,6265.25,-18.1,-0.2889,1.12,215546.0
IXIC,20170627,6227.9,6146.62,6234.32,6146.62,6247.15,-100.53,-1.6092,1.4,218925.0
IXIC,20170628,6173.1,6234.41,6238.29,6144.8,6146.62,87.79,1.4283,1.52,207739.0
IXIC,20170629,6215.49,6144.35,6216.6,6087.81,6234.41,-90.06,-1.4446,2.07,241051.0
IXIC,20170630,6166.84,6140.42,6170.63,6129.04,6144.35,-3.93,-0.064,0.68,201172.0
IXIC,20170703,6173.29,6110.06,6177.36,6106.12,6140.42,-30.36,-0.4944,1.16,109103.0
IXIC,20170705,6122.06,6150.86,6163.62,6100.42,6110.06,40.8,0.6678,1.03,187404.0
IXIC,20170706,6109.6,6089.46,6127.98,6081.96,6150.86,-61.4,-0.9982,0.75,199329.0
IXIC,20170707,6111.21,6153.08,6164.94,6111.21,6089.46,63.62,1.0448,0.88,171249.0
IXIC,20170710,6156.03,6176.39,6191.27,6141.83,6153.08,23.31,0.3788,0.8,168127.0
IXIC,20170711,6171.25,6193.3,6200.58,6149.87,6176.39,16.91,0.2738,0.82,181256.0
IXIC,20170712,6238.9,6261.17,6265.64,6236.82,6193.3,67.87,1.0959,0.47,182774.0
IXIC,20170713,6269.1,6274.44,6281.45,6251.26,6261.17,13.27,0.2119,0.48,180616.0
IXIC,20170714,6289.08,6312.47,6321.76,6278.7,6274.44,38.03,0.6061,0.69,161544.0
IXIC,20170717,6320.35,6314.43,6330.97,6307.34,6312.47,1.96,0.0311,0.37,156339.0
IXIC,20170718,6304.82,6344.31,6344.55,6291.07,6314.43,29.88,0.4732,0.85,177322.0
IXIC,20170719,6363.24,6385.04,6387.73,6362.19,6344.31,40.73,0.642,0.4,186747.0
IXIC,20170720,6396.46,6390.0,6398.26,6365.68,6385.04,4.96,0.0777,0.51,185000.0
IXIC,20170721,6383.05,6387.75,6388.78,6365.12,6390.0,-2.25,-0.0352,0.37,180711.0
IXIC,20170724,6387.82,6410.81,6417.7,6380.61,6387.75,23.06,0.361,0.58,174814.0
IXIC,20170725,6407.59,6412.17,6425.45,6396.87,6410.81,1.36,0.0212,0.45,193084.0
IXIC,20170726,6425.93,6422.75,6432.38,6416.3,6412.17,10.58,0.165,0.25,199668.0
IXIC,20170727,6459.76,6382.19,6460.84,6318.62,6422.75,-40.56,-0.6315,2.21,250140.0
IXIC,20170728,6350.27,6374.68,6379.7,6337.22,6382.19,-7.51,-0.1177,0.67,187710.0
IXIC,20170731,6394.69,6348.12,6396.59,6338.79,6374.68,-26.56,-0.4166,0.91,189883.0
IXIC,20170801,6372.16,6362.94,6375.75,6345.75,6348.12,14.82,0.2335,0.47,182178.0
IXIC,20170802,6393.1,6362.65,6394.21,6313.43,6362.94,-0.29,-0.0046,1.27,211587.0
IXIC,20170803,6366.24,6340.34,6368.53,6331.14,6362.65,-22.31,-0.3506,0.59,212410.0
IXIC,20170804,6350.79,6351.56,6361.49,6329.73,6340.34,11.22,0.177,0.5,190893.0
IXIC,20170807,6361.06,6383.77,6386.03,6356.23,6351.56,32.21,0.5071,0.47,170401.0
IXIC,20170808,6373.33,6370.46,6423.35,6355.88,6383.77,-13.31,-0.2085,1.06,193149.0
IXIC,20170809,6322.92,6352.33,6355.04,6309.44,6370.46,-18.13,-0.2846,0.72,203781.0
IXIC,20170810,6312.65,6216.87,6318.28,6214.41,6352.33,-135.46,-2.1324,1.64,221499.0
IXIC,20170811,6222.18,6256.56,6266.89,6216.19,6216.87,39.69,0.6384,0.82,179978.0
IXIC,20170814,6306.11,6340.23,6346.83,6305.55,6256.56,83.67,1.3373,0.66,170257.0
IXIC,20170815,6350.51,6333.01,6350.74,6324.75,6340.23,-7.22,-0.1139,0.41,158256.0
IXIC,20170816,6348.11,6345.11,6374.56,6330.27,6333.01,12.1,0.1911,0.7,180907.0
IXIC,20170817,6322.72,6221.92,6334.23,6221.91,6345.11,-123.19,-1.9415,1.77,205294.0
IXIC,20170818,6222.46,6216.53,6254.22,6193.38,6221.92,-5.39,-0.0866,0.98,196847.0
IXIC,20170821,6216.32,6213.13,6226.93,6177.19,6216.53,-3.4,-0.0547,0.8,158299.0
IXIC,20170822,6241.21,6297.48,6302.84,6241.21,6213.13,84.35,1.3576,0.99,159976.0
IXIC,20170823,6263.47,6278.41,6291.3,6263.29,6297.48,-19.07,-0.3028,0.44,153532.0
IXIC,20170824,6294.82,6271.33,6302.85,6244.57,6278.41,-7.08,-0.1128,0.93,161866.0
IXIC,20170825,6293.81,6265.64,6308.72,6257.1,6271.33,-5.69,-0.0907,0.82,144559.0
IXIC,20170828,6286.01,6283.02,6292.26,6267.85,6265.64,17.38,0.2774,0.39,156511.0
IXIC,20170829,6228.9,6301.89,6311.26,6228.73,6283.02,18.87,0.3003,1.31,163981.0
IXIC,20170830,6308.68,6368.31,6374.47,6303.57,6301.89,66.42,1.054,1.13,171706.0
IXIC,20170831,6385.8,6428.66,6435.27,6383.58,6368.31,60.35,0.9477,0.81,188950.0
IXIC,20170901,6442.17,6435.33,6449.65,6417.87,6428.66,6.67,0.1038,0.49,148912.0
IXIC,20170905,6414.82,6375.57,6426.51,6334.59,6435.33,-59.76,-0.9286,1.43,188962.0
IXIC,20170906,6394.35,6393.31,6407.4,6356.2,6375.57,17.74,0.2783,0.8,190272.0
IXIC,20170907,6402.94,6397.87,6413.07,6379.81,6393.31,4.56,0.0713,0.52,200091.0
IXIC,20170908,6389.65,6360.19,6391.41,6354.96,6397.87,-37.68,-0.5889,0.57,178607.0
IXIC,20170911,6411.18,6432.26,6439.11,6410.71,6360.19,72.07,1.1331,0.45,181931.0
IXIC,20170912,6448.81,6454.28,6455.03,6429.54,6432.26,22.02,0.3423,0.4,174762.0
IXIC,20170913,6440.72,6460.19,6460.42,6433.2,6454.28,5.91,0.0916,0.42,194463.0
IXIC,20170914,6439.46,6429.08,6455.32,6424.04,6460.19,-31.11,-0.4816,0.48,181784.0
IXIC,20170915,6426.16,6448.47,6464.27,6419.65,6429.08,19.39,0.3016,0.69,282791.0
IXIC,20170918,6460.1,6454.64,6477.77,6438.41,6448.47,6.17,0.0957,0.61,188190.0
IXIC,20170919,6465.57,6461.32,6467.79,6446.75,6454.64,6.68,0.1035,0.33,181608.0
IXIC,20170920,6459.74,6456.04,6466.05,6414.23,6461.32,-5.28,-0.0817,0.8,208358.0
IXIC,20170921,6448.57,6422.69,6448.57,6405.3,6456.04,-33.35,-0.5166,0.67,177960.0
IXIC,20170922,6401.44,6426.92,6429.54,6400.81,6422.69,4.23,0.0659,0.45,164869.0
IXIC,20170925,6403.11,6370.59,6408.05,6343.96,6426.92,-56.33,-0.8765,1.0,206115.0
IXIC,20170926,6391.85,6380.16,6405.0,6364.57,6370.59,9.57,0.1502,0.63,193599.0
IXIC,20170927,6414.37,6453.26,6472.65,6405.36,6380.16,73.1,1.1457,1.05,206840.0
IXIC,20170928,6437.96,6453.45,6456.23,6427.66,6453.26,0.19,0.0029,0.44,188279.0
IXIC,20170929,6461.28,6495.96,6497.98,6454.86,6453.45,42.51,0.6587,0.67,197072.0
IXIC,20171002,6506.08,6516.72,6527.22,6484.14,6495.96,20.76,0.3196,0.66,198440.0
IXIC,20171003,6523.74,6531.71,6532.18,6509.71,6516.72,14.99,0.23,0.34,197276.0
IXIC,20171004,6521.96,6534.63,6546.46,6513.12,6531.71,2.92,0.0447,0.51,194147.0
IXIC,20171005,6552.87,6585.36,6587.21,6547.65,6534.63,50.73,0.7763,0.61,188897.0
IXIC,20171006,6566.95,6590.18,6590.18,6566.84,6585.36,4.82,0.0732,0.35,175217.0
IXIC,20171009,6597.37,6579.73,6599.34,6572.44,6590.18,-10.45,-0.1586,0.41,149416.0
IXIC,20171010,6602.49,6587.25,6608.3,6561.78,6579.73,7.52,0.1143,0.71,180248.0
IXIC,20171011,6586.73,6603.55,6604.21,6577.99,6587.25,16.3,0.2474,0.4,183786.0
IXIC,20171012,6594.76,6591.51,6613.5,6586.32,6603.55,-12.04,-0.1823,0.41,202033.0
IXIC,20171013,6613.21,6605.8,6616.58,6602.2,6591.51,14.29,0.2168,0.22,176170.0
IXIC,20171016,6622.55,6624.01,6632.5,6607.03,6605.8,18.21,0.2757,0.39,163224.0
IXIC,20171017,6621.42,6623.66,6628.6,6613.21,6624.01,-0.35,-0.0053,0.23,165316.0
IXIC,20171018,6634.26,6624.22,6635.52,6613.55,6623.66,0.56,0.0085,0.33,173806.0
IXIC,20171019,6583.7,6605.07,6605.29,6558.53,6624.22,-19.15,-0.2891,0.71,184702.0
IXIC,20171020,6633.37,6629.05,6640.03,6622.92,6605.07,23.98,0.3631,0.26,181222.0
IXIC,20171023,6641.57,6586.83,6641.57,6581.15,6629.05,-42.22,-0.6369,0.91,181308.0
IXIC,20171024,6598.61,6598.43,6611.9,6582.06,6586.83,11.6,0.1761,0.45,185261.0
IXIC,20171025,6587.22,6563.89,6600.64,6517.93,6598.43,-34.54,-0.5235,1.25,220579.0
IXIC,20171026,6567.59,6556.77,6582.76,6550.03,6563.89,-7.12,-0.1085,0.5,212564.0
IXIC,20171027,6635.03,6701.26,6708.13,6625.78,6556.77,144.49,2.2037,1.26,241452.0
IXIC,20171030,6693.77,6698.96,6727.39,6677.15,6701.26,-2.3,-0.0343,0.75,201592.0
IXIC,20171031,6713.71,6727.67,6737.75,6705.79,6698.96,28.71,0.4286,0.48,205422.0
IXIC,20171101,6758.64,6716.53,6759.66,6691.48,6727.67,-11.14,-0.1656,1.01,207423.0
IXIC,20171102,6709.39,6714.94,6719.97,6677.55,6716.53,-1.59,-0.0237,0.63,228230.0
IXIC,20171103,6737.09,6764.44,6765.14,6712.93,6714.94,49.5,0.7372,0.78,220388.0
IXIC,20171106,6763.3,6786.44,6790.67,6763.17,6764.44,22.0,0.3252,0.41,217312.0
IXIC,20171107,6785.44,6767.78,6795.52,6750.35,6786.44,-18.66,-0.275,0.67,220928.0
IXIC,20171108,6764.85,6789.12,6791.65,6753.34,6767.78,21.34,0.3153,0.57,212134.0
IXIC,20171109,6737.45,6750.05,6758.93,6687.28,6789.12,-39.07,-0.5755,1.06,224350.0
IXIC,20171110,6736.39,6750.94,6757.34,6727.35,6750.05,0.89,0.0132,0.44,197912.0
IXIC,20171113,6727.39,6757.6,6766.3,6723.43,6750.94,6.66,0.0987,0.64,197646.0
IXIC,20171114,6733.87,6737.87,6743.63,6709.27,6757.6,-19.73,-0.292,0.51,198823.0
IXIC,20171115,6700.68,6706.21,6725.32,6667.31,6737.87,-31.66,-0.4699,0.86,192373.0
IXIC,20171116,6742.34,6793.29,6806.67,6742.34,6706.21,87.08,1.2985,0.96,202038.0
IXIC,20171117,6794.45,6782.79,6797.75,6777.43,6793.29,-10.5,-0.1546,0.3,200922.0
IXIC,20171120,6789.28,6790.71,6795.83,6779.49,6782.79,7.92,0.1168,0.24,181175.0
IXIC,20171121,6820.55,6862.48,6862.66,6820.02,6790.71,71.77,1.0569,0.63,189196.0
IXIC,20171122,6869.53,6867.36,6874.52,6859.28,6862.48,4.88,0.0711,0.22,158915.0
IXIC,20171124,6878.11,6889.16,6890.02,6873.74,6867.36,21.8,0.3174,0.24,87211.0
IXIC,20171127,6889.91,6878.52,6897.43,6867.89,6889.16,-10.64,-0.1544,0.43,178155.0
IXIC,20171128,6893.72,6912.36,6914.19,6866.21,6878.52,33.84,0.492,0.7,200384.0
IXIC,20171129,6907.28,6824.39,6908.33,6793.95,6912.36,-87.97,-1.2726,1.65,245699.0
IXIC,20171130,6852.8,6873.97,6888.65,6838.48,6824.39,49.58,0.7265,0.74,246853.0
IXIC,20171201,6844.04,6847.59,6872.17,6737.16,6873.97,-26.38,-0.3838,1.96,230214.0
IXIC,20171204,6897.13,6775.37,6899.23,6770.69,6847.59,-72.22,-1.0547,1.88,242717.0
IXIC,20171205,6759.14,6762.21,6836.45,6752.32,6775.37,-13.16,-0.1942,1.24,208576.0
IXIC,20171206,6742.07,6776.38,6787.42,6734.13,6762.21,14.17,0.2095,0.79,190177.0
IXIC,20171207,6785.74,6812.84,6829.29,6778.2,6776.38,36.46,0.538,0.75,195374.0
IXIC,20171208,6859.95,6840.08,6870.48,6831.61,6812.84,27.24,0.3998,0.57,182564.0
IXIC,20171211,6847.64,6875.08,6879.8,6844.88,6840.08,35.0,0.5117,0.51,183678.0
IXIC,20171212,6872.71,6862.32,6884.8,6856.3,6875.08,-12.76,-0.1856,0.41,187281.0
IXIC,20171213,6880.41,6875.8,6897.62,6871.87,6862.32,13.48,0.1964,0.38,193109.0
IXIC,20171214,6887.38,6856.53,6901.13,6851.63,6875.8,-19.27,-0.2803,0.72,199009.0
IXIC,20171215,6871.55,6936.58,6945.82,6871.45,6856.53,80.05,1.1675,1.08,352959.0
IXIC,20171218,6980.4,6994.76,7003.89,6975.54,6936.58,58.18,0.8387,0.41,215058.0
IXIC,20171219,6991.25,6963.85,6995.88,6951.49,6994.76,-30.91,-0.4419,0.63,208419.0
IXIC,20171220,6991.25,6960.96,6991.25,6935.42,6963.85,-2.89,-0.0415,0.8,188814.0
IXIC,20171221,6972.88,6965.36,6992.63,6961.21,6960.96,4.4,0.0632,0.45,182741.0
IXIC,20171222,6958.02,6959.96,6962.26,6944.45,6965.36,-5.4,-0.0775,0.26,154188.0
IXIC,20171226,6928.92,6936.25,6942.14,6915.56,6959.96,-23.71,-0.3407,0.38,130100.0
IXIC,20171227,6941.45,6939.34,6955.38,6931.34,6936.25,3.09,0.0445,0.35,141101.0
IXIC,20171228,6953.38,6950.16,6954.8,6936.75,6939.34,10.82,0.1559,0.26,131987.0
IXIC,20171229,6952.61,6903.39,6954.98,6903.39,6950.16,-46.77,-0.6729,0.74,157529.0
IXIC,20180102,6937.65,7006.9,7006.91,6924.08,6903.39,103.51,1.4994,1.2,192970.0
IXIC,20180103,7017.07,7065.53,7069.15,7016.7,7006.9,58.63,0.8367,0.75,217313.0
IXIC,20180104,7089.5,7077.91,7098.05,7072.38,7065.53,12.38,0.1752,0.36,210322.0
IXIC,20180105,7105.74,7136.56,7137.04,7097.08,7077.91,58.65,0.8286,0.56,202400.0
IXIC,20180108,7135.38,7157.39,7161.35,7124.09,7136.56,20.83,0.2919,0.52,205501.0
IXIC,20180109,7174.19,7163.58,7181.14,7148.3,7157.39,6.19,0.0865,0.46,215581.0
IXIC,20180110,7129.83,7153.57,7154.24,7111.52,7163.58,-10.01,-0.1397,0.6,213243.0
IXIC,20180111,7168.73,7211.78,7211.78,7163.23,7153.57,58.21,0.8137,0.68,201517.0
IXIC,20180112,7208.17,7261.06,7265.26,7205.18,7211.78,49.28,0.6833,0.83,198660.0
IXIC,20180116,7307.19,7223.69,7330.33,7205.93,7261.06,-37.37,-0.5147,1.71,239979.0
IXIC,20180117,7257.77,7298.28,7309.36,7229.32,7223.69,74.59,1.0326,1.11,224591.0
IXIC,20180118,7293.65,7296.05,7313.89,7276.11,7298.28,-2.23,-0.0306,0.52,203741.0
IXIC,20180119,7312.0,7336.38,7336.38,7297.28,7296.05,40.33,0.5528,0.54,200547.0
IXIC,20180122,7338.04,7408.03,7408.03,7332.81,7336.38,71.65,0.9766,1.03,211831.0
IXIC,20180123,7424.95,7460.29,7465.39,7423.18,7408.03,52.26,0.7055,0.57,213584.0
IXIC,20180124,7474.16,7415.06,7486.32,7376.75,7460.29,-45.23,-0.6063,1.47,228732.0
IXIC,20180125,7457.95,7411.16,7458.53,7388.58,7415.06,-3.9,-0.0526,0.94,208138.0
IXIC,20180126,7448.33,7505.77,7505.77,7431.22,7411.16,94.61,1.2766,1.01,208070.0
IXIC,20180129,7484.47,7466.51,7500.61,7455.55,7505.77,-39.26,-0.5231,0.6,211442.0
IXIC,20180130,7388.89,7402.48,7433.65,7373.99,7466.51,-64.03,-0.8576,0.8,218342.0
IXIC,20180131,7443.25,7411.48,7453.99,7381.12,7402.48,9.0,0.1216,0.98,242899.0
IXIC,20180201,7377.17,7385.86,7441.09,7362.28,7411.48,-25.62,-0.3457,1.06,231118.0
IXIC,20180202,7347.59,7240.95,7364.43,7238.18,7385.86,-144.91,-1.962,1.71,260716.0
IXIC,20180205,7165.96,6967.53,7277.36,6967.53,7240.95,-273.42,-3.776,4.28,314321.0
IXIC,20180206,6837.56,7115.88,7126.55,6824.82,6967.53,148.35,2.1292,4.33,314827.0
IXIC,20180207,7086.2,7051.98,7170.34,7051.53,7115.88,-63.9,-0.898,1.67,238002.0
IXIC,20180208,7067.3,6777.16,7073.99,6776.77,7051.98,-274.82,-3.8971,4.21,273074.0
IXIC,20180209,6863.34,6874.49,6917.01,6630.67,6777.16,97.33,1.4361,4.23,316533.0
IXIC,20180212,6936.68,6981.96,7023.62,6879.69,6874.49,107.47,1.5633,2.09,225065.0
IXIC,20180213,6942.16,7013.51,7025.68,6938.16,6981.96,31.55,0.4519,1.25,183032.0
IXIC,20180214,6979.24,7143.62,7152.05,6977.07,7013.51,130.11,1.8551,2.49,221763.0
IXIC,20180215,7200.75,7256.43,7256.93,7130.39,7143.62,112.81,1.5792,1.77,212406.0
IXIC,20180216,7236.51,7239.47,7303.26,7226.38,7256.43,-16.96,-0.2337,1.06,203771.0
IXIC,20180220,7209.03,7234.31,7295.95,7206.0,7239.47,-5.16,-0.0713,1.24,192187.0
IXIC,20180221,7258.48,7218.23,7338.64,7218.11,7234.31,-16.08,-0.2223,1.67,195612.0
IXIC,20180222,7252.46,7210.09,7280.93,7194.84,7218.23,-8.14,-0.1128,1.19,192758.0
IXIC,20180223,7261.35,7337.39,7337.83,7232.5,7210.09,127.3,1.7656,1.46,188754.0
IXIC,20180226,7373.3,7421.46,7421.85,7360.25,7337.39,84.07,1.1458,0.84,187656.0
IXIC,20180227,7416.17,7330.35,7438.09,7330.35,7421.46,-91.11,-1.2277,1.45,216225.0
IXIC,20180228,7371.41,7273.01,7386.8,7273.01,7330.35,-57.34,-0.7822,1.55,238494.0
IXIC,20180301,7274.75,7180.56,7307.85,7117.66,7273.01,-92.45,-1.2711,2.62,249901.0
IXIC,20180302,7099.54,7257.87,7267.19,7084.83,7180.56,77.31,1.0767,2.54,229148.0
IXIC,20180305,7222.89,7330.7,7350.07,7205.31,7257.87,72.83,1.0035,1.99,207687.0
IXIC,20180306,7366.61,7372.01,7378.03,7319.68,7330.7,41.31,0.5635,0.8,213292.0
IXIC,20180307,7311.74,7396.65,7403.79,7311.74,7372.01,24.64,0.3342,1.25,219861.0
IXIC,20180308,7422.77,7427.95,7435.01,7391.5,7396.65,31.3,0.4232,0.59,227774.0
IXIC,20180309,7475.98,7560.81,7560.81,7469.03,7427.95,132.86,1.7887,1.24,231005.0
IXIC,20180312,7581.04,7588.32,7609.1,7563.44,7560.81,27.51,0.3639,0.6,231448.0
IXIC,20180313,7627.52,7511.01,7637.27,7492.98,7588.32,-77.31,-1.0188,1.9,245922.0
IXIC,20180314,7539.78,7496.81,7544.89,7473.9,7511.01,-14.2,-0.1891,0.95,211295.0
IXIC,20180315,7509.24,7481.74,7525.44,7463.19,7496.81,-15.07,-0.201,0.83,200829.0
IXIC,20180316,7504.37,7481.99,7514.21,7473.68,7481.74,0.25,0.0033,0.54,308997.0
IXIC,20180319,7419.2,7344.24,7421.23,7285.27,7481.99,-137.75,-1.8411,1.82,235281.0
IXIC,20180320,7353.25,7364.3,7380.74,7331.24,7344.24,20.06,0.2731,0.67,197600.0
IXIC,20180321,7347.5,7345.29,7415.66,7325.35,7364.3,-19.01,-0.2581,1.23,199923.0
IXIC,20180322,7257.55,7166.68,7303.19,7164.38,7345.29,-178.61,-2.4316,1.89,237097.0
IXIC,20180323,7170.68,6992.67,7194.31,6992.67,7166.68,-174.01,-2.428,2.81,245576.0
IXIC,20180326,7125.2,7220.54,7225.83,7022.34,6992.67,227.87,3.2587,2.91,234137.0
IXIC,20180327,7255.47,7008.81,7255.54,6963.68,7220.54,-211.73,-2.9323,4.04,234748.0
IXIC,20180328,6978.3,6949.23,7036.09,6901.07,7008.81,-59.58,-0.8501,1.93,255195.0
IXIC,20180329,6984.66,7063.44,7120.46,6935.78,6949.23,114.21,1.6435,2.66,259339.0
IXIC,20180402,7016.17,6870.12,7044.71,6805.96,7063.44,-193.32,-2.7369,3.38,240267.0
IXIC,20180403,6924.35,6941.28,6963.71,6835.23,6870.12,71.16,1.0358,1.87,233090.0
IXIC,20180404,6811.77,7042.11,7059.29,6811.77,6941.28,100.83,1.4526,3.57,226158.0
IXIC,20180405,7099.25,7076.55,7112.38,7036.62,7042.11,34.44,0.4891,1.08,215303.0
IXIC,20180406,6999.57,6915.11,7066.64,6877.76,7076.55,-161.44,-2.2813,2.67,235978.0
IXIC,20180409,6971.45,6950.34,7074.95,6944.96,6915.11,35.23,0.5095,1.88,208922.0
IXIC,20180410,7060.99,7094.3,7117.98,7014.88,6950.34,143.96,2.0713,1.48,225202.0
IXIC,20180411,7055.0,7069.03,7128.54,7055.0,7094.3,-25.27,-0.3562,1.04,188209.0
IXIC,20180412,7112.02,7140.25,7166.0,7105.09,7069.03,71.22,1.0075,0.86,202708.0
IXIC,20180413,7179.62,7106.65,7183.62,7078.14,7140.25,-33.6,-0.4706,1.48,176816.0
IXIC,20180416,7153.87,7156.28,7178.51,7115.85,7106.65,49.63,0.6984,0.88,180045.0
IXIC,20180417,7215.12,7281.1,7298.59,7206.55,7156.28,124.82,1.7442,1.29,193538.0
IXIC,20180418,7292.38,7295.24,7319.58,7259.9,7281.1,14.14,0.1942,0.82,190870.0
IXIC,20180419,7258.61,7238.06,7277.45,7215.17,7295.24,-57.18,-0.7838,0.85,198209.0
IXIC,20180420,7220.64,7146.13,7222.99,7123.49,7238.06,-91.93,-1.2701,1.37,193516.0
IXIC,20180423,7173.99,7128.6,7195.72,7094.43,7146.13,-17.53,-0.2453,1.42,174448.0
IXIC,20180424,7160.77,7007.35,7171.67,6961.52,7128.6,-121.25,-1.7009,2.95,215427.0
IXIC,20180425,7009.99,7003.74,7030.74,6926.97,7007.35,-3.61,-0.0515,1.48,205584.0
IXIC,20180426,7080.49,7118.68,7143.94,7055.66,7003.74,114.94,1.6411,1.26,214122.0
IXIC,20180427,7195.52,7119.8,7197.15,7083.95,7118.68,1.12,0.0157,1.59,205035.0
IXIC,20180430,7133.95,7066.27,7169.8,7065.41,7119.8,-53.53,-0.7518,1.47,199857.0
IXIC,20180501,7053.65,7130.7,7133.27,7036.18,7066.27,64.43,0.9118,1.37,193266.0
IXIC,20180502,7138.45,7100.9,7169.46,7094.72,7130.7,-29.8,-0.4179,1.05,215786.0
IXIC,20180503,7065.03,7088.15,7112.59,6991.14,7100.9,-12.75,-0.1796,1.71,235578.0
IXIC,20180504,7065.67,7209.62,7228.26,7057.89,7088.15,121.47,1.7137,2.4,204052.0
IXIC,20180507,7241.82,7265.21,7291.74,7235.76,7209.62,55.59,0.7711,0.78,195065.0
IXIC,20180508,7255.34,7266.9,7278.81,7224.7,7265.21,1.69,0.0233,0.74,207097.0
IXIC,20180509,7281.53,7339.91,7344.8,7259.05,7266.9,73.01,1.0047,1.18,225026.0
IXIC,20180510,7355.9,7404.97,7414.15,7353.63,7339.91,65.06,0.8864,0.82,225045.0
IXIC,20180511,7393.97,7402.88,7417.67,7372.26,7404.97,-2.09,-0.0282,0.61,208535.0
IXIC,20180514,7429.45,7411.32,7458.42,7401.89,7402.88,8.44,0.114,0.76,208585.0
IXIC,20180515,7361.3,7351.63,7363.52,7320.97,7411.32,-59.69,-0.8054,0.57,212038.0
IXIC,20180516,7356.22,7398.3,7413.32,7356.16,7351.63,46.67,0.6348,0.78,210306.0
IXIC,20180517,7379.58,7382.47,7425.39,7350.46,7398.3,-15.83,-0.214,1.01,195897.0
IXIC,20180518,7364.34,7354.34,7381.16,7343.97,7382.47,-28.13,-0.381,0.5,198219.0
IXIC,20180521,7406.34,7394.04,7431.83,7368.21,7354.34,39.7,0.5398,0.87,199722.0
IXIC,20180522,7420.85,7378.46,7432.53,7370.33,7394.04,-15.58,-0.2107,0.84,192742.0
IXIC,20180523,7335.03,7425.96,7426.78,7334.62,7378.46,47.5,0.6438,1.25,199709.0
IXIC,20180524,7421.99,7424.43,7435.38,7357.5,7425.96,-1.53,-0.0206,1.05,203546.0
IXIC,20180525,7422.2,7433.85,7452.85,7415.58,7424.43,9.42,0.1269,0.5,177195.0
IXIC,20180529,7398.51,7396.59,7435.13,7354.29,7433.85,-37.26,-0.5012,1.09,209538.0
IXIC,20180530,7428.41,7462.45,7473.81,7423.67,7396.59,65.86,0.8904,0.68,205830.0
IXIC,20180531,7455.58,7442.12,7492.42,7431.41,7462.45,-20.33,-0.2724,0.82,253336.0
IXIC,20180601,7487.66,7554.33,7557.38,7487.23,7442.12,112.21,1.5078,0.94,221233.0
IXIC,20180604,7570.08,7606.46,7607.17,7561.2,7554.33,52.13,0.6901,0.61,215217.0
IXIC,20180605,7621.36,7637.86,7644.48,7602.38,7606.46,31.4,0.4128,0.55,206327.0
IXIC,20180606,7652.8,7689.24,7691.65,7622.31,7637.86,51.38,0.6727,0.91,219810.0
IXIC,20180607,7697.41,7635.07,7697.41,7597.66,7689.24,-54.17,-0.7045,1.3,233972.0
IXIC,20180608,7607.74,7645.51,7653.58,7595.14,7635.07,10.44,0.1367,0.77,194981.0
IXIC,20180611,7647.24,7659.93,7677.29,7642.87,7645.51,14.42,0.1886,0.45,195936.0
IXIC,20180612,7673.87,7703.79,7708.25,7669.53,7659.93,43.86,0.5726,0.51,201989.0
IXIC,20180613,7713.9,7695.7,7748.96,7686.65,7703.79,-8.09,-0.105,0.81,219783.0
IXIC,20180614,7723.53,7761.04,7768.6,7723.53,7695.7,65.34,0.849,0.59,219363.0
IXIC,20180615,7725.03,7746.38,7755.72,7704.34,7761.04,-14.66,-0.1889,0.66,304987.0
IXIC,20180618,7692.96,7747.03,7749.36,7676.83,7746.38,0.65,0.0084,0.94,210266.0
IXIC,20180619,7658.47,7725.59,7727.41,7635.73,7747.03,-21.44,-0.2768,1.18,228334.0
IXIC,20180620,7764.15,7781.51,7806.6,7755.48,7725.59,55.92,0.7238,0.66,231642.0
IXIC,20180621,7800.3,7712.95,7803.45,7699.2,7781.51,-68.56,-0.8811,1.34,234964.0
IXIC,20180622,7739.69,7692.82,7739.71,7679.12,7712.95,-20.13,-0.261,0.79,395630.0
IXIC,20180625,7631.12,7532.01,7639.73,7477.73,7692.82,-160.81,-2.0904,2.11,242319.0
IXIC,20180626,7553.74,7561.63,7597.49,7527.0,7532.01,29.62,0.3933,0.94,206887.0
IXIC,20180627,7586.33,7445.08,7610.67,7444.17,7561.63,-116.55,-1.5413,2.2,231965.0
IXIC,20180628,7438.11,7503.68,7526.07,7419.56,7445.08,58.6,0.7871,1.43,220887.0
IXIC,20180629,7544.13,7510.3,7573.59,7502.95,7503.68,6.62,0.0882,0.94,220882.0
IXIC,20180702,7451.9,7567.69,7568.1,7443.1,7510.3,57.39,0.7642,1.66,177788.0
IXIC,20180703,7593.63,7502.67,7594.33,7498.5,7567.69,-65.02,-0.8592,1.27,117142.0
IXIC,20180705,7550.66,7586.43,7589.19,7511.43,7502.67,83.76,1.1164,1.04,175469.0
IXIC,20180706,7595.93,7688.39,7695.81,7588.65,7586.43,101.96,1.344,1.41,171860.0
IXIC,20180709,7731.74,7756.2,7757.28,7702.06,7688.39,67.81,0.882,0.72,184444.0
IXIC,20180710,7770.63,7759.2,7777.48,7731.98,7756.2,3.0,0.0387,0.59,173523.0
IXIC,20180711,7698.51,7716.61,7748.16,7696.58,7759.2,-42.59,-0.5489,0.66,176848.0
IXIC,20180712,7752.71,7823.92,7825.67,7746.76,7716.61,107.31,1.3906,1.02,193083.0
IXIC,20180713,7827.62,7825.98,7843.52,7803.34,7823.92,2.06,0.0263,0.51,172750.0
IXIC,20180716,7831.74,7805.72,7838.82,7791.98,7825.98,-20.26,-0.2589,0.6,173936.0
IXIC,20180717,7751.97,7855.12,7867.15,7749.61,7805.72,49.4,0.6329,1.51,175221.0
IXIC,20180718,7859.43,7854.44,7863.77,7822.83,7855.12,-0.68,-0.0087,0.52,188111.0
IXIC,20180719,7829.8,7825.3,7849.85,7811.15,7854.44,-29.14,-0.371,0.49,188630.0
IXIC,20180720,7843.08,7820.2,7860.25,7815.86,7825.3,-5.1,-0.0652,0.57,179653.0
IXIC,20180723,7806.93,7841.87,7846.76,7776.55,7820.2,21.67,0.2771,0.9,166827.0
IXIC,20180724,7914.35,7840.77,7928.79,7814.33,7841.87,-1.1,-0.014,1.46,202189.0
IXIC,20180725,7839.09,7932.24,7933.31,7838.76,7840.77,91.47,1.1666,1.21,194382.0
IXIC,20180726,7848.04,7852.18,7881.3,7834.08,7932.24,-80.06,-1.0093,0.6,228937.0
IXIC,20180727,7889.75,7737.42,7889.75,7698.96,7852.18,-114.76,-1.4615,2.43,219341.0
IXIC,20180730,7735.27,7630.0,7740.26,7604.24,7737.42,-107.42,-1.3883,1.76,215414.0
IXIC,20180731,7654.59,7671.79,7709.49,7614.84,7630.0,41.79,0.5477,1.24,220861.0
IXIC,20180801,7701.82,7707.29,7732.68,7670.71,7671.79,35.5,0.4627,0.81,222895.0
IXIC,20180802,7659.52,7802.69,7808.85,7659.52,7707.29,95.4,1.2378,1.94,211549.0
IXIC,20180803,7819.23,7812.01,7824.06,7783.3,7802.69,9.32,0.1194,0.52,203587.0
IXIC,20180806,7809.54,7859.68,7859.68,7801.88,7812.01,47.67,0.6102,0.74,224530.0
IXIC,20180807,7878.62,7883.66,7898.2,7868.65,7859.68,23.98,0.3051,0.38,220640.0
IXIC,20180808,7880.0,7888.33,7901.69,7864.46,7883.66,4.67,0.0592,0.47,209810.0
IXIC,20180809,7886.52,7891.78,7923.35,7881.06,7888.33,3.45,0.0437,0.54,204817.0
IXIC,20180810,7834.71,7839.11,7866.19,7818.37,7891.78,-52.67,-0.6674,0.61,210753.0
IXIC,20180813,7848.0,7819.71,7888.66,7814.27,7839.11,-19.4,-0.2475,0.95,193410.0
IXIC,20180814,7847.88,7870.89,7878.23,7815.5,7819.71,51.18,0.6545,0.8,193884.0
IXIC,20180815,7810.02,7774.12,7832.66,7732.69,7870.89,-96.77,-1.2295,1.27,229410.0
IXIC,20180816,7826.95,7806.52,7849.67,7795.74,7774.12,32.4,0.4168,0.69,199141.0
IXIC,20180817,7786.64,7816.33,7830.78,7752.68,7806.52,9.81,0.1257,1.0,185077.0
IXIC,20180820,7834.37,7821.01,7837.14,7787.9,7816.33,4.68,0.0599,0.63,170950.0
IXIC,20180821,7840.09,7859.17,7897.68,7836.79,7821.01,38.16,0.4879,0.78,178886.0
IXIC,20180822,7844.04,7889.1,7897.63,7840.84,7859.17,29.93,0.3808,0.72,166924.0
IXIC,20180823,7886.47,7878.46,7926.32,7866.53,7889.1,-10.64,-0.1349,0.76,188860.0
IXIC,20180824,7907.81,7945.98,7949.71,7907.1,7878.46,67.52,0.857,0.54,189299.0
IXIC,20180827,7989.64,8017.9,8024.94,7976.6,7945.98,71.92,0.9051,0.61,233379.0
IXIC,20180828,8039.01,8030.04,8046.31,8009.59,8017.9,12.14,0.1514,0.46,198027.0
IXIC,20180829,8044.34,8109.69,8113.56,8042.1,8030.04,79.65,0.9919,0.89,190988.0
IXIC,20180830,8094.2,8088.36,8133.3,8069.57,8109.69,-21.33,-0.263,0.79,202272.0
IXIC,20180831,8079.31,8109.54,8119.82,8079.31,8088.36,21.18,0.2619,0.5,190690.0
IXIC,20180904,8087.95,8091.25,8104.07,8042.14,8109.54,-18.29,-0.2255,0.76,223871.0
IXIC,20180905,8073.53,7995.17,8077.84,7962.35,8091.25,-96.08,-1.1875,1.43,260281.0
IXIC,20180906,7998.27,7922.73,8001.97,7885.49,7995.17,-72.44,-0.906,1.46,237538.0
IXIC,20180907,7878.79,7902.54,7962.53,7873.93,7922.73,-20.19,-0.2548,1.12,215893.0
IXIC,20180910,7939.57,7924.16,7945.03,7890.39,7902.54,21.62,0.2736,0.69,205543.0
IXIC,20180911,7894.87,7972.47,7986.32,7880.92,7924.16,48.31,0.6097,1.33,234508.0
IXIC,20180912,7958.87,7954.23,7965.39,7884.05,7972.47,-18.24,-0.2288,1.02,237232.0
IXIC,20180913,7999.93,8013.71,8037.51,7989.85,7954.23,59.48,0.7478,0.6,233293.0
IXIC,20180914,8026.16,8010.04,8040.83,7979.78,8013.71,-3.67,-0.0458,0.76,206938.0
IXIC,20180917,7992.21,7895.79,8002.78,7890.07,8010.04,-114.25,-1.4263,1.41,230360.0
IXIC,20180918,7903.57,7956.11,7986.1,7901.01,7895.79,60.32,0.764,1.08,232826.0
IXIC,20180919,7962.55,7950.04,7976.12,7917.73,7956.11,-6.07,-0.0763,0.73,216772.0
IXIC,20180920,7993.53,8028.23,8039.06,7986.41,7950.04,78.19,0.9835,0.66,230658.0
IXIC,20180921,8041.69,7986.96,8057.26,7979.67,8028.23,-41.27,-0.5141,0.97,372989.0
IXIC,20180924,7939.38,7993.25,7997.9,7912.47,7986.96,6.29,0.0788,1.07,243326.0
IXIC,20180925,8001.59,8007.47,8014.12,7979.29,7993.25,14.22,0.1779,0.44,232866.0
IXIC,20180926,8011.68,7990.37,8067.03,7982.76,8007.47,-17.1,-0.2136,1.05,234237.0
IXIC,20180927,8021.22,8041.97,8071.56,8017.91,7990.37,51.6,0.6458,0.67,207393.0
IXIC,20180928,8024.5,8046.35,8065.06,8015.87,8041.97,4.38,0.0545,0.61,234212.0
IXIC,20181001,8091.5,8037.3,8107.38,8019.77,8046.35,-9.05,-0.1125,1.09,229952.0
IXIC,20181002,8024.47,7999.55,8054.15,7983.99,8037.3,-37.75,-0.4697,0.87,241680.0
IXIC,20181003,8034.65,8025.09,8053.93,8012.03,7999.55,25.54,0.3193,0.52,309563.0
IXIC,20181004,7993.33,7879.51,7997.17,7833.16,8025.09,-145.58,-1.8141,2.04,330269.0
IXIC,20181005,7874.76,7788.45,7902.67,7715.97,7879.51,-91.06,-1.1557,2.37,269937.0
IXIC,20181008,7747.1,7735.95,7797.32,7654.84,7788.45,-52.5,-0.6741,1.83,225930.0
IXIC,20181009,7728.51,7738.02,7799.75,7718.95,7735.95,2.07,0.0268,1.04,246644.0
IXIC,20181010,7694.08,7422.05,7701.2,7420.56,7738.02,-315.97,-4.0833,3.63,311168.0
IXIC,20181011,7388.07,7329.06,7493.21,7274.04,7422.05,-92.99,-1.2529,2.95,315452.0
IXIC,20181012,7507.84,7496.89,7516.69,7368.33,7329.06,167.83,2.2899,2.02,267421.0
IXIC,20181015,7473.33,7430.74,7500.93,7400.07,7496.89,-66.15,-0.8824,1.35,216700.0
IXIC,20181016,7501.78,7645.49,7658.14,7493.44,7430.74,214.75,2.89,2.22,263976.0
IXIC,20181017,7669.26,7642.7,7670.49,7563.09,7645.49,-2.79,-0.0365,1.4,238507.0
IXIC,20181018,7616.47,7485.14,7616.86,7452.46,7642.7,-157.56,-2.0616,2.15,256798.0
IXIC,20181019,7530.16,7449.03,7582.89,7428.3,7485.14,-36.11,-0.4824,2.07,254779.0
IXIC,20181022,7486.74,7468.63,7520.54,7424.74,7449.03,19.6,0.2631,1.29,230101.0
IXIC,20181023,7328.55,7437.54,7472.58,7260.13,7468.63,-31.09,-0.4163,2.84,275201.0
IXIC,20181024,7423.21,7108.4,7435.69,7099.0,7437.54,-329.14,-4.4254,4.53,295956.0
IXIC,20181025,7197.49,7318.34,7364.82,7178.54,7108.4,209.94,2.9534,2.62,278809.0
IXIC,20181026,7125.18,7167.21,7283.32,7057.0,7318.34,-151.13,-2.0651,3.09,297153.0
IXIC,20181029,7272.42,7050.29,7295.61,6922.83,7167.21,-116.92,-1.6313,5.2,271190.0
IXIC,20181030,7017.87,7161.65,7166.84,7001.48,7050.29,111.36,1.5795,2.35,269922.0
IXIC,20181031,7276.62,7305.9,7368.49,7270.63,7161.65,144.25,2.0142,1.37,291888.0
IXIC,20181101,7327.82,7434.06,7435.88,7286.5,7305.9,128.16,1.7542,2.04,272876.0
IXIC,20181102,7424.02,7356.99,7466.53,7298.68,7434.06,-77.07,-1.0367,2.26,289967.0
IXIC,20181105,7344.08,7328.85,7349.23,7255.88,7356.99,-28.14,-0.3825,1.27,218631.0
IXIC,20181106,7326.07,7375.96,7400.64,7320.89,7328.85,47.11,0.6428,1.09,230092.0
IXIC,20181107,7446.09,7570.75,7572.93,7435.87,7375.96,194.79,2.6409,1.86,268741.0
IXIC,20181108,7544.17,7530.88,7566.93,7499.71,7570.75,-39.87,-0.5266,0.89,247516.0
IXIC,20181109,7468.51,7406.9,7474.34,7349.48,7530.88,-123.98,-1.6463,1.66,242675.0
IXIC,20181112,7364.05,7200.87,7371.09,7193.77,7406.9,-206.03,-2.7816,2.39,230534.0
IXIC,20181113,7230.69,7200.87,7319.12,7182.86,7200.87,0.0,0.0,1.89,236124.0
IXIC,20181114,7265.39,7136.39,7285.57,7101.17,7200.87,-64.48,-0.8954,2.56,256621.0
IXIC,20181115,7112.83,7259.03,7274.26,7072.36,7136.39,122.64,1.7185,2.83,252350.0
IXIC,20181116,7193.6,7247.87,7274.86,7171.7,7259.03,-11.16,-0.1537,1.42,246698.0
IXIC,20181119,7217.24,7028.48,7224.12,7011.4,7247.87,-219.39,-3.027,2.93,238143.0
IXIC,20181120,6867.43,6908.82,6994.75,6830.76,7028.48,-119.66,-1.7025,2.33,267225.0
IXIC,20181121,6985.51,6972.25,7029.92,6951.62,6908.82,63.43,0.9181,1.13,186784.0
IXIC,20181123,6919.52,6938.98,6987.89,6919.16,6972.25,-33.27,-0.4772,0.99,95895.0
IXIC,20181126,7026.5,7081.85,7083.93,7003.12,6938.98,142.87,2.0589,1.16,203691.0
IXIC,20181127,7041.23,7082.7,7105.14,7014.36,7081.85,0.85,0.012,1.28,207679.0
IXIC,20181128,7135.08,7291.59,7292.71,7090.98,7082.7,208.89,2.9493,2.85,241312.0
IXIC,20181129,7267.37,7273.08,7319.96,7217.69,7291.59,-18.51,-0.2539,1.4,201819.0
IXIC,20181130,7279.3,7330.54,7332.79,7255.68,7273.08,57.46,0.79,1.06,254797.0
IXIC,20181203,7486.13,7441.51,7486.51,7392.22,7330.54,110.97,1.5138,1.29,264315.0
IXIC,20181204,7407.95,7158.43,7421.11,7150.11,7441.51,-283.08,-3.8041,3.64,265572.0
IXIC,20181206,7017.05,7188.26,7189.52,6984.34,7158.43,29.83,0.4167,2.87,285765.0
IXIC,20181207,7163.49,6969.25,7205.37,6945.27,7188.26,-219.01,-3.0468,3.62,250468.0
IXIC,20181210,6959.63,7020.52,7047.62,6878.99,6969.25,51.27,0.7357,2.42,238027.0
IXIC,20181211,7121.66,7031.83,7129.83,6983.01,7020.52,11.31,0.1611,2.09,228681.0
IXIC,20181212,7127.0,7098.31,7197.29,7096.56,7031.83,66.48,0.9454,1.43,242708.0
IXIC,20181213,7135.28,7070.33,7154.64,7034.82,7098.31,-27.98,-0.3942,1.69,216221.0
IXIC,20181214,6986.37,6910.66,7027.17,6898.99,7070.33,-159.67,-2.2583,1.81,221833.0
IXIC,20181217,6886.46,6753.73,6931.81,6710.01,6910.66,-156.93,-2.2708,3.21,269740.0
IXIC,20181218,6809.82,6783.91,6847.27,6733.71,6753.73,30.18,0.4469,1.68,262327.0
IXIC,20181219,6777.59,6636.83,6868.86,6586.5,6783.91,-147.08,-2.1681,4.16,291914.0
IXIC,20181220,6607.76,6528.41,6666.2,6447.91,6636.83,-108.42,-1.6336,3.29,328244.0
IXIC,20181221,6573.49,6332.99,6586.68,6304.63,6528.41,-195.42,-2.9934,4.32,457167.0
IXIC,20181224,6278.49,6192.92,6355.18,6190.17,6332.99,-140.07,-2.2118,2.61,164744.0
IXIC,20181226,6257.86,6554.36,6555.53,6214.34,6192.92,361.44,5.8363,5.51,257289.0
IXIC,20181227,6457.19,6579.49,6583.01,6336.97,6554.36,25.13,0.3834,3.75,244911.0
IXIC,20181228,6616.79,6584.52,6684.18,6529.22,6579.49,5.03,0.0765,2.36,221625.0
IXIC,20181231,6649.52,6635.28,6659.96,6570.06,6584.52,50.76,0.7709,1.37,210932.0
IXIC,20190102,6506.91,6665.94,6693.71,6506.88,6635.28,30.66,0.4621,2.82,226180.0
IXIC,20190103,6584.77,6463.5,6600.21,6457.13,6665.94,-202.44,-3.0369,2.15,263155.0
IXIC,20190104,6567.14,6738.86,6760.69,6554.24,6463.5,275.36,4.2602,3.19,259615.0
IXIC,20190107,6757.53,6823.47,6855.6,6741.4,6738.86,84.61,1.2556,1.69,252345.0
IXIC,20190108,6893.44,6897.0,6909.58,6795.86,6823.47,73.53,1.0776,1.67,240734.0
IXIC,20190109,6923.06,6957.08,6985.22,6899.56,6897.0,60.08,0.8711,1.24,243450.0
IXIC,20190110,6908.65,6986.07,6991.37,6877.08,6957.08,28.99,0.4167,1.64,219011.0
IXIC,20190111,6947.46,6971.48,6975.65,6933.6,6986.07,-14.59,-0.2088,0.6,207431.0
IXIC,20190114,6908.03,6905.92,6936.22,6887.48,6971.48,-65.56,-0.9404,0.7,196078.0
IXIC,20190115,6931.39,7023.83,7025.85,6928.12,6905.92,117.91,1.7074,1.42,206609.0
IXIC,20190116,7033.75,7034.69,7079.63,7028.12,7023.83,10.86,0.1546,0.73,216373.0
IXIC,20190117,7010.13,7084.46,7113.95,7003.62,7034.69,49.77,0.7075,1.57,214928.0
IXIC,20190118,7134.09,7157.23,7185.38,7096.62,7084.46,72.77,1.0272,1.25,245992.0
IXIC,20190122,7109.57,7020.36,7110.16,6979.81,7157.23,-136.87,-1.9123,1.82,239766.0
IXIC,20190123,7061.65,7025.77,7084.85,6953.23,7020.36,5.41,0.0771,1.87,228809.0
IXIC,20190124,7042.25,7073.46,7078.96,7029.95,7025.77,47.69,0.6788,0.7,241911.0
IXIC,20190125,7128.18,7164.86,7174.56,7111.09,7073.46,91.4,1.2922,0.9,244655.0
IXIC,20190128,7075.01,7085.68,7086.3,7034.25,7164.86,-79.18,-1.1051,0.73,244879.0
IXIC,20190129,7087.49,7028.29,7092.29,7011.47,7085.68,-57.39,-0.8099,1.14,210637.0
IXIC,20190130,7094.79,7183.08,7201.31,7065.57,7028.29,154.79,2.2024,1.93,256941.0
IXIC,20190131,7208.17,7281.74,7303.12,7205.95,7183.08,98.66,1.3735,1.35,294749.0
IXIC,20190201,7256.37,7263.87,7299.94,7243.41,7281.74,-17.87,-0.2454,0.78,239880.0
IXIC,20190204,7266.28,7347.54,7348.23,7261.07,7263.87,83.67,1.1519,1.2,210603.0
IXIC,20190205,7356.34,7402.08,7408.68,7355.36,7347.54,54.54,0.7423,0.73,228496.0
IXIC,20190206,7400.44,7375.28,7410.77,7346.72,7402.08,-26.8,-0.3621,0.87,217940.0
IXIC,20190207,7316.5,7288.35,7336.74,7235.05,7375.28,-86.93,-1.1787,1.38,231070.0
IXIC,20190208,7232.3,7298.2,7299.44,7225.14,7288.35,9.85,0.1351,1.02,210252.0
IXIC,20190211,7327.37,7307.9,7343.56,7290.03,7298.2,9.7,0.1329,0.73,190849.0
IXIC,20190212,7358.85,7414.62,7419.43,7349.8,7307.9,106.72,1.4603,0.95,214013.0
IXIC,20190213,7437.46,7420.38,7461.66,7413.84,7414.62,5.76,0.0777,0.64,210384.0
IXIC,20190214,7390.25,7426.95,7454.42,7375.71,7420.38,6.57,0.0885,1.06,211750.0
IXIC,20190215,7468.57,7472.41,7477.28,7440.26,7426.95,45.46,0.6121,0.5,226364.0
IXIC,20190219,7450.75,7486.77,7507.79,7450.27,7472.41,14.36,0.1922,0.77,212414.0
IXIC,20190220,7490.31,7489.07,7513.7,7455.25,7486.77,2.3,0.0307,0.78,220267.0
IXIC,20190221,7475.41,7459.71,7485.75,7430.89,7489.07,-29.36,-0.392,0.73,214468.0
IXIC,20190222,7481.63,7527.54,7527.54,7479.01,7459.71,67.83,0.9093,0.65,242856.0
IXIC,20190225,7585.3,7554.46,7602.69,7551.61,7527.54,26.92,0.3576,0.68,239941.0
IXIC,20190226,7535.29,7549.3,7573.22,7524.31,7554.46,-5.16,-0.0683,0.65,230576.0
IXIC,20190227,7526.42,7554.51,7562.29,7485.39,7549.3,5.21,0.069,1.02,243079.0
IXIC,20190228,7533.31,7532.53,7561.9,7516.48,7554.51,-21.98,-0.291,0.6,267679.0
IXIC,20190301,7587.45,7595.35,7603.04,7540.75,7532.53,62.82,0.834,0.83,249092.0
IXIC,20190304,7636.62,7577.57,7643.66,7501.56,7595.35,-17.78,-0.2341,1.87,258209.0
IXIC,20190305,7582.29,7576.36,7598.66,7543.54,7577.57,-1.21,-0.016,0.73,216667.0
IXIC,20190306,7575.38,7505.92,7579.02,7499.87,7576.36,-70.44,-0.9297,1.04,225655.0
IXIC,20190307,7483.79,7421.46,7489.08,7397.19,7505.92,-84.46,-1.1252,1.22,246269.0
IXIC,20190308,7334.35,7408.14,7411.52,7332.92,7421.46,-13.32,-0.1795,1.06,226095.0
IXIC,20190311,7442.56,7558.06,7558.23,7442.4,7408.14,149.92,2.0237,1.56,224846.0
IXIC,20190312,7571.85,7591.03,7611.13,7560.46,7558.06,32.97,0.4362,0.67,217162.0
IXIC,20190313,7621.38,7643.41,7677.07,7619.46,7591.03,52.38,0.69,0.76,237926.0
IXIC,20190314,7644.79,7630.91,7653.1,7627.02,7643.41,-12.5,-0.1635,0.34,219890.0
IXIC,20190315,7658.41,7688.53,7714.96,7652.04,7630.91,57.62,0.7551,0.82,345186.0
IXIC,20190318,7696.38,7714.48,7737.67,7677.74,7688.53,25.95,0.3375,0.78,230214.0
IXIC,20190319,7747.4,7723.95,7767.89,7699.15,7714.48,9.47,0.1228,0.89,245792.0
IXIC,20190320,7721.95,7728.97,7779.24,7674.04,7723.95,5.02,0.065,1.36,246423.0
IXIC,20190321,7705.43,7838.96,7850.11,7705.43,7728.97,109.99,1.4231,1.87,250281.0
IXIC,20190322,7800.25,7642.67,7817.83,7642.57,7838.96,-196.29,-2.504,2.24,250474.0
IXIC,20190325,7618.98,7637.54,7662.38,7579.29,7642.67,-5.13,-0.0671,1.09,216249.0
IXIC,20190326,7700.0,7691.52,7738.17,7649.21,7637.54,53.98,0.7068,1.16,208035.0
IXIC,20190327,7702.05,7643.38,7712.84,7582.09,7691.52,-48.14,-0.6259,1.7,224407.0
IXIC,20190328,7660.07,7669.17,7689.16,7619.82,7643.38,25.79,0.3374,0.91,192215.0
IXIC,20190329,7726.71,7729.32,7733.62,7688.51,7669.17,60.15,0.7843,0.59,231179.0
IXIC,20190401,7800.24,7828.91,7831.45,7777.09,7729.32,99.59,1.2885,0.7,223005.0
IXIC,20190402,7824.61,7848.69,7854.92,7811.28,7828.91,19.78,0.2527,0.56,212325.0
IXIC,20190403,7891.18,7895.55,7938.26,7870.9,7848.69,46.86,0.597,0.86,250963.0
IXIC,20190404,7894.26,7891.78,7917.65,7844.96,7895.55,-3.77,-0.0477,0.92,215264.0
IXIC,20190405,7914.51,7938.69,7940.45,7909.14,7891.78,46.91,0.5944,0.4,215705.0
IXIC,20190408,7924.89,7953.88,7955.9,7891.85,7938.69,15.19,0.1913,0.81,207555.0
IXIC,20190409,7924.77,7909.28,7945.55,7897.61,7953.88,-44.6,-0.5607,0.6,207880.0
IXIC,20190410,7922.73,7964.24,7965.33,7916.9,7909.28,54.96,0.6949,0.61,201229.0
IXIC,20190411,7975.2,7947.36,7975.2,7933.41,7964.24,-16.88,-0.2119,0.52,196948.0
IXIC,20190412,7984.15,7984.16,7992.09,7952.61,7947.36,36.8,0.463,0.5,196890.0
IXIC,20190415,7987.16,7976.01,7993.33,7933.56,7984.16,-8.15,-0.1021,0.75,182771.0
IXIC,20190416,8000.57,8000.23,8017.56,7978.81,7976.01,24.22,0.3037,0.49,210274.0
IXIC,20190417,8044.97,7996.08,8052.4,7973.38,8000.23,-4.15,-0.0519,0.99,231733.0
IXIC,20190418,7998.45,7998.06,8002.31,7950.97,7996.08,1.98,0.0248,0.64,212463.0
IXIC,20190422,7969.37,8015.27,8017.15,7965.9,7998.06,17.21,0.2152,0.64,179099.0
IXIC,20190423,8026.75,8120.82,8128.87,8023.81,8015.27,105.55,1.3169,1.31,209941.0
IXIC,20190424,8122.88,8102.01,8139.55,8101.7,8120.82,-18.81,-0.2316,0.47,204331.0
IXIC,20190425,8150.85,8118.68,8151.84,8075.41,8102.01,16.67,0.2058,0.94,207337.0
IXIC,20190426,8100.28,8146.4,8146.42,8060.89,8118.68,27.72,0.3414,1.05,198256.0
IXIC,20190429,8147.65,8161.85,8176.08,8136.41,8146.4,15.45,0.1897,0.49,178186.0
IXIC,20190430,8104.91,8095.39,8124.61,8050.55,8161.85,-66.46,-0.8143,0.91,213185.0
IXIC,20190501,8132.93,8049.64,8146.0,8048.23,8095.39,-45.75,-0.5651,1.21,227354.0
IXIC,20190502,8046.48,8036.77,8094.06,7976.77,8049.64,-12.87,-0.1599,1.46,221153.0
IXIC,20190503,8092.88,8164.0,8164.71,8084.8,8036.77,127.23,1.5831,0.99,208108.0
IXIC,20190506,7981.85,8123.29,8135.54,7981.85,8164.0,-40.71,-0.4987,1.88,197965.0
IXIC,20190507,8043.52,7963.76,8070.97,7899.02,8123.29,-159.53,-1.9639,2.12,239760.0
IXIC,20190508,7946.24,7943.32,8004.49,7923.35,7963.76,-20.44,-0.2567,1.02,221468.0
IXIC,20190509,7853.21,7910.59,7929.78,7796.16,7943.32,-32.73,-0.412,1.68,254950.0
IXIC,20190510,7881.31,7916.94,7949.34,7759.34,7910.59,6.35,0.0803,2.4,242147.0
IXIC,20190513,7720.07,7647.02,7760.83,7627.22,7916.94,-269.92,-3.4094,1.69,248482.0
IXIC,20190514,7689.66,7734.49,7776.2,7665.3,7647.02,87.47,1.1438,1.45,210314.0
IXIC,20190515,7682.8,7822.15,7838.72,7682.24,7734.49,87.66,1.1334,2.02,201408.0
IXIC,20190516,7832.58,7898.05,7946.23,7826.67,7822.15,75.9,0.9703,1.53,216872.0
IXIC,20190517,7829.03,7816.28,7918.71,7810.35,7898.05,-81.77,-1.0353,1.37,217638.0
IXIC,20190520,7714.06,7702.38,7747.27,7678.35,7816.28,-113.9,-1.4572,0.88,213070.0
IXIC,20190521,7765.57,7785.72,7804.44,7752.92,7702.38,83.34,1.082,0.67,200013.0
IXIC,20190522,7749.8,7750.84,7786.33,7738.35,7785.72,-34.88,-0.448,0.62,188466.0
IXIC,20190523,7660.72,7628.28,7665.15,7585.32,7750.84,-122.56,-1.5812,1.03,227053.0
IXIC,20190524,7675.57,7637.01,7694.15,7631.25,7628.28,8.73,0.1144,0.82,168523.0
IXIC,20190528,7655.66,7607.35,7693.74,7603.76,7637.01,-29.66,-0.3884,1.18,237847.0
IXIC,20190529,7553.02,7547.31,7581.11,7503.94,7607.35,-60.04,-0.7892,1.01,228212.0
IXIC,20190530,7565.46,7567.72,7595.9,7527.66,7547.31,20.41,0.2704,0.9,187518.0
IXIC,20190531,7470.95,7453.15,7506.86,7448.23,7567.72,-114.57,-1.5139,0.77,223942.0
IXIC,20190603,7441.21,7333.02,7457.66,7292.22,7453.15,-120.13,-1.6118,2.22,258067.0
IXIC,20190604,7413.94,7527.12,7529.5,7385.02,7333.02,194.1,2.6469,1.97,237413.0
IXIC,20190605,7585.68,7575.48,7589.47,7498.17,7527.12,48.36,0.6425,1.21,213929.0
IXIC,20190606,7582.24,7615.55,7634.12,7546.22,7575.48,40.07,0.5289,1.16,209347.0
IXIC,20190607,7652.97,7742.1,7767.02,7647.91,7615.55,126.55,1.6617,1.56,207412.0
IXIC,20190610,7798.87,7823.17,7895.44,7795.76,7742.1,81.07,1.0471,1.29,204234.0
IXIC,20190611,7901.04,7822.57,7909.99,7798.63,7823.17,-0.6,-0.0077,1.42,212115.0
IXIC,20190612,7803.13,7792.72,7819.16,7773.97,7822.57,-29.85,-0.3816,0.58,197893.0
IXIC,20190613,7822.56,7837.13,7848.36,7813.6,7792.72,44.41,0.5699,0.45,184836.0
IXIC,20190614,7807.19,7796.66,7819.21,7778.12,7837.13,-40.47,-0.5164,0.52,180837.0
IXIC,20190617,7819.43,7845.02,7865.98,7812.61,7796.66,48.36,0.6203,0.68,195055.0
IXIC,20190618,7920.98,7953.88,8005.21,7911.67,7845.02,108.86,1.3876,1.19,225055.0
IXIC,20190619,7970.26,7987.32,7998.59,7930.38,7953.88,33.44,0.4204,0.86,202752.0
IXIC,20190620,8087.45,8051.34,8088.88,7996.87,7987.32,64.02,0.8015,1.15,210825.0
IXIC,20190621,8028.69,8031.71,8073.02,8011.2,8051.34,-19.63,-0.2438,0.77,290954.0
IXIC,20190624,8040.58,8005.7,8047.56,8004.63,8031.71,-26.01,-0.3238,0.53,207347.0
IXIC,20190625,8005.27,7884.72,8007.31,7879.15,8005.7,-120.98,-1.5112,1.6,213255.0
IXIC,20190626,7933.92,7909.97,7974.28,7903.07,7884.72,25.25,0.3202,0.9,212273.0
IXIC,20190627,7939.36,7967.76,7976.58,7935.47,7909.97,57.79,0.7306,0.52,208392.0
IXIC,20190628,7988.76,8006.24,8010.15,7961.46,7967.76,38.48,0.4829,0.61,410149.0
IXIC,20190701,8145.85,8091.16,8150.45,8059.29,8006.24,84.92,1.0607,1.14,221903.0
IXIC,20190702,8086.65,8109.09,8109.37,8063.11,8091.16,17.93,0.2216,0.57,195659.0
IXIC,20190703,8129.57,8170.23,8170.23,8122.34,8109.09,61.14,0.754,0.59,154824.0
IXIC,20190705,8123.28,8161.79,8171.97,8093.66,8170.23,-8.44,-0.1033,0.96,169070.0
IXIC,20190708,8112.91,8098.38,8112.91,8078.39,8161.79,-63.41,-0.7769,0.42,195716.0
IXIC,20190709,8061.41,8141.73,8146.98,8061.32,8098.38,43.35,0.5353,1.06,187143.0
IXIC,20190710,8183.19,8202.53,8228.6,8160.56,8141.73,60.8,0.7468,0.84,206664.0
IXIC,20190711,8219.28,8196.04,8226.18,8171.63,8202.53,-6.49,-0.0791,0.67,197069.0
IXIC,20190712,8209.2,8244.15,8245.66,8201.52,8196.04,48.11,0.587,0.54,183596.0
IXIC,20190715,8263.18,8258.19,8264.78,8236.27,8244.15,14.04,0.1703,0.35,179077.0
IXIC,20190716,8251.66,8222.8,8259.75,8204.23,8258.19,-35.39,-0.4285,0.67,194701.0
IXIC,20190717,8224.0,8185.21,8230.67,8184.66,8222.8,-37.59,-0.4571,0.56,188712.0
IXIC,20190718,8151.76,8207.24,8215.58,8135.12,8185.21,22.03,0.2691,0.98,206379.0
IXIC,20190719,8241.34,8146.49,8245.78,8144.63,8207.24,-60.75,-0.7402,1.23,189305.0
IXIC,20190722,8171.99,8204.14,8218.42,8171.54,8146.49,57.65,0.7077,0.58,186044.0
IXIC,20190723,8242.5,8251.4,8251.83,8193.89,8204.14,47.26,0.5761,0.71,184505.0
IXIC,20190724,8227.36,8321.5,8321.81,8226.5,8251.4,70.1,0.8496,1.16,195367.0
IXIC,20190725,8294.68,8238.54,8295.95,8233.4,8321.5,-82.96,-0.9969,0.75,205809.0
IXIC,20190726,8294.3,8330.21,8339.64,8291.12,8238.54,91.67,1.1127,0.59,197511.0
IXIC,20190729,8325.1,8293.33,8325.28,8247.37,8330.21,-36.88,-0.4427,0.94,188298.0
IXIC,20190730,8231.77,8273.61,8295.46,8228.02,8293.33,-19.72,-0.2378,0.81,189361.0
IXIC,20190731,8290.8,8175.42,8299.83,8110.02,8273.61,-98.19,-1.1868,2.29,267923.0
IXIC,20190801,8190.56,8111.12,8311.04,8080.52,8175.42,-64.3,-0.7865,2.82,281542.0
IXIC,20190802,8056.42,8004.07,8068.8,7953.67,8111.12,-107.05,-1.3198,1.42,226255.0
IXIC,20190805,7823.33,7726.04,7836.45,7662.9,8004.07,-278.03,-3.4736,2.17,266178.0
IXIC,20190806,7804.51,7833.27,7845.01,7739.57,7726.04,107.23,1.3879,1.36,221762.0
IXIC,20190807,7747.27,7862.83,7881.38,7702.42,7833.27,29.56,0.3774,2.28,247017.0
IXIC,20190808,7921.59,8039.16,8041.12,7896.15,7862.83,176.33,2.2426,1.84,244295.0
IXIC,20190809,7997.19,7959.14,8020.56,7910.35,8039.16,-80.02,-0.9954,1.37,222118.0
IXIC,20190812,7907.49,7863.41,7924.99,7833.79,7959.14,-95.73,-1.2028,1.15,206892.0
IXIC,20190813,7852.37,8016.36,8065.24,7851.58,7863.41,152.95,1.9451,2.72,235357.0
IXIC,20190814,7877.33,7773.94,7900.28,7762.87,8016.36,-242.42,-3.0241,1.71,254367.0
IXIC,20190815,7790.2,7766.62,7805.93,7716.55,7773.94,-7.32,-0.0942,1.15,219081.0
IXIC,20190816,7828.35,7895.99,7907.52,7828.35,7766.62,129.37,1.6657,1.02,201871.0
IXIC,20190819,8006.18,8002.81,8026.75,7974.36,7895.99,106.82,1.3528,0.66,194644.0
IXIC,20190820,7989.36,7948.56,8010.58,7948.09,8002.81,-54.25,-0.6779,0.78,175073.0
IXIC,20190821,8017.07,8020.21,8036.94,7998.5,7948.56,71.65,0.9014,0.48,172141.0
IXIC,20190822,8038.79,7991.39,8048.58,7937.12,8020.21,-28.82,-0.3593,1.39,178076.0
IXIC,20190823,7943.65,7751.77,8005.34,7730.77,7991.39,-239.62,-2.9985,3.44,221437.0
IXIC,20190826,7829.58,7853.74,7856.04,7789.05,7751.77,101.97,1.3154,0.86,169199.0
IXIC,20190827,7908.78,7826.95,7916.83,7795.18,7853.74,-26.79,-0.3411,1.55,191493.0
IXIC,20190828,7798.35,7856.88,7866.87,7766.67,7826.95,29.93,0.3824,1.28,166345.0
IXIC,20190829,7945.78,7973.39,7992.29,7925.83,7856.88,116.51,1.4829,0.85,170376.0
IXIC,20190830,8015.16,7962.88,8017.91,7914.74,7973.39,-10.51,-0.1318,1.29,166811.0
IXIC,20190903,7906.44,7874.16,7940.37,7847.32,7962.88,-88.72,-1.1142,1.17,193878.0
IXIC,20190904,7949.81,7976.88,7981.41,7928.94,7874.16,102.72,1.3045,0.67,189374.0
IXIC,20190905,8061.29,8116.83,8134.42,8061.29,7976.88,139.95,1.7544,0.92,210870.0
IXIC,20190906,8125.58,8103.07,8134.39,8098.52,8116.83,-13.76,-0.1695,0.44,187873.0
IXIC,20190909,8130.91,8087.44,8131.66,8052.34,8103.07,-15.63,-0.1929,0.98,218666.0
IXIC,20190910,8049.98,8084.16,8086.53,8001.68,8087.44,-3.28,-0.0406,1.05,236608.0
IXIC,20190911,8091.68,8169.68,8169.68,8081.56,8084.16,85.52,1.0579,1.09,232261.0
IXIC,20190912,8206.58,8194.47,8243.8,8176.73,8169.68,24.79,0.3034,0.82,222810.0
IXIC,20190913,8190.57,8176.71,8210.2,8165.47,8194.47,-17.76,-0.2167,0.55,198457.0
IXIC,20190916,8121.64,8153.54,8165.33,8121.25,8176.71,-23.17,-0.2834,0.54,187654.0
IXIC,20190917,8148.65,8186.02,8188.23,8139.82,8153.54,32.48,0.3984,0.59,185735.0
IXIC,20190918,8174.62,8177.39,8179.87,8086.22,8186.02,-8.63,-0.1054,1.14,204559.0
IXIC,20190919,8193.59,8182.88,8237.43,8174.32,8177.39,5.49,0.0671,0.77,181843.0
IXIC,20190920,8184.88,8117.67,8202.82,8086.16,8182.88,-65.21,-0.7969,1.43,336323.0
IXIC,20190923,8106.49,8112.46,8135.81,8085.34,8117.67,-5.21,-0.0642,0.62,178175.0
IXIC,20190924,8147.23,7993.63,8158.83,7969.65,8112.46,-118.83,-1.4648,2.33,231094.0
IXIC,20190925,7990.66,8077.38,8095.0,7935.57,7993.63,83.75,1.0477,1.99,202208.0
IXIC,20190926,8070.12,8030.66,8072.11,7991.02,8077.38,-46.72,-0.5784,1.0,188631.0
IXIC,20190927,8047.11,7939.63,8051.83,7890.28,8030.66,-91.03,-1.1335,2.01,204125.0
IXIC,20190930,7964.09,7999.34,8012.16,7949.63,7939.63,59.71,0.7521,0.79,180905.0
IXIC,20191001,8026.83,7908.68,8062.5,7906.29,7999.34,-90.66,-1.1333,1.95,225050.0
IXIC,20191002,7851.13,7785.25,7852.7,7744.96,7908.68,-123.43,-1.5607,1.36,250363.0
IXIC,20191003,7787.02,7872.26,7872.26,7700.0,7785.25,87.01,1.1176,2.21,215722.0
IXIC,20191004,7908.44,7982.47,7986.62,7899.39,7872.26,110.21,1.4,1.11,174800.0
IXIC,20191007,7956.41,7956.29,8013.31,7942.08,7982.47,-26.18,-0.328,0.89,175958.0
IXIC,20191008,7898.27,7823.78,7921.88,7823.73,7956.29,-132.51,-1.6655,1.23,194370.0
IXIC,20191009,7895.96,7903.74,7930.92,7873.52,7823.78,79.96,1.022,0.73,156350.0
IXIC,20191010,7904.56,7950.78,7982.84,7899.81,7903.74,47.04,0.5952,1.05,179347.0
IXIC,20191011,8047.34,8057.04,8115.8,8046.8,7950.78,106.26,1.3365,0.87,218479.0
IXIC,20191014,8044.35,8048.65,8069.85,8036.41,8057.04,-8.39,-0.1041,0.42,142370.0
IXIC,20191015,8074.85,8148.71,8166.18,8071.81,8048.65,100.06,1.2432,1.17,184166.0
IXIC,20191016,8119.81,8124.18,8146.15,8103.38,8148.71,-24.53,-0.301,0.52,190001.0
IXIC,20191017,8176.91,8156.85,8183.64,8131.25,8124.18,32.67,0.4021,0.64,186402.0
IXIC,20191018,8149.85,8089.54,8157.36,8045.37,8156.85,-67.31,-0.8252,1.37,202002.0
IXIC,20191021,8137.42,8162.99,8164.14,8117.26,8089.54,73.45,0.908,0.58,175664.0
IXIC,20191022,8188.12,8104.3,8194.62,8101.98,8162.99,-58.69,-0.719,1.13,185087.0
IXIC,20191023,8090.24,8119.79,8122.88,8078.35,8104.3,15.49,0.1911,0.55,182218.0
IXIC,20191024,8180.04,8185.8,8187.84,8137.66,8119.79,66.01,0.813,0.62,189362.0
IXIC,20191025,8150.59,8243.12,8249.97,8150.59,8185.8,57.32,0.7002,1.21,191158.0
IXIC,20191028,8285.77,8325.99,8335.56,8285.27,8243.12,82.87,1.0053,0.61,195992.0
IXIC,20191029,8313.35,8276.85,8319.29,8275.14,8325.99,-49.14,-0.5902,0.53,184272.0
IXIC,20191030,8284.28,8303.98,8315.5,8241.7,8276.85,27.13,0.3278,0.89,193606.0
IXIC,20191031,8314.38,8292.36,8321.8,8248.81,8303.98,-11.62,-0.1399,0.88,227614.0
IXIC,20191101,8335.05,8386.4,8386.75,8326.56,8292.36,94.04,1.1341,0.73,207135.0
IXIC,20191104,8445.5,8433.2,8451.37,8421.3,8386.4,46.8,0.558,0.36,216683.0
IXIC,20191105,8446.62,8434.68,8457.39,8421.05,8433.2,1.48,0.0176,0.43,232742.0
IXIC,20191106,8426.57,8410.63,8426.57,8379.33,8434.68,-24.05,-0.2851,0.56,234257.0
IXIC,20191107,8455.11,8434.52,8483.16,8415.87,8410.63,23.89,0.284,0.8,240368.0
IXIC,20191108,8422.67,8475.31,8475.57,8405.89,8434.52,40.79,0.4836,0.83,198214.0
IXIC,20191111,8431.26,8464.28,8467.29,8425.48,8475.31,-11.03,-0.1301,0.49,171930.0
IXIC,20191112,8471.07,8486.09,8514.84,8462.99,8464.28,21.81,0.2577,0.61,200144.0
IXIC,20191113,8455.02,8482.1,8496.9,8451.34,8486.09,-3.99,-0.047,0.54,218001.0
IXIC,20191114,8461.06,8479.02,8485.36,8441.58,8482.1,-3.08,-0.0363,0.52,211384.0
IXIC,20191115,8524.48,8540.83,8540.83,8506.8,8479.02,61.81,0.729,0.4,219948.0
IXIC,20191118,8529.16,8549.94,8559.78,8503.62,8540.83,9.11,0.1067,0.66,205326.0
IXIC,20191119,8578.02,8570.66,8589.76,8536.73,8549.94,20.72,0.2423,0.62,209403.0
IXIC,20191120,8543.57,8526.73,8578.27,8468.63,8570.66,-43.93,-0.5126,1.28,260878.0
IXIC,20191121,8527.87,8506.21,8530.73,8487.29,8526.73,-20.52,-0.2407,0.51,207372.0
IXIC,20191122,8530.54,8519.89,8535.46,8477.49,8506.21,13.68,0.1608,0.68,188573.0
IXIC,20191125,8559.65,8632.49,8633.15,8559.65,8519.89,112.6,1.3216,0.86,226275.0
IXIC,20191126,8635.4,8647.93,8659.73,8625.62,8632.49,15.44,0.1789,0.4,243937.0
IXIC,20191127,8669.59,8705.18,8705.91,8662.58,8647.93,57.25,0.662,0.5,174852.0
IXIC,20191129,8682.01,8665.47,8697.32,8664.04,8705.18,-39.71,-0.4562,0.38,109909.0
IXIC,20191202,8672.84,8567.99,8672.84,8540.16,8665.47,-97.48,-1.1249,1.53,224030.0
IXIC,20191203,8460.72,8520.64,8523.98,8435.4,8567.99,-47.35,-0.5526,1.03,231876.0
IXIC,20191204,8557.45,8566.67,8584.88,8552.38,8520.64,46.03,0.5402,0.38,215887.0
IXIC,20191205,8587.93,8570.7,8588.89,8541.92,8566.67,4.03,0.047,0.55,213338.0
IXIC,20191206,8634.25,8656.53,8665.44,8630.58,8570.7,85.83,1.0014,0.41,205702.0
IXIC,20191209,8650.86,8621.83,8678.85,8619.77,8656.53,-34.7,-0.4009,0.68,212387.0
IXIC,20191210,8623.56,8616.18,8650.76,8600.82,8621.83,-5.65,-0.0655,0.58,205876.0
IXIC,20191211,8631.12,8654.05,8658.48,8622.36,8616.18,37.87,0.4395,0.42,198208.0
IXIC,20191212,8645.36,8717.32,8745.82,8633.6,8654.05,63.27,0.7311,1.3,239640.0
IXIC,20191213,8713.91,8734.88,8768.87,8697.58,8717.32,17.56,0.2014,0.82,221963.0
IXIC,20191216,8791.31,8814.23,8833.45,8789.77,8734.88,79.35,0.9084,0.5,236805.0
IXIC,20191217,8829.47,8823.36,8831.99,8804.6,8814.23,9.13,0.1036,0.31,238245.0
IXIC,20191218,8834.65,8827.73,8848.76,8820.42,8823.36,4.37,0.0495,0.32,274233.0
IXIC,20191219,8838.97,8887.22,8888.13,8838.97,8827.73,59.49,0.6739,0.56,244689.0
IXIC,20191220,8911.84,8924.96,8931.91,8901.87,8887.22,37.74,0.4247,0.34,383020.0
IXIC,20191223,8950.2,8945.65,8956.64,8934.55,8924.96,20.69,0.2318,0.25,202867.0
IXIC,20191224,8955.01,8952.88,8957.12,8934.36,8945.65,7.23,0.0808,0.25,101453.0
IXIC,20191226,8970.21,9022.39,9022.46,8968.46,8952.88,69.51,0.7764,0.6,163996.0
IXIC,20191227,9049.47,9006.62,9052.0,8987.32,9022.39,-15.77,-0.1748,0.72,183374.0
IXIC,20191230,9004.45,8945.99,9006.36,8909.19,9006.62,-60.63,-0.6732,1.08,205132.0
IXIC,20191231,8918.74,8972.6,8975.36,8912.77,8945.99,26.61,0.2975,0.7,218683.0
IXIC,20200102,9039.46,9092.19,9093.43,9010.89,8972.6,119.59,1.3328,0.92,286270.0
IXIC,20200103,8976.43,9020.77,9065.76,8976.43,9092.19,-71.42,-0.7855,0.98,258652.0
IXIC,20200106,8943.5,9071.47,9072.41,8943.5,9020.77,50.7,0.562,1.43,281045.0
IXIC,20200107,9076.64,9068.58,9091.93,9042.55,9071.47,-2.89,-0.0319,0.54,238174.0
IXIC,20200108,9068.03,9129.24,9168.89,9059.38,9068.58,60.66,0.6689,1.21,247262.0
IXIC,20200109,9202.27,9203.43,9215.95,9158.5,9129.24,74.19,0.8127,0.63,254096.0
IXIC,20200110,9232.95,9178.86,9235.2,9164.66,9203.43,-24.57,-0.267,0.77,238290.0
IXIC,20200113,9213.72,9273.93,9274.49,9193.06,9178.86,95.07,1.0358,0.89,253682.0
IXIC,20200114,9270.61,9251.33,9298.33,9226.49,9273.93,-22.6,-0.2437,0.77,255316.0
IXIC,20200115,9253.76,9258.7,9298.82,9231.14,9251.33,7.37,0.0797,0.73,244322.0
IXIC,20200116,9313.45,9357.13,9357.92,9301.32,9258.7,98.43,1.0631,0.61,231211.0
IXIC,20200117,9392.37,9388.94,9393.48,9346.81,9357.13,31.81,0.34,0.5,254254.0
IXIC,20200121,9361.07,9370.81,9397.58,9350.2,9388.94,-18.13,-0.1931,0.5,268661.0
IXIC,20200122,9413.61,9383.77,9439.29,9375.13,9370.81,12.96,0.1383,0.68,245458.0
IXIC,20200123,9377.72,9402.48,9409.2,9334.13,9383.77,18.71,0.1994,0.8,246585.0
IXIC,20200124,9446.21,9314.91,9451.43,9273.23,9402.48,-87.57,-0.9314,1.9,262297.0
IXIC,20200127,9092.46,9139.31,9185.45,9088.04,9314.91,-175.6,-1.8852,1.05,259391.0
IXIC,20200128,9201.82,9269.68,9288.87,9182.33,9139.31,130.37,1.4265,1.17,216902.0
IXIC,20200129,9318.26,9275.16,9329.12,9249.04,9269.68,5.48,0.0591,0.86,223462.0
IXIC,20200130,9211.15,9298.93,9303.0,9185.18,9275.16,23.77,0.2563,1.27,234537.0
IXIC,20200131,9324.33,9150.94,9324.8,9123.22,9298.93,-147.99,-1.5915,2.17,269609.0
IXIC,20200203,9190.72,9273.4,9299.85,9188.55,9150.94,122.46,1.3382,1.22,242732.0
IXIC,20200204,9398.39,9467.97,9485.38,9374.05,9273.4,194.57,2.0982,1.2,244734.0
IXIC,20200205,9574.1,9508.68,9574.94,9454.93,9467.97,40.71,0.43,1.27,247024.0
IXIC,20200206,9540.98,9572.15,9575.66,9505.68,9508.68,63.47,0.6675,0.74,231386.0
IXIC,20200207,9526.64,9520.51,9570.09,9496.53,9572.15,-51.64,-0.5395,0.77,224372.0
IXIC,20200210,9493.63,9628.39,9628.66,9493.63,9520.51,107.88,1.1331,1.42,218752.0
IXIC,20200211,9680.89,9638.94,9714.74,9617.21,9628.39,10.55,0.1096,1.01,245007.0
IXIC,20200212,9688.6,9725.96,9728.77,9666.69,9638.94,87.02,0.9028,0.64,236651.0
IXIC,20200213,9657.04,9711.97,9748.32,9650.02,9725.96,-13.99,-0.1438,1.01,225487.0
IXIC,20200214,9728.9,9731.18,9746.36,9693.05,9711.97,19.21,0.1978,0.55,222672.0
IXIC,20200218,9679.04,9732.74,9747.68,9675.8,9731.18,1.56,0.016,0.74,227942.0
IXIC,20200219,9782.81,9817.18,9838.37,9777.1,9732.74,84.44,0.8676,0.63,247086.0
IXIC,20200220,9799.2,9750.96,9820.86,9636.94,9817.18,-66.22,-0.6745,1.87,274573.0
IXIC,20200221,9708.01,9576.59,9715.95,9542.33,9750.96,-174.37,-1.7882,1.78,275016.0
IXIC,20200224,9188.44,9221.28,9322.88,9166.01,9576.59,-355.31,-3.7102,1.64,318859.0
IXIC,20200225,9301.2,8965.61,9315.26,8940.49,9221.28,-255.67,-2.7726,4.06,359552.0
IXIC,20200226,9011.55,8980.77,9148.32,8927.8,8965.61,15.16,0.1691,2.46,358795.0
IXIC,20200227,8744.03,8566.48,8904.11,8562.05,8980.77,-414.29,-4.6131,3.81,455990.0
IXIC,20200228,8269.74,8567.37,8591.82,8264.16,8566.48,0.89,0.0104,3.82,532002.0
IXIC,20200302,8667.14,8952.17,8952.81,8543.35,8567.37,384.8,4.4915,4.78,424902.0
IXIC,20200303,8965.1,8684.09,9070.32,8602.89,8952.17,-268.08,-2.9946,5.22,433670.0
IXIC,20200304,8834.1,9018.09,9019.96,8757.66,8684.09,334.0,3.8461,3.02,363476.0
IXIC,20200305,8790.09,8738.6,8921.08,8677.39,9018.09,-279.49,-3.0992,2.7,376386.0
IXIC,20200306,8469.02,8575.62,8612.36,8375.13,8738.6,-162.98,-1.8651,2.71,429273.0
IXIC,20200309,7957.93,7950.68,8243.31,7943.16,8575.62,-624.94,-7.2874,3.5,455411.0
IXIC,20200310,8219.76,8344.25,8347.4,7930.43,7950.68,393.57,4.9501,5.24,444726.0
IXIC,20200311,8136.25,7952.05,8181.36,7850.95,8344.25,-392.2,-4.7002,3.96,430261.0
IXIC,20200312,7398.58,7201.8,7712.33,7194.67,7952.05,-750.25,-9.4347,6.51,509935.0
IXIC,20200313,7610.39,7874.88,7875.93,7219.09,7201.8,673.08,9.346,9.12,470107.0
IXIC,20200316,7392.73,6904.59,7422.2,6882.86,7874.88,-970.29,-12.3213,6.85,461812.0
IXIC,20200317,7072.0,7334.78,7406.23,6828.91,6904.59,430.19,6.2305,8.36,492021.0
IXIC,20200318,6902.32,6989.84,7182.83,6686.36,7334.78,-344.94,-4.7028,6.77,493500.0
IXIC,20200319,6996.45,7150.58,7341.38,6858.38,6989.84,160.74,2.2996,6.91,477849.0
IXIC,20200320,7248.07,6879.52,7354.44,6854.67,7150.58,-271.06,-3.7907,6.99,526030.0
IXIC,20200323,6847.28,6860.67,6984.94,6631.42,6879.52,-18.85,-0.274,5.14,434841.0
IXIC,20200324,7196.15,7417.86,7418.37,7169.86,6860.67,557.19,8.1215,3.62,444108.0
IXIC,20200325,7421.36,7384.3,7671.21,7276.4,7417.86,-33.56,-0.4524,5.32,468363.0
IXIC,20200326,7462.21,7797.54,7809.82,7462.21,7384.3,413.24,5.5962,4.71,401467.0
IXIC,20200327,7554.25,7502.38,7716.24,7491.13,7797.54,-295.16,-3.7853,2.89,398912.0
IXIC,20200330,7583.46,7774.15,7784.35,7539.97,7502.38,271.77,3.6225,3.26,387077.0
IXIC,20200331,7740.06,7700.1,7880.31,7642.86,7774.15,-74.05,-0.9525,3.05,407896.0
IXIC,20200401,7459.5,7360.58,7566.37,7301.98,7700.1,-339.52,-4.4093,3.43,370004.0
IXIC,20200402,7317.45,7487.31,7501.7,7307.95,7360.58,126.73,1.7217,2.63,362217.0
IXIC,20200403,7477.27,7373.08,7518.72,7288.11,7487.31,-114.23,-1.5256,3.08,329426.0
IXIC,20200406,7660.17,7913.24,7938.33,7617.79,7373.08,540.16,7.3261,4.35,384913.0
IXIC,20200407,8129.99,7887.26,8146.43,7881.22,7913.24,-25.98,-0.3283,3.35,408596.0
IXIC,20200408,7975.72,8090.9,8114.43,7901.94,7887.26,203.64,2.5819,2.69,348744.0
IXIC,20200409,8169.01,8153.58,8227.91,8072.32,8090.9,62.68,0.7747,1.92,414546.0
IXIC,20200413,8127.69,8192.42,8200.44,8035.95,8153.58,38.84,0.4764,2.02,318466.0
IXIC,20200414,8353.21,8515.74,8531.11,8338.08,8192.42,323.32,3.9466,2.36,376741.0
IXIC,20200415,8355.96,8393.18,8464.66,8308.79,8515.74,-122.56,-1.4392,1.83,334792.0
IXIC,20200416,8479.11,8532.36,8560.16,8393.27,8393.18,139.18,1.6583,1.99,405780.0
IXIC,20200417,8667.48,8650.14,8670.3,8531.69,8532.36,117.78,1.3804,1.62,434831.0
IXIC,20200420,8553.38,8560.73,8684.91,8553.38,8650.14,-89.41,-1.0336,1.52,382737.0
IXIC,20200421,8460.69,8263.23,8480.29,8215.69,8560.73,-297.5,-3.4752,3.09,378818.0
IXIC,20200422,8434.55,8495.38,8537.31,8404.54,8263.23,232.15,2.8094,1.61,304152.0
IXIC,20200423,8528.84,8494.75,8635.23,8475.2,8495.38,-0.63,-0.0074,1.88,375989.0
IXIC,20200424,8530.08,8634.52,8642.93,8464.42,8494.75,139.77,1.6454,2.1,369602.0
IXIC,20200427,8717.98,8730.16,8754.57,8697.37,8634.52,95.64,1.1076,0.66,369498.0
IXIC,20200428,8825.68,8607.73,8830.57,8600.7,8730.16,-122.43,-1.4024,2.63,373035.0
IXIC,20200429,8802.7,8914.71,8957.26,8765.01,8607.73,306.98,3.5663,2.23,440714.0
IXIC,20200430,8911.01,8889.55,8926.11,8825.83,8914.71,-25.16,-0.2822,1.12,433566.0
IXIC,20200501,8681.29,8604.95,8754.46,8566.84,8889.55,-284.6,-3.2015,2.11,374130.0
IXIC,20200504,8555.32,8710.71,8715.82,8537.83,8604.95,105.76,1.2291,2.07,344314.0
IXIC,20200505,8809.66,8809.12,8909.96,8781.31,8710.71,98.41,1.1298,1.48,393355.0
IXIC,20200506,8874.7,8854.39,8933.25,8819.37,8809.12,45.27,0.5139,1.29,365675.0
IXIC,20200507,8973.78,8979.66,9015.99,8932.86,8854.39,125.27,1.4148,0.94,378722.0
IXIC,20200508,9056.89,9121.32,9125.98,9018.21,8979.66,141.66,1.5776,1.2,381363.0
IXIC,20200511,9054.91,9192.34,9241.92,9053.17,9121.32,71.02,0.7786,2.07,392545.0
IXIC,20200512,9225.15,9002.55,9250.96,9000.07,9192.34,-189.79,-2.0647,2.73,433651.0
IXIC,20200513,9006.05,8863.17,9074.16,8752.68,9002.55,-139.38,-1.5482,3.57,427321.0
IXIC,20200514,8788.04,8943.72,8945.71,8705.25,8863.17,80.55,0.9088,2.71,396597.0
IXIC,20200515,8839.99,9014.56,9018.4,8821.38,8943.72,70.84,0.7921,2.2,424069.0
IXIC,20200518,9177.15,9234.83,9267.22,9154.35,9014.56,220.27,2.4435,1.25,434182.0
IXIC,20200519,9227.46,9185.1,9317.25,9183.25,9234.83,-49.73,-0.5385,1.45,419355.0
IXIC,20200520,9305.62,9375.78,9392.82,9304.2,9185.1,190.68,2.076,0.96,431550.0
IXIC,20200521,9375.19,9284.88,9405.25,9254.85,9375.78,-90.9,-0.9695,1.6,374527.0
IXIC,20200522,9278.55,9324.59,9328.28,9239.41,9284.88,39.71,0.4277,0.96,366807.0
IXIC,20200526,9501.21,9340.22,9501.21,9333.16,9324.59,15.63,0.1676,1.8,444895.0
IXIC,20200527,9346.12,9412.36,9414.62,9144.28,9340.22,72.14,0.7724,2.89,448911.0
IXIC,20200528,9392.99,9368.99,9523.64,9345.28,9412.36,-43.37,-0.4608,1.89,411366.0
IXIC,20200529,9382.35,9489.87,9505.55,9324.73,9368.99,120.88,1.2902,1.93,474229.0
IXIC,20200601,9471.42,9552.05,9571.28,9462.32,9489.87,62.18,0.6552,1.15,384777.0
IXIC,20200602,9566.53,9608.38,9611.22,9472.08,9552.05,56.33,0.5897,1.46,399008.0
IXIC,20200603,9651.86,9682.91,9707.78,9627.18,9608.38,74.53,0.7757,0.84,467903.0
IXIC,20200604,9649.65,9615.81,9716.14,9560.41,9682.91,-67.1,-0.693,1.61,614132.0
IXIC,20200605,9703.54,9814.08,9845.69,9685.35,9615.81,198.27,2.0619,1.67,660773.0
IXIC,20200608,9823.44,9924.75,9927.13,9780.61,9814.08,110.67,1.1277,1.49,619733.0
IXIC,20200609,9867.19,9953.75,10002.5,9863.27,9924.75,29.0,0.2922,1.4,531945.0
IXIC,20200610,10012.32,10020.35,10086.89,9962.58,9953.75,66.6,0.6691,1.25,517086.0
IXIC,20200611,9791.24,9492.73,9868.08,9491.31,10020.35,-527.62,-5.2655,3.76,530085.0
IXIC,20200612,9715.87,9588.81,9768.64,9413.62,9492.73,96.08,1.0121,3.74,438899.0
IXIC,20200615,9426.9,9726.02,9756.07,9403.0,9588.81,137.21,1.4309,3.68,447601.0
IXIC,20200616,9949.78,9895.87,9963.63,9748.38,9726.02,169.85,1.7463,2.21,466932.0
IXIC,20200617,9943.31,9910.53,9991.21,9891.81,9895.87,14.66,0.1481,1.0,427970.0
IXIC,20200618,9892.48,9943.05,9959.2,9885.66,9910.53,32.52,0.3281,0.74,433532.0
IXIC,20200619,10042.13,9946.12,10053.91,9872.94,9943.05,3.07,0.0309,1.82,609383.0
IXIC,20200622,9945.49,10056.47,10059.61,9916.6,9946.12,110.35,1.1095,1.44,450696.0
IXIC,20200623,10130.83,10131.37,10221.85,10112.44,10056.47,74.9,0.7448,1.09,575517.0
IXIC,20200624,10092.92,9909.17,10137.5,9842.22,10131.37,-222.2,-2.1932,2.91,558913.0
IXIC,20200625,9899.36,10017.0,10023.28,9810.47,9909.17,107.83,1.0882,2.15,477964.0
IXIC,20200626,9995.12,9757.22,10000.67,9749.07,10017.0,-259.78,-2.5934,2.51,730938.0
IXIC,20200629,9771.72,9874.15,9877.34,9663.61,9757.22,116.93,1.1984,2.19,433629.0
IXIC,20200630,9875.29,10058.77,10085.59,9863.67,9874.15,184.62,1.8697,2.25,451019.0
IXIC,20200701,10063.67,10154.63,10197.19,10048.04,10058.77,95.86,0.953,1.48,462443.0
IXIC,20200702,10268.67,10207.63,10310.36,10194.06,10154.63,53.0,0.5219,1.15,403892.0
IXIC,20200706,10360.38,10433.65,10462.05,10354.98,10207.63,226.02,2.2142,1.05,457026.0
IXIC,20200707,10412.46,10343.89,10518.98,10337.98,10433.65,-89.76,-0.8603,1.73,433713.0
IXIC,20200708,10409.35,10492.5,10494.63,10350.96,10343.89,148.61,1.4367,1.39,403021.0
IXIC,20200709,10563.72,10547.75,10578.1,10379.91,10492.5,55.25,0.5266,1.89,401318.0
IXIC,20200710,10545.9,10617.44,10622.35,10447.01,10547.75,69.69,0.6607,1.66,353751.0
IXIC,20200713,10729.92,10390.84,10824.79,10368.04,10617.44,-226.6,-2.1342,4.3,485188.0
IXIC,20200714,10310.25,10488.58,10497.83,10182.46,10390.84,97.74,0.9406,3.04,446177.0
IXIC,20200715,10576.72,10550.49,10604.67,10420.54,10488.58,61.91,0.5903,1.76,464707.0
IXIC,20200716,10443.87,10473.83,10499.79,10364.39,10550.49,-76.66,-0.7266,1.28,427776.0
IXIC,20200717,10500.52,10503.19,10532.62,10421.21,10473.83,29.36,0.2803,1.06,436148.0
IXIC,20200720,10526.02,10767.09,10783.8,10488.04,10503.19,263.9,2.5126,2.82,431463.0
IXIC,20200721,10837.88,10680.36,10839.93,10650.46,10767.09,-86.73,-0.8055,1.76,535075.0
IXIC,20200722,10687.6,10706.13,10745.32,10627.45,10680.36,25.77,0.2413,1.1,412896.0
IXIC,20200723,10689.5,10461.42,10728.12,10407.87,10706.13,-244.71,-2.2857,2.99,450154.0
IXIC,20200724,10294.4,10363.18,10418.75,10217.31,10461.42,-98.24,-0.9391,1.93,423339.0
IXIC,20200727,10421.7,10536.27,10546.44,10399.86,10363.18,173.09,1.6702,1.41,424457.0
IXIC,20200728,10509.2,10402.09,10523.64,10397.87,10536.27,-134.18,-1.2735,1.19,389466.0
IXIC,20200729,10474.7,10542.94,10567.91,10464.0,10402.09,140.85,1.3541,1.0,400964.0
IXIC,20200730,10450.12,10587.81,10609.59,10412.09,10542.94,44.87,0.4256,1.87,418581.0
IXIC,20200731,10741.47,10745.27,10747.8,10557.7,10587.81,157.46,1.4872,1.8,443873.0
IXIC,20200803,10848.64,10902.8,10927.56,10831.15,10745.27,157.53,1.466,0.9,420389.0
IXIC,20200804,10897.9,10941.17,10941.91,10852.9,10902.8,38.37,0.3519,0.82,401652.0
IXIC,20200805,10967.87,10998.4,11002.11,10943.72,10941.17,57.23,0.5231,0.53,416074.0
IXIC,20200806,10989.98,11108.07,11121.19,10963.41,10998.4,109.67,0.9971,1.43,412000.0
IXIC,20200807,11072.53,11010.98,11126.04,10920.37,11108.07,-97.09,-0.874,1.85,426393.0
IXIC,20200810,11033.73,10968.36,11040.24,10849.46,11010.98,-42.62,-0.3871,1.73,404842.0
IXIC,20200811,10942.66,10782.82,10989.42,10762.71,10968.36,-185.54,-1.6916,2.07,433177.0
IXIC,20200812,10878.12,11012.24,11036.72,10877.16,10782.82,229.42,2.1276,1.48,374523.0
IXIC,20200813,11026.86,11042.5,11124.85,11007.5,11012.24,30.26,0.2748,1.07,348047.0
IXIC,20200814,11042.24,11019.3,11058.44,10972.06,11042.5,-23.2,-0.2101,0.78,351426.0
IXIC,20200817,11083.25,11129.73,11144.53,11080.3,11019.3,110.43,1.0022,0.58,321487.0
IXIC,20200818,11170.75,11210.84,11230.62,11103.83,11129.73,81.11,0.7288,1.14,322859.0
IXIC,20200819,11214.8,11146.46,11257.42,11132.1,11210.84,-64.38,-0.5743,1.12,349648.0
IXIC,20200820,11096.4,11264.95,11283.62,11090.03,11146.46,118.49,1.063,1.74,421513.0
IXIC,20200821,11258.44,11311.8,11326.21,11245.44,11264.95,46.85,0.4159,0.72,392929.0
IXIC,20200824,11449.25,11379.72,11462.05,11297.53,11311.8,67.92,0.6004,1.45,390731.0
IXIC,20200825,11370.23,11466.47,11468.26,11343.04,11379.72,86.75,0.7623,1.1,347528.0
IXIC,20200826,11516.6,11665.06,11672.05,11507.46,11466.47,198.59,1.7319,1.44,347152.0
IXIC,20200827,11688.2,11625.34,11730.01,11551.01,11665.06,-39.72,-0.3405,1.53,354740.0
IXIC,20200828,11689.28,11695.63,11708.77,11634.77,11625.34,70.29,0.6046,0.64,301298.0
IXIC,20200831,11718.81,11775.46,11829.84,11697.41,11695.63,79.83,0.6826,1.13,361205.0
IXIC,20200901,11850.96,11939.67,11945.72,11794.78,11775.46,164.21,1.3945,1.28,351106.0
IXIC,20200902,12047.26,12056.44,12074.06,11836.18,11939.67,116.77,0.978,1.99,398236.0
IXIC,20200903,11861.9,11458.1,11894.4,11361.36,12056.44,-598.34,-4.9628,4.42,446501.0
IXIC,20200904,11396.24,11313.13,11531.18,10875.87,11458.1,-144.97,-1.2652,5.72,428444.0
IXIC,20200908,10900.69,10847.69,11131.5,10837.2,11313.13,-465.44,-4.1142,2.6,390542.0
IXIC,20200909,11064.76,11141.56,11217.69,10970.45,10847.69,293.87,2.7091,2.28,355066.0
IXIC,20200910,11235.53,10919.59,11299.53,10875.02,11141.56,-221.97,-1.9923,3.81,384001.0
IXIC,20200911,11010.07,10853.55,11033.04,10728.03,10919.59,-66.04,-0.6048,2.79,363025.0
IXIC,20200914,11010.14,11056.65,11118.29,10982.26,10853.55,203.1,1.8713,1.25,373761.0
IXIC,20200915,11193.96,11190.32,11244.46,11127.98,11056.65,133.67,1.209,1.05,378611.0
IXIC,20200916,11222.08,11050.47,11245.42,11046.43,11190.32,-139.85,-1.2497,1.78,367802.0
IXIC,20200917,10796.05,10910.28,10974.45,10783.81,11050.47,-140.19,-1.2686,1.73,374011.0
IXIC,20200918,10973.45,10793.28,10977.68,10639.95,10910.28,-117.0,-1.0724,3.1,575909.0
IXIC,20200921,10610.14,10778.8,10782.74,10519.49,10793.28,-14.48,-0.1342,2.44,390097.0
IXIC,20200922,10873.3,10963.64,10979.65,10737.52,10778.8,184.84,1.7148,2.25,351544.0
IXIC,20200923,10950.82,10632.99,10962.03,10612.91,10963.64,-330.65,-3.0159,3.18,409732.0
IXIC,20200924,10551.02,10672.27,10799.55,10520.22,10632.99,39.28,0.3694,2.63,408636.0
IXIC,20200925,10680.46,10913.56,10939.55,10639.98,10672.27,241.29,2.2609,2.81,378527.0
IXIC,20200928,11084.38,11117.53,11120.79,11019.14,10913.56,203.97,1.869,0.93,359174.0
IXIC,20200929,11109.0,11085.25,11153.23,11065.63,11117.53,-32.28,-0.2904,0.79,338904.0
IXIC,20200930,11092.9,11167.51,11277.96,11092.9,11085.25,82.26,0.7421,1.67,426063.0
IXIC,20201001,11292.0,11326.51,11344.13,11240.53,11167.51,159.0,1.4238,0.93,400590.0
IXIC,20201002,11082.53,11075.02,11244.87,11033.69,11326.51,-251.49,-2.2204,1.86,373151.0
IXIC,20201005,11169.11,11332.49,11335.21,11162.52,11075.02,257.47,2.3248,1.56,362392.0
IXIC,20201006,11314.53,11154.6,11392.41,11124.45,11332.49,-177.89,-1.5697,2.36,439096.0
IXIC,20201007,11271.68,11364.6,11380.56,11258.35,11154.6,210.0,1.8826,1.1,391077.0
IXIC,20201008,11443.35,11420.98,11448.22,11384.33,11364.6,56.38,0.4961,0.56,350757.0
IXIC,20201009,11487.6,11579.94,11581.23,11476.66,11420.98,158.96,1.3918,0.92,350423.0
IXIC,20201012,11732.32,11876.26,11965.54,11704.13,11579.94,296.32,2.5589,2.26,388503.0
IXIC,20201013,11901.76,11863.9,11946.98,11821.83,11876.26,-12.36,-0.1041,1.05,363413.0
IXIC,20201014,11889.07,11768.73,11939.92,11714.35,11863.9,-95.17,-0.8022,1.9,341041.0
IXIC,20201015,11559.88,11713.87,11740.68,11559.1,11768.73,-54.86,-0.4662,1.54,332527.0
IXIC,20201016,11761.83,11671.56,11827.42,11648.53,11713.87,-42.31,-0.3612,1.53,316698.0
IXIC,20201019,11732.34,11478.88,11778.11,11454.57,11671.56,-192.68,-1.6509,2.77,347741.0
IXIC,20201020,11531.83,11516.49,11632.89,11471.23,11478.88,37.61,0.3276,1.41,351004.0
IXIC,20201021,11530.39,11484.69,11613.79,11476.08,11516.49,-31.8,-0.2761,1.2,346731.0
IXIC,20201022,11526.97,11506.01,11548.77,11369.29,11484.69,21.32,0.1856,1.56,343404.0
IXIC,20201023,11536.0,11548.28,11548.85,11434.86,11506.01,42.27,0.3674,0.99,314557.0
IXIC,20201026,11440.64,11358.94,11545.63,11221.06,11548.28,-189.34,-1.6396,2.81,320510.0
IXIC,20201027,11409.34,11431.35,11465.06,11361.86,11358.94,72.41,0.6375,0.91,310477.0
IXIC,20201028,11230.9,11004.87,11249.95,10999.07,11431.35,-426.48,-3.7308,2.19,393069.0
IXIC,20201029,11064.47,11185.59,11287.63,11030.19,11004.87,180.72,1.6422,2.34,324419.0
IXIC,20201030,11103.47,10911.59,11129.81,10822.57,11185.59,-274.0,-2.4496,2.75,367160.0
IXIC,20201102,11010.45,10957.61,11071.08,10830.95,10911.59,46.02,0.4218,2.2,320900.0
IXIC,20201103,11038.66,11160.57,11213.92,11004.84,10957.61,202.96,1.8522,1.91,321658.0
IXIC,20201104,11443.77,11590.78,11663.31,11394.21,11160.57,430.21,3.8547,2.41,362076.0
IXIC,20201105,11816.33,11890.93,11924.28,11784.15,11590.78,300.15,2.5896,1.21,384816.0
IXIC,20201106,11869.9,11895.23,11920.54,11737.13,11890.93,4.3,0.0362,1.54,418322.0
IXIC,20201109,12046.66,11713.78,12108.07,11703.49,11895.23,-181.45,-1.5254,3.4,586390.0
IXIC,20201110,11622.44,11553.86,11665.87,11424.61,11713.78,-159.92,-1.3652,2.06,473656.0
IXIC,20201111,11656.65,11786.43,11793.57,11638.9,11553.86,232.57,2.0129,1.34,385468.0
IXIC,20201112,11802.5,11709.59,11847.84,11666.37,11786.43,-76.84,-0.6519,1.54,388667.0
IXIC,20201113,11794.94,11829.29,11849.79,11715.52,11709.59,119.7,1.0222,1.15,365423.0
IXIC,20201116,11847.1,11924.13,11937.72,11814.89,11829.29,94.84,0.8017,1.04,417257.0
IXIC,20201117,11913.35,11899.34,11950.18,11852.41,11924.13,-24.79,-0.2079,0.82,414503.0
IXIC,20201118,11896.06,11801.6,11942.49,11799.96,11899.34,-97.74,-0.8214,1.2,473142.0
IXIC,20201119,11779.04,11904.71,11912.63,11760.98,11801.6,103.11,0.8737,1.28,538519.0
IXIC,20201120,11892.7,11854.97,11935.47,11852.51,11904.71,-49.74,-0.4178,0.7,535097.0
IXIC,20201123,11916.76,11881.17,11949.33,11796.53,11854.97,26.2,0.221,1.29,547325.0
IXIC,20201124,11939.33,12037.33,12049.88,11863.45,11881.17,156.16,1.3143,1.57,633958.0
IXIC,20201125,12053.89,12094.4,12114.77,12020.95,12037.33,57.07,0.4741,0.78,444864.0
IXIC,20201127,12159.18,12205.85,12236.23,12154.57,12094.4,111.45,0.9215,0.68,340183.0
IXIC,20201130,12224.25,12198.74,12244.65,12027.16,12205.85,-7.11,-0.0583,1.78,776039.0
IXIC,20201201,12313.36,12355.11,12405.79,12263.93,12198.74,156.37,1.2819,1.16,651242.0
IXIC,20201202,12285.75,12349.37,12360.06,12217.35,12355.11,-5.74,-0.0465,1.16,519496.0
IXIC,20201203,12369.26,12377.18,12439.02,12356.99,12349.37,27.81,0.2252,0.66,520998.0
IXIC,20201204,12399.32,12464.23,12464.23,12376.44,12377.18,87.05,0.7033,0.71,508690.0
IXIC,20201207,12461.0,12519.95,12536.23,12460.55,12464.23,55.72,0.447,0.61,477182.0
IXIC,20201208,12503.17,12582.77,12594.54,12453.21,12519.95,62.82,0.5018,1.13,480948.0
IXIC,20201209,12591.69,12338.95,12607.14,12290.78,12582.77,-243.82,-1.9377,2.51,516845.0
IXIC,20201210,12247.55,12405.81,12431.56,12214.74,12338.95,66.86,0.5419,1.76,451858.0
IXIC,20201211,12336.8,12377.87,12383.5,12246.77,12405.81,-27.94,-0.2252,1.1,429268.0
IXIC,20201214,12447.44,12440.04,12543.0,12432.71,12377.87,62.17,0.5023,0.89,449193.0
IXIC,20201215,12543.26,12595.06,12596.13,12465.42,12440.04,155.02,1.2461,1.05,442365.0
IXIC,20201216,12611.04,12658.19,12687.32,12566.38,12595.06,63.13,0.5012,0.96,459270.0
IXIC,20201217,12730.8,12764.75,12765.25,12696.35,12658.19,106.56,0.8418,0.54,502983.0
IXIC,20201218,12804.93,12755.64,12809.6,12654.6,12764.75,-9.11,-0.0714,1.21,712580.0
IXIC,20201221,12596.14,12742.52,12751.27,12525.22,12755.64,-13.12,-0.1029,1.77,519286.0
IXIC,20201222,12785.22,12807.92,12840.57,12695.31,12742.52,65.4,0.5132,1.14,581185.0
IXIC,20201223,12834.94,12771.11,12841.92,12758.67,12807.92,-36.81,-0.2874,0.65,710025.0
IXIC,20201224,12791.54,12804.73,12833.55,12767.64,12771.11,33.62,0.2633,0.52,330596.0
IXIC,20201228,12914.64,12899.42,12930.89,12827.45,12804.73,94.69,0.7395,0.81,510914.0
IXIC,20201229,12965.39,12850.22,12973.33,12821.96,12899.42,-49.2,-0.3814,1.17,472692.0
IXIC,20201230,12906.5,12870.0,12924.93,12857.76,12850.22,19.78,0.1539,0.52,534301.0
IXIC,20201231,12877.09,12888.28,12902.07,12821.23,12870.0,18.28,0.142,0.63,481584.0
IXIC,20210104,12958.52,12698.45,12958.72,12543.24,12888.28,-189.83,-1.4729,3.22,663617.0
IXIC,20210105,12665.65,12818.96,12828.27,12665.65,12698.45,120.51,0.949,1.28,697186.0
IXIC,20210106,12666.15,12740.79,12909.63,12649.99,12818.96,-78.17,-0.6098,2.03,768988.0
IXIC,20210107,12867.34,13067.48,13090.91,12867.34,12740.79,326.69,2.5641,1.75,684148.0
IXIC,20210108,13160.2,13201.98,13208.09,13036.55,13067.48,134.5,1.0293,1.31,728939.0
IXIC,20210111,13048.78,13036.43,13138.27,12999.51,13201.98,-165.55,-1.254,1.05,696047.0
IXIC,20210112,13062.06,13072.43,13105.04,12963.92,13036.43,36.0,0.2761,1.08,726407.0
IXIC,20210113,13088.01,13128.95,13171.15,13051.06,13072.43,56.52,0.4324,0.92,710481.0
IXIC,20210114,13174.75,13112.64,13220.16,13098.41,13128.95,-16.31,-0.1242,0.93,673410.0
IXIC,20210115,13099.9,12998.5,13139.83,12949.76,13112.64,-114.14,-0.8705,1.45,645836.0
IXIC,20210119,13132.73,13197.18,13206.86,13078.7,12998.5,198.68,1.5285,0.99,629786.0
IXIC,20210120,13342.55,13457.25,13486.13,13329.77,13197.18,260.07,1.9706,1.18,682099.0
IXIC,20210121,13521.48,13530.91,13560.35,13454.07,13457.25,73.66,0.5474,0.79,725864.0
IXIC,20210122,13474.81,13543.06,13567.14,13463.66,13530.91,12.15,0.0898,0.76,597275.0
IXIC,20210125,13681.21,13635.99,13728.98,13368.68,13543.06,92.93,0.6862,2.66,719371.0
IXIC,20210126,13681.72,13626.06,13702.69,13603.19,13635.99,-9.93,-0.0728,0.73,684960.0
IXIC,20210127,13486.58,13270.6,13538.42,13192.91,13626.06,-355.46,-2.6087,2.54,1162119.0
IXIC,20210128,13323.29,13337.16,13507.64,13316.52,13270.6,66.56,0.5016,1.44,995927.0
IXIC,20210129,13284.72,13070.69,13322.0,12985.05,13337.16,-266.47,-1.998,2.53,787225.0
IXIC,20210201,13226.18,13403.39,13431.46,13132.47,13070.69,332.7,2.5454,2.29,709252.0
IXIC,20210202,13543.1,13612.78,13652.69,13535.86,13403.39,209.39,1.5622,0.87,732527.0
IXIC,20210203,13718.31,13610.54,13723.83,13585.34,13612.78,-2.24,-0.0165,1.02,754694.0
IXIC,20210204,13674.06,13777.74,13778.42,13631.62,13610.54,167.2,1.2285,1.08,729537.0
IXIC,20210205,13824.88,13856.3,13878.16,13761.66,13777.74,78.56,0.5702,0.85,679291.0
IXIC,20210208,13937.06,13987.64,13987.74,13894.15,13856.3,131.34,0.9479,0.68,856453.0
IXIC,20210209,13966.81,14007.7,14044.95,13966.55,13987.64,20.06,0.1434,0.56,876677.0
IXIC,20210210,14093.35,13972.53,14109.12,13845.47,14007.7,-35.17,-0.2511,1.88,1078593.0
IXIC,20210211,14045.21,14025.77,14058.91,13916.85,13972.53,53.24,0.381,1.02,1091678.0
IXIC,20210212,13979.21,14095.47,14102.04,13937.71,14025.77,69.7,0.4969,1.17,741694.0
IXIC,20210216,14152.21,14047.5,14175.12,13995.45,14095.47,-47.97,-0.3403,1.27,772210.0
IXIC,20210217,13911.65,13965.49,13976.43,13804.26,14047.5,-82.01,-0.5838,1.23,728050.0
IXIC,20210218,13814.67,13865.36,13905.96,13714.35,13965.49,-100.13,-0.717,1.37,649942.0
IXIC,20210219,13929.2,13874.46,13985.58,13842.6,13865.36,9.1,0.0656,1.03,673782.0
IXIC,20210222,13714.2,13533.05,13757.06,13530.96,13874.46,-341.41,-2.4607,1.63,648374.0
IXIC,20210223,13262.61,13465.2,13526.09,13003.98,13533.05,-67.85,-0.5014,3.86,751651.0
IXIC,20210224,13400.25,13597.97,13607.36,13286.59,13465.2,132.77,0.986,2.38,588623.0
IXIC,20210225,13512.64,13119.43,13602.86,13066.38,13597.97,-478.54,-3.5192,3.95,639038.0
IXIC,20210226,13232.9,13192.35,13368.06,13024.53,13119.43,72.92,0.5558,2.62,590611.0
IXIC,20210301,13406.16,13588.83,13596.59,13362.66,13192.35,396.48,3.0054,1.77,507953.0
IXIC,20210302,13599.45,13358.79,13601.33,13352.0,13588.83,-230.04,-1.6929,1.83,494814.0
IXIC,20210303,13336.25,12997.75,13372.52,12995.07,13358.79,-361.04,-2.7026,2.83,552998.0
IXIC,20210304,12953.99,12723.47,13068.71,12553.96,12997.75,-274.28,-2.1102,3.96,786438.0
IXIC,20210305,12860.04,12920.15,12941.21,12397.05,12723.47,196.68,1.5458,4.28,772520.0
IXIC,20210308,12904.26,12609.16,13001.0,12599.23,12920.15,-310.99,-2.407,3.11,601023.0
IXIC,20210309,12923.07,13073.82,13151.54,12882.49,12609.16,464.66,3.6851,2.13,634556.0
IXIC,20210310,13234.73,13068.83,13277.11,13035.44,13073.82,-4.99,-0.0382,1.85,602388.0
IXIC,20210311,13273.31,13398.67,13433.62,13246.33,13068.83,329.84,2.5239,1.43,600885.0
IXIC,20210312,13222.81,13319.86,13324.69,13158.72,13398.67,-78.81,-0.5882,1.24,549721.0
IXIC,20210315,13323.47,13459.71,13460.35,13272.5,13319.86,139.85,1.0499,1.41,597237.0
IXIC,20210316,13523.17,13471.57,13620.71,13397.08,13459.71,11.86,0.0881,1.66,549389.0
IXIC,20210317,13336.91,13525.2,13595.0,13272.69,13471.57,53.63,0.3981,2.39,553611.0
IXIC,20210318,13349.2,13116.17,13384.46,13101.92,13525.2,-409.03,-3.0242,2.09,573972.0
IXIC,20210319,13119.9,13215.24,13252.37,13039.45,13116.17,99.07,0.7553,1.62,763059.0
IXIC,20210322,13278.78,13377.54,13455.64,13278.78,13215.24,162.3,1.2281,1.34,532176.0
IXIC,20210323,13381.43,13227.7,13405.14,13202.43,13377.54,-149.84,-1.1201,1.52,567501.0
IXIC,20210324,13289.24,12961.89,13292.92,12961.35,13227.7,-265.81,-2.0095,2.51,624865.0
IXIC,20210325,12844.58,12977.68,13021.86,12786.81,12961.89,15.79,0.1218,1.81,563429.0
IXIC,20210326,12996.03,13138.72,13149.55,12878.72,12977.68,161.04,1.2409,2.09,522436.0
IXIC,20210329,13103.97,13059.65,13143.41,12968.16,13138.72,-79.07,-0.6018,1.33,496509.0
IXIC,20210330,13008.8,13045.4,13075.75,12922.57,13059.65,-14.25,-0.1091,1.17,472195.0
IXIC,20210331,13122.57,13246.87,13325.54,13118.38,13045.4,201.47,1.5444,1.59,500472.0
IXIC,20210401,13414.32,13480.11,13487.08,13404.18,13246.87,233.24,1.7607,0.63,457648.0
IXIC,20210405,13594.9,13705.59,13720.58,13582.76,13480.11,225.48,1.6727,1.02,445900.0
IXIC,20210406,13681.67,13698.38,13776.71,13674.28,13705.59,-7.21,-0.0526,0.75,407371.0
IXIC,20210407,13675.3,13688.84,13733.03,13653.58,13698.38,-9.54,-0.0696,0.58,409874.0
IXIC,20210408,13796.89,13829.31,13830.14,13758.71,13688.84,140.47,1.0262,0.52,415360.0
IXIC,20210409,13787.01,13900.19,13905.41,13748.35,13829.31,70.88,0.5125,1.14,392611.0
IXIC,20210412,13854.44,13850.0,13877.0,13783.95,13900.19,-50.19,-0.3611,0.67,425090.0
IXIC,20210413,13902.45,13996.1,14011.51,13902.45,13850.0,146.1,1.0549,0.79,421936.0
IXIC,20210414,14004.08,13857.84,14033.63,13839.04,13996.1,-138.26,-0.9878,1.39,412077.0
IXIC,20210415,13983.23,14038.76,14049.13,13970.42,13857.84,180.92,1.3055,0.57,440688.0
IXIC,20210416,14059.11,14052.34,14062.5,13977.05,14038.76,13.58,0.0967,0.61,442778.0
IXIC,20210419,13984.58,13914.77,14041.79,13842.57,14052.34,-137.57,-0.979,1.42,437961.0
IXIC,20210420,13894.46,13786.27,13927.67,13698.67,13914.77,-128.5,-0.9235,1.65,424512.0
IXIC,20210421,13745.77,13950.22,13951.35,13706.86,13786.27,163.95,1.1892,1.77,399962.0
IXIC,20210422,13952.57,13818.41,14015.87,13771.04,13950.22,-131.81,-0.9449,1.76,442082.0
IXIC,20210423,13861.37,14016.81,14062.74,13856.83,13818.41,198.4,1.4358,1.49,435510.0
IXIC,20210426,14052.38,14138.78,14154.03,14019.5,14016.81,121.97,0.8702,0.96,450621.0
IXIC,20210427,14170.91,14090.22,14171.24,14064.28,14138.78,-48.56,-0.3435,0.76,469146.0
IXIC,20210428,14082.78,14051.03,14133.65,14034.7,14090.22,-39.19,-0.2781,0.7,455971.0
IXIC,20210429,14204.51,14082.55,14211.57,13952.8,14051.03,31.52,0.2243,1.84,492803.0
IXIC,20210430,13970.73,13962.68,14084.76,13941.63,14082.55,-119.87,-0.8512,1.02,479246.0
IXIC,20210503,14031.77,13895.12,14042.12,13881.51,13962.68,-67.56,-0.4839,1.15,476143.0
IXIC,20210504,13774.51,13633.5,13795.57,13485.59,13895.12,-261.62,-1.8828,2.23,587973.0
IXIC,20210505,13731.13,13582.42,13753.05,13553.93,13633.5,-51.08,-0.3747,1.46,453569.0
IXIC,20210506,13557.83,13632.84,13635.73,13439.39,13582.42,50.42,0.3712,1.45,502140.0
IXIC,20210507,13723.09,13752.24,13828.62,13690.75,13632.84,119.4,0.8758,1.01,439110.0
IXIC,20210510,13687.59,13401.86,13687.93,13401.74,13752.24,-350.38,-2.5478,2.08,481867.0
IXIC,20210511,13115.85,13389.43,13423.31,13107.67,13401.86,-12.43,-0.0927,2.36,473839.0
IXIC,20210512,13215.49,13031.68,13288.61,13002.54,13389.43,-357.75,-2.6719,2.14,475293.0
IXIC,20210513,13150.94,13124.99,13247.87,13007.24,13031.68,93.31,0.716,1.85,469811.0
IXIC,20210514,13255.65,13429.98,13460.88,13242.97,13124.99,304.99,2.3237,1.66,402261.0
IXIC,20210517,13368.8,13379.05,13399.17,13265.4,13429.98,-50.93,-0.3792,1.0,399778.0
IXIC,20210518,13416.9,13303.64,13485.34,13299.93,13379.05,-75.41,-0.5636,1.39,430130.0
IXIC,20210519,13078.19,13299.74,13304.61,13072.23,13303.64,-3.9,-0.0293,1.75,433352.0
IXIC,20210520,13356.63,13535.74,13563.52,13355.71,13299.74,236.0,1.7745,1.56,399076.0
IXIC,20210521,13616.19,13470.99,13616.58,13463.26,13535.74,-64.75,-0.4784,1.13,373394.0
IXIC,20210524,13557.21,13661.17,13708.85,13551.01,13470.99,190.18,1.4118,1.17,350947.0
IXIC,20210525,13721.54,13657.17,13751.14,13631.8,13661.17,-4.0,-0.0293,0.87,412899.0
IXIC,20210526,13693.94,13738.0,13750.16,13679.59,13657.17,80.83,0.5919,0.52,426450.0
IXIC,20210527,13742.58,13736.28,13776.52,13701.63,13738.0,-1.72,-0.0125,0.55,508718.0
IXIC,20210528,13792.05,13748.74,13820.87,13747.61,13736.28,12.46,0.0907,0.53,444794.0
IXIC,20210601,13829.06,13736.48,13836.17,13678.77,13748.74,-12.26,-0.0892,1.14,418628.0
IXIC,20210602,13743.24,13756.33,13775.89,13689.74,13736.48,19.85,0.1445,0.63,509763.0
IXIC,20210603,13655.75,13614.51,13684.13,13548.93,13756.33,-141.82,-1.0309,0.98,539625.0
IXIC,20210604,13697.25,13814.49,13826.82,13692.01,13614.51,199.98,1.4689,0.99,436071.0
IXIC,20210607,13802.82,13881.72,13889.11,13784.89,13814.49,67.23,0.4867,0.75,463921.0
IXIC,20210608,13946.32,13924.91,13981.72,13831.98,13881.72,43.19,0.3111,1.08,595841.0
IXIC,20210609,13980.23,13911.75,14003.5,13906.45,13924.91,-13.16,-0.0945,0.7,564049.0
IXIC,20210610,13933.88,14020.33,14031.19,13904.4,13911.75,108.58,0.7805,0.91,491988.0
IXIC,20210611,14030.85,14069.42,14069.42,14006.59,14020.33,49.09,0.3501,0.45,415758.0
IXIC,20210614,14083.47,14174.14,14175.45,14056.67,14069.42,104.72,0.7443,0.84,441516.0
IXIC,20210615,14166.64,14072.86,14171.02,14052.16,14174.14,-101.28,-0.7145,0.84,455458.0
IXIC,20210616,14085.55,14039.68,14129.69,13903.73,14072.86,-33.18,-0.2358,1.61,468303.0
IXIC,20210617,13999.13,14161.35,14196.21,13998.93,14039.68,121.67,0.8666,1.41,455828.0
IXIC,20210618,14096.93,14030.38,14129.22,14009.04,14161.35,-130.97,-0.9248,0.85,612607.0
IXIC,20210621,14047.42,14141.48,14150.78,13960.04,14030.38,111.1,0.7919,1.36,456201.0
IXIC,20210622,14138.29,14253.27,14269.77,14121.0,14141.48,111.79,0.7905,1.05,443314.0
IXIC,20210623,14263.38,14271.73,14317.66,14246.3,14253.27,18.46,0.1295,0.5,441747.0
IXIC,20210624,14357.27,14369.71,14414.46,14333.7,14271.73,97.98,0.6865,0.57,432462.0
IXIC,20210625,14400.81,14360.39,14409.08,14337.65,14369.71,-9.32,-0.0649,0.5,746809.0
IXIC,20210628,14417.81,14500.51,14505.19,14417.2,14360.39,140.12,0.9757,0.61,428300.0
IXIC,20210629,14509.19,14528.33,14535.97,14471.38,14500.51,27.82,0.1919,0.45,490130.0
IXIC,20210630,14509.85,14503.95,14526.81,14478.06,14528.33,-24.38,-0.1678,0.34,529381.0
IXIC,20210701,14493.69,14522.38,14533.55,14439.4,14503.95,18.43,0.1271,0.65,441047.0
IXIC,20210702,14582.98,14639.33,14649.11,14555.34,14522.38,116.95,0.8053,0.65,375142.0
IXIC,20210706,14661.55,14663.64,14687.0,14529.8,14639.33,24.31,0.1661,1.07,448954.0
IXIC,20210707,14753.41,14665.06,14755.33,14580.79,14663.64,1.42,0.0097,1.19,460563.0
IXIC,20210708,14409.2,14559.78,14610.06,14371.59,14665.06,-105.28,-0.7179,1.63,457501.0
IXIC,20210709,14578.43,14701.92,14710.2,14552.26,14559.78,142.14,0.9763,1.08,382650.0
IXIC,20210712,14743.86,14733.24,14761.08,14672.63,14701.92,31.32,0.213,0.6,389709.0
IXIC,20210713,14715.13,14677.65,14803.68,14660.19,14733.24,-55.59,-0.3773,0.97,458346.0
IXIC,20210714,14780.9,14644.95,14790.55,14632.95,14677.65,-32.7,-0.2228,1.07,449622.0
IXIC,20210715,14635.78,14543.13,14650.37,14451.8,14644.95,-101.82,-0.6953,1.36,451255.0
IXIC,20210716,14597.51,14427.24,14623.02,14413.32,14543.13,-115.89,-0.7969,1.44,406953.0
IXIC,20210719,14235.98,14274.98,14313.6,14178.66,14427.24,-152.26,-1.0554,0.94,453713.0
IXIC,20210720,14330.46,14498.88,14555.75,14271.23,14274.98,223.9,1.5685,1.99,465245.0
IXIC,20210721,14508.75,14631.95,14633.14,14498.65,14498.88,133.07,0.9178,0.93,409852.0
IXIC,20210722,14652.72,14684.6,14694.19,14617.87,14631.95,52.65,0.3598,0.52,359754.0
IXIC,20210723,14753.06,14836.99,14846.06,14698.77,14684.6,152.39,1.0378,1.0,399725.0
IXIC,20210726,14821.03,14840.71,14863.65,14790.49,14836.99,3.72,0.0251,0.49,443709.0
IXIC,20210727,14807.95,14660.58,14811.08,14503.76,14840.71,-180.13,-1.2138,2.07,432923.0
IXIC,20210728,14715.66,14762.58,14798.88,14645.63,14660.58,102.0,0.6957,1.05,426821.0
IXIC,20210729,14771.17,14778.26,14833.74,14761.38,14762.58,15.68,0.1062,0.49,392864.0
IXIC,20210730,14615.85,14672.68,14728.78,14615.85,14778.26,-105.58,-0.7144,0.76,364505.0
IXIC,20210802,14758.6,14681.07,14770.41,14665.67,14672.68,8.39,0.0572,0.71,374613.0
IXIC,20210803,14713.99,14761.29,14762.6,14584.09,14681.07,80.22,0.5464,1.22,414137.0
IXIC,20210804,14747.21,14780.53,14812.37,14734.12,14761.29,19.24,0.1303,0.53,433733.0
IXIC,20210805,14794.08,14895.12,14896.47,14776.03,14780.53,114.59,0.7753,0.81,410730.0
IXIC,20210806,14864.22,14835.76,14890.18,14788.59,14895.12,-59.36,-0.3985,0.68,417309.0
IXIC,20210809,14855.76,14860.18,14883.81,14802.69,14835.76,24.42,0.1646,0.55,411164.0
IXIC,20210810,14887.74,14788.09,14894.61,14754.48,14860.18,-72.09,-0.4851,0.94,399177.0
IXIC,20210811,14834.38,14765.14,14842.5,14692.41,14788.09,-22.95,-0.1552,1.01,400234.0
IXIC,20210812,14751.36,14816.26,14824.31,14698.94,14765.14,51.12,0.3462,0.85,404900.0
IXIC,20210813,14825.07,14822.9,14850.61,14797.22,14816.26,6.64,0.0448,0.36,406107.0
IXIC,20210816,14771.53,14793.76,14794.68,14610.02,14822.9,-29.14,-0.1966,1.25,397392.0
IXIC,20210817,14670.56,14656.18,14716.95,14550.88,14793.76,-137.58,-0.93,1.12,416888.0
IXIC,20210818,14636.24,14525.91,14697.25,14516.3,14656.18,-130.27,-0.8888,1.23,384184.0
IXIC,20210819,14423.16,14541.79,14610.76,14423.16,14525.91,15.88,0.1093,1.29,419149.0
IXIC,20210820,14571.53,14714.66,14722.16,14571.53,14541.79,172.87,1.1888,1.04,388634.0
IXIC,20210823,14776.98,14942.65,14963.47,14776.98,14714.66,227.99,1.5494,1.27,390678.0
IXIC,20210824,14978.14,15019.8,15034.89,14965.54,14942.65,77.15,0.5163,0.46,380975.0
IXIC,20210825,15039.03,15041.86,15059.43,15011.58,15019.8,22.06,0.1469,0.32,365415.0
IXIC,20210826,15025.17,14945.81,15059.63,14939.56,15041.86,-96.05,-0.6386,0.8,363090.0
IXIC,20210827,14969.77,15129.5,15144.48,14966.52,14945.81,183.69,1.229,1.19,404861.0
IXIC,20210830,15165.94,15265.89,15288.08,15165.12,15129.5,136.39,0.9015,0.81,406176.0
IXIC,20210831,15262.88,15259.24,15278.96,15202.67,15265.89,-6.65,-0.0436,0.5,418802.0
IXIC,20210901,15308.98,15309.38,15379.5,15302.11,15259.24,50.14,0.3286,0.51,427169.0
IXIC,20210902,15358.47,15331.18,15380.07,15285.35,15309.38,21.8,0.1424,0.62,405051.0
IXIC,20210903,15313.41,15363.52,15375.56,15283.67,15331.18,32.34,0.2109,0.6,370699.0
IXIC,20210907,15375.98,15374.33,15403.44,15343.28,15363.52,10.81,0.0704,0.39,401425.0
IXIC,20210908,15360.35,15286.64,15360.35,15206.61,15374.33,-87.69,-0.5704,1.0,413156.0
IXIC,20210909,15296.06,15248.25,15352.38,15245.17,15286.64,-38.39,-0.2511,0.7,403114.0
IXIC,20210910,15332.92,15115.49,15349.47,15111.31,15248.25,-132.76,-0.8707,1.56,458715.0
IXIC,20210913,15211.43,15105.58,15215.44,15030.85,15115.49,-9.91,-0.0656,1.22,472337.0
IXIC,20210914,15168.45,15037.76,15181.19,15008.3,15105.58,-67.82,-0.449,1.14,459314.0
IXIC,20210915,15071.34,15161.53,15174.38,14984.68,15037.76,123.77,0.8231,1.26,446514.0
IXIC,20210916,15120.09,15181.92,15205.5,15047.14,15161.53,20.39,0.1345,1.04,370150.0
IXIC,20210917,15163.35,15043.97,15166.56,14998.73,15181.92,-137.95,-0.9086,1.11,670954.0
IXIC,20210920,14758.14,14713.9,14841.82,14530.07,15043.97,-330.07,-2.194,2.07,487949.0
IXIC,20210921,14803.36,14746.4,14847.03,14696.47,14713.9,32.5,0.2209,1.02,408301.0
IXIC,20210922,14800.59,14896.85,14950.12,14767.01,14746.4,150.45,1.0202,1.24,425249.0
IXIC,20210923,14960.0,15052.24,15085.44,14932.51,14896.85,155.39,1.0431,1.03,419613.0
IXIC,20210924,14961.61,15047.7,15067.56,14946.57,15052.24,-4.54,-0.0302,0.8,399215.0
IXIC,20210927,14954.18,14969.97,15003.16,14864.96,15047.7,-77.73,-0.5166,0.92,465079.0
IXIC,20210928,14787.21,14546.68,14817.74,14539.88,14969.97,-423.29,-2.8276,1.86,498951.0
IXIC,20210929,14614.88,14512.44,14676.62,14493.67,14546.68,-34.24,-0.2354,1.26,529460.0
IXIC,20210930,14582.6,14448.58,14632.36,14444.3,14512.44,-63.86,-0.44,1.3,595095.0
IXIC,20211001,14494.93,14566.7,14606.82,14324.01,14448.58,118.12,0.8175,1.96,471072.0
IXIC,20211004,14493.12,14255.48,14499.74,14181.69,14566.7,-311.22,-2.1365,2.18,455711.0
IXIC,20211005,14312.86,14433.83,14508.65,14299.78,14255.48,178.35,1.2511,1.47,417639.0
IXIC,20211006,14289.45,14501.91,14509.55,14259.07,14433.83,68.08,0.4717,1.74,446591.0
IXIC,20211007,14631.8,14654.02,14755.72,14615.14,14501.91,152.11,1.0489,0.97,398418.0
IXIC,20211008,14694.72,14579.54,14699.91,14569.68,14654.02,-74.48,-0.5083,0.89,357138.0
IXIC,20211011,14540.08,14486.2,14665.99,14482.62,14579.54,-93.34,-0.6402,1.26,353954.0
IXIC,20211012,14539.09,14465.92,14552.71,14441.6,14486.2,-20.28,-0.14,0.77,406383.0
IXIC,20211013,14537.17,14571.64,14589.28,14471.88,14465.92,105.72,0.7308,0.81,405358.0
IXIC,20211014,14717.5,14823.43,14827.56,14699.52,14571.64,251.79,1.7279,0.88,426240.0
IXIC,20211015,14891.24,14897.34,14904.98,14847.96,14823.43,73.91,0.4986,0.38,449444.0
IXIC,20211018,14839.74,15021.81,15026.68,14833.28,14897.34,124.47,0.8355,1.3,416774.0
IXIC,20211019,15073.13,15129.09,15137.85,15049.73,15021.81,107.28,0.7142,0.59,448340.0
IXIC,20211020,15160.0,15121.68,15178.39,15071.15,15129.09,-7.41,-0.049,0.71,411705.0
IXIC,20211021,15104.8,15215.7,15222.25,15094.14,15121.68,94.02,0.6218,0.85,496186.0
IXIC,20211022,15158.06,15090.2,15193.01,15021.02,15215.7,-125.5,-0.8248,1.13,577577.0
IXIC,20211025,15142.92,15226.71,15259.63,15070.75,15090.2,136.51,0.9046,1.25,575020.0
IXIC,20211026,15317.5,15235.71,15384.0,15198.23,15226.71,9.0,0.0591,1.22,717323.0
IXIC,20211027,15276.0,15235.84,15364.54,15235.84,15235.71,0.13,0.0009,0.84,613011.0
IXIC,20211028,15304.74,15448.12,15452.3,15290.31,15235.84,212.28,1.3933,1.06,571489.0
IXIC,20211029,15323.29,15498.39,15504.12,15323.29,15448.12,50.27,0.3254,1.17,533829.0
IXIC,20211101,15541.26,15595.92,15598.95,15470.82,15498.39,97.53,0.6293,0.83,527395.0
IXIC,20211102,15583.98,15649.6,15656.6,15569.27,15595.92,53.68,0.3442,0.56,512937.0
IXIC,20211103,15658.52,15811.58,15821.58,15616.44,15649.6,161.98,1.035,1.31,532511.0
IXIC,20211104,15849.74,15940.31,15966.09,15827.66,15811.58,128.73,0.8142,0.88,529725.0
IXIC,20211105,16003.56,15971.59,16053.39,15900.78,15940.31,31.28,0.1962,0.96,556640.0
IXIC,20211108,15995.72,15982.36,16038.23,15961.8,15971.59,10.77,0.0674,0.48,572365.0
IXIC,20211109,16024.13,15886.54,16035.21,15836.68,15982.36,-95.82,-0.5995,1.24,557466.0
IXIC,20211110,15753.84,15622.71,15867.24,15543.68,15886.54,-263.83,-1.6607,2.04,536911.0
IXIC,20211111,15752.08,15704.28,15768.03,15695.77,15622.71,81.57,0.5221,0.46,457046.0
IXIC,20211112,15752.62,15860.96,15874.57,15705.38,15704.28,156.68,0.9977,1.08,544654.0
IXIC,20211115,15894.8,15853.85,15918.45,15778.31,15860.96,-7.11,-0.0448,0.88,502018.0
IXIC,20211116,15840.32,15973.86,15989.61,15825.0,15853.85,120.01,0.757,1.04,553302.0
IXIC,20211117,15973.62,15921.57,15998.57,15909.39,15973.86,-52.29,-0.3273,0.56,504932.0
IXIC,20211118,15973.39,15993.71,16010.88,15848.83,15921.57,72.14,0.4531,1.02,539136.0
IXIC,20211119,16042.16,16057.44,16121.12,16017.23,15993.71,63.73,0.3985,0.65,487531.0
IXIC,20211122,16120.92,15854.76,16212.23,15851.04,16057.44,-202.68,-1.2622,2.25,556783.0
IXIC,20211123,15809.5,15775.14,15895.86,15601.46,15854.76,-79.62,-0.5022,1.86,543438.0
IXIC,20211124,15677.88,15845.23,15848.56,15591.36,15775.14,70.09,0.4443,1.63,419709.0
IXIC,20211126,15664.38,15491.66,15731.54,15456.09,15845.23,-353.57,-2.2314,1.74,350217.0
IXIC,20211129,15719.42,15782.83,15833.11,15644.61,15491.66,291.17,1.8795,1.22,483623.0
IXIC,20211130,15716.5,15537.69,15828.2,15451.38,15782.83,-245.14,-1.5532,2.39,663147.0
IXIC,20211201,15752.27,15254.05,15816.82,15243.93,15537.69,-283.64,-1.8255,3.69,632026.0
IXIC,20211202,15181.82,15381.32,15444.54,15150.12,15254.05,127.27,0.8343,1.93,541834.0
IXIC,20211203,15428.71,15085.47,15470.36,14931.06,15381.32,-295.85,-1.9234,3.51,590029.0
IXIC,20211206,15117.63,15225.15,15281.99,14931.61,15085.47,139.68,0.9259,2.32,511523.0
IXIC,20211207,15510.91,15686.92,15720.09,15507.66,15225.15,461.77,3.0329,1.4,511649.0
IXIC,20211208,15690.65,15786.99,15792.64,15618.88,15686.92,100.07,0.6379,1.11,461539.0
IXIC,20211209,15720.54,15517.37,15796.05,15511.12,15786.99,-269.62,-1.7079,1.8,451560.0
IXIC,20211210,15629.59,15630.6,15677.6,15477.85,15517.37,113.23,0.7297,1.29,442621.0
IXIC,20211213,15621.27,15413.28,15637.06,15408.25,15630.6,-217.32,-1.3904,1.46,457392.0
IXIC,20211214,15215.96,15237.64,15317.55,15097.35,15413.28,-175.64,-1.1395,1.43,486599.0
IXIC,20211215,15230.71,15565.58,15575.76,15055.23,15237.64,327.94,2.1522,3.42,534392.0
IXIC,20211216,15629.08,15180.43,15633.19,15119.49,15565.58,-385.15,-2.4744,3.3,490648.0
IXIC,20211217,15036.77,15169.68,15288.78,14960.37,15180.43,-10.75,-0.0708,2.16,766877.0
IXIC,20211220,14933.0,14980.94,15007.3,14860.04,15169.68,-188.74,-1.2442,0.97,460264.0
IXIC,20211221,15140.43,15341.09,15349.06,15015.03,14980.94,360.15,2.4041,2.23,458172.0
IXIC,20211222,15319.16,15521.89,15525.97,15303.06,15341.09,180.8,1.1785,1.45,410790.0
IXIC,20211223,15544.79,15653.37,15697.98,15528.91,15521.89,131.48,0.8471,1.09,393501.0
IXIC,20211227,15696.83,15871.26,15871.4,15696.83,15653.37,217.89,1.392,1.12,374392.0
IXIC,20211228,15895.2,15781.72,15901.47,15757.07,15871.26,-89.54,-0.5642,0.91,364850.0
IXIC,20211229,15794.92,15766.22,15821.81,15679.85,15781.72,-15.5,-0.0982,0.9,371438.0
IXIC,20211230,15758.98,15741.56,15868.09,15729.16,15766.22,-24.66,-0.1564,0.88,375092.0
IXIC,20211231,15722.9,15644.97,15777.43,15643.94,15741.56,-96.59,-0.6136,0.85,339258.0
IXIC,20220103,15732.5,15832.8,15832.8,15644.09,15644.97,187.83,1.2006,1.21,442996.0
IXIC,20220104,15852.14,15622.72,15852.14,15512.41,15832.8,-210.08,-1.3269,2.15,513111.0
IXIC,20220105,15547.16,15100.17,15586.3,15095.18,15622.72,-522.55,-3.3448,3.14,503185.0
IXIC,20220106,15024.15,15080.87,15198.45,14914.87,15100.17,-19.3,-0.1278,1.88,479082.0
IXIC,20220107,15095.72,14935.9,15171.02,14877.63,15080.87,-144.97,-0.9613,1.95,423807.0
IXIC,20220110,14751.78,14942.83,14953.85,14530.23,14935.9,6.93,0.0464,2.84,531718.0
IXIC,20220111,14919.26,15153.45,15158.71,14837.63,14942.83,210.62,1.4095,2.15,439071.0
IXIC,20220112,15263.1,15188.39,15319.03,15117.29,15153.45,34.94,0.2306,1.33,433853.0
IXIC,20220113,15245.04,14806.81,15259.71,14782.24,15188.39,-381.58,-2.5123,3.14,430202.0
IXIC,20220114,14708.02,14893.75,14897.68,14689.43,14806.81,86.94,0.5872,1.41,437402.0
IXIC,20220118,14681.83,14506.9,14740.54,14482.94,14893.75,-386.85,-2.5974,1.73,506079.0
IXIC,20220119,14582.22,14340.26,14658.89,14331.65,14506.9,-166.64,-1.1487,2.26,466534.0
IXIC,20220120,14462.85,14154.02,14642.03,14140.78,14340.26,-186.24,-1.2987,3.5,510205.0
IXIC,20220121,14046.22,13768.92,14171.72,13764.24,14154.02,-385.1,-2.7208,2.88,587083.0
IXIC,20220124,13481.5,13855.13,13876.61,13094.65,13768.92,86.21,0.6261,5.68,699877.0
IXIC,20220125,13610.87,13539.29,13781.62,13414.14,13855.13,-315.84,-2.2796,2.65,501938.0
IXIC,20220126,13871.77,13542.12,14002.65,13392.19,13539.29,2.83,0.0209,4.51,577114.0
IXIC,20220127,13710.99,13352.78,13765.91,13322.66,13542.12,-189.34,-1.3982,3.27,517738.0
IXIC,20220128,13436.71,13770.57,13771.91,13236.56,13352.78,417.79,3.1289,4.01,497193.0
IXIC,20220131,13812.19,14239.88,14242.9,13767.71,13770.57,469.31,3.4081,3.45,512494.0
IXIC,20220201,14277.43,14346.0,14358.69,14070.77,14239.88,106.12,0.7452,2.02,467185.0
IXIC,20220202,14494.47,14417.55,14504.82,14264.65,14346.0,71.55,0.4987,1.67,467314.0
IXIC,20220203,14045.83,13878.82,14207.89,13851.74,14417.55,-538.73,-3.7366,2.47,432630.0
IXIC,20220204,13958.48,14098.01,14222.76,13850.39,13878.82,219.19,1.5793,2.68,412134.0
IXIC,20220207,14118.79,14015.67,14236.31,13974.1,14098.01,-82.34,-0.5841,1.86,426873.0
IXIC,20220208,13984.43,14194.46,14226.48,13934.78,14015.67,178.79,1.2756,2.08,429377.0
IXIC,20220209,14368.16,14490.37,14490.72,14330.87,14194.46,295.91,2.0847,1.13,472973.0
IXIC,20220210,14228.68,14185.64,14509.56,14118.2,14490.37,-304.73,-2.103,2.7,521251.0
IXIC,20220211,14213.62,13791.15,14246.7,13733.16,14185.64,-394.49,-2.7809,3.62,523732.0
IXIC,20220214,13768.97,13790.92,13921.71,13664.76,13791.15,-0.23,-0.0017,1.86,434735.0
IXIC,20220215,13997.18,14139.76,14142.49,13976.29,13790.92,348.84,2.5295,1.21,441684.0
IXIC,20220216,14038.92,14124.09,14163.73,13931.99,14139.76,-15.67,-0.1108,1.64,423856.0
IXIC,20220217,14004.19,13716.72,14020.82,13704.7,14124.09,-407.37,-2.8842,2.24,427837.0
IXIC,20220218,13735.4,13548.07,13762.4,13465.56,13716.72,-168.65,-1.2295,2.16,450194.0
IXIC,20220222,13424.36,13381.52,13618.72,13249.65,13548.07,-166.55,-1.2293,2.72,484917.0
IXIC,20220223,13511.75,13037.49,13533.78,13032.17,13381.52,-344.03,-2.5709,3.75,463933.0
IXIC,20220224,12587.88,13473.59,13486.11,12587.88,13037.49,436.1,3.345,6.89,618020.0
IXIC,20220225,13485.26,13694.62,13696.86,13358.29,13473.59,221.03,1.6405,2.51,462872.0
IXIC,20220228,13570.83,13751.4,13810.64,13549.9,13694.62,56.78,0.4146,1.9,592813.0
IXIC,20220301,13716.7,13532.46,13777.04,13441.32,13751.4,-218.94,-1.5921,2.44,613135.0
IXIC,20220302,13597.53,13752.02,13796.55,13493.91,13532.46,219.56,1.6225,2.24,524639.0
IXIC,20220303,13837.59,13537.94,13837.59,13472.64,13752.02,-214.08,-1.5567,2.65,509258.0
IXIC,20220304,13455.23,13313.44,13486.71,13224.98,13537.94,-224.5,-1.6583,1.93,534390.0
IXIC,20220307,13328.36,12830.96,13353.28,12828.02,13313.44,-482.48,-3.624,3.95,619537.0
IXIC,20220308,12800.04,12795.55,13159.44,12670.08,12830.96,-35.41,-0.276,3.81,668396.0
IXIC,20220309,13113.7,13255.55,13301.16,13039.79,12795.55,460.0,3.595,2.04,539655.0
IXIC,20220310,13098.35,13129.96,13163.5,12946.28,13255.55,-125.59,-0.9475,1.64,507125.0
IXIC,20220311,13229.77,12843.81,13239.35,12830.37,13129.96,-286.15,-2.1794,3.11,528821.0
IXIC,20220314,12795.12,12581.22,12918.01,12555.35,12843.81,-262.59,-2.0445,2.82,587671.0
IXIC,20220315,12685.23,12948.62,12973.88,12616.59,12581.22,367.4,2.9202,2.84,544010.0
IXIC,20220316,13119.36,13436.55,13440.12,12992.2,12948.62,487.93,3.7682,3.46,655221.0
IXIC,20220317,13360.72,13614.78,13620.8,13317.14,13436.55,178.23,1.3265,2.26,561209.0
IXIC,20220318,13564.63,13893.84,13899.28,13528.06,13614.78,279.06,2.0497,2.73,814929.0
IXIC,20220321,13860.39,13838.46,13945.81,13682.55,13893.84,-55.38,-0.3986,1.89,567394.0
IXIC,20220322,13866.43,14108.82,14141.07,13857.29,13838.46,270.36,1.9537,2.05,544510.0
IXIC,20220323,13990.35,13922.6,14152.14,13921.65,14108.82,-186.22,-1.3199,1.63,502423.0
IXIC,20220324,14001.32,14191.84,14193.55,13897.2,13922.6,269.24,1.9338,2.13,514952.0
IXIC,20220325,14194.72,14169.3,14218.76,14010.79,14191.84,-22.54,-0.1588,1.47,558510.0
IXIC,20220328,14177.21,14354.9,14356.0,14101.34,14169.3,185.6,1.3099,1.8,512950.0
IXIC,20220329,14500.39,14619.64,14646.9,14419.4,14354.9,264.74,1.8442,1.58,606089.0
IXIC,20220330,14558.59,14442.27,14609.25,14383.45,14619.64,-177.37,-1.2132,1.54,547920.0
IXIC,20220331,14444.78,14220.52,14456.74,14217.72,14442.27,-221.75,-1.5354,1.66,545389.0
IXIC,20220401,14269.53,14261.5,14306.94,14131.81,14220.52,40.98,0.2882,1.23,500279.0
IXIC,20220404,14304.35,14532.55,14534.38,14286.45,14261.5,271.05,1.9006,1.74,463010.0
IXIC,20220405,14490.26,14204.17,14500.29,14169.12,14532.55,-328.38,-2.2596,2.28,472771.0
IXIC,20220406,14002.58,13888.82,14032.84,13788.9,14204.17,-315.35,-2.2201,1.72,536042.0
IXIC,20220407,13861.49,13897.3,13978.25,13689.23,13888.82,8.48,0.0611,2.08,485609.0
IXIC,20220408,13830.47,13711.0,13866.06,13693.69,13897.3,-186.3,-1.3405,1.24,457408.0
IXIC,20220411,13547.29,13411.96,13585.08,13401.39,13711.0,-299.04,-2.181,1.34,494668.0
IXIC,20220412,13584.69,13371.57,13685.95,13317.74,13411.96,-40.39,-0.3011,2.75,499172.0
IXIC,20220413,13373.12,13643.59,13679.43,13353.66,13371.57,272.02,2.0343,2.44,490972.0
IXIC,20220414,13647.43,13351.08,13662.93,13345.22,13643.59,-292.51,-2.1439,2.33,464224.0
IXIC,20220418,13319.39,13332.36,13414.27,13222.03,13351.08,-18.72,-0.1402,1.44,436523.0
IXIC,20220419,13312.44,13619.66,13643.97,13281.22,13332.36,287.3,2.1549,2.72,456284.0
IXIC,20220420,13665.38,13453.07,13678.55,13426.13,13619.66,-166.59,-1.2232,1.85,467893.0
IXIC,20220421,13623.7,13174.65,13710.7,13140.83,13453.07,-278.42,-2.0696,4.24,523311.0
IXIC,20220422,13168.8,12839.29,13212.6,12828.02,13174.65,-335.36,-2.5455,2.92,447509.0
IXIC,20220425,12749.17,13004.85,13011.45,12722.59,12839.29,165.56,1.2895,2.25,484516.0
IXIC,20220426,12918.04,12490.74,12918.04,12490.74,13004.85,-514.11,-3.9532,3.29,516816.0
IXIC,20220427,12500.88,12488.93,12703.79,12430.9,12490.74,-1.81,-0.0145,2.18,481072.0
IXIC,20220428,12712.86,12871.53,12948.52,12487.86,12488.93,382.6,3.0635,3.69,506715.0
IXIC,20220429,12710.42,12334.64,12861.83,12315.74,12871.53,-536.89,-4.1711,4.24,473307.0
IXIC,20220502,12331.69,12536.02,12542.54,12202.41,12334.64,201.38,1.6326,2.76,491824.0
IXIC,20220503,12511.46,12563.76,12645.83,12460.99,12536.02,27.74,0.2213,1.47,454728.0
IXIC,20220504,12574.73,12964.86,12985.01,12367.02,12563.76,401.1,3.1925,4.92,549805.0
IXIC,20220505,12787.52,12317.69,12787.52,12183.56,12964.86,-647.17,-4.9917,4.66,530892.0
IXIC,20220506,12246.83,12144.66,12358.42,11990.15,12317.69,-173.03,-1.4047,2.99,532448.0
IXIC,20220509,11923.03,11623.25,11990.61,11574.94,12144.66,-521.41,-4.2933,3.42,593914.0
IXIC,20220510,11900.34,11737.67,11944.94,11566.28,11623.25,114.42,0.9844,3.26,621826.0
IXIC,20220511,11645.57,11364.24,11844.51,11339.18,11737.67,-373.43,-3.1815,4.31,615237.0
IXIC,20220512,11199.25,11370.96,11547.33,11108.76,11364.24,6.72,0.0591,3.86,667947.0
IXIC,20220513,11555.97,11805.0,11856.71,11510.26,11370.96,434.04,3.8171,3.05,589402.0
IXIC,20220516,11727.14,11662.79,11804.59,11627.53,11805.0,-142.21,-1.2047,1.5,493025.0
IXIC,20220517,11905.57,11984.52,11988.43,11754.28,11662.79,321.73,2.7586,2.01,509396.0
IXIC,20220518,11790.68,11418.15,11826.22,11381.69,11984.52,-566.37,-4.7258,3.71,506412.0
IXIC,20220519,11364.4,11388.5,11562.82,11313.31,11418.15,-29.65,-0.2597,2.19,515441.0
IXIC,20220520,11542.67,11354.62,11552.21,11035.69,11388.5,-33.88,-0.2975,4.54,543437.0
IXIC,20220523,11396.28,11535.27,11552.07,11304.56,11354.62,180.65,1.591,2.18,455220.0
IXIC,20220524,11326.44,11264.45,11351.61,11092.48,11535.27,-270.82,-2.3478,2.25,472443.0
IXIC,20220525,11225.03,11434.74,11511.9,11211.85,11264.45,170.29,1.5117,2.66,451969.0
IXIC,20220526,11409.84,11740.65,11796.97,11406.16,11434.74,305.91,2.6753,3.42,467262.0
IXIC,20220527,11869.69,12131.13,12131.66,11856.82,11740.65,390.48,3.3259,2.34,479390.0
IXIC,20220531,12137.54,12081.39,12190.08,11942.5,12131.13,-49.74,-0.41,2.04,604550.0
IXIC,20220601,12176.89,11994.46,12237.94,11901.43,12081.39,-86.93,-0.7195,2.79,471990.0
IXIC,20220602,11945.57,12316.9,12320.12,11901.45,11994.46,322.44,2.6882,3.49,444584.0
IXIC,20220603,12097.12,12012.73,12167.44,11966.62,12316.9,-304.17,-2.4695,1.63,413004.0
IXIC,20220606,12200.33,12061.37,12245.4,12004.2,12012.73,48.64,0.4049,2.01,464701.0
IXIC,20220607,11925.81,12175.23,12194.86,11888.61,12061.37,113.86,0.944,2.54,441124.0
IXIC,20220608,12147.28,12086.27,12235.78,12052.7,12175.23,-88.96,-0.7307,1.5,470898.0
IXIC,20220609,12016.47,11754.23,12115.06,11751.98,12086.27,-332.04,-2.7473,3.0,540846.0
IXIC,20220610,11543.88,11340.02,11569.15,11328.27,11754.23,-414.21,-3.5239,2.05,515202.0
IXIC,20220613,10986.85,10809.23,11071.48,10775.14,11340.02,-530.79,-4.6807,2.61,593732.0
IXIC,20220614,10897.43,10828.35,10926.81,10733.04,10809.23,19.12,0.1769,1.79,481989.0
IXIC,20220615,10968.4,11099.15,11244.26,10866.39,10828.35,270.8,2.5008,3.49,536850.0
IXIC,20220616,10806.02,10646.1,10831.07,10565.14,11099.15,-453.05,-4.0818,2.4,569663.0
IXIC,20220617,10697.55,10798.35,10884.71,10638.72,10646.1,152.25,1.4301,2.31,745283.0
IXIC,20220621,10974.05,11069.3,11164.99,10974.05,10798.35,270.95,2.5092,1.77,522626.0
IXIC,20220622,10941.95,11053.08,11216.77,10938.06,11069.3,-16.22,-0.1465,2.52,523818.0
IXIC,20220623,11137.68,11232.19,11260.27,11046.28,11053.08,179.11,1.6205,1.94,525820.0
IXIC,20220624,11351.31,11607.62,11613.23,11337.78,11232.19,375.43,3.3424,2.45,946813.0
IXIC,20220627,11661.02,11524.55,11677.49,11487.07,11607.62,-83.07,-0.7157,1.64,504786.0
IXIC,20220628,11542.24,11181.54,11635.85,11177.68,11524.55,-343.01,-2.9763,3.98,543322.0
IXIC,20220629,11160.22,11177.89,11226.33,11072.19,11181.54,-3.65,-0.0326,1.38,565086.0
IXIC,20220630,11048.25,11028.74,11160.92,10850.01,11177.89,-149.15,-1.3343,2.78,565452.0
IXIC,20220701,11006.83,11127.85,11132.55,10922.71,11028.74,99.11,0.8987,1.9,486573.0
IXIC,20220705,10964.18,11322.24,11323.89,10911.45,11127.85,194.39,1.7469,3.71,505357.0
IXIC,20220706,11337.9,11361.85,11443.15,11250.32,11322.24,39.61,0.3498,1.7,485117.0
IXIC,20220707,11422.6,11621.35,11644.47,11412.88,11361.85,259.5,2.284,2.04,468505.0
IXIC,20220708,11503.61,11635.31,11689.7,11479.77,11621.35,13.96,0.1201,1.81,452657.0
IXIC,20220711,11524.49,11372.6,11541.1,11348.06,11635.31,-262.71,-2.2579,1.66,436291.0
IXIC,20220712,11420.89,11264.73,11483.17,11207.08,11372.6,-107.87,-0.9485,2.43,431786.0
IXIC,20220713,11056.55,11247.58,11325.67,11031.27,11264.73,-17.15,-0.1522,2.61,443306.0
IXIC,20220714,11151.21,11251.19,11279.97,11005.93,11247.58,3.61,0.0321,2.44,448107.0
IXIC,20220715,11379.36,11452.42,11454.69,11295.33,11251.19,201.23,1.7885,1.42,436906.0
IXIC,20220718,11561.64,11360.05,11629.03,11322.84,11452.42,-92.37,-0.8066,2.67,505792.0
IXIC,20220719,11515.0,11713.15,11721.22,11448.97,11360.05,353.1,3.1083,2.4,530274.0
IXIC,20220720,11726.09,11897.65,11939.96,11703.36,11713.15,184.5,1.5752,2.02,546708.0
IXIC,20220721,11914.15,12059.61,12060.59,11812.72,11897.65,161.96,1.3613,2.08,468093.0
IXIC,20220722,12025.37,11834.11,12093.02,11767.19,12059.61,-225.5,-1.8699,2.7,472188.0
IXIC,20220725,11837.96,11782.67,11855.11,11707.53,11834.11,-51.44,-0.4347,1.25,434652.0
IXIC,20220726,11701.53,11562.57,11711.31,11533.37,11782.67,-220.1,-1.868,1.51,434976.0
IXIC,20220727,11756.19,12032.42,12081.73,11718.38,11562.57,469.85,4.0635,3.14,458848.0
IXIC,20220728,12036.48,12162.59,12179.09,11886.67,12032.42,130.17,1.0818,2.43,492495.0
IXIC,20220729,12239.69,12390.69,12426.26,12181.13,12162.59,228.1,1.8754,2.02,490741.0
IXIC,20220801,12317.96,12368.98,12499.72,12271.98,12390.69,-21.71,-0.1752,1.84,439639.0
IXIC,20220802,12287.67,12348.76,12503.34,12260.48,12368.98,-20.22,-0.1635,1.96,479214.0
IXIC,20220803,12433.87,12668.16,12699.64,12425.21,12348.76,319.4,2.5865,2.22,566799.0
IXIC,20220804,12675.04,12720.58,12736.19,12600.78,12668.16,52.42,0.4138,1.07,545147.0
IXIC,20220805,12538.8,12657.56,12720.44,12525.77,12720.58,-63.02,-0.4954,1.53,491130.0
IXIC,20220808,12703.72,12644.46,12855.15,12597.75,12657.56,-13.1,-0.1035,2.03,523860.0
IXIC,20220809,12557.49,12493.93,12582.91,12438.86,12644.46,-150.53,-1.1905,1.14,530734.0
IXIC,20220810,12793.44,12854.81,12861.44,12698.61,12493.93,360.88,2.8884,1.3,519621.0
IXIC,20220811,12944.82,12779.91,13026.24,12760.09,12854.81,-74.9,-0.5827,2.07,581596.0
IXIC,20220812,12866.31,13047.19,13047.19,12821.22,12779.91,267.28,2.0914,1.77,478261.0
IXIC,20220815,12996.63,13128.05,13146.06,12993.78,13047.19,80.86,0.6198,1.17,447604.0
IXIC,20220816,13082.64,13102.55,13181.09,12979.24,13128.05,-25.5,-0.1942,1.54,502841.0
IXIC,20220817,12968.63,12938.12,13053.51,12863.01,13102.55,-164.43,-1.2549,1.45,522952.0
IXIC,20220818,12937.79,12965.34,13002.66,12873.49,12938.12,27.22,0.2104,1.0,472435.0
IXIC,20220819,12832.27,12705.22,12859.01,12674.87,12965.34,-260.12,-2.0063,1.42,462817.0
IXIC,20220822,12523.16,12381.57,12538.55,12353.73,12705.22,-323.65,-2.5474,1.45,427098.0
IXIC,20220823,12380.37,12381.3,12490.85,12352.03,12381.57,-0.27,-0.0022,1.12,383618.0
IXIC,20220824,12375.15,12431.53,12504.33,12350.16,12381.3,50.23,0.4057,1.25,391717.0
IXIC,20220825,12506.37,12639.27,12641.26,12471.98,12431.53,207.74,1.6711,1.36,432347.0
IXIC,20220826,12630.58,12141.71,12655.84,12141.52,12639.27,-497.56,-3.9366,4.07,453000.0
IXIC,20220829,12021.05,12017.67,12124.87,11981.42,12141.71,-124.04,-1.0216,1.18,420985.0
IXIC,20220830,12093.06,11883.14,12101.85,11790.02,12017.67,-134.53,-1.1194,2.59,468152.0
IXIC,20220831,11972.56,11816.2,12027.43,11814.17,11883.14,-66.94,-0.5633,1.79,495201.0
IXIC,20220901,11707.44,11785.13,11798.37,11546.52,11816.2,-31.07,-0.2629,2.13,479289.0
IXIC,20220902,11899.14,11630.86,11945.91,11573.51,11785.13,-154.27,-1.309,3.16,425741.0
IXIC,20220906,11643.03,11544.91,11679.43,11471.5,11630.86,-85.95,-0.739,1.79,462294.0
IXIC,20220907,11559.38,11791.9,11819.07,11555.08,11544.91,246.99,2.1394,2.29,444564.0
IXIC,20220908,11679.86,11862.13,11896.73,11660.53,11791.9,70.23,0.5956,2.0,432991.0
IXIC,20220909,11958.61,12112.31,12132.67,11958.61,11862.13,250.18,2.1091,1.47,440159.0
IXIC,20220912,12174.94,12266.41,12270.19,12169.28,12112.31,154.1,1.2723,0.83,414668.0
IXIC,20220913,11908.81,11633.57,11957.97,11604.43,12266.41,-632.84,-5.1591,2.88,518838.0
IXIC,20220914,11680.41,11719.68,11746.83,11602.76,11633.57,86.11,0.7402,1.24,486153.0
IXIC,20220915,11633.24,11552.36,11760.73,11497.11,11719.68,-167.32,-1.4277,2.25,480591.0
IXIC,20220916,11401.21,11448.4,11460.43,11316.92,11552.36,-103.96,-0.8999,1.24,745184.0
IXIC,20220919,11338.57,11535.02,11538.13,11337.83,11448.4,86.62,0.7566,1.75,416867.0
IXIC,20220920,11440.14,11425.05,11520.99,11343.72,11535.02,-109.97,-0.9534,1.54,402810.0
IXIC,20220921,11466.21,11220.19,11613.57,11218.99,11425.05,-204.86,-1.7931,3.45,447100.0
IXIC,20220922,11167.38,11066.81,11203.77,11024.64,11220.19,-153.38,-1.367,1.6,491647.0
IXIC,20220923,10952.69,10867.93,10958.29,10732.72,11066.81,-198.88,-1.7971,2.04,513435.0
IXIC,20220926,10833.38,10802.92,11024.0,10789.05,10867.93,-65.01,-0.5982,2.16,469773.0
IXIC,20220927,10955.29,10829.5,11040.98,10741.02,10802.92,26.58,0.246,2.78,444505.0
IXIC,20220928,10817.52,11051.64,11101.5,10776.34,10829.5,222.14,2.0512,3.0,455610.0
IXIC,20220929,10894.44,10737.51,10899.47,10623.22,11051.64,-314.13,-2.8424,2.5,451663.0
IXIC,20220930,10697.71,10575.62,10883.04,10572.33,10737.51,-161.89,-1.5077,2.89,464971.0
IXIC,20221003,10659.01,10815.44,10875.46,10577.89,10575.62,239.82,2.2677,2.81,441544.0
IXIC,20221004,11054.72,11176.41,11189.96,11044.04,10815.44,360.97,3.3375,1.35,500478.0
IXIC,20221005,11022.67,11148.64,11210.32,10910.76,11176.41,-27.77,-0.2485,2.68,409186.0
IXIC,20221006,11129.04,11073.31,11230.44,11051.27,11148.64,-75.33,-0.6757,1.61,442332.0
IXIC,20221007,10877.28,10652.4,10891.93,10608.52,11073.31,-420.91,-3.8011,2.56,463419.0
IXIC,20221010,10659.95,10542.1,10669.93,10449.04,10652.4,-110.3,-1.0354,2.07,398964.0
IXIC,20221011,10484.37,10426.19,10608.84,10351.98,10542.1,-115.91,-1.0995,2.44,473884.0
IXIC,20221012,10437.0,10417.1,10494.53,10372.21,10426.19,-9.09,-0.0872,1.17,409103.0
IXIC,20221013,10131.82,10649.15,10697.71,10088.83,10417.1,232.05,2.2276,5.85,530008.0
IXIC,20221014,10742.81,10321.39,10766.69,10308.81,10649.15,-327.76,-3.0778,4.3,439300.0
IXIC,20221017,10575.65,10675.8,10696.59,10569.69,10321.39,354.41,3.4337,1.23,443919.0
IXIC,20221018,10963.99,10772.4,10972.97,10670.12,10675.8,96.6,0.9049,2.84,504736.0
IXIC,20221019,10689.31,10680.51,10808.04,10592.88,10772.4,-91.89,-0.853,2.0,495509.0
IXIC,20221020,10657.41,10614.84,10837.3,10574.55,10680.51,-65.67,-0.6149,2.46,462801.0
IXIC,20221021,10576.04,10859.72,10875.72,10542.43,10614.84,244.88,2.307,3.14,470644.0
IXIC,20221024,10867.07,10952.61,10983.52,10713.33,10859.72,92.89,0.8554,2.49,480871.0
IXIC,20221025,10996.97,11199.12,11210.38,10996.97,10952.61,246.51,2.2507,1.95,514176.0
IXIC,20221026,10969.02,10970.99,11205.84,10948.38,11199.12,-228.13,-2.037,2.3,522444.0
IXIC,20221027,10971.95,10792.68,10998.73,10780.5,10970.99,-178.31,-1.6253,1.99,477352.0
IXIC,20221028,10766.2,11102.45,11117.04,10766.2,10792.68,309.77,2.8702,3.25,473194.0
IXIC,20221031,11028.43,10988.15,11047.94,10914.01,11102.45,-114.3,-1.0295,1.21,475374.0
IXIC,20221101,11154.74,10890.85,11156.35,10881.19,10988.15,-97.3,-0.8855,2.5,467752.0
IXIC,20221102,10885.01,10524.8,10993.24,10522.9,10890.85,-366.05,-3.3611,4.32,543642.0
IXIC,20221103,10399.45,10342.94,10486.01,10319.54,10524.8,-181.86,-1.7279,1.58,510219.0
IXIC,20221104,10548.14,10475.25,10553.63,10262.93,10342.94,132.31,1.2792,2.81,545375.0
IXIC,20221107,10516.94,10564.52,10587.96,10428.91,10475.25,89.27,0.8522,1.52,445669.0
IXIC,20221108,10611.53,10616.2,10745.64,10472.73,10564.52,51.68,0.4892,2.58,513450.0
IXIC,20221109,10528.45,10353.17,10564.97,10344.01,10616.2,-263.03,-2.4776,2.08,497746.0
IXIC,20221110,10869.17,11114.15,11119.12,10779.95,10353.17,760.98,7.3502,3.28,643300.0
IXIC,20221111,11124.75,11323.33,11352.43,11069.83,11114.15,209.18,1.8821,2.54,586775.0
IXIC,20221114,11233.9,11196.22,11350.12,11167.17,11323.33,-127.11,-1.1226,1.62,500406.0
IXIC,20221115,11474.82,11358.41,11492.62,11241.15,11196.22,162.19,1.4486,2.25,561731.0
IXIC,20221116,11260.1,11183.66,11286.1,11162.92,11358.41,-174.75,-1.5385,1.08,458519.0
IXIC,20221117,11008.67,11144.96,11198.84,11006.21,11183.66,-38.7,-0.346,1.72,435436.0
IXIC,20221118,11257.01,11146.06,11259.44,11059.16,11144.96,1.1,0.0099,1.8,417542.0
IXIC,20221121,11091.01,11024.51,11128.78,10999.75,11146.06,-121.55,-1.0905,1.16,397713.0
IXIC,20221122,11058.56,11174.41,11179.87,10975.66,11024.51,149.9,1.3597,1.85,418636.0
IXIC,20221123,11174.61,11285.32,11310.82,11174.61,11174.41,110.91,0.9925,1.22,443153.0
IXIC,20221125,11231.0,11226.36,11261.57,11206.38,11285.32,-58.96,-0.5224,0.49,218408.0
IXIC,20221128,11147.57,11049.5,11217.75,11020.69,11226.36,-176.86,-1.5754,1.76,427136.0
IXIC,20221129,11060.02,10983.78,11086.02,10944.37,11049.5,-65.72,-0.5948,1.28,459283.0
IXIC,20221130,10995.2,11468.0,11468.47,10966.53,10983.78,484.22,4.4085,4.57,665346.0
IXIC,20221201,11475.17,11482.45,11546.77,11378.75,11468.0,14.45,0.126,1.47,515812.0
IXIC,20221202,11308.38,11461.5,11492.32,11296.72,11482.45,-20.95,-0.1825,1.7,452301.0
IXIC,20221205,11380.99,11239.94,11425.51,11193.02,11461.5,-221.56,-1.9331,2.03,451003.0
IXIC,20221206,11228.42,11014.89,11241.42,10956.2,11239.94,-225.05,-2.0022,2.54,471333.0
IXIC,20221207,10963.95,10958.55,11039.81,10910.62,11014.89,-56.34,-0.5115,1.17,434386.0
IXIC,20221208,11011.33,11082.0,11119.16,10939.47,10958.55,123.45,1.1265,1.64,428180.0
IXIC,20221209,11038.17,11004.62,11138.7,10999.26,11082.0,-77.38,-0.6982,1.26,433744.0
IXIC,20221212,11015.48,11143.74,11144.67,10984.82,11004.62,139.12,1.2642,1.45,482999.0
IXIC,20221213,11542.84,11256.81,11571.64,11160.54,11143.74,113.07,1.0147,3.69,612689.0
IXIC,20221214,11248.09,11170.89,11352.09,11065.24,11256.81,-85.92,-0.7633,2.55,548515.0
IXIC,20221215,11012.62,10810.53,11029.57,10775.61,11170.89,-360.36,-3.2259,2.27,553607.0
IXIC,20221216,10767.63,10705.41,10833.24,10642.1,10810.53,-105.12,-0.9724,1.77,796817.0
IXIC,20221219,10707.44,10546.03,10713.97,10497.55,10705.41,-159.38,-1.4888,2.02,463182.0
IXIC,20221220,10490.89,10547.11,10609.46,10446.82,10546.03,1.08,0.0102,1.54,470719.0
IXIC,20221221,10592.0,10709.37,10753.57,10569.2,10547.11,162.26,1.5384,1.75,440142.0
IXIC,20221222,10586.46,10476.12,10599.34,10313.32,10709.37,-233.25,-2.178,2.67,512507.0
IXIC,20221223,10437.75,10497.86,10514.76,10361.82,10476.12,21.74,0.2075,1.46,354468.0
IXIC,20221227,10462.19,10353.23,10472.32,10340.73,10497.86,-144.63,-1.3777,1.25,382729.0
IXIC,20221228,10339.2,10213.29,10414.82,10207.47,10353.23,-139.94,-1.3517,2.0,384297.0
IXIC,20221229,10321.46,10478.09,10502.08,10301.06,10213.29,264.8,2.5927,1.97,415410.0
IXIC,20221230,10368.37,10466.48,10468.31,10324.7,10478.09,-11.61,-0.1108,1.37,395903.0
IXIC,20230103,10562.06,10386.98,10613.06,10309.16,10466.48,-79.5,-0.7596,2.9,478065.0
IXIC,20230104,10467.82,10458.76,10515.22,10337.64,10386.98,71.78,0.6911,1.71,508538.0
IXIC,20230105,10390.31,10305.24,10393.22,10295.25,10458.76,-153.52,-1.4679,0.94,476427.0
IXIC,20230106,10363.96,10569.29,10604.14,10265.04,10305.24,264.05,2.5623,3.29,519978.0
IXIC,20230109,10662.1,10635.65,10807.26,10619.12,10569.29,66.36,0.6279,1.78,513219.0
IXIC,20230110,10607.72,10742.63,10743.67,10589.59,10635.65,106.98,1.0059,1.45,471068.0
IXIC,20230111,10794.99,10931.67,10932.44,10762.73,10742.63,189.04,1.7597,1.58,528439.0
IXIC,20230112,10969.26,11001.1,11027.75,10797.12,10931.67,69.43,0.6351,2.11,568124.0
IXIC,20230113,10906.37,11079.16,11084.01,10900.16,11001.1,78.06,0.7096,1.67,507799.0
IXIC,20230117,11070.0,11095.11,11145.44,11024.72,11079.16,15.95,0.144,1.09,513841.0
IXIC,20230118,11170.95,10957.01,11223.41,10952.05,11095.11,-138.1,-1.2447,2.45,528863.0
IXIC,20230119,10890.4,10852.27,10932.52,10804.57,10957.01,-104.74,-0.9559,1.17,466080.0
IXIC,20230120,10924.66,11140.44,11143.17,10885.65,10852.27,288.17,2.6554,2.37,598011.0
IXIC,20230123,11171.94,11364.41,11405.5,11144.03,11140.44,223.97,2.0104,2.35,599781.0
IXIC,20230124,11302.93,11334.27,11378.15,11282.65,11364.41,-30.14,-0.2652,0.84,567086.0
IXIC,20230125,11146.53,11313.36,11334.22,11069.18,11334.27,-20.91,-0.1845,2.34,548557.0
IXIC,20230126,11458.4,11512.41,11516.05,11341.19,11313.36,199.05,1.7594,1.55,573289.0
IXIC,20230127,11470.47,11621.71,11691.89,11470.27,11512.41,109.3,0.9494,1.93,624380.0
IXIC,20230130,11512.34,11393.81,11553.31,11388.54,11621.71,-227.9,-1.961,1.42,512232.0
IXIC,20230131,11398.58,11584.55,11586.01,11398.37,11393.81,190.74,1.6741,1.65,569515.0
IXIC,20230201,11573.14,11816.32,11904.02,11500.33,11584.55,231.77,2.0007,3.48,633604.0
IXIC,20230202,12065.15,12200.82,12269.55,12024.14,11816.32,384.5,3.254,2.08,703821.0
IXIC,20230203,11946.86,12006.96,12231.31,11946.86,12200.82,-193.86,-1.5889,2.33,595449.0
IXIC,20230206,11904.41,11887.45,11973.41,11843.49,12006.96,-119.51,-0.9953,1.08,553835.0
IXIC,20230207,11891.25,12113.79,12150.22,11836.78,11887.45,226.34,1.904,2.64,572024.0
IXIC,20230208,12069.12,11910.52,12096.39,11890.09,12113.79,-203.27,-1.678,1.7,505287.0
IXIC,20230209,12069.1,11789.58,12070.96,11745.11,11910.52,-120.94,-1.0154,2.74,553629.0
IXIC,20230210,11714.6,11718.12,11775.8,11630.54,11789.58,-71.46,-0.6061,1.23,488503.0
IXIC,20230213,11759.09,11891.79,11910.92,11719.73,11718.12,173.67,1.4821,1.63,475288.0
IXIC,20230214,11808.2,11960.15,11999.85,11760.56,11891.79,68.36,0.5749,2.01,503243.0
IXIC,20230215,11905.12,12070.59,12071.29,11876.82,11960.15,110.44,0.9234,1.63,505664.0
IXIC,20230216,11896.31,11855.83,12040.34,11853.36,12070.59,-214.76,-1.7792,1.55,515941.0
IXIC,20230217,11777.5,11787.27,11803.22,11673.21,11855.83,-68.56,-0.5783,1.1,492523.0
IXIC,20230221,11640.37,11492.3,11684.14,11491.18,11787.27,-294.97,-2.5024,1.64,500254.0
IXIC,20230222,11517.2,11507.07,11582.52,11445.17,11492.3,14.77,0.1285,1.2,467127.0
IXIC,20230223,11636.93,11590.4,11638.98,11432.58,11507.07,83.33,0.7242,1.79,471458.0
IXIC,20230224,11404.18,11394.94,11434.36,11334.47,11590.4,-195.46,-1.6864,0.86,443265.0
IXIC,20230227,11517.19,11466.98,11565.23,11444.6,11394.94,72.04,0.6322,1.06,449400.0
IXIC,20230228,11451.05,11455.54,11548.23,11435.39,11466.98,-11.44,-0.0998,0.98,534095.0
IXIC,20230301,11447.58,11379.48,11479.0,11349.87,11455.54,-76.06,-0.664,1.13,492753.0
IXIC,20230302,11273.77,11462.98,11487.59,11273.61,11379.48,83.5,0.7338,1.88,531376.0
IXIC,20230303,11524.65,11689.01,11699.63,11514.74,11462.98,226.03,1.9718,1.61,510221.0
IXIC,20230306,11736.87,11675.74,11827.92,11667.48,11689.01,-13.27,-0.1135,1.37,498288.0
IXIC,20230307,11670.98,11530.33,11705.96,11512.03,11675.74,-145.41,-1.2454,1.66,542282.0
IXIC,20230308,11553.09,11576.01,11601.23,11487.75,11530.33,45.68,0.3962,0.98,508597.0
IXIC,20230309,11578.31,11338.35,11667.12,11319.98,11576.01,-237.66,-2.053,3.0,506179.0
IXIC,20230310,11325.36,11138.89,11373.81,11093.86,11338.35,-199.46,-1.7592,2.47,619350.0
IXIC,20230313,11041.46,11188.84,11326.73,10982.8,11138.89,49.95,0.4484,3.09,620149.0
IXIC,20230314,11357.73,11428.15,11467.02,11284.93,11188.84,239.31,2.1388,1.63,553312.0
IXIC,20230315,11291.17,11434.05,11447.9,11238.44,11428.15,5.9,0.0516,1.83,591243.0
IXIC,20230316,11384.87,11717.28,11733.8,11365.49,11434.05,283.23,2.4771,3.22,549892.0
IXIC,20230317,11696.34,11630.51,11773.11,11562.63,11717.28,-86.77,-0.7405,1.8,790309.0
IXIC,20230320,11614.39,11675.54,11695.55,11550.69,11630.51,45.03,0.3872,1.25,497063.0
IXIC,20230321,11764.79,11860.11,11879.16,11724.91,11675.54,184.57,1.5808,1.32,482987.0
IXIC,20230322,11857.5,11669.96,12013.99,11666.85,11860.11,-190.15,-1.6033,2.93,498159.0
IXIC,20230323,11811.32,11787.4,11962.69,11684.52,11669.96,117.44,1.0063,2.38,491746.0
IXIC,20230324,11747.62,11823.96,11826.23,11670.67,11787.4,36.56,0.3102,1.32,436365.0
IXIC,20230327,11868.54,11768.84,11903.21,11739.05,11823.96,-55.12,-0.4662,1.39,433032.0
IXIC,20230328,11752.76,11716.08,11752.76,11635.03,11768.84,-52.76,-0.4483,1.0,403691.0
IXIC,20230329,11855.59,11926.24,11941.6,11823.35,11716.08,210.16,1.7938,1.01,449354.0
IXIC,20230330,12010.45,12013.47,12044.79,11953.37,11926.24,87.23,0.7314,0.77,473888.0
IXIC,20230331,12031.54,12221.91,12227.93,12030.44,12013.47,208.44,1.7351,1.64,552115.0
IXIC,20230403,12146.09,12189.45,12196.34,12086.52,12221.91,-32.46,-0.2656,0.9,481644.0
IXIC,20230404,12208.49,12126.33,12224.68,12081.81,12189.45,-63.12,-0.5178,1.17,429876.0
IXIC,20230405,12081.76,11996.86,12086.75,11931.85,12126.33,-129.47,-1.0677,1.28,437859.0
IXIC,20230406,11939.08,12087.96,12098.5,11898.36,11996.86,91.1,0.7594,1.67,386280.0
IXIC,20230410,11975.13,12084.36,12084.95,11924.2,12087.96,-3.6,-0.0298,1.33,433407.0
IXIC,20230411,12080.24,12031.88,12091.27,12011.4,12084.36,-52.48,-0.4343,0.66,467696.0
IXIC,20230412,12110.87,11929.34,12134.5,11916.54,12031.88,-102.54,-0.8522,1.81,490977.0
IXIC,20230413,11997.42,12166.27,12178.8,11995.94,11929.34,236.93,1.9861,1.53,494299.0
IXIC,20230414,12117.91,12123.47,12205.72,12026.55,12166.27,-42.8,-0.3518,1.47,465574.0
IXIC,20230417,12108.23,12157.72,12159.02,12064.1,12123.47,34.25,0.2825,0.78,482318.0
IXIC,20230418,12234.56,12153.41,12245.43,12110.23,12157.72,-4.31,-0.0355,1.11,485181.0
IXIC,20230419,12063.68,12157.23,12191.1,12060.17,12153.41,3.82,0.0314,1.08,497270.0
IXIC,20230420,12039.08,12059.56,12155.96,12011.95,12157.23,-97.67,-0.8034,1.18,459053.0
IXIC,20230421,12046.03,12072.46,12097.15,11986.82,12059.56,12.9,0.107,0.91,486805.0
IXIC,20230424,12053.47,12037.2,12103.58,11960.3,12072.46,-35.26,-0.2921,1.19,485405.0
IXIC,20230425,11968.81,11799.16,11990.46,11798.77,12037.2,-238.04,-1.9775,1.59,480602.0
IXIC,20230426,11913.23,11854.35,11967.99,11833.07,11799.16,55.19,0.4677,1.14,528197.0
IXIC,20230427,11972.15,12142.24,12154.01,11950.92,11854.35,287.89,2.4286,1.71,525371.0
IXIC,20230428,12117.54,12226.58,12227.72,12082.57,12142.24,84.34,0.6946,1.2,533138.0
IXIC,20230501,12210.05,12212.6,12261.32,12181.08,12226.58,-13.98,-0.1143,0.66,516843.0
IXIC,20230502,12198.02,12080.51,12206.58,12015.23,12212.6,-132.09,-1.0816,1.57,550141.0
IXIC,20230503,12097.04,12025.33,12212.55,12022.46,12080.51,-55.18,-0.4568,1.57,578216.0
IXIC,20230504,11997.34,11966.4,12033.15,11925.37,12025.33,-58.93,-0.49,0.9,474578.0
IXIC,20230505,12073.03,12235.41,12264.83,12065.72,11966.4,269.01,2.248,1.66,457479.0
IXIC,20230508,12231.68,12256.92,12264.99,12178.26,12235.41,21.51,0.1758,0.71,421636.0
IXIC,20230509,12195.78,12179.55,12216.13,12174.06,12256.92,-77.37,-0.6312,0.34,412678.0
IXIC,20230510,12286.66,12306.44,12337.69,12180.86,12179.55,126.89,1.0418,1.29,494826.0
IXIC,20230511,12321.26,12328.51,12347.38,12255.44,12306.44,22.07,0.1793,0.75,448949.0
IXIC,20230512,12350.52,12284.74,12364.65,12209.58,12328.51,-43.77,-0.355,1.26,417000.0
IXIC,20230515,12301.17,12365.21,12376.4,12263.35,12284.74,80.47,0.655,0.92,397929.0
IXIC,20230516,12327.05,12343.05,12403.81,12324.52,12365.21,-22.16,-0.1792,0.64,406751.0
IXIC,20230517,12388.58,12500.57,12514.07,12335.02,12343.05,157.52,1.2762,1.45,450182.0
IXIC,20230518,12513.87,12688.84,12698.5,12512.27,12500.57,188.27,1.5061,1.49,453289.0
IXIC,20230519,12709.46,12657.9,12731.73,12624.06,12688.84,-30.94,-0.2438,0.85,393578.0
IXIC,20230522,12664.44,12720.78,12756.23,12655.26,12657.9,62.88,0.4968,0.8,427892.0
IXIC,20230523,12652.88,12560.25,12709.74,12554.43,12720.78,-160.53,-1.262,1.22,434744.0
IXIC,20230524,12481.89,12484.16,12529.63,12415.85,12560.25,-76.09,-0.6058,0.91,408827.0
IXIC,20230525,12706.44,12698.09,12736.92,12604.89,12484.16,213.93,1.7136,1.06,465164.0
IXIC,20230526,12736.42,12975.69,13001.91,12729.74,12698.09,277.6,2.1862,2.14,443407.0
IXIC,20230530,13109.1,13017.43,13154.29,12968.12,12975.69,41.74,0.3217,1.43,484347.0
IXIC,20230531,12968.38,12935.29,13029.08,12889.37,13017.43,-82.14,-0.631,1.07,590576.0
IXIC,20230601,12944.46,13100.98,13141.83,12903.63,12935.29,165.69,1.2809,1.84,461031.0
IXIC,20230602,13190.48,13240.77,13256.21,13125.86,13100.98,139.79,1.067,0.99,442676.0
IXIC,20230605,13238.48,13229.43,13330.65,13194.95,13240.77,-11.34,-0.0856,1.02,434428.0
IXIC,20230606,13199.59,13276.42,13306.21,13165.65,13229.43,46.99,0.3552,1.06,481091.0
IXIC,20230607,13295.26,13104.89,13361.9,13089.48,13276.42,-171.53,-1.292,2.05,527060.0
IXIC,20230608,13113.27,13238.52,13248.6,13101.18,13104.89,133.63,1.0197,1.12,428016.0
IXIC,20230609,13312.39,13259.14,13385.95,13229.33,13238.52,20.62,0.1558,1.18,441271.0
IXIC,20230612,13326.37,13461.92,13465.91,13302.58,13259.14,202.78,1.5294,1.23,472268.0
IXIC,20230613,13566.53,13573.32,13594.4,13473.19,13461.92,111.4,0.8275,0.9,552210.0
IXIC,20230614,13570.56,13626.48,13661.74,13455.99,13573.32,53.16,0.3917,1.52,577255.0
IXIC,20230615,13572.88,13782.82,13828.17,13561.37,13626.48,156.34,1.1473,1.96,566752.0
IXIC,20230616,13859.07,13689.57,13864.06,13680.96,13782.82,-93.25,-0.6766,1.33,807653.0
IXIC,20230620,13642.29,13667.29,13711.19,13561.84,13689.57,-22.28,-0.1628,1.09,523771.0
IXIC,20230621,13620.87,13502.2,13638.57,13460.94,13667.29,-165.09,-1.2079,1.3,519464.0
IXIC,20230622,13443.41,13630.61,13631.85,13441.56,13502.2,128.41,0.951,1.41,449955.0
IXIC,20230623,13484.1,13492.52,13572.19,13442.65,13630.61,-138.09,-1.0131,0.95,773450.0
IXIC,20230626,13468.75,13335.78,13573.57,13334.42,13492.52,-156.74,-1.1617,1.77,443060.0
IXIC,20230627,13389.25,13555.67,13578.8,13366.97,13335.78,219.89,1.6489,1.59,505366.0
IXIC,20230628,13506.02,13591.75,13654.14,13495.73,13555.67,36.08,0.2662,1.17,453327.0
IXIC,20230629,13592.36,13591.33,13618.53,13540.26,13591.75,-0.42,-0.0031,0.58,438814.0
IXIC,20230630,13719.98,13787.92,13816.68,13716.16,13591.33,196.59,1.4464,0.74,466112.0
IXIC,20230703,13798.7,13816.77,13839.09,13773.41,13787.92,28.85,0.2092,0.48,290230.0
IXIC,20230705,13772.1,13791.65,13844.5,13764.25,13816.77,-25.12,-0.1818,0.58,533934.0
IXIC,20230706,13653.17,13679.04,13689.52,13567.26,13791.65,-112.61,-0.8165,0.89,611308.0
IXIC,20230707,13668.07,13660.72,13804.51,13656.73,13679.04,-18.32,-0.1339,1.08,509812.0
IXIC,20230710,13645.37,13685.48,13692.41,13584.87,13660.72,24.76,0.1813,0.79,527539.0
IXIC,20230711,13709.82,13760.7,13774.83,13643.32,13685.48,75.22,0.5496,0.96,484095.0
IXIC,20230712,13915.64,13918.96,13963.45,13842.13,13760.7,158.26,1.1501,0.88,523062.0
IXIC,20230713,14021.15,14138.57,14163.81,14012.24,13918.96,219.61,1.5778,1.09,518356.0
IXIC,20230714,14166.66,14113.7,14232.11,14081.96,14138.57,-24.87,-0.1759,1.06,536689.0
IXIC,20230717,14149.92,14244.95,14274.41,14138.01,14113.7,131.25,0.9299,0.97,459316.0
IXIC,20230718,14212.25,14353.64,14396.69,14176.11,14244.95,108.69,0.763,1.55,482407.0
IXIC,20230719,14398.53,14358.02,14446.55,14317.09,14353.64,4.38,0.0305,0.9,511242.0
IXIC,20230720,14273.29,14063.31,14309.92,14030.63,14358.02,-294.71,-2.0526,1.95,512802.0
IXIC,20230721,14148.18,14032.81,14179.01,14020.45,14063.31,-30.5,-0.2169,1.13,525418.0
IXIC,20230724,14081.63,14058.87,14110.15,13997.13,14032.81,26.06,0.1857,0.81,408307.0
IXIC,20230725,14093.24,14144.56,14201.91,14092.52,14058.87,85.69,0.6095,0.78,381247.0
IXIC,20230726,14123.52,14127.28,14187.35,14041.95,14144.56,-17.28,-0.1222,1.03,432200.0
IXIC,20230727,14319.16,14050.11,14360.2,14006.93,14127.28,-77.17,-0.5462,2.5,511584.0
IXIC,20230728,14199.83,14316.66,14344.35,14188.1,14050.11,266.55,1.8971,1.11,445352.0
IXIC,20230731,14337.9,14346.02,14370.91,14292.76,14316.66,29.36,0.2051,0.55,493444.0
IXIC,20230801,14274.93,14283.91,14309.21,14215.64,14346.02,-62.11,-0.4329,0.65,463377.0
IXIC,20230802,14132.73,13973.45,14133.85,13914.81,14283.91,-310.46,-2.1735,1.53,548196.0
IXIC,20230803,13899.76,13959.72,14032.28,13881.35,13973.45,-13.73,-0.0983,1.08,603697.0
IXIC,20230804,14025.96,13909.24,14119.22,13897.94,13959.72,-50.48,-0.3616,1.59,534945.0
IXIC,20230807,13972.45,13994.4,13997.15,13864.92,13909.24,85.16,0.6123,0.95,489233.0
IXIC,20230808,13875.45,13884.32,13899.74,13769.34,13994.4,-110.08,-0.7866,0.93,528455.0
IXIC,20230809,13897.61,13722.02,13898.54,13698.4,13884.32,-162.3,-1.1689,1.44,559136.0
IXIC,20230810,13818.25,13737.99,13947.16,13686.52,13722.02,15.97,0.1164,1.9,529908.0
IXIC,20230811,13633.65,13644.85,13720.33,13609.98,13737.99,-93.14,-0.678,0.8,463888.0
IXIC,20230814,13599.0,13788.33,13789.16,13582.49,13644.85,143.48,1.0515,1.51,427202.0
IXIC,20230815,13760.48,13631.05,13774.98,13611.94,13788.33,-157.28,-1.1407,1.18,447332.0
IXIC,20230816,13593.17,13474.63,13644.32,13473.03,13631.05,-156.42,-1.1475,1.26,624376.0
IXIC,20230817,13527.3,13316.93,13535.09,13303.45,13474.63,-157.7,-1.1703,1.72,528018.0
IXIC,20230818,13190.02,13290.78,13335.87,13161.77,13316.93,-26.15,-0.1964,1.31,480191.0
IXIC,20230821,13347.26,13497.59,13516.86,13325.59,13290.78,206.81,1.556,1.44,436307.0
IXIC,20230822,13593.95,13505.87,13598.77,13484.38,13497.59,8.28,0.0613,0.85,428243.0
IXIC,20230823,13532.43,13721.03,13757.0,13532.43,13505.87,215.16,1.5931,1.66,412785.0
IXIC,20230824,13834.31,13463.97,13834.69,13462.84,13721.03,-257.06,-1.8735,2.71,438382.0
IXIC,20230825,13514.37,13590.65,13633.42,13376.35,13463.97,126.68,0.9409,1.91,397006.0
IXIC,20230828,13695.36,13705.13,13735.98,13626.64,13590.65,114.48,0.8423,0.8,366668.0
IXIC,20230829,13687.23,13943.76,13959.81,13677.06,13705.13,238.63,1.7412,2.06,474818.0
IXIC,20230830,13961.77,14019.31,14050.82,13924.2,13943.76,75.55,0.5418,0.91,436460.0
IXIC,20230831,14041.54,14034.97,14114.68,14010.48,14019.31,15.66,0.1117,0.74,456861.0
IXIC,20230901,14129.96,14031.81,14149.62,13982.42,14034.97,-3.16,-0.0225,1.19,403396.0
IXIC,20230905,13994.54,14020.95,14060.85,13945.65,14031.81,-10.86,-0.0774,0.82,437979.0
IXIC,20230906,13988.81,13872.47,14001.95,13802.42,14020.95,-148.48,-1.059,1.42,421532.0
IXIC,20230907,13675.11,13748.83,13774.64,13642.47,13872.47,-123.64,-0.8913,0.95,432083.0
IXIC,20230908,13754.71,13761.53,13843.37,13733.18,13748.83,12.7,0.0924,0.8,416036.0
IXIC,20230911,13884.03,13917.9,13937.47,13805.13,13761.53,156.37,1.1363,0.96,453887.0
IXIC,20230912,13858.94,13773.61,13913.6,13763.69,13917.9,-144.29,-1.0367,1.08,459549.0
IXIC,20230913,13773.67,13813.59,13868.57,13733.82,13773.61,39.98,0.2903,0.98,484031.0
IXIC,20230914,13889.76,13926.05,13957.57,13810.66,13813.59,112.46,0.8141,1.06,464901.0
IXIC,20230915,13889.2,13708.34,13895.75,13684.24,13926.05,-217.71,-1.5633,1.52,816221.0
IXIC,20230918,13669.96,13710.24,13751.28,13663.46,13708.34,1.9,0.0139,0.64,485588.0
IXIC,20230919,13649.44,13678.19,13705.15,13578.87,13710.24,-32.05,-0.2338,0.92,445346.0
IXIC,20230920,13710.26,13469.13,13727.81,13467.28,13678.19,-209.06,-1.5284,1.9,478244.0
IXIC,20230921,13328.06,13223.99,13362.23,13222.56,13469.13,-245.14,-1.82,1.04,501489.0
IXIC,20230922,13287.17,13211.81,13353.22,13200.64,13223.99,-12.18,-0.0921,1.15,430270.0
IXIC,20230925,13172.54,13271.32,13277.83,13132.0,13211.81,59.51,0.4504,1.1,410029.0
IXIC,20230926,13180.96,13063.61,13199.13,13033.4,13271.32,-207.71,-1.5651,1.25,469354.0
IXIC,20230927,13115.36,13092.85,13156.37,12963.16,13063.61,29.24,0.2238,1.48,484141.0
IXIC,20230928,13043.37,13201.28,13270.97,13025.11,13092.85,108.43,0.8282,1.88,464839.0
IXIC,20230929,13337.71,13219.32,13382.98,13177.09,13201.28,18.04,0.1367,1.56,513850.0
IXIC,20231002,13217.99,13307.77,13364.03,13204.08,13219.32,88.45,0.6691,1.21,455470.0
IXIC,20231003,13229.68,13059.47,13280.04,13008.6,13307.77,-248.3,-1.8658,2.04,468431.0
IXIC,20231004,13092.92,13236.01,13258.76,13072.52,13059.47,176.54,1.3518,1.43,430807.0
IXIC,20231005,13228.12,13219.83,13251.18,13087.57,13236.01,-16.18,-0.1222,1.24,416747.0
IXIC,20231006,13127.68,13431.34,13472.27,13099.03,13219.83,211.51,1.5999,2.82,430942.0
IXIC,20231009,13326.22,13484.24,13509.3,13277.48,13431.34,52.9,0.3939,1.73,383593.0
IXIC,20231010,13505.81,13562.84,13659.63,13491.81,13484.24,78.6,0.5829,1.24,430135.0
IXIC,20231011,13619.21,13659.68,13671.11,13549.29,13562.84,96.84,0.714,0.9,416044.0
IXIC,20231012,13672.47,13574.22,13714.14,13491.56,13659.68,-85.46,-0.6256,1.63,485862.0
IXIC,20231013,13613.59,13407.23,13619.54,13361.85,13574.22,-166.99,-1.2302,1.9,425155.0
IXIC,20231016,13453.81,13567.98,13598.05,13447.17,13407.23,160.75,1.199,1.13,430869.0
IXIC,20231017,13419.87,13533.75,13602.25,13364.74,13567.98,-34.23,-0.2523,1.75,441764.0
IXIC,20231018,13439.68,13314.3,13499.74,13275.3,13533.75,-219.45,-1.6215,1.66,461714.0
IXIC,20231019,13354.8,13186.18,13404.73,13157.33,13314.3,-128.12,-0.9623,1.86,501479.0
IXIC,20231020,13157.77,12983.81,13177.35,12977.44,13186.18,-202.37,-1.5347,1.52,462284.0
IXIC,20231023,12930.85,13018.33,13143.23,12848.83,12983.81,34.52,0.2659,2.27,466906.0
IXIC,20231024,13084.99,13139.88,13170.39,13022.85,13018.33,121.55,0.9337,1.13,460472.0
IXIC,20231025,13039.86,12821.23,13042.52,12804.3,13139.88,-318.65,-2.4251,1.81,459985.0
IXIC,20231026,12768.97,12595.61,12818.14,12543.86,12821.23,-225.62,-1.7597,2.14,489490.0
IXIC,20231027,12718.69,12643.01,12772.44,12600.57,12595.61,47.4,0.3763,1.36,417210.0
IXIC,20231030,12750.47,12789.48,12842.96,12691.56,12643.01,146.47,1.1585,1.2,414932.0
IXIC,20231031,12786.62,12851.24,12859.4,12697.04,12789.48,61.76,0.4829,1.27,431563.0
IXIC,20231101,12887.06,13061.47,13072.43,12875.2,12851.24,210.23,1.6359,1.53,454512.0
IXIC,20231102,13230.49,13294.19,13302.18,13177.64,13061.47,232.72,1.7817,0.95,496295.0
IXIC,20231103,13362.85,13478.28,13520.28,13344.73,13294.19,184.09,1.3847,1.32,491875.0
IXIC,20231106,13514.08,13518.78,13551.62,13435.99,13478.28,40.5,0.3005,0.86,434585.0
IXIC,20231107,13555.79,13639.86,13675.46,13516.56,13518.78,121.08,0.8956,1.18,435446.0
IXIC,20231108,13660.22,13650.41,13684.87,13573.58,13639.86,10.55,0.0773,0.82,468555.0
IXIC,20231109,13693.7,13521.45,13697.82,13506.02,13650.41,-128.96,-0.9447,1.41,531397.0
IXIC,20231110,13571.19,13798.11,13802.53,13556.35,13521.45,276.66,2.0461,1.82,472214.0
IXIC,20231113,13745.96,13767.74,13805.11,13687.78,13798.11,-30.37,-0.2201,0.85,434959.0
IXIC,20231114,14015.37,14094.38,14124.06,14003.14,13767.74,326.64,2.3725,0.88,533249.0
IXIC,20231115,14147.27,14103.84,14194.36,14060.7,14094.38,9.46,0.0671,0.95,506383.0
IXIC,20231116,14066.88,14113.67,14130.45,14033.79,14103.84,9.83,0.0697,0.69,454518.0
IXIC,20231117,14101.44,14125.48,14154.32,14063.93,14113.67,11.81,0.0837,0.64,440864.0
IXIC,20231120,14134.75,14284.53,14309.8,14134.2,14125.48,159.05,1.126,1.24,456181.0
IXIC,20231121,14217.23,14199.98,14237.5,14146.31,14284.53,-84.55,-0.5919,0.64,412860.0
IXIC,20231122,14283.82,14265.86,14359.61,14226.63,14199.98,65.88,0.4639,0.94,385524.0
IXIC,20231124,14238.04,14250.85,14270.28,14214.13,14265.86,-15.01,-0.1052,0.39,254184.0
IXIC,20231127,14239.31,14241.02,14305.71,14205.24,14250.85,-9.83,-0.069,0.71,420588.0
IXIC,20231128,14224.63,14281.76,14303.66,14195.72,14241.02,40.74,0.2861,0.76,447440.0
IXIC,20231129,14367.11,14258.49,14423.22,14247.89,14281.76,-23.27,-0.1629,1.23,489022.0
IXIC,20231130,14265.05,14226.22,14289.2,14127.06,14258.49,-32.27,-0.2263,1.14,567807.0
IXIC,20231201,14181.36,14305.03,14311.95,14135.01,14226.22,78.81,0.554,1.24,560700.0
IXIC,20231204,14168.66,14185.49,14197.52,14058.52,14305.03,-119.54,-0.8357,0.97,627002.0
IXIC,20231205,14126.4,14229.91,14285.66,14121.76,14185.49,44.42,0.3131,1.16,617912.0
IXIC,20231206,14325.62,14146.71,14327.64,14138.51,14229.91,-83.2,-0.5847,1.33,516703.0
IXIC,20231207,14230.44,14339.99,14353.11,14220.87,14146.71,193.28,1.3663,0.93,569431.0
IXIC,20231208,14279.46,14403.97,14416.92,14264.96,14339.99,63.98,0.4462,1.06,543084.0
IXIC,20231211,14340.13,14432.49,14436.08,14324.57,14403.97,28.52,0.198,0.77,560782.0
IXIC,20231212,14423.01,14533.4,14533.4,14385.39,14432.49,100.91,0.6992,1.03,495010.0
IXIC,20231213,14555.68,14733.96,14743.56,14517.52,14533.4,200.56,1.38,1.56,673204.0
IXIC,20231214,14798.72,14761.56,14855.62,14642.23,14733.96,27.6,0.1873,1.45,803317.0
IXIC,20231215,14797.46,14813.92,14848.41,14753.16,14761.56,52.36,0.3547,0.65,837763.0
IXIC,20231218,14814.02,14904.81,14938.04,14811.82,14813.92,90.89,0.6135,0.85,586608.0
IXIC,20231219,14923.02,15003.22,15003.8,14921.6,14904.81,98.41,0.6603,0.55,575718.0
IXIC,20231220,14973.36,14777.94,15069.29,14776.29,15003.22,-225.28,-1.5015,1.95,629470.0
IXIC,20231221,14923.14,14963.87,14970.81,14837.47,14777.94,185.93,1.2582,0.9,546564.0
IXIC,20231222,15006.18,14992.97,15047.19,14927.12,14963.87,29.1,0.1945,0.8,479660.0
IXIC,20231226,15028.69,15074.57,15101.18,15024.06,14992.97,81.6,0.5443,0.51,612060.0
IXIC,20231227,15089.66,15099.18,15114.08,15051.67,15074.57,24.61,0.1633,0.41,748017.0
IXIC,20231228,15142.1,15095.14,15150.07,15087.22,15099.18,-4.04,-0.0268,0.42,509057.0
IXIC,20231229,15099.2,15011.35,15111.41,14955.37,15095.14,-83.79,-0.5551,1.03,544106.0
IXIC,20240102,14873.7,14765.94,14887.8,14682.38,15011.35,-245.41,-1.6348,1.37,579117.0
IXIC,20240103,14641.47,14592.21,14694.58,14577.44,14765.94,-173.73,-1.1766,0.79,544995.0
IXIC,20240104,14532.23,14510.3,14632.77,14504.78,14592.21,-81.91,-0.5613,0.88,528922.0
IXIC,20240105,14500.11,14524.07,14625.19,14477.57,14510.3,13.77,0.0949,1.02,523282.0
IXIC,20240108,14564.47,14843.77,14846.9,14560.2,14524.07,319.7,2.2012,1.97,633777.0
IXIC,20240109,14744.13,14857.71,14894.32,14716.71,14843.77,13.94,0.0939,1.2,506841.0
IXIC,20240110,14877.7,14969.65,14998.2,14842.7,14857.71,111.94,0.7534,1.05,440459.0
IXIC,20240111,15020.95,14970.19,15063.61,14800.38,14969.65,0.54,0.0036,1.76,504469.0
IXIC,20240112,15001.01,14972.76,15047.25,14931.88,14970.19,2.57,0.0172,0.77,495894.0
IXIC,20240116,14908.26,14944.35,15004.35,14863.81,14972.76,-28.41,-0.1897,0.94,638618.0
IXIC,20240117,14814.77,14855.62,14865.76,14706.23,14944.35,-88.73,-0.5937,1.07,518174.0
IXIC,20240118,14994.52,15055.65,15066.81,14911.11,14855.62,200.03,1.3465,1.05,558744.0
IXIC,20240119,15122.38,15310.97,15310.97,15087.2,15055.65,255.32,1.6958,1.49,560495.0
IXIC,20240122,15393.05,15360.29,15438.85,15333.63,15310.97,49.32,0.3221,0.69,545624.0
IXIC,20240123,15391.41,15425.94,15432.35,15337.23,15360.29,65.65,0.4274,0.62,520768.0
IXIC,20240124,15560.61,15481.92,15629.07,15468.91,15425.94,55.98,0.3629,1.04,498321.0
IXIC,20240125,15555.62,15510.5,15597.25,15430.68,15481.92,28.58,0.1846,1.08,528157.0
IXIC,20240126,15474.85,15455.36,15538.84,15433.04,15510.5,-55.14,-0.3555,0.68,451053.0
IXIC,20240129,15470.66,15628.05,15630.59,15449.87,15455.36,172.69,1.1173,1.17,497931.0
IXIC,20240130,15604.08,15509.9,15619.23,15484.67,15628.05,-118.15,-0.756,0.86,471924.0
IXIC,20240131,15324.19,15164.01,15405.56,15158.49,15509.9,-345.89,-2.2301,1.59,587561.0
IXIC,20240201,15254.02,15361.64,15372.13,15208.88,15164.01,197.63,1.3033,1.08,504692.0
IXIC,20240202,15403.16,15628.95,15664.21,15366.78,15361.64,267.31,1.7401,1.94,480069.0
IXIC,20240205,15613.99,15597.68,15637.88,15471.68,15628.95,-31.27,-0.2001,1.06,483102.0
IXIC,20240206,15638.19,15609.0,15652.75,15515.25,15597.68,11.32,0.0726,0.88,475964.0
IXIC,20240207,15690.36,15756.65,15770.68,15645.81,15609.0,147.65,0.9459,0.8,456758.0
IXIC,20240208,15762.23,15793.72,15813.27,15739.18,15756.65,37.07,0.2353,0.47,567585.0
IXIC,20240209,15842.38,15990.66,16007.29,15831.76,15793.72,196.94,1.247,1.11,579726.0
IXIC,20240212,15980.62,15942.55,16080.07,15917.87,15990.66,-48.11,-0.3009,1.01,545849.0
IXIC,20240213,15598.88,15655.6,15770.42,15551.44,15942.55,-286.95,-1.7999,1.37,559986.0
IXIC,20240214,15781.71,15859.15,15865.51,15683.94,15655.6,203.55,1.3002,1.16,509266.0
IXIC,20240215,15865.3,15906.17,15911.22,15779.72,15859.15,47.02,0.2965,0.83,604910.0
IXIC,20240216,15910.43,15775.65,15917.41,15752.02,15906.17,-130.52,-0.8206,1.04,522380.0
IXIC,20240220,15679.84,15630.78,15730.47,15508.5,15775.65,-144.87,-0.9183,1.41,559570.0
IXIC,20240221,15532.12,15580.87,15583.68,15451.65,15630.78,-49.91,-0.3193,0.84,484574.0
IXIC,20240222,15904.48,16041.62,16061.82,15869.24,15580.87,460.75,2.9572,1.24,565393.0
IXIC,20240223,16094.8,15996.82,16134.22,15954.5,16041.62,-44.8,-0.2793,1.12,507791.0
IXIC,20240226,16014.45,15976.25,16054.9,15973.9,15996.82,-20.57,-0.1286,0.51,541763.0
IXIC,20240227,16013.98,16035.3,16046.1,15940.51,15976.25,59.05,0.3696,0.66,542302.0
IXIC,20240228,15969.14,15947.74,16003.56,15924.72,16035.3,-87.56,-0.546,0.49,558169.0
IXIC,20240229,16059.34,16091.92,16115.96,15931.7,15947.74,144.18,0.9041,1.16,626534.0
IXIC,20240301,16109.83,16274.94,16302.24,16096.6,16091.92,183.02,1.1373,1.28,545791.0
IXIC,20240304,16264.21,16207.51,16289.06,16199.06,16274.94,-67.43,-0.4143,0.55,572547.0
IXIC,20240305,16077.74,15939.59,16087.57,15862.63,16207.51,-267.92,-1.6531,1.39,635680.0
IXIC,20240306,16092.0,16031.54,16128.56,15956.66,15939.59,91.95,0.5769,1.08,551137.0
IXIC,20240307,16147.32,16273.38,16309.02,16096.01,16031.54,241.84,1.5085,1.33,507279.0
IXIC,20240308,16322.1,16085.11,16449.7,16059.5,16273.38,-188.27,-1.1569,2.4,541179.0
IXIC,20240311,16052.63,16019.27,16085.95,15978.04,16085.11,-65.84,-0.4093,0.67,491762.0
IXIC,20240312,16116.98,16265.64,16275.45,15992.98,16019.27,246.37,1.538,1.76,510033.0
IXIC,20240313,16220.11,16177.77,16233.3,16143.34,16265.64,-87.87,-0.5402,0.55,483900.0
IXIC,20240314,16209.19,16128.53,16245.32,16039.68,16177.77,-49.24,-0.3044,1.27,545098.0
IXIC,20240315,16043.6,15973.17,16055.33,15925.91,16128.53,-155.36,-0.9633,0.8,826195.0
IXIC,20240318,16154.9,16103.45,16247.59,16094.17,15973.17,130.28,0.8156,0.96,502504.0
IXIC,20240319,16031.93,16166.79,16175.59,15951.86,16103.45,63.34,0.3933,1.39,475874.0
IXIC,20240320,16185.8,16369.41,16377.44,16127.48,16166.79,202.62,1.2533,1.55,529838.0
IXIC,20240321,16517.2,16401.84,16538.87,16393.9,16369.41,32.43,0.1981,0.89,513474.0
IXIC,20240322,16387.8,16428.82,16467.62,16361.0,16401.84,26.98,0.1645,0.65,433993.0
IXIC,20240325,16335.3,16384.47,16441.17,16315.72,16428.82,-44.35,-0.27,0.76,463694.0
IXIC,20240326,16459.99,16315.7,16476.38,16312.95,16384.47,-68.77,-0.4197,1.0,514426.0
IXIC,20240327,16424.76,16399.52,16431.82,16279.17,16315.7,83.82,0.5137,0.94,476893.0
IXIC,20240328,16377.23,16379.46,16420.92,16347.38,16399.52,-20.06,-0.1223,0.45,517445.0
IXIC,20240401,16397.05,16396.83,16490.65,16327.9,16379.46,17.37,0.106,0.99,479839.0
IXIC,20240402,16199.24,16240.45,16251.41,16137.24,16396.83,-156.38,-0.9537,0.7,471028.0
IXIC,20240403,16178.8,16277.46,16340.74,16169.31,16240.45,37.01,0.2279,1.06,515150.0
IXIC,20240404,16418.57,16049.08,16468.04,16046.56,16277.46,-228.38,-1.403,2.59,479311.4
IXIC,20240405,16095.4,16248.52,16326.5,16080.48,16049.08,199.44,1.2427,1.53,457813.0
IXIC,20240408,16285.18,16253.96,16323.6,16220.72,16248.52,5.44,0.0335,0.63,438670.0
IXIC,20240409,16328.76,16306.64,16348.18,16141.15,16253.96,52.68,0.3241,1.27,441693.6
IXIC,20240410,16104.01,16170.36,16200.1,16092.02,16306.64,-136.28,-0.8357,0.66,458788.7
IXIC,20240411,16236.2,16442.2,16464.6,16154.65,16170.36,271.84,1.6811,1.92,471475.0
IXIC,20240412,16293.03,16175.09,16341.46,16125.33,16442.2,-267.11,-1.6245,1.31,455274.0
IXIC,20240415,16276.48,15885.02,16295.27,15863.88,16175.09,-290.07,-1.7933,2.67,491055.0
IXIC,20240416,15856.38,15865.25,15965.79,15822.02,15885.02,-19.77,-0.1245,0.91,500186.0
IXIC,20240417,15942.29,15683.37,15957.03,15654.51,15865.25,-181.88,-1.1464,1.91,499147.0
IXIC,20240418,15705.7,15601.5,15786.12,15587.5,15683.37,-81.87,-0.522,1.27,493254.0
IXIC,20240419,15547.1,15282.01,15576.7,15222.78,15601.5,-319.49,-2.0478,2.27,531601.0
IXIC,20240422,15396.13,15451.31,15539.0,15265.66,15282.01,169.3,1.1078,1.79,461673.0
IXIC,20240423,15525.55,15696.64,15730.35,15510.59,15451.31,245.33,1.5878,1.42,495167.0
IXIC,20240424,15805.6,15712.75,15839.0,15634.44,15696.64,16.11,0.1026,1.3,473587.0
IXIC,20240425,15375.26,15611.76,15644.51,15343.91,15712.75,-100.99,-0.6427,1.91,474364.0
IXIC,20240426,15821.34,15927.9,15981.0,15770.72,15611.76,316.14,2.025,1.35,469440.0
IXIC,20240429,16007.0,15983.08,16021.5,15885.89,15927.9,55.18,0.3464,0.85,497252.0
IXIC,20240430,15920.89,15657.82,15979.36,15655.67,15983.08,-325.26,-2.035,2.03,522940.0
IXIC,20240501,15646.09,15605.48,15926.22,15557.64,15657.82,-52.34,-0.3343,2.35,455487.4
IXIC,20240502,15758.11,15840.96,15862.79,15604.73,15605.48,235.48,1.509,1.65,438158.7
IXIC,20240503,16147.48,16156.33,16204.71,16068.34,15840.96,315.37,1.9909,0.86,432886.0
IXIC,20240506,16208.54,16349.25,16350.08,16197.86,16156.33,192.92,1.1941,0.94,407470.6
IXIC,20240507,16358.34,16332.56,16397.39,16303.84,16349.25,-16.69,-0.1021,0.57,464939.0
IXIC,20240508,16226.07,16302.76,16341.65,16226.07,16332.56,-29.8,-0.1825,0.71,411567.9
IXIC,20240509,16323.74,16346.27,16362.79,16241.98,16302.76,43.51,0.2669,0.74,414065.4
IXIC,20240510,16389.02,16340.87,16437.39,16293.52,16346.27,-5.4,-0.033,0.88,440211.0
IXIC,20240513,16400.31,16388.24,16407.06,16334.86,16340.87,47.37,0.2899,0.44,445275.0
IXIC,20240514,16391.16,16511.18,16526.27,16386.44,16388.24,122.94,0.7502,0.85,727024.0
IXIC,20240515,16601.14,16742.39,16749.74,16544.09,16511.18,231.21,1.4003,1.25,853899.0
IXIC,20240516,16738.11,16698.32,16797.83,16693.45,16742.39,-44.07,-0.2632,0.62,1193260.0
IXIC,20240517,16708.49,16685.97,16726.41,16613.84,16698.32,-12.35,-0.074,0.67,958728.0
IXIC,20240520,16702.02,16794.88,16823.83,16695.69,16685.97,108.91,0.6527,0.77,677865.7
IXIC,20240521,16736.1,16832.63,16839.02,16719.97,16794.88,37.75,0.2248,0.71,599380.3
IXIC,20240522,16839.02,16801.54,16855.27,16712.09,16832.63,-31.09,-0.1847,0.85,727734.0
IXIC,20240523,16996.39,16736.03,16996.39,16678.37,16801.54,-65.51,-0.3899,1.89,775280.0
IXIC,20240524,16786.8,16920.8,16947.8,16771.58,16736.03,184.77,1.104,1.05,583604.0
IXIC,20240528,16988.31,17019.88,17032.66,16917.51,16920.8,99.08,0.5856,0.68,629338.0
IXIC,20240529,16879.35,16920.58,16989.6,16873.97,17019.88,-99.3,-0.5834,0.68,665248.0
IXIC,20240530,16878.63,16737.08,16900.46,16690.36,16920.58,-183.5,-1.0845,1.24,665929.0
IXIC,20240531,16771.9,16735.02,16789.27,16445.54,16737.08,-2.06,-0.0123,2.05,667409.0
IXIC,20240603,16865.7,16828.67,16909.89,16646.43,16735.02,93.65,0.5596,1.57,494475.9
IXIC,20240604,16823.88,16857.05,16891.88,16750.39,16828.67,28.38,0.1686,0.84,450807.3
IXIC,20240605,16974.48,17187.9,17187.92,16955.56,16857.05,330.85,1.9627,1.38,488536.0
IXIC,20240606,17204.87,17173.12,17235.73,17123.59,17187.9,-14.78,-0.086,0.65,448274.1
IXIC,20240607,17124.14,17133.13,17229.31,17090.05,17173.12,-39.99,-0.2329,0.81,432525.8
IXIC,20240610,17083.45,17192.53,17213.45,17057.34,17133.13,59.4,0.3467,0.91,480830.2
IXIC,20240611,17160.42,17343.55,17345.05,17107.99,17192.53,151.02,0.8784,1.38,457728.0
IXIC,20240612,17502.15,17608.44,17725.39,17490.64,17343.55,264.89,1.5273,1.35,556063.0
IXIC,20240613,17715.27,17667.56,17741.8,17566.32,17608.44,59.12,0.3357,1.0,491602.0
IXIC,20240614,17621.18,17688.88,17693.43,17590.8,17667.56,21.32,0.1207,0.58,455562.8
IXIC,20240617,17697.3,17857.02,17935.98,17636.36,17688.88,168.14,0.9505,1.69,606120.0
IXIC,20240618,17856.76,17862.23,17890.52,17796.88,17857.02,5.21,0.0292,0.52,579618.0
IXIC,20240620,17913.94,17721.59,17936.79,17650.7,17862.23,-140.64,-0.7874,1.6,628930.0
IXIC,20240621,17681.01,17689.36,17787.34,17620.57,17721.59,-32.23,-0.1819,0.94,858916.0
IXIC,20240624,17640.26,17496.82,17730.12,17494.02,17689.36,-192.54,-1.0885,1.33,550321.0
IXIC,20240625,17572.16,17717.65,17734.34,17546.63,17496.82,220.83,1.2621,1.07,484828.0
IXIC,20240626,17697.27,17805.16,17813.55,17687.07,17717.65,87.51,0.4939,0.71,529431.0
IXIC,20240627,17793.95,17858.68,17892.78,17765.42,17805.16,53.52,0.3006,0.72,538206.0
IXIC,20240628,17891.1,17732.6,18035.0,17723.83,17858.68,-126.08,-0.706,1.74,896094.0
IXIC,20240701,17773.9,17879.3,17894.28,17657.64,17732.6,146.7,0.8273,1.33,462081.8
IXIC,20240702,17808.04,18028.76,18031.29,17802.24,17879.3,149.46,0.8359,1.28,403166.9
IXIC,20240703,18016.12,18188.3,18188.3,18016.12,18028.76,159.54,0.8849,0.96,330721.8
IXIC,20240705,18200.6,18352.76,18366.31,18197.14,18188.3,164.46,0.9042,0.93,436520.9
IXIC,20240708,18371.86,18403.74,18416.94,18342.6,18352.76,50.98,0.2778,0.41,481919.2
IXIC,20240709,18465.02,18429.29,18511.89,18381.6,18403.74,25.55,0.1388,0.71,434291.6
IXIC,20240710,18512.09,18647.45,18655.19,18467.58,18429.29,218.16,1.1838,1.02,522824.0
IXIC,20240711,18659.25,18283.41,18671.07,18238.78,18647.45,-364.04,-1.9522,2.32,636662.0
IXIC,20240712,18303.64,18398.45,18556.73,18293.6,18283.41,115.04,0.6292,1.44,584593.0
IXIC,20240715,18485.91,18472.57,18641.53,18397.83,18398.45,74.12,0.4029,1.32,490381.9
IXIC,20240716,18534.27,18509.34,18576.83,18386.07,18472.57,36.77,0.1991,1.03,581293.0
IXIC,20240717,18188.19,17996.92,18223.24,17972.87,18509.34,-512.42,-2.7684,1.35,600728.0
IXIC,20240718,18119.15,17871.22,18130.87,17759.55,17996.92,-125.7,-0.6985,2.06,597726.0
IXIC,20240719,17835.59,17726.94,17935.14,17691.43,17871.22,-144.28,-0.8073,1.36,499293.0
IXIC,20240722,17923.6,18007.57,18040.99,17839.76,17726.94,280.63,1.5831,1.14,509362.0
IXIC,20240723,17982.74,17997.35,18128.39,17968.1,18007.57,-10.22,-0.0568,0.89,493800.0
IXIC,20240724,17733.9,17342.41,17747.06,17313.52,17997.35,-654.94,-3.6391,2.41,673556.0
IXIC,20240725,17352.6,17181.73,17544.46,17033.97,17342.41,-160.68,-0.9265,2.94,611435.0
IXIC,20240726,17331.9,17357.88,17454.57,17239.99,17181.73,176.15,1.0252,1.25,528156.0
IXIC,20240729,17444.4,17370.2,17535.32,17299.83,17357.88,12.32,0.071,1.36,489723.0
IXIC,20240730,17424.1,17147.42,17468.56,17015.38,17370.2,-222.78,-1.2825,2.61,556431.0
IXIC,20240731,17499.2,17599.4,17693.98,17438.6,17147.42,451.98,2.6358,1.49,629256.0
IXIC,20240801,17647.0,17194.15,17791.58,17051.42,17599.4,-405.25,-2.3026,4.21,572994.5
IXIC,20240802,16780.45,16776.16,16920.63,16582.79,17194.15,-417.99,-2.431,1.96,531052.8
IXIC,20240805,15712.5,16200.08,16453.46,15708.54,16776.16,-576.08,-3.4339,4.44,546396.0
IXIC,20240806,16261.4,16366.85,16620.31,16137.65,16200.08,166.77,1.0294,2.98,503811.8
IXIC,20240807,16622.3,16195.81,16709.81,16179.53,16366.85,-171.04,-1.045,3.24,515837.3
IXIC,20240808,16408.3,16660.02,16694.25,16262.93,16195.81,464.21,2.8662,2.66,502912.3
IXIC,20240809,16636.5,16745.3,16789.22,16574.57,16660.02,85.28,0.5119,1.29,578341.0
IXIC,20240812,16793.64,16780.61,16895.79,16699.39,16745.3,35.31,0.2109,1.17,489085.0
IXIC,20240813,16944.7,17187.61,17192.79,16943.95,16780.61,407.0,2.4254,1.48,546916.0
IXIC,20240814,17227.6,17192.6,17260.73,17032.17,17187.61,4.99,0.029,1.33,498548.0
IXIC,20240815,17394.55,17594.5,17602.72,17375.41,17192.6,401.9,2.3376,1.32,547817.0
IXIC,20240816,17516.4,17631.72,17674.65,17502.82,17594.5,37.22,0.2115,0.98,513815.0
IXIC,20240819,17649.7,17876.77,17877.44,17585.58,17631.72,245.05,1.3898,1.66,556430.0
IXIC,20240820,17849.1,17816.94,17932.53,17758.2,17876.77,-59.83,-0.3347,0.98,530526.0
IXIC,20240821,17849.1,17918.99,17963.07,17790.98,17816.94,102.05,0.5728,0.97,476515.0
IXIC,20240822,17840.5,17619.35,18017.69,17589.15,17918.99,-299.64,-1.6722,2.39,506536.0
IXIC,20240823,17772.7,17877.79,17941.27,17700.27,17619.35,258.44,1.4668,1.37,538081.0
IXIC,20240826,17867.8,17725.77,17909.09,17645.69,17877.79,-152.02,-0.8503,1.47,511094.0
IXIC,20240827,17655.5,17754.82,17789.72,17573.37,17725.77,29.05,0.1639,1.22,436238.0
IXIC,20240828,17738.8,17556.03,17759.94,17439.4,17754.82,-198.79,-1.1196,1.81,521192.0
IXIC,20240829,17738.8,17516.43,17789.21,17482.6,17556.03,-39.6,-0.2256,1.75,572778.0
IXIC,20240830,17610.6,17713.63,17720.38,17498.79,17516.43,197.2,1.1258,1.27,553115.0
IXIC,20240903,17585.4,17136.3,17585.45,17057.79,17713.63,-577.33,-3.2592,2.98,581397.0
IXIC,20240904,17015.7,17084.3,17232.65,16984.67,17136.3,-52.0,-0.3034,1.45,501182.0
IXIC,20240905,17063.2,17127.66,17295.58,17035.07,17084.3,43.36,0.2538,1.52,498303.0
IXIC,20240906,17137.6,16690.83,17166.55,16668.57,17127.66,-436.83,-2.5504,2.91,554903.0
IXIC,20240909,16835.7,16884.6,16923.28,16732.83,16690.83,193.77,1.1609,1.14,513215.0
IXIC,20240910,16949.6,17025.88,17036.07,16801.13,16884.6,141.28,0.8367,1.39,496374.0
IXIC,20240911,17061.4,17395.53,17420.23,16787.84,17025.88,369.65,2.1711,3.71,608693.0
IXIC,20240912,17413.9,17569.68,17605.72,17338.32,17395.53,174.15,1.0011,1.54,498312.0
IXIC,20240913,17575.3,17683.98,17719.14,17564.61,17569.68,114.3,0.6506,0.88,480288.0
IXIC,20240916,17573.7,17592.13,17618.4,17480.66,17683.98,-91.85,-0.5194,0.78,467553.0
IXIC,20240917,17707.0,17628.06,17781.74,17544.64,17592.13,35.93,0.2042,1.35,495952.0
IXIC,20240918,17663.4,17573.3,17832.7,17556.42,17628.06,-54.76,-0.3106,1.57,561163.0
IXIC,20240919,17980.9,18013.98,18099.93,17909.75,17573.3,440.68,2.5077,1.08,557465.0
IXIC,20240920,17999.3,17948.32,18024.34,17835.64,18013.98,-65.66,-0.3645,1.05,991448.0
IXIC,20240923,17999.3,17974.27,18021.57,17936.37,17948.32,25.95,0.1446,0.47,523731.0
IXIC,20240924,18046.4,18074.52,18091.96,17863.38,17974.27,100.25,0.5577,1.27,534758.0
IXIC,20240925,18050.4,18082.21,18155.04,18040.62,18074.52,7.69,0.0425,0.63,485806.0
IXIC,20240926,18327.3,18190.29,18327.34,18071.74,18082.21,108.08,0.5977,1.41,566921.0
IXIC,20240927,18228.8,18119.59,18238.28,18069.18,18190.29,-70.7,-0.3887,0.93,536789.0
IXIC,20240930,18069.8,18189.17,18198.16,17997.56,18119.59,69.58,0.384,1.11,584615.0
IXIC,20241001,18154.9,17910.36,18162.72,17779.77,18189.17,-278.81,-1.5328,2.11,587998.0
IXIC,20241002,17867.1,17925.12,17978.57,17767.79,17910.36,14.76,0.0824,1.18,548904.0
IXIC,20241003,17859.5,17918.48,18011.25,17826.42,17925.12,-6.64,-0.037,1.03,520899.0
IXIC,20241004,18130.4,18137.85,18145.28,17952.3,17918.48,219.37,1.2243,1.08,513607.0
IXIC,20241007,18080.11,17923.9,18096.33,17900.04,18137.85,-213.95,-1.1796,1.08,524032.0
IXIC,20241008,18017.9,18182.92,18203.05,17989.7,17923.9,259.02,1.4451,1.19,556651.0
IXIC,20241009,18179.22,18291.62,18302.05,18133.02,18182.92,108.7,0.5978,0.93,522867.0
IXIC,20241010,18200.62,18282.05,18333.39,18154.18,18291.62,-9.57,-0.0523,0.98,585539.0
IXIC,20241011,18217.7,18342.94,18375.54,18208.44,18282.05,60.89,0.3331,0.91,514044.0
IXIC,20241014,18426.7,18502.69,18547.92,18423.6,18342.94,159.75,0.8709,0.68,489471.0
IXIC,20241015,18515.97,18315.59,18564.25,18252.52,18502.69,-187.1,-1.0112,1.68,652270.0
IXIC,20241016,18217.7,18367.08,18383.11,18214.96,18315.59,51.49,0.2811,0.92,525757.0
IXIC,20241017,18537.2,18373.61,18541.46,18368.8,18367.08,6.53,0.0356,0.94,580686.0
IXIC,20241018,18466.0,18489.55,18524.33,18452.58,18373.61,115.94,0.631,0.39,509019.0
IXIC,20241021,18456.5,18540.01,18543.58,18377.63,18489.55,50.46,0.2729,0.9,609218.0
IXIC,20241022,18451.9,18573.13,18620.71,18413.47,18540.01,33.12,0.1786,1.12,640718.0
IXIC,20241023,18451.9,18276.65,18509.19,18146.61,18573.13,-296.48,-1.5963,1.95,624561.0
IXIC,20241024,18384.2,18415.49,18435.37,18305.42,18276.65,138.84,0.7597,0.71,576128.0
IXIC,20241025,18512.6,18518.61,18690.01,18487.06,18415.49,103.12,0.56,1.1,610004.0
IXIC,20241028,18648.3,18567.19,18671.01,18563.02,18518.61,48.58,0.2623,0.58,564166.0
IXIC,20241029,18576.1,18712.75,18753.19,18509.59,18567.19,145.56,0.784,1.31,688117.0
IXIC,20241030,18731.7,18607.93,18785.49,18598.24,18712.75,-104.82,-0.5602,1.0,651469.0
IXIC,20241031,18427.3,18095.15,18427.31,18083.95,18607.93,-512.78,-2.7557,1.85,641194.0
IXIC,20241101,18189.7,18239.92,18363.94,18181.53,18095.15,144.77,0.8,1.01,589647.0
IXIC,20241104,18220.4,18179.98,18308.3,18112.83,18239.92,-59.94,-0.3286,1.07,576232.0
IXIC,20241105,18250.71,18439.17,18449.68,18250.71,18179.98,259.19,1.4257,1.09,706034.0
IXIC,20241106,18772.8,18983.47,19000.5,18730.21,18439.17,544.3,2.9519,1.47,813805.0
IXIC,20241107,19084.43,19269.46,19301.7,19084.43,18983.47,285.99,1.5065,1.14,923267.0
IXIC,20241108,19255.1,19286.78,19318.56,19224.43,19269.46,17.32,0.0899,0.49,731601.0
IXIC,20241111,19355.3,19298.76,19366.07,19193.29,19286.78,11.98,0.0621,0.9,808793.0
IXIC,20241112,19289.8,19281.4,19343.05,19168.52,19298.76,-17.36,-0.09,0.9,781641.0
IXIC,20241113,19286.5,19230.73,19358.48,19191.13,19281.4,-50.67,-0.2628,0.87,962367.0
IXIC,20241114,19256.1,19107.65,19275.81,19073.39,19230.73,-123.08,-0.64,1.05,868048.0
IXIC,20241115,18929.9,18680.12,18936.75,18598.87,19107.65,-427.53,-2.2375,1.77,800227.0
IXIC,20241118,18717.9,18791.81,18865.28,18672.3,18680.12,111.69,0.5979,1.03,845536.0
IXIC,20241119,18699.7,18987.47,18992.08,18689.83,18791.81,195.66,1.0412,1.61,724661.0
IXIC,20241120,18971.3,18966.14,18974.91,18724.39,18987.47,-21.33,-0.1123,1.32,712167.0
IXIC,20241121,19072.8,18972.42,19110.89,18714.06,18966.14,6.28,0.0331,2.09,749254.0
IXIC,20241122,18966.3,19003.65,19025.77,18899.48,18972.42,31.23,0.1646,0.67,657582.0
IXIC,20241125,19140.6,19054.84,19208.68,18969.35,19003.65,51.19,0.2694,1.26,793298.0
IXIC,20241126,19109.1,19175.58,19184.4,19100.73,19054.84,120.74,0.6336,0.44,641177.0
IXIC,20241127,19133.0,19060.48,19133.11,18937.2,19175.58,-115.1,-0.6002,1.02,561909.0
IXIC,20241129,19087.5,19218.17,19245.49,19066.52,19060.48,157.69,0.8273,0.94,404255.0
IXIC,20241202,19255.43,19403.95,19436.92,19255.43,19218.17,185.78,0.9667,0.94,637053.0
IXIC,20241203,19364.3,19480.91,19486.15,19340.41,19403.95,76.96,0.3966,0.75,600516.0
IXIC,20241204,19587.5,19735.12,19741.76,19575.4,19480.91,254.21,1.3049,0.85,787003.0
IXIC,20241205,19756.4,19700.72,19790.03,19688.59,19735.12,-34.4,-0.1743,0.51,722951.0
IXIC,20241206,19744.0,19859.77,19863.15,19734.42,19700.72,159.05,0.8073,0.65,678761.0
IXIC,20241209,19824.1,19736.69,19872.79,19698.05,19859.77,-123.08,-0.6197,0.88,788462.0
IXIC,20241210,19796.4,19687.24,19887.08,19641.34,19736.69,-49.45,-0.2505,1.25,684385.0
IXIC,20241211,19833.0,20034.9,20055.93,19830.64,19687.24,347.66,1.7659,1.14,663972.0
IXIC,20241212,19947.3,19902.84,20018.24,19897.39,20034.9,-132.06,-0.6592,0.6,704755.0
IXIC,20241213,19995.2,19926.73,20061.65,19817.47,19902.84,23.89,0.12,1.23,602825.0
IXIC,20241216,20016.1,20173.89,20204.58,19988.12,19926.73,247.16,1.2403,1.09,885504.0
IXIC,20241217,20095.6,20109.06,20148.83,20004.73,20173.89,-64.83,-0.3214,0.71,953435.0
IXIC,20241218,20115.0,19392.69,20179.77,19336.59,20109.06,-716.37,-3.5624,4.19,999612.0
IXIC,20241219,19565.7,19372.77,19623.02,19357.76,19392.69,-19.92,-0.1027,1.37,802959.0
IXIC,20241220,19190.0,19572.6,19758.61,19168.38,19372.77,199.83,1.0315,3.05,1096245.0
IXIC,20241223,19641.1,19764.89,19772.09,19504.68,19572.6,192.29,0.9824,1.37,682072.0
IXIC,20241224,19818.5,20031.13,20031.13,19813.76,19764.89,266.24,1.347,1.1,473919.0
IXIC,20241226,19979.2,20020.36,20070.08,19888.11,20031.13,-10.77,-0.0538,0.91,646791.0
IXIC,20241227,19896.8,19722.03,19904.77,19553.4,20020.36,-298.33,-1.4901,1.76,776512.0
IXIC,20241230,19460.4,19486.79,19622.93,19342.51,19722.03,-235.24,-1.1928,1.42,838409.0
IXIC,20241231,19551.4,19310.79,19563.72,19283.41,19486.79,-176.0,-0.9032,1.44,887303.0
IXIC,20250102,19403.9,19280.79,19517.87,19117.59,19310.79,-30.0,-0.1554,2.07,873755.0
IXIC,20250103,19395.51,19621.68,19638.66,19379.57,19280.79,340.89,1.768,1.34,821405.0
IXIC,20250106,19851.99,19864.98,20007.95,19784.99,19621.68,243.3,1.24,1.14,958684.0
IXIC,20250107,19938.08,19489.68,19940.21,19421.02,19864.98,-375.3,-1.8893,2.61,1337113.0
IXIC,20250108,19469.36,19478.88,19544.5,19308.54,19489.68,-10.8,-0.0554,1.21,885172.0
IXIC,20250110,19312.26,19161.63,19315.11,19018.75,19478.88,-317.25,-1.6287,1.52,860888.0
IXIC,20250113,18903.66,19088.1,19099.97,18831.91,19161.63,-73.53,-0.3837,1.4,783076.0
IXIC,20250114,19207.75,19044.39,19273.14,18926.6,19088.1,-43.71,-0.229,1.82,716811.0
IXIC,20250115,19350.31,19511.23,19548.9,19299.32,19044.39,466.84,2.4513,1.31,726025.0
IXIC,20250116,19573.87,19338.29,19579.85,19335.68,19511.23,-172.94,-0.8864,1.25,708599.0
IXIC,20250117,19655.55,19630.2,19709.64,19543.32,19338.29,291.91,1.5095,0.86,799636.0
IXIC,20250121,19734.39,19756.78,19789.63,19551.17,19630.2,126.58,0.6448,1.21,801578.0
IXIC,20250122,19903.05,20009.34,20068.52,19903.05,19756.78,252.56,1.2783,0.84,721906.0
IXIC,20250123,19906.99,20053.68,20053.68,19892.55,20009.34,44.34,0.2216,0.81,683770.0
IXIC,20250124,20087.11,19954.3,20118.61,19897.14,20053.68,-99.38,-0.4956,1.1,770815.0
IXIC,20250127,19234.04,19341.83,19514.35,19204.95,19954.3,-612.47,-3.0694,1.55,887020.0
IXIC,20250128,19418.22,19733.59,19759.43,19294.62,19341.83,391.76,2.0255,2.4,712174.0
IXIC,20250129,19695.68,19632.32,19699.82,19479.51,19733.59,-101.27,-0.5132,1.12,649771.0
IXIC,20250130,19697.53,19681.75,19785.79,19483.83,19632.32,49.43,0.2518,1.54,667950.0
IXIC,20250131,19832.33,19627.44,19969.17,19575.21,19681.75,-54.31,-0.2759,2.0,794737.0
IXIC,20250203,19215.38,19391.96,19502.13,19141.15,19627.44,-235.48,-1.1997,1.84,827246.0
IXIC,20250204,19422.17,19654.02,19666.44,19408.18,19391.96,262.06,1.3514,1.33,647705.0
IXIC,20250205,19533.05,19692.33,19696.94,19498.9,19654.02,38.31,0.1949,1.01,671222.0
IXIC,20250206,19725.83,19791.99,19793.36,19654.11,19692.33,99.66,0.5061,0.71,664210.0
IXIC,20250207,19774.87,19523.4,19862.55,19489.36,19791.99,-268.59,-1.3571,1.89,774894.0
IXIC,20250210,19668.18,19714.27,19772.04,19650.79,19523.4,190.87,0.9776,0.62,953544.0
IXIC,20250211,19602.11,19643.86,19731.93,19579.77,19714.27,-70.41,-0.3572,0.77,926938.0
IXIC,20250212,19436.51,19649.95,19682.51,19415.48,19643.86,6.09,0.031,1.36,794655.0
IXIC,20250213,19696.92,19945.65,19952.17,19675.87,19649.95,295.7,1.5048,1.41,841451.0
IXIC,20250214,19956.82,20026.77,20045.76,19932.15,19945.65,81.12,0.4067,0.57,799572.0
IXIC,20250218,20090.56,20041.26,20110.12,19909.74,20026.77,14.49,0.0724,1.0,868317.0
IXIC,20250219,19994.5,20056.25,20099.39,19928.9,20041.26,14.99,0.0748,0.85,817153.0
IXIC,20250220,20029.19,19962.36,20041.15,19795.02,20056.25,-93.89,-0.4681,1.23,732927.0
IXIC,20250221,20006.69,19524.01,20016.66,19510.91,19962.36,-438.35,-2.1959,2.53,846102.0
IXIC,20250224,19590.85,19286.93,19644.23,19275.46,19524.01,-237.08,-1.2143,1.89,741476.0
IXIC,20250225,19242.61,19026.39,19256.35,18871.52,19286.93,-260.54,-1.3509,2.0,799144.0
IXIC,20250226,19109.32,19075.26,19286.02,18966.46,19026.39,48.87,0.2569,1.68,703445.0
IXIC,20250227,19212.36,18544.42,19242.69,18535.23,19075.26,-530.84,-2.7829,3.71,770029.0
IXIC,20250228,18477.17,18847.28,18861.33,18372.99,18544.42,302.86,1.6332,2.63,824752.0
IXIC,20250303,18923.36,18350.19,18992.3,18216.63,18847.28,-497.09,-2.6375,4.12,817014.0
IXIC,20250304,18176.43,18285.16,18589.49,17956.6,18350.19,-65.03,-0.3544,3.45,846918.0
IXIC,20250305,18312.97,18552.73,18604.47,18144.73,18285.16,267.57,1.4633,2.51,704843.0
IXIC,20250306,18204.53,18069.26,18439.24,17980.39,18552.73,-483.47,-2.6059,2.47,768620.0
IXIC,20250307,18029.85,18196.22,18243.58,17768.59,18069.26,126.96,0.7026,2.63,813542.0
IXIC,20250310,17840.32,17468.32,17868.07,17291.82,18196.22,-727.9,-4.0003,3.17,863604.0
IXIC,20250311,17443.09,17436.1,17687.4,17238.24,17468.32,-32.22,-0.1844,2.57,917732.0
IXIC,20250312,17711.41,17648.45,17800.1,17436.27,17436.1,212.35,1.2179,2.09,774643.0
IXIC,20250313,17598.56,17303.01,17621.91,17239.44,17648.45,-345.44,-1.9573,2.17,714705.0
IXIC,20250314,17523.3,17754.09,17773.48,17491.08,17303.01,451.08,2.6069,1.63,709385.0
IXIC,20250317,17722.55,17808.66,17925.94,17645.87,17754.09,54.57,0.3074,1.58,630634.0
IXIC,20250318,17662.57,17504.12,17682.92,17431.67,17808.66,-304.54,-1.7101,1.41,645053.0
IXIC,20250319,17590.12,17750.79,17917.55,17533.94,17504.12,246.67,1.4092,2.19,630231.0
IXIC,20250320,17586.06,17691.63,17903.2,17576.82,17750.79,-59.16,-0.3333,1.84,609833.0
IXIC,20250321,17519.84,17784.05,17798.06,17474.81,17691.63,92.42,0.5224,1.83,883793.0
IXIC,20250324,18046.19,18188.59,18210.05,18030.68,17784.05,404.54,2.2747,1.01,678779.0
IXIC,20250325,18207.97,18271.86,18281.14,18170.42,18188.59,83.27,0.4578,0.61,647579.0
IXIC,20250326,18217.33,17899.01,18236.55,17837.26,18271.86,-372.85,-2.0406,2.19,909151.0
IXIC,20250327,17811.24,17804.03,17988.02,17743.8,17899.01,-94.98,-0.5306,1.36,800247.0
IXIC,20250328,17722.09,17322.99,17763.28,17283.06,17804.03,-481.04,-2.7019,2.7,701541.0
IXIC,20250331,17045.44,17299.29,17334.98,16854.37,17322.99,-23.7,-0.1368,2.77,812218.0
IXIC,20250401,17221.55,17449.89,17506.58,17149.36,17299.29,150.6,0.8706,2.06,775654.0
IXIC,20250402,17207.01,17601.05,17716.52,17181.27,17449.89,151.16,0.8663,3.07,912663.0
IXIC,20250403,16790.53,16550.61,16889.34,16533.04,17601.05,-1050.44,-5.9681,2.02,946133.0
IXIC,20250404,16045.6,15587.79,16128.16,15575.68,16550.61,-962.82,-5.8174,3.34,1103818.0
IXIC,20250407,14978.03,15603.26,16292.28,14784.03,15587.79,15.47,0.0992,9.68,1248358.0
IXIC,20250408,16181.04,15267.91,16316.51,15053.39,15603.26,-335.35,-2.1492,8.1,1049665.0
IXIC,20250409,15295.4,17124.97,17202.94,15270.28,15267.91,1857.06,12.1632,12.66,1347974.0
IXIC,20250410,16635.5,16387.31,16712.37,15894.27,17124.97,-737.66,-4.3075,4.78,1186167.0
IXIC,20250411,16358.5,16724.46,16753.41,16228.04,16387.31,337.15,2.0574,3.21,944489.0
IXIC,20250414,17120.4,16831.48,17136.55,16661.26,16724.46,107.02,0.6399,2.84,966726.0
IXIC,20250415,16842.4,16823.17,16979.96,16753.22,16831.48,-8.31,-0.0494,1.35,748305.0
IXIC,20250416,16499.7,16307.16,16600.36,16066.46,16823.17,-516.01,-3.0673,3.17,790919.0
IXIC,20250417,16400.0,16286.45,16408.51,16181.17,16307.16,-20.71,-0.127,1.39,704629.0
IXIC,20250421,16052.8,15870.9,16066.79,15685.33,16286.45,-415.55,-2.5515,2.34,667873.0
IXIC,20250422,16079.9,16300.42,16410.56,16038.73,15870.9,429.52,2.7063,2.34,698190.0
IXIC,20250423,16880.3,16708.05,17029.86,16642.66,16300.42,407.63,2.5007,2.38,856487.0
IXIC,20250424,16754.8,17166.04,17174.35,16744.97,16708.05,457.99,2.7411,2.57,760740.0
IXIC,20250425,17182.1,17382.94,17404.49,17110.72,17166.04,216.9,1.2635,1.71,741293.0
IXIC,20250428,17390.9,17366.13,17467.35,17128.71,17382.94,-16.81,-0.0967,1.95,1031329.0
IXIC,20250429,17270.8,17461.32,17500.41,17256.2,17366.13,95.19,0.5481,1.41,1300193.0
IXIC,20250430,17100.0,17446.34,17483.82,16959.53,17461.32,-14.98,-0.0858,3.0,859533.0
IXIC,20250501,17793.14,17710.74,17922.83,17688.11,17446.34,264.4,1.5155,1.35,840969.0
IXIC,20250502,17868.76,17977.73,18048.83,17812.05,17710.74,266.99,1.5075,1.34,818019.0
IXIC,20250505,17817.01,17844.24,17965.64,17792.08,17977.73,-133.49,-0.7425,0.97,707532.0
IXIC,20250506,17623.21,17689.66,17830.35,17592.88,17844.24,-154.58,-0.8663,1.33,695822.0
IXIC,20250507,17706.83,17738.16,17820.3,17503.01,17689.66,48.5,0.2742,1.79,797787.0
IXIC,20250508,17920.15,17928.14,18096.0,17776.0,17738.16,189.98,1.071,1.8,850039.0
IXIC,20250509,18022.55,17928.92,18068.9,17853.84,17928.14,0.78,0.0044,1.2,883514.0
IXIC,20250512,18674.56,18708.34,18710.22,18472.71,17928.92,779.42,4.3473,1.32,1071767.0
IXIC,20250513,18761.23,19010.08,19065.96,18745.5,18708.34,301.74,1.6129,1.71,924223.0
IXIC,20250514,19074.7,19146.81,19174.55,19023.61,19010.08,136.73,0.7193,0.79,1174482.0
IXIC,20250515,19031.2,19112.32,19207.22,18967.78,19146.81,-34.49,-0.1801,1.25,1054635.0
IXIC,20250516,19151.54,19211.1,19213.42,19038.48,19112.32,98.78,0.5168,0.92,1050982.0
IXIC,20250519,18937.42,19215.46,19227.22,18937.42,19211.1,4.36,0.0227,1.51,1308003.0
IXIC,20250520,19132.1,19142.71,19186.68,19015.63,19215.46,-72.75,-0.3786,0.89,904710.0
IXIC,20250521,19002.9,18872.64,19241.41,18799.2,19142.71,-270.07,-1.4108,2.31,1111246.0
IXIC,20250522,18888.0,18925.73,19061.11,18840.34,18872.64,53.09,0.2813,1.17,828971.0
IXIC,20250523,18622.38,18737.21,18841.52,18599.69,18925.73,-188.52,-0.9961,1.28,873037.0
IXIC,20250527,19014.44,19199.16,19210.95,18961.69,18737.21,461.95,2.4654,1.33,9397454.0
IXIC,20250528,19232.62,19100.94,19276.83,19084.38,19199.16,-98.22,-0.5116,1.0,808753.0
IXIC,20250529,19389.39,19175.87,19389.39,19091.54,19100.94,74.93,0.3923,1.56,1101685.0
IXIC,20250530,19131.22,19113.77,19157.78,18847.74,19175.87,-62.1,-0.3238,1.62,904226.0
IXIC,20250602,19063.06,19242.61,19252.71,18985.3,19113.77,128.84,0.6741,1.4,777994.0
IXIC,20250603,19288.66,19398.96,19459.28,19224.7,19242.61,156.35,0.8125,1.22,799023.0
IXIC,20250604,19434.94,19460.49,19493.45,19359.09,19398.96,61.53,0.3172,0.69,769566.0
IXIC,20250605,19518.2,19298.45,19610.51,19226.22,19460.49,-162.04,-0.8327,1.97,878236.0
IXIC,20250606,19526.99,19529.95,19593.18,19464.84,19298.45,231.5,1.1996,0.67,729159.0
IXIC,20250609,19573.14,19591.24,19637.56,19531.1,19529.95,61.29,0.3138,0.55,953870.0
IXIC,20250610,19620.11,19714.99,19730.38,19539.09,19591.24,123.75,0.6317,0.98,1122156.0
IXIC,20250611,19779.35,19615.88,19800.46,19551.34,19714.99,-99.11,-0.5027,1.26,1021419.0
IXIC,20250612,19578.87,19662.48,19690.61,19553.56,19615.88,46.6,0.2376,0.7,1630873.0
IXIC,20250613,19450.92,19406.83,19591.87,19367.42,19662.48,-255.65,-1.3002,1.14,900185.0
IXIC,20250616,19550.75,19701.21,19733.31,19550.75,19406.83,294.38,1.5169,0.94,961913.0
IXIC,20250617,19627.08,19521.09,19666.56,19485.44,19701.21,-180.12,-0.9143,0.92,851993.0
IXIC,20250618,19526.92,19546.27,19660.77,19489.56,19521.09,25.18,0.129,0.88,781879.0
IXIC,20250620,19639.41,19447.41,19696.11,19380.58,19546.27,-98.86,-0.5058,1.61,996914.0
IXIC,20250623,19427.01,19630.97,19643.7,19334.98,19447.41,183.56,0.9439,1.59,908800.0
IXIC,20250624,19809.61,19912.53,19946.72,19795.29,19630.97,281.56,1.4343,0.77,833009.0
IXIC,20250625,20013.95,19973.55,20052.78,19918.08,19912.53,61.02,0.3064,0.68,825612.0
IXIC,20250626,20062.19,20167.91,20187.15,19982.48,19973.55,194.36,0.9731,1.02,838338.0
IXIC,20250627,20217.26,20273.46,20311.51,20095.05,20167.91,105.55,0.5234,1.07,1095107.0
IXIC,20250630,20360.15,20369.73,20418.31,20266.36,20273.46,96.27,0.4749,0.75,822042.0
IXIC,20250701,20290.61,20202.89,20339.05,20105.42,20369.73,-166.84,-0.8191,1.15,863171.0
IXIC,20250702,20184.37,20393.13,20397.22,20181.74,20202.89,190.24,0.9416,1.07,837875.0
IXIC,20250703,20497.66,20601.1,20624.51,20480.22,20393.13,207.97,1.0198,0.71,617791.0
IXIC,20250707,20490.55,20412.52,20511.82,20323.02,20601.1,-188.58,-0.9154,0.92,834571.0
IXIC,20250708,20466.93,20418.46,20480.89,20377.35,20412.52,5.94,0.0291,0.51,843748.0
IXIC,20250709,20522.09,20611.34,20645.41,20486.38,20418.46,192.88,0.9446,0.78,997831.0
IXIC,20250710,20636.48,20630.66,20655.39,20495.14,20611.34,19.32,0.0937,0.78,978138.0
IXIC,20250711,20562.88,20585.53,20647.98,20509.75,20630.66,-45.13,-0.2188,0.67,813580.0
IXIC,20250714,20592.56,20640.33,20672.34,20492.63,20585.53,54.8,0.2662,0.87,801006.0
IXIC,20250715,20822.76,20677.8,20836.04,20670.58,20640.33,37.47,0.1815,0.8,839906.0
IXIC,20250716,20717.81,20730.49,20751.05,20507.06,20677.8,52.69,0.2548,1.18,905664.0
IXIC,20250717,20760.32,20885.65,20911.83,20735.55,20730.49,155.16,0.7485,0.85,999455.0
IXIC,20250718,20959.57,20895.66,20980.56,20846.12,20885.65,10.01,0.0479,0.64,935458.0
IXIC,20250721,20960.33,20974.17,21077.37,20957.44,20895.66,78.51,0.3757,0.57,1204697.0
IXIC,20250722,20982.21,20892.68,20985.34,20750.9,20974.17,-81.49,-0.3885,1.12,1058371.0
IXIC,20250723,20966.47,21020.02,21023.85,20870.67,20892.68,127.34,0.6095,0.73,1097277.0
IXIC,20250724,21083.82,21057.96,21113.1,21001.68,21020.02,37.94,0.1805,0.53,1274107.0
IXIC,20250725,21059.94,21108.32,21159.8,21036.85,21057.96,50.36,0.2391,0.58,1102831.0
IXIC,20250728,21176.4,21178.58,21202.18,21122.12,21108.32,70.26,0.3329,0.38,1061258.0
IXIC,20250729,21286.73,21098.29,21303.96,21081.69,21178.58,-80.29,-0.3791,1.05,1004061.0
IXIC,20250730,21140.4,21129.67,21230.88,21016.92,21098.29,31.38,0.1487,1.01,931177.0
IXIC,20250731,21457.48,21122.45,21457.48,21078.67,21129.67,-7.22,-0.0342,1.79,991722.0
IXIC,20250801,20830.64,20650.13,20865.63,20560.17,21122.45,-472.32,-2.2361,1.45,966742.0
IXIC,20250804,20853.91,21053.58,21055.24,20833.86,20650.13,403.45,1.9537,1.07,735597.0
IXIC,20250805,21092.1,20916.55,21138.72,20893.29,21053.58,-137.03,-0.6509,1.17,798294.0
IXIC,20250806,20955.22,21169.42,21183.88,20937.49,20916.55,252.87,1.2089,1.18,858002.0
IXIC,20250807,21325.01,21242.7,21408.15,21090.05,21169.42,73.28,0.3462,1.5,897919.0
IXIC,20250808,21316.37,21450.02,21464.53,21284.97,21242.7,207.32,0.976,0.85,866920.0
IXIC,20250811,21459.65,21385.4,21549.73,21346.62,21450.02,-64.62,-0.3013,0.95,909973.0
IXIC,20250812,21507.44,21681.9,21689.68,21386.25,21385.4,296.5,1.3865,1.42,838282.0
IXIC,20250813,21764.55,21713.14,21803.75,21645.14,21681.9,31.24,0.1441,0.73,876308.0
IXIC,20250814,21649.21,21710.67,21766.29,21627.13,21713.14,-2.47,-0.0114,0.64,911086.0
IXIC,20250815,21709.34,21622.98,21716.18,21567.46,21710.67,-87.69,-0.4039,0.69,815883.0
IXIC,20250818,21616.82,21629.77,21651.5,21559.33,21622.98,6.79,0.0314,0.43,826097.0
IXIC,20250819,21607.45,21314.95,21610.24,21277.71,21629.77,-314.82,-1.4555,1.54,846166.0
IXIC,20250820,21269.67,21172.86,21269.67,20905.99,21314.95,-142.09,-0.6666,1.71,781031.0
IXIC,20250821,21112.52,21100.31,21198.76,21013.53,21172.86,-72.55,-0.3427,0.87,653058.0
IXIC,20250822,21139.83,21496.53,21545.43,21092.35,21100.31,396.22,1.8778,2.15,940130.0
IXIC,20250825,21466.47,21449.29,21572.18,21400.08,21496.53,-47.24,-0.2198,0.8,844320.0
IXIC,20250826,21443.63,21544.27,21550.92,21389.1,21449.29,94.98,0.4428,0.75,908793.0
IXIC,20250827,21526.33,21590.14,21616.17,21476.3,21544.27,45.87,0.2129,0.65,804051.0
IXIC,20250828,21619.27,21705.16,21742.46,21534.94,21590.14,115.02,0.5327,0.96,780708.0
IXIC,20250829,21630.33,21455.55,21631.15,21397.98,21705.16,-249.61,-1.15,1.07,771543.0
IXIC,20250902,21086.58,21279.63,21293.69,21033.05,21455.55,-175.92,-0.8199,1.21,818341.0
IXIC,20250903,21461.63,21497.73,21553.98,21370.98,21279.63,218.1,1.0249,0.86,748829.0
IXIC,20250904,21539.91,21707.69,21711.96,21469.4,21497.73,209.96,0.9767,1.13,728215.0
IXIC,20250905,21860.44,21700.39,21878.81,21534.73,21707.69,-7.3,-0.0336,1.59,841373.0
IXIC,20250908,21806.22,21798.7,21885.62,21776.24,21700.39,98.31,0.453,0.5,843585.0
IXIC,20250909,21858.17,21879.49,21891.42,21731.48,21798.7,80.79,0.3706,0.73,787741.0
IXIC,20250910,21980.6,21886.06,22000.97,21810.84,21879.49,6.57,0.03,0.87,909055.0
IXIC,20250911,21977.51,22043.07,22059.71,21908.81,21886.06,157.01,0.7174,0.69,1002502.0
IXIC,20250912,22078.63,22141.1,22182.34,22031.62,22043.07,98.03,0.4447,0.68,902314.0
IXIC,20250915,22243.2,22348.75,22352.25,22233.0,22141.1,207.65,0.9378,0.54,890403.0
IXIC,20250916,22397.5,22333.96,22397.5,22308.78,22348.75,-14.79,-0.0662,0.4,859224.0
IXIC,20250917,22333.02,22261.33,22339.54,22058.92,22333.96,-72.63,-0.3252,1.26,932598.0
IXIC,20250918,22439.11,22470.73,22540.93,22358.49,22261.33,209.4,0.9406,0.82,1047845.0
IXIC,20250919,22554.32,22631.48,22645.11,22497.71,22470.73,160.75,0.7154,0.66,1463236.0
IXIC,20250922,22606.59,22788.98,22801.9,22590.86,22631.48,157.5,0.6959,0.93,973627.0
IXIC,20250923,22782.72,22573.47,22785.13,22539.04,22788.98,-215.51,-0.9457,1.08,982262.0
IXIC,20250924,22656.02,22497.85,22657.45,22397.0,22573.47,-75.62,-0.335,1.15,918403.0
IXIC,20250925,22318.77,22384.7,22456.78,22185.87,22497.85,-113.15,-0.5029,1.2,996033.0
IXIC,20250926,22403.27,22484.07,22488.18,22285.44,22384.7,99.37,0.4439,0.91,848840.0
IXIC,20250929,22605.3,22591.15,22704.9,22536.06,22484.07,107.08,0.4762,0.75,904672.0
IXIC,20250930,22580.36,22660.01,22671.39,22493.96,22591.15,68.86,0.3048,0.79,892807.0
IXIC,20251001,22530.95,22755.16,22782.58,22516.74,22660.01,95.15,0.4199,1.17,1004398.0
IXIC,20251002,22885.9,22844.05,22900.6,22729.75,22755.16,88.89,0.3906,0.75,963320.0
IXIC,20251003,22886.16,22780.51,22925.43,22695.82,22844.05,-63.54,-0.2781,1.01,1051573.0
IXIC,20251006,22894.35,22941.67,22991.72,22827.56,22780.51,161.16,0.7074,0.72,1046883.0
IXIC,20251007,22972.37,22788.36,23006.07,22718.76,22941.67,-153.31,-0.6683,1.25,1037592.0
IXIC,20251008,22852.32,23043.38,23045.14,22845.42,22788.36,255.02,1.1191,0.88,1092552.0
IXIC,20251009,23045.33,23024.63,23062.62,22899.16,23043.38,-18.75,-0.0814,0.71,1071320.0
IXIC,20251010,23043.52,22204.43,23119.91,22193.07,23024.63,-820.2,-3.5623,4.03,1163503.0
IXIC,20251013,22578.67,22694.61,22718.75,22499.49,22204.43,490.18,2.2076,0.99,901877.0
IXIC,20251014,22388.04,22521.7,22691.07,22213.73,22694.61,-172.91,-0.7619,2.1,977672.0
IXIC,20251015,22738.5,22670.08,22841.69,22427.79,22521.7,148.38,0.6588,1.84,1137485.0
IXIC,20251016,22764.4,22562.54,22886.87,22404.69,22670.08,-107.54,-0.4744,2.13,1134362.0
IXIC,20251017,22489.81,22679.97,22736.01,22396.65,22562.54,117.43,0.5205,1.5,955215.0
IXIC,20251020,22844.82,22990.54,23031.87,22841.0,22679.97,310.57,1.3694,0.84,944062.0
IXIC,20251021,22984.55,22953.67,23010.35,22894.42,22990.54,-36.87,-0.1604,0.5,1084513.0
IXIC,20251022,22940.79,22740.4,22978.4,22514.08,22953.67,-213.27,-0.9291,2.02,1436115.0
IXIC,20251023,22751.33,22941.8,22983.46,22732.18,22740.4,201.4,0.8856,1.1,1036360.0
IXIC,20251024,23143.23,23204.87,23261.26,23127.95,22941.8,263.07,1.1467,0.58,1030862.0
IXIC,20251027,23537.32,23637.46,23658.66,23493.96,23204.87,432.59,1.8642,0.71,1075783.0
IXIC,20251028,23766.46,23827.49,23901.36,23675.19,23637.46,190.03,0.8039,0.96,1064083.0
IXIC,20251029,23987.29,23958.47,24019.99,23763.99,23827.49,130.98,0.5497,1.07,1008954.0
IXIC,20251030,23793.08,23581.14,23846.13,23578.47,23958.47,-377.33,-1.5749,1.12,1056416.0
IXIC,20251031,23941.78,23724.96,23946.23,23628.82,23581.14,143.82,0.6099,1.35,1090925.0
IXIC,20251103,23951.91,23834.72,23976.84,23764.87,23724.96,109.76,0.4626,0.89,1036017.0
IXIC,20251104,23458.21,23348.64,23644.15,23333.32,23834.72,-486.08,-2.0394,1.3,1022770.0
IXIC,20251105,23358.07,23499.8,23636.53,23286.87,23348.64,151.16,0.6474,1.5,1002689.0
IXIC,20251106,23461.29,23053.99,23469.55,23011.06,23499.8,-445.81,-1.8971,1.95,1108513.0
IXIC,20251107,22892.92,23004.54,23009.91,22563.42,23053.99,-49.45,-0.2145,1.94,1014191.0
IXIC,20251110,23354.85,23527.17,23569.62,23290.05,23004.54,522.63,2.2719,1.22,929732.0
IXIC,20251111,23407.72,23468.3,23508.44,23315.28,23527.17,-58.87,-0.2502,0.82,775681.0
IXIC,20251112,23563.84,23406.46,23564.09,23278.3,23468.3,-61.84,-0.2635,1.22,844992.0
IXIC,20251113,23262.65,22870.35,23264.27,22796.07,23406.46,-536.11,-2.2904,2.0,1135141.0
IXIC,20251114,22544.72,22900.59,23073.18,22436.79,22870.35,30.24,0.1322,2.78,1084154.0
IXIC,20251117,22788.32,22708.07,23044.55,22559.51,22900.59,-192.52,-0.8407,2.12,974480.0
IXIC,20251118,22565.9,22432.85,22643.01,22231.15,22708.07,-275.22,-1.212,1.81,860626.0
IXIC,20251119,22459.27,22564.23,22821.24,22385.22,22432.85,131.38,0.5857,1.94,843420.0
IXIC,20251120,23057.0,22078.05,23147.33,22043.2,22564.23,-486.18,-2.1546,4.89,1054862.0
IXIC,20251121,22162.83,22273.08,22531.84,21898.29,22078.05,195.03,0.8834,2.87,993124.0
IXIC,20251124,22482.16,22872.01,22916.4,22478.27,22273.08,598.93,2.689,1.97,923216.0
IXIC,20251125,22802.85,23025.59,23070.09,22587.11,22872.01,153.58,0.6715,2.11,849850.0
IXIC,20251126,23163.19,23214.69,23280.58,23074.39,23025.59,189.1,0.8213,0.9,729140.0
IXIC,20251128,23291.59,23365.69,23365.79,23250.51,23214.69,151.0,0.6505,0.5,454107.0
IXIC,20251201,23172.34,23275.92,23363.85,23110.21,23365.69,-89.77,-0.3842,1.09,785956.0
IXIC,20251202,23379.75,23413.67,23526.23,23286.46,23275.92,137.75,0.5918,1.03,758858.0
IXIC,20251203,23315.58,23454.09,23499.93,23271.83,23413.67,40.42,0.1726,0.97,796273.0
IXIC,20251204,23527.3,23505.14,23528.53,23372.33,23454.09,51.05,0.2177,0.67,745686.0
IXIC,20251205,23567.77,23578.13,23680.03,23506.0,23505.14,72.99,0.3105,0.74,824828.0
IXIC,20251208,23638.22,23545.9,23698.93,23455.05,23578.13,-32.23,-0.1367,1.03,853367.0
IXIC,20251209,23504.61,23576.49,23616.46,23449.73,23545.9,30.59,0.1299,0.71,719260.0
IXIC,20251210,23536.0,23654.16,23704.08,23435.17,23576.49,77.67,0.3294,1.14,798790.0
IXIC,20251211,23509.22,23593.86,23606.7,23308.95,23654.16,-60.3,-0.2549,1.26,833777.0
IXIC,20251212,23488.87,23195.17,23554.89,23094.51,23593.86,-398.69,-1.6898,1.95,872407.0
IXIC,20251215,23330.04,23057.41,23345.56,23012.0,23195.17,-137.76,-0.5939,1.44,864924.0
IXIC,20251216,22981.82,23111.46,23162.6,22920.66,23057.41,54.05,0.2344,1.05,775996.0
IXIC,20251217,23135.61,22693.32,23159.2,22692.0,23111.46,-418.14,-1.8092,2.02,861614.0
IXIC,20251218,23012.06,23006.36,23149.61,22906.23,22693.32,313.04,1.3794,1.07,797792.0
IXIC,20251219,23121.9,23307.62,23307.91,23106.19,23006.36,301.26,1.3095,0.88,1287456.0
IXIC,20251222,23450.53,23428.83,23476.5,23362.93,23307.62,121.21,0.52,0.49,724491.0
IXIC,20251223,23407.7,23561.84,23563.46,23377.49,23428.83,133.01,0.5677,0.79,751819.0
IXIC,20251224,23555.95,23613.31,23621.72,23527.97,23561.84,51.47,0.2184,0.4,388519.0
IXIC,20251226,23645.91,23593.1,23665.15,23567.85,23613.31,-20.21,-0.0856,0.41,517030.0
IXIC,20251229,23414.68,23474.35,23531.02,23397.52,23593.1,-118.75,-0.5033,0.57,652753.0
IXIC,20251230,23465.67,23419.08,23521.05,23414.83,23474.35,-55.27,-0.2354,0.45,676930.0
IXIC,20251231,23420.85,23241.99,23445.26,23237.78,23419.08,-177.09,-0.7562,0.89,589513.0
IXIC,20260102,23481.49,23235.63,23585.96,23119.49,23241.99,-6.36,-0.0274,2.01,733146.0
IXIC,20260105,23449.67,23395.82,23476.51,23332.23,23235.63,160.19,0.6894,0.62,873732.0
IXIC,20260106,23446.96,23547.17,23559.15,23389.57,23395.82,151.35,0.6469,0.72,901264.0
IXIC,20260107,23544.89,23584.27,23723.37,23504.22,23547.17,37.1,0.1576,0.93,839692.0
IXIC,20260108,23548.88,23480.02,23558.17,23353.46,23584.27,-104.25,-0.442,0.87,772314.0
IXIC,20260109,23496.21,23671.35,23721.15,23426.48,23480.02,191.33,0.8149,1.25,812442.0
IXIC,20260112,23576.88,23733.9,23804.05,23562.97,23671.35,62.55,0.2642,1.02,870717.0
IXIC,20260113,23735.12,23709.87,23813.3,23607.59,23733.9,-24.03,-0.1012,0.87,941640.0
IXIC,20260114,23563.92,23471.75,23590.19,23306.66,23709.87,-238.12,-1.0043,1.2,1216522.0
IXIC,20260115,23693.97,23530.02,23721.11,23502.18,23471.75,58.27,0.2483,0.93,974063.0
IXIC,20260116,23639.69,23515.39,23664.26,23446.81,23530.02,-14.63,-0.0622,0.92,951450.0
IXIC,20260120,23142.69,22954.32,23236.05,22916.83,23515.39,-561.07,-2.386,1.36,946948.0
IXIC,20260121,23017.68,23224.82,23383.24,22927.88,22954.32,270.5,1.1784,1.98,916274.0
IXIC,20260122,23440.71,23436.02,23503.16,23335.15,23224.82,211.2,0.9094,0.72,903485.0
IXIC,20260123,23440.92,23501.24,23610.74,23374.26,23436.02,65.22,0.2783,1.01,822876.0
IXIC,20260126,23529.28,23601.36,23688.94,23486.08,23501.24,100.12,0.426,0.86,750525.0
IXIC,20260127,23734.75,23817.1,23865.26,23694.38,23601.36,215.74,0.9141,0.72,802605.0
IXIC,20260128,23965.11,23857.45,23988.26,23775.49,23817.1,40.35,0.1694,0.89,815158.0
IXIC,20260129,23830.92,23685.12,23840.55,23232.78,23857.45,-172.33,-0.7223,2.55,878221.0
IXIC,20260130,23578.96,23461.82,23662.25,23351.55,23685.12,-223.3,-0.9428,1.31,925593.0
IXIC,20260202,23370.55,23592.11,23686.83,23356.4,23461.82,130.29,0.5553,1.41,888253.0
IXIC,20260203,23667.44,23255.19,23691.6,23027.21,23592.11,-336.92,-1.4281,2.82,1030632.0
IXIC,20260204,23217.02,22904.58,23270.07,22684.51,23255.19,-350.61,-1.5077,2.52,1086200.0
IXIC,20260205,22604.02,22540.59,22841.28,22461.14,22904.58,-363.99,-1.5892,1.66,1010923.0
IXIC,20260206,22625.3,23031.21,23088.46,22586.4,22540.59,490.62,2.1766,2.23,905440.0
IXIC,20260209,22952.24,23238.67,23314.67,22878.37,23031.21,207.46,0.9008,1.89,817405.0
IXIC,20260210,23271.22,23102.47,23310.73,23089.1,23238.67,-136.2,-0.5861,0.95,851344.0
IXIC,20260211,23278.29,23066.47,23320.62,22902.01,23102.47,-36.0,-0.1558,1.81,992701.0
IXIC,20260212,23142.87,22597.15,23161.6,22548.02,23066.47,-469.32,-2.0346,2.66,885529.0
IXIC,20260213,22561.46,22546.67,22742.06,22402.38,22597.15,-50.48,-0.2234,1.5,796483.0
IXIC,20260217,22394.76,22578.38,22690.83,22256.76,22546.67,31.71,0.1406,1.93,765430.0
IXIC,20260218,22629.85,22753.63,22895.95,22597.77,22578.38,175.25,0.7762,1.32,770559.0
IXIC,20260219,22639.87,22682.73,22768.83,22583.61,22753.63,-70.9,-0.3116,0.81,698478.0
IXIC,20260220,22542.28,22886.07,22948.87,22539.05,22682.73,203.34,0.8965,1.81,806307.0
IXIC,20260223,22840.97,22627.27,22893.22,22547.12,22886.07,-258.8,-1.1308,1.51,826392.0
IXIC,20260224,22641.6,22863.68,22895.48,22528.26,22627.27,236.41,1.0448,1.62,793227.0
IXIC,20260225,23005.01,23152.08,23169.68,23004.69,22863.68,288.4,1.2614,0.72,842745.0
IXIC,20260226,23100.58,22878.38,23109.46,22670.8,23152.08,-273.7,-1.1822,1.89,903347.0
IXIC,20260227,22615.43,22668.21,22735.78,22538.3,22878.38,-210.17,-0.9186,0.86,955261.0
IXIC,20260302,22322.12,22748.86,22802.8,22306.08,22668.21,80.65,0.3558,2.19,830303.0
IXIC,20260303,22292.37,22516.69,22601.59,22124.78,22748.86,-232.17,-1.0206,2.1,970550.0
IXIC,20260304,22620.89,22807.48,22891.88,22570.67,22516.69,290.79,1.2914,1.43,1091841.0
IXIC,20260305,22707.47,22748.99,22877.02,22500.29,22807.48,-58.49,-0.2565,1.65,1099466.0
IXIC,20260306,22421.17,22387.68,22614.41,22328.13,22748.99,-361.31,-1.5882,1.26,930022.0
IXIC,20260309,22184.05,22695.95,22741.03,22061.97,22387.68,308.27,1.377,3.03,979774.0
IXIC,20260310,22722.94,22697.1,22906.72,22608.23,22695.95,1.15,0.0051,1.32,880058.0
IXIC,20260311,22771.27,22716.13,22877.71,22602.33,22697.1,19.03,0.0838,1.21,834857.0
IXIC,20260312,22526.58,22311.98,22550.75,22290.48,22716.13,-404.15,-1.7791,1.15,849085.0
IXIC,20260313,22425.7,22105.36,22521.38,22069.24,22311.98,-206.62,-0.9261,2.03,827874.0
IXIC,20260316,22340.39,22374.18,22521.59,22316.63,22105.36,268.82,1.2161,0.93,820880.0
IXIC,20260317,22458.03,22479.53,22569.64,22409.07,22374.18,105.35,0.4709,0.72,850521.0
IXIC,20260318,22421.96,22152.42,22461.76,22144.76,22479.53,-327.11,-1.4551,1.41,932517.0
IXIC,20260319,21871.04,22090.69,22187.06,21851.05,22152.42,-61.73,-0.2787,1.52,854787.0
IXIC,20260320,21989.33,21647.61,21997.09,21522.75,22090.69,-443.08,-2.0057,2.15,1174349.0
IXIC,20260323,21995.78,21946.76,22189.34,21865.8,21647.61,299.15,1.3819,1.49,889588.0
IXIC,20260324,21807.6,21761.89,21916.16,21712.04,21946.76,-184.87,-0.8424,0.93,848838.0
IXIC,20260325,22006.43,21929.83,22093.18,21865.46,21761.89,167.94,0.7717,1.05,805692.0
IXIC,20260326,21693.17,21408.08,21823.58,21395.77,21929.83,-521.75,-2.3792,1.95,772659.0
IXIC,20260327,21287.19,20948.36,21293.5,20909.93,21408.08,-459.72,-2.1474,1.79,871331.0
IXIC,20260330,21096.24,20794.64,21139.72,20690.25,20948.36,-153.72,-0.7338,2.15,923438.0
IXIC,20260331,21064.33,21590.63,21642.62,21063.38,20794.64,795.99,3.8279,2.79,1064507.0
IXIC,20260401,21742.8,21840.95,21983.07,21723.72,21590.63,250.32,1.1594,1.2,880174.0
IXIC,20260402,21472.52,21879.18,21906.48,21371.32,21840.95,38.23,0.175,2.45,813478.0
IXIC,20260406,21939.8,21996.34,22052.41,21864.5,21879.18,117.16,0.5355,0.86,790727.0
IXIC,20260407,21927.09,22017.85,22024.9,21611.0,21996.34,21.51,0.0978,1.88,1079602.0
IXIC,20260408,22821.21,22634.99,22821.21,22501.28,22017.85,617.14,2.8029,1.45,1041167.0
IXIC,20260409,22646.35,22822.42,22836.75,22529.21,22634.99,187.43,0.8281,1.36,866247.0
IXIC,20260410,22913.91,22902.89,23011.77,22845.06,22822.42,80.47,0.3526,0.73,870064.0
IXIC,20260413,22849.23,23183.74,23187.96,22795.82,22902.89,280.85,1.2263,1.71,792532.0
IXIC,20260414,23331.5,23639.08,23639.08,23331.5,23183.74,455.34,1.964,1.33,910566.0
IXIC,20260415,23688.12,24016.02,24026.56,23672.26,23639.08,376.94,1.5946,1.5,1020648.0
IXIC,20260416,24062.45,24102.7,24156.18,23894.91,24016.02,86.68,0.3609,1.09,996361.0
IXIC,20260417,24338.01,24468.48,24519.51,24286.47,24102.7,365.78,1.5176,0.97,1015912.0
IXIC,20260420,24404.39,24404.39,24435.92,24221.53,24468.48,-64.09,-0.2619,0.88,837994.0
IXIC,20260421,24465.34,24259.96,24537.58,24198.99,24404.39,-144.43,-0.5918,1.39,930994.0
IXIC,20260422,24462.31,24657.57,24660.11,24421.4,24259.96,397.61,1.639,0.98,808093.0
IXIC,20260423,24553.75,24438.5,24664.87,24209.74,24657.57,-219.07,-0.8884,1.85,795660.0
IXIC,20260424,24616.56,24836.6,24854.04,24524.37,24438.5,398.1,1.629,1.35,1020307.0
IXIC,20260427,24799.64,24887.1,24899.37,24694.82,24836.6,50.5,0.2033,0.82,812650.0
IXIC,20260428,24609.57,24663.8,24724.7,24524.23,24887.1,-223.3,-0.8973,0.81,744195.0
IXIC,20260429,24606.53,24673.24,24724.11,24532.7,24663.8,9.44,0.0383,0.78,814747.0
IXIC,20260430,24859.94,24892.31,24935.6,24491.83,24673.24,219.07,0.8879,1.8,813919.0
IXIC,20260501,24977.79,25114.44,25223.12,24967.09,24892.31,222.13,0.8924,1.03,753429.0
IXIC,20260504,25112.18,25067.8,25210.47,24913.12,25114.44,-46.64,-0.1857,1.18,784918.0
IXIC,20260505,25258.88,25326.13,25361.05,25217.16,25067.8,258.33,1.0305,0.57,809003.0
IXIC,20260506,25495.17,25838.94,25850.19,25464.44,25326.13,512.81,2.0248,1.52,886415.0
IXIC,20260507,25881.31,25806.2,26036.38,25713.65,25838.94,-32.74,-0.1267,1.25,911888.0
IXIC,20260508,25958.12,26247.08,26248.62,25944.78,25806.2,440.88,1.7084,1.18,957715.0
IXIC,20260511,26135.63,26274.13,26359.31,26129.83,26247.08,27.05,0.1031,0.87,1198991.0
IXIC,20260512,26087.01,26088.2,26190.48,25739.22,26274.13,-185.93,-0.7077,1.72,963184.0
IXIC,20260513,26147.65,26402.34,26474.18,25990.16,26088.2,314.14,1.2041,1.86,973472.0
IXIC,20260514,26425.47,26635.22,26707.14,26423.21,26402.34,232.88,0.882,1.08,986006.0
IXIC,20260515,26288.92,26225.14,26460.76,26097.54,26635.22,-410.08,-1.5396,1.36,958443.0
IXIC,20260518,26289.49,26090.73,26310.84,25867.3,26225.14,-134.41,-0.5125,1.69,1032794.0
IXIC,20260519,25923.49,25870.71,26050.29,25701.44,26090.73,-220.02,-0.8433,1.34,989562.0
IXIC,20260520,25991.51,26270.36,26273.76,25928.33,25870.71,399.65,1.5448,1.34,926837.0
IXIC,20260521,26143.62,26293.1,26403.57,26039.37,26270.36,22.74,0.0866,1.39,862778.0
IXIC,20260522,26381.56,26343.97,26504.55,26309.8,26293.1,50.87,0.1935,0.74,926509.0
IXIC,20260526,26590.5,26656.18,26725.29,26520.3,26343.97,312.21,1.1851,0.78,971812.0
IXIC,20260527,26695.44,26674.73,26715.31,26538.31,26656.18,18.55,0.0696,0.66,924064.0
IXIC,20260528,26686.54,26917.47,26934.84,26588.52,26674.73,242.74,0.91,1.3,922462.0
IXIC,20260529,26960.84,26972.62,27094.8,26859.26,26917.47,55.15,0.2049,0.88,1190600.0
IXIC,20260601,26952.58,27086.81,27190.21,26913.12,26972.62,114.19,0.4234,1.03,1019924.0
IXIC,20260602,27030.07,27093.9,27171.29,26932.77,27086.81,7.09,0.0262,0.88,967565.0
IXIC,20260603,27092.84,26853.98,27130.88,26769.16,27093.9,-239.92,-0.8855,1.34,926767.0
IXIC,20260604,26579.3,26830.96,26923.7,26554.24,26853.98,-23.02,-0.0857,1.38,899997.0
IXIC,20260605,26536.59,25709.43,26572.25,25648.47,26830.96,-1121.53,-4.18,3.44,1155014.0
IXIC,20260608,26065.07,25929.66,26179.65,25872.68,25709.43,220.23,0.8566,1.19,1007765.0
IXIC,20260609,26110.31,25678.82,26259.92,24980.38,25929.66,-250.84,-0.9674,4.93,1210694.0
IXIC,20260610,25512.07,25169.5,25726.0,25145.3,25678.82,-509.32,-1.9834,2.26,951962.0
IXIC,20260611,25309.78,25809.66,25846.56,25109.39,25169.5,640.16,2.5434,2.93,1010191.0
IXIC,20260612,25783.36,25888.84,26010.31,25599.94,25809.66,79.18,0.3068,1.59,1033740.0
IXIC,20260615,26447.23,26683.94,26687.56,26438.77,25888.84,795.1,3.0712,0.96,1059027.0
IXIC,20260616,26649.97,26376.34,26788.62,26369.39,26683.94,-307.6,-1.1528,1.57,1113283.0
IXIC,20260617,26493.82,26021.66,26511.56,25960.41,26376.34,-354.68,-1.3447,2.09,1144360.0
IXIC,20260618,26410.62,26517.93,26559.74,26188.69,26021.66,496.27,1.9071,1.43,1828615.0
IXIC,20260622,26483.31,26166.6,26561.12,26125.48,26517.93,-351.33,-1.3249,1.64,1284429.0
IXIC,20260623,25549.76,25587.04,25882.57,25513.26,26166.6,-579.56,-2.2149,1.41,1463152.0
IXIC,20260624,25578.62,25476.64,25840.56,25354.66,25587.04,-110.4,-0.4315,1.9,1493619.0
IXIC,20260625,25724.78,25358.6,25724.78,25123.43,25476.64,-118.04,-0.4633,2.36,987086.0
IXIC,20260626,25105.41,25297.62,25491.38,25014.96,25358.6,-60.98,-0.2405,1.88,1659458.0
IXIC,20260629,25502.09,25820.15,25834.35,25289.76,25297.62,522.53,2.0655,2.15,977623.0
IXIC,20260630,25824.47,26213.72,26253.04,25808.06,25820.15,393.57,1.5243,1.72,980999.0
IXIC,20260701,26039.51,26040.03,26238.06,25954.46,26213.72,-173.69,-0.6626,1.08,909441.0
IXIC,20260702,26047.38,25832.67,26261.09,25630.51,26040.03,-207.36,-0.7963,2.42,952958.0
IXIC,20260706,25999.61,26121.16,26209.76,25963.44,25832.67,288.49,1.1168,0.95,782705.0
IXIC,20260707,25960.13,25818.69,26010.02,25684.15,26121.16,-302.47,-1.158,1.25,824468.0
IXIC,20260708,25704.66,25870.65,25896.07,25526.47,25818.69,51.96,0.2013,1.43,793574.0
IXIC,20260709,25918.31,26206.89,26215.82,25825.85,25870.65,336.24,1.2997,1.51,731222.0
IXIC,20260710,26175.54,26281.61,26301.54,26009.49,26206.89,74.72,0.2851,1.11,709448.0
IXIC,20260713,26088.31,25873.18,26139.37,25822.1,26281.61,-408.43,-1.5541,1.21,723131.0
IXIC,20260714,26015.49,26107.01,26168.81,25912.4,25873.18,233.83,0.9038,0.99,739796.0
IXIC,20260715,26261.18,26269.23,26316.81,26041.13,26107.01,162.22,0.6214,1.06,737956.0
IXIC,20260716,26155.4,25881.95,26165.37,25765.45,26269.23,-387.28,-1.4743,1.52,829488.0
IXIC,20260717,25412.26,25520.24,25703.01,25250.63,25881.95,-361.71,-1.3975,1.75,782047.0
IXIC,20260720,25720.87,25508.07,25815.6,25501.1,25520.24,-12.17,-0.0477,1.23,718407.0
IXIC,20260721,25772.55,25837.21,25880.34,25672.83,25508.07,329.14,1.2903,0.81,800154.0
IXIC,20260722,25693.72,25690.9,25841.31,25681.32,25837.21,-146.31,-0.5663,0.62,747305.0
IXIC,20260723,25245.54,25137.69,25358.28,24954.77,25690.9,-553.21,-2.1533,1.57,765581.0
IXIC,20260724,25107.38,24975.82,25222.14,24918.09,25137.69,-161.87,-0.6439,1.21,726630.0
IXIC,20260727,25236.19,24932.08,25261.91,24774.87,24975.82,-43.74,-0.1751,1.95,779789.0
IXIC,20260728,24825.07,24876.91,24984.5,24581.01,24932.08,-55.17,-0.2213,1.62,858496.0
IXIC,20260729,24863.48,24442.94,25054.53,24425.34,24876.91,-433.97,-1.7445,2.53,827628.0
IXIC,20260730,24852.05,25122.18,25171.44,24813.84,24442.94,679.24,2.7789,1.46,797098.7
