date,close,unit_nav,premium
2015-07-13,0.958,0.9979,-0.039983966329291576
2015-07-14,0.967,1.0011,-0.03406253121566294
2015-07-15,0.963,1.0017,-0.038634321653189696
2015-07-16,0.966,1.0113,-0.044793829724117606
2015-07-17,0.989,1.0202,-0.030582238776710402
2015-07-20,0.99,1.0244,-0.03358063256540411
2015-07-21,0.994,1.0221,-0.027492417571666206
2015-07-22,1.002,1.0121,-0.009979251062148031
2015-07-23,1.006,1.0119,-0.0058306156734855286
2015-07-24,1.007,0.9962,0.010841196546877985
2015-07-27,0.993,0.986,0.007099391480730244
2015-07-28,0.978,0.9917,-0.013814661692044039
2015-07-29,0.988,0.9935,-0.005535983895319618
2015-07-30,0.988,1.0,-0.01200000000000001
2015-07-31,0.985,0.9972,-0.01223425591656635
2015-08-03,0.991,0.9943,-0.003318917831640289
2015-08-04,0.988,0.9881,-0.00010120433154536812
2015-08-05,0.986,0.9976,-0.011627906976744207
2015-08-06,0.991,0.9822,0.008959478721238145
2015-08-07,0.98,0.9806,-0.0006118702834999601
2015-08-10,0.975,0.9912,-0.016343825665859568
2015-08-11,1.004,0.9849,0.019392831759569518
2015-08-12,0.992,0.9951,-0.0031152647975077885
2015-08-13,0.999,0.9945,0.004524886877828038
2015-08-14,1.0,0.9976,0.002405773857257376
2015-08-17,0.993,1.0049,-0.011841974325803473
2015-08-18,0.998,1.0,-0.0020000000000000018
2015-08-19,0.995,0.9906,0.004441752473248517
2015-08-20,0.989,0.9586,0.031712914667223036
2015-08-21,0.944,0.9215,0.024416711882799813
2015-08-24,0.862,0.8786,-0.01889369451399958
2015-08-25,0.855,0.8853,-0.0342256862080651
2015-08-26,0.86,0.9236,-0.06886097877869202
2015-08-27,0.899,0.9483,-0.051987767584097844
2015-08-28,0.921,0.9483,-0.02878835811452074
2015-08-31,0.929,0.9338,-0.005140286999357424
2015-09-01,0.909,0.9076,0.0015425297487881018
2015-09-02,0.898,0.9281,-0.03243185001616211
2015-09-07,0.91,0.913,-0.003285870755750264
2015-09-08,0.915,0.9366,-0.023062139654067892
2015-09-09,0.92,0.9269,-0.007444168734491163
2015-09-10,0.914,0.9375,-0.02506666666666668
2015-09-11,0.92,0.9431,-0.024493691018980024
2015-09-14,0.929,0.9396,-0.011281396338867489
2015-09-15,0.912,0.9503,-0.040303062190887085
2015-09-16,0.94,0.9577,-0.018481779262817244
2015-09-17,0.941,0.9546,-0.014246804944479385
2015-09-18,0.948,0.9426,0.005728835136855404
2015-09-21,0.933,0.9421,-0.009659271839507433
2015-09-22,0.935,0.927,0.008629989212513456
2015-09-23,0.926,0.9269,-0.0009709785305856977
2015-09-24,0.915,0.9236,-0.009311390212213055
2015-09-25,0.915,0.9159,-0.0009826400262037405
2015-09-28,0.906,0.8865,0.021996615905245376
2015-09-29,0.871,0.8811,-0.011462944047213708
2015-09-30,0.878,0.9013,-0.0258515477643404
2015-10-08,0.924,0.9369,-0.01376881203970537
2015-10-09,0.927,0.941,-0.014877789585547196
2015-10-12,0.929,0.9422,-0.014009764381235357
2015-10-13,0.93,0.9331,-0.0033222591362126463
2015-10-14,0.929,0.9344,-0.005779109589041043
2015-10-15,0.926,0.9496,-0.024852569502948563
2015-10-16,0.941,0.9545,-0.014143530644316504
2015-10-19,0.942,0.9608,-0.019567027477102483
2015-10-20,0.949,0.9569,-0.008255826105131203
2015-10-21,0.945,0.9494,-0.004634506003791894
2015-10-22,0.94,0.9691,-0.03002786090186771
2015-10-23,0.97,0.9966,-0.026690748545053267
2015-10-26,0.985,0.997,-0.012036108324974926
2015-10-27,0.983,0.9978,-0.014832631789937878
2015-10-28,0.989,1.0068,-0.017679777512912165
2015-10-29,0.997,1.0059,-0.008847797991848094
2015-10-30,0.996,0.9994,-0.003402041224734753
2015-11-02,0.986,1.0052,-0.01910067648229219
2015-11-03,0.999,1.011,-0.01186943620178027
2015-11-04,1.0,1.0115,-0.011369253583786487
2015-11-05,0.994,1.0094,-0.015256588072122157
2015-11-06,1.0,1.0115,-0.011369253583786487
2015-11-09,1.002,1.0023,-0.0002993115833582749
2015-11-10,0.992,0.9995,-0.007503751875937992
2015-11-11,0.99,0.999,-0.009009009009009028
2015-11-12,0.989,0.9895,-0.000505305709954551
2015-11-13,0.986,0.9718,0.014612060094669754
2015-11-16,0.969,0.9863,-0.01754030213930846
2015-11-17,0.977,0.9866,-0.009730387188323641
2015-11-18,0.978,1.006,-0.027833001988071593
2015-11-19,1.0,1.0063,-0.0062605584815661475
2015-11-20,0.998,1.0127,-0.014515651229386695
2015-11-23,1.0,1.0115,-0.011369253583786487
2015-11-24,1.005,1.0108,-0.0057380292837356794
2015-11-25,0.997,1.0112,-0.014042721518987444
2015-11-26,1.003,1.0115,-0.008403361344538007
2015-11-27,1.002,1.0135,-0.011346817957572863
2015-11-30,0.999,1.0107,-0.011576135351736405
2015-12-01,1.006,1.0215,-0.01517376407244253
2015-12-02,1.017,1.0145,0.002464268112370549
2015-12-03,1.002,0.9972,0.004813477737665384
2015-12-04,0.995,1.0184,-0.022977219167321317
2015-12-07,1.005,1.0156,-0.010437179992123014
2015-12-08,1.001,1.0174,-0.016119520345980187
2015-12-09,1.008,1.0026,0.0053859964093359025
2015-12-10,0.997,1.0085,-0.011403073872087166
2015-12-11,1.002,0.9874,0.014786307474174532
2015-12-14,0.986,0.9965,-0.010536879076768702
2015-12-15,0.985,1.0033,-0.018239808631516086
2015-12-16,0.994,1.0188,-0.02434236356497832
2015-12-17,1.002,1.0063,-0.004273079598529184
2015-12-18,0.997,0.9888,0.008292880258899737
2015-12-21,0.989,0.9976,-0.008620689655172487
2015-12-22,0.988,1.0037,-0.01564212414067956
2015-12-23,0.988,1.0111,-0.022846404905548567
2015-12-24,0.996,1.0111,-0.014934230046484087
2015-12-25,0.994,1.0103,-0.016133821637137502
2015-12-28,0.991,1.0104,-0.019200316706254883
2015-12-29,0.993,1.0275,-0.033576642335766516
2015-12-30,1.004,1.0191,-0.01481699538808745
2015-12-31,1.006,1.0065,-0.0004967709885742577
2016-01-04,0.996,0.9864,0.009732360097323589
2016-01-05,0.977,0.985,-0.008121827411167515
2016-01-06,0.979,0.9783,0.0007155269344782944
2016-01-07,0.968,0.9516,0.017234131988230317
2016-01-08,0.965,0.944,0.022245762711864403
2016-01-11,0.935,0.9464,-0.01204564666103125
2016-01-12,0.955,0.9575,-0.0026109660574412663
2016-01-13,0.961,0.9238,0.04026845637583887
2016-01-14,0.94,0.944,-0.004237288135593209
2016-01-15,0.941,0.9147,0.02875259647972017
2016-01-18,0.938,0.9138,0.026482818997592528
2016-01-19,0.932,0.9154,0.018134149005899047
2016-01-20,0.914,0.9121,0.002083104922705914
2016-01-21,0.914,0.9141,-0.00010939722131053653
2016-01-22,0.917,0.94,-0.024468085106382875
2016-01-25,0.918,0.9254,-0.007996542035876297
2016-01-26,0.91,0.9331,-0.024756189047261845
2016-01-27,0.91,0.9096,0.0004397537379068339
2016-01-28,0.906,0.9227,-0.018099057114988604
2016-01-29,0.918,0.9429,-0.02640789055042947
2016-02-01,0.923,0.9446,-0.022866821935210613
2016-02-02,0.931,0.9235,0.008121277747699107
2016-02-03,0.917,0.9195,-0.0027188689505165398
2016-02-04,0.916,0.9174,-0.001526051885764046
2016-02-05,0.916,0.8846,0.03549626950033913
2016-02-15,0.891,0.8797,0.012845288166420277
2016-02-16,0.905,0.8993,0.006338263093517149
2016-02-17,0.918,0.9218,-0.004122369277500426
2016-02-18,0.911,0.9103,0.0007689772602439415
2016-02-19,0.911,0.9138,-0.003064127817903217
2016-02-22,0.914,0.9282,-0.015298427063132891
2016-02-23,0.922,0.914,0.00875273522975939
2016-02-24,0.914,0.9226,-0.00932148276609579
2016-02-25,0.914,0.9313,-0.018576183829056125
2016-02-26,0.923,0.9303,-0.007846931097495458
2016-02-29,0.911,0.9247,-0.01481561587541902
2016-03-01,0.914,0.953,-0.04092339979013637
2016-03-02,0.934,0.9547,-0.021682203833664926
2016-03-03,0.94,0.9516,-0.012189995796553221
2016-03-04,0.944,0.9511,-0.007465040479444851
2016-03-07,0.942,0.9427,-0.0007425480004243923
2016-03-08,0.937,0.9333,0.003964427300975126
2016-03-09,0.929,0.9405,-0.01222753854332792
2016-03-10,0.934,0.9393,-0.005642499733844342
2016-03-11,0.934,0.952,-0.018907563025210017
2016-03-14,0.943,0.9535,-0.01101206082852657
2016-03-15,0.94,0.9559,-0.016633539073124815
2016-03-16,0.94,0.9657,-0.026612819716268055
2016-03-17,0.953,0.9621,-0.009458476249870063
2016-03-18,0.95,0.9597,-0.010107325205793494
2016-03-21,0.95,0.9657,-0.01625763694729221
2016-03-22,0.943,0.9706,-0.028436018957346043
2016-03-23,0.95,0.9622,-0.012679276657659666
2016-03-24,0.939,0.9661,-0.02805092640513407
2016-03-25,0.941,0.9671,-0.026987901974976802
2016-03-28,0.942,0.9657,-0.024541783162472908
2016-03-29,0.943,0.9785,-0.036280020439448224
2016-03-30,0.955,0.9803,-0.02580842599204325
2016-03-31,0.948,0.9754,-0.028091039573508447
2016-04-01,0.953,0.9855,-0.032978183663115224
2016-04-05,0.957,0.9736,-0.017050123253903093
2016-04-06,0.955,0.9909,-0.036229690180643925
2016-04-07,0.962,0.9753,-0.01363682969342761
2016-04-08,0.955,0.9756,-0.021115211152111568
2016-04-11,0.953,0.9705,-0.01803194229778471
2016-04-12,0.951,0.9783,-0.02790555044464882
2016-04-13,0.954,0.9904,-0.03675282714054928
2016-04-14,0.966,0.9949,-0.029048145542265646
2016-04-15,0.969,0.9927,-0.0238742822605017
2016-04-18,0.955,0.9956,-0.04077942948975499
2016-04-19,0.973,0.9881,-0.015281854063353917
2016-04-20,0.961,0.9868,-0.026145115524929152
2016-04-21,0.967,0.9904,-0.02362681744749595
2016-04-22,0.963,0.9769,-0.014228682567304807
2016-04-25,0.966,0.9801,-0.014386287113559826
2016-04-26,0.966,0.9715,-0.005661348430262558
2016-04-27,0.961,0.9626,-0.0016621649698732588
2016-04-28,0.953,0.953,0.0
2016-04-29,0.949,0.9429,0.006469402905928456
2016-05-03,0.941,0.9424,-0.0014855687606112333
2016-05-04,0.936,0.9416,-0.00594732370433293
2016-05-05,0.936,0.9432,-0.007633587786259555
2016-05-06,0.926,0.9475,-0.022691292875989366
2016-05-09,0.933,0.9461,-0.013846316457034158
2016-05-10,0.94,0.9623,-0.02317364647199427
2016-05-11,0.947,0.952,-0.005252100840336116
2016-05-12,0.945,0.9437,0.0013775564268305729
2016-05-13,0.94,0.9447,-0.004975124378109541
2016-05-16,0.933,0.958,-0.026096033402922658
2016-05-17,0.944,0.9436,0.0004239084357777756
2016-05-18,0.935,0.947,-0.012671594508975592
2016-05-19,0.935,0.9462,-0.011836820968082806
2016-05-20,0.936,0.9561,-0.021022905553812254
2016-05-23,0.949,0.9533,-0.0045106472254276
2016-05-24,0.945,0.9733,-0.02907633823076139
2016-05-25,0.958,0.9837,-0.02612585137745249
2016-05-26,0.967,0.9842,-0.017476122739280675
2016-05-27,0.969,0.9888,-0.02002427184466027
2016-05-30,0.976,0.9931,-0.017218809787533984
2016-05-31,0.978,0.9957,-0.01777643868635137
2016-06-01,0.978,0.9964,-0.018466479325571994
2016-06-02,0.975,0.9956,-0.02069104057854565
2016-06-03,0.988,0.992,-0.0040322580645161255
2016-06-06,0.976,0.9906,-0.014738542297597523
2016-06-07,0.979,0.9901,-0.011210988789011167
2016-06-08,0.978,0.9913,-0.013416725511953942
2016-06-13,0.97,0.972,-0.002057613168724326
2016-06-14,0.961,0.9724,-0.011723570547100048
2016-06-15,0.962,0.9719,-0.010186233151558866
2016-06-16,0.957,0.9712,-0.014621087314662273
2016-06-17,0.961,0.9606,0.0004164064126586098
2016-06-20,0.969,0.965,0.004145077720207224
2016-06-21,0.966,0.9672,-0.001240694789081842
2016-06-22,0.961,0.9693,-0.008562880429175745
2016-06-23,0.965,0.9791,-0.014400980492288884
2016-06-24,0.953,0.9409,0.012860027633117221
2016-06-27,0.957,0.9304,0.028589853826311185
2016-06-28,0.947,0.9522,-0.005461037597143559
2016-06-29,0.952,0.9656,-0.014084507042253613
2016-06-30,0.969,0.9774,-0.008594229588704816
2016-07-01,0.97,0.9848,-0.01502843216896832
2016-07-04,0.966,0.9843,-0.01859189271563544
2016-07-05,0.965,0.9805,-0.015808261091280085
2016-07-06,0.968,0.9921,-0.024291906057857027
2016-07-07,0.968,0.9947,-0.02684226399919576
2016-07-08,0.974,1.0108,-0.036406806489908905
2016-07-11,0.988,1.0167,-0.028228582669420632
2016-07-12,0.993,1.0235,-0.02979970688812905
2016-07-13,1.006,1.0199,-0.013628787135993803
2016-07-14,1.013,1.0263,-0.01295917373087796
2016-07-15,1.02,1.0241,-0.004003515281710723
2016-07-18,1.019,1.0332,-0.01374370886566012
2016-07-19,1.014,1.0295,-0.015055852355512434
2016-07-20,1.018,1.0413,-0.022375876308460496
2016-07-21,1.03,1.0376,-0.007324595219737939
2016-07-22,1.016,1.0389,-0.022042544999518632
2016-07-25,1.025,1.042,-0.016314779270633517
2016-07-26,1.031,1.0418,-0.010366673065847709
2016-07-27,1.028,1.0481,-0.01917755939318766
2016-07-28,1.041,1.0508,-0.009326227636086815
2016-07-29,1.036,1.0508,-0.014084507042253502
2016-08-01,1.041,1.053,-0.01139601139601143
2016-08-02,1.05,1.0475,0.0023866348448686736
2016-08-03,1.033,1.0471,-0.013465762582370311
2016-08-04,1.038,1.0536,-0.014806378132118492
2016-08-05,1.035,1.063,-0.026340545625587963
2016-08-08,1.049,1.0648,-0.014838467317806248
2016-08-09,1.053,1.0678,-0.013860273459449513
2016-08-10,1.048,1.0634,-0.014481850667669605
2016-08-11,1.048,1.0645,-0.015500234852043215
2016-08-12,1.053,1.07,-0.0158878504672898
2016-08-15,1.05,1.0744,-0.022710349962769882
2016-08-16,1.052,1.0659,-0.013040622947743663
2016-08-17,1.048,1.0639,-0.014945013629100501
2016-08-18,1.049,1.07,-0.01962616822429919
2016-08-19,1.049,1.067,-0.016869728209934376
2016-08-22,1.049,1.0748,-0.024004465947152998
2016-08-23,1.052,1.0764,-0.022668153102935684
2016-08-24,1.062,1.0643,-0.0021610448181903497
2016-08-25,1.053,1.0656,-0.011824324324324453
2016-08-26,1.053,1.0664,-0.012565641410352657
2016-08-29,1.052,1.0737,-0.020210487100679964
2016-08-30,1.056,1.0696,-0.012715033657442087
2016-08-31,1.056,1.0714,-0.014373716632443356
2016-09-01,1.054,1.0724,-0.01715777694889964
2016-09-02,1.056,1.0756,-0.01822238750464844
2016-09-05,1.059,1.0777,-0.017351767653335903
2016-09-06,1.059,1.0804,-0.01980747871158839
2016-09-07,1.065,1.0788,-0.012791991101223643
2016-09-08,1.065,1.074,-0.008379888268156499
2016-09-09,1.063,1.0473,0.014990929055666902
2016-09-12,1.037,1.0696,-0.030478683620045022
2016-09-13,1.041,1.057,-0.015137180700094621
2016-09-14,1.046,1.0657,-0.018485502486628502
2016-09-19,1.06,1.0749,-0.013861754581821484
2016-09-20,1.054,1.0733,-0.017981924904500013
2016-09-21,1.06,1.0869,-0.024749286962922
2016-09-22,1.065,1.0914,-0.024189114898295783
2016-09-23,1.077,1.0866,-0.008834897846493717
2016-09-26,1.066,1.0788,-0.01186503522432325
2016-09-27,1.074,1.0888,-0.013592946362968372
2016-09-28,1.074,1.0907,-0.015311267993031952
2016-09-29,1.075,1.0823,-0.0067448951307401694
2016-09-30,1.071,1.0925,-0.019679633867277002
2016-10-10,1.076,1.1027,-0.024213294640427985
2016-10-11,1.088,1.0863,0.0015649452269170805
2016-10-12,1.083,1.0878,-0.004412575841147404
2016-10-13,1.082,1.0838,-0.001660823030079417
2016-10-14,1.084,1.0839,9.225943352708654e-05
2016-10-17,1.081,1.0832,-0.002031019202363371
2016-10-18,1.083,1.0919,-0.008150929572305232
2016-10-19,1.084,1.0918,-0.0071441655980949426
2016-10-20,1.089,1.0902,-0.0011007154650524154
2016-10-21,1.091,1.0984,-0.006737072104879838
2016-10-24,1.092,1.114,-0.019748653500897717
2016-10-25,1.104,1.1107,-0.006032231925812481
2016-10-26,1.1,1.1031,-0.002810261988940188
2016-10-27,1.099,1.0971,0.001731838483274073
2016-10-28,1.096,1.0915,0.0041227668346313084
2016-10-31,1.088,1.0851,0.002672564740576977
2016-11-01,1.09,1.0785,0.01066295781177562
2016-11-02,1.077,1.0664,0.00993998499624893
2016-11-03,1.073,1.0545,0.01754385964912286
2016-11-04,1.065,1.0508,0.013513513513513598
2016-11-07,1.075,1.08,-0.004629629629629761
2016-11-08,1.083,1.0885,-0.005052824988516336
2016-11-09,1.055,1.0937,-0.035384474718844205
2016-11-10,1.088,1.0742,0.012846769689071058
2016-11-11,1.072,1.079,-0.006487488415199194
2016-11-14,1.075,1.0699,0.004766800635573221
2016-11-15,1.074,1.0877,-0.0125953847568262
2016-11-16,1.101,1.0954,0.005112287748767708
2016-11-17,1.098,1.1054,-0.0066944092636148644
2016-11-18,1.099,1.1023,-0.0029937403610632574
2016-11-21,1.098,1.1168,-0.016833810888252088
2016-11-22,1.115,1.1172,-0.001969208736126049
2016-11-23,1.118,1.1143,0.003320470250381513
2016-11-24,1.121,1.1143,0.006012743426366374
2016-11-25,1.131,1.122,0.00802139037433136
2016-11-28,1.162,1.1171,0.04019335780145017
2016-11-29,1.132,1.1178,0.012703524780819375
2016-11-30,1.15,1.103,0.04261106074342691
2016-12-01,1.117,1.0866,0.02797717651389653
2016-12-02,1.097,1.0853,0.010780429374366518
2016-12-05,1.096,1.0951,0.000821842754086477
2016-12-06,1.108,1.0934,0.01335284433876005
2016-12-07,1.112,1.1114,0.0005398596364947217
2016-12-08,1.143,1.1117,0.028155077808761364
2016-12-09,1.124,1.1238,0.000177967609895191
2016-12-12,1.137,1.119,0.01608579088471851
2016-12-13,1.136,1.1326,0.0030019424333391775
2016-12-14,1.163,1.1305,0.02874834144183991
2016-12-15,1.158,1.1357,0.019635467112793847
2016-12-16,1.162,1.1333,0.025324274243360145
2016-12-19,1.162,1.1371,0.021897810218977964
2016-12-20,1.17,1.1425,0.024070021881837933
2016-12-21,1.214,1.1409,0.0640722236830571
2016-12-22,1.223,1.1362,0.07639500088012663
2016-12-23,1.221,1.1383,0.07265220065009226
2016-12-26,1.291,1.1383,0.134147412808574
2016-12-27,1.285,1.144,0.12325174825174834
2016-12-28,1.272,1.1349,0.12080359503039917
2016-12-29,1.256,1.1331,0.1084635071926574
2016-12-30,1.261,1.1176,0.1283106657122406
2017-01-03,1.242,1.1305,0.09862892525431222
2017-01-04,1.22,1.1373,0.07271608194847445
2017-01-05,1.203,1.1402,0.05507805648131914
2017-01-06,1.18,1.1396,0.03545103545103534
2017-01-09,1.185,1.1534,0.027397260273972712
2017-01-10,1.197,1.1553,0.03609452090366139
2017-01-11,1.229,1.1588,0.060579910251984836
2017-01-12,1.259,1.155,0.09004329004328993
2017-01-13,1.239,1.1555,0.07226308957161409
2017-01-16,1.242,1.1555,0.07485936823885764
2017-01-17,1.249,1.1529,0.08335501778124743
2017-01-18,1.233,1.1478,0.07422895974908528
2017-01-19,1.215,1.1474,0.05891580965661514
2017-01-20,1.213,1.1521,0.05285999479211889
2017-01-23,1.208,1.1505,0.049978270317253326
2017-01-24,1.199,1.1546,0.03845487614758358
2017-01-25,1.209,1.1708,0.03262726340963451
2017-01-26,1.262,1.1718,0.07697559310462543
2017-02-03,1.244,1.1721,0.06134288883201089
2017-02-06,1.254,1.1742,0.06796116504854388
2017-02-07,1.253,1.1785,0.06321595248196843
2017-02-08,1.259,1.1852,0.06226797165035425
2017-02-09,1.26,1.187,0.061499578770008334
2017-02-10,1.267,1.1923,0.06265201710978774
2017-02-13,1.27,1.2008,0.057628247834776714
2017-02-14,1.27,1.2031,0.05560635026182359
2017-02-15,1.265,1.2074,0.04770581414609887
2017-02-16,1.268,1.2067,0.050799701665699803
2017-02-17,1.292,1.2094,0.06829832975028949
2017-02-20,1.299,1.2094,0.07408632379692404
2017-02-21,1.299,1.221,0.06388206388206386
2017-02-22,1.305,1.2221,0.06783405613288607
2017-02-23,1.305,1.215,0.07407407407407396
2017-02-24,1.294,1.2168,0.06344510190664021
2017-02-27,1.293,1.2206,0.05931509093888243
2017-02-28,1.297,1.2154,0.06713839065328275
2017-03-01,1.298,1.2305,0.05485574969524598
2017-03-02,1.3,1.2242,0.061917987256984164
2017-03-03,1.296,1.2281,0.05528865727546628
2017-03-06,1.305,1.2229,0.06713549758770121
2017-03-07,1.301,1.2236,0.06325596600196137
2017-03-08,1.293,1.227,0.05378973105134466
2017-03-09,1.293,1.2295,0.05164701098007307
2017-03-10,1.294,1.2345,0.04819765087079797
2017-03-13,1.295,1.234,0.04943273905996759
2017-03-14,1.297,1.2334,0.05156478028214684
2017-03-15,1.297,1.2412,0.044956493715758716
2017-03-16,1.301,1.2357,0.05284454155539353
2017-03-17,1.298,1.2349,0.05109725483844829
2017-03-20,1.298,1.2381,0.04838058315160332
2017-03-21,1.301,1.2206,0.06586924463378674
2017-03-22,1.285,1.2253,0.04872276177262691
2017-03-23,1.286,1.2218,0.052545424783106975
2017-03-24,1.278,1.2238,0.04428828239908489
2017-03-27,1.267,1.2232,0.03580771746239364
2017-03-28,1.274,1.2322,0.03392306443759141
2017-03-29,1.294,1.2401,0.04346423675510036
2017-03-30,1.278,1.2416,0.029317010309278357
2017-03-31,1.289,1.2427,0.03725758429226689
2017-04-05,1.285,1.237,0.038803556992724086
2017-04-06,1.281,1.238,0.03473344103392573
2017-04-07,1.282,1.2378,0.03570851510744877
2017-04-10,1.284,1.2399,0.035567384466489216
2017-04-11,1.285,1.233,0.04217356042173548
2017-04-12,1.283,1.2276,0.045128706419028886
2017-04-13,1.275,1.2171,0.04757209760907055
2017-04-14,1.27,1.2171,0.04346397173609384
2017-04-17,1.245,1.2295,0.012606750711671388
2017-04-18,1.255,1.2289,0.021238505980958333
2017-04-19,1.231,1.2274,0.0029330291673457243
2017-04-20,1.235,1.2397,-0.003791239816084424
2017-04-21,1.236,1.2398,-0.0030650104855621807
2017-04-24,1.285,1.2521,0.02627585656097753
2017-04-25,1.314,1.2643,0.03931029027920596
2017-04-26,1.32,1.2626,0.04546174560430871
2017-04-27,1.301,1.2709,0.023684003462113523
2017-04-28,1.311,1.274,0.029042386185243352
2017-05-02,1.315,1.2883,0.020724986416207347
2017-05-03,1.311,1.2827,0.022062836204880254
2017-05-04,1.31,1.2844,0.01993148551853019
2017-05-05,1.308,1.2877,0.015764541430457468
2017-05-08,1.319,1.2917,0.021134938453201135
2017-05-09,1.317,1.2978,0.014794267221451607
2017-05-10,1.32,1.2989,0.01624451458926801
2017-05-11,1.32,1.2974,0.017419454293201797
2017-05-12,1.315,1.2984,0.012784966112137974
2017-05-15,1.312,1.3005,0.008842752787389552
2017-05-16,1.316,1.3045,0.008815638175546203
2017-05-17,1.295,1.2685,0.02089081592431996
2017-05-18,1.286,1.2786,0.005787580165806494
2017-05-19,1.287,1.2877,-0.0005436048769124069
2017-05-22,1.285,1.2963,-0.008717117951091646
2017-05-23,1.292,1.2969,-0.0037782404194617314
2017-05-24,1.291,1.3048,-0.010576333537706928
2017-05-25,1.3,1.3147,-0.01118125808169157
2017-05-26,1.317,1.3171,-7.592437931813745e-05
2017-05-31,1.319,1.3155,0.002660585328772447
2017-06-01,1.314,1.3114,0.001982614000305194
2017-06-02,1.328,1.3258,0.0016593754714133713
2017-06-05,1.337,1.3221,0.01126994932304659
2017-06-06,1.33,1.3171,0.009794244932047835
2017-06-07,1.317,1.3203,-0.002499431947284747
2017-06-08,1.32,1.3232,-0.002418379685610539
2017-06-09,1.323,1.2911,0.02470761366276819
2017-06-12,1.302,1.2827,0.015046386528416722
2017-06-13,1.29,1.2927,-0.0020886516593175974
2017-06-14,1.295,1.2867,0.00645061008782144
2017-06-15,1.278,1.279,-0.0007818608287724071
2017-06-16,1.28,1.2771,0.002270769712630294
2017-06-19,1.279,1.2972,-0.014030218933086647
2017-06-20,1.301,1.289,0.009309542280837801
2017-06-21,1.285,1.3038,-0.014419389476913791
2017-06-22,1.3,1.303,-0.002302379125095899
2017-06-23,1.299,1.3092,-0.007791017415215373
2017-06-26,1.302,1.3026,-0.0004606172270842368
2017-06-27,1.299,1.2794,0.015319681100515847
2017-06-28,1.272,1.2937,-0.016773595114787043
2017-06-29,1.282,1.2683,0.010801860758495652
2017-06-30,1.263,1.2634,-0.00031660598385319094
2017-07-03,1.263,1.252,0.0087859424920127
2017-07-04,1.248,1.252,-0.0031948881789137795
2017-07-05,1.254,1.267,-0.010260457774269871
2017-07-06,1.259,1.2557,0.002628016245918463
2017-07-07,1.252,1.2684,-0.012929675181330813
2017-07-10,1.259,1.2778,-0.014712787603693989
2017-07-11,1.265,1.2818,-0.013106568887502057
2017-07-12,1.272,1.2954,-0.01806391848077815
2017-07-13,1.288,1.2973,-0.007168735065135157
2017-07-14,1.282,1.307,-0.01912777352716133
2017-07-17,1.287,1.3028,-0.012127724900214965
2017-07-18,1.285,1.3127,-0.021101546431020024
2017-07-19,1.294,1.3175,-0.0178368121442124
2017-07-20,1.31,1.3188,-0.006672732787382452
2017-07-21,1.306,1.3178,-0.00895431780239797
2017-07-24,1.302,1.3219,-0.015054088811559119
2017-07-25,1.309,1.3211,-0.00915903413821817
2017-07-26,1.305,1.3263,-0.01605971499660719
2017-07-27,1.313,1.314,-0.0007610350076104888
2017-07-28,1.3,1.3135,-0.010277883517320063
2017-07-31,1.302,1.3051,-0.002375296912113911
2017-08-01,1.301,1.3055,-0.003446955189582712
2017-08-02,1.307,1.311,-0.0030511060259343914
2017-08-03,1.3,1.3061,-0.004670392772375798
2017-08-04,1.295,1.3063,-0.008650386588073267
2017-08-07,1.303,1.316,-0.009878419452887588
2017-08-08,1.305,1.3128,-0.00594149908592323
2017-08-09,1.3,1.3091,-0.006951340615690027
2017-08-10,1.294,1.2738,0.01585806249018673
2017-08-11,1.27,1.2812,-0.008741804558226596
2017-08-14,1.279,1.2974,-0.014182210574996246
2017-08-15,1.294,1.2997,-0.004385627452489049
2017-08-16,1.294,1.3037,-0.007440362046483129
2017-08-17,1.29,1.2742,0.012399937215507695
2017-08-18,1.278,1.2737,0.0033759912067206077
2017-08-21,1.286,1.2717,0.011244790437996421
2017-08-22,1.273,1.2893,-0.012642519196463198
2017-08-23,1.281,1.2848,-0.002957658779576655
2017-08-24,1.274,1.2789,-0.003831417624520994
2017-08-25,1.275,1.277,-0.001566170712607673
2017-08-28,1.272,1.2761,-0.0032129143484053158
2017-08-29,1.273,1.2804,-0.00577944392377383
2017-08-30,1.273,1.2925,-0.015087040618955605
2017-08-31,1.285,1.3033,-0.014041279828128639
2017-09-01,1.294,1.301,-0.005380476556494873
2017-09-04,1.287,1.301,-0.010760953112989968
2017-09-05,1.287,1.2778,0.007199874784786342
2017-09-06,1.273,1.2806,-0.005934718100890302
2017-09-07,1.272,1.2827,-0.008341779059795718
2017-09-08,1.27,1.2666,0.002684351807989982
2017-09-11,1.263,1.2805,-0.013666536509176153
2017-09-12,1.27,1.2894,-0.015045757716767527
2017-09-13,1.273,1.2932,-0.015620167027528664
2017-09-14,1.276,1.2868,-0.008392912651538631
2017-09-15,1.274,1.2899,-0.012326536940848176
2017-09-18,1.285,1.2882,-0.002484086321999812
2017-09-19,1.286,1.2926,-0.005105987931301237
2017-09-20,1.287,1.2913,-0.0033299775420119193
2017-09-21,1.287,1.2864,0.00046641791044765846
2017-09-22,1.28,1.2855,-0.004278490859587758
2017-09-25,1.277,1.272,0.003930817610062753
2017-09-26,1.269,1.2777,-0.006809110119746498
2017-09-27,1.272,1.2926,-0.015936871421940224
2017-09-28,1.285,1.2934,-0.006494510592237601
2017-09-29,1.282,1.3058,-0.01822637463623833
2017-10-09,1.304,1.326,-0.016591251885369585
2017-10-10,1.302,1.323,-0.015873015873015817
2017-10-11,1.302,1.3179,-0.01206464830412024
2017-10-12,1.304,1.3146,-0.008063289213448899
2017-10-13,1.301,1.3209,-0.015065485653721011
2017-10-16,1.304,1.3248,-0.0157004830917874
2017-10-17,1.322,1.3273,-0.003993068635575914
2017-10-18,1.323,1.3275,-0.003389830508474523
2017-10-19,1.316,1.3242,-0.006192418063736604
2017-10-20,1.316,1.3284,-0.009334537789822295
2017-10-23,1.325,1.3208,0.003179890975166577
2017-10-24,1.319,1.325,-0.00452830188679243
2017-10-25,1.318,1.3204,-0.0018176310209027102
2017-10-26,1.315,1.3163,-0.0009876168046798472
2017-10-27,1.318,1.3614,-0.031878948141618846
2017-10-30,1.348,1.3649,-0.012381859476884638
2017-10-31,1.362,1.3679,-0.004313180788069193
2017-11-01,1.37,1.3653,0.003442466857101145
2017-11-02,1.364,1.3602,0.002793706807822316
2017-11-03,1.367,1.3713,-0.003135710639539102
2017-11-06,1.37,1.3792,-0.006670533642691323
2017-11-07,1.378,1.3798,-0.0013045368894042397
2017-11-08,1.376,1.3869,-0.007859254452375897
2017-11-09,1.379,1.38,-0.0007246376811593791
2017-11-10,1.379,1.3787,0.00021759628635664718
2017-11-13,1.374,1.3814,-0.005356884320254718
2017-11-14,1.378,1.3774,0.0004356033105850088
2017-11-15,1.376,1.3669,0.006657399956105037
2017-11-16,1.375,1.3862,-0.008079642187274638
2017-11-17,1.38,1.3802,-0.00014490653528487218
2017-11-20,1.371,1.3785,-0.005440696409140466
2017-11-21,1.374,1.3963,-0.015970779918355604
2017-11-22,1.389,1.3968,-0.005584192439862523
2017-11-23,1.381,1.3968,-0.011311569301260094
2017-11-24,1.382,1.3921,-0.007255225917678354
2017-11-27,1.385,1.3922,-0.005171670736963119
2017-11-28,1.384,1.3972,-0.009447466361294121
2017-11-29,1.396,1.3726,0.01704793821943751
2017-11-30,1.378,1.3858,-0.0056285178236398226
2017-12-01,1.387,1.38,0.005072463768116098
2017-12-04,1.393,1.3632,0.02186032863849774
2017-12-05,1.36,1.3637,-0.0027132067170196894
2017-12-06,1.357,1.3708,-0.010067114093959773
2017-12-07,1.364,1.3768,-0.00929692039511909
2017-12-08,1.38,1.3835,-0.0025298156848573283
2017-12-11,1.385,1.3936,-0.006171067738231839
2017-12-12,1.395,1.3911,0.0028035367694629887
2017-12-13,1.393,1.3956,-0.001862997993694382
2017-12-14,1.395,1.3899,0.003669328728685528
2017-12-15,1.396,1.4094,-0.00950759188307082
2017-12-18,1.4,1.4213,-0.014986280166045196
2017-12-19,1.414,1.4101,0.0027657612935252374
2017-12-20,1.41,1.4069,0.0022034259719951876
2017-12-21,1.394,1.4019,-0.005635209358727411
2017-12-22,1.395,1.4001,-0.0036425969573601336
2017-12-25,1.397,1.4001,-0.00221412756231687
2017-12-26,1.398,1.3828,0.010992189759907456
2017-12-27,1.384,1.3825,0.001084990958408527
2017-12-28,1.386,1.3829,0.0022416660640682817
2017-12-29,1.386,1.369,0.01241782322863405
2018-01-02,1.397,1.3911,0.004241247933290282
2018-01-03,1.398,1.4047,-0.004769701715668928
2018-01-04,1.408,1.4103,-0.0016308586825499738
2018-01-05,1.4,1.4249,-0.01747491052003658
2018-01-08,1.417,1.4287,-0.008189262966333044
2018-01-09,1.424,1.4317,-0.005378221694489094
2018-01-10,1.433,1.4331,-6.97788012001821e-05
2018-01-11,1.433,1.4438,-0.007480260423881391
2018-01-12,1.437,1.4519,-0.010262414766857186
2018-01-15,1.449,1.4519,-0.0019973827398580557
2018-01-16,1.451,1.4343,0.011643310325594403
2018-01-17,1.445,1.4494,-0.0030357389264522583
2018-01-18,1.454,1.4506,0.0023438577140493244
2018-01-19,1.451,1.451,0.0
2018-01-22,1.447,1.4664,-0.013229678123295008
2018-01-23,1.462,1.4764,-0.009753454348415014
2018-01-24,1.476,1.4644,0.00792133296913411
2018-01-25,1.459,1.4595,-0.00034258307639600805
2018-01-26,1.465,1.4769,-0.00805741756381606
2018-01-29,1.478,1.4648,0.009011469142544914
2018-01-30,1.466,1.453,0.008947006194081064
2018-01-31,1.45,1.4579,-0.005418753000891674
2018-02-01,1.449,1.4398,0.006389776357827559
2018-02-02,1.447,1.4042,0.030479988605611963
2018-02-05,1.393,1.345,0.035687732342007505
2018-02-06,1.313,1.3865,-0.0530111792282727
2018-02-07,1.331,1.363,-0.023477622890682337
2018-02-08,1.337,1.3008,0.027829028290282887
2018-02-09,1.276,1.3326,-0.04247336034819149
2018-02-12,1.324,1.3536,-0.021867612293144045
2018-02-13,1.347,1.3654,-0.013475904496850766
2018-02-14,1.356,1.3977,-0.0298347284825069
2018-02-22,1.385,1.4201,-0.024716569255686105
2018-02-23,1.4,1.4495,-0.03414970679544682
2018-02-26,1.44,1.4682,-0.019207192480588442
2018-02-27,1.462,1.4425,0.01351819757365691
2018-02-28,1.432,1.4356,-0.0025076623014768096
2018-03-01,1.427,1.413,0.00990799716914359
2018-03-02,1.417,1.4257,-0.006102265553763031
2018-03-05,1.42,1.4436,-0.016348018841784495
2018-03-06,1.431,1.4497,-0.012899220528385102
2018-03-07,1.442,1.4514,-0.006476505443020586
2018-03-08,1.441,1.4592,-0.012472587719298267
2018-03-09,1.443,1.4942,-0.03426582786775523
2018-03-12,1.476,1.4985,-0.01501501501501501
2018-03-13,1.473,1.4766,-0.002438033319788535
2018-03-14,1.458,1.4742,-0.01098901098901095
2018-03-15,1.465,1.4714,-0.004349599021340245
2018-03-16,1.473,1.4738,-0.0005428144931468593
2018-03-19,1.466,1.4429,0.016009425462609972
2018-03-20,1.435,1.4448,-0.006782945736434121
2018-03-21,1.442,1.4407,0.000902339140695485
2018-03-22,1.444,1.3957,0.034606290750161195
2018-03-23,1.389,1.3594,0.021774312196557455
2018-03-26,1.397,1.4124,-0.010903426791277315
2018-03-27,1.406,1.3539,0.03848142403427124
2018-03-28,1.377,1.3371,0.02984070002243655
2018-03-29,1.355,1.3692,-0.010371019573473528
2018-03-30,1.362,1.3692,-0.005258545135845671
2018-04-02,1.362,1.3252,0.027769393299124756
2018-04-03,1.357,1.342,0.011177347242920854
2018-04-04,1.358,1.3675,-0.006946983546617824
2018-04-09,1.356,1.351,0.0037009622501851247
2018-04-10,1.368,1.382,-0.010130246020260358
2018-04-11,1.381,1.3711,0.007220479906644206
2018-04-12,1.38,1.3861,-0.004400836880456116
2018-04-13,1.375,1.3809,-0.004272575856325567
2018-04-16,1.376,1.3919,-0.011423234427760609
2018-04-17,1.386,1.4204,-0.02421852999155183
2018-04-18,1.4,1.4251,-0.017612799101817456
2018-04-19,1.401,1.4118,-0.007649808754781051
2018-04-20,1.391,1.3889,0.0015119879040967898
2018-04-23,1.375,1.3875,-0.009009009009009028
2018-04-24,1.388,1.3597,0.020813414723836132
2018-04-25,1.359,1.3582,0.0005890148726255262
2018-04-26,1.368,1.3952,-0.019495412844036664
2018-04-27,1.372,1.3959,-0.017121570313059498
2018-05-02,1.38,1.3976,-0.012593016599885543
2018-05-03,1.38,1.3999,-0.014215301092935229
2018-05-04,1.396,1.4239,-0.019594072617459157
2018-05-07,1.41,1.437,-0.018789144050104456
2018-05-08,1.414,1.4375,-0.01634782608695662
2018-05-09,1.425,1.4573,-0.022164276401564487
2018-05-10,1.44,1.4745,-0.02339776195320442
2018-05-11,1.465,1.467,-0.0013633265167007913
2018-05-14,1.466,1.4655,0.0003411804844761779
2018-05-15,1.472,1.4502,0.015032409322851992
2018-05-16,1.46,1.4668,-0.004635942187073971
2018-05-17,1.469,1.4584,0.007268239166209556
2018-05-18,1.466,1.4519,0.009711412631723926
2018-05-21,1.479,1.463,0.010936431989063466
2018-05-22,1.467,1.4594,0.005207619569686184
2018-05-23,1.448,1.4726,-0.016705147358413663
2018-05-24,1.458,1.4727,-0.009981666327154137
2018-05-25,1.46,1.4762,-0.010974122747595128
2018-05-28,1.48,1.4762,0.002574176940793871
2018-05-29,1.472,1.4718,0.00013588802826469681
2018-05-30,1.462,1.4877,-0.017274988236875788
2018-05-31,1.477,1.4839,-0.004649909023519028
2018-06-01,1.476,1.5087,-0.02167428912308611
2018-06-04,1.511,1.5253,-0.009375204877729137
2018-06-05,1.525,1.5296,-0.0030073221757322965
2018-06-06,1.536,1.5365,-0.00032541490400261885
2018-06-07,1.54,1.5206,0.012758121794028687
2018-06-08,1.52,1.5221,-0.0013796728204453768
2018-06-11,1.533,1.5261,0.0045213288775309834
2018-06-12,1.535,1.5364,-0.0009112210361885698
2018-06-13,1.546,1.5364,0.006248372819578352
2018-06-14,1.544,1.5491,-0.0032922342005033967
2018-06-15,1.58,1.5515,0.01836932001289071
2018-06-19,1.535,1.5428,-0.005055742805289087
2018-06-20,1.554,1.5634,-0.006012536778815303
2018-06-21,1.584,1.551,0.021276595744680993
2018-06-22,1.577,1.5487,0.01827339058565247
2018-06-25,1.575,1.5137,0.04049679593050137
2018-06-26,1.538,1.5273,0.007005827276893806
2018-06-27,1.538,1.5127,0.016725061148939124
2018-06-28,1.531,1.5362,-0.0033849759145945235
2018-06-29,1.565,1.5432,0.014126490409538617
2018-07-02,1.555,1.5555,-0.00032144005143053267
2018-07-03,1.571,1.5431,0.018080487330697892
2018-07-04,1.572,1.5431,0.01872853347158321
2018-07-05,1.57,1.5569,0.008414156336309375
2018-07-06,1.59,1.5857,0.002711736141767007
2018-07-09,1.607,1.6012,0.0036222832875343336
2018-07-10,1.622,1.5991,0.014320555312363314
2018-07-11,1.632,1.5906,0.02602791399471882
2018-07-12,1.637,1.627,0.006146281499692652
2018-07-13,1.651,1.6289,0.013567438148443633
2018-07-16,1.663,1.6246,0.023636587467684267
2018-07-17,1.625,1.6374,-0.007572981556125513
2018-07-18,1.638,1.6361,0.001161298209155781
2018-07-19,1.64,1.6315,0.00520992951271837
2018-07-20,1.64,1.6455,-0.0033424491036159187
2018-07-23,1.627,1.6489,-0.013281581660500974
2018-07-24,1.654,1.6631,-0.005471709458240714
2018-07-25,1.652,1.6887,-0.02173269378812115
2018-07-26,1.668,1.656,0.007246376811594235
2018-07-27,1.68,1.6394,0.024765157984628416
2018-07-30,1.649,1.6201,0.01783840503672618
2018-07-31,1.619,1.6284,-0.005772537460083549
2018-08-01,1.633,1.6404,-0.004511094854913522
2018-08-02,1.636,1.6538,-0.010763091063006436
2018-08-03,1.68,1.6676,0.007435835931878021
2018-08-06,1.692,1.6816,0.006184586108468171
2018-08-07,1.699,1.6855,0.008009492732127033
2018-08-08,1.686,1.6834,0.0015444932873944772
2018-08-09,1.675,1.6832,-0.004871673003802313
2018-08-10,1.676,1.6723,0.0022125216767325817
2018-08-13,1.666,1.6751,-0.005432511491851311
2018-08-14,1.675,1.6879,-0.007642632857396747
2018-08-15,1.692,1.6695,0.013477088948786964
2018-08-16,1.678,1.6763,0.0010141382807373756
2018-08-17,1.695,1.6755,0.011638316920322245
2018-08-20,1.687,1.6697,0.010361142720249239
2018-08-21,1.675,1.6668,0.004919606431485368
2018-08-22,1.67,1.6722,-0.0013156321014232697
2018-08-23,1.676,1.6719,0.0024522997786948775
2018-08-24,1.677,1.6979,-0.012309323281700868
2018-08-27,1.681,1.7109,-0.017476182126366258
2018-08-28,1.703,1.7025,0.00029368575624100224
2018-08-29,1.709,1.7251,-0.009332792301895543
2018-08-30,1.733,1.7222,0.006271048658692546
2018-08-31,1.73,1.7282,0.001041546117347636
2018-09-03,1.736,1.7282,0.004513366508505978
2018-09-04,1.743,1.7192,0.013843648208469173
2018-09-05,1.738,1.6956,0.025005897617362605
2018-09-06,1.698,1.6767,0.012703524780819375
2018-09-07,1.679,1.671,0.004787552363854086
2018-09-10,1.685,1.6786,0.0038127010604074307
2018-09-11,1.702,1.6948,0.004248288883643925
2018-09-12,1.715,1.6911,0.014132812961977326
2018-09-13,1.697,1.7066,-0.005625219735145848
2018-09-14,1.71,1.6997,0.006059892922280374
2018-09-17,1.709,1.6772,0.01896017171476272
2018-09-18,1.689,1.6922,-0.00189102942914543
2018-09-19,1.695,1.6917,0.0019507004788084092
2018-09-20,1.693,1.7086,-0.009130282102305931
2018-09-21,1.704,1.6953,0.0051318350734383955
2018-09-25,1.701,1.7051,-0.002404551052724191
2018-09-26,1.706,1.7077,-0.0009954910113018078
2018-09-27,1.704,1.7247,-0.012002087319533783
2018-09-28,1.727,1.7274,-0.00023156188491368912
2018-10-08,1.677,1.6686,0.00503416037396609
2018-10-09,1.681,1.6739,0.004241591492920804
2018-10-10,1.682,1.6005,0.05092158700406113
2018-10-11,1.578,1.5856,-0.004793138244197692
2018-10-12,1.609,1.6286,-0.012034876581112686
2018-10-15,1.605,1.6084,-0.002113902014424296
2018-10-16,1.606,1.6568,-0.030661516175760517
2018-10-17,1.666,1.6553,0.00646408506010987
2018-10-18,1.646,1.6198,0.016174836399555526
2018-10-19,1.629,1.619,0.0061766522544781655
2018-10-22,1.618,1.6242,-0.0038172638837581374
2018-10-23,1.601,1.621,-0.012338062924120874
2018-10-24,1.608,1.5432,0.04199066874028001
2018-10-25,1.554,1.5943,-0.025277551276422283
2018-10-26,1.556,1.5619,-0.003777450541007754
2018-10-29,1.556,1.5249,0.02039477998557282
2018-10-30,1.537,1.5512,-0.009154203197524469
2018-10-31,1.551,1.5906,-0.024896265560165998
2018-11-01,1.574,1.6155,-0.025688641287527014
2018-11-02,1.597,1.5846,0.007825318692414429
2018-11-05,1.573,1.5684,0.002932925274164777
2018-11-06,1.57,1.5828,-0.008086934546373437
2018-11-07,1.58,1.6317,-0.031684745970460115
2018-11-08,1.615,1.624,-0.005541871921182384
2018-11-09,1.613,1.5992,0.008629314657328635
2018-11-12,1.605,1.5541,0.03275207515603884
2018-11-13,1.558,1.5579,6.418897233451126e-05
2018-11-14,1.555,1.5388,0.010527683909539842
2018-11-15,1.542,1.5676,-0.016330696606277173
2018-11-16,1.547,1.5616,-0.009349385245901787
2018-11-19,1.551,1.5065,0.029538665781613016
2018-11-20,1.5,1.4801,0.013445037497466394
2018-11-21,1.487,1.4949,-0.005284634423707191
2018-11-22,1.483,1.4949,-0.007960398688875325
2018-11-23,1.473,1.4806,-0.005133054167229423
2018-11-26,1.485,1.5182,-0.021868001580819363
2018-11-27,1.5,1.5241,-0.01581261072108131
2018-11-28,1.523,1.5737,-0.032217068056173415
2018-11-29,1.549,1.5661,-0.010918842985760846
2018-11-30,1.555,1.5782,-0.014700291471296478
2018-12-03,1.6,1.607,-0.00435594275046669
2018-12-04,1.565,1.5335,0.020541245516791484
2018-12-05,1.53,1.5335,-0.0022823606129769303
2018-12-06,1.505,1.5358,-0.020054694621695623
2018-12-07,1.529,1.4854,0.029352362999865322
2018-12-10,1.479,1.5032,-0.01609898882384242
2018-12-11,1.501,1.5142,-0.008717474574032602
2018-12-12,1.518,1.5295,-0.007518796992481258
2018-12-13,1.528,1.5232,0.0031512605042016695
2018-12-14,1.513,1.4838,0.019679202048793476
2018-12-17,1.492,1.4535,0.026487788097695253
2018-12-18,1.463,1.4617,0.00088937538482603
2018-12-19,1.464,1.4283,0.02499474900231058
2018-12-20,1.418,1.4076,0.007388462631429338
2018-12-21,1.414,1.3625,0.03779816513761469
2018-12-24,1.372,1.3326,0.02956626144379415
2018-12-25,1.326,1.3326,-0.004952723998199016
2018-12-26,1.324,1.415,-0.06431095406360421
2018-12-27,1.394,1.4217,-0.01948371667721749
2018-12-28,1.407,1.4148,-0.005513146734520746
2019-01-02,1.397,1.4292,-0.022530086761824775
2019-01-03,1.387,1.3832,0.0027472527472527375
2019-01-04,1.388,1.4444,-0.039047355303240106
2019-01-07,1.43,1.4572,-0.018665934669228723
2019-01-08,1.451,1.4691,-0.012320468313933741
2019-01-09,1.464,1.4838,-0.013344116457743693
2019-01-10,1.45,1.4802,-0.02040264829077154
2019-01-11,1.459,1.4701,-0.007550506768246978
2019-01-14,1.446,1.4484,-0.001657000828500399
2019-01-15,1.455,1.4768,-0.014761646803900241
2019-01-16,1.473,1.4781,-0.0034503754820376376
2019-01-17,1.463,1.4881,-0.016867146025132618
2019-01-18,1.486,1.5043,-0.012165126636974
2019-01-21,1.494,1.5043,-0.006847038489662949
2019-01-22,1.485,1.477,0.005416384563303955
2019-01-23,1.472,1.482,-0.006747638326585648
2019-01-24,1.472,1.4868,-0.00995426419155232
2019-01-25,1.48,1.5099,-0.019802635936154722
2019-01-28,1.479,1.479,0.0
2019-01-29,1.465,1.4615,0.0023947998631543843
2019-01-30,1.463,1.5011,-0.025381386982879284
2019-01-31,1.496,1.5151,-0.012606428618572973
2019-02-01,1.519,1.5082,0.007160853998143368
2019-02-11,1.52,1.5246,-0.0030171848353666153
2019-02-12,1.524,1.554,-0.019305019305019266
2019-02-13,1.544,1.552,-0.005154639175257714
2019-02-14,1.54,1.5558,-0.010155546985473718
2019-02-15,1.527,1.5595,-0.020840012824623444
2019-02-18,1.549,1.5595,-0.006732927220262974
2019-02-19,1.549,1.5621,-0.008386146853594623
2019-02-20,1.544,1.5596,-0.01000256476019501
2019-02-21,1.542,1.5454,-0.002200077649799459
2019-02-22,1.536,1.5562,-0.012980336717645535
2019-02-25,1.553,1.5614,-0.005379787370308642
2019-02-26,1.541,1.5589,-0.01148245557765093
2019-02-27,1.541,1.5557,-0.009449122581474678
2019-02-28,1.536,1.5519,-0.01024550550937564
2019-03-01,1.551,1.5655,-0.009262216544235091
2019-03-04,1.557,1.5679,-0.006951973977932346
2019-03-05,1.544,1.5678,-0.015180507717821201
2019-03-06,1.545,1.5594,-0.009234320892650971
2019-03-07,1.533,1.5414,-0.005449591280654031
2019-03-08,1.504,1.5424,-0.024896265560165998
2019-03-11,1.521,1.5741,-0.03373356203544897
2019-03-12,1.554,1.581,-0.017077798861479976
2019-03-13,1.56,1.5932,-0.020838563896560358
2019-03-14,1.578,1.586,-0.0050441361916772065
2019-03-15,1.581,1.6049,-0.014891893575923798
2019-03-18,1.592,1.6067,-0.009149187776187229
2019-03-19,1.596,1.6105,-0.009003415088481792
2019-03-20,1.596,1.6191,-0.014267185473411104
2019-03-21,1.603,1.6368,-0.02065004887585531
2019-03-22,1.63,1.6014,0.01785937304858254
2019-03-25,1.578,1.6023,-0.015165699307245872
2019-03-26,1.587,1.6081,-0.013121074560039858
2019-03-27,1.602,1.6008,0.0007496251874063997
2019-03-28,1.59,1.6059,-0.00990099009900991
2019-03-29,1.601,1.6203,-0.011911374436832767
2019-04-01,1.624,1.6386,-0.008910045160502866
2019-04-02,1.633,1.6428,-0.005965424884343817
2019-04-03,1.635,1.6535,-0.011188388267311722
2019-04-04,1.643,1.6493,-0.003819802340386813
2019-04-08,1.642,1.6657,-0.014228252386384144
2019-04-09,1.644,1.6577,-0.008264462809917328
2019-04-10,1.637,1.6664,-0.017642822851656303
2019-04-11,1.656,1.6614,-0.00325027085590468
2019-04-12,1.652,1.6737,-0.012965286491008032
2019-04-15,1.651,1.6704,-0.011613984674329503
2019-04-16,1.655,1.6757,-0.012353046488034813
2019-04-17,1.656,1.6805,-0.01457899434692067
2019-04-18,1.655,1.6782,-0.01382433559766405
2019-04-19,1.661,1.6813,-0.012073990364598775
2019-04-22,1.661,1.6864,-0.015061669829221969
2019-04-23,1.668,1.7102,-0.02467547655245006
2019-04-24,1.696,1.7083,-0.007200140490546181
2019-04-25,1.705,1.7167,-0.006815401642686458
2019-04-26,1.723,1.7202,0.001627717707243459
2019-04-29,1.74,1.7215,0.010746442056346117
2019-04-30,1.732,1.7078,0.014170277550064503
2019-05-06,1.682,1.7109,-0.016891694429832294
2019-05-07,1.703,1.6842,0.011162569766061115
2019-05-08,1.672,1.6786,-0.003931847968545288
2019-05-09,1.666,1.6704,-0.002634099616858343
2019-05-10,1.672,1.6763,-0.00256517329833561
2019-05-13,1.658,1.6158,0.026117093699715266
2019-05-14,1.616,1.6407,-0.015054549887243196
2019-05-15,1.638,1.6693,-0.018750374408434745
2019-05-16,1.649,1.6868,-0.02240929570784922
2019-05-17,1.669,1.6718,-0.0016748414882162832
2019-05-20,1.659,1.6445,0.008817269686834939
2019-05-21,1.645,1.6621,-0.010288189639612422
2019-05-22,1.651,1.6539,-0.0017534312836325894
2019-05-23,1.626,1.6263,-0.00018446781036718374
2019-05-24,1.621,1.6254,-0.002707025962839893
2019-05-27,1.62,1.623,-0.001848428835489746
2019-05-28,1.617,1.6187,-0.0010502254895904395
2019-05-29,1.602,1.602,0.0
2019-05-30,1.592,1.6101,-0.011241537792683665
2019-05-31,1.579,1.5791,-6.332721170287936e-05
2019-06-03,1.552,1.5367,0.0099564000780894
2019-06-04,1.538,1.584,-0.02904040404040409
2019-06-05,1.576,1.5991,-0.01444562566443619
2019-06-06,1.582,1.6141,-0.01988724366520045
2019-06-10,1.636,1.6733,-0.02229128070280295
2019-06-11,1.644,1.6761,-0.01915160193305887
2019-06-12,1.641,1.6655,-0.01471029720804562
2019-06-13,1.644,1.6762,-0.019210118124328823
2019-06-14,1.653,1.6681,-0.00905221509501819
2019-06-17,1.654,1.6801,-0.015534789595857412
2019-06-18,1.665,1.7062,-0.02414722775758993
2019-06-19,1.687,1.712,-0.014602803738317682
2019-06-20,1.704,1.7265,-0.013032145960034769
2019-06-21,1.7,1.7156,-0.009093028678013537
2019-06-24,1.708,1.7146,-0.0038492942960456356
2019-06-25,1.688,1.6836,0.0026134473746732834
2019-06-26,1.668,1.6956,-0.016277423920736056
2019-06-27,1.683,1.7045,-0.012613669697858487
2019-06-28,1.672,1.7062,-0.020044543429844075
2019-07-01,1.729,1.7259,0.001796164320065019
2019-07-02,1.712,1.7285,-0.00954584900202482
2019-07-03,1.71,1.7442,-0.019607843137254943
2019-07-04,1.719,1.7456,-0.015238313473877163
2019-07-05,1.726,1.7416,-0.008957280661460731
2019-07-08,1.714,1.7329,-0.010906572797045544
2019-07-09,1.696,1.7415,-0.02612690209589441
2019-07-10,1.716,1.7584,-0.024112829845313932
2019-07-11,1.734,1.7525,-0.010556348074179711
2019-07-12,1.73,1.7627,-0.018551086401543015
2019-07-15,1.745,1.7675,-0.012729844413012725
2019-07-16,1.755,1.7593,-0.00244415392485664
2019-07-17,1.746,1.7528,-0.0038795070743952165
2019-07-18,1.73,1.7555,-0.01452577613215611
2019-07-19,1.744,1.7385,0.0031636468219728986
2019-07-22,1.734,1.7576,-0.013427401001365524
2019-07-23,1.743,1.7699,-0.015198598790892137
2019-07-24,1.749,1.7824,-0.018738779174147124
2019-07-25,1.765,1.762,0.0017026106696935717
2019-07-26,1.761,1.782,-0.011784511784511897
2019-07-29,1.77,1.7763,-0.003546698192872788
2019-07-30,1.769,1.7691,-5.652591713301014e-05
2019-07-31,1.756,1.7475,0.004864091559370509
2019-08-01,1.738,1.7392,-0.000689972401104022
2019-08-02,1.738,1.7168,0.012348555452003751
2019-08-05,1.723,1.6607,0.03751430119828991
2019-08-06,1.675,1.6951,-0.011857707509881465
2019-08-07,1.694,1.7083,-0.00837089504185451
2019-08-08,1.708,1.7471,-0.022379943907046007
2019-08-09,1.74,1.7329,0.004097178140688884
2019-08-12,1.764,1.7155,0.028271640921014196
2019-08-13,1.705,1.7559,-0.028987983370351356
2019-08-14,1.745,1.7023,0.02508371027433487
2019-08-15,1.715,1.6994,0.009179710486054038
2019-08-16,1.717,1.7265,-0.0055024616275701765
2019-08-19,1.74,1.7532,-0.007529089664613298
2019-08-20,1.75,1.7432,0.003900871959614527
2019-08-21,1.744,1.758,-0.007963594994311762
2019-08-22,1.758,1.7528,0.00296668188041993
2019-08-23,1.757,1.7008,0.03304327375352756
2019-08-26,1.716,1.7238,-0.004524886877828038
2019-08-27,1.731,1.7265,0.0026064291920071536
2019-08-28,1.726,1.7322,-0.0035792633645075345
2019-08-29,1.721,1.7585,-0.021324992891669003
2019-08-30,1.756,1.7561,-5.694436535508274e-05
2019-09-02,1.751,1.7556,-0.0026201868307131893
2019-09-03,1.748,1.7369,0.006390696067706703
2019-09-04,1.767,1.7611,0.0033501788654817233
2019-09-05,1.771,1.7932,-0.012380102609859445
2019-09-06,1.789,1.7904,-0.0007819481680071405
2019-09-09,1.798,1.7859,0.006775295369281675
2019-09-10,1.778,1.7823,-0.002412612915895229
2019-09-11,1.775,1.7992,-0.013450422409959972
2019-09-12,1.792,1.8054,-0.007422177910712202
2019-09-16,1.774,1.7856,-0.006496415770609332
2019-09-17,1.77,1.7948,-0.013817695564965371
2019-09-18,1.78,1.795,-0.00835654596100277
2019-09-19,1.778,1.7974,-0.010793368198508957
2019-09-20,1.782,1.7797,0.0012923526437040866
2019-09-23,1.772,1.778,-0.003374578177727794
2019-09-24,1.773,1.7534,0.011178282194593159
2019-09-25,1.752,1.7744,-0.012623985572587926
2019-09-26,1.759,1.7663,-0.004132933250297288
2019-09-27,1.758,1.7462,0.00675753063795681
2019-09-30,1.744,1.7608,-0.009541117673784627
2019-10-08,1.746,1.7271,0.010943199583116181
2019-10-09,1.729,1.7463,-0.009906659794995054
2019-10-10,1.733,1.7575,-0.013940256045519184
2019-10-11,1.746,1.7807,-0.019486718706126727
2019-10-14,1.766,1.7793,-0.0074748496599786884
2019-10-15,1.776,1.8019,-0.014373716632443578
2019-10-16,1.784,1.7976,-0.007565643079661788
2019-10-17,1.781,1.8034,-0.01242098258844404
2019-10-18,1.777,1.7841,-0.003979597556190817
2019-10-21,1.772,1.7992,-0.015117830146731848
2019-10-22,1.784,1.7846,-0.0003362097949120013
2019-10-23,1.77,1.7906,-0.011504523623366403
2019-10-24,1.776,1.8054,-0.016284479893652337
2019-10-25,1.783,1.8208,-0.020760105448154653
2019-10-28,1.794,1.839,-0.02446982055464919
2019-10-29,1.811,1.8203,-0.005109047959127699
2019-10-30,1.806,1.8269,-0.011440144507088412
2019-10-31,1.815,1.826,-0.006024096385542244
2019-11-01,1.817,1.8412,-0.013143601998696464
2019-11-04,1.832,1.8512,-0.010371650821088929
2019-11-05,1.838,1.8512,-0.007130509939498597
2019-11-06,1.826,1.8399,-0.0075547584107832355
2019-11-07,1.824,1.844,-0.010845986984815648
2019-11-08,1.823,1.8511,-0.01518016314623738
2019-11-11,1.825,1.847,-0.011911207363291876
2019-11-12,1.83,1.8536,-0.012731981009926563
2019-11-13,1.837,1.8539,-0.009115917794918937
2019-11-14,1.846,1.854,-0.004314994606256728
2019-11-15,1.851,1.8672,-0.008676092544987135
2019-11-18,1.86,1.868,-0.004282655246252709
2019-11-19,1.871,1.8692,0.0009629788144660534
2019-11-20,1.866,1.8597,0.0033876431682531294
2019-11-21,1.856,1.8588,-0.001506348181622541
2019-11-22,1.863,1.8626,0.00021475357027811448
2019-11-25,1.872,1.8869,-0.007896549896655891
2019-11-26,1.889,1.8881,0.00047666966792014875
2019-11-27,1.9,1.9011,-0.0005786123823050549
2019-11-28,1.951,1.8988,0.02749104697703819
2019-11-29,1.954,1.8902,0.033753042006136935
2019-12-02,1.999,1.8675,0.07041499330655965
2019-12-03,1.896,1.8552,0.02199223803363526
2019-12-04,1.873,1.8675,0.0029451137884872747
2019-12-05,1.875,1.8737,0.0006938143779686712
2019-12-06,1.871,1.8889,-0.009476414844618586
2019-12-09,1.885,1.8807,0.002286382729834724
2019-12-10,1.876,1.8793,-0.0017559729686585923
2019-12-11,1.874,1.8892,-0.0080457336438704
2019-12-12,1.886,1.8994,-0.007054859429293514
2019-12-13,1.902,1.9017,0.00015775358889413837
2019-12-16,1.91,1.9133,-0.0017247687241938037
2019-12-17,1.928,1.9156,0.006473167675923985
2019-12-18,1.915,1.9165,-0.0007826767545003888
2019-12-19,1.91,1.9306,-0.010670257950896156
2019-12-20,1.926,1.9378,-0.006089379708948295
2019-12-23,1.936,1.9449,-0.004576070749138794
2019-12-24,1.949,1.945,0.0020565552699229883
2019-12-25,1.943,1.9434,-0.000205824843058533
2019-12-26,1.948,1.9552,-0.0036824877250409838
2019-12-27,1.966,1.9551,0.005575162395785371
2019-12-30,1.966,1.9397,0.01355879775222979
2019-12-31,1.956,1.9435,0.006431695394906178
2020-01-02,1.975,1.9717,0.0016736826089160939
2020-01-03,1.984,1.9551,0.014781852590660227
2020-01-06,1.96,1.9671,-0.0036093742056835243
2020-01-07,1.98,1.9662,0.007018614586512095
2020-01-08,1.956,1.9741,-0.00916873511980143
2020-01-09,1.991,1.9923,-0.0006525121718615745
2020-01-10,2.02,1.9834,0.01845316123827767
2020-01-13,2.009,2.0012,0.003897661403158059
2020-01-14,2.017,1.9862,0.015506998288188578
2020-01-15,2.004,1.9821,0.011048887543514407
2020-01-16,2.0,1.9986,0.0007004903432403786
2020-01-17,2.037,2.01,0.013432835820895495
2020-01-20,2.042,2.0038,0.01906377882024146
2020-01-21,2.014,2.0021,0.0059437590529942685
2020-01-22,2.027,2.0111,0.007906121028293134
2020-01-23,2.021,2.0186,0.0011889428316653738
2020-02-03,1.976,2.0079,-0.01588724538074593
2020-02-04,2.046,2.0686,-0.010925263463211876
2020-02-05,2.08,2.0771,0.0013961773626689489
2020-02-06,2.119,2.0992,0.009432164634146423
2020-02-07,2.168,2.0842,0.04020727377410993
2020-02-10,2.202,2.112,0.04261363636363624
2020-02-11,2.256,2.112,0.06818181818181812
2020-02-12,2.302,2.128,0.08176691729323315
2020-02-13,2.415,2.1257,0.13609634473349952
2020-02-14,2.269,2.1331,0.0637100932914536
2020-02-17,2.285,2.1316,0.07196472133608545
2020-02-18,2.233,2.1339,0.04644078916537797
2020-02-19,2.207,2.1589,0.02227986474593524
2020-02-20,2.236,2.139,0.045348293595138145
2020-02-21,2.186,2.1043,0.0388252625576202
2020-02-24,2.1,2.0238,0.03765194189149135
2020-02-25,2.13,1.9701,0.08116339272118167
2020-02-26,2.075,1.9754,0.050420168067226934
2020-02-27,2.074,1.8817,0.10219482382951584
2020-02-28,1.984,1.8883,0.050680506275485815
2020-03-02,2.052,1.9728,0.04014598540145986
2020-03-03,2.029,1.902,0.06677181913774977
2020-03-04,2.007,1.9797,0.013789968176996625
2020-03-05,2.0,1.9153,0.044222837153448546
2020-03-06,1.949,1.8811,0.03609590133432561
2020-03-09,1.829,1.7519,0.044009361264912394
2020-03-10,1.894,1.8482,0.02478086787144229
2020-03-11,1.841,1.7736,0.03800180423996391
2020-03-12,1.791,1.609,0.11311373523927903
2020-03-13,1.765,1.7831,-0.010150860860299482
2020-03-16,1.699,1.5611,0.08833514829287048
2020-03-17,1.711,1.6603,0.030536650003011534
2020-03-18,1.664,1.6064,0.03585657370517925
2020-03-19,1.673,1.633,0.024494794856093183
2020-03-20,1.774,1.5777,0.12442162641820365
2020-03-23,1.695,1.5782,0.07400836395894062
2020-03-24,1.796,1.6984,0.057465850211964264
2020-03-25,1.88,1.6754,0.12212009072460295
2020-03-26,1.816,1.7638,0.029595192198661913
2020-03-27,1.802,1.6939,0.06381722651868471
2020-03-30,1.764,1.7554,0.004899168280733779
2020-03-31,1.79,1.7508,0.022389764679003887
2020-04-01,1.761,1.6766,0.05033997375641164
2020-04-02,1.792,1.7156,0.044532525064117534
2020-04-03,1.765,1.6945,0.04160519327235179
2020-04-07,1.848,1.8039,0.024447031431897637
2020-04-08,1.834,1.8316,0.0013103297663246138
2020-04-09,1.859,1.8348,0.01318944844124692
2020-04-10,1.832,1.8302,0.000983499071139704
2020-04-13,1.814,1.8491,-0.018982207560434783
2020-04-14,1.872,1.9269,-0.0284913591779542
2020-04-15,1.926,1.9061,0.010440165783537125
2020-04-16,1.935,1.9485,-0.006928406466512604
2020-04-17,1.997,1.9636,0.01700957425137517
2020-04-20,1.971,1.9395,0.016241299303944468
2020-04-21,1.951,1.8742,0.040977483726389874
2020-04-22,1.942,1.9324,0.0049679155454358526
2020-04-23,1.962,1.9268,0.0182686319285863
2020-04-24,1.951,1.9557,-0.002403231579485521
2020-04-27,2.017,1.964,0.026985743380855354
2020-04-28,2.038,1.9304,0.05573974305843343
2020-04-29,2.097,1.9948,0.05123320633647488
2020-04-30,2.166,1.9952,0.08560545308740974
2020-05-06,2.156,1.9943,0.08108108108108114
2020-05-07,2.133,2.0255,0.05307331523080716
2020-05-08,2.135,2.0477,0.04263319822239575
2020-05-11,2.12,2.0632,0.02753005040713452
2020-05-12,2.09,2.0272,0.03097868981846874
2020-05-13,2.06,2.0021,0.028919634383896886
2020-05-14,2.021,2.0237,-0.0013341898502742255
2020-05-15,2.041,2.0351,0.0028991204363422174
2020-05-18,2.056,2.0762,-0.009729313168288178
2020-05-19,2.094,2.0656,0.013749031758326868
2020-05-20,2.076,2.1074,-0.014899876625225406
2020-05-21,2.095,2.0821,0.00619566783535852
2020-05-22,2.054,2.0909,-0.01764790281696882
2020-05-25,2.109,2.0987,0.00490780006670799
2020-05-26,2.149,2.0965,0.025041736227045197
2020-05-27,2.119,2.1022,0.007991627818475955
2020-05-28,2.102,2.1023,-0.0001427008514485184
2020-05-29,2.092,2.1324,-0.018945788782592343
2020-06-01,2.121,2.1412,-0.009433962264150941
2020-06-02,2.127,2.1492,-0.010329424902289275
2020-06-03,2.141,2.1561,-0.007003385742776258
2020-06-04,2.138,2.1389,-0.00042077703492460206
2020-06-05,2.138,2.1794,-0.018996053959805415
2020-06-08,2.167,2.193,-0.011855905152758917
2020-06-09,2.183,2.2023,-0.008763565363483772
2020-06-10,2.212,2.2291,-0.00767125745816688
2020-06-11,2.191,2.1172,0.034857358775741476
2020-06-12,2.131,2.1409,-0.0046242234574244145
2020-06-15,2.078,2.1654,-0.04036205781841695
2020-06-16,2.173,2.1984,-0.0115538573508005
2020-06-17,2.204,2.209,-0.002263467632412808
2020-06-18,2.2,2.216,-0.0072202166064981865
2020-06-19,2.214,2.2154,-0.0006319400559717803
2020-06-22,2.203,2.2399,-0.016473949729898685
2020-06-23,2.225,2.2511,-0.011594331660077284
2020-06-24,2.241,2.2023,0.017572537801389343
2020-06-29,2.169,2.201,-0.014538845979100379
2020-06-30,2.188,2.2432,-0.024607703281027016
2020-07-01,2.217,2.2669,-0.022012439895893077
2020-07-02,2.255,2.2761,-0.009270242959448227
2020-07-03,2.267,2.2784,-0.005003511235955105
2020-07-06,2.279,2.3364,-0.02456771100838895
2020-07-07,2.29,2.307,-0.007368877329865575
2020-07-08,2.289,2.3345,-0.019490254872563617
2020-07-09,2.311,2.349,-0.01617709663686684
2020-07-10,2.309,2.3618,-0.022355830298924517
2020-07-13,2.353,2.312,0.017733564013840963
2020-07-14,2.319,2.3315,-0.005361355350632757
2020-07-15,2.325,2.3339,-0.003813359612665379
2020-07-16,2.12,2.3148,-0.0841541385864869
2020-07-17,2.308,2.3232,-0.006542699724517931
2020-07-20,2.296,2.3858,-0.0376393662503145
2020-07-21,2.397,2.3581,0.01649633179254484
2020-07-22,2.363,2.3607,0.0009742872876687958
2020-07-23,2.37,2.3057,0.027887409463503543
2020-07-24,2.29,2.2854,0.0020127767568041133
2020-07-27,2.3,2.3288,-0.012366884232222763
2020-07-28,2.33,2.2939,0.015737390470378143
2020-07-29,2.32,2.3251,-0.0021934540449873863
2020-07-30,2.311,2.3347,-0.010151197155951586
2020-07-31,2.359,2.3744,-0.006485849056603765
2020-08-03,2.37,2.4106,-0.016842279930307846
2020-08-04,2.396,2.4129,-0.007004020058850369
2020-08-05,2.399,2.4174,-0.007611483411930298
2020-08-06,2.386,2.4377,-0.021208516224309748
2020-08-07,2.413,2.4094,0.0014941479206440622
2020-08-10,2.403,2.4069,-0.001620341518135282
2020-08-11,2.399,2.3638,0.014891276757762917
2020-08-12,2.37,2.42,-0.02066115702479332
2020-08-13,2.412,2.4194,-0.0030586095726213847
2020-08-14,2.428,2.4155,0.0051749120264954485
2020-08-17,2.424,2.4394,-0.006313027793719783
2020-08-18,2.43,2.4621,-0.013037650785914345
2020-08-19,2.452,2.4403,0.004794492480432622
2020-08-20,2.443,2.4783,-0.014243634749626755
2020-08-21,2.493,2.4899,0.0012450299208803806
2020-08-24,2.56,2.5087,0.02044883804360831
2020-08-25,2.637,2.5278,0.04319962022311885
2020-08-26,2.59,2.5767,0.005161640858462269
2020-08-27,2.685,2.5612,0.04833671716382959
2020-08-28,2.712,2.5749,0.05324478620528961
2020-08-31,2.765,2.5887,0.06810368138447886
2020-09-01,2.822,2.6236,0.07562128373227628
2020-09-02,2.976,2.6454,0.12497164889997725
2020-09-03,3.138,2.5071,0.25164532727055167
2020-09-04,2.824,2.4766,0.14027295485746594
2020-09-07,2.629,2.4773,0.061236023089654035
2020-09-08,2.781,2.3604,0.17819013726487043
2020-09-09,2.649,2.4313,0.0895405750010283
2020-09-10,2.706,2.3771,0.13836186950485896
2020-09-11,2.643,2.3633,0.11835145770744271
2020-09-14,2.7,2.4026,0.12378256888370931
2020-09-15,2.729,2.4324,0.12193718138464082
2020-09-16,2.717,2.3787,0.1422205406314374
2020-09-17,2.611,2.3387,0.1164322059263696
2020-09-18,2.634,2.3052,0.14263404476834962
2020-09-21,2.585,2.3152,0.11653420870767106
2020-09-22,2.528,2.3663,0.06833453070193984
2020-09-23,2.538,2.2952,0.10578598814918094
2020-09-24,2.444,2.31,0.058008658008658065
2020-09-25,2.415,2.3663,0.020580653340658506
2020-09-28,2.512,2.4164,0.03956298626055288
2020-09-29,2.571,2.4048,0.06911177644710587
2020-09-30,2.604,2.4215,0.07536650836258518
2020-10-09,2.684,2.476,0.08400646203554119
2020-10-12,2.719,2.5298,0.0747885208316863
2020-10-13,2.728,2.5337,0.07668626909263132
2020-10-14,2.71,2.5191,0.0757810329085784
2020-10-15,2.62,2.4976,0.049007046764894424
2020-10-16,2.629,2.4854,0.057777420133580115
2020-10-19,2.667,2.4293,0.09784711645329924
2020-10-20,2.622,2.4348,0.07688516510596344
2020-10-21,2.607,2.4279,0.07376745335475099
2020-10-22,2.53,2.4186,0.046059703960969145
2020-10-23,2.515,2.4298,0.03506461437155317
2020-10-26,2.488,2.392,0.04013377926421402
2020-10-27,2.512,2.4203,0.037887865140685095
2020-10-28,2.484,2.33,0.06609442060085824
2020-10-29,2.457,2.3754,0.0343521091184642
2020-10-30,2.397,2.3136,0.03604771784232352
2020-11-02,2.405,2.3128,0.039865098581805425
2020-11-03,2.457,2.3498,0.04562090390671525
2020-11-04,2.566,2.4478,0.04828825884467669
2020-11-05,2.558,2.5167,0.016410378670481007
2020-11-06,2.547,2.4969,0.020064880451760247
2020-11-09,2.603,2.4384,0.06750328083989499
2020-11-10,2.489,2.3882,0.04220752030818198
2020-11-11,2.449,2.4478,0.0004902361304026659
2020-11-12,2.453,2.439,0.005740057400573928
2020-11-13,2.462,2.4626,-0.00024364492812467553
2020-11-16,2.479,2.4695,0.0038469325774448393
2020-11-17,2.464,2.4525,0.00468909276248719
2020-11-18,2.439,2.4302,0.0036211011439386542
2020-11-19,2.44,2.4438,-0.0015549553973320807
2020-11-20,2.464,2.4381,0.010623026126902024
2020-11-23,2.446,2.4348,0.004599967143091854
2020-11-24,2.453,2.4728,-0.008007117437722422
2020-11-25,2.482,2.4852,-0.0012876227265409268
2020-11-26,2.491,2.4862,0.0019306572278978695
2020-11-27,2.489,2.5057,-0.006664804246318434
2020-11-30,2.489,2.5084,-0.0077340137139212395
2020-12-01,2.521,2.551,-0.011760094080752737
2020-12-02,2.529,2.54,-0.004330708661417382
2020-12-03,2.54,2.5411,-0.00043288339695413125
2020-12-04,2.534,2.5498,-0.006196564436426355
2020-12-07,2.532,2.5576,-0.010009383797309868
2020-12-08,2.543,2.5633,-0.007919478796863277
2020-12-09,2.563,2.5084,0.021766863339180542
2020-12-10,2.498,2.522,-0.009516256938937206
2020-12-11,2.503,2.5139,-0.004335892438044442
2020-12-14,2.509,2.5296,-0.008143580012650253
2020-12-15,2.525,2.56,-0.013671875
2020-12-16,2.558,2.5712,-0.005133789670193067
2020-12-17,2.565,2.5877,-0.00877226881014026
2020-12-18,2.573,2.5827,-0.003755759476516851
2020-12-21,2.576,2.5817,-0.002207847542317065
2020-12-22,2.552,2.5829,-0.011963297069185752
2020-12-23,2.559,2.5768,-0.006907792610990282
2020-12-24,2.55,2.5806,-0.011857707509881465
2020-12-25,2.555,2.5794,-0.0094595642397457
2020-12-28,2.574,2.6064,-0.012430939226519278
2020-12-29,2.599,2.6143,-0.005852427035917818
2020-12-30,2.599,2.6073,-0.003183369769493294
2020-12-31,2.599,2.6121,-0.005015121932544608
2021-01-04,2.579,2.5792,-7.754342431764982e-05
2021-01-05,2.541,2.575,-0.013203883495145674
2021-01-06,2.529,2.5316,-0.001027018486332798
2021-01-07,2.534,2.5957,-0.023770081288284506
2021-01-08,2.589,2.6336,-0.016934993924665798
2021-01-11,2.598,2.5925,0.002121504339440694
2021-01-12,2.584,2.5932,-0.0035477402437142924
2021-01-13,2.573,2.6014,-0.010917198431613762
2021-01-14,2.587,2.5902,-0.001235425835842685
2021-01-15,2.566,2.5664,-0.00015586034912717928
2021-01-18,2.557,2.5746,-0.006836013361298909
2021-01-19,2.584,2.6146,-0.011703511053315907
2021-01-20,2.605,2.6762,-0.02660488752709067
2021-01-21,2.671,2.6941,-0.00857429197134496
2021-01-22,2.673,2.6852,-0.004543423208699493
2021-01-25,2.7,2.7196,-0.007206942197381827
2021-01-26,2.683,2.7236,-0.014906741077985064
2021-01-27,2.72,2.6416,0.02967898243488798
2021-01-28,2.618,2.6625,-0.016713615023474238
2021-01-29,2.617,2.5983,0.0071970134318593
2021-02-01,2.607,2.6622,-0.020734730673878654
2021-02-02,2.674,2.7072,-0.012263593380614668
2021-02-03,2.71,2.6956,0.005342038878171751
2021-02-04,2.686,2.7233,-0.013696618073660627
2021-02-05,2.725,2.7369,-0.004347984946472261
2021-02-08,2.738,2.7519,-0.005051055634289092
2021-02-09,2.737,2.7432,-0.0022601341498978966
2021-02-10,2.749,2.7286,0.007476361504068052
2021-02-18,2.731,2.7291,0.0006962002125243671
2021-02-19,2.728,2.7196,0.003088689513163878
2021-02-22,2.7,2.6443,0.02106417577430708
2021-02-23,2.664,2.6366,0.010392171736327116
2021-02-24,2.612,2.6615,-0.018598534660905552
2021-02-25,2.665,2.5629,0.03983768387373687
2021-02-26,2.549,2.5863,-0.014422147469357771
2021-03-01,2.602,2.6643,-0.023383252636715146
2021-03-02,2.638,2.6142,0.00910412363246893
2021-03-03,2.63,2.5368,0.03673919899085454
2021-03-04,2.535,2.5025,0.012987012987013102
2021-03-05,2.505,2.5486,-0.017107431531036665
2021-03-08,2.508,2.4686,0.015960463420562343
2021-03-09,2.497,2.5913,-0.036391000656041395
2021-03-10,2.555,2.5732,-0.007072905331882429
2021-03-11,2.584,2.629,-0.0171167744389501
2021-03-12,2.602,2.5992,0.0010772545398582967
2021-03-15,2.589,2.6351,-0.0174945922355888
2021-03-16,2.643,2.6502,-0.002716776092370421
2021-03-17,2.64,2.6583,-0.006884098860173826
2021-03-18,2.657,2.5677,0.034778206176734106
2021-03-19,2.575,2.5916,-0.00640530946133655
2021-03-22,2.596,2.6411,-0.01707621824239891
2021-03-23,2.614,2.623,-0.003431185665268899
2021-03-24,2.626,2.5861,0.015428637717025628
2021-03-25,2.591,2.5833,0.0029806836217243227
2021-03-26,2.607,2.6239,-0.006440794237585146
2021-03-29,2.606,2.6237,-0.006746198117162816
2021-03-30,2.612,2.6183,-0.0024061413894511663
2021-03-31,2.604,2.6621,-0.021824875098606422
2021-04-01,2.666,2.7049,-0.014381307996598758
2021-04-02,2.697,2.7074,-0.0038413237792714883
2021-04-06,2.739,2.757,-0.006528835690968515
2021-04-07,2.74,2.7613,-0.007713758012530159
2021-04-08,2.774,2.7942,-0.007229260611266164
2021-04-09,2.777,2.8125,-0.012622222222222201
2021-04-12,2.804,2.8137,-0.0034474179905462643
2021-04-13,2.795,2.845,-0.017574692442882345
2021-04-14,2.838,2.8021,0.012811819706648686
2021-04-15,2.809,2.8446,-0.012514940589186452
2021-04-16,2.828,2.8475,-0.00684811237928018
2021-04-19,2.838,2.8198,0.006454358465139531
2021-04-20,2.799,2.7946,0.0015744650397193638
2021-04-21,2.78,2.8168,-0.01306447032093172
2021-04-22,2.804,2.7743,0.010705403164762206
2021-04-23,2.772,2.8127,-0.014470082127493233
2021-04-26,2.795,2.8287,-0.011913599886873905
2021-04-27,2.821,2.8155,0.00195347185224648
2021-04-28,2.81,2.8008,0.0032847757783489584
2021-04-29,2.828,2.8075,0.007301869991095167
2021-04-30,2.802,2.7852,0.006031882809133915
2021-05-06,2.731,2.7435,-0.004556223801713166
2021-05-07,2.726,2.7552,-0.010598141695702612
2021-05-10,2.745,2.6711,0.02766650443637464
2021-05-11,2.666,2.6603,0.0021426154944930165
2021-05-12,2.665,2.5901,0.028917802401451587
2021-05-13,2.623,2.6266,-0.0013705931622628453
2021-05-14,2.654,2.6801,-0.009738442595425556
2021-05-17,2.678,2.6556,0.008435005271878238
2021-05-18,2.689,2.6374,0.019564722833093295
2021-05-19,2.637,2.6365,0.0001896453631708983
2021-05-20,2.644,2.695,-0.01892393320964736
2021-05-21,2.692,2.6705,0.008050926792735558
2021-05-24,2.686,2.7216,-0.013080540858318668
2021-05-25,2.721,2.7199,0.00040442663333206674
2021-05-26,2.721,2.7211,-3.6749843813077554e-05
2021-05-27,2.706,2.7081,-0.0007754514235072119
2021-05-28,2.701,2.7049,-0.0014418277940033697
2021-05-31,2.695,2.6975,-0.000926784059314123
2021-06-01,2.699,2.6862,0.004765095674186481
2021-06-02,2.687,2.6979,-0.0040401793987917545
2021-06-03,2.695,2.67,0.009363295880149725
2021-06-04,2.675,2.7291,-0.019823384998717497
2021-06-07,2.709,2.7314,-0.008200922603792793
2021-06-08,2.724,2.7322,-0.003001244418417426
2021-06-09,2.725,2.7358,-0.003947656992470128
2021-06-10,2.714,2.7647,-0.018338336890078466
2021-06-11,2.747,2.767,-0.007228044813877843
2021-06-15,2.794,2.7846,0.0033757092580621872
2021-06-16,2.769,2.7773,-0.0029885140244121366
2021-06-17,2.759,2.823,-0.022670917463691098
2021-06-18,2.821,2.8033,0.0063139870866479875
2021-06-21,2.801,2.8295,-0.010072450963067636
2021-06-22,2.819,2.8594,-0.01412883821780797
2021-06-23,2.864,2.8611,0.0010135961693054085
2021-06-24,2.859,2.8858,-0.009286852865756479
2021-06-25,2.866,2.8764,-0.0036156306494228296
2021-06-28,2.876,2.9049,-0.009948707356535524
2021-06-29,2.899,2.9141,-0.00518170275556773
2021-06-30,2.92,2.9128,0.0024718483932986146
2021-07-01,2.91,2.9193,-0.0031856952009041706
2021-07-02,2.911,2.9561,-0.015256588072122046
2021-07-05,2.942,2.955,-0.004399323181049075
2021-07-06,2.945,2.9663,-0.007180662778545677
2021-07-07,2.97,2.9806,-0.003556330940079122
2021-07-08,2.968,2.9606,0.00249949334594346
2021-07-09,2.965,2.9829,-0.0060008716349860824
2021-07-12,2.995,2.9942,0.0002671832208938074
2021-07-13,2.996,2.9933,0.0009020144990479206
2021-07-14,2.988,3.0032,-0.005061267980820516
2021-07-15,2.995,2.9742,0.006993477237576373
2021-07-16,2.965,2.9533,0.00396166999627523
2021-07-19,2.945,2.9227,0.007629931227974174
2021-07-20,2.943,2.9658,-0.0076876390855755705
2021-07-21,2.958,2.9878,-0.009973893834928638
2021-07-22,2.988,2.9991,-0.003701110333099944
2021-07-23,3.012,3.0346,-0.007447439530745448
2021-07-26,3.05,3.0426,0.0024321304147767453
2021-07-27,3.042,3.0065,0.011807749875270224
2021-07-28,3.013,3.0279,-0.004920902275504457
2021-07-29,3.019,3.0343,-0.005042349141482383
2021-07-30,2.969,3.0004,-0.010465271297160461
2021-08-02,3.019,3.0036,0.005127180716473667
2021-08-03,3.006,3.021,-0.0049652432969216065
2021-08-04,3.027,3.0279,-0.00029723570791628795
2021-08-05,3.02,3.0498,-0.009771132533280769
2021-08-06,3.043,3.0322,0.003561770331772296
2021-08-09,3.028,3.0472,-0.006300866369125746
2021-08-10,3.038,3.0305,0.0024748391354560972
2021-08-11,3.027,3.0244,0.0008596746462108396
2021-08-12,3.023,3.0336,-0.0034941983122361853
2021-08-13,3.031,3.0455,-0.00476112296831388
2021-08-16,3.036,3.0423,-0.0020708016960852005
2021-08-17,3.049,3.0166,0.010740568852350307
2021-08-18,3.039,2.9946,0.014826688038469316
2021-08-19,2.982,3.0074,-0.008445833610427611
2021-08-20,3.005,3.0459,-0.013427886667323308
2021-08-23,3.048,3.0899,-0.013560309395126091
2021-08-24,3.102,3.0912,0.0034937888198756095
2021-08-25,3.102,3.0897,0.003980969026118997
2021-08-26,3.094,3.071,0.007489417127971132
2021-08-27,3.103,3.1086,-0.00180145403075338
2021-08-30,3.114,3.1345,-0.006540118041154952
2021-08-31,3.161,3.1302,0.009839626860903561
2021-09-01,3.144,3.1368,0.002295332823259333
2021-09-02,3.141,3.1313,0.0030977549260691184
2021-09-03,3.146,3.1405,0.0017513134851139256
2021-09-06,3.15,3.138,0.003824091778202643
2021-09-07,3.151,3.1436,0.0023539890571318
2021-09-08,3.143,3.1388,0.001338090990187224
2021-09-09,3.123,3.1242,-0.0003840983291721889
2021-09-10,3.125,3.0977,0.008812990283113331
2021-09-13,3.116,3.0932,0.0073710073710073765
2021-09-14,3.097,3.0834,0.0044107154439902985
2021-09-15,3.084,3.1063,-0.007178958889997755
2021-09-16,3.088,3.1014,-0.004320629393177233
2021-09-17,3.118,3.0736,0.014445601249349238
2021-09-22,3.033,3.0497,-0.005475948453946389
2021-09-23,3.063,3.0798,-0.005454899668809632
2021-09-24,3.073,3.0756,-0.0008453635063078169
2021-09-27,3.09,3.0549,0.01148973779829121
2021-09-28,3.039,2.9645,0.025130713442401698
2021-09-29,2.988,2.9634,0.00830127556185456
2021-09-30,3.0,2.9592,0.013787510137875048
2021-10-08,2.991,2.9737,0.005817668224770589
2021-10-11,2.957,2.9468,0.003461381837925881
2021-10-12,2.933,2.9347,-0.0005792755647936465
2021-10-13,2.944,2.9636,-0.006613578080712612
2021-10-14,2.98,3.0106,-0.010164086892978208
2021-10-15,3.029,3.0283,0.00023115279199537042
2021-10-18,3.017,3.0549,-0.012406298078496802
2021-10-19,3.055,3.0769,-0.007117553381650321
2021-10-20,3.06,3.0621,-0.0006858038600959793
2021-10-21,3.054,3.0738,-0.0064415381612337175
2021-10-22,3.07,3.0538,0.005304866068504888
2021-10-25,3.054,3.0797,-0.008344968665779162
2021-10-26,3.093,3.087,0.0019436345966956647
2021-10-27,3.087,3.0931,-0.0019721315185412536
2021-10-28,3.096,3.1331,-0.0118413073313971
2021-10-29,3.1,3.145,-0.014308426073131986
2021-11-01,3.153,3.1692,-0.005111700113593298
2021-11-02,3.156,3.174,-0.005671077504725841
2021-11-03,3.174,3.2114,-0.01164601108550789
2021-11-04,3.22,3.245,-0.007704160246533087
2021-11-05,3.255,3.2499,0.0015692790547401358
2021-11-08,3.244,3.2439,3.0827090847562744e-05
2021-11-09,3.255,3.2179,0.011529258211877114
2021-11-10,3.222,3.1733,0.015346799861343241
2021-11-11,3.195,3.1921,0.0009084928417029126
2021-11-12,3.194,3.2218,-0.00862871686634803
2021-11-15,3.224,3.2129,0.0034548227458059966
2021-11-16,3.209,3.2377,-0.008864317262254007
2021-11-17,3.235,3.2381,-0.0009573515333066718
2021-11-18,3.242,3.2666,-0.0075307659339985955
2021-11-19,3.292,3.2858,0.001886907298070506
2021-11-22,3.296,3.2536,0.01303171871158093
2021-11-23,3.244,3.2382,0.001791118522636026
2021-11-24,3.25,3.2488,0.00036936715094793016
2021-11-25,3.268,3.2526,0.004734673799421829
2021-11-26,3.233,3.1826,0.015836108841827512
2021-11-29,3.222,3.2528,-0.009468765371372423
2021-11-30,3.24,3.1979,0.013164889458707307
2021-12-01,3.237,3.1424,0.0301043788187374
2021-12-02,3.164,3.1654,-0.0004422821760282636
2021-12-03,3.157,3.1119,0.01449275362318847
2021-12-06,3.12,3.1368,-0.005355776587605221
2021-12-07,3.163,3.2334,-0.02177274695367115
2021-12-08,3.239,3.2442,-0.0016028604894889886
2021-12-09,3.227,3.1868,0.0126145349566964
2021-12-10,3.201,3.2323,-0.009683507100207267
2021-12-13,3.234,3.1806,0.016789285040558433
2021-12-14,3.184,3.1478,0.01150009530465712
2021-12-15,3.157,3.2238,-0.02072088839258024
2021-12-16,3.229,3.1351,0.02995119772894017
2021-12-17,3.142,3.1231,0.006051679421088085
2021-12-20,3.099,3.1024,-0.0010959257349147933
2021-12-21,3.134,3.1642,-0.009544276594399936
2021-12-22,3.154,3.204,-0.01560549313358306
2021-12-23,3.193,3.2283,-0.010934547594709243
2021-12-24,3.209,3.2302,-0.006563061110767099
2021-12-27,3.225,3.281,-0.017067967083206348
2021-12-28,3.271,3.268,0.0009179926560587415
2021-12-29,3.271,3.2687,0.0007036436503808918
2021-12-30,3.257,3.2518,0.0015991143366751448
2021-12-31,3.255,3.2339,0.0065246297040724155
2022-01-04,3.273,3.2329,0.01240372421046132
2022-01-05,3.21,3.1296,0.025690184049079745
2022-01-06,3.117,3.1238,-0.0021768359049875174
2022-01-07,3.136,3.0887,0.015313886100948748
2022-01-10,3.106,3.0898,0.005243057803093976
2022-01-11,3.088,3.1359,-0.015274721770464517
2022-01-12,3.149,3.1484,0.00019057298945490686
2022-01-13,3.135,3.0598,0.024576769723511305
2022-01-14,3.071,3.0887,-0.005730566257648673
2022-01-17,3.074,3.0849,-0.0035333398165258156
2022-01-18,3.05,3.0027,0.015752489426183125
2022-01-19,2.986,2.9726,0.00450783825607215
2022-01-20,2.996,2.9261,0.023888452206008104
2022-01-21,2.899,2.8445,0.019159782035507167
2022-01-24,2.862,2.8532,0.003084256273657715
2022-01-25,2.808,2.7827,0.009091889172386347
2022-01-26,2.797,2.7819,0.005427944929724315
2022-01-27,2.737,2.7521,-0.005486719232586035
2022-01-28,2.786,2.8577,-0.025090107429051267
2022-02-07,2.886,2.8768,0.0031979977753060496
2022-02-08,2.869,2.9119,-0.01473264878601599
2022-02-09,2.913,2.9768,-0.021432410642300503
2022-02-10,2.954,2.903,0.01756803306923871
2022-02-11,2.874,2.8146,0.021104242165849607
2022-02-14,2.817,2.8176,-0.0002129471890970347
2022-02-15,2.819,2.8866,-0.02341855470103238
2022-02-16,2.868,2.8775,-0.0033014769765421503
2022-02-17,2.848,2.7852,0.022547752405572163
2022-02-18,2.811,2.754,0.020697167755991286
2022-02-21,2.799,2.7561,0.015565472950908932
2022-02-22,2.698,2.7314,-0.012228161382441205
2022-02-23,2.746,2.6522,0.035366865243948276
2022-02-24,2.599,2.7421,-0.05218628058787056
2022-02-25,2.698,2.7865,-0.03176027274358528
2022-02-28,2.704,2.7922,-0.03158799512928856
2022-03-01,2.773,2.7387,0.012524190309270766
2022-03-02,2.739,2.7986,-0.02129636246694777
2022-03-03,2.776,2.7437,0.011772424098844603
2022-03-04,2.725,2.7162,0.0032398203372359102
2022-03-07,2.659,2.6219,0.014150043861321793
2022-03-08,2.579,2.6,-0.008076923076923093
2022-03-09,2.607,2.6935,-0.03211434935956914
2022-03-10,2.676,2.6605,0.005825972561548598
2022-03-11,2.659,2.6111,0.018344758913867665
2022-03-14,2.623,2.5681,0.0213776722090262
2022-03-15,2.574,2.6609,-0.03265812319140138
2022-03-16,2.665,2.7613,-0.03487487777496101
2022-03-17,2.744,2.7768,-0.01181215787957357
2022-03-18,2.754,2.8386,-0.029803424223208586
2022-03-21,2.815,2.8426,-0.00970942095264904
2022-03-22,2.82,2.8989,-0.027217220324950886
2022-03-23,2.889,2.8536,0.012405382674516297
2022-03-24,2.865,2.9211,-0.019205093971449094
2022-03-25,2.917,2.9236,-0.0022574907648105214
2022-03-28,2.902,2.9719,-0.023520306874390107
2022-03-29,2.969,3.0174,-0.01604029959567843
2022-03-30,3.013,2.9803,0.010972049793644745
2022-03-31,2.993,2.9295,0.02167605393411831
2022-04-01,2.955,2.9348,0.006882922175275974
2022-04-06,2.933,2.8742,0.020457866536775393
2022-04-07,2.872,2.8739,-0.0006611225164411261
2022-04-08,2.892,2.8318,0.02125856345787125
2022-04-11,2.826,2.7622,0.023097530953587686
2022-04-12,2.769,2.7588,0.0036972596781210676
2022-04-13,2.782,2.8116,-0.010527813344714754
2022-04-14,2.825,2.7371,0.032114281538855094
2022-04-15,2.752,2.752,0.0
2022-04-18,2.735,2.7508,-0.005743783626581345
2022-04-19,2.775,2.808,-0.01175213675213671
2022-04-20,2.811,2.7774,0.012097645279758096
2022-04-21,2.832,2.7272,0.03842769140510405
2022-04-22,2.769,2.6755,0.03494673892730327
2022-04-25,2.706,2.7241,-0.006644396314379075
2022-04-26,2.751,2.6437,0.04058705601997192
2022-04-27,2.68,2.6428,0.014075980021189816
2022-04-28,2.717,2.7361,-0.006980739008077164
2022-04-29,2.739,2.6352,0.039389799635701106
2022-05-05,2.773,2.6137,0.060948081264108334
2022-05-06,2.668,2.6092,0.022535643108998915
2022-05-09,2.627,2.5256,0.04014887551472923
2022-05-10,2.597,2.5671,0.011647384207861045
2022-05-11,2.603,2.4936,0.043872313121591455
2022-05-12,2.509,2.4886,0.008197380053041936
2022-05-13,2.557,2.6034,-0.01782284704617043
2022-05-16,2.587,2.572,0.005832037325038897
2022-05-17,2.589,2.6383,-0.018686275253003926
2022-05-18,2.618,2.4888,0.051912568306010876
2022-05-19,2.506,2.4798,0.010565368174852763
2022-05-20,2.509,2.4683,0.01648908155410589
2022-05-23,2.497,2.4809,0.006489580394211769
2022-05-24,2.436,2.4185,0.00723589001447178
2022-05-25,2.45,2.4542,-0.0017113519680547196
2022-05-26,2.473,2.5302,-0.022606908544779092
2022-05-27,2.556,2.6373,-0.03082698214082591
2022-05-30,2.63,2.6242,0.0022101973934913755
2022-05-31,2.605,2.5995,0.0021157914983651605
2022-06-01,2.612,2.5819,0.011658081257988284
2022-06-02,2.597,2.6696,-0.02719508540605331
2022-06-06,2.598,2.5931,0.0018896301723805298
2022-06-07,2.574,2.6146,-0.015528187868125154
2022-06-08,2.613,2.5944,0.007169287696577209
2022-06-09,2.603,2.5302,0.028772429056991733
2022-06-10,2.551,2.4473,0.04237322763862239
2022-06-13,2.418,2.3416,0.03262726340963451
2022-06-14,2.393,2.3568,0.015359809911744682
2022-06-15,2.376,2.4162,-0.016637695555003718
2022-06-16,2.376,2.3047,0.0309367813598298
2022-06-17,2.327,2.327,0.0
2022-06-20,2.348,2.334,0.005998286203941605
2022-06-21,2.366,2.3817,-0.006591930133937884
2022-06-22,2.369,2.3868,-0.007457683928272063
2022-06-23,2.39,2.4206,-0.012641493844501306
2022-06-24,2.444,2.5014,-0.022947149596226124
2022-06-27,2.501,2.4758,0.010178528152516408
2022-06-28,2.488,2.4027,0.03550172722354028
2022-06-29,2.406,2.4106,-0.0019082386127934337
2022-06-30,2.384,2.3819,0.0008816491036567342
2022-07-01,2.37,2.3898,-0.008285212151644461
2022-07-05,0.604,0.6086,-0.007558330594807816
2022-07-06,0.611,0.6146,-0.005857468272046917
2022-07-07,0.616,0.6269,-0.01738714308502154
2022-07-08,0.623,0.6273,-0.006854774430097188
2022-07-11,0.621,0.6123,0.014208721215090758
2022-07-12,0.611,0.6093,0.002790086985064777
2022-07-13,0.612,0.6084,0.005917159763313418
2022-07-14,0.607,0.6103,-0.005407176798295832
2022-07-15,0.615,0.6236,-0.013790891597177724
2022-07-18,0.63,0.6175,0.020242914979756943
2022-07-19,0.62,0.6367,-0.026228993246426913
2022-07-20,0.64,0.6467,-0.010360290706664665
2022-07-21,0.646,0.6576,-0.017639902676398922
2022-07-22,0.653,0.6451,0.012246163385521758
2022-07-25,0.644,0.6417,0.0035842293906809264
2022-07-26,0.64,0.6286,0.0181355392936684
2022-07-27,0.639,0.6574,-0.027989047763918418
2022-07-28,0.654,0.6603,-0.009541117673784627
2022-07-29,0.671,0.6725,-0.0022304832713754275
2022-08-01,0.672,0.6724,-0.0005948839976204212
2022-08-02,0.669,0.6702,-0.0017905102954342
2022-08-03,0.671,0.692,-0.030346820809248443
2022-08-04,0.688,0.6934,-0.007787712719930839
2022-08-05,0.692,0.6858,0.009040536599591587
2022-08-08,0.69,0.6861,0.0056843025797987945
2022-08-09,0.685,0.6771,0.011667405110028062
2022-08-10,0.675,0.6965,-0.03086862885857855
2022-08-11,0.7,0.6893,0.015522994342086038
2022-08-12,0.692,0.7043,-0.017464148800227286
2022-08-15,0.705,0.7094,-0.0062024245841557635
2022-08-16,0.714,0.711,0.00421940928270037
2022-08-17,0.71,0.704,0.008522727272727293
2022-08-18,0.702,0.7051,-0.004396539497943497
2022-08-19,0.701,0.694,0.01008645533141217
2022-08-22,0.691,0.6769,0.020830255576894663
2022-08-23,0.677,0.6796,-0.003825779870512025
2022-08-24,0.681,0.6801,0.0013233348037053894
2022-08-25,0.688,0.6934,-0.007787712719930839
2022-08-26,0.693,0.6646,0.042732470659043065
2022-08-29,0.663,0.6602,0.0042411390487731015
2022-08-30,0.667,0.6537,0.020345724338381554
2022-08-31,0.658,0.6509,0.010907973575049912
2022-09-01,0.644,0.6503,-0.009687836383207693
2022-09-02,0.652,0.6418,0.015892801495793085
2022-09-05,0.645,0.6425,0.0038910505836575737
2022-09-06,0.649,0.6388,0.015967438948027546
2022-09-07,0.643,0.6523,-0.014257243599570701
2022-09-08,0.657,0.6556,0.002135448444173349
2022-09-09,0.659,0.6693,-0.015389212610189662
2022-09-13,0.68,0.6382,0.06549670949545616
2022-09-14,0.645,0.6452,-0.000309981401115933
2022-09-15,0.65,0.6341,0.025074909320296435
2022-09-16,0.635,0.6323,0.004270124940692677
2022-09-19,0.634,0.638,-0.006269592476489061
2022-09-20,0.646,0.6332,0.020214782059380987
2022-09-21,0.642,0.6224,0.03149100257069426
2022-09-22,0.629,0.6174,0.018788467768059647
2022-09-23,0.626,0.6082,0.029266688589279832
2022-09-26,0.616,0.6085,0.01232539030402613
2022-09-27,0.628,0.6131,0.024302723862339004
2022-09-28,0.621,0.6287,-0.012247494830602945
2022-09-29,0.63,0.6106,0.03177202751392061
2022-09-30,0.615,0.5992,0.026368491321762333
2022-10-10,0.598,0.5965,0.0025146689019277524
2022-10-11,0.6,0.5898,0.01729399796541209
2022-10-12,0.601,0.5897,0.019162285908088883
2022-10-13,0.595,0.603,-0.013266998341625258
2022-10-14,0.612,0.5843,0.04740715385931882
2022-10-17,0.598,0.6044,-0.010589013898080868
2022-10-18,0.624,0.609,0.024630541871921263
2022-10-19,0.622,0.6066,0.025387405209363667
2022-10-20,0.614,0.6042,0.01621979476994384
2022-10-21,0.613,0.6185,-0.008892481810832797
2022-10-24,0.631,0.6253,0.00911562450023995
2022-10-25,0.643,0.6422,0.001245717844908123
2022-10-26,0.638,0.6274,0.016895122728721734
2022-10-27,0.632,0.6152,0.027308192457737412
2022-10-28,0.614,0.6356,-0.033983637507866704
2022-10-31,0.644,0.6285,0.024661893396977108
2022-11-01,0.643,0.6247,0.029294061149351736
2022-11-02,0.634,0.6044,0.04897418927862329
2022-11-03,0.614,0.5948,0.0322797579018157
2022-11-04,0.61,0.6048,0.008597883597883493
2022-11-07,0.612,0.6092,0.004596191726854881
2022-11-08,0.613,0.6126,0.0006529546196538671
2022-11-09,0.617,0.5986,0.03073838957567654
2022-11-10,0.606,0.6447,-0.06002791996277346
2022-11-11,0.645,0.6521,-0.010887900628737901
2022-11-14,0.641,0.6373,0.0058057429781892544
2022-11-15,0.644,0.6425,0.0023346303501945442
2022-11-16,0.651,0.6329,0.028598514773265915
2022-11-17,0.646,0.6341,0.018766756032171594
2022-11-18,0.642,0.6377,0.00674298259369599
2022-11-21,0.64,0.6323,0.01217776371975332
2022-11-22,0.635,0.6448,-0.015198511166253148
2022-11-23,0.644,0.6479,-0.006019447445593462
2022-11-24,0.651,0.6472,0.005871446229913424
2022-11-25,0.654,0.6438,0.01584342963653307
2022-11-28,0.646,0.637,0.014128728414442682
2022-11-29,0.645,0.6354,0.01510859301227585
2022-11-30,0.636,0.6621,-0.039420027186225615
2022-12-01,0.656,0.6585,-0.0037965072133636646
2022-12-02,0.651,0.6499,0.0016925680873980387
2022-12-05,0.644,0.6373,0.010513102149694031
2022-12-06,0.635,0.6196,0.024854744996771982
2022-12-07,0.628,0.6186,0.015195602974458433
2022-12-08,0.626,0.623,0.0048154093097914075
2022-12-09,0.629,0.6189,0.01631927613507833
2022-12-12,0.624,0.6262,-0.003513254551261502
2022-12-13,0.634,0.6344,-0.0006305170239595537
2022-12-14,0.64,0.6276,0.019757807520713877
2022-12-15,0.629,0.6051,0.0394976037018675
2022-12-16,0.615,0.6033,0.01939333664843379
2022-12-19,0.613,0.5949,0.030425281559925965
2022-12-20,0.605,0.5953,0.016294305392239083
2022-12-21,0.612,0.6025,0.015767634854771728
2022-12-22,0.612,0.5887,0.039578732801087035
2022-12-23,0.607,0.5908,0.02742044685172651
2022-12-26,0.604,0.5909,0.022169571839566693
2022-12-27,0.611,0.5803,0.05290367051525058
2022-12-28,0.6,0.5736,0.046025104602510414
2022-12-29,0.599,0.5888,0.017323369565217295
2022-12-30,0.6,0.5871,0.02197240674501799
2023-01-03,0.6,0.5816,0.031636863823933936
2023-01-04,0.597,0.5822,0.02542081758845738
2023-01-05,0.599,0.5715,0.04811898512685908
2023-01-06,0.595,0.5873,0.013110846245530272
2023-01-09,0.604,0.5855,0.03159692570452588
2023-01-10,0.602,0.5853,0.028532376559029515
2023-01-11,0.607,0.5965,0.017602682313495377
2023-01-12,0.618,0.5987,0.03223651244362791
2023-01-13,0.613,0.5997,0.022177755544438904
2023-01-16,0.614,0.5983,0.02624101621260233
2023-01-17,0.616,0.5998,0.027009003001000398
2023-01-18,0.619,0.5953,0.039811859566605046
2023-01-19,0.61,0.5901,0.03372309778003735
2023-01-20,0.615,0.6068,0.013513513513513598
2023-01-30,0.635,0.6213,0.022050539192016716
2023-01-31,0.624,0.6307,-0.010623117171396967
2023-02-01,0.634,0.643,-0.013996889580093375
2023-02-02,0.649,0.6621,-0.019785530886572977
2023-02-03,0.656,0.6529,0.004748047174146119
2023-02-06,0.654,0.6503,0.00568968168537598
2023-02-07,0.655,0.6656,-0.015925480769230727
2023-02-08,0.666,0.6517,0.02194261163111877
2023-02-09,0.658,0.6471,0.016844382630196275
2023-02-10,0.648,0.6431,0.007619343803451972
2023-02-13,0.646,0.6555,-0.01449275362318836
2023-02-14,0.655,0.6598,-0.007274931797514483
2023-02-15,0.657,0.6656,-0.012920673076923017
2023-02-16,0.671,0.6561,0.02270995275110499
2023-02-17,0.654,0.653,0.0015313935681469104
2023-02-20,0.654,0.6528,0.0018382352941175295
2023-02-21,0.652,0.6365,0.024351924587588503
2023-02-22,0.641,0.6385,0.003915426781519349
2023-02-23,0.645,0.6465,-0.002320185614849146
2023-02-24,0.647,0.6347,0.019379234283913638
2023-02-27,0.642,0.6447,-0.004187994416007479
2023-02-28,0.644,0.6434,0.000932545850170996
2023-03-01,0.642,0.6369,0.0080075365049459
2023-03-02,0.631,0.6374,-0.010040790712268488
2023-03-03,0.639,0.653,-0.02143950995405819
2023-03-06,0.655,0.6521,0.004447170679343637
2023-03-07,0.656,0.6459,0.01563709552562309
2023-03-08,0.65,0.6525,-0.003831417624520994
2023-03-09,0.653,0.642,0.017133956386292892
2023-03-10,0.638,0.6331,0.007739693571315875
2023-03-13,0.64,0.6356,0.006922592825676421
2023-03-14,0.631,0.6464,-0.023824257425742568
2023-03-15,0.646,0.6466,-0.0009279307145065863
2023-03-16,0.649,0.668,-0.02844311377245512
2023-03-17,0.666,0.6637,0.003465421124001944
2023-03-20,0.657,0.663,-0.009049773755656076
2023-03-21,0.663,0.673,-0.014858841010401247
2023-03-22,0.675,0.6633,0.01763907734056991
2023-03-23,0.667,0.6716,-0.006849315068493067
2023-03-24,0.672,0.6705,0.0022371364653244186
2023-03-27,0.68,0.6687,0.016898459697921364
2023-03-28,0.675,0.6658,0.013817963352358298
2023-03-29,0.675,0.6783,-0.0048651039363113435
2023-03-30,0.681,0.6856,-0.006709451575262482
2023-03-31,0.684,0.6954,-0.016393442622950727
2023-04-03,0.693,0.6945,-0.002159827213823018
2023-04-04,0.696,0.6911,0.007090146143828635
2023-04-06,0.683,0.6894,-0.009283434870902219
2023-04-07,0.689,0.6902,-0.001738626485076944
2023-04-10,0.686,0.6888,-0.00406504065040636
2023-04-11,0.689,0.6855,0.0051057622173595885
2023-04-12,0.685,0.679,0.008836524300441795
2023-04-13,0.68,0.6909,-0.01577652337530744
2023-04-14,0.686,0.6888,-0.00406504065040636
2023-04-17,0.689,0.6898,-0.0011597564511452996
2023-04-18,0.688,0.6913,-0.004773614928395897
2023-04-19,0.687,0.6902,-0.004636337293538073
2023-04-20,0.687,0.6873,-0.0004364906154517012
2023-04-21,0.684,0.6858,-0.002624671916010346
2023-04-24,0.682,0.685,-0.004379562043795637
2023-04-25,0.683,0.6723,0.015915513907481804
2023-04-26,0.682,0.6798,0.003236245954692629
2023-04-27,0.683,0.698,-0.021489971346704717
2023-04-28,0.695,0.7029,-0.011239152084222548
2023-05-04,0.691,0.687,0.005822416302765587
2023-05-05,0.689,0.7022,-0.018798063229849227
2023-05-08,0.7,0.7044,-0.006246450880181831
2023-05-09,0.701,0.7007,0.0004281432852861755
2023-05-10,0.701,0.7088,-0.01100451467268626
2023-05-11,0.71,0.709,0.0014104372355430161
2023-05-12,0.712,0.7104,0.0022522522522521182
2023-05-15,0.711,0.716,-0.006983240223463638
2023-05-16,0.714,0.715,-0.0013986013986013734
2023-05-17,0.719,0.7263,-0.010050943136444945
2023-05-18,0.729,0.7418,-0.017255324885413925
2023-05-19,0.749,0.7442,0.006449879064767572
2023-05-22,0.745,0.7444,0.0008060182697475771
2023-05-23,0.749,0.7366,0.016834102633722425
2023-05-24,0.738,0.7353,0.003671970624234966
2023-05-25,0.749,0.7521,-0.004121792314851769
2023-05-26,0.752,0.7739,-0.028298229745445158
2023-05-29,0.779,0.7719,0.00919808265319344
2023-05-30,0.78,0.7775,0.003215434083601254
2023-05-31,0.777,0.7723,0.0060857179852389365
2023-06-01,0.776,0.7839,-0.010077816047965316
2023-06-02,0.786,0.7892,-0.0040547389761783625
2023-06-05,0.79,0.7893,0.0008868617762574083
2023-06-06,0.791,0.7913,-0.00037912296221398467
2023-06-07,0.794,0.7791,0.01912463098446926
2023-06-08,0.776,0.7899,-0.017597164197999726
2023-06-09,0.789,0.7906,-0.002023779408044435
2023-06-12,0.798,0.8054,-0.009187981127390055
2023-06-13,0.816,0.8148,0.0014727540500736325
2023-06-14,0.817,0.8211,-0.004993301668493655
2023-06-15,0.822,0.8297,-0.009280462817886082
2023-06-16,0.83,0.8219,0.009855213529626372
2023-06-19,0.826,0.8208,0.006335282651072083
2023-06-20,0.825,0.8244,0.0007278020378456151
2023-06-21,0.828,0.8155,0.015328019619865074
2023-06-26,0.822,0.8087,0.01644614813898837
2023-06-27,0.811,0.8232,-0.014820213799805582
2023-06-28,0.822,0.8243,-0.0027902462695621466
2023-06-29,0.828,0.8242,0.004610531424411368
2023-06-30,0.828,0.8379,-0.011815252416756183
2023-07-03,0.843,0.8383,0.005606584754860977
2023-07-04,0.837,0.837,0.0
2023-07-05,0.838,0.8358,0.002632208662359359
2023-07-06,0.839,0.8309,0.009748465519316296
2023-07-07,0.835,0.8274,0.009185400048344228
2023-07-10,0.828,0.8266,0.0016936849745947669
2023-07-11,0.832,0.8302,0.0021681522524692465
2023-07-12,0.833,0.8389,-0.007033019430206289
2023-07-13,0.847,0.8504,-0.0039981185324553525
2023-07-14,0.85,0.8475,0.002949852507374562
2023-07-17,0.854,0.8556,-0.0018700327255727345
2023-07-18,0.863,0.8639,-0.0010417872438940323
2023-07-19,0.876,0.8636,0.014358499305233918
2023-07-20,0.865,0.8442,0.024638711205875463
2023-07-21,0.851,0.8419,0.010808884665637342
2023-07-24,0.853,0.8435,0.011262596324836949
2023-07-25,0.852,0.8492,0.0032972209138013575
2023-07-26,0.854,0.845,0.010650887573964596
2023-07-27,0.861,0.8424,0.022079772079772075
2023-07-28,0.858,0.859,-0.0011641443538998875
2023-07-31,0.867,0.8587,0.00966577384418299
2023-08-01,0.869,0.8559,0.015305526346535814
2023-08-02,0.857,0.8381,0.0225510082329079
2023-08-03,0.843,0.8385,0.005366726296958779
2023-08-04,0.85,0.8337,0.019551397385150437
2023-08-07,0.843,0.8402,0.003332539871459206
2023-08-08,0.844,0.8352,0.010536398467432928
2023-08-09,0.843,0.8258,0.020828287720997762
2023-08-10,0.835,0.8272,0.009429400386847142
2023-08-11,0.837,0.822,0.018248175182481674
2023-08-14,0.832,0.8329,-0.0010805618921839732
2023-08-15,0.846,0.8247,0.02582757366315014
2023-08-16,0.837,0.8184,0.022727272727272707
2023-08-17,0.831,0.8109,0.024787273399925924
2023-08-18,0.817,0.8085,0.010513296227581792
2023-08-21,0.819,0.822,-0.0036496350364964014
2023-08-22,0.832,0.8205,0.014015843997562394
2023-08-23,0.832,0.8338,-0.002158791076996902
2023-08-24,0.855,0.8145,0.04972375690607733
2023-08-25,0.822,0.821,0.0012180267965895553
2023-08-28,0.834,0.8265,0.00907441016333932
2023-08-29,0.84,0.8448,-0.005681818181818232
2023-08-30,0.857,0.8493,0.009066289885788281
2023-08-31,0.86,0.8514,0.010101010101009944
2023-09-01,0.86,0.8503,0.011407738445254667
2023-09-04,0.863,0.8502,0.015055281110327057
2023-09-05,0.862,0.8514,0.012450082217523972
2023-09-06,0.863,0.8453,0.020939311487045975
2023-09-07,0.857,0.8392,0.021210676835081044
2023-09-08,0.859,0.8422,0.01994775587746389
2023-09-11,0.855,0.8527,0.0026973144130408855
2023-09-12,0.86,0.8411,0.02247057424800869
2023-09-13,0.851,0.8437,0.008652364584567973
2023-09-14,0.856,0.8507,0.0062301633948511626
2023-09-15,0.862,0.8346,0.03283009825065908
2023-09-18,0.848,0.8352,0.015325670498084198
2023-09-19,0.847,0.8333,0.016440657626304978
2023-09-20,0.847,0.8207,0.03204581454855604
2023-09-21,0.832,0.8055,0.032898820608317836
2023-09-22,0.824,0.8055,0.022967101179391713
2023-09-25,0.824,0.8093,0.018163845298405867
2023-09-26,0.817,0.7967,0.025480105434918965
2023-09-27,0.816,0.7982,0.02230017539463791
2023-09-28,0.814,0.8057,0.010301601092217894
2023-10-09,0.826,0.8252,0.0009694619486184664
2023-10-10,0.839,0.8297,0.011208870676147953
2023-10-11,0.847,0.8358,0.01340033500837512
2023-10-12,0.852,0.8323,0.023669349993992395
2023-10-13,0.847,0.8218,0.030664395229982988
2023-10-16,0.839,0.8318,0.008655926905506206
2023-10-17,0.845,0.8289,0.01942333212691527
2023-10-18,0.84,0.8169,0.028277634961439535
2023-10-19,0.829,0.8098,0.02370955791553464
2023-10-20,0.82,0.7974,0.028342111863556507
2023-10-23,0.814,0.7998,0.017754438609652423
2023-10-24,0.819,0.8075,0.014241486068111486
2023-10-25,0.817,0.7872,0.037855691056910556
2023-10-26,0.792,0.7714,0.026704692766398752
2023-10-27,0.795,0.7754,0.02527727624451903
2023-10-30,0.795,0.7846,0.01325516186591913
2023-10-31,0.794,0.7884,0.007102993404363378
2023-11-01,0.806,0.8029,0.0038610038610040753
2023-11-02,0.822,0.8172,0.00587371512481627
2023-11-03,0.829,0.8271,0.0022971829283038314
2023-11-06,0.838,0.8304,0.009152215799614671
2023-11-07,0.838,0.8382,-0.00023860653781915264
2023-11-08,0.847,0.8391,0.009414849243236878
2023-11-09,0.852,0.832,0.024038461538461453
2023-11-10,0.842,0.8509,-0.01045951345634033
2023-11-13,0.86,0.8484,0.013672795851013664
2023-11-14,0.862,0.8661,-0.004733864449832592
2023-11-15,0.876,0.8663,0.011197044903613174
2023-11-16,0.873,0.8674,0.006456075628314517
2023-11-17,0.876,0.8673,0.01003113109650644
2023-11-20,0.863,0.8762,-0.015065053640721304
2023-11-21,0.873,0.8687,0.0049499251755495965
2023-11-22,0.866,0.8706,-0.0052837123822652154
2023-11-23,0.872,0.8701,0.002183657050913723
2023-11-24,0.873,0.8679,0.0058762530245419775
2023-11-27,0.868,0.8669,0.0012688891452301565
2023-11-28,0.871,0.8696,0.0016099356025758293
2023-11-29,0.872,0.8663,0.006579706799030305
2023-11-30,0.871,0.8639,0.008218543812941403
2023-12-01,0.866,0.8672,-0.0013837638376383854
2023-12-04,0.867,0.8574,0.011196641007697572
2023-12-05,0.857,0.8615,-0.0052234474753337645
2023-12-06,0.869,0.8566,0.014475834695306888
2023-12-07,0.861,0.87,-0.010344827586206917
2023-12-08,0.874,0.8727,0.0014896298842672628
2023-12-11,0.881,0.8786,0.0027316184839516477
2023-12-12,0.89,0.8858,0.004741476631293651
2023-12-13,0.9,0.8962,0.004240124972104464
2023-12-14,0.911,0.8944,0.01855992844364951
2023-12-15,0.9,0.8971,0.0032326385018393022
2023-12-18,0.906,0.9029,0.0034333813268356828
2023-12-19,0.911,0.9081,0.003193480894174705
2023-12-20,0.914,0.894,0.022371364653243964
2023-12-21,0.902,0.9055,-0.003865267807840911
2023-12-22,0.907,0.9058,0.0013247957606534744
2023-12-25,0.908,0.9064,0.001765225066195919
2023-12-26,0.914,0.9113,0.002962800395040155
2023-12-27,0.918,0.9132,0.005256241787122251
2023-12-28,0.915,0.9124,0.0028496273564226904
2023-12-29,0.914,0.9066,0.008162364879770623
2024-01-02,0.911,0.8906,0.022905906130698428
2024-01-03,0.896,0.8841,0.013460015835312866
2024-01-04,0.892,0.8793,0.014443307176162934
2024-01-05,0.885,0.881,0.004540295119182858
2024-01-08,0.886,0.8992,-0.014679715302491125
2024-01-09,0.911,0.9008,0.011323268206039128
2024-01-10,0.91,0.9077,0.002533876831552373
2024-01-11,0.922,0.9095,0.013743815283122629
2024-01-12,0.918,0.9096,0.009234828496042402
2024-01-15,0.924,0.91,0.01538461538461533
2024-01-16,0.916,0.9105,0.006040637012630468
2024-01-17,0.915,0.9058,0.010156767498344044
2024-01-18,0.917,0.919,-0.0021762785636560977
2024-01-19,0.939,0.9367,0.0024554286324329766
2024-01-22,0.974,0.9367,0.039820646952065664
2024-01-23,0.962,0.9407,0.022642712873392146
2024-01-24,0.967,0.9451,0.023172151095122162
2024-01-25,0.959,0.9459,0.013849244106142189
2024-01-26,0.949,0.9411,0.008394432047603706
2024-01-29,0.958,0.9508,0.007572570466975126
2024-01-30,0.974,0.944,0.03177966101694918
2024-01-31,0.952,0.9254,0.02874432677760974
2024-02-01,0.941,0.9366,0.0046978432628657085
2024-02-02,0.963,0.9525,0.011023622047243942
2024-02-05,0.97,0.9517,0.019228748555216946
2024-02-06,0.973,0.9497,0.024534063388438332
2024-02-07,0.965,0.9592,0.006046705587989809
2024-02-08,0.988,0.9607,0.02841677943166432
2024-02-19,0.981,0.9552,0.027010050251256246
2024-02-20,0.98,0.948,0.03375527426160341
2024-02-21,0.968,0.944,0.025423728813559254
2024-02-22,0.983,0.9722,0.011108825344579243
2024-02-23,0.997,0.9692,0.028683450268262467
2024-02-26,0.986,0.969,0.01754385964912286
2024-02-27,0.984,0.9707,0.01370145256000832
2024-02-28,0.986,0.9657,0.021021021021021102
2024-02-29,0.978,0.9744,0.003694581280788034
2024-03-01,0.994,0.9884,0.0056657223796034994
2024-03-04,1.008,0.9837,0.02470265324794152
2024-03-05,0.998,0.9664,0.0326986754966887
2024-03-06,0.994,0.9726,0.022002878881348886
2024-03-07,0.989,0.9875,0.0015189873417720268
2024-03-08,1.006,0.9724,0.03455368161250516
2024-03-11,0.991,0.9685,0.023231801755291714
2024-03-12,0.994,0.9828,0.01139601139601143
2024-03-13,1.001,0.9745,0.027193432529502237
2024-03-14,0.997,0.9723,0.025403681991154947
2024-03-15,0.99,0.9612,0.029962546816479252
2024-03-18,0.991,0.9704,0.021228359439406486
2024-03-19,0.985,0.9734,0.011916991986850256
2024-03-20,0.99,0.9845,0.005586592178770999
2024-03-21,1.008,0.9883,0.01993321865830211
2024-03-22,1.009,0.9902,0.018986063421530863
2024-03-25,1.005,0.9867,0.01854667072058369
2024-03-26,1.01,0.9823,0.028199124503715867
2024-03-27,1.007,0.986,0.02129817444219051
2024-03-28,1.008,0.9846,0.02376599634369292
2024-03-29,1.005,0.9846,0.02071907373552695
2024-04-01,1.011,0.9865,0.02483527622909265
2024-04-02,1.007,0.9777,0.029968292932392337
2024-04-03,0.998,0.9797,0.018679187506379424
2024-04-08,0.997,0.9764,0.02109791069233924
2024-04-09,0.999,0.9803,0.019075793124553764
2024-04-10,1.004,0.9722,0.03270931907015018
2024-04-11,0.994,0.9882,0.005869257235377567
2024-04-12,1.01,0.972,0.039094650205761416
2024-04-15,0.999,0.9561,0.044869783495450344
2024-04-16,0.974,0.957,0.017763845350052154
2024-04-17,0.973,0.9451,0.029520685641730937
2024-04-18,0.971,0.9397,0.03330850271363195
2024-04-19,0.952,0.9205,0.034220532319391594
2024-04-22,0.946,0.9297,0.017532537377648705
2024-04-23,0.947,0.944,0.0031779661016948513
2024-04-24,0.969,0.9467,0.023555508608851694
2024-04-25,0.954,0.9415,0.01327668613913957
2024-04-26,0.972,0.9572,0.015461763476807278
2024-04-29,0.976,0.9605,0.016137428422696498
2024-04-30,0.978,0.9421,0.03810635813607899
2024-05-06,0.981,0.977,0.004094165813715467
2024-05-07,0.99,0.9769,0.013409765585013833
2024-05-08,0.992,0.9767,0.015664994368792762
2024-05-09,0.99,0.9784,0.011856091578086536
2024-05-10,0.995,0.9806,0.014684886803997488
2024-05-13,1.0,0.9825,0.01781170483460559
2024-05-14,1.0,0.9896,0.010509296685529579
2024-05-15,1.006,1.0044,0.0015929908403027326
2024-05-16,1.022,1.0021,0.019858297575092276
2024-05-17,1.02,1.0016,0.018370607028753927
2024-05-20,1.021,1.0084,0.012495041650138816
2024-05-21,1.027,1.0108,0.016026909378709986
2024-05-22,1.031,1.0104,0.020387965162312005
2024-05-23,1.04,1.0065,0.033283656234476044
2024-05-24,1.022,1.0165,0.0054107230693556385
2024-05-27,1.036,1.0163,0.019384040145626447
2024-05-28,1.04,1.0202,0.01940795922368177
2024-05-29,1.035,1.0133,0.021415178130859358
2024-05-30,1.025,1.0023,0.0226479098074428
2024-05-31,1.019,1.0017,0.017270639912149166
2024-06-03,1.025,1.0053,0.01959614045558533
2024-06-04,1.021,1.0083,0.012595457701080948
2024-06-05,1.029,1.0289,9.719117504136676e-05
2024-06-06,1.051,1.0285,0.021876519202722378
2024-06-07,1.051,1.0274,0.022970605411718692
2024-06-11,1.053,1.039,0.013474494706448459
2024-06-12,1.062,1.0529,0.008642796086997917
2024-06-13,1.083,1.0584,0.023242630385487573
2024-06-14,1.083,1.0633,0.018527226558826326
2024-06-17,1.088,1.076,0.011152416356877248
2024-06-18,1.102,1.0764,0.023782980304719592
2024-06-19,1.102,1.0764,0.023782980304719592
2024-06-20,1.108,1.0684,0.03706476974915773
2024-06-21,1.094,1.0655,0.02674800563115931
2024-06-24,1.09,1.0532,0.03494113178883418
2024-06-25,1.077,1.0661,0.010224181596472981
2024-06-26,1.094,1.0692,0.02319491208380109
2024-06-27,1.093,1.0714,0.020160537614336338
2024-06-28,1.107,1.0654,0.03904636756147939
2024-07-01,1.105,1.0723,0.030495197239578387
2024-07-02,1.107,1.0834,0.021783274875392333
2024-07-03,1.131,1.0933,0.034482758620689724
2024-07-04,1.135,1.0932,0.038236370289059796
2024-07-05,1.144,1.1042,0.03604419489222943
2024-07-08,1.155,1.1065,0.04383190239493895
2024-07-09,1.16,1.1077,0.04721494989618136
2024-07-10,1.151,1.1203,0.027403374096224287
2024-07-11,1.165,1.0949,0.06402411179103118
2024-07-12,1.122,1.1008,0.01925872093023262
2024-07-15,1.154,1.1037,0.04557397843616928
2024-07-16,1.152,1.1044,0.04310032596885183
2024-07-17,1.14,1.0719,0.06353204589980388
2024-07-18,1.121,1.0665,0.05110173464603851
2024-07-19,1.104,1.057,0.04446546830652798
2024-07-22,1.102,1.0736,0.026453055141579807
2024-07-23,1.111,1.0698,0.03851187137782763
2024-07-24,1.092,1.0314,0.05875509016870262
2024-07-25,1.062,1.02,0.04117647058823537
2024-07-26,1.062,1.0296,0.03146853146853146
2024-07-29,1.083,1.0322,0.049215268358845154
2024-07-30,1.069,1.0187,0.04937665652301959
2024-07-31,1.073,1.0488,0.023073989321128918
2024-08-01,1.101,1.0234,0.07582567910885274
2024-08-02,1.041,1.0001,0.04089591040895901
2024-08-05,0.965,0.97,-0.005154639175257714
2024-08-06,1.001,0.9794,0.022054318970798237
2024-08-07,1.001,0.9695,0.03249097472924167
2024-08-08,0.984,0.9999,-0.015901590159015933
2024-08-09,1.012,1.0051,0.00686498855835227
2024-08-12,1.021,1.0069,0.014003376700764791
2024-08-13,1.028,1.0322,-0.004068978880061969
2024-08-14,1.048,1.0321,0.01540548396473218
2024-08-15,1.055,1.0571,-0.0019865670229873844
2024-08-16,1.098,1.0592,0.03663141993957719
2024-08-19,1.079,1.0725,0.0060606060606061
2024-08-20,1.103,1.0687,0.03209506877514734
2024-08-21,1.099,1.074,0.02327746741154546
2024-08-22,1.1,1.0549,0.04275286757038588
2024-08-23,1.089,1.0691,0.018613787297727002
2024-08-26,1.09,1.0552,0.03297952994692954
2024-08-27,1.075,1.0602,0.013959630258441713
2024-08-28,1.079,1.0477,0.02987496420731106
2024-08-29,1.055,1.0471,0.007544647120618864
2024-08-30,1.066,1.058,0.007561436672967936
2024-09-02,1.073,1.0565,0.015617605300520587
2024-09-03,1.073,1.0244,0.04744240531042565
2024-09-04,1.016,1.0229,-0.006745527422035269
2024-09-05,1.023,1.0215,0.001468428781203901
2024-09-06,1.026,0.9936,0.032608695652173836
2024-09-09,1.017,1.0071,0.009830205540661163
2024-09-10,1.024,1.018,0.005893909626718985
2024-09-11,1.032,1.0405,-0.008169149447381008
2024-09-12,1.066,1.051,0.014272121788772685
2024-09-13,1.071,1.0532,0.016900873528294724
2024-09-18,1.065,1.0419,0.022171033688453745
2024-09-19,1.076,1.0702,0.005419547748084508
2024-09-20,1.081,1.0626,0.017316017316017396
2024-09-23,1.086,1.064,0.020676691729323293
2024-09-24,1.08,1.0688,0.010479041916167775
2024-09-25,1.07,1.0659,0.003846514682428026
2024-09-26,1.086,1.0757,0.009575160360695278
2024-09-27,1.069,1.0664,0.002438109527381771
2024-09-30,1.064,1.0687,-0.004397866566856812
2024-10-08,1.058,1.0802,-0.020551749675985942
2024-10-09,1.075,1.0865,-0.010584445467096248
2024-10-10,1.089,1.0876,0.0012872379551305269
2024-10-11,1.088,1.0889,-0.0008265221783450016
2024-10-14,1.088,1.0978,-0.008926944798688274
2024-10-15,1.11,1.0845,0.02351313969571245
2024-10-16,1.098,1.0905,0.00687757909215958
2024-10-17,1.104,1.0918,0.011174207730353602
2024-10-18,1.096,1.0997,-0.0033645539692641613
2024-10-21,1.099,1.0976,0.0012755102040817867
2024-10-22,1.099,1.1025,-0.0031746031746032743
2024-10-23,1.104,1.0856,0.016949152542373058
2024-10-24,1.092,1.0951,-0.002830791708519631
2024-10-25,1.097,1.0987,-0.0015472831528170472
2024-10-28,1.11,1.1017,0.007533811382409272
2024-10-29,1.107,1.112,-0.004496402877697925
2024-10-30,1.119,1.1049,0.01276133586749939
2024-10-31,1.099,1.0759,0.021470396877033116
2024-11-01,1.085,1.082,0.0027726432532346745
2024-11-04,1.089,1.0791,0.00917431192660545
2024-11-05,1.084,1.0906,-0.006051714652484774
2024-11-06,1.123,1.1199,0.0027681042950264967
2024-11-07,1.14,1.1472,-0.006276150627615107
2024-11-08,1.15,1.1446,0.00471780534684596
2024-11-11,1.158,1.1493,0.007569825110937067
2024-11-12,1.16,1.1498,0.008871108018785767
2024-11-13,1.152,1.1488,0.0027855153203342198
2024-11-14,1.156,1.1408,0.0133239831697054
2024-11-15,1.139,1.114,0.022441651705565446
2024-11-18,1.13,1.1204,0.008568368439842766
2024-11-19,1.133,1.1282,0.00425456479347619
2024-11-20,1.145,1.1274,0.015611140677665558
2024-11-21,1.136,1.1315,0.003977021652673329
2024-11-22,1.147,1.1329,0.01244593521052173
2024-11-25,1.156,1.1341,0.019310466449166563
2024-11-26,1.156,1.1403,0.013768306585985934
2024-11-27,1.158,1.1319,0.023058574078982152
2024-11-28,1.155,1.1305,0.021671826625387025
2024-11-29,1.154,1.1402,0.012103139800034857
2024-12-02,1.16,1.1526,0.006420267221932896
2024-12-03,1.18,1.1578,0.01917429607876997
2024-12-04,1.186,1.1711,0.012723080864144753
2024-12-05,1.195,1.1668,0.024168666438121322
2024-12-06,1.19,1.1765,0.011474713132171521
2024-12-09,1.208,1.168,0.03424657534246589
2024-12-10,1.197,1.165,0.02746781115879826
2024-12-11,1.197,1.1855,0.009700548291859956
2024-12-12,1.221,1.1777,0.03676657892502355
2024-12-13,1.228,1.1862,0.03523857696847088
2024-12-16,1.244,1.2028,0.034253408713002864
2024-12-17,1.259,1.198,0.05091819699499167
2024-12-18,1.266,1.1551,0.09600900354947628
2024-12-19,1.234,1.1503,0.07276362687994431
2024-12-20,1.207,1.1595,0.04096593359206557
2024-12-23,1.251,1.171,0.06831767719897508
2024-12-24,1.25,1.1869,0.05316370376611346
2024-12-25,1.261,1.1867,0.06261060082581937
2024-12-26,1.263,1.1858,0.0651037274413897
2024-12-27,1.255,1.1698,0.07283296289964092
2024-12-30,1.239,1.1549,0.07282015758940164
2024-12-31,1.231,1.145,0.07510917030567699
2025-01-02,1.246,1.1426,0.09049536145632753
2025-01-03,1.24,1.1613,0.06776887970378032
2025-01-06,1.274,1.1743,0.08490164353231733
2025-01-07,1.264,1.1538,0.09551048708615029
2025-01-08,1.257,1.1545,0.08878302295365947
2025-01-09,1.252,1.1544,0.08454608454608437
2025-01-10,1.247,1.1365,0.09722833260008801
2025-01-13,1.216,1.1331,0.0731621216132734
2025-01-14,1.233,1.1313,0.08989657915672256
2025-01-15,1.223,1.1573,0.05677006826233488
2025-01-16,1.249,1.1491,0.08693760334174572
2025-01-17,1.244,1.1679,0.06515968832948027
2025-01-20,1.262,1.1677,0.08075704376124015
2025-01-21,1.264,1.1716,0.07886650734038914
2025-01-22,1.27,1.1866,0.07028484746334063
2025-01-23,1.257,1.1892,0.05701311806256304
2025-01-24,1.259,1.1824,0.06478349120433013
2025-01-27,1.229,1.1476,0.07093063785291065
2025-02-05,1.231,1.1733,0.049177533452654965
2025-02-06,1.243,1.1787,0.05455162467124808
2025-02-07,1.237,1.1634,0.0632628502664605
2025-02-10,1.223,1.1774,0.038729403771021076
2025-02-11,1.222,1.1742,0.040708567535343354
2025-02-12,1.219,1.1753,0.03718199608610573
2025-02-13,1.222,1.1922,0.024995806072806603
2025-02-14,1.231,1.1965,0.028834099456749085
2025-02-17,1.231,1.1963,0.029006102148290802
2025-02-18,1.239,1.1985,0.03379224030037564
2025-02-19,1.233,1.1998,0.027671278546424594
2025-02-20,1.222,1.1946,0.022936547798426243
2025-02-21,1.214,1.1699,0.0376955295324386
2025-02-24,1.195,1.1565,0.03329009943795924
2025-02-25,1.176,1.1421,0.029682164433937563
2025-02-26,1.173,1.1445,0.02490170380078638
2025-02-27,1.18,1.1134,0.0598167774384768
2025-02-28,1.134,1.1313,0.0023866348448686736
2025-03-03,1.159,1.1067,0.04725761272250839
2025-03-04,1.137,1.1027,0.031105468395755898
2025-03-05,1.147,1.1171,0.026765732700743117
2025-03-06,1.148,1.0861,0.056992910413405706
2025-03-07,1.125,1.0942,0.02814841893620912
2025-03-10,1.12,1.0531,0.06352673060488101
2025-03-11,1.074,1.0503,0.022564981433876197
2025-03-12,1.08,1.0615,0.017428167687234986
2025-03-13,1.073,1.042,0.029750479846448963
2025-03-14,1.082,1.068,0.013108614232209659
2025-03-17,1.086,1.073,0.012115563839701915
2025-03-18,1.093,1.0558,0.03523394582307238
2025-03-19,1.085,1.069,0.014967259120673537
2025-03-20,1.11,1.0666,0.04069004312769553
2025-03-21,1.106,1.071,0.03267973856209161
2025-03-24,1.131,1.0942,0.03363187717053551
2025-03-25,1.145,1.1001,0.04081447141168981
2025-03-26,1.141,1.0796,0.056872915894776055
2025-03-27,1.118,1.0734,0.04155021427240557
2025-03-28,1.111,1.0452,0.06295445847684666
2025-03-31,1.065,1.0454,0.0187488042854409
2025-04-01,1.084,1.0538,0.028658189409755064
2025-04-02,1.09,1.062,0.026365348399246757
2025-04-03,1.065,1.0061,0.05854288838087651
2025-04-07,0.959,0.9483,0.011283349151112398
2025-04-08,0.994,0.9307,0.06801332330503929
2025-04-09,0.989,1.0417,-0.05059038110780467
2025-04-10,1.08,0.9988,0.08129755706848218
2025-04-11,1.068,1.0173,0.04983780595694487
2025-04-14,1.082,1.0234,0.057260113347664676
2025-04-15,1.067,1.0252,0.04077253218884125
2025-04-16,1.043,0.9947,0.04855735397607308
2025-04-17,1.054,0.9941,0.06025550749421593
2025-04-18,1.045,0.9939,0.05141362310091546
2025-04-21,1.039,0.9695,0.07168643630737481
2025-04-22,1.038,0.9948,0.043425814234016924
2025-04-23,1.073,1.0177,0.05433821361894453
2025-04-24,1.059,1.0455,0.012912482065996933
2025-04-25,1.09,1.0569,0.031318005487747325
2025-04-28,1.094,1.0563,0.0356906181955885
2025-04-29,1.093,1.0624,0.02880271084337349
2025-04-30,1.094,1.0636,0.028582173749529982
2025-05-06,1.101,1.0749,0.024281328495673993
2025-05-07,1.104,1.079,0.02316960148285463
2025-05-08,1.119,1.0905,0.026134800550206227
2025-05-09,1.118,1.0906,0.025123785072437288
2025-05-12,1.139,1.1335,0.00485222761358628
2025-05-13,1.149,1.1502,-0.0010432968179445723
2025-05-14,1.181,1.1563,0.021361238432932472
2025-05-15,1.174,1.1573,0.014430139116909935
2025-05-16,1.176,1.1621,0.011961104896308417
2025-05-19,1.165,1.1627,0.001978154296035095
2025-05-20,1.177,1.1588,0.015705902657922044
2025-05-21,1.164,1.1436,0.01783840503672618
2025-05-22,1.156,1.1448,0.009783368273934112
2025-05-23,1.152,1.1345,0.015425297487879908
2025-05-26,1.156,1.1331,0.020210043244197173
2025-05-27,1.165,1.1601,0.004223773812602527
2025-05-28,1.178,1.1552,0.019736842105263053
2025-05-29,1.196,1.1577,0.03308283665889267
2025-05-30,1.172,1.1558,0.014016265789928983
2025-06-03,1.176,1.1735,0.0021303792074989225
2025-06-04,1.185,1.1769,0.006882487891919364
2025-06-05,1.181,1.1668,0.012170037709976045
2025-06-06,1.177,1.1779,-0.000764071652941567
2025-06-09,1.181,1.1805,0.00042354934349853046
2025-06-10,1.182,1.1878,-0.004882976932143457
2025-06-11,1.186,1.1828,0.002705444707473692
2025-06-12,1.182,1.1857,-0.0031205195243316775
2025-06-13,1.169,1.1705,-0.00128150363092705
2025-06-16,1.179,1.187,-0.006739679865206405
2025-06-17,1.184,1.1746,0.00800272433168736
2025-06-18,1.18,1.1749,0.004340794961273264
2025-06-19,1.173,1.1744,-0.0011920980926430902
2025-06-20,1.175,1.1697,0.004531076344361784
2025-06-23,1.171,1.1814,-0.008803114948366275
2025-06-24,1.2,1.1976,0.002004008016031955
2025-06-25,1.202,1.2004,0.0013328890369876945
2025-06-26,1.205,1.2107,-0.004708020153630144
2025-06-27,1.218,1.215,0.0024691358024691024
2025-06-30,1.226,1.222,0.003273322422258529
2025-07-01,1.22,1.2105,0.00784799669558045
2025-07-02,1.22,1.2194,0.0004920452681647092
2025-07-03,1.223,1.231,-0.006498781478472826
2025-07-04,1.23,1.2312,-0.0009746588693957392
2025-07-07,1.229,1.2209,0.006634449995904568
2025-07-08,1.23,1.2223,0.006299599116419863
2025-07-09,1.224,1.231,-0.005686433793663737
2025-07-10,1.231,1.2287,0.0018718971270450524
2025-07-11,1.228,1.2256,0.001958224543080922
2025-07-14,1.22,1.2296,-0.007807417046193921
2025-07-15,1.239,1.2312,0.006335282651072083
2025-07-16,1.231,1.2327,-0.0013790865579620393
2025-07-17,1.241,1.2405,0.00040306328093531185
2025-07-18,1.249,1.2403,0.0070144319922600396
2025-07-21,1.248,1.2468,0.0009624639076035724
2025-07-22,1.249,1.2397,0.0075018149552312785
2025-07-23,1.247,1.2442,0.0022504420511173517
2025-07-24,1.248,1.2468,0.0009624639076035724
2025-07-25,1.25,1.25,0.0
2025-07-28,1.263,1.2552,0.006214149139579295
2025-07-29,1.263,1.2535,0.007578779417630521
2025-07-30,1.259,1.2543,0.003747109941800053
2025-07-31,1.279,1.2484,0.024511374559436083
2025-08-01,1.255,1.224,0.025326797385620825
2025-08-04,1.237,1.2447,-0.0061862296135613
2025-08-05,1.26,1.2352,0.020077720207253735
2025-08-06,1.253,1.2514,0.001278568003835634
2025-08-07,1.263,1.2543,0.006936139679502462
2025-08-08,1.267,1.267,0.0
2025-08-11,1.283,1.2631,0.015754888765735053
2025-08-12,1.279,1.2801,-0.0008593078665729559
2025-08-13,1.293,1.2794,0.010629982804439386
2025-08-14,1.29,1.2785,0.00899491591709034
2025-08-15,1.294,1.2726,0.016815967311016866
2025-08-18,1.283,1.2717,0.008885743492962117
2025-08-19,1.28,1.2547,0.020164182673149122
2025-08-20,1.264,1.2479,0.01290167481368698
2025-08-21,1.268,1.2407,0.022003707584428156
2025-08-22,1.256,1.2601,-0.0032537100230140004
2025-08-25,1.276,1.2536,0.01786853860880666
2025-08-26,1.268,1.2593,0.006908600015881783
2025-08-27,1.281,1.2601,0.016585985239266687
2025-08-28,1.271,1.2665,0.0035530990919856453
2025-08-29,1.271,1.2507,0.01623091069001359
2025-09-01,1.257,1.2513,0.004555262526971804
2025-09-02,1.258,1.2417,0.013127164371426359
2025-09-03,1.256,1.2518,0.003355168557277466
2025-09-04,1.263,1.2624,0.000475285171102513
2025-09-05,1.278,1.2638,0.011235955056179803
2025-09-08,1.272,1.269,0.0023640661938535423
2025-09-09,1.277,1.2726,0.003457488606003478
2025-09-10,1.283,1.2741,0.006985322973078967
2025-09-11,1.282,1.2811,0.0007025212707829631
2025-09-12,1.286,1.2863,-0.0002332270854388252
2025-09-15,1.293,1.2977,-0.0036217924019420478
2025-09-16,1.303,1.2961,0.005323663297585046
2025-09-17,1.298,1.2931,0.0037893434382492153
2025-09-18,1.307,1.3065,0.00038270187523914423
2025-09-19,1.31,1.3163,-0.004786142976525132
2025-09-22,1.323,1.3232,-0.00015114873035060317
2025-09-23,1.342,1.3128,0.022242535039610045
2025-09-24,1.329,1.3091,0.015201283324421277
2025-09-25,1.324,1.3041,0.015259565984203638
2025-09-26,1.32,1.3104,0.0073260073260073
2025-09-29,1.34,1.3147,0.019243933977333372
2025-09-30,1.339,1.3177,0.016164529103741332
2025-10-09,1.363,1.3404,0.016860638615338708
2025-10-10,1.366,1.2927,0.05670302467703259
2025-10-13,1.347,1.3199,0.020531858474126752
2025-10-14,1.331,1.3111,0.015178094729616287
2025-10-15,1.353,1.3194,0.025466120964074745
2025-10-16,1.363,1.3142,0.037132856490640576
2025-10-17,1.329,1.3223,0.005066928836118922
2025-10-20,1.369,1.3397,0.021870568037620552
2025-10-21,1.39,1.3382,0.03870871319683156
2025-10-22,1.41,1.3255,0.06374952847981885
2025-10-23,1.41,1.3363,0.05515228616328649
2025-10-24,1.43,1.3501,0.05918080142211668
2025-10-27,1.458,1.3738,0.0612898529625856
2025-10-28,1.456,1.3835,0.05240332490061439
2025-10-29,1.481,1.389,0.06623470122390218
2025-10-30,1.462,1.3689,0.06801081160055511
2025-10-31,1.458,1.3757,0.059824089554408655
2025-11-03,1.456,1.3815,0.05392689106044157
2025-11-04,1.436,1.3533,0.06110987955368352
2025-11-05,1.425,1.3633,0.04525783026479879
2025-11-06,1.451,1.3367,0.08550908954888903
2025-11-07,1.435,1.3323,0.07708474067402227
2025-11-10,1.462,1.3619,0.07350025699390539
2025-11-11,1.467,1.358,0.08026509572901319
2025-11-12,1.472,1.3565,0.08514559528197552
2025-11-13,1.467,1.3294,0.10350534075522799
2025-11-14,1.427,1.3295,0.07333584054155717
2025-11-17,1.428,1.3183,0.08321322915876506
2025-11-18,1.381,1.3034,0.059536596593524616
2025-11-19,1.376,1.3109,0.04966053856129382
2025-11-20,1.427,1.2808,0.11414740787008126
2025-11-21,1.383,1.2901,0.07200992171149512
2025-11-24,1.394,1.3229,0.05374555899916844
2025-11-25,1.422,1.3302,0.06901217861975639
2025-11-26,1.443,1.3412,0.07590217715478675
2025-11-27,1.437,1.3409,0.07166828249683044
2025-11-28,1.452,1.3515,0.074361820199778
2025-12-01,1.439,1.346,0.0690936106983655
2025-12-02,1.44,1.3579,0.06046100596509296
2025-12-03,1.458,1.3599,0.07213765718067489
2025-12-04,1.458,1.3582,0.07347960536003528
2025-12-05,1.459,1.3644,0.06933450600996771
2025-12-08,1.453,1.3612,0.06744049368204541
2025-12-09,1.432,1.3634,0.05031538800058666
2025-12-10,1.44,1.3687,0.05209322714985021
2025-12-11,1.428,1.3627,0.04791957143905479
2025-12-12,1.431,1.3359,0.07118796317089604
2025-12-15,1.414,1.3294,0.06363773130735662
2025-12-16,1.394,1.3318,0.04670370926565526
2025-12-17,1.407,1.3058,0.07750038290703021
2025-12-18,1.395,1.3254,0.052512449071978384
2025-12-19,1.414,1.3419,0.053729786124152135
2025-12-22,1.441,1.3486,0.068515497553018
2025-12-23,1.435,1.3554,0.05872805075992327
2025-12-24,1.432,1.3579,0.05456955593195367
2025-12-25,1.426,1.3564,0.051312297257446016
2025-12-26,1.424,1.3551,0.050844956091801397
2025-12-29,1.416,1.3482,0.05028927458833987
2025-12-30,1.42,1.3452,0.055605114481118045
2025-12-31,1.413,1.3329,0.06009453072248494
2026-01-05,1.43,1.3396,0.06748283069573002
2026-01-06,1.43,1.3508,0.05863192182410426
2026-01-07,1.427,1.3519,0.0555514461128781
2026-01-08,1.422,1.3444,0.05772091639393029
2026-01-09,1.418,1.3566,0.04526020934689656
2026-01-12,1.412,1.3572,0.04037724727379888
2026-01-13,1.421,1.3547,0.04894072488373813
2026-01-14,1.413,1.3405,0.05408429690414018
2026-01-15,1.413,1.3437,0.051574012056262664
2026-01-16,1.41,1.3429,0.04996649043115631
2026-01-19,1.395,1.3423,0.03926096997690531
2026-01-20,1.386,1.3124,0.05608046327339222
2026-01-21,1.381,1.3304,0.03803367408298253
2026-01-22,1.409,1.3411,0.050630079785251025
2026-01-23,1.401,1.3439,0.04248828037800423
2026-01-26,1.387,1.3479,0.029008086653312448
2026-01-27,1.403,1.36,0.03161764705882342
2026-01-28,1.418,1.3625,0.04073394495412841
2026-01-29,1.409,1.3554,0.0395455216172349
2026-01-30,1.396,1.3365,0.04451926674148887
2026-02-02,1.359,1.3464,0.009358288770053402
2026-02-03,1.388,1.3239,0.048417554195936185
2026-02-04,1.379,1.2994,0.06125904263506232
2026-02-05,1.367,1.2822,0.0661363281859304
2026-02-06,1.344,1.3096,0.026267562614538775
2026-02-09,1.371,1.3184,0.039896844660194164
2026-02-10,1.374,1.31,0.04885496183206106
2026-02-11,1.37,1.3134,0.043094259174661254
2026-02-12,1.369,1.287,0.06371406371406385
2026-02-13,1.363,1.2883,0.057983388962198346
2026-02-24,1.352,1.3012,0.03904088533661243
2026-02-25,1.353,1.3177,0.026789102223571337
2026-02-26,1.361,1.3008,0.04627921279212788
2026-02-27,1.35,1.2969,0.04094378903539231
2026-03-02,1.337,1.2987,0.029491029491029552
2026-03-03,1.332,1.282,0.03900156006240252
2026-03-04,1.311,1.3018,0.007067137809187107
2026-03-05,1.343,1.2959,0.03634539702137496
2026-03-06,1.342,1.277,0.05090054815974954
2026-03-09,1.31,1.2959,0.010880469172003915
2026-03-10,1.332,1.2923,0.030720420954886585
2026-03-11,1.335,1.2915,0.03368176538908241
2026-03-12,1.327,1.2701,0.04479962207700172
2026-03-13,1.315,1.2631,0.041089383263399615
2026-03-16,1.324,1.278,0.03599374021909241
2026-03-17,1.316,1.2827,0.025960863802915846
2026-03-18,1.333,1.2635,0.05500593589236247
2026-03-19,1.309,1.2611,0.037982713504083554
2026-03-20,1.3,1.2365,0.05135463000404372
2026-03-23,1.257,1.2536,0.0027121888959793505
2026-03-24,1.281,1.2424,0.031068898905344478
2026-03-25,1.292,1.2499,0.033682694615569275
2026-03-26,1.281,1.2228,0.04759568204121667
2026-03-27,1.276,1.2008,0.06262491672218506
2026-03-30,1.254,1.1929,0.05121971665688663
2026-03-31,1.251,1.2327,0.014845461182769526
2026-04-01,1.303,1.2443,0.0471751185405449
2026-04-02,1.284,1.2432,0.032818532818532864
2026-04-03,1.284,1.244,0.032154340836012985
2026-04-07,1.284,1.2505,0.026789284286285575
2026-04-08,1.35,1.2832,0.05205735660847899
2026-04-09,1.336,1.2918,0.03421582288279912
2026-04-10,1.347,1.2937,0.04119965989023733
2026-04-13,1.338,1.3073,0.023483515642928277
2026-04-14,1.359,1.3297,0.022035045498984607
2026-04-15,1.383,1.3482,0.02581219403649304
2026-04-16,1.412,1.3553,0.04183575592119815
2026-04-17,1.404,1.3729,0.022652778789423733
2026-04-20,1.404,1.3693,0.02534141532169709
2026-04-21,1.4,1.3625,0.02752293577981635
2026-04-22,1.407,1.3862,0.015005049776366963
2026-04-23,1.417,1.3788,0.027705250942848814
2026-04-24,1.418,1.4054,0.008965419097765714
2026-04-27,1.45,1.403,0.03349964362081259
2026-04-28,1.457,1.3892,0.04880506766484305
2026-04-29,1.452,1.3974,0.03907256333190201
2026-04-30,1.456,1.4112,0.03174603174603163
2026-05-06,1.496,1.4685,0.01872659176029967
2026-05-07,1.537,1.4652,0.049003549003548974
2026-05-08,1.54,1.4999,0.02673511567437825
2026-05-11,1.577,1.5035,0.048885932823411915
2026-05-12,1.558,1.4895,0.04598858677408524
2026-05-13,1.571,1.5051,0.04378446614842857
2026-05-14,1.577,1.5155,0.040580666446717206
2026-05-15,1.564,1.4926,0.04783599088838275
2026-05-18,1.524,1.4864,0.025296017222820266
2026-05-19,1.52,1.476,0.02981029810298108
2026-05-20,1.533,1.5008,0.021455223880596952
2026-05-21,1.561,1.5029,0.0386585933861201
2026-05-22,1.588,1.5097,0.051864608862687955
2026-05-25,1.645,1.5085,0.09048723897911848
2026-05-26,1.614,1.5342,0.05201407899882682
2026-05-27,1.649,1.5328,0.07580897703549061
2026-05-28,1.646,1.5445,0.06571706053739068
2026-05-29,1.694,1.5488,0.09375
2026-06-01,1.764,1.5577,0.13243885215381646
2026-06-02,1.735,1.5657,0.1081305486363926
2026-06-03,1.707,1.5609,0.09359984624255246
2026-06-04,1.673,1.5531,0.07720043783400943
2026-06-05,1.641,1.4782,0.11013394669192267
2026-06-08,1.569,1.5019,0.04467674279246281
2026-06-09,1.632,1.4839,0.09980456904104051
2026-06-10,1.585,1.4542,0.08994636226103703
2026-06-11,1.576,1.502,0.04926764314247678
2026-06-12,1.598,1.5107,0.05778778049910649
2026-06-15,1.677,1.5562,0.07762498393522677
2026-06-16,1.692,1.5271,0.10798245039617571
2026-06-17,1.698,1.5118,0.12316443974070634
2026-06-18,1.693,1.5502,0.09211714617468725
2026-06-22,1.686,1.5476,0.08942879296975947
2026-06-23,1.628,1.4966,0.0877990110918081
2026-06-24,1.644,1.4905,0.10298557531029862
2026-06-25,1.657,1.5023,0.10297543766225115
2026-06-26,1.609,1.4844,0.0839396389113447
2026-06-29,1.63,1.5182,0.0736398366486628
2026-06-30,1.648,1.5424,0.06846473029045641
2026-07-01,1.652,1.5175,0.08863261943986811
2026-07-02,1.614,1.493,0.0810448760884126
2026-07-03,1.622,1.4921,0.08705850814288585
2026-07-06,1.625,1.5114,0.07516210136297463
2026-07-07,1.624,1.4841,0.09426588504817746
2026-07-08,1.595,1.4887,0.07140458117820914
2026-07-09,1.618,1.5121,0.07003505059189208
2026-07-10,1.619,1.516,0.06794195250659629
2026-07-13,1.608,1.4868,0.08151735270379357
2026-07-14,1.613,1.5036,0.07275871242351695
2026-07-15,1.629,1.4974,0.08788566849205282
2026-07-16,1.61,1.473,0.09300746775288538
2026-07-17,1.561,1.4514,0.07551329750585634
2026-07-20,1.551,1.4522,0.06803470596336592
2026-07-21,1.589,1.4796,0.07393890240605572
2026-07-22,1.587,1.472,0.078125
2026-07-23,1.589,1.4438,0.10056794569885019
2026-07-24,1.569,1.4277,0.0989703719268753
2026-07-27,1.579,1.4224,0.11009561304836879
2026-07-28,1.534,1.4086,0.08902456339628007
2026-07-29,1.538,1.379,0.11530094271211033
2026-07-30,1.516,1.379,0.09934735315445975
