date,close,unit_nav,premium
2013-05-15,0.997,1.001,-0.003996003996003861
2013-05-16,0.999,1.003,-0.003988035892322883
2013-05-17,0.997,1.004,-0.006972111553784854
2013-05-20,0.997,1.006,-0.008946322067594492
2013-05-21,0.997,1.006,-0.008946322067594492
2013-05-22,0.999,0.999,0.0
2013-05-23,0.991,0.998,-0.007014028056112176
2013-05-24,0.994,0.997,-0.0030090270812437314
2013-05-27,0.995,0.997,-0.0020060180541624506
2013-05-28,0.992,1.002,-0.009980039920159722
2013-05-29,0.996,0.998,-0.002004008016032066
2013-05-30,0.992,1.002,-0.009980039920159722
2013-05-31,0.998,0.994,0.004024144869215318
2013-06-03,0.99,0.996,-0.0060240963855421326
2013-06-04,0.993,0.99,0.003030303030302939
2013-06-05,0.989,0.98,0.009183673469387754
2013-06-06,0.973,0.983,-0.010172939979654183
2013-06-07,0.973,0.993,-0.020140986908358527
2013-06-13,0.966,0.985,-0.019289340101522834
2013-06-14,0.979,0.979,0.0
2013-06-17,0.976,0.987,-0.011144883485309065
2013-06-18,0.984,0.996,-0.012048192771084376
2013-06-19,0.998,0.985,0.013197969543147225
2013-06-20,0.981,0.961,0.020811654526534884
2013-06-21,0.96,0.958,0.0020876826722338038
2013-06-24,0.952,0.949,0.0031612223393044925
2013-06-25,0.947,0.955,-0.008376963350785305
2013-06-26,0.946,0.964,-0.018672199170124526
2013-06-27,0.957,0.968,-0.011363636363636354
2013-06-28,0.963,0.969,-0.006191950464396245
2013-07-01,0.965,0.975,-0.01025641025641022
2013-07-02,0.972,0.975,-0.003076923076923088
2013-07-03,0.973,0.98,-0.0071428571428571175
2013-07-04,0.978,0.98,-0.0020408163265306367
2013-07-05,0.989,0.987,0.0020263424518742745
2013-07-08,0.998,0.988,0.010121457489878471
2013-07-09,0.996,0.993,0.0030211480362538623
2013-07-10,0.999,0.997,0.0020060180541625616
2013-07-11,1.004,1.016,-0.011811023622047223
2013-07-12,1.019,1.022,-0.0029354207436400603
2013-07-15,1.023,1.024,-0.000976562500000111
2013-07-16,1.019,1.024,-0.004882812500000111
2013-07-17,1.019,1.026,-0.006822612085770063
2013-07-18,1.02,1.024,-0.00390625
2013-07-19,1.019,1.013,0.005923000987166915
2013-07-22,1.015,1.016,-0.0009842519685040463
2013-07-23,1.016,1.008,0.007936507936507908
2013-07-24,1.0,1.011,-0.010880316518298572
2013-07-25,1.0,1.019,-0.018645731108930197
2013-07-26,1.01,1.023,-0.012707722385141618
2013-07-29,1.015,1.021,-0.005876591576885359
2013-07-30,1.011,1.027,-0.015579357351509282
2013-07-31,1.013,1.029,-0.01554907677356654
2013-08-01,1.014,1.04,-0.025000000000000022
2013-08-02,1.023,1.046,-0.02198852772466553
2013-08-05,1.031,1.046,-0.014340344168260133
2013-08-06,1.03,1.039,-0.008662175168431041
2013-08-07,1.017,1.037,-0.01928640308582452
2013-08-08,1.018,1.042,-0.02303262955854124
2013-08-09,1.026,1.037,-0.01060752169720336
2013-08-12,1.019,1.039,-0.019249278152069338
2013-08-13,1.019,1.045,-0.024880382775119614
2013-08-14,1.021,1.041,-0.019212295869356355
2013-08-15,1.017,1.023,-0.0058651026392961825
2013-08-16,1.001,1.021,-0.019588638589618013
2013-08-19,1.0,1.02,-0.019607843137254943
2013-08-20,0.995,1.025,-0.029268292682926744
2013-08-21,1.001,1.021,-0.019588638589618013
2013-08-22,0.998,1.031,-0.03200775945683798
2013-08-23,1.015,1.039,-0.023099133782483183
2013-08-26,1.019,1.037,-0.017357762777242103
2013-08-27,1.017,1.017,0.0
2013-08-28,0.996,1.02,-0.02352941176470591
2013-08-29,1.002,1.027,-0.02434274586173313
2013-08-30,1.009,1.021,-0.01175318315377083
2013-09-02,1.012,1.021,-0.008814887365327984
2013-09-03,1.015,1.027,-0.011684518013631906
2013-09-04,1.013,1.038,-0.024084778420038644
2013-09-05,1.019,1.039,-0.019249278152069338
2013-09-06,1.016,1.041,-0.02401536983669539
2013-09-09,1.026,1.052,-0.024714828897338448
2013-09-10,1.028,1.057,-0.027436140018921362
2013-09-11,1.03,1.055,-0.023696682464454888
2013-09-12,1.031,1.053,-0.02089268755935425
2013-09-13,1.028,1.054,-0.024667931688804545
2013-09-16,1.04,1.051,-0.010466222645099776
2013-09-17,1.029,1.059,-0.028328611898017053
2013-09-18,1.041,1.072,-0.028917910447761375
2013-09-23,1.063,1.067,-0.0037488284910965897
2013-09-24,1.06,1.067,-0.006560449859418838
2013-09-25,1.06,1.063,-0.002822201317027151
2013-09-26,1.06,1.071,-0.010270774976657182
2013-09-27,1.071,1.07,0.0009345794392521256
2013-09-30,1.056,1.066,-0.009380863039399667
2013-10-08,1.054,1.045,0.008612440191387627
2013-10-09,1.04,1.042,-0.0019193857965451588
2013-10-10,1.042,1.064,-0.020676691729323293
2013-10-11,1.065,1.072,-0.006529850746268773
2013-10-14,1.067,1.079,-0.011121408711770142
2013-10-15,1.081,1.075,0.005581395348837281
2013-10-16,1.079,1.087,-0.007359705611775569
2013-10-17,1.096,1.093,0.0027447392497714773
2013-10-18,1.101,1.109,-0.007213706041478862
2013-10-21,1.114,1.111,0.0027002700270029045
2013-10-22,1.156,1.113,0.038634321653189474
2013-10-23,1.14,1.106,0.030741410488245746
2013-10-24,1.121,1.111,0.00900090009000909
2013-10-25,1.139,1.118,0.01878354203935584
2013-10-28,1.141,1.118,0.020572450805008913
2013-10-29,1.123,1.121,0.001784121320249854
2013-10-30,1.128,1.12,0.0071428571428568954
2013-10-31,1.116,1.118,-0.0017889087656529634
2013-11-01,1.118,1.119,-0.0008936550491509543
2013-11-04,1.122,1.121,0.000892060660125038
2013-11-05,1.126,1.122,0.0035650623885916666
2013-11-06,1.134,1.122,0.010695187165775222
2013-11-07,1.134,1.101,0.029972752043596618
2013-11-08,1.125,1.114,0.009874326750448637
2013-11-11,1.128,1.112,0.014388489208633004
2013-11-12,1.126,1.113,0.011680143755615324
2013-11-13,1.117,1.126,-0.007992895204262829
2013-11-14,1.134,1.129,0.004428697962798767
2013-11-15,1.132,1.131,0.0008841732979663064
2013-11-18,1.132,1.12,0.010714285714285454
2013-11-19,1.116,1.117,-0.0008952551477170445
2013-11-20,1.098,1.113,-0.013477088948786964
2013-11-21,1.089,1.128,-0.034574468085106336
2013-11-22,1.108,1.134,-0.022927689594356093
2013-11-25,1.125,1.135,-0.008810572687224627
2013-11-26,1.121,1.142,-0.01838879159369522
2013-11-27,1.133,1.146,-0.011343804537521707
2013-11-28,1.142,1.146,-0.003490401396160525
2013-11-29,1.137,1.152,-0.01302083333333326
2013-12-02,1.136,1.149,-0.011314186248912228
2013-12-03,1.131,1.149,-0.015665796344647487
2013-12-04,1.132,1.15,-0.01565217391304352
2013-12-05,1.132,1.148,-0.013937282229965153
2013-12-06,1.132,1.155,-0.019913419913419994
2013-12-09,1.144,1.157,-0.011235955056179914
2013-12-10,1.145,1.156,-0.009515570934255924
2013-12-11,1.135,1.141,-0.005258545135845782
2013-12-12,1.118,1.138,-0.017574692442882123
2013-12-13,1.122,1.137,-0.01319261213720313
2013-12-16,1.121,1.143,-0.01924759405074372
2013-12-17,1.128,1.141,-0.011393514460999232
2013-12-18,1.122,1.154,-0.02772963604852674
2013-12-19,1.136,1.152,-0.01388888888888895
2013-12-20,1.137,1.164,-0.02319587628865971
2013-12-23,1.155,1.175,-0.017021276595744705
2013-12-24,1.173,1.176,-0.0025510204081631294
2013-12-25,1.175,1.176,-0.0008503401360543394
2013-12-26,1.175,1.18,-0.004237288135593098
2013-12-27,1.179,1.174,0.004258943781942248
2013-12-30,1.162,1.172,-0.008532423208191142
2013-12-31,1.163,1.178,-0.012733446519524572
2014-01-02,1.169,1.17,-0.0008547008547007406
2014-01-03,1.161,1.163,-0.0017196904557179593
2014-01-06,1.157,1.16,-0.002586206896551646
2014-01-07,1.156,1.17,-0.011965811965811923
2014-01-08,1.173,1.173,0.0
2014-01-09,1.172,1.169,0.002566295979469446
2014-01-10,1.171,1.171,0.0
2014-01-13,1.17,1.153,0.014744145706851564
2014-01-14,1.157,1.174,-0.014480408858603022
2014-01-15,1.168,1.184,-0.013513513513513487
2014-01-16,1.181,1.186,-0.004215851602023535
2014-01-17,1.183,1.179,0.003392705682782049
2014-01-20,1.18,1.179,0.0008481764206953457
2014-01-21,1.182,1.188,-0.005050505050505083
2014-01-22,1.182,1.191,-0.007556675062972418
2014-01-23,1.191,1.187,0.0033698399326032025
2014-01-24,1.186,1.163,0.019776440240756532
2014-01-27,1.162,1.153,0.007805724197744945
2014-01-28,1.16,1.151,0.007819287576020795
2014-01-29,1.174,1.139,0.030728709394205467
2014-01-30,1.163,1.16,0.002586206896551868
2014-02-07,1.16,1.169,-0.007698887938409005
2014-02-10,1.172,1.176,-0.003401360544217691
2014-02-11,1.171,1.188,-0.014309764309764272
2014-02-12,1.184,1.19,-0.005042016806722671
2014-02-13,1.177,1.2,-0.019166666666666554
2014-02-14,1.183,1.201,-0.014987510407993399
2014-02-17,1.187,1.201,-0.011656952539550347
2014-02-18,1.184,1.206,-0.018242122719734688
2014-02-19,1.196,1.199,-0.002502085070892557
2014-02-20,1.189,1.205,-0.01327800829875525
2014-02-21,1.203,1.203,0.0
2014-02-24,1.2,1.21,-0.008264462809917328
2014-02-25,1.215,1.208,0.005794701986755024
2014-02-26,1.225,1.207,0.014913007456503813
2014-02-27,1.227,1.215,0.009876543209876631
2014-02-28,1.25,1.214,0.029654036243822013
2014-03-03,1.239,1.205,0.028215767634854894
2014-03-04,1.225,1.221,0.003276003276003303
2014-03-05,1.24,1.224,0.013071895424836555
2014-03-06,1.233,1.222,0.009001636661211121
2014-03-07,1.231,1.216,0.012335526315789602
2014-03-10,1.22,1.219,0.0008203445447085844
2014-03-11,1.221,1.215,0.004938271604938205
2014-03-12,1.215,1.22,-0.004098360655737654
2014-03-13,1.219,1.202,0.014143094841930326
2014-03-14,1.197,1.195,0.0016736401673640433
2014-03-17,1.189,1.205,-0.01327800829875525
2014-03-18,1.208,1.219,-0.009023789991796649
2014-03-19,1.226,1.212,0.011551155115511635
2014-03-20,1.213,1.217,-0.0032867707477403085
2014-03-21,1.22,1.204,0.013289036544850585
2014-03-24,1.206,1.193,0.010896898575020852
2014-03-25,1.197,1.196,0.0008361204013378476
2014-03-26,1.198,1.182,0.013536379018612488
2014-03-27,1.179,1.176,0.0025510204081633514
2014-03-28,1.173,1.178,-0.004244482173174746
2014-03-31,1.176,1.186,-0.00843170320404718
2014-04-01,1.193,1.207,-0.011599005799502904
2014-04-02,1.214,1.209,0.0041356492969395475
2014-04-03,1.21,1.2,0.008333333333333304
2014-04-04,1.199,1.169,0.02566295979469624
2014-04-08,1.161,1.168,-0.0059931506849314475
2014-04-09,1.168,1.187,-0.016006739679865323
2014-04-10,1.18,1.151,0.025195482189400487
2014-04-11,1.142,1.138,0.0035149384885764245
2014-04-14,1.134,1.147,-0.011333914559721103
2014-04-15,1.139,1.152,-0.011284722222222099
2014-04-16,1.145,1.167,-0.018851756640959727
2014-04-17,1.155,1.167,-0.010282776349614386
2014-04-18,1.154,1.167,-0.011139674378749076
2014-04-21,1.157,1.176,-0.016156462585033893
2014-04-22,1.166,1.185,-0.016033755274261763
2014-04-23,1.172,1.175,-0.002553191489361839
2014-04-24,1.177,1.185,-0.006751054852320637
2014-04-25,1.177,1.166,0.009433962264151052
2014-04-28,1.155,1.17,-0.012820512820512775
2014-04-29,1.159,1.179,-0.016963528413910134
2014-04-30,1.17,1.182,-0.010152284263959421
2014-05-05,1.174,1.189,-0.012615643397813403
2014-05-06,1.181,1.173,0.006820119352088705
2014-05-07,1.164,1.17,-0.00512820512820511
2014-05-08,1.161,1.169,-0.006843455945252375
2014-05-09,1.159,1.174,-0.01277683134582619
2014-05-12,1.164,1.194,-0.025125628140703515
2014-05-13,1.186,1.194,-0.00670016750418756
2014-05-14,1.19,1.189,0.000841042893187538
2014-05-15,1.186,1.179,0.00593723494486853
2014-05-16,1.179,1.186,-0.005902192242832949
2014-05-19,1.182,1.196,-0.01170568561872909
2014-05-20,1.19,1.191,-0.0008396305625525402
2014-05-21,1.183,1.202,-0.0158069883527453
2014-05-22,1.197,1.208,-0.009105960264900625
2014-05-23,1.202,1.217,-0.012325390304026351
2014-05-26,1.211,1.217,-0.004930156121610518
2014-05-27,1.216,1.232,-0.012987012987012991
2014-05-28,1.229,1.229,0.0
2014-05-29,1.224,1.236,-0.009708737864077666
2014-05-30,1.239,1.237,0.0016168148746968924
2014-06-03,1.236,1.235,0.0008097165991902688
2014-06-04,1.233,1.238,-0.0040387722132471104
2014-06-05,1.242,1.25,-0.006399999999999961
2014-06-06,1.255,1.254,0.0007974481658692412
2014-06-09,1.256,1.252,0.0031948881789136685
2014-06-10,1.249,1.253,-0.0031923383878689204
2014-06-11,1.255,1.253,0.0015961691939345712
2014-06-12,1.248,1.243,0.004022526146419958
2014-06-13,1.241,1.246,-0.0040128410914926915
2014-06-16,1.239,1.248,-0.007211538461538325
2014-06-17,1.243,1.248,-0.004006410256410131
2014-06-18,1.242,1.256,-0.011146496815286677
2014-06-19,1.257,1.254,0.0023923444976075015
2014-06-20,1.254,1.255,-0.0007968127490038945
2014-06-23,1.256,1.256,0.0
2014-06-24,1.256,1.254,0.0015948963317384823
2014-06-25,1.254,1.263,-0.0071258907363419555
2014-06-26,1.264,1.262,0.0015847860538826808
2014-06-27,1.268,1.268,0.0
2014-06-30,1.271,1.269,0.0015760441292356209
2014-07-01,1.273,1.284,-0.008566978193146557
2014-07-02,1.286,1.286,0.0
2014-07-03,1.288,1.295,-0.00540540540540535
2014-07-04,1.305,1.295,0.007722007722007707
2014-07-07,1.308,1.292,0.01238390092879249
2014-07-08,1.304,1.276,0.021943573667711602
2014-07-09,1.284,1.285,-0.0007782101167314037
2014-07-10,1.291,1.278,0.01017214397496069
2014-07-11,1.281,1.286,-0.0038880248833593756
2014-07-14,1.29,1.294,-0.0030911901081916993
2014-07-15,1.301,1.289,0.009309542280837801
2014-07-16,1.296,1.295,0.0007722007722008595
2014-07-17,1.3,1.279,0.016419077404222104
2014-07-18,1.29,1.298,-0.006163328197226536
2014-07-21,1.302,1.296,0.004629629629629539
2014-07-22,1.299,1.305,-0.0045977011494252595
2014-07-23,1.304,1.313,-0.006854531607006775
2014-07-24,1.314,1.312,0.0015243902439023849
2014-07-25,1.311,1.307,0.003060443764345777
2014-07-28,1.306,1.308,-0.001529051987767538
2014-07-29,1.304,1.305,-0.0007662835249041544
2014-07-30,1.303,1.311,-0.006102212051868783
2014-07-31,1.308,1.286,0.01710730948678063
2014-08-01,1.287,1.282,0.003900156006240163
2014-08-04,1.286,1.29,-0.0031007751937984773
2014-08-05,1.288,1.279,0.0070367474589523304
2014-08-06,1.279,1.28,-0.0007812500000000666
2014-08-07,1.281,1.275,0.004705882352941115
2014-08-08,1.272,1.283,-0.008573655494933718
2014-08-11,1.286,1.289,-0.002327385570209395
2014-08-12,1.29,1.287,0.002331002331002363
2014-08-13,1.285,1.302,-0.013056835637480946
2014-08-14,1.302,1.309,-0.005347593582887611
2014-08-15,1.311,1.315,-0.003041825095057016
2014-08-18,1.309,1.325,-0.012075471698113183
2014-08-19,1.325,1.332,-0.005255255255255387
2014-08-20,1.333,1.333,0.0
2014-08-21,1.329,1.336,-0.0052395209580838875
2014-08-22,1.333,1.338,-0.0037369207772796065
2014-08-25,1.337,1.344,-0.00520833333333337
2014-08-26,1.348,1.345,0.0022304832713755385
2014-08-27,1.35,1.346,0.002971768202080227
2014-08-28,1.344,1.343,0.0007446016381236209
2014-08-29,1.336,1.349,-0.00963676797627866
2014-09-01,1.345,1.349,-0.002965159377316562
2014-09-02,1.356,1.354,0.001477104874446189
2014-09-03,1.36,1.346,0.010401188707280795
2014-09-04,1.341,1.343,-0.0014892032762472418
2014-09-05,1.339,1.352,-0.009615384615384692
2014-09-09,1.348,1.339,0.006721433905900076
2014-09-10,1.34,1.348,-0.005934718100890191
2014-09-11,1.342,1.348,-0.004451038575667643
2014-09-12,1.341,1.34,0.0007462686567163423
2014-09-15,1.337,1.327,0.007535795026375247
2014-09-16,1.322,1.339,-0.012696041822255366
2014-09-17,1.334,1.341,-0.005219985085756829
2014-09-18,1.338,1.351,-0.00962250185048108
2014-09-19,1.354,1.349,0.003706449221645647
2014-09-22,1.346,1.337,0.006731488406881203
2014-09-23,1.335,1.334,0.0007496251874061777
2014-09-24,1.326,1.348,-0.016320474777448135
2014-09-25,1.339,1.32,0.014393939393939403
2014-09-26,1.313,1.335,-0.016479400749063733
2014-09-29,1.327,1.334,-0.005247376311844132
2014-09-30,1.325,1.335,-0.0074906367041198685
2014-10-08,1.294,1.331,-0.027798647633358264
2014-10-09,1.314,1.307,0.005355776587605332
2014-10-10,1.296,1.275,0.016470588235294237
2014-10-13,1.278,1.255,0.018326693227091795
2014-10-14,1.268,1.255,0.010358565737051961
2014-10-15,1.268,1.248,0.01602564102564097
2014-10-16,1.265,1.239,0.020984665052461438
2014-10-17,1.256,1.256,0.0
2014-10-20,1.265,1.273,-0.00628436763550666
2014-10-21,1.276,1.304,-0.021472392638036797
2014-10-22,1.307,1.297,0.007710100231302919
2014-10-23,1.299,1.317,-0.013667425968109326
2014-10-24,1.31,1.326,-0.012066365007541435
2014-10-27,1.324,1.326,-0.0015082956259426794
2014-10-28,1.319,1.344,-0.018601190476190577
2014-10-29,1.334,1.339,-0.0037341299477221535
2014-10-30,1.334,1.343,-0.006701414743112366
2014-10-31,1.347,1.361,-0.010286554004408477
2014-11-03,1.357,1.366,-0.0065885797950220315
2014-11-04,1.359,1.363,-0.0029347028613353476
2014-11-05,1.354,1.361,-0.005143277002204183
2014-11-06,1.354,1.367,-0.009509875640087762
2014-11-07,1.363,1.366,-0.002196193265007418
2014-11-10,1.363,1.366,-0.002196193265007418
2014-11-11,1.363,1.37,-0.005109489051094984
2014-11-12,1.362,1.373,-0.008011653313911071
2014-11-13,1.364,1.379,-0.01087744742567065
2014-11-14,1.365,1.383,-0.013015184381778733
2014-11-17,1.368,1.379,-0.00797679477882518
2014-11-18,1.368,1.389,-0.015118790496760237
2014-11-19,1.385,1.382,0.0021707670043416005
2014-11-20,1.372,1.389,-0.01223902087832962
2014-11-21,1.378,1.391,-0.009345794392523477
2014-11-24,1.37,1.402,-0.022824536376604754
2014-11-25,1.383,1.402,-0.013552068473609014
2014-11-26,1.389,1.411,-0.015591778880226781
2014-11-27,1.4,1.411,-0.007795889440113446
2014-11-28,1.4,1.417,-0.01199717713479187
2014-12-01,1.398,1.401,-0.0021413276231264655
2014-12-02,1.382,1.406,-0.017069701280227667
2014-12-03,1.395,1.41,-0.010638297872340385
2014-12-04,1.397,1.41,-0.009219858156028327
2014-12-05,1.39,1.409,-0.01348474095102914
2014-12-08,1.391,1.395,-0.0028673835125447855
2014-12-09,1.373,1.4,-0.01928571428571424
2014-12-10,1.394,1.376,0.013081395348837122
2014-12-11,1.364,1.381,-0.012309920347574166
2014-12-12,1.365,1.367,-0.001463057790782707
2014-12-15,1.353,1.352,0.0007396449704140107
2014-12-16,1.35,1.331,0.014274981217130112
2014-12-17,1.33,1.354,-0.017725258493353047
2014-12-18,1.362,1.39,-0.020143884892086183
2014-12-19,1.403,1.394,0.006456241032998689
2014-12-22,1.397,1.398,-0.0007153075822602384
2014-12-23,1.4,1.394,0.004304160688665792
2014-12-24,1.395,1.396,-0.0007163323782234388
2014-12-25,1.395,1.396,-0.0007163323782234388
2014-12-26,1.394,1.405,-0.007829181494662052
2014-12-29,1.404,1.405,-0.000711743772242035
2014-12-30,1.401,1.395,0.004301075268817289
2014-12-31,1.392,1.38,0.008695652173912993
2015-01-05,1.367,1.357,0.007369196757553542
2015-01-06,1.349,1.341,0.005965697240865042
2015-01-07,1.351,1.358,-0.005154639175257825
2015-01-08,1.37,1.384,-0.010115606936416
2015-01-09,1.389,1.375,0.010181818181818292
2015-01-12,1.378,1.359,0.013980868285504044
2015-01-13,1.36,1.356,0.002949852507374562
2015-01-14,1.353,1.35,0.0022222222222221255
2015-01-15,1.352,1.332,0.01501501501501501
2015-01-16,1.35,1.349,0.000741289844329307
2015-01-19,1.339,1.349,-0.007412898443291294
2015-01-20,1.349,1.359,-0.00735835172921262
2015-01-21,1.359,1.367,-0.005852231163130939
2015-01-22,1.373,1.392,-0.013649425287356243
2015-01-23,1.394,1.396,-0.0014326647564469885
2015-01-26,1.393,1.396,-0.0021489971346704273
2015-01-27,1.394,1.36,0.02499999999999991
2015-01-28,1.372,1.349,0.017049666419570064
2015-01-29,1.354,1.362,-0.005873715124816492
2015-01-30,1.371,1.353,0.01330376940133049
2015-02-02,1.357,1.366,-0.0065885797950220315
2015-02-03,1.367,1.379,-0.008701957940536631
2015-02-04,1.381,1.377,0.002904865649963728
2015-02-05,1.376,1.39,-0.010071942446043147
2015-02-06,1.387,1.379,0.005801305293691161
2015-02-09,1.373,1.376,-0.0021802325581394832
2015-02-10,1.367,1.396,-0.02077363896848128
2015-02-11,1.385,1.402,-0.012125534950071293
2015-02-12,1.393,1.419,-0.018322762508809043
2015-02-13,1.419,1.429,-0.0069979006298110935
2015-02-16,1.435,1.429,0.0041987403778867005
2015-02-17,1.437,1.431,0.004192872117400492
2015-02-25,1.45,1.45,0.0
2015-02-26,1.444,1.456,-0.008241758241758212
2015-02-27,1.449,1.452,-0.0020661157024792765
2015-03-02,1.452,1.467,-0.010224948875255713
2015-03-03,1.474,1.459,0.010281014393419996
2015-03-04,1.468,1.454,0.009628610729023324
2015-03-05,1.457,1.457,0.0
2015-03-06,1.463,1.439,0.01667824878387769
2015-03-09,1.449,1.444,0.003462603878116477
2015-03-10,1.45,1.417,0.023288637967536996
2015-03-11,1.426,1.412,0.009915014164306069
2015-03-12,1.424,1.422,0.0014064697609001975
2015-03-13,1.431,1.414,0.01202263083451216
2015-03-16,1.427,1.432,-0.0034916201117317636
2015-03-17,1.441,1.433,0.005582693649685888
2015-03-18,1.44,1.448,-0.0055248618784530246
2015-03-19,1.455,1.447,0.005528680027643507
2015-03-20,1.454,1.459,-0.0034270047978067764
2015-03-23,1.46,1.453,0.004817618719889838
2015-03-24,1.458,1.447,0.007601935038009655
2015-03-25,1.46,1.413,0.033262561924982226
2015-03-26,1.439,1.407,0.02274342572850041
2015-03-27,1.439,1.414,0.01768033946251779
2015-03-30,1.432,1.431,0.0006988120195665637
2015-03-31,1.437,1.416,0.014830508474576343
2015-04-01,1.415,1.409,0.004258339247693366
2015-04-02,1.412,1.41,0.0014184397163119478
2015-04-03,1.416,1.41,0.004255319148936065
2015-04-07,1.42,1.416,0.0028248587570620654
2015-04-08,1.415,1.427,-0.008409250175192673
2015-04-09,1.421,1.436,-0.010445682451253435
2015-04-10,1.431,1.442,-0.007628294036060912
2015-04-13,1.431,1.439,-0.005559416261292527
2015-04-14,1.426,1.435,-0.006271777003484358
2015-04-15,1.43,1.443,-0.009009009009009139
2015-04-16,1.439,1.438,0.0006954102920724292
2015-04-17,1.438,1.414,0.016973125884016893
2015-04-20,1.416,1.436,-0.013927576601671321
2015-04-21,1.429,1.442,-0.009015256588072007
2015-04-22,1.434,1.45,-0.011034482758620734
2015-04-23,1.439,1.457,-0.012354152367879179
2015-04-24,1.462,1.476,-0.009485094850948506
2015-04-27,1.477,1.471,0.004078857919782575
2015-04-28,1.467,1.467,0.0
2015-04-29,1.467,1.457,0.006863417982155173
2015-04-30,1.458,1.431,0.018867924528301883
2015-05-04,1.457,1.455,0.0013745704467353903
2015-05-05,1.456,1.432,0.016759776536312776
2015-05-06,1.437,1.422,0.010548523206751037
2015-05-07,1.435,1.429,0.0041987403778867005
2015-05-08,1.45,1.448,0.0013812154696133394
2015-05-11,1.457,1.441,0.011103400416377474
2015-05-12,1.453,1.436,0.011838440111420656
2015-05-13,1.45,1.437,0.009046624913013224
2015-05-14,1.456,1.458,-0.00137174211248281
2015-05-15,1.464,1.458,0.004115226337448652
2015-05-18,1.46,1.465,-0.0034129692832765013
2015-05-19,1.462,1.462,0.0
2015-05-20,1.453,1.463,-0.00683526999316475
2015-05-21,1.46,1.471,-0.00747790618626798
2015-05-22,1.468,1.47,-0.0013605442176870541
2015-05-25,1.468,1.47,-0.0013605442176870541
2015-05-26,1.466,1.453,0.008947006194081064
2015-05-27,1.454,1.477,-0.015572105619499066
2015-05-28,1.481,1.472,0.006114130434782705
2015-05-29,1.475,1.463,0.008202323991797655
2015-06-01,1.467,1.466,0.0006821282401092699
2015-06-02,1.468,1.461,0.004791238877481119
2015-06-03,1.459,1.464,-0.003415300546448008
2015-06-04,1.465,1.455,0.0068728522336769515
2015-06-05,1.464,1.453,0.007570543702684063
2015-06-08,1.458,1.441,0.01179736294240108
2015-06-09,1.449,1.44,0.006250000000000089
2015-06-10,1.452,1.458,-0.004115226337448541
2015-06-11,1.46,1.458,0.00137174211248281
2015-06-12,1.46,1.448,0.008287292817679592
2015-06-15,1.456,1.442,0.009708737864077666
2015-06-16,1.45,1.448,0.0013812154696133394
2015-06-17,1.446,1.453,-0.004817618719889949
2015-06-18,1.441,1.471,-0.02039428959891232
2015-06-19,1.462,1.465,-0.0020477815699659896
2015-06-23,1.485,1.476,0.0060975609756097615
2015-06-24,1.481,1.468,0.008855585831062829
2015-06-25,1.471,1.465,0.004095563139931757
2015-06-26,1.47,1.456,0.009615384615384581
2015-06-29,1.456,1.424,0.022471910112359605
2015-06-30,1.44,1.428,0.008403361344537785
2015-07-01,1.44,1.439,0.0006949270326614965
2015-07-02,1.447,1.441,0.004163775156141636
2015-07-03,1.443,1.441,0.001387925052047212
2015-07-06,1.414,1.436,-0.01532033426183843
2015-07-07,1.419,1.439,-0.013898540653231373
2015-07-08,1.38,1.414,-0.0240452616690241
2015-07-09,1.382,1.414,-0.022630834512022635
2015-07-10,1.386,1.435,-0.034146341463414775
2015-07-13,1.4,1.458,-0.03978052126200282
2015-07-14,1.441,1.468,-0.018392370572206995
2015-07-15,1.462,1.47,-0.0054421768707483276
2015-07-16,1.439,1.49,-0.03422818791946303
2015-07-17,1.475,1.511,-0.02382528127068151
2015-07-20,1.508,1.517,-0.005932762030322891
2015-07-21,1.525,1.514,0.007265521796565366
2015-07-22,1.507,1.497,0.006680026720106813
2015-07-23,1.51,1.493,0.011386470194239662
2015-07-24,1.498,1.478,0.013531799729364025
2015-07-27,1.478,1.466,0.008185538881309684
2015-07-28,1.472,1.479,-0.004732927653820274
2015-07-29,1.499,1.485,0.00942760942760934
2015-07-30,1.52,1.492,0.018766756032171594
2015-07-31,1.526,1.489,0.02484889187374062
2015-08-03,1.528,1.486,0.02826379542395685
2015-08-04,1.511,1.483,0.018880647336479983
2015-08-05,1.502,1.494,0.0053547523427042165
2015-08-06,1.52,1.473,0.031907671418873074
2015-08-07,1.497,1.47,0.01836734693877551
2015-08-10,1.49,1.487,0.0020174848688634395
2015-08-11,1.564,1.495,0.04615384615384621
2015-08-12,1.529,1.521,0.005259697567389976
2015-08-13,1.544,1.534,0.006518904823989535
2015-08-14,1.552,1.537,0.009759271307742345
2015-08-17,1.557,1.548,0.005813953488372103
2015-08-18,1.577,1.541,0.02336145360155739
2015-08-19,1.558,1.53,0.018300653594771177
2015-08-20,1.537,1.487,0.033624747814391176
2015-08-21,1.487,1.426,0.042776998597475524
2015-08-24,1.375,1.374,0.0007278020378456151
2015-08-25,1.378,1.37,0.005839416058394109
2015-08-26,1.384,1.438,-0.037552155771905404
2015-08-27,1.448,1.473,-0.016972165648336812
2015-08-28,1.48,1.473,0.004752206381534174
2015-08-31,1.468,1.453,0.010323468685478288
2015-09-01,1.426,1.405,0.014946619217081736
2015-09-02,1.427,1.44,-0.009027777777777746
2015-09-07,1.419,1.44,-0.014583333333333282
2015-09-08,1.46,1.456,0.0027472527472527375
2015-09-09,1.471,1.439,0.02223766504517033
2015-09-10,1.442,1.456,-0.009615384615384581
2015-09-11,1.466,1.464,0.001366120218579292
2015-09-14,1.464,1.459,0.0034270047978066653
2015-09-15,1.439,1.475,-0.02440677966101701
2015-09-16,1.476,1.484,-0.005390835579514808
2015-09-17,1.478,1.484,-0.0040431266846361336
2015-09-18,1.479,1.462,0.011627906976744207
2015-09-21,1.461,1.467,-0.004089979550102263
2015-09-22,1.468,1.448,0.013812154696132506
2015-09-23,1.446,1.449,-0.0020703933747412417
2015-09-24,1.446,1.445,0.0006920415224913601
2015-09-25,1.45,1.433,0.011863224005582707
2015-09-28,1.434,1.391,0.030913012221423397
2015-09-29,1.393,1.383,0.007230657989877098
2015-09-30,1.394,1.414,-0.014144271570014189
2015-10-08,1.443,1.468,-0.017029972752043543
2015-10-09,1.45,1.475,-0.016949152542372947
2015-10-12,1.461,1.477,-0.010832769126608022
2015-10-13,1.459,1.463,-0.002734107997265922
2015-10-14,1.451,1.465,-0.009556313993174026
2015-10-15,1.46,1.488,-0.018817204301075252
2015-10-16,1.484,1.496,-0.008021390374331583
2015-10-19,1.485,1.505,-0.013289036544850363
2015-10-20,1.495,1.5,-0.0033333333333332993
2015-10-21,1.488,1.488,0.0
2015-10-22,1.484,1.517,-0.021753460777851008
2015-10-23,1.531,1.558,-0.017329910141206772
2015-10-26,1.549,1.559,-0.006414368184733843
2015-10-27,1.542,1.561,-0.0121716848174247
2015-10-28,1.553,1.574,-0.013341804320203376
2015-10-29,1.56,1.573,-0.008264462809917328
2015-10-30,1.569,1.564,0.0031969309462915874
2015-11-02,1.552,1.573,-0.013350286077558726
2015-11-03,1.575,1.581,-0.003795066413662229
2015-11-04,1.58,1.582,-0.0012642225031606058
2015-11-05,1.579,1.579,0.0
2015-11-06,1.574,1.582,-0.005056890012642201
2015-11-09,1.583,1.567,0.0102105934907466
2015-11-10,1.563,1.564,-0.0006393861892584063
2015-11-11,1.558,1.563,-0.0031989763275751537
2015-11-12,1.559,1.548,0.007105943152454719
2015-11-13,1.543,1.521,0.014464168310322156
2015-11-16,1.516,1.544,-0.0181347150259068
2015-11-17,1.552,1.544,0.005181347150259086
2015-11-18,1.548,1.574,-0.016518424396442244
2015-11-19,1.583,1.574,0.005717916137229828
2015-11-20,1.581,1.584,-0.0018939393939394478
2015-11-23,1.587,1.582,0.003160556257901348
2015-11-24,1.586,1.581,0.003162555344718543
2015-11-25,1.58,1.582,-0.0012642225031606058
2015-11-26,1.581,1.582,-0.0006321112515803584
2015-11-27,1.584,1.586,-0.0012610340479193294
2015-11-30,1.583,1.582,0.0006321112515801364
2015-12-01,1.582,1.6,-0.011249999999999982
2015-12-02,1.605,1.589,0.010069225928256875
2015-12-03,1.593,1.563,0.019193857965451144
2015-12-04,1.572,1.596,-0.015037593984962405
2015-12-07,1.604,1.592,0.007537688442211143
2015-12-08,1.598,1.595,0.0018808777429468737
2015-12-09,1.6,1.572,0.01781170483460559
2015-12-10,1.582,1.581,0.0006325110689437974
2015-12-11,1.585,1.549,0.023240800516462157
2015-12-14,1.56,1.563,-0.0019193857965450478
2015-12-15,1.572,1.574,-0.0012706480304955914
2015-12-16,1.585,1.598,-0.008135168961201589
2015-12-17,1.611,1.579,0.020265991133628924
2015-12-18,1.585,1.552,0.02126288659793807
2015-12-21,1.574,1.566,0.005108556832694733
2015-12-22,1.574,1.576,-0.0012690355329949554
2015-12-23,1.578,1.588,-0.006297229219143552
2015-12-24,1.588,1.587,0.000630119722747402
2015-12-25,1.581,1.587,-0.003780718336483968
2015-12-28,1.575,1.586,-0.006935687263556201
2015-12-29,1.582,1.613,-0.019218846869187844
2015-12-30,1.607,1.6,0.004375000000000018
2015-12-31,1.617,1.581,0.022770398481973375
2016-01-04,1.593,1.551,0.027079303675048294
2016-01-05,1.57,1.549,0.01355713363460298
2016-01-06,1.578,1.539,0.025341130604288553
2016-01-07,1.56,1.499,0.04069379586390931
2016-01-08,1.536,1.487,0.03295225285810344
2016-01-11,1.522,1.491,0.020791415157612292
2016-01-12,1.512,1.508,0.0026525198938991412
2016-01-13,1.525,1.457,0.0466712422786546
2016-01-14,1.497,1.486,0.007402422611036519
2016-01-15,1.48,1.444,0.024930747922437657
2016-01-18,1.464,1.444,0.013850415512465464
2016-01-19,1.487,1.443,0.03049203049203042
2016-01-20,1.45,1.439,0.007644197359277127
2016-01-21,1.43,1.441,-0.007633587786259666
2016-01-22,1.456,1.482,-0.01754385964912286
2016-01-25,1.487,1.459,0.01919122686771768
2016-01-26,1.431,1.473,-0.02851323828920571
2016-01-27,1.453,1.434,0.01324965132496514
2016-01-28,1.438,1.454,-0.011004126547455306
2016-01-29,1.458,1.487,-0.0195023537323471
2016-02-01,1.485,1.49,-0.003355704697986517
2016-02-02,1.488,1.456,0.0219780219780219
2016-02-03,1.458,1.45,0.0055172413793103114
2016-02-04,1.466,1.447,0.01313061506565294
2016-02-05,1.481,1.394,0.06241032998565288
2016-02-16,1.464,1.419,0.031712473572938604
2016-02-17,1.453,1.455,-0.0013745704467353903
2016-02-18,1.457,1.436,0.014623955431754876
2016-02-19,1.446,1.441,0.003469812630117808
2016-02-22,1.451,1.464,-0.008879781420764954
2016-02-23,1.458,1.442,0.01109570041608876
2016-02-24,1.443,1.456,-0.008928571428571397
2016-02-25,1.453,1.471,-0.012236573759347391
2016-02-26,1.472,1.469,0.002042205582028611
2016-02-29,1.463,1.46,0.00205479452054802
2016-03-01,1.459,1.505,-0.03056478405315599
2016-03-02,1.515,1.508,0.004641909814323553
2016-03-03,1.515,1.503,0.007984031936127733
2016-03-04,1.508,1.501,0.004663557628247883
2016-03-07,1.508,1.488,0.013440860215053752
2016-03-08,1.488,1.473,0.010183299389001865
2016-03-09,1.469,1.485,-0.01077441077441077
2016-03-10,1.482,1.483,-0.0006743088334457692
2016-03-11,1.482,1.504,-0.0146276595744681
2016-03-14,1.505,1.506,-0.0006640106241700972
2016-03-15,1.505,1.509,-0.002650762094102088
2016-03-16,1.501,1.524,-0.015091863517060489
2016-03-17,1.515,1.518,-0.0019762845849803368
2016-03-18,1.514,1.514,0.0
2016-03-21,1.51,1.524,-0.009186351706036766
2016-03-22,1.511,1.531,-0.013063357282821708
2016-03-23,1.523,1.518,0.0032938076416335615
2016-03-24,1.509,1.524,-0.009842519685039464
2016-03-25,1.516,1.524,-0.005249343832021025
2016-03-28,1.522,1.523,-0.0006565988181220783
2016-03-29,1.515,1.543,-0.018146467919637033
2016-03-30,1.533,1.546,-0.008408796895213566
2016-03-31,1.535,1.538,-0.0019505851755526882
2016-04-01,1.527,1.554,-0.01737451737451745
2016-04-05,1.536,1.535,0.0006514657980456473
2016-04-06,1.536,1.562,-0.016645326504481472
2016-04-07,1.553,1.537,0.010409889394925154
2016-04-08,1.536,1.538,-0.0013003901170350884
2016-04-11,1.533,1.53,0.0019607843137254832
2016-04-12,1.522,1.542,-0.012970168612192023
2016-04-13,1.532,1.562,-0.01920614596670933
2016-04-14,1.549,1.569,-0.01274697259400892
2016-04-15,1.554,1.565,-0.007028753993610137
2016-04-18,1.55,1.57,-0.01273885350318471
2016-04-19,1.556,1.559,-0.0019243104554200752
2016-04-20,1.546,1.557,-0.007064868336544627
2016-04-21,1.551,1.562,-0.007042253521126862
2016-04-22,1.547,1.541,0.0038935756002596023
2016-04-25,1.534,1.546,-0.0077619663648124115
2016-04-26,1.533,1.533,0.0
2016-04-27,1.522,1.52,0.001315789473684159
2016-04-28,1.519,1.505,0.009302325581395321
2016-04-29,1.505,1.489,0.01074546675621213
2016-05-03,1.507,1.488,0.012768817204301008
2016-05-04,1.495,1.487,0.005379959650302579
2016-05-05,1.49,1.491,-0.0006706908115359234
2016-05-06,1.494,1.499,-0.0033355570380254607
2016-05-09,1.503,1.501,0.0013324450366423157
2016-05-10,1.503,1.525,-0.01442622950819672
2016-05-11,1.524,1.509,0.00994035785288272
2016-05-12,1.51,1.497,0.008684034736138768
2016-05-13,1.498,1.498,0.0
2016-05-16,1.499,1.519,-0.01316655694535862
2016-05-17,1.516,1.497,0.0126920507682029
2016-05-18,1.498,1.503,-0.003326679973386537
2016-05-19,1.501,1.502,-0.0006657789613848664
2016-05-20,1.502,1.518,-0.010540184453227908
2016-05-23,1.513,1.514,-0.0006605019815060231
2016-05-24,1.513,1.545,-0.02071197411003234
2016-05-25,1.54,1.562,-0.014084507042253502
2016-05-26,1.546,1.562,-0.010243277848911658
2016-05-27,1.553,1.57,-0.010828025477707115
2016-05-30,1.568,1.57,-0.001273885350318471
2016-05-31,1.576,1.58,-0.0025316455696202667
2016-06-01,1.577,1.581,-0.0025300442757748565
2016-06-02,1.571,1.58,-0.0056962025316456
2016-06-03,1.571,1.575,-0.0025396825396825085
2016-06-06,1.56,1.572,-0.007633587786259555
2016-06-07,1.566,1.572,-0.003816793893129722
2016-06-08,1.56,1.574,-0.008894536213468918
2016-06-13,1.54,1.545,-0.003236245954692518
2016-06-14,1.539,1.545,-0.003883495145631022
2016-06-15,1.55,1.545,0.003236245954692629
2016-06-16,1.548,1.544,0.002590673575129543
2016-06-17,1.55,1.528,0.014397905759162333
2016-06-20,1.554,1.535,0.012377850162866633
2016-06-21,1.546,1.538,0.005201560468140354
2016-06-22,1.541,1.541,0.0
2016-06-23,1.544,1.557,-0.008349389852279954
2016-06-24,1.53,1.496,0.022727272727272707
2016-06-27,1.525,1.479,0.031102096010817926
2016-06-28,1.522,1.514,0.005284015852047519
2016-06-29,1.525,1.535,-0.006514657980456029
2016-06-30,1.537,1.554,-0.010939510939511066
2016-07-01,1.55,1.565,-0.009584664536741117
2016-07-04,1.557,1.565,-0.005111821086261958
2016-07-05,1.555,1.557,-0.0012845215157354373
2016-07-06,1.551,1.575,-0.015238095238095273
2016-07-07,1.568,1.58,-0.0075949367088608
2016-07-08,1.567,1.605,-0.023676012461059215
2016-07-11,1.597,1.614,-0.010532837670384265
2016-07-12,1.603,1.624,-0.012931034482758674
2016-07-13,1.61,1.619,-0.005558987029030238
2016-07-14,1.608,1.629,-0.012891344383057057
2016-07-15,1.621,1.625,-0.002461538461538515
2016-07-18,1.619,1.639,-0.01220256253813301
2016-07-19,1.633,1.634,-0.000611995104039087
2016-07-20,1.631,1.652,-0.012711864406779627
2016-07-21,1.644,1.647,-0.0018214936247723523
2016-07-22,1.637,1.648,-0.006674757281553312
2016-07-25,1.643,1.653,-0.006049606775559546
2016-07-26,1.647,1.653,-0.003629764065335772
2016-07-27,1.649,1.661,-0.007224563515954241
2016-07-28,1.656,1.666,-0.00600240096038418
2016-07-29,1.665,1.667,-0.0011997600479903836
2016-08-01,1.67,1.67,0.0
2016-08-02,1.678,1.661,0.010234798314268545
2016-08-03,1.654,1.66,-0.0036144578313253017
2016-08-04,1.656,1.67,-0.008383233532934131
2016-08-05,1.668,1.686,-0.010676156583629859
2016-08-08,1.688,1.689,-0.000592066311426942
2016-08-09,1.695,1.691,0.0023654642223536193
2016-08-10,1.7,1.686,0.008303677342823335
2016-08-11,1.693,1.686,0.004151838671411667
2016-08-12,1.702,1.694,0.0047225501770955525
2016-08-15,1.698,1.698,0.0
2016-08-16,1.702,1.685,0.01008902077151319
2016-08-17,1.688,1.682,0.00356718192627814
2016-08-18,1.692,1.689,0.001776198934280604
2016-08-19,1.691,1.686,0.0029655990510084607
2016-08-22,1.691,1.698,-0.0041224970553591644
2016-08-23,1.703,1.699,0.002354326074161195
2016-08-24,1.707,1.683,0.01426024955436711
2016-08-25,1.695,1.685,0.005934718100890191
2016-08-26,1.699,1.685,0.008308605341246222
2016-08-29,1.694,1.697,-0.001767825574543358
2016-08-30,1.703,1.691,0.007096392667060858
2016-08-31,1.693,1.691,0.0011827321111768097
2016-09-01,1.695,1.692,0.0017730496453900457
2016-09-02,1.694,1.696,-0.001179245283018826
2016-09-05,1.704,1.696,0.004716981132075526
2016-09-06,1.71,1.706,0.0023446658851113966
2016-09-07,1.722,1.704,0.010563380281690238
2016-09-08,1.717,1.695,0.012979351032448294
2016-09-09,1.715,1.654,0.03688029020556227
2016-09-12,1.661,1.688,-0.015995260663507094
2016-09-13,1.685,1.669,0.009586578789694489
2016-09-14,1.672,1.681,-0.005353955978584235
2016-09-19,1.712,1.696,0.009433962264151052
2016-09-20,1.701,1.694,0.004132231404958775
2016-09-21,1.701,1.715,-0.008163265306122436
2016-09-22,1.728,1.722,0.0034843205574912606
2016-09-23,1.773,1.715,0.03381924198250719
2016-09-26,1.745,1.702,0.02526439482961229
2016-09-27,1.722,1.717,0.0029120559114734768
2016-09-28,1.724,1.72,0.0023255813953488857
2016-09-29,1.724,1.708,0.00936768149882905
2016-09-30,1.707,1.723,-0.009286128845037767
2016-10-10,1.721,1.735,-0.008069164265129714
2016-10-11,1.743,1.712,0.01810747663551404
2016-10-12,1.74,1.715,0.014577259475218707
2016-10-13,1.735,1.71,0.014619883040935644
2016-10-14,1.734,1.708,0.015222482435597096
2016-10-17,1.717,1.709,0.004681100058513854
2016-10-18,1.717,1.722,-0.0029036004645760505
2016-10-19,1.725,1.721,0.0023242300987798004
2016-10-20,1.733,1.72,0.007558139534883823
2016-10-21,1.728,1.733,-0.0028851702250433098
2016-10-24,1.739,1.757,-0.010244735344336786
2016-10-25,1.762,1.751,0.006282124500285535
2016-10-26,1.751,1.739,0.006900517538815265
2016-10-27,1.738,1.731,0.004043905257076874
2016-10-28,1.737,1.723,0.008125362739408004
2016-10-31,1.734,1.716,0.010489510489510412
2016-11-01,1.738,1.707,0.018160515524311638
2016-11-02,1.719,1.688,0.018364928909952782
2016-11-03,1.702,1.671,0.018551765409934085
2016-11-04,1.706,1.665,0.02462462462462467
2016-11-07,1.727,1.71,0.009941520467836362
2016-11-08,1.723,1.723,0.0
2016-11-09,1.674,1.731,-0.032928942807625705
2016-11-10,1.732,1.705,0.015835777126099737
2016-11-11,1.709,1.711,-0.0011689070718877703
2016-11-14,1.719,1.697,0.012964054213317588
2016-11-15,1.703,1.726,-0.01332560834298957
2016-11-16,1.733,1.738,-0.0028768699654775354
2016-11-17,1.739,1.753,-0.007986309184255469
2016-11-18,1.759,1.749,0.005717552887364086
2016-11-21,1.752,1.772,-0.011286681715575675
2016-11-22,1.778,1.772,0.003386004514672747
2016-11-23,1.779,1.768,0.0062217194570135526
2016-11-24,1.782,1.768,0.007918552036199067
2016-11-25,1.8,1.78,0.011235955056179803
2016-11-28,1.814,1.773,0.02312464749012988
2016-11-29,1.797,1.775,0.012394366197183038
2016-11-30,1.79,1.752,0.0216894977168951
2016-12-01,1.768,1.726,0.024333719582850577
2016-12-02,1.755,1.724,0.01798143851508116
2016-12-05,1.753,1.739,0.00805060379528455
2016-12-06,1.769,1.736,0.019009216589861655
2016-12-07,1.767,1.764,0.001700680272108679
2016-12-08,1.801,1.765,0.02039660056657233
2016-12-09,1.784,1.784,0.0
2016-12-12,1.794,1.78,0.00786516853932584
2016-12-13,1.794,1.799,-0.0027793218454696955
2016-12-14,1.808,1.796,0.006681514476614803
2016-12-15,1.81,1.806,0.00221483942414169
2016-12-16,1.818,1.805,0.00720221606648197
2016-12-19,1.813,1.807,0.003320420586607531
2016-12-20,1.816,1.817,-0.0005503577325260967
2016-12-21,1.846,1.816,0.016519823788546217
2016-12-22,1.838,1.809,0.01603095632946383
2016-12-23,1.836,1.812,0.013245033112582849
2016-12-26,1.865,1.812,0.029249448123620292
2016-12-27,1.834,1.82,0.007692307692307665
2016-12-28,1.843,1.807,0.01992252351964585
2016-12-29,1.825,1.804,0.011640798226163929
2016-12-30,1.817,1.782,0.019640852974186274
2017-01-03,1.801,1.802,-0.0005549389567148788
2017-01-04,1.812,1.812,0.0
2017-01-05,1.811,1.816,-0.002753303964757814
2017-01-06,1.812,1.815,-0.0016528925619834212
2017-01-09,1.823,1.836,-0.007080610021786504
2017-01-10,1.832,1.839,-0.0038064165307231113
2017-01-11,1.842,1.844,-0.0010845986984815426
2017-01-12,1.84,1.839,0.0005437737901032857
2017-01-13,1.837,1.839,-0.0010875475802066825
2017-01-16,1.845,1.839,0.0032626427406199365
2017-01-17,1.836,1.836,0.0
2017-01-18,1.832,1.827,0.002736726874657869
2017-01-19,1.833,1.827,0.003284072249589487
2017-01-20,1.833,1.834,-0.0005452562704472141
2017-01-23,1.83,1.832,-0.0010917030567685337
2017-01-24,1.836,1.838,-0.0010881392818280489
2017-01-25,1.851,1.862,-0.005907626208378147
2017-01-26,1.881,1.864,0.009120171673819621
2017-02-03,1.868,1.865,0.0016085790884718953
2017-02-06,1.874,1.868,0.0032119914346895317
2017-02-07,1.874,1.875,-0.0005333333333332746
2017-02-08,1.889,1.885,0.002122015915119402
2017-02-09,1.894,1.887,0.0037095919448859593
2017-02-10,1.913,1.895,0.009498680738786236
2017-02-13,1.916,1.908,0.004192872117400492
2017-02-14,1.915,1.912,0.001569037656903749
2017-02-15,1.929,1.918,0.0057351407716372815
2017-02-16,1.938,1.917,0.010954616588419341
2017-02-17,1.931,1.921,0.005205622071837501
2017-02-20,1.937,1.921,0.008328995314940135
2017-02-21,1.939,1.938,0.0005159958720331037
2017-02-22,1.965,1.94,0.012886597938144506
2017-02-23,1.963,1.93,0.01709844559585494
2017-02-24,1.957,1.932,0.012939958592132594
2017-02-27,1.947,1.938,0.004643962848297267
2017-02-28,1.955,1.93,0.012953367875647714
2017-03-01,1.947,1.952,-0.002561475409835978
2017-03-02,1.989,1.943,0.023674729799279426
2017-03-03,1.978,1.949,0.014879425346331354
2017-03-06,2.02,1.941,0.04070066975785669
2017-03-07,1.993,1.942,0.02626158599382089
2017-03-08,1.978,1.947,0.01592193117616847
2017-03-09,1.979,1.951,0.014351614556637582
2017-03-10,1.995,1.959,0.018376722817764257
2017-03-13,2.01,1.958,0.026557711950970342
2017-03-14,2.025,1.957,0.03474706182933063
2017-03-15,2.019,1.969,0.02539360081259523
2017-03-16,2.04,1.961,0.04028556858745547
2017-03-17,2.034,1.96,0.037755102040816224
2017-03-20,2.028,1.965,0.032061068702289974
2017-03-21,2.04,1.938,0.05263157894736836
2017-03-22,1.977,1.945,0.01645244215938302
2017-03-23,1.982,1.94,0.021649484536082397
2017-03-24,1.955,1.943,0.006176016469377155
2017-03-27,1.936,1.942,-0.003089598352214229
2017-03-28,1.959,1.956,0.0015337423312884457
2017-03-29,1.99,1.968,0.011178861788617933
2017-03-30,1.992,1.971,0.010654490106544845
2017-03-31,2.007,1.972,0.01774847870182561
2017-04-05,1.99,1.964,0.01323828920570258
2017-04-06,1.969,1.965,0.0020356234096692294
2017-04-07,1.963,1.965,-0.0010178117048346147
2017-04-10,1.972,1.968,0.00203252032520318
2017-04-11,1.969,1.958,0.005617977528090012
2017-04-12,1.968,1.949,0.00974858902001019
2017-04-13,1.954,1.933,0.010863942058975562
2017-04-14,1.935,1.933,0.0010346611484739476
2017-04-17,1.936,1.953,-0.008704557091653964
2017-04-18,1.964,1.952,0.006147540983606481
2017-04-19,1.952,1.949,0.0015392508978961938
2017-04-20,1.949,1.968,-0.009654471544715437
2017-04-21,1.968,1.969,-0.000507872016251909
2017-04-24,1.984,1.988,-0.002012072434607659
2017-04-25,2.0,2.007,-0.0034877927254609586
2017-04-26,2.02,2.005,0.007481296758104827
2017-04-27,2.006,2.017,-0.005453644025780968
2017-04-28,2.019,2.022,-0.0014836795252224366
2017-05-02,2.042,2.045,-0.0014669926650366927
2017-05-03,2.039,2.036,0.0014734774066798018
2017-05-04,2.033,2.039,-0.002942618930848573
2017-05-05,2.027,2.044,-0.008317025440313097
2017-05-08,2.063,2.05,0.006341463414634374
2017-05-09,2.072,2.06,0.005825242718446644
2017-05-10,2.071,2.062,0.004364694471387098
2017-05-11,2.07,2.06,0.004854368932038833
2017-05-12,2.051,2.061,-0.004852013585637915
2017-05-15,2.06,2.065,-0.002421307506053183
2017-05-16,2.073,2.071,0.0009657170449057784
2017-05-17,2.064,2.015,0.024317617866004948
2017-05-18,2.02,2.03,-0.004926108374384119
2017-05-19,2.033,2.045,-0.00586797066014666
2017-05-22,2.05,2.058,-0.0038872691933916625
2017-05-23,2.07,2.059,0.005342399222923566
2017-05-24,2.069,2.072,-0.0014478764478764727
2017-05-25,2.082,2.087,-0.0023957834211788542
2017-05-26,2.108,2.091,0.008130081300812941
2017-05-31,2.107,2.088,0.00909961685823757
2017-06-01,2.087,2.082,0.0024015369836696276
2017-06-02,2.117,2.105,0.005700712589073564
2017-06-05,2.135,2.099,0.017151024297284323
2017-06-06,2.123,2.091,0.015303682448589262
2017-06-07,2.112,2.096,0.007633587786259444
2017-06-08,2.119,2.101,0.008567348881485026
2017-06-09,2.123,2.052,0.034600389863547854
2017-06-12,2.097,2.04,0.027941176470588136
2017-06-13,2.079,2.055,0.01167883211678844
2017-06-14,2.078,2.046,0.01564027370478982
2017-06-15,2.044,2.034,0.004916420845624492
2017-06-16,2.052,2.03,0.010837438423645374
2017-06-19,2.051,2.062,-0.0053346265761394784
2017-06-20,2.079,2.049,0.014641288433382194
2017-06-21,2.054,2.072,-0.008687258687258836
2017-06-22,2.072,2.071,0.00048285852245277816
2017-06-23,2.072,2.081,-0.004324843825084024
2017-06-26,2.084,2.072,0.005791505791505891
2017-06-27,2.073,2.036,0.018172888015717037
2017-06-28,2.034,2.059,-0.012141816415735973
2017-06-29,2.049,2.02,0.01435643564356437
2017-06-30,2.013,2.013,0.0
2017-07-03,2.017,1.996,0.010521042084168375
2017-07-04,1.993,1.996,-0.0015030060120240218
2017-07-05,2.0,2.019,-0.009410599306587497
2017-07-06,2.013,2.001,0.0059970014992503096
2017-07-07,1.998,2.021,-0.011380504700643224
2017-07-10,2.021,2.036,-0.007367387033398898
2017-07-11,2.026,2.042,-0.007835455435847183
2017-07-12,2.032,2.064,-0.015503875968992276
2017-07-13,2.06,2.067,-0.0033865505563619447
2017-07-14,2.056,2.082,-0.012487992315081575
2017-07-17,2.07,2.076,-0.0028901734104047616
2017-07-18,2.073,2.091,-0.008608321377331585
2017-07-19,2.089,2.099,-0.004764173415912398
2017-07-20,2.098,2.101,-0.0014278914802475784
2017-07-21,2.095,2.099,-0.0019056693663649371
2017-07-24,2.094,2.106,-0.005698005698005715
2017-07-25,2.098,2.105,-0.0033254156769596532
2017-07-26,2.098,2.113,-0.007098911500236671
2017-07-27,2.116,2.094,0.010506208213944657
2017-07-28,2.079,2.093,-0.006688963210702226
2017-07-31,2.077,2.081,-0.001922152811148492
2017-08-01,2.081,2.082,-0.0004803073967338811
2017-08-02,2.098,2.09,0.00382775119617218
2017-08-03,2.083,2.083,0.0
2017-08-04,2.075,2.083,-0.0038406144983197388
2017-08-07,2.087,2.098,-0.005243088655862538
2017-08-08,2.092,2.094,-0.0009551098376312517
2017-08-09,2.075,2.088,-0.00622605363984674
2017-08-10,2.066,2.034,0.015732546705998107
2017-08-11,2.031,2.045,-0.0068459657701710475
2017-08-14,2.044,2.07,-0.01256038647342983
2017-08-15,2.075,2.074,0.0004821600771458545
2017-08-16,2.063,2.08,-0.008173076923076894
2017-08-17,2.062,2.036,0.012770137524557912
2017-08-18,2.044,2.035,0.004422604422604337
2017-08-21,2.04,2.032,0.003937007874015741
2017-08-22,2.053,2.059,-0.0029140359397766824
2017-08-23,2.062,2.052,0.004873294346978474
2017-08-24,2.045,2.043,0.0009789525208026006
2017-08-25,2.05,2.041,0.004409603135717699
2017-08-28,2.039,2.039,0.0
2017-08-29,2.03,2.046,-0.00782013685239491
2017-08-30,2.038,2.065,-0.013075060532687699
2017-08-31,2.056,2.082,-0.012487992315081575
2017-09-01,2.069,2.078,-0.0043310875842155205
2017-09-04,2.056,2.078,-0.010587102983637964
2017-09-05,2.055,2.042,0.006366307541626037
2017-09-06,2.041,2.047,-0.002931118710307823
2017-09-07,2.036,2.05,-0.006829268292682822
2017-09-08,2.039,2.026,0.006416584402764158
2017-09-11,2.036,2.047,-0.005373717635564268
2017-09-12,2.048,2.061,-0.006307617661329368
2017-09-13,2.048,2.068,-0.009671179883945835
2017-09-14,2.059,2.058,0.00048590864917419374
2017-09-15,2.05,2.063,-0.006301502666020475
2017-09-18,2.058,2.06,-0.000970873786407922
2017-09-19,2.058,2.067,-0.004354136429608246
2017-09-20,2.06,2.066,-0.0029041626331073322
2017-09-21,2.058,2.059,-0.0004856726566295766
2017-09-22,2.051,2.058,-0.00340136054421758
2017-09-25,2.048,2.039,0.004413928396272526
2017-09-26,2.033,2.047,-0.00683927699071829
2017-09-27,2.044,2.07,-0.01256038647342983
2017-09-28,2.062,2.071,-0.004345726702076447
2017-09-29,2.07,2.09,-0.009569377990430672
2017-10-09,2.093,2.121,-0.01320132013201325
2017-10-10,2.092,2.116,-0.011342155009451793
2017-10-11,2.101,2.109,-0.003793266951161667
2017-10-12,2.104,2.104,0.0
2017-10-13,2.102,2.113,-0.005205868433506899
2017-10-16,2.112,2.12,-0.0037735849056603765
2017-10-17,2.122,2.124,-0.0009416195856875031
2017-10-18,2.119,2.125,-0.002823529411764558
2017-10-19,2.123,2.12,0.0014150943396227245
2017-10-20,2.123,2.126,-0.0014111006585134644
2017-10-23,2.128,2.115,0.00614657210401881
2017-10-24,2.119,2.121,-0.0009429514380008275
2017-10-25,2.123,2.114,0.004257332071901709
2017-10-26,2.113,2.106,0.003323836657169954
2017-10-27,2.125,2.171,-0.021188392445877446
2017-10-30,2.168,2.177,-0.004134129536058739
2017-10-31,2.172,2.181,-0.004126547455295726
2017-11-01,2.183,2.178,0.0022956841138659367
2017-11-02,2.176,2.169,0.0032272936837252075
2017-11-03,2.179,2.186,-0.003202195791399909
2017-11-06,2.186,2.198,-0.005459508644222066
2017-11-07,2.191,2.199,-0.0036380172805821065
2017-11-08,2.195,2.209,-0.006337709370756062
2017-11-09,2.202,2.2,0.0009090909090907484
2017-11-10,2.196,2.198,-0.0009099181073702889
2017-11-13,2.197,2.203,-0.002723558783476965
2017-11-14,2.2,2.196,0.0018214936247722413
2017-11-15,2.185,2.181,0.0018340210912426436
2017-11-16,2.177,2.211,-0.015377657168701875
2017-11-17,2.203,2.202,0.0004541326067211138
2017-11-20,2.194,2.2,-0.0027272727272728003
2017-11-21,2.198,2.227,-0.01302200269420739
2017-11-22,2.215,2.227,-0.005388414907947947
2017-11-23,2.208,2.227,-0.008531656937584065
2017-11-24,2.208,2.219,-0.004957187922487449
2017-11-27,2.219,2.22,-0.00045045045045055687
2017-11-28,2.224,2.228,-0.0017953321364452268
2017-11-29,2.246,2.193,0.02416780665754681
2017-11-30,2.214,2.212,0.0009041591320071429
2017-12-01,2.241,2.203,0.01724920562868837
2017-12-04,2.262,2.179,0.0380908673703535
2017-12-05,2.2,2.18,0.00917431192660545
2017-12-06,2.175,2.191,-0.007302601551802845
2017-12-07,2.19,2.2,-0.00454545454545463
2017-12-08,2.21,2.211,-0.00045228403437358455
2017-12-11,2.22,2.226,-0.0026954177897573484
2017-12-12,2.235,2.223,0.005398110661268607
2017-12-13,2.237,2.229,0.0035890533871691943
2017-12-14,2.243,2.221,0.009905447996398031
2017-12-15,2.232,2.25,-0.007999999999999896
2017-12-18,2.266,2.269,-0.001322168356104103
2017-12-19,2.28,2.255,0.011086474501108556
2017-12-20,2.276,2.251,0.011106175033318566
2017-12-21,2.262,2.243,0.00847079803834161
2017-12-22,2.269,2.241,0.012494422132976357
2017-12-25,2.262,2.241,0.009370816599732157
2017-12-26,2.261,2.216,0.02030685920577624
2017-12-27,2.234,2.217,0.007668019846639451
2017-12-28,2.227,2.218,0.004057709648331853
2017-12-29,2.229,2.201,0.012721490231712762
2018-01-02,2.218,2.23,-0.0053811659192825045
2018-01-03,2.248,2.246,0.0008904719501336977
2018-01-04,2.256,2.253,0.0013315579227695107
2018-01-05,2.25,2.272,-0.009683098591549255
2018-01-08,2.268,2.276,-0.0035149384885764245
2018-01-09,2.274,2.281,-0.003068829460762923
2018-01-10,2.285,2.284,0.00043782837127870344
2018-01-11,2.283,2.298,-0.006527415143603221
2018-01-12,2.312,2.307,0.0021673168617251104
2018-01-15,2.309,2.307,0.000866926744690133
2018-01-16,2.306,2.28,0.011403508771929971
2018-01-17,2.293,2.304,-0.004774305555555469
2018-01-18,2.313,2.307,0.002600780234070399
2018-01-19,2.31,2.307,0.0013003901170351995
2018-01-22,2.3,2.329,-0.012451696006870017
2018-01-23,2.326,2.345,-0.008102345415778256
2018-01-24,2.344,2.327,0.00730554361839264
2018-01-25,2.324,2.318,0.0025884383088867757
2018-01-26,2.32,2.344,-0.010238907849829393
2018-01-29,2.344,2.326,0.007738607050730817
2018-01-30,2.32,2.308,0.005199306759098743
2018-01-31,2.309,2.316,-0.003022452504317652
2018-02-01,2.305,2.29,0.0065502183406114245
2018-02-02,2.294,2.237,0.02548055431381302
2018-02-05,2.227,2.154,0.03389043639740019
2018-02-06,2.095,2.213,-0.053321283325801994
2018-02-07,2.164,2.179,-0.006883891693437172
2018-02-08,2.169,2.085,0.04028776978417259
2018-02-09,2.092,2.133,-0.01922175339896859
2018-02-12,2.131,2.163,-0.014794267221451718
2018-02-13,2.164,2.181,-0.007794589637780791
2018-02-14,2.193,2.229,-0.016150740242261152
2018-02-22,2.232,2.262,-0.013262599469495928
2018-02-23,2.249,2.307,-0.02514087559601208
2018-02-26,2.292,2.334,-0.01799485861182526
2018-02-27,2.32,2.295,0.01089324618736387
2018-02-28,2.286,2.285,0.0004376367614880028
2018-03-01,2.288,2.251,0.016437139049311433
2018-03-02,2.253,2.271,-0.007926023778071278
2018-03-05,2.268,2.299,-0.013484123531970482
2018-03-06,2.298,2.308,-0.004332755632582286
2018-03-07,2.284,2.31,-0.011255411255411407
2018-03-08,2.302,2.321,-0.008186126669538996
2018-03-09,2.319,2.375,-0.023578947368421033
2018-03-12,2.368,2.38,-0.005042016806722671
2018-03-13,2.368,2.347,0.008947592671495475
2018-03-14,2.338,2.344,-0.0025597269624572094
2018-03-15,2.337,2.339,-0.0008550662676356513
2018-03-16,2.338,2.342,-0.0017079419299743659
2018-03-19,2.333,2.288,0.0196678321678323
2018-03-20,2.293,2.292,0.0004363001745202322
2018-03-21,2.294,2.286,0.0034995625546807574
2018-03-22,2.288,2.22,0.03063063063063054
2018-03-23,2.204,2.166,0.01754385964912286
2018-03-26,2.187,2.244,-0.02540106951871679
2018-03-27,2.27,2.157,0.05238757533611493
2018-03-28,2.185,2.135,0.023419203747072626
2018-03-29,2.186,2.183,0.0013742556115436955
2018-03-30,2.194,2.183,0.005038937242327179
2018-04-02,2.177,2.111,0.0312648034107057
2018-04-03,2.126,2.135,-0.004215456674472984
2018-04-04,2.13,2.172,-0.019337016574585753
2018-04-09,2.143,2.15,-0.0032558139534883956
2018-04-10,2.186,2.196,-0.004553734061930936
2018-04-11,2.185,2.179,0.002753556677375091
2018-04-12,2.181,2.2,-0.008636363636363664
2018-04-13,2.203,2.192,0.0050182481751823715
2018-04-16,2.189,2.207,-0.008155867693701802
2018-04-17,2.208,2.249,-0.018230324588706104
2018-04-18,2.247,2.257,-0.004430660168365241
2018-04-19,2.249,2.239,0.004466279589102395
2018-04-20,2.236,2.205,0.014058956916099818
2018-04-23,2.202,2.204,-0.0009074410163339985
2018-04-24,2.215,2.163,0.024040684234859055
2018-04-25,2.171,2.16,0.0050925925925924265
2018-04-26,2.171,2.213,-0.018978761861726312
2018-04-27,2.233,2.218,0.006762849413886496
2018-05-02,2.231,2.222,0.004050405040503913
2018-05-03,2.221,2.224,-0.0013489208633093996
2018-05-04,2.228,2.26,-0.014159292035398008
2018-05-07,2.27,2.279,-0.003949100482667833
2018-05-08,2.274,2.279,-0.0021939447125931544
2018-05-09,2.272,2.307,-0.015171218032076328
2018-05-10,2.304,2.332,-0.012006861063464824
2018-05-11,2.317,2.322,-0.0021533161068044704
2018-05-14,2.315,2.32,-0.0021551724137930384
2018-05-15,2.311,2.299,0.005219660722053154
2018-05-16,2.289,2.323,-0.01463624623331894
2018-05-17,2.309,2.312,-0.0012975778546711059
2018-05-18,2.308,2.304,0.0017361111111111605
2018-05-21,2.324,2.319,0.0021561017680034045
2018-05-22,2.316,2.313,0.0012970168612189692
2018-05-23,2.298,2.331,-0.014157014157014092
2018-05-24,2.323,2.33,-0.0030042918454936673
2018-05-25,2.327,2.335,-0.003426124197002167
2018-05-28,2.337,2.335,0.0008565310492505418
2018-05-29,2.335,2.329,0.0025762129669384404
2018-05-30,2.319,2.352,-0.014030612244897878
2018-05-31,2.35,2.347,0.0012782275244993535
2018-06-01,2.341,2.382,-0.017212426532325797
2018-06-04,2.384,2.407,-0.009555463232239325
2018-06-05,2.414,2.413,0.00041442188147544634
2018-06-06,2.42,2.424,-0.0016501650165016146
2018-06-07,2.439,2.4,0.016250000000000098
2018-06-08,2.405,2.404,0.0004159733777038266
2018-06-11,2.431,2.412,0.007877280265339959
2018-06-12,2.438,2.428,0.004118616144975329
2018-06-13,2.451,2.427,0.009888751545117369
2018-06-14,2.436,2.447,-0.004495300367797328
2018-06-15,2.472,2.452,0.00815660685154973
2018-06-19,2.442,2.439,0.0012300123001229846
2018-06-20,2.458,2.47,-0.004858299595141724
2018-06-21,2.505,2.453,0.0211985324092947
2018-06-22,2.488,2.451,0.01509587923296607
2018-06-25,2.471,2.401,0.029154518950437414
2018-06-26,2.431,2.421,0.0041305245766212195
2018-06-27,2.413,2.4,0.005416666666666625
2018-06-28,2.396,2.434,-0.01561216105176677
2018-06-29,2.449,2.445,0.0016359918200408163
2018-07-02,2.437,2.464,-0.01095779220779225
2018-07-03,2.503,2.448,0.02246732026143805
2018-07-04,2.459,2.448,0.004493464052287566
2018-07-05,2.46,2.467,-0.0028374543980543843
2018-07-06,2.497,2.511,-0.005575467941059453
2018-07-09,2.574,2.536,0.014984227129337446
2018-07-10,2.604,2.533,0.028030003947888016
2018-07-11,2.554,2.518,0.01429706115965046
2018-07-12,2.578,2.578,0.0
2018-07-13,2.603,2.581,0.008523827973653697
2018-07-16,2.584,2.573,0.00427516517683646
2018-07-17,2.559,2.594,-0.013492675404780163
2018-07-18,2.595,2.591,0.0015438054805094747
2018-07-19,2.607,2.584,0.008900928792569651
2018-07-20,2.61,2.605,0.0019193857965451588
2018-07-23,2.602,2.613,-0.004209720627631142
2018-07-24,2.641,2.634,0.0026575550493546096
2018-07-25,2.65,2.674,-0.008975317875841493
2018-07-26,2.656,2.627,0.011039208222306973
2018-07-27,2.658,2.598,0.023094688221709125
2018-07-30,2.646,2.57,0.029571984435797782
2018-07-31,2.584,2.586,-0.0007733952049496784
2018-08-01,2.617,2.604,0.004992319508448473
2018-08-02,2.623,2.625,-0.0007619047619046304
2018-08-03,2.702,2.649,0.020007550018874998
2018-08-06,2.768,2.672,0.03592814371257469
2018-08-07,2.754,2.678,0.028379387602688544
2018-08-08,2.71,2.674,0.013462976813762184
2018-08-09,2.673,2.673,0.0
2018-08-10,2.667,2.658,0.003386004514672747
2018-08-13,2.66,2.663,-0.0011265490048816273
2018-08-14,2.679,2.681,-0.0007459903021261871
2018-08-15,2.71,2.654,0.02110022607385087
2018-08-16,2.662,2.664,-0.0007507507507508171
2018-08-17,2.668,2.663,0.0018775816748028973
2018-08-20,2.655,2.655,0.0
2018-08-21,2.638,2.651,-0.004903809883062937
2018-08-22,2.636,2.658,-0.008276899924755332
2018-08-23,2.665,2.658,0.0026335590669677167
2018-08-24,2.666,2.697,-0.011494252873563315
2018-08-27,2.678,2.716,-0.01399116347569962
2018-08-28,2.705,2.702,0.0011102886750555818
2018-08-29,2.708,2.735,-0.009872029250456937
2018-08-30,2.748,2.73,0.00659340659340657
2018-08-31,2.74,2.74,0.0
2018-09-03,2.742,2.74,0.0007299270072991249
2018-09-04,2.754,2.726,0.010271460014673606
2018-09-05,2.728,2.693,0.012996658002228045
2018-09-06,2.684,2.666,0.006751687921980665
2018-09-07,2.662,2.658,0.0015048908954100604
2018-09-10,2.68,2.671,0.003369524522650824
2018-09-11,2.693,2.696,-0.001112759643916994
2018-09-12,2.722,2.691,0.011519881085098493
2018-09-13,2.695,2.715,-0.007366482504604033
2018-09-14,2.722,2.705,0.0062846580406654695
2018-09-17,2.709,2.671,0.014226881317858542
2018-09-18,2.673,2.694,-0.007795100222717122
2018-09-19,2.696,2.693,0.0011139992573339086
2018-09-20,2.691,2.721,-0.01102535832414564
2018-09-21,2.72,2.699,0.0077806595035199155
2018-09-25,2.709,2.715,-0.002209944751381143
2018-09-26,2.726,2.719,0.0025744759102612758
2018-09-27,2.721,2.746,-0.009104151493080859
2018-09-28,2.754,2.751,0.0010905125408942062
2018-10-08,2.677,2.66,0.006390977443609058
2018-10-09,2.675,2.668,0.002623688155921844
2018-10-10,2.685,2.55,0.05294117647058827
2018-10-11,2.51,2.524,-0.005546751188589605
2018-10-12,2.564,2.592,-0.010802469135802517
2018-10-15,2.555,2.561,-0.0023428348301444135
2018-10-16,2.559,2.637,-0.029579067121729197
2018-10-17,2.647,2.636,0.004172989377845049
2018-10-18,2.619,2.583,0.013937282229965264
2018-10-19,2.599,2.583,0.006194347657762389
2018-10-22,2.587,2.59,-0.0011583011583010672
2018-10-23,2.544,2.584,-0.01547987616099078
2018-10-24,2.56,2.467,0.037697608431292995
2018-10-25,2.477,2.547,-0.027483313702395096
2018-10-26,2.49,2.493,-0.001203369434416235
2018-10-29,2.483,2.436,0.019293924466338375
2018-10-30,2.449,2.478,-0.011702986279257588
2018-10-31,2.486,2.538,-0.02048857368006285
2018-11-01,2.514,2.578,-0.02482544608223436
2018-11-02,2.547,2.53,0.00671936758893299
2018-11-05,2.505,2.504,0.0003993610223642641
2018-11-06,2.499,2.527,-0.011080332409972304
2018-11-07,2.528,2.603,-0.02881290818286597
2018-11-08,2.588,2.591,-0.0011578541103821616
2018-11-09,2.575,2.554,0.008222396241190477
2018-11-12,2.568,2.484,0.033816425120772875
2018-11-13,2.491,2.49,0.00040160642570286065
2018-11-14,2.483,2.46,0.009349593495935116
2018-11-15,2.464,2.504,-0.015974440894568676
2018-11-16,2.474,2.493,-0.007621339751303524
2018-11-19,2.484,2.406,0.032418952618453734
2018-11-20,2.396,2.368,0.011824324324324342
2018-11-21,2.379,2.391,-0.005018820577164407
2018-11-22,2.377,2.391,-0.005855290673358549
2018-11-23,2.361,2.368,-0.002956081081080919
2018-11-26,2.382,2.428,-0.018945634266886224
2018-11-27,2.41,2.436,-0.010673234811165777
2018-11-28,2.435,2.515,-0.031809145129224725
2018-11-29,2.483,2.502,-0.007593924860111789
2018-11-30,2.493,2.522,-0.011498810467882592
2018-12-03,2.558,2.568,-0.003894080996884819
2018-12-04,2.513,2.453,0.02445984508764787
2018-12-05,2.444,2.453,-0.003668976763147147
2018-12-06,2.404,2.456,-0.021172638436482094
2018-12-07,2.44,2.378,0.026072329688814122
2018-12-10,2.368,2.404,-0.014975041597337757
2018-12-11,2.399,2.422,-0.009496284062758154
2018-12-12,2.429,2.446,-0.006950122649223345
2018-12-13,2.443,2.437,0.0024620434961017956
2018-12-14,2.411,2.375,0.015157894736842037
2018-12-17,2.387,2.329,0.02490339201373981
2018-12-18,2.337,2.342,-0.002134927412467902
2018-12-19,2.336,2.29,0.02008733624454151
2018-12-20,2.272,2.258,0.006200177147918318
2018-12-21,2.267,2.184,0.03800366300366287
2018-12-24,2.194,2.137,0.026672905942910496
2018-12-25,2.123,2.137,-0.0065512400561533735
2018-12-26,2.12,2.261,-0.06236178681999116
2018-12-27,2.236,2.272,-0.015845070422535024
2018-12-28,2.243,2.261,-0.007961079168509633
2019-01-02,2.233,2.284,-0.02232924693520133
2019-01-03,2.225,2.21,0.006787330316742057
2019-01-04,2.224,2.305,-0.0351409978308026
2019-01-07,2.296,2.325,-0.012473118279570095
2019-01-08,2.328,2.343,-0.006402048655569814
2019-01-09,2.341,2.364,-0.009729272419627621
2019-01-10,2.322,2.358,-0.01526717557251911
2019-01-11,2.328,2.342,-0.005977796754910392
2019-01-14,2.302,2.309,-0.003031615417929845
2019-01-15,2.322,2.353,-0.013174670633234187
2019-01-16,2.351,2.355,-0.001698513800424628
2019-01-17,2.334,2.372,-0.016020236087689654
2019-01-18,2.378,2.398,-0.008340283569641338
2019-01-21,2.392,2.401,-0.0037484381507704168
2019-01-22,2.379,2.356,0.009762308998302327
2019-01-23,2.353,2.363,-0.00423190859077438
2019-01-24,2.355,2.373,-0.007585335018963413
2019-01-25,2.371,2.408,-0.015365448504983337
2019-01-28,2.37,2.36,0.004237288135593209
2019-01-29,2.345,2.333,0.005143591941705994
2019-01-30,2.339,2.395,-0.023382045929018824
2019-01-31,2.395,2.418,-0.00951199338296116
2019-02-01,2.427,2.409,0.007471980074719831
2019-02-11,2.439,2.436,0.0012315270935960854
2019-02-12,2.459,2.483,-0.009665726943213881
2019-02-13,2.488,2.48,0.003225806451612856
2019-02-14,2.48,2.486,-0.002413515687852086
2019-02-15,2.458,2.493,-0.014039310068190813
2019-02-18,2.491,2.494,-0.001202886928628799
2019-02-19,2.493,2.497,-0.0016019223067681443
2019-02-20,2.475,2.494,-0.0076182838813152465
2019-02-21,2.476,2.472,0.0016181229773462036
2019-02-22,2.463,2.488,-0.010048231511254002
2019-02-25,2.476,2.496,-0.008012820512820484
2019-02-26,2.462,2.492,-0.012038523274478297
2019-02-27,2.465,2.486,-0.008447304907482023
2019-02-28,2.461,2.481,-0.00806126561870213
2019-03-01,2.487,2.502,-0.005995203836930307
2019-03-04,2.501,2.504,-0.0011980830670926812
2019-03-05,2.486,2.504,-0.007188498402555865
2019-03-06,2.491,2.491,0.0
2019-03-07,2.471,2.463,0.0032480714575719993
2019-03-08,2.442,2.464,-0.008928571428571397
2019-03-11,2.458,2.515,-0.022664015904572565
2019-03-12,2.508,2.525,-0.006732673267326739
2019-03-13,2.509,2.544,-0.013757861635220192
2019-03-14,2.535,2.535,0.0
2019-03-15,2.541,2.564,-0.008970358814352597
2019-03-18,2.558,2.567,-0.0035060381768602378
2019-03-19,2.565,2.574,-0.0034965034965034336
2019-03-20,2.563,2.586,-0.008894044856921801
2019-03-21,2.564,2.615,-0.019502868068833723
2019-03-22,2.615,2.561,0.021085513471300388
2019-03-25,2.538,2.563,-0.009754194303550623
2019-03-26,2.558,2.573,-0.005829770695686021
2019-03-27,2.576,2.562,0.005464480874316946
2019-03-28,2.548,2.571,-0.008945935433683494
2019-03-29,2.569,2.594,-0.009637625289128704
2019-04-01,2.604,2.623,-0.0072436141822341815
2019-04-02,2.613,2.629,-0.006085964244960107
2019-04-03,2.633,2.647,-0.00528900642236485
2019-04-04,2.636,2.64,-0.0015151515151514694
2019-04-08,2.645,2.666,-0.007876969242310516
2019-04-09,2.648,2.653,-0.0018846588767432726
2019-04-10,2.645,2.666,-0.007876969242310516
2019-04-11,2.659,2.659,0.0
2019-04-12,2.654,2.678,-0.008961911874533213
2019-04-15,2.662,2.673,-0.004115226337448652
2019-04-16,2.677,2.682,-0.0018642803877703118
2019-04-17,2.679,2.691,-0.004459308807134854
2019-04-18,2.67,2.687,-0.006326758466691396
2019-04-19,2.676,2.692,-0.005943536404160454
2019-04-22,2.679,2.699,-0.007410151908114115
2019-04-23,2.699,2.735,-0.013162705667276065
2019-04-24,2.741,2.732,0.0032942898975110158
2019-04-25,2.76,2.745,0.005464480874316724
2019-04-26,2.778,2.749,0.010549290651145737
2019-04-29,2.814,2.752,0.022529069767442067
2019-04-30,2.807,2.733,0.027076472740578117
2019-05-06,2.727,2.74,-0.004744525547445422
2019-05-07,2.757,2.698,0.02186805040770956
2019-05-08,2.704,2.69,0.005204460966542923
2019-05-09,2.686,2.68,0.002238805970149249
2019-05-10,2.689,2.692,-0.0011144130757800852
2019-05-13,2.679,2.597,0.031574894108586715
2019-05-14,2.624,2.639,-0.0056839712012124455
2019-05-15,2.658,2.686,-0.01042442293373047
2019-05-16,2.678,2.714,-0.013264554163596176
2019-05-17,2.709,2.692,0.006315007429420483
2019-05-20,2.696,2.651,0.016974726518295125
2019-05-21,2.67,2.677,-0.0026148673888681806
2019-05-22,2.664,2.666,-0.0007501875468866048
2019-05-23,2.639,2.626,0.004950495049504955
2019-05-24,2.632,2.624,0.0030487804878047697
2019-05-27,2.618,2.621,-0.0011446012972148312
2019-05-28,2.624,2.615,0.0034416826003824674
2019-05-29,2.598,2.593,0.0019282684149632967
2019-05-30,2.596,2.604,-0.003072196620583667
2019-05-31,2.573,2.562,0.004293520686963426
2019-06-03,2.538,2.504,0.013578274760383202
2019-06-04,2.503,2.567,-0.02493182703544994
2019-06-05,2.573,2.589,-0.006179992275009649
2019-06-06,2.585,2.611,-0.009957870547682934
2019-06-10,2.67,2.691,-0.0078037904124860225
2019-06-11,2.695,2.695,0.0
2019-06-12,2.674,2.68,-0.00223880597014936
2019-06-13,2.667,2.695,-0.010389610389610393
2019-06-14,2.679,2.683,-0.001490868430860992
2019-06-17,2.684,2.7,-0.00592592592592589
2019-06-18,2.698,2.739,-0.014968966776195636
2019-06-19,2.73,2.749,-0.006911604219716261
2019-06-20,2.757,2.771,-0.0050523276795380045
2019-06-21,2.748,2.754,-0.002178649237472685
2019-06-24,2.757,2.753,0.0014529604068289625
2019-06-25,2.734,2.709,0.009228497600590524
2019-06-26,2.702,2.726,-0.008804108584005932
2019-06-27,2.727,2.74,-0.004744525547445422
2019-06-28,2.718,2.743,-0.009114108640174923
2019-07-01,2.774,2.776,-0.0007204610951008217
2019-07-02,2.762,2.78,-0.006474820143884785
2019-07-03,2.777,2.806,-0.010334996436208055
2019-07-04,2.792,2.809,-0.006051975792096931
2019-07-05,2.804,2.802,0.0007137758743753775
2019-07-08,2.777,2.789,-0.004302617425600563
2019-07-09,2.756,2.803,-0.016767748840528007
2019-07-10,2.787,2.83,-0.015194346289752692
2019-07-11,2.822,2.821,0.00035448422545192315
2019-07-12,2.817,2.836,-0.006699576868829271
2019-07-15,2.84,2.845,-0.0017574692442883233
2019-07-16,2.849,2.832,0.006002824858757139
2019-07-17,2.834,2.823,0.0038965639390720064
2019-07-18,2.802,2.826,-0.00849256900212314
2019-07-19,2.835,2.796,0.013948497854077369
2019-07-22,2.804,2.826,-0.007784854918612916
2019-07-23,2.835,2.846,-0.003865073787772344
2019-07-24,2.847,2.867,-0.006975933031042936
2019-07-25,2.87,2.834,0.012702893436838503
2019-07-26,2.854,2.866,-0.004187020237264472
2019-07-29,2.866,2.857,0.003150157507875395
2019-07-30,2.861,2.846,0.005270555165144186
2019-07-31,2.854,2.808,0.01638176638176647
2019-08-01,2.813,2.794,0.006800286327845351
2019-08-02,2.818,2.758,0.021754894851341522
2019-08-05,2.789,2.666,0.04613653413353336
2019-08-06,2.734,2.722,0.004408523144746601
2019-08-07,2.754,2.745,0.003278688524590123
2019-08-08,2.784,2.81,-0.009252669039146011
2019-08-09,2.822,2.786,0.012921751615218913
2019-08-12,2.823,2.758,0.023567802755620093
2019-08-13,2.775,2.823,-0.01700318809776835
2019-08-14,2.827,2.736,0.03326023391812849
2019-08-15,2.764,2.733,0.011342846688620511
2019-08-16,2.762,2.778,-0.005759539236861011
2019-08-19,2.808,2.822,-0.0049610205527995666
2019-08-20,2.823,2.805,0.0064171122994651775
2019-08-21,2.809,2.83,-0.007420494699646563
2019-08-22,2.828,2.822,0.002126151665485354
2019-08-23,2.84,2.737,0.037632444282060584
2019-08-26,2.777,2.777,0.0
2019-08-27,2.807,2.782,0.008986340762041634
2019-08-28,2.804,2.791,0.0046578287352203596
2019-08-29,2.798,2.834,-0.012702893436838392
2019-08-30,2.841,2.831,0.0035323207347228713
2019-09-02,2.835,2.831,0.0014129282938890597
2019-09-03,2.829,2.801,0.009996429846483412
2019-09-04,2.847,2.841,0.002111932418162432
2019-09-05,2.866,2.892,-0.008990318118948792
2019-09-06,2.894,2.889,0.001730702665282191
2019-09-09,2.903,2.881,0.007636237417563363
2019-09-10,2.876,2.874,0.0006958942240777866
2019-09-11,2.875,2.901,-0.008962426749396735
2019-09-12,2.903,2.912,-0.0030906593406593297
2019-09-16,2.871,2.881,-0.003471017007983246
2019-09-17,2.874,2.897,-0.00793924749741104
2019-09-18,2.89,2.897,-0.0024162927166032633
2019-09-19,2.888,2.901,-0.004481213374698312
2019-09-20,2.896,2.872,0.008356545961002881
2019-09-23,2.883,2.871,0.004179728317659448
2019-09-24,2.88,2.831,0.017308371600141204
2019-09-25,2.838,2.865,-0.009424083769633551
2019-09-26,2.859,2.853,0.002103049421661396
2019-09-27,2.855,2.821,0.01205246366536672
2019-09-30,2.834,2.845,-0.0038664323374341114
2019-10-08,2.847,2.792,0.019699140401146176
2019-10-09,2.806,2.824,-0.006373937677053743
2019-10-10,2.819,2.842,-0.008092892329345625
2019-10-11,2.848,2.88,-0.011111111111111072
2019-10-14,2.868,2.879,-0.003820771101076814
2019-10-15,2.879,2.915,-0.012349914236706727
2019-10-16,2.904,2.909,-0.0017188037126160127
2019-10-17,2.903,2.918,-0.005140507196710109
2019-10-18,2.899,2.887,0.004156563907170119
2019-10-21,2.882,2.912,-0.010302197802197766
2019-10-22,2.907,2.887,0.006927606511950124
2019-10-23,2.872,2.897,-0.008629616845012067
2019-10-24,2.888,2.923,-0.011973999315771477
2019-10-25,2.896,2.948,-0.01763907734056991
2019-10-28,2.932,2.978,-0.015446608462055145
2019-10-29,2.953,2.949,0.0013563919972872096
2019-10-30,2.934,2.961,-0.009118541033434568
2019-10-31,2.95,2.96,-0.0033783783783782884
2019-11-01,2.956,2.984,-0.009383378016085797
2019-11-04,2.977,2.999,-0.007335778592864384
2019-11-05,2.992,2.999,-0.002334111370456804
2019-11-06,2.974,2.982,-0.0026827632461435824
2019-11-07,2.97,2.988,-0.0060240963855421326
2019-11-08,2.961,2.999,-0.012670890296765713
2019-11-11,2.978,2.993,-0.005011693952555851
2019-11-12,2.993,3.004,-0.003661784287616543
2019-11-13,2.994,3.004,-0.0033288948069239988
2019-11-14,3.001,3.006,-0.001663339986693213
2019-11-15,3.014,3.027,-0.004294681202510864
2019-11-18,3.028,3.029,-0.0003301419610431955
2019-11-19,3.044,3.032,0.003957783641161061
2019-11-20,3.03,3.017,0.004308916141862795
2019-11-21,3.017,3.015,0.0006633499170811685
2019-11-22,3.023,3.021,0.0006620324395896215
2019-11-25,3.042,3.061,-0.006207121855602793
2019-11-26,3.09,3.064,0.008485639686683921
2019-11-27,3.081,3.086,-0.0016202203499675605
2019-11-28,3.099,3.083,0.00518975024326962
2019-11-29,3.095,3.069,0.008471814923427967
2019-12-02,3.12,3.032,0.029023746701847042
2019-12-03,3.084,3.01,0.024584717607973428
2019-12-04,3.047,3.032,0.0049472295514512155
2019-12-05,3.061,3.043,0.005915215248110339
2019-12-06,3.058,3.069,-0.0035842293906810374
2019-12-09,3.086,3.057,0.009486424599280285
2019-12-10,3.069,3.054,0.004911591355599265
2019-12-11,3.064,3.071,-0.0022793878215565666
2019-12-12,3.086,3.089,-0.0009711880867595557
2019-12-13,3.109,3.093,0.005172971225347656
2019-12-16,3.129,3.112,0.005462724935732632
2019-12-17,3.161,3.116,0.014441591784338792
2019-12-18,3.132,3.118,0.004490057729313657
2019-12-19,3.121,3.142,-0.006683640992998008
2019-12-20,3.155,3.156,-0.0003168567807352307
2019-12-23,3.17,3.167,0.000947268708556992
2019-12-24,3.185,3.168,0.005366161616161547
2019-12-25,3.168,3.166,0.0006317119393557391
2019-12-26,3.189,3.184,0.001570351758793942
2019-12-27,3.217,3.185,0.010047095761381408
2019-12-30,3.21,3.16,0.015822784810126445
2019-12-31,3.193,3.166,0.008528111181301368
2020-01-02,3.24,3.21,0.009345794392523477
2020-01-03,3.254,3.185,0.021664050235478793
2020-01-06,3.212,3.206,0.0018714909544603753
2020-01-07,3.257,3.204,0.016541822721597876
2020-01-08,3.219,3.218,0.0003107520198881719
2020-01-09,3.29,3.247,0.013242993532491587
2020-01-10,3.366,3.232,0.04146039603960383
2020-01-13,3.359,3.266,0.02847519902020812
2020-01-14,3.401,3.239,0.05001543686322929
2020-01-15,3.41,3.235,0.054095826893354015
2020-01-16,3.441,3.265,0.053905053598774844
2020-01-17,3.483,3.285,0.0602739726027397
2020-01-20,3.424,3.275,0.04549618320610693
2020-01-21,3.397,3.271,0.03852033017425871
2020-01-22,3.436,3.29,0.04437689969604852
2020-01-23,3.478,3.302,0.053301029678982426
2020-02-03,3.303,3.284,0.0057856272838003875
2020-02-04,3.422,3.38,0.012426035502958621
2020-02-05,3.57,3.394,0.051856216853270354
2020-02-06,3.682,3.43,0.07346938775510203
2020-02-07,3.709,3.405,0.08928046989721006
2020-02-10,3.732,3.452,0.0811123986095017
2020-02-11,3.871,3.453,0.121054155806545
2020-02-12,3.971,3.48,0.14109195402298846
2020-02-13,4.197,3.477,0.20707506471095782
2020-02-14,4.01,3.489,0.1493264545715105
2020-02-17,3.976,3.487,0.14023515916260387
2020-02-18,3.837,3.49,0.0994269340974212
2020-02-19,3.799,3.532,0.07559456398640996
2020-02-20,3.82,3.499,0.0917404972849385
2020-02-21,3.719,3.442,0.08047646717024981
2020-02-24,3.558,3.309,0.07524932003626472
2020-02-25,3.686,3.22,0.1447204968944098
2020-02-26,3.619,3.228,0.12112763320941755
2020-02-27,3.57,3.071,0.162487788993813
2020-02-28,3.392,3.075,0.10308943089430889
2020-03-02,3.541,3.208,0.10380299251870317
2020-03-03,3.565,3.096,0.15148578811369506
2020-03-04,3.567,3.223,0.10673285758609996
2020-03-05,3.571,3.119,0.14491824302661116
2020-03-06,3.493,3.065,0.13964110929853168
2020-03-09,3.258,2.856,0.14075630252100835
2020-03-10,3.413,3.007,0.13501829065513782
2020-03-11,3.294,2.889,0.1401869158878506
2020-03-12,3.176,2.628,0.20852359208523596
2020-03-13,3.217,2.903,0.10816396830864616
2020-03-16,3.015,2.548,0.1832810047095761
2020-03-17,3.081,2.71,0.13690036900369007
2020-03-18,2.998,2.615,0.1464627151051625
2020-03-19,3.061,2.661,0.15031942878617066
2020-03-20,3.161,2.574,0.22804972804972823
2020-03-23,3.019,2.575,0.17242718446601946
2020-03-24,3.181,2.769,0.14879017695919106
2020-03-25,3.302,2.729,0.20996702088677166
2020-03-26,3.22,2.878,0.11883252258512855
2020-03-27,3.159,2.759,0.14498006524102935
2020-03-30,3.094,2.867,0.07917683990233693
2020-03-31,3.099,2.856,0.08508403361344552
2020-04-01,3.066,2.733,0.12184412733260142
2020-04-02,3.123,2.796,0.11695278969957101
2020-04-03,3.077,2.761,0.1144512857660267
2020-04-07,3.175,2.945,0.07809847198641773
2020-04-08,3.156,2.992,0.05481283422459904
2020-04-09,3.168,2.997,0.057057057057057214
2020-04-10,3.126,2.99,0.045484949832775845
2020-04-13,3.095,3.022,0.024156187954996744
2020-04-14,3.165,3.158,0.002216592780240667
2020-04-15,3.237,3.121,0.03716757449535413
2020-04-16,3.262,3.195,0.020970266040688523
2020-04-17,3.375,3.221,0.04781123874573101
2020-04-20,3.375,3.18,0.061320754716981174
2020-04-21,3.348,3.066,0.09197651663405093
2020-04-22,3.423,3.167,0.08083359646353028
2020-04-23,3.465,3.158,0.09721342621912599
2020-04-24,3.446,3.207,0.07452447770502046
2020-04-27,3.567,3.22,0.10776397515527947
2020-04-28,3.656,3.162,0.15623023402909553
2020-04-29,3.722,3.273,0.13718301252673393
2020-04-30,3.737,3.275,0.1410687022900763
2020-05-06,3.748,3.274,0.1447770311545511
2020-05-07,3.764,3.328,0.13100961538461542
2020-05-08,3.789,3.365,0.12600297176820208
2020-05-11,3.726,3.393,0.09814323607427067
2020-05-12,3.656,3.331,0.09756829780846599
2020-05-13,3.644,3.288,0.1082725060827252
2020-05-14,3.586,3.326,0.0781719783523751
2020-05-15,3.61,3.347,0.07857783089333736
2020-05-18,3.651,3.416,0.0687939110070257
2020-05-19,3.748,3.399,0.10267725801706384
2020-05-20,3.721,3.47,0.07233429394812685
2020-05-21,3.72,3.427,0.08549751969652752
2020-05-22,3.596,3.444,0.04413472706155641
2020-05-25,3.713,3.456,0.07436342592592604
2020-05-26,3.797,3.451,0.10026079397276155
2020-05-27,3.772,3.46,0.09017341040462412
2020-05-28,3.757,3.459,0.08615206707140799
2020-05-29,3.73,3.511,0.06237539162631722
2020-06-01,3.744,3.527,0.0615253756733769
2020-06-02,3.738,3.541,0.05563400169443655
2020-06-03,3.771,3.553,0.0613566000562904
2020-06-04,3.793,3.524,0.07633371169125991
2020-06-05,3.792,3.592,0.055679287305122394
2020-06-08,3.796,3.616,0.0497787610619469
2020-06-09,3.802,3.633,0.04651802917698866
2020-06-10,3.788,3.678,0.029907558455682492
2020-06-11,3.786,3.49,0.08481375358166177
2020-06-12,3.724,3.529,0.05525644658543505
2020-06-15,3.665,3.571,0.026323158779053557
2020-06-16,3.806,3.627,0.04935208161014626
2020-06-17,3.82,3.645,0.0480109739368999
2020-06-18,3.794,3.656,0.037746170678336854
2020-06-19,3.802,3.656,0.03993435448577687
2020-06-22,3.786,3.697,0.024073573167433082
2020-06-23,3.819,3.717,0.027441485068603777
2020-06-24,3.829,3.636,0.0530803080308031
2020-06-29,3.76,3.632,0.03524229074889851
2020-06-30,3.77,3.703,0.01809343775317318
2020-07-01,3.786,3.743,0.011488111140796287
2020-07-02,3.803,3.758,0.011974454497072795
2020-07-03,3.802,3.762,0.01063264221158966
2020-07-06,3.828,3.858,-0.007776049766718529
2020-07-07,3.839,3.811,0.007347152978220972
2020-07-08,3.821,3.857,-0.009333679025149033
2020-07-09,3.839,3.883,-0.011331444759206777
2020-07-10,3.847,3.904,-0.014600409836065587
2020-07-13,3.925,3.821,0.027218005757654984
2020-07-14,3.872,3.854,0.004670472236637302
2020-07-15,3.882,3.857,0.006481721545242403
2020-07-16,3.82,3.826,-0.001568217459487764
2020-07-17,3.868,3.84,0.007291666666666696
2020-07-20,3.849,3.945,-0.024334600760456238
2020-07-21,3.983,3.899,0.021543985637342944
2020-07-22,3.944,3.904,0.010245901639344357
2020-07-23,3.956,3.81,0.03832020997375318
2020-07-24,3.837,3.776,0.01615466101694918
2020-07-27,3.849,3.849,0.0
2020-07-28,3.877,3.791,0.0226853073067792
2020-07-29,3.864,3.841,0.0059880239520957446
2020-07-30,3.859,3.857,0.0005185377236194277
2020-07-31,3.92,3.923,-0.000764720876879954
2020-08-03,3.918,3.984,-0.016566265060240948
2020-08-04,3.973,3.989,-0.004011030333416876
2020-08-05,3.967,3.996,-0.0072572572572572325
2020-08-06,3.958,4.03,-0.017866004962779125
2020-08-07,4.004,3.983,0.005272407732864526
2020-08-10,3.994,3.977,0.004274578828262543
2020-08-11,3.992,3.906,0.022017409114183373
2020-08-12,3.981,4.0,-0.004750000000000032
2020-08-13,4.065,3.998,0.016758379189594885
2020-08-14,4.058,3.992,0.016533066132264462
2020-08-17,4.063,4.034,0.00718889439762016
2020-08-18,4.059,4.072,-0.0031925343811394225
2020-08-19,4.111,4.035,0.01883519206939277
2020-08-20,4.106,4.097,0.002196729314132062
2020-08-21,4.21,4.115,0.023086269744835963
2020-08-24,4.391,4.146,0.05909310178485283
2020-08-25,4.591,4.179,0.09858817899018901
2020-08-26,4.503,4.262,0.05654622243078378
2020-08-27,4.697,4.235,0.10909090909090913
2020-08-28,4.797,4.259,0.12632073256633003
2020-08-31,5.058,4.281,0.181499649614576
2020-09-01,4.99,4.339,0.15003457017746014
2020-09-02,5.193,4.377,0.18642906100068535
2020-09-03,5.305,4.145,0.2798552472858866
2020-09-04,4.846,4.095,0.1833943833943834
2020-09-07,4.484,4.097,0.09445936050768844
2020-09-08,4.724,3.902,0.21066119938493078
2020-09-09,4.482,4.018,0.11548033847685435
2020-09-10,4.609,3.93,0.1727735368956742
2020-09-11,4.529,3.909,0.15860833972883093
2020-09-14,4.654,3.974,0.17111222949169602
2020-09-15,4.811,4.022,0.19617105917454003
2020-09-16,4.802,3.932,0.22126144455747698
2020-09-17,4.604,3.865,0.1912031047865459
2020-09-18,4.761,3.81,0.24960629921259847
2020-09-21,4.667,3.825,0.2201307189542483
2020-09-22,4.593,3.912,0.17407975460122693
2020-09-23,4.655,3.795,0.22661396574440063
2020-09-24,4.481,3.82,0.17303664921465978
2020-09-25,4.445,3.914,0.13566683699540105
2020-09-28,4.52,3.996,0.13113113113113095
2020-09-29,4.546,3.977,0.14307266784008066
2020-09-30,4.555,4.006,0.13704443334997496
2020-10-09,4.644,4.094,0.13434294088910592
2020-10-12,4.673,4.18,0.11794258373205757
2020-10-13,4.722,4.188,0.1275071633237823
2020-10-14,4.707,4.165,0.1301320528211285
2020-10-15,4.586,4.129,0.11068055219181416
2020-10-16,4.582,4.109,0.11511316622049161
2020-10-19,4.636,4.015,0.15466998754669992
2020-10-20,4.605,4.025,0.14409937888198754
2020-10-21,4.604,4.012,0.14755732801595234
2020-10-22,4.556,3.997,0.13985489116837635
2020-10-23,4.509,4.016,0.12275896414342635
2020-10-26,4.429,3.953,0.12041487477864932
2020-10-27,4.402,4.001,0.100224943764059
2020-10-28,4.364,3.854,0.13233004670472237
2020-10-29,4.312,3.93,0.09720101781170487
2020-10-30,4.251,3.826,0.11108207004704651
2020-11-02,4.253,3.825,0.11189542483660131
2020-11-03,4.42,3.887,0.1371237458193979
2020-11-04,4.635,4.047,0.14529280948850998
2020-11-05,4.65,4.159,0.11805722529454199
2020-11-06,4.483,4.127,0.08626120668766646
2020-11-09,4.602,4.028,0.14250248262164855
2020-11-10,4.469,3.944,0.13311359026369174
2020-11-11,4.407,4.045,0.08949320148331275
2020-11-12,4.419,4.032,0.0959821428571428
2020-11-13,4.385,4.073,0.0766020132580405
2020-11-16,4.4,4.085,0.07711138310893517
2020-11-17,4.324,4.056,0.06607495069033531
2020-11-18,4.284,4.019,0.06593680019905435
2020-11-19,4.276,4.043,0.057630472421469126
2020-11-20,4.305,4.034,0.06717897868120959
2020-11-23,4.271,4.029,0.060064532141970606
2020-11-24,4.281,4.092,0.04618768328445744
2020-11-25,4.312,4.114,0.0481283422459895
2020-11-26,4.325,4.115,0.051032806804374164
2020-11-27,4.312,4.15,0.03903614457831317
2020-11-30,4.317,4.155,0.03898916967509014
2020-12-01,4.364,4.226,0.03265499290108842
2020-12-02,4.394,4.207,0.04444972664606617
2020-12-03,4.371,4.21,0.038242280285035735
2020-12-04,4.349,4.225,0.02934911242603566
2020-12-07,4.299,4.239,0.014154281670205382
2020-12-08,4.293,4.249,0.010355377735937976
2020-12-09,4.29,4.157,0.03199422660572537
2020-12-10,4.22,4.18,0.009569377990430672
2020-12-11,4.207,4.167,0.009599232061435092
2020-12-14,4.204,4.193,0.0026234199856904894
2020-12-15,4.212,4.243,-0.007306151308036912
2020-12-16,4.281,4.262,0.004458000938526441
2020-12-17,4.283,4.29,-0.0016317016317015653
2020-12-18,4.303,4.282,0.004904250350303618
2020-12-21,4.341,4.279,0.014489366674456772
2020-12-22,4.299,4.281,0.0042046250875964475
2020-12-23,4.315,4.269,0.01077535722651679
2020-12-24,4.298,4.276,0.005144995322731605
2020-12-25,4.321,4.274,0.01099672437997179
2020-12-28,4.346,4.312,0.0078849721706864
2020-12-29,4.383,4.327,0.012941992142361913
2020-12-30,4.382,4.319,0.014586709886547755
2020-12-31,4.375,4.329,0.010626010626010762
2021-01-04,4.333,4.273,0.014041656915516176
2021-01-05,4.275,4.268,0.0016401124648548482
2021-01-06,4.256,4.198,0.013816102906145655
2021-01-07,4.243,4.303,-0.013943760167325014
2021-01-08,4.318,4.364,-0.010540788267644374
2021-01-11,4.331,4.3,0.007209302325581479
2021-01-12,4.299,4.299,0.0
2021-01-13,4.281,4.313,-0.007419429631347119
2021-01-14,4.297,4.297,0.0
2021-01-15,4.268,4.258,0.002348520432127632
2021-01-18,4.244,4.271,-0.006321704518848059
2021-01-19,4.291,4.337,-0.01060640996080231
2021-01-20,4.324,4.435,-0.025028184892897376
2021-01-21,4.435,4.462,-0.0060510981622591276
2021-01-22,4.432,4.443,-0.002475804636506651
2021-01-25,4.471,4.496,-0.005560498220640642
2021-01-26,4.443,4.5,-0.012666666666666715
2021-01-27,4.513,4.362,0.034617148097203065
2021-01-28,4.333,4.403,-0.01589825119236865
2021-01-29,4.327,4.303,0.005577504066930139
2021-02-01,4.31,4.404,-0.02134423251589468
2021-02-02,4.441,4.48,-0.00870535714285725
2021-02-03,4.493,4.458,0.007851054284432557
2021-02-04,4.449,4.507,-0.012868870645662223
2021-02-05,4.508,4.529,-0.004636785162287493
2021-02-08,4.537,4.557,-0.004388852315119651
2021-02-09,4.536,4.545,-0.001980198019802093
2021-02-10,4.553,4.524,0.0064102564102563875
2021-02-18,4.532,4.529,0.0006623978803268482
2021-02-19,4.527,4.516,0.002435783879539466
2021-02-22,4.487,4.393,0.02139767812428861
2021-02-23,4.416,4.379,0.008449417675268522
2021-02-24,4.339,4.422,-0.018769787426503703
2021-02-25,4.422,4.258,0.03851573508689521
2021-02-26,4.246,4.297,-0.01186874563649043
2021-03-01,4.342,4.423,-0.018313361971512676
2021-03-02,4.396,4.34,0.012903225806451646
2021-03-03,4.376,4.212,0.03893637226970581
2021-03-04,4.234,4.152,0.019749518304431612
2021-03-05,4.182,4.229,-0.011113738472452006
2021-03-08,4.189,4.099,0.021956574774335103
2021-03-09,4.153,4.296,-0.03328677839851035
2021-03-10,4.261,4.267,-0.0014061401453011602
2021-03-11,4.297,4.358,-0.013997246443322564
2021-03-12,4.324,4.312,0.002782931354359919
2021-03-15,4.306,4.37,-0.014645308924485123
2021-03-16,4.387,4.395,-0.0018202502844141266
2021-03-17,4.38,4.409,-0.006577455205261984
2021-03-18,4.413,4.262,0.03542937587986872
2021-03-19,4.267,4.303,-0.008366256100394986
2021-03-22,4.308,4.382,-0.016887266088543962
2021-03-23,4.349,4.35,-0.0002298850574711242
2021-03-24,4.351,4.289,0.014455584052226689
2021-03-25,4.285,4.286,-0.00023331777881463456
2021-03-26,4.322,4.358,-0.008260670032124717
2021-03-29,4.322,4.356,-0.007805325987144118
2021-03-30,4.331,4.347,-0.003680699332873294
2021-03-31,4.329,4.417,-0.019923024677382828
2021-04-01,4.43,4.488,-0.012923351158645402
2021-04-02,4.479,4.492,-0.0028940338379340735
2021-04-06,4.549,4.569,-0.004377325454147374
2021-04-07,4.545,4.573,-0.006122895254756289
2021-04-08,4.592,4.625,-0.0071351351351351955
2021-04-09,4.605,4.651,-0.009890346162115593
2021-04-12,4.635,4.654,-0.004082509669101841
2021-04-13,4.625,4.7,-0.015957446808510634
2021-04-14,4.685,4.633,0.011223829052449785
2021-04-15,4.638,4.703,-0.01382096534127164
2021-04-16,4.681,4.708,-0.005734919286321194
2021-04-19,4.69,4.658,0.006869901245169618
2021-04-20,4.62,4.616,0.0008665511265164572
2021-04-21,4.585,4.654,-0.014825956166738319
2021-04-22,4.627,4.586,0.008940252943741678
2021-04-23,4.572,4.647,-0.016139444803098812
2021-04-26,4.619,4.674,-0.011767222935387345
2021-04-27,4.656,4.653,0.0006447453255964408
2021-04-28,4.64,4.628,0.0025929127052721768
2021-04-29,4.653,4.641,0.0025856496444731647
2021-04-30,4.619,4.602,0.003694046066927248
2021-05-06,4.512,4.535,-0.0050716648291070365
2021-05-07,4.502,4.556,-0.011852502194907855
2021-05-10,4.537,4.419,0.02670287395338322
2021-05-11,4.405,4.405,0.0
2021-05-12,4.406,4.291,0.026800279655091908
2021-05-13,4.346,4.349,-0.0006898137502874269
2021-05-14,4.394,4.436,-0.009467989179440917
2021-05-17,4.439,4.395,0.010011376564277752
2021-05-18,4.453,4.367,0.01969315319441267
2021-05-19,4.371,4.368,0.0006868131868131844
2021-05-20,4.382,4.466,-0.018808777429467183
2021-05-21,4.47,4.428,0.009485094850948395
2021-05-24,4.448,4.511,-0.013965861228109056
2021-05-25,4.516,4.508,0.0017746228926354135
2021-05-26,4.51,4.51,0.0
2021-05-27,4.485,4.49,-0.00111358574610243
2021-05-28,4.483,4.488,-0.0011140819964351456
2021-05-31,4.475,4.476,-0.0002234137622878496
2021-06-01,4.483,4.458,0.0056078959174517
2021-06-02,4.462,4.478,-0.003573023671281872
2021-06-03,4.473,4.433,0.009023234829686366
2021-06-04,4.439,4.53,-0.020088300220750588
2021-06-07,4.501,4.533,-0.007059342598720542
2021-06-08,4.517,4.532,-0.003309796999117265
2021-06-09,4.523,4.536,-0.0028659611992944978
2021-06-10,4.509,4.585,-0.01657579062159209
2021-06-11,4.563,4.589,-0.0056657223796034994
2021-06-15,4.633,4.615,0.003900325027085483
2021-06-16,4.603,4.6,0.0006521739130433968
2021-06-17,4.588,4.674,-0.01839965768078744
2021-06-18,4.684,4.641,0.009265244559362174
2021-06-21,4.641,4.683,-0.008968609865470767
2021-06-22,4.671,4.732,-0.012890955198647469
2021-06-23,4.743,4.734,0.0019011406844107182
2021-06-24,4.742,4.779,-0.0077422054823184094
2021-06-25,4.756,4.766,-0.0020981955518253326
2021-06-28,4.767,4.813,-0.0095574485767711
2021-06-29,4.803,4.828,-0.005178127589063886
2021-06-30,4.837,4.825,0.00248704663212429
2021-07-01,4.827,4.834,-0.0014480761274305864
2021-07-02,4.828,4.891,-0.012880801472091585
2021-07-05,4.883,4.889,-0.001227244835344643
2021-07-06,4.887,4.903,-0.0032633081786661577
2021-07-07,4.919,4.922,-0.000609508329947217
2021-07-08,4.91,4.888,0.0045008183306056715
2021-07-09,4.903,4.926,-0.004669102720259999
2021-07-12,4.934,4.945,-0.002224469160768461
2021-07-13,4.94,4.942,-0.00040469445568591667
2021-07-14,4.938,4.954,-0.0032297133629390906
2021-07-15,4.948,4.907,0.008355410637864269
2021-07-16,4.903,4.874,0.005949938448912562
2021-07-19,4.874,4.83,0.009109730848861242
2021-07-20,4.863,4.9,-0.007551020408163245
2021-07-21,4.893,4.936,-0.008711507293355014
2021-07-22,4.938,4.955,-0.0034308779011100743
2021-07-23,4.938,5.013,-0.014961101137043742
2021-07-26,5.041,5.026,0.002984480700358283
2021-07-27,5.03,4.968,0.012479871175523405
2021-07-28,4.98,5.002,-0.004398240703718415
2021-07-29,4.996,5.013,-0.003391182924396441
2021-07-30,4.912,4.959,-0.009477717281709985
2021-08-02,4.98,4.963,0.003425347572033166
2021-08-03,4.968,4.992,-0.004807692307692291
2021-08-04,5.001,5.003,-0.00039976014391363
2021-08-05,4.996,5.039,-0.008533439174439272
2021-08-06,5.033,5.01,0.004590818363273463
2021-08-09,5.008,5.035,-0.005362462760675313
2021-08-10,5.031,5.008,0.004592651757188371
2021-08-11,5.006,4.999,0.0014002800560113382
2021-08-12,4.992,5.013,-0.004189108318372159
2021-08-13,5.01,5.033,-0.004569839062189662
2021-08-16,5.022,5.028,-0.0011933174224342258
2021-08-17,5.039,4.986,0.010629763337344444
2021-08-18,5.009,4.95,0.011919191919191885
2021-08-19,4.922,4.97,-0.009657947686116719
2021-08-20,4.968,5.033,-0.01291476256705748
2021-08-23,5.05,5.105,-0.010773751224290029
2021-08-24,5.123,5.107,0.00313295476796549
2021-08-25,5.118,5.104,0.002742946708464089
2021-08-26,5.111,5.074,0.007292077256602303
2021-08-27,5.115,5.135,-0.003894839337877265
2021-08-30,5.154,5.178,-0.004634994206257237
2021-08-31,5.224,5.171,0.010249468187971456
2021-09-01,5.2,5.18,0.0038610038610038533
2021-09-02,5.193,5.171,0.004254496228969229
2021-09-03,5.182,5.186,-0.0007713073659852965
2021-09-06,5.195,5.181,0.00270218104613007
2021-09-07,5.2,5.189,0.002119868953555537
2021-09-08,5.193,5.182,0.002122732535700278
2021-09-09,5.165,5.157,0.0015512895094047519
2021-09-10,5.148,5.113,0.006845296303539916
2021-09-13,5.122,5.106,0.0031335683509596812
2021-09-14,5.092,5.089,0.0005895067793277864
2021-09-15,5.081,5.128,-0.009165366614664494
2021-09-16,5.106,5.119,-0.002539558507520967
2021-09-17,5.135,5.074,0.012022073314938986
2021-09-22,5.009,5.035,-0.005163853028798404
2021-09-23,5.055,5.085,-0.005899705014749346
2021-09-24,5.065,5.078,-0.0025600630169357874
2021-09-27,5.096,5.043,0.010509617291294848
2021-09-28,5.005,4.893,0.022889842632331847
2021-09-29,4.934,4.891,0.008791658147618175
2021-09-30,4.944,4.884,0.01228501228501222
2021-10-08,4.937,4.908,0.005908720456397676
2021-10-11,4.881,4.863,0.0037014188772361845
2021-10-12,4.84,4.843,-0.0006194507536650962
2021-10-13,4.852,4.893,-0.008379317392192775
2021-10-14,4.917,4.969,-0.010464882270074582
2021-10-15,4.986,4.999,-0.002600520104020787
2021-10-18,4.982,5.043,-0.012095974618282712
2021-10-19,5.039,5.079,-0.007875566056310346
2021-10-20,5.048,5.054,-0.0011871784724970524
2021-10-21,5.047,5.072,-0.004929022082018952
2021-10-22,5.065,5.038,0.005359269551409307
2021-10-25,5.04,5.083,-0.008459571119417642
2021-10-26,5.103,5.096,0.0013736263736263687
2021-10-27,5.095,5.106,-0.0021543282412848086
2021-10-28,5.116,5.173,-0.011018751208196509
2021-10-29,5.122,5.193,-0.01367225110725967
2021-11-01,5.208,5.234,-0.004967520061138653
2021-11-02,5.218,5.241,-0.004388475481778231
2021-11-03,5.243,5.303,-0.01131435036771633
2021-11-04,5.315,5.358,-0.008025382605449605
2021-11-05,5.38,5.367,0.002422209800633457
2021-11-08,5.362,5.357,0.0009333582228858717
2021-11-09,5.368,5.314,0.010161836657884837
2021-11-10,5.316,5.241,0.014310246136233662
2021-11-11,5.272,5.272,0.0
2021-11-12,5.27,5.321,-0.009584664536741228
2021-11-15,5.336,5.303,0.006222892702244076
2021-11-16,5.304,5.345,-0.007670720299345124
2021-11-17,5.347,5.346,0.00018705574261135283
2021-11-18,5.359,5.392,-0.006120178041543078
2021-11-19,5.433,5.424,0.0016592920353981633
2021-11-22,5.448,5.371,0.014336250232731329
2021-11-23,5.359,5.345,0.0026192703461178635
2021-11-24,5.368,5.362,0.0011189854531892252
2021-11-25,5.395,5.369,0.004842615012106588
2021-11-26,5.34,5.253,0.016561964591661926
2021-11-29,5.322,5.369,-0.008753957906500243
2021-11-30,5.346,5.277,0.013075611142694621
2021-12-01,5.35,5.183,0.032220721589812706
2021-12-02,5.23,5.222,0.0015319800842588105
2021-12-03,5.226,5.133,0.018118059614260718
2021-12-06,5.153,5.173,-0.003866228494104118
2021-12-07,5.22,5.333,-0.021188824301518916
2021-12-08,5.35,5.35,0.0
2021-12-09,5.329,5.256,0.01388888888888884
2021-12-10,5.28,5.331,-0.009566685424873378
2021-12-13,5.346,5.247,0.018867924528301883
2021-12-14,5.261,5.193,0.013094550356248957
2021-12-15,5.217,5.318,-0.018992102294095536
2021-12-16,5.347,5.172,0.03383604021655073
2021-12-17,5.191,5.152,0.007569875776397561
2021-12-20,5.113,5.119,-0.001172103926547985
2021-12-21,5.18,5.221,-0.00785290174296116
2021-12-22,5.206,5.283,-0.01457505205375731
2021-12-23,5.276,5.32,-0.008270676691729428
2021-12-24,5.307,5.324,-0.0031930879038316595
2021-12-27,5.331,5.408,-0.014238165680473314
2021-12-28,5.405,5.386,0.0035276643148904885
2021-12-29,5.402,5.387,0.0027844811583441764
2021-12-30,5.372,5.362,0.0018649757553150792
2021-12-31,5.364,5.333,0.0058128633039564725
2022-01-04,5.406,5.323,0.015592710877324611
2022-01-05,5.297,5.156,0.027346780449961194
2022-01-06,5.151,5.15,0.00019417475728134015
2022-01-07,5.188,5.094,0.018453082057322323
2022-01-10,5.142,5.094,0.009422850412249772
2022-01-11,5.101,5.172,-0.013727764887857652
2022-01-12,5.192,5.189,0.0005781460782423586
2022-01-14,1.015,1.019,-0.003925417075564264
2022-01-17,1.014,1.017,-0.002949852507374562
2022-01-18,1.008,0.99,0.0181818181818183
2022-01-19,0.986,0.981,0.0050968399592252744
2022-01-20,0.989,0.966,0.023809523809523725
2022-01-21,0.96,0.939,0.022364217252396124
2022-01-24,0.951,0.943,0.008483563096500557
2022-01-25,0.93,0.919,0.01196953210010876
2022-01-26,0.925,0.918,0.007625272331154731
2022-01-27,0.905,0.909,-0.004400440044004417
2022-01-28,0.919,0.944,-0.0264830508474575
2022-02-07,0.956,0.949,0.007376185458377149
2022-02-08,0.95,0.96,-0.01041666666666663
2022-02-09,0.966,0.982,-0.016293279022403295
2022-02-10,0.98,0.958,0.022964509394572064
2022-02-11,0.952,0.93,0.023655913978494425
2022-02-14,0.933,0.93,0.003225806451612856
2022-02-15,0.933,0.952,-0.01995798319327724
2022-02-16,0.949,0.949,0.0
2022-02-17,0.942,0.919,0.025027203482045568
2022-02-18,0.933,0.909,0.0264026402640265
2022-02-21,0.931,0.91,0.023076923076922995
2022-02-22,0.893,0.902,-0.009977827050997812
2022-02-23,0.908,0.877,0.03534777651083232
2022-02-24,0.857,0.906,-0.05408388520971308
2022-02-25,0.894,0.92,-0.02826086956521745
2022-02-28,0.896,0.922,-0.02819956616052066
2022-03-01,0.919,0.904,0.0165929203539823
2022-03-02,0.905,0.924,-0.02056277056277056
2022-03-03,0.92,0.906,0.015452538631346657
2022-03-04,0.902,0.897,0.00557413600891854
2022-03-07,0.881,0.866,0.01732101616628179
2022-03-08,0.852,0.858,-0.006993006993006978
2022-03-09,0.862,0.889,-0.030371203599550034
2022-03-10,0.884,0.878,0.006833712984054774
2022-03-11,0.879,0.862,0.019721577726218076
2022-03-14,0.868,0.848,0.02358490566037741
2022-03-15,0.851,0.878,-0.03075170842824604
2022-03-16,0.883,0.911,-0.03073545554335899
2022-03-17,0.91,0.916,-0.0065502183406113135
2022-03-18,0.91,0.936,-0.02777777777777779
2022-03-21,0.93,0.937,-0.007470651013874119
2022-03-22,0.932,0.955,-0.02408376963350778
2022-03-23,0.955,0.94,0.015957446808510634
2022-03-24,0.946,0.962,-0.016632016632016633
2022-03-25,0.963,0.962,0.0010395010395010118
2022-03-28,0.958,0.977,-0.019447287615148467
2022-03-29,0.978,0.993,-0.015105740181268867
2022-03-30,0.99,0.981,0.00917431192660545
2022-03-31,0.983,0.964,0.01970954356846466
2022-04-01,0.973,0.966,0.007246376811594235
2022-04-06,0.967,0.947,0.021119324181626098
2022-04-07,0.947,0.947,0.0
2022-04-08,0.953,0.933,0.02143622722400851
2022-04-11,0.929,0.911,0.01975850713501659
2022-04-12,0.911,0.91,0.001098901098901095
2022-04-13,0.917,0.927,-0.010787486515641875
2022-04-14,0.931,0.903,0.03100775193798455
2022-04-15,0.905,0.908,-0.0033039647577092213
2022-04-18,0.9,0.908,-0.008810572687224627
2022-04-19,0.913,0.926,-0.01403887688984884
2022-04-20,0.924,0.916,0.008733624454148492
2022-04-21,0.928,0.899,0.032258064516129004
2022-04-22,0.911,0.882,0.03287981859410438
2022-04-25,0.883,0.898,-0.016703786191536785
2022-04-26,0.904,0.872,0.03669724770642202
2022-04-27,0.881,0.872,0.010321100917431103
2022-04-28,0.893,0.902,-0.009977827050997812
2022-04-29,0.905,0.869,0.04142692750287691
2022-05-05,0.913,0.862,0.05916473317865445
2022-05-06,0.878,0.86,0.020930232558139528
2022-05-09,0.866,0.833,0.03961584633853543
2022-05-10,0.855,0.846,0.010638297872340496
2022-05-11,0.859,0.823,0.04374240583232081
2022-05-12,0.83,0.821,0.010962241169305775
2022-05-13,0.844,0.859,-0.017462165308498312
2022-05-16,0.855,0.848,0.008254716981132004
2022-05-17,0.859,0.87,-0.012643678160919603
2022-05-18,0.864,0.82,0.0536585365853659
2022-05-19,0.828,0.817,0.01346389228886169
2022-05-20,0.833,0.814,0.023341523341523285
2022-05-23,0.837,0.819,0.0219780219780219
2022-05-24,0.813,0.799,0.017521902377972243
2022-05-25,0.818,0.811,0.008631319358816114
2022-05-26,0.822,0.836,-0.01674641148325362
2022-05-27,0.848,0.871,-0.02640642939150406
2022-05-30,0.875,0.867,0.009227220299884653
2022-05-31,0.868,0.859,0.010477299185098987
2022-06-01,0.868,0.853,0.017584994138335253
2022-06-02,0.86,0.882,-0.024943310657596363
2022-06-06,0.861,0.857,0.004667444574095736
2022-06-07,0.854,0.864,-0.01157407407407407
2022-06-08,0.866,0.857,0.010501750291715295
2022-06-09,0.861,0.836,0.029904306220095656
2022-06-10,0.847,0.809,0.046971569839307614
2022-06-13,0.804,0.774,0.03875968992248069
2022-06-14,0.799,0.779,0.025673940949935803
2022-06-15,0.803,0.798,0.006265664160401085
2022-06-16,0.798,0.762,0.047244094488189115
2022-06-17,0.791,0.769,0.02860858257477239
2022-06-20,0.796,0.771,0.03242542153048
2022-06-21,0.805,0.787,0.02287166454891998
2022-06-22,0.802,0.789,0.016476552598225558
2022-06-23,0.815,0.8,0.018749999999999822
2022-06-24,0.824,0.827,-0.0036275695284159193
2022-06-27,0.837,0.819,0.0219780219780219
2022-06-28,0.828,0.794,0.04282115869017611
2022-06-29,0.806,0.796,0.012562814070351758
2022-06-30,0.801,0.787,0.017789072426937835
2022-07-01,0.799,0.79,0.0113924050632912
2022-07-04,0.802,0.792,0.012626262626262541
2022-07-05,0.814,0.804,0.012437810945273409
2022-07-06,0.819,0.812,0.008620689655172376
2022-07-07,0.829,0.828,0.0012077294685990392
2022-07-08,0.835,0.829,0.007237635705669598
2022-07-11,0.828,0.809,0.023485784919653696
2022-07-12,0.816,0.805,0.013664596273291751
2022-07-13,0.821,0.804,0.021144278606965106
2022-07-14,0.812,0.806,0.007444168734491274
2022-07-15,0.821,0.824,-0.00364077669902918
2022-07-18,0.841,0.816,0.030637254901960898
2022-07-19,0.829,0.841,-0.014268727705113005
2022-07-20,0.856,0.855,0.0011695906432749315
2022-07-21,0.861,0.869,-0.009205983889528202
2022-07-22,0.867,0.852,0.01760563380281699
2022-07-25,0.854,0.848,0.007075471698113178
2022-07-26,0.849,0.831,0.02166064981949467
2022-07-27,0.849,0.869,-0.023014959723820505
2022-07-28,0.864,0.873,-0.010309278350515427
2022-07-29,0.888,0.889,-0.0011248593925758943
2022-08-01,0.886,0.889,-0.003374578177727794
2022-08-02,0.886,0.886,0.0
2022-08-03,0.886,0.915,-0.031693989071038264
2022-08-04,0.911,0.916,-0.00545851528384278
2022-08-05,0.915,0.906,0.009933774834437026
2022-08-08,0.912,0.907,0.005512679162072764
2022-08-09,0.905,0.895,0.011173184357541999
2022-08-10,0.892,0.921,-0.03148751357220414
2022-08-11,0.923,0.911,0.01317233809001106
2022-08-12,0.914,0.931,-0.018259935553168627
2022-08-15,0.931,0.938,-0.00746268656716409
2022-08-16,0.942,0.94,0.0021276595744681437
2022-08-17,0.939,0.931,0.00859291084854985
2022-08-18,0.926,0.932,-0.006437768240343367
2022-08-19,0.928,0.918,0.01089324618736387
2022-08-22,0.912,0.895,0.018994413407821265
2022-08-23,0.895,0.898,-0.0033407572383074013
2022-08-24,0.898,0.899,-0.0011123470522803602
2022-08-25,0.91,0.917,-0.007633587786259555
2022-08-26,0.915,0.879,0.04095563139931735
2022-08-29,0.879,0.873,0.0068728522336769515
2022-08-30,0.883,0.864,0.0219907407407407
2022-08-31,0.875,0.861,0.016260162601626105
2022-09-01,0.854,0.86,-0.006976744186046546
2022-09-02,0.863,0.849,0.016489988221437102
2022-09-05,0.856,0.85,0.007058823529411784
2022-09-06,0.862,0.845,0.020118343195266286
2022-09-07,0.853,0.863,-0.011587485515643148
2022-09-08,0.87,0.867,0.0034602076124568004
2022-09-09,0.873,0.885,-0.013559322033898313
2022-09-13,0.898,0.844,0.0639810426540286
2022-09-14,0.856,0.853,0.003516998827667095
2022-09-15,0.858,0.839,0.022646007151370773
2022-09-16,0.841,0.836,0.005980861244019087
2022-09-19,0.84,0.844,-0.004739336492891044
2022-09-20,0.855,0.838,0.02028639618138417
2022-09-21,0.85,0.823,0.03280680437424066
2022-09-22,0.834,0.817,0.02080783353733162
2022-09-23,0.829,0.805,0.029813664596273215
2022-09-26,0.816,0.805,0.013664596273291751
2022-09-27,0.831,0.811,0.024660912453760675
2022-09-28,0.82,0.831,-0.013237063778580027
2022-09-29,0.833,0.807,0.03221809169764556
2022-09-30,0.812,0.792,0.025252525252525304
2022-10-10,0.792,0.789,0.0038022813688212143
2022-10-11,0.792,0.78,0.01538461538461533
2022-10-12,0.797,0.78,0.021794871794871717
2022-10-13,0.79,0.798,-0.010025062656641603
2022-10-14,0.811,0.773,0.04915912031047864
2022-10-17,0.793,0.8,-0.008750000000000036
2022-10-18,0.824,0.806,0.022332506203473823
2022-10-19,0.821,0.803,0.02241594022415927
2022-10-20,0.812,0.8,0.014999999999999902
2022-10-21,0.81,0.818,-0.009779951100244322
2022-10-24,0.833,0.827,0.007255139056831839
2022-10-25,0.848,0.85,-0.0023529411764705577
2022-10-26,0.842,0.83,0.014457831325301207
2022-10-27,0.837,0.814,0.02825552825552835
2022-10-28,0.811,0.841,-0.03567181926278229
2022-10-31,0.849,0.831,0.02166064981949467
2022-11-01,0.851,0.826,0.030266343825665842
2022-11-02,0.838,0.8,0.047499999999999876
2022-11-03,0.813,0.787,0.033036848792884266
2022-11-04,0.814,0.8,0.01749999999999985
2022-11-07,0.815,0.806,0.011166253101736912
2022-11-08,0.816,0.811,0.006165228113440113
2022-11-09,0.818,0.792,0.03282828282828265
2022-11-10,0.808,0.854,-0.05386416861826693
2022-11-11,0.854,0.864,-0.01157407407407407
2022-11-14,0.848,0.844,0.004739336492890933
2022-11-15,0.855,0.851,0.004700352526439522
2022-11-16,0.861,0.838,0.027446300715990413
2022-11-17,0.856,0.84,0.01904761904761898
2022-11-18,0.853,0.845,0.00946745562130169
2022-11-21,0.85,0.838,0.014319809069212486
2022-11-22,0.843,0.854,-0.012880562060889944
2022-11-23,0.853,0.858,-0.005827505827505797
2022-11-24,0.863,0.857,0.007001166861143604
2022-11-25,0.865,0.853,0.014067995310668158
2022-11-28,0.854,0.844,0.011848341232227444
2022-11-29,0.852,0.842,0.01187648456057011
2022-11-30,0.842,0.878,-0.04100227790432809
2022-12-01,0.868,0.873,-0.00572737686139746
2022-12-02,0.863,0.861,0.0023228803716608404
2022-12-05,0.854,0.845,0.010650887573964596
2022-12-06,0.844,0.821,0.028014616321559105
2022-12-07,0.835,0.819,0.019536019536019467
2022-12-08,0.832,0.825,0.00848484848484854
2022-12-09,0.833,0.82,0.01585365853658538
2022-12-12,0.825,0.83,-0.0060240963855421326
2022-12-13,0.838,0.841,-0.003567181926278251
2022-12-14,0.848,0.832,0.019230769230769162
2022-12-15,0.835,0.802,0.041147132169575995
2022-12-16,0.816,0.799,0.02127659574468077
2022-12-19,0.813,0.788,0.031725888324873
2022-12-20,0.802,0.789,0.016476552598225558
2022-12-21,0.809,0.798,0.013784461152882121
2022-12-22,0.811,0.78,0.039743589743589824
2022-12-23,0.801,0.783,0.02298850574712641
2022-12-26,0.802,0.783,0.02426564495530026
2022-12-27,0.808,0.77,0.04935064935064948
2022-12-28,0.799,0.761,0.04993429697766105
2022-12-29,0.795,0.781,0.017925736235595346
2022-12-30,0.799,0.778,0.02699228791773778
2023-01-03,0.806,0.771,0.045395590142671916
2023-01-04,0.804,0.773,0.040103492884864256
2023-01-05,0.805,0.759,0.06060606060606055
2023-01-06,0.799,0.78,0.024358974358974272
2023-01-09,0.809,0.777,0.041184041184041176
2023-01-10,0.805,0.777,0.03603603603603611
2023-01-11,0.81,0.791,0.02402022756005051
2023-01-12,0.818,0.794,0.030226700251889005
2023-01-13,0.815,0.795,0.025157232704402288
2023-01-16,0.815,0.793,0.027742749054224358
2023-01-17,0.82,0.795,0.03144654088050314
2023-01-18,0.821,0.789,0.040557667934093766
2023-01-19,0.81,0.782,0.03580562659846542
2023-01-20,0.815,0.804,0.013681592039800794
2023-01-30,0.844,0.822,0.02676399026763998
2023-01-31,0.832,0.835,-0.003592814371257469
2023-02-01,0.847,0.851,-0.004700352526439522
2023-02-02,0.862,0.876,-0.01598173515981738
2023-02-03,0.87,0.865,0.005780346820809301
2023-02-06,0.865,0.861,0.004645760743321681
2023-02-07,0.866,0.882,-0.01814058956916098
2023-02-08,0.882,0.863,0.022016222479722014
2023-02-09,0.873,0.857,0.018669778296382722
2023-02-10,0.86,0.852,0.009389671361502261
2023-02-13,0.859,0.868,-0.010368663594470084
2023-02-14,0.871,0.874,-0.003432494279176246
2023-02-15,0.873,0.881,-0.009080590238365494
2023-02-16,0.89,0.869,0.024165707710011475
2023-02-17,0.865,0.865,0.0
2023-02-20,0.868,0.865,0.003468208092485492
2023-02-21,0.866,0.843,0.027283511269276417
2023-02-22,0.85,0.846,0.004728132387706863
2023-02-23,0.857,0.856,0.001168224299065379
2023-02-24,0.86,0.841,0.022592152199762294
2023-02-27,0.852,0.854,-0.0023419203747072626
2023-02-28,0.855,0.852,0.0035211267605634866
2023-03-01,0.852,0.844,0.009478672985782088
2023-03-02,0.84,0.845,-0.00591715976331364
2023-03-03,0.849,0.866,-0.019630484988452657
2023-03-06,0.871,0.865,0.006936416184971206
2023-03-07,0.872,0.856,0.01869158878504673
2023-03-08,0.864,0.865,-0.0011560693641619046
2023-03-09,0.868,0.852,0.018779342723004744
2023-03-10,0.848,0.84,0.00952380952380949
2023-03-13,0.854,0.843,0.013048635824436605
2023-03-14,0.841,0.857,-0.018669778296382722
2023-03-15,0.859,0.858,0.0011655011655011815
2023-03-16,0.863,0.886,-0.025959367945823986
2023-03-17,0.884,0.88,0.00454545454545463
2023-03-20,0.873,0.879,-0.0068259385665528916
2023-03-21,0.882,0.892,-0.011210762331838597
2023-03-22,0.895,0.879,0.018202502844141044
2023-03-23,0.884,0.89,-0.006741573033707926
2023-03-24,0.891,0.889,0.0022497187851517886
2023-03-27,0.899,0.887,0.013528748590755368
2023-03-28,0.893,0.883,0.011325028312570762
2023-03-29,0.893,0.899,-0.006674082313681828
2023-03-30,0.903,0.909,-0.0066006600660065695
2023-03-31,0.908,0.922,-0.015184381778741929
2023-04-03,0.92,0.921,-0.0010857763300760048
2023-04-04,0.922,0.916,0.0065502183406114245
2023-04-06,0.906,0.914,-0.008752735229759279
2023-04-07,0.914,0.915,-0.0010928961748634114
2023-04-10,0.91,0.913,-0.003285870755750264
2023-04-11,0.915,0.909,0.0066006600660066805
2023-04-12,0.908,0.901,0.007769145394006749
2023-04-13,0.902,0.916,-0.015283842794759805
2023-04-14,0.91,0.913,-0.003285870755750264
2023-04-17,0.914,0.915,-0.0010928961748634114
2023-04-18,0.914,0.917,-0.0032715376226826187
2023-04-19,0.912,0.915,-0.003278688524590123
2023-04-20,0.912,0.912,0.0
2023-04-21,0.908,0.91,-0.00219780219780219
2023-04-24,0.906,0.909,-0.0033003300330033403
2023-04-25,0.906,0.892,0.015695067264573925
2023-04-26,0.904,0.902,0.0022172949002217113
2023-04-27,0.905,0.926,-0.022678185745140356
2023-04-28,0.923,0.933,-0.010718113612004254
2023-05-04,0.918,0.912,0.006578947368421018
2023-05-05,0.916,0.932,-0.01716738197424894
2023-05-08,0.93,0.934,-0.004282655246252709
2023-05-09,0.93,0.929,0.0010764262648008671
2023-05-10,0.93,0.94,-0.010638297872340274
2023-05-11,0.942,0.94,0.0021276595744681437
2023-05-12,0.946,0.941,0.005313496280552554
2023-05-15,0.944,0.949,-0.005268703898840932
2023-05-16,0.947,0.947,0.0
2023-05-17,0.953,0.962,-0.009355509355509328
2023-05-18,0.968,0.982,-0.014256619144602856
2023-05-19,0.99,0.985,0.0050761421319796
2023-05-22,0.984,0.986,-0.0020283975659228792
2023-05-23,0.992,0.975,0.017435897435897463
2023-05-24,0.977,0.974,0.0030800821355236874
2023-05-25,0.993,0.997,-0.004012036108325012
2023-05-26,0.996,1.026,-0.0292397660818714
2023-05-29,1.032,1.023,0.008797653958944496
2023-05-30,1.035,1.031,0.0038797284190106307
2023-05-31,1.031,1.024,0.0068359375
2023-06-01,1.03,1.039,-0.008662175168431041
2023-06-02,1.043,1.046,-0.002868068833652093
2023-06-05,1.048,1.046,0.0019120458891013214
2023-06-06,1.049,1.049,0.0
2023-06-07,1.052,1.032,0.019379844961240345
2023-06-08,1.03,1.047,-0.0162368672397325
2023-06-09,1.047,1.047,0.0
2023-06-12,1.059,1.067,-0.007497656982193068
2023-06-13,1.085,1.08,0.004629629629629539
2023-06-14,1.086,1.088,-0.0018382352941176405
2023-06-15,1.091,1.1,-0.00818181818181829
2023-06-16,1.1,1.09,0.00917431192660545
2023-06-19,1.096,1.088,0.007352941176470562
2023-06-20,1.095,1.093,0.0018298261665141702
2023-06-21,1.1,1.081,0.01757631822386685
2023-06-26,1.091,1.072,0.017723880597014796
2023-06-27,1.076,1.091,-0.013748854262144783
2023-06-28,1.09,1.093,-0.0027447392497711443
2023-06-29,1.099,1.092,0.0064102564102563875
2023-06-30,1.1,1.111,-0.009900990099009799
2023-07-03,1.118,1.111,0.006300630063006407
2023-07-04,1.112,1.11,0.0018018018018017834
2023-07-05,1.11,1.108,0.0018050541516245744
2023-07-06,1.111,1.102,0.008166969147005432
2023-07-07,1.106,1.097,0.008204193254330194
2023-07-10,1.095,1.096,-0.0009124087591242391
2023-07-11,1.101,1.101,0.0
2023-07-12,1.102,1.112,-0.008992805755395739
2023-07-13,1.118,1.128,-0.008865248226950118
2023-07-14,1.126,1.124,0.00177935943060481
2023-07-17,1.132,1.135,-0.002643171806167466
2023-07-18,1.142,1.146,-0.003490401396160525
2023-07-19,1.163,1.146,0.014834205933682565
2023-07-20,1.147,1.119,0.02502234137622872
2023-07-21,1.128,1.116,0.01075268817204278
2023-07-24,1.132,1.118,0.01252236135957041
2023-07-25,1.128,1.125,0.002666666666666595
2023-07-26,1.131,1.119,0.01072386058981234
2023-07-27,1.141,1.116,0.02240143369175618
2023-07-28,1.134,1.138,-0.0035149384885764245
2023-07-31,1.149,1.138,0.009666080843585334
2023-08-01,1.153,1.134,0.01675485008818356
2023-08-02,1.137,1.111,0.023402340234023322
2023-08-03,1.118,1.111,0.006300630063006407
2023-08-04,1.128,1.105,0.020814479638008976
2023-08-07,1.118,1.113,0.00449236298292921
2023-08-08,1.12,1.106,0.012658227848101333
2023-08-09,1.119,1.094,0.022851919561243106
2023-08-10,1.109,1.096,0.011861313868613
2023-08-11,1.11,1.089,0.019283746556473913
2023-08-14,1.103,1.103,0.0
2023-08-15,1.124,1.093,0.02836230558096986
2023-08-16,1.112,1.084,0.02583025830258312
2023-08-17,1.104,1.074,0.027932960893854775
2023-08-18,1.083,1.071,0.011204481792717047
2023-08-21,1.086,1.088,-0.0018382352941176405
2023-08-22,1.104,1.086,0.016574585635359185
2023-08-23,1.104,1.104,0.0
2023-08-24,1.134,1.078,0.05194805194805174
2023-08-25,1.091,1.087,0.0036798528058876734
2023-08-28,1.105,1.094,0.010054844606946833
2023-08-29,1.111,1.118,-0.0062611806797854275
2023-08-30,1.135,1.124,0.009786476868327343
2023-08-31,1.14,1.127,0.011535048802129522
2023-09-01,1.139,1.125,0.01244444444444448
2023-09-04,1.142,1.125,0.015111111111111075
2023-09-05,1.141,1.127,0.012422360248447228
2023-09-06,1.143,1.119,0.02144772117962468
2023-09-07,1.134,1.111,0.02070207020702064
2023-09-08,1.141,1.115,0.02331838565022415
2023-09-11,1.134,1.128,0.005319148936170137
2023-09-12,1.141,1.113,0.02515723270440251
2023-09-13,1.128,1.116,0.01075268817204278
2023-09-14,1.136,1.125,0.009777777777777663
2023-09-15,1.142,1.104,0.034420289855072284
2023-09-18,1.124,1.105,0.017194570135746767
2023-09-19,1.123,1.102,0.019056261343012526
2023-09-20,1.124,1.087,0.03403863845446198
2023-09-21,1.103,1.067,0.03373945641986875
2023-09-22,1.092,1.067,0.023430178069353547
2023-09-25,1.094,1.072,0.020522388059701413
2023-09-26,1.085,1.056,0.027462121212121104
2023-09-27,1.081,1.058,0.021739130434782483
2023-09-28,1.08,1.068,0.011235955056179803
2023-10-09,1.096,1.093,0.0027447392497714773
2023-10-10,1.111,1.099,0.010919017288444133
2023-10-11,1.118,1.107,0.009936766034327027
2023-10-12,1.128,1.102,0.023593466424682186
2023-10-13,1.122,1.089,0.030303030303030498
2023-10-16,1.111,1.102,0.008166969147005432
2023-10-17,1.119,1.098,0.0191256830601092
2023-10-18,1.114,1.083,0.028624192059095277
2023-10-19,1.1,1.073,0.025163094128611396
2023-10-20,1.086,1.057,0.027436140018921584
2023-10-23,1.079,1.06,0.017924528301886733
2023-10-24,1.086,1.07,0.01495327102803734
2023-10-25,1.082,1.044,0.03639846743295028
2023-10-26,1.049,1.024,0.0244140625
2023-10-27,1.053,1.029,0.023323615160349975
2023-10-30,1.055,1.04,0.014423076923076872
2023-10-31,1.054,1.046,0.007648183556405286
2023-11-01,1.069,1.064,0.0046992481203007586
2023-11-02,1.091,1.083,0.007386888273314796
2023-11-03,1.099,1.096,0.0027372262773721623
2023-11-06,1.111,1.1,0.010000000000000009
2023-11-07,1.11,1.11,0.0
2023-11-08,1.12,1.111,0.00810081008100827
2023-11-09,1.127,1.102,0.022686025408348298
2023-11-10,1.116,1.126,-0.00888099467140302
2023-11-13,1.14,1.123,0.015138023152270641
2023-11-14,1.144,1.147,-0.0026155187445511263
2023-11-15,1.164,1.147,0.014821272885788828
2023-11-16,1.159,1.148,0.009581881533101244
2023-11-17,1.161,1.148,0.011324041811846763
2023-11-20,1.145,1.16,-0.012931034482758563
2023-11-21,1.158,1.15,0.006956521739130528
2023-11-22,1.15,1.152,-0.0017361111111111605
2023-11-23,1.156,1.152,0.003472222222222321
2023-11-24,1.157,1.149,0.006962576153176636
2023-11-27,1.151,1.148,0.002613240418118501
2023-11-28,1.154,1.151,0.0026064291920069316
2023-11-29,1.154,1.148,0.005226480836237002
2023-11-30,1.153,1.145,0.006986899563318882
2023-12-01,1.148,1.15,-0.0017391304347825765
2023-12-04,1.15,1.137,0.011433597185575906
2023-12-05,1.137,1.142,-0.004378283712784481
2023-12-06,1.153,1.135,0.01585903083700435
2023-12-07,1.14,1.153,-0.011274934952298477
2023-12-08,1.157,1.156,0.0008650519031143666
2023-12-11,1.164,1.167,-0.0025706940874037354
2023-12-12,1.178,1.176,0.001700680272108901
2023-12-13,1.191,1.19,0.0008403361344537785
2023-12-14,1.204,1.188,0.013468013468013407
2023-12-15,1.193,1.192,0.000838926174496768
2023-12-18,1.202,1.199,0.002502085070892335
2023-12-19,1.209,1.206,0.0024875621890547706
2023-12-20,1.216,1.188,0.023569023569023573
2023-12-21,1.2,1.203,-0.0024937655860349794
2023-12-22,1.206,1.203,0.0024937655860348684
2023-12-25,1.207,1.204,0.002491694352159568
2023-12-26,1.215,1.21,0.004132231404958775
2023-12-27,1.219,1.213,0.004946413849958864
2023-12-28,1.216,1.212,0.0033003300330032292
2023-12-29,1.213,1.204,0.007475083056478482
2024-01-02,1.21,1.183,0.02282333051563823
2024-01-03,1.191,1.174,0.014480408858603244
2024-01-04,1.185,1.168,0.014554794520547976
2024-01-05,1.176,1.17,0.00512820512820511
2024-01-08,1.179,1.195,-0.013389121338912124
2024-01-09,1.209,1.197,0.010025062656641603
2024-01-10,1.209,1.206,0.0024875621890547706
2024-01-11,1.223,1.208,0.012417218543046449
2024-01-12,1.219,1.208,0.009105960264900848
2024-01-15,1.227,1.209,0.014888337468982549
2024-01-16,1.215,1.21,0.004132231404958775
2024-01-17,1.214,1.203,0.009143807148794592
2024-01-18,1.217,1.221,-0.003276003276003303
2024-01-19,1.242,1.245,-0.002409638554216942
2024-01-22,1.28,1.245,0.028112449799196693
2024-01-23,1.271,1.25,0.016799999999999926
2024-01-24,1.278,1.256,0.01751592356687892
2024-01-25,1.271,1.257,0.011137629276054106
2024-01-26,1.261,1.251,0.007993605115907298
2024-01-29,1.272,1.263,0.0071258907363420665
2024-01-30,1.292,1.254,0.030303030303030276
2024-01-31,1.264,1.23,0.027642276422764178
2024-02-01,1.252,1.245,0.005622489959839383
2024-02-02,1.283,1.265,0.014229249011857625
2024-02-05,1.289,1.264,0.019778481012658222
2024-02-06,1.291,1.262,0.022979397781299538
2024-02-07,1.279,1.274,0.003924646781789498
2024-02-08,1.308,1.276,0.025078369905956244
2024-02-19,1.301,1.269,0.025216706067769934
2024-02-20,1.299,1.26,0.030952380952380842
2024-02-21,1.282,1.254,0.022328548644338087
2024-02-22,1.304,1.292,0.009287925696594534
2024-02-23,1.321,1.288,0.025621118012422395
2024-02-26,1.308,1.287,0.01631701631701632
2024-02-27,1.306,1.29,0.01240310077519391
2024-02-28,1.309,1.283,0.020265003897116163
2024-02-29,1.3,1.295,0.0038610038610038533
2024-03-01,1.321,1.314,0.0053272450532724225
2024-03-04,1.339,1.308,0.023700305810397504
2024-03-05,1.329,1.284,0.03504672897196248
2024-03-06,1.324,1.292,0.024767801857585203
2024-03-07,1.315,1.312,0.0022865853658535773
2024-03-08,1.337,1.292,0.03482972136222906
2024-03-11,1.317,1.287,0.02331002331002341
2024-03-12,1.322,1.306,0.012251148545176171
2024-03-13,1.33,1.294,0.02782071097372496
2024-03-14,1.324,1.291,0.025561580170410547
2024-03-15,1.316,1.277,0.030540328895849678
2024-03-18,1.316,1.289,0.02094647013188533
2024-03-19,1.309,1.293,0.012374323279195742
2024-03-20,1.314,1.308,0.004587155963302836
2024-03-21,1.337,1.313,0.018278750952018363
2024-03-22,1.338,1.315,0.01749049429657812
2024-03-25,1.334,1.311,0.01754385964912286
2024-03-26,1.341,1.305,0.02758620689655178
2024-03-27,1.342,1.31,0.02442748091603053
2024-03-28,1.339,1.308,0.023700305810397504
2024-03-29,1.337,1.308,0.022171253822629966
2024-04-01,1.344,1.31,0.025954198473282508
2024-04-02,1.34,1.299,0.03156274056966901
2024-04-03,1.327,1.301,0.019984627209838512
2024-04-08,1.326,1.297,0.022359290670778798
2024-04-09,1.328,1.302,0.019969278033794113
2024-04-10,1.333,1.291,0.03253292021688625
2024-04-11,1.321,1.312,0.006859756097560954
2024-04-12,1.341,1.29,0.03953488372093017
2024-04-15,1.329,1.269,0.047281323877068626
2024-04-16,1.293,1.27,0.018110236220472364
2024-04-17,1.292,1.254,0.030303030303030276
2024-04-18,1.289,1.247,0.03368083400160371
2024-04-19,1.264,1.222,0.03436988543371533
2024-04-22,1.256,1.234,0.017828200972447306
2024-04-23,1.259,1.253,0.004788507581803714
2024-04-24,1.289,1.257,0.025457438345266592
2024-04-25,1.268,1.25,0.014399999999999968
2024-04-26,1.29,1.271,0.014948859166011186
2024-04-29,1.298,1.275,0.018039215686274535
2024-04-30,1.299,1.251,0.0383693045563549
2024-05-06,1.302,1.296,0.004629629629629539
2024-05-07,1.315,1.296,0.014660493827160392
2024-05-08,1.317,1.296,0.01620370370370372
2024-05-09,1.314,1.298,0.012326656394453073
2024-05-10,1.321,1.301,0.01537279016141424
2024-05-13,1.326,1.304,0.016871165644171793
2024-05-14,1.326,1.313,0.00990099009900991
2024-05-15,1.335,1.333,0.0015003750937734317
2024-05-16,1.358,1.33,0.021052631578947434
2024-05-17,1.355,1.329,0.019563581640331007
2024-05-20,1.357,1.338,0.014200298953662038
2024-05-21,1.364,1.342,0.016393442622950838
2024-05-22,1.369,1.341,0.020879940343027537
2024-05-23,1.381,1.336,0.033682634730538785
2024-05-24,1.358,1.349,0.006671608598962209
2024-05-27,1.374,1.349,0.018532246108228456
2024-05-28,1.38,1.353,0.0199556541019954
2024-05-29,1.374,1.344,0.022321428571428603
2024-05-30,1.359,1.329,0.02257336343115135
2024-05-31,1.353,1.329,0.018058690744920947
2024-06-03,1.359,1.333,0.019504876219054834
2024-06-04,1.355,1.337,0.013462976813762184
2024-06-05,1.366,1.364,0.0014662756598240456
2024-06-06,1.393,1.363,0.022010271460014774
2024-06-07,1.394,1.362,0.023494860499265746
2024-06-11,1.395,1.377,0.013071895424836555
2024-06-12,1.408,1.396,0.008595988538681931
2024-06-13,1.436,1.403,0.023521026372059772
2024-06-14,1.435,1.41,0.0177304964539009
2024-06-17,1.441,1.427,0.009810791871058155
2024-06-18,1.46,1.427,0.023125437981779795
2024-06-19,1.462,1.427,0.024526979677645278
2024-06-20,1.472,1.417,0.03881439661256181
2024-06-21,1.45,1.413,0.026185421089879535
2024-06-24,1.444,1.397,0.03364352183249819
2024-06-25,1.429,1.414,0.010608203677510586
2024-06-26,1.456,1.418,0.026798307475317307
2024-06-27,1.455,1.421,0.02392681210415204
2024-06-28,1.475,1.413,0.04387827317763637
2024-07-01,1.473,1.422,0.035864978902953704
2024-07-02,1.474,1.437,0.025748086290883654
2024-07-03,1.501,1.45,0.03517241379310332
2024-07-04,1.51,1.45,0.04137931034482767
2024-07-05,1.529,1.464,0.0443989071038251
2024-07-08,1.552,1.468,0.05722070844686655
2024-07-09,1.568,1.469,0.0673927842069435
2024-07-10,1.548,1.485,0.042424242424242475
2024-07-11,1.555,1.452,0.07093663911845738
2024-07-12,1.492,1.46,0.021917808219177992
2024-07-15,1.539,1.464,0.05122950819672134
2024-07-16,1.536,1.465,0.04846416382252561
2024-07-17,1.522,1.422,0.07032348804500699
2024-07-18,1.495,1.415,0.05653710247349819
2024-07-19,1.471,1.402,0.049215406562054254
2024-07-22,1.463,1.424,0.0273876404494382
2024-07-23,1.477,1.419,0.04087385482734329
2024-07-24,1.448,1.368,0.058479532163742576
2024-07-25,1.407,1.353,0.03991130820399125
2024-07-26,1.409,1.365,0.03223443223443234
2024-07-29,1.437,1.369,0.0496712929145362
2024-07-30,1.42,1.351,0.051073279052553655
2024-07-31,1.429,1.391,0.027318475916606744
2024-08-01,1.463,1.357,0.07811348563006648
2024-08-02,1.396,1.325,0.05358490566037721
2024-08-05,1.287,1.286,0.0007776049766716753
2024-08-06,1.332,1.298,0.026194144838212585
2024-08-07,1.334,1.284,0.0389408099688473
2024-08-08,1.314,1.325,-0.008301886792452806
2024-08-09,1.35,1.332,0.013513513513513598
2024-08-12,1.365,1.334,0.02323838080959506
2024-08-13,1.379,1.368,0.008040935672514626
2024-08-14,1.413,1.368,0.03289473684210531
2024-08-15,1.422,1.401,0.01498929336188426
2024-08-16,1.469,1.404,0.0462962962962965
2024-08-19,1.442,1.421,0.01477832512315258
2024-08-20,1.468,1.416,0.03672316384180796
2024-08-21,1.469,1.423,0.03232607167955037
2024-08-22,1.471,1.398,0.05221745350500728
2024-08-23,1.457,1.417,0.028228652081863093
2024-08-26,1.46,1.398,0.044349070100142995
2024-08-27,1.442,1.405,0.02633451957295363
2024-08-28,1.442,1.387,0.03965392934390777
2024-08-29,1.407,1.387,0.014419610670511895
2024-08-30,1.417,1.402,0.010699001426533572
2024-09-02,1.429,1.4,0.020714285714285907
2024-09-03,1.431,1.358,0.05375552282768781
2024-09-04,1.356,1.356,0.0
2024-09-05,1.36,1.353,0.005173688100517548
2024-09-06,1.372,1.316,0.042553191489361764
2024-09-09,1.364,1.334,0.022488755622188883
2024-09-10,1.368,1.349,0.014084507042253724
2024-09-11,1.377,1.379,-0.0014503263234227903
2024-09-12,1.421,1.393,0.0201005025125629
2024-09-13,1.435,1.396,0.027936962750716443
2024-09-18,1.424,1.381,0.031136857349746583
2024-09-19,1.44,1.418,0.015514809590973178
2024-09-20,1.443,1.408,0.024857954545454586
2024-09-23,1.449,1.41,0.027659574468085202
2024-09-24,1.441,1.416,0.017655367231638408
2024-09-25,1.43,1.413,0.012031139419674375
2024-09-26,1.445,1.426,0.013323983169705622
2024-09-27,1.414,1.413,0.0007077140835101137
2024-09-30,1.409,1.416,-0.00494350282485867
2024-10-08,1.403,1.432,-0.02025139664804465
2024-10-09,1.427,1.44,-0.009027777777777746
2024-10-10,1.443,1.442,0.0006934812760055475
2024-10-11,1.445,1.444,0.0006925207756234286
2024-10-14,1.446,1.455,-0.006185567010309367
2024-10-15,1.476,1.437,0.02713987473903967
2024-10-16,1.459,1.445,0.009688581314878819
2024-10-17,1.468,1.447,0.014512785072563927
2024-10-18,1.459,1.457,0.0013726835964309458
2024-10-21,1.461,1.454,0.004814305364511773
2024-10-22,1.459,1.46,-0.000684931506849229
2024-10-23,1.465,1.438,0.018776077885952702
2024-10-24,1.449,1.451,-0.001378359751895264
2024-10-25,1.455,1.455,0.0
2024-10-28,1.473,1.459,0.00959561343385884
2024-10-29,1.47,1.473,-0.0020366598778004397
2024-10-30,1.484,1.464,0.013661202185792254
2024-10-31,1.459,1.425,0.023859649122807136
2024-11-01,1.442,1.433,0.006280530355896596
2024-11-04,1.443,1.43,0.00909090909090926
2024-11-05,1.438,1.445,-0.004844290657439521
2024-11-06,1.489,1.484,0.003369272237196741
2024-11-07,1.512,1.52,-0.0052631578947368585
2024-11-08,1.525,1.517,0.005273566249176076
2024-11-11,1.534,1.523,0.007222586999343417
2024-11-12,1.536,1.523,0.008535784635587795
2024-11-13,1.527,1.522,0.003285151116951379
2024-11-14,1.529,1.511,0.011912640635340921
2024-11-15,1.51,1.475,0.023728813559321882
2024-11-18,1.499,1.484,0.010107816711590445
2024-11-19,1.504,1.495,0.00602006688963197
2024-11-20,1.521,1.494,0.01807228915662651
2024-11-21,1.51,1.499,0.007338225483655592
2024-11-22,1.521,1.502,0.012649800266311573
2024-11-25,1.536,1.504,0.02127659574468077
2024-11-26,1.536,1.512,0.015873015873015817
2024-11-27,1.54,1.5,0.026666666666666616
2024-11-28,1.531,1.499,0.021347565043362104
2024-11-29,1.532,1.512,0.013227513227513255
2024-12-02,1.54,1.528,0.007853403141361293
2024-12-03,1.568,1.535,0.02149837133550503
2024-12-04,1.575,1.553,0.014166130070830674
2024-12-05,1.589,1.547,0.02714932126696845
2024-12-06,1.584,1.561,0.014734144778987934
2024-12-09,1.61,1.548,0.040051679586563305
2024-12-10,1.597,1.544,0.03432642487046622
2024-12-11,1.593,1.571,0.01400381922342464
2024-12-12,1.617,1.56,0.03653846153846141
2024-12-13,1.629,1.573,0.03560076287349023
2024-12-16,1.649,1.595,0.03385579937304084
2024-12-17,1.663,1.589,0.04657016991818752
2024-12-18,1.674,1.531,0.09340300457217499
2024-12-19,1.63,1.524,0.06955380577427817
2024-12-20,1.597,1.537,0.03903708523096938
2024-12-23,1.652,1.552,0.06443298969072164
2024-12-24,1.648,1.573,0.0476795931341385
2024-12-25,1.667,1.573,0.059758423394786986
2024-12-26,1.674,1.571,0.06556333545512416
2024-12-27,1.662,1.55,0.07225806451612904
2024-12-30,1.639,1.53,0.07124183006535945
2024-12-31,1.629,1.516,0.07453825857519791
2025-01-02,1.643,1.513,0.08592200925313964
2025-01-03,1.633,1.539,0.06107862248213136
2025-01-06,1.669,1.555,0.0733118971061093
2025-01-07,1.659,1.528,0.08573298429319376
2025-01-08,1.642,1.528,0.07460732984293195
2025-01-09,1.636,1.528,0.07068062827225119
2025-01-10,1.63,1.504,0.08377659574468077
2025-01-13,1.592,1.5,0.06133333333333346
2025-01-14,1.611,1.498,0.07543391188251003
2025-01-15,1.601,1.532,0.04503916449086165
2025-01-16,1.637,1.521,0.07626561472715321
2025-01-17,1.63,1.547,0.05365223012281839
2025-01-20,1.646,1.547,0.06399482870071105
2025-01-21,1.647,1.552,0.06121134020618557
2025-01-22,1.657,1.572,0.0540712468193385
2025-01-23,1.643,1.576,0.042512690355329896
2025-01-24,1.644,1.567,0.04913848117421815
2025-01-27,1.615,1.52,0.0625
2025-02-05,1.612,1.558,0.03465982028241332
2025-02-06,1.627,1.566,0.03895274584929753
2025-02-07,1.623,1.546,0.04980595084087969
2025-02-10,1.606,1.565,0.026198083067092703
2025-02-11,1.607,1.561,0.029468289557975647
2025-02-12,1.609,1.562,0.030089628681178038
2025-02-13,1.618,1.585,0.020820189274447953
2025-02-14,1.629,1.591,0.023884349465744803
2025-02-17,1.63,1.59,0.025157232704402288
2025-02-18,1.643,1.594,0.03074027603513163
2025-02-19,1.636,1.595,0.025705329153604906
2025-02-20,1.622,1.587,0.022054190296156406
2025-02-21,1.611,1.554,0.03667953667953672
2025-02-24,1.59,1.536,0.03515625
2025-02-25,1.565,1.517,0.03164139749505601
2025-02-26,1.561,1.521,0.026298487836949436
2025-02-27,1.571,1.479,0.06220419202163607
2025-02-28,1.511,1.503,0.005322687957418415
2025-03-03,1.542,1.47,0.04897959183673484
2025-03-04,1.515,1.465,0.03412969283276435
2025-03-05,1.533,1.484,0.03301886792452824
2025-03-06,1.534,1.442,0.06380027739251037
2025-03-07,1.5,1.453,0.032346868547832086
2025-03-10,1.496,1.399,0.0693352394567548
2025-03-11,1.428,1.395,0.023655913978494647
2025-03-12,1.432,1.41,0.015602836879432536
2025-03-13,1.424,1.384,0.028901734104046284
2025-03-14,1.438,1.418,0.014104372355430161
2025-03-17,1.443,1.425,0.012631578947368327
2025-03-18,1.455,1.402,0.03780313837375182
2025-03-19,1.443,1.42,0.01619718309859164
2025-03-20,1.475,1.417,0.040931545518701595
2025-03-21,1.468,1.422,0.03234880450070321
2025-03-24,1.498,1.453,0.030970406056434863
2025-03-25,1.513,1.461,0.035592060232717104
2025-03-26,1.508,1.434,0.051603905160390484
2025-03-27,1.482,1.425,0.040000000000000036
2025-03-28,1.475,1.388,0.06268011527377526
2025-03-31,1.411,1.388,0.01657060518732001
2025-04-01,1.436,1.399,0.026447462473195182
2025-04-02,1.442,1.41,0.02269503546099294
2025-04-03,1.413,1.336,0.05763473053892221
2025-04-07,1.272,1.259,0.010325655281969937
2025-04-08,1.319,1.235,0.06801619433198369
2025-04-09,1.3,1.383,-0.06001446131597976
2025-04-10,1.429,1.326,0.07767722473604821
2025-04-11,1.413,1.351,0.04589193190229457
2025-04-14,1.432,1.359,0.05371596762325237
2025-04-15,1.416,1.361,0.040411462160176326
2025-04-16,1.389,1.32,0.05227272727272725
2025-04-17,1.39,1.32,0.05303030303030298
2025-04-18,1.381,1.319,0.047005307050796086
2025-04-21,1.369,1.287,0.06371406371406385
2025-04-22,1.371,1.321,0.037850113550340625
2025-04-23,1.415,1.351,0.04737231680236875
2025-04-24,1.398,1.388,0.007204610951008661
2025-04-25,1.444,1.404,0.028490028490028463
2025-04-28,1.448,1.403,0.03207412687099076
2025-04-29,1.446,1.411,0.024805102763997056
2025-04-30,1.446,1.412,0.024079320113314484
2025-05-06,1.457,1.428,0.02030812324929987
2025-05-07,1.462,1.433,0.02023726448011165
2025-05-08,1.485,1.449,0.024844720496894457
2025-05-09,1.486,1.449,0.02553485162180813
2025-05-12,1.516,1.507,0.005972130059721303
2025-05-13,1.522,1.529,-0.004578155657292249
2025-05-14,1.566,1.537,0.018867924528301883
2025-05-15,1.559,1.538,0.013654096228868706
2025-05-16,1.561,1.545,0.01035598705501628
2025-05-19,1.547,1.546,0.0006468305304010435
2025-05-20,1.564,1.54,0.01558441558441559
2025-05-21,1.549,1.52,0.019078947368420973
2025-05-22,1.539,1.521,0.01183431952662728
2025-05-23,1.534,1.507,0.01791639017916391
2025-05-26,1.543,1.506,0.024568393094289487
2025-05-27,1.55,1.542,0.005188067444876765
2025-05-28,1.568,1.536,0.02083333333333326
2025-05-29,1.589,1.539,0.03248862897985716
2025-05-30,1.556,1.536,0.01302083333333326
2025-06-03,1.562,1.56,0.0012820512820512775
2025-06-04,1.575,1.564,0.007033248081841359
2025-06-05,1.571,1.551,0.012894906511927706
2025-06-06,1.567,1.566,0.0006385696040867028
2025-06-09,1.571,1.569,0.001274697259400881
2025-06-10,1.571,1.579,-0.005066497783407176
2025-06-11,1.577,1.573,0.002542911633820699
2025-06-12,1.571,1.576,-0.0031725888324873885
2025-06-13,1.554,1.555,-0.0006430868167202064
2025-06-16,1.567,1.578,-0.006970849176172411
2025-06-17,1.573,1.561,0.0076873798846892605
2025-06-18,1.568,1.561,0.004484304932735439
2025-06-19,1.559,1.561,-0.0012812299807815064
2025-06-20,1.562,1.553,0.0057952350289762755
2025-06-23,1.559,1.57,-0.007006369426751702
2025-06-24,1.595,1.593,0.0012554927809165228
2025-06-25,1.595,1.596,-0.0006265664160401974
2025-06-26,1.603,1.61,-0.004347826086956608
2025-06-27,1.619,1.617,0.0012368583797155441
2025-06-30,1.629,1.626,0.0018450184501845879
2025-07-01,1.622,1.611,0.006828057107386876
2025-07-02,1.623,1.623,0.0
2025-07-03,1.626,1.638,-0.0073260073260073
2025-07-04,1.636,1.638,-0.0012210012210012167
2025-07-07,1.635,1.625,0.006153846153846176
2025-07-08,1.636,1.626,0.006150061500614923
2025-07-09,1.63,1.638,-0.004884004884004867
2025-07-10,1.639,1.635,0.0024464831804280607
2025-07-11,1.633,1.631,0.0012262415695891704
2025-07-14,1.623,1.636,-0.007946210268948595
2025-07-15,1.648,1.638,0.006105006105006083
2025-07-16,1.638,1.641,-0.001828153564899515
2025-07-17,1.65,1.651,-0.0006056935190794643
2025-07-18,1.662,1.651,0.0066626287098727754
2025-07-21,1.662,1.66,0.00120481927710836
2025-07-22,1.663,1.65,0.00787878787878804
2025-07-23,1.66,1.656,0.0024154589371980784
2025-07-24,1.663,1.659,0.0024110910186858625
2025-07-25,1.666,1.664,0.0012019230769231282
2025-07-28,1.684,1.671,0.007779772591262724
2025-07-29,1.683,1.668,0.00899280575539585
2025-07-30,1.68,1.669,0.006590772917914878
2025-07-31,1.704,1.662,0.025270758122743597
2025-08-01,1.671,1.629,0.025782688766114115
2025-08-04,1.648,1.657,-0.005431502715751435
2025-08-05,1.679,1.644,0.021289537712895434
2025-08-06,1.67,1.666,0.0024009603841537164
2025-08-07,1.684,1.67,0.008383233532934131
2025-08-08,1.691,1.687,0.002371072910491989
2025-08-11,1.708,1.681,0.016061867935752483
2025-08-12,1.703,1.704,-0.0005868544600938774
2025-08-13,1.721,1.703,0.010569583088666956
2025-08-14,1.717,1.702,0.008813160987074076
2025-08-15,1.722,1.694,0.016528925619834656
2025-08-18,1.71,1.693,0.010041346721795463
2025-08-19,1.703,1.67,0.019760479041916357
2025-08-20,1.684,1.661,0.013847080072245666
2025-08-21,1.69,1.651,0.023622047244094446
2025-08-22,1.676,1.677,-0.0005963029218843952
2025-08-25,1.698,1.669,0.017375674056321122
2025-08-26,1.69,1.676,0.00835322195704058
2025-08-27,1.704,1.677,0.01610017889087656
2025-08-28,1.693,1.686,0.004151838671411667
2025-08-29,1.692,1.665,0.016216216216216273
2025-09-01,1.673,1.666,0.004201680672268893
2025-09-02,1.676,1.653,0.01391409558378709
2025-09-03,1.676,1.666,0.006002400960384069
2025-09-04,1.682,1.681,0.0005948839976204212
2025-09-05,1.701,1.683,0.010695187165775444
2025-09-08,1.696,1.69,0.0035502958579882726
2025-09-09,1.701,1.694,0.004132231404958775
2025-09-10,1.711,1.696,0.00884433962264164
2025-09-11,1.708,1.706,0.0011723329425556983
2025-09-12,1.714,1.712,0.001168224299065379
2025-09-15,1.727,1.728,-0.0005787037037036091
2025-09-16,1.736,1.725,0.006376811594202891
2025-09-17,1.729,1.721,0.004648460197559601
2025-09-18,1.744,1.739,0.002875215641173101
2025-09-19,1.751,1.752,-0.0005707762557077833
2025-09-22,1.771,1.761,0.005678591709256109
2025-09-23,1.8,1.747,0.030337721808815
2025-09-24,1.785,1.742,0.02468427095292758
2025-09-25,1.779,1.736,0.024769585253456183
2025-09-26,1.78,1.744,0.020642201834862428
2025-09-29,1.8,1.75,0.028571428571428692
2025-09-30,1.813,1.754,0.033637400228050174
2025-10-09,1.851,1.785,0.03697478991596648
2025-10-10,1.86,1.721,0.0807669959325974
2025-10-13,1.829,1.757,0.04097894137734781
2025-10-14,1.81,1.746,0.036655211912943964
2025-10-15,1.825,1.757,0.03870233352305075
2025-10-16,1.838,1.75,0.05028571428571427
2025-10-17,1.807,1.761,0.0261215218625781
2025-10-20,1.859,1.784,0.04204035874439449
2025-10-21,1.873,1.782,0.051066217732884445
2025-10-22,1.883,1.765,0.06685552407932027
2025-10-23,1.883,1.779,0.058459808881394126
2025-10-24,1.902,1.798,0.05784204671857607
2025-10-27,1.956,1.829,0.06943685073810824
2025-10-28,1.961,1.842,0.06460369163952229
2025-10-29,2.0,1.85,0.08108108108108092
2025-10-30,1.985,1.823,0.08886450905101495
2025-10-31,1.982,1.832,0.08187772925764181
2025-11-03,1.976,1.84,0.07391304347826089
2025-11-04,1.94,1.802,0.07658157602663707
2025-11-05,1.912,1.816,0.052863436123347984
2025-11-06,1.949,1.78,0.09494382022471903
2025-11-07,1.924,1.774,0.08455467869222089
2025-11-10,1.951,1.814,0.07552370452039692
2025-11-11,1.959,1.808,0.08351769911504436
2025-11-12,1.974,1.806,0.09302325581395343
2025-11-13,1.975,1.77,0.11581920903954801
2025-11-14,1.923,1.77,0.08644067796610178
2025-11-17,1.909,1.755,0.08774928774928781
2025-11-18,1.844,1.735,0.06282420749279538
2025-11-19,1.836,1.745,0.05214899713467047
2025-11-20,1.907,1.705,0.11847507331378293
2025-11-21,1.848,1.717,0.0762958648806058
2025-11-24,1.856,1.761,0.053946621237933146
2025-11-25,1.897,1.771,0.07114624505928857
2025-11-26,1.927,1.786,0.07894736842105265
2025-11-27,1.925,1.785,0.07843137254901977
2025-11-28,1.943,1.799,0.08004446914952768
2025-12-01,1.936,1.792,0.0803571428571428
2025-12-02,1.94,1.808,0.07300884955752207
2025-12-03,1.965,1.811,0.08503589177250137
2025-12-04,1.965,1.808,0.08683628318584069
2025-12-05,1.963,1.817,0.08035222894881677
2025-12-08,1.952,1.813,0.07666850523993385
2025-12-09,1.928,1.816,0.06167400881057272
2025-12-10,1.944,1.823,0.06637410861217763
2025-12-11,1.918,1.815,0.0567493112947659
2025-12-12,1.921,1.779,0.07982012366498048
2025-12-15,1.902,1.77,0.07457627118644061
2025-12-16,1.873,1.773,0.05640157924421896
2025-12-17,1.899,1.739,0.09200690051753879
2025-12-18,1.878,1.765,0.06402266288951841
2025-12-19,1.916,1.787,0.07218802462227192
2025-12-22,1.945,1.7955,0.08326371484266226
2025-12-23,1.935,1.8032,0.07309228039041704
2025-12-24,1.933,1.8067,0.06990645929041905
2025-12-25,1.93,1.8047,0.06942982213110205
2025-12-26,1.929,1.803,0.06988352745424309
2025-12-29,1.916,1.7938,0.06812353662615678
2025-12-30,1.914,1.7898,0.06939322829366401
2025-12-31,1.904,1.7735,0.07358330983930061
2026-01-05,1.93,1.7825,0.08274894810659195
2026-01-06,1.925,1.7978,0.07075314273000322
2026-01-07,1.919,1.7991,0.06664443332777514
2026-01-08,1.899,1.789,0.061486864169927324
2026-01-09,1.903,1.8054,0.05406004209593451
2026-01-12,1.893,1.8063,0.04799867131705704
2026-01-13,1.915,1.8029,0.06217760275112316
2026-01-14,1.909,1.7841,0.07000728658707467
2026-01-15,1.901,1.7884,0.0629613061954819
2026-01-16,1.904,1.7874,0.0652344187087388
2026-01-19,1.887,1.7866,0.05619612672114638
2026-01-20,1.876,1.7476,0.07347219043259323
2026-01-21,1.875,1.7714,0.05848481427119778
2026-01-22,1.901,1.7849,0.06504566082133456
2026-01-23,1.891,1.7887,0.05719237435008662
2026-01-26,1.882,1.794,0.04905239687848373
2026-01-27,1.894,1.8101,0.04635103032981602
2026-01-28,1.905,1.8133,0.050570782551149884
2026-01-29,1.891,1.804,0.0482261640798225
2026-01-30,1.881,1.7788,0.05745446368338203
2026-02-02,1.833,1.792,0.02287946428571419
2026-02-03,1.872,1.7621,0.06236876454230744
2026-02-04,1.853,1.7292,0.07159380060143405
2026-02-05,1.84,1.7063,0.07835667819258063
2026-02-06,1.813,1.7432,0.04004130335016054
2026-02-09,1.847,1.7549,0.05248162288449487
2026-02-10,1.844,1.7437,0.05752136261971663
2026-02-11,1.841,1.7482,0.053083171261869344
2026-02-12,1.836,1.7131,0.07174128772400912
2026-02-13,1.83,1.7149,0.06711761618753287
2026-02-24,1.823,1.732,0.052540415704388055
2026-02-25,1.825,1.7541,0.040419588392907935
2026-02-26,1.832,1.7314,0.058103269030842064
2026-02-27,1.819,1.7264,0.05363762743280809
2026-03-02,1.802,1.7287,0.042401804824434564
2026-03-03,1.786,1.7065,0.046586580720773485
2026-03-04,1.762,1.7331,0.016675321677918076
2026-03-05,1.8,1.7253,0.0432968179447053
2026-03-06,1.801,1.6999,0.05947408671098309
2026-03-09,1.756,1.7253,0.017794006839390253
2026-03-10,1.788,1.7204,0.0392931876307836
2026-03-11,1.792,1.7194,0.042224031638943726
2026-03-12,1.784,1.6908,0.05512183581736463
2026-03-13,1.767,1.6815,0.05084745762711851
2026-03-16,1.774,1.7015,0.04260946223920081
2026-03-17,1.768,1.7078,0.035250029277432926
2026-03-18,1.789,1.6821,0.06355151298971529
2026-03-19,1.764,1.6788,0.05075053609721225
2026-03-20,1.749,1.6456,0.06283422459893062
2026-03-23,1.68,1.6688,0.006711409395973034
2026-03-24,1.717,1.6537,0.03827780129406788
2026-03-25,1.734,1.664,0.04206730769230771
2026-03-26,1.716,1.6276,0.054313099041533475
2026-03-27,1.708,1.5981,0.06876916338151551
2026-03-30,1.683,1.5874,0.06022426609550213
2026-03-31,1.674,1.641,0.02010968921389389
2026-04-01,1.752,1.6565,0.05765167521883474
2026-04-02,1.721,1.6551,0.03981632529756518
2026-04-03,1.731,1.6561,0.0452267375158506
2026-04-07,1.732,1.665,0.0402402402402402
2026-04-08,1.833,1.709,0.07255705090696307
2026-04-09,1.805,1.7205,0.04911362975879108
2026-04-10,1.809,1.7229,0.049973881246734964
2026-04-13,1.798,1.7411,0.03268048934581591
2026-04-14,1.825,1.7708,0.03060763496724639
2026-04-15,1.864,1.7953,0.038266584971871076
2026-04-16,1.907,1.8049,0.056568230926921315
2026-04-17,1.892,1.8282,0.03489771359807459
2026-04-20,1.89,1.8232,0.03663887670030719
2026-04-21,1.892,1.8142,0.04288391577554829
2026-04-22,1.896,1.8464,0.026863084922010394
2026-04-23,1.905,1.8362,0.037468685328395646
2026-04-24,1.907,1.8723,0.018533354697430893
2026-04-27,1.945,1.8699,0.04016257553879887
2026-04-28,1.963,1.8513,0.060335980122076416
2026-04-29,1.962,1.8625,0.053422818791946325
2026-04-30,1.959,1.8812,0.04135658090580496
2026-05-06,2.01,1.9576,0.026767470371883872
2026-05-07,2.054,1.9531,0.05166146126670412
2026-05-08,2.065,1.9993,0.0328615015255338
2026-05-11,2.108,2.0042,0.051791238399361506
2026-05-12,2.081,1.9856,0.04804593070104746
2026-05-13,2.093,2.0063,0.043213876289687425
2026-05-14,2.105,2.02,0.04207920792079212
2026-05-15,2.1,1.9896,0.055488540410132625
2026-05-18,2.066,1.9811,0.042854979556811834
2026-05-19,2.047,1.9675,0.04040660736975865
2026-05-20,2.058,2.0006,0.028691392582225195
2026-05-21,2.103,2.0035,0.04966308959321197
2026-05-22,2.146,2.0126,0.06628242074927959
2026-05-25,2.231,2.0109,0.10945347854194631
2026-05-26,2.185,2.0453,0.06830293844423796
2026-05-27,2.223,2.0435,0.08783949106924394
2026-05-28,2.214,2.0591,0.0752270409402167
2026-05-29,2.273,2.0646,0.10093964932674626
2026-06-01,2.365,2.0764,0.13899056058562897
2026-06-02,2.343,2.087,0.12266411116435072
2026-06-03,2.299,2.0808,0.10486351403306426
2026-06-04,2.24,2.0707,0.08175979137489753
2026-06-05,2.205,1.971,0.1187214611872145
2026-06-08,2.114,2.0029,0.05546956912476908
2026-06-09,2.2,1.979,0.11167256189994945
2026-06-10,2.143,1.9394,0.10498092193461894
2026-06-11,2.13,2.0035,0.06313950586473682
2026-06-12,2.162,2.0152,0.07284636760619279
2026-06-15,2.258,2.0754,0.0879830394140888
2026-06-16,2.28,2.037,0.11929307805596467
2026-06-17,2.279,2.0164,0.1302320968061892
2026-06-18,2.266,2.0671,0.0962217599535582
2026-06-22,2.25,2.0635,0.09038042161376314
2026-06-23,2.174,1.9962,0.08906923153992574
2026-06-24,2.187,1.9881,0.10004526935264813
2026-06-25,2.208,2.0034,0.10212638514525318
2026-06-26,2.158,1.9801,0.08984394727539002
2026-06-29,2.178,2.0249,0.07560867203318677
2026-06-30,2.204,2.0568,0.07156748346946729
2026-07-01,2.209,2.0243,0.09124141678604936
2026-07-02,2.158,1.992,0.08333333333333326
2026-07-03,2.167,1.9908,0.08850713281093014
2026-07-06,2.171,2.0164,0.07667129537790118
2026-07-07,2.169,1.9803,0.09528859263747913
2026-07-08,2.141,1.9863,0.07788350198862215
2026-07-09,2.166,2.0172,0.07376561570493756
2026-07-10,2.174,2.0224,0.07496044303797444
2026-07-13,2.168,1.9839,0.092797015978628
2026-07-14,2.17,2.0061,0.08170081252180839
2026-07-15,2.188,1.9981,0.09504028827386035
2026-07-16,2.167,1.9659,0.10229411465486526
2026-07-17,2.107,1.9371,0.08770843012751017
2026-07-20,2.096,1.9381,0.08147154429596015
2026-07-21,2.13,1.9744,0.07880875202593196
2026-07-22,2.13,1.9643,0.08435575013999896
2026-07-23,2.131,1.9267,0.10603622774692467
2026-07-24,2.104,1.9055,0.10417213329834696
2026-07-27,2.118,1.8986,0.11555883282418611
2026-07-28,2.068,1.8805,0.0997075245945227
2026-07-29,2.074,1.841,0.12656165127648
2026-07-30,2.041,1.841,0.1086366105377512
