date,close,unit_nav,premium
2014-01-15,0.986,1.0086,-0.02240729724370405
2014-01-16,0.991,1.0073,-0.016181872331976654
2014-01-17,0.987,1.0063,-0.019179171221305746
2014-01-20,0.982,1.0063,-0.024147868428897934
2014-01-21,0.984,1.0089,-0.024680344930121834
2014-01-22,0.979,1.0093,-0.030020806499554298
2014-01-23,0.988,1.0025,-0.014463840399002503
2014-01-24,0.99,0.9813,0.008865790278202335
2014-01-27,0.97,0.9777,-0.0078756264702875
2014-01-28,0.964,0.9845,-0.02082275266632816
2014-01-29,0.977,0.9752,0.0018457752255947035
2014-01-30,0.967,0.9821,-0.015375216373078149
2014-02-07,0.973,0.9882,-0.015381501720299506
2014-02-10,0.97,0.9911,-0.0212894763394208
2014-02-11,0.975,1.0026,-0.02752842609216033
2014-02-12,0.987,1.0033,-0.01624638692315372
2014-02-13,0.987,1.0092,-0.0219976218787159
2014-02-14,0.997,1.0138,-0.016571315841388823
2014-02-17,1.001,1.0138,-0.012625764450582166
2014-02-18,1.0,1.0151,-0.014875381735789506
2014-02-19,1.004,1.0089,-0.004856774705124245
2014-02-20,1.0,1.0157,-0.015457320074825254
2014-02-21,1.003,1.0144,-0.011238170347003251
2014-02-24,1.005,1.0205,-0.015188633023027975
2014-02-25,1.013,1.0192,-0.006083202511774188
2014-02-26,1.016,1.0192,-0.0031397174254318427
2014-02-27,1.015,1.0249,-0.009659478973558455
2014-02-28,1.024,1.0277,-0.0036002724530505015
2014-03-03,1.026,1.0196,0.006276971361318218
2014-03-04,1.022,1.036,-0.013513513513513487
2014-03-05,1.031,1.0365,-0.005306319343945987
2014-03-06,1.033,1.0383,-0.0051044977366850874
2014-03-07,1.034,1.0381,-0.0039495231673248865
2014-03-10,1.031,1.0394,-0.008081585530113733
2014-03-11,1.039,1.0343,0.004544136130716359
2014-03-12,1.029,1.0352,-0.005989180834621299
2014-03-13,1.034,1.0228,0.010950332420805786
2014-03-14,1.018,1.0202,-0.0021564399137423695
2014-03-17,1.022,1.0295,-0.0072850898494415395
2014-03-18,1.033,1.0372,-0.004049363671423056
2014-03-19,1.037,1.031,0.005819592628516057
2014-03-20,1.03,1.0395,-0.009139009139009224
2014-03-21,1.033,1.0365,-0.0033767486734201935
2014-03-24,1.033,1.0311,0.001842692270390911
2014-03-25,1.031,1.0354,-0.004249565385358478
2014-03-26,1.036,1.0282,0.007586072748492434
2014-03-27,1.029,1.0269,0.002044989775051187
2014-03-28,1.028,1.0321,-0.003972483286503237
2014-03-31,1.033,1.0406,-0.007303478762252569
2014-04-01,1.04,1.0477,-0.007349432089338581
2014-04-02,1.048,1.0503,-0.0021898505188993056
2014-04-03,1.05,1.0497,0.00028579594169753086
2014-04-04,1.049,1.0371,0.011474303345868408
2014-04-08,1.029,1.0295,-0.0004856726566295766
2014-04-09,1.03,1.0401,-0.009710604749543328
2014-04-10,1.038,1.0189,0.018745706153695307
2014-04-11,1.014,1.0092,0.0047562425683709275
2014-04-14,1.008,1.0178,-0.009628610729023435
2014-04-15,1.018,1.0254,-0.007216695923542127
2014-04-16,1.026,1.036,-0.009652509652509633
2014-04-17,1.033,1.0374,-0.004241372662425413
2014-04-18,1.034,1.0371,-0.0029891042329571738
2014-04-21,1.034,1.0409,-0.006628878854837095
2014-04-22,1.038,1.0455,-0.00717360114777621
2014-04-23,1.042,1.0432,-0.0011503067484661678
2014-04-24,1.044,1.0447,-0.0006700488178423836
2014-04-25,1.043,1.0361,0.006659588842775621
2014-04-28,1.032,1.0392,-0.006928406466512604
2014-04-29,1.038,1.0439,-0.005651882364211103
2014-04-30,1.04,1.0474,-0.007065113614664997
2014-05-05,1.041,1.0473,-0.0060154683471784764
2014-05-06,1.048,1.0382,0.0094394143710268
2014-05-07,1.038,1.044,-0.005747126436781658
2014-05-08,1.042,1.043,-0.0009587727708532112
2014-05-09,1.041,1.045,-0.003827751196172291
2014-05-12,1.043,1.0558,-0.012123508240197145
2014-05-13,1.051,1.0566,-0.005300018928639072
2014-05-14,1.055,1.0521,0.0027563919779487467
2014-05-15,1.052,1.0421,0.009500047980040227
2014-05-16,1.043,1.0455,-0.002391200382592218
2014-05-19,1.045,1.0496,-0.004382621951219634
2014-05-20,1.047,1.0425,0.004316546762589857
2014-05-21,1.041,1.0515,-0.009985734664764823
2014-05-22,1.052,1.0543,-0.0021815422555249153
2014-05-23,1.05,1.0591,-0.008592200925313875
2014-05-26,1.056,1.0591,-0.0029270135020299515
2014-05-27,1.056,1.0654,-0.00882297728552639
2014-05-28,1.061,1.0645,-0.0032879286049789513
2014-05-29,1.062,1.0704,-0.007847533632286963
2014-05-30,1.067,1.0722,-0.004849841447491232
2014-06-03,1.071,1.0728,-0.001677852348993314
2014-06-04,1.073,1.0747,-0.001581836791662794
2014-06-05,1.075,1.082,-0.0064695009242145
2014-06-06,1.084,1.0857,-0.001565810076448404
2014-06-09,1.086,1.0842,0.0016602102933038765
2014-06-10,1.084,1.0834,0.0005538120731032325
2014-06-11,1.082,1.0806,0.0012955765315565415
2014-06-12,1.079,1.0733,0.005310723935525896
2014-06-13,1.071,1.0764,-0.0050167224080268635
2014-06-16,1.073,1.0778,-0.00445351642234193
2014-06-17,1.075,1.0793,-0.003984063745019917
2014-06-18,1.076,1.0881,-0.011120301442882119
2014-06-19,1.09,1.0891,0.0008263703975761594
2014-06-20,1.091,1.0908,0.0001833516685001424
2014-06-23,1.092,1.0911,0.000824855650261247
2014-06-24,1.092,1.0841,0.007287150631860584
2014-06-25,1.084,1.0893,-0.0048655099605249275
2014-06-26,1.09,1.0875,0.0022988505747127963
2014-06-27,1.091,1.0896,0.001284875183553691
2014-06-30,1.093,1.0877,0.004872667095706662
2014-07-01,1.093,1.0947,-0.0015529368776834307
2014-07-02,1.099,1.0949,0.0037446342131701726
2014-07-03,1.097,1.1017,-0.004266134156303836
2014-07-04,1.105,1.1017,0.00299537079059653
2014-07-07,1.105,1.0987,0.005734049331027613
2014-07-08,1.101,1.0908,0.00935093509350926
2014-07-09,1.095,1.0948,0.0001826817683594495
2014-07-10,1.099,1.0881,0.010017461630364766
2014-07-11,1.093,1.0903,0.002476382646977804
2014-07-14,1.093,1.0956,-0.0023731288791528637
2014-07-15,1.098,1.0935,0.004115226337448652
2014-07-16,1.095,1.0989,-0.00354900354900356
2014-07-17,1.098,1.0866,0.010491441192711282
2014-07-18,1.088,1.0976,-0.008746355685131046
2014-07-21,1.1,1.0946,0.004933308971313721
2014-07-22,1.098,1.1,-0.0018181818181818299
2014-07-23,1.1,1.1025,-0.0022675736961450532
2014-07-24,1.1,1.103,-0.0027198549410697437
2014-07-25,1.1,1.098,0.0018214936247722413
2014-07-28,1.099,1.0987,0.0002730499681440346
2014-07-29,1.099,1.0935,0.005029721079103933
2014-07-30,1.095,1.0943,0.0006396783331810152
2014-07-31,1.094,1.0729,0.01966632491378517
2014-08-01,1.076,1.0698,0.005795475789867277
2014-08-04,1.073,1.0771,-0.0038065175006962715
2014-08-05,1.074,1.0666,0.0069379336208512665
2014-08-06,1.067,1.0673,-0.0002810831069052222
2014-08-07,1.068,1.0615,0.00612341026848795
2014-08-08,1.062,1.0718,-0.009143496921067418
2014-08-11,1.074,1.0743,-0.0002792516056967509
2014-08-12,1.073,1.0726,0.00037292560134249975
2014-08-13,1.072,1.0803,-0.007683051004350627
2014-08-14,1.08,1.0852,-0.004791743457427056
2014-08-15,1.086,1.0851,0.0008294166436273454
2014-08-18,1.086,1.0941,-0.007403345215245438
2014-08-19,1.095,1.1001,-0.004635942187073971
2014-08-20,1.1,1.1034,-0.003081384810585286
2014-08-21,1.101,1.1076,-0.005958829902491858
2014-08-22,1.106,1.1053,0.0006333122229260635
2014-08-25,1.104,1.1111,-0.006390063900638898
2014-08-26,1.109,1.1125,-0.0031460674157304247
2014-08-27,1.109,1.1125,-0.0031460674157304247
2014-08-28,1.108,1.1105,-0.002251238180999482
2014-08-29,1.107,1.1144,-0.006640344580043145
2014-09-01,1.111,1.1144,-0.0030509691313711507
2014-09-02,1.116,1.1143,0.001525621466391458
2014-09-03,1.112,1.1139,-0.0017057186461978402
2014-09-04,1.109,1.1117,-0.0024287127822253396
2014-09-05,1.108,1.1179,-0.008855890508989939
2014-09-09,1.107,1.1041,0.002626573679920252
2014-09-10,1.102,1.1065,-0.004066877541798464
2014-09-11,1.102,1.1082,-0.00559465800397041
2014-09-12,1.107,1.1018,0.0047195498275549586
2014-09-15,1.102,1.1007,0.0011810665939857579
2014-09-16,1.096,1.1091,-0.011811378595257271
2014-09-17,1.106,1.1103,-0.0038728271638295286
2014-09-18,1.107,1.1165,-0.008508732646663741
2014-09-19,1.118,1.1154,0.002331002331002363
2014-09-22,1.113,1.1068,0.0056017347307553145
2014-09-23,1.105,1.1002,0.004362843119432691
2014-09-24,1.099,1.1087,-0.008748985298096867
2014-09-25,1.105,1.0915,0.012368300503893703
2014-09-26,1.088,1.1011,-0.011897193715375454
2014-09-29,1.098,1.0988,-0.0007280669821623231
2014-09-30,1.098,1.0956,0.0021905805038335835
2014-10-08,1.076,1.0933,-0.015823653160157214
2014-10-09,1.096,1.0702,0.024107643431134473
2014-10-10,1.074,1.058,0.01512287334593565
2014-10-13,1.06,1.0401,0.019132775694644666
2014-10-14,1.051,1.0413,0.009315278978200281
2014-10-15,1.049,1.0331,0.01539057206465988
2014-10-16,1.039,1.0324,0.006392870980240106
2014-10-17,1.04,1.046,-0.005736137667304075
2014-10-20,1.05,1.056,-0.005681818181818232
2014-10-21,1.057,1.0762,-0.017840550083627726
2014-10-22,1.078,1.0689,0.00851342501637209
2014-10-23,1.072,1.0823,-0.009516769842003114
2014-10-24,1.078,1.09,-0.011009174311926606
2014-10-27,1.088,1.088,0.0
2014-10-28,1.088,1.1005,-0.011358473421172133
2014-10-29,1.093,1.0986,-0.005097396686692179
2014-10-30,1.092,1.1066,-0.013193565877462454
2014-10-31,1.107,1.1196,-0.0112540192926045
2014-11-03,1.116,1.1205,-0.004016064257028051
2014-11-04,1.113,1.1176,-0.004115962777380022
2014-11-05,1.113,1.1236,-0.009433962264150941
2014-11-06,1.117,1.1293,-0.010891702824758709
2014-11-07,1.125,1.1304,-0.004777070063694322
2014-11-10,1.122,1.1299,-0.006991769183113394
2014-11-11,1.129,1.1313,-0.002033059312295582
2014-11-12,1.126,1.1311,-0.004508885156042863
2014-11-13,1.123,1.1314,-0.007424429909846153
2014-11-14,1.123,1.1314,-0.007424429909846153
2014-11-17,1.119,1.1324,-0.011833274461321208
2014-11-18,1.123,1.1387,-0.013787652586282673
2014-11-19,1.132,1.1365,-0.003959524857017338
2014-11-20,1.127,1.1391,-0.010622421209727007
2014-11-21,1.13,1.1445,-0.012669287898645853
2014-11-24,1.127,1.1483,-0.018549159627275214
2014-11-25,1.136,1.1466,-0.009244723530437926
2014-11-26,1.137,1.1493,-0.010702166536152413
2014-11-27,1.139,1.1493,-0.008961976855477172
2014-11-28,1.139,1.1463,-0.00636831544970784
2014-12-01,1.132,1.1388,-0.005971197752019819
2014-12-02,1.127,1.1454,-0.016064257028112428
2014-12-03,1.134,1.1508,-0.014598540145985495
2014-12-04,1.139,1.1501,-0.00965133466655066
2014-12-05,1.136,1.1514,-0.013375021712697666
2014-12-08,1.141,1.1415,-0.00043802014892679875
2014-12-09,1.13,1.1405,-0.009206488382288658
2014-12-10,1.133,1.121,0.01070472792149868
2014-12-11,1.115,1.1254,-0.009241158699129115
2014-12-12,1.107,1.1077,-0.0006319400559717803
2014-12-15,1.1,1.1006,-0.0005451571869888872
2014-12-16,1.094,1.0917,0.002106805899056763
2014-12-17,1.083,1.1132,-0.027128997484728745
2014-12-18,1.109,1.1412,-0.02821591307395721
2014-12-19,1.137,1.1466,-0.008372579801151248
2014-12-22,1.14,1.1511,-0.00964295022152728
2014-12-23,1.146,1.1535,-0.006501950585175553
2014-12-24,1.15,1.1536,-0.003120665742024964
2014-12-25,1.146,1.1536,-0.006588072122052702
2014-12-26,1.146,1.1562,-0.008822003113648114
2014-12-29,1.152,1.1584,-0.005524861878453247
2014-12-30,1.149,1.1532,-0.0036420395421435936
2014-12-31,1.148,1.1406,0.006487813431527156
2015-01-05,1.134,1.1205,0.012048192771084265
2015-01-06,1.114,1.1105,0.0031517334533994745
2015-01-07,1.108,1.1239,-0.014147166117981835
2015-01-08,1.128,1.1446,-0.014502883103267639
2015-01-09,1.143,1.1346,0.007403490216816522
2015-01-12,1.134,1.1241,0.008807045636509025
2015-01-13,1.122,1.1206,0.0012493307156880018
2015-01-14,1.117,1.1144,0.0023330940416366186
2015-01-15,1.116,1.1037,0.011144332699103199
2015-01-16,1.112,1.1183,-0.0056335509255118765
2015-01-19,1.116,1.1183,-0.002056693195028103
2015-01-20,1.119,1.121,-0.001784121320249743
2015-01-21,1.123,1.1272,-0.0037260468417317227
2015-01-22,1.133,1.1439,-0.009528804965468929
2015-01-23,1.152,1.1393,0.011147195646449504
2015-01-26,1.137,1.143,-0.005249343832021025
2015-01-27,1.141,1.1277,0.011793916821849937
2015-01-28,1.129,1.1107,0.016476096155577657
2015-01-29,1.115,1.1226,-0.006769998218421613
2015-01-30,1.123,1.1084,0.013172140021652678
2015-02-02,1.112,1.1231,-0.009883358561125322
2015-02-03,1.124,1.1389,-0.013082799192202899
2015-02-04,1.134,1.1334,0.000529380624669118
2015-02-05,1.127,1.1462,-0.01675100331530288
2015-02-06,1.136,1.1409,-0.004294854939083326
2015-02-09,1.136,1.1367,-0.0006158177179556024
2015-02-10,1.129,1.1485,-0.016978667827601268
2015-02-11,1.143,1.1492,-0.005395057431256567
2015-02-12,1.142,1.1608,-0.01619572708476924
2015-02-13,1.157,1.1648,-0.006696428571428603
2015-02-16,1.16,1.1648,-0.004120879120879217
2015-02-17,1.162,1.1674,-0.004625663868425667
2015-02-25,1.171,1.1761,-0.004336365955275867
2015-02-26,1.17,1.1745,-0.003831417624521216
2015-02-27,1.17,1.1727,-0.00230237912509601
2015-03-02,1.17,1.1805,-0.008894536213469029
2015-03-03,1.177,1.1757,0.0011057242493834885
2015-03-04,1.175,1.1703,0.004016064257028162
2015-03-05,1.174,1.1718,0.0018774534903567286
2015-03-06,1.177,1.1555,0.01860666378191267
2015-03-09,1.166,1.1606,0.004652765810787329
2015-03-10,1.166,1.1414,0.02155247941124938
2015-03-11,1.145,1.1398,0.00456220389542028
2015-03-12,1.15,1.1548,-0.00415656390717023
2015-03-13,1.155,1.1472,0.0067991631799162455
2015-03-16,1.151,1.1631,-0.01040323274009114
2015-03-17,1.162,1.1587,0.0028480193320099545
2015-03-18,1.157,1.1722,-0.012967070465790709
2015-03-19,1.172,1.1646,0.006354113000171635
2015-03-20,1.165,1.1757,-0.009100961129539842
2015-03-23,1.174,1.1727,0.0011085529120831161
2015-03-24,1.167,1.1647,0.001974757448269804
2015-03-25,1.158,1.1481,0.00862294225241711
2015-03-26,1.142,1.1447,-0.002358696601729826
2015-03-27,1.144,1.148,-0.0034843205574912606
2015-03-30,1.142,1.1621,-0.017296273986748156
2015-03-31,1.152,1.1524,-0.0003471017007984356
2015-04-01,1.145,1.1483,-0.00287381346338067
2015-04-02,1.145,1.1516,-0.005731156651615055
2015-04-03,1.144,1.1516,-0.00659951372004175
2015-04-07,1.148,1.1549,-0.0059745432504979545
2015-04-08,1.146,1.1594,-0.011557702259789582
2015-04-09,1.145,1.1644,-0.0166609412573
2015-04-10,1.15,1.171,-0.017933390264731064
2015-04-13,1.15,1.1665,-0.014144877839691539
2015-04-14,1.147,1.1687,-0.018567639257294433
2015-04-15,1.147,1.1733,-0.02241540952867982
2015-04-16,1.149,1.1721,-0.019708216022523595
2015-04-17,1.155,1.1581,-0.002676798203954611
2015-04-20,1.147,1.1683,-0.018231618591115217
2015-04-21,1.157,1.168,-0.009417808219178037
2015-04-22,1.154,1.174,-0.017035775127768327
2015-04-23,1.158,1.1768,-0.01597552685248138
2015-04-24,1.163,1.1786,-0.013236042762599709
2015-04-27,1.167,1.1732,-0.005284691442209333
2015-04-28,1.163,1.1764,-0.011390683441006355
2015-04-29,1.166,1.1711,-0.00435488002732487
2015-04-30,1.16,1.1588,0.0010355540214013192
2015-05-04,1.16,1.1757,-0.013353746704091174
2015-05-05,1.165,1.1622,0.0024092238857340575
2015-05-06,1.152,1.1569,-0.004235456824271844
2015-05-07,1.15,1.1607,-0.009218574997846285
2015-05-08,1.155,1.1768,-0.018524813052345324
2015-05-11,1.163,1.1706,-0.006492397061336086
2015-05-12,1.162,1.1677,-0.004881390768176841
2015-05-13,1.159,1.167,-0.006855184233076295
2015-05-14,1.155,1.1791,-0.02043931812399291
2015-05-15,1.164,1.1799,-0.013475718281210303
2015-05-18,1.163,1.1833,-0.017155412828530392
2015-05-19,1.169,1.1832,-0.012001352265043952
2015-05-20,1.168,1.1827,-0.012429187452439483
2015-05-21,1.166,1.1858,-0.016697588126159624
2015-05-22,1.171,1.183,-0.010143702451394732
2015-05-25,1.17,1.183,-0.010989010989011061
2015-05-26,1.17,1.1726,-0.0022172949002218223
2015-05-27,1.164,1.1839,-0.016808852098994853
2015-05-28,1.168,1.1827,-0.012429187452439483
2015-05-29,1.17,1.1751,-0.004340056165432871
2015-06-01,1.163,1.1778,-0.012565800645270797
2015-06-02,1.164,1.1769,-0.010960999235279267
2015-06-03,1.158,1.1792,-0.017978290366350125
2015-06-04,1.165,1.1692,-0.0035921997947314654
2015-06-05,1.162,1.1677,-0.004881390768176841
2015-06-08,1.164,1.1613,0.002324980625161288
2015-06-09,1.156,1.1613,-0.004563850856798446
2015-06-10,1.16,1.1752,-0.01293396868618113
2015-06-11,1.167,1.1773,-0.00874883207338828
2015-06-12,1.169,1.1693,-0.00025656375609339754
2015-06-15,1.157,1.1639,-0.005928344359480975
2015-06-16,1.154,1.1703,-0.013928052636076216
2015-06-17,1.154,1.1725,-0.015778251599147253
2015-06-18,1.155,1.1836,-0.024163568773234112
2015-06-19,1.159,1.1768,-0.01512576478586003
2015-06-23,1.166,1.185,-0.016033755274261763
2015-06-24,1.17,1.1771,-0.006031773001444307
2015-06-25,1.164,1.1737,-0.008264462809917439
2015-06-26,1.159,1.1732,-0.012103648141834289
2015-06-29,1.159,1.1492,0.008527671423599115
2015-06-30,1.141,1.1517,-0.009290613875141074
2015-07-01,1.144,1.1601,-0.013878113955693494
2015-07-02,1.15,1.16,-0.008620689655172376
2015-07-03,1.15,1.16,-0.008620689655172376
2015-07-06,1.146,1.1558,-0.008478975601315164
2015-07-07,1.143,1.1625,-0.016774193548387162
2015-07-08,1.119,1.1437,-0.021596572527760705
2015-07-09,1.118,1.1457,-0.024177358819935324
2015-07-10,1.123,1.1599,-0.03181308733511501
2015-07-13,1.134,1.1762,-0.035878251997959576
2015-07-14,1.157,1.1819,-0.021067772231153192
2015-07-15,1.165,1.182,-0.014382402707275754
2015-07-16,1.159,1.1916,-0.027358173883853643
2015-07-17,1.171,1.1932,-0.018605430774388143
2015-07-20,1.174,1.1945,-0.01716199246546668
2015-07-21,1.182,1.1895,-0.006305170239596536
2015-07-22,1.175,1.1861,-0.009358401483854584
2015-07-23,1.18,1.1795,0.0004239084357777756
2015-07-24,1.178,1.1668,0.009598902982516089
2015-07-27,1.151,1.1599,-0.007673075265108964
2015-07-28,1.152,1.1738,-0.018572158800477134
2015-07-29,1.165,1.1825,-0.014799154334038112
2015-07-30,1.176,1.1829,-0.005833121988333856
2015-07-31,1.177,1.1803,-0.002795899347623365
2015-08-03,1.175,1.1768,-0.00152957171991841
2015-08-04,1.17,1.1742,-0.0035769034236075026
2015-08-05,1.171,1.1785,-0.0063640220619431975
2015-08-06,1.175,1.1696,0.004616963064295598
2015-08-07,1.166,1.1661,-8.575593859871944e-05
2015-08-10,1.168,1.1807,-0.010756330990090768
2015-08-11,1.2,1.1906,0.007895178901394129
2015-08-12,1.2,1.2107,-0.008837862393656692
2015-08-13,1.211,1.2224,-0.009325916230366382
2015-08-14,1.211,1.2265,-0.012637586628617914
2015-08-17,1.225,1.2328,-0.006327060350421632
2015-08-18,1.231,1.2297,0.0010571684150606497
2015-08-19,1.226,1.2194,0.005412497949811357
2015-08-20,1.216,1.1925,0.019706498951782114
2015-08-21,1.191,1.1543,0.0317941609633543
2015-08-24,1.124,1.1081,0.014348885479649853
2015-08-25,1.11,1.0963,0.01249657940344795
2015-08-26,1.113,1.1399,-0.023598561277304975
2015-08-27,1.142,1.1682,-0.022427666495463128
2015-08-28,1.162,1.1672,-0.004455106237148843
2015-08-31,1.157,1.1558,0.0010382419103651674
2015-09-01,1.138,1.1196,0.01643444087173984
2015-09-02,1.129,1.1377,-0.0076470071196272915
2015-09-07,1.13,1.1377,-0.006768040784038032
2015-09-08,1.138,1.1499,-0.010348725976171869
2015-09-09,1.152,1.134,0.015873015873015817
2015-09-10,1.137,1.1423,-0.0046397618839184585
2015-09-11,1.14,1.1468,-0.005929543076386601
2015-09-14,1.147,1.1419,0.004466240476399097
2015-09-15,1.14,1.1557,-0.013584840356493988
2015-09-16,1.153,1.1665,-0.01157308186883843
2015-09-17,1.164,1.1627,0.0011180872108023099
2015-09-18,1.159,1.1431,0.013909544221852865
2015-09-21,1.141,1.1494,-0.0073081607795371095
2015-09-22,1.148,1.136,0.010563380281690238
2015-09-23,1.134,1.1345,-0.0004407227853681084
2015-09-24,1.133,1.131,0.0017683465959328348
2015-09-25,1.132,1.1304,0.0014154281670204494
2015-09-28,1.128,1.1008,0.024709302325581328
2015-09-29,1.097,1.101,-0.0036330608537693543
2015-09-30,1.105,1.1211,-0.014360895549014319
2015-10-08,1.15,1.1737,-0.020192553463406315
2015-10-09,1.161,1.1744,-0.01141008174386926
2015-10-12,1.166,1.1742,-0.0069834781127575685
2015-10-13,1.163,1.163,0.0
2015-10-14,1.158,1.1607,-0.0023261824760921757
2015-10-15,1.159,1.178,-0.01612903225806439
2015-10-16,1.168,1.1839,-0.01343018836050347
2015-10-19,1.173,1.1858,-0.010794400404789961
2015-10-20,1.178,1.1856,-0.0064102564102564985
2015-10-21,1.174,1.1762,-0.0018704301989457273
2015-10-22,1.171,1.1964,-0.02123035773988624
2015-10-23,1.191,1.2112,-0.016677675033025086
2015-10-26,1.199,1.2079,-0.007368159615862124
2015-10-27,1.201,1.2038,-0.0023259677687322844
2015-10-28,1.2,1.2189,-0.015505783903519643
2015-10-29,1.211,1.2195,-0.0069700697006969126
2015-10-30,1.212,1.2117,0.00024758603614749575
2015-11-02,1.205,1.2194,-0.011809086435952132
2015-11-03,1.219,1.2257,-0.0054662641755730546
2015-11-04,1.221,1.2223,-0.0010635686819928658
2015-11-05,1.22,1.2218,-0.0014732362088721862
2015-11-06,1.218,1.223,-0.004088307440719641
2015-11-09,1.221,1.2133,0.006346328195829587
2015-11-10,1.209,1.2159,-0.005674808783617036
2015-11-11,1.209,1.2121,-0.002557544757033181
2015-11-12,1.21,1.1955,0.01212881639481389
2015-11-13,1.193,1.1826,0.008794182310164045
2015-11-16,1.179,1.202,-0.019134775374375912
2015-11-17,1.202,1.2006,0.0011660836248543749
2015-11-18,1.196,1.2209,-0.020394790728151535
2015-11-19,1.219,1.2195,-0.00041000410004099486
2015-11-20,1.223,1.2241,-0.0008986193938402831
2015-11-23,1.225,1.2241,0.0007352340495059284
2015-11-24,1.223,1.226,-0.002446982055464786
2015-11-25,1.222,1.2257,-0.0030186832014359455
2015-11-26,1.225,1.2257,-0.0005711022272986144
2015-11-27,1.224,1.2273,-0.002688829137130311
2015-11-30,1.23,1.2224,0.006217277486911144
2015-12-01,1.228,1.2357,-0.006231285910819784
2015-12-02,1.237,1.2223,0.012026507404074405
2015-12-03,1.225,1.2052,0.01642880849651518
2015-12-04,1.207,1.2273,-0.016540373176892387
2015-12-07,1.227,1.2213,0.004667157946450562
2015-12-08,1.221,1.215,0.004938271604938205
2015-12-09,1.218,1.2067,0.009364382199386734
2015-12-10,1.212,1.2113,0.00057789152150578
2015-12-11,1.215,1.1902,0.020836834145521843
2015-12-14,1.198,1.1982,-0.00016691704223004145
2015-12-15,1.203,1.2122,-0.007589506682065594
2015-12-16,1.212,1.231,-0.01543460601137292
2015-12-17,1.227,1.2149,0.009959667462342559
2015-12-18,1.211,1.1944,0.013898191560616446
2015-12-21,1.201,1.2028,-0.001496508147655451
2015-12-22,1.207,1.2135,-0.005356407086938519
2015-12-23,1.211,1.2281,-0.013923947561273464
2015-12-24,1.224,1.2266,-0.0021196804174139494
2015-12-25,1.227,1.2266,0.0003261046796023681
2015-12-28,1.223,1.2237,-0.0005720356296476936
2015-12-29,1.225,1.239,-0.011299435028248594
2015-12-30,1.233,1.2307,0.0018688551231007544
2015-12-31,1.234,1.2199,0.011558324452823898
2016-01-04,1.227,1.2033,0.01969583644976325
2016-01-05,1.211,1.2081,0.002400463537786779
2016-01-06,1.214,1.1952,0.015729585006693414
2016-01-07,1.202,1.1725,0.025159914712153286
2016-01-08,1.192,1.1596,0.02794066919627447
2016-01-11,1.173,1.1603,0.010945445143497379
2016-01-12,1.179,1.1692,0.008381799521040012
2016-01-13,1.18,1.1406,0.03454322286515854
2016-01-14,1.164,1.1594,0.003967569432465012
2016-01-15,1.171,1.1349,0.03180896995329996
2016-01-18,1.163,1.1349,0.024759890739272095
2016-01-19,1.179,1.1345,0.03922432789775221
2016-01-20,1.158,1.1212,0.03282197645379936
2016-01-21,1.146,1.127,0.016858917480035318
2016-01-22,1.169,1.1495,0.016963897346672585
2016-01-25,1.162,1.1312,0.027227722772277252
2016-01-26,1.136,1.1469,-0.009503880024413713
2016-01-27,1.15,1.1343,0.013841135502071555
2016-01-28,1.14,1.1404,-0.0003507541213610965
2016-01-29,1.153,1.1683,-0.013095951382350313
2016-02-01,1.166,1.1681,-0.0017977912849926891
2016-02-02,1.167,1.146,0.01832460732984309
2016-02-03,1.165,1.152,0.011284722222222321
2016-02-04,1.198,1.152,0.03993055555555558
2016-02-05,1.193,1.1293,0.05640662357212434
2016-02-16,1.187,1.1361,0.04480239415544407
2016-02-17,1.179,1.1568,0.019190871369294538
2016-02-18,1.18,1.15,0.026086956521739202
2016-02-19,1.177,1.1506,0.02294455066921608
2016-02-22,1.175,1.1666,0.007200411452082944
2016-02-23,1.178,1.1541,0.020708777402304923
2016-02-24,1.17,1.1599,0.008707647210966396
2016-02-25,1.17,1.1735,-0.0029825308904986025
2016-02-26,1.188,1.1716,0.013997951519289842
2016-02-29,1.187,1.1642,0.019584263872187035
2016-03-01,1.184,1.1908,-0.0057104467584817575
2016-03-02,1.205,1.1975,0.006263048016701411
2016-03-03,1.204,1.2003,0.0030825626926602734
2016-03-04,1.205,1.202,0.0024958402662229595
2016-03-07,1.211,1.1999,0.009250770897574867
2016-03-08,1.203,1.1854,0.01484730892525743
2016-03-09,1.195,1.1926,0.0020124098608083063
2016-03-10,1.196,1.1932,0.0023466309084814174
2016-03-11,1.196,1.2088,-0.010589013898080868
2016-03-14,1.212,1.2074,0.0038098393241676742
2016-03-15,1.207,1.2082,-0.0009932130441978604
2016-03-16,1.207,1.2167,-0.007972384318237657
2016-03-17,1.212,1.2208,-0.007208387942333028
2016-03-18,1.214,1.2199,-0.004836462005082365
2016-03-21,1.223,1.2248,-0.0014696276943174658
2016-03-22,1.22,1.2266,-0.00538072721343541
2016-03-23,1.221,1.2181,0.002380756916509519
2016-03-24,1.212,1.2215,-0.007777322963569477
2016-03-25,1.214,1.2215,-0.006139991813344348
2016-03-28,1.209,1.2235,-0.011851246424192885
2016-03-29,1.207,1.2312,-0.019655620532813556
2016-03-30,1.217,1.2326,-0.012656173941262283
2016-03-31,1.217,1.2257,-0.007097984824997905
2016-04-01,1.215,1.233,-0.014598540145985384
2016-04-05,1.22,1.2182,0.0014775898867180892
2016-04-06,1.218,1.233,-0.012165450121654597
2016-04-07,1.224,1.2173,0.005503984227388514
2016-04-08,1.219,1.2211,-0.0017197608713455104
2016-04-11,1.224,1.2161,0.006496176301290957
2016-04-12,1.221,1.2272,-0.005052151238591929
2016-04-13,1.225,1.2392,-0.011459005810200096
2016-04-14,1.233,1.2452,-0.009797622871827838
2016-04-15,1.233,1.2443,-0.00908141123523254
2016-04-18,1.231,1.2499,-0.015121209696775662
2016-04-19,1.239,1.2521,-0.010462423129142917
2016-04-20,1.241,1.2508,-0.007834985609209921
2016-04-21,1.25,1.2485,0.0012014417300760805
2016-04-22,1.247,1.2504,-0.0027191298784388085
2016-04-25,1.241,1.2523,-0.009023396949612628
2016-04-26,1.248,1.2501,-0.0016798656107511745
2016-04-27,1.251,1.2513,-0.00023975065931447492
2016-04-28,1.255,1.2421,0.010385637227276368
2016-04-29,1.239,1.2288,0.008300781250000222
2016-05-03,1.245,1.2271,0.014587238203895403
2016-05-04,1.232,1.2271,0.003993154592127679
2016-05-05,1.226,1.2304,-0.0035760728218465765
2016-05-06,1.225,1.2358,-0.008739278200356027
2016-05-09,1.25,1.2348,0.012309685779073654
2016-05-10,1.246,1.2525,-0.005189620758482949
2016-05-11,1.256,1.2407,0.012331748206657611
2016-05-12,1.25,1.2358,0.011490532448616309
2016-05-13,1.242,1.2308,0.009099772505687387
2016-05-16,1.235,1.2446,-0.007713321549091989
2016-05-17,1.241,1.2306,0.008451162034780024
2016-05-18,1.231,1.2312,-0.00016244314489921585
2016-05-19,1.232,1.2326,-0.0004867759208176947
2016-05-20,1.23,1.2397,-0.007824473662983
2016-05-23,1.236,1.236,0.0
2016-05-24,1.232,1.253,-0.016759776536312776
2016-05-25,1.247,1.2659,-0.014930089264554747
2016-05-26,1.254,1.2632,-0.007283090563647954
2016-05-27,1.256,1.2675,-0.009072978303747536
2016-05-30,1.279,1.2675,0.009072978303747314
2016-05-31,1.282,1.2718,0.00802012895109283
2016-06-01,1.279,1.2754,0.0028226438764307193
2016-06-02,1.277,1.2752,0.0014115432873273992
2016-06-03,1.274,1.2735,0.00039261876717699984
2016-06-06,1.266,1.2739,-0.006201428683570098
2016-06-07,1.27,1.2778,-0.0061042416653623865
2016-06-08,1.273,1.2817,-0.0067878598736055284
2016-06-13,1.258,1.2617,-0.0029325513196480912
2016-06-14,1.259,1.2592,-0.0001588310038120877
2016-06-15,1.265,1.2609,0.003251645649932522
2016-06-16,1.262,1.26,0.0015873015873015817
2016-06-17,1.265,1.2568,0.006524506683641018
2016-06-20,1.275,1.2624,0.009980988593155882
2016-06-21,1.275,1.2647,0.008144223926622951
2016-06-22,1.269,1.2678,0.0009465215333648302
2016-06-23,1.272,1.2795,-0.0058616647127784915
2016-06-24,1.259,1.2355,0.01902063941723986
2016-06-27,1.26,1.2239,0.029495873845902354
2016-06-28,1.256,1.2489,0.005685002802466199
2016-06-29,1.264,1.2665,-0.001973943939992062
2016-06-30,1.285,1.2832,0.0014027431421446135
2016-07-01,1.294,1.2894,0.0035675507988210953
2016-07-04,1.283,1.2894,-0.004963548937490403
2016-07-05,1.282,1.2824,-0.0003119151590766922
2016-07-06,1.283,1.2945,-0.008883738895326454
2016-07-07,1.293,1.2928,0.00015470297029707147
2016-07-08,1.299,1.3129,-0.010587249600121917
2016-07-11,1.319,1.3171,0.0014425632070458327
2016-07-12,1.333,1.3284,0.0034628124059017384
2016-07-13,1.342,1.3275,0.01092278719397366
2016-07-14,1.337,1.3335,0.002624671916010568
2016-07-15,1.357,1.3314,0.019227880426618604
2016-07-18,1.348,1.3376,0.007775119617225101
2016-07-19,1.365,1.3359,0.0217830675948798
2016-07-20,1.361,1.3412,0.014762898896510723
2016-07-21,1.391,1.3348,0.04210368594545999
2016-07-22,1.378,1.3368,0.030819868342309986
2016-07-25,1.396,1.3364,0.04459742592038296
2016-07-26,1.4,1.3352,0.0485320551228281
2016-07-27,1.392,1.3315,0.045437476530229004
2016-07-28,1.381,1.3322,0.03663113646599614
2016-07-29,1.419,1.3327,0.06475575898551811
2016-08-01,1.409,1.3261,0.06251413920518822
2016-08-02,1.42,1.3212,0.07478050257341806
2016-08-03,1.395,1.3205,0.05641802347595615
2016-08-04,1.39,1.326,0.04826546003016574
2016-08-05,1.387,1.3366,0.037707616339967
2016-08-08,1.404,1.3395,0.04815229563269874
2016-08-09,1.404,1.3396,0.048074051955807606
2016-08-10,1.4,1.3349,0.04876769795490299
2016-08-11,1.394,1.3358,0.0435693966162598
2016-08-12,1.388,1.3405,0.03543453935098828
2016-08-15,1.39,1.342,0.035767511177347
2016-08-16,1.386,1.3324,0.04022815971179816
2016-08-17,1.374,1.3302,0.0329273793414524
2016-08-18,1.376,1.3374,0.028861970988485197
2016-08-19,1.378,1.3343,0.03275125533987855
2016-08-22,1.38,1.3422,0.02816271792579328
2016-08-23,1.38,1.3435,0.02716784518049864
2016-08-24,1.387,1.3333,0.040276006900172634
2016-08-25,1.384,1.3351,0.036626469927346195
2016-08-26,1.385,1.3307,0.04080559104230863
2016-08-29,1.382,1.3449,0.02758569410365075
2016-08-30,1.398,1.3415,0.04211703317182258
2016-08-31,1.405,1.3404,0.048194568785437264
2016-09-01,1.401,1.3378,0.047241740170429036
2016-09-02,1.404,1.3423,0.045965879460627246
2016-09-05,1.419,1.3423,0.05714072860016395
2016-09-06,1.445,1.3444,0.07482891996429641
2016-09-07,1.451,1.3421,0.08114149467252818
2016-09-08,1.449,1.3406,0.08085931672385493
2016-09-09,1.443,1.3091,0.10228401191658398
2016-09-12,1.404,1.3328,0.05342136854741897
2016-09-13,1.417,1.3099,0.08176196656233303
2016-09-14,1.415,1.3122,0.07834171620179853
2016-09-19,1.424,1.3186,0.0799332625511906
2016-09-20,1.423,1.3151,0.08204699262413517
2016-09-21,1.441,1.3321,0.08175061932287364
2016-09-22,1.453,1.336,0.08757485029940115
2016-09-23,1.465,1.3314,0.10034550097641604
2016-09-26,1.447,1.3214,0.09505070379900116
2016-09-27,1.446,1.328,0.08885542168674698
2016-09-28,1.445,1.3359,0.08166778950520248
2016-09-29,1.435,1.324,0.08383685800604224
2016-09-30,1.449,1.3359,0.08466202560071867
2016-10-10,1.464,1.3379,0.09425218626205245
2016-10-11,1.477,1.3231,0.11631773864409345
2016-10-12,1.477,1.3276,0.11253389575173256
2016-10-13,1.508,1.3242,0.13880078537985185
2016-10-14,1.521,1.3218,0.15070358601906486
2016-10-17,1.506,1.322,0.13918305597579428
2016-10-18,1.507,1.3285,0.1343620624764772
2016-10-19,1.51,1.3317,0.13388901404220155
2016-10-20,1.512,1.3297,0.13709859366774446
2016-10-21,1.514,1.3343,0.13467735891478672
2016-10-24,1.516,1.3431,0.12873203782294707
2016-10-25,1.521,1.339,0.13592233009708732
2016-10-26,1.52,1.3359,0.13780971629612981
2016-10-27,1.511,1.3324,0.13404383068147685
2016-10-28,1.506,1.3308,0.13165013525698832
2016-10-31,1.51,1.3262,0.1385914643341879
2016-11-01,1.513,1.3189,0.14716809462430813
2016-11-02,1.505,1.3073,0.15122772125755368
2016-11-03,1.498,1.3006,0.15177610333692138
2016-11-04,1.488,1.2989,0.14558472553699287
2016-11-07,1.505,1.3317,0.13013441465795572
2016-11-08,1.515,1.339,0.13144137415982082
2016-11-09,1.471,1.3542,0.08625018461084033
2016-11-10,1.503,1.3581,0.1066931742876076
2016-11-11,1.497,1.3606,0.1002498897545201
2016-11-14,1.495,1.3639,0.09612141652613837
2016-11-15,1.499,1.3785,0.08741385564018866
2016-11-16,1.539,1.3785,0.1164309031556039
2016-11-17,1.549,1.387,0.11679884643114624
2016-11-18,1.56,1.386,0.12554112554112562
2016-11-21,1.558,1.3998,0.11301614516359493
2016-11-22,1.579,1.3989,0.12874401315319184
2016-11-23,1.595,1.4025,0.13725490196078427
2016-11-24,1.666,1.4025,0.18787878787878776
2016-11-25,1.697,1.4132,0.20082083215397684
2016-11-28,1.666,1.4033,0.18720159623744026
2016-11-29,1.644,1.4023,0.1723596947871353
2016-11-30,1.666,1.3983,0.19144675677608514
2016-12-01,1.683,1.3953,0.2061922167275856
2016-12-02,1.68,1.3925,0.20646319569120286
2016-12-05,1.735,1.4021,0.2374295699308182
2016-12-06,1.779,1.4008,0.26998857795545383
2016-12-07,1.83,1.4241,0.2850221192332001
2016-12-08,1.8,1.4259,0.2623606143488324
2016-12-09,1.76,1.4393,0.22281664698117143
2016-12-12,1.798,1.4398,0.248784553410196
2016-12-13,1.872,1.4463,0.2943372744243935
2016-12-14,1.842,1.4366,0.2821940693303633
2016-12-15,1.795,1.4475,0.24006908462867016
2016-12-16,1.842,1.4494,0.27087070511935973
2016-12-19,1.876,1.4481,0.29549064291140104
2016-12-20,1.897,1.4568,0.3021691378363536
2016-12-21,1.982,1.4537,0.3634174864139781
2016-12-22,1.97,1.45,0.35862068965517246
2016-12-23,1.904,1.4524,0.3109336270999725
2016-12-26,1.911,1.4524,0.3157532360231343
2016-12-27,1.84,1.4553,0.2643441214869786
2016-12-28,1.677,1.4441,0.16127691988089476
2016-12-29,1.615,1.4436,0.11873095040177328
2016-12-30,1.577,1.4344,0.09941438929168989
2017-01-03,1.451,1.448,0.002071823204419898
2017-01-04,1.462,1.4568,0.003569467325645226
2017-01-05,1.462,1.4513,0.0073727003376282685
2017-01-06,1.455,1.4432,0.00817627494456774
2017-01-09,1.459,1.45,0.006206896551724128
2017-01-10,1.452,1.4493,0.0018629683295383614
2017-01-11,1.451,1.4535,-0.0017199862401100496
2017-01-12,1.453,1.4485,0.003106662064204402
2017-01-13,1.454,1.4469,0.004907042642891657
2017-01-16,1.454,1.4469,0.004907042642891657
2017-01-17,1.442,1.4439,-0.0013158806011496216
2017-01-18,1.447,1.4377,0.006468665229185655
2017-01-19,1.443,1.4336,0.006556919642857206
2017-01-20,1.439,1.4406,-0.0011106483409690782
2017-01-23,1.433,1.4345,-0.0010456605088881021
2017-01-24,1.431,1.4391,-0.0056285178236398226
2017-01-25,1.446,1.4556,-0.0065952184666117075
2017-01-26,1.458,1.4545,0.0024063251976624844
2017-02-03,1.446,1.4543,-0.00570721309220934
2017-02-06,1.459,1.4518,0.004959360793497902
2017-02-07,1.456,1.4519,0.002823885942558002
2017-02-08,1.461,1.4584,0.0017827756445421006
2017-02-09,1.455,1.4641,-0.006215422443822116
2017-02-10,1.472,1.4717,0.0002038458925053277
2017-02-13,1.481,1.4813,-0.0002025248092890619
2017-02-14,1.48,1.4856,-0.003769520732364029
2017-02-15,1.488,1.4895,-0.001007049345417954
2017-02-16,1.488,1.4881,-6.719978496072532e-05
2017-02-17,1.485,1.4868,-0.001210653753026536
2017-02-20,1.49,1.4868,0.002152273338714039
2017-02-21,1.489,1.5025,-0.008985024958402588
2017-02-22,1.503,1.502,0.0006657789613846443
2017-02-23,1.507,1.4998,0.004800640085344643
2017-02-24,1.509,1.5014,0.005061942187291724
2017-02-27,1.508,1.5065,0.0009956853634252028
2017-02-28,1.519,1.5012,0.011857180921929
2017-03-01,1.541,1.5229,0.011885218990084656
2017-03-02,1.623,1.5144,0.0717115689381933
2017-03-03,1.63,1.5169,0.07455995780868885
2017-03-06,1.678,1.5096,0.11155272919978798
2017-03-07,1.628,1.5088,0.07900318133616113
2017-03-08,1.595,1.5074,0.058113307682101656
2017-03-09,1.556,1.5106,0.03005428306633129
2017-03-10,1.59,1.5152,0.04936642027455118
2017-03-13,1.603,1.5132,0.05934443563309544
2017-03-14,1.617,1.5108,0.07029388403494852
2017-03-15,1.594,1.5232,0.046481092436974736
2017-03-16,1.613,1.5153,0.06447568138322435
2017-03-17,1.611,1.5135,0.06442021803766096
2017-03-20,1.612,1.513,0.06543291473892943
2017-03-21,1.615,1.4961,0.07947329723948937
2017-03-22,1.555,1.4948,0.04027294621354027
2017-03-23,1.555,1.4925,0.041876046901172526
2017-03-24,1.542,1.4912,0.03406652360515028
2017-03-27,1.521,1.4864,0.023277717976318613
2017-03-28,1.538,1.4987,0.026222726362847837
2017-03-29,1.553,1.5036,0.03285448257515289
2017-03-30,1.547,1.5074,0.026270399363141683
2017-03-31,1.574,1.5062,0.045013942371531
2017-04-05,1.564,1.4982,0.043919369910559336
2017-04-06,1.549,1.5019,0.03136027698248878
2017-04-07,1.543,1.5011,0.02791286389980674
2017-04-10,1.546,1.504,0.027925531914893664
2017-04-11,1.54,1.5002,0.026529796027196406
2017-04-12,1.534,1.4941,0.026705039823305077
2017-04-13,1.529,1.4778,0.03464609554743525
2017-04-14,1.515,1.4778,0.02517255379618355
2017-04-17,1.507,1.4931,0.00930949032214845
2017-04-18,1.535,1.4902,0.0300630787813716
2017-04-19,1.522,1.4838,0.025744709529586185
2017-04-20,1.517,1.4977,0.012886425852974392
2017-04-21,1.528,1.4939,0.022826159716179184
2017-04-24,1.536,1.5066,0.01951413779370781
2017-04-25,1.559,1.5192,0.02619799894681396
2017-04-26,1.568,1.5187,0.0324619740567591
2017-04-27,1.541,1.5208,0.013282482903734794
2017-04-28,1.553,1.5186,0.022652443039641756
2017-05-02,1.552,1.5233,0.018840674850653105
2017-05-03,1.55,1.5202,0.019602683857387282
2017-05-04,1.547,1.5226,0.016025220018389685
2017-05-05,1.544,1.5272,0.011000523834468368
2017-05-08,1.559,1.5285,0.019954203467451803
2017-05-09,1.553,1.529,0.015696533682145297
2017-05-10,1.548,1.5318,0.010575793184488758
2017-05-11,1.554,1.5286,0.016616511840900294
2017-05-12,1.543,1.524,0.012467191601049699
2017-05-15,1.544,1.5291,0.009744294029167655
2017-05-16,1.552,1.5269,0.01643853559499653
2017-05-17,1.533,1.4964,0.0244587008821171
2017-05-18,1.507,1.5013,0.003796709518417263
2017-05-19,1.506,1.5152,-0.0060718057022175476
2017-05-22,1.52,1.5204,-0.000263088660878652
2017-05-23,1.523,1.5229,6.566419331544004e-05
2017-05-24,1.524,1.5288,-0.0031397174254316207
2017-05-25,1.533,1.5343,-0.0008472919246562682
2017-05-26,1.546,1.535,0.007166123778501676
2017-05-31,1.53,1.5311,-0.0007184377245117446
2017-06-01,1.523,1.5307,-0.005030378258313206
2017-06-02,1.542,1.5358,0.004036983982289355
2017-06-05,1.536,1.5308,0.003396916644891723
2017-06-06,1.533,1.5266,0.004192322808856286
2017-06-07,1.529,1.5274,0.0010475317533060746
2017-06-08,1.528,1.5295,-0.0009807126511932607
2017-06-09,1.528,1.5291,-0.0007193774115491491
2017-06-12,1.524,1.5271,-0.0020299914871323432
2017-06-13,1.529,1.5343,-0.00345434400052147
2017-06-14,1.529,1.5324,-0.0022187418428609718
2017-06-15,1.531,1.5273,0.002422575787337067
2017-06-16,1.533,1.5308,0.0014371570420694812
2017-06-19,1.534,1.5429,-0.005768358286343811
2017-06-20,1.547,1.5355,0.007489417127971132
2017-06-21,1.535,1.5368,-0.0011712649661634877
2017-06-22,1.535,1.5361,-0.0007160992122908771
2017-06-23,1.538,1.5393,-0.0008445397258493026
2017-06-26,1.537,1.5393,-0.0014941856688104327
2017-06-27,1.538,1.5286,0.00614941776789224
2017-06-28,1.525,1.5369,-0.007742859001886981
2017-06-29,1.53,1.5212,0.00578490665264253
2017-06-30,1.521,1.5191,0.001250740570074349
2017-07-03,1.52,1.5232,-0.0021008403361345573
2017-07-04,1.521,1.5232,-0.0014443277310925984
2017-07-05,1.523,1.5288,-0.003793825222396685
2017-07-06,1.523,1.5157,0.004816256515141504
2017-07-07,1.515,1.5245,-0.006231551328304441
2017-07-10,1.521,1.5269,-0.0038640382474294244
2017-07-11,1.522,1.5262,-0.0027519329052548835
2017-07-12,1.52,1.5348,-0.009642950221527169
2017-07-13,1.53,1.5362,-0.004035932821247257
2017-07-14,1.528,1.5426,-0.009464540386360687
2017-07-17,1.533,1.5377,-0.0030565129739221764
2017-07-18,1.534,1.5397,-0.0037020198740014276
2017-07-19,1.538,1.5444,-0.004144004144004065
2017-07-20,1.545,1.5445,0.0003237293622531112
2017-07-21,1.541,1.5428,-0.0011667098781436014
2017-07-24,1.538,1.541,-0.00194678780012969
2017-07-25,1.537,1.5471,-0.006528343352078081
2017-07-26,1.54,1.5484,-0.005424954792043413
2017-07-27,1.536,1.542,-0.0038910505836575737
2017-07-28,1.535,1.5413,-0.004087458638811325
2017-07-31,1.536,1.538,-0.0013003901170350884
2017-08-01,1.532,1.5387,-0.004354325079612642
2017-08-02,1.535,1.541,-0.0038935756002596023
2017-08-03,1.53,1.5381,-0.0052662375658280025
2017-08-04,1.527,1.5391,-0.007861737378987765
2017-08-07,1.539,1.5437,-0.0030446330245514908
2017-08-08,1.539,1.5391,-6.497303619001915e-05
2017-08-09,1.531,1.5362,-0.0033849759145945235
2017-08-10,1.527,1.5075,0.012935323383084452
2017-08-11,1.513,1.5066,0.004247975574140472
2017-08-14,1.518,1.5207,-0.0017754981258630842
2017-08-15,1.523,1.5222,0.0005255551175928908
2017-08-16,1.519,1.5267,-0.005043558000917048
2017-08-17,1.518,1.5017,0.010854365052940018
2017-08-18,1.505,1.4997,0.003534040141361494
2017-08-21,1.503,1.5005,0.001666111296234618
2017-08-22,1.504,1.5129,-0.005882741754246745
2017-08-23,1.51,1.5085,0.0009943652635069355
2017-08-24,1.502,1.503,-0.0006653359946772186
2017-08-25,1.502,1.5068,-0.0031855588001061808
2017-08-28,1.502,1.5024,-0.00026624068157610203
2017-08-29,1.494,1.5025,-0.005657237936771975
2017-08-30,1.494,1.5053,-0.007506809273898907
2017-08-31,1.497,1.5118,-0.009789654716232277
2017-09-01,1.504,1.5126,-0.005685574507470537
2017-09-04,1.503,1.5126,-0.006346687822292751
2017-09-05,1.5,1.489,0.00738750839489577
2017-09-06,1.497,1.4923,0.003149500770622593
2017-09-07,1.495,1.4913,0.0024810567960840135
2017-09-08,1.493,1.4838,0.006200296535921357
2017-09-11,1.495,1.4988,-0.002535361622631349
2017-09-12,1.503,1.5103,-0.0048334767926901945
2017-09-13,1.503,1.5139,-0.007199947156351194
2017-09-14,1.505,1.5145,-0.0062726972598217134
2017-09-15,1.507,1.5165,-0.006264424662050794
2017-09-18,1.512,1.5185,-0.004280540006585398
2017-09-19,1.515,1.5227,-0.005056806987587814
2017-09-20,1.518,1.5269,-0.005828803457986753
2017-09-21,1.522,1.5268,-0.003143830233167333
2017-09-22,1.521,1.5276,-0.0043205027494109816
2017-09-25,1.516,1.5262,-0.006683265627047574
2017-09-26,1.518,1.5293,-0.007389001503956161
2017-09-27,1.52,1.5381,-0.011767765424874899
2017-09-28,1.529,1.5423,-0.008623484406406035
2017-09-29,1.539,1.5499,-0.00703271178785736
2017-10-09,1.56,1.5687,-0.005545993497800716
2017-10-10,1.559,1.5672,-0.00523226135783561
2017-10-11,1.567,1.5596,0.004744806360605258
2017-10-12,1.569,1.5564,0.008095605242868231
2017-10-13,1.558,1.5591,-0.0007055352446924124
2017-10-16,1.559,1.5611,-0.0013452053039523237
2017-10-17,1.563,1.5631,-6.39754334335052e-05
2017-10-18,1.561,1.5668,-0.0037018126116926675
2017-10-19,1.56,1.5697,-0.006179524749952203
2017-10-20,1.568,1.5778,-0.006211180124223614
2017-10-23,1.574,1.574,0.0
2017-10-24,1.57,1.5781,-0.005132754578290322
2017-10-25,1.577,1.572,0.0031806615776079905
2017-10-26,1.569,1.5731,-0.002606318733710533
2017-10-27,1.576,1.5899,-0.008742688219384842
2017-10-30,1.587,1.585,0.0012618296529969264
2017-10-31,1.585,1.5844,0.00037869224943198887
2017-11-01,1.591,1.5846,0.004038874163826867
2017-11-02,1.591,1.5825,0.005371248025276332
2017-11-03,1.6,1.5846,0.009718540956708432
2017-11-06,1.606,1.5906,0.009681881051175623
2017-11-07,1.595,1.5895,0.0034602076124568004
2017-11-08,1.591,1.5931,-0.0013181846713954393
2017-11-09,1.593,1.5886,0.002769734357295661
2017-11-10,1.583,1.5866,-0.002269002899281558
2017-11-13,1.583,1.5895,-0.0040893362692669966
2017-11-14,1.585,1.5872,-0.00138608870967738
2017-11-15,1.574,1.5756,-0.0010154861640009338
2017-11-16,1.572,1.5895,-0.011009751494180486
2017-11-17,1.584,1.585,-0.0006309148264983522
2017-11-20,1.579,1.5869,-0.00497825949965347
2017-11-21,1.584,1.5992,-0.009504752376187975
2017-11-22,1.589,1.5965,-0.004697776385844121
2017-11-23,1.586,1.5965,-0.006576886940181659
2017-11-24,1.587,1.5883,-0.0008184851728263443
2017-11-27,1.587,1.5892,-0.0013843443241882136
2017-11-28,1.589,1.6066,-0.010954811402962839
2017-11-29,1.603,1.608,-0.003109452736318463
2017-11-30,1.602,1.6222,-0.01245222537295032
2017-12-01,1.615,1.6197,-0.002901771933073949
2017-12-04,1.659,1.6189,0.024769905491383026
2017-12-05,1.63,1.6128,0.010664682539682557
2017-12-06,1.614,1.6138,0.00012393109431174665
2017-12-07,1.613,1.6195,-0.004013584439641837
2017-12-08,1.628,1.6288,-0.0004911591355599709
2017-12-11,1.636,1.632,0.002450980392156854
2017-12-12,1.641,1.6347,0.003853918150119373
2017-12-13,1.643,1.6361,0.004217346127987298
2017-12-14,1.644,1.6242,0.012190616919098618
2017-12-15,1.63,1.6407,-0.006521606631315957
2017-12-18,1.645,1.6505,-0.003332323538321802
2017-12-19,1.659,1.6436,0.009369676320272635
2017-12-20,1.651,1.6416,0.005726120857699746
2017-12-21,1.644,1.6384,0.00341796875
2017-12-22,1.647,1.6383,0.005310382713788586
2017-12-25,1.645,1.6383,0.004089605078434921
2017-12-26,1.645,1.627,0.011063306699446773
2017-12-27,1.644,1.6283,0.009641957870171192
2017-12-28,1.634,1.631,0.0018393623543837556
2017-12-29,1.634,1.6211,0.007957559681697646
2018-01-02,1.627,1.6277,-0.00043005467838053146
2018-01-03,1.635,1.6343,0.00042831793428366183
2018-01-04,1.638,1.6441,-0.0037102366036129153
2018-01-05,1.639,1.6524,-0.008109416606148723
2018-01-08,1.652,1.653,-0.000604960677555999
2018-01-09,1.652,1.6589,-0.004159382723491589
2018-01-10,1.657,1.6629,-0.003548018521859375
2018-01-11,1.657,1.6731,-0.009622855776701966
2018-01-12,1.675,1.679,-0.002382370458606342
2018-01-15,1.682,1.679,0.0017867778439546456
2018-01-16,1.681,1.659,0.013261000602772688
2018-01-17,1.669,1.6734,-0.002629377315644721
2018-01-18,1.681,1.6724,0.00514231045204494
2018-01-19,1.668,1.6739,-0.0035247027898919203
2018-01-22,1.674,1.6856,-0.006881822496440426
2018-01-23,1.692,1.6866,0.0032017075773744796
2018-01-24,1.692,1.6833,0.005168419176617256
2018-01-25,1.684,1.6793,0.0027987852081223785
2018-01-26,1.684,1.6916,-0.004492787893119021
2018-01-29,1.696,1.6758,0.012053944384771365
2018-01-30,1.682,1.6588,0.013986013986013957
2018-01-31,1.666,1.6604,0.003372681281618828
2018-02-01,1.67,1.6516,0.011140712036812772
2018-02-02,1.656,1.6124,0.02704043661622424
2018-02-05,1.611,1.549,0.04002582311168501
2018-02-06,1.518,1.5781,-0.03808377162410492
2018-02-07,1.543,1.5653,-0.01424647032517723
2018-02-08,1.562,1.5058,0.03732235356621061
2018-02-09,1.513,1.5372,-0.015742909185532117
2018-02-12,1.533,1.5533,-0.013068949977467326
2018-02-13,1.555,1.5637,-0.005563727057619872
2018-02-14,1.564,1.5894,-0.01598087328551645
2018-02-22,1.577,1.5957,-0.01171899479852101
2018-02-23,1.588,1.6197,-0.01957152559115871
2018-02-26,1.622,1.6361,-0.008618055131104474
2018-02-27,1.635,1.6095,0.01584342963653307
2018-02-28,1.623,1.5954,0.01729973674313645
2018-03-01,1.602,1.5757,0.016690994478644416
2018-03-02,1.576,1.5833,-0.004610623381544832
2018-03-05,1.579,1.603,-0.014971927635683113
2018-03-06,1.596,1.6061,-0.006288524998443457
2018-03-07,1.589,1.6031,-0.008795458798577793
2018-03-08,1.599,1.6093,-0.0064002982663269314
2018-03-09,1.61,1.6424,-0.01972722844617636
2018-03-12,1.64,1.6372,0.0017102369899828496
2018-03-13,1.63,1.624,0.003694581280788034
2018-03-14,1.621,1.6146,0.003963830050786488
2018-03-15,1.62,1.6119,0.005025125628140614
2018-03-16,1.611,1.6195,-0.005248533497993146
2018-03-19,1.61,1.596,0.00877192982456143
2018-03-20,1.594,1.5964,-0.0015033826108744597
2018-03-21,1.598,1.5973,0.0004382395292055197
2018-03-22,1.6,1.5514,0.031326543766920345
2018-03-23,1.558,1.5214,0.024056789798869493
2018-03-26,1.541,1.5602,-0.012306114600692308
2018-03-27,1.561,1.5245,0.02394227615611677
2018-03-28,1.535,1.5195,0.010200723922342725
2018-03-29,1.534,1.5466,-0.008146902883744978
2018-03-30,1.538,1.5466,-0.005560584507952937
2018-04-02,1.538,1.5052,0.02179112410310924
2018-04-03,1.514,1.5259,-0.007798676191100307
2018-04-04,1.52,1.5459,-0.016753994436897623
2018-04-09,1.526,1.5323,-0.004111466423024179
2018-04-10,1.541,1.5566,-0.010021842477193954
2018-04-11,1.54,1.5443,-0.0027844330764748015
2018-04-12,1.538,1.5552,-0.01105967078189296
2018-04-13,1.551,1.5523,-0.0008374669844747329
2018-04-16,1.543,1.5645,-0.013742409715564174
2018-04-17,1.558,1.5782,-0.012799391712077002
2018-04-18,1.573,1.5807,-0.004871259568545616
2018-04-19,1.57,1.572,-0.0012722646310432406
2018-04-20,1.567,1.5602,0.00435841558774519
2018-04-23,1.556,1.5634,-0.00473327363438647
2018-04-24,1.564,1.5473,0.01079299424804514
2018-04-25,1.544,1.5462,-0.0014228430992109242
2018-04-26,1.543,1.5676,-0.015692778770094562
2018-04-27,1.571,1.572,-0.0006361323155217313
2018-05-02,1.565,1.5581,0.004428470573133891
2018-05-03,1.56,1.5564,0.0023130300693909867
2018-05-04,1.561,1.5712,-0.006491853360488742
2018-05-07,1.575,1.578,-0.0019011406844107182
2018-05-08,1.574,1.5797,-0.003608280053174706
2018-05-09,1.573,1.5965,-0.014719699342311321
2018-05-10,1.587,1.6125,-0.015813953488372112
2018-05-11,1.596,1.6097,-0.008510902652668073
2018-05-14,1.607,1.6066,0.0002489729864310064
2018-05-15,1.598,1.5991,-0.0006878869364016493
2018-05-16,1.595,1.6124,-0.010791366906474864
2018-05-17,1.599,1.6097,-0.006647201341864917
2018-05-18,1.6,1.6077,-0.00478945076817805
2018-05-21,1.628,1.6217,0.00388481223407533
2018-05-22,1.623,1.6153,0.004766916362285656
2018-05-23,1.612,1.6198,-0.004815409309791185
2018-05-24,1.62,1.6176,0.0014836795252226587
2018-05-25,1.621,1.6151,0.0036530245805213024
2018-05-28,1.628,1.6151,0.007987121540461883
2018-05-29,1.618,1.6003,0.011060426170093063
2018-05-30,1.597,1.6254,-0.017472622123784864
2018-05-31,1.614,1.6129,0.00068200136400276
2018-06-01,1.607,1.6288,-0.013384086444007903
2018-06-04,1.629,1.6393,-0.0062831696455804
2018-06-05,1.639,1.6393,-0.00018300494113343557
2018-06-06,1.636,1.6503,-0.008665091195540375
2018-06-07,1.648,1.6463,0.0010326185992830528
2018-06-08,1.643,1.6535,-0.006350166313879635
2018-06-11,1.657,1.6567,0.00018108287559615022
2018-06-12,1.668,1.6608,0.004335260115606809
2018-06-13,1.671,1.6549,0.009728684512659402
2018-06-14,1.66,1.6544,0.0033849129593810368
2018-06-15,1.673,1.6612,0.007103298820130055
2018-06-19,1.638,1.6492,-0.00679117147707986
2018-06-20,1.654,1.6608,-0.004094412331406616
2018-06-21,1.673,1.6534,0.01185436071126178
2018-06-22,1.664,1.6589,0.003074326360841484
2018-06-25,1.678,1.6382,0.024294957880600654
2018-06-26,1.661,1.6489,0.007338225483655814
2018-06-27,1.647,1.6441,0.0017638829754882401
2018-06-28,1.64,1.6639,-0.01436384398100854
2018-06-29,1.67,1.6702,-0.00011974613818699353
2018-07-02,1.66,1.6749,-0.008896053495731193
2018-07-03,1.689,1.6749,0.00841841303958435
2018-07-04,1.671,1.6749,-0.002328497223714865
2018-07-05,1.687,1.6818,0.0030919253181116435
2018-07-06,1.702,1.6999,0.0012353667862814444
2018-07-09,1.718,1.7165,0.0008738712496358936
2018-07-10,1.726,1.7189,0.0041305486066669506
2018-07-11,1.729,1.706,0.01348182883939053
2018-07-12,1.741,1.7335,0.004326507066628293
2018-07-13,1.74,1.7353,0.0027084653950324444
2018-07-16,1.74,1.7341,0.003402341272129572
2018-07-17,1.73,1.7427,-0.0072875423193894395
2018-07-18,1.748,1.7488,-0.00045745654162854255
2018-07-19,1.76,1.7458,0.00813380685072751
2018-07-20,1.762,1.7596,0.0013639463514434347
2018-07-23,1.755,1.7608,-0.003293957292139993
2018-07-24,1.777,1.7768,0.00011256190905006846
2018-07-25,1.777,1.7967,-0.010964546112317008
2018-07-26,1.789,1.7817,0.0040972105292698124
2018-07-27,1.811,1.7769,0.019190725420676458
2018-07-30,1.79,1.7715,0.010443127293254362
2018-07-31,1.761,1.781,-0.011229646266142645
2018-08-01,1.779,1.7822,-0.0017955336101448394
2018-08-02,1.773,1.782,-0.005050505050505083
2018-08-03,1.804,1.8004,0.001999555654299101
2018-08-06,1.824,1.8118,0.006733635059057219
2018-08-07,1.856,1.8147,0.02275858268584341
2018-08-08,1.83,1.8109,0.010547241703020571
2018-08-09,1.812,1.8086,0.0018799071104722564
2018-08-10,1.813,1.7983,0.008174386920980936
2018-08-13,1.8,1.7971,0.0016137109787992543
2018-08-14,1.804,1.8103,-0.0034800861735623245
2018-08-15,1.825,1.8008,0.01343847179031532
2018-08-16,1.8,1.8177,-0.00973758045882156
2018-08-17,1.822,1.8223,-0.00016462711957410114
2018-08-20,1.821,1.8221,-0.000603699028593474
2018-08-21,1.816,1.8164,-0.00022021581149522795
2018-08-22,1.814,1.8133,0.0003860365080241568
2018-08-23,1.817,1.8128,0.0023168578993821853
2018-08-24,1.814,1.8331,-0.010419507937373784
2018-08-27,1.821,1.8418,-0.011293300032576892
2018-08-28,1.837,1.8302,0.0037154409354167584
2018-08-29,1.842,1.8412,0.0004344992396263514
2018-08-30,1.85,1.8343,0.00855912337131337
2018-08-31,1.844,1.8382,0.0031552605810032386
2018-09-03,1.836,1.8382,-0.0011968229790011442
2018-09-04,1.841,1.8334,0.004145303807134404
2018-09-05,1.833,1.8305,0.0013657470636436742
2018-09-06,1.826,1.823,0.001645639056500281
2018-09-07,1.821,1.819,0.0010995052226498991
2018-09-10,1.829,1.8269,0.0011494882040614662
2018-09-11,1.835,1.8363,-0.0007079453248379775
2018-09-12,1.844,1.8384,0.003046127067014792
2018-09-13,1.839,1.8469,-0.004277437868861367
2018-09-14,1.85,1.8443,0.0030906034809954352
2018-09-17,1.85,1.8378,0.00663837196648176
2018-09-18,1.836,1.8487,-0.006869692216151857
2018-09-19,1.845,1.8514,-0.0034568434698065698
2018-09-20,1.851,1.8649,-0.007453482760469754
2018-09-21,1.865,1.8596,0.0029038502903850905
2018-09-25,1.859,1.8529,0.0032921366506557526
2018-09-26,1.869,1.8502,0.010161063668792547
2018-09-27,1.854,1.8574,-0.0018305157747388057
2018-09-28,1.858,1.8613,-0.0017729543867188724
2018-10-08,1.841,1.8468,-0.0031405674680529128
2018-10-09,1.848,1.8461,0.0010291966849034218
2018-10-10,1.853,1.7868,0.0370494739198568
2018-10-11,1.763,1.7511,0.006795728399291656
2018-10-12,1.775,1.7762,-0.0006755995946402527
2018-10-15,1.759,1.7663,-0.004132933250297288
2018-10-16,1.766,1.8039,-0.02101003381562172
2018-10-17,1.802,1.803,-0.0005546311702716578
2018-10-18,1.793,1.7814,0.006511732345346299
2018-10-19,1.782,1.7836,-0.0008970621215519392
2018-10-22,1.781,1.7719,0.005135730007336692
2018-10-23,1.755,1.7649,-0.0056093829678735
2018-10-24,1.755,1.7112,0.025596072931276304
2018-10-25,1.713,1.7438,-0.017662575983484308
2018-10-26,1.718,1.7166,0.0008155656530350885
2018-10-29,1.708,1.7019,0.0035842293906809264
2018-10-30,1.709,1.7335,-0.014133256417652174
2018-10-31,1.735,1.754,-0.010832383124287248
2018-11-01,1.745,1.7731,-0.01584794991822225
2018-11-02,1.763,1.7546,0.00478741593525589
2018-11-05,1.744,1.7543,-0.0058712876930969715
2018-11-06,1.763,1.7679,-0.0027716499802025174
2018-11-07,1.772,1.805,-0.018282548476454274
2018-11-08,1.807,1.8038,0.001774032597848807
2018-11-09,1.799,1.7915,0.004186435947529876
2018-11-12,1.797,1.7599,0.02108074322404674
2018-11-13,1.759,1.7612,-0.001249148307971959
2018-11-14,1.76,1.7424,0.010101010101010166
2018-11-15,1.745,1.7612,-0.009198273904156284
2018-11-16,1.749,1.7648,-0.008952855847688013
2018-11-19,1.754,1.7321,0.01264361180070428
2018-11-20,1.729,1.7014,0.01622193487715995
2018-11-21,1.704,1.7108,-0.003974748655599769
2018-11-22,1.703,1.7108,-0.00455927051671734
2018-11-23,1.699,1.696,0.001768867924528461
2018-11-26,1.703,1.7262,-0.01343992584868492
2018-11-27,1.715,1.7322,-0.009929569333795074
2018-11-28,1.729,1.7728,-0.024706678700360918
2018-11-29,1.753,1.7656,-0.007136384231989257
2018-11-30,1.762,1.78,-0.010112359550561778
2018-12-03,1.8,1.8009,-0.0004997501249375258
2018-12-04,1.769,1.7306,0.02218883624176593
2018-12-05,1.734,1.7306,0.0019646365422396617
2018-12-06,1.709,1.7198,-0.00627979997674144
2018-12-07,1.721,1.6818,0.0233083600903794
2018-12-10,1.673,1.6854,-0.007357303904117707
2018-12-11,1.688,1.6924,-0.002599858189553328
2018-12-12,1.696,1.7031,-0.004168868533850123
2018-12-13,1.7,1.6956,0.0025949516395376016
2018-12-14,1.683,1.6638,0.011539848539487974
2018-12-17,1.669,1.6337,0.021607394258431833
2018-12-18,1.633,1.6322,0.0004901360127433918
2018-12-19,1.629,1.6077,0.013248740436648587
2018-12-20,1.593,1.5845,0.005364468286525703
2018-12-21,1.588,1.5499,0.02458223111168456
2018-12-24,1.555,1.5116,0.028711299285525183
2018-12-25,1.499,1.5116,-0.008335538502249218
2018-12-26,1.496,1.5814,-0.05400278234475775
2018-12-27,1.567,1.5963,-0.01835494581219077
2018-12-28,1.576,1.5885,-0.007869058860560219
2019-01-02,1.573,1.6004,-0.01712071982004504
2019-01-03,1.572,1.5645,0.004793863854266611
2019-01-04,1.57,1.6179,-0.029606279745348796
2019-01-07,1.607,1.6276,-0.01265667240108137
2019-01-08,1.625,1.6407,-0.00956908636557574
2019-01-09,1.639,1.6507,-0.007087902102138499
2019-01-10,1.621,1.6495,-0.017277963019096676
2019-01-11,1.635,1.6434,-0.005111354508944843
2019-01-14,1.621,1.6266,-0.0034427640477069366
2019-01-15,1.631,1.6436,-0.0076660988074956915
2019-01-16,1.64,1.649,-0.005457853244390631
2019-01-17,1.632,1.661,-0.017459361830222786
2019-01-18,1.663,1.6847,-0.012880631566451028
2019-01-21,1.678,1.6847,-0.003976969193328239
2019-01-22,1.672,1.6653,0.00402329910526622
2019-01-23,1.659,1.6718,-0.0076564182318458185
2019-01-24,1.66,1.67,-0.005988023952095856
2019-01-25,1.665,1.6874,-0.013274860732487848
2019-01-28,1.659,1.6629,-0.0023453003788562743
2019-01-29,1.65,1.6578,-0.004705030763662688
2019-01-30,1.649,1.6833,-0.02037664112160642
2019-01-31,1.669,1.6902,-0.012542894332031596
2019-02-01,1.691,1.6932,-0.0012993149066855558
2019-02-11,1.698,1.7058,-0.0045726345409778935
2019-02-12,1.709,1.7346,-0.014758445751181792
2019-02-13,1.727,1.7376,-0.006100368324125194
2019-02-14,1.731,1.7353,-0.0024779577018382293
2019-02-15,1.72,1.7514,-0.017928514331392087
2019-02-18,1.748,1.7514,-0.00194130409957749
2019-02-19,1.748,1.7544,-0.00364797081623347
2019-02-20,1.737,1.7555,-0.010538308174309341
2019-02-21,1.744,1.7407,0.001895789050382124
2019-02-22,1.739,1.7501,-0.006342494714587699
2019-02-25,1.74,1.7518,-0.006735928758990761
2019-02-26,1.733,1.7457,-0.007275018617173612
2019-02-27,1.732,1.7425,-0.006025824964131954
2019-02-28,1.728,1.739,-0.006325474410580845
2019-03-01,1.743,1.7525,-0.005420827389443605
2019-03-04,1.75,1.7477,0.0013160153344395908
2019-03-05,1.737,1.7446,-0.004356299438266542
2019-03-06,1.735,1.7345,0.0002882675122515277
2019-03-07,1.721,1.7222,-0.0006967831842991101
2019-03-08,1.709,1.7215,-0.007261109497531226
2019-03-11,1.716,1.7457,-0.017013232514177745
2019-03-12,1.739,1.749,-0.005717552887364197
2019-03-13,1.737,1.761,-0.01362862010221455
2019-03-14,1.753,1.7571,-0.0023333902452906674
2019-03-15,1.755,1.7702,-0.008586600384137388
2019-03-18,1.761,1.7746,-0.007663698861715362
2019-03-19,1.769,1.7737,-0.0026498280430738985
2019-03-20,1.765,1.7694,-0.0024867186616933656
2019-03-21,1.749,1.782,-0.01851851851851849
2019-03-22,1.78,1.7507,0.016736162677785993
2019-03-25,1.74,1.7532,-0.007529089664613298
2019-03-26,1.75,1.7643,-0.00810519752876493
2019-03-27,1.763,1.7587,0.0024449877750611915
2019-03-28,1.75,1.7684,-0.01040488577244969
2019-03-29,1.762,1.7821,-0.011278828348577519
2019-04-01,1.777,1.7987,-0.012064268638461106
2019-04-02,1.788,1.7978,-0.005451106908443637
2019-04-03,1.798,1.8026,-0.002551869521801753
2019-04-04,1.797,1.8029,-0.003272505407953874
2019-04-08,1.819,1.817,0.0011007154650521933
2019-04-09,1.811,1.805,0.003324099722991747
2019-04-10,1.798,1.8105,-0.006904170118751662
2019-04-11,1.806,1.8099,-0.0021548151831592977
2019-04-12,1.809,1.8256,-0.009092900964066564
2019-04-15,1.815,1.8215,-0.0035684875102937053
2019-04-16,1.825,1.8219,0.001701520390800848
2019-04-17,1.82,1.8181,0.0010450470271161638
2019-04-18,1.806,1.8158,-0.005397070161912154
2019-04-19,1.816,1.8158,0.00011014428901856554
2019-04-22,1.816,1.8207,-0.0025814247267533785
2019-04-23,1.821,1.8381,-0.009303084707034448
2019-04-24,1.838,1.8373,0.00038099384967082983
2019-04-25,1.837,1.8392,-0.0011961722488038617
2019-04-26,1.839,1.8479,-0.004816277937117919
2019-04-29,1.853,1.8498,0.0017299167477564659
2019-04-30,1.858,1.851,0.0037817396002162162
2019-05-06,1.829,1.8445,-0.008403361344537896
2019-05-07,1.849,1.8213,0.015208916707846187
2019-05-08,1.816,1.818,-0.0011001100110010764
2019-05-09,1.816,1.8147,0.000716371852096831
2019-05-10,1.817,1.8285,-0.0062893081761006275
2019-05-13,1.826,1.785,0.02296918767507017
2019-05-14,1.804,1.8103,-0.0034800861735623245
2019-05-15,1.819,1.8285,-0.00519551544982233
2019-05-16,1.819,1.846,-0.014626218851571005
2019-05-17,1.842,1.8396,0.001304631441617854
2019-05-20,1.841,1.8305,0.005736137667303964
2019-05-21,1.833,1.8459,-0.0069884609133756825
2019-05-22,1.837,1.8407,-0.002010104851415284
2019-05-23,1.824,1.819,0.002748763056624526
2019-05-24,1.814,1.8218,-0.0042814798550884214
2019-05-27,1.815,1.8218,-0.0037325721813591395
2019-05-28,1.821,1.8058,0.00841732196256495
2019-05-29,1.792,1.7935,-0.0008363534987455568
2019-05-30,1.789,1.7976,-0.004784156653315663
2019-05-31,1.774,1.7742,-0.00011272686281138533
2019-06-03,1.757,1.7667,-0.005490462444104893
2019-06-04,1.763,1.8026,-0.021968268057250717
2019-06-05,1.803,1.8195,-0.009068425391591028
2019-06-06,1.814,1.8323,-0.009987447470392374
2019-06-10,1.857,1.8596,-0.0013981501398149243
2019-06-11,1.858,1.8589,-0.0004841572973263153
2019-06-12,1.847,1.8552,-0.004420008624407057
2019-06-13,1.847,1.8633,-0.008747920356356964
2019-06-14,1.856,1.8606,-0.0024723207567450833
2019-06-17,1.859,1.8622,-0.0017183975942434149
2019-06-18,1.856,1.8804,-0.012975962561157184
2019-06-19,1.872,1.8846,-0.006685768863419317
2019-06-20,1.882,1.9,-0.0094736842105263
2019-06-21,1.881,1.8884,-0.003918661300571946
2019-06-24,1.886,1.886,0.0
2019-06-25,1.878,1.87,0.004278074866310044
2019-06-26,1.863,1.871,-0.00427578834847675
2019-06-27,1.87,1.8805,-0.005583621377293291
2019-06-28,1.866,1.8902,-0.012802878002327822
2019-07-01,1.911,1.9037,0.0038346378105793555
2019-07-02,1.903,1.9036,-0.0003151922672830487
2019-07-03,1.909,1.9223,-0.006918795193257998
2019-07-04,1.925,1.9223,0.0014045674452478618
2019-07-05,1.922,1.9203,0.0008852783419257548
2019-07-08,1.911,1.9161,-0.0026616564897447015
2019-07-09,1.902,1.9183,-0.008497106813324273
2019-07-10,1.908,1.9271,-0.009911265632297273
2019-07-11,1.925,1.9265,-0.0007786140669608921
2019-07-12,1.933,1.935,-0.001033591731266159
2019-07-15,1.942,1.9356,0.0033064682785699517
2019-07-16,1.937,1.93,0.0036269430051814044
2019-07-17,1.925,1.9205,0.0023431398073419096
2019-07-18,1.907,1.9257,-0.009710754530819932
2019-07-19,1.927,1.9104,0.008689279731993294
2019-07-22,1.918,1.9191,-0.0005731853472982218
2019-07-23,1.926,1.9337,-0.003982003413145807
2019-07-24,1.935,1.9439,-0.0045784248160912755
2019-07-25,1.945,1.9304,0.007563199336925175
2019-07-26,1.939,1.946,-0.003597122302158251
2019-07-29,1.949,1.9435,0.0028299459737586297
2019-07-30,1.949,1.9396,0.0048463600742421065
2019-07-31,1.947,1.918,0.015119916579770631
2019-08-01,1.926,1.9034,0.011873489545024762
2019-08-02,1.921,1.8914,0.015649783229354064
2019-08-05,1.92,1.8408,0.0430247718383312
2019-08-06,1.88,1.8769,0.0016516596515530058
2019-08-07,1.892,1.8862,0.0030749655391792974
2019-08-08,1.905,1.9233,-0.009514896272032392
2019-08-09,1.929,1.913,0.008363826450601186
2019-08-12,1.933,1.8922,0.021562202726984392
2019-08-13,1.903,1.9232,-0.010503327787021677
2019-08-14,1.919,1.8668,0.02796228840797088
2019-08-15,1.88,1.8705,0.005078855920876757
2019-08-16,1.884,1.8989,-0.007846648059402939
2019-08-19,1.916,1.9229,-0.0035883301263717193
2019-08-20,1.925,1.9101,0.007800638710015351
2019-08-21,1.912,1.9255,-0.007011165930927099
2019-08-22,1.929,1.9259,0.0016096370528064785
2019-08-23,1.938,1.8784,0.031729131175468384
2019-08-26,1.899,1.8989,5.266206751275426e-05
2019-08-27,1.923,1.8985,0.01290492494074269
2019-08-28,1.918,1.9118,0.0032430170519928136
2019-08-29,1.926,1.9367,-0.005524861878453136
2019-08-30,1.945,1.938,0.003611971104231282
2019-09-02,1.943,1.938,0.0025799793601650745
2019-09-03,1.94,1.9247,0.007949290798565878
2019-09-04,1.951,1.9455,0.002827036751477774
2019-09-05,1.96,1.9701,-0.005126643317598045
2019-09-06,1.972,1.9722,-0.00010140959334747901
2019-09-09,1.975,1.9718,0.001622882645298862
2019-09-10,1.964,1.9722,-0.004157793327248749
2019-09-11,1.968,1.9864,-0.009262988320579923
2019-09-12,1.983,1.9925,-0.004767879548306042
2019-09-16,1.968,1.9799,-0.006010404565887195
2019-09-17,1.975,1.987,-0.006039255158530432
2019-09-18,1.979,1.9875,-0.004276729559748449
2019-09-19,1.981,1.9877,-0.003370729989434995
2019-09-20,1.982,1.9778,0.0021235716452623343
2019-09-23,1.982,1.9779,0.002072905606956832
2019-09-24,1.981,1.961,0.010198878123406363
2019-09-25,1.966,1.9728,-0.0034468775344688174
2019-09-26,1.974,1.9682,0.0029468549944111633
2019-09-27,1.974,1.958,0.008171603677221695
2019-09-30,1.97,1.9677,0.0011688773695177623
2019-10-08,1.951,1.9126,0.02007738157481964
2019-10-09,1.927,1.9306,-0.0018647052729721114
2019-10-10,1.93,1.9432,-0.006792918896665334
2019-10-11,1.95,1.9643,-0.007279947054930513
2019-10-14,1.959,1.9613,-0.0011726915821138606
2019-10-15,1.963,1.9803,-0.008736050093420156
2019-10-16,1.974,1.9774,-0.0017194295539597615
2019-10-17,1.967,1.9841,-0.008618517211834043
2019-10-18,1.968,1.9736,-0.0028374543980543843
2019-10-21,1.967,1.9868,-0.00996577410912014
2019-10-22,1.98,1.9793,0.0003536603849845221
2019-10-23,1.968,1.9874,-0.009761497433833144
2019-10-24,1.977,1.9903,-0.0066824096869817495
2019-10-25,1.979,1.999,-0.010005002501250582
2019-10-28,1.989,2.0103,-0.010595433517385455
2019-10-29,1.998,2.0045,-0.0032427039161886384
2019-10-30,1.997,2.0103,-0.006615927970949564
2019-10-31,1.999,2.0027,-0.0018475058670793798
2019-11-01,2.0,2.0192,-0.009508716323296418
2019-11-04,2.011,2.025,-0.006913580246913464
2019-11-05,2.015,2.0226,-0.0037575398002571703
2019-11-06,2.002,2.0156,-0.006747370510021944
2019-11-07,2.006,2.0198,-0.006832359639568408
2019-11-08,2.004,2.0233,-0.00953887213957394
2019-11-11,2.009,2.0189,-0.004903660409133703
2019-11-12,2.017,2.0237,-0.003310767406236037
2019-11-13,2.016,2.0263,-0.005083156492128538
2019-11-14,2.023,2.03,-0.0034482758620687504
2019-11-15,2.03,2.0461,-0.007868628121792787
2019-11-18,2.058,2.0456,0.006061791161517283
2019-11-19,2.082,2.0442,0.0184913413560317
2019-11-20,2.053,2.0394,0.006668628027851176
2019-11-21,2.035,2.0391,-0.0020106909911233872
2019-11-22,2.037,2.046,-0.004398826979472137
2019-11-25,2.05,2.0639,-0.006734822423567044
2019-11-26,2.065,2.067,-0.0009675858732464127
2019-11-27,2.072,2.0757,-0.0017825311942958333
2019-11-28,2.082,2.0757,0.003035120682179482
2019-11-29,2.084,2.0662,0.008614848514180817
2019-12-02,2.107,2.0472,0.029210629152012446
2019-12-03,2.073,2.0324,0.019976382601849973
2019-12-04,2.049,2.0495,-0.00024396194193709864
2019-12-05,2.051,2.057,-0.002916869227029495
2019-12-06,2.058,2.0717,-0.006612926582034051
2019-12-09,2.077,2.0657,0.005470300624485613
2019-12-10,2.07,2.0635,0.00314998788466192
2019-12-11,2.068,2.069,-0.0004833252779119501
2019-12-12,2.08,2.0829,-0.0013922895962359405
2019-12-13,2.086,2.0807,0.0025472196856826113
2019-12-16,2.09,2.0883,0.0008140592826701987
2019-12-17,2.102,2.0903,0.0055972826866956815
2019-12-18,2.091,2.0897,0.0006220988658660609
2019-12-19,2.084,2.1005,-0.007855272554153636
2019-12-20,2.097,2.1105,-0.006396588486140775
2019-12-23,2.114,2.115,-0.0004728132387707973
2019-12-24,2.115,2.1147,0.0001418640941979188
2019-12-25,2.107,2.1147,-0.0036411784177423634
2019-12-26,2.118,2.1161,0.0008978781721091789
2019-12-27,2.13,2.1182,0.005570767632895768
2019-12-30,2.125,2.104,0.009980988593155882
2019-12-31,2.111,2.1088,0.0010432473444614843
2020-01-02,2.129,2.1222,0.003204222033738713
2020-01-03,2.151,2.1094,0.01972124774817474
2020-01-06,2.109,2.1176,-0.004061201360030187
2020-01-07,2.118,2.1111,0.0032684382549381663
2020-01-08,2.092,2.1146,-0.010687600491818605
2020-01-09,2.117,2.1303,-0.006243252124114029
2020-01-10,2.139,2.1198,0.009057458250778305
2020-01-13,2.133,2.1318,0.0005629045876722749
2020-01-14,2.148,2.1195,0.013446567586695046
2020-01-15,2.141,2.12,0.009905660377358405
2020-01-16,2.129,2.1363,-0.0034171230632401572
2020-01-17,2.136,2.1468,-0.005030743432084872
2020-01-20,2.138,2.1468,-0.004099124277995081
2020-01-21,2.138,2.1323,0.0026731698166300166
2020-01-22,2.155,2.1406,0.006727085863776461
2020-01-23,2.148,2.1439,0.0019124026307197894
2020-02-03,2.115,2.106,0.00427350427350448
2020-02-04,2.129,2.1537,-0.011468635371685965
2020-02-05,2.142,2.1792,-0.017070484581497736
2020-02-06,2.18,2.1918,-0.005383702892599707
2020-02-07,2.185,2.1734,0.005337259593264143
2020-02-10,2.189,2.1927,-0.001687417339353181
2020-02-11,2.219,2.1974,0.00982979885319013
2020-02-12,2.258,2.2061,0.023525678799691585
2020-02-13,2.349,2.2052,0.06520950480682042
2020-02-14,2.248,2.2113,0.01659657215212773
2020-02-17,2.262,2.2113,0.022927689594356204
2020-02-18,2.23,2.204,0.011796733212341204
2020-02-19,2.223,2.2205,0.0011258725512270917
2020-02-20,2.238,2.2123,0.011616869321520618
2020-02-21,2.216,2.1949,0.009613194222971577
2020-02-24,2.168,2.1224,0.02148511119487395
2020-02-25,2.167,2.0579,0.05301520967977047
2020-02-26,2.11,2.0467,0.030927835051546282
2020-02-27,2.098,1.9587,0.07111859907081208
2020-02-28,2.03,1.9395,0.04666151069863367
2020-03-02,2.069,2.0196,0.02446028916617138
2020-03-03,2.059,1.9561,0.052604672562752475
2020-03-04,2.034,2.0383,-0.002109601138203465
2020-03-05,2.062,1.9667,0.048456805816850634
2020-03-06,2.017,1.9315,0.044266114418845426
2020-03-09,1.907,1.784,0.06894618834080712
2020-03-10,1.965,1.8742,0.04844733753067976
2020-03-11,1.929,1.7891,0.07819574087530046
2020-03-12,1.86,1.6199,0.14821902586579427
2020-03-13,1.823,1.7804,0.023927207369130565
2020-03-16,1.779,1.5679,0.13463868869188067
2020-03-17,1.764,1.6614,0.06175514626218859
2020-03-18,1.705,1.5822,0.07761344962710148
2020-03-19,1.7,1.5931,0.06710187684388935
2020-03-20,1.758,1.5361,0.14445674109758477
2020-03-23,1.652,1.4889,0.10954395862717448
2020-03-24,1.717,1.6297,0.05356814137571342
2020-03-25,1.785,1.6428,0.08655953250547843
2020-03-26,1.764,1.7437,0.011641910879164996
2020-03-27,1.768,1.6789,0.05307046280302585
2020-03-30,1.74,1.7358,0.0024196335983408535
2020-03-31,1.764,1.718,0.02677532013969741
2020-04-01,1.725,1.6401,0.05176513627217871
2020-04-02,1.743,1.6835,0.03534303534303551
2020-04-03,1.725,1.661,0.03853100541842269
2020-04-07,1.81,1.77,0.02259887005649719
2020-04-08,1.796,1.8189,-0.012590026939358956
2020-04-09,1.849,1.847,0.0010828370330264736
2020-04-10,1.847,1.847,0.0
2020-04-13,1.831,1.8225,0.004663923182441687
2020-04-14,1.867,1.8811,-0.007495614268247297
2020-04-15,1.882,1.8394,0.02315972599760796
2020-04-16,1.871,1.858,0.006996770721205525
2020-04-17,1.912,1.9083,0.0019388984960435618
2020-04-20,1.912,1.8718,0.0214766534886206
2020-04-21,1.873,1.8174,0.03059315505667448
2020-04-22,1.852,1.8627,-0.005744349600042886
2020-04-23,1.871,1.861,0.005373455131649552
2020-04-24,1.859,1.885,-0.01379310344827589
2020-04-27,1.898,1.9097,-0.006126616746085833
2020-04-28,1.916,1.9004,0.008208798147758323
2020-04-29,1.931,1.9506,-0.010048190300420257
2020-04-30,1.971,1.9286,0.021984859483563213
2020-05-06,1.947,1.8893,0.030540411792727484
2020-05-07,1.923,1.9187,0.002241100745296265
2020-05-08,1.941,1.9475,-0.003337612323491612
2020-05-11,1.962,1.9469,0.007755919667163047
2020-05-12,1.934,1.9108,0.012141511408833905
2020-05-13,1.912,1.8768,0.018755328218243772
2020-05-14,1.883,1.9007,-0.009312358604724569
2020-05-15,1.908,1.9071,0.0004719207173193851
2020-05-18,1.936,1.9703,-0.0174085164695732
2020-05-19,1.986,1.9466,0.02024041919243813
2020-05-20,1.963,1.9806,-0.008886196102191213
2020-05-21,1.968,1.9624,0.002853648593558855
2020-05-22,1.954,1.9696,-0.007920389926888705
2020-05-25,1.987,1.9696,0.008834281072299
2020-05-26,2.019,2.0038,0.007585587383970527
2020-05-27,2.019,2.0276,-0.0042414677451173555
2020-05-28,2.043,2.0291,0.0068503277315066224
2020-05-29,2.029,2.0397,-0.0052458694906113434
2020-06-01,2.033,2.0473,-0.006984809260977887
2020-06-02,2.036,2.0597,-0.011506530077195598
2020-06-03,2.062,2.0852,-0.01112603107615584
2020-06-04,2.07,2.0769,-0.0033222591362127574
2020-06-05,2.087,2.1299,-0.02014179069439881
2020-06-08,2.117,2.153,-0.016720854621458447
2020-06-09,2.147,2.1312,0.007413663663663472
2020-06-10,2.142,2.1196,0.010568031704095038
2020-06-11,2.084,1.9925,0.04592220828105398
2020-06-12,2.02,2.0258,-0.002863066442886697
2020-06-15,1.961,2.0441,-0.040653588376302396
2020-06-16,2.058,2.0785,-0.009862881885975505
2020-06-17,2.079,2.0741,0.0023624704691191933
2020-06-18,2.06,2.0758,-0.007611523268137632
2020-06-19,2.072,2.0636,0.004070556309362372
2020-06-22,2.049,2.0767,-0.013338469687485088
2020-06-23,2.066,2.0798,-0.0066352533897491295
2020-06-24,2.071,2.0229,0.023777744821790625
2020-06-29,2.006,2.0321,-0.012843856109443386
2020-06-30,2.013,2.0628,-0.024141942990110632
2020-07-01,2.043,2.0705,-0.013281815986476597
2020-07-02,2.059,2.0764,-0.008379888268156388
2020-07-03,2.071,2.0764,-0.0026006549797725764
2020-07-06,2.086,2.1117,-0.012170289340341922
2020-07-07,2.068,2.0782,-0.004908093542488556
2020-07-08,2.059,2.0914,-0.015492014918236596
2020-07-09,2.062,2.0763,-0.006887251360593316
2020-07-10,2.037,2.0939,-0.027174172596590163
2020-07-13,2.088,2.0746,0.00645907644847199
2020-07-14,2.072,2.1034,-0.014928211467148511
2020-07-15,2.103,2.1222,-0.009047215154085242
2020-07-16,2.095,2.1125,-0.008284023668638896
2020-07-17,2.106,2.1227,-0.007867338766665122
2020-07-20,2.097,2.1368,-0.018625982777985772
2020-07-21,2.132,2.1383,-0.0029462657251086988
2020-07-22,2.126,2.1458,-0.009227327803150387
2020-07-23,2.148,2.1258,0.010443127293254362
2020-07-24,2.107,2.1132,-0.0029339390497822304
2020-07-27,2.109,2.1316,-0.010602364421092192
2020-07-28,2.121,2.1139,0.003358720847722152
2020-07-29,2.116,2.1423,-0.012276525229893087
2020-07-30,2.124,2.1328,-0.004126031507876937
2020-07-31,2.134,2.1473,-0.006193824803241377
2020-08-03,2.136,2.1666,-0.014123511492661223
2020-08-04,2.154,2.1688,-0.006824050165990525
2020-08-05,2.161,2.1806,-0.008988351829771646
2020-08-06,2.176,2.1846,-0.003936647441179164
2020-08-07,2.199,2.1854,0.006223117049510396
2020-08-10,2.213,2.1988,0.006458068037111353
2020-08-11,2.205,2.1835,0.009846576597206447
2020-08-12,2.187,2.2104,-0.010586319218241047
2020-08-13,2.212,2.2012,0.0049064146829003175
2020-08-14,2.212,2.1999,0.005500250011364338
2020-08-17,2.212,2.2046,0.003356617980586174
2020-08-18,2.209,2.2088,9.05469032959072e-05
2020-08-19,2.222,2.1945,0.012531328320801949
2020-08-20,2.196,2.2046,-0.0039009344098702714
2020-08-21,2.206,2.2069,-0.0004078118627940386
2020-08-24,2.227,2.2318,-0.002150730352182051
2020-08-25,2.284,2.2396,0.019824968744418747
2020-08-26,2.259,2.259,0.0
2020-08-27,2.289,2.2571,0.014133179743919255
2020-08-28,2.306,2.2719,0.015009463444693782
2020-08-31,2.326,2.2577,0.030252026398547294
2020-09-01,2.295,2.2712,0.010479041916167775
2020-09-02,2.334,2.3018,0.013989052046224693
2020-09-03,2.465,2.2196,0.11056046134438646
2020-09-04,2.317,2.2022,0.05212968849332489
2020-09-07,2.21,2.2022,0.0035419126328217754
2020-09-08,2.251,2.1416,0.051083302203959624
2020-09-09,2.168,2.1866,-0.00850635690112489
2020-09-10,2.195,2.1453,0.023166923041066267
2020-09-11,2.173,2.1479,0.011685832673774543
2020-09-14,2.176,2.1749,0.0005057703802473501
2020-09-15,2.178,2.1821,-0.0018789239723203677
2020-09-16,2.189,2.1595,0.013660569576290804
2020-09-17,2.146,2.1367,0.0043525062011513516
2020-09-18,2.154,2.1103,0.020707956214756074
2020-09-21,2.126,2.0858,0.01927318055422389
2020-09-22,2.099,2.1157,-0.007893368625041197
2020-09-23,2.12,2.0695,0.02440202947571879
2020-09-24,2.072,2.0769,-0.0023592854735423607
2020-09-25,2.089,2.1125,-0.011124260355029558
2020-09-28,2.124,2.1507,-0.012414562700516107
2020-09-29,2.147,2.138,0.004209541627689273
2020-09-30,2.124,2.1531,-0.013515396405183067
2020-10-09,2.192,2.2173,-0.01141027375637016
2020-10-12,2.207,2.2315,-0.010979161998655673
2020-10-13,2.243,2.2228,0.009087637214324262
2020-10-14,2.234,2.2139,0.009079000858214004
2020-10-15,2.199,2.2073,-0.00376025007928249
2020-10-16,2.21,2.2057,0.0019494944915445789
2020-10-19,2.212,2.1599,0.024121487105884576
2020-10-20,2.176,2.1673,0.004014211230563447
2020-10-21,2.182,2.1582,0.01102770827541466
2020-10-22,2.155,2.1622,-0.0033299417260198583
2020-10-23,2.173,2.174,-0.00045998160073590366
2020-10-26,2.161,2.1344,0.012462518740629758
2020-10-27,2.155,2.1362,0.008800674094185723
2020-10-28,2.126,2.0669,0.0285935458899802
2020-10-29,2.088,2.0936,-0.0026748184944592746
2020-10-30,2.048,2.0677,-0.009527494317357332
2020-11-02,2.068,2.0874,-0.00929385838842578
2020-11-03,2.106,2.1217,-0.007399726634302772
2020-11-04,2.14,2.1625,-0.010404624277456587
2020-11-05,2.167,2.209,-0.019013128112268074
2020-11-06,2.176,2.1889,-0.005893371099638944
2020-11-09,2.21,2.209,0.00045269352648258376
2020-11-10,2.2,2.1988,0.0005457522284884053
2020-11-11,2.21,2.2213,-0.005087111151127699
2020-11-12,2.214,2.2048,0.004172714078374495
2020-11-13,2.212,2.2366,-0.010998837521237537
2020-11-16,2.242,2.2545,-0.005544466622311006
2020-11-17,2.234,2.2346,-0.0002685044303231132
2020-11-18,2.212,2.2036,0.003811944091486774
2020-11-19,2.211,2.2088,0.0009960159362549792
2020-11-20,2.202,2.2035,-0.000680735194009574
2020-11-23,2.199,2.2138,-0.0066853374288554646
2020-11-24,2.232,2.2525,-0.009100998890121947
2020-11-25,2.249,2.2469,0.0009346210334237881
2020-11-26,2.249,2.2469,0.0009346210334237881
2020-11-27,2.243,2.2526,-0.004261741987037326
2020-11-30,2.232,2.2434,-0.00508157261299802
2020-12-01,2.256,2.2733,-0.007610082259270734
2020-12-02,2.25,2.267,-0.007498897220996836
2020-12-03,2.259,2.2652,-0.0027370651598094264
2020-12-04,2.253,2.2824,-0.01288117770767605
2020-12-07,2.262,2.2728,-0.0047518479408659164
2020-12-08,2.257,2.2778,-0.009131618228114813
2020-12-09,2.277,2.2594,0.007789678675754752
2020-12-10,2.264,2.2619,0.0009284230072064137
2020-12-11,2.265,2.2565,0.0037668956348326788
2020-12-14,2.272,2.2454,0.011846441613966308
2020-12-15,2.252,2.2769,-0.010935921647854618
2020-12-16,2.27,2.2782,-0.0035993328066017405
2020-12-17,2.278,2.2915,-0.005891337551822029
2020-12-18,2.285,2.2822,0.0012268863377442596
2020-12-21,2.279,2.2806,-0.0007015697623433681
2020-12-22,2.258,2.2718,-0.006074478387181892
2020-12-23,2.26,2.2793,-0.008467511955425056
2020-12-24,2.266,2.2809,-0.006532509097286088
2020-12-25,2.272,2.2809,-0.0039019685211978405
2020-12-28,2.283,2.2963,-0.005791926142054593
2020-12-29,2.304,2.2985,0.00239286491189894
2020-12-30,2.289,2.2974,-0.003656307129798919
2020-12-31,2.292,2.3097,-0.007663332900376685
2021-01-04,2.28,2.2809,-0.0003945810864133259
2021-01-05,2.245,2.2751,-0.013230187684057815
2021-01-06,2.249,2.2827,-0.014763218995049732
2021-01-07,2.283,2.3171,-0.014716671701696105
2021-01-08,2.318,2.3337,-0.006727514247760968
2021-01-11,2.308,2.3201,-0.0052152924442913084
2021-01-12,2.312,2.323,-0.00473525613430914
2021-01-13,2.306,2.3207,-0.00633429568664623
2021-01-14,2.321,2.317,0.0017263703064307467
2021-01-15,2.301,2.2965,0.0019595035924233617
2021-01-18,2.294,2.2965,-0.0010886131069017813
2021-01-19,2.311,2.3237,-0.005465421526014591
2021-01-20,2.307,2.3545,-0.020174134635803753
2021-01-21,2.347,2.3503,-0.0014040760753946113
2021-01-22,2.335,2.3403,-0.0022646669230440564
2021-01-25,2.348,2.356,-0.00339558573853993
2021-01-26,2.327,2.3534,-0.011217812526557402
2021-01-27,2.338,2.2863,0.022612955430171056
2021-01-28,2.277,2.3152,-0.016499654457498236
2021-01-29,2.281,2.2659,0.006664018712211561
2021-02-01,2.267,2.2991,-0.013961985124614107
2021-02-02,2.305,2.3351,-0.012890240246670404
2021-02-03,2.331,2.335,-0.0017130620985010836
2021-02-04,2.33,2.3584,-0.012042062415196786
2021-02-05,2.369,2.3717,-0.0011384239153349185
2021-02-08,2.37,2.3877,-0.007412991581857042
2021-02-09,2.384,2.3801,0.00163858661400762
2021-02-10,2.382,2.3741,0.0033275767659324273
2021-02-18,2.385,2.3827,0.0009652914760565068
2021-02-19,2.378,2.3815,-0.001469661977745007
2021-02-22,2.37,2.3607,0.003939509467530744
2021-02-23,2.37,2.362,0.003386960203217715
2021-02-24,2.351,2.3926,-0.017386943074479633
2021-02-25,2.39,2.3311,0.02526704131096902
2021-02-26,2.326,2.3269,-0.00038678069534581194
2021-03-01,2.343,2.3835,-0.016991818753933408
2021-03-02,2.377,2.3596,0.007374131208679469
2021-03-03,2.376,2.3267,0.02118880818326363
2021-03-04,2.327,2.3027,0.010552829287358234
2021-03-05,2.304,2.3527,-0.020699621711225524
2021-03-08,2.353,2.3361,0.0072342793544797335
2021-03-09,2.375,2.3886,-0.005693711797705725
2021-03-10,2.373,2.3947,-0.0090616778719671
2021-03-11,2.411,2.4147,-0.001532281442829242
2021-03-12,2.413,2.4131,-4.1440470763820514e-05
2021-03-15,2.428,2.4347,-0.0027518790816116745
2021-03-16,2.443,2.4316,0.0046882710972200314
2021-03-17,2.433,2.4365,-0.001436486763800704
2021-03-18,2.435,2.3964,0.016107494575196224
2021-03-19,2.405,2.4035,0.0006240898689409136
2021-03-22,2.405,2.4238,-0.00775641554583717
2021-03-23,2.416,2.3999,0.006708612858868923
2021-03-24,2.4,2.3939,0.002548143197293129
2021-03-25,2.399,2.4082,-0.0038202807075823353
2021-03-26,2.426,2.4517,-0.010482522331443533
2021-03-29,2.444,2.4507,-0.00273391275961965
2021-03-30,2.46,2.4514,0.003508199396263345
2021-03-31,2.448,2.4631,-0.006130485972960842
2021-04-01,2.473,2.4872,-0.005709231264072079
2021-04-02,2.497,2.4872,0.003940173689289006
2021-04-06,2.53,2.5185,0.004566210045662045
2021-04-07,2.526,2.5168,0.003655435473617352
2021-04-08,2.536,2.5308,0.0020546862652124354
2021-04-09,2.541,2.5482,-0.0028255238992229703
2021-04-12,2.558,2.5541,0.0015269566579225735
2021-04-13,2.557,2.5577,-0.0002736833874183997
2021-04-14,2.569,2.5439,0.009866740044813138
2021-04-15,2.564,2.5695,-0.002140494259583625
2021-04-16,2.583,2.5783,0.0018229065663422084
2021-04-19,2.58,2.5623,0.00690785622292478
2021-04-20,2.56,2.5399,0.00791369738966119
2021-04-21,2.543,2.5612,-0.0071060440418553306
2021-04-22,2.558,2.5322,0.01018876865966356
2021-04-23,2.535,2.561,-0.01015228426395931
2021-04-26,2.56,2.5646,-0.0017936520315058324
2021-04-27,2.573,2.5644,0.003353610981126076
2021-04-28,2.569,2.5595,0.003711662434069174
2021-04-29,2.58,2.5714,0.0033444816053511683
2021-04-30,2.58,2.5513,0.011249167091286871
2021-05-06,2.566,2.5725,-0.0025267249757044974
2021-05-07,2.579,2.5832,-0.00162589036853511
2021-05-10,2.585,2.5463,0.01519852334760241
2021-05-11,2.546,2.5176,0.011280584683825756
2021-05-12,2.527,2.4639,0.025609805592759383
2021-05-13,2.48,2.5077,-0.011045978386569288
2021-05-14,2.518,2.5418,-0.00936344322920768
2021-05-17,2.538,2.5267,0.00447223651403017
2021-05-18,2.545,2.5073,0.0150360946037571
2021-05-19,2.504,2.4963,0.003084565156431518
2021-05-20,2.501,2.5308,-0.011774932827564477
2021-05-21,2.533,2.5226,0.004122730516133988
2021-05-24,2.537,2.5518,-0.0057998275726938164
2021-05-25,2.551,2.5416,0.003698457664463417
2021-05-26,2.54,2.5391,0.00035445630341457424
2021-05-27,2.522,2.5396,-0.00693022523232012
2021-05-28,2.537,2.535,0.0007889546351083077
2021-05-31,2.532,2.535,-0.0011834319526627946
2021-06-01,2.534,2.5223,0.0046386234785711355
2021-06-02,2.533,2.5341,-0.0004340791602541749
2021-06-03,2.537,2.5267,0.004076463371195604
2021-06-04,2.533,2.5592,-0.010237574241950709
2021-06-07,2.557,2.5528,0.001645252272014952
2021-06-08,2.557,2.5511,0.0023127278428913822
2021-06-09,2.558,2.5483,0.003806459208099522
2021-06-10,2.549,2.5608,-0.004607935020306209
2021-06-11,2.557,2.5612,-0.001639856317351196
2021-06-15,2.573,2.5696,0.0013231631382315534
2021-06-16,2.564,2.5556,0.0032868993582719774
2021-06-17,2.551,2.5632,-0.004759675405742847
2021-06-18,2.563,2.532,0.012243285939968374
2021-06-21,2.529,2.5747,-0.017749640734842975
2021-06-22,2.577,2.5905,-0.005211349160393786
2021-06-23,2.6,2.5879,0.004675605703466257
2021-06-24,2.596,2.6112,-0.005821078431372584
2021-06-25,2.603,2.6167,-0.005235602094240677
2021-06-28,2.608,2.6158,-0.002981879348574079
2021-06-29,2.609,2.6162,-0.0027520831740692753
2021-06-30,2.616,2.6211,-0.001945747968410294
2021-07-01,2.623,2.6392,-0.006138223704152734
2021-07-02,2.645,2.6593,-0.005377354943030155
2021-07-05,2.659,2.6593,-0.00011281164216159212
2021-07-06,2.664,2.6497,0.005396837377816377
2021-07-07,2.66,2.6647,-0.0017638008030921304
2021-07-08,2.652,2.64,0.00454545454545463
2021-07-09,2.654,2.6717,-0.006624995321330984
2021-07-12,2.677,2.682,-0.0018642803877703118
2021-07-13,2.675,2.6714,0.0013476079958072429
2021-07-14,2.671,2.6767,-0.002129487802144392
2021-07-15,2.674,2.6613,0.0047721038590160525
2021-07-16,2.668,2.6437,0.00919166319930409
2021-07-19,2.646,2.6015,0.017105516048433467
2021-07-20,2.636,2.6471,-0.004193268104718317
2021-07-21,2.655,2.6676,-0.004723346828610087
2021-07-22,2.671,2.6657,0.0019882207300145893
2021-07-23,2.671,2.6927,-0.008058825713967432
2021-07-26,2.693,2.7036,-0.003920698328155003
2021-07-27,2.706,2.6896,0.0060975609756097615
2021-07-28,2.703,2.6968,0.0022990210619993068
2021-07-29,2.697,2.7089,-0.004392927018346815
2021-07-30,2.68,2.6806,-0.00022383048571217312
2021-08-02,2.704,2.6778,0.009784151168870103
2021-08-03,2.691,2.6976,-0.0024466192170818912
2021-08-04,2.7,2.6869,0.0048755070899551
2021-08-05,2.694,2.7045,-0.0038824181919023815
2021-08-06,2.708,2.7066,0.000517254119559718
2021-08-09,2.715,2.7129,0.0007740793984296612
2021-08-10,2.712,2.7157,-0.0013624479876274131
2021-08-11,2.716,2.7219,-0.002167603512252425
2021-08-12,2.718,2.7273,-0.0034099659003410387
2021-08-13,2.736,2.7336,0.0008779631255488862
2021-08-16,2.725,2.7372,-0.004457109454917396
2021-08-17,2.731,2.72,0.004044117647058698
2021-08-18,2.729,2.6971,0.01182751844573815
2021-08-19,2.685,2.698,-0.004818383988139274
2021-08-20,2.7,2.7253,-0.009283381646057243
2021-08-23,2.738,2.7479,-0.003602751191819187
2021-08-24,2.753,2.7452,0.002841323036572918
2021-08-25,2.744,2.748,-0.0014556040756914523
2021-08-26,2.746,2.7321,0.005087661505801311
2021-08-27,2.748,2.7617,-0.004960712604554995
2021-08-30,2.758,2.7658,-0.0028201605322148993
2021-08-31,2.78,2.7624,0.006371271358239117
2021-09-01,2.779,2.7634,0.005645219656944311
2021-09-02,2.762,2.7679,-0.0021315798981177414
2021-09-03,2.773,2.7663,0.002422007735964904
2021-09-06,2.77,2.7663,0.001337526660159627
2021-09-07,2.77,2.7549,0.005481142691204699
2021-09-08,2.757,2.7571,-3.6269993833992764e-05
2021-09-09,2.748,2.7422,0.002115090073663506
2021-09-10,2.749,2.7191,0.010996285535655126
2021-09-13,2.729,2.722,0.0025716385011020915
2021-09-14,2.728,2.707,0.0077576653121538275
2021-09-15,2.711,2.7296,-0.006814185228604996
2021-09-16,2.721,2.7188,0.0008091805208181313
2021-09-17,2.736,2.7017,0.012695710108450164
2021-09-22,2.68,2.6854,-0.002010873612869557
2021-09-23,2.701,2.7203,-0.007094805719957353
2021-09-24,2.718,2.7181,-3.6790405062436804e-05
2021-09-27,2.735,2.7143,0.007626275651180681
2021-09-28,2.709,2.6557,0.02007003803140428
2021-09-29,2.668,2.6622,0.002178649237472907
2021-09-30,2.683,2.6382,0.016981275111818572
2021-10-08,2.681,2.6798,0.0004477946115382103
2021-10-11,2.665,2.6561,0.0033507774556680303
2021-10-12,2.638,2.6484,-0.003926899259930616
2021-10-13,2.652,2.663,-0.004130679684566152
2021-10-14,2.676,2.7005,-0.009072394001110817
2021-10-15,2.71,2.7194,-0.003456644848128243
2021-10-18,2.71,2.7248,-0.00543159130945392
2021-10-19,2.728,2.7452,-0.006265481567827469
2021-10-20,2.735,2.7452,-0.0037155762785954227
2021-10-21,2.735,2.746,-0.004005826656955591
2021-10-22,2.747,2.749,-0.0007275372862860507
2021-10-25,2.747,2.7573,-0.0037355383890037563
2021-10-26,2.766,2.7608,0.001883512025499856
2021-10-27,2.764,2.7455,0.006738299034784179
2021-10-28,2.753,2.7767,-0.008535311700939907
2021-10-29,2.758,2.7802,-0.007985037047694377
2021-11-01,2.792,2.7971,-0.0018233170069000826
2021-11-02,2.786,2.7996,-0.00485783683383334
2021-11-03,2.805,2.8205,-0.005495479524906921
2021-11-04,2.82,2.8267,-0.002370255067747018
2021-11-05,2.832,2.839,-0.002465656921451287
2021-11-08,2.835,2.8403,-0.0018660000704151525
2021-11-09,2.834,2.8281,0.002086206286906478
2021-11-10,2.822,2.8072,0.0052721573097749275
2021-11-11,2.815,2.8171,-0.0007454474459550609
2021-11-12,2.813,2.8343,-0.007515083089298824
2021-11-15,2.832,2.8269,0.001804096359970142
2021-11-16,2.824,2.839,-0.005283550545966964
2021-11-17,2.843,2.8326,0.003671538515851225
2021-11-18,2.833,2.8365,-0.001233915036136013
2021-11-19,2.851,2.8335,0.006176107287806598
2021-11-22,2.847,2.8299,0.006042616346867424
2021-11-23,2.822,2.8336,-0.0040937323546019755
2021-11-24,2.832,2.839,-0.002465656921451287
2021-11-25,2.851,2.839,0.004226840436773571
2021-11-26,2.808,2.776,0.011527377521613813
2021-11-29,2.806,2.8097,-0.0013168665693845671
2021-11-30,2.789,2.7538,0.012782337134142008
2021-12-01,2.778,2.717,0.022451232977548807
2021-12-02,2.74,2.7571,-0.006202168945631192
2021-12-03,2.758,2.7347,0.008520130178812924
2021-12-06,2.75,2.7651,-0.005460923655563943
2021-12-07,2.783,2.8238,-0.014448615341029813
2021-12-08,2.826,2.8298,-0.0013428510848823016
2021-12-09,2.826,2.8022,0.008493326671900725
2021-12-10,2.813,2.8376,-0.0086692979983084
2021-12-13,2.845,2.8102,0.012383460251939482
2021-12-14,2.812,2.7898,0.007957559681697424
2021-12-15,2.797,2.8369,-0.014064648031301696
2021-12-16,2.856,2.8088,0.016804329250925454
2021-12-17,2.807,2.7803,0.009603280221558874
2021-12-20,2.762,2.7603,0.0006158750860414397
2021-12-21,2.777,2.8006,-0.008426765693065774
2021-12-22,2.8,2.8279,-0.009865978287775468
2021-12-23,2.83,2.8432,-0.004642656162070824
2021-12-24,2.846,2.8432,0.0009848058525605552
2021-12-27,2.851,2.8834,-0.011236734410765115
2021-12-28,2.882,2.8824,-0.00013877324451838646
2021-12-29,2.888,2.8866,0.0004849996535716272
2021-12-30,2.887,2.8753,0.00406914061141439
2021-12-31,2.879,2.8714,0.002646792505398121
2022-01-04,2.897,2.8894,0.002630303869315398
2022-01-05,2.886,2.8328,0.01878000564812199
2022-01-06,2.817,2.8279,-0.003854450298808265
2022-01-07,2.835,2.8175,0.006211180124223725
2022-01-10,2.816,2.8093,0.0023849357491190215
2022-01-11,2.804,2.8364,-0.011422930475250337
2022-01-12,2.836,2.8431,-0.0024972741022124545
2022-01-13,2.829,2.7978,0.011151619129315948
2022-01-14,2.802,2.8059,-0.0013899283652303307
2022-01-17,2.794,2.8059,-0.004241063473395257
2022-01-18,2.783,2.7475,0.012920837124658746
2022-01-19,2.739,2.7252,0.0050638485248788445
2022-01-20,2.724,2.6895,0.012827663134411749
2022-01-21,2.67,2.6389,0.011785213535942862
2022-01-24,2.638,2.6427,-0.0017784841260832795
2022-01-25,2.605,2.6107,-0.0021833224805607454
2022-01-26,2.601,2.5996,0.0005385443914447396
2022-01-27,2.552,2.5913,-0.015166132829081858
2022-01-28,2.597,2.6701,-0.02737725178832262
2022-02-07,2.693,2.6942,-0.0004454012322766543
2022-02-08,2.687,2.7163,-0.010786731951551776
2022-02-09,2.722,2.7596,-0.013625163067111146
2022-02-10,2.754,2.7076,0.01713694785049502
2022-02-11,2.679,2.6597,0.007256457495206092
2022-02-14,2.655,2.6487,0.0023785253143051577
2022-02-15,2.638,2.6882,-0.018674205788259846
2022-02-16,2.671,2.6849,-0.005177101568028641
2022-02-17,2.664,2.6224,0.01586333129957307
2022-02-18,2.628,2.6048,0.008906633906633932
2022-02-21,2.617,2.6048,0.004683660933660905
2022-02-22,2.561,2.584,-0.008900928792569762
2022-02-23,2.574,2.5295,0.017592409567108058
2022-02-24,2.465,2.5661,-0.039398308717509156
2022-02-25,2.534,2.6263,-0.03514449986673274
2022-02-28,2.553,2.6148,-0.023634694814134827
2022-03-01,2.605,2.566,0.015198752922837233
2022-03-02,2.566,2.6275,-0.02340627973358711
2022-03-03,2.612,2.5995,0.004808617041738961
2022-03-04,2.588,2.5905,-0.0009650646593321044
2022-03-07,2.554,2.5213,0.012969499861182676
2022-03-08,2.473,2.4908,-0.007146298378031268
2022-03-09,2.5,2.5549,-0.02148812086578733
2022-03-10,2.545,2.5411,0.0015347684073825363
2022-03-11,2.544,2.5161,0.011088589483724931
2022-03-14,2.537,2.5054,0.012612756446076512
2022-03-15,2.503,2.5687,-0.025577140187643566
2022-03-16,2.57,2.628,-0.02207001522070029
2022-03-17,2.62,2.6444,-0.009227045832703062
2022-03-18,2.638,2.676,-0.01420029895366226
2022-03-21,2.675,2.6849,-0.0036872881671570212
2022-03-22,2.678,2.7147,-0.013518989206910637
2022-03-23,2.722,2.6768,0.0168858338314406
2022-03-24,2.688,2.7183,-0.011146672552698411
2022-03-25,2.729,2.7362,-0.0026313865945472026
2022-03-28,2.735,2.7551,-0.007295560959674874
2022-03-30,1.39,1.3822,0.0056431775430472175
2022-03-31,1.387,1.359,0.02060338484179547
2022-04-01,1.371,1.364,0.00513196480938416
2022-04-06,1.371,1.3508,0.01495410127331942
2022-04-07,1.352,1.3537,-0.0012558173893770785
2022-04-08,1.365,1.3499,0.011186013778798243
2022-04-11,1.353,1.3269,0.019669907302735767
2022-04-12,1.327,1.3255,0.0011316484345529343
2022-04-13,1.338,1.3396,-0.0011943863839950497
2022-04-14,1.347,1.3189,0.021305633482447517
2022-04-15,1.334,1.3189,0.011448934718325976
2022-04-18,1.324,1.3231,0.0006802206938252287
2022-04-19,1.334,1.3435,-0.0070710829921845075
2022-04-20,1.355,1.3484,0.004894690002966495
2022-04-21,1.372,1.3307,0.031036296685954756
2022-04-22,1.354,1.3038,0.03850283785856723
2022-04-25,1.31,1.3175,-0.005692599620493288
2022-04-26,1.334,1.2938,0.031071262946359646
2022-04-27,1.302,1.2967,0.004087298527030159
2022-04-28,1.319,1.3294,-0.007823078080336998
2022-04-29,1.34,1.2919,0.03723198389968263
2022-05-05,1.341,1.2867,0.042200979249242154
2022-05-06,1.309,1.2922,0.013001083423618498
2022-05-09,1.302,1.2613,0.03226829461666525
2022-05-10,1.278,1.2688,0.007250945775536088
2022-05-11,1.277,1.2508,0.020946594179724887
2022-05-12,1.255,1.2496,0.004321382842509491
2022-05-13,1.275,1.2909,-0.012316988147803909
2022-05-16,1.281,1.2852,-0.0032679738562091387
2022-05-17,1.287,1.3108,-0.018156850778150768
2022-05-18,1.299,1.2503,0.038950651843557615
2022-05-19,1.251,1.2449,0.004899991967226347
2022-05-20,1.243,1.2445,-0.0012053033346723918
2022-05-23,1.247,1.2539,-0.0055028311667596475
2022-05-24,1.237,1.2402,-0.002580228995323175
2022-05-25,1.248,1.2516,-0.0028763183125599667
2022-05-26,1.259,1.2805,-0.01679031628270211
2022-05-27,1.287,1.3245,-0.028312570781427016
2022-05-30,1.309,1.3177,-0.006602413295894505
2022-05-31,1.304,1.301,0.002305918524212247
2022-06-01,1.307,1.2921,0.01153161520006174
2022-06-02,1.292,1.3249,-0.02483206279719219
2022-06-06,1.296,1.2993,-0.002539829138766936
2022-06-07,1.289,1.3108,-0.01663106499847422
2022-06-08,1.305,1.2964,0.006633755013884635
2022-06-09,1.294,1.269,0.019700551615445372
2022-06-10,1.271,1.2354,0.02881657762667955
2022-06-13,1.218,1.1908,0.022841787033926586
2022-06-14,1.205,1.192,0.01090604026845643
2022-06-15,1.192,1.21,-0.014876033057851235
2022-06-16,1.188,1.1632,0.021320495185694677
2022-06-17,1.169,1.1627,0.00541842263696557
2022-06-20,1.167,1.1661,0.000771803447388919
2022-06-21,1.181,1.1897,-0.007312767924686825
2022-06-22,1.182,1.1928,-0.009054325955734521
2022-06-23,1.19,1.2036,-0.011299435028248594
2022-06-24,1.209,1.2391,-0.024291824711484167
2022-06-27,1.235,1.2325,0.0020283975659229903
2022-06-28,1.237,1.2092,0.02299040688058218
2022-06-29,1.208,1.2101,-0.0017353937691100274
2022-06-30,1.195,1.2011,-0.005078677878611271
2022-07-01,1.191,1.2092,-0.015051273569302026
2022-07-04,1.206,1.2128,-0.005606860158311466
2022-07-05,1.216,1.2134,0.0021427394099224895
2022-07-06,1.21,1.2222,-0.009981999672721287
2022-07-07,1.221,1.2388,-0.014368743945753826
2022-07-08,1.23,1.237,-0.0056588520614390125
2022-07-11,1.223,1.2202,0.0022947057859368236
2022-07-12,1.217,1.2147,0.0018934716390879291
2022-07-13,1.217,1.2092,0.006450545815415154
2022-07-14,1.204,1.2054,-0.0011614401858305312
2022-07-15,1.209,1.2326,-0.019146519552166064
2022-07-18,1.237,1.2213,0.012855154343732078
2022-07-19,1.222,1.255,-0.026294820717131406
2022-07-20,1.259,1.2627,-0.002930228874633789
2022-07-21,1.262,1.278,-0.012519561815336422
2022-07-22,1.271,1.2643,0.005299375148303254
2022-07-25,1.26,1.2663,-0.00497512437810943
2022-07-26,1.259,1.2505,0.006797281087564944
2022-07-27,1.263,1.2878,-0.01925764870321489
2022-07-28,1.277,1.2975,-0.0157996146435454
2022-07-29,1.304,1.3165,-0.009494872768704865
2022-08-01,1.31,1.3132,-0.0024367956137677504
2022-08-02,1.306,1.3044,0.0012266176019626318
2022-08-03,1.306,1.3314,-0.019077662610785584
2022-08-04,1.319,1.327,-0.006028636021100264
2022-08-05,1.324,1.3206,0.0025745873087990034
2022-08-08,1.328,1.3244,0.0027182120205375693
2022-08-09,1.321,1.3167,0.0032657401078453052
2022-08-10,1.313,1.3453,-0.024009514606407545
2022-08-11,1.342,1.339,0.0022404779686333587
2022-08-12,1.342,1.3641,-0.016201158272853955
2022-08-15,1.361,1.3694,-0.0061340733167810635
2022-08-16,1.373,1.3785,-0.0039898440333696605
2022-08-17,1.374,1.3713,0.00196893458761771
2022-08-18,1.365,1.3733,-0.006043836015437232
2022-08-19,1.367,1.3609,0.004482327871261571
2022-08-22,1.353,1.3346,0.013786902442679327
2022-08-23,1.335,1.3379,-0.002167576052021891
2022-08-24,1.335,1.3391,-0.003061757897095063
2022-08-25,1.351,1.361,-0.0073475385745774835
2022-08-26,1.358,1.3141,0.03340689445247702
2022-08-29,1.314,1.3094,0.003513059416526687
2022-08-30,1.318,1.297,0.016191210485736462
2022-08-31,1.305,1.289,0.012412723041117069
2022-09-01,1.282,1.2914,-0.007278922100046548
2022-09-02,1.295,1.2793,0.012272336433987174
2022-09-05,1.291,1.2807,0.00804247677051606
2022-09-06,1.291,1.2773,0.010725749628121672
2022-09-07,1.281,1.3016,-0.015826674861708745
2022-09-08,1.304,1.3097,-0.004352141711842394
2022-09-09,1.312,1.3288,-0.012642986152919922
2022-09-13,1.345,1.2817,0.049387532183818195
2022-09-14,1.29,1.2896,0.00031017369727037725
2022-09-15,1.291,1.2747,0.01278732250725656
2022-09-16,1.27,1.269,0.0007880220646179215
2022-09-19,1.267,1.2788,-0.009227400688145204
2022-09-20,1.284,1.2653,0.014779103769856805
2022-09-21,1.267,1.2446,0.017997750281214753
2022-09-22,1.245,1.238,0.0056542810985460434
2022-09-23,1.238,1.2187,0.015836547140395618
2022-09-26,1.216,1.2124,0.0029693170570768146
2022-09-27,1.231,1.2168,0.011669953977646363
2022-09-28,1.216,1.2473,-0.025094203479515853
2022-09-29,1.238,1.2208,0.014089121887286948
2022-09-30,1.215,1.2007,0.011909719330390534
2022-10-10,1.207,1.2096,-0.002149470899470818
2022-10-11,1.205,1.2047,0.000249024653440566
2022-10-12,1.212,1.2018,0.008487269096355554
2022-10-13,1.202,1.2331,-0.02522098775444015
2022-10-14,1.24,1.2038,0.030071440438611097
2022-10-17,1.216,1.2356,-0.01586273875040467
2022-10-18,1.256,1.2495,0.005202080832332978
2022-10-19,1.253,1.2415,0.009262988320579923
2022-10-20,1.242,1.2325,0.007707910750507141
2022-10-21,1.232,1.2614,-0.023307436182020025
2022-10-24,1.264,1.2771,-0.010257614908777635
2022-10-25,1.288,1.3056,-0.013480392156862808
2022-10-26,1.286,1.2951,-0.007026484441355785
2022-10-27,1.298,1.2859,0.009409751924722043
2022-10-28,1.275,1.32,-0.03409090909090917
2022-10-31,1.32,1.3115,0.0064811284788410806
2022-11-01,1.325,1.3119,0.009985517188810134
2022-11-02,1.313,1.2813,0.024740497931788008
2022-11-03,1.288,1.2726,0.012101210121012063
2022-11-04,1.275,1.2916,-0.012852276246516081
2022-11-07,1.284,1.2989,-0.01147124489953033
2022-11-08,1.297,1.3033,-0.004833883219519608
2022-11-09,1.302,1.2777,0.019018548955153758
2022-11-10,1.283,1.3528,-0.05159668835008879
2022-11-11,1.339,1.3558,-0.01239120814279382
2022-11-14,1.324,1.3249,-0.0006792965506829951
2022-11-15,1.326,1.3275,-0.001129943502824693
2022-11-16,1.336,1.3158,0.015351877184982543
2022-11-17,1.335,1.3173,0.013436574812115687
2022-11-18,1.326,1.3316,-0.004205467107239236
2022-11-21,1.336,1.3295,0.0048890560361039
2022-11-22,1.333,1.3551,-0.016308759501143855
2022-11-23,1.351,1.356,-0.0036873156342184243
2022-11-24,1.361,1.3545,0.0047988187523071435
2022-11-25,1.367,1.3567,0.007591951057713597
2022-11-28,1.361,1.3407,0.015141344073991148
2022-11-29,1.346,1.3454,0.0004459640255687347
2022-11-30,1.337,1.383,-0.033261026753434564
2022-12-01,1.363,1.3719,-0.006487353305634436
2022-12-02,1.358,1.3575,0.00036832412523035707
2022-12-05,1.337,1.3302,0.0051120132310931155
2022-12-06,1.316,1.2997,0.012541355697468726
2022-12-07,1.298,1.3014,-0.0026125710773012845
2022-12-08,1.295,1.3045,-0.007282483710233878
2022-12-09,1.305,1.2946,0.008033369380503697
2022-12-12,1.294,1.3125,-0.01409523809523805
2022-12-13,1.314,1.3255,-0.00867597133157283
2022-12-14,1.325,1.3137,0.008601659435182984
2022-12-15,1.313,1.2773,0.02794958114773327
2022-12-16,1.284,1.2712,0.010069225928256653
2022-12-19,1.27,1.259,0.008737092930897639
2022-12-20,1.251,1.2623,-0.008951913174364279
2022-12-21,1.266,1.2774,-0.008924377642085535
2022-12-22,1.281,1.26,0.016666666666666607
2022-12-23,1.266,1.269,-0.0023640661938533203
2022-12-26,1.27,1.2692,0.0006303183107467802
2022-12-27,1.274,1.2591,0.011833849575093147
2022-12-28,1.26,1.2464,0.010911424903722766
2022-12-29,1.244,1.2702,-0.020626672964887405
2022-12-30,1.255,1.2644,-0.007434356216387328
2023-01-03,1.25,1.2565,-0.005173099880620757
2023-01-04,1.245,1.2594,-0.011434016198189623
2023-01-05,1.246,1.2413,0.003786353016998145
2023-01-06,1.238,1.2692,-0.024582414119130203
2023-01-09,1.254,1.2534,0.0004786979415987158
2023-01-10,1.248,1.2471,0.0007216742843396684
2023-01-11,1.256,1.2662,-0.008055599431369465
2023-01-12,1.264,1.2689,-0.0038616124202064395
2023-01-13,1.261,1.2659,-0.0038707638834032387
2023-01-16,1.262,1.2628,-0.0006335128286346636
2023-01-17,1.267,1.2619,0.004041524684998743
2023-01-18,1.273,1.2492,0.019052193403778173
2023-01-19,1.248,1.2412,0.005478569126651456
2023-01-20,1.25,1.2651,-0.011935815350565093
2023-01-30,1.284,1.2779,0.0047734564519914535
2023-01-31,1.273,1.2962,-0.017898472457954062
2023-02-01,1.29,1.3075,-0.013384321223709472
2023-02-02,1.303,1.3195,-0.012504736642667602
2023-02-03,1.314,1.3108,0.0024412572474825645
2023-02-06,1.309,1.3097,-0.0005344735435597325
2023-02-07,1.311,1.331,-0.015026296018031515
2023-02-08,1.325,1.3121,0.009831567715875345
2023-02-09,1.32,1.3036,0.012580546179809637
2023-02-10,1.302,1.3062,-0.003215434083601254
2023-02-13,1.309,1.3266,-0.013266998341625258
2023-02-14,1.326,1.326,0.0
2023-02-15,1.323,1.3309,-0.0059358328950334105
2023-02-16,1.338,1.3191,0.014327950875597129
2023-02-17,1.316,1.3183,-0.0017446711674125037
2023-02-20,1.317,1.3179,-0.0006829046209880785
2023-02-21,1.313,1.2899,0.017908364989533965
2023-02-22,1.298,1.2916,0.004955094456488007
2023-02-23,1.3,1.3036,-0.0027615833077631047
2023-02-24,1.307,1.2883,0.014515252658542144
2023-02-27,1.301,1.304,-0.0023006134969325576
2023-02-28,1.301,1.2992,0.001385467980295596
2023-03-01,1.291,1.2909,7.746533426300495e-05
2023-03-02,1.278,1.2897,-0.009071877180739762
2023-03-03,1.292,1.3164,-0.018535399574597378
2023-03-06,1.316,1.3141,0.0014458564797199536
2023-03-07,1.32,1.2978,0.01710587147480358
2023-03-08,1.304,1.3067,-0.0020662738195453834
2023-03-09,1.307,1.2853,0.01688321792577585
2023-03-10,1.275,1.2665,0.006711409395973034
2023-03-13,1.277,1.2595,0.013894402540690631
2023-03-14,1.251,1.2725,-0.016895874263261335
2023-03-15,1.272,1.2588,0.01048617731172552
2023-03-16,1.264,1.2897,-0.019927114832906878
2023-03-17,1.281,1.2738,0.005652378709373407
2023-03-20,1.259,1.2784,-0.015175219023779829
2023-03-21,1.281,1.2964,-0.011879049676025932
2023-03-22,1.295,1.2742,0.016323967979908982
2023-03-23,1.274,1.2779,-0.003051881993896277
2023-03-24,1.276,1.2787,-0.0021115195120042785
2023-03-27,1.292,1.2872,0.003729024238657619
2023-03-28,1.291,1.2858,0.004044174832788849
2023-03-29,1.296,1.3045,-0.006515906477577604
2023-03-30,1.305,1.3142,-0.007000456551514267
2023-03-31,1.308,1.3299,-0.01646740356417775
2023-04-03,1.326,1.3364,-0.0077821011673151474
2023-04-04,1.334,1.3267,0.005502374312203351
2023-04-06,1.321,1.3293,-0.006243887760475464
2023-04-07,1.326,1.3311,-0.003831417624520994
2023-04-10,1.325,1.3309,-0.004433090389961647
2023-04-11,1.332,1.3331,-0.0008251444002699282
2023-04-12,1.33,1.327,0.0022607385079127518
2023-04-13,1.325,1.3408,-0.011784009546539354
2023-04-14,1.332,1.337,-0.0037397157816004833
2023-04-17,1.339,1.3428,-0.0028299076556449476
2023-04-18,1.341,1.3466,-0.00415862171394632
2023-04-19,1.341,1.3448,-0.002825698988697223
2023-04-20,1.34,1.3418,-0.0013414815918915135
2023-04-21,1.336,1.3384,-0.001793185893604221
2023-04-24,1.334,1.3411,-0.005294161509208806
2023-04-25,1.339,1.3202,0.01424026662626865
2023-04-26,1.33,1.3226,0.0055950400725843785
2023-04-27,1.323,1.3478,-0.018400356135925278
2023-04-28,1.343,1.3597,-0.012282121056115258
2023-05-04,1.331,1.3208,0.0077225923682615605
2023-05-05,1.326,1.3464,-0.015151515151515138
2023-05-08,1.344,1.3478,-0.002819409407924023
2023-05-09,1.345,1.3435,0.0011164867882396123
2023-05-10,1.345,1.3504,-0.003998815165876857
2023-05-11,1.352,1.3444,0.005653079440642639
2023-05-12,1.353,1.35,0.0022222222222221255
2023-05-15,1.353,1.3574,-0.0032414910858994395
2023-05-16,1.352,1.3459,0.004532283230552103
2023-05-17,1.355,1.3668,-0.008633304067895864
2023-05-18,1.373,1.3842,-0.00809131628377413
2023-05-19,1.394,1.3898,0.0030220175564830143
2023-05-22,1.388,1.3862,0.0012985139229546583
2023-05-23,1.394,1.3739,0.01462988572676327
2023-05-24,1.381,1.3683,0.009281590294526021
2023-05-25,1.38,1.3796,0.0002899391127861861
2023-05-26,1.379,1.4021,-0.016475287069395828
2023-05-29,1.407,1.3985,0.006077940650697222
2023-05-30,1.413,1.4032,0.0069840364880273675
2023-05-31,1.402,1.395,0.00501792114695343
2023-06-01,1.404,1.4117,-0.005454416660763628
2023-06-02,1.412,1.4317,-0.013759865893692824
2023-06-05,1.438,1.4281,0.006932287654926039
2023-06-06,1.433,1.4347,-0.0011849167073255673
2023-06-07,1.44,1.4316,0.005867560771165126
2023-06-08,1.433,1.4422,-0.006379142976008834
2023-06-09,1.441,1.4406,0.00027766208524226954
2023-06-12,1.453,1.4558,-0.0019233411182854043
2023-06-13,1.471,1.4715,-0.0003397893306149591
2023-06-14,1.476,1.4742,0.0012210012210012167
2023-06-15,1.472,1.4908,-0.012610678830158206
2023-06-16,1.484,1.4812,0.001890359168241984
2023-06-19,1.484,1.4793,0.0031771783951868304
2023-06-20,1.487,1.4803,0.004526109572384085
2023-06-21,1.487,1.4766,0.007043207368278681
2023-06-26,1.482,1.4693,0.00864357176886954
2023-06-27,1.474,1.4869,-0.008675768377160664
2023-06-28,1.489,1.4864,0.0017491926803014923
2023-06-29,1.496,1.4953,0.0004681334849192531
2023-06-30,1.503,1.5147,-0.007724301841948944
2023-07-03,1.522,1.5143,0.00508485769002176
2023-07-04,1.516,1.512,0.002645502645502562
2023-07-05,1.515,1.5076,0.0049084637834968525
2023-07-06,1.512,1.4983,0.009143696189014339
2023-07-07,1.502,1.4933,0.005826022902296835
2023-07-10,1.492,1.4942,-0.0014723597911926456
2023-07-11,1.499,1.5035,-0.002993016295310902
2023-07-12,1.506,1.5121,-0.00403412472720055
2023-07-13,1.516,1.5201,-0.0026971909742780076
2023-07-14,1.513,1.5142,-0.0007924976885484991
2023-07-17,1.521,1.52,0.0006578947368420796
2023-07-18,1.528,1.5334,-0.003521586017999234
2023-07-19,1.552,1.5378,0.009233970607361197
2023-07-20,1.541,1.5272,0.009036144578313365
2023-07-21,1.536,1.5273,0.005696326851306166
2023-07-24,1.541,1.5333,0.005021848301050014
2023-07-25,1.538,1.5366,0.0009111024339452101
2023-07-26,1.541,1.534,0.0045632333767926525
2023-07-27,1.545,1.5236,0.014045681281176003
2023-07-28,1.534,1.5399,-0.003831417624521105
2023-07-31,1.539,1.5414,-0.0015570260801869296
2023-08-01,1.549,1.5368,0.007938573659552306
2023-08-02,1.537,1.5173,0.01298358927041443
2023-08-03,1.523,1.516,0.00461741424802109
2023-08-04,1.526,1.5064,0.013011152416356975
2023-08-07,1.518,1.5191,-0.0007241129616218922
2023-08-08,1.529,1.5165,0.00824266402901408
2023-08-09,1.529,1.5064,0.015002655337227777
2023-08-10,1.521,1.5066,0.009557945041815952
2023-08-11,1.522,1.5054,0.011026969576192425
2023-08-14,1.525,1.5161,0.005870325176439595
2023-08-15,1.541,1.5005,0.02699100299900037
2023-08-16,1.524,1.4939,0.02014860432425203
2023-08-17,1.515,1.4844,0.020614389652384713
2023-08-18,1.497,1.4827,0.009644567343360277
2023-08-21,1.503,1.4924,0.007102653444116758
2023-08-22,1.509,1.4882,0.013976616046230239
2023-08-23,1.51,1.5045,0.0036556995679628557
2023-08-24,1.532,1.4824,0.033459255261737875
2023-08-25,1.501,1.4924,0.005762530152773948
2023-08-28,1.515,1.5011,0.009259876090866648
2023-08-29,1.524,1.5228,0.0007880220646179215
2023-08-30,1.545,1.5281,0.011059485635756872
2023-08-31,1.553,1.5258,0.017826713855026766
2023-09-01,1.544,1.5281,0.010405078201688456
2023-09-04,1.547,1.5279,0.012500818116368828
2023-09-05,1.548,1.5216,0.017350157728706517
2023-09-06,1.548,1.5149,0.02184962703808835
2023-09-07,1.535,1.5107,0.016085258489441978
2023-09-08,1.544,1.5163,0.018268152740222865
2023-09-11,1.536,1.5261,0.006487124041674841
2023-09-12,1.541,1.5141,0.01776632983290405
2023-09-13,1.53,1.5139,0.01063478433185816
2023-09-14,1.537,1.5266,0.00681252456439152
2023-09-15,1.548,1.5063,0.027683728340967884
2023-09-18,1.531,1.5064,0.016330323951141867
2023-09-19,1.53,1.503,0.017964071856287456
2023-09-20,1.528,1.4889,0.02626099805225346
2023-09-21,1.512,1.4645,0.03243427791054976
2023-09-22,1.493,1.4611,0.02183286564916842
2023-09-25,1.49,1.4668,0.01581674393236976
2023-09-26,1.483,1.4453,0.026084549920431854
2023-09-27,1.475,1.4454,0.02047876020478756
2023-09-28,1.471,1.4556,0.010579829623523107
2023-10-09,1.47,1.4676,0.0016353229762877675
2023-10-10,1.49,1.475,0.010169491525423568
2023-10-11,1.499,1.4813,0.011948963748059205
2023-10-12,1.51,1.4721,0.02574553359146803
2023-10-13,1.497,1.4641,0.02247114268151096
2023-10-16,1.496,1.48,0.010810810810810922
2023-10-17,1.507,1.4797,0.01844968574711081
2023-10-18,1.505,1.46,0.03082191780821919
2023-10-19,1.485,1.4476,0.02583586626139822
2023-10-20,1.467,1.4293,0.02637654796054023
2023-10-23,1.457,1.4267,0.021237821546225444
2023-10-24,1.455,1.437,0.012526096033402823
2023-10-25,1.456,1.4163,0.028030784438325185
2023-10-26,1.433,1.3994,0.024010290124339084
2023-10-27,1.433,1.3927,0.02893659797515613
2023-10-30,1.427,1.4095,0.012415750266051795
2023-10-31,1.431,1.4186,0.008741012265613968
2023-11-01,1.446,1.4335,0.008719916288803642
2023-11-02,1.463,1.461,0.001368925393566034
2023-11-03,1.486,1.4748,0.007594250067805675
2023-11-06,1.494,1.4769,0.011578305911029707
2023-11-07,1.492,1.4809,0.007495441960969629
2023-11-08,1.497,1.4823,0.009917020845982671
2023-11-09,1.505,1.4705,0.023461407684461033
2023-11-10,1.493,1.4939,-0.0006024499631835933
2023-11-13,1.513,1.4925,0.013735343383584508
2023-11-14,1.518,1.5212,-0.0021036024191428693
2023-11-15,1.539,1.5235,0.010173941581883783
2023-11-16,1.541,1.5249,0.010558069381598756
2023-11-17,1.54,1.5269,0.008579474752767213
2023-11-20,1.524,1.5358,-0.007683292095324923
2023-11-21,1.53,1.5282,0.0011778563015312216
2023-11-22,1.528,1.5312,-0.002089864158829613
2023-11-23,1.533,1.5302,0.0018298261665141702
2023-11-24,1.535,1.5298,0.0033991371421100425
2023-11-27,1.534,1.5269,0.004649944331652334
2023-11-28,1.535,1.5277,0.004778425083458604
2023-11-29,1.532,1.5243,0.005051499048743802
2023-11-30,1.531,1.5302,0.0005228074761467472
2023-12-01,1.539,1.5411,-0.001362663032898559
2023-12-04,1.547,1.5307,0.010648722806559041
2023-12-05,1.534,1.5323,0.0011094433204985599
2023-12-06,1.546,1.5266,0.012707978514345575
2023-12-07,1.533,1.5399,-0.004480810442236582
2023-12-08,1.545,1.5451,-6.472073004981649e-05
2023-12-11,1.559,1.5519,0.004575037051356423
2023-12-12,1.567,1.5594,0.004873669360010213
2023-12-13,1.576,1.5795,-0.0022158911047799323
2023-12-14,1.593,1.5834,0.0060629026146268306
2023-12-15,1.586,1.5805,0.0034799114204366877
2023-12-18,1.593,1.5869,0.0038439725250487555
2023-12-19,1.601,1.5974,0.0022536622010767005
2023-12-20,1.609,1.5736,0.02249618708693424
2023-12-21,1.588,1.5908,-0.0017601206939903413
2023-12-22,1.597,1.592,0.003140703517587884
2023-12-25,1.6,1.5931,0.004331178206013586
2023-12-26,1.605,1.5989,0.0038151228969915962
2023-12-27,1.608,1.6021,0.0036826665002185344
2023-12-28,1.605,1.6021,0.0018101242119716865
2023-12-29,1.603,1.5943,0.005456940349996886
2024-01-02,1.607,1.5837,0.014712382395655643
2024-01-03,1.595,1.576,0.012055837563451632
2024-01-04,1.589,1.5707,0.011650856306105517
2024-01-05,1.582,1.5742,0.004954897725828911
2024-01-08,1.584,1.5958,-0.007394410327108636
2024-01-09,1.611,1.5937,0.010855242517412433
2024-01-10,1.61,1.6038,0.003865818680633515
2024-01-11,1.623,1.6035,0.012160898035547207
2024-01-12,1.616,1.6037,0.007669763671509733
2024-01-15,1.624,1.6043,0.01227949884684909
2024-01-16,1.616,1.5995,0.010315723663645082
2024-01-17,1.609,1.5913,0.011122981210331284
2024-01-18,1.61,1.6055,0.0028028651510434432
2024-01-19,1.626,1.6252,0.0004922471080481827
2024-01-22,1.652,1.6273,0.01517851656117486
2024-01-23,1.656,1.6322,0.014581546379120125
2024-01-24,1.674,1.6321,0.02567244654126566
2024-01-25,1.666,1.6406,0.015482140680238787
2024-01-26,1.654,1.6402,0.008413608096573544
2024-01-29,1.661,1.6531,0.004778900248018969
2024-01-30,1.681,1.6511,0.018109139361637716
2024-01-31,1.674,1.624,0.030788177339901468
2024-02-01,1.66,1.6446,0.009363979083059526
2024-02-02,1.688,1.6614,0.01601059347538225
2024-02-05,1.695,1.6575,0.022624434389140413
2024-02-06,1.695,1.6616,0.020101107366393922
2024-02-07,1.701,1.6745,0.015825619587936712
2024-02-08,1.745,1.676,0.04116945107398573
2024-02-19,1.737,1.6786,0.034790897176218305
2024-02-20,1.731,1.6693,0.0369616006709399
2024-02-21,1.717,1.6705,0.027835977252319566
2024-02-22,1.741,1.7057,0.020695315706161788
2024-02-23,1.766,1.7073,0.03438177238915241
2024-02-26,1.755,1.7012,0.031624735480836996
2024-02-27,1.761,1.7036,0.03369335524771078
2024-02-28,1.783,1.7013,0.04802210074648783
2024-02-29,1.772,1.7096,0.03649976602714089
2024-03-01,1.781,1.7241,0.03300272605997323
2024-03-04,1.794,1.7206,0.04265953737068462
2024-03-05,1.789,1.7032,0.050375763269140394
2024-03-06,1.781,1.7119,0.040364507272621086
2024-03-07,1.776,1.7293,0.02700514659110631
2024-03-08,1.8,1.7174,0.0480959590078025
2024-03-11,1.794,1.7152,0.04594216417910446
2024-03-12,1.788,1.7342,0.03102295006342981
2024-03-13,1.783,1.73,0.03063583815028892
2024-03-14,1.784,1.7264,0.033364226135310426
2024-03-15,1.775,1.7151,0.034925077254970516
2024-03-18,1.781,1.7253,0.032284240421955435
2024-03-19,1.774,1.736,0.02188940092165903
2024-03-20,1.79,1.7512,0.02215623572407499
2024-03-21,1.826,1.7563,0.03968570289813811
2024-03-22,1.837,1.7551,0.04666400774884605
2024-03-25,1.825,1.7493,0.04327445263819807
2024-03-26,1.832,1.7431,0.051001090012047445
2024-03-27,1.844,1.7582,0.048799908997838815
2024-03-28,1.868,1.7602,0.06124304056357244
2024-03-29,1.856,1.7603,0.054365733113673764
2024-04-01,1.849,1.7561,0.05290131541483967
2024-04-02,1.842,1.7442,0.056071551427588684
2024-04-03,1.802,1.7463,0.03189600870411735
2024-04-08,1.807,1.7425,0.03701578192252519
2024-04-09,1.813,1.7457,0.03855187030990437
2024-04-10,1.81,1.7291,0.046787346018159814
2024-04-11,1.788,1.7422,0.0262886006199059
2024-04-12,1.802,1.717,0.04950495049504955
2024-04-15,1.783,1.6965,0.050987326849395886
2024-04-16,1.741,1.694,0.02774498229043698
2024-04-17,1.734,1.6841,0.02963006947330915
2024-04-18,1.73,1.6802,0.029639328651350993
2024-04-19,1.709,1.6659,0.02587190107449433
2024-04-22,1.716,1.6803,0.021246206034636783
2024-04-23,1.728,1.7009,0.015932741489799396
2024-04-24,1.766,1.701,0.038212815990593674
2024-04-25,1.739,1.6932,0.027049373966454127
2024-04-26,1.746,1.7105,0.020754165448699347
2024-04-29,1.754,1.716,0.022144522144522227
2024-04-30,1.758,1.689,0.04085257548845478
2024-05-06,1.759,1.7355,0.013540766349755096
2024-05-07,1.777,1.738,0.02243958573072491
2024-05-08,1.784,1.7381,0.026408146826994994
2024-05-09,1.779,1.7474,0.018084010529930028
2024-05-10,1.799,1.75,0.028000000000000025
2024-05-13,1.807,1.75,0.032571428571428473
2024-05-14,1.807,1.7593,0.027113056329221674
2024-05-15,1.826,1.7803,0.02566983092737174
2024-05-16,1.85,1.776,0.04166666666666674
2024-05-17,1.844,1.7788,0.0366539239937036
2024-05-20,1.834,1.7803,0.030163455597371325
2024-05-21,1.835,1.7854,0.02778088943654078
2024-05-22,1.844,1.7806,0.03560597551387179
2024-05-23,1.849,1.768,0.04581447963800911
2024-05-24,1.818,1.7805,0.021061499578770126
2024-05-27,1.834,1.7801,0.030279197797876467
2024-05-28,1.838,1.781,0.03200449185850651
2024-05-29,1.829,1.7681,0.03444375318138104
2024-05-30,1.806,1.7576,0.02753755120619017
2024-05-31,1.807,1.7711,0.02026988876969127
2024-06-03,1.835,1.7731,0.034910608538717636
2024-06-04,1.838,1.7757,0.035084755307766
2024-06-05,1.847,1.7972,0.02770977075450709
2024-06-06,1.873,1.797,0.04229271007234292
2024-06-07,1.882,1.7952,0.04835115864527628
2024-06-11,1.889,1.8057,0.046131694079858176
2024-06-12,1.892,1.821,0.038989566172432655
2024-06-13,1.909,1.8252,0.04591277668200755
2024-06-14,1.903,1.8257,0.042339924412553964
2024-06-17,1.893,1.8396,0.02902804957599492
2024-06-18,1.902,1.8441,0.03139742964047487
2024-06-19,1.904,1.8444,0.0323140316634134
2024-06-20,1.921,1.8403,0.04385154594359619
2024-06-21,1.914,1.8375,0.041632653061224545
2024-06-24,1.91,1.8322,0.04246261325182843
2024-06-25,1.907,1.8399,0.03646937333550726
2024-06-26,1.933,1.8434,0.04860583704025179
2024-06-27,1.948,1.8456,0.055483311660164736
2024-06-28,1.971,1.8381,0.07230292149502193
2024-07-01,1.967,1.843,0.06728160607704825
2024-07-02,1.971,1.8551,0.062476416365694565
2024-07-03,1.999,1.865,0.07184986595174259
2024-07-04,1.977,1.8647,0.06022416474499925
2024-07-05,1.993,1.8748,0.06304672498399833
2024-07-08,1.999,1.8767,0.06516758139287049
2024-07-09,1.996,1.8788,0.06238024270811149
2024-07-10,1.985,1.899,0.045286993154291855
2024-07-11,2.004,1.8823,0.06465494342028366
2024-07-12,1.974,1.8917,0.04350584130676105
2024-07-15,2.024,1.8971,0.06689157134573831
2024-07-16,2.028,1.9095,0.062058130400628464
2024-07-17,2.053,1.8825,0.09057104913678615
2024-07-18,2.027,1.8669,0.0857571375006696
2024-07-19,1.979,1.8545,0.06713399838231338
2024-07-22,1.956,1.8749,0.04325564030081597
2024-07-23,1.983,1.8713,0.05969112381766695
2024-07-24,1.968,1.8285,0.07629204265791634
2024-07-25,1.911,1.8175,0.0514442916093536
2024-07-26,1.927,1.8363,0.04939280074061969
2024-07-29,1.972,1.8388,0.07243854687839901
2024-07-30,1.962,1.8306,0.07177974434611611
2024-07-31,1.948,1.8591,0.047818837071701426
2024-08-01,1.972,1.8329,0.0758906650662885
2024-08-02,1.912,1.8005,0.06192724243265757
2024-08-05,1.785,1.7459,0.022395326192794496
2024-08-06,1.804,1.7633,0.02308172177167811
2024-08-07,1.811,1.7513,0.03408896248501114
2024-08-08,1.799,1.7936,0.0030107047279213095
2024-08-09,1.835,1.8017,0.018482544263750844
2024-08-12,1.86,1.802,0.03218645948945609
2024-08-13,1.887,1.8329,0.02951606743412083
2024-08-14,1.922,1.8382,0.04558807529104558
2024-08-15,1.948,1.8681,0.04277072961832862
2024-08-16,1.975,1.8737,0.054064151144793904
2024-08-19,1.942,1.8907,0.027132807954725724
2024-08-20,1.966,1.8846,0.04319218932399438
2024-08-21,1.967,1.8922,0.03953070499947153
2024-08-22,1.971,1.8731,0.05226629651380077
2024-08-23,1.964,1.8981,0.03471892945577171
2024-08-26,1.978,1.8862,0.04866928215459643
2024-08-27,1.978,1.8921,0.0453992917921886
2024-08-28,1.997,1.8797,0.06240357503857008
2024-08-29,1.974,1.8818,0.048995642469975564
2024-08-30,1.978,1.8962,0.043138909397742786
2024-09-02,1.999,1.8935,0.055716926326907945
2024-09-03,1.998,1.8557,0.0766826534461389
2024-09-04,1.919,1.8536,0.03528269313767818
2024-09-05,1.929,1.844,0.04609544468546645
2024-09-06,1.919,1.8106,0.059869656467469445
2024-09-09,1.905,1.8331,0.03922317385849117
2024-09-10,1.895,1.8453,0.026933289979949038
2024-09-11,1.899,1.8664,0.017466780968709905
2024-09-12,1.931,1.8812,0.0264724643844354
2024-09-13,1.941,1.8867,0.028780410240101695
2024-09-18,1.939,1.8801,0.031328120844635876
2024-09-19,1.965,1.9152,0.026002506265664138
2024-09-20,1.97,1.9023,0.03558849813383791
2024-09-23,1.974,1.9042,0.03665581346497215
2024-09-24,1.96,1.9084,0.0270383567386292
2024-09-25,1.945,1.8965,0.025573424729765426
2024-09-26,1.948,1.9084,0.02075036679941311
2024-09-27,1.919,1.8991,0.01047864778052765
2024-09-30,1.908,1.9064,0.0008392782207300442
2024-10-08,1.893,1.9196,-0.013857053552823517
2024-10-09,1.925,1.9295,-0.0023322104172065483
2024-10-10,1.956,1.9306,0.013156531648192304
2024-10-11,1.967,1.9418,0.012977649603460817
2024-10-14,1.988,1.9564,0.016152116131670446
2024-10-15,2.047,1.9444,0.05276692038675179
2024-10-16,2.024,1.9633,0.030917333061681873
2024-10-17,2.045,1.9638,0.04134840615133917
2024-10-18,2.027,1.9731,0.02731741928944298
2024-10-21,2.018,1.9614,0.028856938921178577
2024-10-22,2.006,1.9674,0.019619802785401985
2024-10-23,1.999,1.9497,0.025285941426886227
2024-10-24,1.991,1.9551,0.018362232110889387
2024-10-25,1.991,1.9491,0.02149710122620707
2024-10-28,2.012,1.9603,0.026373514258021702
2024-10-29,2.005,1.963,0.02139582272032592
2024-10-30,2.02,1.9594,0.030927835051546282
2024-10-31,1.996,1.919,0.040125065138092664
2024-11-01,1.971,1.924,0.024428274428274444
2024-11-04,1.963,1.9204,0.022182878566965103
2024-11-05,1.961,1.9388,0.011450381679389388
2024-11-06,2.029,1.9872,0.021034621578099655
2024-11-07,2.045,2.0207,0.012025535705448398
2024-11-08,2.063,2.0221,0.020226497205875216
2024-11-11,2.089,2.0336,0.027242328874901744
2024-11-12,2.113,2.0318,0.03996456344128352
2024-11-13,2.095,2.0342,0.029888899813194536
2024-11-14,2.122,2.0218,0.04955979819962408
2024-11-15,2.088,1.9959,0.04614459642266655
2024-11-18,2.102,2.0016,0.050159872102318204
2024-11-19,2.106,2.0095,0.048021895994028174
2024-11-20,2.112,2.0102,0.050641727191324204
2024-11-21,2.107,2.021,0.042553191489361764
2024-11-22,2.128,2.0282,0.049206192683167504
2024-11-25,2.177,2.0339,0.07035744136879885
2024-11-26,2.181,2.0453,0.06634723512443164
2024-11-27,2.18,2.0395,0.06888943368472678
2024-11-28,2.178,2.037,0.06921944035346095
2024-11-29,2.182,2.0481,0.06537766710609838
2024-12-02,2.199,2.0527,0.07127198324158401
2024-12-03,2.217,2.0574,0.07757363662875494
2024-12-04,2.217,2.068,0.07205029013539654
2024-12-05,2.233,2.0627,0.08256169098754063
2024-12-06,2.228,2.0672,0.07778637770897845
2024-12-09,2.227,2.0553,0.08354011579818033
2024-12-10,2.207,2.0498,0.07669040882037281
2024-12-11,2.227,2.0651,0.07839814052588245
2024-12-12,2.232,2.0543,0.08650148469064889
2024-12-13,2.244,2.0549,0.09202394277093795
2024-12-16,2.274,2.0631,0.10222480732877703
2024-12-17,2.254,2.0553,0.09667688415316511
2024-12-18,2.229,1.9942,0.11774145020559623
2024-12-19,2.157,1.9932,0.08217940999397944
2024-12-20,2.144,2.0148,0.06412547151081993
2024-12-23,2.194,2.0286,0.08153406290052256
2024-12-24,2.186,2.051,0.0658215504631885
2024-12-25,2.197,2.0507,0.07134149314868088
2024-12-26,2.2,2.0508,0.07275209674273464
2024-12-27,2.191,2.0281,0.08032148316157994
2024-12-30,2.165,2.0062,0.07915462067590462
2024-12-31,2.162,1.9975,0.08235294117647052
2025-01-02,2.183,1.9928,0.09544359694901638
2025-01-03,2.17,2.0181,0.07526881720430101
2025-01-06,2.211,2.0295,0.08943089430894302
2025-01-07,2.193,2.007,0.09267563527653211
2025-01-08,2.19,2.0101,0.08949803492363562
2025-01-09,2.186,2.01,0.08756218905472646
2025-01-10,2.173,1.9795,0.09775195756504163
2025-01-13,2.139,1.982,0.07921291624621585
2025-01-14,2.162,1.9839,0.08977266999344713
2025-01-15,2.158,2.0206,0.06799960407799666
2025-01-16,2.193,2.0161,0.08774366350875473
2025-01-17,2.191,2.0364,0.07591828717344318
2025-01-20,2.201,2.0362,0.08093507513996667
2025-01-21,2.2,2.0484,0.07400898262058209
2025-01-22,2.218,2.0609,0.07622883206366149
2025-01-23,2.205,2.0721,0.06413783118575367
2025-01-24,2.214,2.0663,0.07148042394618392
2025-01-27,2.196,2.0357,0.07874441224148954
2025-02-05,2.192,2.0524,0.06801793022802571
2025-02-06,2.198,2.0598,0.06709389261093301
2025-02-07,2.192,2.0407,0.07414122604988482
2025-02-10,2.187,2.0546,0.06444076705928148
2025-02-11,2.183,2.0555,0.062028703478472336
2025-02-12,2.175,2.05,0.060975609756097615
2025-02-13,2.172,2.0718,0.04836374167390667
2025-02-14,2.173,2.072,0.04874517374517384
2025-02-17,2.17,2.0717,0.04744895496452184
2025-02-18,2.185,2.0767,0.05215004574565407
2025-02-19,2.176,2.0819,0.04519909697872149
2025-02-20,2.174,2.0731,0.048671072307172825
2025-02-21,2.154,2.0371,0.057385498993667294
2025-02-24,2.125,2.0273,0.048192176786859386
2025-02-25,2.094,2.0178,0.03776390127862039
2025-02-26,2.091,2.0183,0.03602041321904581
2025-02-27,2.084,1.986,0.04934541792547842
2025-02-28,2.032,2.0176,0.00713719270420321
2025-03-03,2.07,1.982,0.044399596367305616
2025-03-04,2.031,1.9579,0.037335921139997064
2025-03-05,2.024,1.9788,0.022842126541338326
2025-03-06,2.025,1.9428,0.04231006794317471
2025-03-07,2.001,1.954,0.0240532241555782
2025-03-10,1.999,1.9018,0.0511094752339889
2025-03-11,1.949,1.8876,0.03252807798262358
2025-03-12,1.938,1.8959,0.022205812542855696
2025-03-13,1.932,1.8701,0.03309983423346341
2025-03-14,1.93,1.9106,0.010153878362817892
2025-03-17,1.929,1.9215,0.0039032006245121043
2025-03-18,1.948,1.902,0.024185068349106276
2025-03-19,1.933,1.9215,0.005984907624251967
2025-03-20,1.981,1.919,0.03230849400729552
2025-03-21,1.973,1.9211,0.027015772213835776
2025-03-24,1.999,1.9553,0.022349511583900306
2025-03-25,2.017,1.9585,0.02986979831503711
2025-03-26,2.011,1.9356,0.038954329406902355
2025-03-27,1.983,1.9294,0.027780657199129255
2025-03-28,1.963,1.891,0.03807509254362773
2025-03-31,1.907,1.9024,0.0024179983179142273
2025-04-01,1.937,1.9095,0.01440167583136942
2025-04-02,1.937,1.9227,0.007437457741717335
2025-04-03,1.897,1.8314,0.035819591569291376
2025-04-07,1.707,1.7208,-0.008019525801952643
2025-04-08,1.776,1.6943,0.04822050404296774
2025-04-09,1.722,1.8566,-0.07249811483356672
2025-04-10,1.886,1.7927,0.05204440229820939
2025-04-11,1.841,1.8251,0.008711851405402538
2025-04-14,1.872,1.8401,0.017336014347046458
2025-04-15,1.865,1.8368,0.015352787456446082
2025-04-16,1.842,1.7962,0.025498274134283516
2025-04-17,1.835,1.7976,0.02080551846906986
2025-04-18,1.829,1.7972,0.01769419096372138
2025-04-21,1.806,1.7544,0.02941176470588247
2025-04-22,1.803,1.8001,0.0016110216099105568
2025-04-23,1.855,1.8309,0.013162925337265818
2025-04-24,1.846,1.8675,-0.011512717536813821
2025-04-25,1.895,1.8802,0.007871503031592342
2025-04-28,1.901,1.8807,0.01079385335247518
2025-04-29,1.897,1.8912,0.0030668358714043276
2025-04-30,1.9,1.8936,0.003379805661174462
2025-05-06,1.918,1.9063,0.006137543933273815
2025-05-07,1.922,1.9145,0.003917471924784532
2025-05-08,1.94,1.9274,0.006537304140292521
2025-05-09,1.942,1.927,0.007784120394395355
2025-05-12,1.963,1.9893,-0.01322073091037046
2025-05-13,1.977,2.0019,-0.012438183725460794
2025-05-14,2.013,2.0031,0.0049423393739702615
2025-05-15,1.999,2.0116,-0.006263670709882652
2025-05-16,2.012,2.0252,-0.006517874777799637
2025-05-19,2.006,2.0264,-0.010067114093959884
2025-05-20,2.025,2.0189,0.003021447322799631
2025-05-21,2.01,1.9865,0.011829851497608734
2025-05-22,1.989,1.9846,0.0022170714501663635
2025-05-23,1.986,1.9718,0.007201541738512951
2025-05-26,1.991,1.9693,0.011019143858223668
2025-05-27,1.997,2.011,-0.00696171059174544
2025-05-28,2.012,2.0003,0.005849122631605086
2025-05-29,2.032,2.0086,0.011649905406750927
2025-05-30,2.004,2.0066,-0.0012957241104356587
2025-06-03,2.01,2.0273,-0.008533517486311926
2025-06-04,2.029,2.0279,0.0005424330588292836
2025-06-05,2.025,2.0166,0.004165426956262985
2025-06-06,2.024,2.037,-0.006381934216985741
2025-06-09,2.035,2.0391,-0.0020106909911233872
2025-06-10,2.036,2.0501,-0.00687771328227893
2025-06-11,2.046,2.0437,0.001125409795958321
2025-06-12,2.04,2.0511,-0.0054117302910632326
2025-06-13,2.023,2.0267,-0.001825627867962587
2025-06-16,2.038,2.0467,-0.0042507451018714
2025-06-17,2.038,2.028,0.004930966469427922
2025-06-18,2.035,2.0281,0.0034021991026085274
2025-06-19,2.025,2.0272,-0.0010852407261248143
2025-06-20,2.027,2.0217,0.0026215561161400114
2025-06-23,2.025,2.0416,-0.00813087774294663
2025-06-24,2.061,2.0633,-0.0011147191392429923
2025-06-25,2.065,2.0636,0.0006784260515602103
2025-06-26,2.071,2.0787,-0.003704238225814116
2025-06-27,2.091,2.0898,0.0005742176284813105
2025-06-30,2.102,2.0993,0.0012861430000477014
2025-07-01,2.096,2.0955,0.00023860653781926366
2025-07-02,2.11,2.1059,0.001946911059404366
2025-07-03,2.114,2.123,-0.004239284032030333
2025-07-04,2.125,2.1233,0.0008006405124099114
2025-07-07,2.121,2.1055,0.0073616718119211555
2025-07-08,2.121,2.1049,0.007648819421349984
2025-07-09,2.113,2.1179,-0.0023136125407243746
2025-07-10,2.121,2.123,-0.0009420631182289751
2025-07-11,2.124,2.1148,0.004350293171931252
2025-07-14,2.107,2.1179,-0.0051466074885498925
2025-07-15,2.131,2.1099,0.010000473956111477
2025-07-16,2.115,2.1174,-0.0011334655709831498
2025-07-17,2.131,2.1267,0.0020219118822588644
2025-07-18,2.143,2.1278,0.007143528527117082
2025-07-21,2.14,2.1315,0.00398780201735871
2025-07-22,2.136,2.1312,0.0022522522522521182
2025-07-23,2.144,2.146,-0.0009319664492076773
2025-07-24,2.153,2.1467,0.0029347370382446503
2025-07-25,2.164,2.1562,0.003617475187830399
2025-07-28,2.185,2.1579,0.012558505954863408
2025-07-29,2.184,2.1528,0.01449275362318847
2025-07-30,2.18,2.1479,0.014944829833791307
2025-07-31,2.202,2.1416,0.028203212551363377
2025-08-01,2.172,2.1072,0.03075170842824604
2025-08-04,2.148,2.1353,0.005947642017515076
2025-08-05,2.187,2.124,0.029661016949152463
2025-08-06,2.174,2.1408,0.01550822122571005
2025-08-07,2.174,2.1372,0.01721879094141876
2025-08-08,2.174,2.1553,0.008676286363847208
2025-08-11,2.192,2.1507,0.019203050169712244
2025-08-12,2.187,2.1755,0.005286141116984444
2025-08-13,2.204,2.1804,0.010823702073014196
2025-08-14,2.203,2.1808,0.010179750550256772
2025-08-15,2.217,2.1758,0.018935563930508215
2025-08-18,2.203,2.174,0.013339466421343094
2025-08-19,2.197,2.1626,0.01590677887727754
2025-08-20,2.185,2.1578,0.012605431457966443
2025-08-21,2.183,2.1464,0.01705180767797243
2025-08-22,2.17,2.1802,-0.004678469865150081
2025-08-25,2.2,2.1659,0.015744032503808958
2025-08-26,2.191,2.1756,0.007078507078506879
2025-08-27,2.206,2.1783,0.012716338429050067
2025-08-28,2.194,2.1838,0.00467075739536571
2025-08-29,2.195,2.1689,0.012033749827101259
2025-09-01,2.185,2.1701,0.006866043039491121
2025-09-02,2.187,2.1558,0.014472585583078068
2025-09-03,2.177,2.1675,0.0043829296424451325
2025-09-04,2.189,2.1839,0.00233527176152748
2025-09-05,2.204,2.1776,0.012123438648053098
2025-09-08,2.195,2.1814,0.006234528284587704
2025-09-09,2.198,2.1868,0.00512163892445594
2025-09-10,2.207,2.1947,0.005604410625597911
2025-09-11,2.21,2.2123,-0.0010396420015368335
2025-09-12,2.222,2.2109,0.005020579854357887
2025-09-15,2.229,2.2227,0.0028343906060197543
2025-09-16,2.238,2.2189,0.008607868763801818
2025-09-17,2.23,2.2161,0.006272280131762953
2025-09-18,2.241,2.2291,0.005338477412408782
2025-09-19,2.252,2.2413,0.004774015080533545
2025-09-22,2.269,2.2506,0.008175597618413022
2025-09-23,2.288,2.2364,0.02307279556429953
2025-09-24,2.28,2.2305,0.022192333557498056
2025-09-25,2.27,2.2206,0.022246239755021158
2025-09-26,2.265,2.2346,0.013604224469703885
2025-09-29,2.281,2.2384,0.01903145103645465
2025-09-30,2.284,2.2463,0.016783154520767285
2025-10-09,2.322,2.2637,0.025754296063966065
2025-10-10,2.329,2.2009,0.05820346222000117
2025-10-13,2.294,2.2339,0.02690362146917935
2025-10-14,2.263,2.2307,0.014479759716680807
2025-10-15,2.289,2.2393,0.022194435761175413
2025-10-16,2.285,2.2243,0.027289484332149616
2025-10-17,2.263,2.2355,0.012301498546186451
2025-10-20,2.321,2.2598,0.027082042658642447
2025-10-21,2.326,2.258,0.030115146147032812
2025-10-22,2.348,2.2464,0.045227920227920215
2025-10-23,2.352,2.2583,0.04149138732674995
2025-10-24,2.36,2.2766,0.03663357638583831
2025-10-27,2.415,2.3031,0.0485866875081411
2025-10-28,2.421,2.3076,0.049141965678627164
2025-10-29,2.468,2.3072,0.06969486823855764
2025-10-30,2.473,2.2848,0.08237044817927153
2025-10-31,2.454,2.2913,0.0710077248723433
2025-11-03,2.479,2.295,0.08017429193899783
2025-11-04,2.415,2.2686,0.06453319227717524
2025-11-05,2.388,2.2776,0.048472075869335995
2025-11-06,2.389,2.2507,0.06144754965121946
2025-11-07,2.384,2.2528,0.05823863636363624
2025-11-10,2.424,2.2884,0.05925537493445199
2025-11-11,2.43,2.2934,0.059562222028429535
2025-11-12,2.463,2.2939,0.07371725009808627
2025-11-13,2.488,2.257,0.10234824988923341
2025-11-14,2.448,2.2547,0.08573202643367184
2025-11-17,2.454,2.2337,0.09862559878228971
2025-11-18,2.399,2.2165,0.08233701782088887
2025-11-19,2.359,2.2255,0.059986519883172384
2025-11-20,2.413,2.1919,0.10087139011816215
2025-11-21,2.355,2.2129,0.06421437932125262
2025-11-24,2.39,2.2463,0.06397186484441075
2025-11-25,2.404,2.2662,0.06080663666048891
2025-11-26,2.447,2.2809,0.07282213161471351
2025-11-27,2.433,2.2803,0.06696487304302057
2025-11-28,2.463,2.2927,0.07427923409081005
2025-12-01,2.46,2.2803,0.07880542033942906
2025-12-02,2.46,2.2869,0.07569198478289385
2025-12-03,2.469,2.2926,0.07694320858414017
2025-12-04,2.461,2.2942,0.07270508238165796
2025-12-05,2.451,2.2993,0.06597660157439211
2025-12-08,2.444,2.2917,0.06645721516777936
2025-12-09,2.42,2.2899,0.056814708065854536
2025-12-10,2.443,2.3046,0.06005380543261296
2025-12-11,2.432,2.307,0.054182921543129536
2025-12-12,2.453,2.2807,0.0755469811899856
2025-12-15,2.447,2.2777,0.07432936734425089
2025-12-16,2.42,2.2706,0.06579758654100232
2025-12-17,2.435,2.2435,0.08535770002228671
2025-12-18,2.426,2.2616,0.07269189954014865
2025-12-19,2.451,2.2802,0.07490571002543644
2025-12-22,2.456,2.2952,0.07005925409550362
2025-12-23,2.447,2.304,0.06206597222222232
2025-12-24,2.455,2.3097,0.06290860284885502
2025-12-25,2.458,2.307,0.0654529692241006
2025-12-26,2.461,2.3055,0.06744740837128615
2025-12-29,2.447,2.2964,0.06558090924925963
2025-12-30,2.439,2.2938,0.06330107245618621
2025-12-31,2.432,2.275,0.06901098901098912
2026-01-05,2.468,2.2915,0.07702378354789441
2026-01-06,2.467,2.3039,0.0707930031685402
2026-01-07,2.465,2.2969,0.07318559797988589
2026-01-08,2.458,2.297,0.07009142359599485
2026-01-09,2.46,2.3093,0.0652578703503226
2026-01-12,2.458,2.312,0.06314878892733589
2026-01-13,2.46,2.3072,0.0662274618585299
2026-01-14,2.452,2.295,0.06840958605664493
2026-01-15,2.445,2.2989,0.06355213362912693
2026-01-16,2.455,2.2978,0.06841326486204191
2026-01-19,2.441,2.2968,0.0627830024381748
2026-01-20,2.432,2.248,0.08185053380782903
2026-01-21,2.427,2.2743,0.06714153805566547
2026-01-22,2.459,2.287,0.07520769567118513
2026-01-23,2.434,2.2849,0.0652544969145259
2026-01-26,2.412,2.2937,0.051576056153812555
2026-01-27,2.424,2.303,0.05254016500217107
2026-01-28,2.433,2.2994,0.058102113594850735
2026-01-29,2.425,2.2966,0.05590873465122348
2026-01-30,2.439,2.2836,0.06805044666316351
2026-02-02,2.364,2.2965,0.02939255388634865
2026-02-03,2.375,2.274,0.04441512752858401
2026-02-04,2.375,2.2605,0.050652510506525195
2026-02-05,2.368,2.2337,0.0601244571786721
2026-02-06,2.326,2.2783,0.02093666330158439
2026-02-09,2.383,2.2869,0.04202195111286011
2026-02-10,2.394,2.2774,0.051198735400017625
2026-02-11,2.395,2.2766,0.052007379425458966
2026-02-12,2.389,2.241,0.06604194556001763
2026-02-13,2.382,2.2404,0.06320299946438124
2026-02-24,2.385,2.2589,0.05582363097082643
2026-02-25,2.382,2.2748,0.047125021979954385
2026-02-26,2.384,2.2593,0.05519408666401082
2026-02-27,2.387,2.2491,0.0613134142545908
2026-03-02,2.358,2.2494,0.04827954121098954
2026-03-03,2.367,2.2237,0.06444214597292808
2026-03-04,2.338,2.2421,0.04277240087418033
2026-03-05,2.361,2.2259,0.060694550518891166
2026-03-06,2.35,2.1965,0.06988390621443208
2026-03-09,2.294,2.2193,0.033659261929437134
2026-03-10,2.311,2.2093,0.0460326800344002
2026-03-11,2.313,2.2054,0.048789335267978684
2026-03-12,2.318,2.1731,0.06667893792278323
2026-03-13,2.286,2.1615,0.057598889659958186
2026-03-16,2.279,2.1852,0.04292513271096454
2026-03-17,2.283,2.1879,0.04346633758398455
2026-03-18,2.284,2.1561,0.0593200686424562
2026-03-19,2.259,2.1525,0.049477351916376255
2026-03-20,2.244,2.1176,0.05969021533811869
2026-03-23,2.149,2.1469,0.0009781545484186527
2026-03-24,2.19,2.1352,0.025665043087298445
2026-03-25,2.213,2.1456,0.03141312453392997
2026-03-26,2.219,2.1132,0.050066250236608045
2026-03-27,2.209,2.0802,0.06191712335352362
2026-03-30,2.171,2.0751,0.0462146402583008
2026-03-31,2.164,2.1345,0.013820566877488893
2026-04-01,2.238,2.1441,0.043794599132503276
2026-04-02,2.206,2.1417,0.030022879021338156
2026-04-03,2.206,2.1432,0.029301978350130486
2026-04-07,2.207,2.152,0.02555762081784363
2026-04-08,2.29,2.2001,0.04086177901004495
2026-04-09,2.275,2.2128,0.028109182935647015
2026-04-10,2.294,2.2105,0.03777425921737154
2026-04-13,2.281,2.2332,0.021404262941071117
2026-04-14,2.313,2.2575,0.02458471760797365
2026-04-15,2.337,2.2756,0.026981894884865687
2026-04-16,2.365,2.2828,0.03600841072367289
2026-04-17,2.361,2.3108,0.021724078241301736
2026-04-20,2.36,2.3062,0.023328419044315263
2026-04-21,2.37,2.2903,0.034798934637383816
2026-04-22,2.373,2.3163,0.02447869446962847
2026-04-23,2.369,2.3074,0.02669671491722303
2026-04-24,2.366,2.3271,0.016716084396888764
2026-04-27,2.384,2.3268,0.024583118445934193
2026-04-28,2.407,2.3155,0.03951630317426047
2026-04-29,2.411,2.3153,0.0413337364488402
2026-04-30,2.419,2.3397,0.03389323417532153
2026-05-06,2.454,2.3882,0.02755213131228551
2026-05-07,2.482,2.3766,0.04434907010014322
2026-05-08,2.483,2.3975,0.035662148070907174
2026-05-11,2.492,2.4008,0.037987337554148626
2026-05-12,2.477,2.3954,0.03406529180930118
2026-05-13,2.488,2.4098,0.03245082579467162
2026-05-14,2.489,2.4274,0.02537694652714828
2026-05-15,2.48,2.3983,0.03406579660592923
2026-05-18,2.44,2.3968,0.018024032042723626
2026-05-19,2.44,2.3788,0.025727257440726348
2026-05-20,2.432,2.4054,0.011058451816745585
2026-05-21,2.452,2.408,0.0182724252491695
2026-05-22,2.485,2.4177,0.027836373412747584
2026-05-25,2.546,2.4157,0.053938816906072606
2026-05-26,2.529,2.4294,0.040997777228945376
2026-05-27,2.541,2.4301,0.0456359820583514
2026-05-28,2.524,2.4421,0.03353671020842719
2026-05-29,2.557,2.4452,0.04572223131032227
2026-06-01,2.625,2.4517,0.07068564669413058
2026-06-02,2.611,2.4557,0.06324062385470541
2026-06-03,2.602,2.4375,0.06748717948717942
2026-06-04,2.566,2.448,0.04820261437908502
2026-06-05,2.568,2.3815,0.07831198824270413
2026-06-08,2.515,2.39,0.05230125523012541
2026-06-09,2.552,2.3818,0.07145856075237211
2026-06-10,2.515,2.3428,0.07350179272665192
2026-06-11,2.498,2.384,0.04781879194630889
2026-06-12,2.515,2.3948,0.05019208284616683
2026-06-15,2.574,2.4343,0.05738816086760057
2026-06-16,2.586,2.4209,0.06819777768598456
2026-06-17,2.578,2.3904,0.07848058902275756
2026-06-18,2.564,2.4182,0.06029277975353575
2026-06-22,2.565,2.41,0.06431535269709543
2026-06-23,2.505,2.3757,0.05442606389695648
2026-06-24,2.523,2.3743,0.06262898538516626
2026-06-25,2.518,2.3744,0.06047843665768182
2026-06-26,2.482,2.3714,0.04663911613392946
2026-06-29,2.478,2.3999,0.032543022625942664
2026-06-30,2.483,2.4164,0.027561661976494012
2026-07-01,2.491,2.4096,0.03378154050464799
2026-07-02,2.483,2.4096,0.030461487383798058
2026-07-03,2.503,2.4081,0.039408662430962194
2026-07-06,2.511,2.4264,0.034866468842730036
2026-07-07,2.528,2.415,0.046790890269151175
2026-07-08,2.503,2.4093,0.038890964180467336
2026-07-09,2.515,2.4277,0.03595996210404917
2026-07-10,2.527,2.4364,0.03718601214907258
2026-07-13,2.522,2.4162,0.04378776591341782
2026-07-14,2.54,2.4262,0.04690462451570343
2026-07-15,2.564,2.4326,0.054016278878566304
2026-07-16,2.577,2.4202,0.06478803404677302
2026-07-17,2.503,2.3965,0.04443980805341119
2026-07-20,2.498,2.3922,0.04422707131510761
2026-07-21,2.526,2.4124,0.047090034820096216
2026-07-22,2.523,2.4095,0.04710520854949163
2026-07-23,2.524,2.3781,0.06135149909591697
2026-07-24,2.506,2.3802,0.05285270145365928
2026-07-27,2.52,2.3792,0.059179556153328816
2026-07-28,2.484,2.3848,0.04159677960415986
2026-07-29,2.511,2.3477,0.0695574391958087
2026-07-30,2.479,2.3477,0.055927077565276706
