{
  "meta": {
    "task": "T44 Phase 5a",
    "direction": "A (Full-Offensive Softmax)",
    "configs": [
      {
        "label": "A2  T=0.3",
        "config": "config/phase5/p5a_D5_full_t03.yaml",
        "temperature": 0.3
      },
      {
        "label": "A3  T=0.5",
        "config": "config/phase5/p5a_D5_full_t05.yaml",
        "temperature": 0.5
      },
      {
        "label": "A4  T=1.0",
        "config": "config/phase5/p5a_D5_full_t10.yaml",
        "temperature": 1.0
      },
      {
        "label": "A5  T=2.0",
        "config": "config/phase5/p5a_D5_full_t20.yaml",
        "temperature": 2.0
      }
    ],
    "baseline": "config/strategy_v2_3_cap040_D4_tuned_regime_3state.yaml",
    "baseline_metrics": {
      "annual_return": 0.14871956059232594,
      "max_drawdown": 0.0783963013132379,
      "sharpe_ratio": 1.190662621735099,
      "calmar_ratio": 1.8970226668998904
    }
  },
  "full_period": {
    "A2  T=0.3": {
      "annual_return": 0.10327110163707154,
      "max_drawdown": 0.18731192064878577,
      "sharpe_ratio": 0.7501220822105324,
      "calmar_ratio": 0.5513322445222655,
      "annual_volatility": 0.10518730154083948,
      "win_rate": 0.5793528505392912,
      "defensive_weeks": 314,
      "total_weeks": 649
    },
    "A3  T=0.5": {
      "annual_return": 0.10301348582376679,
      "max_drawdown": 0.18751062831042198,
      "sharpe_ratio": 0.7438007041820187,
      "calmar_ratio": 0.5493741168272819,
      "annual_volatility": 0.10586305132345179,
      "win_rate": 0.5793528505392912,
      "defensive_weeks": 314,
      "total_weeks": 649
    },
    "A4  T=1.0": {
      "annual_return": 0.10285434443888208,
      "max_drawdown": 0.1876583504869493,
      "sharpe_ratio": 0.7409761854433957,
      "calmar_ratio": 0.5480936189196393,
      "annual_volatility": 0.10610648800104715,
      "win_rate": 0.5778120184899846,
      "defensive_weeks": 314,
      "total_weeks": 649
    },
    "A5  T=2.0": {
      "annual_return": 0.10277220340536886,
      "max_drawdown": 0.18773178824026077,
      "sharpe_ratio": 0.7395334820536368,
      "calmar_ratio": 0.5474416686099005,
      "annual_volatility": 0.10623047143976365,
      "win_rate": 0.5778120184899846,
      "defensive_weeks": 314,
      "total_weeks": 649
    }
  },
  "walk_forward": {
    "A2  T=0.3": [
      {
        "window": 0,
        "period": "2016-05\u21922017-05",
        "sharpe": 1.5457513483553988,
        "ann_ret": 0.12429628308472496,
        "max_dd": 0.029303492056729257,
        "ann_vol": 0.06086623069975694
      },
      {
        "window": 1,
        "period": "2017-05\u21922018-05",
        "sharpe": 0.08496392725326932,
        "ann_ret": 0.028959924216865662,
        "max_dd": 0.07281747491937353,
        "ann_vol": 0.10390826283578786
      },
      {
        "window": 2,
        "period": "2018-05\u21922019-05",
        "sharpe": 0.7956946090291035,
        "ann_ret": 0.10924302265136343,
        "max_dd": 0.03572279911187776,
        "ann_vol": 0.10582613505633745
      },
      {
        "window": 3,
        "period": "2019-05\u21922020-05",
        "sharpe": 0.9761615738054868,
        "ann_ret": 0.1472631909996982,
        "max_dd": 0.07022487633645463,
        "ann_vol": 0.12275306031899559
      },
      {
        "window": 4,
        "period": "2020-05\u21922021-05",
        "sharpe": -0.01865476204190742,
        "ann_ret": 0.020696674838452944,
        "max_dd": 0.06463192018235128,
        "ann_vol": 0.07916926443319489
      },
      {
        "window": 5,
        "period": "2021-05\u21922022-05",
        "sharpe": -0.6744243897373657,
        "ann_ret": -0.03976815920964971,
        "max_dd": 0.05710266719060975,
        "ann_vol": 0.09122568339295783
      },
      {
        "window": 6,
        "period": "2022-05\u21922023-05",
        "sharpe": 1.863257704533213,
        "ann_ret": 0.17763743604735338,
        "max_dd": 0.028243090762260913,
        "ann_vol": 0.07597230811776551
      },
      {
        "window": 7,
        "period": "2023-05\u21922024-05",
        "sharpe": 2.349938495547008,
        "ann_ret": 0.19306827641919044,
        "max_dd": 0.018923701466738115,
        "ann_vol": 0.06549148912864798
      },
      {
        "window": 8,
        "period": "2024-05\u21922025-05",
        "sharpe": 1.134585807918121,
        "ann_ret": 0.13221880387002694,
        "max_dd": 0.036137160015113606,
        "ann_vol": 0.09108867763874696
      }
    ],
    "A3  T=0.5": [
      {
        "window": 0,
        "period": "2016-05\u21922017-05",
        "sharpe": 1.5225460078921733,
        "ann_ret": 0.1220401019273809,
        "max_dd": 0.02942774311229692,
        "ann_vol": 0.060455877505458076
      },
      {
        "window": 1,
        "period": "2017-05\u21922018-05",
        "sharpe": 0.08759173095098438,
        "ann_ret": 0.02924236709270378,
        "max_dd": 0.07263992281767051,
        "ann_vol": 0.10379900086728183
      },
      {
        "window": 2,
        "period": "2018-05\u21922019-05",
        "sharpe": 0.8061406332384415,
        "ann_ret": 0.11278638700625176,
        "max_dd": 0.035635706605914926,
        "ann_vol": 0.10880205066111819
      },
      {
        "window": 3,
        "period": "2019-05\u21922020-05",
        "sharpe": 0.9777061980578563,
        "ann_ret": 0.1475638633107137,
        "max_dd": 0.07016628840162703,
        "ann_vol": 0.12283827799123909
      },
      {
        "window": 4,
        "period": "2020-05\u21922021-05",
        "sharpe": -0.01686189958552257,
        "ann_ret": 0.0208572562834477,
        "max_dd": 0.0644091803852955,
        "ann_vol": 0.07900523379328159
      },
      {
        "window": 5,
        "period": "2021-05\u21922022-05",
        "sharpe": -0.6986222499802093,
        "ann_ret": -0.04246395873575981,
        "max_dd": 0.05857462981562858,
        "ann_vol": 0.09198966794309117
      },
      {
        "window": 6,
        "period": "2022-05\u21922023-05",
        "sharpe": 1.8308096733571235,
        "ann_ret": 0.17623157902167952,
        "max_dd": 0.028466515827581803,
        "ann_vol": 0.07669361603354931
      },
      {
        "window": 7,
        "period": "2023-05\u21922024-05",
        "sharpe": 2.320817513814771,
        "ann_ret": 0.1919445279223988,
        "max_dd": 0.019380271906264995,
        "ann_vol": 0.06591754793313977
      },
      {
        "window": 8,
        "period": "2024-05\u21922025-05",
        "sharpe": 1.0712717245351584,
        "ann_ret": 0.12631901980696303,
        "max_dd": 0.036234087149245406,
        "ann_vol": 0.09162894002597795
      }
    ],
    "A4  T=1.0": [
      {
        "window": 0,
        "period": "2016-05\u21922017-05",
        "sharpe": 1.50448295621828,
        "ann_ret": 0.12035204438695857,
        "max_dd": 0.029517647564508993,
        "ann_vol": 0.06016767472963348
      },
      {
        "window": 1,
        "period": "2017-05\u21922018-05",
        "sharpe": 0.0895743222656387,
        "ann_ret": 0.029455105039912555,
        "max_dd": 0.07250633139994112,
        "ann_vol": 0.10371713725867689
      },
      {
        "window": 2,
        "period": "2018-05\u21922019-05",
        "sharpe": 0.8133955380815372,
        "ann_ret": 0.11543373458088091,
        "max_dd": 0.03557302056489824,
        "ann_vol": 0.11105297050274823
      },
      {
        "window": 3,
        "period": "2019-05\u21922020-05",
        "sharpe": 0.9791148032465407,
        "ann_ret": 0.14782646637185226,
        "max_dd": 0.07011086395849725,
        "ann_vol": 0.12290388539455675
      },
      {
        "window": 4,
        "period": "2020-05\u21922021-05",
        "sharpe": -0.015456780157835717,
        "ann_ret": 0.02098121434095135,
        "max_dd": 0.06423770576726993,
        "ann_vol": 0.07889239876601781
      },
      {
        "window": 5,
        "period": "2021-05\u21922022-05",
        "sharpe": -0.7165811403872234,
        "ann_ret": -0.04449605499372378,